Time,LIVINGZONE:CHICAGO MIDWAY AP ANN HTG 99.6% CONDNS DB:Des Heat Load [W],LIVINGZONE:CHICAGO MIDWAY AP ANN CLG .4% CONDNS DB=>MWB:Des Sens Cool Load [W],LIVINGZONE:CHICAGO MIDWAY AP ANN HTG 99.6% CONDNS DB:Des Heat Mass Flow [kg/s],LIVINGZONE:CHICAGO MIDWAY AP ANN CLG .4% CONDNS DB=>MWB:Des Cool Mass Flow [kg/s],LIVINGZONE::Des Latent Heat Load [W],LIVINGZONE::Des Latent Cool Load [W],LIVINGZONE::Des Latent Heat Mass Flow [kg/s],LIVINGZONE::Des Latent Cool Mass Flow [kg/s],LIVINGZONE::Des Heat Load No DOAS [W],LIVINGZONE::Des Sens Cool Load No DOAS [W],LIVINGZONE::Des Latent Heat Load No DOAS [W],LIVINGZONE::Des Latent Cool Load No DOAS [W],LIVINGZONE:CHICAGO MIDWAY AP ANN HTG 99.6% CONDNS DB:Heating Zone Temperature [C],LIVINGZONE:CHICAGO MIDWAY AP ANN HTG 99.6% CONDNS DB:Heating Zone Relative Humidity [%],LIVINGZONE:CHICAGO MIDWAY AP ANN CLG .4% CONDNS DB=>MWB:Cooling Zone Temperature [C],LIVINGZONE:CHICAGO MIDWAY AP ANN CLG .4% CONDNS DB=>MWB:Cooling Zone Relative Humidity [%]
00:01:00,8.012670E+03,1.000786E+03,5.579059E-01,8.838284E-02,0.000000E+00,0.000000E+00,0.000000E+00,0.000000E+00,0.000000E+00,0.000000E+00,0.000000E+00,0.000000E+00,2.110805E+01,7.994771E+01,2.388830E+01,6.343320E+01
00:02:00,8.012670E+03,9.985062E+02,5.579059E-01,8.818149E-02,0.000000E+00,0.000000E+00,0.000000E+00,0.000000E+00,0.000000E+00,0.000000E+00,0.000000E+00,0.000000E+00,2.110805E+01,7.994771E+01,2.388830E+01,6.345551E+01
00:03:00,8.012670E+03,9.962326E+02,5.579059E-01,8.798069E-02,0.000000E+00,0.000000E+00,0.000000E+00,0.000000E+00,0.000000E+00,0.000000E+00,0.000000E+00,0.000000E+00,2.110805E+01,7.994771E+01,2.388830E+01,6.347778E+01
00:04:00,8.012670E+03,9.939652E+02,5.579059E-01,8.778044E-02,0.000000E+00,0.000000E+00,0.000000E+00,0.000000E+00,0.000000E+00,0.000000E+00,0.000000E+00,0.000000E+00,2.110805E+01,7.994771E+01,2.388830E+01,6.350001E+01
00:05:00,8.012670E+03,9.917040E+02,5.579059E-01,8.758074E-02,0.000000E+00,0.000000E+00,0.000000E+00,0.000000E+00,0.000000E+00,0.000000E+00,0.000000E+00,0.000000E+00,2.110805E+01,7.994771E+01,2.388830E+01,6.352220E+01
00:06:00,8.012670E+03,9.894490E+02,5.579059E-01,8.738159E-02,0.000000E+00,0.000000E+00,0.000000E+00,0.000000E+00,0.000000E+00,0.000000E+00,0.000000E+00,0.000000E+00,2.110805E+01,7.994771E+01,2.388830E+01,6.354434E+01
00:07:00,8.012670E+03,9.872003E+02,5.579059E-01,8.718299E-02,0.000000E+00,0.000000E+00,0.000000E+00,0.000000E+00,0.000000E+00,0.000000E+00,0.000000E+00,0.000000E+00,2.110805E+01,7.994771E+01,2.388830E+01,6.356645E+01
00:08:00,8.012670E+03,9.849577E+02,5.579059E-01,8.698493E-02,0.000000E+00,0.000000E+00,0.000000E+00,0.000000E+00,0.000000E+00,0.000000E+00,0.000000E+00,0.000000E+00,2.110805E+01,7.994771E+01,2.388830E+01,6.358853E+01
00:09:00,8.012670E+03,9.827213E+02,5.579059E-01,8.678743E-02,0.000000E+00,0.000000E+00,0.000000E+00,0.000000E+00,0.000000E+00,0.000000E+00,0.000000E+00,0.000000E+00,2.110805E+01,7.994771E+01,2.388831E+01,6.361057E+01
00:10:00,8.012669E+03,9.804912E+02,5.579059E-01,8.659047E-02,0.000000E+00,0.000000E+00,0.000000E+00,0.000000E+00,0.000000E+00,0.000000E+00,0.000000E+00,0.000000E+00,2.110805E+01,7.994771E+01,2.388831E+01,6.363258E+01
00:11:00,8.012669E+03,9.782671E+02,5.579059E-01,8.639405E-02,0.000000E+00,0.000000E+00,0.000000E+00,0.000000E+00,0.000000E+00,0.000000E+00,0.000000E+00,0.000000E+00,2.110805E+01,7.994771E+01,2.388831E+01,6.365456E+01
00:12:00,8.012669E+03,9.760493E+02,5.579059E-01,8.619818E-02,0.000000E+00,0.000000E+00,0.000000E+00,0.000000E+00,0.000000E+00,0.000000E+00,0.000000E+00,0.000000E+00,2.110805E+01,7.994771E+01,2.388831E+01,6.367651E+01
00:13:00,8.012669E+03,9.738376E+02,5.579059E-01,8.600285E-02,0.000000E+00,0.000000E+00,0.000000E+00,0.000000E+00,0.000000E+00,0.000000E+00,0.000000E+00,0.000000E+00,2.110805E+01,7.994771E+01,2.388831E+01,6.369842E+01
00:14:00,8.012669E+03,9.716320E+02,5.579059E-01,8.580806E-02,0.000000E+00,0.000000E+00,0.000000E+00,0.000000E+00,0.000000E+00,0.000000E+00,0.000000E+00,0.000000E+00,2.110805E+01,7.994771E+01,2.388831E+01,6.372031E+01
00:15:00,8.012669E+03,9.694325E+02,5.579059E-01,8.561381E-02,0.000000E+00,0.000000E+00,0.000000E+00,0.000000E+00,0.000000E+00,0.000000E+00,0.000000E+00,0.000000E+00,2.110805E+01,7.994771E+01,2.388831E+01,6.374217E+01
00:16:00,8.012669E+03,9.672392E+02,5.579059E-01,8.542011E-02,0.000000E+00,0.000000E+00,0.000000E+00,0.000000E+00,0.000000E+00,0.000000E+00,0.000000E+00,0.000000E+00,2.110805E+01,7.994771E+01,2.388831E+01,6.376401E+01
00:17:00,8.012669E+03,9.650519E+02,5.579059E-01,8.522694E-02,0.000000E+00,0.000000E+00,0.000000E+00,0.000000E+00,0.000000E+00,0.000000E+00,0.000000E+00,0.000000E+00,2.110805E+01,7.994771E+01,2.388831E+01,6.378582E+01
00:18:00,8.012669E+03,9.628708E+02,5.579059E-01,8.503431E-02,0.000000E+00,0.000000E+00,0.000000E+00,0.000000E+00,0.000000E+00,0.000000E+00,0.000000E+00,0.000000E+00,2.110805E+01,7.994771E+01,2.388831E+01,6.380760E+01
00:19:00,8.012669E+03,9.606957E+02,5.579059E-01,8.484221E-02,0.000000E+00,0.000000E+00,0.000000E+00,0.000000E+00,0.000000E+00,0.000000E+00,0.000000E+00,0.000000E+00,2.110805E+01,7.994771E+01,2.388831E+01,6.382937E+01
00:20:00,8.012669E+03,9.585267E+02,5.579059E-01,8.465065E-02,0.000000E+00,0.000000E+00,0.000000E+00,0.000000E+00,0.000000E+00,0.000000E+00,0.000000E+00,0.000000E+00,2.110805E+01,7.994771E+01,2.388831E+01,6.385110E+01
00:21:00,8.012669E+03,9.563637E+02,5.579059E-01,8.445963E-02,0.000000E+00,0.000000E+00,0.000000E+00,0.000000E+00,0.000000E+00,0.000000E+00,0.000000E+00,0.000000E+00,2.110805E+01,7.994771E+01,2.388831E+01,6.387282E+01
00:22:00,8.012669E+03,9.542068E+02,5.579059E-01,8.426914E-02,0.000000E+00,0.000000E+00,0.000000E+00,0.000000E+00,0.000000E+00,0.000000E+00,0.000000E+00,0.000000E+00,2.110805E+01,7.994771E+01,2.388831E+01,6.389452E+01
00:23:00,8.012669E+03,9.520559E+02,5.579058E-01,8.407918E-02,0.000000E+00,0.000000E+00,0.000000E+00,0.000000E+00,0.000000E+00,0.000000E+00,0.000000E+00,0.000000E+00,2.110805E+01,7.994771E+01,2.388831E+01,6.391620E+01
00:24:00,8.012669E+03,9.499110E+02,5.579058E-01,8.388976E-02,0.000000E+00,0.000000E+00,0.000000E+00,0.000000E+00,0.000000E+00,0.000000E+00,0.000000E+00,0.000000E+00,2.110805E+01,7.994771E+01,2.388832E+01,6.393785E+01
00:25:00,8.012669E+03,9.477722E+02,5.579058E-01,8.370086E-02,0.000000E+00,0.000000E+00,0.000000E+00,0.000000E+00,0.000000E+00,0.000000E+00,0.000000E+00,0.000000E+00,2.110805E+01,7.994771E+01,2.388832E+01,6.395949E+01
00:26:00,8.012669E+03,9.456393E+02,5.579058E-01,8.351250E-02,0.000000E+00,0.000000E+00,0.000000E+00,0.000000E+00,0.000000E+00,0.000000E+00,0.000000E+00,0.000000E+00,2.110805E+01,7.994771E+01,2.388832E+01,6.398112E+01
00:27:00,8.012669E+03,9.435125E+02,5.579058E-01,8.332466E-02,0.000000E+00,0.000000E+00,0.000000E+00,0.000000E+00,0.000000E+00,0.000000E+00,0.000000E+00,0.000000E+00,2.110805E+01,7.994771E+01,2.388832E+01,6.400272E+01
00:28:00,8.012669E+03,9.413916E+02,5.579058E-01,8.313735E-02,0.000000E+00,0.000000E+00,0.000000E+00,0.000000E+00,0.000000E+00,0.000000E+00,0.000000E+00,0.000000E+00,2.110805E+01,7.994771E+01,2.388832E+01,6.402431E+01
00:29:00,8.012669E+03,9.392767E+02,5.579058E-01,8.295057E-02,0.000000E+00,0.000000E+00,0.000000E+00,0.000000E+00,0.000000E+00,0.000000E+00,0.000000E+00,0.000000E+00,2.110805E+01,7.994771E+01,2.388832E+01,6.404588E+01
00:30:00,8.012669E+03,9.371677E+02,5.579058E-01,8.276431E-02,0.000000E+00,0.000000E+00,0.000000E+00,0.000000E+00,0.000000E+00,0.000000E+00,0.000000E+00,0.000000E+00,2.110805E+01,7.994771E+01,2.388832E+01,6.406744E+01
00:31:00,8.012669E+03,9.350647E+02,5.579058E-01,8.257858E-02,0.000000E+00,0.000000E+00,0.000000E+00,0.000000E+00,0.000000E+00,0.000000E+00,0.000000E+00,0.000000E+00,2.110805E+01,7.994771E+01,2.388832E+01,6.408898E+01
00:32:00,8.012668E+03,9.329676E+02,5.579058E-01,8.239338E-02,0.000000E+00,0.000000E+00,0.000000E+00,0.000000E+00,0.000000E+00,0.000000E+00,0.000000E+00,0.000000E+00,2.110805E+01,7.994771E+01,2.388832E+01,6.411051E+01
00:33:00,8.012668E+03,9.308764E+02,5.579058E-01,8.220869E-02,0.000000E+00,0.000000E+00,0.000000E+00,0.000000E+00,0.000000E+00,0.000000E+00,0.000000E+00,0.000000E+00,2.110805E+01,7.994771E+01,2.388832E+01,6.413203E+01
00:34:00,8.012668E+03,9.287911E+02,5.579058E-01,8.202453E-02,0.000000E+00,0.000000E+00,0.000000E+00,0.000000E+00,0.000000E+00,0.000000E+00,0.000000E+00,0.000000E+00,2.110805E+01,7.994771E+01,2.388832E+01,6.415354E+01
00:35:00,8.012668E+03,9.267118E+02,5.579058E-01,8.184089E-02,0.000000E+00,0.000000E+00,0.000000E+00,0.000000E+00,0.000000E+00,0.000000E+00,0.000000E+00,0.000000E+00,2.110805E+01,7.994771E+01,2.388832E+01,6.417503E+01
00:36:00,8.012668E+03,9.246383E+02,5.579058E-01,8.165777E-02,0.000000E+00,0.000000E+00,0.000000E+00,0.000000E+00,0.000000E+00,0.000000E+00,0.000000E+00,0.000000E+00,2.110805E+01,7.994771E+01,2.388832E+01,6.419651E+01
00:37:00,8.012668E+03,9.225707E+02,5.579058E-01,8.147517E-02,0.000000E+00,0.000000E+00,0.000000E+00,0.000000E+00,0.000000E+00,0.000000E+00,0.000000E+00,0.000000E+00,2.110805E+01,7.994771E+01,2.388832E+01,6.421798E+01
00:38:00,8.012668E+03,9.205090E+02,5.579058E-01,8.129309E-02,0.000000E+00,0.000000E+00,0.000000E+00,0.000000E+00,0.000000E+00,0.000000E+00,0.000000E+00,0.000000E+00,2.110805E+01,7.994771E+01,2.388833E+01,6.423944E+01
00:39:00,8.012668E+03,9.184531E+02,5.579058E-01,8.111152E-02,0.000000E+00,0.000000E+00,0.000000E+00,0.000000E+00,0.000000E+00,0.000000E+00,0.000000E+00,0.000000E+00,2.110805E+01,7.994771E+01,2.388833E+01,6.426090E+01
00:40:00,8.012668E+03,9.164031E+02,5.579058E-01,8.093048E-02,0.000000E+00,0.000000E+00,0.000000E+00,0.000000E+00,0.000000E+00,0.000000E+00,0.000000E+00,0.000000E+00,2.110805E+01,7.994771E+01,2.388833E+01,6.428234E+01
00:41:00,8.012668E+03,9.143589E+02,5.579058E-01,8.074994E-02,0.000000E+00,0.000000E+00,0.000000E+00,0.000000E+00,0.000000E+00,0.000000E+00,0.000000E+00,0.000000E+00,2.110805E+01,7.994771E+01,2.388833E+01,6.430377E+01
00:42:00,8.012668E+03,9.123206E+02,5.579058E-01,8.056992E-02,0.000000E+00,0.000000E+00,0.000000E+00,0.000000E+00,0.000000E+00,0.000000E+00,0.000000E+00,0.000000E+00,2.110805E+01,7.994771E+01,2.388833E+01,6.432520E+01
00:43:00,8.012668E+03,9.102880E+02,5.579058E-01,8.039042E-02,0.000000E+00,0.000000E+00,0.000000E+00,0.000000E+00,0.000000E+00,0.000000E+00,0.000000E+00,0.000000E+00,2.110805E+01,7.994771E+01,2.388833E+01,6.434662E+01
00:44:00,8.012668E+03,9.082613E+02,5.579058E-01,8.021143E-02,0.000000E+00,0.000000E+00,0.000000E+00,0.000000E+00,0.000000E+00,0.000000E+00,0.000000E+00,0.000000E+00,2.110805E+01,7.994771E+01,2.388833E+01,6.436803E+01
00:45:00,8.012668E+03,9.062404E+02,5.579058E-01,8.003295E-02,0.000000E+00,0.000000E+00,0.000000E+00,0.000000E+00,0.000000E+00,0.000000E+00,0.000000E+00,0.000000E+00,2.110805E+01,7.994771E+01,2.388833E+01,6.438943E+01
00:46:00,8.012668E+03,9.042252E+02,5.579058E-01,7.985498E-02,0.000000E+00,0.000000E+00,0.000000E+00,0.000000E+00,0.000000E+00,0.000000E+00,0.000000E+00,0.000000E+00,2.110805E+01,7.994771E+01,2.388833E+01,6.441083E+01
00:47:00,8.012668E+03,9.022158E+02,5.579058E-01,7.967752E-02,0.000000E+00,0.000000E+00,0.000000E+00,0.000000E+00,0.000000E+00,0.000000E+00,0.000000E+00,0.000000E+00,2.110805E+01,7.994771E+01,2.388833E+01,6.443222E+01
00:48:00,8.012668E+03,9.002122E+02,5.579058E-01,7.950056E-02,0.000000E+00,0.000000E+00,0.000000E+00,0.000000E+00,0.000000E+00,0.000000E+00,0.000000E+00,0.000000E+00,2.110805E+01,7.994771E+01,2.388833E+01,6.445361E+01
00:49:00,8.012668E+03,8.982144E+02,5.579058E-01,7.932412E-02,0.000000E+00,0.000000E+00,0.000000E+00,0.000000E+00,0.000000E+00,0.000000E+00,0.000000E+00,0.000000E+00,2.110805E+01,7.994771E+01,2.388833E+01,6.447499E+01
00:50:00,8.012668E+03,8.962222E+02,5.579058E-01,7.914819E-02,0.000000E+00,0.000000E+00,0.000000E+00,0.000000E+00,0.000000E+00,0.000000E+00,0.000000E+00,0.000000E+00,2.110805E+01,7.994771E+01,2.388833E+01,6.449637E+01
00:51:00,8.012668E+03,8.942358E+02,5.579058E-01,7.897276E-02,0.000000E+00,0.000000E+00,0.000000E+00,0.000000E+00,0.000000E+00,0.000000E+00,0.000000E+00,0.000000E+00,2.110805E+01,7.994771E+01,2.388833E+01,6.451774E+01
00:52:00,8.012668E+03,8.922552E+02,5.579058E-01,7.879783E-02,0.000000E+00,0.000000E+00,0.000000E+00,0.000000E+00,0.000000E+00,0.000000E+00,0.000000E+00,0.000000E+00,2.110805E+01,7.994771E+01,2.388834E+01,6.453910E+01
00:53:00,8.012668E+03,8.902802E+02,5.579058E-01,7.862341E-02,0.000000E+00,0.000000E+00,0.000000E+00,0.000000E+00,0.000000E+00,0.000000E+00,0.000000E+00,0.000000E+00,2.110805E+01,7.994771E+01,2.388834E+01,6.456047E+01
00:54:00,8.012668E+03,8.883110E+02,5.579058E-01,7.844950E-02,0.000000E+00,0.000000E+00,0.000000E+00,0.000000E+00,0.000000E+00,0.000000E+00,0.000000E+00,0.000000E+00,2.110805E+01,7.994771E+01,2.388834E+01,6.458183E+01
00:55:00,8.012667E+03,8.863474E+02,5.579058E-01,7.827609E-02,0.000000E+00,0.000000E+00,0.000000E+00,0.000000E+00,0.000000E+00,0.000000E+00,0.000000E+00,0.000000E+00,2.110805E+01,7.994771E+01,2.388834E+01,6.460319E+01
00:56:00,8.012667E+03,8.843896E+02,5.579057E-01,7.810318E-02,0.000000E+00,0.000000E+00,0.000000E+00,0.000000E+00,0.000000E+00,0.000000E+00,0.000000E+00,0.000000E+00,2.110805E+01,7.994771E+01,2.388834E+01,6.462454E+01
00:57:00,8.012667E+03,8.824374E+02,5.579057E-01,7.793077E-02,0.000000E+00,0.000000E+00,0.000000E+00,0.000000E+00,0.000000E+00,0.000000E+00,0.000000E+00,0.000000E+00,2.110805E+01,7.994771E+01,2.388834E+01,6.464589E+01
00:58:00,8.012667E+03,8.804909E+02,5.579057E-01,7.775886E-02,0.000000E+00,0.000000E+00,0.000000E+00,0.000000E+00,0.000000E+00,0.000000E+00,0.000000E+00,0.000000E+00,2.110805E+01,7.994771E+01,2.388834E+01,6.466724E+01
00:59:00,8.012667E+03,8.785500E+02,5.579057E-01,7.758745E-02,0.000000E+00,0.000000E+00,0.000000E+00,0.000000E+00,0.000000E+00,0.000000E+00,0.000000E+00,0.000000E+00,2.110805E+01,7.994771E+01,2.388834E+01,6.468859E+01
01:00:00,8.012667E+03,8.766148E+02,5.579057E-01,7.741654E-02,0.000000E+00,0.000000E+00,0.000000E+00,0.000000E+00,0.000000E+00,0.000000E+00,0.000000E+00,0.000000E+00,2.110805E+01,7.994771E+01,2.388834E+01,6.470994E+01
01:01:00,8.012667E+03,8.746883E+02,5.579057E-01,7.724640E-02,0.000000E+00,0.000000E+00,0.000000E+00,0.000000E+00,0.000000E+00,0.000000E+00,0.000000E+00,0.000000E+00,2.110805E+01,7.994771E+01,2.388834E+01,6.473128E+01
01:02:00,8.012667E+03,8.727702E+02,5.579057E-01,7.707700E-02,0.000000E+00,0.000000E+00,0.000000E+00,0.000000E+00,0.000000E+00,0.000000E+00,0.000000E+00,0.000000E+00,2.110805E+01,7.994771E+01,2.388834E+01,6.475257E+01
01:03:00,8.012667E+03,8.708606E+02,5.579057E-01,7.690836E-02,0.000000E+00,0.000000E+00,0.000000E+00,0.000000E+00,0.000000E+00,0.000000E+00,0.000000E+00,0.000000E+00,2.110805E+01,7.994771E+01,2.388834E+01,6.477375E+01
01:04:00,8.012667E+03,8.689595E+02,5.579057E-01,7.674046E-02,0.000000E+00,0.000000E+00,0.000000E+00,0.000000E+00,0.000000E+00,0.000000E+00,0.000000E+00,0.000000E+00,2.110805E+01,7.994771E+01,2.388834E+01,6.479483E+01
01:05:00,8.012667E+03,8.670667E+02,5.579057E-01,7.657330E-02,0.000000E+00,0.000000E+00,0.000000E+00,0.000000E+00,0.000000E+00,0.000000E+00,0.000000E+00,0.000000E+00,2.110805E+01,7.994771E+01,2.388834E+01,6.481580E+01
01:06:00,8.012667E+03,8.651825E+02,5.579057E-01,7.640689E-02,0.000000E+00,0.000000E+00,0.000000E+00,0.000000E+00,0.000000E+00,0.000000E+00,0.000000E+00,0.000000E+00,2.110805E+01,7.994771E+01,2.388834E+01,6.483667E+01
01:07:00,8.012667E+03,8.633066E+02,5.579057E-01,7.624122E-02,0.000000E+00,0.000000E+00,0.000000E+00,0.000000E+00,0.000000E+00,0.000000E+00,0.000000E+00,0.000000E+00,2.110805E+01,7.994771E+01,2.388835E+01,6.485743E+01
01:08:00,8.012667E+03,8.614392E+02,5.579057E-01,7.607630E-02,0.000000E+00,0.000000E+00,0.000000E+00,0.000000E+00,0.000000E+00,0.000000E+00,0.000000E+00,0.000000E+00,2.110805E+01,7.994771E+01,2.388835E+01,6.487811E+01
01:09:00,8.012667E+03,8.595801E+02,5.579057E-01,7.591211E-02,0.000000E+00,0.000000E+00,0.000000E+00,0.000000E+00,0.000000E+00,0.000000E+00,0.000000E+00,0.000000E+00,2.110805E+01,7.994771E+01,2.388835E+01,6.489869E+01
01:10:00,8.012667E+03,8.577295E+02,5.579057E-01,7.574867E-02,0.000000E+00,0.000000E+00,0.000000E+00,0.000000E+00,0.000000E+00,0.000000E+00,0.000000E+00,0.000000E+00,2.110805E+01,7.994771E+01,2.388835E+01,6.491917E+01
01:11:00,8.012667E+03,8.558872E+02,5.579057E-01,7.558597E-02,0.000000E+00,0.000000E+00,0.000000E+00,0.000000E+00,0.000000E+00,0.000000E+00,0.000000E+00,0.000000E+00,2.110805E+01,7.994771E+01,2.388835E+01,6.493958E+01
01:12:00,8.012667E+03,8.540533E+02,5.579057E-01,7.542401E-02,0.000000E+00,0.000000E+00,0.000000E+00,0.000000E+00,0.000000E+00,0.000000E+00,0.000000E+00,0.000000E+00,2.110805E+01,7.994771E+01,2.388835E+01,6.495989E+01
01:13:00,8.012667E+03,8.522278E+02,5.579057E-01,7.526279E-02,0.000000E+00,0.000000E+00,0.000000E+00,0.000000E+00,0.000000E+00,0.000000E+00,0.000000E+00,0.000000E+00,2.110805E+01,7.994771E+01,2.388835E+01,6.498013E+01
01:14:00,8.012667E+03,8.504107E+02,5.579057E-01,7.510231E-02,0.000000E+00,0.000000E+00,0.000000E+00,0.000000E+00,0.000000E+00,0.000000E+00,0.000000E+00,0.000000E+00,2.110805E+01,7.994771E+01,2.388835E+01,6.500028E+01
01:15:00,8.012667E+03,8.486019E+02,5.579057E-01,7.494257E-02,0.000000E+00,0.000000E+00,0.000000E+00,0.000000E+00,0.000000E+00,0.000000E+00,0.000000E+00,0.000000E+00,2.110805E+01,7.994771E+01,2.388835E+01,6.502036E+01
01:16:00,8.012667E+03,8.468014E+02,5.579057E-01,7.478356E-02,0.000000E+00,0.000000E+00,0.000000E+00,0.000000E+00,0.000000E+00,0.000000E+00,0.000000E+00,0.000000E+00,2.110805E+01,7.994771E+01,2.388835E+01,6.504036E+01
01:17:00,8.012667E+03,8.450093E+02,5.579057E-01,7.462529E-02,0.000000E+00,0.000000E+00,0.000000E+00,0.000000E+00,0.000000E+00,0.000000E+00,0.000000E+00,0.000000E+00,2.110805E+01,7.994771E+01,2.388835E+01,6.506028E+01
01:18:00,8.012667E+03,8.432256E+02,5.579057E-01,7.446776E-02,0.000000E+00,0.000000E+00,0.000000E+00,0.000000E+00,0.000000E+00,0.000000E+00,0.000000E+00,0.000000E+00,2.110805E+01,7.994771E+01,2.388835E+01,6.508013E+01
01:19:00,8.012667E+03,8.414501E+02,5.579057E-01,7.431096E-02,0.000000E+00,0.000000E+00,0.000000E+00,0.000000E+00,0.000000E+00,0.000000E+00,0.000000E+00,0.000000E+00,2.110805E+01,7.994771E+01,2.388835E+01,6.509992E+01
01:20:00,8.012667E+03,8.396830E+02,5.579057E-01,7.415489E-02,0.000000E+00,0.000000E+00,0.000000E+00,0.000000E+00,0.000000E+00,0.000000E+00,0.000000E+00,0.000000E+00,2.110805E+01,7.994771E+01,2.388835E+01,6.511963E+01
01:21:00,8.012667E+03,8.379242E+02,5.579057E-01,7.399956E-02,0.000000E+00,0.000000E+00,0.000000E+00,0.000000E+00,0.000000E+00,0.000000E+00,0.000000E+00,0.000000E+00,2.110805E+01,7.994771E+01,2.388835E+01,6.513928E+01
01:22:00,8.012667E+03,8.361737E+02,5.579057E-01,7.384497E-02,0.000000E+00,0.000000E+00,0.000000E+00,0.000000E+00,0.000000E+00,0.000000E+00,0.000000E+00,0.000000E+00,2.110805E+01,7.994771E+01,2.388835E+01,6.515886E+01
01:23:00,8.012667E+03,8.344315E+02,5.579057E-01,7.369110E-02,0.000000E+00,0.000000E+00,0.000000E+00,0.000000E+00,0.000000E+00,0.000000E+00,0.000000E+00,0.000000E+00,2.110805E+01,7.994771E+01,2.388835E+01,6.517838E+01
01:24:00,8.012667E+03,8.326976E+02,5.579057E-01,7.353797E-02,0.000000E+00,0.000000E+00,0.000000E+00,0.000000E+00,0.000000E+00,0.000000E+00,0.000000E+00,0.000000E+00,2.110805E+01,7.994771E+01,2.388835E+01,6.519785E+01
01:25:00,8.012667E+03,8.309719E+02,5.579057E-01,7.338557E-02,0.000000E+00,0.000000E+00,0.000000E+00,0.000000E+00,0.000000E+00,0.000000E+00,0.000000E+00,0.000000E+00,2.110805E+01,7.994771E+01,2.388835E+01,6.521724E+01
01:26:00,8.012667E+03,8.292546E+02,5.579057E-01,7.323390E-02,0.000000E+00,0.000000E+00,0.000000E+00,0.000000E+00,0.000000E+00,0.000000E+00,0.000000E+00,0.000000E+00,2.110805E+01,7.994771E+01,2.388836E+01,6.523659E+01
01:27:00,8.012667E+03,8.275455E+02,5.579057E-01,7.308296E-02,0.000000E+00,0.000000E+00,0.000000E+00,0.000000E+00,0.000000E+00,0.000000E+00,0.000000E+00,0.000000E+00,2.110805E+01,7.994771E+01,2.388836E+01,6.525587E+01
01:28:00,8.012667E+03,8.258446E+02,5.579057E-01,7.293275E-02,0.000000E+00,0.000000E+00,0.000000E+00,0.000000E+00,0.000000E+00,0.000000E+00,0.000000E+00,0.000000E+00,2.110805E+01,7.994771E+01,2.388836E+01,6.527510E+01
01:29:00,8.012667E+03,8.241521E+02,5.579057E-01,7.278327E-02,0.000000E+00,0.000000E+00,0.000000E+00,0.000000E+00,0.000000E+00,0.000000E+00,0.000000E+00,0.000000E+00,2.110805E+01,7.994771E+01,2.388836E+01,6.529428E+01
01:30:00,8.012667E+03,8.224677E+02,5.579057E-01,7.263452E-02,0.000000E+00,0.000000E+00,0.000000E+00,0.000000E+00,0.000000E+00,0.000000E+00,0.000000E+00,0.000000E+00,2.110805E+01,7.994771E+01,2.388836E+01,6.531341E+01
01:31:00,8.012667E+03,8.207916E+02,5.579057E-01,7.248649E-02,0.000000E+00,0.000000E+00,0.000000E+00,0.000000E+00,0.000000E+00,0.000000E+00,0.000000E+00,0.000000E+00,2.110805E+01,7.994771E+01,2.388836E+01,6.533248E+01
01:32:00,8.012667E+03,8.191238E+02,5.579057E-01,7.233919E-02,0.000000E+00,0.000000E+00,0.000000E+00,0.000000E+00,0.000000E+00,0.000000E+00,0.000000E+00,0.000000E+00,2.110805E+01,7.994771E+01,2.388836E+01,6.535151E+01
01:33:00,8.012667E+03,8.174641E+02,5.579057E-01,7.219262E-02,0.000000E+00,0.000000E+00,0.000000E+00,0.000000E+00,0.000000E+00,0.000000E+00,0.000000E+00,0.000000E+00,2.110805E+01,7.994771E+01,2.388836E+01,6.537048E+01
01:34:00,8.012667E+03,8.158127E+02,5.579057E-01,7.204678E-02,0.000000E+00,0.000000E+00,0.000000E+00,0.000000E+00,0.000000E+00,0.000000E+00,0.000000E+00,0.000000E+00,2.110805E+01,7.994771E+01,2.388836E+01,6.538942E+01
01:35:00,8.012667E+03,8.141695E+02,5.579057E-01,7.190166E-02,0.000000E+00,0.000000E+00,0.000000E+00,0.000000E+00,0.000000E+00,0.000000E+00,0.000000E+00,0.000000E+00,2.110805E+01,7.994771E+01,2.388836E+01,6.540830E+01
01:36:00,8.012667E+03,8.125345E+02,5.579057E-01,7.175726E-02,0.000000E+00,0.000000E+00,0.000000E+00,0.000000E+00,0.000000E+00,0.000000E+00,0.000000E+00,0.000000E+00,2.110805E+01,7.994771E+01,2.388836E+01,6.542714E+01
01:37:00,8.012667E+03,8.109077E+02,5.579057E-01,7.161359E-02,0.000000E+00,0.000000E+00,0.000000E+00,0.000000E+00,0.000000E+00,0.000000E+00,0.000000E+00,0.000000E+00,2.110805E+01,7.994771E+01,2.388836E+01,6.544594E+01
01:38:00,8.012667E+03,8.092892E+02,5.579057E-01,7.147065E-02,0.000000E+00,0.000000E+00,0.000000E+00,0.000000E+00,0.000000E+00,0.000000E+00,0.000000E+00,0.000000E+00,2.110805E+01,7.994771E+01,2.388836E+01,6.546470E+01
01:39:00,8.012667E+03,8.076788E+02,5.579057E-01,7.132842E-02,0.000000E+00,0.000000E+00,0.000000E+00,0.000000E+00,0.000000E+00,0.000000E+00,0.000000E+00,0.000000E+00,2.110805E+01,7.994771E+01,2.388836E+01,6.548341E+01
01:40:00,8.012667E+03,8.060765E+02,5.579057E-01,7.118692E-02,0.000000E+00,0.000000E+00,0.000000E+00,0.000000E+00,0.000000E+00,0.000000E+00,0.000000E+00,0.000000E+00,2.110805E+01,7.994771E+01,2.388836E+01,6.550208E+01
01:41:00,8.012667E+03,8.044825E+02,5.579057E-01,7.104615E-02,0.000000E+00,0.000000E+00,0.000000E+00,0.000000E+00,0.000000E+00,0.000000E+00,0.000000E+00,0.000000E+00,2.110805E+01,7.994771E+01,2.388836E+01,6.552072E+01
01:42:00,8.012667E+03,8.028966E+02,5.579057E-01,7.090609E-02,0.000000E+00,0.000000E+00,0.000000E+00,0.000000E+00,0.000000E+00,0.000000E+00,0.000000E+00,0.000000E+00,2.110805E+01,7.994771E+01,2.388836E+01,6.553931E+01
01:43:00,8.012667E+03,8.013189E+02,5.579057E-01,7.076676E-02,0.000000E+00,0.000000E+00,0.000000E+00,0.000000E+00,0.000000E+00,0.000000E+00,0.000000E+00,0.000000E+00,2.110805E+01,7.994771E+01,2.388836E+01,6.555788E+01
01:44:00,8.012667E+03,7.997494E+02,5.579057E-01,7.062814E-02,0.000000E+00,0.000000E+00,0.000000E+00,0.000000E+00,0.000000E+00,0.000000E+00,0.000000E+00,0.000000E+00,2.110805E+01,7.994771E+01,2.388837E+01,6.557640E+01
01:45:00,8.012667E+03,7.981880E+02,5.579057E-01,7.049025E-02,0.000000E+00,0.000000E+00,0.000000E+00,0.000000E+00,0.000000E+00,0.000000E+00,0.000000E+00,0.000000E+00,2.110805E+01,7.994771E+01,2.388837E+01,6.559489E+01
01:46:00,8.012667E+03,7.966348E+02,5.579058E-01,7.035307E-02,0.000000E+00,0.000000E+00,0.000000E+00,0.000000E+00,0.000000E+00,0.000000E+00,0.000000E+00,0.000000E+00,2.110805E+01,7.994771E+01,2.388837E+01,6.561334E+01
01:47:00,8.012667E+03,7.950897E+02,5.579058E-01,7.021662E-02,0.000000E+00,0.000000E+00,0.000000E+00,0.000000E+00,0.000000E+00,0.000000E+00,0.000000E+00,0.000000E+00,2.110805E+01,7.994771E+01,2.388837E+01,6.563176E+01
01:48:00,8.012667E+03,7.935528E+02,5.579058E-01,7.008088E-02,0.000000E+00,0.000000E+00,0.000000E+00,0.000000E+00,0.000000E+00,0.000000E+00,0.000000E+00,0.000000E+00,2.110805E+01,7.994771E+01,2.388837E+01,6.565015E+01
01:49:00,8.012667E+03,7.920240E+02,5.579058E-01,6.994587E-02,0.000000E+00,0.000000E+00,0.000000E+00,0.000000E+00,0.000000E+00,0.000000E+00,0.000000E+00,0.000000E+00,2.110805E+01,7.994771E+01,2.388837E+01,6.566851E+01
01:50:00,8.012667E+03,7.905033E+02,5.579058E-01,6.981157E-02,0.000000E+00,0.000000E+00,0.000000E+00,0.000000E+00,0.000000E+00,0.000000E+00,0.000000E+00,0.000000E+00,2.110805E+01,7.994771E+01,2.388837E+01,6.568683E+01
01:51:00,8.012668E+03,7.889907E+02,5.579058E-01,6.967799E-02,0.000000E+00,0.000000E+00,0.000000E+00,0.000000E+00,0.000000E+00,0.000000E+00,0.000000E+00,0.000000E+00,2.110805E+01,7.994771E+01,2.388837E+01,6.570513E+01
01:52:00,8.012668E+03,7.874863E+02,5.579058E-01,6.954512E-02,0.000000E+00,0.000000E+00,0.000000E+00,0.000000E+00,0.000000E+00,0.000000E+00,0.000000E+00,0.000000E+00,2.110805E+01,7.994771E+01,2.388837E+01,6.572339E+01
01:53:00,8.012668E+03,7.859900E+02,5.579058E-01,6.941297E-02,0.000000E+00,0.000000E+00,0.000000E+00,0.000000E+00,0.000000E+00,0.000000E+00,0.000000E+00,0.000000E+00,2.110805E+01,7.994771E+01,2.388837E+01,6.574163E+01
01:54:00,8.012668E+03,7.845017E+02,5.579058E-01,6.928154E-02,0.000000E+00,0.000000E+00,0.000000E+00,0.000000E+00,0.000000E+00,0.000000E+00,0.000000E+00,0.000000E+00,2.110805E+01,7.994771E+01,2.388837E+01,6.575984E+01
01:55:00,8.012668E+03,7.830216E+02,5.579058E-01,6.915083E-02,0.000000E+00,0.000000E+00,0.000000E+00,0.000000E+00,0.000000E+00,0.000000E+00,0.000000E+00,0.000000E+00,2.110805E+01,7.994771E+01,2.388837E+01,6.577802E+01
01:56:00,8.012668E+03,7.815496E+02,5.579058E-01,6.902083E-02,0.000000E+00,0.000000E+00,0.000000E+00,0.000000E+00,0.000000E+00,0.000000E+00,0.000000E+00,0.000000E+00,2.110805E+01,7.994771E+01,2.388837E+01,6.579617E+01
01:57:00,8.012668E+03,7.800857E+02,5.579058E-01,6.889154E-02,0.000000E+00,0.000000E+00,0.000000E+00,0.000000E+00,0.000000E+00,0.000000E+00,0.000000E+00,0.000000E+00,2.110805E+01,7.994771E+01,2.388837E+01,6.581430E+01
01:58:00,8.012668E+03,7.786299E+02,5.579058E-01,6.876297E-02,0.000000E+00,0.000000E+00,0.000000E+00,0.000000E+00,0.000000E+00,0.000000E+00,0.000000E+00,0.000000E+00,2.110805E+01,7.994771E+01,2.388837E+01,6.583240E+01
01:59:00,8.012668E+03,7.771822E+02,5.579058E-01,6.863512E-02,0.000000E+00,0.000000E+00,0.000000E+00,0.000000E+00,0.000000E+00,0.000000E+00,0.000000E+00,0.000000E+00,2.110805E+01,7.994771E+01,2.388837E+01,6.585048E+01
02:00:00,8.012668E+03,7.757426E+02,5.579058E-01,6.850797E-02,0.000000E+00,0.000000E+00,0.000000E+00,0.000000E+00,0.000000E+00,0.000000E+00,0.000000E+00,0.000000E+00,2.110805E+01,7.994771E+01,2.388837E+01,6.586853E+01
02:01:00,8.012668E+03,7.743081E+02,5.579058E-01,6.838129E-02,0.000000E+00,0.000000E+00,0.000000E+00,0.000000E+00,0.000000E+00,0.000000E+00,0.000000E+00,0.000000E+00,2.110805E+01,7.994771E+01,2.388837E+01,6.588656E+01
02:02:00,8.012668E+03,7.728789E+02,5.579058E-01,6.825507E-02,0.000000E+00,0.000000E+00,0.000000E+00,0.000000E+00,0.000000E+00,0.000000E+00,0.000000E+00,0.000000E+00,2.110805E+01,7.994771E+01,2.388838E+01,6.590453E+01
02:03:00,8.012668E+03,7.714550E+02,5.579058E-01,6.812932E-02,0.000000E+00,0.000000E+00,0.000000E+00,0.000000E+00,0.000000E+00,0.000000E+00,0.000000E+00,0.000000E+00,2.110805E+01,7.994771E+01,2.388838E+01,6.592243E+01
02:04:00,8.012668E+03,7.700363E+02,5.579058E-01,6.800402E-02,0.000000E+00,0.000000E+00,0.000000E+00,0.000000E+00,0.000000E+00,0.000000E+00,0.000000E+00,0.000000E+00,2.110805E+01,7.994771E+01,2.388838E+01,6.594024E+01
02:05:00,8.012668E+03,7.686228E+02,5.579058E-01,6.787919E-02,0.000000E+00,0.000000E+00,0.000000E+00,0.000000E+00,0.000000E+00,0.000000E+00,0.000000E+00,0.000000E+00,2.110805E+01,7.994771E+01,2.388838E+01,6.595799E+01
02:06:00,8.012668E+03,7.672145E+02,5.579058E-01,6.775482E-02,0.000000E+00,0.000000E+00,0.000000E+00,0.000000E+00,0.000000E+00,0.000000E+00,0.000000E+00,0.000000E+00,2.110805E+01,7.994771E+01,2.388838E+01,6.597566E+01
02:07:00,8.012668E+03,7.658114E+02,5.579058E-01,6.763091E-02,0.000000E+00,0.000000E+00,0.000000E+00,0.000000E+00,0.000000E+00,0.000000E+00,0.000000E+00,0.000000E+00,2.110805E+01,7.994771E+01,2.388838E+01,6.599325E+01
02:08:00,8.012668E+03,7.644136E+02,5.579058E-01,6.750745E-02,0.000000E+00,0.000000E+00,0.000000E+00,0.000000E+00,0.000000E+00,0.000000E+00,0.000000E+00,0.000000E+00,2.110805E+01,7.994771E+01,2.388838E+01,6.601077E+01
02:09:00,8.012668E+03,7.630210E+02,5.579058E-01,6.738446E-02,0.000000E+00,0.000000E+00,0.000000E+00,0.000000E+00,0.000000E+00,0.000000E+00,0.000000E+00,0.000000E+00,2.110805E+01,7.994771E+01,2.388838E+01,6.602822E+01
02:10:00,8.012668E+03,7.616335E+02,5.579058E-01,6.726193E-02,0.000000E+00,0.000000E+00,0.000000E+00,0.000000E+00,0.000000E+00,0.000000E+00,0.000000E+00,0.000000E+00,2.110805E+01,7.994771E+01,2.388838E+01,6.604561E+01
02:11:00,8.012668E+03,7.602513E+02,5.579058E-01,6.713986E-02,0.000000E+00,0.000000E+00,0.000000E+00,0.000000E+00,0.000000E+00,0.000000E+00,0.000000E+00,0.000000E+00,2.110805E+01,7.994771E+01,2.388838E+01,6.606293E+01
02:12:00,8.012668E+03,7.588743E+02,5.579058E-01,6.701825E-02,0.000000E+00,0.000000E+00,0.000000E+00,0.000000E+00,0.000000E+00,0.000000E+00,0.000000E+00,0.000000E+00,2.110805E+01,7.994771E+01,2.388838E+01,6.608018E+01
02:13:00,8.012668E+03,7.575025E+02,5.579058E-01,6.689710E-02,0.000000E+00,0.000000E+00,0.000000E+00,0.000000E+00,0.000000E+00,0.000000E+00,0.000000E+00,0.000000E+00,2.110805E+01,7.994771E+01,2.388838E+01,6.609737E+01
02:14:00,8.012668E+03,7.561358E+02,5.579058E-01,6.677640E-02,0.000000E+00,0.000000E+00,0.000000E+00,0.000000E+00,0.000000E+00,0.000000E+00,0.000000E+00,0.000000E+00,2.110805E+01,7.994771E+01,2.388838E+01,6.611451E+01
02:15:00,8.012668E+03,7.547744E+02,5.579058E-01,6.665616E-02,0.000000E+00,0.000000E+00,0.000000E+00,0.000000E+00,0.000000E+00,0.000000E+00,0.000000E+00,0.000000E+00,2.110805E+01,7.994771E+01,2.388838E+01,6.613157E+01
02:16:00,8.012668E+03,7.534181E+02,5.579058E-01,6.653639E-02,0.000000E+00,0.000000E+00,0.000000E+00,0.000000E+00,0.000000E+00,0.000000E+00,0.000000E+00,0.000000E+00,2.110805E+01,7.994771E+01,2.388838E+01,6.614859E+01
02:17:00,8.012668E+03,7.520670E+02,5.579058E-01,6.641706E-02,0.000000E+00,0.000000E+00,0.000000E+00,0.000000E+00,0.000000E+00,0.000000E+00,0.000000E+00,0.000000E+00,2.110805E+01,7.994771E+01,2.388838E+01,6.616554E+01
02:18:00,8.012668E+03,7.507211E+02,5.579058E-01,6.629820E-02,0.000000E+00,0.000000E+00,0.000000E+00,0.000000E+00,0.000000E+00,0.000000E+00,0.000000E+00,0.000000E+00,2.110805E+01,7.994771E+01,2.388838E+01,6.618244E+01
02:19:00,8.012668E+03,7.493803E+02,5.579058E-01,6.617979E-02,0.000000E+00,0.000000E+00,0.000000E+00,0.000000E+00,0.000000E+00,0.000000E+00,0.000000E+00,0.000000E+00,2.110805E+01,7.994771E+01,2.388838E+01,6.619928E+01
02:20:00,8.012668E+03,7.480448E+02,5.579058E-01,6.606184E-02,0.000000E+00,0.000000E+00,0.000000E+00,0.000000E+00,0.000000E+00,0.000000E+00,0.000000E+00,0.000000E+00,2.110805E+01,7.994771E+01,2.388838E+01,6.621607E+01
02:21:00,8.012668E+03,7.467144E+02,5.579058E-01,6.594434E-02,0.000000E+00,0.000000E+00,0.000000E+00,0.000000E+00,0.000000E+00,0.000000E+00,0.000000E+00,0.000000E+00,2.110805E+01,7.994771E+01,2.388838E+01,6.623280E+01
02:22:00,8.012668E+03,7.453891E+02,5.579058E-01,6.582731E-02,0.000000E+00,0.000000E+00,0.000000E+00,0.000000E+00,0.000000E+00,0.000000E+00,0.000000E+00,0.000000E+00,2.110805E+01,7.994771E+01,2.388838E+01,6.624949E+01
02:23:00,8.012668E+03,7.440690E+02,5.579058E-01,6.571072E-02,0.000000E+00,0.000000E+00,0.000000E+00,0.000000E+00,0.000000E+00,0.000000E+00,0.000000E+00,0.000000E+00,2.110805E+01,7.994771E+01,2.388839E+01,6.626612E+01
02:24:00,8.012668E+03,7.427541E+02,5.579058E-01,6.559460E-02,0.000000E+00,0.000000E+00,0.000000E+00,0.000000E+00,0.000000E+00,0.000000E+00,0.000000E+00,0.000000E+00,2.110805E+01,7.994771E+01,2.388839E+01,6.628271E+01
02:25:00,8.012668E+03,7.414444E+02,5.579058E-01,6.547893E-02,0.000000E+00,0.000000E+00,0.000000E+00,0.000000E+00,0.000000E+00,0.000000E+00,0.000000E+00,0.000000E+00,2.110805E+01,7.994771E+01,2.388839E+01,6.629925E+01
02:26:00,8.012668E+03,7.401398E+02,5.579058E-01,6.536371E-02,0.000000E+00,0.000000E+00,0.000000E+00,0.000000E+00,0.000000E+00,0.000000E+00,0.000000E+00,0.000000E+00,2.110805E+01,7.994771E+01,2.388839E+01,6.631574E+01
02:27:00,8.012668E+03,7.388403E+02,5.579058E-01,6.524895E-02,0.000000E+00,0.000000E+00,0.000000E+00,0.000000E+00,0.000000E+00,0.000000E+00,0.000000E+00,0.000000E+00,2.110805E+01,7.994771E+01,2.388839E+01,6.633218E+01
02:28:00,8.012668E+03,7.375460E+02,5.579058E-01,6.513464E-02,0.000000E+00,0.000000E+00,0.000000E+00,0.000000E+00,0.000000E+00,0.000000E+00,0.000000E+00,0.000000E+00,2.110805E+01,7.994771E+01,2.388839E+01,6.634858E+01
02:29:00,8.012668E+03,7.362569E+02,5.579058E-01,6.502079E-02,0.000000E+00,0.000000E+00,0.000000E+00,0.000000E+00,0.000000E+00,0.000000E+00,0.000000E+00,0.000000E+00,2.110805E+01,7.994771E+01,2.388839E+01,6.636493E+01
02:30:00,8.012668E+03,7.349729E+02,5.579058E-01,6.490740E-02,0.000000E+00,0.000000E+00,0.000000E+00,0.000000E+00,0.000000E+00,0.000000E+00,0.000000E+00,0.000000E+00,2.110805E+01,7.994771E+01,2.388839E+01,6.638124E+01
02:31:00,8.012668E+03,7.336940E+02,5.579058E-01,6.479445E-02,0.000000E+00,0.000000E+00,0.000000E+00,0.000000E+00,0.000000E+00,0.000000E+00,0.000000E+00,0.000000E+00,2.110805E+01,7.994771E+01,2.388839E+01,6.639751E+01
02:32:00,8.012668E+03,7.324203E+02,5.579058E-01,6.468197E-02,0.000000E+00,0.000000E+00,0.000000E+00,0.000000E+00,0.000000E+00,0.000000E+00,0.000000E+00,0.000000E+00,2.110805E+01,7.994771E+01,2.388839E+01,6.641373E+01
02:33:00,8.012668E+03,7.311517E+02,5.579058E-01,6.456993E-02,0.000000E+00,0.000000E+00,0.000000E+00,0.000000E+00,0.000000E+00,0.000000E+00,0.000000E+00,0.000000E+00,2.110805E+01,7.994771E+01,2.388839E+01,6.642992E+01
02:34:00,8.012668E+03,7.298883E+02,5.579058E-01,6.445835E-02,0.000000E+00,0.000000E+00,0.000000E+00,0.000000E+00,0.000000E+00,0.000000E+00,0.000000E+00,0.000000E+00,2.110805E+01,7.994771E+01,2.388839E+01,6.644606E+01
02:35:00,8.012668E+03,7.286300E+02,5.579058E-01,6.434723E-02,0.000000E+00,0.000000E+00,0.000000E+00,0.000000E+00,0.000000E+00,0.000000E+00,0.000000E+00,0.000000E+00,2.110805E+01,7.994771E+01,2.388839E+01,6.646216E+01
02:36:00,8.012668E+03,7.273769E+02,5.579058E-01,6.423656E-02,0.000000E+00,0.000000E+00,0.000000E+00,0.000000E+00,0.000000E+00,0.000000E+00,0.000000E+00,0.000000E+00,2.110805E+01,7.994771E+01,2.388839E+01,6.647823E+01
02:37:00,8.012668E+03,7.261289E+02,5.579058E-01,6.412634E-02,0.000000E+00,0.000000E+00,0.000000E+00,0.000000E+00,0.000000E+00,0.000000E+00,0.000000E+00,0.000000E+00,2.110805E+01,7.994771E+01,2.388839E+01,6.649426E+01
02:38:00,8.012668E+03,7.248860E+02,5.579058E-01,6.401658E-02,0.000000E+00,0.000000E+00,0.000000E+00,0.000000E+00,0.000000E+00,0.000000E+00,0.000000E+00,0.000000E+00,2.110805E+01,7.994771E+01,2.388839E+01,6.651025E+01
02:39:00,8.012668E+03,7.236483E+02,5.579058E-01,6.390727E-02,0.000000E+00,0.000000E+00,0.000000E+00,0.000000E+00,0.000000E+00,0.000000E+00,0.000000E+00,0.000000E+00,2.110805E+01,7.994771E+01,2.388839E+01,6.652620E+01
02:40:00,8.012668E+03,7.224157E+02,5.579058E-01,6.379841E-02,0.000000E+00,0.000000E+00,0.000000E+00,0.000000E+00,0.000000E+00,0.000000E+00,0.000000E+00,0.000000E+00,2.110805E+01,7.994771E+01,2.388839E+01,6.654212E+01
02:41:00,8.012668E+03,7.211883E+02,5.579058E-01,6.369001E-02,0.000000E+00,0.000000E+00,0.000000E+00,0.000000E+00,0.000000E+00,0.000000E+00,0.000000E+00,0.000000E+00,2.110805E+01,7.994771E+01,2.388839E+01,6.655800E+01
02:42:00,8.012668E+03,7.199660E+02,5.579058E-01,6.358206E-02,0.000000E+00,0.000000E+00,0.000000E+00,0.000000E+00,0.000000E+00,0.000000E+00,0.000000E+00,0.000000E+00,2.110805E+01,7.994771E+01,2.388839E+01,6.657385E+01
02:43:00,8.012668E+03,7.187488E+02,5.579058E-01,6.347457E-02,0.000000E+00,0.000000E+00,0.000000E+00,0.000000E+00,0.000000E+00,0.000000E+00,0.000000E+00,0.000000E+00,2.110805E+01,7.994771E+01,2.388839E+01,6.658966E+01
02:44:00,8.012668E+03,7.175368E+02,5.579058E-01,6.336753E-02,0.000000E+00,0.000000E+00,0.000000E+00,0.000000E+00,0.000000E+00,0.000000E+00,0.000000E+00,0.000000E+00,2.110805E+01,7.994771E+01,2.388839E+01,6.660544E+01
02:45:00,8.012668E+03,7.163299E+02,5.579058E-01,6.326095E-02,0.000000E+00,0.000000E+00,0.000000E+00,0.000000E+00,0.000000E+00,0.000000E+00,0.000000E+00,0.000000E+00,2.110805E+01,7.994771E+01,2.388840E+01,6.662118E+01
02:46:00,8.012668E+03,7.151282E+02,5.579058E-01,6.315482E-02,0.000000E+00,0.000000E+00,0.000000E+00,0.000000E+00,0.000000E+00,0.000000E+00,0.000000E+00,0.000000E+00,2.110805E+01,7.994771E+01,2.388840E+01,6.663689E+01
02:47:00,8.012668E+03,7.139316E+02,5.579058E-01,6.304914E-02,0.000000E+00,0.000000E+00,0.000000E+00,0.000000E+00,0.000000E+00,0.000000E+00,0.000000E+00,0.000000E+00,2.110805E+01,7.994771E+01,2.388840E+01,6.665258E+01
02:48:00,8.012668E+03,7.127402E+02,5.579058E-01,6.294392E-02,0.000000E+00,0.000000E+00,0.000000E+00,0.000000E+00,0.000000E+00,0.000000E+00,0.000000E+00,0.000000E+00,2.110805E+01,7.994771E+01,2.388840E+01,6.666822E+01
02:49:00,8.012668E+03,7.115539E+02,5.579058E-01,6.283915E-02,0.000000E+00,0.000000E+00,0.000000E+00,0.000000E+00,0.000000E+00,0.000000E+00,0.000000E+00,0.000000E+00,2.110805E+01,7.994771E+01,2.388840E+01,6.668384E+01
02:50:00,8.012668E+03,7.103727E+02,5.579058E-01,6.273484E-02,0.000000E+00,0.000000E+00,0.000000E+00,0.000000E+00,0.000000E+00,0.000000E+00,0.000000E+00,0.000000E+00,2.110805E+01,7.994771E+01,2.388840E+01,6.669942E+01
02:51:00,8.012668E+03,7.091968E+02,5.579058E-01,6.263098E-02,0.000000E+00,0.000000E+00,0.000000E+00,0.000000E+00,0.000000E+00,0.000000E+00,0.000000E+00,0.000000E+00,2.110805E+01,7.994771E+01,2.388840E+01,6.671498E+01
02:52:00,8.012668E+03,7.080259E+02,5.579058E-01,6.252758E-02,0.000000E+00,0.000000E+00,0.000000E+00,0.000000E+00,0.000000E+00,0.000000E+00,0.000000E+00,0.000000E+00,2.110805E+01,7.994771E+01,2.388840E+01,6.673050E+01
02:53:00,8.012668E+03,7.068603E+02,5.579058E-01,6.242463E-02,0.000000E+00,0.000000E+00,0.000000E+00,0.000000E+00,0.000000E+00,0.000000E+00,0.000000E+00,0.000000E+00,2.110805E+01,7.994771E+01,2.388840E+01,6.674600E+01
02:54:00,8.012668E+03,7.056998E+02,5.579058E-01,6.232215E-02,0.000000E+00,0.000000E+00,0.000000E+00,0.000000E+00,0.000000E+00,0.000000E+00,0.000000E+00,0.000000E+00,2.110805E+01,7.994771E+01,2.388840E+01,6.676146E+01
02:55:00,8.012668E+03,7.045445E+02,5.579058E-01,6.222011E-02,0.000000E+00,0.000000E+00,0.000000E+00,0.000000E+00,0.000000E+00,0.000000E+00,0.000000E+00,0.000000E+00,2.110805E+01,7.994771E+01,2.388840E+01,6.677690E+01
02:56:00,8.012668E+03,7.033944E+02,5.579058E-01,6.211854E-02,0.000000E+00,0.000000E+00,0.000000E+00,0.000000E+00,0.000000E+00,0.000000E+00,0.000000E+00,0.000000E+00,2.110805E+01,7.994771E+01,2.388840E+01,6.679231E+01
02:57:00,8.012668E+03,7.022495E+02,5.579058E-01,6.201743E-02,0.000000E+00,0.000000E+00,0.000000E+00,0.000000E+00,0.000000E+00,0.000000E+00,0.000000E+00,0.000000E+00,2.110805E+01,7.994771E+01,2.388840E+01,6.680769E+01
02:58:00,8.012668E+03,7.011098E+02,5.579058E-01,6.191678E-02,0.000000E+00,0.000000E+00,0.000000E+00,0.000000E+00,0.000000E+00,0.000000E+00,0.000000E+00,0.000000E+00,2.110805E+01,7.994771E+01,2.388840E+01,6.682304E+01
02:59:00,8.012668E+03,6.999753E+02,5.579058E-01,6.181658E-02,0.000000E+00,0.000000E+00,0.000000E+00,0.000000E+00,0.000000E+00,0.000000E+00,0.000000E+00,0.000000E+00,2.110805E+01,7.994771E+01,2.388840E+01,6.683836E+01
03:00:00,8.012668E+03,6.988459E+02,5.579058E-01,6.171685E-02,0.000000E+00,0.000000E+00,0.000000E+00,0.000000E+00,0.000000E+00,0.000000E+00,0.000000E+00,0.000000E+00,2.110805E+01,7.994771E+01,2.388840E+01,6.685365E+01
03:01:00,8.012668E+03,6.977189E+02,5.579058E-01,6.161732E-02,0.000000E+00,0.000000E+00,0.000000E+00,0.000000E+00,0.000000E+00,0.000000E+00,0.000000E+00,0.000000E+00,2.110805E+01,7.994771E+01,2.388840E+01,6.686892E+01
03:02:00,8.012668E+03,6.965942E+02,5.579058E-01,6.151799E-02,0.000000E+00,0.000000E+00,0.000000E+00,0.000000E+00,0.000000E+00,0.000000E+00,0.000000E+00,0.000000E+00,2.110805E+01,7.994771E+01,2.388840E+01,6.688416E+01
03:03:00,8.012668E+03,6.954719E+02,5.579058E-01,6.141887E-02,0.000000E+00,0.000000E+00,0.000000E+00,0.000000E+00,0.000000E+00,0.000000E+00,0.000000E+00,0.000000E+00,2.110805E+01,7.994771E+01,2.388840E+01,6.689937E+01
03:04:00,8.012668E+03,6.943519E+02,5.579058E-01,6.131996E-02,0.000000E+00,0.000000E+00,0.000000E+00,0.000000E+00,0.000000E+00,0.000000E+00,0.000000E+00,0.000000E+00,2.110805E+01,7.994771E+01,2.388840E+01,6.691456E+01
03:05:00,8.012668E+03,6.932343E+02,5.579058E-01,6.122125E-02,0.000000E+00,0.000000E+00,0.000000E+00,0.000000E+00,0.000000E+00,0.000000E+00,0.000000E+00,0.000000E+00,2.110805E+01,7.994771E+01,2.388840E+01,6.692972E+01
03:06:00,8.012668E+03,6.921189E+02,5.579058E-01,6.112276E-02,0.000000E+00,0.000000E+00,0.000000E+00,0.000000E+00,0.000000E+00,0.000000E+00,0.000000E+00,0.000000E+00,2.110805E+01,7.994771E+01,2.388841E+01,6.694485E+01
03:07:00,8.012668E+03,6.910060E+02,5.579058E-01,6.102446E-02,0.000000E+00,0.000000E+00,0.000000E+00,0.000000E+00,0.000000E+00,0.000000E+00,0.000000E+00,0.000000E+00,2.110805E+01,7.994771E+01,2.388841E+01,6.695997E+01
03:08:00,8.012668E+03,6.898953E+02,5.579058E-01,6.092638E-02,0.000000E+00,0.000000E+00,0.000000E+00,0.000000E+00,0.000000E+00,0.000000E+00,0.000000E+00,0.000000E+00,2.110805E+01,7.994771E+01,2.388841E+01,6.697505E+01
03:09:00,8.012668E+03,6.887871E+02,5.579058E-01,6.082850E-02,0.000000E+00,0.000000E+00,0.000000E+00,0.000000E+00,0.000000E+00,0.000000E+00,0.000000E+00,0.000000E+00,2.110805E+01,7.994771E+01,2.388841E+01,6.699011E+01
03:10:00,8.012668E+03,6.876811E+02,5.579058E-01,6.073083E-02,0.000000E+00,0.000000E+00,0.000000E+00,0.000000E+00,0.000000E+00,0.000000E+00,0.000000E+00,0.000000E+00,2.110805E+01,7.994771E+01,2.388841E+01,6.700515E+01
03:11:00,8.012668E+03,6.865776E+02,5.579058E-01,6.063337E-02,0.000000E+00,0.000000E+00,0.000000E+00,0.000000E+00,0.000000E+00,0.000000E+00,0.000000E+00,0.000000E+00,2.110805E+01,7.994771E+01,2.388841E+01,6.702016E+01
03:12:00,8.012668E+03,6.854764E+02,5.579058E-01,6.053612E-02,0.000000E+00,0.000000E+00,0.000000E+00,0.000000E+00,0.000000E+00,0.000000E+00,0.000000E+00,0.000000E+00,2.110805E+01,7.994771E+01,2.388841E+01,6.703515E+01
03:13:00,8.012668E+03,6.843776E+02,5.579058E-01,6.043908E-02,0.000000E+00,0.000000E+00,0.000000E+00,0.000000E+00,0.000000E+00,0.000000E+00,0.000000E+00,0.000000E+00,2.110805E+01,7.994771E+01,2.388841E+01,6.705011E+01
03:14:00,8.012668E+03,6.832811E+02,5.579058E-01,6.034225E-02,0.000000E+00,0.000000E+00,0.000000E+00,0.000000E+00,0.000000E+00,0.000000E+00,0.000000E+00,0.000000E+00,2.110805E+01,7.994771E+01,2.388841E+01,6.706505E+01
03:15:00,8.012668E+03,6.821871E+02,5.579058E-01,6.024563E-02,0.000000E+00,0.000000E+00,0.000000E+00,0.000000E+00,0.000000E+00,0.000000E+00,0.000000E+00,0.000000E+00,2.110805E+01,7.994771E+01,2.388841E+01,6.707997E+01
03:16:00,8.012668E+03,6.810955E+02,5.579058E-01,6.014922E-02,0.000000E+00,0.000000E+00,0.000000E+00,0.000000E+00,0.000000E+00,0.000000E+00,0.000000E+00,0.000000E+00,2.110805E+01,7.994771E+01,2.388841E+01,6.709486E+01
03:17:00,8.012668E+03,6.800064E+02,5.579058E-01,6.005304E-02,0.000000E+00,0.000000E+00,0.000000E+00,0.000000E+00,0.000000E+00,0.000000E+00,0.000000E+00,0.000000E+00,2.110805E+01,7.994771E+01,2.388841E+01,6.710972E+01
03:18:00,8.012668E+03,6.789198E+02,5.579058E-01,5.995708E-02,0.000000E+00,0.000000E+00,0.000000E+00,0.000000E+00,0.000000E+00,0.000000E+00,0.000000E+00,0.000000E+00,2.110805E+01,7.994771E+01,2.388841E+01,6.712457E+01
03:19:00,8.012668E+03,6.778356E+02,5.579058E-01,5.986133E-02,0.000000E+00,0.000000E+00,0.000000E+00,0.000000E+00,0.000000E+00,0.000000E+00,0.000000E+00,0.000000E+00,2.110805E+01,7.994771E+01,2.388841E+01,6.713938E+01
03:20:00,8.012668E+03,6.767538E+02,5.579058E-01,5.976578E-02,0.000000E+00,0.000000E+00,0.000000E+00,0.000000E+00,0.000000E+00,0.000000E+00,0.000000E+00,0.000000E+00,2.110805E+01,7.994771E+01,2.388841E+01,6.715417E+01
03:21:00,8.012668E+03,6.756743E+02,5.579058E-01,5.967045E-02,0.000000E+00,0.000000E+00,0.000000E+00,0.000000E+00,0.000000E+00,0.000000E+00,0.000000E+00,0.000000E+00,2.110805E+01,7.994771E+01,2.388841E+01,6.716894E+01
03:22:00,8.012668E+03,6.745972E+02,5.579058E-01,5.957532E-02,0.000000E+00,0.000000E+00,0.000000E+00,0.000000E+00,0.000000E+00,0.000000E+00,0.000000E+00,0.000000E+00,2.110805E+01,7.994771E+01,2.388841E+01,6.718369E+01
03:23:00,8.012668E+03,6.735223E+02,5.579058E-01,5.948040E-02,0.000000E+00,0.000000E+00,0.000000E+00,0.000000E+00,0.000000E+00,0.000000E+00,0.000000E+00,0.000000E+00,2.110805E+01,7.994771E+01,2.388841E+01,6.719841E+01
03:24:00,8.012668E+03,6.724498E+02,5.579058E-01,5.938568E-02,0.000000E+00,0.000000E+00,0.000000E+00,0.000000E+00,0.000000E+00,0.000000E+00,0.000000E+00,0.000000E+00,2.110805E+01,7.994771E+01,2.388841E+01,6.721311E+01
03:25:00,8.012668E+03,6.713796E+02,5.579058E-01,5.929116E-02,0.000000E+00,0.000000E+00,0.000000E+00,0.000000E+00,0.000000E+00,0.000000E+00,0.000000E+00,0.000000E+00,2.110805E+01,7.994771E+01,2.388841E+01,6.722780E+01
03:26:00,8.012668E+03,6.703116E+02,5.579058E-01,5.919685E-02,0.000000E+00,0.000000E+00,0.000000E+00,0.000000E+00,0.000000E+00,0.000000E+00,0.000000E+00,0.000000E+00,2.110805E+01,7.994771E+01,2.388841E+01,6.724246E+01
03:27:00,8.012668E+03,6.692460E+02,5.579058E-01,5.910274E-02,0.000000E+00,0.000000E+00,0.000000E+00,0.000000E+00,0.000000E+00,0.000000E+00,0.000000E+00,0.000000E+00,2.110805E+01,7.994771E+01,2.388841E+01,6.725710E+01
03:28:00,8.012668E+03,6.681826E+02,5.579058E-01,5.900882E-02,0.000000E+00,0.000000E+00,0.000000E+00,0.000000E+00,0.000000E+00,0.000000E+00,0.000000E+00,0.000000E+00,2.110805E+01,7.994771E+01,2.388842E+01,6.727173E+01
03:29:00,8.012668E+03,6.671214E+02,5.579058E-01,5.891511E-02,0.000000E+00,0.000000E+00,0.000000E+00,0.000000E+00,0.000000E+00,0.000000E+00,0.000000E+00,0.000000E+00,2.110805E+01,7.994771E+01,2.388842E+01,6.728633E+01
03:30:00,8.012668E+03,6.660626E+02,5.579058E-01,5.882159E-02,0.000000E+00,0.000000E+00,0.000000E+00,0.000000E+00,0.000000E+00,0.000000E+00,0.000000E+00,0.000000E+00,2.110805E+01,7.994771E+01,2.388842E+01,6.730091E+01
03:31:00,8.012668E+03,6.650059E+02,5.579058E-01,5.872828E-02,0.000000E+00,0.000000E+00,0.000000E+00,0.000000E+00,0.000000E+00,0.000000E+00,0.000000E+00,0.000000E+00,2.110805E+01,7.994771E+01,2.388842E+01,6.731548E+01
03:32:00,8.012668E+03,6.639515E+02,5.579058E-01,5.863516E-02,0.000000E+00,0.000000E+00,0.000000E+00,0.000000E+00,0.000000E+00,0.000000E+00,0.000000E+00,0.000000E+00,2.110805E+01,7.994771E+01,2.388842E+01,6.733002E+01
03:33:00,8.012668E+03,6.628994E+02,5.579058E-01,5.854224E-02,0.000000E+00,0.000000E+00,0.000000E+00,0.000000E+00,0.000000E+00,0.000000E+00,0.000000E+00,0.000000E+00,2.110805E+01,7.994771E+01,2.388842E+01,6.734455E+01
03:34:00,8.012668E+03,6.618494E+02,5.579058E-01,5.844951E-02,0.000000E+00,0.000000E+00,0.000000E+00,0.000000E+00,0.000000E+00,0.000000E+00,0.000000E+00,0.000000E+00,2.110805E+01,7.994771E+01,2.388842E+01,6.735906E+01
03:35:00,8.012668E+03,6.608017E+02,5.579058E-01,5.835698E-02,0.000000E+00,0.000000E+00,0.000000E+00,0.000000E+00,0.000000E+00,0.000000E+00,0.000000E+00,0.000000E+00,2.110805E+01,7.994771E+01,2.388842E+01,6.737355E+01
03:36:00,8.012668E+03,6.597563E+02,5.579058E-01,5.826466E-02,0.000000E+00,0.000000E+00,0.000000E+00,0.000000E+00,0.000000E+00,0.000000E+00,0.000000E+00,0.000000E+00,2.110805E+01,7.994771E+01,2.388842E+01,6.738802E+01
03:37:00,8.012668E+03,6.587130E+02,5.579058E-01,5.817252E-02,0.000000E+00,0.000000E+00,0.000000E+00,0.000000E+00,0.000000E+00,0.000000E+00,0.000000E+00,0.000000E+00,2.110805E+01,7.994771E+01,2.388842E+01,6.740248E+01
03:38:00,8.012668E+03,6.576720E+02,5.579058E-01,5.808058E-02,0.000000E+00,0.000000E+00,0.000000E+00,0.000000E+00,0.000000E+00,0.000000E+00,0.000000E+00,0.000000E+00,2.110805E+01,7.994771E+01,2.388842E+01,6.741692E+01
03:39:00,8.012668E+03,6.566332E+02,5.579058E-01,5.798884E-02,0.000000E+00,0.000000E+00,0.000000E+00,0.000000E+00,0.000000E+00,0.000000E+00,0.000000E+00,0.000000E+00,2.110805E+01,7.994771E+01,2.388842E+01,6.743133E+01
03:40:00,8.012668E+03,6.555966E+02,5.579058E-01,5.789729E-02,0.000000E+00,0.000000E+00,0.000000E+00,0.000000E+00,0.000000E+00,0.000000E+00,0.000000E+00,0.000000E+00,2.110805E+01,7.994771E+01,2.388842E+01,6.744573E+01
03:41:00,8.012668E+03,6.545621E+02,5.579058E-01,5.780593E-02,0.000000E+00,0.000000E+00,0.000000E+00,0.000000E+00,0.000000E+00,0.000000E+00,0.000000E+00,0.000000E+00,2.110805E+01,7.994771E+01,2.388842E+01,6.746012E+01
03:42:00,8.012668E+03,6.535299E+02,5.579058E-01,5.771477E-02,0.000000E+00,0.000000E+00,0.000000E+00,0.000000E+00,0.000000E+00,0.000000E+00,0.000000E+00,0.000000E+00,2.110805E+01,7.994771E+01,2.388842E+01,6.747448E+01
03:43:00,8.012668E+03,6.524998E+02,5.579058E-01,5.762380E-02,0.000000E+00,0.000000E+00,0.000000E+00,0.000000E+00,0.000000E+00,0.000000E+00,0.000000E+00,0.000000E+00,2.110805E+01,7.994771E+01,2.388842E+01,6.748883E+01
03:44:00,8.012668E+03,6.514720E+02,5.579058E-01,5.753303E-02,0.000000E+00,0.000000E+00,0.000000E+00,0.000000E+00,0.000000E+00,0.000000E+00,0.000000E+00,0.000000E+00,2.110805E+01,7.994771E+01,2.388842E+01,6.750316E+01
03:45:00,8.012668E+03,6.504463E+02,5.579058E-01,5.744244E-02,0.000000E+00,0.000000E+00,0.000000E+00,0.000000E+00,0.000000E+00,0.000000E+00,0.000000E+00,0.000000E+00,2.110805E+01,7.994771E+01,2.388842E+01,6.751748E+01
03:46:00,8.012668E+03,6.494228E+02,5.579058E-01,5.735205E-02,0.000000E+00,0.000000E+00,0.000000E+00,0.000000E+00,0.000000E+00,0.000000E+00,0.000000E+00,0.000000E+00,2.110805E+01,7.994771E+01,2.388842E+01,6.753177E+01
03:47:00,8.012668E+03,6.484014E+02,5.579058E-01,5.726186E-02,0.000000E+00,0.000000E+00,0.000000E+00,0.000000E+00,0.000000E+00,0.000000E+00,0.000000E+00,0.000000E+00,2.110805E+01,7.994771E+01,2.388842E+01,6.754605E+01
03:48:00,8.012668E+03,6.473823E+02,5.579058E-01,5.717185E-02,0.000000E+00,0.000000E+00,0.000000E+00,0.000000E+00,0.000000E+00,0.000000E+00,0.000000E+00,0.000000E+00,2.110805E+01,7.994771E+01,2.388842E+01,6.756031E+01
03:49:00,8.012668E+03,6.463653E+02,5.579058E-01,5.708204E-02,0.000000E+00,0.000000E+00,0.000000E+00,0.000000E+00,0.000000E+00,0.000000E+00,0.000000E+00,0.000000E+00,2.110805E+01,7.994771E+01,2.388842E+01,6.757455E+01
03:50:00,8.012668E+03,6.453505E+02,5.579058E-01,5.699242E-02,0.000000E+00,0.000000E+00,0.000000E+00,0.000000E+00,0.000000E+00,0.000000E+00,0.000000E+00,0.000000E+00,2.110805E+01,7.994771E+01,2.388843E+01,6.758878E+01
03:51:00,8.012668E+03,6.443379E+02,5.579058E-01,5.690299E-02,0.000000E+00,0.000000E+00,0.000000E+00,0.000000E+00,0.000000E+00,0.000000E+00,0.000000E+00,0.000000E+00,2.110805E+01,7.994771E+01,2.388843E+01,6.760299E+01
03:52:00,8.012668E+03,6.433275E+02,5.579058E-01,5.681375E-02,0.000000E+00,0.000000E+00,0.000000E+00,0.000000E+00,0.000000E+00,0.000000E+00,0.000000E+00,0.000000E+00,2.110805E+01,7.994771E+01,2.388843E+01,6.761718E+01
03:53:00,8.012668E+03,6.423192E+02,5.579058E-01,5.672471E-02,0.000000E+00,0.000000E+00,0.000000E+00,0.000000E+00,0.000000E+00,0.000000E+00,0.000000E+00,0.000000E+00,2.110805E+01,7.994771E+01,2.388843E+01,6.763135E+01
03:54:00,8.012668E+03,6.413131E+02,5.579058E-01,5.663586E-02,0.000000E+00,0.000000E+00,0.000000E+00,0.000000E+00,0.000000E+00,0.000000E+00,0.000000E+00,0.000000E+00,2.110805E+01,7.994771E+01,2.388843E+01,6.764551E+01
03:55:00,8.012668E+03,6.403093E+02,5.579058E-01,5.654720E-02,0.000000E+00,0.000000E+00,0.000000E+00,0.000000E+00,0.000000E+00,0.000000E+00,0.000000E+00,0.000000E+00,2.110805E+01,7.994771E+01,2.388843E+01,6.765964E+01
03:56:00,8.012668E+03,6.393075E+02,5.579058E-01,5.645873E-02,0.000000E+00,0.000000E+00,0.000000E+00,0.000000E+00,0.000000E+00,0.000000E+00,0.000000E+00,0.000000E+00,2.110805E+01,7.994771E+01,2.388843E+01,6.767376E+01
03:57:00,8.012668E+03,6.383080E+02,5.579058E-01,5.637046E-02,0.000000E+00,0.000000E+00,0.000000E+00,0.000000E+00,0.000000E+00,0.000000E+00,0.000000E+00,0.000000E+00,2.110805E+01,7.994771E+01,2.388843E+01,6.768786E+01
03:58:00,8.012668E+03,6.373107E+02,5.579058E-01,5.628238E-02,0.000000E+00,0.000000E+00,0.000000E+00,0.000000E+00,0.000000E+00,0.000000E+00,0.000000E+00,0.000000E+00,2.110805E+01,7.994771E+01,2.388843E+01,6.770195E+01
03:59:00,8.012668E+03,6.363155E+02,5.579058E-01,5.619449E-02,0.000000E+00,0.000000E+00,0.000000E+00,0.000000E+00,0.000000E+00,0.000000E+00,0.000000E+00,0.000000E+00,2.110805E+01,7.994771E+01,2.388843E+01,6.771601E+01
04:00:00,8.012668E+03,6.353226E+02,5.579058E-01,5.610681E-02,0.000000E+00,0.000000E+00,0.000000E+00,0.000000E+00,0.000000E+00,0.000000E+00,0.000000E+00,0.000000E+00,2.110805E+01,7.994771E+01,2.388843E+01,6.773005E+01
04:01:00,8.012668E+03,6.343349E+02,5.579058E-01,5.601957E-02,0.000000E+00,0.000000E+00,0.000000E+00,0.000000E+00,0.000000E+00,0.000000E+00,0.000000E+00,0.000000E+00,2.110805E+01,7.994771E+01,2.388843E+01,6.774407E+01
04:02:00,8.012668E+03,6.333523E+02,5.579058E-01,5.593279E-02,0.000000E+00,0.000000E+00,0.000000E+00,0.000000E+00,0.000000E+00,0.000000E+00,0.000000E+00,0.000000E+00,2.110805E+01,7.994771E+01,2.388843E+01,6.775804E+01
04:03:00,8.012668E+03,6.323748E+02,5.579058E-01,5.584647E-02,0.000000E+00,0.000000E+00,0.000000E+00,0.000000E+00,0.000000E+00,0.000000E+00,0.000000E+00,0.000000E+00,2.110805E+01,7.994771E+01,2.388843E+01,6.777194E+01
04:04:00,8.012668E+03,6.314025E+02,5.579058E-01,5.576060E-02,0.000000E+00,0.000000E+00,0.000000E+00,0.000000E+00,0.000000E+00,0.000000E+00,0.000000E+00,0.000000E+00,2.110805E+01,7.994771E+01,2.388843E+01,6.778575E+01
04:05:00,8.012668E+03,6.304355E+02,5.579058E-01,5.567520E-02,0.000000E+00,0.000000E+00,0.000000E+00,0.000000E+00,0.000000E+00,0.000000E+00,0.000000E+00,0.000000E+00,2.110805E+01,7.994771E+01,2.388843E+01,6.779948E+01
04:06:00,8.012668E+03,6.294737E+02,5.579058E-01,5.559026E-02,0.000000E+00,0.000000E+00,0.000000E+00,0.000000E+00,0.000000E+00,0.000000E+00,0.000000E+00,0.000000E+00,2.110805E+01,7.994771E+01,2.388843E+01,6.781313E+01
04:07:00,8.012668E+03,6.285173E+02,5.579058E-01,5.550579E-02,0.000000E+00,0.000000E+00,0.000000E+00,0.000000E+00,0.000000E+00,0.000000E+00,0.000000E+00,0.000000E+00,2.110805E+01,7.994771E+01,2.388843E+01,6.782670E+01
04:08:00,8.012668E+03,6.275662E+02,5.579058E-01,5.542180E-02,0.000000E+00,0.000000E+00,0.000000E+00,0.000000E+00,0.000000E+00,0.000000E+00,0.000000E+00,0.000000E+00,2.110805E+01,7.994771E+01,2.388843E+01,6.784019E+01
04:09:00,8.012668E+03,6.266207E+02,5.579058E-01,5.533830E-02,0.000000E+00,0.000000E+00,0.000000E+00,0.000000E+00,0.000000E+00,0.000000E+00,0.000000E+00,0.000000E+00,2.110805E+01,7.994771E+01,2.388843E+01,6.785361E+01
04:10:00,8.012668E+03,6.256806E+02,5.579058E-01,5.525528E-02,0.000000E+00,0.000000E+00,0.000000E+00,0.000000E+00,0.000000E+00,0.000000E+00,0.000000E+00,0.000000E+00,2.110805E+01,7.994771E+01,2.388843E+01,6.786695E+01
04:11:00,8.012668E+03,6.247453E+02,5.579058E-01,5.517268E-02,0.000000E+00,0.000000E+00,0.000000E+00,0.000000E+00,0.000000E+00,0.000000E+00,0.000000E+00,0.000000E+00,2.110805E+01,7.994771E+01,2.388843E+01,6.788020E+01
04:12:00,8.012668E+03,6.238151E+02,5.579058E-01,5.509053E-02,0.000000E+00,0.000000E+00,0.000000E+00,0.000000E+00,0.000000E+00,0.000000E+00,0.000000E+00,0.000000E+00,2.110805E+01,7.994771E+01,2.388843E+01,6.789339E+01
04:13:00,8.012668E+03,6.228892E+02,5.579058E-01,5.500875E-02,0.000000E+00,0.000000E+00,0.000000E+00,0.000000E+00,0.000000E+00,0.000000E+00,0.000000E+00,0.000000E+00,2.110805E+01,7.994771E+01,2.388843E+01,6.790651E+01
04:14:00,8.012668E+03,6.219679E+02,5.579058E-01,5.492738E-02,0.000000E+00,0.000000E+00,0.000000E+00,0.000000E+00,0.000000E+00,0.000000E+00,0.000000E+00,0.000000E+00,2.110805E+01,7.994771E+01,2.388843E+01,6.791958E+01
04:15:00,8.012668E+03,6.210505E+02,5.579058E-01,5.484637E-02,0.000000E+00,0.000000E+00,0.000000E+00,0.000000E+00,0.000000E+00,0.000000E+00,0.000000E+00,0.000000E+00,2.110805E+01,7.994771E+01,2.388843E+01,6.793259E+01
04:16:00,8.012668E+03,6.201375E+02,5.579058E-01,5.476574E-02,0.000000E+00,0.000000E+00,0.000000E+00,0.000000E+00,0.000000E+00,0.000000E+00,0.000000E+00,0.000000E+00,2.110805E+01,7.994771E+01,2.388844E+01,6.794556E+01
04:17:00,8.012668E+03,6.192283E+02,5.579058E-01,5.468544E-02,0.000000E+00,0.000000E+00,0.000000E+00,0.000000E+00,0.000000E+00,0.000000E+00,0.000000E+00,0.000000E+00,2.110805E+01,7.994771E+01,2.388844E+01,6.795848E+01
04:18:00,8.012668E+03,6.183232E+02,5.579058E-01,5.460551E-02,0.000000E+00,0.000000E+00,0.000000E+00,0.000000E+00,0.000000E+00,0.000000E+00,0.000000E+00,0.000000E+00,2.110805E+01,7.994771E+01,2.388844E+01,6.797136E+01
04:19:00,8.012668E+03,6.174218E+02,5.579058E-01,5.452590E-02,0.000000E+00,0.000000E+00,0.000000E+00,0.000000E+00,0.000000E+00,0.000000E+00,0.000000E+00,0.000000E+00,2.110805E+01,7.994771E+01,2.388844E+01,6.798419E+01
04:20:00,8.012668E+03,6.165246E+02,5.579058E-01,5.444666E-02,0.000000E+00,0.000000E+00,0.000000E+00,0.000000E+00,0.000000E+00,0.000000E+00,0.000000E+00,0.000000E+00,2.110805E+01,7.994771E+01,2.388844E+01,6.799699E+01
04:21:00,8.012668E+03,6.156309E+02,5.579058E-01,5.436774E-02,0.000000E+00,0.000000E+00,0.000000E+00,0.000000E+00,0.000000E+00,0.000000E+00,0.000000E+00,0.000000E+00,2.110805E+01,7.994771E+01,2.388844E+01,6.800975E+01
04:22:00,8.012668E+03,6.147414E+02,5.579058E-01,5.428918E-02,0.000000E+00,0.000000E+00,0.000000E+00,0.000000E+00,0.000000E+00,0.000000E+00,0.000000E+00,0.000000E+00,2.110805E+01,7.994771E+01,2.388844E+01,6.802247E+01
04:23:00,8.012668E+03,6.138554E+02,5.579058E-01,5.421093E-02,0.000000E+00,0.000000E+00,0.000000E+00,0.000000E+00,0.000000E+00,0.000000E+00,0.000000E+00,0.000000E+00,2.110805E+01,7.994771E+01,2.388844E+01,6.803516E+01
04:24:00,8.012668E+03,6.129733E+02,5.579058E-01,5.413304E-02,0.000000E+00,0.000000E+00,0.000000E+00,0.000000E+00,0.000000E+00,0.000000E+00,0.000000E+00,0.000000E+00,2.110805E+01,7.994771E+01,2.388844E+01,6.804782E+01
04:25:00,8.012668E+03,6.120948E+02,5.579058E-01,5.405545E-02,0.000000E+00,0.000000E+00,0.000000E+00,0.000000E+00,0.000000E+00,0.000000E+00,0.000000E+00,0.000000E+00,2.110805E+01,7.994771E+01,2.388844E+01,6.806045E+01
04:26:00,8.012668E+03,6.112202E+02,5.579058E-01,5.397821E-02,0.000000E+00,0.000000E+00,0.000000E+00,0.000000E+00,0.000000E+00,0.000000E+00,0.000000E+00,0.000000E+00,2.110805E+01,7.994771E+01,2.388844E+01,6.807305E+01
04:27:00,8.012668E+03,6.103490E+02,5.579058E-01,5.390127E-02,0.000000E+00,0.000000E+00,0.000000E+00,0.000000E+00,0.000000E+00,0.000000E+00,0.000000E+00,0.000000E+00,2.110805E+01,7.994771E+01,2.388844E+01,6.808561E+01
04:28:00,8.012668E+03,6.094818E+02,5.579058E-01,5.382468E-02,0.000000E+00,0.000000E+00,0.000000E+00,0.000000E+00,0.000000E+00,0.000000E+00,0.000000E+00,0.000000E+00,2.110805E+01,7.994771E+01,2.388844E+01,6.809815E+01
04:29:00,8.012668E+03,6.086179E+02,5.579058E-01,5.374839E-02,0.000000E+00,0.000000E+00,0.000000E+00,0.000000E+00,0.000000E+00,0.000000E+00,0.000000E+00,0.000000E+00,2.110805E+01,7.994771E+01,2.388844E+01,6.811066E+01
04:30:00,8.012668E+03,6.077579E+02,5.579058E-01,5.367243E-02,0.000000E+00,0.000000E+00,0.000000E+00,0.000000E+00,0.000000E+00,0.000000E+00,0.000000E+00,0.000000E+00,2.110805E+01,7.994771E+01,2.388844E+01,6.812315E+01
04:31:00,8.012668E+03,6.069012E+02,5.579058E-01,5.359678E-02,0.000000E+00,0.000000E+00,0.000000E+00,0.000000E+00,0.000000E+00,0.000000E+00,0.000000E+00,0.000000E+00,2.110805E+01,7.994771E+01,2.388844E+01,6.813561E+01
04:32:00,8.012668E+03,6.060483E+02,5.579058E-01,5.352146E-02,0.000000E+00,0.000000E+00,0.000000E+00,0.000000E+00,0.000000E+00,0.000000E+00,0.000000E+00,0.000000E+00,2.110805E+01,7.994771E+01,2.388844E+01,6.814804E+01
04:33:00,8.012668E+03,6.051988E+02,5.579058E-01,5.344643E-02,0.000000E+00,0.000000E+00,0.000000E+00,0.000000E+00,0.000000E+00,0.000000E+00,0.000000E+00,0.000000E+00,2.110805E+01,7.994771E+01,2.388844E+01,6.816046E+01
04:34:00,8.012668E+03,6.043530E+02,5.579058E-01,5.337174E-02,0.000000E+00,0.000000E+00,0.000000E+00,0.000000E+00,0.000000E+00,0.000000E+00,0.000000E+00,0.000000E+00,2.110805E+01,7.994771E+01,2.388844E+01,6.817284E+01
04:35:00,8.012668E+03,6.035106E+02,5.579058E-01,5.329734E-02,0.000000E+00,0.000000E+00,0.000000E+00,0.000000E+00,0.000000E+00,0.000000E+00,0.000000E+00,0.000000E+00,2.110805E+01,7.994771E+01,2.388844E+01,6.818520E+01
04:36:00,8.012668E+03,6.026719E+02,5.579058E-01,5.322327E-02,0.000000E+00,0.000000E+00,0.000000E+00,0.000000E+00,0.000000E+00,0.000000E+00,0.000000E+00,0.000000E+00,2.110805E+01,7.994771E+01,2.388844E+01,6.819754E+01
04:37:00,8.012668E+03,6.018366E+02,5.579058E-01,5.314950E-02,0.000000E+00,0.000000E+00,0.000000E+00,0.000000E+00,0.000000E+00,0.000000E+00,0.000000E+00,0.000000E+00,2.110805E+01,7.994771E+01,2.388844E+01,6.820985E+01
04:38:00,8.012668E+03,6.010051E+02,5.579058E-01,5.307607E-02,0.000000E+00,0.000000E+00,0.000000E+00,0.000000E+00,0.000000E+00,0.000000E+00,0.000000E+00,0.000000E+00,2.110805E+01,7.994771E+01,2.388844E+01,6.822215E+01
04:39:00,8.012668E+03,6.002132E+02,5.579058E-01,5.300614E-02,0.000000E+00,0.000000E+00,0.000000E+00,0.000000E+00,0.000000E+00,0.000000E+00,0.000000E+00,0.000000E+00,2.110805E+01,7.994771E+01,2.388844E+01,6.823441E+01
04:40:00,8.012668E+03,5.994321E+02,5.579058E-01,5.293715E-02,0.000000E+00,0.000000E+00,0.000000E+00,0.000000E+00,0.000000E+00,0.000000E+00,0.000000E+00,0.000000E+00,2.110805E+01,7.994771E+01,2.388844E+01,6.824623E+01
04:41:00,8.012668E+03,5.986596E+02,5.579058E-01,5.286892E-02,0.000000E+00,0.000000E+00,0.000000E+00,0.000000E+00,0.000000E+00,0.000000E+00,0.000000E+00,0.000000E+00,2.110805E+01,7.994771E+01,2.388844E+01,6.825766E+01
04:42:00,8.012668E+03,5.978963E+02,5.579058E-01,5.280152E-02,0.000000E+00,0.000000E+00,0.000000E+00,0.000000E+00,0.000000E+00,0.000000E+00,0.000000E+00,0.000000E+00,2.110805E+01,7.994771E+01,2.388844E+01,6.826888E+01
04:43:00,8.012668E+03,5.971427E+02,5.579058E-01,5.273496E-02,0.000000E+00,0.000000E+00,0.000000E+00,0.000000E+00,0.000000E+00,0.000000E+00,0.000000E+00,0.000000E+00,2.110805E+01,7.994771E+01,2.388844E+01,6.827996E+01
04:44:00,8.012668E+03,5.963992E+02,5.579058E-01,5.266930E-02,0.000000E+00,0.000000E+00,0.000000E+00,0.000000E+00,0.000000E+00,0.000000E+00,0.000000E+00,0.000000E+00,2.110805E+01,7.994771E+01,2.388844E+01,6.829092E+01
04:45:00,8.012668E+03,5.956663E+02,5.579058E-01,5.260457E-02,0.000000E+00,0.000000E+00,0.000000E+00,0.000000E+00,0.000000E+00,0.000000E+00,0.000000E+00,0.000000E+00,2.110805E+01,7.994771E+01,2.388844E+01,6.830176E+01
04:46:00,8.012668E+03,5.949519E+02,5.579058E-01,5.254149E-02,0.000000E+00,0.000000E+00,0.000000E+00,0.000000E+00,0.000000E+00,0.000000E+00,0.000000E+00,0.000000E+00,2.110805E+01,7.994771E+01,2.388844E+01,6.831246E+01
04:47:00,8.012668E+03,5.942500E+02,5.579058E-01,5.247949E-02,0.000000E+00,0.000000E+00,0.000000E+00,0.000000E+00,0.000000E+00,0.000000E+00,0.000000E+00,0.000000E+00,2.110805E+01,7.994771E+01,2.388844E+01,6.832292E+01
04:48:00,8.012668E+03,5.935606E+02,5.579058E-01,5.241861E-02,0.000000E+00,0.000000E+00,0.000000E+00,0.000000E+00,0.000000E+00,0.000000E+00,0.000000E+00,0.000000E+00,2.110805E+01,7.994771E+01,2.388844E+01,6.833315E+01
04:49:00,8.012668E+03,5.928839E+02,5.579058E-01,5.235885E-02,0.000000E+00,0.000000E+00,0.000000E+00,0.000000E+00,0.000000E+00,0.000000E+00,0.000000E+00,0.000000E+00,2.110805E+01,7.994771E+01,2.388844E+01,6.834320E+01
04:50:00,8.012668E+03,5.922203E+02,5.579058E-01,5.230024E-02,0.000000E+00,0.000000E+00,0.000000E+00,0.000000E+00,0.000000E+00,0.000000E+00,0.000000E+00,0.000000E+00,2.110805E+01,7.994771E+01,2.388844E+01,6.835306E+01
04:51:00,8.012668E+03,5.915698E+02,5.579058E-01,5.224280E-02,0.000000E+00,0.000000E+00,0.000000E+00,0.000000E+00,0.000000E+00,0.000000E+00,0.000000E+00,0.000000E+00,2.110805E+01,7.994771E+01,2.388844E+01,6.836275E+01
04:52:00,8.012668E+03,5.909326E+02,5.579058E-01,5.218652E-02,0.000000E+00,0.000000E+00,0.000000E+00,0.000000E+00,0.000000E+00,0.000000E+00,0.000000E+00,0.000000E+00,2.110805E+01,7.994771E+01,2.388844E+01,6.837226E+01
04:53:00,8.012668E+03,5.903086E+02,5.579058E-01,5.213141E-02,0.000000E+00,0.000000E+00,0.000000E+00,0.000000E+00,0.000000E+00,0.000000E+00,0.000000E+00,0.000000E+00,2.110805E+01,7.994771E+01,2.388844E+01,6.838159E+01
04:54:00,8.012668E+03,5.896987E+02,5.579058E-01,5.207755E-02,0.000000E+00,0.000000E+00,0.000000E+00,0.000000E+00,0.000000E+00,0.000000E+00,0.000000E+00,0.000000E+00,2.110805E+01,7.994771E+01,2.388844E+01,6.839075E+01
04:55:00,8.012668E+03,5.891033E+02,5.579058E-01,5.202497E-02,0.000000E+00,0.000000E+00,0.000000E+00,0.000000E+00,0.000000E+00,0.000000E+00,0.000000E+00,0.000000E+00,2.110805E+01,7.994771E+01,2.388844E+01,6.839973E+01
04:56:00,8.012668E+03,5.885380E+02,5.579058E-01,5.197504E-02,0.000000E+00,0.000000E+00,0.000000E+00,0.000000E+00,0.000000E+00,0.000000E+00,0.000000E+00,0.000000E+00,2.110805E+01,7.994771E+01,2.388844E+01,6.840852E+01
04:57:00,8.012668E+03,5.879899E+02,5.579058E-01,5.192664E-02,0.000000E+00,0.000000E+00,0.000000E+00,0.000000E+00,0.000000E+00,0.000000E+00,0.000000E+00,0.000000E+00,2.110805E+01,7.994771E+01,2.388844E+01,6.841693E+01
04:58:00,8.012668E+03,5.874588E+02,5.579058E-01,5.187974E-02,0.000000E+00,0.000000E+00,0.000000E+00,0.000000E+00,0.000000E+00,0.000000E+00,0.000000E+00,0.000000E+00,2.110805E+01,7.994771E+01,2.388844E+01,6.842500E+01
04:59:00,8.012668E+03,5.869446E+02,5.579058E-01,5.183432E-02,0.000000E+00,0.000000E+00,0.000000E+00,0.000000E+00,0.000000E+00,0.000000E+00,0.000000E+00,0.000000E+00,2.110805E+01,7.994771E+01,2.388844E+01,6.843280E+01
05:00:00,8.012668E+03,5.864474E+02,5.579058E-01,5.179041E-02,0.000000E+00,0.000000E+00,0.000000E+00,0.000000E+00,0.000000E+00,0.000000E+00,0.000000E+00,0.000000E+00,2.110805E+01,7.994771E+01,2.388844E+01,6.844037E+01
05:01:00,8.012668E+03,5.859760E+02,5.579058E-01,5.174879E-02,0.000000E+00,0.000000E+00,0.000000E+00,0.000000E+00,0.000000E+00,0.000000E+00,0.000000E+00,0.000000E+00,2.110805E+01,7.994771E+01,2.388844E+01,6.844772E+01
05:02:00,8.012668E+03,5.855304E+02,5.579058E-01,5.170943E-02,0.000000E+00,0.000000E+00,0.000000E+00,0.000000E+00,0.000000E+00,0.000000E+00,0.000000E+00,0.000000E+00,2.110805E+01,7.994771E+01,2.388844E+01,6.845472E+01
05:03:00,8.012668E+03,5.851108E+02,5.579058E-01,5.167237E-02,0.000000E+00,0.000000E+00,0.000000E+00,0.000000E+00,0.000000E+00,0.000000E+00,0.000000E+00,0.000000E+00,2.110805E+01,7.994771E+01,2.388844E+01,6.846128E+01
05:04:00,8.012668E+03,5.847172E+02,5.579058E-01,5.163761E-02,0.000000E+00,0.000000E+00,0.000000E+00,0.000000E+00,0.000000E+00,0.000000E+00,0.000000E+00,0.000000E+00,2.110805E+01,7.994771E+01,2.388844E+01,6.846736E+01
05:05:00,8.012668E+03,5.843496E+02,5.579058E-01,5.160515E-02,0.000000E+00,0.000000E+00,0.000000E+00,0.000000E+00,0.000000E+00,0.000000E+00,0.000000E+00,0.000000E+00,2.110805E+01,7.994771E+01,2.388844E+01,6.847298E+01
05:06:00,8.012668E+03,5.840082E+02,5.579058E-01,5.157500E-02,0.000000E+00,0.000000E+00,0.000000E+00,0.000000E+00,0.000000E+00,0.000000E+00,0.000000E+00,0.000000E+00,2.110805E+01,7.994771E+01,2.388844E+01,6.847816E+01
05:07:00,8.012668E+03,5.836930E+02,5.579058E-01,5.154716E-02,0.000000E+00,0.000000E+00,0.000000E+00,0.000000E+00,0.000000E+00,0.000000E+00,0.000000E+00,0.000000E+00,2.110805E+01,7.994771E+01,2.388844E+01,6.848289E+01
05:08:00,8.012668E+03,5.834038E+02,5.579058E-01,5.152162E-02,0.000000E+00,0.000000E+00,0.000000E+00,0.000000E+00,0.000000E+00,0.000000E+00,0.000000E+00,0.000000E+00,2.110805E+01,7.994771E+01,2.388844E+01,6.848719E+01
05:09:00,8.012668E+03,5.831393E+02,5.579058E-01,5.149826E-02,0.000000E+00,0.000000E+00,0.000000E+00,0.000000E+00,0.000000E+00,0.000000E+00,0.000000E+00,0.000000E+00,2.110805E+01,7.994771E+01,2.388844E+01,6.849107E+01
05:10:00,8.012668E+03,5.828983E+02,5.579058E-01,5.147698E-02,0.000000E+00,0.000000E+00,0.000000E+00,0.000000E+00,0.000000E+00,0.000000E+00,0.000000E+00,0.000000E+00,2.110805E+01,7.994771E+01,2.388843E+01,6.849455E+01
05:11:00,8.012668E+03,5.826815E+02,5.579058E-01,5.145783E-02,0.000000E+00,0.000000E+00,0.000000E+00,0.000000E+00,0.000000E+00,0.000000E+00,0.000000E+00,0.000000E+00,2.110805E+01,7.994771E+01,2.388843E+01,6.849767E+01
05:12:00,8.012668E+03,5.824884E+02,5.579058E-01,5.144079E-02,0.000000E+00,0.000000E+00,0.000000E+00,0.000000E+00,0.000000E+00,0.000000E+00,0.000000E+00,0.000000E+00,2.110805E+01,7.994771E+01,2.388843E+01,6.850045E+01
05:13:00,8.012668E+03,5.823200E+02,5.579058E-01,5.142591E-02,0.000000E+00,0.000000E+00,0.000000E+00,0.000000E+00,0.000000E+00,0.000000E+00,0.000000E+00,0.000000E+00,2.110805E+01,7.994771E+01,2.388843E+01,6.850290E+01
05:14:00,8.012668E+03,5.821758E+02,5.579058E-01,5.141318E-02,0.000000E+00,0.000000E+00,0.000000E+00,0.000000E+00,0.000000E+00,0.000000E+00,0.000000E+00,0.000000E+00,2.110805E+01,7.994771E+01,2.388843E+01,6.850502E+01
05:15:00,8.012668E+03,5.820563E+02,5.579058E-01,5.140262E-02,0.000000E+00,0.000000E+00,0.000000E+00,0.000000E+00,0.000000E+00,0.000000E+00,0.000000E+00,0.000000E+00,2.110805E+01,7.994771E+01,2.388843E+01,6.850683E+01
05:16:00,8.012668E+03,5.819941E+02,5.579058E-01,5.139713E-02,0.000000E+00,0.000000E+00,0.000000E+00,0.000000E+00,0.000000E+00,0.000000E+00,0.000000E+00,0.000000E+00,2.110805E+01,7.994771E+01,2.388843E+01,6.850833E+01
05:17:00,8.012668E+03,5.819591E+02,5.579058E-01,5.139404E-02,0.000000E+00,0.000000E+00,0.000000E+00,0.000000E+00,0.000000E+00,0.000000E+00,0.000000E+00,0.000000E+00,2.110805E+01,7.994771E+01,2.388843E+01,6.850914E+01
05:18:00,8.012668E+03,5.819497E+02,5.579058E-01,5.139321E-02,0.000000E+00,0.000000E+00,0.000000E+00,0.000000E+00,0.000000E+00,0.000000E+00,0.000000E+00,0.000000E+00,2.110805E+01,7.994771E+01,2.388843E+01,6.850938E+01
05:19:00,8.012668E+03,5.819663E+02,5.579058E-01,5.139468E-02,0.000000E+00,0.000000E+00,0.000000E+00,0.000000E+00,0.000000E+00,0.000000E+00,0.000000E+00,0.000000E+00,2.110805E+01,7.994771E+01,2.388843E+01,6.850923E+01
05:20:00,8.012668E+03,5.820083E+02,5.579058E-01,5.139839E-02,0.000000E+00,0.000000E+00,0.000000E+00,0.000000E+00,0.000000E+00,0.000000E+00,0.000000E+00,0.000000E+00,2.110805E+01,7.994771E+01,2.388843E+01,6.850878E+01
05:21:00,8.012668E+03,5.820761E+02,5.579058E-01,5.140437E-02,0.000000E+00,0.000000E+00,0.000000E+00,0.000000E+00,0.000000E+00,0.000000E+00,0.000000E+00,0.000000E+00,2.110805E+01,7.994771E+01,2.388843E+01,6.850806E+01
05:22:00,8.012668E+03,5.821691E+02,5.579058E-01,5.141259E-02,0.000000E+00,0.000000E+00,0.000000E+00,0.000000E+00,0.000000E+00,0.000000E+00,0.000000E+00,0.000000E+00,2.110805E+01,7.994771E+01,2.388843E+01,6.850710E+01
05:23:00,8.012668E+03,5.822877E+02,5.579058E-01,5.142306E-02,0.000000E+00,0.000000E+00,0.000000E+00,0.000000E+00,0.000000E+00,0.000000E+00,0.000000E+00,0.000000E+00,2.110805E+01,7.994771E+01,2.388843E+01,6.850587E+01
05:24:00,8.012668E+03,5.824314E+02,5.579058E-01,5.143575E-02,0.000000E+00,0.000000E+00,0.000000E+00,0.000000E+00,0.000000E+00,0.000000E+00,0.000000E+00,0.000000E+00,2.110805E+01,7.994771E+01,2.388843E+01,6.850440E+01
05:25:00,8.012668E+03,5.826005E+02,5.579058E-01,5.145069E-02,0.000000E+00,0.000000E+00,0.000000E+00,0.000000E+00,0.000000E+00,0.000000E+00,0.000000E+00,0.000000E+00,2.110805E+01,7.994771E+01,2.388842E+01,6.850270E+01
05:26:00,8.012668E+03,5.827946E+02,5.579058E-01,5.146783E-02,0.000000E+00,0.000000E+00,0.000000E+00,0.000000E+00,0.000000E+00,0.000000E+00,0.000000E+00,0.000000E+00,2.110805E+01,7.994771E+01,2.388842E+01,6.850076E+01
05:27:00,8.012668E+03,5.830137E+02,5.579058E-01,5.148718E-02,0.000000E+00,0.000000E+00,0.000000E+00,0.000000E+00,0.000000E+00,0.000000E+00,0.000000E+00,0.000000E+00,2.110805E+01,7.994771E+01,2.388842E+01,6.849860E+01
05:28:00,8.012668E+03,5.832576E+02,5.579058E-01,5.150872E-02,0.000000E+00,0.000000E+00,0.000000E+00,0.000000E+00,0.000000E+00,0.000000E+00,0.000000E+00,0.000000E+00,2.110805E+01,7.994771E+01,2.388842E+01,6.849623E+01
05:29:00,8.012668E+03,5.835267E+02,5.579058E-01,5.153249E-02,0.000000E+00,0.000000E+00,0.000000E+00,0.000000E+00,0.000000E+00,0.000000E+00,0.000000E+00,0.000000E+00,2.110805E+01,7.994771E+01,2.388842E+01,6.849365E+01
05:30:00,8.012668E+03,5.838203E+02,5.579058E-01,5.155842E-02,0.000000E+00,0.000000E+00,0.000000E+00,0.000000E+00,0.000000E+00,0.000000E+00,0.000000E+00,0.000000E+00,2.110805E+01,7.994771E+01,2.388842E+01,6.849087E+01
05:31:00,8.012668E+03,5.841388E+02,5.579058E-01,5.158655E-02,0.000000E+00,0.000000E+00,0.000000E+00,0.000000E+00,0.000000E+00,0.000000E+00,0.000000E+00,0.000000E+00,2.110805E+01,7.994771E+01,2.388842E+01,6.848790E+01
05:32:00,8.012668E+03,5.844817E+02,5.579058E-01,5.161683E-02,0.000000E+00,0.000000E+00,0.000000E+00,0.000000E+00,0.000000E+00,0.000000E+00,0.000000E+00,0.000000E+00,2.110805E+01,7.994771E+01,2.388842E+01,6.848473E+01
05:33:00,8.012668E+03,5.848493E+02,5.579058E-01,5.164930E-02,0.000000E+00,0.000000E+00,0.000000E+00,0.000000E+00,0.000000E+00,0.000000E+00,0.000000E+00,0.000000E+00,2.110805E+01,7.994771E+01,2.388842E+01,6.848139E+01
05:34:00,8.012668E+03,5.852411E+02,5.579058E-01,5.168390E-02,0.000000E+00,0.000000E+00,0.000000E+00,0.000000E+00,0.000000E+00,0.000000E+00,0.000000E+00,0.000000E+00,2.110805E+01,7.994771E+01,2.388842E+01,6.847787E+01
05:35:00,8.012668E+03,5.856573E+02,5.579058E-01,5.172066E-02,0.000000E+00,0.000000E+00,0.000000E+00,0.000000E+00,0.000000E+00,0.000000E+00,0.000000E+00,0.000000E+00,2.110805E+01,7.994771E+01,2.388842E+01,6.847419E+01
05:36:00,8.012668E+03,5.860974E+02,5.579058E-01,5.175952E-02,0.000000E+00,0.000000E+00,0.000000E+00,0.000000E+00,0.000000E+00,0.000000E+00,0.000000E+00,0.000000E+00,2.110805E+01,7.994771E+01,2.388842E+01,6.847034E+01
05:37:00,8.012668E+03,5.865617E+02,5.579058E-01,5.180053E-02,0.000000E+00,0.000000E+00,0.000000E+00,0.000000E+00,0.000000E+00,0.000000E+00,0.000000E+00,0.000000E+00,2.110805E+01,7.994771E+01,2.388842E+01,6.846634E+01
05:38:00,8.012668E+03,5.870496E+02,5.579058E-01,5.184362E-02,0.000000E+00,0.000000E+00,0.000000E+00,0.000000E+00,0.000000E+00,0.000000E+00,0.000000E+00,0.000000E+00,2.110805E+01,7.994771E+01,2.388842E+01,6.846218E+01
05:39:00,8.012668E+03,5.875251E+02,5.579058E-01,5.188562E-02,0.000000E+00,0.000000E+00,0.000000E+00,0.000000E+00,0.000000E+00,0.000000E+00,0.000000E+00,0.000000E+00,2.110805E+01,7.994771E+01,2.388842E+01,6.845789E+01
05:40:00,8.012668E+03,5.880171E+02,5.579058E-01,5.192906E-02,0.000000E+00,0.000000E+00,0.000000E+00,0.000000E+00,0.000000E+00,0.000000E+00,0.000000E+00,0.000000E+00,2.110805E+01,7.994771E+01,2.388842E+01,6.845346E+01
05:41:00,8.012668E+03,5.885273E+02,5.579058E-01,5.197413E-02,0.000000E+00,0.000000E+00,0.000000E+00,0.000000E+00,0.000000E+00,0.000000E+00,0.000000E+00,0.000000E+00,2.110805E+01,7.994771E+01,2.388842E+01,6.844890E+01
05:42:00,8.012668E+03,5.890553E+02,5.579058E-01,5.202075E-02,0.000000E+00,0.000000E+00,0.000000E+00,0.000000E+00,0.000000E+00,0.000000E+00,0.000000E+00,0.000000E+00,2.110805E+01,7.994771E+01,2.388842E+01,6.844421E+01
05:43:00,8.012668E+03,5.896004E+02,5.579058E-01,5.206890E-02,0.000000E+00,0.000000E+00,0.000000E+00,0.000000E+00,0.000000E+00,0.000000E+00,0.000000E+00,0.000000E+00,2.110805E+01,7.994771E+01,2.388842E+01,6.843940E+01
05:44:00,8.012668E+03,5.901621E+02,5.579058E-01,5.211851E-02,0.000000E+00,0.000000E+00,0.000000E+00,0.000000E+00,0.000000E+00,0.000000E+00,0.000000E+00,0.000000E+00,2.110805E+01,7.994771E+01,2.388842E+01,6.843447E+01
05:45:00,8.012668E+03,5.907399E+02,5.579058E-01,5.216953E-02,0.000000E+00,0.000000E+00,0.000000E+00,0.000000E+00,0.000000E+00,0.000000E+00,0.000000E+00,0.000000E+00,2.110805E+01,7.994771E+01,2.388842E+01,6.842943E+01
05:46:00,8.012668E+03,5.913255E+02,5.579058E-01,5.222125E-02,0.000000E+00,0.000000E+00,0.000000E+00,0.000000E+00,0.000000E+00,0.000000E+00,0.000000E+00,0.000000E+00,2.110805E+01,7.994771E+01,2.388842E+01,6.842429E+01
05:47:00,8.012668E+03,5.919252E+02,5.579058E-01,5.227421E-02,0.000000E+00,0.000000E+00,0.000000E+00,0.000000E+00,0.000000E+00,0.000000E+00,0.000000E+00,0.000000E+00,2.110805E+01,7.994771E+01,2.388841E+01,6.841904E+01
05:48:00,8.012668E+03,5.925385E+02,5.579058E-01,5.232838E-02,0.000000E+00,0.000000E+00,0.000000E+00,0.000000E+00,0.000000E+00,0.000000E+00,0.000000E+00,0.000000E+00,2.110805E+01,7.994771E+01,2.388841E+01,6.841369E+01
05:49:00,8.012668E+03,5.931653E+02,5.579058E-01,5.238373E-02,0.000000E+00,0.000000E+00,0.000000E+00,0.000000E+00,0.000000E+00,0.000000E+00,0.000000E+00,0.000000E+00,2.110805E+01,7.994771E+01,2.388841E+01,6.840825E+01
05:50:00,8.012668E+03,5.938052E+02,5.579058E-01,5.244024E-02,0.000000E+00,0.000000E+00,0.000000E+00,0.000000E+00,0.000000E+00,0.000000E+00,0.000000E+00,0.000000E+00,2.110805E+01,7.994771E+01,2.388841E+01,6.840271E+01
05:51:00,8.012668E+03,5.944578E+02,5.579058E-01,5.249788E-02,0.000000E+00,0.000000E+00,0.000000E+00,0.000000E+00,0.000000E+00,0.000000E+00,0.000000E+00,0.000000E+00,2.110805E+01,7.994771E+01,2.388841E+01,6.839709E+01
05:52:00,8.012668E+03,5.951230E+02,5.579058E-01,5.255663E-02,0.000000E+00,0.000000E+00,0.000000E+00,0.000000E+00,0.000000E+00,0.000000E+00,0.000000E+00,0.000000E+00,2.110805E+01,7.994771E+01,2.388841E+01,6.839139E+01
05:53:00,8.012668E+03,5.958007E+02,5.579058E-01,5.261648E-02,0.000000E+00,0.000000E+00,0.000000E+00,0.000000E+00,0.000000E+00,0.000000E+00,0.000000E+00,0.000000E+00,2.110805E+01,7.994771E+01,2.388841E+01,6.838561E+01
05:54:00,8.012668E+03,5.964899E+02,5.579058E-01,5.267735E-02,0.000000E+00,0.000000E+00,0.000000E+00,0.000000E+00,0.000000E+00,0.000000E+00,0.000000E+00,0.000000E+00,2.110805E+01,7.994771E+01,2.388841E+01,6.837975E+01
05:55:00,8.012668E+03,5.971901E+02,5.579058E-01,5.273919E-02,0.000000E+00,0.000000E+00,0.000000E+00,0.000000E+00,0.000000E+00,0.000000E+00,0.000000E+00,0.000000E+00,2.110805E+01,7.994771E+01,2.388841E+01,6.837382E+01
05:56:00,8.012668E+03,5.978857E+02,5.579058E-01,5.280062E-02,0.000000E+00,0.000000E+00,0.000000E+00,0.000000E+00,0.000000E+00,0.000000E+00,0.000000E+00,0.000000E+00,2.110805E+01,7.994771E+01,2.388841E+01,6.836782E+01
05:57:00,8.012668E+03,5.985893E+02,5.579058E-01,5.286276E-02,0.000000E+00,0.000000E+00,0.000000E+00,0.000000E+00,0.000000E+00,0.000000E+00,0.000000E+00,0.000000E+00,2.110805E+01,7.994771E+01,2.388841E+01,6.836175E+01
05:58:00,8.012668E+03,5.993012E+02,5.579058E-01,5.292563E-02,0.000000E+00,0.000000E+00,0.000000E+00,0.000000E+00,0.000000E+00,0.000000E+00,0.000000E+00,0.000000E+00,2.110805E+01,7.994771E+01,2.388841E+01,6.835562E+01
05:59:00,8.012668E+03,6.000212E+02,5.579058E-01,5.298922E-02,0.000000E+00,0.000000E+00,0.000000E+00,0.000000E+00,0.000000E+00,0.000000E+00,0.000000E+00,0.000000E+00,2.110805E+01,7.994771E+01,2.388841E+01,6.834944E+01
06:00:00,8.012668E+03,6.007492E+02,5.579058E-01,5.305351E-02,0.000000E+00,0.000000E+00,0.000000E+00,0.000000E+00,0.000000E+00,0.000000E+00,0.000000E+00,0.000000E+00,2.110805E+01,7.994771E+01,2.388841E+01,6.834319E+01
06:01:00,8.012668E+03,6.014880E+02,5.579058E-01,5.311876E-02,0.000000E+00,0.000000E+00,0.000000E+00,0.000000E+00,0.000000E+00,0.000000E+00,0.000000E+00,0.000000E+00,2.110805E+01,7.994771E+01,2.388841E+01,6.833689E+01
06:02:00,8.012668E+03,6.022371E+02,5.579058E-01,5.318492E-02,0.000000E+00,0.000000E+00,0.000000E+00,0.000000E+00,0.000000E+00,0.000000E+00,0.000000E+00,0.000000E+00,2.110805E+01,7.994771E+01,2.388841E+01,6.833037E+01
06:03:00,8.012668E+03,6.029966E+02,5.579058E-01,5.325199E-02,0.000000E+00,0.000000E+00,0.000000E+00,0.000000E+00,0.000000E+00,0.000000E+00,0.000000E+00,0.000000E+00,2.110805E+01,7.994771E+01,2.388841E+01,6.832351E+01
06:04:00,8.012668E+03,6.037660E+02,5.579058E-01,5.331994E-02,0.000000E+00,0.000000E+00,0.000000E+00,0.000000E+00,0.000000E+00,0.000000E+00,0.000000E+00,0.000000E+00,2.110805E+01,7.994771E+01,2.388841E+01,6.831629E+01
06:05:00,8.012668E+03,6.045453E+02,5.579058E-01,5.338877E-02,0.000000E+00,0.000000E+00,0.000000E+00,0.000000E+00,0.000000E+00,0.000000E+00,0.000000E+00,0.000000E+00,2.110805E+01,7.994771E+01,2.388841E+01,6.830872E+01
06:06:00,8.012668E+03,6.053334E+02,5.579058E-01,5.345837E-02,0.000000E+00,0.000000E+00,0.000000E+00,0.000000E+00,0.000000E+00,0.000000E+00,0.000000E+00,0.000000E+00,2.110805E+01,7.994771E+01,2.388840E+01,6.830081E+01
06:07:00,8.012668E+03,6.061310E+02,5.579058E-01,5.352881E-02,0.000000E+00,0.000000E+00,0.000000E+00,0.000000E+00,0.000000E+00,0.000000E+00,0.000000E+00,0.000000E+00,2.110805E+01,7.994771E+01,2.388840E+01,6.829258E+01
06:08:00,8.012668E+03,6.069381E+02,5.579058E-01,5.360009E-02,0.000000E+00,0.000000E+00,0.000000E+00,0.000000E+00,0.000000E+00,0.000000E+00,0.000000E+00,0.000000E+00,2.110805E+01,7.994771E+01,2.388840E+01,6.828404E+01
06:09:00,8.012668E+03,6.077559E+02,5.579058E-01,5.367231E-02,0.000000E+00,0.000000E+00,0.000000E+00,0.000000E+00,0.000000E+00,0.000000E+00,0.000000E+00,0.000000E+00,2.110805E+01,7.994771E+01,2.388840E+01,6.827520E+01
06:10:00,8.012668E+03,6.085855E+02,5.579058E-01,5.374558E-02,0.000000E+00,0.000000E+00,0.000000E+00,0.000000E+00,0.000000E+00,0.000000E+00,0.000000E+00,0.000000E+00,2.110805E+01,7.994771E+01,2.388840E+01,6.826607E+01
06:11:00,8.012668E+03,6.094268E+02,5.579058E-01,5.381988E-02,0.000000E+00,0.000000E+00,0.000000E+00,0.000000E+00,0.000000E+00,0.000000E+00,0.000000E+00,0.000000E+00,2.110805E+01,7.994771E+01,2.388840E+01,6.825664E+01
06:12:00,8.012668E+03,6.102800E+02,5.579058E-01,5.389523E-02,0.000000E+00,0.000000E+00,0.000000E+00,0.000000E+00,0.000000E+00,0.000000E+00,0.000000E+00,0.000000E+00,2.110805E+01,7.994771E+01,2.388840E+01,6.824693E+01
06:13:00,8.012668E+03,6.111449E+02,5.579058E-01,5.397161E-02,0.000000E+00,0.000000E+00,0.000000E+00,0.000000E+00,0.000000E+00,0.000000E+00,0.000000E+00,0.000000E+00,2.110805E+01,7.994771E+01,2.388840E+01,6.823695E+01
06:14:00,8.012668E+03,6.120215E+02,5.579058E-01,5.404903E-02,0.000000E+00,0.000000E+00,0.000000E+00,0.000000E+00,0.000000E+00,0.000000E+00,0.000000E+00,0.000000E+00,2.110805E+01,7.994771E+01,2.388840E+01,6.822670E+01
06:15:00,8.012668E+03,6.129097E+02,5.579058E-01,5.412747E-02,0.000000E+00,0.000000E+00,0.000000E+00,0.000000E+00,0.000000E+00,0.000000E+00,0.000000E+00,0.000000E+00,2.110805E+01,7.994771E+01,2.388840E+01,6.821620E+01
06:16:00,8.012668E+03,6.137766E+02,5.579058E-01,5.420403E-02,0.000000E+00,0.000000E+00,0.000000E+00,0.000000E+00,0.000000E+00,0.000000E+00,0.000000E+00,0.000000E+00,2.110805E+01,7.994771E+01,2.388840E+01,6.820545E+01
06:17:00,8.012668E+03,6.146526E+02,5.579058E-01,5.428140E-02,0.000000E+00,0.000000E+00,0.000000E+00,0.000000E+00,0.000000E+00,0.000000E+00,0.000000E+00,0.000000E+00,2.110805E+01,7.994771E+01,2.388839E+01,6.819445E+01
06:18:00,8.012668E+03,6.155392E+02,5.579058E-01,5.435970E-02,0.000000E+00,0.000000E+00,0.000000E+00,0.000000E+00,0.000000E+00,0.000000E+00,0.000000E+00,0.000000E+00,2.110805E+01,7.994771E+01,2.388839E+01,6.818323E+01
06:19:00,8.012668E+03,6.164364E+02,5.579058E-01,5.443893E-02,0.000000E+00,0.000000E+00,0.000000E+00,0.000000E+00,0.000000E+00,0.000000E+00,0.000000E+00,0.000000E+00,2.110805E+01,7.994771E+01,2.388839E+01,6.817177E+01
06:20:00,8.012668E+03,6.173444E+02,5.579058E-01,5.451913E-02,0.000000E+00,0.000000E+00,0.000000E+00,0.000000E+00,0.000000E+00,0.000000E+00,0.000000E+00,0.000000E+00,2.110805E+01,7.994771E+01,2.388839E+01,6.816009E+01
06:21:00,8.012668E+03,6.182634E+02,5.579058E-01,5.460029E-02,0.000000E+00,0.000000E+00,0.000000E+00,0.000000E+00,0.000000E+00,0.000000E+00,0.000000E+00,0.000000E+00,2.110805E+01,7.994771E+01,2.388839E+01,6.814820E+01
06:22:00,8.012668E+03,6.191935E+02,5.579058E-01,5.468244E-02,0.000000E+00,0.000000E+00,0.000000E+00,0.000000E+00,0.000000E+00,0.000000E+00,0.000000E+00,0.000000E+00,2.110805E+01,7.994771E+01,2.388839E+01,6.813609E+01
06:23:00,8.012668E+03,6.201349E+02,5.579058E-01,5.476557E-02,0.000000E+00,0.000000E+00,0.000000E+00,0.000000E+00,0.000000E+00,0.000000E+00,0.000000E+00,0.000000E+00,2.110805E+01,7.994771E+01,2.388839E+01,6.812377E+01
06:24:00,8.012668E+03,6.210877E+02,5.579058E-01,5.484972E-02,0.000000E+00,0.000000E+00,0.000000E+00,0.000000E+00,0.000000E+00,0.000000E+00,0.000000E+00,0.000000E+00,2.110805E+01,7.994771E+01,2.388839E+01,6.811125E+01
06:25:00,8.012668E+03,6.220519E+02,5.579058E-01,5.493487E-02,0.000000E+00,0.000000E+00,0.000000E+00,0.000000E+00,0.000000E+00,0.000000E+00,0.000000E+00,0.000000E+00,2.110805E+01,7.994771E+01,2.388839E+01,6.809852E+01
06:26:00,8.012668E+03,6.230278E+02,5.579058E-01,5.502106E-02,0.000000E+00,0.000000E+00,0.000000E+00,0.000000E+00,0.000000E+00,0.000000E+00,0.000000E+00,0.000000E+00,2.110805E+01,7.994771E+01,2.388839E+01,6.808561E+01
06:27:00,8.012668E+03,6.240601E+02,5.579058E-01,5.511223E-02,0.000000E+00,0.000000E+00,0.000000E+00,0.000000E+00,0.000000E+00,0.000000E+00,0.000000E+00,0.000000E+00,2.110805E+01,7.994771E+01,2.388839E+01,6.807251E+01
06:28:00,8.012668E+03,6.251063E+02,5.579058E-01,5.520463E-02,0.000000E+00,0.000000E+00,0.000000E+00,0.000000E+00,0.000000E+00,0.000000E+00,0.000000E+00,0.000000E+00,2.110805E+01,7.994771E+01,2.388838E+01,6.805870E+01
06:29:00,8.012669E+03,6.261663E+02,5.579058E-01,5.529824E-02,0.000000E+00,0.000000E+00,0.000000E+00,0.000000E+00,0.000000E+00,0.000000E+00,0.000000E+00,0.000000E+00,2.110805E+01,7.994771E+01,2.388838E+01,6.804435E+01
06:30:00,8.012669E+03,6.272392E+02,5.579058E-01,5.539299E-02,0.000000E+00,0.000000E+00,0.000000E+00,0.000000E+00,0.000000E+00,0.000000E+00,0.000000E+00,0.000000E+00,2.110805E+01,7.994771E+01,2.388838E+01,6.802969E+01
06:31:00,8.012669E+03,6.283251E+02,5.579058E-01,5.548890E-02,0.000000E+00,0.000000E+00,0.000000E+00,0.000000E+00,0.000000E+00,0.000000E+00,0.000000E+00,0.000000E+00,2.110805E+01,7.994771E+01,2.388838E+01,6.801485E+01
06:32:00,8.012669E+03,6.294242E+02,5.579058E-01,5.558596E-02,0.000000E+00,0.000000E+00,0.000000E+00,0.000000E+00,0.000000E+00,0.000000E+00,0.000000E+00,0.000000E+00,2.110805E+01,7.994771E+01,2.388838E+01,6.799986E+01
06:33:00,8.012669E+03,6.305364E+02,5.579058E-01,5.568419E-02,0.000000E+00,0.000000E+00,0.000000E+00,0.000000E+00,0.000000E+00,0.000000E+00,0.000000E+00,0.000000E+00,2.110805E+01,7.994771E+01,2.388838E+01,6.798473E+01
06:34:00,8.012669E+03,6.316620E+02,5.579058E-01,5.578359E-02,0.000000E+00,0.000000E+00,0.000000E+00,0.000000E+00,0.000000E+00,0.000000E+00,0.000000E+00,0.000000E+00,2.110805E+01,7.994771E+01,2.388838E+01,6.796945E+01
06:35:00,8.012669E+03,6.328009E+02,5.579058E-01,5.588418E-02,0.000000E+00,0.000000E+00,0.000000E+00,0.000000E+00,0.000000E+00,0.000000E+00,0.000000E+00,0.000000E+00,2.110805E+01,7.994771E+01,2.388838E+01,6.795402E+01
06:36:00,8.012669E+03,6.339534E+02,5.579058E-01,5.598596E-02,0.000000E+00,0.000000E+00,0.000000E+00,0.000000E+00,0.000000E+00,0.000000E+00,0.000000E+00,0.000000E+00,2.110805E+01,7.994771E+01,2.388838E+01,6.793846E+01
06:37:00,8.012669E+03,6.351195E+02,5.579058E-01,5.608895E-02,0.000000E+00,0.000000E+00,0.000000E+00,0.000000E+00,0.000000E+00,0.000000E+00,0.000000E+00,0.000000E+00,2.110805E+01,7.994771E+01,2.388838E+01,6.792275E+01
06:38:00,8.012669E+03,6.362994E+02,5.579058E-01,5.619315E-02,0.000000E+00,0.000000E+00,0.000000E+00,0.000000E+00,0.000000E+00,0.000000E+00,0.000000E+00,0.000000E+00,2.110805E+01,7.994771E+01,2.388837E+01,6.790692E+01
06:39:00,8.012669E+03,6.374932E+02,5.579058E-01,5.629858E-02,0.000000E+00,0.000000E+00,0.000000E+00,0.000000E+00,0.000000E+00,0.000000E+00,0.000000E+00,0.000000E+00,2.110805E+01,7.994771E+01,2.388837E+01,6.789095E+01
06:40:00,8.012669E+03,6.387010E+02,5.579058E-01,5.640525E-02,0.000000E+00,0.000000E+00,0.000000E+00,0.000000E+00,0.000000E+00,0.000000E+00,0.000000E+00,0.000000E+00,2.110805E+01,7.994771E+01,2.388837E+01,6.787486E+01
06:41:00,8.012669E+03,6.399231E+02,5.579058E-01,5.651318E-02,0.000000E+00,0.000000E+00,0.000000E+00,0.000000E+00,0.000000E+00,0.000000E+00,0.000000E+00,0.000000E+00,2.110805E+01,7.994771E+01,2.388837E+01,6.785865E+01
06:42:00,8.012669E+03,6.411594E+02,5.579058E-01,5.662236E-02,0.000000E+00,0.000000E+00,0.000000E+00,0.000000E+00,0.000000E+00,0.000000E+00,0.000000E+00,0.000000E+00,2.110805E+01,7.994771E+01,2.388837E+01,6.784231E+01
06:43:00,8.012669E+03,6.424102E+02,5.579058E-01,5.673282E-02,0.000000E+00,0.000000E+00,0.000000E+00,0.000000E+00,0.000000E+00,0.000000E+00,0.000000E+00,0.000000E+00,2.110805E+01,7.994771E+01,2.388837E+01,6.782586E+01
06:44:00,8.012669E+03,6.436754E+02,5.579058E-01,5.684457E-02,0.000000E+00,0.000000E+00,0.000000E+00,0.000000E+00,0.000000E+00,0.000000E+00,0.000000E+00,0.000000E+00,2.110805E+01,7.994771E+01,2.388837E+01,6.780929E+01
06:45:00,8.012669E+03,6.449553E+02,5.579058E-01,5.695760E-02,0.000000E+00,0.000000E+00,0.000000E+00,0.000000E+00,0.000000E+00,0.000000E+00,0.000000E+00,0.000000E+00,2.110805E+01,7.994771E+01,2.388837E+01,6.779261E+01
06:46:00,8.012669E+03,6.462499E+02,5.579058E-01,5.707193E-02,0.000000E+00,0.000000E+00,0.000000E+00,0.000000E+00,0.000000E+00,0.000000E+00,0.000000E+00,0.000000E+00,2.110805E+01,7.994771E+01,2.388837E+01,6.777582E+01
06:47:00,8.012669E+03,6.475594E+02,5.579058E-01,5.718758E-02,0.000000E+00,0.000000E+00,0.000000E+00,0.000000E+00,0.000000E+00,0.000000E+00,0.000000E+00,0.000000E+00,2.110805E+01,7.994771E+01,2.388837E+01,6.775892E+01
06:48:00,8.012669E+03,6.488838E+02,5.579058E-01,5.730455E-02,0.000000E+00,0.000000E+00,0.000000E+00,0.000000E+00,0.000000E+00,0.000000E+00,0.000000E+00,0.000000E+00,2.110805E+01,7.994771E+01,2.388837E+01,6.774192E+01
06:49:00,8.012669E+03,6.502233E+02,5.579058E-01,5.742284E-02,0.000000E+00,0.000000E+00,0.000000E+00,0.000000E+00,0.000000E+00,0.000000E+00,0.000000E+00,0.000000E+00,2.110805E+01,7.994771E+01,2.388837E+01,6.772482E+01
06:50:00,8.012669E+03,6.515779E+02,5.579058E-01,5.754248E-02,0.000000E+00,0.000000E+00,0.000000E+00,0.000000E+00,0.000000E+00,0.000000E+00,0.000000E+00,0.000000E+00,2.110805E+01,7.994771E+01,2.388836E+01,6.770761E+01
06:51:00,8.012669E+03,6.529477E+02,5.579058E-01,5.766345E-02,0.000000E+00,0.000000E+00,0.000000E+00,0.000000E+00,0.000000E+00,0.000000E+00,0.000000E+00,0.000000E+00,2.110805E+01,7.994771E+01,2.388836E+01,6.769032E+01
06:52:00,8.012669E+03,6.543328E+02,5.579058E-01,5.778578E-02,0.000000E+00,0.000000E+00,0.000000E+00,0.000000E+00,0.000000E+00,0.000000E+00,0.000000E+00,0.000000E+00,2.110805E+01,7.994771E+01,2.388836E+01,6.767292E+01
06:53:00,8.012669E+03,6.557332E+02,5.579058E-01,5.790946E-02,0.000000E+00,0.000000E+00,0.000000E+00,0.000000E+00,0.000000E+00,0.000000E+00,0.000000E+00,0.000000E+00,2.110805E+01,7.994771E+01,2.388836E+01,6.765544E+01
06:54:00,8.012669E+03,6.571489E+02,5.579058E-01,5.803448E-02,0.000000E+00,0.000000E+00,0.000000E+00,0.000000E+00,0.000000E+00,0.000000E+00,0.000000E+00,0.000000E+00,2.110805E+01,7.994771E+01,2.388836E+01,6.763787E+01
06:55:00,8.012669E+03,6.585798E+02,5.579058E-01,5.816086E-02,0.000000E+00,0.000000E+00,0.000000E+00,0.000000E+00,0.000000E+00,0.000000E+00,0.000000E+00,0.000000E+00,2.110805E+01,7.994771E+01,2.388836E+01,6.762022E+01
06:56:00,8.012669E+03,6.600264E+02,5.579058E-01,5.828861E-02,0.000000E+00,0.000000E+00,0.000000E+00,0.000000E+00,0.000000E+00,0.000000E+00,0.000000E+00,0.000000E+00,2.110805E+01,7.994771E+01,2.388836E+01,6.760249E+01
06:57:00,8.012669E+03,6.614889E+02,5.579058E-01,5.841778E-02,0.000000E+00,0.000000E+00,0.000000E+00,0.000000E+00,0.000000E+00,0.000000E+00,0.000000E+00,0.000000E+00,2.110805E+01,7.994771E+01,2.388836E+01,6.758468E+01
06:58:00,8.012669E+03,6.629675E+02,5.579058E-01,5.854836E-02,0.000000E+00,0.000000E+00,0.000000E+00,0.000000E+00,0.000000E+00,0.000000E+00,0.000000E+00,0.000000E+00,2.110805E+01,7.994771E+01,2.388836E+01,6.756679E+01
06:59:00,8.012669E+03,6.644625E+02,5.579058E-01,5.868039E-02,0.000000E+00,0.000000E+00,0.000000E+00,0.000000E+00,0.000000E+00,0.000000E+00,0.000000E+00,0.000000E+00,2.110805E+01,7.994771E+01,2.388836E+01,6.754882E+01
07:00:00,8.012669E+03,6.659740E+02,5.579058E-01,5.881388E-02,0.000000E+00,0.000000E+00,0.000000E+00,0.000000E+00,0.000000E+00,0.000000E+00,0.000000E+00,0.000000E+00,2.110805E+01,7.994771E+01,2.388836E+01,6.753077E+01
07:01:00,8.012669E+03,6.675167E+02,5.579058E-01,5.895012E-02,0.000000E+00,0.000000E+00,0.000000E+00,0.000000E+00,0.000000E+00,0.000000E+00,0.000000E+00,0.000000E+00,2.110805E+01,7.994771E+01,2.388836E+01,6.751264E+01
07:02:00,8.012669E+03,6.690904E+02,5.579058E-01,5.908911E-02,0.000000E+00,0.000000E+00,0.000000E+00,0.000000E+00,0.000000E+00,0.000000E+00,0.000000E+00,0.000000E+00,2.110805E+01,7.994771E+01,2.388835E+01,6.749408E+01
07:03:00,8.012669E+03,6.706956E+02,5.579058E-01,5.923087E-02,0.000000E+00,0.000000E+00,0.000000E+00,0.000000E+00,0.000000E+00,0.000000E+00,0.000000E+00,0.000000E+00,2.110805E+01,7.994771E+01,2.388835E+01,6.747490E+01
07:04:00,8.012669E+03,6.723323E+02,5.579058E-01,5.937542E-02,0.000000E+00,0.000000E+00,0.000000E+00,0.000000E+00,0.000000E+00,0.000000E+00,0.000000E+00,0.000000E+00,2.110805E+01,7.994771E+01,2.388835E+01,6.745503E+01
07:05:00,8.012669E+03,6.740008E+02,5.579058E-01,5.952277E-02,0.000000E+00,0.000000E+00,0.000000E+00,0.000000E+00,0.000000E+00,0.000000E+00,0.000000E+00,0.000000E+00,2.110805E+01,7.994771E+01,2.388835E+01,6.743448E+01
07:06:00,8.012669E+03,6.757021E+02,5.579058E-01,5.967302E-02,0.000000E+00,0.000000E+00,0.000000E+00,0.000000E+00,0.000000E+00,0.000000E+00,0.000000E+00,0.000000E+00,2.110805E+01,7.994771E+01,2.388835E+01,6.741328E+01
07:07:00,8.012669E+03,6.774356E+02,5.579058E-01,5.982612E-02,0.000000E+00,0.000000E+00,0.000000E+00,0.000000E+00,0.000000E+00,0.000000E+00,0.000000E+00,0.000000E+00,2.110805E+01,7.994771E+01,2.388834E+01,6.739145E+01
07:08:00,8.012669E+03,6.792014E+02,5.579058E-01,5.998207E-02,0.000000E+00,0.000000E+00,0.000000E+00,0.000000E+00,0.000000E+00,0.000000E+00,0.000000E+00,0.000000E+00,2.110805E+01,7.994771E+01,2.388834E+01,6.736900E+01
07:09:00,8.012669E+03,6.809998E+02,5.579058E-01,6.014090E-02,0.000000E+00,0.000000E+00,0.000000E+00,0.000000E+00,0.000000E+00,0.000000E+00,0.000000E+00,0.000000E+00,2.110805E+01,7.994771E+01,2.388834E+01,6.734596E+01
07:10:00,8.012669E+03,6.828310E+02,5.579058E-01,6.030262E-02,0.000000E+00,0.000000E+00,0.000000E+00,0.000000E+00,0.000000E+00,0.000000E+00,0.000000E+00,0.000000E+00,2.110805E+01,7.994771E+01,2.388834E+01,6.732233E+01
07:11:00,8.012669E+03,6.846952E+02,5.579058E-01,6.046726E-02,0.000000E+00,0.000000E+00,0.000000E+00,0.000000E+00,0.000000E+00,0.000000E+00,0.000000E+00,0.000000E+00,2.110805E+01,7.994771E+01,2.388834E+01,6.729814E+01
07:12:00,8.012669E+03,6.865925E+02,5.579058E-01,6.063482E-02,0.000000E+00,0.000000E+00,0.000000E+00,0.000000E+00,0.000000E+00,0.000000E+00,0.000000E+00,0.000000E+00,2.110805E+01,7.994771E+01,2.388833E+01,6.727338E+01
07:13:00,8.012669E+03,6.885233E+02,5.579058E-01,6.080534E-02,0.000000E+00,0.000000E+00,0.000000E+00,0.000000E+00,0.000000E+00,0.000000E+00,0.000000E+00,0.000000E+00,2.110805E+01,7.994771E+01,2.388833E+01,6.724809E+01
07:14:00,8.012669E+03,6.904877E+02,5.579058E-01,6.097883E-02,0.000000E+00,0.000000E+00,0.000000E+00,0.000000E+00,0.000000E+00,0.000000E+00,0.000000E+00,0.000000E+00,2.110805E+01,7.994771E+01,2.388833E+01,6.722227E+01
07:15:00,8.012669E+03,6.924859E+02,5.579058E-01,6.115531E-02,0.000000E+00,0.000000E+00,0.000000E+00,0.000000E+00,0.000000E+00,0.000000E+00,0.000000E+00,0.000000E+00,2.110805E+01,7.994771E+01,2.388833E+01,6.719593E+01
07:16:00,8.012669E+03,6.945184E+02,5.579058E-01,6.133480E-02,0.000000E+00,0.000000E+00,0.000000E+00,0.000000E+00,0.000000E+00,0.000000E+00,0.000000E+00,0.000000E+00,2.110805E+01,7.994771E+01,2.388833E+01,6.716908E+01
07:17:00,8.012669E+03,6.965851E+02,5.579058E-01,6.151733E-02,0.000000E+00,0.000000E+00,0.000000E+00,0.000000E+00,0.000000E+00,0.000000E+00,0.000000E+00,0.000000E+00,2.110805E+01,7.994771E+01,2.388832E+01,6.714175E+01
07:18:00,8.012669E+03,6.986863E+02,5.579058E-01,6.170290E-02,0.000000E+00,0.000000E+00,0.000000E+00,0.000000E+00,0.000000E+00,0.000000E+00,0.000000E+00,0.000000E+00,2.110805E+01,7.994771E+01,2.388832E+01,6.711393E+01
07:19:00,8.012669E+03,7.008221E+02,5.579058E-01,6.189152E-02,0.000000E+00,0.000000E+00,0.000000E+00,0.000000E+00,0.000000E+00,0.000000E+00,0.000000E+00,0.000000E+00,2.110805E+01,7.994771E+01,2.388832E+01,6.708565E+01
07:20:00,8.012669E+03,7.029926E+02,5.579058E-01,6.208321E-02,0.000000E+00,0.000000E+00,0.000000E+00,0.000000E+00,0.000000E+00,0.000000E+00,0.000000E+00,0.000000E+00,2.110805E+01,7.994771E+01,2.388832E+01,6.705690E+01
07:21:00,8.012669E+03,7.051980E+02,5.579058E-01,6.227798E-02,0.000000E+00,0.000000E+00,0.000000E+00,0.000000E+00,0.000000E+00,0.000000E+00,0.000000E+00,0.000000E+00,2.110805E+01,7.994771E+01,2.388832E+01,6.702771E+01
07:22:00,8.012669E+03,7.074385E+02,5.579058E-01,6.247586E-02,0.000000E+00,0.000000E+00,0.000000E+00,0.000000E+00,0.000000E+00,0.000000E+00,0.000000E+00,0.000000E+00,2.110805E+01,7.994771E+01,2.388831E+01,6.699808E+01
07:23:00,8.012669E+03,7.097140E+02,5.579058E-01,6.267682E-02,0.000000E+00,0.000000E+00,0.000000E+00,0.000000E+00,0.000000E+00,0.000000E+00,0.000000E+00,0.000000E+00,2.110805E+01,7.994771E+01,2.388831E+01,6.696802E+01
07:24:00,8.012669E+03,7.120241E+02,5.579058E-01,6.288083E-02,0.000000E+00,0.000000E+00,0.000000E+00,0.000000E+00,0.000000E+00,0.000000E+00,0.000000E+00,0.000000E+00,2.110805E+01,7.994771E+01,2.388831E+01,6.693756E+01
07:25:00,8.012669E+03,7.143689E+02,5.579058E-01,6.308792E-02,0.000000E+00,0.000000E+00,0.000000E+00,0.000000E+00,0.000000E+00,0.000000E+00,0.000000E+00,0.000000E+00,2.110805E+01,7.994771E+01,2.388831E+01,6.690670E+01
07:26:00,8.012669E+03,7.167491E+02,5.579058E-01,6.329813E-02,0.000000E+00,0.000000E+00,0.000000E+00,0.000000E+00,0.000000E+00,0.000000E+00,0.000000E+00,0.000000E+00,2.110805E+01,7.994771E+01,2.388831E+01,6.687545E+01
07:27:00,8.012669E+03,7.191204E+02,5.579058E-01,6.350756E-02,0.000000E+00,0.000000E+00,0.000000E+00,0.000000E+00,0.000000E+00,0.000000E+00,0.000000E+00,0.000000E+00,2.110805E+01,7.994771E+01,2.388831E+01,6.684384E+01
07:28:00,8.012669E+03,7.215258E+02,5.579058E-01,6.371999E-02,0.000000E+00,0.000000E+00,0.000000E+00,0.000000E+00,0.000000E+00,0.000000E+00,0.000000E+00,0.000000E+00,2.110805E+01,7.994771E+01,2.388830E+01,6.681185E+01
07:29:00,8.012669E+03,7.239662E+02,5.579058E-01,6.393552E-02,0.000000E+00,0.000000E+00,0.000000E+00,0.000000E+00,0.000000E+00,0.000000E+00,0.000000E+00,0.000000E+00,2.110805E+01,7.994771E+01,2.388830E+01,6.677949E+01
07:30:00,8.012669E+03,7.264428E+02,5.579058E-01,6.415424E-02,0.000000E+00,0.000000E+00,0.000000E+00,0.000000E+00,0.000000E+00,0.000000E+00,0.000000E+00,0.000000E+00,2.110805E+01,7.994771E+01,2.388830E+01,6.674677E+01
07:31:00,8.012669E+03,7.289557E+02,5.579058E-01,6.437617E-02,0.000000E+00,0.000000E+00,0.000000E+00,0.000000E+00,0.000000E+00,0.000000E+00,0.000000E+00,0.000000E+00,2.110805E+01,7.994771E+01,2.388830E+01,6.671369E+01
07:32:00,8.012669E+03,7.315051E+02,5.579058E-01,6.460133E-02,0.000000E+00,0.000000E+00,0.000000E+00,0.000000E+00,0.000000E+00,0.000000E+00,0.000000E+00,0.000000E+00,2.110805E+01,7.994771E+01,2.388830E+01,6.668025E+01
07:33:00,8.012669E+03,7.340913E+02,5.579058E-01,6.482973E-02,0.000000E+00,0.000000E+00,0.000000E+00,0.000000E+00,0.000000E+00,0.000000E+00,0.000000E+00,0.000000E+00,2.110805E+01,7.994771E+01,2.388829E+01,6.664646E+01
07:34:00,8.012669E+03,7.367145E+02,5.579058E-01,6.506140E-02,0.000000E+00,0.000000E+00,0.000000E+00,0.000000E+00,0.000000E+00,0.000000E+00,0.000000E+00,0.000000E+00,2.110805E+01,7.994771E+01,2.388829E+01,6.661234E+01
07:35:00,8.012669E+03,7.393749E+02,5.579058E-01,6.529635E-02,0.000000E+00,0.000000E+00,0.000000E+00,0.000000E+00,0.000000E+00,0.000000E+00,0.000000E+00,0.000000E+00,2.110805E+01,7.994771E+01,2.388829E+01,6.657789E+01
07:36:00,8.012669E+03,7.420726E+02,5.579058E-01,6.553461E-02,0.000000E+00,0.000000E+00,0.000000E+00,0.000000E+00,0.000000E+00,0.000000E+00,0.000000E+00,0.000000E+00,2.110805E+01,7.994771E+01,2.388829E+01,6.654312E+01
07:37:00,8.012669E+03,7.448082E+02,5.579058E-01,6.577620E-02,0.000000E+00,0.000000E+00,0.000000E+00,0.000000E+00,0.000000E+00,0.000000E+00,0.000000E+00,0.000000E+00,2.110805E+01,7.994771E+01,2.388829E+01,6.650803E+01
07:38:00,8.012669E+03,7.475825E+02,5.579058E-01,6.602122E-02,0.000000E+00,0.000000E+00,0.000000E+00,0.000000E+00,0.000000E+00,0.000000E+00,0.000000E+00,0.000000E+00,2.110805E+01,7.994771E+01,2.388828E+01,6.647264E+01
07:39:00,8.012669E+03,7.503958E+02,5.579058E-01,6.626968E-02,0.000000E+00,0.000000E+00,0.000000E+00,0.000000E+00,0.000000E+00,0.000000E+00,0.000000E+00,0.000000E+00,2.110805E+01,7.994771E+01,2.388828E+01,6.643693E+01
07:40:00,8.012669E+03,7.532483E+02,5.579058E-01,6.652160E-02,0.000000E+00,0.000000E+00,0.000000E+00,0.000000E+00,0.000000E+00,0.000000E+00,0.000000E+00,0.000000E+00,2.110805E+01,7.994771E+01,2.388828E+01,6.640092E+01
07:41:00,8.012669E+03,7.561402E+02,5.579058E-01,6.677700E-02,0.000000E+00,0.000000E+00,0.000000E+00,0.000000E+00,0.000000E+00,0.000000E+00,0.000000E+00,0.000000E+00,2.110805E+01,7.994771E+01,2.388828E+01,6.636460E+01
07:42:00,8.012669E+03,7.590716E+02,5.579058E-01,6.703589E-02,0.000000E+00,0.000000E+00,0.000000E+00,0.000000E+00,0.000000E+00,0.000000E+00,0.000000E+00,0.000000E+00,2.110805E+01,7.994771E+01,2.388828E+01,6.632799E+01
07:43:00,8.012669E+03,7.620426E+02,5.579058E-01,6.729828E-02,0.000000E+00,0.000000E+00,0.000000E+00,0.000000E+00,0.000000E+00,0.000000E+00,0.000000E+00,0.000000E+00,2.110805E+01,7.994771E+01,2.388828E+01,6.629109E+01
07:44:00,8.012669E+03,7.650535E+02,5.579058E-01,6.756419E-02,0.000000E+00,0.000000E+00,0.000000E+00,0.000000E+00,0.000000E+00,0.000000E+00,0.000000E+00,0.000000E+00,2.110805E+01,7.994771E+01,2.388827E+01,6.625391E+01
07:45:00,8.012669E+03,7.681042E+02,5.579058E-01,6.783362E-02,0.000000E+00,0.000000E+00,0.000000E+00,0.000000E+00,0.000000E+00,0.000000E+00,0.000000E+00,0.000000E+00,2.110805E+01,7.994771E+01,2.388827E+01,6.621646E+01
07:46:00,8.012669E+03,7.711951E+02,5.579058E-01,6.810659E-02,0.000000E+00,0.000000E+00,0.000000E+00,0.000000E+00,0.000000E+00,0.000000E+00,0.000000E+00,0.000000E+00,2.110805E+01,7.994771E+01,2.388827E+01,6.617874E+01
07:47:00,8.012669E+03,7.743262E+02,5.579058E-01,6.838312E-02,0.000000E+00,0.000000E+00,0.000000E+00,0.000000E+00,0.000000E+00,0.000000E+00,0.000000E+00,0.000000E+00,2.110805E+01,7.994771E+01,2.388827E+01,6.614076E+01
07:48:00,8.012669E+03,7.774976E+02,5.579058E-01,6.866322E-02,0.000000E+00,0.000000E+00,0.000000E+00,0.000000E+00,0.000000E+00,0.000000E+00,0.000000E+00,0.000000E+00,2.110805E+01,7.994771E+01,2.388827E+01,6.610254E+01
07:49:00,8.012669E+03,7.807096E+02,5.579058E-01,6.894688E-02,0.000000E+00,0.000000E+00,0.000000E+00,0.000000E+00,0.000000E+00,0.000000E+00,0.000000E+00,0.000000E+00,2.110805E+01,7.994771E+01,2.388826E+01,6.606408E+01
07:50:00,8.012669E+03,7.839621E+02,5.579058E-01,6.923413E-02,0.000000E+00,0.000000E+00,0.000000E+00,0.000000E+00,0.000000E+00,0.000000E+00,0.000000E+00,0.000000E+00,2.110805E+01,7.994771E+01,2.388826E+01,6.602537E+01
07:51:00,8.012669E+03,7.872556E+02,5.579058E-01,6.952500E-02,0.000000E+00,0.000000E+00,0.000000E+00,0.000000E+00,0.000000E+00,0.000000E+00,0.000000E+00,0.000000E+00,2.110805E+01,7.994771E+01,2.388826E+01,6.598645E+01
07:52:00,8.012669E+03,7.905899E+02,5.579058E-01,6.981948E-02,0.000000E+00,0.000000E+00,0.000000E+00,0.000000E+00,0.000000E+00,0.000000E+00,0.000000E+00,0.000000E+00,2.110805E+01,7.994771E+01,2.388826E+01,6.594730E+01
07:53:00,8.012669E+03,7.939654E+02,5.579058E-01,7.011758E-02,0.000000E+00,0.000000E+00,0.000000E+00,0.000000E+00,0.000000E+00,0.000000E+00,0.000000E+00,0.000000E+00,2.110805E+01,7.994771E+01,2.388826E+01,6.590794E+01
07:54:00,8.012669E+03,7.973822E+02,5.579058E-01,7.041935E-02,0.000000E+00,0.000000E+00,0.000000E+00,0.000000E+00,0.000000E+00,0.000000E+00,0.000000E+00,0.000000E+00,2.110805E+01,7.994771E+01,2.388826E+01,6.586838E+01
07:55:00,8.012669E+03,8.008408E+02,5.579058E-01,7.072480E-02,0.000000E+00,0.000000E+00,0.000000E+00,0.000000E+00,0.000000E+00,0.000000E+00,0.000000E+00,0.000000E+00,2.110805E+01,7.994771E+01,2.388825E+01,6.582862E+01
07:56:00,8.012669E+03,8.043409E+02,5.579058E-01,7.103391E-02,0.000000E+00,0.000000E+00,0.000000E+00,0.000000E+00,0.000000E+00,0.000000E+00,0.000000E+00,0.000000E+00,2.110805E+01,7.994771E+01,2.388825E+01,6.578866E+01
07:57:00,8.012669E+03,8.078822E+02,5.579058E-01,7.134667E-02,0.000000E+00,0.000000E+00,0.000000E+00,0.000000E+00,0.000000E+00,0.000000E+00,0.000000E+00,0.000000E+00,2.110805E+01,7.994771E+01,2.388825E+01,6.574852E+01
07:58:00,8.012669E+03,8.114650E+02,5.579058E-01,7.166309E-02,0.000000E+00,0.000000E+00,0.000000E+00,0.000000E+00,0.000000E+00,0.000000E+00,0.000000E+00,0.000000E+00,2.110805E+01,7.994771E+01,2.388825E+01,6.570821E+01
07:59:00,8.012669E+03,8.150893E+02,5.579058E-01,7.198318E-02,0.000000E+00,0.000000E+00,0.000000E+00,0.000000E+00,0.000000E+00,0.000000E+00,0.000000E+00,0.000000E+00,2.110805E+01,7.994771E+01,2.388825E+01,6.566772E+01
08:00:00,8.012669E+03,8.187548E+02,5.579058E-01,7.230690E-02,0.000000E+00,0.000000E+00,0.000000E+00,0.000000E+00,0.000000E+00,0.000000E+00,0.000000E+00,0.000000E+00,2.110805E+01,7.994771E+01,2.388825E+01,6.562707E+01
08:01:00,8.012669E+03,8.224384E+02,5.579058E-01,7.263222E-02,0.000000E+00,0.000000E+00,0.000000E+00,0.000000E+00,0.000000E+00,0.000000E+00,0.000000E+00,0.000000E+00,2.110805E+01,7.994771E+01,2.388824E+01,6.558625E+01
08:02:00,8.012669E+03,8.261403E+02,5.579058E-01,7.295916E-02,0.000000E+00,0.000000E+00,0.000000E+00,0.000000E+00,0.000000E+00,0.000000E+00,0.000000E+00,0.000000E+00,2.110805E+01,7.994771E+01,2.388824E+01,6.554522E+01
08:03:00,8.012669E+03,8.298608E+02,5.579058E-01,7.328775E-02,0.000000E+00,0.000000E+00,0.000000E+00,0.000000E+00,0.000000E+00,0.000000E+00,0.000000E+00,0.000000E+00,2.110805E+01,7.994771E+01,2.388824E+01,6.550395E+01
08:04:00,8.012669E+03,8.335996E+02,5.579058E-01,7.361794E-02,0.000000E+00,0.000000E+00,0.000000E+00,0.000000E+00,0.000000E+00,0.000000E+00,0.000000E+00,0.000000E+00,2.110805E+01,7.994771E+01,2.388824E+01,6.546243E+01
08:05:00,8.012669E+03,8.373566E+02,5.579058E-01,7.394975E-02,0.000000E+00,0.000000E+00,0.000000E+00,0.000000E+00,0.000000E+00,0.000000E+00,0.000000E+00,0.000000E+00,2.110805E+01,7.994771E+01,2.388824E+01,6.542066E+01
08:06:00,8.012669E+03,8.411322E+02,5.579058E-01,7.428319E-02,0.000000E+00,0.000000E+00,0.000000E+00,0.000000E+00,0.000000E+00,0.000000E+00,0.000000E+00,0.000000E+00,2.110805E+01,7.994771E+01,2.388823E+01,6.537866E+01
08:07:00,8.012669E+03,8.449259E+02,5.579058E-01,7.461825E-02,0.000000E+00,0.000000E+00,0.000000E+00,0.000000E+00,0.000000E+00,0.000000E+00,0.000000E+00,0.000000E+00,2.110805E+01,7.994771E+01,2.388823E+01,6.533644E+01
08:08:00,8.012669E+03,8.487377E+02,5.579058E-01,7.495489E-02,0.000000E+00,0.000000E+00,0.000000E+00,0.000000E+00,0.000000E+00,0.000000E+00,0.000000E+00,0.000000E+00,2.110805E+01,7.994771E+01,2.388823E+01,6.529401E+01
08:09:00,8.012669E+03,8.525678E+02,5.579058E-01,7.529315E-02,0.000000E+00,0.000000E+00,0.000000E+00,0.000000E+00,0.000000E+00,0.000000E+00,0.000000E+00,0.000000E+00,2.110805E+01,7.994771E+01,2.388823E+01,6.525138E+01
08:10:00,8.012669E+03,8.564161E+02,5.579058E-01,7.563302E-02,0.000000E+00,0.000000E+00,0.000000E+00,0.000000E+00,0.000000E+00,0.000000E+00,0.000000E+00,0.000000E+00,2.110805E+01,7.994771E+01,2.388823E+01,6.520855E+01
08:11:00,8.012669E+03,8.602821E+02,5.579058E-01,7.597445E-02,0.000000E+00,0.000000E+00,0.000000E+00,0.000000E+00,0.000000E+00,0.000000E+00,0.000000E+00,0.000000E+00,2.110805E+01,7.994771E+01,2.388822E+01,6.516553E+01
08:12:00,8.012669E+03,8.641663E+02,5.579058E-01,7.631749E-02,0.000000E+00,0.000000E+00,0.000000E+00,0.000000E+00,0.000000E+00,0.000000E+00,0.000000E+00,0.000000E+00,2.110805E+01,7.994771E+01,2.388822E+01,6.512234E+01
08:13:00,8.012669E+03,8.680684E+02,5.579058E-01,7.666211E-02,0.000000E+00,0.000000E+00,0.000000E+00,0.000000E+00,0.000000E+00,0.000000E+00,0.000000E+00,0.000000E+00,2.110805E+01,7.994771E+01,2.388822E+01,6.507898E+01
08:14:00,8.012669E+03,8.719880E+02,5.579058E-01,7.700828E-02,0.000000E+00,0.000000E+00,0.000000E+00,0.000000E+00,0.000000E+00,0.000000E+00,0.000000E+00,0.000000E+00,2.110805E+01,7.994771E+01,2.388822E+01,6.503546E+01
08:15:00,8.012669E+03,8.759255E+02,5.579058E-01,7.735602E-02,0.000000E+00,0.000000E+00,0.000000E+00,0.000000E+00,0.000000E+00,0.000000E+00,0.000000E+00,0.000000E+00,2.110805E+01,7.994771E+01,2.388822E+01,6.499178E+01
08:16:00,8.012669E+03,8.798807E+02,5.579058E-01,7.770533E-02,0.000000E+00,0.000000E+00,0.000000E+00,0.000000E+00,0.000000E+00,0.000000E+00,0.000000E+00,0.000000E+00,2.110805E+01,7.994771E+01,2.388822E+01,6.494796E+01
08:17:00,8.012669E+03,8.838531E+02,5.579058E-01,7.805616E-02,0.000000E+00,0.000000E+00,0.000000E+00,0.000000E+00,0.000000E+00,0.000000E+00,0.000000E+00,0.000000E+00,2.110805E+01,7.994771E+01,2.388821E+01,6.490400E+01
08:18:00,8.012669E+03,8.878432E+02,5.579058E-01,7.840855E-02,0.000000E+00,0.000000E+00,0.000000E+00,0.000000E+00,0.000000E+00,0.000000E+00,0.000000E+00,0.000000E+00,2.110805E+01,7.994771E+01,2.388821E+01,6.485991E+01
08:19:00,8.012669E+03,8.918505E+02,5.579058E-01,7.876247E-02,0.000000E+00,0.000000E+00,0.000000E+00,0.000000E+00,0.000000E+00,0.000000E+00,0.000000E+00,0.000000E+00,2.110805E+01,7.994771E+01,2.388821E+01,6.481569E+01
08:20:00,8.012669E+03,8.958749E+02,5.579058E-01,7.911789E-02,0.000000E+00,0.000000E+00,0.000000E+00,0.000000E+00,0.000000E+00,0.000000E+00,0.000000E+00,0.000000E+00,2.110805E+01,7.994771E+01,2.388821E+01,6.477136E+01
08:21:00,8.012669E+03,8.999165E+02,5.579058E-01,7.947483E-02,0.000000E+00,0.000000E+00,0.000000E+00,0.000000E+00,0.000000E+00,0.000000E+00,0.000000E+00,0.000000E+00,2.110805E+01,7.994771E+01,2.388821E+01,6.472692E+01
08:22:00,8.012669E+03,9.039752E+02,5.579058E-01,7.983328E-02,0.000000E+00,0.000000E+00,0.000000E+00,0.000000E+00,0.000000E+00,0.000000E+00,0.000000E+00,0.000000E+00,2.110805E+01,7.994771E+01,2.388821E+01,6.468238E+01
08:23:00,8.012669E+03,9.080510E+02,5.579058E-01,8.019324E-02,0.000000E+00,0.000000E+00,0.000000E+00,0.000000E+00,0.000000E+00,0.000000E+00,0.000000E+00,0.000000E+00,2.110805E+01,7.994771E+01,2.388820E+01,6.463773E+01
08:24:00,8.012669E+03,9.121442E+02,5.579058E-01,8.055474E-02,0.000000E+00,0.000000E+00,0.000000E+00,0.000000E+00,0.000000E+00,0.000000E+00,0.000000E+00,0.000000E+00,2.110805E+01,7.994771E+01,2.388820E+01,6.459300E+01
08:25:00,8.012669E+03,9.162549E+02,5.579058E-01,8.091779E-02,0.000000E+00,0.000000E+00,0.000000E+00,0.000000E+00,0.000000E+00,0.000000E+00,0.000000E+00,0.000000E+00,2.110805E+01,7.994771E+01,2.388820E+01,6.454819E+01
08:26:00,8.012669E+03,9.203828E+02,5.579058E-01,8.128235E-02,0.000000E+00,0.000000E+00,0.000000E+00,0.000000E+00,0.000000E+00,0.000000E+00,0.000000E+00,0.000000E+00,2.110805E+01,7.994771E+01,2.388820E+01,6.450330E+01
08:27:00,8.012669E+03,9.245273E+02,5.579058E-01,8.164838E-02,0.000000E+00,0.000000E+00,0.000000E+00,0.000000E+00,0.000000E+00,0.000000E+00,0.000000E+00,0.000000E+00,2.110805E+01,7.994771E+01,2.388820E+01,6.445833E+01
08:28:00,8.012669E+03,9.286880E+02,5.579058E-01,8.201583E-02,0.000000E+00,0.000000E+00,0.000000E+00,0.000000E+00,0.000000E+00,0.000000E+00,0.000000E+00,0.000000E+00,2.110805E+01,7.994771E+01,2.388820E+01,6.441330E+01
08:29:00,8.012669E+03,9.328640E+02,5.579058E-01,8.238465E-02,0.000000E+00,0.000000E+00,0.000000E+00,0.000000E+00,0.000000E+00,0.000000E+00,0.000000E+00,0.000000E+00,2.110805E+01,7.994771E+01,2.388819E+01,6.436821E+01
08:30:00,8.012669E+03,9.370557E+02,5.579058E-01,8.275485E-02,0.000000E+00,0.000000E+00,0.000000E+00,0.000000E+00,0.000000E+00,0.000000E+00,0.000000E+00,0.000000E+00,2.110805E+01,7.994771E+01,2.388819E+01,6.432307E+01
08:31:00,8.012669E+03,9.412628E+02,5.579058E-01,8.312640E-02,0.000000E+00,0.000000E+00,0.000000E+00,0.000000E+00,0.000000E+00,0.000000E+00,0.000000E+00,0.000000E+00,2.110805E+01,7.994771E+01,2.388819E+01,6.427788E+01
08:32:00,8.012669E+03,9.454852E+02,5.579058E-01,8.349931E-02,0.000000E+00,0.000000E+00,0.000000E+00,0.000000E+00,0.000000E+00,0.000000E+00,0.000000E+00,0.000000E+00,2.110805E+01,7.994771E+01,2.388819E+01,6.423264E+01
08:33:00,8.012669E+03,9.497226E+02,5.579058E-01,8.387355E-02,0.000000E+00,0.000000E+00,0.000000E+00,0.000000E+00,0.000000E+00,0.000000E+00,0.000000E+00,0.000000E+00,2.110805E+01,7.994771E+01,2.388819E+01,6.418736E+01
08:34:00,8.012669E+03,9.539750E+02,5.579058E-01,8.424910E-02,0.000000E+00,0.000000E+00,0.000000E+00,0.000000E+00,0.000000E+00,0.000000E+00,0.000000E+00,0.000000E+00,2.110805E+01,7.994771E+01,2.388819E+01,6.414205E+01
08:35:00,8.012669E+03,9.582422E+02,5.579058E-01,8.462597E-02,0.000000E+00,0.000000E+00,0.000000E+00,0.000000E+00,0.000000E+00,0.000000E+00,0.000000E+00,0.000000E+00,2.110805E+01,7.994771E+01,2.388818E+01,6.409672E+01
08:36:00,8.012669E+03,9.625241E+02,5.579058E-01,8.500413E-02,0.000000E+00,0.000000E+00,0.000000E+00,0.000000E+00,0.000000E+00,0.000000E+00,0.000000E+00,0.000000E+00,2.110805E+01,7.994771E+01,2.388818E+01,6.405135E+01
08:37:00,8.012669E+03,9.668203E+02,5.579058E-01,8.538356E-02,0.000000E+00,0.000000E+00,0.000000E+00,0.000000E+00,0.000000E+00,0.000000E+00,0.000000E+00,0.000000E+00,2.110805E+01,7.994771E+01,2.388818E+01,6.400597E+01
08:38:00,8.012669E+03,9.711299E+02,5.579058E-01,8.576417E-02,0.000000E+00,0.000000E+00,0.000000E+00,0.000000E+00,0.000000E+00,0.000000E+00,0.000000E+00,0.000000E+00,2.110805E+01,7.994771E+01,2.388818E+01,6.396058E+01
08:39:00,8.012669E+03,9.754525E+02,5.579058E-01,8.614594E-02,0.000000E+00,0.000000E+00,0.000000E+00,0.000000E+00,0.000000E+00,0.000000E+00,0.000000E+00,0.000000E+00,2.110805E+01,7.994771E+01,2.388818E+01,6.391518E+01
08:40:00,8.012669E+03,9.797883E+02,5.579058E-01,8.652886E-02,0.000000E+00,0.000000E+00,0.000000E+00,0.000000E+00,0.000000E+00,0.000000E+00,0.000000E+00,0.000000E+00,2.110805E+01,7.994771E+01,2.388818E+01,6.386977E+01
08:41:00,8.012669E+03,9.841370E+02,5.579058E-01,8.691292E-02,0.000000E+00,0.000000E+00,0.000000E+00,0.000000E+00,0.000000E+00,0.000000E+00,0.000000E+00,0.000000E+00,2.110805E+01,7.994771E+01,2.388817E+01,6.382436E+01
08:42:00,8.012669E+03,9.884983E+02,5.579058E-01,8.729810E-02,0.000000E+00,0.000000E+00,0.000000E+00,0.000000E+00,0.000000E+00,0.000000E+00,0.000000E+00,0.000000E+00,2.110805E+01,7.994771E+01,2.388817E+01,6.377896E+01
08:43:00,8.012669E+03,9.928722E+02,5.579058E-01,8.768439E-02,0.000000E+00,0.000000E+00,0.000000E+00,0.000000E+00,0.000000E+00,0.000000E+00,0.000000E+00,0.000000E+00,2.110805E+01,7.994771E+01,2.388817E+01,6.373356E+01
08:44:00,8.012669E+03,9.972585E+02,5.579058E-01,8.807177E-02,0.000000E+00,0.000000E+00,0.000000E+00,0.000000E+00,0.000000E+00,0.000000E+00,0.000000E+00,0.000000E+00,2.110805E+01,7.994771E+01,2.388817E+01,6.368817E+01
08:45:00,8.012669E+03,1.001657E+03,5.579058E-01,8.846025E-02,0.000000E+00,0.000000E+00,0.000000E+00,0.000000E+00,0.000000E+00,0.000000E+00,0.000000E+00,0.000000E+00,2.110805E+01,7.994771E+01,2.388817E+01,6.364281E+01
08:46:00,8.012669E+03,1.006068E+03,5.579058E-01,8.884980E-02,0.000000E+00,0.000000E+00,0.000000E+00,0.000000E+00,0.000000E+00,0.000000E+00,0.000000E+00,0.000000E+00,2.110805E+01,7.994771E+01,2.388817E+01,6.359746E+01
08:47:00,8.012669E+03,1.010491E+03,5.579058E-01,8.924040E-02,0.000000E+00,0.000000E+00,0.000000E+00,0.000000E+00,0.000000E+00,0.000000E+00,0.000000E+00,0.000000E+00,2.110805E+01,7.994771E+01,2.388817E+01,6.355213E+01
08:48:00,8.012669E+03,1.014925E+03,5.579058E-01,8.963205E-02,0.000000E+00,0.000000E+00,0.000000E+00,0.000000E+00,0.000000E+00,0.000000E+00,0.000000E+00,0.000000E+00,2.110805E+01,7.994771E+01,2.388816E+01,6.350684E+01
08:49:00,8.012669E+03,1.019372E+03,5.579058E-01,9.002474E-02,0.000000E+00,0.000000E+00,0.000000E+00,0.000000E+00,0.000000E+00,0.000000E+00,0.000000E+00,0.000000E+00,2.110805E+01,7.994771E+01,2.388816E+01,6.346158E+01
08:50:00,8.012669E+03,1.023830E+03,5.579058E-01,9.041846E-02,0.000000E+00,0.000000E+00,0.000000E+00,0.000000E+00,0.000000E+00,0.000000E+00,0.000000E+00,0.000000E+00,2.110805E+01,7.994771E+01,2.388816E+01,6.341635E+01
08:51:00,8.012669E+03,1.028299E+03,5.579058E-01,9.081318E-02,0.000000E+00,0.000000E+00,0.000000E+00,0.000000E+00,0.000000E+00,0.000000E+00,0.000000E+00,0.000000E+00,2.110805E+01,7.994771E+01,2.388816E+01,6.337117E+01
08:52:00,8.012669E+03,1.032785E+03,5.579058E-01,9.120933E-02,0.000000E+00,0.000000E+00,0.000000E+00,0.000000E+00,0.000000E+00,0.000000E+00,0.000000E+00,0.000000E+00,2.110805E+01,7.994771E+01,2.388816E+01,6.332603E+01
08:53:00,8.012669E+03,1.037289E+03,5.579058E-01,9.160714E-02,0.000000E+00,0.000000E+00,0.000000E+00,0.000000E+00,0.000000E+00,0.000000E+00,0.000000E+00,0.000000E+00,2.110805E+01,7.994771E+01,2.388816E+01,6.328089E+01
08:54:00,8.012669E+03,1.041856E+03,5.579058E-01,9.201048E-02,0.000000E+00,0.000000E+00,0.000000E+00,0.000000E+00,0.000000E+00,0.000000E+00,0.000000E+00,0.000000E+00,2.110805E+01,7.994771E+01,2.388816E+01,6.323570E+01
08:55:00,8.012669E+03,1.046443E+03,5.579058E-01,9.241563E-02,0.000000E+00,0.000000E+00,0.000000E+00,0.000000E+00,0.000000E+00,0.000000E+00,0.000000E+00,0.000000E+00,2.110805E+01,7.994771E+01,2.388815E+01,6.319001E+01
08:56:00,8.012669E+03,1.051051E+03,5.579058E-01,9.282260E-02,0.000000E+00,0.000000E+00,0.000000E+00,0.000000E+00,0.000000E+00,0.000000E+00,0.000000E+00,0.000000E+00,2.110805E+01,7.994771E+01,2.388815E+01,6.314397E+01
08:57:00,8.012669E+03,1.055680E+03,5.579058E-01,9.323137E-02,0.000000E+00,0.000000E+00,0.000000E+00,0.000000E+00,0.000000E+00,0.000000E+00,0.000000E+00,0.000000E+00,2.110805E+01,7.994771E+01,2.388815E+01,6.309776E+01
08:58:00,8.012669E+03,1.060329E+03,5.579058E-01,9.364195E-02,0.000000E+00,0.000000E+00,0.000000E+00,0.000000E+00,0.000000E+00,0.000000E+00,0.000000E+00,0.000000E+00,2.110805E+01,7.994771E+01,2.388815E+01,6.305147E+01
08:59:00,8.012669E+03,1.064998E+03,5.579058E-01,9.405433E-02,0.000000E+00,0.000000E+00,0.000000E+00,0.000000E+00,0.000000E+00,0.000000E+00,0.000000E+00,0.000000E+00,2.110805E+01,7.994771E+01,2.388815E+01,6.300514E+01
09:00:00,8.012669E+03,1.069688E+03,5.579058E-01,9.446851E-02,0.000000E+00,0.000000E+00,0.000000E+00,0.000000E+00,0.000000E+00,0.000000E+00,0.000000E+00,0.000000E+00,2.110805E+01,7.994771E+01,2.388814E+01,6.295877E+01
09:01:00,8.012669E+03,1.074387E+03,5.579058E-01,9.488351E-02,0.000000E+00,0.000000E+00,0.000000E+00,0.000000E+00,0.000000E+00,0.000000E+00,0.000000E+00,0.000000E+00,2.110805E+01,7.994771E+01,2.388814E+01,6.291235E+01
09:02:00,8.012669E+03,1.079095E+03,5.579058E-01,9.529934E-02,0.000000E+00,0.000000E+00,0.000000E+00,0.000000E+00,0.000000E+00,0.000000E+00,0.000000E+00,0.000000E+00,2.110805E+01,7.994771E+01,2.388814E+01,6.286595E+01
09:03:00,8.012669E+03,1.083813E+03,5.579058E-01,9.571598E-02,0.000000E+00,0.000000E+00,0.000000E+00,0.000000E+00,0.000000E+00,0.000000E+00,0.000000E+00,0.000000E+00,2.110805E+01,7.994771E+01,2.388814E+01,6.281960E+01
09:04:00,8.012669E+03,1.088540E+03,5.579058E-01,9.613346E-02,0.000000E+00,0.000000E+00,0.000000E+00,0.000000E+00,0.000000E+00,0.000000E+00,0.000000E+00,0.000000E+00,2.110805E+01,7.994771E+01,2.388814E+01,6.277332E+01
09:05:00,8.012669E+03,1.093276E+03,5.579058E-01,9.655179E-02,0.000000E+00,0.000000E+00,0.000000E+00,0.000000E+00,0.000000E+00,0.000000E+00,0.000000E+00,0.000000E+00,2.110805E+01,7.994771E+01,2.388814E+01,6.272711E+01
09:06:00,8.012669E+03,1.098022E+03,5.579058E-01,9.697093E-02,0.000000E+00,0.000000E+00,0.000000E+00,0.000000E+00,0.000000E+00,0.000000E+00,0.000000E+00,0.000000E+00,2.110805E+01,7.994771E+01,2.388814E+01,6.268096E+01
09:07:00,8.012669E+03,1.102778E+03,5.579058E-01,9.739095E-02,0.000000E+00,0.000000E+00,0.000000E+00,0.000000E+00,0.000000E+00,0.000000E+00,0.000000E+00,0.000000E+00,2.110805E+01,7.994771E+01,2.388813E+01,6.263487E+01
09:08:00,8.012669E+03,1.107544E+03,5.579058E-01,9.781185E-02,0.000000E+00,0.000000E+00,0.000000E+00,0.000000E+00,0.000000E+00,0.000000E+00,0.000000E+00,0.000000E+00,2.110805E+01,7.994771E+01,2.388813E+01,6.258885E+01
09:09:00,8.012669E+03,1.112320E+03,5.579058E-01,9.823362E-02,0.000000E+00,0.000000E+00,0.000000E+00,0.000000E+00,0.000000E+00,0.000000E+00,0.000000E+00,0.000000E+00,2.110805E+01,7.994771E+01,2.388813E+01,6.254290E+01
09:10:00,8.012669E+03,1.117105E+03,5.579058E-01,9.865624E-02,0.000000E+00,0.000000E+00,0.000000E+00,0.000000E+00,0.000000E+00,0.000000E+00,0.000000E+00,0.000000E+00,2.110805E+01,7.994771E+01,2.388813E+01,6.249701E+01
09:11:00,8.012669E+03,1.121900E+03,5.579058E-01,9.907978E-02,0.000000E+00,0.000000E+00,0.000000E+00,0.000000E+00,0.000000E+00,0.000000E+00,0.000000E+00,0.000000E+00,2.110805E+01,7.994771E+01,2.388813E+01,6.245119E+01
09:12:00,8.012669E+03,1.126706E+03,5.579058E-01,9.950418E-02,0.000000E+00,0.000000E+00,0.000000E+00,0.000000E+00,0.000000E+00,0.000000E+00,0.000000E+00,0.000000E+00,2.110805E+01,7.994771E+01,2.388813E+01,6.240543E+01
09:13:00,8.012669E+03,1.131521E+03,5.579058E-01,9.992948E-02,0.000000E+00,0.000000E+00,0.000000E+00,0.000000E+00,0.000000E+00,0.000000E+00,0.000000E+00,0.000000E+00,2.110805E+01,7.994771E+01,2.388813E+01,6.235974E+01
09:14:00,8.012669E+03,1.136347E+03,5.579058E-01,1.003557E-01,0.000000E+00,0.000000E+00,0.000000E+00,0.000000E+00,0.000000E+00,0.000000E+00,0.000000E+00,0.000000E+00,2.110805E+01,7.994771E+01,2.388812E+01,6.231411E+01
09:15:00,8.012669E+03,1.141184E+03,5.579058E-01,1.007828E-01,0.000000E+00,0.000000E+00,0.000000E+00,0.000000E+00,0.000000E+00,0.000000E+00,0.000000E+00,0.000000E+00,2.110805E+01,7.994771E+01,2.388812E+01,6.226855E+01
09:16:00,8.012669E+03,1.146030E+03,5.579059E-01,1.012109E-01,0.000000E+00,0.000000E+00,0.000000E+00,0.000000E+00,0.000000E+00,0.000000E+00,0.000000E+00,0.000000E+00,2.110805E+01,7.994771E+01,2.388812E+01,6.222307E+01
09:17:00,8.012669E+03,1.150888E+03,5.579059E-01,1.016399E-01,0.000000E+00,0.000000E+00,0.000000E+00,0.000000E+00,0.000000E+00,0.000000E+00,0.000000E+00,0.000000E+00,2.110805E+01,7.994771E+01,2.388812E+01,6.217765E+01
09:18:00,8.012669E+03,1.155755E+03,5.579059E-01,1.020698E-01,0.000000E+00,0.000000E+00,0.000000E+00,0.000000E+00,0.000000E+00,0.000000E+00,0.000000E+00,0.000000E+00,2.110805E+01,7.994771E+01,2.388812E+01,6.213230E+01
09:19:00,8.012669E+03,1.160634E+03,5.579059E-01,1.025006E-01,0.000000E+00,0.000000E+00,0.000000E+00,0.000000E+00,0.000000E+00,0.000000E+00,0.000000E+00,0.000000E+00,2.110805E+01,7.994771E+01,2.388812E+01,6.208702E+01
09:20:00,8.012669E+03,1.165523E+03,5.579059E-01,1.029324E-01,0.000000E+00,0.000000E+00,0.000000E+00,0.000000E+00,0.000000E+00,0.000000E+00,0.000000E+00,0.000000E+00,2.110805E+01,7.994771E+01,2.388812E+01,6.204181E+01
09:21:00,8.012669E+03,1.170423E+03,5.579059E-01,1.033651E-01,0.000000E+00,0.000000E+00,0.000000E+00,0.000000E+00,0.000000E+00,0.000000E+00,0.000000E+00,0.000000E+00,2.110805E+01,7.994771E+01,2.388811E+01,6.199668E+01
09:22:00,8.012669E+03,1.175333E+03,5.579059E-01,1.037988E-01,0.000000E+00,0.000000E+00,0.000000E+00,0.000000E+00,0.000000E+00,0.000000E+00,0.000000E+00,0.000000E+00,2.110805E+01,7.994771E+01,2.388811E+01,6.195161E+01
09:23:00,8.012669E+03,1.180255E+03,5.579059E-01,1.042335E-01,0.000000E+00,0.000000E+00,0.000000E+00,0.000000E+00,0.000000E+00,0.000000E+00,0.000000E+00,0.000000E+00,2.110805E+01,7.994771E+01,2.388811E+01,6.190662E+01
09:24:00,8.012669E+03,1.185188E+03,5.579059E-01,1.046691E-01,0.000000E+00,0.000000E+00,0.000000E+00,0.000000E+00,0.000000E+00,0.000000E+00,0.000000E+00,0.000000E+00,2.110805E+01,7.994771E+01,2.388811E+01,6.186171E+01
09:25:00,8.012669E+03,1.190132E+03,5.579059E-01,1.051058E-01,0.000000E+00,0.000000E+00,0.000000E+00,0.000000E+00,0.000000E+00,0.000000E+00,0.000000E+00,0.000000E+00,2.110805E+01,7.994771E+01,2.388811E+01,6.181687E+01
09:26:00,8.012669E+03,1.195086E+03,5.579059E-01,1.055434E-01,0.000000E+00,0.000000E+00,0.000000E+00,0.000000E+00,0.000000E+00,0.000000E+00,0.000000E+00,0.000000E+00,2.110805E+01,7.994771E+01,2.388811E+01,6.177210E+01
09:27:00,8.012669E+03,1.200052E+03,5.579059E-01,1.059819E-01,0.000000E+00,0.000000E+00,0.000000E+00,0.000000E+00,0.000000E+00,0.000000E+00,0.000000E+00,0.000000E+00,2.110805E+01,7.994771E+01,2.388811E+01,6.172741E+01
09:28:00,8.012669E+03,1.205030E+03,5.579059E-01,1.064215E-01,0.000000E+00,0.000000E+00,0.000000E+00,0.000000E+00,0.000000E+00,0.000000E+00,0.000000E+00,0.000000E+00,2.110805E+01,7.994771E+01,2.388811E+01,6.168280E+01
09:29:00,8.012669E+03,1.210018E+03,5.579059E-01,1.068621E-01,0.000000E+00,0.000000E+00,0.000000E+00,0.000000E+00,0.000000E+00,0.000000E+00,0.000000E+00,0.000000E+00,2.110805E+01,7.994771E+01,2.388810E+01,6.163826E+01
09:30:00,8.012669E+03,1.215018E+03,5.579059E-01,1.073037E-01,0.000000E+00,0.000000E+00,0.000000E+00,0.000000E+00,0.000000E+00,0.000000E+00,0.000000E+00,0.000000E+00,2.110805E+01,7.994771E+01,2.388810E+01,6.159381E+01
09:31:00,8.012669E+03,1.220030E+03,5.579059E-01,1.077463E-01,0.000000E+00,0.000000E+00,0.000000E+00,0.000000E+00,0.000000E+00,0.000000E+00,0.000000E+00,0.000000E+00,2.110805E+01,7.994771E+01,2.388810E+01,6.154944E+01
09:32:00,8.012669E+03,1.225052E+03,5.579059E-01,1.081899E-01,0.000000E+00,0.000000E+00,0.000000E+00,0.000000E+00,0.000000E+00,0.000000E+00,0.000000E+00,0.000000E+00,2.110805E+01,7.994771E+01,2.388810E+01,6.150515E+01
09:33:00,8.012669E+03,1.230087E+03,5.579059E-01,1.086345E-01,0.000000E+00,0.000000E+00,0.000000E+00,0.000000E+00,0.000000E+00,0.000000E+00,0.000000E+00,0.000000E+00,2.110805E+01,7.994771E+01,2.388810E+01,6.146094E+01
09:34:00,8.012669E+03,1.235133E+03,5.579059E-01,1.090801E-01,0.000000E+00,0.000000E+00,0.000000E+00,0.000000E+00,0.000000E+00,0.000000E+00,0.000000E+00,0.000000E+00,2.110805E+01,7.994771E+01,2.388810E+01,6.141681E+01
09:35:00,8.012669E+03,1.240190E+03,5.579059E-01,1.095268E-01,0.000000E+00,0.000000E+00,0.000000E+00,0.000000E+00,0.000000E+00,0.000000E+00,0.000000E+00,0.000000E+00,2.110805E+01,7.994771E+01,2.388810E+01,6.137277E+01
09:36:00,8.012669E+03,1.245259E+03,5.579059E-01,1.099745E-01,0.000000E+00,0.000000E+00,0.000000E+00,0.000000E+00,0.000000E+00,0.000000E+00,0.000000E+00,0.000000E+00,2.110805E+01,7.994771E+01,2.388809E+01,6.132881E+01
09:37:00,8.012669E+03,1.250340E+03,5.579059E-01,1.104232E-01,0.000000E+00,0.000000E+00,0.000000E+00,0.000000E+00,0.000000E+00,0.000000E+00,0.000000E+00,0.000000E+00,2.110805E+01,7.994771E+01,2.388809E+01,6.128494E+01
09:38:00,8.012669E+03,1.255433E+03,5.579059E-01,1.108730E-01,0.000000E+00,0.000000E+00,0.000000E+00,0.000000E+00,0.000000E+00,0.000000E+00,0.000000E+00,0.000000E+00,2.110805E+01,7.994771E+01,2.388809E+01,6.124116E+01
09:39:00,8.012669E+03,1.260537E+03,5.579059E-01,1.113238E-01,0.000000E+00,0.000000E+00,0.000000E+00,0.000000E+00,0.000000E+00,0.000000E+00,0.000000E+00,0.000000E+00,2.110805E+01,7.994771E+01,2.388809E+01,6.119747E+01
09:40:00,8.012669E+03,1.265654E+03,5.579059E-01,1.117757E-01,0.000000E+00,0.000000E+00,0.000000E+00,0.000000E+00,0.000000E+00,0.000000E+00,0.000000E+00,0.000000E+00,2.110805E+01,7.994771E+01,2.388809E+01,6.115387E+01
09:41:00,8.012669E+03,1.270782E+03,5.579059E-01,1.122286E-01,0.000000E+00,0.000000E+00,0.000000E+00,0.000000E+00,0.000000E+00,0.000000E+00,0.000000E+00,0.000000E+00,2.110805E+01,7.994771E+01,2.388809E+01,6.111035E+01
09:42:00,8.012669E+03,1.275922E+03,5.579059E-01,1.126825E-01,0.000000E+00,0.000000E+00,0.000000E+00,0.000000E+00,0.000000E+00,0.000000E+00,0.000000E+00,0.000000E+00,2.110805E+01,7.994771E+01,2.388809E+01,6.106693E+01
09:43:00,8.012669E+03,1.281074E+03,5.579059E-01,1.131376E-01,0.000000E+00,0.000000E+00,0.000000E+00,0.000000E+00,0.000000E+00,0.000000E+00,0.000000E+00,0.000000E+00,2.110805E+01,7.994771E+01,2.388809E+01,6.102360E+01
09:44:00,8.012669E+03,1.286238E+03,5.579059E-01,1.135936E-01,0.000000E+00,0.000000E+00,0.000000E+00,0.000000E+00,0.000000E+00,0.000000E+00,0.000000E+00,0.000000E+00,2.110805E+01,7.994771E+01,2.388808E+01,6.098037E+01
09:45:00,8.012669E+03,1.291414E+03,5.579059E-01,1.140508E-01,0.000000E+00,0.000000E+00,0.000000E+00,0.000000E+00,0.000000E+00,0.000000E+00,0.000000E+00,0.000000E+00,2.110805E+01,7.994771E+01,2.388808E+01,6.093723E+01
09:46:00,8.012669E+03,1.296603E+03,5.579059E-01,1.145090E-01,0.000000E+00,0.000000E+00,0.000000E+00,0.000000E+00,0.000000E+00,0.000000E+00,0.000000E+00,0.000000E+00,2.110805E+01,7.994771E+01,2.388808E+01,6.089419E+01
09:47:00,8.012669E+03,1.301803E+03,5.579059E-01,1.149683E-01,0.000000E+00,0.000000E+00,0.000000E+00,0.000000E+00,0.000000E+00,0.000000E+00,0.000000E+00,0.000000E+00,2.110805E+01,7.994771E+01,2.388808E+01,6.085124E+01
09:48:00,8.012669E+03,1.307016E+03,5.579059E-01,1.154287E-01,0.000000E+00,0.000000E+00,0.000000E+00,0.000000E+00,0.000000E+00,0.000000E+00,0.000000E+00,0.000000E+00,2.110805E+01,7.994771E+01,2.388808E+01,6.080839E+01
09:49:00,8.012669E+03,1.312241E+03,5.579059E-01,1.158902E-01,0.000000E+00,0.000000E+00,0.000000E+00,0.000000E+00,0.000000E+00,0.000000E+00,0.000000E+00,0.000000E+00,2.110805E+01,7.994771E+01,2.388808E+01,6.076564E+01
09:50:00,8.012669E+03,1.317479E+03,5.579059E-01,1.163528E-01,0.000000E+00,0.000000E+00,0.000000E+00,0.000000E+00,0.000000E+00,0.000000E+00,0.000000E+00,0.000000E+00,2.110805E+01,7.994771E+01,2.388808E+01,6.072299E+01
09:51:00,8.012669E+03,1.322729E+03,5.579059E-01,1.168164E-01,0.000000E+00,0.000000E+00,0.000000E+00,0.000000E+00,0.000000E+00,0.000000E+00,0.000000E+00,0.000000E+00,2.110805E+01,7.994771E+01,2.388808E+01,6.068045E+01
09:52:00,8.012669E+03,1.327987E+03,5.579059E-01,1.172808E-01,0.000000E+00,0.000000E+00,0.000000E+00,0.000000E+00,0.000000E+00,0.000000E+00,0.000000E+00,0.000000E+00,2.110805E+01,7.994771E+01,2.388807E+01,6.063800E+01
09:53:00,8.012669E+03,1.333250E+03,5.579059E-01,1.177456E-01,0.000000E+00,0.000000E+00,0.000000E+00,0.000000E+00,0.000000E+00,0.000000E+00,0.000000E+00,0.000000E+00,2.110805E+01,7.994771E+01,2.388807E+01,6.059566E+01
09:54:00,8.012669E+03,1.338473E+03,5.579059E-01,1.182069E-01,0.000000E+00,0.000000E+00,0.000000E+00,0.000000E+00,0.000000E+00,0.000000E+00,0.000000E+00,0.000000E+00,2.110805E+01,7.994771E+01,2.388807E+01,6.055342E+01
09:55:00,8.012669E+03,1.343700E+03,5.579059E-01,1.186685E-01,0.000000E+00,0.000000E+00,0.000000E+00,0.000000E+00,0.000000E+00,0.000000E+00,0.000000E+00,0.000000E+00,2.110805E+01,7.994771E+01,2.388807E+01,6.051129E+01
09:56:00,8.012669E+03,1.348929E+03,5.579059E-01,1.191303E-01,0.000000E+00,0.000000E+00,0.000000E+00,0.000000E+00,0.000000E+00,0.000000E+00,0.000000E+00,0.000000E+00,2.110805E+01,7.994771E+01,2.388807E+01,6.046926E+01
09:57:00,8.012669E+03,1.354161E+03,5.579059E-01,1.195925E-01,0.000000E+00,0.000000E+00,0.000000E+00,0.000000E+00,0.000000E+00,0.000000E+00,0.000000E+00,0.000000E+00,2.110805E+01,7.994771E+01,2.388807E+01,6.042735E+01
09:58:00,8.012669E+03,1.359397E+03,5.579059E-01,1.200548E-01,0.000000E+00,0.000000E+00,0.000000E+00,0.000000E+00,0.000000E+00,0.000000E+00,0.000000E+00,0.000000E+00,2.110805E+01,7.994771E+01,2.388807E+01,6.038554E+01
09:59:00,8.012669E+03,1.364635E+03,5.579059E-01,1.205175E-01,0.000000E+00,0.000000E+00,0.000000E+00,0.000000E+00,0.000000E+00,0.000000E+00,0.000000E+00,0.000000E+00,2.110805E+01,7.994771E+01,2.388807E+01,6.034384E+01
10:00:00,8.012669E+03,1.369876E+03,5.579059E-01,1.209803E-01,0.000000E+00,0.000000E+00,0.000000E+00,0.000000E+00,0.000000E+00,0.000000E+00,0.000000E+00,0.000000E+00,2.110805E+01,7.994771E+01,2.388807E+01,6.030225E+01
10:01:00,8.012669E+03,1.375119E+03,5.579059E-01,1.214434E-01,0.000000E+00,0.000000E+00,0.000000E+00,0.000000E+00,0.000000E+00,0.000000E+00,0.000000E+00,0.000000E+00,2.110805E+01,7.994771E+01,2.388806E+01,6.026077E+01
10:02:00,8.012669E+03,1.380365E+03,5.579059E-01,1.219067E-01,0.000000E+00,0.000000E+00,0.000000E+00,0.000000E+00,0.000000E+00,0.000000E+00,0.000000E+00,0.000000E+00,2.110805E+01,7.994771E+01,2.388806E+01,6.021945E+01
10:03:00,8.012669E+03,1.385613E+03,5.579059E-01,1.223702E-01,0.000000E+00,0.000000E+00,0.000000E+00,0.000000E+00,0.000000E+00,0.000000E+00,0.000000E+00,0.000000E+00,2.110805E+01,7.994772E+01,2.388806E+01,6.017832E+01
10:04:00,8.012669E+03,1.390863E+03,5.579059E-01,1.228339E-01,0.000000E+00,0.000000E+00,0.000000E+00,0.000000E+00,0.000000E+00,0.000000E+00,0.000000E+00,0.000000E+00,2.110805E+01,7.994772E+01,2.388806E+01,6.013739E+01
10:05:00,8.012669E+03,1.396116E+03,5.579059E-01,1.232978E-01,0.000000E+00,0.000000E+00,0.000000E+00,0.000000E+00,0.000000E+00,0.000000E+00,0.000000E+00,0.000000E+00,2.110805E+01,7.994772E+01,2.388806E+01,6.009666E+01
10:06:00,8.012669E+03,1.401370E+03,5.579059E-01,1.237618E-01,0.000000E+00,0.000000E+00,0.000000E+00,0.000000E+00,0.000000E+00,0.000000E+00,0.000000E+00,0.000000E+00,2.110805E+01,7.994772E+01,2.388806E+01,6.005612E+01
10:07:00,8.012669E+03,1.406625E+03,5.579059E-01,1.242260E-01,0.000000E+00,0.000000E+00,0.000000E+00,0.000000E+00,0.000000E+00,0.000000E+00,0.000000E+00,0.000000E+00,2.110805E+01,7.994772E+01,2.388806E+01,6.001577E+01
10:08:00,8.012669E+03,1.411882E+03,5.579059E-01,1.246902E-01,0.000000E+00,0.000000E+00,0.000000E+00,0.000000E+00,0.000000E+00,0.000000E+00,0.000000E+00,0.000000E+00,2.110805E+01,7.994772E+01,2.388806E+01,5.997561E+01
10:09:00,8.012669E+03,1.417140E+03,5.579059E-01,1.251546E-01,0.000000E+00,0.000000E+00,0.000000E+00,0.000000E+00,0.000000E+00,0.000000E+00,0.000000E+00,0.000000E+00,2.110805E+01,7.994772E+01,2.388806E+01,5.993564E+01
10:10:00,8.012669E+03,1.422400E+03,5.579059E-01,1.256191E-01,0.000000E+00,0.000000E+00,0.000000E+00,0.000000E+00,0.000000E+00,0.000000E+00,0.000000E+00,0.000000E+00,2.110805E+01,7.994772E+01,2.388806E+01,5.989585E+01
10:11:00,8.012669E+03,1.427660E+03,5.579059E-01,1.260836E-01,0.000000E+00,0.000000E+00,0.000000E+00,0.000000E+00,0.000000E+00,0.000000E+00,0.000000E+00,0.000000E+00,2.110805E+01,7.994772E+01,2.388806E+01,5.985624E+01
10:12:00,8.012669E+03,1.432921E+03,5.579059E-01,1.265483E-01,0.000000E+00,0.000000E+00,0.000000E+00,0.000000E+00,0.000000E+00,0.000000E+00,0.000000E+00,0.000000E+00,2.110805E+01,7.994772E+01,2.388805E+01,5.981681E+01
10:13:00,8.012669E+03,1.438182E+03,5.579059E-01,1.270129E-01,0.000000E+00,0.000000E+00,0.000000E+00,0.000000E+00,0.000000E+00,0.000000E+00,0.000000E+00,0.000000E+00,2.110805E+01,7.994772E+01,2.388805E+01,5.977756E+01
10:14:00,8.012669E+03,1.443444E+03,5.579059E-01,1.274777E-01,0.000000E+00,0.000000E+00,0.000000E+00,0.000000E+00,0.000000E+00,0.000000E+00,0.000000E+00,0.000000E+00,2.110805E+01,7.994772E+01,2.388805E+01,5.973849E+01
10:15:00,8.012669E+03,1.448706E+03,5.579059E-01,1.279424E-01,0.000000E+00,0.000000E+00,0.000000E+00,0.000000E+00,0.000000E+00,0.000000E+00,0.000000E+00,0.000000E+00,2.110805E+01,7.994772E+01,2.388805E+01,5.969959E+01
10:16:00,8.012669E+03,1.453968E+03,5.579059E-01,1.284071E-01,0.000000E+00,0.000000E+00,0.000000E+00,0.000000E+00,0.000000E+00,0.000000E+00,0.000000E+00,0.000000E+00,2.110805E+01,7.994772E+01,2.388805E+01,5.966086E+01
10:17:00,8.012669E+03,1.459230E+03,5.579059E-01,1.288718E-01,0.000000E+00,0.000000E+00,0.000000E+00,0.000000E+00,0.000000E+00,0.000000E+00,0.000000E+00,0.000000E+00,2.110805E+01,7.994772E+01,2.388805E+01,5.962231E+01
10:18:00,8.012669E+03,1.464491E+03,5.579059E-01,1.293365E-01,0.000000E+00,0.000000E+00,0.000000E+00,0.000000E+00,0.000000E+00,0.000000E+00,0.000000E+00,0.000000E+00,2.110805E+01,7.994772E+01,2.388805E+01,5.958392E+01
10:19:00,8.012669E+03,1.469752E+03,5.579059E-01,1.298012E-01,0.000000E+00,0.000000E+00,0.000000E+00,0.000000E+00,0.000000E+00,0.000000E+00,0.000000E+00,0.000000E+00,2.110805E+01,7.994772E+01,2.388805E+01,5.954571E+01
10:20:00,8.012669E+03,1.475013E+03,5.579059E-01,1.302658E-01,0.000000E+00,0.000000E+00,0.000000E+00,0.000000E+00,0.000000E+00,0.000000E+00,0.000000E+00,0.000000E+00,2.110805E+01,7.994772E+01,2.388805E+01,5.950766E+01
10:21:00,8.012669E+03,1.480273E+03,5.579059E-01,1.307303E-01,0.000000E+00,0.000000E+00,0.000000E+00,0.000000E+00,0.000000E+00,0.000000E+00,0.000000E+00,0.000000E+00,2.110805E+01,7.994772E+01,2.388805E+01,5.946977E+01
10:22:00,8.012669E+03,1.485531E+03,5.579059E-01,1.311947E-01,0.000000E+00,0.000000E+00,0.000000E+00,0.000000E+00,0.000000E+00,0.000000E+00,0.000000E+00,0.000000E+00,2.110805E+01,7.994772E+01,2.388805E+01,5.943205E+01
10:23:00,8.012669E+03,1.490789E+03,5.579059E-01,1.316591E-01,0.000000E+00,0.000000E+00,0.000000E+00,0.000000E+00,0.000000E+00,0.000000E+00,0.000000E+00,0.000000E+00,2.110805E+01,7.994772E+01,2.388804E+01,5.939449E+01
10:24:00,8.012669E+03,1.496045E+03,5.579059E-01,1.321233E-01,0.000000E+00,0.000000E+00,0.000000E+00,0.000000E+00,0.000000E+00,0.000000E+00,0.000000E+00,0.000000E+00,2.110805E+01,7.994772E+01,2.388804E+01,5.935710E+01
10:25:00,8.012669E+03,1.501299E+03,5.579059E-01,1.325873E-01,0.000000E+00,0.000000E+00,0.000000E+00,0.000000E+00,0.000000E+00,0.000000E+00,0.000000E+00,0.000000E+00,2.110805E+01,7.994772E+01,2.388804E+01,5.931986E+01
10:26:00,8.012669E+03,1.506552E+03,5.579059E-01,1.330512E-01,0.000000E+00,0.000000E+00,0.000000E+00,0.000000E+00,0.000000E+00,0.000000E+00,0.000000E+00,0.000000E+00,2.110805E+01,7.994772E+01,2.388804E+01,5.928279E+01
10:27:00,8.012669E+03,1.511803E+03,5.579059E-01,1.335150E-01,0.000000E+00,0.000000E+00,0.000000E+00,0.000000E+00,0.000000E+00,0.000000E+00,0.000000E+00,0.000000E+00,2.110805E+01,7.994772E+01,2.388804E+01,5.924588E+01
10:28:00,8.012669E+03,1.517052E+03,5.579059E-01,1.339786E-01,0.000000E+00,0.000000E+00,0.000000E+00,0.000000E+00,0.000000E+00,0.000000E+00,0.000000E+00,0.000000E+00,2.110805E+01,7.994772E+01,2.388804E+01,5.920912E+01
10:29:00,8.012669E+03,1.522298E+03,5.579059E-01,1.344419E-01,0.000000E+00,0.000000E+00,0.000000E+00,0.000000E+00,0.000000E+00,0.000000E+00,0.000000E+00,0.000000E+00,2.110805E+01,7.994772E+01,2.388804E+01,5.917252E+01
10:30:00,8.012669E+03,1.527543E+03,5.579059E-01,1.349051E-01,0.000000E+00,0.000000E+00,0.000000E+00,0.000000E+00,0.000000E+00,0.000000E+00,0.000000E+00,0.000000E+00,2.110805E+01,7.994772E+01,2.388804E+01,5.913609E+01
10:31:00,8.012669E+03,1.532784E+03,5.579059E-01,1.353679E-01,0.000000E+00,0.000000E+00,0.000000E+00,0.000000E+00,0.000000E+00,0.000000E+00,0.000000E+00,0.000000E+00,2.110805E+01,7.994772E+01,2.388804E+01,5.909980E+01
10:32:00,8.012669E+03,1.538023E+03,5.579059E-01,1.358307E-01,0.000000E+00,0.000000E+00,0.000000E+00,0.000000E+00,0.000000E+00,0.000000E+00,0.000000E+00,0.000000E+00,2.110805E+01,7.994772E+01,2.388804E+01,5.906368E+01
10:33:00,8.012669E+03,1.543259E+03,5.579059E-01,1.362931E-01,0.000000E+00,0.000000E+00,0.000000E+00,0.000000E+00,0.000000E+00,0.000000E+00,0.000000E+00,0.000000E+00,2.110805E+01,7.994772E+01,2.388804E+01,5.902770E+01
10:34:00,8.012669E+03,1.548492E+03,5.579059E-01,1.367553E-01,0.000000E+00,0.000000E+00,0.000000E+00,0.000000E+00,0.000000E+00,0.000000E+00,0.000000E+00,0.000000E+00,2.110805E+01,7.994772E+01,2.388803E+01,5.899188E+01
10:35:00,8.012669E+03,1.553722E+03,5.579059E-01,1.372171E-01,0.000000E+00,0.000000E+00,0.000000E+00,0.000000E+00,0.000000E+00,0.000000E+00,0.000000E+00,0.000000E+00,2.110805E+01,7.994772E+01,2.388803E+01,5.895621E+01
10:36:00,8.012669E+03,1.558948E+03,5.579059E-01,1.376787E-01,0.000000E+00,0.000000E+00,0.000000E+00,0.000000E+00,0.000000E+00,0.000000E+00,0.000000E+00,0.000000E+00,2.110805E+01,7.994772E+01,2.388803E+01,5.892069E+01
10:37:00,8.012669E+03,1.564172E+03,5.579059E-01,1.381401E-01,0.000000E+00,0.000000E+00,0.000000E+00,0.000000E+00,0.000000E+00,0.000000E+00,0.000000E+00,0.000000E+00,2.110805E+01,7.994772E+01,2.388803E+01,5.888532E+01
10:38:00,8.012669E+03,1.569391E+03,5.579059E-01,1.386010E-01,0.000000E+00,0.000000E+00,0.000000E+00,0.000000E+00,0.000000E+00,0.000000E+00,0.000000E+00,0.000000E+00,2.110805E+01,7.994772E+01,2.388803E+01,5.885010E+01
10:39:00,8.012669E+03,1.574606E+03,5.579059E-01,1.390616E-01,0.000000E+00,0.000000E+00,0.000000E+00,0.000000E+00,0.000000E+00,0.000000E+00,0.000000E+00,0.000000E+00,2.110805E+01,7.994772E+01,2.388803E+01,5.881504E+01
10:40:00,8.012669E+03,1.579818E+03,5.579059E-01,1.395219E-01,0.000000E+00,0.000000E+00,0.000000E+00,0.000000E+00,0.000000E+00,0.000000E+00,0.000000E+00,0.000000E+00,2.110805E+01,7.994772E+01,2.388803E+01,5.878012E+01
10:41:00,8.012669E+03,1.585026E+03,5.579059E-01,1.399818E-01,0.000000E+00,0.000000E+00,0.000000E+00,0.000000E+00,0.000000E+00,0.000000E+00,0.000000E+00,0.000000E+00,2.110805E+01,7.994772E+01,2.388803E+01,5.874535E+01
10:42:00,8.012669E+03,1.590228E+03,5.579059E-01,1.404413E-01,0.000000E+00,0.000000E+00,0.000000E+00,0.000000E+00,0.000000E+00,0.000000E+00,0.000000E+00,0.000000E+00,2.110805E+01,7.994772E+01,2.388803E+01,5.871073E+01
10:43:00,8.012669E+03,1.595427E+03,5.579059E-01,1.409004E-01,0.000000E+00,0.000000E+00,0.000000E+00,0.000000E+00,0.000000E+00,0.000000E+00,0.000000E+00,0.000000E+00,2.110805E+01,7.994772E+01,2.388803E+01,5.867626E+01
10:44:00,8.012669E+03,1.600620E+03,5.579059E-01,1.413591E-01,0.000000E+00,0.000000E+00,0.000000E+00,0.000000E+00,0.000000E+00,0.000000E+00,0.000000E+00,0.000000E+00,2.110805E+01,7.994772E+01,2.388803E+01,5.864193E+01
10:45:00,8.012669E+03,1.605810E+03,5.579059E-01,1.418174E-01,0.000000E+00,0.000000E+00,0.000000E+00,0.000000E+00,0.000000E+00,0.000000E+00,0.000000E+00,0.000000E+00,2.110805E+01,7.994772E+01,2.388803E+01,5.860775E+01
10:46:00,8.012669E+03,1.610994E+03,5.579059E-01,1.422753E-01,0.000000E+00,0.000000E+00,0.000000E+00,0.000000E+00,0.000000E+00,0.000000E+00,0.000000E+00,0.000000E+00,2.110805E+01,7.994772E+01,2.388802E+01,5.857372E+01
10:47:00,8.012669E+03,1.616173E+03,5.579059E-01,1.427327E-01,0.000000E+00,0.000000E+00,0.000000E+00,0.000000E+00,0.000000E+00,0.000000E+00,0.000000E+00,0.000000E+00,2.110805E+01,7.994772E+01,2.388802E+01,5.853983E+01
10:48:00,8.012669E+03,1.621347E+03,5.579059E-01,1.431896E-01,0.000000E+00,0.000000E+00,0.000000E+00,0.000000E+00,0.000000E+00,0.000000E+00,0.000000E+00,0.000000E+00,2.110805E+01,7.994772E+01,2.388802E+01,5.850609E+01
10:49:00,8.012669E+03,1.626515E+03,5.579059E-01,1.436461E-01,0.000000E+00,0.000000E+00,0.000000E+00,0.000000E+00,0.000000E+00,0.000000E+00,0.000000E+00,0.000000E+00,2.110805E+01,7.994772E+01,2.388802E+01,5.847249E+01
10:50:00,8.012669E+03,1.631678E+03,5.579059E-01,1.441021E-01,0.000000E+00,0.000000E+00,0.000000E+00,0.000000E+00,0.000000E+00,0.000000E+00,0.000000E+00,0.000000E+00,2.110805E+01,7.994772E+01,2.388802E+01,5.843903E+01
10:51:00,8.012669E+03,1.636835E+03,5.579059E-01,1.445575E-01,0.000000E+00,0.000000E+00,0.000000E+00,0.000000E+00,0.000000E+00,0.000000E+00,0.000000E+00,0.000000E+00,2.110805E+01,7.994772E+01,2.388802E+01,5.840572E+01
10:52:00,8.012669E+03,1.641986E+03,5.579059E-01,1.450124E-01,0.000000E+00,0.000000E+00,0.000000E+00,0.000000E+00,0.000000E+00,0.000000E+00,0.000000E+00,0.000000E+00,2.110805E+01,7.994772E+01,2.388802E+01,5.837256E+01
10:53:00,8.012669E+03,1.647131E+03,5.579059E-01,1.454668E-01,0.000000E+00,0.000000E+00,0.000000E+00,0.000000E+00,0.000000E+00,0.000000E+00,0.000000E+00,0.000000E+00,2.110805E+01,7.994772E+01,2.388802E+01,5.833954E+01
10:54:00,8.012669E+03,1.652270E+03,5.579059E-01,1.459207E-01,0.000000E+00,0.000000E+00,0.000000E+00,0.000000E+00,0.000000E+00,0.000000E+00,0.000000E+00,0.000000E+00,2.110805E+01,7.994772E+01,2.388802E+01,5.830666E+01
10:55:00,8.012669E+03,1.657402E+03,5.579059E-01,1.463739E-01,0.000000E+00,0.000000E+00,0.000000E+00,0.000000E+00,0.000000E+00,0.000000E+00,0.000000E+00,0.000000E+00,2.110805E+01,7.994772E+01,2.388802E+01,5.827393E+01
10:56:00,8.012669E+03,1.662528E+03,5.579059E-01,1.468267E-01,0.000000E+00,0.000000E+00,0.000000E+00,0.000000E+00,0.000000E+00,0.000000E+00,0.000000E+00,0.000000E+00,2.110805E+01,7.994772E+01,2.388802E+01,5.824134E+01
10:57:00,8.012669E+03,1.667648E+03,5.579059E-01,1.472788E-01,0.000000E+00,0.000000E+00,0.000000E+00,0.000000E+00,0.000000E+00,0.000000E+00,0.000000E+00,0.000000E+00,2.110805E+01,7.994772E+01,2.388802E+01,5.820889E+01
10:58:00,8.012669E+03,1.672760E+03,5.579059E-01,1.477303E-01,0.000000E+00,0.000000E+00,0.000000E+00,0.000000E+00,0.000000E+00,0.000000E+00,0.000000E+00,0.000000E+00,2.110805E+01,7.994772E+01,2.388802E+01,5.817658E+01
10:59:00,8.012669E+03,1.677865E+03,5.579059E-01,1.481812E-01,0.000000E+00,0.000000E+00,0.000000E+00,0.000000E+00,0.000000E+00,0.000000E+00,0.000000E+00,0.000000E+00,2.110805E+01,7.994772E+01,2.388801E+01,5.814442E+01
11:00:00,8.012669E+03,1.682964E+03,5.579059E-01,1.486315E-01,0.000000E+00,0.000000E+00,0.000000E+00,0.000000E+00,0.000000E+00,0.000000E+00,0.000000E+00,0.000000E+00,2.110805E+01,7.994772E+01,2.388801E+01,5.811239E+01
11:01:00,8.012669E+03,1.688046E+03,5.579059E-01,1.490804E-01,0.000000E+00,0.000000E+00,0.000000E+00,0.000000E+00,0.000000E+00,0.000000E+00,0.000000E+00,0.000000E+00,2.110805E+01,7.994772E+01,2.388801E+01,5.808050E+01
11:02:00,8.012669E+03,1.693113E+03,5.579059E-01,1.495278E-01,0.000000E+00,0.000000E+00,0.000000E+00,0.000000E+00,0.000000E+00,0.000000E+00,0.000000E+00,0.000000E+00,2.110805E+01,7.994772E+01,2.388801E+01,5.804887E+01
11:03:00,8.012669E+03,1.698164E+03,5.579059E-01,1.499740E-01,0.000000E+00,0.000000E+00,0.000000E+00,0.000000E+00,0.000000E+00,0.000000E+00,0.000000E+00,0.000000E+00,2.110805E+01,7.994772E+01,2.388801E+01,5.801754E+01
11:04:00,8.012669E+03,1.703199E+03,5.579059E-01,1.504186E-01,0.000000E+00,0.000000E+00,0.000000E+00,0.000000E+00,0.000000E+00,0.000000E+00,0.000000E+00,0.000000E+00,2.110805E+01,7.994772E+01,2.388801E+01,5.798655E+01
11:05:00,8.012669E+03,1.708218E+03,5.579059E-01,1.508619E-01,0.000000E+00,0.000000E+00,0.000000E+00,0.000000E+00,0.000000E+00,0.000000E+00,0.000000E+00,0.000000E+00,2.110805E+01,7.994772E+01,2.388801E+01,5.795588E+01
11:06:00,8.012669E+03,1.713221E+03,5.579059E-01,1.513037E-01,0.000000E+00,0.000000E+00,0.000000E+00,0.000000E+00,0.000000E+00,0.000000E+00,0.000000E+00,0.000000E+00,2.110805E+01,7.994772E+01,2.388801E+01,5.792552E+01
11:07:00,8.012669E+03,1.718207E+03,5.579059E-01,1.517440E-01,0.000000E+00,0.000000E+00,0.000000E+00,0.000000E+00,0.000000E+00,0.000000E+00,0.000000E+00,0.000000E+00,2.110805E+01,7.994772E+01,2.388801E+01,5.789545E+01
11:08:00,8.012669E+03,1.723176E+03,5.579059E-01,1.521829E-01,0.000000E+00,0.000000E+00,0.000000E+00,0.000000E+00,0.000000E+00,0.000000E+00,0.000000E+00,0.000000E+00,2.110805E+01,7.994772E+01,2.388801E+01,5.786569E+01
11:09:00,8.012669E+03,1.728128E+03,5.579059E-01,1.526203E-01,0.000000E+00,0.000000E+00,0.000000E+00,0.000000E+00,0.000000E+00,0.000000E+00,0.000000E+00,0.000000E+00,2.110805E+01,7.994772E+01,2.388801E+01,5.783620E+01
11:10:00,8.012669E+03,1.733064E+03,5.579059E-01,1.530562E-01,0.000000E+00,0.000000E+00,0.000000E+00,0.000000E+00,0.000000E+00,0.000000E+00,0.000000E+00,0.000000E+00,2.110805E+01,7.994772E+01,2.388801E+01,5.780700E+01
11:11:00,8.012669E+03,1.737983E+03,5.579059E-01,1.534906E-01,0.000000E+00,0.000000E+00,0.000000E+00,0.000000E+00,0.000000E+00,0.000000E+00,0.000000E+00,0.000000E+00,2.110805E+01,7.994772E+01,2.388801E+01,5.777807E+01
11:12:00,8.012669E+03,1.742884E+03,5.579059E-01,1.539235E-01,0.000000E+00,0.000000E+00,0.000000E+00,0.000000E+00,0.000000E+00,0.000000E+00,0.000000E+00,0.000000E+00,2.110805E+01,7.994772E+01,2.388801E+01,5.774940E+01
11:13:00,8.012669E+03,1.747768E+03,5.579059E-01,1.543548E-01,0.000000E+00,0.000000E+00,0.000000E+00,0.000000E+00,0.000000E+00,0.000000E+00,0.000000E+00,0.000000E+00,2.110805E+01,7.994772E+01,2.388801E+01,5.772100E+01
11:14:00,8.012669E+03,1.752633E+03,5.579059E-01,1.547845E-01,0.000000E+00,0.000000E+00,0.000000E+00,0.000000E+00,0.000000E+00,0.000000E+00,0.000000E+00,0.000000E+00,2.110805E+01,7.994772E+01,2.388801E+01,5.769284E+01
11:15:00,8.012669E+03,1.757482E+03,5.579059E-01,1.552127E-01,0.000000E+00,0.000000E+00,0.000000E+00,0.000000E+00,0.000000E+00,0.000000E+00,0.000000E+00,0.000000E+00,2.110805E+01,7.994772E+01,2.388801E+01,5.766494E+01
11:16:00,8.012669E+03,1.762312E+03,5.579059E-01,1.556393E-01,0.000000E+00,0.000000E+00,0.000000E+00,0.000000E+00,0.000000E+00,0.000000E+00,0.000000E+00,0.000000E+00,2.110805E+01,7.994772E+01,2.388801E+01,5.763728E+01
11:17:00,8.012669E+03,1.767124E+03,5.579059E-01,1.560643E-01,0.000000E+00,0.000000E+00,0.000000E+00,0.000000E+00,0.000000E+00,0.000000E+00,0.000000E+00,0.000000E+00,2.110805E+01,7.994772E+01,2.388801E+01,5.760986E+01
11:18:00,8.012669E+03,1.771917E+03,5.579059E-01,1.564876E-01,0.000000E+00,0.000000E+00,0.000000E+00,0.000000E+00,0.000000E+00,0.000000E+00,0.000000E+00,0.000000E+00,2.110805E+01,7.994772E+01,2.388801E+01,5.758267E+01
11:19:00,8.012669E+03,1.776691E+03,5.579059E-01,1.569092E-01,0.000000E+00,0.000000E+00,0.000000E+00,0.000000E+00,0.000000E+00,0.000000E+00,0.000000E+00,0.000000E+00,2.110805E+01,7.994772E+01,2.388801E+01,5.755571E+01
11:20:00,8.012669E+03,1.781447E+03,5.579059E-01,1.573292E-01,0.000000E+00,0.000000E+00,0.000000E+00,0.000000E+00,0.000000E+00,0.000000E+00,0.000000E+00,0.000000E+00,2.110805E+01,7.994772E+01,2.388801E+01,5.752898E+01
11:21:00,8.012669E+03,1.786183E+03,5.579059E-01,1.577475E-01,0.000000E+00,0.000000E+00,0.000000E+00,0.000000E+00,0.000000E+00,0.000000E+00,0.000000E+00,0.000000E+00,2.110805E+01,7.994772E+01,2.388801E+01,5.750247E+01
11:22:00,8.012669E+03,1.790900E+03,5.579059E-01,1.581641E-01,0.000000E+00,0.000000E+00,0.000000E+00,0.000000E+00,0.000000E+00,0.000000E+00,0.000000E+00,0.000000E+00,2.110805E+01,7.994772E+01,2.388801E+01,5.747618E+01
11:23:00,8.012669E+03,1.795598E+03,5.579059E-01,1.585790E-01,0.000000E+00,0.000000E+00,0.000000E+00,0.000000E+00,0.000000E+00,0.000000E+00,0.000000E+00,0.000000E+00,2.110805E+01,7.994772E+01,2.388800E+01,5.745011E+01
11:24:00,8.012669E+03,1.800276E+03,5.579059E-01,1.589922E-01,0.000000E+00,0.000000E+00,0.000000E+00,0.000000E+00,0.000000E+00,0.000000E+00,0.000000E+00,0.000000E+00,2.110805E+01,7.994772E+01,2.388800E+01,5.742424E+01
11:25:00,8.012669E+03,1.804934E+03,5.579059E-01,1.594036E-01,0.000000E+00,0.000000E+00,0.000000E+00,0.000000E+00,0.000000E+00,0.000000E+00,0.000000E+00,0.000000E+00,2.110805E+01,7.994772E+01,2.388800E+01,5.739859E+01
11:26:00,8.012669E+03,1.809571E+03,5.579059E-01,1.598131E-01,0.000000E+00,0.000000E+00,0.000000E+00,0.000000E+00,0.000000E+00,0.000000E+00,0.000000E+00,0.000000E+00,2.110805E+01,7.994772E+01,2.388800E+01,5.737314E+01
11:27:00,8.012669E+03,1.814189E+03,5.579059E-01,1.602209E-01,0.000000E+00,0.000000E+00,0.000000E+00,0.000000E+00,0.000000E+00,0.000000E+00,0.000000E+00,0.000000E+00,2.110805E+01,7.994772E+01,2.388800E+01,5.734789E+01
11:28:00,8.012669E+03,1.818785E+03,5.579059E-01,1.606269E-01,0.000000E+00,0.000000E+00,0.000000E+00,0.000000E+00,0.000000E+00,0.000000E+00,0.000000E+00,0.000000E+00,2.110805E+01,7.994772E+01,2.388800E+01,5.732284E+01
11:29:00,8.012669E+03,1.823364E+03,5.579059E-01,1.610312E-01,0.000000E+00,0.000000E+00,0.000000E+00,0.000000E+00,0.000000E+00,0.000000E+00,0.000000E+00,0.000000E+00,2.110805E+01,7.994772E+01,2.388800E+01,5.729799E+01
11:30:00,8.012669E+03,1.827924E+03,5.579059E-01,1.614340E-01,0.000000E+00,0.000000E+00,0.000000E+00,0.000000E+00,0.000000E+00,0.000000E+00,0.000000E+00,0.000000E+00,2.110805E+01,7.994772E+01,2.388800E+01,5.727332E+01
11:31:00,8.012669E+03,1.832469E+03,5.579059E-01,1.618354E-01,0.000000E+00,0.000000E+00,0.000000E+00,0.000000E+00,0.000000E+00,0.000000E+00,0.000000E+00,0.000000E+00,2.110805E+01,7.994772E+01,2.388800E+01,5.724880E+01
11:32:00,8.012669E+03,1.836997E+03,5.579059E-01,1.622353E-01,0.000000E+00,0.000000E+00,0.000000E+00,0.000000E+00,0.000000E+00,0.000000E+00,0.000000E+00,0.000000E+00,2.110805E+01,7.994772E+01,2.388800E+01,5.722442E+01
11:33:00,8.012669E+03,1.841510E+03,5.579059E-01,1.626339E-01,0.000000E+00,0.000000E+00,0.000000E+00,0.000000E+00,0.000000E+00,0.000000E+00,0.000000E+00,0.000000E+00,2.110805E+01,7.994772E+01,2.388800E+01,5.720017E+01
11:34:00,8.012669E+03,1.846008E+03,5.579059E-01,1.630312E-01,0.000000E+00,0.000000E+00,0.000000E+00,0.000000E+00,0.000000E+00,0.000000E+00,0.000000E+00,0.000000E+00,2.110805E+01,7.994772E+01,2.388800E+01,5.717602E+01
11:35:00,8.012669E+03,1.850493E+03,5.579059E-01,1.634273E-01,0.000000E+00,0.000000E+00,0.000000E+00,0.000000E+00,0.000000E+00,0.000000E+00,0.000000E+00,0.000000E+00,2.110805E+01,7.994772E+01,2.388800E+01,5.715198E+01
11:36:00,8.012669E+03,1.854964E+03,5.579059E-01,1.638221E-01,0.000000E+00,0.000000E+00,0.000000E+00,0.000000E+00,0.000000E+00,0.000000E+00,0.000000E+00,0.000000E+00,2.110805E+01,7.994772E+01,2.388800E+01,5.712803E+01
11:37:00,8.012669E+03,1.859421E+03,5.579059E-01,1.642158E-01,0.000000E+00,0.000000E+00,0.000000E+00,0.000000E+00,0.000000E+00,0.000000E+00,0.000000E+00,0.000000E+00,2.110805E+01,7.994772E+01,2.388800E+01,5.710416E+01
11:38:00,8.012669E+03,1.863866E+03,5.579059E-01,1.646083E-01,0.000000E+00,0.000000E+00,0.000000E+00,0.000000E+00,0.000000E+00,0.000000E+00,0.000000E+00,0.000000E+00,2.110805E+01,7.994772E+01,2.388800E+01,5.708038E+01
11:39:00,8.012669E+03,1.868298E+03,5.579059E-01,1.649997E-01,0.000000E+00,0.000000E+00,0.000000E+00,0.000000E+00,0.000000E+00,0.000000E+00,0.000000E+00,0.000000E+00,2.110805E+01,7.994772E+01,2.388800E+01,5.705668E+01
11:40:00,8.012669E+03,1.872716E+03,5.579059E-01,1.653899E-01,0.000000E+00,0.000000E+00,0.000000E+00,0.000000E+00,0.000000E+00,0.000000E+00,0.000000E+00,0.000000E+00,2.110805E+01,7.994772E+01,2.388800E+01,5.703305E+01
11:41:00,8.012669E+03,1.877122E+03,5.579059E-01,1.657790E-01,0.000000E+00,0.000000E+00,0.000000E+00,0.000000E+00,0.000000E+00,0.000000E+00,0.000000E+00,0.000000E+00,2.110805E+01,7.994772E+01,2.388800E+01,5.700949E+01
11:42:00,8.012669E+03,1.881515E+03,5.579059E-01,1.661670E-01,0.000000E+00,0.000000E+00,0.000000E+00,0.000000E+00,0.000000E+00,0.000000E+00,0.000000E+00,0.000000E+00,2.110805E+01,7.994772E+01,2.388800E+01,5.698601E+01
11:43:00,8.012669E+03,1.885894E+03,5.579059E-01,1.665538E-01,0.000000E+00,0.000000E+00,0.000000E+00,0.000000E+00,0.000000E+00,0.000000E+00,0.000000E+00,0.000000E+00,2.110805E+01,7.994772E+01,2.388799E+01,5.696261E+01
11:44:00,8.012669E+03,1.890261E+03,5.579059E-01,1.669394E-01,0.000000E+00,0.000000E+00,0.000000E+00,0.000000E+00,0.000000E+00,0.000000E+00,0.000000E+00,0.000000E+00,2.110805E+01,7.994772E+01,2.388799E+01,5.693927E+01
11:45:00,8.012669E+03,1.894613E+03,5.579059E-01,1.673238E-01,0.000000E+00,0.000000E+00,0.000000E+00,0.000000E+00,0.000000E+00,0.000000E+00,0.000000E+00,0.000000E+00,2.110805E+01,7.994772E+01,2.388799E+01,5.691603E+01
11:46:00,8.012669E+03,1.898950E+03,5.579059E-01,1.677068E-01,0.000000E+00,0.000000E+00,0.000000E+00,0.000000E+00,0.000000E+00,0.000000E+00,0.000000E+00,0.000000E+00,2.110805E+01,7.994772E+01,2.388799E+01,5.689286E+01
11:47:00,8.012669E+03,1.903272E+03,5.579059E-01,1.680885E-01,0.000000E+00,0.000000E+00,0.000000E+00,0.000000E+00,0.000000E+00,0.000000E+00,0.000000E+00,0.000000E+00,2.110805E+01,7.994772E+01,2.388799E+01,5.686978E+01
11:48:00,8.012669E+03,1.907577E+03,5.579059E-01,1.684688E-01,0.000000E+00,0.000000E+00,0.000000E+00,0.000000E+00,0.000000E+00,0.000000E+00,0.000000E+00,0.000000E+00,2.110805E+01,7.994772E+01,2.388799E+01,5.684681E+01
11:49:00,8.012669E+03,1.911866E+03,5.579059E-01,1.688475E-01,0.000000E+00,0.000000E+00,0.000000E+00,0.000000E+00,0.000000E+00,0.000000E+00,0.000000E+00,0.000000E+00,2.110805E+01,7.994772E+01,2.388799E+01,5.682395E+01
11:50:00,8.012669E+03,1.916137E+03,5.579059E-01,1.692247E-01,0.000000E+00,0.000000E+00,0.000000E+00,0.000000E+00,0.000000E+00,0.000000E+00,0.000000E+00,0.000000E+00,2.110805E+01,7.994772E+01,2.388799E+01,5.680121E+01
11:51:00,8.012669E+03,1.920390E+03,5.579059E-01,1.696003E-01,0.000000E+00,0.000000E+00,0.000000E+00,0.000000E+00,0.000000E+00,0.000000E+00,0.000000E+00,0.000000E+00,2.110805E+01,7.994772E+01,2.388799E+01,5.677859E+01
11:52:00,8.012669E+03,1.924625E+03,5.579059E-01,1.699744E-01,0.000000E+00,0.000000E+00,0.000000E+00,0.000000E+00,0.000000E+00,0.000000E+00,0.000000E+00,0.000000E+00,2.110805E+01,7.994772E+01,2.388799E+01,5.675610E+01
11:53:00,8.012669E+03,1.928842E+03,5.579059E-01,1.703468E-01,0.000000E+00,0.000000E+00,0.000000E+00,0.000000E+00,0.000000E+00,0.000000E+00,0.000000E+00,0.000000E+00,2.110805E+01,7.994772E+01,2.388799E+01,5.673374E+01
11:54:00,8.012669E+03,1.933041E+03,5.579059E-01,1.707176E-01,0.000000E+00,0.000000E+00,0.000000E+00,0.000000E+00,0.000000E+00,0.000000E+00,0.000000E+00,0.000000E+00,2.110805E+01,7.994772E+01,2.388799E+01,5.671150E+01
11:55:00,8.012669E+03,1.937222E+03,5.579059E-01,1.710869E-01,0.000000E+00,0.000000E+00,0.000000E+00,0.000000E+00,0.000000E+00,0.000000E+00,0.000000E+00,0.000000E+00,2.110805E+01,7.994772E+01,2.388799E+01,5.668940E+01
11:56:00,8.012669E+03,1.941383E+03,5.579059E-01,1.714544E-01,0.000000E+00,0.000000E+00,0.000000E+00,0.000000E+00,0.000000E+00,0.000000E+00,0.000000E+00,0.000000E+00,2.110805E+01,7.994772E+01,2.388799E+01,5.666742E+01
11:57:00,8.012669E+03,1.945525E+03,5.579059E-01,1.718202E-01,0.000000E+00,0.000000E+00,0.000000E+00,0.000000E+00,0.000000E+00,0.000000E+00,0.000000E+00,0.000000E+00,2.110805E+01,7.994772E+01,2.388799E+01,5.664557E+01
11:58:00,8.012669E+03,1.949648E+03,5.579059E-01,1.721843E-01,0.000000E+00,0.000000E+00,0.000000E+00,0.000000E+00,0.000000E+00,0.000000E+00,0.000000E+00,0.000000E+00,2.110805E+01,7.994772E+01,2.388799E+01,5.662386E+01
11:59:00,8.012669E+03,1.953752E+03,5.579059E-01,1.725468E-01,0.000000E+00,0.000000E+00,0.000000E+00,0.000000E+00,0.000000E+00,0.000000E+00,0.000000E+00,0.000000E+00,2.110805E+01,7.994772E+01,2.388799E+01,5.660227E+01
12:00:00,8.012669E+03,1.957836E+03,5.579059E-01,1.729074E-01,0.000000E+00,0.000000E+00,0.000000E+00,0.000000E+00,0.000000E+00,0.000000E+00,0.000000E+00,0.000000E+00,2.110805E+01,7.994772E+01,2.388799E+01,5.658082E+01
12:01:00,8.012669E+03,1.961908E+03,5.579059E-01,1.732671E-01,0.000000E+00,0.000000E+00,0.000000E+00,0.000000E+00,0.000000E+00,0.000000E+00,0.000000E+00,0.000000E+00,2.110805E+01,7.994772E+01,2.388799E+01,5.655949E+01
12:02:00,8.012669E+03,1.965969E+03,5.579059E-01,1.736258E-01,0.000000E+00,0.000000E+00,0.000000E+00,0.000000E+00,0.000000E+00,0.000000E+00,0.000000E+00,0.000000E+00,2.110805E+01,7.994772E+01,2.388799E+01,5.653833E+01
12:03:00,8.012669E+03,1.970019E+03,5.579059E-01,1.739834E-01,0.000000E+00,0.000000E+00,0.000000E+00,0.000000E+00,0.000000E+00,0.000000E+00,0.000000E+00,0.000000E+00,2.110805E+01,7.994772E+01,2.388799E+01,5.651737E+01
12:04:00,8.012669E+03,1.974056E+03,5.579059E-01,1.743400E-01,0.000000E+00,0.000000E+00,0.000000E+00,0.000000E+00,0.000000E+00,0.000000E+00,0.000000E+00,0.000000E+00,2.110805E+01,7.994772E+01,2.388799E+01,5.649660E+01
12:05:00,8.012669E+03,1.978082E+03,5.579059E-01,1.746955E-01,0.000000E+00,0.000000E+00,0.000000E+00,0.000000E+00,0.000000E+00,0.000000E+00,0.000000E+00,0.000000E+00,2.110805E+01,7.994772E+01,2.388798E+01,5.647603E+01
12:06:00,8.012669E+03,1.982094E+03,5.579059E-01,1.750499E-01,0.000000E+00,0.000000E+00,0.000000E+00,0.000000E+00,0.000000E+00,0.000000E+00,0.000000E+00,0.000000E+00,2.110805E+01,7.994772E+01,2.388798E+01,5.645564E+01
12:07:00,8.012669E+03,1.986096E+03,5.579059E-01,1.754033E-01,0.000000E+00,0.000000E+00,0.000000E+00,0.000000E+00,0.000000E+00,0.000000E+00,0.000000E+00,0.000000E+00,2.110805E+01,7.994772E+01,2.388798E+01,5.643544E+01
12:08:00,8.012669E+03,1.990083E+03,5.579059E-01,1.757555E-01,0.000000E+00,0.000000E+00,0.000000E+00,0.000000E+00,0.000000E+00,0.000000E+00,0.000000E+00,0.000000E+00,2.110805E+01,7.994772E+01,2.388798E+01,5.641543E+01
12:09:00,8.012669E+03,1.994058E+03,5.579059E-01,1.761065E-01,0.000000E+00,0.000000E+00,0.000000E+00,0.000000E+00,0.000000E+00,0.000000E+00,0.000000E+00,0.000000E+00,2.110805E+01,7.994772E+01,2.388798E+01,5.639560E+01
12:10:00,8.012669E+03,1.998019E+03,5.579059E-01,1.764563E-01,0.000000E+00,0.000000E+00,0.000000E+00,0.000000E+00,0.000000E+00,0.000000E+00,0.000000E+00,0.000000E+00,2.110805E+01,7.994772E+01,2.388798E+01,5.637595E+01
12:11:00,8.012669E+03,2.001963E+03,5.579059E-01,1.768047E-01,0.000000E+00,0.000000E+00,0.000000E+00,0.000000E+00,0.000000E+00,0.000000E+00,0.000000E+00,0.000000E+00,2.110805E+01,7.994772E+01,2.388798E+01,5.635649E+01
12:12:00,8.012669E+03,2.005891E+03,5.579059E-01,1.771516E-01,0.000000E+00,0.000000E+00,0.000000E+00,0.000000E+00,0.000000E+00,0.000000E+00,0.000000E+00,0.000000E+00,2.110805E+01,7.994772E+01,2.388798E+01,5.633723E+01
12:13:00,8.012669E+03,2.009802E+03,5.579059E-01,1.774970E-01,0.000000E+00,0.000000E+00,0.000000E+00,0.000000E+00,0.000000E+00,0.000000E+00,0.000000E+00,0.000000E+00,2.110805E+01,7.994772E+01,2.388798E+01,5.631817E+01
12:14:00,8.012669E+03,2.013695E+03,5.579059E-01,1.778408E-01,0.000000E+00,0.000000E+00,0.000000E+00,0.000000E+00,0.000000E+00,0.000000E+00,0.000000E+00,0.000000E+00,2.110805E+01,7.994772E+01,2.388798E+01,5.629932E+01
12:15:00,8.012669E+03,2.017568E+03,5.579059E-01,1.781829E-01,0.000000E+00,0.000000E+00,0.000000E+00,0.000000E+00,0.000000E+00,0.000000E+00,0.000000E+00,0.000000E+00,2.110805E+01,7.994772E+01,2.388798E+01,5.628068E+01
12:16:00,8.012669E+03,2.021422E+03,5.579059E-01,1.785232E-01,0.000000E+00,0.000000E+00,0.000000E+00,0.000000E+00,0.000000E+00,0.000000E+00,0.000000E+00,0.000000E+00,2.110805E+01,7.994772E+01,2.388798E+01,5.626227E+01
12:17:00,8.012669E+03,2.025255E+03,5.579059E-01,1.788618E-01,0.000000E+00,0.000000E+00,0.000000E+00,0.000000E+00,0.000000E+00,0.000000E+00,0.000000E+00,0.000000E+00,2.110805E+01,7.994772E+01,2.388798E+01,5.624408E+01
12:18:00,8.012669E+03,2.029067E+03,5.579059E-01,1.791984E-01,0.000000E+00,0.000000E+00,0.000000E+00,0.000000E+00,0.000000E+00,0.000000E+00,0.000000E+00,0.000000E+00,2.110805E+01,7.994772E+01,2.388798E+01,5.622612E+01
12:19:00,8.012669E+03,2.032858E+03,5.579059E-01,1.795332E-01,0.000000E+00,0.000000E+00,0.000000E+00,0.000000E+00,0.000000E+00,0.000000E+00,0.000000E+00,0.000000E+00,2.110805E+01,7.994772E+01,2.388798E+01,5.620838E+01
12:20:00,8.012669E+03,2.036626E+03,5.579059E-01,1.798660E-01,0.000000E+00,0.000000E+00,0.000000E+00,0.000000E+00,0.000000E+00,0.000000E+00,0.000000E+00,0.000000E+00,2.110805E+01,7.994772E+01,2.388798E+01,5.619086E+01
12:21:00,8.012669E+03,2.040372E+03,5.579059E-01,1.801969E-01,0.000000E+00,0.000000E+00,0.000000E+00,0.000000E+00,0.000000E+00,0.000000E+00,0.000000E+00,0.000000E+00,2.110805E+01,7.994772E+01,2.388798E+01,5.617358E+01
12:22:00,8.012669E+03,2.044095E+03,5.579059E-01,1.805257E-01,0.000000E+00,0.000000E+00,0.000000E+00,0.000000E+00,0.000000E+00,0.000000E+00,0.000000E+00,0.000000E+00,2.110805E+01,7.994772E+01,2.388798E+01,5.615652E+01
12:23:00,8.012669E+03,2.047795E+03,5.579059E-01,1.808524E-01,0.000000E+00,0.000000E+00,0.000000E+00,0.000000E+00,0.000000E+00,0.000000E+00,0.000000E+00,0.000000E+00,2.110805E+01,7.994772E+01,2.388798E+01,5.613968E+01
12:24:00,8.012669E+03,2.051472E+03,5.579059E-01,1.811772E-01,0.000000E+00,0.000000E+00,0.000000E+00,0.000000E+00,0.000000E+00,0.000000E+00,0.000000E+00,0.000000E+00,2.110805E+01,7.994772E+01,2.388798E+01,5.612307E+01
12:25:00,8.012669E+03,2.055126E+03,5.579059E-01,1.814999E-01,0.000000E+00,0.000000E+00,0.000000E+00,0.000000E+00,0.000000E+00,0.000000E+00,0.000000E+00,0.000000E+00,2.110805E+01,7.994772E+01,2.388798E+01,5.610667E+01
12:26:00,8.012669E+03,2.058757E+03,5.579059E-01,1.818206E-01,0.000000E+00,0.000000E+00,0.000000E+00,0.000000E+00,0.000000E+00,0.000000E+00,0.000000E+00,0.000000E+00,2.110805E+01,7.994772E+01,2.388798E+01,5.609049E+01
12:27:00,8.012669E+03,2.062368E+03,5.579059E-01,1.821394E-01,0.000000E+00,0.000000E+00,0.000000E+00,0.000000E+00,0.000000E+00,0.000000E+00,0.000000E+00,0.000000E+00,2.110805E+01,7.994772E+01,2.388798E+01,5.607450E+01
12:28:00,8.012669E+03,2.065958E+03,5.579059E-01,1.824565E-01,0.000000E+00,0.000000E+00,0.000000E+00,0.000000E+00,0.000000E+00,0.000000E+00,0.000000E+00,0.000000E+00,2.110805E+01,7.994772E+01,2.388798E+01,5.605871E+01
12:29:00,8.012669E+03,2.069528E+03,5.579059E-01,1.827718E-01,0.000000E+00,0.000000E+00,0.000000E+00,0.000000E+00,0.000000E+00,0.000000E+00,0.000000E+00,0.000000E+00,2.110805E+01,7.994772E+01,2.388798E+01,5.604308E+01
12:30:00,8.012669E+03,2.073075E+03,5.579059E-01,1.830851E-01,0.000000E+00,0.000000E+00,0.000000E+00,0.000000E+00,0.000000E+00,0.000000E+00,0.000000E+00,0.000000E+00,2.110805E+01,7.994772E+01,2.388798E+01,5.602759E+01
12:31:00,8.012669E+03,2.076600E+03,5.579059E-01,1.833964E-01,0.000000E+00,0.000000E+00,0.000000E+00,0.000000E+00,0.000000E+00,0.000000E+00,0.000000E+00,0.000000E+00,2.110805E+01,7.994772E+01,2.388798E+01,5.601224E+01
12:32:00,8.012669E+03,2.080101E+03,5.579059E-01,1.837056E-01,0.000000E+00,0.000000E+00,0.000000E+00,0.000000E+00,0.000000E+00,0.000000E+00,0.000000E+00,0.000000E+00,2.110805E+01,7.994772E+01,2.388798E+01,5.599701E+01
12:33:00,8.012669E+03,2.083579E+03,5.579059E-01,1.840128E-01,0.000000E+00,0.000000E+00,0.000000E+00,0.000000E+00,0.000000E+00,0.000000E+00,0.000000E+00,0.000000E+00,2.110805E+01,7.994772E+01,2.388798E+01,5.598191E+01
12:34:00,8.012669E+03,2.087032E+03,5.579059E-01,1.843177E-01,0.000000E+00,0.000000E+00,0.000000E+00,0.000000E+00,0.000000E+00,0.000000E+00,0.000000E+00,0.000000E+00,2.110805E+01,7.994772E+01,2.388798E+01,5.596693E+01
12:35:00,8.012669E+03,2.090459E+03,5.579059E-01,1.846204E-01,0.000000E+00,0.000000E+00,0.000000E+00,0.000000E+00,0.000000E+00,0.000000E+00,0.000000E+00,0.000000E+00,2.110805E+01,7.994772E+01,2.388798E+01,5.595206E+01
12:36:00,8.012669E+03,2.093861E+03,5.579059E-01,1.849209E-01,0.000000E+00,0.000000E+00,0.000000E+00,0.000000E+00,0.000000E+00,0.000000E+00,0.000000E+00,0.000000E+00,2.110805E+01,7.994772E+01,2.388798E+01,5.593730E+01
12:37:00,8.012669E+03,2.097237E+03,5.579059E-01,1.852190E-01,0.000000E+00,0.000000E+00,0.000000E+00,0.000000E+00,0.000000E+00,0.000000E+00,0.000000E+00,0.000000E+00,2.110805E+01,7.994772E+01,2.388798E+01,5.592265E+01
12:38:00,8.012669E+03,2.100586E+03,5.579059E-01,1.855148E-01,0.000000E+00,0.000000E+00,0.000000E+00,0.000000E+00,0.000000E+00,0.000000E+00,0.000000E+00,0.000000E+00,2.110805E+01,7.994772E+01,2.388798E+01,5.590810E+01
12:39:00,8.012669E+03,2.103909E+03,5.579059E-01,1.858082E-01,0.000000E+00,0.000000E+00,0.000000E+00,0.000000E+00,0.000000E+00,0.000000E+00,0.000000E+00,0.000000E+00,2.110805E+01,7.994772E+01,2.388798E+01,5.589366E+01
12:40:00,8.012669E+03,2.107204E+03,5.579059E-01,1.860993E-01,0.000000E+00,0.000000E+00,0.000000E+00,0.000000E+00,0.000000E+00,0.000000E+00,0.000000E+00,0.000000E+00,2.110805E+01,7.994772E+01,2.388798E+01,5.587932E+01
12:41:00,8.012669E+03,2.110473E+03,5.579059E-01,1.863880E-01,0.000000E+00,0.000000E+00,0.000000E+00,0.000000E+00,0.000000E+00,0.000000E+00,0.000000E+00,0.000000E+00,2.110805E+01,7.994772E+01,2.388798E+01,5.586509E+01
12:42:00,8.012669E+03,2.113714E+03,5.579059E-01,1.866742E-01,0.000000E+00,0.000000E+00,0.000000E+00,0.000000E+00,0.000000E+00,0.000000E+00,0.000000E+00,0.000000E+00,2.110805E+01,7.994772E+01,2.388798E+01,5.585095E+01
12:43:00,8.012669E+03,2.116929E+03,5.579059E-01,1.869581E-01,0.000000E+00,0.000000E+00,0.000000E+00,0.000000E+00,0.000000E+00,0.000000E+00,0.000000E+00,0.000000E+00,2.110805E+01,7.994772E+01,2.388798E+01,5.583691E+01
12:44:00,8.012669E+03,2.120117E+03,5.579059E-01,1.872397E-01,0.000000E+00,0.000000E+00,0.000000E+00,0.000000E+00,0.000000E+00,0.000000E+00,0.000000E+00,0.000000E+00,2.110805E+01,7.994772E+01,2.388798E+01,5.582296E+01
12:45:00,8.012669E+03,2.123278E+03,5.579059E-01,1.875189E-01,0.000000E+00,0.000000E+00,0.000000E+00,0.000000E+00,0.000000E+00,0.000000E+00,0.000000E+00,0.000000E+00,2.110805E+01,7.994772E+01,2.388798E+01,5.580912E+01
12:46:00,8.012669E+03,2.126413E+03,5.579059E-01,1.877957E-01,0.000000E+00,0.000000E+00,0.000000E+00,0.000000E+00,0.000000E+00,0.000000E+00,0.000000E+00,0.000000E+00,2.110805E+01,7.994772E+01,2.388798E+01,5.579536E+01
12:47:00,8.012669E+03,2.129523E+03,5.579059E-01,1.880704E-01,0.000000E+00,0.000000E+00,0.000000E+00,0.000000E+00,0.000000E+00,0.000000E+00,0.000000E+00,0.000000E+00,2.110805E+01,7.994772E+01,2.388798E+01,5.578170E+01
12:48:00,8.012669E+03,2.132608E+03,5.579059E-01,1.883429E-01,0.000000E+00,0.000000E+00,0.000000E+00,0.000000E+00,0.000000E+00,0.000000E+00,0.000000E+00,0.000000E+00,2.110805E+01,7.994772E+01,2.388798E+01,5.576813E+01
12:49:00,8.012669E+03,2.135670E+03,5.579059E-01,1.886133E-01,0.000000E+00,0.000000E+00,0.000000E+00,0.000000E+00,0.000000E+00,0.000000E+00,0.000000E+00,0.000000E+00,2.110805E+01,7.994772E+01,2.388798E+01,5.575466E+01
12:50:00,8.012669E+03,2.138708E+03,5.579059E-01,1.888816E-01,0.000000E+00,0.000000E+00,0.000000E+00,0.000000E+00,0.000000E+00,0.000000E+00,0.000000E+00,0.000000E+00,2.110805E+01,7.994772E+01,2.388798E+01,5.574127E+01
12:51:00,8.012669E+03,2.141723E+03,5.579059E-01,1.891479E-01,0.000000E+00,0.000000E+00,0.000000E+00,0.000000E+00,0.000000E+00,0.000000E+00,0.000000E+00,0.000000E+00,2.110805E+01,7.994772E+01,2.388798E+01,5.572797E+01
12:52:00,8.012669E+03,2.144715E+03,5.579059E-01,1.894121E-01,0.000000E+00,0.000000E+00,0.000000E+00,0.000000E+00,0.000000E+00,0.000000E+00,0.000000E+00,0.000000E+00,2.110805E+01,7.994772E+01,2.388798E+01,5.571476E+01
12:53:00,8.012669E+03,2.147684E+03,5.579059E-01,1.896743E-01,0.000000E+00,0.000000E+00,0.000000E+00,0.000000E+00,0.000000E+00,0.000000E+00,0.000000E+00,0.000000E+00,2.110805E+01,7.994772E+01,2.388798E+01,5.570163E+01
12:54:00,8.012669E+03,2.150630E+03,5.579059E-01,1.899345E-01,0.000000E+00,0.000000E+00,0.000000E+00,0.000000E+00,0.000000E+00,0.000000E+00,0.000000E+00,0.000000E+00,2.110805E+01,7.994772E+01,2.388798E+01,5.568859E+01
12:55:00,8.012669E+03,2.153553E+03,5.579059E-01,1.901927E-01,0.000000E+00,0.000000E+00,0.000000E+00,0.000000E+00,0.000000E+00,0.000000E+00,0.000000E+00,0.000000E+00,2.110805E+01,7.994772E+01,2.388797E+01,5.567563E+01
12:56:00,8.012669E+03,2.156453E+03,5.579059E-01,1.904488E-01,0.000000E+00,0.000000E+00,0.000000E+00,0.000000E+00,0.000000E+00,0.000000E+00,0.000000E+00,0.000000E+00,2.110805E+01,7.994772E+01,2.388797E+01,5.566275E+01
12:57:00,8.012669E+03,2.159332E+03,5.579059E-01,1.907030E-01,0.000000E+00,0.000000E+00,0.000000E+00,0.000000E+00,0.000000E+00,0.000000E+00,0.000000E+00,0.000000E+00,2.110805E+01,7.994772E+01,2.388797E+01,5.564996E+01
12:58:00,8.012669E+03,2.162187E+03,5.579059E-01,1.909552E-01,0.000000E+00,0.000000E+00,0.000000E+00,0.000000E+00,0.000000E+00,0.000000E+00,0.000000E+00,0.000000E+00,2.110805E+01,7.994772E+01,2.388797E+01,5.563724E+01
12:59:00,8.012669E+03,2.165020E+03,5.579059E-01,1.912054E-01,0.000000E+00,0.000000E+00,0.000000E+00,0.000000E+00,0.000000E+00,0.000000E+00,0.000000E+00,0.000000E+00,2.110805E+01,7.994772E+01,2.388797E+01,5.562461E+01
13:00:00,8.012669E+03,2.167831E+03,5.579059E-01,1.914537E-01,0.000000E+00,0.000000E+00,0.000000E+00,0.000000E+00,0.000000E+00,0.000000E+00,0.000000E+00,0.000000E+00,2.110805E+01,7.994772E+01,2.388797E+01,5.561206E+01
13:01:00,8.012669E+03,2.170617E+03,5.579059E-01,1.916997E-01,0.000000E+00,0.000000E+00,0.000000E+00,0.000000E+00,0.000000E+00,0.000000E+00,0.000000E+00,0.000000E+00,2.110805E+01,7.994772E+01,2.388797E+01,5.559958E+01
13:02:00,8.012669E+03,2.173378E+03,5.579059E-01,1.919435E-01,0.000000E+00,0.000000E+00,0.000000E+00,0.000000E+00,0.000000E+00,0.000000E+00,0.000000E+00,0.000000E+00,2.110805E+01,7.994772E+01,2.388797E+01,5.558724E+01
13:03:00,8.012669E+03,2.176114E+03,5.579059E-01,1.921852E-01,0.000000E+00,0.000000E+00,0.000000E+00,0.000000E+00,0.000000E+00,0.000000E+00,0.000000E+00,0.000000E+00,2.110805E+01,7.994772E+01,2.388797E+01,5.557506E+01
13:04:00,8.012669E+03,2.178826E+03,5.579059E-01,1.924247E-01,0.000000E+00,0.000000E+00,0.000000E+00,0.000000E+00,0.000000E+00,0.000000E+00,0.000000E+00,0.000000E+00,2.110805E+01,7.994772E+01,2.388797E+01,5.556306E+01
13:05:00,8.012669E+03,2.181513E+03,5.579059E-01,1.926620E-01,0.000000E+00,0.000000E+00,0.000000E+00,0.000000E+00,0.000000E+00,0.000000E+00,0.000000E+00,0.000000E+00,2.110805E+01,7.994772E+01,2.388797E+01,5.555123E+01
13:06:00,8.012669E+03,2.184176E+03,5.579059E-01,1.928972E-01,0.000000E+00,0.000000E+00,0.000000E+00,0.000000E+00,0.000000E+00,0.000000E+00,0.000000E+00,0.000000E+00,2.110805E+01,7.994772E+01,2.388797E+01,5.553956E+01
13:07:00,8.012669E+03,2.186814E+03,5.579059E-01,1.931301E-01,0.000000E+00,0.000000E+00,0.000000E+00,0.000000E+00,0.000000E+00,0.000000E+00,0.000000E+00,0.000000E+00,2.110805E+01,7.994772E+01,2.388797E+01,5.552804E+01
13:08:00,8.012669E+03,2.189428E+03,5.579059E-01,1.933610E-01,0.000000E+00,0.000000E+00,0.000000E+00,0.000000E+00,0.000000E+00,0.000000E+00,0.000000E+00,0.000000E+00,2.110805E+01,7.994772E+01,2.388797E+01,5.551668E+01
13:09:00,8.012669E+03,2.192018E+03,5.579059E-01,1.935898E-01,0.000000E+00,0.000000E+00,0.000000E+00,0.000000E+00,0.000000E+00,0.000000E+00,0.000000E+00,0.000000E+00,2.110805E+01,7.994772E+01,2.388797E+01,5.550547E+01
13:10:00,8.012669E+03,2.194586E+03,5.579059E-01,1.938166E-01,0.000000E+00,0.000000E+00,0.000000E+00,0.000000E+00,0.000000E+00,0.000000E+00,0.000000E+00,0.000000E+00,2.110805E+01,7.994772E+01,2.388797E+01,5.549440E+01
13:11:00,8.012669E+03,2.197133E+03,5.579059E-01,1.940415E-01,0.000000E+00,0.000000E+00,0.000000E+00,0.000000E+00,0.000000E+00,0.000000E+00,0.000000E+00,0.000000E+00,2.110805E+01,7.994772E+01,2.388797E+01,5.548346E+01
13:12:00,8.012669E+03,2.199659E+03,5.579059E-01,1.942646E-01,0.000000E+00,0.000000E+00,0.000000E+00,0.000000E+00,0.000000E+00,0.000000E+00,0.000000E+00,0.000000E+00,2.110805E+01,7.994772E+01,2.388797E+01,5.547267E+01
13:13:00,8.012669E+03,2.202166E+03,5.579059E-01,1.944860E-01,0.000000E+00,0.000000E+00,0.000000E+00,0.000000E+00,0.000000E+00,0.000000E+00,0.000000E+00,0.000000E+00,2.110805E+01,7.994772E+01,2.388797E+01,5.546201E+01
13:14:00,8.012669E+03,2.204654E+03,5.579059E-01,1.947057E-01,0.000000E+00,0.000000E+00,0.000000E+00,0.000000E+00,0.000000E+00,0.000000E+00,0.000000E+00,0.000000E+00,2.110805E+01,7.994772E+01,2.388797E+01,5.545147E+01
13:15:00,8.012669E+03,2.207123E+03,5.579059E-01,1.949238E-01,0.000000E+00,0.000000E+00,0.000000E+00,0.000000E+00,0.000000E+00,0.000000E+00,0.000000E+00,0.000000E+00,2.110805E+01,7.994772E+01,2.388797E+01,5.544106E+01
13:16:00,8.012669E+03,2.209576E+03,5.579059E-01,1.951404E-01,0.000000E+00,0.000000E+00,0.000000E+00,0.000000E+00,0.000000E+00,0.000000E+00,0.000000E+00,0.000000E+00,2.110805E+01,7.994772E+01,2.388797E+01,5.543077E+01
13:17:00,8.012669E+03,2.212012E+03,5.579059E-01,1.953556E-01,0.000000E+00,0.000000E+00,0.000000E+00,0.000000E+00,0.000000E+00,0.000000E+00,0.000000E+00,0.000000E+00,2.110805E+01,7.994772E+01,2.388797E+01,5.542061E+01
13:18:00,8.012669E+03,2.214432E+03,5.579059E-01,1.955693E-01,0.000000E+00,0.000000E+00,0.000000E+00,0.000000E+00,0.000000E+00,0.000000E+00,0.000000E+00,0.000000E+00,2.110805E+01,7.994772E+01,2.388797E+01,5.541056E+01
13:19:00,8.012669E+03,2.216836E+03,5.579059E-01,1.957816E-01,0.000000E+00,0.000000E+00,0.000000E+00,0.000000E+00,0.000000E+00,0.000000E+00,0.000000E+00,0.000000E+00,2.110805E+01,7.994772E+01,2.388797E+01,5.540062E+01
13:20:00,8.012669E+03,2.219225E+03,5.579059E-01,1.959926E-01,0.000000E+00,0.000000E+00,0.000000E+00,0.000000E+00,0.000000E+00,0.000000E+00,0.000000E+00,0.000000E+00,2.110805E+01,7.994772E+01,2.388797E+01,5.539079E+01
13:21:00,8.012669E+03,2.221600E+03,5.579059E-01,1.962024E-01,0.000000E+00,0.000000E+00,0.000000E+00,0.000000E+00,0.000000E+00,0.000000E+00,0.000000E+00,0.000000E+00,2.110805E+01,7.994772E+01,2.388797E+01,5.538108E+01
13:22:00,8.012669E+03,2.223961E+03,5.579059E-01,1.964109E-01,0.000000E+00,0.000000E+00,0.000000E+00,0.000000E+00,0.000000E+00,0.000000E+00,0.000000E+00,0.000000E+00,2.110805E+01,7.994772E+01,2.388797E+01,5.537147E+01
13:23:00,8.012669E+03,2.226308E+03,5.579059E-01,1.966182E-01,0.000000E+00,0.000000E+00,0.000000E+00,0.000000E+00,0.000000E+00,0.000000E+00,0.000000E+00,0.000000E+00,2.110805E+01,7.994772E+01,2.388797E+01,5.536196E+01
13:24:00,8.012669E+03,2.228641E+03,5.579059E-01,1.968242E-01,0.000000E+00,0.000000E+00,0.000000E+00,0.000000E+00,0.000000E+00,0.000000E+00,0.000000E+00,0.000000E+00,2.110805E+01,7.994772E+01,2.388797E+01,5.535255E+01
13:25:00,8.012669E+03,2.230960E+03,5.579059E-01,1.970291E-01,0.000000E+00,0.000000E+00,0.000000E+00,0.000000E+00,0.000000E+00,0.000000E+00,0.000000E+00,0.000000E+00,2.110805E+01,7.994772E+01,2.388797E+01,5.534324E+01
13:26:00,8.012669E+03,2.233266E+03,5.579059E-01,1.972327E-01,0.000000E+00,0.000000E+00,0.000000E+00,0.000000E+00,0.000000E+00,0.000000E+00,0.000000E+00,0.000000E+00,2.110805E+01,7.994772E+01,2.388797E+01,5.533404E+01
13:27:00,8.012669E+03,2.235555E+03,5.579059E-01,1.974349E-01,0.000000E+00,0.000000E+00,0.000000E+00,0.000000E+00,0.000000E+00,0.000000E+00,0.000000E+00,0.000000E+00,2.110805E+01,7.994772E+01,2.388797E+01,5.532492E+01
13:28:00,8.012669E+03,2.237828E+03,5.579059E-01,1.976356E-01,0.000000E+00,0.000000E+00,0.000000E+00,0.000000E+00,0.000000E+00,0.000000E+00,0.000000E+00,0.000000E+00,2.110805E+01,7.994772E+01,2.388797E+01,5.531590E+01
13:29:00,8.012669E+03,2.240083E+03,5.579059E-01,1.978347E-01,0.000000E+00,0.000000E+00,0.000000E+00,0.000000E+00,0.000000E+00,0.000000E+00,0.000000E+00,0.000000E+00,2.110805E+01,7.994772E+01,2.388797E+01,5.530698E+01
13:30:00,8.012669E+03,2.242319E+03,5.579059E-01,1.980322E-01,0.000000E+00,0.000000E+00,0.000000E+00,0.000000E+00,0.000000E+00,0.000000E+00,0.000000E+00,0.000000E+00,2.110805E+01,7.994772E+01,2.388797E+01,5.529814E+01
13:31:00,8.012669E+03,2.244537E+03,5.579059E-01,1.982281E-01,0.000000E+00,0.000000E+00,0.000000E+00,0.000000E+00,0.000000E+00,0.000000E+00,0.000000E+00,0.000000E+00,2.110805E+01,7.994772E+01,2.388797E+01,5.528939E+01
13:32:00,8.012669E+03,2.246735E+03,5.579059E-01,1.984222E-01,0.000000E+00,0.000000E+00,0.000000E+00,0.000000E+00,0.000000E+00,0.000000E+00,0.000000E+00,0.000000E+00,2.110805E+01,7.994772E+01,2.388797E+01,5.528072E+01
13:33:00,8.012669E+03,2.248915E+03,5.579059E-01,1.986148E-01,0.000000E+00,0.000000E+00,0.000000E+00,0.000000E+00,0.000000E+00,0.000000E+00,0.000000E+00,0.000000E+00,2.110805E+01,7.994772E+01,2.388797E+01,5.527215E+01
13:34:00,8.012669E+03,2.251076E+03,5.579059E-01,1.988056E-01,0.000000E+00,0.000000E+00,0.000000E+00,0.000000E+00,0.000000E+00,0.000000E+00,0.000000E+00,0.000000E+00,2.110805E+01,7.994772E+01,2.388797E+01,5.526366E+01
13:35:00,8.012669E+03,2.253218E+03,5.579059E-01,1.989948E-01,0.000000E+00,0.000000E+00,0.000000E+00,0.000000E+00,0.000000E+00,0.000000E+00,0.000000E+00,0.000000E+00,2.110805E+01,7.994772E+01,2.388797E+01,5.525524E+01
13:36:00,8.012669E+03,2.255340E+03,5.579059E-01,1.991822E-01,0.000000E+00,0.000000E+00,0.000000E+00,0.000000E+00,0.000000E+00,0.000000E+00,0.000000E+00,0.000000E+00,2.110805E+01,7.994772E+01,2.388797E+01,5.524692E+01
13:37:00,8.012669E+03,2.257443E+03,5.579059E-01,1.993679E-01,0.000000E+00,0.000000E+00,0.000000E+00,0.000000E+00,0.000000E+00,0.000000E+00,0.000000E+00,0.000000E+00,2.110805E+01,7.994772E+01,2.388797E+01,5.523867E+01
13:38:00,8.012669E+03,2.259526E+03,5.579059E-01,1.995519E-01,0.000000E+00,0.000000E+00,0.000000E+00,0.000000E+00,0.000000E+00,0.000000E+00,0.000000E+00,0.000000E+00,2.110805E+01,7.994772E+01,2.388797E+01,5.523050E+01
13:39:00,8.012669E+03,2.261590E+03,5.579059E-01,1.997342E-01,0.000000E+00,0.000000E+00,0.000000E+00,0.000000E+00,0.000000E+00,0.000000E+00,0.000000E+00,0.000000E+00,2.110805E+01,7.994772E+01,2.388797E+01,5.522241E+01
13:40:00,8.012669E+03,2.263635E+03,5.579059E-01,1.999148E-01,0.000000E+00,0.000000E+00,0.000000E+00,0.000000E+00,0.000000E+00,0.000000E+00,0.000000E+00,0.000000E+00,2.110805E+01,7.994772E+01,2.388797E+01,5.521439E+01
13:41:00,8.012669E+03,2.265660E+03,5.579059E-01,2.000937E-01,0.000000E+00,0.000000E+00,0.000000E+00,0.000000E+00,0.000000E+00,0.000000E+00,0.000000E+00,0.000000E+00,2.110805E+01,7.994772E+01,2.388797E+01,5.520645E+01
13:42:00,8.012669E+03,2.267666E+03,5.579059E-01,2.002708E-01,0.000000E+00,0.000000E+00,0.000000E+00,0.000000E+00,0.000000E+00,0.000000E+00,0.000000E+00,0.000000E+00,2.110805E+01,7.994772E+01,2.388797E+01,5.519858E+01
13:43:00,8.012669E+03,2.269652E+03,5.579059E-01,2.004462E-01,0.000000E+00,0.000000E+00,0.000000E+00,0.000000E+00,0.000000E+00,0.000000E+00,0.000000E+00,0.000000E+00,2.110805E+01,7.994772E+01,2.388797E+01,5.519079E+01
13:44:00,8.012669E+03,2.271619E+03,5.579059E-01,2.006199E-01,0.000000E+00,0.000000E+00,0.000000E+00,0.000000E+00,0.000000E+00,0.000000E+00,0.000000E+00,0.000000E+00,2.110805E+01,7.994772E+01,2.388797E+01,5.518307E+01
13:45:00,8.012669E+03,2.273567E+03,5.579059E-01,2.007919E-01,0.000000E+00,0.000000E+00,0.000000E+00,0.000000E+00,0.000000E+00,0.000000E+00,0.000000E+00,0.000000E+00,2.110805E+01,7.994772E+01,2.388797E+01,5.517542E+01
13:46:00,8.012669E+03,2.275495E+03,5.579059E-01,2.009622E-01,0.000000E+00,0.000000E+00,0.000000E+00,0.000000E+00,0.000000E+00,0.000000E+00,0.000000E+00,0.000000E+00,2.110805E+01,7.994772E+01,2.388797E+01,5.516784E+01
13:47:00,8.012669E+03,2.277404E+03,5.579059E-01,2.011308E-01,0.000000E+00,0.000000E+00,0.000000E+00,0.000000E+00,0.000000E+00,0.000000E+00,0.000000E+00,0.000000E+00,2.110805E+01,7.994772E+01,2.388797E+01,5.516033E+01
13:48:00,8.012669E+03,2.279293E+03,5.579059E-01,2.012977E-01,0.000000E+00,0.000000E+00,0.000000E+00,0.000000E+00,0.000000E+00,0.000000E+00,0.000000E+00,0.000000E+00,2.110805E+01,7.994772E+01,2.388797E+01,5.515289E+01
13:49:00,8.012669E+03,2.281163E+03,5.579059E-01,2.014628E-01,0.000000E+00,0.000000E+00,0.000000E+00,0.000000E+00,0.000000E+00,0.000000E+00,0.000000E+00,0.000000E+00,2.110805E+01,7.994772E+01,2.388797E+01,5.514552E+01
13:50:00,8.012669E+03,2.283013E+03,5.579059E-01,2.016262E-01,0.000000E+00,0.000000E+00,0.000000E+00,0.000000E+00,0.000000E+00,0.000000E+00,0.000000E+00,0.000000E+00,2.110805E+01,7.994772E+01,2.388797E+01,5.513821E+01
13:51:00,8.012669E+03,2.284844E+03,5.579059E-01,2.017879E-01,0.000000E+00,0.000000E+00,0.000000E+00,0.000000E+00,0.000000E+00,0.000000E+00,0.000000E+00,0.000000E+00,2.110805E+01,7.994772E+01,2.388797E+01,5.513097E+01
13:52:00,8.012669E+03,2.286654E+03,5.579059E-01,2.019478E-01,0.000000E+00,0.000000E+00,0.000000E+00,0.000000E+00,0.000000E+00,0.000000E+00,0.000000E+00,0.000000E+00,2.110805E+01,7.994772E+01,2.388797E+01,5.512380E+01
13:53:00,8.012669E+03,2.288446E+03,5.579059E-01,2.021060E-01,0.000000E+00,0.000000E+00,0.000000E+00,0.000000E+00,0.000000E+00,0.000000E+00,0.000000E+00,0.000000E+00,2.110805E+01,7.994772E+01,2.388797E+01,5.511669E+01
13:54:00,8.012669E+03,2.290217E+03,5.579059E-01,2.022624E-01,0.000000E+00,0.000000E+00,0.000000E+00,0.000000E+00,0.000000E+00,0.000000E+00,0.000000E+00,0.000000E+00,2.110805E+01,7.994772E+01,2.388797E+01,5.510965E+01
13:55:00,8.012669E+03,2.291969E+03,5.579059E-01,2.024172E-01,0.000000E+00,0.000000E+00,0.000000E+00,0.000000E+00,0.000000E+00,0.000000E+00,0.000000E+00,0.000000E+00,2.110805E+01,7.994772E+01,2.388797E+01,5.510267E+01
13:56:00,8.012669E+03,2.293702E+03,5.579059E-01,2.025702E-01,0.000000E+00,0.000000E+00,0.000000E+00,0.000000E+00,0.000000E+00,0.000000E+00,0.000000E+00,0.000000E+00,2.110805E+01,7.994772E+01,2.388797E+01,5.509575E+01
13:57:00,8.012669E+03,2.295414E+03,5.579059E-01,2.027214E-01,0.000000E+00,0.000000E+00,0.000000E+00,0.000000E+00,0.000000E+00,0.000000E+00,0.000000E+00,0.000000E+00,2.110805E+01,7.994772E+01,2.388797E+01,5.508890E+01
13:58:00,8.012669E+03,2.297107E+03,5.579059E-01,2.028710E-01,0.000000E+00,0.000000E+00,0.000000E+00,0.000000E+00,0.000000E+00,0.000000E+00,0.000000E+00,0.000000E+00,2.110805E+01,7.994772E+01,2.388797E+01,5.508211E+01
13:59:00,8.012669E+03,2.298781E+03,5.579059E-01,2.030187E-01,0.000000E+00,0.000000E+00,0.000000E+00,0.000000E+00,0.000000E+00,0.000000E+00,0.000000E+00,0.000000E+00,2.110805E+01,7.994772E+01,2.388797E+01,5.507537E+01
14:00:00,8.012669E+03,2.300434E+03,5.579059E-01,2.031648E-01,0.000000E+00,0.000000E+00,0.000000E+00,0.000000E+00,0.000000E+00,0.000000E+00,0.000000E+00,0.000000E+00,2.110805E+01,7.994772E+01,2.388797E+01,5.506870E+01
14:01:00,8.012669E+03,2.302063E+03,5.579059E-01,2.033086E-01,0.000000E+00,0.000000E+00,0.000000E+00,0.000000E+00,0.000000E+00,0.000000E+00,0.000000E+00,0.000000E+00,2.110805E+01,7.994772E+01,2.388797E+01,5.506209E+01
14:02:00,8.012669E+03,2.303667E+03,5.579059E-01,2.034503E-01,0.000000E+00,0.000000E+00,0.000000E+00,0.000000E+00,0.000000E+00,0.000000E+00,0.000000E+00,0.000000E+00,2.110805E+01,7.994772E+01,2.388797E+01,5.505563E+01
14:03:00,8.012669E+03,2.305245E+03,5.579059E-01,2.035896E-01,0.000000E+00,0.000000E+00,0.000000E+00,0.000000E+00,0.000000E+00,0.000000E+00,0.000000E+00,0.000000E+00,2.110805E+01,7.994772E+01,2.388797E+01,5.504936E+01
14:04:00,8.012669E+03,2.306798E+03,5.579059E-01,2.037268E-01,0.000000E+00,0.000000E+00,0.000000E+00,0.000000E+00,0.000000E+00,0.000000E+00,0.000000E+00,0.000000E+00,2.110805E+01,7.994772E+01,2.388797E+01,5.504332E+01
14:05:00,8.012669E+03,2.308326E+03,5.579059E-01,2.038618E-01,0.000000E+00,0.000000E+00,0.000000E+00,0.000000E+00,0.000000E+00,0.000000E+00,0.000000E+00,0.000000E+00,2.110805E+01,7.994772E+01,2.388797E+01,5.503748E+01
14:06:00,8.012669E+03,2.309829E+03,5.579059E-01,2.039945E-01,0.000000E+00,0.000000E+00,0.000000E+00,0.000000E+00,0.000000E+00,0.000000E+00,0.000000E+00,0.000000E+00,2.110805E+01,7.994772E+01,2.388797E+01,5.503183E+01
14:07:00,8.012669E+03,2.311307E+03,5.579059E-01,2.041250E-01,0.000000E+00,0.000000E+00,0.000000E+00,0.000000E+00,0.000000E+00,0.000000E+00,0.000000E+00,0.000000E+00,2.110805E+01,7.994772E+01,2.388797E+01,5.502638E+01
14:08:00,8.012669E+03,2.312760E+03,5.579059E-01,2.042533E-01,0.000000E+00,0.000000E+00,0.000000E+00,0.000000E+00,0.000000E+00,0.000000E+00,0.000000E+00,0.000000E+00,2.110805E+01,7.994772E+01,2.388797E+01,5.502110E+01
14:09:00,8.012669E+03,2.314188E+03,5.579059E-01,2.043794E-01,0.000000E+00,0.000000E+00,0.000000E+00,0.000000E+00,0.000000E+00,0.000000E+00,0.000000E+00,0.000000E+00,2.110805E+01,7.994772E+01,2.388797E+01,5.501600E+01
14:10:00,8.012669E+03,2.315590E+03,5.579059E-01,2.045033E-01,0.000000E+00,0.000000E+00,0.000000E+00,0.000000E+00,0.000000E+00,0.000000E+00,0.000000E+00,0.000000E+00,2.110805E+01,7.994772E+01,2.388797E+01,5.501107E+01
14:11:00,8.012669E+03,2.316968E+03,5.579059E-01,2.046250E-01,0.000000E+00,0.000000E+00,0.000000E+00,0.000000E+00,0.000000E+00,0.000000E+00,0.000000E+00,0.000000E+00,2.110805E+01,7.994772E+01,2.388797E+01,5.500629E+01
14:12:00,8.012669E+03,2.318320E+03,5.579059E-01,2.047444E-01,0.000000E+00,0.000000E+00,0.000000E+00,0.000000E+00,0.000000E+00,0.000000E+00,0.000000E+00,0.000000E+00,2.110805E+01,7.994772E+01,2.388797E+01,5.500168E+01
14:13:00,8.012669E+03,2.319648E+03,5.579059E-01,2.048617E-01,0.000000E+00,0.000000E+00,0.000000E+00,0.000000E+00,0.000000E+00,0.000000E+00,0.000000E+00,0.000000E+00,2.110805E+01,7.994772E+01,2.388797E+01,5.499721E+01
14:14:00,8.012669E+03,2.320950E+03,5.579059E-01,2.049767E-01,0.000000E+00,0.000000E+00,0.000000E+00,0.000000E+00,0.000000E+00,0.000000E+00,0.000000E+00,0.000000E+00,2.110805E+01,7.994772E+01,2.388797E+01,5.499289E+01
14:15:00,8.012669E+03,2.322228E+03,5.579059E-01,2.050895E-01,0.000000E+00,0.000000E+00,0.000000E+00,0.000000E+00,0.000000E+00,0.000000E+00,0.000000E+00,0.000000E+00,2.110805E+01,7.994772E+01,2.388797E+01,5.498871E+01
14:16:00,8.012669E+03,2.323480E+03,5.579059E-01,2.052001E-01,0.000000E+00,0.000000E+00,0.000000E+00,0.000000E+00,0.000000E+00,0.000000E+00,0.000000E+00,0.000000E+00,2.110805E+01,7.994772E+01,2.388797E+01,5.498466E+01
14:17:00,8.012669E+03,2.324708E+03,5.579059E-01,2.053086E-01,0.000000E+00,0.000000E+00,0.000000E+00,0.000000E+00,0.000000E+00,0.000000E+00,0.000000E+00,0.000000E+00,2.110805E+01,7.994772E+01,2.388797E+01,5.498075E+01
14:18:00,8.012669E+03,2.325911E+03,5.579059E-01,2.054148E-01,0.000000E+00,0.000000E+00,0.000000E+00,0.000000E+00,0.000000E+00,0.000000E+00,0.000000E+00,0.000000E+00,2.110805E+01,7.994772E+01,2.388797E+01,5.497697E+01
14:19:00,8.012669E+03,2.327089E+03,5.579059E-01,2.055188E-01,0.000000E+00,0.000000E+00,0.000000E+00,0.000000E+00,0.000000E+00,0.000000E+00,0.000000E+00,0.000000E+00,2.110805E+01,7.994772E+01,2.388797E+01,5.497330E+01
14:20:00,8.012669E+03,2.328242E+03,5.579059E-01,2.056207E-01,0.000000E+00,0.000000E+00,0.000000E+00,0.000000E+00,0.000000E+00,0.000000E+00,0.000000E+00,0.000000E+00,2.110805E+01,7.994772E+01,2.388797E+01,5.496976E+01
14:21:00,8.012669E+03,2.329370E+03,5.579059E-01,2.057203E-01,0.000000E+00,0.000000E+00,0.000000E+00,0.000000E+00,0.000000E+00,0.000000E+00,0.000000E+00,0.000000E+00,2.110805E+01,7.994772E+01,2.388797E+01,5.496633E+01
14:22:00,8.012669E+03,2.330474E+03,5.579059E-01,2.058178E-01,0.000000E+00,0.000000E+00,0.000000E+00,0.000000E+00,0.000000E+00,0.000000E+00,0.000000E+00,0.000000E+00,2.110805E+01,7.994772E+01,2.388797E+01,5.496301E+01
14:23:00,8.012669E+03,2.331552E+03,5.579059E-01,2.059130E-01,0.000000E+00,0.000000E+00,0.000000E+00,0.000000E+00,0.000000E+00,0.000000E+00,0.000000E+00,0.000000E+00,2.110805E+01,7.994772E+01,2.388797E+01,5.495980E+01
14:24:00,8.012669E+03,2.332606E+03,5.579059E-01,2.060061E-01,0.000000E+00,0.000000E+00,0.000000E+00,0.000000E+00,0.000000E+00,0.000000E+00,0.000000E+00,0.000000E+00,2.110805E+01,7.994772E+01,2.388797E+01,5.495670E+01
14:25:00,8.012669E+03,2.333635E+03,5.579059E-01,2.060970E-01,0.000000E+00,0.000000E+00,0.000000E+00,0.000000E+00,0.000000E+00,0.000000E+00,0.000000E+00,0.000000E+00,2.110805E+01,7.994772E+01,2.388797E+01,5.495369E+01
14:26:00,8.012669E+03,2.334640E+03,5.579059E-01,2.061857E-01,0.000000E+00,0.000000E+00,0.000000E+00,0.000000E+00,0.000000E+00,0.000000E+00,0.000000E+00,0.000000E+00,2.110805E+01,7.994772E+01,2.388797E+01,5.495079E+01
14:27:00,8.012669E+03,2.335620E+03,5.579059E-01,2.062723E-01,0.000000E+00,0.000000E+00,0.000000E+00,0.000000E+00,0.000000E+00,0.000000E+00,0.000000E+00,0.000000E+00,2.110805E+01,7.994772E+01,2.388797E+01,5.494798E+01
14:28:00,8.012669E+03,2.336576E+03,5.579059E-01,2.063566E-01,0.000000E+00,0.000000E+00,0.000000E+00,0.000000E+00,0.000000E+00,0.000000E+00,0.000000E+00,0.000000E+00,2.110805E+01,7.994772E+01,2.388797E+01,5.494526E+01
14:29:00,8.012669E+03,2.337507E+03,5.579059E-01,2.064389E-01,0.000000E+00,0.000000E+00,0.000000E+00,0.000000E+00,0.000000E+00,0.000000E+00,0.000000E+00,0.000000E+00,2.110805E+01,7.994772E+01,2.388797E+01,5.494263E+01
14:30:00,8.012669E+03,2.338413E+03,5.579059E-01,2.065189E-01,0.000000E+00,0.000000E+00,0.000000E+00,0.000000E+00,0.000000E+00,0.000000E+00,0.000000E+00,0.000000E+00,2.110805E+01,7.994772E+01,2.388797E+01,5.494009E+01
14:31:00,8.012669E+03,2.339295E+03,5.579059E-01,2.065968E-01,0.000000E+00,0.000000E+00,0.000000E+00,0.000000E+00,0.000000E+00,0.000000E+00,0.000000E+00,0.000000E+00,2.110805E+01,7.994772E+01,2.388797E+01,5.493763E+01
14:32:00,8.012669E+03,2.340153E+03,5.579059E-01,2.066726E-01,0.000000E+00,0.000000E+00,0.000000E+00,0.000000E+00,0.000000E+00,0.000000E+00,0.000000E+00,0.000000E+00,2.110805E+01,7.994772E+01,2.388797E+01,5.493526E+01
14:33:00,8.012669E+03,2.340987E+03,5.579059E-01,2.067462E-01,0.000000E+00,0.000000E+00,0.000000E+00,0.000000E+00,0.000000E+00,0.000000E+00,0.000000E+00,0.000000E+00,2.110805E+01,7.994772E+01,2.388797E+01,5.493296E+01
14:34:00,8.012669E+03,2.341797E+03,5.579059E-01,2.068177E-01,0.000000E+00,0.000000E+00,0.000000E+00,0.000000E+00,0.000000E+00,0.000000E+00,0.000000E+00,0.000000E+00,2.110805E+01,7.994772E+01,2.388797E+01,5.493074E+01
14:35:00,8.012669E+03,2.342582E+03,5.579059E-01,2.068871E-01,0.000000E+00,0.000000E+00,0.000000E+00,0.000000E+00,0.000000E+00,0.000000E+00,0.000000E+00,0.000000E+00,2.110805E+01,7.994772E+01,2.388797E+01,5.492859E+01
14:36:00,8.012669E+03,2.343345E+03,5.579059E-01,2.069544E-01,0.000000E+00,0.000000E+00,0.000000E+00,0.000000E+00,0.000000E+00,0.000000E+00,0.000000E+00,0.000000E+00,2.110805E+01,7.994772E+01,2.388797E+01,5.492652E+01
14:37:00,8.012669E+03,2.344083E+03,5.579059E-01,2.070196E-01,0.000000E+00,0.000000E+00,0.000000E+00,0.000000E+00,0.000000E+00,0.000000E+00,0.000000E+00,0.000000E+00,2.110805E+01,7.994772E+01,2.388797E+01,5.492451E+01
14:38:00,8.012669E+03,2.344797E+03,5.579059E-01,2.070828E-01,0.000000E+00,0.000000E+00,0.000000E+00,0.000000E+00,0.000000E+00,0.000000E+00,0.000000E+00,0.000000E+00,2.110805E+01,7.994772E+01,2.388797E+01,5.492257E+01
14:39:00,8.012669E+03,2.345488E+03,5.579059E-01,2.071438E-01,0.000000E+00,0.000000E+00,0.000000E+00,0.000000E+00,0.000000E+00,0.000000E+00,0.000000E+00,0.000000E+00,2.110805E+01,7.994772E+01,2.388797E+01,5.492069E+01
14:40:00,8.012669E+03,2.346155E+03,5.579059E-01,2.072027E-01,0.000000E+00,0.000000E+00,0.000000E+00,0.000000E+00,0.000000E+00,0.000000E+00,0.000000E+00,0.000000E+00,2.110805E+01,7.994772E+01,2.388797E+01,5.491888E+01
14:41:00,8.012669E+03,2.346799E+03,5.579059E-01,2.072595E-01,0.000000E+00,0.000000E+00,0.000000E+00,0.000000E+00,0.000000E+00,0.000000E+00,0.000000E+00,0.000000E+00,2.110805E+01,7.994772E+01,2.388797E+01,5.491713E+01
14:42:00,8.012669E+03,2.347419E+03,5.579059E-01,2.073143E-01,0.000000E+00,0.000000E+00,0.000000E+00,0.000000E+00,0.000000E+00,0.000000E+00,0.000000E+00,0.000000E+00,2.110805E+01,7.994772E+01,2.388797E+01,5.491544E+01
14:43:00,8.012669E+03,2.348016E+03,5.579059E-01,2.073670E-01,0.000000E+00,0.000000E+00,0.000000E+00,0.000000E+00,0.000000E+00,0.000000E+00,0.000000E+00,0.000000E+00,2.110805E+01,7.994772E+01,2.388797E+01,5.491381E+01
14:44:00,8.012669E+03,2.348589E+03,5.579059E-01,2.074176E-01,0.000000E+00,0.000000E+00,0.000000E+00,0.000000E+00,0.000000E+00,0.000000E+00,0.000000E+00,0.000000E+00,2.110805E+01,7.994772E+01,2.388797E+01,5.491224E+01
14:45:00,8.012669E+03,2.349140E+03,5.579059E-01,2.074662E-01,0.000000E+00,0.000000E+00,0.000000E+00,0.000000E+00,0.000000E+00,0.000000E+00,0.000000E+00,0.000000E+00,2.110805E+01,7.994772E+01,2.388797E+01,5.491072E+01
14:46:00,8.012669E+03,2.349667E+03,5.579059E-01,2.075128E-01,0.000000E+00,0.000000E+00,0.000000E+00,0.000000E+00,0.000000E+00,0.000000E+00,0.000000E+00,0.000000E+00,2.110805E+01,7.994772E+01,2.388797E+01,5.490926E+01
14:47:00,8.012669E+03,2.350171E+03,5.579059E-01,2.075573E-01,0.000000E+00,0.000000E+00,0.000000E+00,0.000000E+00,0.000000E+00,0.000000E+00,0.000000E+00,0.000000E+00,2.110805E+01,7.994772E+01,2.388797E+01,5.490785E+01
14:48:00,8.012669E+03,2.350652E+03,5.579059E-01,2.075998E-01,0.000000E+00,0.000000E+00,0.000000E+00,0.000000E+00,0.000000E+00,0.000000E+00,0.000000E+00,0.000000E+00,2.110805E+01,7.994772E+01,2.388797E+01,5.490649E+01
14:49:00,8.012669E+03,2.351110E+03,5.579059E-01,2.076402E-01,0.000000E+00,0.000000E+00,0.000000E+00,0.000000E+00,0.000000E+00,0.000000E+00,0.000000E+00,0.000000E+00,2.110805E+01,7.994772E+01,2.388797E+01,5.490519E+01
14:50:00,8.012669E+03,2.351545E+03,5.579059E-01,2.076787E-01,0.000000E+00,0.000000E+00,0.000000E+00,0.000000E+00,0.000000E+00,0.000000E+00,0.000000E+00,0.000000E+00,2.110805E+01,7.994772E+01,2.388797E+01,5.490393E+01
14:51:00,8.012669E+03,2.351958E+03,5.579059E-01,2.077151E-01,0.000000E+00,0.000000E+00,0.000000E+00,0.000000E+00,0.000000E+00,0.000000E+00,0.000000E+00,0.000000E+00,2.110805E+01,7.994772E+01,2.388797E+01,5.490272E+01
14:52:00,8.012669E+03,2.352347E+03,5.579059E-01,2.077495E-01,0.000000E+00,0.000000E+00,0.000000E+00,0.000000E+00,0.000000E+00,0.000000E+00,0.000000E+00,0.000000E+00,2.110805E+01,7.994772E+01,2.388797E+01,5.490156E+01
14:53:00,8.012669E+03,2.352715E+03,5.579059E-01,2.077820E-01,0.000000E+00,0.000000E+00,0.000000E+00,0.000000E+00,0.000000E+00,0.000000E+00,0.000000E+00,0.000000E+00,2.110805E+01,7.994772E+01,2.388797E+01,5.490044E+01
14:54:00,8.012669E+03,2.353060E+03,5.579059E-01,2.078125E-01,0.000000E+00,0.000000E+00,0.000000E+00,0.000000E+00,0.000000E+00,0.000000E+00,0.000000E+00,0.000000E+00,2.110805E+01,7.994772E+01,2.388797E+01,5.489937E+01
14:55:00,8.012669E+03,2.353383E+03,5.579059E-01,2.078409E-01,0.000000E+00,0.000000E+00,0.000000E+00,0.000000E+00,0.000000E+00,0.000000E+00,0.000000E+00,0.000000E+00,2.110805E+01,7.994772E+01,2.388797E+01,5.489834E+01
14:56:00,8.012669E+03,2.353683E+03,5.579059E-01,2.078675E-01,0.000000E+00,0.000000E+00,0.000000E+00,0.000000E+00,0.000000E+00,0.000000E+00,0.000000E+00,0.000000E+00,2.110805E+01,7.994772E+01,2.388797E+01,5.489736E+01
14:57:00,8.012669E+03,2.353961E+03,5.579059E-01,2.078921E-01,0.000000E+00,0.000000E+00,0.000000E+00,0.000000E+00,0.000000E+00,0.000000E+00,0.000000E+00,0.000000E+00,2.110805E+01,7.994772E+01,2.388797E+01,5.489642E+01
14:58:00,8.012669E+03,2.354217E+03,5.579059E-01,2.079147E-01,0.000000E+00,0.000000E+00,0.000000E+00,0.000000E+00,0.000000E+00,0.000000E+00,0.000000E+00,0.000000E+00,2.110805E+01,7.994772E+01,2.388797E+01,5.489551E+01
14:59:00,8.012669E+03,2.354451E+03,5.579059E-01,2.079353E-01,0.000000E+00,0.000000E+00,0.000000E+00,0.000000E+00,0.000000E+00,0.000000E+00,0.000000E+00,0.000000E+00,2.110805E+01,7.994772E+01,2.388797E+01,5.489465E+01
15:00:00,8.012669E+03,2.354663E+03,5.579059E-01,2.079540E-01,0.000000E+00,0.000000E+00,0.000000E+00,0.000000E+00,0.000000E+00,0.000000E+00,0.000000E+00,0.000000E+00,2.110805E+01,7.994772E+01,2.388797E+01,5.489382E+01
15:01:00,8.012670E+03,2.354851E+03,5.579059E-01,2.079706E-01,0.000000E+00,0.000000E+00,0.000000E+00,0.000000E+00,0.000000E+00,0.000000E+00,0.000000E+00,0.000000E+00,2.110805E+01,7.994772E+01,2.388797E+01,5.489304E+01
15:02:00,8.012670E+03,2.354964E+03,5.579059E-01,2.079806E-01,0.000000E+00,0.000000E+00,0.000000E+00,0.000000E+00,0.000000E+00,0.000000E+00,0.000000E+00,0.000000E+00,2.110805E+01,7.994772E+01,2.388798E+01,5.489240E+01
15:03:00,8.012670E+03,2.355051E+03,5.579059E-01,2.079883E-01,0.000000E+00,0.000000E+00,0.000000E+00,0.000000E+00,0.000000E+00,0.000000E+00,0.000000E+00,0.000000E+00,2.110805E+01,7.994772E+01,2.388798E+01,5.489226E+01
15:04:00,8.012670E+03,2.355118E+03,5.579059E-01,2.079942E-01,0.000000E+00,0.000000E+00,0.000000E+00,0.000000E+00,0.000000E+00,0.000000E+00,0.000000E+00,0.000000E+00,2.110805E+01,7.994772E+01,2.388798E+01,5.489253E+01
15:05:00,8.012670E+03,2.355166E+03,5.579059E-01,2.079985E-01,0.000000E+00,0.000000E+00,0.000000E+00,0.000000E+00,0.000000E+00,0.000000E+00,0.000000E+00,0.000000E+00,2.110805E+01,7.994772E+01,2.388798E+01,5.489305E+01
15:06:00,8.012670E+03,2.355197E+03,5.579059E-01,2.080012E-01,0.000000E+00,0.000000E+00,0.000000E+00,0.000000E+00,0.000000E+00,0.000000E+00,0.000000E+00,0.000000E+00,2.110805E+01,7.994772E+01,2.388798E+01,5.489370E+01
15:07:00,8.012670E+03,2.355211E+03,5.579059E-01,2.080024E-01,0.000000E+00,0.000000E+00,0.000000E+00,0.000000E+00,0.000000E+00,0.000000E+00,0.000000E+00,0.000000E+00,2.110805E+01,7.994772E+01,2.388798E+01,5.489445E+01
15:08:00,8.012670E+03,2.355207E+03,5.579059E-01,2.080020E-01,0.000000E+00,0.000000E+00,0.000000E+00,0.000000E+00,0.000000E+00,0.000000E+00,0.000000E+00,0.000000E+00,2.110805E+01,7.994772E+01,2.388798E+01,5.489528E+01
15:09:00,8.012670E+03,2.355186E+03,5.579059E-01,2.080002E-01,0.000000E+00,0.000000E+00,0.000000E+00,0.000000E+00,0.000000E+00,0.000000E+00,0.000000E+00,0.000000E+00,2.110805E+01,7.994772E+01,2.388798E+01,5.489619E+01
15:10:00,8.012670E+03,2.355148E+03,5.579059E-01,2.079968E-01,0.000000E+00,0.000000E+00,0.000000E+00,0.000000E+00,0.000000E+00,0.000000E+00,0.000000E+00,0.000000E+00,2.110805E+01,7.994772E+01,2.388798E+01,5.489718E+01
15:11:00,8.012670E+03,2.355094E+03,5.579059E-01,2.079921E-01,0.000000E+00,0.000000E+00,0.000000E+00,0.000000E+00,0.000000E+00,0.000000E+00,0.000000E+00,0.000000E+00,2.110805E+01,7.994772E+01,2.388798E+01,5.489825E+01
15:12:00,8.012670E+03,2.355024E+03,5.579059E-01,2.079858E-01,0.000000E+00,0.000000E+00,0.000000E+00,0.000000E+00,0.000000E+00,0.000000E+00,0.000000E+00,0.000000E+00,2.110805E+01,7.994772E+01,2.388798E+01,5.489940E+01
15:13:00,8.012670E+03,2.354937E+03,5.579059E-01,2.079781E-01,0.000000E+00,0.000000E+00,0.000000E+00,0.000000E+00,0.000000E+00,0.000000E+00,0.000000E+00,0.000000E+00,2.110805E+01,7.994772E+01,2.388798E+01,5.490061E+01
15:14:00,8.012670E+03,2.354833E+03,5.579059E-01,2.079690E-01,0.000000E+00,0.000000E+00,0.000000E+00,0.000000E+00,0.000000E+00,0.000000E+00,0.000000E+00,0.000000E+00,2.110805E+01,7.994772E+01,2.388798E+01,5.490190E+01
15:15:00,8.012670E+03,2.354713E+03,5.579059E-01,2.079584E-01,0.000000E+00,0.000000E+00,0.000000E+00,0.000000E+00,0.000000E+00,0.000000E+00,0.000000E+00,0.000000E+00,2.110805E+01,7.994772E+01,2.388798E+01,5.490325E+01
15:16:00,8.012670E+03,2.354577E+03,5.579059E-01,2.079464E-01,0.000000E+00,0.000000E+00,0.000000E+00,0.000000E+00,0.000000E+00,0.000000E+00,0.000000E+00,0.000000E+00,2.110805E+01,7.994772E+01,2.388798E+01,5.490467E+01
15:17:00,8.012670E+03,2.354425E+03,5.579059E-01,2.079330E-01,0.000000E+00,0.000000E+00,0.000000E+00,0.000000E+00,0.000000E+00,0.000000E+00,0.000000E+00,0.000000E+00,2.110805E+01,7.994772E+01,2.388798E+01,5.490615E+01
15:18:00,8.012670E+03,2.354257E+03,5.579059E-01,2.079181E-01,0.000000E+00,0.000000E+00,0.000000E+00,0.000000E+00,0.000000E+00,0.000000E+00,0.000000E+00,0.000000E+00,2.110805E+01,7.994772E+01,2.388798E+01,5.490769E+01
15:19:00,8.012670E+03,2.354072E+03,5.579059E-01,2.079018E-01,0.000000E+00,0.000000E+00,0.000000E+00,0.000000E+00,0.000000E+00,0.000000E+00,0.000000E+00,0.000000E+00,2.110805E+01,7.994772E+01,2.388798E+01,5.490929E+01
15:20:00,8.012670E+03,2.353872E+03,5.579059E-01,2.078841E-01,0.000000E+00,0.000000E+00,0.000000E+00,0.000000E+00,0.000000E+00,0.000000E+00,0.000000E+00,0.000000E+00,2.110805E+01,7.994772E+01,2.388798E+01,5.491095E+01
15:21:00,8.012670E+03,2.353656E+03,5.579059E-01,2.078650E-01,0.000000E+00,0.000000E+00,0.000000E+00,0.000000E+00,0.000000E+00,0.000000E+00,0.000000E+00,0.000000E+00,2.110805E+01,7.994772E+01,2.388798E+01,5.491267E+01
15:22:00,8.012670E+03,2.353424E+03,5.579059E-01,2.078445E-01,0.000000E+00,0.000000E+00,0.000000E+00,0.000000E+00,0.000000E+00,0.000000E+00,0.000000E+00,0.000000E+00,2.110805E+01,7.994772E+01,2.388798E+01,5.491444E+01
15:23:00,8.012670E+03,2.353175E+03,5.579059E-01,2.078226E-01,0.000000E+00,0.000000E+00,0.000000E+00,0.000000E+00,0.000000E+00,0.000000E+00,0.000000E+00,0.000000E+00,2.110805E+01,7.994772E+01,2.388798E+01,5.491626E+01
15:24:00,8.012670E+03,2.352912E+03,5.579059E-01,2.077993E-01,0.000000E+00,0.000000E+00,0.000000E+00,0.000000E+00,0.000000E+00,0.000000E+00,0.000000E+00,0.000000E+00,2.110805E+01,7.994772E+01,2.388798E+01,5.491814E+01
15:25:00,8.012670E+03,2.352632E+03,5.579059E-01,2.077746E-01,0.000000E+00,0.000000E+00,0.000000E+00,0.000000E+00,0.000000E+00,0.000000E+00,0.000000E+00,0.000000E+00,2.110805E+01,7.994772E+01,2.388798E+01,5.492007E+01
15:26:00,8.012670E+03,2.352336E+03,5.579059E-01,2.077484E-01,0.000000E+00,0.000000E+00,0.000000E+00,0.000000E+00,0.000000E+00,0.000000E+00,0.000000E+00,0.000000E+00,2.110805E+01,7.994772E+01,2.388798E+01,5.492205E+01
15:27:00,8.012670E+03,2.352025E+03,5.579059E-01,2.077209E-01,0.000000E+00,0.000000E+00,0.000000E+00,0.000000E+00,0.000000E+00,0.000000E+00,0.000000E+00,0.000000E+00,2.110805E+01,7.994772E+01,2.388798E+01,5.492408E+01
15:28:00,8.012670E+03,2.351697E+03,5.579059E-01,2.076920E-01,0.000000E+00,0.000000E+00,0.000000E+00,0.000000E+00,0.000000E+00,0.000000E+00,0.000000E+00,0.000000E+00,2.110805E+01,7.994772E+01,2.388798E+01,5.492616E+01
15:29:00,8.012670E+03,2.351354E+03,5.579059E-01,2.076617E-01,0.000000E+00,0.000000E+00,0.000000E+00,0.000000E+00,0.000000E+00,0.000000E+00,0.000000E+00,0.000000E+00,2.110805E+01,7.994772E+01,2.388798E+01,5.492829E+01
15:30:00,8.012670E+03,2.350995E+03,5.579059E-01,2.076300E-01,0.000000E+00,0.000000E+00,0.000000E+00,0.000000E+00,0.000000E+00,0.000000E+00,0.000000E+00,0.000000E+00,2.110805E+01,7.994772E+01,2.388798E+01,5.493046E+01
15:31:00,8.012670E+03,2.350621E+03,5.579059E-01,2.075970E-01,0.000000E+00,0.000000E+00,0.000000E+00,0.000000E+00,0.000000E+00,0.000000E+00,0.000000E+00,0.000000E+00,2.110805E+01,7.994772E+01,2.388798E+01,5.493268E+01
15:32:00,8.012670E+03,2.350230E+03,5.579059E-01,2.075625E-01,0.000000E+00,0.000000E+00,0.000000E+00,0.000000E+00,0.000000E+00,0.000000E+00,0.000000E+00,0.000000E+00,2.110805E+01,7.994772E+01,2.388798E+01,5.493495E+01
15:33:00,8.012670E+03,2.349824E+03,5.579059E-01,2.075266E-01,0.000000E+00,0.000000E+00,0.000000E+00,0.000000E+00,0.000000E+00,0.000000E+00,0.000000E+00,0.000000E+00,2.110805E+01,7.994772E+01,2.388798E+01,5.493726E+01
15:34:00,8.012670E+03,2.349401E+03,5.579059E-01,2.074892E-01,0.000000E+00,0.000000E+00,0.000000E+00,0.000000E+00,0.000000E+00,0.000000E+00,0.000000E+00,0.000000E+00,2.110805E+01,7.994772E+01,2.388798E+01,5.493962E+01
15:35:00,8.012670E+03,2.348963E+03,5.579059E-01,2.074505E-01,0.000000E+00,0.000000E+00,0.000000E+00,0.000000E+00,0.000000E+00,0.000000E+00,0.000000E+00,0.000000E+00,2.110805E+01,7.994772E+01,2.388798E+01,5.494202E+01
15:36:00,8.012670E+03,2.348508E+03,5.579059E-01,2.074104E-01,0.000000E+00,0.000000E+00,0.000000E+00,0.000000E+00,0.000000E+00,0.000000E+00,0.000000E+00,0.000000E+00,2.110805E+01,7.994772E+01,2.388798E+01,5.494446E+01
15:37:00,8.012670E+03,2.348038E+03,5.579059E-01,2.073688E-01,0.000000E+00,0.000000E+00,0.000000E+00,0.000000E+00,0.000000E+00,0.000000E+00,0.000000E+00,0.000000E+00,2.110805E+01,7.994772E+01,2.388798E+01,5.494695E+01
15:38:00,8.012670E+03,2.347551E+03,5.579059E-01,2.073258E-01,0.000000E+00,0.000000E+00,0.000000E+00,0.000000E+00,0.000000E+00,0.000000E+00,0.000000E+00,0.000000E+00,2.110805E+01,7.994772E+01,2.388798E+01,5.494948E+01
15:39:00,8.012670E+03,2.347048E+03,5.579059E-01,2.072814E-01,0.000000E+00,0.000000E+00,0.000000E+00,0.000000E+00,0.000000E+00,0.000000E+00,0.000000E+00,0.000000E+00,2.110805E+01,7.994772E+01,2.388798E+01,5.495205E+01
15:40:00,8.012670E+03,2.346530E+03,5.579059E-01,2.072356E-01,0.000000E+00,0.000000E+00,0.000000E+00,0.000000E+00,0.000000E+00,0.000000E+00,0.000000E+00,0.000000E+00,2.110805E+01,7.994772E+01,2.388798E+01,5.495467E+01
15:41:00,8.012670E+03,2.345995E+03,5.579059E-01,2.071884E-01,0.000000E+00,0.000000E+00,0.000000E+00,0.000000E+00,0.000000E+00,0.000000E+00,0.000000E+00,0.000000E+00,2.110805E+01,7.994772E+01,2.388798E+01,5.495733E+01
15:42:00,8.012670E+03,2.345444E+03,5.579059E-01,2.071397E-01,0.000000E+00,0.000000E+00,0.000000E+00,0.000000E+00,0.000000E+00,0.000000E+00,0.000000E+00,0.000000E+00,2.110805E+01,7.994772E+01,2.388798E+01,5.496003E+01
15:43:00,8.012670E+03,2.344876E+03,5.579059E-01,2.070896E-01,0.000000E+00,0.000000E+00,0.000000E+00,0.000000E+00,0.000000E+00,0.000000E+00,0.000000E+00,0.000000E+00,2.110805E+01,7.994772E+01,2.388798E+01,5.496276E+01
15:44:00,8.012670E+03,2.344293E+03,5.579059E-01,2.070381E-01,0.000000E+00,0.000000E+00,0.000000E+00,0.000000E+00,0.000000E+00,0.000000E+00,0.000000E+00,0.000000E+00,2.110805E+01,7.994772E+01,2.388798E+01,5.496555E+01
15:45:00,8.012670E+03,2.343693E+03,5.579059E-01,2.069851E-01,0.000000E+00,0.000000E+00,0.000000E+00,0.000000E+00,0.000000E+00,0.000000E+00,0.000000E+00,0.000000E+00,2.110805E+01,7.994772E+01,2.388798E+01,5.496837E+01
15:46:00,8.012670E+03,2.343077E+03,5.579059E-01,2.069307E-01,0.000000E+00,0.000000E+00,0.000000E+00,0.000000E+00,0.000000E+00,0.000000E+00,0.000000E+00,0.000000E+00,2.110805E+01,7.994772E+01,2.388798E+01,5.497123E+01
15:47:00,8.012670E+03,2.342445E+03,5.579059E-01,2.068749E-01,0.000000E+00,0.000000E+00,0.000000E+00,0.000000E+00,0.000000E+00,0.000000E+00,0.000000E+00,0.000000E+00,2.110805E+01,7.994772E+01,2.388798E+01,5.497413E+01
15:48:00,8.012670E+03,2.341797E+03,5.579059E-01,2.068176E-01,0.000000E+00,0.000000E+00,0.000000E+00,0.000000E+00,0.000000E+00,0.000000E+00,0.000000E+00,0.000000E+00,2.110805E+01,7.994772E+01,2.388798E+01,5.497708E+01
15:49:00,8.012670E+03,2.341132E+03,5.579059E-01,2.067589E-01,0.000000E+00,0.000000E+00,0.000000E+00,0.000000E+00,0.000000E+00,0.000000E+00,0.000000E+00,0.000000E+00,2.110805E+01,7.994772E+01,2.388798E+01,5.498005E+01
15:50:00,8.012670E+03,2.340451E+03,5.579059E-01,2.066987E-01,0.000000E+00,0.000000E+00,0.000000E+00,0.000000E+00,0.000000E+00,0.000000E+00,0.000000E+00,0.000000E+00,2.110805E+01,7.994772E+01,2.388798E+01,5.498308E+01
15:51:00,8.012670E+03,2.339753E+03,5.579059E-01,2.066371E-01,0.000000E+00,0.000000E+00,0.000000E+00,0.000000E+00,0.000000E+00,0.000000E+00,0.000000E+00,0.000000E+00,2.110805E+01,7.994772E+01,2.388798E+01,5.498614E+01
15:52:00,8.012670E+03,2.339039E+03,5.579059E-01,2.065740E-01,0.000000E+00,0.000000E+00,0.000000E+00,0.000000E+00,0.000000E+00,0.000000E+00,0.000000E+00,0.000000E+00,2.110805E+01,7.994772E+01,2.388798E+01,5.498924E+01
15:53:00,8.012670E+03,2.338308E+03,5.579059E-01,2.065095E-01,0.000000E+00,0.000000E+00,0.000000E+00,0.000000E+00,0.000000E+00,0.000000E+00,0.000000E+00,0.000000E+00,2.110805E+01,7.994772E+01,2.388798E+01,5.499237E+01
15:54:00,8.012670E+03,2.337561E+03,5.579059E-01,2.064435E-01,0.000000E+00,0.000000E+00,0.000000E+00,0.000000E+00,0.000000E+00,0.000000E+00,0.000000E+00,0.000000E+00,2.110805E+01,7.994772E+01,2.388799E+01,5.499555E+01
15:55:00,8.012670E+03,2.336797E+03,5.579059E-01,2.063760E-01,0.000000E+00,0.000000E+00,0.000000E+00,0.000000E+00,0.000000E+00,0.000000E+00,0.000000E+00,0.000000E+00,2.110805E+01,7.994772E+01,2.388799E+01,5.499876E+01
15:56:00,8.012670E+03,2.336016E+03,5.579059E-01,2.063071E-01,0.000000E+00,0.000000E+00,0.000000E+00,0.000000E+00,0.000000E+00,0.000000E+00,0.000000E+00,0.000000E+00,2.110805E+01,7.994772E+01,2.388799E+01,5.500202E+01
15:57:00,8.012670E+03,2.335219E+03,5.579059E-01,2.062366E-01,0.000000E+00,0.000000E+00,0.000000E+00,0.000000E+00,0.000000E+00,0.000000E+00,0.000000E+00,0.000000E+00,2.110805E+01,7.994772E+01,2.388799E+01,5.500531E+01
15:58:00,8.012670E+03,2.334405E+03,5.579059E-01,2.061648E-01,0.000000E+00,0.000000E+00,0.000000E+00,0.000000E+00,0.000000E+00,0.000000E+00,0.000000E+00,0.000000E+00,2.110805E+01,7.994772E+01,2.388799E+01,5.500864E+01
15:59:00,8.012670E+03,2.333574E+03,5.579059E-01,2.060914E-01,0.000000E+00,0.000000E+00,0.000000E+00,0.000000E+00,0.000000E+00,0.000000E+00,0.000000E+00,0.000000E+00,2.110805E+01,7.994772E+01,2.388799E+01,5.501201E+01
16:00:00,8.012670E+03,2.332727E+03,5.579059E-01,2.060165E-01,0.000000E+00,0.000000E+00,0.000000E+00,0.000000E+00,0.000000E+00,0.000000E+00,0.000000E+00,0.000000E+00,2.110805E+01,7.994772E+01,2.388799E+01,5.501542E+01
16:01:00,8.012670E+03,2.331874E+03,5.579059E-01,2.059412E-01,0.000000E+00,0.000000E+00,0.000000E+00,0.000000E+00,0.000000E+00,0.000000E+00,0.000000E+00,0.000000E+00,2.110805E+01,7.994772E+01,2.388799E+01,5.501886E+01
16:02:00,8.012670E+03,2.331064E+03,5.579059E-01,2.058697E-01,0.000000E+00,0.000000E+00,0.000000E+00,0.000000E+00,0.000000E+00,0.000000E+00,0.000000E+00,0.000000E+00,2.110805E+01,7.994772E+01,2.388799E+01,5.502237E+01
16:03:00,8.012670E+03,2.330250E+03,5.579059E-01,2.057978E-01,0.000000E+00,0.000000E+00,0.000000E+00,0.000000E+00,0.000000E+00,0.000000E+00,0.000000E+00,0.000000E+00,2.110805E+01,7.994772E+01,2.388799E+01,5.502598E+01
16:04:00,8.012670E+03,2.329427E+03,5.579059E-01,2.057251E-01,0.000000E+00,0.000000E+00,0.000000E+00,0.000000E+00,0.000000E+00,0.000000E+00,0.000000E+00,0.000000E+00,2.110805E+01,7.994772E+01,2.388799E+01,5.502969E+01
16:05:00,8.012670E+03,2.328591E+03,5.579059E-01,2.056512E-01,0.000000E+00,0.000000E+00,0.000000E+00,0.000000E+00,0.000000E+00,0.000000E+00,0.000000E+00,0.000000E+00,2.110805E+01,7.994772E+01,2.388799E+01,5.503349E+01
16:06:00,8.012670E+03,2.327741E+03,5.579059E-01,2.055762E-01,0.000000E+00,0.000000E+00,0.000000E+00,0.000000E+00,0.000000E+00,0.000000E+00,0.000000E+00,0.000000E+00,2.110805E+01,7.994772E+01,2.388799E+01,5.503740E+01
16:07:00,8.012670E+03,2.326879E+03,5.579059E-01,2.055000E-01,0.000000E+00,0.000000E+00,0.000000E+00,0.000000E+00,0.000000E+00,0.000000E+00,0.000000E+00,0.000000E+00,2.110805E+01,7.994772E+01,2.388799E+01,5.504140E+01
16:08:00,8.012670E+03,2.326003E+03,5.579059E-01,2.054227E-01,0.000000E+00,0.000000E+00,0.000000E+00,0.000000E+00,0.000000E+00,0.000000E+00,0.000000E+00,0.000000E+00,2.110805E+01,7.994772E+01,2.388799E+01,5.504549E+01
16:09:00,8.012670E+03,2.325114E+03,5.579059E-01,2.053442E-01,0.000000E+00,0.000000E+00,0.000000E+00,0.000000E+00,0.000000E+00,0.000000E+00,0.000000E+00,0.000000E+00,2.110805E+01,7.994772E+01,2.388799E+01,5.504967E+01
16:10:00,8.012670E+03,2.324212E+03,5.579059E-01,2.052645E-01,0.000000E+00,0.000000E+00,0.000000E+00,0.000000E+00,0.000000E+00,0.000000E+00,0.000000E+00,0.000000E+00,2.110805E+01,7.994772E+01,2.388799E+01,5.505393E+01
16:11:00,8.012670E+03,2.323297E+03,5.579059E-01,2.051837E-01,0.000000E+00,0.000000E+00,0.000000E+00,0.000000E+00,0.000000E+00,0.000000E+00,0.000000E+00,0.000000E+00,2.110805E+01,7.994772E+01,2.388799E+01,5.505827E+01
16:12:00,8.012670E+03,2.322369E+03,5.579059E-01,2.051018E-01,0.000000E+00,0.000000E+00,0.000000E+00,0.000000E+00,0.000000E+00,0.000000E+00,0.000000E+00,0.000000E+00,2.110805E+01,7.994772E+01,2.388799E+01,5.506268E+01
16:13:00,8.012670E+03,2.321428E+03,5.579059E-01,2.050187E-01,0.000000E+00,0.000000E+00,0.000000E+00,0.000000E+00,0.000000E+00,0.000000E+00,0.000000E+00,0.000000E+00,2.110805E+01,7.994772E+01,2.388799E+01,5.506716E+01
16:14:00,8.012670E+03,2.320475E+03,5.579059E-01,2.049344E-01,0.000000E+00,0.000000E+00,0.000000E+00,0.000000E+00,0.000000E+00,0.000000E+00,0.000000E+00,0.000000E+00,2.110805E+01,7.994772E+01,2.388799E+01,5.507171E+01
16:15:00,8.012670E+03,2.319508E+03,5.579059E-01,2.048491E-01,0.000000E+00,0.000000E+00,0.000000E+00,0.000000E+00,0.000000E+00,0.000000E+00,0.000000E+00,0.000000E+00,2.110805E+01,7.994772E+01,2.388799E+01,5.507632E+01
16:16:00,8.012670E+03,2.318528E+03,5.579059E-01,2.047625E-01,0.000000E+00,0.000000E+00,0.000000E+00,0.000000E+00,0.000000E+00,0.000000E+00,0.000000E+00,0.000000E+00,2.110805E+01,7.994772E+01,2.388799E+01,5.508100E+01
16:17:00,8.012670E+03,2.317535E+03,5.579059E-01,2.046748E-01,0.000000E+00,0.000000E+00,0.000000E+00,0.000000E+00,0.000000E+00,0.000000E+00,0.000000E+00,0.000000E+00,2.110805E+01,7.994772E+01,2.388799E+01,5.508575E+01
16:18:00,8.012670E+03,2.316530E+03,5.579059E-01,2.045860E-01,0.000000E+00,0.000000E+00,0.000000E+00,0.000000E+00,0.000000E+00,0.000000E+00,0.000000E+00,0.000000E+00,2.110805E+01,7.994772E+01,2.388799E+01,5.509055E+01
16:19:00,8.012670E+03,2.315513E+03,5.579059E-01,2.044962E-01,0.000000E+00,0.000000E+00,0.000000E+00,0.000000E+00,0.000000E+00,0.000000E+00,0.000000E+00,0.000000E+00,2.110805E+01,7.994772E+01,2.388799E+01,5.509541E+01
16:20:00,8.012670E+03,2.314484E+03,5.579059E-01,2.044054E-01,0.000000E+00,0.000000E+00,0.000000E+00,0.000000E+00,0.000000E+00,0.000000E+00,0.000000E+00,0.000000E+00,2.110805E+01,7.994772E+01,2.388799E+01,5.510032E+01
16:21:00,8.012670E+03,2.313444E+03,5.579059E-01,2.043135E-01,0.000000E+00,0.000000E+00,0.000000E+00,0.000000E+00,0.000000E+00,0.000000E+00,0.000000E+00,0.000000E+00,2.110805E+01,7.994772E+01,2.388799E+01,5.510528E+01
16:22:00,8.012670E+03,2.312393E+03,5.579059E-01,2.042207E-01,0.000000E+00,0.000000E+00,0.000000E+00,0.000000E+00,0.000000E+00,0.000000E+00,0.000000E+00,0.000000E+00,2.110805E+01,7.994772E+01,2.388799E+01,5.511027E+01
16:23:00,8.012670E+03,2.311331E+03,5.579059E-01,2.041269E-01,0.000000E+00,0.000000E+00,0.000000E+00,0.000000E+00,0.000000E+00,0.000000E+00,0.000000E+00,0.000000E+00,2.110805E+01,7.994772E+01,2.388799E+01,5.511530E+01
16:24:00,8.012670E+03,2.310258E+03,5.579059E-01,2.040321E-01,0.000000E+00,0.000000E+00,0.000000E+00,0.000000E+00,0.000000E+00,0.000000E+00,0.000000E+00,0.000000E+00,2.110805E+01,7.994772E+01,2.388799E+01,5.512037E+01
16:25:00,8.012670E+03,2.309175E+03,5.579059E-01,2.039364E-01,0.000000E+00,0.000000E+00,0.000000E+00,0.000000E+00,0.000000E+00,0.000000E+00,0.000000E+00,0.000000E+00,2.110805E+01,7.994772E+01,2.388799E+01,5.512546E+01
16:26:00,8.012670E+03,2.308081E+03,5.579059E-01,2.038398E-01,0.000000E+00,0.000000E+00,0.000000E+00,0.000000E+00,0.000000E+00,0.000000E+00,0.000000E+00,0.000000E+00,2.110805E+01,7.994772E+01,2.388799E+01,5.513060E+01
16:27:00,8.012670E+03,2.306976E+03,5.579059E-01,2.037422E-01,0.000000E+00,0.000000E+00,0.000000E+00,0.000000E+00,0.000000E+00,0.000000E+00,0.000000E+00,0.000000E+00,2.110805E+01,7.994772E+01,2.388799E+01,5.513576E+01
16:28:00,8.012670E+03,2.305861E+03,5.579059E-01,2.036438E-01,0.000000E+00,0.000000E+00,0.000000E+00,0.000000E+00,0.000000E+00,0.000000E+00,0.000000E+00,0.000000E+00,2.110805E+01,7.994772E+01,2.388799E+01,5.514095E+01
16:29:00,8.012670E+03,2.304736E+03,5.579059E-01,2.035444E-01,0.000000E+00,0.000000E+00,0.000000E+00,0.000000E+00,0.000000E+00,0.000000E+00,0.000000E+00,0.000000E+00,2.110805E+01,7.994772E+01,2.388799E+01,5.514616E+01
16:30:00,8.012670E+03,2.303600E+03,5.579059E-01,2.034441E-01,0.000000E+00,0.000000E+00,0.000000E+00,0.000000E+00,0.000000E+00,0.000000E+00,0.000000E+00,0.000000E+00,2.110805E+01,7.994772E+01,2.388799E+01,5.515141E+01
16:31:00,8.012670E+03,2.302455E+03,5.579059E-01,2.033430E-01,0.000000E+00,0.000000E+00,0.000000E+00,0.000000E+00,0.000000E+00,0.000000E+00,0.000000E+00,0.000000E+00,2.110805E+01,7.994772E+01,2.388799E+01,5.515668E+01
16:32:00,8.012670E+03,2.301300E+03,5.579059E-01,2.032410E-01,0.000000E+00,0.000000E+00,0.000000E+00,0.000000E+00,0.000000E+00,0.000000E+00,0.000000E+00,0.000000E+00,2.110805E+01,7.994772E+01,2.388799E+01,5.516197E+01
16:33:00,8.012670E+03,2.300135E+03,5.579059E-01,2.031381E-01,0.000000E+00,0.000000E+00,0.000000E+00,0.000000E+00,0.000000E+00,0.000000E+00,0.000000E+00,0.000000E+00,2.110805E+01,7.994772E+01,2.388799E+01,5.516729E+01
16:34:00,8.012670E+03,2.298961E+03,5.579059E-01,2.030344E-01,0.000000E+00,0.000000E+00,0.000000E+00,0.000000E+00,0.000000E+00,0.000000E+00,0.000000E+00,0.000000E+00,2.110805E+01,7.994772E+01,2.388799E+01,5.517264E+01
16:35:00,8.012670E+03,2.297777E+03,5.579059E-01,2.029298E-01,0.000000E+00,0.000000E+00,0.000000E+00,0.000000E+00,0.000000E+00,0.000000E+00,0.000000E+00,0.000000E+00,2.110805E+01,7.994772E+01,2.388799E+01,5.517800E+01
16:36:00,8.012670E+03,2.296584E+03,5.579059E-01,2.028244E-01,0.000000E+00,0.000000E+00,0.000000E+00,0.000000E+00,0.000000E+00,0.000000E+00,0.000000E+00,0.000000E+00,2.110805E+01,7.994772E+01,2.388799E+01,5.518339E+01
16:37:00,8.012670E+03,2.295381E+03,5.579059E-01,2.027182E-01,0.000000E+00,0.000000E+00,0.000000E+00,0.000000E+00,0.000000E+00,0.000000E+00,0.000000E+00,0.000000E+00,2.110805E+01,7.994772E+01,2.388799E+01,5.518880E+01
16:38:00,8.012670E+03,2.294169E+03,5.579059E-01,2.026112E-01,0.000000E+00,0.000000E+00,0.000000E+00,0.000000E+00,0.000000E+00,0.000000E+00,0.000000E+00,0.000000E+00,2.110805E+01,7.994772E+01,2.388799E+01,5.519424E+01
16:39:00,8.012670E+03,2.292949E+03,5.579059E-01,2.025034E-01,0.000000E+00,0.000000E+00,0.000000E+00,0.000000E+00,0.000000E+00,0.000000E+00,0.000000E+00,0.000000E+00,2.110805E+01,7.994772E+01,2.388799E+01,5.519969E+01
16:40:00,8.012670E+03,2.291718E+03,5.579059E-01,2.023947E-01,0.000000E+00,0.000000E+00,0.000000E+00,0.000000E+00,0.000000E+00,0.000000E+00,0.000000E+00,0.000000E+00,2.110805E+01,7.994772E+01,2.388799E+01,5.520517E+01
16:41:00,8.012670E+03,2.290480E+03,5.579059E-01,2.022853E-01,0.000000E+00,0.000000E+00,0.000000E+00,0.000000E+00,0.000000E+00,0.000000E+00,0.000000E+00,0.000000E+00,2.110805E+01,7.994772E+01,2.388799E+01,5.521067E+01
16:42:00,8.012670E+03,2.289232E+03,5.579059E-01,2.021751E-01,0.000000E+00,0.000000E+00,0.000000E+00,0.000000E+00,0.000000E+00,0.000000E+00,0.000000E+00,0.000000E+00,2.110805E+01,7.994772E+01,2.388800E+01,5.521618E+01
16:43:00,8.012670E+03,2.287975E+03,5.579059E-01,2.020641E-01,0.000000E+00,0.000000E+00,0.000000E+00,0.000000E+00,0.000000E+00,0.000000E+00,0.000000E+00,0.000000E+00,2.110805E+01,7.994772E+01,2.388800E+01,5.522172E+01
16:44:00,8.012670E+03,2.286710E+03,5.579059E-01,2.019523E-01,0.000000E+00,0.000000E+00,0.000000E+00,0.000000E+00,0.000000E+00,0.000000E+00,0.000000E+00,0.000000E+00,2.110805E+01,7.994772E+01,2.388800E+01,5.522728E+01
16:45:00,8.012670E+03,2.285436E+03,5.579059E-01,2.018398E-01,0.000000E+00,0.000000E+00,0.000000E+00,0.000000E+00,0.000000E+00,0.000000E+00,0.000000E+00,0.000000E+00,2.110805E+01,7.994772E+01,2.388800E+01,5.523287E+01
16:46:00,8.012670E+03,2.284154E+03,5.579059E-01,2.017266E-01,0.000000E+00,0.000000E+00,0.000000E+00,0.000000E+00,0.000000E+00,0.000000E+00,0.000000E+00,0.000000E+00,2.110805E+01,7.994772E+01,2.388800E+01,5.523846E+01
16:47:00,8.012670E+03,2.282863E+03,5.579059E-01,2.016126E-01,0.000000E+00,0.000000E+00,0.000000E+00,0.000000E+00,0.000000E+00,0.000000E+00,0.000000E+00,0.000000E+00,2.110805E+01,7.994772E+01,2.388800E+01,5.524408E+01
16:48:00,8.012670E+03,2.281565E+03,5.579059E-01,2.014979E-01,0.000000E+00,0.000000E+00,0.000000E+00,0.000000E+00,0.000000E+00,0.000000E+00,0.000000E+00,0.000000E+00,2.110805E+01,7.994772E+01,2.388800E+01,5.524972E+01
16:49:00,8.012670E+03,2.280258E+03,5.579059E-01,2.013826E-01,0.000000E+00,0.000000E+00,0.000000E+00,0.000000E+00,0.000000E+00,0.000000E+00,0.000000E+00,0.000000E+00,2.110805E+01,7.994772E+01,2.388800E+01,5.525538E+01
16:50:00,8.012670E+03,2.278944E+03,5.579059E-01,2.012665E-01,0.000000E+00,0.000000E+00,0.000000E+00,0.000000E+00,0.000000E+00,0.000000E+00,0.000000E+00,0.000000E+00,2.110805E+01,7.994772E+01,2.388800E+01,5.526105E+01
16:51:00,8.012670E+03,2.277621E+03,5.579059E-01,2.011497E-01,0.000000E+00,0.000000E+00,0.000000E+00,0.000000E+00,0.000000E+00,0.000000E+00,0.000000E+00,0.000000E+00,2.110805E+01,7.994772E+01,2.388800E+01,5.526674E+01
16:52:00,8.012670E+03,2.276291E+03,5.579059E-01,2.010322E-01,0.000000E+00,0.000000E+00,0.000000E+00,0.000000E+00,0.000000E+00,0.000000E+00,0.000000E+00,0.000000E+00,2.110805E+01,7.994772E+01,2.388800E+01,5.527244E+01
16:53:00,8.012670E+03,2.274954E+03,5.579059E-01,2.009141E-01,0.000000E+00,0.000000E+00,0.000000E+00,0.000000E+00,0.000000E+00,0.000000E+00,0.000000E+00,0.000000E+00,2.110805E+01,7.994772E+01,2.388800E+01,5.527817E+01
16:54:00,8.012670E+03,2.273608E+03,5.579059E-01,2.007953E-01,0.000000E+00,0.000000E+00,0.000000E+00,0.000000E+00,0.000000E+00,0.000000E+00,0.000000E+00,0.000000E+00,2.110805E+01,7.994772E+01,2.388800E+01,5.528391E+01
16:55:00,8.012670E+03,2.272256E+03,5.579059E-01,2.006758E-01,0.000000E+00,0.000000E+00,0.000000E+00,0.000000E+00,0.000000E+00,0.000000E+00,0.000000E+00,0.000000E+00,2.110805E+01,7.994772E+01,2.388800E+01,5.528967E+01
16:56:00,8.012670E+03,2.270895E+03,5.579059E-01,2.005556E-01,0.000000E+00,0.000000E+00,0.000000E+00,0.000000E+00,0.000000E+00,0.000000E+00,0.000000E+00,0.000000E+00,2.110805E+01,7.994772E+01,2.388800E+01,5.529545E+01
16:57:00,8.012670E+03,2.269528E+03,5.579059E-01,2.004349E-01,0.000000E+00,0.000000E+00,0.000000E+00,0.000000E+00,0.000000E+00,0.000000E+00,0.000000E+00,0.000000E+00,2.110805E+01,7.994772E+01,2.388800E+01,5.530124E+01
16:58:00,8.012670E+03,2.268152E+03,5.579059E-01,2.003134E-01,0.000000E+00,0.000000E+00,0.000000E+00,0.000000E+00,0.000000E+00,0.000000E+00,0.000000E+00,0.000000E+00,2.110805E+01,7.994772E+01,2.388800E+01,5.530706E+01
16:59:00,8.012670E+03,2.266770E+03,5.579059E-01,2.001913E-01,0.000000E+00,0.000000E+00,0.000000E+00,0.000000E+00,0.000000E+00,0.000000E+00,0.000000E+00,0.000000E+00,2.110805E+01,7.994772E+01,2.388800E+01,5.531289E+01
17:00:00,8.012670E+03,2.265380E+03,5.579059E-01,2.000686E-01,0.000000E+00,0.000000E+00,0.000000E+00,0.000000E+00,0.000000E+00,0.000000E+00,0.000000E+00,0.000000E+00,2.110805E+01,7.994772E+01,2.388800E+01,5.531874E+01
17:01:00,8.012670E+03,2.263983E+03,5.579059E-01,1.999452E-01,0.000000E+00,0.000000E+00,0.000000E+00,0.000000E+00,0.000000E+00,0.000000E+00,0.000000E+00,0.000000E+00,2.110805E+01,7.994772E+01,2.388800E+01,5.532461E+01
17:02:00,8.012670E+03,2.262579E+03,5.579059E-01,1.998212E-01,0.000000E+00,0.000000E+00,0.000000E+00,0.000000E+00,0.000000E+00,0.000000E+00,0.000000E+00,0.000000E+00,2.110805E+01,7.994772E+01,2.388800E+01,5.533054E+01
17:03:00,8.012670E+03,2.261168E+03,5.579059E-01,1.996965E-01,0.000000E+00,0.000000E+00,0.000000E+00,0.000000E+00,0.000000E+00,0.000000E+00,0.000000E+00,0.000000E+00,2.110805E+01,7.994772E+01,2.388800E+01,5.533655E+01
17:04:00,8.012670E+03,2.259749E+03,5.579059E-01,1.995712E-01,0.000000E+00,0.000000E+00,0.000000E+00,0.000000E+00,0.000000E+00,0.000000E+00,0.000000E+00,0.000000E+00,2.110805E+01,7.994772E+01,2.388800E+01,5.534264E+01
17:05:00,8.012670E+03,2.258324E+03,5.579059E-01,1.994454E-01,0.000000E+00,0.000000E+00,0.000000E+00,0.000000E+00,0.000000E+00,0.000000E+00,0.000000E+00,0.000000E+00,2.110805E+01,7.994772E+01,2.388800E+01,5.534882E+01
17:06:00,8.012670E+03,2.256892E+03,5.579059E-01,1.993189E-01,0.000000E+00,0.000000E+00,0.000000E+00,0.000000E+00,0.000000E+00,0.000000E+00,0.000000E+00,0.000000E+00,2.110805E+01,7.994772E+01,2.388800E+01,5.535507E+01
17:07:00,8.012670E+03,2.255454E+03,5.579059E-01,1.991919E-01,0.000000E+00,0.000000E+00,0.000000E+00,0.000000E+00,0.000000E+00,0.000000E+00,0.000000E+00,0.000000E+00,2.110805E+01,7.994772E+01,2.388800E+01,5.536140E+01
17:08:00,8.012670E+03,2.254009E+03,5.579059E-01,1.990643E-01,0.000000E+00,0.000000E+00,0.000000E+00,0.000000E+00,0.000000E+00,0.000000E+00,0.000000E+00,0.000000E+00,2.110805E+01,7.994772E+01,2.388800E+01,5.536781E+01
17:09:00,8.012670E+03,2.252556E+03,5.579059E-01,1.989360E-01,0.000000E+00,0.000000E+00,0.000000E+00,0.000000E+00,0.000000E+00,0.000000E+00,0.000000E+00,0.000000E+00,2.110805E+01,7.994772E+01,2.388800E+01,5.537429E+01
17:10:00,8.012670E+03,2.251096E+03,5.579059E-01,1.988070E-01,0.000000E+00,0.000000E+00,0.000000E+00,0.000000E+00,0.000000E+00,0.000000E+00,0.000000E+00,0.000000E+00,2.110805E+01,7.994772E+01,2.388800E+01,5.538084E+01
17:11:00,8.012670E+03,2.249629E+03,5.579059E-01,1.986774E-01,0.000000E+00,0.000000E+00,0.000000E+00,0.000000E+00,0.000000E+00,0.000000E+00,0.000000E+00,0.000000E+00,2.110805E+01,7.994772E+01,2.388800E+01,5.538747E+01
17:12:00,8.012670E+03,2.248154E+03,5.579059E-01,1.985471E-01,0.000000E+00,0.000000E+00,0.000000E+00,0.000000E+00,0.000000E+00,0.000000E+00,0.000000E+00,0.000000E+00,2.110805E+01,7.994772E+01,2.388800E+01,5.539416E+01
17:13:00,8.012670E+03,2.246671E+03,5.579059E-01,1.984162E-01,0.000000E+00,0.000000E+00,0.000000E+00,0.000000E+00,0.000000E+00,0.000000E+00,0.000000E+00,0.000000E+00,2.110805E+01,7.994772E+01,2.388801E+01,5.540092E+01
17:14:00,8.012670E+03,2.245180E+03,5.579059E-01,1.982845E-01,0.000000E+00,0.000000E+00,0.000000E+00,0.000000E+00,0.000000E+00,0.000000E+00,0.000000E+00,0.000000E+00,2.110805E+01,7.994772E+01,2.388801E+01,5.540775E+01
17:15:00,8.012670E+03,2.243682E+03,5.579059E-01,1.981522E-01,0.000000E+00,0.000000E+00,0.000000E+00,0.000000E+00,0.000000E+00,0.000000E+00,0.000000E+00,0.000000E+00,2.110805E+01,7.994772E+01,2.388801E+01,5.541464E+01
17:16:00,8.012670E+03,2.242176E+03,5.579059E-01,1.980192E-01,0.000000E+00,0.000000E+00,0.000000E+00,0.000000E+00,0.000000E+00,0.000000E+00,0.000000E+00,0.000000E+00,2.110805E+01,7.994772E+01,2.388801E+01,5.542160E+01
17:17:00,8.012670E+03,2.240662E+03,5.579059E-01,1.978855E-01,0.000000E+00,0.000000E+00,0.000000E+00,0.000000E+00,0.000000E+00,0.000000E+00,0.000000E+00,0.000000E+00,2.110805E+01,7.994772E+01,2.388801E+01,5.542862E+01
17:18:00,8.012670E+03,2.239140E+03,5.579059E-01,1.977510E-01,0.000000E+00,0.000000E+00,0.000000E+00,0.000000E+00,0.000000E+00,0.000000E+00,0.000000E+00,0.000000E+00,2.110805E+01,7.994772E+01,2.388801E+01,5.543570E+01
17:19:00,8.012670E+03,2.237608E+03,5.579059E-01,1.976158E-01,0.000000E+00,0.000000E+00,0.000000E+00,0.000000E+00,0.000000E+00,0.000000E+00,0.000000E+00,0.000000E+00,2.110805E+01,7.994772E+01,2.388801E+01,5.544285E+01
17:20:00,8.012670E+03,2.236067E+03,5.579059E-01,1.974797E-01,0.000000E+00,0.000000E+00,0.000000E+00,0.000000E+00,0.000000E+00,0.000000E+00,0.000000E+00,0.000000E+00,2.110805E+01,7.994772E+01,2.388801E+01,5.545006E+01
17:21:00,8.012670E+03,2.234516E+03,5.579059E-01,1.973427E-01,0.000000E+00,0.000000E+00,0.000000E+00,0.000000E+00,0.000000E+00,0.000000E+00,0.000000E+00,0.000000E+00,2.110805E+01,7.994772E+01,2.388801E+01,5.545733E+01
17:22:00,8.012670E+03,2.232955E+03,5.579059E-01,1.972048E-01,0.000000E+00,0.000000E+00,0.000000E+00,0.000000E+00,0.000000E+00,0.000000E+00,0.000000E+00,0.000000E+00,2.110805E+01,7.994772E+01,2.388801E+01,5.546467E+01
17:23:00,8.012670E+03,2.231384E+03,5.579059E-01,1.970661E-01,0.000000E+00,0.000000E+00,0.000000E+00,0.000000E+00,0.000000E+00,0.000000E+00,0.000000E+00,0.000000E+00,2.110805E+01,7.994772E+01,2.388801E+01,5.547206E+01
17:24:00,8.012670E+03,2.229803E+03,5.579059E-01,1.969264E-01,0.000000E+00,0.000000E+00,0.000000E+00,0.000000E+00,0.000000E+00,0.000000E+00,0.000000E+00,0.000000E+00,2.110805E+01,7.994772E+01,2.388801E+01,5.547951E+01
17:25:00,8.012670E+03,2.228210E+03,5.579059E-01,1.967858E-01,0.000000E+00,0.000000E+00,0.000000E+00,0.000000E+00,0.000000E+00,0.000000E+00,0.000000E+00,0.000000E+00,2.110805E+01,7.994772E+01,2.388801E+01,5.548703E+01
17:26:00,8.012670E+03,2.226607E+03,5.579059E-01,1.966442E-01,0.000000E+00,0.000000E+00,0.000000E+00,0.000000E+00,0.000000E+00,0.000000E+00,0.000000E+00,0.000000E+00,2.110805E+01,7.994772E+01,2.388801E+01,5.549460E+01
17:27:00,8.012670E+03,2.224993E+03,5.579059E-01,1.965016E-01,0.000000E+00,0.000000E+00,0.000000E+00,0.000000E+00,0.000000E+00,0.000000E+00,0.000000E+00,0.000000E+00,2.110805E+01,7.994772E+01,2.388801E+01,5.550224E+01
17:28:00,8.012670E+03,2.223312E+03,5.579059E-01,1.963532E-01,0.000000E+00,0.000000E+00,0.000000E+00,0.000000E+00,0.000000E+00,0.000000E+00,0.000000E+00,0.000000E+00,2.110805E+01,7.994772E+01,2.388801E+01,5.550993E+01
17:29:00,8.012670E+03,2.221617E+03,5.579059E-01,1.962034E-01,0.000000E+00,0.000000E+00,0.000000E+00,0.000000E+00,0.000000E+00,0.000000E+00,0.000000E+00,0.000000E+00,2.110805E+01,7.994772E+01,2.388801E+01,5.551804E+01
17:30:00,8.012670E+03,2.219908E+03,5.579059E-01,1.960525E-01,0.000000E+00,0.000000E+00,0.000000E+00,0.000000E+00,0.000000E+00,0.000000E+00,0.000000E+00,0.000000E+00,2.110805E+01,7.994772E+01,2.388801E+01,5.552643E+01
17:31:00,8.012670E+03,2.218185E+03,5.579059E-01,1.959003E-01,0.000000E+00,0.000000E+00,0.000000E+00,0.000000E+00,0.000000E+00,0.000000E+00,0.000000E+00,0.000000E+00,2.110805E+01,7.994772E+01,2.388801E+01,5.553497E+01
17:32:00,8.012670E+03,2.216448E+03,5.579059E-01,1.957469E-01,0.000000E+00,0.000000E+00,0.000000E+00,0.000000E+00,0.000000E+00,0.000000E+00,0.000000E+00,0.000000E+00,2.110805E+01,7.994772E+01,2.388801E+01,5.554358E+01
17:33:00,8.012670E+03,2.214698E+03,5.579059E-01,1.955924E-01,0.000000E+00,0.000000E+00,0.000000E+00,0.000000E+00,0.000000E+00,0.000000E+00,0.000000E+00,0.000000E+00,2.110805E+01,7.994772E+01,2.388801E+01,5.555223E+01
17:34:00,8.012670E+03,2.212934E+03,5.579059E-01,1.954366E-01,0.000000E+00,0.000000E+00,0.000000E+00,0.000000E+00,0.000000E+00,0.000000E+00,0.000000E+00,0.000000E+00,2.110805E+01,7.994772E+01,2.388801E+01,5.556092E+01
17:35:00,8.012670E+03,2.211157E+03,5.579059E-01,1.952796E-01,0.000000E+00,0.000000E+00,0.000000E+00,0.000000E+00,0.000000E+00,0.000000E+00,0.000000E+00,0.000000E+00,2.110805E+01,7.994772E+01,2.388801E+01,5.556965E+01
17:36:00,8.012670E+03,2.209365E+03,5.579059E-01,1.951214E-01,0.000000E+00,0.000000E+00,0.000000E+00,0.000000E+00,0.000000E+00,0.000000E+00,0.000000E+00,0.000000E+00,2.110805E+01,7.994772E+01,2.388802E+01,5.557844E+01
17:37:00,8.012670E+03,2.207560E+03,5.579059E-01,1.949620E-01,0.000000E+00,0.000000E+00,0.000000E+00,0.000000E+00,0.000000E+00,0.000000E+00,0.000000E+00,0.000000E+00,2.110805E+01,7.994772E+01,2.388802E+01,5.558727E+01
17:38:00,8.012670E+03,2.205741E+03,5.579059E-01,1.948013E-01,0.000000E+00,0.000000E+00,0.000000E+00,0.000000E+00,0.000000E+00,0.000000E+00,0.000000E+00,0.000000E+00,2.110805E+01,7.994772E+01,2.388802E+01,5.559614E+01
17:39:00,8.012670E+03,2.203907E+03,5.579059E-01,1.946393E-01,0.000000E+00,0.000000E+00,0.000000E+00,0.000000E+00,0.000000E+00,0.000000E+00,0.000000E+00,0.000000E+00,2.110805E+01,7.994772E+01,2.388802E+01,5.560507E+01
17:40:00,8.012670E+03,2.202059E+03,5.579059E-01,1.944761E-01,0.000000E+00,0.000000E+00,0.000000E+00,0.000000E+00,0.000000E+00,0.000000E+00,0.000000E+00,0.000000E+00,2.110805E+01,7.994772E+01,2.388802E+01,5.561404E+01
17:41:00,8.012670E+03,2.200197E+03,5.579059E-01,1.943117E-01,0.000000E+00,0.000000E+00,0.000000E+00,0.000000E+00,0.000000E+00,0.000000E+00,0.000000E+00,0.000000E+00,2.110805E+01,7.994772E+01,2.388802E+01,5.562307E+01
17:42:00,8.012670E+03,2.198320E+03,5.579059E-01,1.941459E-01,0.000000E+00,0.000000E+00,0.000000E+00,0.000000E+00,0.000000E+00,0.000000E+00,0.000000E+00,0.000000E+00,2.110805E+01,7.994772E+01,2.388802E+01,5.563215E+01
17:43:00,8.012670E+03,2.196428E+03,5.579059E-01,1.939788E-01,0.000000E+00,0.000000E+00,0.000000E+00,0.000000E+00,0.000000E+00,0.000000E+00,0.000000E+00,0.000000E+00,2.110805E+01,7.994772E+01,2.388802E+01,5.564127E+01
17:44:00,8.012670E+03,2.194521E+03,5.579059E-01,1.938104E-01,0.000000E+00,0.000000E+00,0.000000E+00,0.000000E+00,0.000000E+00,0.000000E+00,0.000000E+00,0.000000E+00,2.110805E+01,7.994772E+01,2.388802E+01,5.565045E+01
17:45:00,8.012670E+03,2.192599E+03,5.579059E-01,1.936406E-01,0.000000E+00,0.000000E+00,0.000000E+00,0.000000E+00,0.000000E+00,0.000000E+00,0.000000E+00,0.000000E+00,2.110805E+01,7.994772E+01,2.388802E+01,5.565968E+01
17:46:00,8.012670E+03,2.190662E+03,5.579059E-01,1.934695E-01,0.000000E+00,0.000000E+00,0.000000E+00,0.000000E+00,0.000000E+00,0.000000E+00,0.000000E+00,0.000000E+00,2.110805E+01,7.994772E+01,2.388802E+01,5.566896E+01
17:47:00,8.012670E+03,2.188708E+03,5.579059E-01,1.932970E-01,0.000000E+00,0.000000E+00,0.000000E+00,0.000000E+00,0.000000E+00,0.000000E+00,0.000000E+00,0.000000E+00,2.110805E+01,7.994772E+01,2.388802E+01,5.567830E+01
17:48:00,8.012670E+03,2.186738E+03,5.579059E-01,1.931230E-01,0.000000E+00,0.000000E+00,0.000000E+00,0.000000E+00,0.000000E+00,0.000000E+00,0.000000E+00,0.000000E+00,2.110805E+01,7.994772E+01,2.388802E+01,5.568769E+01
17:49:00,8.012670E+03,2.184752E+03,5.579059E-01,1.929476E-01,0.000000E+00,0.000000E+00,0.000000E+00,0.000000E+00,0.000000E+00,0.000000E+00,0.000000E+00,0.000000E+00,2.110805E+01,7.994772E+01,2.388802E+01,5.569715E+01
17:50:00,8.012670E+03,2.182751E+03,5.579059E-01,1.927709E-01,0.000000E+00,0.000000E+00,0.000000E+00,0.000000E+00,0.000000E+00,0.000000E+00,0.000000E+00,0.000000E+00,2.110805E+01,7.994772E+01,2.388802E+01,5.570665E+01
17:51:00,8.012670E+03,2.180733E+03,5.579059E-01,1.925926E-01,0.000000E+00,0.000000E+00,0.000000E+00,0.000000E+00,0.000000E+00,0.000000E+00,0.000000E+00,0.000000E+00,2.110805E+01,7.994772E+01,2.388802E+01,5.571622E+01
17:52:00,8.012670E+03,2.178699E+03,5.579059E-01,1.924129E-01,0.000000E+00,0.000000E+00,0.000000E+00,0.000000E+00,0.000000E+00,0.000000E+00,0.000000E+00,0.000000E+00,2.110805E+01,7.994772E+01,2.388802E+01,5.572583E+01
17:53:00,8.012670E+03,2.176647E+03,5.579059E-01,1.922317E-01,0.000000E+00,0.000000E+00,0.000000E+00,0.000000E+00,0.000000E+00,0.000000E+00,0.000000E+00,0.000000E+00,2.110805E+01,7.994772E+01,2.388802E+01,5.573551E+01
17:54:00,8.012670E+03,2.174578E+03,5.579059E-01,1.920490E-01,0.000000E+00,0.000000E+00,0.000000E+00,0.000000E+00,0.000000E+00,0.000000E+00,0.000000E+00,0.000000E+00,2.110805E+01,7.994772E+01,2.388802E+01,5.574524E+01
17:55:00,8.012670E+03,2.172491E+03,5.579059E-01,1.918647E-01,0.000000E+00,0.000000E+00,0.000000E+00,0.000000E+00,0.000000E+00,0.000000E+00,0.000000E+00,0.000000E+00,2.110805E+01,7.994772E+01,2.388802E+01,5.575505E+01
17:56:00,8.012670E+03,2.170387E+03,5.579059E-01,1.916789E-01,0.000000E+00,0.000000E+00,0.000000E+00,0.000000E+00,0.000000E+00,0.000000E+00,0.000000E+00,0.000000E+00,2.110805E+01,7.994772E+01,2.388802E+01,5.576491E+01
17:57:00,8.012670E+03,2.168265E+03,5.579059E-01,1.914914E-01,0.000000E+00,0.000000E+00,0.000000E+00,0.000000E+00,0.000000E+00,0.000000E+00,0.000000E+00,0.000000E+00,2.110805E+01,7.994772E+01,2.388802E+01,5.577485E+01
17:58:00,8.012670E+03,2.166125E+03,5.579059E-01,1.913024E-01,0.000000E+00,0.000000E+00,0.000000E+00,0.000000E+00,0.000000E+00,0.000000E+00,0.000000E+00,0.000000E+00,2.110805E+01,7.994772E+01,2.388802E+01,5.578485E+01
17:59:00,8.012670E+03,2.163966E+03,5.579059E-01,1.911118E-01,0.000000E+00,0.000000E+00,0.000000E+00,0.000000E+00,0.000000E+00,0.000000E+00,0.000000E+00,0.000000E+00,2.110805E+01,7.994772E+01,2.388802E+01,5.579491E+01
18:00:00,8.012670E+03,2.161789E+03,5.579059E-01,1.909195E-01,0.000000E+00,0.000000E+00,0.000000E+00,0.000000E+00,0.000000E+00,0.000000E+00,0.000000E+00,0.000000E+00,2.110805E+01,7.994772E+01,2.388803E+01,5.580505E+01
18:01:00,8.012670E+03,2.159585E+03,5.579059E-01,1.907248E-01,0.000000E+00,0.000000E+00,0.000000E+00,0.000000E+00,0.000000E+00,0.000000E+00,0.000000E+00,0.000000E+00,2.110805E+01,7.994772E+01,2.388803E+01,5.581526E+01
18:02:00,8.012670E+03,2.157353E+03,5.579059E-01,1.905277E-01,0.000000E+00,0.000000E+00,0.000000E+00,0.000000E+00,0.000000E+00,0.000000E+00,0.000000E+00,0.000000E+00,2.110805E+01,7.994772E+01,2.388803E+01,5.582563E+01
18:03:00,8.012670E+03,2.155094E+03,5.579059E-01,1.903282E-01,0.000000E+00,0.000000E+00,0.000000E+00,0.000000E+00,0.000000E+00,0.000000E+00,0.000000E+00,0.000000E+00,2.110805E+01,7.994772E+01,2.388803E+01,5.583623E+01
18:04:00,8.012670E+03,2.152808E+03,5.579059E-01,1.901263E-01,0.000000E+00,0.000000E+00,0.000000E+00,0.000000E+00,0.000000E+00,0.000000E+00,0.000000E+00,0.000000E+00,2.110805E+01,7.994772E+01,2.388803E+01,5.584706E+01
18:05:00,8.012670E+03,2.150493E+03,5.579059E-01,1.899219E-01,0.000000E+00,0.000000E+00,0.000000E+00,0.000000E+00,0.000000E+00,0.000000E+00,0.000000E+00,0.000000E+00,2.110805E+01,7.994772E+01,2.388803E+01,5.585813E+01
18:06:00,8.012670E+03,2.148151E+03,5.579059E-01,1.897150E-01,0.000000E+00,0.000000E+00,0.000000E+00,0.000000E+00,0.000000E+00,0.000000E+00,0.000000E+00,0.000000E+00,2.110805E+01,7.994772E+01,2.388803E+01,5.586943E+01
18:07:00,8.012670E+03,2.145781E+03,5.579059E-01,1.895057E-01,0.000000E+00,0.000000E+00,0.000000E+00,0.000000E+00,0.000000E+00,0.000000E+00,0.000000E+00,0.000000E+00,2.110805E+01,7.994772E+01,2.388803E+01,5.588095E+01
18:08:00,8.012670E+03,2.143382E+03,5.579059E-01,1.892938E-01,0.000000E+00,0.000000E+00,0.000000E+00,0.000000E+00,0.000000E+00,0.000000E+00,0.000000E+00,0.000000E+00,2.110805E+01,7.994772E+01,2.388803E+01,5.589268E+01
18:09:00,8.012670E+03,2.140954E+03,5.579059E-01,1.890794E-01,0.000000E+00,0.000000E+00,0.000000E+00,0.000000E+00,0.000000E+00,0.000000E+00,0.000000E+00,0.000000E+00,2.110805E+01,7.994772E+01,2.388803E+01,5.590462E+01
18:10:00,8.012670E+03,2.138497E+03,5.579059E-01,1.888624E-01,0.000000E+00,0.000000E+00,0.000000E+00,0.000000E+00,0.000000E+00,0.000000E+00,0.000000E+00,0.000000E+00,2.110805E+01,7.994772E+01,2.388803E+01,5.591677E+01
18:11:00,8.012670E+03,2.136012E+03,5.579059E-01,1.886429E-01,0.000000E+00,0.000000E+00,0.000000E+00,0.000000E+00,0.000000E+00,0.000000E+00,0.000000E+00,0.000000E+00,2.110805E+01,7.994772E+01,2.388803E+01,5.592912E+01
18:12:00,8.012670E+03,2.133497E+03,5.579059E-01,1.884208E-01,0.000000E+00,0.000000E+00,0.000000E+00,0.000000E+00,0.000000E+00,0.000000E+00,0.000000E+00,0.000000E+00,2.110805E+01,7.994772E+01,2.388803E+01,5.594166E+01
18:13:00,8.012670E+03,2.130953E+03,5.579059E-01,1.881961E-01,0.000000E+00,0.000000E+00,0.000000E+00,0.000000E+00,0.000000E+00,0.000000E+00,0.000000E+00,0.000000E+00,2.110805E+01,7.994772E+01,2.388804E+01,5.595440E+01
18:14:00,8.012670E+03,2.128379E+03,5.579059E-01,1.879688E-01,0.000000E+00,0.000000E+00,0.000000E+00,0.000000E+00,0.000000E+00,0.000000E+00,0.000000E+00,0.000000E+00,2.110805E+01,7.994772E+01,2.388804E+01,5.596734E+01
18:15:00,8.012670E+03,2.125775E+03,5.579059E-01,1.877388E-01,0.000000E+00,0.000000E+00,0.000000E+00,0.000000E+00,0.000000E+00,0.000000E+00,0.000000E+00,0.000000E+00,2.110805E+01,7.994772E+01,2.388804E+01,5.598046E+01
18:16:00,8.012670E+03,2.123142E+03,5.579059E-01,1.875062E-01,0.000000E+00,0.000000E+00,0.000000E+00,0.000000E+00,0.000000E+00,0.000000E+00,0.000000E+00,0.000000E+00,2.110805E+01,7.994772E+01,2.388804E+01,5.599377E+01
18:17:00,8.012670E+03,2.120478E+03,5.579059E-01,1.872709E-01,0.000000E+00,0.000000E+00,0.000000E+00,0.000000E+00,0.000000E+00,0.000000E+00,0.000000E+00,0.000000E+00,2.110805E+01,7.994772E+01,2.388804E+01,5.600726E+01
18:18:00,8.012670E+03,2.117783E+03,5.579059E-01,1.870329E-01,0.000000E+00,0.000000E+00,0.000000E+00,0.000000E+00,0.000000E+00,0.000000E+00,0.000000E+00,0.000000E+00,2.110805E+01,7.994772E+01,2.388804E+01,5.602093E+01
18:19:00,8.012670E+03,2.115057E+03,5.579059E-01,1.867922E-01,0.000000E+00,0.000000E+00,0.000000E+00,0.000000E+00,0.000000E+00,0.000000E+00,0.000000E+00,0.000000E+00,2.110805E+01,7.994772E+01,2.388804E+01,5.603479E+01
18:20:00,8.012670E+03,2.112301E+03,5.579059E-01,1.865488E-01,0.000000E+00,0.000000E+00,0.000000E+00,0.000000E+00,0.000000E+00,0.000000E+00,0.000000E+00,0.000000E+00,2.110805E+01,7.994772E+01,2.388804E+01,5.604882E+01
18:21:00,8.012670E+03,2.109513E+03,5.579059E-01,1.863026E-01,0.000000E+00,0.000000E+00,0.000000E+00,0.000000E+00,0.000000E+00,0.000000E+00,0.000000E+00,0.000000E+00,2.110805E+01,7.994772E+01,2.388804E+01,5.606303E+01
18:22:00,8.012670E+03,2.106694E+03,5.579059E-01,1.860536E-01,0.000000E+00,0.000000E+00,0.000000E+00,0.000000E+00,0.000000E+00,0.000000E+00,0.000000E+00,0.000000E+00,2.110805E+01,7.994772E+01,2.388804E+01,5.607741E+01
18:23:00,8.012670E+03,2.103844E+03,5.579059E-01,1.858019E-01,0.000000E+00,0.000000E+00,0.000000E+00,0.000000E+00,0.000000E+00,0.000000E+00,0.000000E+00,0.000000E+00,2.110805E+01,7.994772E+01,2.388804E+01,5.609196E+01
18:24:00,8.012670E+03,2.100962E+03,5.579059E-01,1.855473E-01,0.000000E+00,0.000000E+00,0.000000E+00,0.000000E+00,0.000000E+00,0.000000E+00,0.000000E+00,0.000000E+00,2.110805E+01,7.994772E+01,2.388804E+01,5.610669E+01
18:25:00,8.012670E+03,2.098047E+03,5.579059E-01,1.852899E-01,0.000000E+00,0.000000E+00,0.000000E+00,0.000000E+00,0.000000E+00,0.000000E+00,0.000000E+00,0.000000E+00,2.110805E+01,7.994772E+01,2.388804E+01,5.612159E+01
18:26:00,8.012670E+03,2.095101E+03,5.579059E-01,1.850297E-01,0.000000E+00,0.000000E+00,0.000000E+00,0.000000E+00,0.000000E+00,0.000000E+00,0.000000E+00,0.000000E+00,2.110805E+01,7.994772E+01,2.388805E+01,5.613665E+01
18:27:00,8.012670E+03,2.092122E+03,5.579059E-01,1.847666E-01,0.000000E+00,0.000000E+00,0.000000E+00,0.000000E+00,0.000000E+00,0.000000E+00,0.000000E+00,0.000000E+00,2.110805E+01,7.994772E+01,2.388805E+01,5.615189E+01
18:28:00,8.012670E+03,2.089166E+03,5.579059E-01,1.845055E-01,0.000000E+00,0.000000E+00,0.000000E+00,0.000000E+00,0.000000E+00,0.000000E+00,0.000000E+00,0.000000E+00,2.110805E+01,7.994772E+01,2.388805E+01,5.616729E+01
18:29:00,8.012670E+03,2.086180E+03,5.579059E-01,1.842418E-01,0.000000E+00,0.000000E+00,0.000000E+00,0.000000E+00,0.000000E+00,0.000000E+00,0.000000E+00,0.000000E+00,2.110805E+01,7.994772E+01,2.388805E+01,5.618286E+01
18:30:00,8.012670E+03,2.083163E+03,5.579059E-01,1.839754E-01,0.000000E+00,0.000000E+00,0.000000E+00,0.000000E+00,0.000000E+00,0.000000E+00,0.000000E+00,0.000000E+00,2.110805E+01,7.994772E+01,2.388805E+01,5.619860E+01
18:31:00,8.012670E+03,2.080115E+03,5.579059E-01,1.837062E-01,0.000000E+00,0.000000E+00,0.000000E+00,0.000000E+00,0.000000E+00,0.000000E+00,0.000000E+00,0.000000E+00,2.110805E+01,7.994772E+01,2.388805E+01,5.621450E+01
18:32:00,8.012670E+03,2.077035E+03,5.579059E-01,1.834341E-01,0.000000E+00,0.000000E+00,0.000000E+00,0.000000E+00,0.000000E+00,0.000000E+00,0.000000E+00,0.000000E+00,2.110805E+01,7.994772E+01,2.388805E+01,5.623057E+01
18:33:00,8.012670E+03,2.073923E+03,5.579059E-01,1.831593E-01,0.000000E+00,0.000000E+00,0.000000E+00,0.000000E+00,0.000000E+00,0.000000E+00,0.000000E+00,0.000000E+00,2.110805E+01,7.994772E+01,2.388805E+01,5.624681E+01
18:34:00,8.012670E+03,2.070778E+03,5.579059E-01,1.828815E-01,0.000000E+00,0.000000E+00,0.000000E+00,0.000000E+00,0.000000E+00,0.000000E+00,0.000000E+00,0.000000E+00,2.110805E+01,7.994772E+01,2.388805E+01,5.626321E+01
18:35:00,8.012670E+03,2.067601E+03,5.579059E-01,1.826009E-01,0.000000E+00,0.000000E+00,0.000000E+00,0.000000E+00,0.000000E+00,0.000000E+00,0.000000E+00,0.000000E+00,2.110805E+01,7.994772E+01,2.388805E+01,5.627977E+01
18:36:00,8.012670E+03,2.064390E+03,5.579059E-01,1.823173E-01,0.000000E+00,0.000000E+00,0.000000E+00,0.000000E+00,0.000000E+00,0.000000E+00,0.000000E+00,0.000000E+00,2.110805E+01,7.994772E+01,2.388805E+01,5.629650E+01
18:37:00,8.012670E+03,2.061145E+03,5.579059E-01,1.820308E-01,0.000000E+00,0.000000E+00,0.000000E+00,0.000000E+00,0.000000E+00,0.000000E+00,0.000000E+00,0.000000E+00,2.110805E+01,7.994772E+01,2.388805E+01,5.631340E+01
18:38:00,8.012670E+03,2.057867E+03,5.579059E-01,1.817413E-01,0.000000E+00,0.000000E+00,0.000000E+00,0.000000E+00,0.000000E+00,0.000000E+00,0.000000E+00,0.000000E+00,2.110805E+01,7.994772E+01,2.388806E+01,5.633046E+01
18:39:00,8.012670E+03,2.054513E+03,5.579059E-01,1.814450E-01,0.000000E+00,0.000000E+00,0.000000E+00,0.000000E+00,0.000000E+00,0.000000E+00,0.000000E+00,0.000000E+00,2.110805E+01,7.994772E+01,2.388806E+01,5.634768E+01
18:40:00,8.012670E+03,2.051121E+03,5.579059E-01,1.811455E-01,0.000000E+00,0.000000E+00,0.000000E+00,0.000000E+00,0.000000E+00,0.000000E+00,0.000000E+00,0.000000E+00,2.110805E+01,7.994772E+01,2.388806E+01,5.636535E+01
18:41:00,8.012670E+03,2.047693E+03,5.579059E-01,1.808427E-01,0.000000E+00,0.000000E+00,0.000000E+00,0.000000E+00,0.000000E+00,0.000000E+00,0.000000E+00,0.000000E+00,2.110805E+01,7.994772E+01,2.388806E+01,5.638338E+01
18:42:00,8.012670E+03,2.044230E+03,5.579059E-01,1.805369E-01,0.000000E+00,0.000000E+00,0.000000E+00,0.000000E+00,0.000000E+00,0.000000E+00,0.000000E+00,0.000000E+00,2.110805E+01,7.994772E+01,2.388806E+01,5.640165E+01
18:43:00,8.012670E+03,2.040732E+03,5.579059E-01,1.802279E-01,0.000000E+00,0.000000E+00,0.000000E+00,0.000000E+00,0.000000E+00,0.000000E+00,0.000000E+00,0.000000E+00,2.110805E+01,7.994772E+01,2.388806E+01,5.642008E+01
18:44:00,8.012670E+03,2.037198E+03,5.579059E-01,1.799158E-01,0.000000E+00,0.000000E+00,0.000000E+00,0.000000E+00,0.000000E+00,0.000000E+00,0.000000E+00,0.000000E+00,2.110805E+01,7.994772E+01,2.388806E+01,5.643866E+01
18:45:00,8.012670E+03,2.033629E+03,5.579059E-01,1.796006E-01,0.000000E+00,0.000000E+00,0.000000E+00,0.000000E+00,0.000000E+00,0.000000E+00,0.000000E+00,0.000000E+00,2.110805E+01,7.994772E+01,2.388806E+01,5.645739E+01
18:46:00,8.012670E+03,2.030025E+03,5.579059E-01,1.792822E-01,0.000000E+00,0.000000E+00,0.000000E+00,0.000000E+00,0.000000E+00,0.000000E+00,0.000000E+00,0.000000E+00,2.110805E+01,7.994772E+01,2.388806E+01,5.647625E+01
18:47:00,8.012670E+03,2.026382E+03,5.579059E-01,1.789605E-01,0.000000E+00,0.000000E+00,0.000000E+00,0.000000E+00,0.000000E+00,0.000000E+00,0.000000E+00,0.000000E+00,2.110805E+01,7.994772E+01,2.388806E+01,5.649527E+01
18:48:00,8.012670E+03,2.022700E+03,5.579059E-01,1.786353E-01,0.000000E+00,0.000000E+00,0.000000E+00,0.000000E+00,0.000000E+00,0.000000E+00,0.000000E+00,0.000000E+00,2.110805E+01,7.994772E+01,2.388807E+01,5.651446E+01
18:49:00,8.012670E+03,2.018979E+03,5.579059E-01,1.783067E-01,0.000000E+00,0.000000E+00,0.000000E+00,0.000000E+00,0.000000E+00,0.000000E+00,0.000000E+00,0.000000E+00,2.110805E+01,7.994772E+01,2.388807E+01,5.653383E+01
18:50:00,8.012670E+03,2.015218E+03,5.579059E-01,1.779746E-01,0.000000E+00,0.000000E+00,0.000000E+00,0.000000E+00,0.000000E+00,0.000000E+00,0.000000E+00,0.000000E+00,2.110805E+01,7.994772E+01,2.388807E+01,5.655339E+01
18:51:00,8.012670E+03,2.011418E+03,5.579059E-01,1.776389E-01,0.000000E+00,0.000000E+00,0.000000E+00,0.000000E+00,0.000000E+00,0.000000E+00,0.000000E+00,0.000000E+00,2.110805E+01,7.994772E+01,2.388807E+01,5.657314E+01
18:52:00,8.012670E+03,2.007578E+03,5.579059E-01,1.772998E-01,0.000000E+00,0.000000E+00,0.000000E+00,0.000000E+00,0.000000E+00,0.000000E+00,0.000000E+00,0.000000E+00,2.110805E+01,7.994772E+01,2.388807E+01,5.659308E+01
18:53:00,8.012670E+03,2.003698E+03,5.579059E-01,1.769571E-01,0.000000E+00,0.000000E+00,0.000000E+00,0.000000E+00,0.000000E+00,0.000000E+00,0.000000E+00,0.000000E+00,2.110805E+01,7.994772E+01,2.388807E+01,5.661320E+01
18:54:00,8.012670E+03,1.999779E+03,5.579059E-01,1.766110E-01,0.000000E+00,0.000000E+00,0.000000E+00,0.000000E+00,0.000000E+00,0.000000E+00,0.000000E+00,0.000000E+00,2.110805E+01,7.994772E+01,2.388807E+01,5.663352E+01
18:55:00,8.012670E+03,1.995820E+03,5.579059E-01,1.762613E-01,0.000000E+00,0.000000E+00,0.000000E+00,0.000000E+00,0.000000E+00,0.000000E+00,0.000000E+00,0.000000E+00,2.110805E+01,7.994772E+01,2.388807E+01,5.665402E+01
18:56:00,8.012670E+03,1.991821E+03,5.579059E-01,1.759082E-01,0.000000E+00,0.000000E+00,0.000000E+00,0.000000E+00,0.000000E+00,0.000000E+00,0.000000E+00,0.000000E+00,2.110805E+01,7.994772E+01,2.388807E+01,5.667470E+01
18:57:00,8.012670E+03,1.987783E+03,5.579059E-01,1.755515E-01,0.000000E+00,0.000000E+00,0.000000E+00,0.000000E+00,0.000000E+00,0.000000E+00,0.000000E+00,0.000000E+00,2.110805E+01,7.994772E+01,2.388808E+01,5.669557E+01
18:58:00,8.012670E+03,1.983705E+03,5.579059E-01,1.751914E-01,0.000000E+00,0.000000E+00,0.000000E+00,0.000000E+00,0.000000E+00,0.000000E+00,0.000000E+00,0.000000E+00,2.110805E+01,7.994772E+01,2.388808E+01,5.671662E+01
18:59:00,8.012670E+03,1.979565E+03,5.579059E-01,1.748257E-01,0.000000E+00,0.000000E+00,0.000000E+00,0.000000E+00,0.000000E+00,0.000000E+00,0.000000E+00,0.000000E+00,2.110805E+01,7.994772E+01,2.388808E+01,5.673786E+01
19:00:00,8.012670E+03,1.975384E+03,5.579059E-01,1.744565E-01,0.000000E+00,0.000000E+00,0.000000E+00,0.000000E+00,0.000000E+00,0.000000E+00,0.000000E+00,0.000000E+00,2.110805E+01,7.994772E+01,2.388808E+01,5.675943E+01
19:01:00,8.012670E+03,1.971189E+03,5.579059E-01,1.740860E-01,0.000000E+00,0.000000E+00,0.000000E+00,0.000000E+00,0.000000E+00,0.000000E+00,0.000000E+00,0.000000E+00,2.110805E+01,7.994772E+01,2.388808E+01,5.678128E+01
19:02:00,8.012670E+03,1.966980E+03,5.579059E-01,1.737143E-01,0.000000E+00,0.000000E+00,0.000000E+00,0.000000E+00,0.000000E+00,0.000000E+00,0.000000E+00,0.000000E+00,2.110805E+01,7.994772E+01,2.388808E+01,5.680325E+01
19:03:00,8.012670E+03,1.962758E+03,5.579059E-01,1.733414E-01,0.000000E+00,0.000000E+00,0.000000E+00,0.000000E+00,0.000000E+00,0.000000E+00,0.000000E+00,0.000000E+00,2.110805E+01,7.994772E+01,2.388808E+01,5.682526E+01
19:04:00,8.012670E+03,1.958523E+03,5.579059E-01,1.729674E-01,0.000000E+00,0.000000E+00,0.000000E+00,0.000000E+00,0.000000E+00,0.000000E+00,0.000000E+00,0.000000E+00,2.110805E+01,7.994772E+01,2.388808E+01,5.684728E+01
19:05:00,8.012670E+03,1.954276E+03,5.579059E-01,1.725922E-01,0.000000E+00,0.000000E+00,0.000000E+00,0.000000E+00,0.000000E+00,0.000000E+00,0.000000E+00,0.000000E+00,2.110805E+01,7.994772E+01,2.388808E+01,5.686930E+01
19:06:00,8.012670E+03,1.950016E+03,5.579059E-01,1.722160E-01,0.000000E+00,0.000000E+00,0.000000E+00,0.000000E+00,0.000000E+00,0.000000E+00,0.000000E+00,0.000000E+00,2.110805E+01,7.994772E+01,2.388808E+01,5.689134E+01
19:07:00,8.012670E+03,1.945745E+03,5.579059E-01,1.718387E-01,0.000000E+00,0.000000E+00,0.000000E+00,0.000000E+00,0.000000E+00,0.000000E+00,0.000000E+00,0.000000E+00,2.110805E+01,7.994772E+01,2.388808E+01,5.691339E+01
19:08:00,8.012670E+03,1.941462E+03,5.579059E-01,1.714605E-01,0.000000E+00,0.000000E+00,0.000000E+00,0.000000E+00,0.000000E+00,0.000000E+00,0.000000E+00,0.000000E+00,2.110805E+01,7.994772E+01,2.388808E+01,5.693545E+01
19:09:00,8.012670E+03,1.937156E+03,5.579059E-01,1.710802E-01,0.000000E+00,0.000000E+00,0.000000E+00,0.000000E+00,0.000000E+00,0.000000E+00,0.000000E+00,0.000000E+00,2.110805E+01,7.994772E+01,2.388809E+01,5.695753E+01
19:10:00,8.012670E+03,1.932839E+03,5.579059E-01,1.706990E-01,0.000000E+00,0.000000E+00,0.000000E+00,0.000000E+00,0.000000E+00,0.000000E+00,0.000000E+00,0.000000E+00,2.110805E+01,7.994772E+01,2.388809E+01,5.697971E+01
19:11:00,8.012670E+03,1.928513E+03,5.579059E-01,1.703169E-01,0.000000E+00,0.000000E+00,0.000000E+00,0.000000E+00,0.000000E+00,0.000000E+00,0.000000E+00,0.000000E+00,2.110805E+01,7.994772E+01,2.388809E+01,5.700196E+01
19:12:00,8.012670E+03,1.924179E+03,5.579059E-01,1.699341E-01,0.000000E+00,0.000000E+00,0.000000E+00,0.000000E+00,0.000000E+00,0.000000E+00,0.000000E+00,0.000000E+00,2.110805E+01,7.994772E+01,2.388809E+01,5.702425E+01
19:13:00,8.012670E+03,1.919837E+03,5.579059E-01,1.695506E-01,0.000000E+00,0.000000E+00,0.000000E+00,0.000000E+00,0.000000E+00,0.000000E+00,0.000000E+00,0.000000E+00,2.110805E+01,7.994772E+01,2.388809E+01,5.704654E+01
19:14:00,8.012670E+03,1.915488E+03,5.579059E-01,1.691665E-01,0.000000E+00,0.000000E+00,0.000000E+00,0.000000E+00,0.000000E+00,0.000000E+00,0.000000E+00,0.000000E+00,2.110805E+01,7.994772E+01,2.388809E+01,5.706882E+01
19:15:00,8.012670E+03,1.911133E+03,5.579059E-01,1.687819E-01,0.000000E+00,0.000000E+00,0.000000E+00,0.000000E+00,0.000000E+00,0.000000E+00,0.000000E+00,0.000000E+00,2.110805E+01,7.994772E+01,2.388809E+01,5.709109E+01
19:16:00,8.012670E+03,1.906711E+03,5.579059E-01,1.683914E-01,0.000000E+00,0.000000E+00,0.000000E+00,0.000000E+00,0.000000E+00,0.000000E+00,0.000000E+00,0.000000E+00,2.110805E+01,7.994772E+01,2.388809E+01,5.711336E+01
19:17:00,8.012670E+03,1.902287E+03,5.579059E-01,1.680006E-01,0.000000E+00,0.000000E+00,0.000000E+00,0.000000E+00,0.000000E+00,0.000000E+00,0.000000E+00,0.000000E+00,2.110805E+01,7.994772E+01,2.388809E+01,5.713604E+01
19:18:00,8.012670E+03,1.897862E+03,5.579059E-01,1.676098E-01,0.000000E+00,0.000000E+00,0.000000E+00,0.000000E+00,0.000000E+00,0.000000E+00,0.000000E+00,0.000000E+00,2.110805E+01,7.994772E+01,2.388809E+01,5.715897E+01
19:19:00,8.012670E+03,1.893437E+03,5.579059E-01,1.672191E-01,0.000000E+00,0.000000E+00,0.000000E+00,0.000000E+00,0.000000E+00,0.000000E+00,0.000000E+00,0.000000E+00,2.110805E+01,7.994772E+01,2.388809E+01,5.718192E+01
19:20:00,8.012670E+03,1.889015E+03,5.579059E-01,1.668285E-01,0.000000E+00,0.000000E+00,0.000000E+00,0.000000E+00,0.000000E+00,0.000000E+00,0.000000E+00,0.000000E+00,2.110805E+01,7.994772E+01,2.388809E+01,5.720479E+01
19:21:00,8.012670E+03,1.884594E+03,5.579059E-01,1.664380E-01,0.000000E+00,0.000000E+00,0.000000E+00,0.000000E+00,0.000000E+00,0.000000E+00,0.000000E+00,0.000000E+00,2.110805E+01,7.994772E+01,2.388810E+01,5.722756E+01
19:22:00,8.012670E+03,1.880176E+03,5.579059E-01,1.660478E-01,0.000000E+00,0.000000E+00,0.000000E+00,0.000000E+00,0.000000E+00,0.000000E+00,0.000000E+00,0.000000E+00,2.110805E+01,7.994772E+01,2.388810E+01,5.725023E+01
19:23:00,8.012670E+03,1.875761E+03,5.579059E-01,1.656579E-01,0.000000E+00,0.000000E+00,0.000000E+00,0.000000E+00,0.000000E+00,0.000000E+00,0.000000E+00,0.000000E+00,2.110805E+01,7.994772E+01,2.388810E+01,5.727280E+01
19:24:00,8.012670E+03,1.871350E+03,5.579059E-01,1.652684E-01,0.000000E+00,0.000000E+00,0.000000E+00,0.000000E+00,0.000000E+00,0.000000E+00,0.000000E+00,0.000000E+00,2.110805E+01,7.994772E+01,2.388810E+01,5.729529E+01
19:25:00,8.012670E+03,1.866944E+03,5.579059E-01,1.648792E-01,0.000000E+00,0.000000E+00,0.000000E+00,0.000000E+00,0.000000E+00,0.000000E+00,0.000000E+00,0.000000E+00,2.110805E+01,7.994772E+01,2.388810E+01,5.731770E+01
19:26:00,8.012670E+03,1.862542E+03,5.579059E-01,1.644904E-01,0.000000E+00,0.000000E+00,0.000000E+00,0.000000E+00,0.000000E+00,0.000000E+00,0.000000E+00,0.000000E+00,2.110805E+01,7.994772E+01,2.388810E+01,5.734002E+01
19:27:00,8.012670E+03,1.858145E+03,5.579059E-01,1.641021E-01,0.000000E+00,0.000000E+00,0.000000E+00,0.000000E+00,0.000000E+00,0.000000E+00,0.000000E+00,0.000000E+00,2.110805E+01,7.994772E+01,2.388810E+01,5.736228E+01
19:28:00,8.012670E+03,1.853754E+03,5.579059E-01,1.637143E-01,0.000000E+00,0.000000E+00,0.000000E+00,0.000000E+00,0.000000E+00,0.000000E+00,0.000000E+00,0.000000E+00,2.110805E+01,7.994772E+01,2.388810E+01,5.738447E+01
19:29:00,8.012670E+03,1.849369E+03,5.579059E-01,1.633270E-01,0.000000E+00,0.000000E+00,0.000000E+00,0.000000E+00,0.000000E+00,0.000000E+00,0.000000E+00,0.000000E+00,2.110805E+01,7.994772E+01,2.388810E+01,5.740660E+01
19:30:00,8.012670E+03,1.844990E+03,5.579059E-01,1.629403E-01,0.000000E+00,0.000000E+00,0.000000E+00,0.000000E+00,0.000000E+00,0.000000E+00,0.000000E+00,0.000000E+00,2.110805E+01,7.994772E+01,2.388810E+01,5.742867E+01
19:31:00,8.012670E+03,1.840618E+03,5.579059E-01,1.625542E-01,0.000000E+00,0.000000E+00,0.000000E+00,0.000000E+00,0.000000E+00,0.000000E+00,0.000000E+00,0.000000E+00,2.110805E+01,7.994772E+01,2.388810E+01,5.745068E+01
19:32:00,8.012670E+03,1.836253E+03,5.579059E-01,1.621687E-01,0.000000E+00,0.000000E+00,0.000000E+00,0.000000E+00,0.000000E+00,0.000000E+00,0.000000E+00,0.000000E+00,2.110805E+01,7.994772E+01,2.388810E+01,5.747265E+01
19:33:00,8.012670E+03,1.831896E+03,5.579059E-01,1.617839E-01,0.000000E+00,0.000000E+00,0.000000E+00,0.000000E+00,0.000000E+00,0.000000E+00,0.000000E+00,0.000000E+00,2.110805E+01,7.994772E+01,2.388810E+01,5.749457E+01
19:34:00,8.012670E+03,1.827547E+03,5.579059E-01,1.613998E-01,0.000000E+00,0.000000E+00,0.000000E+00,0.000000E+00,0.000000E+00,0.000000E+00,0.000000E+00,0.000000E+00,2.110805E+01,7.994772E+01,2.388810E+01,5.751645E+01
19:35:00,8.012670E+03,1.823207E+03,5.579059E-01,1.610164E-01,0.000000E+00,0.000000E+00,0.000000E+00,0.000000E+00,0.000000E+00,0.000000E+00,0.000000E+00,0.000000E+00,2.110805E+01,7.994772E+01,2.388810E+01,5.753829E+01
19:36:00,8.012670E+03,1.818875E+03,5.579059E-01,1.606338E-01,0.000000E+00,0.000000E+00,0.000000E+00,0.000000E+00,0.000000E+00,0.000000E+00,0.000000E+00,0.000000E+00,2.110805E+01,7.994772E+01,2.388810E+01,5.756010E+01
19:37:00,8.012670E+03,1.814552E+03,5.579059E-01,1.602521E-01,0.000000E+00,0.000000E+00,0.000000E+00,0.000000E+00,0.000000E+00,0.000000E+00,0.000000E+00,0.000000E+00,2.110805E+01,7.994772E+01,2.388810E+01,5.758187E+01
19:38:00,8.012670E+03,1.810239E+03,5.579059E-01,1.598711E-01,0.000000E+00,0.000000E+00,0.000000E+00,0.000000E+00,0.000000E+00,0.000000E+00,0.000000E+00,0.000000E+00,2.110805E+01,7.994772E+01,2.388811E+01,5.760363E+01
19:39:00,8.012670E+03,1.805978E+03,5.579059E-01,1.594948E-01,0.000000E+00,0.000000E+00,0.000000E+00,0.000000E+00,0.000000E+00,0.000000E+00,0.000000E+00,0.000000E+00,2.110805E+01,7.994772E+01,2.388811E+01,5.762535E+01
19:40:00,8.012670E+03,1.801731E+03,5.579059E-01,1.591197E-01,0.000000E+00,0.000000E+00,0.000000E+00,0.000000E+00,0.000000E+00,0.000000E+00,0.000000E+00,0.000000E+00,2.110805E+01,7.994772E+01,2.388811E+01,5.764706E+01
19:41:00,8.012670E+03,1.797496E+03,5.579059E-01,1.587457E-01,0.000000E+00,0.000000E+00,0.000000E+00,0.000000E+00,0.000000E+00,0.000000E+00,0.000000E+00,0.000000E+00,2.110805E+01,7.994772E+01,2.388811E+01,5.766876E+01
19:42:00,8.012670E+03,1.793273E+03,5.579059E-01,1.583728E-01,0.000000E+00,0.000000E+00,0.000000E+00,0.000000E+00,0.000000E+00,0.000000E+00,0.000000E+00,0.000000E+00,2.110805E+01,7.994772E+01,2.388811E+01,5.769043E+01
19:43:00,8.012670E+03,1.789062E+03,5.579059E-01,1.580009E-01,0.000000E+00,0.000000E+00,0.000000E+00,0.000000E+00,0.000000E+00,0.000000E+00,0.000000E+00,0.000000E+00,2.110805E+01,7.994772E+01,2.388811E+01,5.771210E+01
19:44:00,8.012670E+03,1.784864E+03,5.579059E-01,1.576301E-01,0.000000E+00,0.000000E+00,0.000000E+00,0.000000E+00,0.000000E+00,0.000000E+00,0.000000E+00,0.000000E+00,2.110805E+01,7.994772E+01,2.388811E+01,5.773376E+01
19:45:00,8.012670E+03,1.780678E+03,5.579059E-01,1.572604E-01,0.000000E+00,0.000000E+00,0.000000E+00,0.000000E+00,0.000000E+00,0.000000E+00,0.000000E+00,0.000000E+00,2.110805E+01,7.994772E+01,2.388811E+01,5.775542E+01
19:46:00,8.012670E+03,1.776506E+03,5.579059E-01,1.568919E-01,0.000000E+00,0.000000E+00,0.000000E+00,0.000000E+00,0.000000E+00,0.000000E+00,0.000000E+00,0.000000E+00,2.110805E+01,7.994772E+01,2.388811E+01,5.777707E+01
19:47:00,8.012670E+03,1.772349E+03,5.579059E-01,1.565248E-01,0.000000E+00,0.000000E+00,0.000000E+00,0.000000E+00,0.000000E+00,0.000000E+00,0.000000E+00,0.000000E+00,2.110805E+01,7.994772E+01,2.388811E+01,5.779872E+01
19:48:00,8.012670E+03,1.768209E+03,5.579059E-01,1.561592E-01,0.000000E+00,0.000000E+00,0.000000E+00,0.000000E+00,0.000000E+00,0.000000E+00,0.000000E+00,0.000000E+00,2.110805E+01,7.994772E+01,2.388811E+01,5.782038E+01
19:49:00,8.012670E+03,1.764087E+03,5.579059E-01,1.557951E-01,0.000000E+00,0.000000E+00,0.000000E+00,0.000000E+00,0.000000E+00,0.000000E+00,0.000000E+00,0.000000E+00,2.110805E+01,7.994772E+01,2.388811E+01,5.784204E+01
19:50:00,8.012670E+03,1.759982E+03,5.579059E-01,1.554326E-01,0.000000E+00,0.000000E+00,0.000000E+00,0.000000E+00,0.000000E+00,0.000000E+00,0.000000E+00,0.000000E+00,2.110805E+01,7.994772E+01,2.388811E+01,5.786371E+01
19:51:00,8.012670E+03,1.755895E+03,5.579059E-01,1.550716E-01,0.000000E+00,0.000000E+00,0.000000E+00,0.000000E+00,0.000000E+00,0.000000E+00,0.000000E+00,0.000000E+00,2.110805E+01,7.994772E+01,2.388811E+01,5.788538E+01
19:52:00,8.012670E+03,1.751826E+03,5.579059E-01,1.547123E-01,0.000000E+00,0.000000E+00,0.000000E+00,0.000000E+00,0.000000E+00,0.000000E+00,0.000000E+00,0.000000E+00,2.110805E+01,7.994772E+01,2.388811E+01,5.790707E+01
19:53:00,8.012670E+03,1.747777E+03,5.579059E-01,1.543547E-01,0.000000E+00,0.000000E+00,0.000000E+00,0.000000E+00,0.000000E+00,0.000000E+00,0.000000E+00,0.000000E+00,2.110805E+01,7.994772E+01,2.388812E+01,5.792877E+01
19:54:00,8.012670E+03,1.743746E+03,5.579059E-01,1.539987E-01,0.000000E+00,0.000000E+00,0.000000E+00,0.000000E+00,0.000000E+00,0.000000E+00,0.000000E+00,0.000000E+00,2.110805E+01,7.994772E+01,2.388812E+01,5.795049E+01
19:55:00,8.012670E+03,1.739735E+03,5.579059E-01,1.536444E-01,0.000000E+00,0.000000E+00,0.000000E+00,0.000000E+00,0.000000E+00,0.000000E+00,0.000000E+00,0.000000E+00,2.110805E+01,7.994772E+01,2.388812E+01,5.797222E+01
19:56:00,8.012670E+03,1.735744E+03,5.579059E-01,1.532919E-01,0.000000E+00,0.000000E+00,0.000000E+00,0.000000E+00,0.000000E+00,0.000000E+00,0.000000E+00,0.000000E+00,2.110805E+01,7.994772E+01,2.388812E+01,5.799397E+01
19:57:00,8.012670E+03,1.731772E+03,5.579059E-01,1.529412E-01,0.000000E+00,0.000000E+00,0.000000E+00,0.000000E+00,0.000000E+00,0.000000E+00,0.000000E+00,0.000000E+00,2.110805E+01,7.994772E+01,2.388812E+01,5.801573E+01
19:58:00,8.012670E+03,1.727821E+03,5.579059E-01,1.525922E-01,0.000000E+00,0.000000E+00,0.000000E+00,0.000000E+00,0.000000E+00,0.000000E+00,0.000000E+00,0.000000E+00,2.110805E+01,7.994772E+01,2.388812E+01,5.803752E+01
19:59:00,8.012670E+03,1.723913E+03,5.579059E-01,1.522470E-01,0.000000E+00,0.000000E+00,0.000000E+00,0.000000E+00,0.000000E+00,0.000000E+00,0.000000E+00,0.000000E+00,2.110805E+01,7.994772E+01,2.388812E+01,5.805933E+01
20:00:00,8.012670E+03,1.720026E+03,5.579059E-01,1.519038E-01,0.000000E+00,0.000000E+00,0.000000E+00,0.000000E+00,0.000000E+00,0.000000E+00,0.000000E+00,0.000000E+00,2.110805E+01,7.994772E+01,2.388812E+01,5.808117E+01
20:01:00,8.012670E+03,1.716155E+03,5.579059E-01,1.515619E-01,0.000000E+00,0.000000E+00,0.000000E+00,0.000000E+00,0.000000E+00,0.000000E+00,0.000000E+00,0.000000E+00,2.110805E+01,7.994772E+01,2.388812E+01,5.810303E+01
20:02:00,8.012670E+03,1.712299E+03,5.579059E-01,1.512213E-01,0.000000E+00,0.000000E+00,0.000000E+00,0.000000E+00,0.000000E+00,0.000000E+00,0.000000E+00,0.000000E+00,2.110805E+01,7.994772E+01,2.388812E+01,5.812487E+01
20:03:00,8.012670E+03,1.708457E+03,5.579059E-01,1.508821E-01,0.000000E+00,0.000000E+00,0.000000E+00,0.000000E+00,0.000000E+00,0.000000E+00,0.000000E+00,0.000000E+00,2.110805E+01,7.994772E+01,2.388812E+01,5.814667E+01
20:04:00,8.012670E+03,1.704631E+03,5.579059E-01,1.505441E-01,0.000000E+00,0.000000E+00,0.000000E+00,0.000000E+00,0.000000E+00,0.000000E+00,0.000000E+00,0.000000E+00,2.110805E+01,7.994772E+01,2.388812E+01,5.816842E+01
20:05:00,8.012670E+03,1.700819E+03,5.579059E-01,1.502074E-01,0.000000E+00,0.000000E+00,0.000000E+00,0.000000E+00,0.000000E+00,0.000000E+00,0.000000E+00,0.000000E+00,2.110805E+01,7.994772E+01,2.388812E+01,5.819012E+01
20:06:00,8.012670E+03,1.697021E+03,5.579059E-01,1.498720E-01,0.000000E+00,0.000000E+00,0.000000E+00,0.000000E+00,0.000000E+00,0.000000E+00,0.000000E+00,0.000000E+00,2.110805E+01,7.994772E+01,2.388812E+01,5.821179E+01
20:07:00,8.012670E+03,1.693238E+03,5.579059E-01,1.495379E-01,0.000000E+00,0.000000E+00,0.000000E+00,0.000000E+00,0.000000E+00,0.000000E+00,0.000000E+00,0.000000E+00,2.110805E+01,7.994772E+01,2.388812E+01,5.823341E+01
20:08:00,8.012670E+03,1.689469E+03,5.579059E-01,1.492051E-01,0.000000E+00,0.000000E+00,0.000000E+00,0.000000E+00,0.000000E+00,0.000000E+00,0.000000E+00,0.000000E+00,2.110805E+01,7.994772E+01,2.388813E+01,5.825500E+01
20:09:00,8.012670E+03,1.685727E+03,5.579059E-01,1.488746E-01,0.000000E+00,0.000000E+00,0.000000E+00,0.000000E+00,0.000000E+00,0.000000E+00,0.000000E+00,0.000000E+00,2.110805E+01,7.994772E+01,2.388813E+01,5.827656E+01
20:10:00,8.012670E+03,1.682000E+03,5.579059E-01,1.485454E-01,0.000000E+00,0.000000E+00,0.000000E+00,0.000000E+00,0.000000E+00,0.000000E+00,0.000000E+00,0.000000E+00,2.110805E+01,7.994772E+01,2.388813E+01,5.829810E+01
20:11:00,8.012670E+03,1.678286E+03,5.579059E-01,1.482174E-01,0.000000E+00,0.000000E+00,0.000000E+00,0.000000E+00,0.000000E+00,0.000000E+00,0.000000E+00,0.000000E+00,2.110805E+01,7.994772E+01,2.388813E+01,5.831961E+01
20:12:00,8.012670E+03,1.674585E+03,5.579059E-01,1.478905E-01,0.000000E+00,0.000000E+00,0.000000E+00,0.000000E+00,0.000000E+00,0.000000E+00,0.000000E+00,0.000000E+00,2.110805E+01,7.994772E+01,2.388813E+01,5.834110E+01
20:13:00,8.012670E+03,1.670896E+03,5.579059E-01,1.475648E-01,0.000000E+00,0.000000E+00,0.000000E+00,0.000000E+00,0.000000E+00,0.000000E+00,0.000000E+00,0.000000E+00,2.110805E+01,7.994772E+01,2.388813E+01,5.836256E+01
20:14:00,8.012670E+03,1.667220E+03,5.579059E-01,1.472401E-01,0.000000E+00,0.000000E+00,0.000000E+00,0.000000E+00,0.000000E+00,0.000000E+00,0.000000E+00,0.000000E+00,2.110805E+01,7.994772E+01,2.388813E+01,5.838401E+01
20:15:00,8.012670E+03,1.663555E+03,5.579059E-01,1.469164E-01,0.000000E+00,0.000000E+00,0.000000E+00,0.000000E+00,0.000000E+00,0.000000E+00,0.000000E+00,0.000000E+00,2.110805E+01,7.994772E+01,2.388813E+01,5.840545E+01
20:16:00,8.012670E+03,1.659963E+03,5.579059E-01,1.465992E-01,0.000000E+00,0.000000E+00,0.000000E+00,0.000000E+00,0.000000E+00,0.000000E+00,0.000000E+00,0.000000E+00,2.110805E+01,7.994772E+01,2.388813E+01,5.842687E+01
20:17:00,8.012670E+03,1.656381E+03,5.579059E-01,1.462828E-01,0.000000E+00,0.000000E+00,0.000000E+00,0.000000E+00,0.000000E+00,0.000000E+00,0.000000E+00,0.000000E+00,2.110805E+01,7.994772E+01,2.388813E+01,5.844828E+01
20:18:00,8.012670E+03,1.652805E+03,5.579059E-01,1.459670E-01,0.000000E+00,0.000000E+00,0.000000E+00,0.000000E+00,0.000000E+00,0.000000E+00,0.000000E+00,0.000000E+00,2.110805E+01,7.994772E+01,2.388813E+01,5.846969E+01
20:19:00,8.012670E+03,1.649237E+03,5.579059E-01,1.456519E-01,0.000000E+00,0.000000E+00,0.000000E+00,0.000000E+00,0.000000E+00,0.000000E+00,0.000000E+00,0.000000E+00,2.110805E+01,7.994772E+01,2.388813E+01,5.849108E+01
20:20:00,8.012670E+03,1.645674E+03,5.579059E-01,1.453372E-01,0.000000E+00,0.000000E+00,0.000000E+00,0.000000E+00,0.000000E+00,0.000000E+00,0.000000E+00,0.000000E+00,2.110805E+01,7.994772E+01,2.388813E+01,5.851247E+01
20:21:00,8.012670E+03,1.642118E+03,5.579059E-01,1.450231E-01,0.000000E+00,0.000000E+00,0.000000E+00,0.000000E+00,0.000000E+00,0.000000E+00,0.000000E+00,0.000000E+00,2.110805E+01,7.994772E+01,2.388813E+01,5.853387E+01
20:22:00,8.012670E+03,1.638567E+03,5.579059E-01,1.447096E-01,0.000000E+00,0.000000E+00,0.000000E+00,0.000000E+00,0.000000E+00,0.000000E+00,0.000000E+00,0.000000E+00,2.110805E+01,7.994772E+01,2.388813E+01,5.855525E+01
20:23:00,8.012670E+03,1.635022E+03,5.579059E-01,1.443965E-01,0.000000E+00,0.000000E+00,0.000000E+00,0.000000E+00,0.000000E+00,0.000000E+00,0.000000E+00,0.000000E+00,2.110805E+01,7.994772E+01,2.388814E+01,5.857664E+01
20:24:00,8.012670E+03,1.631483E+03,5.579059E-01,1.440839E-01,0.000000E+00,0.000000E+00,0.000000E+00,0.000000E+00,0.000000E+00,0.000000E+00,0.000000E+00,0.000000E+00,2.110805E+01,7.994772E+01,2.388814E+01,5.859803E+01
20:25:00,8.012670E+03,1.627949E+03,5.579059E-01,1.437718E-01,0.000000E+00,0.000000E+00,0.000000E+00,0.000000E+00,0.000000E+00,0.000000E+00,0.000000E+00,0.000000E+00,2.110805E+01,7.994772E+01,2.388814E+01,5.861942E+01
20:26:00,8.012670E+03,1.624420E+03,5.579059E-01,1.434602E-01,0.000000E+00,0.000000E+00,0.000000E+00,0.000000E+00,0.000000E+00,0.000000E+00,0.000000E+00,0.000000E+00,2.110805E+01,7.994772E+01,2.388814E+01,5.864081E+01
20:27:00,8.012670E+03,1.620898E+03,5.579059E-01,1.431490E-01,0.000000E+00,0.000000E+00,0.000000E+00,0.000000E+00,0.000000E+00,0.000000E+00,0.000000E+00,0.000000E+00,2.110805E+01,7.994772E+01,2.388814E+01,5.866221E+01
20:28:00,8.012670E+03,1.617381E+03,5.579059E-01,1.428384E-01,0.000000E+00,0.000000E+00,0.000000E+00,0.000000E+00,0.000000E+00,0.000000E+00,0.000000E+00,0.000000E+00,2.110805E+01,7.994772E+01,2.388814E+01,5.868361E+01
20:29:00,8.012670E+03,1.613869E+03,5.579059E-01,1.425283E-01,0.000000E+00,0.000000E+00,0.000000E+00,0.000000E+00,0.000000E+00,0.000000E+00,0.000000E+00,0.000000E+00,2.110805E+01,7.994772E+01,2.388814E+01,5.870503E+01
20:30:00,8.012670E+03,1.610363E+03,5.579059E-01,1.422187E-01,0.000000E+00,0.000000E+00,0.000000E+00,0.000000E+00,0.000000E+00,0.000000E+00,0.000000E+00,0.000000E+00,2.110805E+01,7.994772E+01,2.388814E+01,5.872644E+01
20:31:00,8.012670E+03,1.606863E+03,5.579059E-01,1.419096E-01,0.000000E+00,0.000000E+00,0.000000E+00,0.000000E+00,0.000000E+00,0.000000E+00,0.000000E+00,0.000000E+00,2.110805E+01,7.994772E+01,2.388814E+01,5.874788E+01
20:32:00,8.012670E+03,1.603369E+03,5.579059E-01,1.416010E-01,0.000000E+00,0.000000E+00,0.000000E+00,0.000000E+00,0.000000E+00,0.000000E+00,0.000000E+00,0.000000E+00,2.110805E+01,7.994772E+01,2.388814E+01,5.876931E+01
20:33:00,8.012670E+03,1.599881E+03,5.579059E-01,1.412929E-01,0.000000E+00,0.000000E+00,0.000000E+00,0.000000E+00,0.000000E+00,0.000000E+00,0.000000E+00,0.000000E+00,2.110805E+01,7.994772E+01,2.388814E+01,5.879076E+01
20:34:00,8.012670E+03,1.596399E+03,5.579059E-01,1.409854E-01,0.000000E+00,0.000000E+00,0.000000E+00,0.000000E+00,0.000000E+00,0.000000E+00,0.000000E+00,0.000000E+00,2.110805E+01,7.994772E+01,2.388814E+01,5.881222E+01
20:35:00,8.012670E+03,1.592923E+03,5.579059E-01,1.406784E-01,0.000000E+00,0.000000E+00,0.000000E+00,0.000000E+00,0.000000E+00,0.000000E+00,0.000000E+00,0.000000E+00,2.110805E+01,7.994772E+01,2.388814E+01,5.883369E+01
20:36:00,8.012670E+03,1.589453E+03,5.579059E-01,1.403720E-01,0.000000E+00,0.000000E+00,0.000000E+00,0.000000E+00,0.000000E+00,0.000000E+00,0.000000E+00,0.000000E+00,2.110805E+01,7.994772E+01,2.388814E+01,5.885517E+01
20:37:00,8.012670E+03,1.585990E+03,5.579059E-01,1.400661E-01,0.000000E+00,0.000000E+00,0.000000E+00,0.000000E+00,0.000000E+00,0.000000E+00,0.000000E+00,0.000000E+00,2.110805E+01,7.994772E+01,2.388814E+01,5.887667E+01
20:38:00,8.012670E+03,1.582533E+03,5.579059E-01,1.397608E-01,0.000000E+00,0.000000E+00,0.000000E+00,0.000000E+00,0.000000E+00,0.000000E+00,0.000000E+00,0.000000E+00,2.110805E+01,7.994772E+01,2.388814E+01,5.889818E+01
20:39:00,8.012670E+03,1.579083E+03,5.579059E-01,1.394561E-01,0.000000E+00,0.000000E+00,0.000000E+00,0.000000E+00,0.000000E+00,0.000000E+00,0.000000E+00,0.000000E+00,2.110805E+01,7.994772E+01,2.388815E+01,5.891970E+01
20:40:00,8.012670E+03,1.575639E+03,5.579059E-01,1.391519E-01,0.000000E+00,0.000000E+00,0.000000E+00,0.000000E+00,0.000000E+00,0.000000E+00,0.000000E+00,0.000000E+00,2.110805E+01,7.994772E+01,2.388815E+01,5.894123E+01
20:41:00,8.012670E+03,1.572202E+03,5.579059E-01,1.388484E-01,0.000000E+00,0.000000E+00,0.000000E+00,0.000000E+00,0.000000E+00,0.000000E+00,0.000000E+00,0.000000E+00,2.110805E+01,7.994772E+01,2.388815E+01,5.896277E+01
20:42:00,8.012670E+03,1.568772E+03,5.579059E-01,1.385454E-01,0.000000E+00,0.000000E+00,0.000000E+00,0.000000E+00,0.000000E+00,0.000000E+00,0.000000E+00,0.000000E+00,2.110805E+01,7.994772E+01,2.388815E+01,5.898432E+01
20:43:00,8.012670E+03,1.565348E+03,5.579059E-01,1.382431E-01,0.000000E+00,0.000000E+00,0.000000E+00,0.000000E+00,0.000000E+00,0.000000E+00,0.000000E+00,0.000000E+00,2.110805E+01,7.994772E+01,2.388815E+01,5.900590E+01
20:44:00,8.012670E+03,1.561931E+03,5.579059E-01,1.379413E-01,0.000000E+00,0.000000E+00,0.000000E+00,0.000000E+00,0.000000E+00,0.000000E+00,0.000000E+00,0.000000E+00,2.110805E+01,7.994772E+01,2.388815E+01,5.902749E+01
20:45:00,8.012670E+03,1.558521E+03,5.579059E-01,1.376401E-01,0.000000E+00,0.000000E+00,0.000000E+00,0.000000E+00,0.000000E+00,0.000000E+00,0.000000E+00,0.000000E+00,2.110805E+01,7.994772E+01,2.388815E+01,5.904910E+01
20:46:00,8.012670E+03,1.555118E+03,5.579059E-01,1.373395E-01,0.000000E+00,0.000000E+00,0.000000E+00,0.000000E+00,0.000000E+00,0.000000E+00,0.000000E+00,0.000000E+00,2.110805E+01,7.994772E+01,2.388815E+01,5.907072E+01
20:47:00,8.012670E+03,1.551721E+03,5.579059E-01,1.370396E-01,0.000000E+00,0.000000E+00,0.000000E+00,0.000000E+00,0.000000E+00,0.000000E+00,0.000000E+00,0.000000E+00,2.110805E+01,7.994772E+01,2.388815E+01,5.909237E+01
20:48:00,8.012670E+03,1.548332E+03,5.579059E-01,1.367403E-01,0.000000E+00,0.000000E+00,0.000000E+00,0.000000E+00,0.000000E+00,0.000000E+00,0.000000E+00,0.000000E+00,2.110805E+01,7.994772E+01,2.388815E+01,5.911403E+01
20:49:00,8.012670E+03,1.544950E+03,5.579059E-01,1.364416E-01,0.000000E+00,0.000000E+00,0.000000E+00,0.000000E+00,0.000000E+00,0.000000E+00,0.000000E+00,0.000000E+00,2.110805E+01,7.994772E+01,2.388815E+01,5.913571E+01
20:50:00,8.012670E+03,1.541575E+03,5.579059E-01,1.361435E-01,0.000000E+00,0.000000E+00,0.000000E+00,0.000000E+00,0.000000E+00,0.000000E+00,0.000000E+00,0.000000E+00,2.110805E+01,7.994772E+01,2.388815E+01,5.915742E+01
20:51:00,8.012670E+03,1.538207E+03,5.579059E-01,1.358461E-01,0.000000E+00,0.000000E+00,0.000000E+00,0.000000E+00,0.000000E+00,0.000000E+00,0.000000E+00,0.000000E+00,2.110805E+01,7.994772E+01,2.388815E+01,5.917915E+01
20:52:00,8.012670E+03,1.534846E+03,5.579059E-01,1.355493E-01,0.000000E+00,0.000000E+00,0.000000E+00,0.000000E+00,0.000000E+00,0.000000E+00,0.000000E+00,0.000000E+00,2.110805E+01,7.994772E+01,2.388816E+01,5.920089E+01
20:53:00,8.012670E+03,1.531493E+03,5.579059E-01,1.352531E-01,0.000000E+00,0.000000E+00,0.000000E+00,0.000000E+00,0.000000E+00,0.000000E+00,0.000000E+00,0.000000E+00,2.110805E+01,7.994772E+01,2.388816E+01,5.922266E+01
20:54:00,8.012670E+03,1.528147E+03,5.579059E-01,1.349576E-01,0.000000E+00,0.000000E+00,0.000000E+00,0.000000E+00,0.000000E+00,0.000000E+00,0.000000E+00,0.000000E+00,2.110805E+01,7.994772E+01,2.388816E+01,5.924445E+01
20:55:00,8.012670E+03,1.524809E+03,5.579059E-01,1.346628E-01,0.000000E+00,0.000000E+00,0.000000E+00,0.000000E+00,0.000000E+00,0.000000E+00,0.000000E+00,0.000000E+00,2.110805E+01,7.994772E+01,2.388816E+01,5.926626E+01
20:56:00,8.012670E+03,1.521478E+03,5.579059E-01,1.343686E-01,0.000000E+00,0.000000E+00,0.000000E+00,0.000000E+00,0.000000E+00,0.000000E+00,0.000000E+00,0.000000E+00,2.110805E+01,7.994772E+01,2.388816E+01,5.928810E+01
20:57:00,8.012670E+03,1.518155E+03,5.579059E-01,1.340751E-01,0.000000E+00,0.000000E+00,0.000000E+00,0.000000E+00,0.000000E+00,0.000000E+00,0.000000E+00,0.000000E+00,2.110805E+01,7.994772E+01,2.388816E+01,5.930995E+01
20:58:00,8.012670E+03,1.514839E+03,5.579059E-01,1.337822E-01,0.000000E+00,0.000000E+00,0.000000E+00,0.000000E+00,0.000000E+00,0.000000E+00,0.000000E+00,0.000000E+00,2.110805E+01,7.994772E+01,2.388816E+01,5.933184E+01
20:59:00,8.012670E+03,1.511531E+03,5.579059E-01,1.334901E-01,0.000000E+00,0.000000E+00,0.000000E+00,0.000000E+00,0.000000E+00,0.000000E+00,0.000000E+00,0.000000E+00,2.110805E+01,7.994772E+01,2.388816E+01,5.935374E+01
21:00:00,8.012670E+03,1.508230E+03,5.579059E-01,1.331986E-01,0.000000E+00,0.000000E+00,0.000000E+00,0.000000E+00,0.000000E+00,0.000000E+00,0.000000E+00,0.000000E+00,2.110805E+01,7.994772E+01,2.388816E+01,5.937567E+01
21:01:00,8.012670E+03,1.504932E+03,5.579059E-01,1.329073E-01,0.000000E+00,0.000000E+00,0.000000E+00,0.000000E+00,0.000000E+00,0.000000E+00,0.000000E+00,0.000000E+00,2.110805E+01,7.994772E+01,2.388816E+01,5.939762E+01
21:02:00,8.012670E+03,1.501636E+03,5.579059E-01,1.326162E-01,0.000000E+00,0.000000E+00,0.000000E+00,0.000000E+00,0.000000E+00,0.000000E+00,0.000000E+00,0.000000E+00,2.110805E+01,7.994772E+01,2.388816E+01,5.941960E+01
21:03:00,8.012670E+03,1.498343E+03,5.579059E-01,1.323254E-01,0.000000E+00,0.000000E+00,0.000000E+00,0.000000E+00,0.000000E+00,0.000000E+00,0.000000E+00,0.000000E+00,2.110805E+01,7.994772E+01,2.388816E+01,5.944160E+01
21:04:00,8.012670E+03,1.495052E+03,5.579059E-01,1.320347E-01,0.000000E+00,0.000000E+00,0.000000E+00,0.000000E+00,0.000000E+00,0.000000E+00,0.000000E+00,0.000000E+00,2.110805E+01,7.994772E+01,2.388816E+01,5.946363E+01
21:05:00,8.012670E+03,1.491763E+03,5.579059E-01,1.317442E-01,0.000000E+00,0.000000E+00,0.000000E+00,0.000000E+00,0.000000E+00,0.000000E+00,0.000000E+00,0.000000E+00,2.110805E+01,7.994772E+01,2.388817E+01,5.948568E+01
21:06:00,8.012670E+03,1.488477E+03,5.579059E-01,1.314540E-01,0.000000E+00,0.000000E+00,0.000000E+00,0.000000E+00,0.000000E+00,0.000000E+00,0.000000E+00,0.000000E+00,2.110805E+01,7.994772E+01,2.388817E+01,5.950775E+01
21:07:00,8.012670E+03,1.485193E+03,5.579059E-01,1.311640E-01,0.000000E+00,0.000000E+00,0.000000E+00,0.000000E+00,0.000000E+00,0.000000E+00,0.000000E+00,0.000000E+00,2.110805E+01,7.994772E+01,2.388817E+01,5.952986E+01
21:08:00,8.012670E+03,1.481912E+03,5.579059E-01,1.308742E-01,0.000000E+00,0.000000E+00,0.000000E+00,0.000000E+00,0.000000E+00,0.000000E+00,0.000000E+00,0.000000E+00,2.110805E+01,7.994772E+01,2.388817E+01,5.955198E+01
21:09:00,8.012670E+03,1.478633E+03,5.579059E-01,1.305847E-01,0.000000E+00,0.000000E+00,0.000000E+00,0.000000E+00,0.000000E+00,0.000000E+00,0.000000E+00,0.000000E+00,2.110805E+01,7.994772E+01,2.388817E+01,5.957413E+01
21:10:00,8.012670E+03,1.475357E+03,5.579059E-01,1.302953E-01,0.000000E+00,0.000000E+00,0.000000E+00,0.000000E+00,0.000000E+00,0.000000E+00,0.000000E+00,0.000000E+00,2.110805E+01,7.994772E+01,2.388817E+01,5.959631E+01
21:11:00,8.012670E+03,1.472084E+03,5.579059E-01,1.300063E-01,0.000000E+00,0.000000E+00,0.000000E+00,0.000000E+00,0.000000E+00,0.000000E+00,0.000000E+00,0.000000E+00,2.110805E+01,7.994772E+01,2.388817E+01,5.961851E+01
21:12:00,8.012670E+03,1.468814E+03,5.579059E-01,1.297174E-01,0.000000E+00,0.000000E+00,0.000000E+00,0.000000E+00,0.000000E+00,0.000000E+00,0.000000E+00,0.000000E+00,2.110805E+01,7.994772E+01,2.388817E+01,5.964074E+01
21:13:00,8.012670E+03,1.465546E+03,5.579059E-01,1.294288E-01,0.000000E+00,0.000000E+00,0.000000E+00,0.000000E+00,0.000000E+00,0.000000E+00,0.000000E+00,0.000000E+00,2.110805E+01,7.994772E+01,2.388817E+01,5.966299E+01
21:14:00,8.012670E+03,1.462281E+03,5.579059E-01,1.291405E-01,0.000000E+00,0.000000E+00,0.000000E+00,0.000000E+00,0.000000E+00,0.000000E+00,0.000000E+00,0.000000E+00,2.110805E+01,7.994772E+01,2.388817E+01,5.968527E+01
21:15:00,8.012670E+03,1.459019E+03,5.579059E-01,1.288524E-01,0.000000E+00,0.000000E+00,0.000000E+00,0.000000E+00,0.000000E+00,0.000000E+00,0.000000E+00,0.000000E+00,2.110805E+01,7.994772E+01,2.388817E+01,5.970757E+01
21:16:00,8.012670E+03,1.455761E+03,5.579059E-01,1.285646E-01,0.000000E+00,0.000000E+00,0.000000E+00,0.000000E+00,0.000000E+00,0.000000E+00,0.000000E+00,0.000000E+00,2.110805E+01,7.994772E+01,2.388817E+01,5.972990E+01
21:17:00,8.012670E+03,1.452505E+03,5.579059E-01,1.282771E-01,0.000000E+00,0.000000E+00,0.000000E+00,0.000000E+00,0.000000E+00,0.000000E+00,0.000000E+00,0.000000E+00,2.110805E+01,7.994772E+01,2.388818E+01,5.975226E+01
21:18:00,8.012670E+03,1.449252E+03,5.579059E-01,1.279898E-01,0.000000E+00,0.000000E+00,0.000000E+00,0.000000E+00,0.000000E+00,0.000000E+00,0.000000E+00,0.000000E+00,2.110805E+01,7.994772E+01,2.388818E+01,5.977464E+01
21:19:00,8.012670E+03,1.446002E+03,5.579059E-01,1.277028E-01,0.000000E+00,0.000000E+00,0.000000E+00,0.000000E+00,0.000000E+00,0.000000E+00,0.000000E+00,0.000000E+00,2.110805E+01,7.994772E+01,2.388818E+01,5.979705E+01
21:20:00,8.012670E+03,1.442755E+03,5.579059E-01,1.274161E-01,0.000000E+00,0.000000E+00,0.000000E+00,0.000000E+00,0.000000E+00,0.000000E+00,0.000000E+00,0.000000E+00,2.110805E+01,7.994772E+01,2.388818E+01,5.981948E+01
21:21:00,8.012670E+03,1.439512E+03,5.579059E-01,1.271296E-01,0.000000E+00,0.000000E+00,0.000000E+00,0.000000E+00,0.000000E+00,0.000000E+00,0.000000E+00,0.000000E+00,2.110805E+01,7.994772E+01,2.388818E+01,5.984194E+01
21:22:00,8.012670E+03,1.436271E+03,5.579059E-01,1.268434E-01,0.000000E+00,0.000000E+00,0.000000E+00,0.000000E+00,0.000000E+00,0.000000E+00,0.000000E+00,0.000000E+00,2.110805E+01,7.994772E+01,2.388818E+01,5.986442E+01
21:23:00,8.012670E+03,1.433034E+03,5.579059E-01,1.265575E-01,0.000000E+00,0.000000E+00,0.000000E+00,0.000000E+00,0.000000E+00,0.000000E+00,0.000000E+00,0.000000E+00,2.110805E+01,7.994772E+01,2.388818E+01,5.988693E+01
21:24:00,8.012670E+03,1.429800E+03,5.579059E-01,1.262719E-01,0.000000E+00,0.000000E+00,0.000000E+00,0.000000E+00,0.000000E+00,0.000000E+00,0.000000E+00,0.000000E+00,2.110805E+01,7.994772E+01,2.388818E+01,5.990946E+01
21:25:00,8.012670E+03,1.426570E+03,5.579059E-01,1.259866E-01,0.000000E+00,0.000000E+00,0.000000E+00,0.000000E+00,0.000000E+00,0.000000E+00,0.000000E+00,0.000000E+00,2.110805E+01,7.994772E+01,2.388818E+01,5.993202E+01
21:26:00,8.012670E+03,1.423342E+03,5.579059E-01,1.257015E-01,0.000000E+00,0.000000E+00,0.000000E+00,0.000000E+00,0.000000E+00,0.000000E+00,0.000000E+00,0.000000E+00,2.110805E+01,7.994772E+01,2.388818E+01,5.995461E+01
21:27:00,8.012670E+03,1.420118E+03,5.579059E-01,1.254168E-01,0.000000E+00,0.000000E+00,0.000000E+00,0.000000E+00,0.000000E+00,0.000000E+00,0.000000E+00,0.000000E+00,2.110805E+01,7.994772E+01,2.388818E+01,5.997722E+01
21:28:00,8.012670E+03,1.416897E+03,5.579059E-01,1.251324E-01,0.000000E+00,0.000000E+00,0.000000E+00,0.000000E+00,0.000000E+00,0.000000E+00,0.000000E+00,0.000000E+00,2.110805E+01,7.994772E+01,2.388818E+01,5.999986E+01
21:29:00,8.012670E+03,1.413680E+03,5.579059E-01,1.248482E-01,0.000000E+00,0.000000E+00,0.000000E+00,0.000000E+00,0.000000E+00,0.000000E+00,0.000000E+00,0.000000E+00,2.110805E+01,7.994772E+01,2.388819E+01,6.002252E+01
21:30:00,8.012670E+03,1.410466E+03,5.579059E-01,1.245643E-01,0.000000E+00,0.000000E+00,0.000000E+00,0.000000E+00,0.000000E+00,0.000000E+00,0.000000E+00,0.000000E+00,2.110805E+01,7.994772E+01,2.388819E+01,6.004520E+01
21:31:00,8.012670E+03,1.407255E+03,5.579059E-01,1.242808E-01,0.000000E+00,0.000000E+00,0.000000E+00,0.000000E+00,0.000000E+00,0.000000E+00,0.000000E+00,0.000000E+00,2.110805E+01,7.994772E+01,2.388819E+01,6.006791E+01
21:32:00,8.012670E+03,1.404048E+03,5.579059E-01,1.239975E-01,0.000000E+00,0.000000E+00,0.000000E+00,0.000000E+00,0.000000E+00,0.000000E+00,0.000000E+00,0.000000E+00,2.110805E+01,7.994772E+01,2.388819E+01,6.009065E+01
21:33:00,8.012670E+03,1.400844E+03,5.579059E-01,1.237146E-01,0.000000E+00,0.000000E+00,0.000000E+00,0.000000E+00,0.000000E+00,0.000000E+00,0.000000E+00,0.000000E+00,2.110805E+01,7.994772E+01,2.388819E+01,6.011342E+01
21:34:00,8.012670E+03,1.397643E+03,5.579059E-01,1.234319E-01,0.000000E+00,0.000000E+00,0.000000E+00,0.000000E+00,0.000000E+00,0.000000E+00,0.000000E+00,0.000000E+00,2.110805E+01,7.994772E+01,2.388819E+01,6.013621E+01
21:35:00,8.012670E+03,1.394446E+03,5.579059E-01,1.231495E-01,0.000000E+00,0.000000E+00,0.000000E+00,0.000000E+00,0.000000E+00,0.000000E+00,0.000000E+00,0.000000E+00,2.110805E+01,7.994772E+01,2.388819E+01,6.015902E+01
21:36:00,8.012670E+03,1.391252E+03,5.579059E-01,1.228675E-01,0.000000E+00,0.000000E+00,0.000000E+00,0.000000E+00,0.000000E+00,0.000000E+00,0.000000E+00,0.000000E+00,2.110805E+01,7.994772E+01,2.388819E+01,6.018185E+01
21:37:00,8.012670E+03,1.388062E+03,5.579059E-01,1.225857E-01,0.000000E+00,0.000000E+00,0.000000E+00,0.000000E+00,0.000000E+00,0.000000E+00,0.000000E+00,0.000000E+00,2.110805E+01,7.994772E+01,2.388819E+01,6.020472E+01
21:38:00,8.012670E+03,1.384874E+03,5.579059E-01,1.223042E-01,0.000000E+00,0.000000E+00,0.000000E+00,0.000000E+00,0.000000E+00,0.000000E+00,0.000000E+00,0.000000E+00,2.110805E+01,7.994772E+01,2.388819E+01,6.022760E+01
21:39:00,8.012670E+03,1.381690E+03,5.579059E-01,1.220230E-01,0.000000E+00,0.000000E+00,0.000000E+00,0.000000E+00,0.000000E+00,0.000000E+00,0.000000E+00,0.000000E+00,2.110805E+01,7.994772E+01,2.388819E+01,6.025052E+01
21:40:00,8.012670E+03,1.378510E+03,5.579059E-01,1.217421E-01,0.000000E+00,0.000000E+00,0.000000E+00,0.000000E+00,0.000000E+00,0.000000E+00,0.000000E+00,0.000000E+00,2.110805E+01,7.994772E+01,2.388819E+01,6.027346E+01
21:41:00,8.012670E+03,1.375333E+03,5.579059E-01,1.214615E-01,0.000000E+00,0.000000E+00,0.000000E+00,0.000000E+00,0.000000E+00,0.000000E+00,0.000000E+00,0.000000E+00,2.110805E+01,7.994772E+01,2.388819E+01,6.029642E+01
21:42:00,8.012670E+03,1.372159E+03,5.579059E-01,1.211812E-01,0.000000E+00,0.000000E+00,0.000000E+00,0.000000E+00,0.000000E+00,0.000000E+00,0.000000E+00,0.000000E+00,2.110805E+01,7.994772E+01,2.388820E+01,6.031940E+01
21:43:00,8.012670E+03,1.368989E+03,5.579059E-01,1.209012E-01,0.000000E+00,0.000000E+00,0.000000E+00,0.000000E+00,0.000000E+00,0.000000E+00,0.000000E+00,0.000000E+00,2.110805E+01,7.994772E+01,2.388820E+01,6.034241E+01
21:44:00,8.012670E+03,1.365822E+03,5.579059E-01,1.206216E-01,0.000000E+00,0.000000E+00,0.000000E+00,0.000000E+00,0.000000E+00,0.000000E+00,0.000000E+00,0.000000E+00,2.110805E+01,7.994772E+01,2.388820E+01,6.036545E+01
21:45:00,8.012670E+03,1.362659E+03,5.579059E-01,1.203422E-01,0.000000E+00,0.000000E+00,0.000000E+00,0.000000E+00,0.000000E+00,0.000000E+00,0.000000E+00,0.000000E+00,2.110805E+01,7.994772E+01,2.388820E+01,6.038851E+01
21:46:00,8.012670E+03,1.359500E+03,5.579059E-01,1.200632E-01,0.000000E+00,0.000000E+00,0.000000E+00,0.000000E+00,0.000000E+00,0.000000E+00,0.000000E+00,0.000000E+00,2.110805E+01,7.994772E+01,2.388820E+01,6.041159E+01
21:47:00,8.012670E+03,1.356344E+03,5.579059E-01,1.197845E-01,0.000000E+00,0.000000E+00,0.000000E+00,0.000000E+00,0.000000E+00,0.000000E+00,0.000000E+00,0.000000E+00,2.110805E+01,7.994772E+01,2.388820E+01,6.043470E+01
21:48:00,8.012670E+03,1.353192E+03,5.579059E-01,1.195061E-01,0.000000E+00,0.000000E+00,0.000000E+00,0.000000E+00,0.000000E+00,0.000000E+00,0.000000E+00,0.000000E+00,2.110805E+01,7.994772E+01,2.388820E+01,6.045784E+01
21:49:00,8.012670E+03,1.350044E+03,5.579059E-01,1.192280E-01,0.000000E+00,0.000000E+00,0.000000E+00,0.000000E+00,0.000000E+00,0.000000E+00,0.000000E+00,0.000000E+00,2.110805E+01,7.994772E+01,2.388820E+01,6.048099E+01
21:50:00,8.012670E+03,1.346899E+03,5.579059E-01,1.189503E-01,0.000000E+00,0.000000E+00,0.000000E+00,0.000000E+00,0.000000E+00,0.000000E+00,0.000000E+00,0.000000E+00,2.110805E+01,7.994772E+01,2.388820E+01,6.050417E+01
21:51:00,8.012670E+03,1.343758E+03,5.579059E-01,1.186729E-01,0.000000E+00,0.000000E+00,0.000000E+00,0.000000E+00,0.000000E+00,0.000000E+00,0.000000E+00,0.000000E+00,2.110805E+01,7.994772E+01,2.388820E+01,6.052738E+01
21:52:00,8.012670E+03,1.340621E+03,5.579059E-01,1.183959E-01,0.000000E+00,0.000000E+00,0.000000E+00,0.000000E+00,0.000000E+00,0.000000E+00,0.000000E+00,0.000000E+00,2.110805E+01,7.994772E+01,2.388820E+01,6.055061E+01
21:53:00,8.012670E+03,1.337488E+03,5.579059E-01,1.181191E-01,0.000000E+00,0.000000E+00,0.000000E+00,0.000000E+00,0.000000E+00,0.000000E+00,0.000000E+00,0.000000E+00,2.110805E+01,7.994772E+01,2.388820E+01,6.057386E+01
21:54:00,8.012670E+03,1.334358E+03,5.579059E-01,1.178427E-01,0.000000E+00,0.000000E+00,0.000000E+00,0.000000E+00,0.000000E+00,0.000000E+00,0.000000E+00,0.000000E+00,2.110805E+01,7.994772E+01,2.388821E+01,6.059713E+01
21:55:00,8.012670E+03,1.331232E+03,5.579059E-01,1.175667E-01,0.000000E+00,0.000000E+00,0.000000E+00,0.000000E+00,0.000000E+00,0.000000E+00,0.000000E+00,0.000000E+00,2.110805E+01,7.994772E+01,2.388821E+01,6.062044E+01
21:56:00,8.012670E+03,1.328111E+03,5.579059E-01,1.172910E-01,0.000000E+00,0.000000E+00,0.000000E+00,0.000000E+00,0.000000E+00,0.000000E+00,0.000000E+00,0.000000E+00,2.110805E+01,7.994772E+01,2.388821E+01,6.064376E+01
21:57:00,8.012670E+03,1.324993E+03,5.579059E-01,1.170156E-01,0.000000E+00,0.000000E+00,0.000000E+00,0.000000E+00,0.000000E+00,0.000000E+00,0.000000E+00,0.000000E+00,2.110805E+01,7.994772E+01,2.388821E+01,6.066711E+01
21:58:00,8.012670E+03,1.321879E+03,5.579059E-01,1.167406E-01,0.000000E+00,0.000000E+00,0.000000E+00,0.000000E+00,0.000000E+00,0.000000E+00,0.000000E+00,0.000000E+00,2.110805E+01,7.994772E+01,2.388821E+01,6.069048E+01
21:59:00,8.012670E+03,1.318768E+03,5.579059E-01,1.164659E-01,0.000000E+00,0.000000E+00,0.000000E+00,0.000000E+00,0.000000E+00,0.000000E+00,0.000000E+00,0.000000E+00,2.110805E+01,7.994772E+01,2.388821E+01,6.071388E+01
22:00:00,8.012670E+03,1.315662E+03,5.579059E-01,1.161916E-01,0.000000E+00,0.000000E+00,0.000000E+00,0.000000E+00,0.000000E+00,0.000000E+00,0.000000E+00,0.000000E+00,2.110805E+01,7.994772E+01,2.388821E+01,6.073729E+01
22:01:00,8.012670E+03,1.312566E+03,5.579059E-01,1.159181E-01,0.000000E+00,0.000000E+00,0.000000E+00,0.000000E+00,0.000000E+00,0.000000E+00,0.000000E+00,0.000000E+00,2.110805E+01,7.994772E+01,2.388821E+01,6.076073E+01
22:02:00,8.012670E+03,1.309479E+03,5.579059E-01,1.156455E-01,0.000000E+00,0.000000E+00,0.000000E+00,0.000000E+00,0.000000E+00,0.000000E+00,0.000000E+00,0.000000E+00,2.110805E+01,7.994772E+01,2.388821E+01,6.078415E+01
22:03:00,8.012670E+03,1.306401E+03,5.579059E-01,1.153737E-01,0.000000E+00,0.000000E+00,0.000000E+00,0.000000E+00,0.000000E+00,0.000000E+00,0.000000E+00,0.000000E+00,2.110805E+01,7.994772E+01,2.388821E+01,6.080751E+01
22:04:00,8.012670E+03,1.303334E+03,5.579059E-01,1.151027E-01,0.000000E+00,0.000000E+00,0.000000E+00,0.000000E+00,0.000000E+00,0.000000E+00,0.000000E+00,0.000000E+00,2.110805E+01,7.994772E+01,2.388821E+01,6.083080E+01
22:05:00,8.012670E+03,1.300275E+03,5.579059E-01,1.148327E-01,0.000000E+00,0.000000E+00,0.000000E+00,0.000000E+00,0.000000E+00,0.000000E+00,0.000000E+00,0.000000E+00,2.110805E+01,7.994772E+01,2.388821E+01,6.085402E+01
22:06:00,8.012670E+03,1.297227E+03,5.579059E-01,1.145634E-01,0.000000E+00,0.000000E+00,0.000000E+00,0.000000E+00,0.000000E+00,0.000000E+00,0.000000E+00,0.000000E+00,2.110805E+01,7.994772E+01,2.388821E+01,6.087719E+01
22:07:00,8.012670E+03,1.294188E+03,5.579059E-01,1.142951E-01,0.000000E+00,0.000000E+00,0.000000E+00,0.000000E+00,0.000000E+00,0.000000E+00,0.000000E+00,0.000000E+00,2.110805E+01,7.994772E+01,2.388822E+01,6.090029E+01
22:08:00,8.012670E+03,1.291159E+03,5.579059E-01,1.140275E-01,0.000000E+00,0.000000E+00,0.000000E+00,0.000000E+00,0.000000E+00,0.000000E+00,0.000000E+00,0.000000E+00,2.110805E+01,7.994772E+01,2.388822E+01,6.092334E+01
22:09:00,8.012670E+03,1.288140E+03,5.579059E-01,1.137609E-01,0.000000E+00,0.000000E+00,0.000000E+00,0.000000E+00,0.000000E+00,0.000000E+00,0.000000E+00,0.000000E+00,2.110805E+01,7.994772E+01,2.388822E+01,6.094634E+01
22:10:00,8.012670E+03,1.285130E+03,5.579059E-01,1.134951E-01,0.000000E+00,0.000000E+00,0.000000E+00,0.000000E+00,0.000000E+00,0.000000E+00,0.000000E+00,0.000000E+00,2.110805E+01,7.994772E+01,2.388822E+01,6.096929E+01
22:11:00,8.012670E+03,1.282130E+03,5.579059E-01,1.132301E-01,0.000000E+00,0.000000E+00,0.000000E+00,0.000000E+00,0.000000E+00,0.000000E+00,0.000000E+00,0.000000E+00,2.110805E+01,7.994772E+01,2.388822E+01,6.099218E+01
22:12:00,8.012670E+03,1.279140E+03,5.579059E-01,1.129660E-01,0.000000E+00,0.000000E+00,0.000000E+00,0.000000E+00,0.000000E+00,0.000000E+00,0.000000E+00,0.000000E+00,2.110805E+01,7.994772E+01,2.388822E+01,6.101504E+01
22:13:00,8.012670E+03,1.276159E+03,5.579059E-01,1.127028E-01,0.000000E+00,0.000000E+00,0.000000E+00,0.000000E+00,0.000000E+00,0.000000E+00,0.000000E+00,0.000000E+00,2.110805E+01,7.994772E+01,2.388822E+01,6.103785E+01
22:14:00,8.012670E+03,1.273189E+03,5.579059E-01,1.124404E-01,0.000000E+00,0.000000E+00,0.000000E+00,0.000000E+00,0.000000E+00,0.000000E+00,0.000000E+00,0.000000E+00,2.110805E+01,7.994772E+01,2.388822E+01,6.106061E+01
22:15:00,8.012670E+03,1.270228E+03,5.579059E-01,1.121789E-01,0.000000E+00,0.000000E+00,0.000000E+00,0.000000E+00,0.000000E+00,0.000000E+00,0.000000E+00,0.000000E+00,2.110805E+01,7.994772E+01,2.388822E+01,6.108333E+01
22:16:00,8.012670E+03,1.267276E+03,5.579059E-01,1.119183E-01,0.000000E+00,0.000000E+00,0.000000E+00,0.000000E+00,0.000000E+00,0.000000E+00,0.000000E+00,0.000000E+00,2.110805E+01,7.994772E+01,2.388822E+01,6.110602E+01
22:17:00,8.012670E+03,1.264335E+03,5.579059E-01,1.116585E-01,0.000000E+00,0.000000E+00,0.000000E+00,0.000000E+00,0.000000E+00,0.000000E+00,0.000000E+00,0.000000E+00,2.110805E+01,7.994772E+01,2.388822E+01,6.112867E+01
22:18:00,8.012670E+03,1.261403E+03,5.579059E-01,1.113996E-01,0.000000E+00,0.000000E+00,0.000000E+00,0.000000E+00,0.000000E+00,0.000000E+00,0.000000E+00,0.000000E+00,2.110805E+01,7.994772E+01,2.388822E+01,6.115128E+01
22:19:00,8.012670E+03,1.258481E+03,5.579059E-01,1.111415E-01,0.000000E+00,0.000000E+00,0.000000E+00,0.000000E+00,0.000000E+00,0.000000E+00,0.000000E+00,0.000000E+00,2.110805E+01,7.994772E+01,2.388822E+01,6.117386E+01
22:20:00,8.012670E+03,1.255569E+03,5.579059E-01,1.108843E-01,0.000000E+00,0.000000E+00,0.000000E+00,0.000000E+00,0.000000E+00,0.000000E+00,0.000000E+00,0.000000E+00,2.110805E+01,7.994772E+01,2.388822E+01,6.119640E+01
22:21:00,8.012670E+03,1.252667E+03,5.579059E-01,1.106280E-01,0.000000E+00,0.000000E+00,0.000000E+00,0.000000E+00,0.000000E+00,0.000000E+00,0.000000E+00,0.000000E+00,2.110805E+01,7.994772E+01,2.388822E+01,6.121891E+01
22:22:00,8.012670E+03,1.249774E+03,5.579059E-01,1.103726E-01,0.000000E+00,0.000000E+00,0.000000E+00,0.000000E+00,0.000000E+00,0.000000E+00,0.000000E+00,0.000000E+00,2.110805E+01,7.994772E+01,2.388823E+01,6.124140E+01
22:23:00,8.012670E+03,1.246892E+03,5.579059E-01,1.101180E-01,0.000000E+00,0.000000E+00,0.000000E+00,0.000000E+00,0.000000E+00,0.000000E+00,0.000000E+00,0.000000E+00,2.110805E+01,7.994772E+01,2.388823E+01,6.126385E+01
22:24:00,8.012670E+03,1.244019E+03,5.579059E-01,1.098642E-01,0.000000E+00,0.000000E+00,0.000000E+00,0.000000E+00,0.000000E+00,0.000000E+00,0.000000E+00,0.000000E+00,2.110805E+01,7.994772E+01,2.388823E+01,6.128628E+01
22:25:00,8.012670E+03,1.241156E+03,5.579059E-01,1.096114E-01,0.000000E+00,0.000000E+00,0.000000E+00,0.000000E+00,0.000000E+00,0.000000E+00,0.000000E+00,0.000000E+00,2.110805E+01,7.994772E+01,2.388823E+01,6.130868E+01
22:26:00,8.012670E+03,1.238302E+03,5.579059E-01,1.093594E-01,0.000000E+00,0.000000E+00,0.000000E+00,0.000000E+00,0.000000E+00,0.000000E+00,0.000000E+00,0.000000E+00,2.110805E+01,7.994772E+01,2.388823E+01,6.133106E+01
22:27:00,8.012670E+03,1.235459E+03,5.579059E-01,1.091083E-01,0.000000E+00,0.000000E+00,0.000000E+00,0.000000E+00,0.000000E+00,0.000000E+00,0.000000E+00,0.000000E+00,2.110805E+01,7.994772E+01,2.388823E+01,6.135341E+01
22:28:00,8.012670E+03,1.232625E+03,5.579059E-01,1.088580E-01,0.000000E+00,0.000000E+00,0.000000E+00,0.000000E+00,0.000000E+00,0.000000E+00,0.000000E+00,0.000000E+00,2.110805E+01,7.994772E+01,2.388823E+01,6.137574E+01
22:29:00,8.012670E+03,1.229802E+03,5.579059E-01,1.086086E-01,0.000000E+00,0.000000E+00,0.000000E+00,0.000000E+00,0.000000E+00,0.000000E+00,0.000000E+00,0.000000E+00,2.110805E+01,7.994772E+01,2.388823E+01,6.139805E+01
22:30:00,8.012670E+03,1.226988E+03,5.579059E-01,1.083601E-01,0.000000E+00,0.000000E+00,0.000000E+00,0.000000E+00,0.000000E+00,0.000000E+00,0.000000E+00,0.000000E+00,2.110805E+01,7.994772E+01,2.388823E+01,6.142034E+01
22:31:00,8.012670E+03,1.224183E+03,5.579059E-01,1.081125E-01,0.000000E+00,0.000000E+00,0.000000E+00,0.000000E+00,0.000000E+00,0.000000E+00,0.000000E+00,0.000000E+00,2.110805E+01,7.994772E+01,2.388823E+01,6.144261E+01
22:32:00,8.012670E+03,1.221389E+03,5.579059E-01,1.078657E-01,0.000000E+00,0.000000E+00,0.000000E+00,0.000000E+00,0.000000E+00,0.000000E+00,0.000000E+00,0.000000E+00,2.110805E+01,7.994772E+01,2.388823E+01,6.146486E+01
22:33:00,8.012670E+03,1.218605E+03,5.579059E-01,1.076198E-01,0.000000E+00,0.000000E+00,0.000000E+00,0.000000E+00,0.000000E+00,0.000000E+00,0.000000E+00,0.000000E+00,2.110805E+01,7.994772E+01,2.388823E+01,6.148709E+01
22:34:00,8.012670E+03,1.215830E+03,5.579059E-01,1.073747E-01,0.000000E+00,0.000000E+00,0.000000E+00,0.000000E+00,0.000000E+00,0.000000E+00,0.000000E+00,0.000000E+00,2.110805E+01,7.994772E+01,2.388823E+01,6.150931E+01
22:35:00,8.012670E+03,1.213065E+03,5.579059E-01,1.071305E-01,0.000000E+00,0.000000E+00,0.000000E+00,0.000000E+00,0.000000E+00,0.000000E+00,0.000000E+00,0.000000E+00,2.110805E+01,7.994772E+01,2.388823E+01,6.153151E+01
22:36:00,8.012670E+03,1.210310E+03,5.579059E-01,1.068872E-01,0.000000E+00,0.000000E+00,0.000000E+00,0.000000E+00,0.000000E+00,0.000000E+00,0.000000E+00,0.000000E+00,2.110805E+01,7.994772E+01,2.388824E+01,6.155370E+01
22:37:00,8.012670E+03,1.207565E+03,5.579059E-01,1.066448E-01,0.000000E+00,0.000000E+00,0.000000E+00,0.000000E+00,0.000000E+00,0.000000E+00,0.000000E+00,0.000000E+00,2.110805E+01,7.994772E+01,2.388824E+01,6.157587E+01
22:38:00,8.012670E+03,1.204830E+03,5.579059E-01,1.064032E-01,0.000000E+00,0.000000E+00,0.000000E+00,0.000000E+00,0.000000E+00,0.000000E+00,0.000000E+00,0.000000E+00,2.110805E+01,7.994772E+01,2.388824E+01,6.159802E+01
22:39:00,8.012670E+03,1.202104E+03,5.579059E-01,1.061625E-01,0.000000E+00,0.000000E+00,0.000000E+00,0.000000E+00,0.000000E+00,0.000000E+00,0.000000E+00,0.000000E+00,2.110805E+01,7.994772E+01,2.388824E+01,6.162017E+01
22:40:00,8.012670E+03,1.199389E+03,5.579059E-01,1.059227E-01,0.000000E+00,0.000000E+00,0.000000E+00,0.000000E+00,0.000000E+00,0.000000E+00,0.000000E+00,0.000000E+00,2.110805E+01,7.994772E+01,2.388824E+01,6.164231E+01
22:41:00,8.012670E+03,1.196683E+03,5.579059E-01,1.056837E-01,0.000000E+00,0.000000E+00,0.000000E+00,0.000000E+00,0.000000E+00,0.000000E+00,0.000000E+00,0.000000E+00,2.110805E+01,7.994772E+01,2.388824E+01,6.166443E+01
22:42:00,8.012670E+03,1.193987E+03,5.579059E-01,1.054456E-01,0.000000E+00,0.000000E+00,0.000000E+00,0.000000E+00,0.000000E+00,0.000000E+00,0.000000E+00,0.000000E+00,2.110805E+01,7.994772E+01,2.388824E+01,6.168654E+01
22:43:00,8.012670E+03,1.191300E+03,5.579059E-01,1.052084E-01,0.000000E+00,0.000000E+00,0.000000E+00,0.000000E+00,0.000000E+00,0.000000E+00,0.000000E+00,0.000000E+00,2.110805E+01,7.994772E+01,2.388824E+01,6.170865E+01
22:44:00,8.012670E+03,1.188624E+03,5.579059E-01,1.049720E-01,0.000000E+00,0.000000E+00,0.000000E+00,0.000000E+00,0.000000E+00,0.000000E+00,0.000000E+00,0.000000E+00,2.110805E+01,7.994772E+01,2.388824E+01,6.173074E+01
22:45:00,8.012670E+03,1.185957E+03,5.579059E-01,1.047365E-01,0.000000E+00,0.000000E+00,0.000000E+00,0.000000E+00,0.000000E+00,0.000000E+00,0.000000E+00,0.000000E+00,2.110805E+01,7.994772E+01,2.388824E+01,6.175282E+01
22:46:00,8.012670E+03,1.183301E+03,5.579059E-01,1.045018E-01,0.000000E+00,0.000000E+00,0.000000E+00,0.000000E+00,0.000000E+00,0.000000E+00,0.000000E+00,0.000000E+00,2.110805E+01,7.994772E+01,2.388824E+01,6.177490E+01
22:47:00,8.012670E+03,1.180654E+03,5.579059E-01,1.042681E-01,0.000000E+00,0.000000E+00,0.000000E+00,0.000000E+00,0.000000E+00,0.000000E+00,0.000000E+00,0.000000E+00,2.110805E+01,7.994772E+01,2.388824E+01,6.179697E+01
22:48:00,8.012670E+03,1.178017E+03,5.579059E-01,1.040352E-01,0.000000E+00,0.000000E+00,0.000000E+00,0.000000E+00,0.000000E+00,0.000000E+00,0.000000E+00,0.000000E+00,2.110805E+01,7.994772E+01,2.388824E+01,6.181903E+01
22:49:00,8.012670E+03,1.175389E+03,5.579059E-01,1.038031E-01,0.000000E+00,0.000000E+00,0.000000E+00,0.000000E+00,0.000000E+00,0.000000E+00,0.000000E+00,0.000000E+00,2.110805E+01,7.994772E+01,2.388825E+01,6.184109E+01
22:50:00,8.012670E+03,1.172772E+03,5.579059E-01,1.035719E-01,0.000000E+00,0.000000E+00,0.000000E+00,0.000000E+00,0.000000E+00,0.000000E+00,0.000000E+00,0.000000E+00,2.110805E+01,7.994772E+01,2.388825E+01,6.186314E+01
22:51:00,8.012670E+03,1.170164E+03,5.579059E-01,1.033416E-01,0.000000E+00,0.000000E+00,0.000000E+00,0.000000E+00,0.000000E+00,0.000000E+00,0.000000E+00,0.000000E+00,2.110805E+01,7.994772E+01,2.388825E+01,6.188518E+01
22:52:00,8.012670E+03,1.167566E+03,5.579059E-01,1.031122E-01,0.000000E+00,0.000000E+00,0.000000E+00,0.000000E+00,0.000000E+00,0.000000E+00,0.000000E+00,0.000000E+00,2.110805E+01,7.994772E+01,2.388825E+01,6.190723E+01
22:53:00,8.012670E+03,1.164977E+03,5.579059E-01,1.028836E-01,0.000000E+00,0.000000E+00,0.000000E+00,0.000000E+00,0.000000E+00,0.000000E+00,0.000000E+00,0.000000E+00,2.110805E+01,7.994772E+01,2.388825E+01,6.192926E+01
22:54:00,8.012670E+03,1.162399E+03,5.579059E-01,1.026559E-01,0.000000E+00,0.000000E+00,0.000000E+00,0.000000E+00,0.000000E+00,0.000000E+00,0.000000E+00,0.000000E+00,2.110805E+01,7.994772E+01,2.388825E+01,6.195129E+01
22:55:00,8.012670E+03,1.159830E+03,5.579059E-01,1.024290E-01,0.000000E+00,0.000000E+00,0.000000E+00,0.000000E+00,0.000000E+00,0.000000E+00,0.000000E+00,0.000000E+00,2.110805E+01,7.994772E+01,2.388825E+01,6.197332E+01
22:56:00,8.012670E+03,1.157271E+03,5.579059E-01,1.022030E-01,0.000000E+00,0.000000E+00,0.000000E+00,0.000000E+00,0.000000E+00,0.000000E+00,0.000000E+00,0.000000E+00,2.110805E+01,7.994772E+01,2.388825E+01,6.199535E+01
22:57:00,8.012670E+03,1.154722E+03,5.579059E-01,1.019779E-01,0.000000E+00,0.000000E+00,0.000000E+00,0.000000E+00,0.000000E+00,0.000000E+00,0.000000E+00,0.000000E+00,2.110805E+01,7.994772E+01,2.388825E+01,6.201737E+01
22:58:00,8.012670E+03,1.152183E+03,5.579059E-01,1.017536E-01,0.000000E+00,0.000000E+00,0.000000E+00,0.000000E+00,0.000000E+00,0.000000E+00,0.000000E+00,0.000000E+00,2.110805E+01,7.994772E+01,2.388825E+01,6.203939E+01
22:59:00,8.012670E+03,1.149653E+03,5.579059E-01,1.015302E-01,0.000000E+00,0.000000E+00,0.000000E+00,0.000000E+00,0.000000E+00,0.000000E+00,0.000000E+00,0.000000E+00,2.110805E+01,7.994772E+01,2.388825E+01,6.206141E+01
23:00:00,8.012670E+03,1.147133E+03,5.579059E-01,1.013076E-01,0.000000E+00,0.000000E+00,0.000000E+00,0.000000E+00,0.000000E+00,0.000000E+00,0.000000E+00,0.000000E+00,2.110805E+01,7.994772E+01,2.388825E+01,6.208343E+01
23:01:00,8.012670E+03,1.144617E+03,5.579059E-01,1.010854E-01,0.000000E+00,0.000000E+00,0.000000E+00,0.000000E+00,0.000000E+00,0.000000E+00,0.000000E+00,0.000000E+00,2.110805E+01,7.994772E+01,2.388825E+01,6.210545E+01
23:02:00,8.012670E+03,1.142105E+03,5.579059E-01,1.008636E-01,0.000000E+00,0.000000E+00,0.000000E+00,0.000000E+00,0.000000E+00,0.000000E+00,0.000000E+00,0.000000E+00,2.110805E+01,7.994772E+01,2.388825E+01,6.212746E+01
23:03:00,8.012670E+03,1.139598E+03,5.579059E-01,1.006421E-01,0.000000E+00,0.000000E+00,0.000000E+00,0.000000E+00,0.000000E+00,0.000000E+00,0.000000E+00,0.000000E+00,2.110805E+01,7.994772E+01,2.388826E+01,6.214948E+01
23:04:00,8.012670E+03,1.137094E+03,5.579059E-01,1.004210E-01,0.000000E+00,0.000000E+00,0.000000E+00,0.000000E+00,0.000000E+00,0.000000E+00,0.000000E+00,0.000000E+00,2.110805E+01,7.994772E+01,2.388826E+01,6.217149E+01
23:05:00,8.012670E+03,1.134594E+03,5.579059E-01,1.002003E-01,0.000000E+00,0.000000E+00,0.000000E+00,0.000000E+00,0.000000E+00,0.000000E+00,0.000000E+00,0.000000E+00,2.110805E+01,7.994772E+01,2.388826E+01,6.219351E+01
23:06:00,8.012670E+03,1.132099E+03,5.579059E-01,9.997986E-02,0.000000E+00,0.000000E+00,0.000000E+00,0.000000E+00,0.000000E+00,0.000000E+00,0.000000E+00,0.000000E+00,2.110805E+01,7.994772E+01,2.388826E+01,6.221552E+01
23:07:00,8.012670E+03,1.129607E+03,5.579059E-01,9.975982E-02,0.000000E+00,0.000000E+00,0.000000E+00,0.000000E+00,0.000000E+00,0.000000E+00,0.000000E+00,0.000000E+00,2.110805E+01,7.994772E+01,2.388826E+01,6.223754E+01
23:08:00,8.012670E+03,1.127120E+03,5.579059E-01,9.954013E-02,0.000000E+00,0.000000E+00,0.000000E+00,0.000000E+00,0.000000E+00,0.000000E+00,0.000000E+00,0.000000E+00,2.110805E+01,7.994772E+01,2.388826E+01,6.225956E+01
23:09:00,8.012670E+03,1.124636E+03,5.579059E-01,9.932080E-02,0.000000E+00,0.000000E+00,0.000000E+00,0.000000E+00,0.000000E+00,0.000000E+00,0.000000E+00,0.000000E+00,2.110805E+01,7.994772E+01,2.388826E+01,6.228157E+01
23:10:00,8.012670E+03,1.122157E+03,5.579059E-01,9.910183E-02,0.000000E+00,0.000000E+00,0.000000E+00,0.000000E+00,0.000000E+00,0.000000E+00,0.000000E+00,0.000000E+00,2.110805E+01,7.994772E+01,2.388826E+01,6.230360E+01
23:11:00,8.012670E+03,1.119681E+03,5.579059E-01,9.888320E-02,0.000000E+00,0.000000E+00,0.000000E+00,0.000000E+00,0.000000E+00,0.000000E+00,0.000000E+00,0.000000E+00,2.110805E+01,7.994772E+01,2.388826E+01,6.232562E+01
23:12:00,8.012670E+03,1.117210E+03,5.579059E-01,9.866493E-02,0.000000E+00,0.000000E+00,0.000000E+00,0.000000E+00,0.000000E+00,0.000000E+00,0.000000E+00,0.000000E+00,2.110805E+01,7.994772E+01,2.388826E+01,6.234764E+01
23:13:00,8.012670E+03,1.114742E+03,5.579059E-01,9.844702E-02,0.000000E+00,0.000000E+00,0.000000E+00,0.000000E+00,0.000000E+00,0.000000E+00,0.000000E+00,0.000000E+00,2.110805E+01,7.994772E+01,2.388826E+01,6.236967E+01
23:14:00,8.012670E+03,1.112279E+03,5.579059E-01,9.822945E-02,0.000000E+00,0.000000E+00,0.000000E+00,0.000000E+00,0.000000E+00,0.000000E+00,0.000000E+00,0.000000E+00,2.110805E+01,7.994772E+01,2.388826E+01,6.239169E+01
23:15:00,8.012670E+03,1.109819E+03,5.579059E-01,9.801223E-02,0.000000E+00,0.000000E+00,0.000000E+00,0.000000E+00,0.000000E+00,0.000000E+00,0.000000E+00,0.000000E+00,2.110805E+01,7.994772E+01,2.388826E+01,6.241373E+01
23:16:00,8.012670E+03,1.107364E+03,5.579059E-01,9.779537E-02,0.000000E+00,0.000000E+00,0.000000E+00,0.000000E+00,0.000000E+00,0.000000E+00,0.000000E+00,0.000000E+00,2.110805E+01,7.994772E+01,2.388827E+01,6.243576E+01
23:17:00,8.012670E+03,1.104912E+03,5.579059E-01,9.757885E-02,0.000000E+00,0.000000E+00,0.000000E+00,0.000000E+00,0.000000E+00,0.000000E+00,0.000000E+00,0.000000E+00,2.110805E+01,7.994772E+01,2.388827E+01,6.245780E+01
23:18:00,8.012670E+03,1.102464E+03,5.579059E-01,9.736268E-02,0.000000E+00,0.000000E+00,0.000000E+00,0.000000E+00,0.000000E+00,0.000000E+00,0.000000E+00,0.000000E+00,2.110805E+01,7.994772E+01,2.388827E+01,6.247984E+01
23:19:00,8.012670E+03,1.100021E+03,5.579059E-01,9.714686E-02,0.000000E+00,0.000000E+00,0.000000E+00,0.000000E+00,0.000000E+00,0.000000E+00,0.000000E+00,0.000000E+00,2.110805E+01,7.994772E+01,2.388827E+01,6.250189E+01
23:20:00,8.012670E+03,1.097581E+03,5.579059E-01,9.693138E-02,0.000000E+00,0.000000E+00,0.000000E+00,0.000000E+00,0.000000E+00,0.000000E+00,0.000000E+00,0.000000E+00,2.110805E+01,7.994772E+01,2.388827E+01,6.252394E+01
23:21:00,8.012670E+03,1.095145E+03,5.579059E-01,9.671624E-02,0.000000E+00,0.000000E+00,0.000000E+00,0.000000E+00,0.000000E+00,0.000000E+00,0.000000E+00,0.000000E+00,2.110805E+01,7.994772E+01,2.388827E+01,6.254599E+01
23:22:00,8.012670E+03,1.092713E+03,5.579059E-01,9.650146E-02,0.000000E+00,0.000000E+00,0.000000E+00,0.000000E+00,0.000000E+00,0.000000E+00,0.000000E+00,0.000000E+00,2.110805E+01,7.994772E+01,2.388827E+01,6.256804E+01
23:23:00,8.012670E+03,1.090285E+03,5.579059E-01,9.628701E-02,0.000000E+00,0.000000E+00,0.000000E+00,0.000000E+00,0.000000E+00,0.000000E+00,0.000000E+00,0.000000E+00,2.110805E+01,7.994772E+01,2.388827E+01,6.259010E+01
23:24:00,8.012670E+03,1.087860E+03,5.579059E-01,9.607291E-02,0.000000E+00,0.000000E+00,0.000000E+00,0.000000E+00,0.000000E+00,0.000000E+00,0.000000E+00,0.000000E+00,2.110805E+01,7.994772E+01,2.388827E+01,6.261217E+01
23:25:00,8.012670E+03,1.085440E+03,5.579059E-01,9.585914E-02,0.000000E+00,0.000000E+00,0.000000E+00,0.000000E+00,0.000000E+00,0.000000E+00,0.000000E+00,0.000000E+00,2.110805E+01,7.994772E+01,2.388827E+01,6.263424E+01
23:26:00,8.012670E+03,1.083023E+03,5.579059E-01,9.564572E-02,0.000000E+00,0.000000E+00,0.000000E+00,0.000000E+00,0.000000E+00,0.000000E+00,0.000000E+00,0.000000E+00,2.110805E+01,7.994772E+01,2.388827E+01,6.265632E+01
23:27:00,8.012670E+03,1.080611E+03,5.579059E-01,9.543264E-02,0.000000E+00,0.000000E+00,0.000000E+00,0.000000E+00,0.000000E+00,0.000000E+00,0.000000E+00,0.000000E+00,2.110805E+01,7.994772E+01,2.388827E+01,6.267840E+01
23:28:00,8.012670E+03,1.078202E+03,5.579059E-01,9.521989E-02,0.000000E+00,0.000000E+00,0.000000E+00,0.000000E+00,0.000000E+00,0.000000E+00,0.000000E+00,0.000000E+00,2.110805E+01,7.994772E+01,2.388827E+01,6.270048E+01
23:29:00,8.012670E+03,1.075797E+03,5.579059E-01,9.500748E-02,0.000000E+00,0.000000E+00,0.000000E+00,0.000000E+00,0.000000E+00,0.000000E+00,0.000000E+00,0.000000E+00,2.110805E+01,7.994772E+01,2.388828E+01,6.272258E+01
23:30:00,8.012670E+03,1.073395E+03,5.579059E-01,9.479541E-02,0.000000E+00,0.000000E+00,0.000000E+00,0.000000E+00,0.000000E+00,0.000000E+00,0.000000E+00,0.000000E+00,2.110805E+01,7.994772E+01,2.388828E+01,6.274467E+01
23:31:00,8.012670E+03,1.070998E+03,5.579059E-01,9.458368E-02,0.000000E+00,0.000000E+00,0.000000E+00,0.000000E+00,0.000000E+00,0.000000E+00,0.000000E+00,0.000000E+00,2.110805E+01,7.994772E+01,2.388828E+01,6.276677E+01
23:32:00,8.012670E+03,1.068604E+03,5.579059E-01,9.437228E-02,0.000000E+00,0.000000E+00,0.000000E+00,0.000000E+00,0.000000E+00,0.000000E+00,0.000000E+00,0.000000E+00,2.110805E+01,7.994772E+01,2.388828E+01,6.278888E+01
23:33:00,8.012670E+03,1.066214E+03,5.579059E-01,9.416121E-02,0.000000E+00,0.000000E+00,0.000000E+00,0.000000E+00,0.000000E+00,0.000000E+00,0.000000E+00,0.000000E+00,2.110805E+01,7.994772E+01,2.388828E+01,6.281099E+01
23:34:00,8.012670E+03,1.063828E+03,5.579059E-01,9.395047E-02,0.000000E+00,0.000000E+00,0.000000E+00,0.000000E+00,0.000000E+00,0.000000E+00,0.000000E+00,0.000000E+00,2.110805E+01,7.994772E+01,2.388828E+01,6.283312E+01
23:35:00,8.012670E+03,1.061446E+03,5.579059E-01,9.374007E-02,0.000000E+00,0.000000E+00,0.000000E+00,0.000000E+00,0.000000E+00,0.000000E+00,0.000000E+00,0.000000E+00,2.110805E+01,7.994772E+01,2.388828E+01,6.285524E+01
23:36:00,8.012670E+03,1.059067E+03,5.579059E-01,9.352999E-02,0.000000E+00,0.000000E+00,0.000000E+00,0.000000E+00,0.000000E+00,0.000000E+00,0.000000E+00,0.000000E+00,2.110805E+01,7.994772E+01,2.388828E+01,6.287737E+01
23:37:00,8.012670E+03,1.056692E+03,5.579059E-01,9.332025E-02,0.000000E+00,0.000000E+00,0.000000E+00,0.000000E+00,0.000000E+00,0.000000E+00,0.000000E+00,0.000000E+00,2.110805E+01,7.994772E+01,2.388828E+01,6.289951E+01
23:38:00,8.012670E+03,1.054321E+03,5.579059E-01,9.311084E-02,0.000000E+00,0.000000E+00,0.000000E+00,0.000000E+00,0.000000E+00,0.000000E+00,0.000000E+00,0.000000E+00,2.110805E+01,7.994772E+01,2.388828E+01,6.292166E+01
23:39:00,8.012670E+03,1.051954E+03,5.579059E-01,9.290175E-02,0.000000E+00,0.000000E+00,0.000000E+00,0.000000E+00,0.000000E+00,0.000000E+00,0.000000E+00,0.000000E+00,2.110805E+01,7.994772E+01,2.388828E+01,6.294381E+01
23:40:00,8.012670E+03,1.049590E+03,5.579059E-01,9.269299E-02,0.000000E+00,0.000000E+00,0.000000E+00,0.000000E+00,0.000000E+00,0.000000E+00,0.000000E+00,0.000000E+00,2.110805E+01,7.994772E+01,2.388828E+01,6.296597E+01
23:41:00,8.012670E+03,1.047230E+03,5.579059E-01,9.248455E-02,0.000000E+00,0.000000E+00,0.000000E+00,0.000000E+00,0.000000E+00,0.000000E+00,0.000000E+00,0.000000E+00,2.110805E+01,7.994772E+01,2.388828E+01,6.298813E+01
23:42:00,8.012670E+03,1.044873E+03,5.579059E-01,9.227644E-02,0.000000E+00,0.000000E+00,0.000000E+00,0.000000E+00,0.000000E+00,0.000000E+00,0.000000E+00,0.000000E+00,2.110805E+01,7.994772E+01,2.388829E+01,6.301031E+01
23:43:00,8.012670E+03,1.042520E+03,5.579059E-01,9.206865E-02,0.000000E+00,0.000000E+00,0.000000E+00,0.000000E+00,0.000000E+00,0.000000E+00,0.000000E+00,0.000000E+00,2.110805E+01,7.994772E+01,2.388829E+01,6.303249E+01
23:44:00,8.012670E+03,1.040171E+03,5.579059E-01,9.186119E-02,0.000000E+00,0.000000E+00,0.000000E+00,0.000000E+00,0.000000E+00,0.000000E+00,0.000000E+00,0.000000E+00,2.110805E+01,7.994772E+01,2.388829E+01,6.305468E+01
23:45:00,8.012670E+03,1.037826E+03,5.579059E-01,9.165404E-02,0.000000E+00,0.000000E+00,0.000000E+00,0.000000E+00,0.000000E+00,0.000000E+00,0.000000E+00,0.000000E+00,2.110805E+01,7.994772E+01,2.388829E+01,6.307687E+01
23:46:00,8.012670E+03,1.035484E+03,5.579059E-01,9.144722E-02,0.000000E+00,0.000000E+00,0.000000E+00,0.000000E+00,0.000000E+00,0.000000E+00,0.000000E+00,0.000000E+00,2.110805E+01,7.994772E+01,2.388829E+01,6.309907E+01
23:47:00,8.012670E+03,1.033146E+03,5.579059E-01,9.124072E-02,0.000000E+00,0.000000E+00,0.000000E+00,0.000000E+00,0.000000E+00,0.000000E+00,0.000000E+00,0.000000E+00,2.110805E+01,7.994772E+01,2.388829E+01,6.312128E+01
23:48:00,8.012670E+03,1.030811E+03,5.579059E-01,9.103453E-02,0.000000E+00,0.000000E+00,0.000000E+00,0.000000E+00,0.000000E+00,0.000000E+00,0.000000E+00,0.000000E+00,2.110805E+01,7.994772E+01,2.388829E+01,6.314350E+01
23:49:00,8.012670E+03,1.028480E+03,5.579059E-01,9.082866E-02,0.000000E+00,0.000000E+00,0.000000E+00,0.000000E+00,0.000000E+00,0.000000E+00,0.000000E+00,0.000000E+00,2.110805E+01,7.994772E+01,2.388829E+01,6.316572E+01
23:50:00,8.012670E+03,1.026153E+03,5.579059E-01,9.062311E-02,0.000000E+00,0.000000E+00,0.000000E+00,0.000000E+00,0.000000E+00,0.000000E+00,0.000000E+00,0.000000E+00,2.110805E+01,7.994772E+01,2.388829E+01,6.318796E+01
23:51:00,8.012670E+03,1.023829E+03,5.579059E-01,9.041787E-02,0.000000E+00,0.000000E+00,0.000000E+00,0.000000E+00,0.000000E+00,0.000000E+00,0.000000E+00,0.000000E+00,2.110805E+01,7.994772E+01,2.388829E+01,6.321020E+01
23:52:00,8.012670E+03,1.021508E+03,5.579059E-01,9.021295E-02,0.000000E+00,0.000000E+00,0.000000E+00,0.000000E+00,0.000000E+00,0.000000E+00,0.000000E+00,0.000000E+00,2.110805E+01,7.994772E+01,2.388829E+01,6.323245E+01
23:53:00,8.012670E+03,1.019192E+03,5.579059E-01,9.000834E-02,0.000000E+00,0.000000E+00,0.000000E+00,0.000000E+00,0.000000E+00,0.000000E+00,0.000000E+00,0.000000E+00,2.110805E+01,7.994772E+01,2.388829E+01,6.325471E+01
23:54:00,8.012670E+03,1.016878E+03,5.579059E-01,8.980404E-02,0.000000E+00,0.000000E+00,0.000000E+00,0.000000E+00,0.000000E+00,0.000000E+00,0.000000E+00,0.000000E+00,2.110805E+01,7.994772E+01,2.388829E+01,6.327697E+01
23:55:00,8.012670E+03,1.014569E+03,5.579059E-01,8.960006E-02,0.000000E+00,0.000000E+00,0.000000E+00,0.000000E+00,0.000000E+00,0.000000E+00,0.000000E+00,0.000000E+00,2.110805E+01,7.994772E+01,2.388830E+01,6.329925E+01
23:56:00,8.012670E+03,1.012262E+03,5.579059E-01,8.939638E-02,0.000000E+00,0.000000E+00,0.000000E+00,0.000000E+00,0.000000E+00,0.000000E+00,0.000000E+00,0.000000E+00,2.110805E+01,7.994772E+01,2.388830E+01,6.332153E+01
23:57:00,8.012670E+03,1.009960E+03,5.579059E-01,8.919301E-02,0.000000E+00,0.000000E+00,0.000000E+00,0.000000E+00,0.000000E+00,0.000000E+00,0.000000E+00,0.000000E+00,2.110805E+01,7.994772E+01,2.388830E+01,6.334382E+01
23:58:00,8.012670E+03,1.007660E+03,5.579059E-01,8.898995E-02,0.000000E+00,0.000000E+00,0.000000E+00,0.000000E+00,0.000000E+00,0.000000E+00,0.000000E+00,0.000000E+00,2.110805E+01,7.994772E+01,2.388830E+01,6.336612E+01
23:59:00,8.012670E+03,1.005365E+03,5.579059E-01,8.878720E-02,0.000000E+00,0.000000E+00,0.000000E+00,0.000000E+00,0.000000E+00,0.000000E+00,0.000000E+00,0.000000E+00,2.110805E+01,7.994772E+01,2.388830E+01,6.338843E+01
24:00:00,8.012670E+03,1.003072E+03,5.579059E-01,8.858475E-02,0.000000E+00,0.000000E+00,0.000000E+00,0.000000E+00,0.000000E+00,0.000000E+00,0.000000E+00,0.000000E+00,2.110805E+01,7.994772E+01,2.388830E+01,6.341075E+01
Peak,8.012670E+03,2.355211E+03,5.579059E-01,2.080024E-01,0.000000E+00,0.000000E+00,0.000000E+00,0.000000E+00,0.000000E+00,0.000000E+00,0.000000E+00,0.000000E+00,,,,

Peak Vol Flow (m3/s),,,4.736096E-01,1.765744E-01,,,0.000000E+00,0.000000E+00,,,,,,,,
