Time,LIVINGZONE:CHICAGO MIDWAY AP ANN HTG 99.6% CONDNS DB:Des Heat Load [W],LIVINGZONE:CHICAGO MIDWAY AP ANN CLG .4% CONDNS DB=>MWB:Des Sens Cool Load [W],LIVINGZONE:CHICAGO MIDWAY AP ANN HTG 99.6% CONDNS DB:Des Heat Mass Flow [kg/s],LIVINGZONE:CHICAGO MIDWAY AP ANN CLG .4% CONDNS DB=>MWB:Des Cool Mass Flow [kg/s],LIVINGZONE::Des Latent Heat Load [W],LIVINGZONE::Des Latent Cool Load [W],LIVINGZONE::Des Latent Heat Mass Flow [kg/s],LIVINGZONE::Des Latent Cool Mass Flow [kg/s],LIVINGZONE::Des Heat Load No DOAS [W],LIVINGZONE::Des Sens Cool Load No DOAS [W],LIVINGZONE::Des Latent Heat Load No DOAS [W],LIVINGZONE::Des Latent Cool Load No DOAS [W],LIVINGZONE:CHICAGO MIDWAY AP ANN HTG 99.6% CONDNS DB:Heating Zone Temperature [C],LIVINGZONE:CHICAGO MIDWAY AP ANN HTG 99.6% CONDNS DB:Heating Zone Relative Humidity [%],LIVINGZONE:CHICAGO MIDWAY AP ANN CLG .4% CONDNS DB=>MWB:Cooling Zone Temperature [C],LIVINGZONE:CHICAGO MIDWAY AP ANN CLG .4% CONDNS DB=>MWB:Cooling Zone Relative Humidity [%]
00:01:00,8.005766E+03,9.717778E+02,5.574252E-01,8.582094E-02,0.000000E+00,0.000000E+00,0.000000E+00,0.000000E+00,0.000000E+00,0.000000E+00,0.000000E+00,0.000000E+00,2.110805E+01,7.993587E+01,2.388831E+01,6.371614E+01
00:02:00,8.005766E+03,9.695505E+02,5.574252E-01,8.562423E-02,0.000000E+00,0.000000E+00,0.000000E+00,0.000000E+00,0.000000E+00,0.000000E+00,0.000000E+00,0.000000E+00,2.110805E+01,7.993587E+01,2.388831E+01,6.373849E+01
00:03:00,8.005765E+03,9.673293E+02,5.574252E-01,8.542806E-02,0.000000E+00,0.000000E+00,0.000000E+00,0.000000E+00,0.000000E+00,0.000000E+00,0.000000E+00,0.000000E+00,2.110805E+01,7.993587E+01,2.388831E+01,6.376081E+01
00:04:00,8.005765E+03,9.651143E+02,5.574252E-01,8.523245E-02,0.000000E+00,0.000000E+00,0.000000E+00,0.000000E+00,0.000000E+00,0.000000E+00,0.000000E+00,0.000000E+00,2.110805E+01,7.993587E+01,2.388831E+01,6.378308E+01
00:05:00,8.005765E+03,9.629055E+02,5.574252E-01,8.503737E-02,0.000000E+00,0.000000E+00,0.000000E+00,0.000000E+00,0.000000E+00,0.000000E+00,0.000000E+00,0.000000E+00,2.110805E+01,7.993587E+01,2.388831E+01,6.380532E+01
00:06:00,8.005765E+03,9.607028E+02,5.574252E-01,8.484284E-02,0.000000E+00,0.000000E+00,0.000000E+00,0.000000E+00,0.000000E+00,0.000000E+00,0.000000E+00,0.000000E+00,2.110805E+01,7.993587E+01,2.388831E+01,6.382751E+01
00:07:00,8.005765E+03,9.585063E+02,5.574252E-01,8.464885E-02,0.000000E+00,0.000000E+00,0.000000E+00,0.000000E+00,0.000000E+00,0.000000E+00,0.000000E+00,0.000000E+00,2.110805E+01,7.993587E+01,2.388831E+01,6.384966E+01
00:08:00,8.005765E+03,9.563159E+02,5.574252E-01,8.445540E-02,0.000000E+00,0.000000E+00,0.000000E+00,0.000000E+00,0.000000E+00,0.000000E+00,0.000000E+00,0.000000E+00,2.110805E+01,7.993587E+01,2.388831E+01,6.387178E+01
00:09:00,8.005765E+03,9.541316E+02,5.574252E-01,8.426249E-02,0.000000E+00,0.000000E+00,0.000000E+00,0.000000E+00,0.000000E+00,0.000000E+00,0.000000E+00,0.000000E+00,2.110805E+01,7.993587E+01,2.388832E+01,6.389386E+01
00:10:00,8.005765E+03,9.519534E+02,5.574252E-01,8.407012E-02,0.000000E+00,0.000000E+00,0.000000E+00,0.000000E+00,0.000000E+00,0.000000E+00,0.000000E+00,0.000000E+00,2.110805E+01,7.993587E+01,2.388832E+01,6.391591E+01
00:11:00,8.005765E+03,9.497813E+02,5.574252E-01,8.387829E-02,0.000000E+00,0.000000E+00,0.000000E+00,0.000000E+00,0.000000E+00,0.000000E+00,0.000000E+00,0.000000E+00,2.110805E+01,7.993587E+01,2.388832E+01,6.393792E+01
00:12:00,8.005765E+03,9.476153E+02,5.574252E-01,8.368700E-02,0.000000E+00,0.000000E+00,0.000000E+00,0.000000E+00,0.000000E+00,0.000000E+00,0.000000E+00,0.000000E+00,2.110805E+01,7.993587E+01,2.388832E+01,6.395991E+01
00:13:00,8.005765E+03,9.454553E+02,5.574252E-01,8.349624E-02,0.000000E+00,0.000000E+00,0.000000E+00,0.000000E+00,0.000000E+00,0.000000E+00,0.000000E+00,0.000000E+00,2.110805E+01,7.993587E+01,2.388832E+01,6.398186E+01
00:14:00,8.005765E+03,9.433014E+02,5.574252E-01,8.330602E-02,0.000000E+00,0.000000E+00,0.000000E+00,0.000000E+00,0.000000E+00,0.000000E+00,0.000000E+00,0.000000E+00,2.110805E+01,7.993587E+01,2.388832E+01,6.400378E+01
00:15:00,8.005765E+03,9.411536E+02,5.574252E-01,8.311633E-02,0.000000E+00,0.000000E+00,0.000000E+00,0.000000E+00,0.000000E+00,0.000000E+00,0.000000E+00,0.000000E+00,2.110805E+01,7.993587E+01,2.388832E+01,6.402568E+01
00:16:00,8.005765E+03,9.390118E+02,5.574252E-01,8.292718E-02,0.000000E+00,0.000000E+00,0.000000E+00,0.000000E+00,0.000000E+00,0.000000E+00,0.000000E+00,0.000000E+00,2.110805E+01,7.993587E+01,2.388832E+01,6.404754E+01
00:17:00,8.005765E+03,9.368761E+02,5.574251E-01,8.273856E-02,0.000000E+00,0.000000E+00,0.000000E+00,0.000000E+00,0.000000E+00,0.000000E+00,0.000000E+00,0.000000E+00,2.110805E+01,7.993587E+01,2.388832E+01,6.406938E+01
00:18:00,8.005765E+03,9.347464E+02,5.574251E-01,8.255047E-02,0.000000E+00,0.000000E+00,0.000000E+00,0.000000E+00,0.000000E+00,0.000000E+00,0.000000E+00,0.000000E+00,2.110805E+01,7.993587E+01,2.388832E+01,6.409120E+01
00:19:00,8.005765E+03,9.326227E+02,5.574251E-01,8.236292E-02,0.000000E+00,0.000000E+00,0.000000E+00,0.000000E+00,0.000000E+00,0.000000E+00,0.000000E+00,0.000000E+00,2.110805E+01,7.993587E+01,2.388832E+01,6.411299E+01
00:20:00,8.005765E+03,9.305050E+02,5.574251E-01,8.217589E-02,0.000000E+00,0.000000E+00,0.000000E+00,0.000000E+00,0.000000E+00,0.000000E+00,0.000000E+00,0.000000E+00,2.110805E+01,7.993587E+01,2.388832E+01,6.413476E+01
00:21:00,8.005765E+03,9.283932E+02,5.574251E-01,8.198939E-02,0.000000E+00,0.000000E+00,0.000000E+00,0.000000E+00,0.000000E+00,0.000000E+00,0.000000E+00,0.000000E+00,2.110805E+01,7.993587E+01,2.388832E+01,6.415650E+01
00:22:00,8.005765E+03,9.262875E+02,5.574251E-01,8.180342E-02,0.000000E+00,0.000000E+00,0.000000E+00,0.000000E+00,0.000000E+00,0.000000E+00,0.000000E+00,0.000000E+00,2.110805E+01,7.993587E+01,2.388832E+01,6.417822E+01
00:23:00,8.005765E+03,9.241877E+02,5.574251E-01,8.161798E-02,0.000000E+00,0.000000E+00,0.000000E+00,0.000000E+00,0.000000E+00,0.000000E+00,0.000000E+00,0.000000E+00,2.110805E+01,7.993587E+01,2.388832E+01,6.419992E+01
00:24:00,8.005764E+03,9.220939E+02,5.574251E-01,8.143306E-02,0.000000E+00,0.000000E+00,0.000000E+00,0.000000E+00,0.000000E+00,0.000000E+00,0.000000E+00,0.000000E+00,2.110805E+01,7.993587E+01,2.388833E+01,6.422160E+01
00:25:00,8.005764E+03,9.200061E+02,5.574251E-01,8.124867E-02,0.000000E+00,0.000000E+00,0.000000E+00,0.000000E+00,0.000000E+00,0.000000E+00,0.000000E+00,0.000000E+00,2.110805E+01,7.993587E+01,2.388833E+01,6.424326E+01
00:26:00,8.005764E+03,9.179241E+02,5.574251E-01,8.106480E-02,0.000000E+00,0.000000E+00,0.000000E+00,0.000000E+00,0.000000E+00,0.000000E+00,0.000000E+00,0.000000E+00,2.110805E+01,7.993587E+01,2.388833E+01,6.426490E+01
00:27:00,8.005764E+03,9.158481E+02,5.574251E-01,8.088146E-02,0.000000E+00,0.000000E+00,0.000000E+00,0.000000E+00,0.000000E+00,0.000000E+00,0.000000E+00,0.000000E+00,2.110805E+01,7.993587E+01,2.388833E+01,6.428652E+01
00:28:00,8.005764E+03,9.137781E+02,5.574251E-01,8.069864E-02,0.000000E+00,0.000000E+00,0.000000E+00,0.000000E+00,0.000000E+00,0.000000E+00,0.000000E+00,0.000000E+00,2.110805E+01,7.993587E+01,2.388833E+01,6.430813E+01
00:29:00,8.005764E+03,9.117139E+02,5.574251E-01,8.051634E-02,0.000000E+00,0.000000E+00,0.000000E+00,0.000000E+00,0.000000E+00,0.000000E+00,0.000000E+00,0.000000E+00,2.110805E+01,7.993587E+01,2.388833E+01,6.432972E+01
00:30:00,8.005764E+03,9.096556E+02,5.574251E-01,8.033456E-02,0.000000E+00,0.000000E+00,0.000000E+00,0.000000E+00,0.000000E+00,0.000000E+00,0.000000E+00,0.000000E+00,2.110805E+01,7.993587E+01,2.388833E+01,6.435129E+01
00:31:00,8.005764E+03,9.076033E+02,5.574251E-01,8.015331E-02,0.000000E+00,0.000000E+00,0.000000E+00,0.000000E+00,0.000000E+00,0.000000E+00,0.000000E+00,0.000000E+00,2.110805E+01,7.993587E+01,2.388833E+01,6.437285E+01
00:32:00,8.005764E+03,9.055567E+02,5.574251E-01,7.997257E-02,0.000000E+00,0.000000E+00,0.000000E+00,0.000000E+00,0.000000E+00,0.000000E+00,0.000000E+00,0.000000E+00,2.110805E+01,7.993587E+01,2.388833E+01,6.439440E+01
00:33:00,8.005764E+03,9.035161E+02,5.574251E-01,7.979235E-02,0.000000E+00,0.000000E+00,0.000000E+00,0.000000E+00,0.000000E+00,0.000000E+00,0.000000E+00,0.000000E+00,2.110805E+01,7.993587E+01,2.388833E+01,6.441593E+01
00:34:00,8.005764E+03,9.014813E+02,5.574251E-01,7.961264E-02,0.000000E+00,0.000000E+00,0.000000E+00,0.000000E+00,0.000000E+00,0.000000E+00,0.000000E+00,0.000000E+00,2.110805E+01,7.993587E+01,2.388833E+01,6.443744E+01
00:35:00,8.005764E+03,8.994524E+02,5.574251E-01,7.943346E-02,0.000000E+00,0.000000E+00,0.000000E+00,0.000000E+00,0.000000E+00,0.000000E+00,0.000000E+00,0.000000E+00,2.110805E+01,7.993587E+01,2.388833E+01,6.445894E+01
00:36:00,8.005764E+03,8.974293E+02,5.574251E-01,7.925479E-02,0.000000E+00,0.000000E+00,0.000000E+00,0.000000E+00,0.000000E+00,0.000000E+00,0.000000E+00,0.000000E+00,2.110805E+01,7.993587E+01,2.388833E+01,6.448044E+01
00:37:00,8.005764E+03,8.954120E+02,5.574251E-01,7.907663E-02,0.000000E+00,0.000000E+00,0.000000E+00,0.000000E+00,0.000000E+00,0.000000E+00,0.000000E+00,0.000000E+00,2.110805E+01,7.993587E+01,2.388833E+01,6.450191E+01
00:38:00,8.005764E+03,8.934006E+02,5.574251E-01,7.889899E-02,0.000000E+00,0.000000E+00,0.000000E+00,0.000000E+00,0.000000E+00,0.000000E+00,0.000000E+00,0.000000E+00,2.110805E+01,7.993587E+01,2.388834E+01,6.452338E+01
00:39:00,8.005764E+03,8.913950E+02,5.574251E-01,7.872186E-02,0.000000E+00,0.000000E+00,0.000000E+00,0.000000E+00,0.000000E+00,0.000000E+00,0.000000E+00,0.000000E+00,2.110805E+01,7.993587E+01,2.388834E+01,6.454484E+01
00:40:00,8.005764E+03,8.893951E+02,5.574251E-01,7.854524E-02,0.000000E+00,0.000000E+00,0.000000E+00,0.000000E+00,0.000000E+00,0.000000E+00,0.000000E+00,0.000000E+00,2.110805E+01,7.993587E+01,2.388834E+01,6.456629E+01
00:41:00,8.005764E+03,8.874011E+02,5.574251E-01,7.836914E-02,0.000000E+00,0.000000E+00,0.000000E+00,0.000000E+00,0.000000E+00,0.000000E+00,0.000000E+00,0.000000E+00,2.110805E+01,7.993587E+01,2.388834E+01,6.458772E+01
00:42:00,8.005764E+03,8.854128E+02,5.574251E-01,7.819354E-02,0.000000E+00,0.000000E+00,0.000000E+00,0.000000E+00,0.000000E+00,0.000000E+00,0.000000E+00,0.000000E+00,2.110805E+01,7.993587E+01,2.388834E+01,6.460915E+01
00:43:00,8.005764E+03,8.834303E+02,5.574251E-01,7.801845E-02,0.000000E+00,0.000000E+00,0.000000E+00,0.000000E+00,0.000000E+00,0.000000E+00,0.000000E+00,0.000000E+00,2.110805E+01,7.993587E+01,2.388834E+01,6.463057E+01
00:44:00,8.005764E+03,8.814535E+02,5.574251E-01,7.784388E-02,0.000000E+00,0.000000E+00,0.000000E+00,0.000000E+00,0.000000E+00,0.000000E+00,0.000000E+00,0.000000E+00,2.110805E+01,7.993587E+01,2.388834E+01,6.465198E+01
00:45:00,8.005764E+03,8.794825E+02,5.574251E-01,7.766981E-02,0.000000E+00,0.000000E+00,0.000000E+00,0.000000E+00,0.000000E+00,0.000000E+00,0.000000E+00,0.000000E+00,2.110805E+01,7.993587E+01,2.388834E+01,6.467338E+01
00:46:00,8.005764E+03,8.775173E+02,5.574251E-01,7.749624E-02,0.000000E+00,0.000000E+00,0.000000E+00,0.000000E+00,0.000000E+00,0.000000E+00,0.000000E+00,0.000000E+00,2.110805E+01,7.993587E+01,2.388834E+01,6.469477E+01
00:47:00,8.005763E+03,8.755577E+02,5.574251E-01,7.732319E-02,0.000000E+00,0.000000E+00,0.000000E+00,0.000000E+00,0.000000E+00,0.000000E+00,0.000000E+00,0.000000E+00,2.110805E+01,7.993587E+01,2.388834E+01,6.471616E+01
00:48:00,8.005763E+03,8.736039E+02,5.574251E-01,7.715063E-02,0.000000E+00,0.000000E+00,0.000000E+00,0.000000E+00,0.000000E+00,0.000000E+00,0.000000E+00,0.000000E+00,2.110805E+01,7.993587E+01,2.388834E+01,6.473754E+01
00:49:00,8.005763E+03,8.716558E+02,5.574250E-01,7.697859E-02,0.000000E+00,0.000000E+00,0.000000E+00,0.000000E+00,0.000000E+00,0.000000E+00,0.000000E+00,0.000000E+00,2.110805E+01,7.993587E+01,2.388834E+01,6.475892E+01
00:50:00,8.005763E+03,8.697134E+02,5.574250E-01,7.680704E-02,0.000000E+00,0.000000E+00,0.000000E+00,0.000000E+00,0.000000E+00,0.000000E+00,0.000000E+00,0.000000E+00,2.110805E+01,7.993587E+01,2.388834E+01,6.478028E+01
00:51:00,8.005763E+03,8.677767E+02,5.574250E-01,7.663600E-02,0.000000E+00,0.000000E+00,0.000000E+00,0.000000E+00,0.000000E+00,0.000000E+00,0.000000E+00,0.000000E+00,2.110805E+01,7.993587E+01,2.388834E+01,6.480165E+01
00:52:00,8.005763E+03,8.658457E+02,5.574250E-01,7.646546E-02,0.000000E+00,0.000000E+00,0.000000E+00,0.000000E+00,0.000000E+00,0.000000E+00,0.000000E+00,0.000000E+00,2.110805E+01,7.993587E+01,2.388835E+01,6.482301E+01
00:53:00,8.005763E+03,8.639204E+02,5.574250E-01,7.629543E-02,0.000000E+00,0.000000E+00,0.000000E+00,0.000000E+00,0.000000E+00,0.000000E+00,0.000000E+00,0.000000E+00,2.110805E+01,7.993587E+01,2.388835E+01,6.484436E+01
00:54:00,8.005763E+03,8.620007E+02,5.574250E-01,7.612589E-02,0.000000E+00,0.000000E+00,0.000000E+00,0.000000E+00,0.000000E+00,0.000000E+00,0.000000E+00,0.000000E+00,2.110805E+01,7.993587E+01,2.388835E+01,6.486570E+01
00:55:00,8.005763E+03,8.600867E+02,5.574250E-01,7.595685E-02,0.000000E+00,0.000000E+00,0.000000E+00,0.000000E+00,0.000000E+00,0.000000E+00,0.000000E+00,0.000000E+00,2.110805E+01,7.993587E+01,2.388835E+01,6.488705E+01
00:56:00,8.005763E+03,8.581783E+02,5.574250E-01,7.578831E-02,0.000000E+00,0.000000E+00,0.000000E+00,0.000000E+00,0.000000E+00,0.000000E+00,0.000000E+00,0.000000E+00,2.110805E+01,7.993587E+01,2.388835E+01,6.490839E+01
00:57:00,8.005763E+03,8.562756E+02,5.574250E-01,7.562027E-02,0.000000E+00,0.000000E+00,0.000000E+00,0.000000E+00,0.000000E+00,0.000000E+00,0.000000E+00,0.000000E+00,2.110805E+01,7.993587E+01,2.388835E+01,6.492972E+01
00:58:00,8.005763E+03,8.543785E+02,5.574250E-01,7.545273E-02,0.000000E+00,0.000000E+00,0.000000E+00,0.000000E+00,0.000000E+00,0.000000E+00,0.000000E+00,0.000000E+00,2.110805E+01,7.993587E+01,2.388835E+01,6.495106E+01
00:59:00,8.005763E+03,8.524870E+02,5.574250E-01,7.528568E-02,0.000000E+00,0.000000E+00,0.000000E+00,0.000000E+00,0.000000E+00,0.000000E+00,0.000000E+00,0.000000E+00,2.110805E+01,7.993587E+01,2.388835E+01,6.497238E+01
01:00:00,8.005763E+03,8.506011E+02,5.574250E-01,7.511913E-02,0.000000E+00,0.000000E+00,0.000000E+00,0.000000E+00,0.000000E+00,0.000000E+00,0.000000E+00,0.000000E+00,2.110805E+01,7.993587E+01,2.388835E+01,6.499371E+01
01:01:00,8.005763E+03,8.487239E+02,5.574250E-01,7.495334E-02,0.000000E+00,0.000000E+00,0.000000E+00,0.000000E+00,0.000000E+00,0.000000E+00,0.000000E+00,0.000000E+00,2.110805E+01,7.993587E+01,2.388835E+01,6.501504E+01
01:02:00,8.005763E+03,8.468551E+02,5.574250E-01,7.478830E-02,0.000000E+00,0.000000E+00,0.000000E+00,0.000000E+00,0.000000E+00,0.000000E+00,0.000000E+00,0.000000E+00,2.110805E+01,7.993587E+01,2.388835E+01,6.503630E+01
01:03:00,8.005763E+03,8.449947E+02,5.574250E-01,7.462400E-02,0.000000E+00,0.000000E+00,0.000000E+00,0.000000E+00,0.000000E+00,0.000000E+00,0.000000E+00,0.000000E+00,2.110805E+01,7.993587E+01,2.388835E+01,6.505746E+01
01:04:00,8.005763E+03,8.431428E+02,5.574250E-01,7.446044E-02,0.000000E+00,0.000000E+00,0.000000E+00,0.000000E+00,0.000000E+00,0.000000E+00,0.000000E+00,0.000000E+00,2.110805E+01,7.993587E+01,2.388835E+01,6.507851E+01
01:05:00,8.005763E+03,8.412992E+02,5.574250E-01,7.429762E-02,0.000000E+00,0.000000E+00,0.000000E+00,0.000000E+00,0.000000E+00,0.000000E+00,0.000000E+00,0.000000E+00,2.110805E+01,7.993587E+01,2.388835E+01,6.509945E+01
01:06:00,8.005763E+03,8.394640E+02,5.574250E-01,7.413555E-02,0.000000E+00,0.000000E+00,0.000000E+00,0.000000E+00,0.000000E+00,0.000000E+00,0.000000E+00,0.000000E+00,2.110805E+01,7.993587E+01,2.388835E+01,6.512028E+01
01:07:00,8.005763E+03,8.376373E+02,5.574250E-01,7.397422E-02,0.000000E+00,0.000000E+00,0.000000E+00,0.000000E+00,0.000000E+00,0.000000E+00,0.000000E+00,0.000000E+00,2.110805E+01,7.993587E+01,2.388835E+01,6.514101E+01
01:08:00,8.005763E+03,8.358189E+02,5.574250E-01,7.381363E-02,0.000000E+00,0.000000E+00,0.000000E+00,0.000000E+00,0.000000E+00,0.000000E+00,0.000000E+00,0.000000E+00,2.110805E+01,7.993587E+01,2.388836E+01,6.516165E+01
01:09:00,8.005763E+03,8.340089E+02,5.574250E-01,7.365378E-02,0.000000E+00,0.000000E+00,0.000000E+00,0.000000E+00,0.000000E+00,0.000000E+00,0.000000E+00,0.000000E+00,2.110805E+01,7.993587E+01,2.388836E+01,6.518219E+01
01:10:00,8.005763E+03,8.322072E+02,5.574250E-01,7.349466E-02,0.000000E+00,0.000000E+00,0.000000E+00,0.000000E+00,0.000000E+00,0.000000E+00,0.000000E+00,0.000000E+00,2.110805E+01,7.993587E+01,2.388836E+01,6.520264E+01
01:11:00,8.005763E+03,8.304139E+02,5.574250E-01,7.333629E-02,0.000000E+00,0.000000E+00,0.000000E+00,0.000000E+00,0.000000E+00,0.000000E+00,0.000000E+00,0.000000E+00,2.110805E+01,7.993587E+01,2.388836E+01,6.522299E+01
01:12:00,8.005763E+03,8.286290E+02,5.574250E-01,7.317865E-02,0.000000E+00,0.000000E+00,0.000000E+00,0.000000E+00,0.000000E+00,0.000000E+00,0.000000E+00,0.000000E+00,2.110805E+01,7.993587E+01,2.388836E+01,6.524326E+01
01:13:00,8.005763E+03,8.268524E+02,5.574250E-01,7.302175E-02,0.000000E+00,0.000000E+00,0.000000E+00,0.000000E+00,0.000000E+00,0.000000E+00,0.000000E+00,0.000000E+00,2.110805E+01,7.993587E+01,2.388836E+01,6.526345E+01
01:14:00,8.005763E+03,8.250842E+02,5.574250E-01,7.286559E-02,0.000000E+00,0.000000E+00,0.000000E+00,0.000000E+00,0.000000E+00,0.000000E+00,0.000000E+00,0.000000E+00,2.110805E+01,7.993587E+01,2.388836E+01,6.528355E+01
01:15:00,8.005763E+03,8.233243E+02,5.574250E-01,7.271016E-02,0.000000E+00,0.000000E+00,0.000000E+00,0.000000E+00,0.000000E+00,0.000000E+00,0.000000E+00,0.000000E+00,2.110805E+01,7.993587E+01,2.388836E+01,6.530357E+01
01:16:00,8.005763E+03,8.215727E+02,5.574250E-01,7.255547E-02,0.000000E+00,0.000000E+00,0.000000E+00,0.000000E+00,0.000000E+00,0.000000E+00,0.000000E+00,0.000000E+00,2.110805E+01,7.993587E+01,2.388836E+01,6.532351E+01
01:17:00,8.005763E+03,8.198295E+02,5.574250E-01,7.240152E-02,0.000000E+00,0.000000E+00,0.000000E+00,0.000000E+00,0.000000E+00,0.000000E+00,0.000000E+00,0.000000E+00,2.110805E+01,7.993587E+01,2.388836E+01,6.534338E+01
01:18:00,8.005763E+03,8.180945E+02,5.574250E-01,7.224829E-02,0.000000E+00,0.000000E+00,0.000000E+00,0.000000E+00,0.000000E+00,0.000000E+00,0.000000E+00,0.000000E+00,2.110805E+01,7.993587E+01,2.388836E+01,6.536317E+01
01:19:00,8.005763E+03,8.163679E+02,5.574250E-01,7.209581E-02,0.000000E+00,0.000000E+00,0.000000E+00,0.000000E+00,0.000000E+00,0.000000E+00,0.000000E+00,0.000000E+00,2.110805E+01,7.993587E+01,2.388836E+01,6.538289E+01
01:20:00,8.005763E+03,8.146496E+02,5.574250E-01,7.194405E-02,0.000000E+00,0.000000E+00,0.000000E+00,0.000000E+00,0.000000E+00,0.000000E+00,0.000000E+00,0.000000E+00,2.110805E+01,7.993587E+01,2.388836E+01,6.540254E+01
01:21:00,8.005763E+03,8.129395E+02,5.574250E-01,7.179303E-02,0.000000E+00,0.000000E+00,0.000000E+00,0.000000E+00,0.000000E+00,0.000000E+00,0.000000E+00,0.000000E+00,2.110805E+01,7.993587E+01,2.388836E+01,6.542212E+01
01:22:00,8.005763E+03,8.112377E+02,5.574250E-01,7.164273E-02,0.000000E+00,0.000000E+00,0.000000E+00,0.000000E+00,0.000000E+00,0.000000E+00,0.000000E+00,0.000000E+00,2.110805E+01,7.993587E+01,2.388836E+01,6.544163E+01
01:23:00,8.005763E+03,8.095443E+02,5.574250E-01,7.149317E-02,0.000000E+00,0.000000E+00,0.000000E+00,0.000000E+00,0.000000E+00,0.000000E+00,0.000000E+00,0.000000E+00,2.110805E+01,7.993587E+01,2.388836E+01,6.546108E+01
01:24:00,8.005763E+03,8.078591E+02,5.574250E-01,7.134435E-02,0.000000E+00,0.000000E+00,0.000000E+00,0.000000E+00,0.000000E+00,0.000000E+00,0.000000E+00,0.000000E+00,2.110805E+01,7.993587E+01,2.388836E+01,6.548046E+01
01:25:00,8.005763E+03,8.061821E+02,5.574250E-01,7.119625E-02,0.000000E+00,0.000000E+00,0.000000E+00,0.000000E+00,0.000000E+00,0.000000E+00,0.000000E+00,0.000000E+00,2.110805E+01,7.993587E+01,2.388836E+01,6.549978E+01
01:26:00,8.005763E+03,8.045135E+02,5.574250E-01,7.104888E-02,0.000000E+00,0.000000E+00,0.000000E+00,0.000000E+00,0.000000E+00,0.000000E+00,0.000000E+00,0.000000E+00,2.110805E+01,7.993587E+01,2.388836E+01,6.551904E+01
01:27:00,8.005763E+03,8.028530E+02,5.574250E-01,7.090224E-02,0.000000E+00,0.000000E+00,0.000000E+00,0.000000E+00,0.000000E+00,0.000000E+00,0.000000E+00,0.000000E+00,2.110805E+01,7.993587E+01,2.388837E+01,6.553825E+01
01:28:00,8.005763E+03,8.012009E+02,5.574250E-01,7.075632E-02,0.000000E+00,0.000000E+00,0.000000E+00,0.000000E+00,0.000000E+00,0.000000E+00,0.000000E+00,0.000000E+00,2.110805E+01,7.993587E+01,2.388837E+01,6.555739E+01
01:29:00,8.005763E+03,7.995569E+02,5.574250E-01,7.061114E-02,0.000000E+00,0.000000E+00,0.000000E+00,0.000000E+00,0.000000E+00,0.000000E+00,0.000000E+00,0.000000E+00,2.110805E+01,7.993587E+01,2.388837E+01,6.557648E+01
01:30:00,8.005763E+03,7.979213E+02,5.574250E-01,7.046668E-02,0.000000E+00,0.000000E+00,0.000000E+00,0.000000E+00,0.000000E+00,0.000000E+00,0.000000E+00,0.000000E+00,2.110805E+01,7.993587E+01,2.388837E+01,6.559552E+01
01:31:00,8.005763E+03,7.962938E+02,5.574250E-01,7.032296E-02,0.000000E+00,0.000000E+00,0.000000E+00,0.000000E+00,0.000000E+00,0.000000E+00,0.000000E+00,0.000000E+00,2.110805E+01,7.993587E+01,2.388837E+01,6.561450E+01
01:32:00,8.005763E+03,7.946746E+02,5.574250E-01,7.017995E-02,0.000000E+00,0.000000E+00,0.000000E+00,0.000000E+00,0.000000E+00,0.000000E+00,0.000000E+00,0.000000E+00,2.110805E+01,7.993587E+01,2.388837E+01,6.563343E+01
01:33:00,8.005763E+03,7.930636E+02,5.574250E-01,7.003768E-02,0.000000E+00,0.000000E+00,0.000000E+00,0.000000E+00,0.000000E+00,0.000000E+00,0.000000E+00,0.000000E+00,2.110805E+01,7.993587E+01,2.388837E+01,6.565231E+01
01:34:00,8.005763E+03,7.914608E+02,5.574250E-01,6.989612E-02,0.000000E+00,0.000000E+00,0.000000E+00,0.000000E+00,0.000000E+00,0.000000E+00,0.000000E+00,0.000000E+00,2.110805E+01,7.993587E+01,2.388837E+01,6.567114E+01
01:35:00,8.005763E+03,7.898662E+02,5.574250E-01,6.975530E-02,0.000000E+00,0.000000E+00,0.000000E+00,0.000000E+00,0.000000E+00,0.000000E+00,0.000000E+00,0.000000E+00,2.110805E+01,7.993587E+01,2.388837E+01,6.568992E+01
01:36:00,8.005763E+03,7.882798E+02,5.574250E-01,6.961520E-02,0.000000E+00,0.000000E+00,0.000000E+00,0.000000E+00,0.000000E+00,0.000000E+00,0.000000E+00,0.000000E+00,2.110805E+01,7.993587E+01,2.388837E+01,6.570866E+01
01:37:00,8.005763E+03,7.867016E+02,5.574250E-01,6.947582E-02,0.000000E+00,0.000000E+00,0.000000E+00,0.000000E+00,0.000000E+00,0.000000E+00,0.000000E+00,0.000000E+00,2.110805E+01,7.993587E+01,2.388837E+01,6.572735E+01
01:38:00,8.005763E+03,7.851316E+02,5.574250E-01,6.933717E-02,0.000000E+00,0.000000E+00,0.000000E+00,0.000000E+00,0.000000E+00,0.000000E+00,0.000000E+00,0.000000E+00,2.110805E+01,7.993587E+01,2.388837E+01,6.574600E+01
01:39:00,8.005763E+03,7.835699E+02,5.574250E-01,6.919924E-02,0.000000E+00,0.000000E+00,0.000000E+00,0.000000E+00,0.000000E+00,0.000000E+00,0.000000E+00,0.000000E+00,2.110805E+01,7.993587E+01,2.388837E+01,6.576460E+01
01:40:00,8.005763E+03,7.820162E+02,5.574250E-01,6.906203E-02,0.000000E+00,0.000000E+00,0.000000E+00,0.000000E+00,0.000000E+00,0.000000E+00,0.000000E+00,0.000000E+00,2.110805E+01,7.993587E+01,2.388837E+01,6.578316E+01
01:41:00,8.005763E+03,7.804708E+02,5.574250E-01,6.892555E-02,0.000000E+00,0.000000E+00,0.000000E+00,0.000000E+00,0.000000E+00,0.000000E+00,0.000000E+00,0.000000E+00,2.110805E+01,7.993587E+01,2.388837E+01,6.580168E+01
01:42:00,8.005763E+03,7.789336E+02,5.574250E-01,6.878978E-02,0.000000E+00,0.000000E+00,0.000000E+00,0.000000E+00,0.000000E+00,0.000000E+00,0.000000E+00,0.000000E+00,2.110805E+01,7.993587E+01,2.388837E+01,6.582015E+01
01:43:00,8.005763E+03,7.774045E+02,5.574250E-01,6.865474E-02,0.000000E+00,0.000000E+00,0.000000E+00,0.000000E+00,0.000000E+00,0.000000E+00,0.000000E+00,0.000000E+00,2.110805E+01,7.993587E+01,2.388837E+01,6.583860E+01
01:44:00,8.005763E+03,7.758836E+02,5.574250E-01,6.852042E-02,0.000000E+00,0.000000E+00,0.000000E+00,0.000000E+00,0.000000E+00,0.000000E+00,0.000000E+00,0.000000E+00,2.110805E+01,7.993587E+01,2.388837E+01,6.585700E+01
01:45:00,8.005763E+03,7.743708E+02,5.574250E-01,6.838682E-02,0.000000E+00,0.000000E+00,0.000000E+00,0.000000E+00,0.000000E+00,0.000000E+00,0.000000E+00,0.000000E+00,2.110805E+01,7.993587E+01,2.388838E+01,6.587536E+01
01:46:00,8.005763E+03,7.728662E+02,5.574250E-01,6.825395E-02,0.000000E+00,0.000000E+00,0.000000E+00,0.000000E+00,0.000000E+00,0.000000E+00,0.000000E+00,0.000000E+00,2.110805E+01,7.993587E+01,2.388838E+01,6.589369E+01
01:47:00,8.005763E+03,7.713698E+02,5.574250E-01,6.812179E-02,0.000000E+00,0.000000E+00,0.000000E+00,0.000000E+00,0.000000E+00,0.000000E+00,0.000000E+00,0.000000E+00,2.110805E+01,7.993587E+01,2.388838E+01,6.591198E+01
01:48:00,8.005763E+03,7.698815E+02,5.574250E-01,6.799035E-02,0.000000E+00,0.000000E+00,0.000000E+00,0.000000E+00,0.000000E+00,0.000000E+00,0.000000E+00,0.000000E+00,2.110805E+01,7.993587E+01,2.388838E+01,6.593023E+01
01:49:00,8.005763E+03,7.684014E+02,5.574250E-01,6.785963E-02,0.000000E+00,0.000000E+00,0.000000E+00,0.000000E+00,0.000000E+00,0.000000E+00,0.000000E+00,0.000000E+00,2.110805E+01,7.993587E+01,2.388838E+01,6.594845E+01
01:50:00,8.005763E+03,7.669294E+02,5.574250E-01,6.772963E-02,0.000000E+00,0.000000E+00,0.000000E+00,0.000000E+00,0.000000E+00,0.000000E+00,0.000000E+00,0.000000E+00,2.110805E+01,7.993587E+01,2.388838E+01,6.596664E+01
01:51:00,8.005763E+03,7.654655E+02,5.574250E-01,6.760035E-02,0.000000E+00,0.000000E+00,0.000000E+00,0.000000E+00,0.000000E+00,0.000000E+00,0.000000E+00,0.000000E+00,2.110805E+01,7.993587E+01,2.388838E+01,6.598480E+01
01:52:00,8.005763E+03,7.640098E+02,5.574250E-01,6.747179E-02,0.000000E+00,0.000000E+00,0.000000E+00,0.000000E+00,0.000000E+00,0.000000E+00,0.000000E+00,0.000000E+00,2.110805E+01,7.993587E+01,2.388838E+01,6.600292E+01
01:53:00,8.005763E+03,7.625622E+02,5.574250E-01,6.734394E-02,0.000000E+00,0.000000E+00,0.000000E+00,0.000000E+00,0.000000E+00,0.000000E+00,0.000000E+00,0.000000E+00,2.110805E+01,7.993587E+01,2.388838E+01,6.602101E+01
01:54:00,8.005763E+03,7.611227E+02,5.574250E-01,6.721682E-02,0.000000E+00,0.000000E+00,0.000000E+00,0.000000E+00,0.000000E+00,0.000000E+00,0.000000E+00,0.000000E+00,2.110805E+01,7.993587E+01,2.388838E+01,6.603907E+01
01:55:00,8.005763E+03,7.596914E+02,5.574250E-01,6.709041E-02,0.000000E+00,0.000000E+00,0.000000E+00,0.000000E+00,0.000000E+00,0.000000E+00,0.000000E+00,0.000000E+00,2.110805E+01,7.993587E+01,2.388838E+01,6.605710E+01
01:56:00,8.005763E+03,7.582682E+02,5.574250E-01,6.696472E-02,0.000000E+00,0.000000E+00,0.000000E+00,0.000000E+00,0.000000E+00,0.000000E+00,0.000000E+00,0.000000E+00,2.110805E+01,7.993587E+01,2.388838E+01,6.607511E+01
01:57:00,8.005763E+03,7.568531E+02,5.574250E-01,6.683974E-02,0.000000E+00,0.000000E+00,0.000000E+00,0.000000E+00,0.000000E+00,0.000000E+00,0.000000E+00,0.000000E+00,2.110805E+01,7.993587E+01,2.388838E+01,6.609308E+01
01:58:00,8.005763E+03,7.554461E+02,5.574250E-01,6.671549E-02,0.000000E+00,0.000000E+00,0.000000E+00,0.000000E+00,0.000000E+00,0.000000E+00,0.000000E+00,0.000000E+00,2.110805E+01,7.993587E+01,2.388838E+01,6.611102E+01
01:59:00,8.005763E+03,7.540473E+02,5.574250E-01,6.659195E-02,0.000000E+00,0.000000E+00,0.000000E+00,0.000000E+00,0.000000E+00,0.000000E+00,0.000000E+00,0.000000E+00,2.110805E+01,7.993587E+01,2.388838E+01,6.612894E+01
02:00:00,8.005763E+03,7.526565E+02,5.574250E-01,6.646912E-02,0.000000E+00,0.000000E+00,0.000000E+00,0.000000E+00,0.000000E+00,0.000000E+00,0.000000E+00,0.000000E+00,2.110805E+01,7.993587E+01,2.388838E+01,6.614683E+01
02:01:00,8.005763E+03,7.512710E+02,5.574250E-01,6.634676E-02,0.000000E+00,0.000000E+00,0.000000E+00,0.000000E+00,0.000000E+00,0.000000E+00,0.000000E+00,0.000000E+00,2.110805E+01,7.993587E+01,2.388838E+01,6.616469E+01
02:02:00,8.005763E+03,7.498908E+02,5.574250E-01,6.622486E-02,0.000000E+00,0.000000E+00,0.000000E+00,0.000000E+00,0.000000E+00,0.000000E+00,0.000000E+00,0.000000E+00,2.110805E+01,7.993587E+01,2.388838E+01,6.618250E+01
02:03:00,8.005763E+03,7.485158E+02,5.574250E-01,6.610343E-02,0.000000E+00,0.000000E+00,0.000000E+00,0.000000E+00,0.000000E+00,0.000000E+00,0.000000E+00,0.000000E+00,2.110805E+01,7.993587E+01,2.388839E+01,6.620023E+01
02:04:00,8.005763E+03,7.471461E+02,5.574250E-01,6.598247E-02,0.000000E+00,0.000000E+00,0.000000E+00,0.000000E+00,0.000000E+00,0.000000E+00,0.000000E+00,0.000000E+00,2.110805E+01,7.993587E+01,2.388839E+01,6.621788E+01
02:05:00,8.005763E+03,7.457816E+02,5.574250E-01,6.586197E-02,0.000000E+00,0.000000E+00,0.000000E+00,0.000000E+00,0.000000E+00,0.000000E+00,0.000000E+00,0.000000E+00,2.110805E+01,7.993587E+01,2.388839E+01,6.623544E+01
02:06:00,8.005763E+03,7.444224E+02,5.574250E-01,6.574193E-02,0.000000E+00,0.000000E+00,0.000000E+00,0.000000E+00,0.000000E+00,0.000000E+00,0.000000E+00,0.000000E+00,2.110805E+01,7.993587E+01,2.388839E+01,6.625293E+01
02:07:00,8.005763E+03,7.430685E+02,5.574250E-01,6.562236E-02,0.000000E+00,0.000000E+00,0.000000E+00,0.000000E+00,0.000000E+00,0.000000E+00,0.000000E+00,0.000000E+00,2.110805E+01,7.993587E+01,2.388839E+01,6.627034E+01
02:08:00,8.005763E+03,7.417199E+02,5.574250E-01,6.550325E-02,0.000000E+00,0.000000E+00,0.000000E+00,0.000000E+00,0.000000E+00,0.000000E+00,0.000000E+00,0.000000E+00,2.110805E+01,7.993587E+01,2.388839E+01,6.628768E+01
02:09:00,8.005763E+03,7.403764E+02,5.574250E-01,6.538461E-02,0.000000E+00,0.000000E+00,0.000000E+00,0.000000E+00,0.000000E+00,0.000000E+00,0.000000E+00,0.000000E+00,2.110805E+01,7.993587E+01,2.388839E+01,6.630494E+01
02:10:00,8.005763E+03,7.390383E+02,5.574250E-01,6.526643E-02,0.000000E+00,0.000000E+00,0.000000E+00,0.000000E+00,0.000000E+00,0.000000E+00,0.000000E+00,0.000000E+00,2.110805E+01,7.993587E+01,2.388839E+01,6.632214E+01
02:11:00,8.005763E+03,7.377054E+02,5.574250E-01,6.514871E-02,0.000000E+00,0.000000E+00,0.000000E+00,0.000000E+00,0.000000E+00,0.000000E+00,0.000000E+00,0.000000E+00,2.110805E+01,7.993587E+01,2.388839E+01,6.633926E+01
02:12:00,8.005763E+03,7.363777E+02,5.574250E-01,6.503146E-02,0.000000E+00,0.000000E+00,0.000000E+00,0.000000E+00,0.000000E+00,0.000000E+00,0.000000E+00,0.000000E+00,2.110805E+01,7.993587E+01,2.388839E+01,6.635632E+01
02:13:00,8.005763E+03,7.350553E+02,5.574250E-01,6.491467E-02,0.000000E+00,0.000000E+00,0.000000E+00,0.000000E+00,0.000000E+00,0.000000E+00,0.000000E+00,0.000000E+00,2.110805E+01,7.993587E+01,2.388839E+01,6.637331E+01
02:14:00,8.005763E+03,7.337381E+02,5.574250E-01,6.479835E-02,0.000000E+00,0.000000E+00,0.000000E+00,0.000000E+00,0.000000E+00,0.000000E+00,0.000000E+00,0.000000E+00,2.110805E+01,7.993587E+01,2.388839E+01,6.639024E+01
02:15:00,8.005763E+03,7.324262E+02,5.574250E-01,6.468248E-02,0.000000E+00,0.000000E+00,0.000000E+00,0.000000E+00,0.000000E+00,0.000000E+00,0.000000E+00,0.000000E+00,2.110805E+01,7.993587E+01,2.388839E+01,6.640710E+01
02:16:00,8.005763E+03,7.311195E+02,5.574250E-01,6.456708E-02,0.000000E+00,0.000000E+00,0.000000E+00,0.000000E+00,0.000000E+00,0.000000E+00,0.000000E+00,0.000000E+00,2.110805E+01,7.993587E+01,2.388839E+01,6.642390E+01
02:17:00,8.005763E+03,7.298181E+02,5.574250E-01,6.445215E-02,0.000000E+00,0.000000E+00,0.000000E+00,0.000000E+00,0.000000E+00,0.000000E+00,0.000000E+00,0.000000E+00,2.110805E+01,7.993587E+01,2.388839E+01,6.644064E+01
02:18:00,8.005763E+03,7.285219E+02,5.574250E-01,6.433768E-02,0.000000E+00,0.000000E+00,0.000000E+00,0.000000E+00,0.000000E+00,0.000000E+00,0.000000E+00,0.000000E+00,2.110805E+01,7.993587E+01,2.388839E+01,6.645732E+01
02:19:00,8.005763E+03,7.272310E+02,5.574250E-01,6.422367E-02,0.000000E+00,0.000000E+00,0.000000E+00,0.000000E+00,0.000000E+00,0.000000E+00,0.000000E+00,0.000000E+00,2.110805E+01,7.993587E+01,2.388839E+01,6.647395E+01
02:20:00,8.005763E+03,7.259453E+02,5.574250E-01,6.411012E-02,0.000000E+00,0.000000E+00,0.000000E+00,0.000000E+00,0.000000E+00,0.000000E+00,0.000000E+00,0.000000E+00,2.110805E+01,7.993587E+01,2.388839E+01,6.649051E+01
02:21:00,8.005763E+03,7.246648E+02,5.574250E-01,6.399704E-02,0.000000E+00,0.000000E+00,0.000000E+00,0.000000E+00,0.000000E+00,0.000000E+00,0.000000E+00,0.000000E+00,2.110805E+01,7.993587E+01,2.388839E+01,6.650702E+01
02:22:00,8.005763E+03,7.233896E+02,5.574250E-01,6.388442E-02,0.000000E+00,0.000000E+00,0.000000E+00,0.000000E+00,0.000000E+00,0.000000E+00,0.000000E+00,0.000000E+00,2.110805E+01,7.993587E+01,2.388839E+01,6.652347E+01
02:23:00,8.005763E+03,7.221197E+02,5.574250E-01,6.377226E-02,0.000000E+00,0.000000E+00,0.000000E+00,0.000000E+00,0.000000E+00,0.000000E+00,0.000000E+00,0.000000E+00,2.110805E+01,7.993587E+01,2.388839E+01,6.653987E+01
02:24:00,8.005763E+03,7.208550E+02,5.574250E-01,6.366057E-02,0.000000E+00,0.000000E+00,0.000000E+00,0.000000E+00,0.000000E+00,0.000000E+00,0.000000E+00,0.000000E+00,2.110805E+01,7.993587E+01,2.388839E+01,6.655622E+01
02:25:00,8.005763E+03,7.195955E+02,5.574250E-01,6.354934E-02,0.000000E+00,0.000000E+00,0.000000E+00,0.000000E+00,0.000000E+00,0.000000E+00,0.000000E+00,0.000000E+00,2.110805E+01,7.993587E+01,2.388839E+01,6.657252E+01
02:26:00,8.005763E+03,7.183414E+02,5.574250E-01,6.343858E-02,0.000000E+00,0.000000E+00,0.000000E+00,0.000000E+00,0.000000E+00,0.000000E+00,0.000000E+00,0.000000E+00,2.110805E+01,7.993587E+01,2.388840E+01,6.658876E+01
02:27:00,8.005763E+03,7.170925E+02,5.574250E-01,6.332829E-02,0.000000E+00,0.000000E+00,0.000000E+00,0.000000E+00,0.000000E+00,0.000000E+00,0.000000E+00,0.000000E+00,2.110805E+01,7.993587E+01,2.388840E+01,6.660496E+01
02:28:00,8.005763E+03,7.158489E+02,5.574250E-01,6.321846E-02,0.000000E+00,0.000000E+00,0.000000E+00,0.000000E+00,0.000000E+00,0.000000E+00,0.000000E+00,0.000000E+00,2.110805E+01,7.993587E+01,2.388840E+01,6.662110E+01
02:29:00,8.005763E+03,7.146106E+02,5.574250E-01,6.310910E-02,0.000000E+00,0.000000E+00,0.000000E+00,0.000000E+00,0.000000E+00,0.000000E+00,0.000000E+00,0.000000E+00,2.110805E+01,7.993587E+01,2.388840E+01,6.663720E+01
02:30:00,8.005763E+03,7.133775E+02,5.574250E-01,6.300020E-02,0.000000E+00,0.000000E+00,0.000000E+00,0.000000E+00,0.000000E+00,0.000000E+00,0.000000E+00,0.000000E+00,2.110805E+01,7.993587E+01,2.388840E+01,6.665325E+01
02:31:00,8.005763E+03,7.121497E+02,5.574250E-01,6.289177E-02,0.000000E+00,0.000000E+00,0.000000E+00,0.000000E+00,0.000000E+00,0.000000E+00,0.000000E+00,0.000000E+00,2.110805E+01,7.993587E+01,2.388840E+01,6.666925E+01
02:32:00,8.005763E+03,7.109271E+02,5.574250E-01,6.278380E-02,0.000000E+00,0.000000E+00,0.000000E+00,0.000000E+00,0.000000E+00,0.000000E+00,0.000000E+00,0.000000E+00,2.110805E+01,7.993587E+01,2.388840E+01,6.668520E+01
02:33:00,8.005763E+03,7.097098E+02,5.574250E-01,6.267629E-02,0.000000E+00,0.000000E+00,0.000000E+00,0.000000E+00,0.000000E+00,0.000000E+00,0.000000E+00,0.000000E+00,2.110805E+01,7.993587E+01,2.388840E+01,6.670111E+01
02:34:00,8.005763E+03,7.084977E+02,5.574250E-01,6.256924E-02,0.000000E+00,0.000000E+00,0.000000E+00,0.000000E+00,0.000000E+00,0.000000E+00,0.000000E+00,0.000000E+00,2.110805E+01,7.993587E+01,2.388840E+01,6.671698E+01
02:35:00,8.005763E+03,7.072908E+02,5.574250E-01,6.246265E-02,0.000000E+00,0.000000E+00,0.000000E+00,0.000000E+00,0.000000E+00,0.000000E+00,0.000000E+00,0.000000E+00,2.110805E+01,7.993587E+01,2.388840E+01,6.673281E+01
02:36:00,8.005763E+03,7.060891E+02,5.574250E-01,6.235653E-02,0.000000E+00,0.000000E+00,0.000000E+00,0.000000E+00,0.000000E+00,0.000000E+00,0.000000E+00,0.000000E+00,2.110805E+01,7.993587E+01,2.388840E+01,6.674859E+01
02:37:00,8.005763E+03,7.048927E+02,5.574250E-01,6.225086E-02,0.000000E+00,0.000000E+00,0.000000E+00,0.000000E+00,0.000000E+00,0.000000E+00,0.000000E+00,0.000000E+00,2.110805E+01,7.993587E+01,2.388840E+01,6.676433E+01
02:38:00,8.005763E+03,7.037014E+02,5.574250E-01,6.214566E-02,0.000000E+00,0.000000E+00,0.000000E+00,0.000000E+00,0.000000E+00,0.000000E+00,0.000000E+00,0.000000E+00,2.110805E+01,7.993587E+01,2.388840E+01,6.678004E+01
02:39:00,8.005763E+03,7.025154E+02,5.574250E-01,6.204092E-02,0.000000E+00,0.000000E+00,0.000000E+00,0.000000E+00,0.000000E+00,0.000000E+00,0.000000E+00,0.000000E+00,2.110805E+01,7.993587E+01,2.388840E+01,6.679570E+01
02:40:00,8.005763E+03,7.013346E+02,5.574250E-01,6.193663E-02,0.000000E+00,0.000000E+00,0.000000E+00,0.000000E+00,0.000000E+00,0.000000E+00,0.000000E+00,0.000000E+00,2.110805E+01,7.993587E+01,2.388840E+01,6.681132E+01
02:41:00,8.005763E+03,7.001590E+02,5.574250E-01,6.183281E-02,0.000000E+00,0.000000E+00,0.000000E+00,0.000000E+00,0.000000E+00,0.000000E+00,0.000000E+00,0.000000E+00,2.110805E+01,7.993587E+01,2.388840E+01,6.682690E+01
02:42:00,8.005763E+03,6.989887E+02,5.574250E-01,6.172945E-02,0.000000E+00,0.000000E+00,0.000000E+00,0.000000E+00,0.000000E+00,0.000000E+00,0.000000E+00,0.000000E+00,2.110805E+01,7.993587E+01,2.388840E+01,6.684245E+01
02:43:00,8.005763E+03,6.978235E+02,5.574250E-01,6.162655E-02,0.000000E+00,0.000000E+00,0.000000E+00,0.000000E+00,0.000000E+00,0.000000E+00,0.000000E+00,0.000000E+00,2.110805E+01,7.993587E+01,2.388840E+01,6.685796E+01
02:44:00,8.005763E+03,6.966635E+02,5.574250E-01,6.152411E-02,0.000000E+00,0.000000E+00,0.000000E+00,0.000000E+00,0.000000E+00,0.000000E+00,0.000000E+00,0.000000E+00,2.110805E+01,7.993587E+01,2.388840E+01,6.687344E+01
02:45:00,8.005763E+03,6.955088E+02,5.574250E-01,6.142213E-02,0.000000E+00,0.000000E+00,0.000000E+00,0.000000E+00,0.000000E+00,0.000000E+00,0.000000E+00,0.000000E+00,2.110805E+01,7.993587E+01,2.388840E+01,6.688887E+01
02:46:00,8.005763E+03,6.943593E+02,5.574250E-01,6.132061E-02,0.000000E+00,0.000000E+00,0.000000E+00,0.000000E+00,0.000000E+00,0.000000E+00,0.000000E+00,0.000000E+00,2.110805E+01,7.993587E+01,2.388840E+01,6.690427E+01
02:47:00,8.005763E+03,6.932150E+02,5.574250E-01,6.121955E-02,0.000000E+00,0.000000E+00,0.000000E+00,0.000000E+00,0.000000E+00,0.000000E+00,0.000000E+00,0.000000E+00,2.110805E+01,7.993587E+01,2.388840E+01,6.691964E+01
02:48:00,8.005763E+03,6.920759E+02,5.574250E-01,6.111895E-02,0.000000E+00,0.000000E+00,0.000000E+00,0.000000E+00,0.000000E+00,0.000000E+00,0.000000E+00,0.000000E+00,2.110805E+01,7.993587E+01,2.388841E+01,6.693497E+01
02:49:00,8.005763E+03,6.909420E+02,5.574250E-01,6.101881E-02,0.000000E+00,0.000000E+00,0.000000E+00,0.000000E+00,0.000000E+00,0.000000E+00,0.000000E+00,0.000000E+00,2.110805E+01,7.993587E+01,2.388841E+01,6.695027E+01
02:50:00,8.005763E+03,6.898134E+02,5.574250E-01,6.091914E-02,0.000000E+00,0.000000E+00,0.000000E+00,0.000000E+00,0.000000E+00,0.000000E+00,0.000000E+00,0.000000E+00,2.110805E+01,7.993587E+01,2.388841E+01,6.696554E+01
02:51:00,8.005763E+03,6.886899E+02,5.574250E-01,6.081992E-02,0.000000E+00,0.000000E+00,0.000000E+00,0.000000E+00,0.000000E+00,0.000000E+00,0.000000E+00,0.000000E+00,2.110805E+01,7.993587E+01,2.388841E+01,6.698077E+01
02:52:00,8.005763E+03,6.875717E+02,5.574251E-01,6.072116E-02,0.000000E+00,0.000000E+00,0.000000E+00,0.000000E+00,0.000000E+00,0.000000E+00,0.000000E+00,0.000000E+00,2.110805E+01,7.993587E+01,2.388841E+01,6.699597E+01
02:53:00,8.005763E+03,6.864587E+02,5.574251E-01,6.062287E-02,0.000000E+00,0.000000E+00,0.000000E+00,0.000000E+00,0.000000E+00,0.000000E+00,0.000000E+00,0.000000E+00,2.110805E+01,7.993587E+01,2.388841E+01,6.701113E+01
02:54:00,8.005763E+03,6.853510E+02,5.574251E-01,6.052504E-02,0.000000E+00,0.000000E+00,0.000000E+00,0.000000E+00,0.000000E+00,0.000000E+00,0.000000E+00,0.000000E+00,2.110805E+01,7.993587E+01,2.388841E+01,6.702627E+01
02:55:00,8.005763E+03,6.842485E+02,5.574251E-01,6.042767E-02,0.000000E+00,0.000000E+00,0.000000E+00,0.000000E+00,0.000000E+00,0.000000E+00,0.000000E+00,0.000000E+00,2.110805E+01,7.993587E+01,2.388841E+01,6.704137E+01
02:56:00,8.005763E+03,6.831512E+02,5.574251E-01,6.033077E-02,0.000000E+00,0.000000E+00,0.000000E+00,0.000000E+00,0.000000E+00,0.000000E+00,0.000000E+00,0.000000E+00,2.110805E+01,7.993587E+01,2.388841E+01,6.705644E+01
02:57:00,8.005763E+03,6.820592E+02,5.574251E-01,6.023433E-02,0.000000E+00,0.000000E+00,0.000000E+00,0.000000E+00,0.000000E+00,0.000000E+00,0.000000E+00,0.000000E+00,2.110805E+01,7.993587E+01,2.388841E+01,6.707148E+01
02:58:00,8.005763E+03,6.809724E+02,5.574251E-01,6.013835E-02,0.000000E+00,0.000000E+00,0.000000E+00,0.000000E+00,0.000000E+00,0.000000E+00,0.000000E+00,0.000000E+00,2.110805E+01,7.993587E+01,2.388841E+01,6.708649E+01
02:59:00,8.005763E+03,6.798909E+02,5.574251E-01,6.004283E-02,0.000000E+00,0.000000E+00,0.000000E+00,0.000000E+00,0.000000E+00,0.000000E+00,0.000000E+00,0.000000E+00,2.110805E+01,7.993587E+01,2.388841E+01,6.710147E+01
03:00:00,8.005763E+03,6.788146E+02,5.574251E-01,5.994778E-02,0.000000E+00,0.000000E+00,0.000000E+00,0.000000E+00,0.000000E+00,0.000000E+00,0.000000E+00,0.000000E+00,2.110805E+01,7.993587E+01,2.388841E+01,6.711642E+01
03:01:00,8.005763E+03,6.777408E+02,5.574251E-01,5.985295E-02,0.000000E+00,0.000000E+00,0.000000E+00,0.000000E+00,0.000000E+00,0.000000E+00,0.000000E+00,0.000000E+00,2.110805E+01,7.993587E+01,2.388841E+01,6.713133E+01
03:02:00,8.005763E+03,6.766694E+02,5.574251E-01,5.975833E-02,0.000000E+00,0.000000E+00,0.000000E+00,0.000000E+00,0.000000E+00,0.000000E+00,0.000000E+00,0.000000E+00,2.110805E+01,7.993587E+01,2.388841E+01,6.714622E+01
03:03:00,8.005763E+03,6.756005E+02,5.574251E-01,5.966393E-02,0.000000E+00,0.000000E+00,0.000000E+00,0.000000E+00,0.000000E+00,0.000000E+00,0.000000E+00,0.000000E+00,2.110805E+01,7.993587E+01,2.388841E+01,6.716108E+01
03:04:00,8.005763E+03,6.745340E+02,5.574251E-01,5.956975E-02,0.000000E+00,0.000000E+00,0.000000E+00,0.000000E+00,0.000000E+00,0.000000E+00,0.000000E+00,0.000000E+00,2.110805E+01,7.993587E+01,2.388841E+01,6.717591E+01
03:05:00,8.005763E+03,6.734701E+02,5.574251E-01,5.947579E-02,0.000000E+00,0.000000E+00,0.000000E+00,0.000000E+00,0.000000E+00,0.000000E+00,0.000000E+00,0.000000E+00,2.110805E+01,7.993587E+01,2.388841E+01,6.719071E+01
03:06:00,8.005763E+03,6.724087E+02,5.574251E-01,5.938205E-02,0.000000E+00,0.000000E+00,0.000000E+00,0.000000E+00,0.000000E+00,0.000000E+00,0.000000E+00,0.000000E+00,2.110805E+01,7.993587E+01,2.388841E+01,6.720548E+01
03:07:00,8.005763E+03,6.713498E+02,5.574251E-01,5.928853E-02,0.000000E+00,0.000000E+00,0.000000E+00,0.000000E+00,0.000000E+00,0.000000E+00,0.000000E+00,0.000000E+00,2.110805E+01,7.993587E+01,2.388841E+01,6.722021E+01
03:08:00,8.005763E+03,6.702935E+02,5.574251E-01,5.919524E-02,0.000000E+00,0.000000E+00,0.000000E+00,0.000000E+00,0.000000E+00,0.000000E+00,0.000000E+00,0.000000E+00,2.110805E+01,7.993587E+01,2.388841E+01,6.723492E+01
03:09:00,8.005763E+03,6.692398E+02,5.574251E-01,5.910219E-02,0.000000E+00,0.000000E+00,0.000000E+00,0.000000E+00,0.000000E+00,0.000000E+00,0.000000E+00,0.000000E+00,2.110805E+01,7.993587E+01,2.388841E+01,6.724960E+01
03:10:00,8.005763E+03,6.681888E+02,5.574251E-01,5.900937E-02,0.000000E+00,0.000000E+00,0.000000E+00,0.000000E+00,0.000000E+00,0.000000E+00,0.000000E+00,0.000000E+00,2.110805E+01,7.993587E+01,2.388841E+01,6.726425E+01
03:11:00,8.005763E+03,6.671403E+02,5.574251E-01,5.891677E-02,0.000000E+00,0.000000E+00,0.000000E+00,0.000000E+00,0.000000E+00,0.000000E+00,0.000000E+00,0.000000E+00,2.110805E+01,7.993587E+01,2.388842E+01,6.727887E+01
03:12:00,8.005763E+03,6.660944E+02,5.574251E-01,5.882440E-02,0.000000E+00,0.000000E+00,0.000000E+00,0.000000E+00,0.000000E+00,0.000000E+00,0.000000E+00,0.000000E+00,2.110805E+01,7.993587E+01,2.388842E+01,6.729345E+01
03:13:00,8.005763E+03,6.650510E+02,5.574251E-01,5.873225E-02,0.000000E+00,0.000000E+00,0.000000E+00,0.000000E+00,0.000000E+00,0.000000E+00,0.000000E+00,0.000000E+00,2.110805E+01,7.993587E+01,2.388842E+01,6.730801E+01
03:14:00,8.005763E+03,6.640101E+02,5.574251E-01,5.864032E-02,0.000000E+00,0.000000E+00,0.000000E+00,0.000000E+00,0.000000E+00,0.000000E+00,0.000000E+00,0.000000E+00,2.110805E+01,7.993587E+01,2.388842E+01,6.732254E+01
03:15:00,8.005763E+03,6.629716E+02,5.574251E-01,5.854862E-02,0.000000E+00,0.000000E+00,0.000000E+00,0.000000E+00,0.000000E+00,0.000000E+00,0.000000E+00,0.000000E+00,2.110805E+01,7.993587E+01,2.388842E+01,6.733704E+01
03:16:00,8.005763E+03,6.619357E+02,5.574251E-01,5.845713E-02,0.000000E+00,0.000000E+00,0.000000E+00,0.000000E+00,0.000000E+00,0.000000E+00,0.000000E+00,0.000000E+00,2.110805E+01,7.993587E+01,2.388842E+01,6.735151E+01
03:17:00,8.005764E+03,6.609022E+02,5.574251E-01,5.836586E-02,0.000000E+00,0.000000E+00,0.000000E+00,0.000000E+00,0.000000E+00,0.000000E+00,0.000000E+00,0.000000E+00,2.110805E+01,7.993587E+01,2.388842E+01,6.736596E+01
03:18:00,8.005764E+03,6.598712E+02,5.574251E-01,5.827480E-02,0.000000E+00,0.000000E+00,0.000000E+00,0.000000E+00,0.000000E+00,0.000000E+00,0.000000E+00,0.000000E+00,2.110805E+01,7.993587E+01,2.388842E+01,6.738038E+01
03:19:00,8.005764E+03,6.588427E+02,5.574251E-01,5.818397E-02,0.000000E+00,0.000000E+00,0.000000E+00,0.000000E+00,0.000000E+00,0.000000E+00,0.000000E+00,0.000000E+00,2.110805E+01,7.993587E+01,2.388842E+01,6.739477E+01
03:20:00,8.005764E+03,6.578166E+02,5.574251E-01,5.809335E-02,0.000000E+00,0.000000E+00,0.000000E+00,0.000000E+00,0.000000E+00,0.000000E+00,0.000000E+00,0.000000E+00,2.110805E+01,7.993587E+01,2.388842E+01,6.740915E+01
03:21:00,8.005764E+03,6.567929E+02,5.574251E-01,5.800295E-02,0.000000E+00,0.000000E+00,0.000000E+00,0.000000E+00,0.000000E+00,0.000000E+00,0.000000E+00,0.000000E+00,2.110805E+01,7.993587E+01,2.388842E+01,6.742349E+01
03:22:00,8.005764E+03,6.557717E+02,5.574251E-01,5.791276E-02,0.000000E+00,0.000000E+00,0.000000E+00,0.000000E+00,0.000000E+00,0.000000E+00,0.000000E+00,0.000000E+00,2.110805E+01,7.993587E+01,2.388842E+01,6.743781E+01
03:23:00,8.005764E+03,6.547529E+02,5.574251E-01,5.782279E-02,0.000000E+00,0.000000E+00,0.000000E+00,0.000000E+00,0.000000E+00,0.000000E+00,0.000000E+00,0.000000E+00,2.110805E+01,7.993587E+01,2.388842E+01,6.745210E+01
03:24:00,8.005764E+03,6.537366E+02,5.574251E-01,5.773303E-02,0.000000E+00,0.000000E+00,0.000000E+00,0.000000E+00,0.000000E+00,0.000000E+00,0.000000E+00,0.000000E+00,2.110805E+01,7.993587E+01,2.388842E+01,6.746637E+01
03:25:00,8.005764E+03,6.527228E+02,5.574251E-01,5.764349E-02,0.000000E+00,0.000000E+00,0.000000E+00,0.000000E+00,0.000000E+00,0.000000E+00,0.000000E+00,0.000000E+00,2.110805E+01,7.993587E+01,2.388842E+01,6.748061E+01
03:26:00,8.005764E+03,6.517113E+02,5.574251E-01,5.755417E-02,0.000000E+00,0.000000E+00,0.000000E+00,0.000000E+00,0.000000E+00,0.000000E+00,0.000000E+00,0.000000E+00,2.110805E+01,7.993587E+01,2.388842E+01,6.749483E+01
03:27:00,8.005764E+03,6.507023E+02,5.574251E-01,5.746506E-02,0.000000E+00,0.000000E+00,0.000000E+00,0.000000E+00,0.000000E+00,0.000000E+00,0.000000E+00,0.000000E+00,2.110805E+01,7.993587E+01,2.388842E+01,6.750902E+01
03:28:00,8.005764E+03,6.496958E+02,5.574251E-01,5.737616E-02,0.000000E+00,0.000000E+00,0.000000E+00,0.000000E+00,0.000000E+00,0.000000E+00,0.000000E+00,0.000000E+00,2.110805E+01,7.993587E+01,2.388842E+01,6.752319E+01
03:29:00,8.005764E+03,6.486917E+02,5.574251E-01,5.728749E-02,0.000000E+00,0.000000E+00,0.000000E+00,0.000000E+00,0.000000E+00,0.000000E+00,0.000000E+00,0.000000E+00,2.110805E+01,7.993587E+01,2.388842E+01,6.753733E+01
03:30:00,8.005764E+03,6.476901E+02,5.574251E-01,5.719903E-02,0.000000E+00,0.000000E+00,0.000000E+00,0.000000E+00,0.000000E+00,0.000000E+00,0.000000E+00,0.000000E+00,2.110805E+01,7.993587E+01,2.388842E+01,6.755145E+01
03:31:00,8.005764E+03,6.466910E+02,5.574251E-01,5.711080E-02,0.000000E+00,0.000000E+00,0.000000E+00,0.000000E+00,0.000000E+00,0.000000E+00,0.000000E+00,0.000000E+00,2.110805E+01,7.993587E+01,2.388842E+01,6.756555E+01
03:32:00,8.005764E+03,6.456945E+02,5.574251E-01,5.702279E-02,0.000000E+00,0.000000E+00,0.000000E+00,0.000000E+00,0.000000E+00,0.000000E+00,0.000000E+00,0.000000E+00,2.110805E+01,7.993587E+01,2.388842E+01,6.757961E+01
03:33:00,8.005764E+03,6.447006E+02,5.574251E-01,5.693501E-02,0.000000E+00,0.000000E+00,0.000000E+00,0.000000E+00,0.000000E+00,0.000000E+00,0.000000E+00,0.000000E+00,2.110805E+01,7.993587E+01,2.388842E+01,6.759365E+01
03:34:00,8.005764E+03,6.437092E+02,5.574251E-01,5.684746E-02,0.000000E+00,0.000000E+00,0.000000E+00,0.000000E+00,0.000000E+00,0.000000E+00,0.000000E+00,0.000000E+00,2.110805E+01,7.993587E+01,2.388843E+01,6.760767E+01
03:35:00,8.005764E+03,6.427205E+02,5.574251E-01,5.676015E-02,0.000000E+00,0.000000E+00,0.000000E+00,0.000000E+00,0.000000E+00,0.000000E+00,0.000000E+00,0.000000E+00,2.110805E+01,7.993587E+01,2.388843E+01,6.762166E+01
03:36:00,8.005764E+03,6.417345E+02,5.574251E-01,5.667307E-02,0.000000E+00,0.000000E+00,0.000000E+00,0.000000E+00,0.000000E+00,0.000000E+00,0.000000E+00,0.000000E+00,2.110805E+01,7.993587E+01,2.388843E+01,6.763562E+01
03:37:00,8.005764E+03,6.407513E+02,5.574251E-01,5.658623E-02,0.000000E+00,0.000000E+00,0.000000E+00,0.000000E+00,0.000000E+00,0.000000E+00,0.000000E+00,0.000000E+00,2.110805E+01,7.993587E+01,2.388843E+01,6.764956E+01
03:38:00,8.005764E+03,6.397708E+02,5.574251E-01,5.649965E-02,0.000000E+00,0.000000E+00,0.000000E+00,0.000000E+00,0.000000E+00,0.000000E+00,0.000000E+00,0.000000E+00,2.110805E+01,7.993587E+01,2.388843E+01,6.766346E+01
03:39:00,8.005764E+03,6.387933E+02,5.574251E-01,5.641332E-02,0.000000E+00,0.000000E+00,0.000000E+00,0.000000E+00,0.000000E+00,0.000000E+00,0.000000E+00,0.000000E+00,2.110805E+01,7.993587E+01,2.388843E+01,6.767734E+01
03:40:00,8.005764E+03,6.378188E+02,5.574251E-01,5.632725E-02,0.000000E+00,0.000000E+00,0.000000E+00,0.000000E+00,0.000000E+00,0.000000E+00,0.000000E+00,0.000000E+00,2.110805E+01,7.993587E+01,2.388843E+01,6.769119E+01
03:41:00,8.005764E+03,6.368467E+02,5.574251E-01,5.624140E-02,0.000000E+00,0.000000E+00,0.000000E+00,0.000000E+00,0.000000E+00,0.000000E+00,0.000000E+00,0.000000E+00,2.110805E+01,7.993587E+01,2.388843E+01,6.770500E+01
03:42:00,8.005764E+03,6.358768E+02,5.574251E-01,5.615575E-02,0.000000E+00,0.000000E+00,0.000000E+00,0.000000E+00,0.000000E+00,0.000000E+00,0.000000E+00,0.000000E+00,2.110805E+01,7.993587E+01,2.388843E+01,6.771878E+01
03:43:00,8.005764E+03,6.349089E+02,5.574251E-01,5.607027E-02,0.000000E+00,0.000000E+00,0.000000E+00,0.000000E+00,0.000000E+00,0.000000E+00,0.000000E+00,0.000000E+00,2.110805E+01,7.993587E+01,2.388843E+01,6.773255E+01
03:44:00,8.005764E+03,6.339429E+02,5.574251E-01,5.598496E-02,0.000000E+00,0.000000E+00,0.000000E+00,0.000000E+00,0.000000E+00,0.000000E+00,0.000000E+00,0.000000E+00,2.110805E+01,7.993587E+01,2.388843E+01,6.774630E+01
03:45:00,8.005764E+03,6.329786E+02,5.574251E-01,5.589980E-02,0.000000E+00,0.000000E+00,0.000000E+00,0.000000E+00,0.000000E+00,0.000000E+00,0.000000E+00,0.000000E+00,2.110805E+01,7.993587E+01,2.388843E+01,6.776004E+01
03:46:00,8.005764E+03,6.320160E+02,5.574251E-01,5.581478E-02,0.000000E+00,0.000000E+00,0.000000E+00,0.000000E+00,0.000000E+00,0.000000E+00,0.000000E+00,0.000000E+00,2.110805E+01,7.993587E+01,2.388843E+01,6.777377E+01
03:47:00,8.005764E+03,6.310549E+02,5.574251E-01,5.572991E-02,0.000000E+00,0.000000E+00,0.000000E+00,0.000000E+00,0.000000E+00,0.000000E+00,0.000000E+00,0.000000E+00,2.110805E+01,7.993587E+01,2.388843E+01,6.778750E+01
03:48:00,8.005764E+03,6.300953E+02,5.574251E-01,5.564516E-02,0.000000E+00,0.000000E+00,0.000000E+00,0.000000E+00,0.000000E+00,0.000000E+00,0.000000E+00,0.000000E+00,2.110805E+01,7.993587E+01,2.388843E+01,6.780122E+01
03:49:00,8.005764E+03,6.291371E+02,5.574251E-01,5.556054E-02,0.000000E+00,0.000000E+00,0.000000E+00,0.000000E+00,0.000000E+00,0.000000E+00,0.000000E+00,0.000000E+00,2.110805E+01,7.993587E+01,2.388843E+01,6.781495E+01
03:50:00,8.005764E+03,6.281802E+02,5.574251E-01,5.547603E-02,0.000000E+00,0.000000E+00,0.000000E+00,0.000000E+00,0.000000E+00,0.000000E+00,0.000000E+00,0.000000E+00,2.110805E+01,7.993587E+01,2.388843E+01,6.782866E+01
03:51:00,8.005764E+03,6.272246E+02,5.574251E-01,5.539163E-02,0.000000E+00,0.000000E+00,0.000000E+00,0.000000E+00,0.000000E+00,0.000000E+00,0.000000E+00,0.000000E+00,2.110805E+01,7.993587E+01,2.388843E+01,6.784238E+01
03:52:00,8.005764E+03,6.262702E+02,5.574251E-01,5.530734E-02,0.000000E+00,0.000000E+00,0.000000E+00,0.000000E+00,0.000000E+00,0.000000E+00,0.000000E+00,0.000000E+00,2.110805E+01,7.993587E+01,2.388843E+01,6.785610E+01
03:53:00,8.005764E+03,6.253169E+02,5.574251E-01,5.522315E-02,0.000000E+00,0.000000E+00,0.000000E+00,0.000000E+00,0.000000E+00,0.000000E+00,0.000000E+00,0.000000E+00,2.110805E+01,7.993587E+01,2.388843E+01,6.786982E+01
03:54:00,8.005764E+03,6.243647E+02,5.574251E-01,5.513906E-02,0.000000E+00,0.000000E+00,0.000000E+00,0.000000E+00,0.000000E+00,0.000000E+00,0.000000E+00,0.000000E+00,2.110805E+01,7.993587E+01,2.388843E+01,6.788355E+01
03:55:00,8.005764E+03,6.234135E+02,5.574251E-01,5.505506E-02,0.000000E+00,0.000000E+00,0.000000E+00,0.000000E+00,0.000000E+00,0.000000E+00,0.000000E+00,0.000000E+00,2.110805E+01,7.993587E+01,2.388844E+01,6.789727E+01
03:56:00,8.005764E+03,6.224633E+02,5.574251E-01,5.497114E-02,0.000000E+00,0.000000E+00,0.000000E+00,0.000000E+00,0.000000E+00,0.000000E+00,0.000000E+00,0.000000E+00,2.110805E+01,7.993587E+01,2.388844E+01,6.791100E+01
03:57:00,8.005764E+03,6.215141E+02,5.574251E-01,5.488731E-02,0.000000E+00,0.000000E+00,0.000000E+00,0.000000E+00,0.000000E+00,0.000000E+00,0.000000E+00,0.000000E+00,2.110805E+01,7.993587E+01,2.388844E+01,6.792473E+01
03:58:00,8.005764E+03,6.205658E+02,5.574251E-01,5.480356E-02,0.000000E+00,0.000000E+00,0.000000E+00,0.000000E+00,0.000000E+00,0.000000E+00,0.000000E+00,0.000000E+00,2.110805E+01,7.993587E+01,2.388844E+01,6.793847E+01
03:59:00,8.005764E+03,6.196183E+02,5.574251E-01,5.471988E-02,0.000000E+00,0.000000E+00,0.000000E+00,0.000000E+00,0.000000E+00,0.000000E+00,0.000000E+00,0.000000E+00,2.110805E+01,7.993587E+01,2.388844E+01,6.795220E+01
04:00:00,8.005764E+03,6.186716E+02,5.574251E-01,5.463628E-02,0.000000E+00,0.000000E+00,0.000000E+00,0.000000E+00,0.000000E+00,0.000000E+00,0.000000E+00,0.000000E+00,2.110805E+01,7.993587E+01,2.388844E+01,6.796595E+01
04:01:00,8.005764E+03,6.177286E+02,5.574251E-01,5.455300E-02,0.000000E+00,0.000000E+00,0.000000E+00,0.000000E+00,0.000000E+00,0.000000E+00,0.000000E+00,0.000000E+00,2.110805E+01,7.993587E+01,2.388844E+01,6.797969E+01
04:02:00,8.005764E+03,6.167892E+02,5.574251E-01,5.447003E-02,0.000000E+00,0.000000E+00,0.000000E+00,0.000000E+00,0.000000E+00,0.000000E+00,0.000000E+00,0.000000E+00,2.110805E+01,7.993587E+01,2.388844E+01,6.799341E+01
04:03:00,8.005764E+03,6.158533E+02,5.574251E-01,5.438738E-02,0.000000E+00,0.000000E+00,0.000000E+00,0.000000E+00,0.000000E+00,0.000000E+00,0.000000E+00,0.000000E+00,2.110805E+01,7.993587E+01,2.388844E+01,6.800708E+01
04:04:00,8.005764E+03,6.149210E+02,5.574251E-01,5.430504E-02,0.000000E+00,0.000000E+00,0.000000E+00,0.000000E+00,0.000000E+00,0.000000E+00,0.000000E+00,0.000000E+00,2.110805E+01,7.993587E+01,2.388844E+01,6.802069E+01
04:05:00,8.005764E+03,6.139921E+02,5.574251E-01,5.422301E-02,0.000000E+00,0.000000E+00,0.000000E+00,0.000000E+00,0.000000E+00,0.000000E+00,0.000000E+00,0.000000E+00,2.110805E+01,7.993587E+01,2.388844E+01,6.803424E+01
04:06:00,8.005764E+03,6.130667E+02,5.574251E-01,5.414129E-02,0.000000E+00,0.000000E+00,0.000000E+00,0.000000E+00,0.000000E+00,0.000000E+00,0.000000E+00,0.000000E+00,2.110805E+01,7.993587E+01,2.388844E+01,6.804773E+01
04:07:00,8.005764E+03,6.121448E+02,5.574251E-01,5.405987E-02,0.000000E+00,0.000000E+00,0.000000E+00,0.000000E+00,0.000000E+00,0.000000E+00,0.000000E+00,0.000000E+00,2.110805E+01,7.993587E+01,2.388844E+01,6.806118E+01
04:08:00,8.005764E+03,6.112263E+02,5.574251E-01,5.397875E-02,0.000000E+00,0.000000E+00,0.000000E+00,0.000000E+00,0.000000E+00,0.000000E+00,0.000000E+00,0.000000E+00,2.110805E+01,7.993587E+01,2.388844E+01,6.807457E+01
04:09:00,8.005764E+03,6.103111E+02,5.574251E-01,5.389793E-02,0.000000E+00,0.000000E+00,0.000000E+00,0.000000E+00,0.000000E+00,0.000000E+00,0.000000E+00,0.000000E+00,2.110805E+01,7.993587E+01,2.388844E+01,6.808791E+01
04:10:00,8.005764E+03,6.093993E+02,5.574251E-01,5.381740E-02,0.000000E+00,0.000000E+00,0.000000E+00,0.000000E+00,0.000000E+00,0.000000E+00,0.000000E+00,0.000000E+00,2.110805E+01,7.993587E+01,2.388844E+01,6.810120E+01
04:11:00,8.005764E+03,6.084910E+02,5.574251E-01,5.373718E-02,0.000000E+00,0.000000E+00,0.000000E+00,0.000000E+00,0.000000E+00,0.000000E+00,0.000000E+00,0.000000E+00,2.110805E+01,7.993587E+01,2.388844E+01,6.811444E+01
04:12:00,8.005764E+03,6.075866E+02,5.574251E-01,5.365731E-02,0.000000E+00,0.000000E+00,0.000000E+00,0.000000E+00,0.000000E+00,0.000000E+00,0.000000E+00,0.000000E+00,2.110805E+01,7.993587E+01,2.388844E+01,6.812762E+01
04:13:00,8.005764E+03,6.066856E+02,5.574251E-01,5.357774E-02,0.000000E+00,0.000000E+00,0.000000E+00,0.000000E+00,0.000000E+00,0.000000E+00,0.000000E+00,0.000000E+00,2.110805E+01,7.993587E+01,2.388844E+01,6.814076E+01
04:14:00,8.005764E+03,6.057887E+02,5.574251E-01,5.349853E-02,0.000000E+00,0.000000E+00,0.000000E+00,0.000000E+00,0.000000E+00,0.000000E+00,0.000000E+00,0.000000E+00,2.110805E+01,7.993587E+01,2.388844E+01,6.815384E+01
04:15:00,8.005764E+03,6.048952E+02,5.574251E-01,5.341962E-02,0.000000E+00,0.000000E+00,0.000000E+00,0.000000E+00,0.000000E+00,0.000000E+00,0.000000E+00,0.000000E+00,2.110805E+01,7.993587E+01,2.388844E+01,6.816686E+01
04:16:00,8.005764E+03,6.040055E+02,5.574251E-01,5.334105E-02,0.000000E+00,0.000000E+00,0.000000E+00,0.000000E+00,0.000000E+00,0.000000E+00,0.000000E+00,0.000000E+00,2.110805E+01,7.993587E+01,2.388844E+01,6.817984E+01
04:17:00,8.005764E+03,6.031190E+02,5.574251E-01,5.326276E-02,0.000000E+00,0.000000E+00,0.000000E+00,0.000000E+00,0.000000E+00,0.000000E+00,0.000000E+00,0.000000E+00,2.110805E+01,7.993587E+01,2.388844E+01,6.819276E+01
04:18:00,8.005764E+03,6.022361E+02,5.574251E-01,5.318478E-02,0.000000E+00,0.000000E+00,0.000000E+00,0.000000E+00,0.000000E+00,0.000000E+00,0.000000E+00,0.000000E+00,2.110805E+01,7.993587E+01,2.388844E+01,6.820564E+01
04:19:00,8.005764E+03,6.013561E+02,5.574251E-01,5.310706E-02,0.000000E+00,0.000000E+00,0.000000E+00,0.000000E+00,0.000000E+00,0.000000E+00,0.000000E+00,0.000000E+00,2.110805E+01,7.993587E+01,2.388844E+01,6.821848E+01
04:20:00,8.005764E+03,6.004795E+02,5.574251E-01,5.302965E-02,0.000000E+00,0.000000E+00,0.000000E+00,0.000000E+00,0.000000E+00,0.000000E+00,0.000000E+00,0.000000E+00,2.110805E+01,7.993587E+01,2.388845E+01,6.823128E+01
04:21:00,8.005764E+03,5.996058E+02,5.574251E-01,5.295249E-02,0.000000E+00,0.000000E+00,0.000000E+00,0.000000E+00,0.000000E+00,0.000000E+00,0.000000E+00,0.000000E+00,2.110805E+01,7.993587E+01,2.388845E+01,6.824404E+01
04:22:00,8.005764E+03,5.987354E+02,5.574251E-01,5.287562E-02,0.000000E+00,0.000000E+00,0.000000E+00,0.000000E+00,0.000000E+00,0.000000E+00,0.000000E+00,0.000000E+00,2.110805E+01,7.993587E+01,2.388845E+01,6.825677E+01
04:23:00,8.005764E+03,5.978678E+02,5.574251E-01,5.279900E-02,0.000000E+00,0.000000E+00,0.000000E+00,0.000000E+00,0.000000E+00,0.000000E+00,0.000000E+00,0.000000E+00,2.110805E+01,7.993587E+01,2.388845E+01,6.826946E+01
04:24:00,8.005764E+03,5.970033E+02,5.574251E-01,5.272265E-02,0.000000E+00,0.000000E+00,0.000000E+00,0.000000E+00,0.000000E+00,0.000000E+00,0.000000E+00,0.000000E+00,2.110805E+01,7.993587E+01,2.388845E+01,6.828212E+01
04:25:00,8.005764E+03,5.961412E+02,5.574251E-01,5.264652E-02,0.000000E+00,0.000000E+00,0.000000E+00,0.000000E+00,0.000000E+00,0.000000E+00,0.000000E+00,0.000000E+00,2.110805E+01,7.993587E+01,2.388845E+01,6.829475E+01
04:26:00,8.005764E+03,5.952821E+02,5.574251E-01,5.257064E-02,0.000000E+00,0.000000E+00,0.000000E+00,0.000000E+00,0.000000E+00,0.000000E+00,0.000000E+00,0.000000E+00,2.110805E+01,7.993587E+01,2.388845E+01,6.830735E+01
04:27:00,8.005764E+03,5.944252E+02,5.574251E-01,5.249497E-02,0.000000E+00,0.000000E+00,0.000000E+00,0.000000E+00,0.000000E+00,0.000000E+00,0.000000E+00,0.000000E+00,2.110805E+01,7.993587E+01,2.388845E+01,6.831992E+01
04:28:00,8.005764E+03,5.935710E+02,5.574251E-01,5.241953E-02,0.000000E+00,0.000000E+00,0.000000E+00,0.000000E+00,0.000000E+00,0.000000E+00,0.000000E+00,0.000000E+00,2.110805E+01,7.993587E+01,2.388845E+01,6.833248E+01
04:29:00,8.005764E+03,5.927190E+02,5.574251E-01,5.234428E-02,0.000000E+00,0.000000E+00,0.000000E+00,0.000000E+00,0.000000E+00,0.000000E+00,0.000000E+00,0.000000E+00,2.110805E+01,7.993587E+01,2.388845E+01,6.834501E+01
04:30:00,8.005764E+03,5.918694E+02,5.574251E-01,5.226925E-02,0.000000E+00,0.000000E+00,0.000000E+00,0.000000E+00,0.000000E+00,0.000000E+00,0.000000E+00,0.000000E+00,2.110805E+01,7.993587E+01,2.388845E+01,6.835752E+01
04:31:00,8.005764E+03,5.910218E+02,5.574251E-01,5.219440E-02,0.000000E+00,0.000000E+00,0.000000E+00,0.000000E+00,0.000000E+00,0.000000E+00,0.000000E+00,0.000000E+00,2.110805E+01,7.993587E+01,2.388845E+01,6.837001E+01
04:32:00,8.005764E+03,5.901766E+02,5.574251E-01,5.211976E-02,0.000000E+00,0.000000E+00,0.000000E+00,0.000000E+00,0.000000E+00,0.000000E+00,0.000000E+00,0.000000E+00,2.110805E+01,7.993587E+01,2.388845E+01,6.838249E+01
04:33:00,8.005764E+03,5.893333E+02,5.574251E-01,5.204527E-02,0.000000E+00,0.000000E+00,0.000000E+00,0.000000E+00,0.000000E+00,0.000000E+00,0.000000E+00,0.000000E+00,2.110805E+01,7.993587E+01,2.388845E+01,6.839495E+01
04:34:00,8.005764E+03,5.884922E+02,5.574251E-01,5.197100E-02,0.000000E+00,0.000000E+00,0.000000E+00,0.000000E+00,0.000000E+00,0.000000E+00,0.000000E+00,0.000000E+00,2.110805E+01,7.993587E+01,2.388845E+01,6.840740E+01
04:35:00,8.005764E+03,5.876528E+02,5.574251E-01,5.189686E-02,0.000000E+00,0.000000E+00,0.000000E+00,0.000000E+00,0.000000E+00,0.000000E+00,0.000000E+00,0.000000E+00,2.110805E+01,7.993587E+01,2.388845E+01,6.841983E+01
04:36:00,8.005764E+03,5.868152E+02,5.574251E-01,5.182290E-02,0.000000E+00,0.000000E+00,0.000000E+00,0.000000E+00,0.000000E+00,0.000000E+00,0.000000E+00,0.000000E+00,2.110805E+01,7.993587E+01,2.388845E+01,6.843225E+01
04:37:00,8.005764E+03,5.859789E+02,5.574251E-01,5.174904E-02,0.000000E+00,0.000000E+00,0.000000E+00,0.000000E+00,0.000000E+00,0.000000E+00,0.000000E+00,0.000000E+00,2.110805E+01,7.993587E+01,2.388845E+01,6.844466E+01
04:38:00,8.005764E+03,5.851442E+02,5.574251E-01,5.167532E-02,0.000000E+00,0.000000E+00,0.000000E+00,0.000000E+00,0.000000E+00,0.000000E+00,0.000000E+00,0.000000E+00,2.110805E+01,7.993587E+01,2.388845E+01,6.845706E+01
04:39:00,8.005764E+03,5.843422E+02,5.574251E-01,5.160449E-02,0.000000E+00,0.000000E+00,0.000000E+00,0.000000E+00,0.000000E+00,0.000000E+00,0.000000E+00,0.000000E+00,2.110805E+01,7.993587E+01,2.388845E+01,6.846945E+01
04:40:00,8.005764E+03,5.835483E+02,5.574251E-01,5.153437E-02,0.000000E+00,0.000000E+00,0.000000E+00,0.000000E+00,0.000000E+00,0.000000E+00,0.000000E+00,0.000000E+00,2.110805E+01,7.993587E+01,2.388845E+01,6.848146E+01
04:41:00,8.005764E+03,5.827614E+02,5.574251E-01,5.146488E-02,0.000000E+00,0.000000E+00,0.000000E+00,0.000000E+00,0.000000E+00,0.000000E+00,0.000000E+00,0.000000E+00,2.110805E+01,7.993587E+01,2.388845E+01,6.849314E+01
04:42:00,8.005764E+03,5.819812E+02,5.574251E-01,5.139598E-02,0.000000E+00,0.000000E+00,0.000000E+00,0.000000E+00,0.000000E+00,0.000000E+00,0.000000E+00,0.000000E+00,2.110805E+01,7.993587E+01,2.388845E+01,6.850463E+01
04:43:00,8.005764E+03,5.812072E+02,5.574251E-01,5.132763E-02,0.000000E+00,0.000000E+00,0.000000E+00,0.000000E+00,0.000000E+00,0.000000E+00,0.000000E+00,0.000000E+00,2.110805E+01,7.993587E+01,2.388845E+01,6.851601E+01
04:44:00,8.005764E+03,5.804408E+02,5.574251E-01,5.125994E-02,0.000000E+00,0.000000E+00,0.000000E+00,0.000000E+00,0.000000E+00,0.000000E+00,0.000000E+00,0.000000E+00,2.110805E+01,7.993587E+01,2.388845E+01,6.852731E+01
04:45:00,8.005764E+03,5.796825E+02,5.574251E-01,5.119297E-02,0.000000E+00,0.000000E+00,0.000000E+00,0.000000E+00,0.000000E+00,0.000000E+00,0.000000E+00,0.000000E+00,2.110805E+01,7.993587E+01,2.388845E+01,6.853852E+01
04:46:00,8.005764E+03,5.789408E+02,5.574251E-01,5.112747E-02,0.000000E+00,0.000000E+00,0.000000E+00,0.000000E+00,0.000000E+00,0.000000E+00,0.000000E+00,0.000000E+00,2.110805E+01,7.993587E+01,2.388845E+01,6.854964E+01
04:47:00,8.005764E+03,5.782098E+02,5.574251E-01,5.106291E-02,0.000000E+00,0.000000E+00,0.000000E+00,0.000000E+00,0.000000E+00,0.000000E+00,0.000000E+00,0.000000E+00,2.110805E+01,7.993587E+01,2.388845E+01,6.856056E+01
04:48:00,8.005764E+03,5.774897E+02,5.574251E-01,5.099931E-02,0.000000E+00,0.000000E+00,0.000000E+00,0.000000E+00,0.000000E+00,0.000000E+00,0.000000E+00,0.000000E+00,2.110805E+01,7.993587E+01,2.388845E+01,6.857128E+01
04:49:00,8.005764E+03,5.767808E+02,5.574251E-01,5.093671E-02,0.000000E+00,0.000000E+00,0.000000E+00,0.000000E+00,0.000000E+00,0.000000E+00,0.000000E+00,0.000000E+00,2.110805E+01,7.993587E+01,2.388845E+01,6.858183E+01
04:50:00,8.005764E+03,5.760836E+02,5.574251E-01,5.087513E-02,0.000000E+00,0.000000E+00,0.000000E+00,0.000000E+00,0.000000E+00,0.000000E+00,0.000000E+00,0.000000E+00,2.110805E+01,7.993587E+01,2.388845E+01,6.859222E+01
04:51:00,8.005764E+03,5.753984E+02,5.574251E-01,5.081462E-02,0.000000E+00,0.000000E+00,0.000000E+00,0.000000E+00,0.000000E+00,0.000000E+00,0.000000E+00,0.000000E+00,2.110805E+01,7.993587E+01,2.388845E+01,6.860246E+01
04:52:00,8.005764E+03,5.747257E+02,5.574251E-01,5.075521E-02,0.000000E+00,0.000000E+00,0.000000E+00,0.000000E+00,0.000000E+00,0.000000E+00,0.000000E+00,0.000000E+00,2.110805E+01,7.993587E+01,2.388845E+01,6.861253E+01
04:53:00,8.005764E+03,5.740658E+02,5.574251E-01,5.069694E-02,0.000000E+00,0.000000E+00,0.000000E+00,0.000000E+00,0.000000E+00,0.000000E+00,0.000000E+00,0.000000E+00,2.110805E+01,7.993587E+01,2.388845E+01,6.862244E+01
04:54:00,8.005764E+03,5.734191E+02,5.574251E-01,5.063982E-02,0.000000E+00,0.000000E+00,0.000000E+00,0.000000E+00,0.000000E+00,0.000000E+00,0.000000E+00,0.000000E+00,2.110805E+01,7.993587E+01,2.388845E+01,6.863218E+01
04:55:00,8.005764E+03,5.727858E+02,5.574251E-01,5.058389E-02,0.000000E+00,0.000000E+00,0.000000E+00,0.000000E+00,0.000000E+00,0.000000E+00,0.000000E+00,0.000000E+00,2.110805E+01,7.993587E+01,2.388845E+01,6.864175E+01
04:56:00,8.005764E+03,5.721821E+02,5.574251E-01,5.053058E-02,0.000000E+00,0.000000E+00,0.000000E+00,0.000000E+00,0.000000E+00,0.000000E+00,0.000000E+00,0.000000E+00,2.110805E+01,7.993587E+01,2.388845E+01,6.865114E+01
04:57:00,8.005764E+03,5.715943E+02,5.574251E-01,5.047867E-02,0.000000E+00,0.000000E+00,0.000000E+00,0.000000E+00,0.000000E+00,0.000000E+00,0.000000E+00,0.000000E+00,2.110805E+01,7.993587E+01,2.388845E+01,6.866016E+01
04:58:00,8.005764E+03,5.710223E+02,5.574251E-01,5.042815E-02,0.000000E+00,0.000000E+00,0.000000E+00,0.000000E+00,0.000000E+00,0.000000E+00,0.000000E+00,0.000000E+00,2.110805E+01,7.993587E+01,2.388845E+01,6.866886E+01
04:59:00,8.005764E+03,5.704659E+02,5.574251E-01,5.037901E-02,0.000000E+00,0.000000E+00,0.000000E+00,0.000000E+00,0.000000E+00,0.000000E+00,0.000000E+00,0.000000E+00,2.110805E+01,7.993587E+01,2.388845E+01,6.867731E+01
05:00:00,8.005764E+03,5.699251E+02,5.574251E-01,5.033125E-02,0.000000E+00,0.000000E+00,0.000000E+00,0.000000E+00,0.000000E+00,0.000000E+00,0.000000E+00,0.000000E+00,2.110805E+01,7.993587E+01,2.388845E+01,6.868555E+01
05:01:00,8.005764E+03,5.694082E+02,5.574251E-01,5.028561E-02,0.000000E+00,0.000000E+00,0.000000E+00,0.000000E+00,0.000000E+00,0.000000E+00,0.000000E+00,0.000000E+00,2.110805E+01,7.993587E+01,2.388845E+01,6.869359E+01
05:02:00,8.005764E+03,5.689160E+02,5.574251E-01,5.024214E-02,0.000000E+00,0.000000E+00,0.000000E+00,0.000000E+00,0.000000E+00,0.000000E+00,0.000000E+00,0.000000E+00,2.110805E+01,7.993587E+01,2.388845E+01,6.870132E+01
05:03:00,8.005764E+03,5.684487E+02,5.574251E-01,5.020086E-02,0.000000E+00,0.000000E+00,0.000000E+00,0.000000E+00,0.000000E+00,0.000000E+00,0.000000E+00,0.000000E+00,2.110805E+01,7.993587E+01,2.388845E+01,6.870863E+01
05:04:00,8.005764E+03,5.680064E+02,5.574251E-01,5.016180E-02,0.000000E+00,0.000000E+00,0.000000E+00,0.000000E+00,0.000000E+00,0.000000E+00,0.000000E+00,0.000000E+00,2.110805E+01,7.993587E+01,2.388845E+01,6.871549E+01
05:05:00,8.005764E+03,5.675893E+02,5.574251E-01,5.012497E-02,0.000000E+00,0.000000E+00,0.000000E+00,0.000000E+00,0.000000E+00,0.000000E+00,0.000000E+00,0.000000E+00,2.110805E+01,7.993587E+01,2.388845E+01,6.872191E+01
05:06:00,8.005764E+03,5.671975E+02,5.574251E-01,5.009037E-02,0.000000E+00,0.000000E+00,0.000000E+00,0.000000E+00,0.000000E+00,0.000000E+00,0.000000E+00,0.000000E+00,2.110805E+01,7.993587E+01,2.388845E+01,6.872789E+01
05:07:00,8.005764E+03,5.668312E+02,5.574251E-01,5.005802E-02,0.000000E+00,0.000000E+00,0.000000E+00,0.000000E+00,0.000000E+00,0.000000E+00,0.000000E+00,0.000000E+00,2.110805E+01,7.993587E+01,2.388845E+01,6.873344E+01
05:08:00,8.005764E+03,5.664905E+02,5.574251E-01,5.002793E-02,0.000000E+00,0.000000E+00,0.000000E+00,0.000000E+00,0.000000E+00,0.000000E+00,0.000000E+00,0.000000E+00,2.110805E+01,7.993587E+01,2.388845E+01,6.873858E+01
05:09:00,8.005764E+03,5.661739E+02,5.574251E-01,4.999997E-02,0.000000E+00,0.000000E+00,0.000000E+00,0.000000E+00,0.000000E+00,0.000000E+00,0.000000E+00,0.000000E+00,2.110805E+01,7.993587E+01,2.388845E+01,6.874331E+01
05:10:00,8.005764E+03,5.658805E+02,5.574251E-01,4.997405E-02,0.000000E+00,0.000000E+00,0.000000E+00,0.000000E+00,0.000000E+00,0.000000E+00,0.000000E+00,0.000000E+00,2.110805E+01,7.993587E+01,2.388845E+01,6.874765E+01
05:11:00,8.005764E+03,5.656100E+02,5.574251E-01,4.995017E-02,0.000000E+00,0.000000E+00,0.000000E+00,0.000000E+00,0.000000E+00,0.000000E+00,0.000000E+00,0.000000E+00,2.110805E+01,7.993587E+01,2.388845E+01,6.875163E+01
05:12:00,8.005764E+03,5.653619E+02,5.574251E-01,4.992826E-02,0.000000E+00,0.000000E+00,0.000000E+00,0.000000E+00,0.000000E+00,0.000000E+00,0.000000E+00,0.000000E+00,2.110805E+01,7.993587E+01,2.388845E+01,6.875528E+01
05:13:00,8.005764E+03,5.651370E+02,5.574251E-01,4.990839E-02,0.000000E+00,0.000000E+00,0.000000E+00,0.000000E+00,0.000000E+00,0.000000E+00,0.000000E+00,0.000000E+00,2.110805E+01,7.993587E+01,2.388845E+01,6.875862E+01
05:14:00,8.005764E+03,5.649344E+02,5.574251E-01,4.989050E-02,0.000000E+00,0.000000E+00,0.000000E+00,0.000000E+00,0.000000E+00,0.000000E+00,0.000000E+00,0.000000E+00,2.110805E+01,7.993587E+01,2.388844E+01,6.876163E+01
05:15:00,8.005764E+03,5.647548E+02,5.574251E-01,4.987464E-02,0.000000E+00,0.000000E+00,0.000000E+00,0.000000E+00,0.000000E+00,0.000000E+00,0.000000E+00,0.000000E+00,2.110805E+01,7.993587E+01,2.388844E+01,6.876434E+01
05:16:00,8.005764E+03,5.646312E+02,5.574251E-01,4.986373E-02,0.000000E+00,0.000000E+00,0.000000E+00,0.000000E+00,0.000000E+00,0.000000E+00,0.000000E+00,0.000000E+00,2.110805E+01,7.993587E+01,2.388844E+01,6.876675E+01
05:17:00,8.005764E+03,5.645333E+02,5.574251E-01,4.985508E-02,0.000000E+00,0.000000E+00,0.000000E+00,0.000000E+00,0.000000E+00,0.000000E+00,0.000000E+00,0.000000E+00,2.110805E+01,7.993587E+01,2.388844E+01,6.876846E+01
05:18:00,8.005764E+03,5.644596E+02,5.574251E-01,4.984858E-02,0.000000E+00,0.000000E+00,0.000000E+00,0.000000E+00,0.000000E+00,0.000000E+00,0.000000E+00,0.000000E+00,2.110805E+01,7.993587E+01,2.388844E+01,6.876960E+01
05:19:00,8.005764E+03,5.644106E+02,5.574251E-01,4.984425E-02,0.000000E+00,0.000000E+00,0.000000E+00,0.000000E+00,0.000000E+00,0.000000E+00,0.000000E+00,0.000000E+00,2.110805E+01,7.993587E+01,2.388844E+01,6.877035E+01
05:20:00,8.005764E+03,5.643856E+02,5.574251E-01,4.984204E-02,0.000000E+00,0.000000E+00,0.000000E+00,0.000000E+00,0.000000E+00,0.000000E+00,0.000000E+00,0.000000E+00,2.110805E+01,7.993587E+01,2.388844E+01,6.877080E+01
05:21:00,8.005764E+03,5.643854E+02,5.574251E-01,4.984202E-02,0.000000E+00,0.000000E+00,0.000000E+00,0.000000E+00,0.000000E+00,0.000000E+00,0.000000E+00,0.000000E+00,2.110805E+01,7.993587E+01,2.388844E+01,6.877099E+01
05:22:00,8.005764E+03,5.644092E+02,5.574251E-01,4.984412E-02,0.000000E+00,0.000000E+00,0.000000E+00,0.000000E+00,0.000000E+00,0.000000E+00,0.000000E+00,0.000000E+00,2.110805E+01,7.993587E+01,2.388844E+01,6.877092E+01
05:23:00,8.005764E+03,5.644573E+02,5.574251E-01,4.984837E-02,0.000000E+00,0.000000E+00,0.000000E+00,0.000000E+00,0.000000E+00,0.000000E+00,0.000000E+00,0.000000E+00,2.110805E+01,7.993587E+01,2.388844E+01,6.877059E+01
05:24:00,8.005764E+03,5.645294E+02,5.574251E-01,4.985474E-02,0.000000E+00,0.000000E+00,0.000000E+00,0.000000E+00,0.000000E+00,0.000000E+00,0.000000E+00,0.000000E+00,2.110805E+01,7.993587E+01,2.388844E+01,6.877001E+01
05:25:00,8.005764E+03,5.646259E+02,5.574251E-01,4.986326E-02,0.000000E+00,0.000000E+00,0.000000E+00,0.000000E+00,0.000000E+00,0.000000E+00,0.000000E+00,0.000000E+00,2.110805E+01,7.993587E+01,2.388844E+01,6.876919E+01
05:26:00,8.005764E+03,5.647463E+02,5.574251E-01,4.987390E-02,0.000000E+00,0.000000E+00,0.000000E+00,0.000000E+00,0.000000E+00,0.000000E+00,0.000000E+00,0.000000E+00,2.110805E+01,7.993587E+01,2.388844E+01,6.876813E+01
05:27:00,8.005764E+03,5.648908E+02,5.574251E-01,4.988666E-02,0.000000E+00,0.000000E+00,0.000000E+00,0.000000E+00,0.000000E+00,0.000000E+00,0.000000E+00,0.000000E+00,2.110805E+01,7.993587E+01,2.388844E+01,6.876685E+01
05:28:00,8.005764E+03,5.650594E+02,5.574251E-01,4.990155E-02,0.000000E+00,0.000000E+00,0.000000E+00,0.000000E+00,0.000000E+00,0.000000E+00,0.000000E+00,0.000000E+00,2.110805E+01,7.993587E+01,2.388844E+01,6.876536E+01
05:29:00,8.005764E+03,5.652523E+02,5.574251E-01,4.991859E-02,0.000000E+00,0.000000E+00,0.000000E+00,0.000000E+00,0.000000E+00,0.000000E+00,0.000000E+00,0.000000E+00,2.110805E+01,7.993587E+01,2.388844E+01,6.876365E+01
05:30:00,8.005764E+03,5.654690E+02,5.574251E-01,4.993773E-02,0.000000E+00,0.000000E+00,0.000000E+00,0.000000E+00,0.000000E+00,0.000000E+00,0.000000E+00,0.000000E+00,2.110805E+01,7.993587E+01,2.388843E+01,6.876174E+01
05:31:00,8.005764E+03,5.657100E+02,5.574251E-01,4.995901E-02,0.000000E+00,0.000000E+00,0.000000E+00,0.000000E+00,0.000000E+00,0.000000E+00,0.000000E+00,0.000000E+00,2.110805E+01,7.993587E+01,2.388843E+01,6.875962E+01
05:32:00,8.005764E+03,5.659747E+02,5.574251E-01,4.998239E-02,0.000000E+00,0.000000E+00,0.000000E+00,0.000000E+00,0.000000E+00,0.000000E+00,0.000000E+00,0.000000E+00,2.110805E+01,7.993587E+01,2.388843E+01,6.875732E+01
05:33:00,8.005764E+03,5.662636E+02,5.574251E-01,5.000790E-02,0.000000E+00,0.000000E+00,0.000000E+00,0.000000E+00,0.000000E+00,0.000000E+00,0.000000E+00,0.000000E+00,2.110805E+01,7.993587E+01,2.388843E+01,6.875483E+01
05:34:00,8.005764E+03,5.665759E+02,5.574251E-01,5.003549E-02,0.000000E+00,0.000000E+00,0.000000E+00,0.000000E+00,0.000000E+00,0.000000E+00,0.000000E+00,0.000000E+00,2.110805E+01,7.993587E+01,2.388843E+01,6.875216E+01
05:35:00,8.005764E+03,5.669125E+02,5.574251E-01,5.006521E-02,0.000000E+00,0.000000E+00,0.000000E+00,0.000000E+00,0.000000E+00,0.000000E+00,0.000000E+00,0.000000E+00,2.110805E+01,7.993587E+01,2.388843E+01,6.874931E+01
05:36:00,8.005764E+03,5.672726E+02,5.574251E-01,5.009701E-02,0.000000E+00,0.000000E+00,0.000000E+00,0.000000E+00,0.000000E+00,0.000000E+00,0.000000E+00,0.000000E+00,2.110805E+01,7.993587E+01,2.388843E+01,6.874630E+01
05:37:00,8.005764E+03,5.676569E+02,5.574251E-01,5.013095E-02,0.000000E+00,0.000000E+00,0.000000E+00,0.000000E+00,0.000000E+00,0.000000E+00,0.000000E+00,0.000000E+00,2.110805E+01,7.993587E+01,2.388843E+01,6.874312E+01
05:38:00,8.005764E+03,5.680649E+02,5.574251E-01,5.016698E-02,0.000000E+00,0.000000E+00,0.000000E+00,0.000000E+00,0.000000E+00,0.000000E+00,0.000000E+00,0.000000E+00,2.110805E+01,7.993587E+01,2.388843E+01,6.873979E+01
05:39:00,8.005764E+03,5.684651E+02,5.574251E-01,5.020233E-02,0.000000E+00,0.000000E+00,0.000000E+00,0.000000E+00,0.000000E+00,0.000000E+00,0.000000E+00,0.000000E+00,2.110805E+01,7.993587E+01,2.388843E+01,6.873630E+01
05:40:00,8.005764E+03,5.688822E+02,5.574251E-01,5.023916E-02,0.000000E+00,0.000000E+00,0.000000E+00,0.000000E+00,0.000000E+00,0.000000E+00,0.000000E+00,0.000000E+00,2.110805E+01,7.993587E+01,2.388843E+01,6.873268E+01
05:41:00,8.005764E+03,5.693173E+02,5.574251E-01,5.027760E-02,0.000000E+00,0.000000E+00,0.000000E+00,0.000000E+00,0.000000E+00,0.000000E+00,0.000000E+00,0.000000E+00,2.110805E+01,7.993587E+01,2.388843E+01,6.872890E+01
05:42:00,8.005764E+03,5.697713E+02,5.574251E-01,5.031769E-02,0.000000E+00,0.000000E+00,0.000000E+00,0.000000E+00,0.000000E+00,0.000000E+00,0.000000E+00,0.000000E+00,2.110805E+01,7.993587E+01,2.388843E+01,6.872500E+01
05:43:00,8.005764E+03,5.702445E+02,5.574251E-01,5.035948E-02,0.000000E+00,0.000000E+00,0.000000E+00,0.000000E+00,0.000000E+00,0.000000E+00,0.000000E+00,0.000000E+00,2.110805E+01,7.993587E+01,2.388843E+01,6.872096E+01
05:44:00,8.005764E+03,5.707358E+02,5.574251E-01,5.040287E-02,0.000000E+00,0.000000E+00,0.000000E+00,0.000000E+00,0.000000E+00,0.000000E+00,0.000000E+00,0.000000E+00,2.110805E+01,7.993587E+01,2.388843E+01,6.871679E+01
05:45:00,8.005764E+03,5.712445E+02,5.574251E-01,5.044779E-02,0.000000E+00,0.000000E+00,0.000000E+00,0.000000E+00,0.000000E+00,0.000000E+00,0.000000E+00,0.000000E+00,2.110805E+01,7.993587E+01,2.388843E+01,6.871251E+01
05:46:00,8.005764E+03,5.717621E+02,5.574251E-01,5.049351E-02,0.000000E+00,0.000000E+00,0.000000E+00,0.000000E+00,0.000000E+00,0.000000E+00,0.000000E+00,0.000000E+00,2.110805E+01,7.993587E+01,2.388843E+01,6.870810E+01
05:47:00,8.005764E+03,5.722946E+02,5.574251E-01,5.054053E-02,0.000000E+00,0.000000E+00,0.000000E+00,0.000000E+00,0.000000E+00,0.000000E+00,0.000000E+00,0.000000E+00,2.110805E+01,7.993587E+01,2.388843E+01,6.870359E+01
05:48:00,8.005764E+03,5.728416E+02,5.574251E-01,5.058885E-02,0.000000E+00,0.000000E+00,0.000000E+00,0.000000E+00,0.000000E+00,0.000000E+00,0.000000E+00,0.000000E+00,2.110805E+01,7.993587E+01,2.388843E+01,6.869896E+01
05:49:00,8.005764E+03,5.734029E+02,5.574251E-01,5.063842E-02,0.000000E+00,0.000000E+00,0.000000E+00,0.000000E+00,0.000000E+00,0.000000E+00,0.000000E+00,0.000000E+00,2.110805E+01,7.993587E+01,2.388843E+01,6.869423E+01
05:50:00,8.005764E+03,5.739781E+02,5.574251E-01,5.068921E-02,0.000000E+00,0.000000E+00,0.000000E+00,0.000000E+00,0.000000E+00,0.000000E+00,0.000000E+00,0.000000E+00,2.110805E+01,7.993587E+01,2.388843E+01,6.868941E+01
05:51:00,8.005764E+03,5.745665E+02,5.574251E-01,5.074119E-02,0.000000E+00,0.000000E+00,0.000000E+00,0.000000E+00,0.000000E+00,0.000000E+00,0.000000E+00,0.000000E+00,2.110805E+01,7.993587E+01,2.388843E+01,6.868449E+01
05:52:00,8.005764E+03,5.751679E+02,5.574251E-01,5.079430E-02,0.000000E+00,0.000000E+00,0.000000E+00,0.000000E+00,0.000000E+00,0.000000E+00,0.000000E+00,0.000000E+00,2.110805E+01,7.993587E+01,2.388843E+01,6.867947E+01
05:53:00,8.005764E+03,5.757819E+02,5.574251E-01,5.084852E-02,0.000000E+00,0.000000E+00,0.000000E+00,0.000000E+00,0.000000E+00,0.000000E+00,0.000000E+00,0.000000E+00,2.110805E+01,7.993587E+01,2.388843E+01,6.867437E+01
05:54:00,8.005764E+03,5.764079E+02,5.574251E-01,5.090381E-02,0.000000E+00,0.000000E+00,0.000000E+00,0.000000E+00,0.000000E+00,0.000000E+00,0.000000E+00,0.000000E+00,2.110805E+01,7.993587E+01,2.388843E+01,6.866918E+01
05:55:00,8.005764E+03,5.770458E+02,5.574251E-01,5.096014E-02,0.000000E+00,0.000000E+00,0.000000E+00,0.000000E+00,0.000000E+00,0.000000E+00,0.000000E+00,0.000000E+00,2.110805E+01,7.993587E+01,2.388842E+01,6.866392E+01
05:56:00,8.005764E+03,5.776792E+02,5.574251E-01,5.101608E-02,0.000000E+00,0.000000E+00,0.000000E+00,0.000000E+00,0.000000E+00,0.000000E+00,0.000000E+00,0.000000E+00,2.110805E+01,7.993587E+01,2.388842E+01,6.865857E+01
05:57:00,8.005764E+03,5.783220E+02,5.574251E-01,5.107285E-02,0.000000E+00,0.000000E+00,0.000000E+00,0.000000E+00,0.000000E+00,0.000000E+00,0.000000E+00,0.000000E+00,2.110805E+01,7.993587E+01,2.388842E+01,6.865314E+01
05:58:00,8.005764E+03,5.789739E+02,5.574251E-01,5.113043E-02,0.000000E+00,0.000000E+00,0.000000E+00,0.000000E+00,0.000000E+00,0.000000E+00,0.000000E+00,0.000000E+00,2.110805E+01,7.993587E+01,2.388842E+01,6.864766E+01
05:59:00,8.005764E+03,5.796354E+02,5.574251E-01,5.118884E-02,0.000000E+00,0.000000E+00,0.000000E+00,0.000000E+00,0.000000E+00,0.000000E+00,0.000000E+00,0.000000E+00,2.110805E+01,7.993587E+01,2.388842E+01,6.864209E+01
06:00:00,8.005764E+03,5.803062E+02,5.574251E-01,5.124808E-02,0.000000E+00,0.000000E+00,0.000000E+00,0.000000E+00,0.000000E+00,0.000000E+00,0.000000E+00,0.000000E+00,2.110805E+01,7.993587E+01,2.388842E+01,6.863647E+01
06:01:00,8.005764E+03,5.809895E+02,5.574251E-01,5.130843E-02,0.000000E+00,0.000000E+00,0.000000E+00,0.000000E+00,0.000000E+00,0.000000E+00,0.000000E+00,0.000000E+00,2.110805E+01,7.993587E+01,2.388842E+01,6.863078E+01
06:02:00,8.005764E+03,5.816845E+02,5.574251E-01,5.136981E-02,0.000000E+00,0.000000E+00,0.000000E+00,0.000000E+00,0.000000E+00,0.000000E+00,0.000000E+00,0.000000E+00,2.110805E+01,7.993587E+01,2.388842E+01,6.862485E+01
06:03:00,8.005764E+03,5.823909E+02,5.574251E-01,5.143219E-02,0.000000E+00,0.000000E+00,0.000000E+00,0.000000E+00,0.000000E+00,0.000000E+00,0.000000E+00,0.000000E+00,2.110805E+01,7.993587E+01,2.388842E+01,6.861859E+01
06:04:00,8.005764E+03,5.831083E+02,5.574251E-01,5.149556E-02,0.000000E+00,0.000000E+00,0.000000E+00,0.000000E+00,0.000000E+00,0.000000E+00,0.000000E+00,0.000000E+00,2.110805E+01,7.993587E+01,2.388842E+01,6.861195E+01
06:05:00,8.005764E+03,5.838366E+02,5.574251E-01,5.155988E-02,0.000000E+00,0.000000E+00,0.000000E+00,0.000000E+00,0.000000E+00,0.000000E+00,0.000000E+00,0.000000E+00,2.110805E+01,7.993587E+01,2.388842E+01,6.860496E+01
06:06:00,8.005764E+03,5.845747E+02,5.574251E-01,5.162506E-02,0.000000E+00,0.000000E+00,0.000000E+00,0.000000E+00,0.000000E+00,0.000000E+00,0.000000E+00,0.000000E+00,2.110805E+01,7.993587E+01,2.388842E+01,6.859761E+01
06:07:00,8.005764E+03,5.853231E+02,5.574251E-01,5.169116E-02,0.000000E+00,0.000000E+00,0.000000E+00,0.000000E+00,0.000000E+00,0.000000E+00,0.000000E+00,0.000000E+00,2.110805E+01,7.993587E+01,2.388842E+01,6.858994E+01
06:08:00,8.005764E+03,5.860818E+02,5.574251E-01,5.175816E-02,0.000000E+00,0.000000E+00,0.000000E+00,0.000000E+00,0.000000E+00,0.000000E+00,0.000000E+00,0.000000E+00,2.110805E+01,7.993587E+01,2.388842E+01,6.858195E+01
06:09:00,8.005764E+03,5.868520E+02,5.574251E-01,5.182618E-02,0.000000E+00,0.000000E+00,0.000000E+00,0.000000E+00,0.000000E+00,0.000000E+00,0.000000E+00,0.000000E+00,2.110805E+01,7.993587E+01,2.388841E+01,6.857365E+01
06:10:00,8.005764E+03,5.876348E+02,5.574251E-01,5.189531E-02,0.000000E+00,0.000000E+00,0.000000E+00,0.000000E+00,0.000000E+00,0.000000E+00,0.000000E+00,0.000000E+00,2.110805E+01,7.993587E+01,2.388841E+01,6.856505E+01
06:11:00,8.005764E+03,5.884299E+02,5.574251E-01,5.196554E-02,0.000000E+00,0.000000E+00,0.000000E+00,0.000000E+00,0.000000E+00,0.000000E+00,0.000000E+00,0.000000E+00,2.110805E+01,7.993587E+01,2.388841E+01,6.855615E+01
06:12:00,8.005764E+03,5.892376E+02,5.574251E-01,5.203686E-02,0.000000E+00,0.000000E+00,0.000000E+00,0.000000E+00,0.000000E+00,0.000000E+00,0.000000E+00,0.000000E+00,2.110805E+01,7.993587E+01,2.388841E+01,6.854697E+01
06:13:00,8.005764E+03,5.900575E+02,5.574251E-01,5.210927E-02,0.000000E+00,0.000000E+00,0.000000E+00,0.000000E+00,0.000000E+00,0.000000E+00,0.000000E+00,0.000000E+00,2.110805E+01,7.993587E+01,2.388841E+01,6.853750E+01
06:14:00,8.005764E+03,5.908895E+02,5.574251E-01,5.218276E-02,0.000000E+00,0.000000E+00,0.000000E+00,0.000000E+00,0.000000E+00,0.000000E+00,0.000000E+00,0.000000E+00,2.110805E+01,7.993587E+01,2.388841E+01,6.852777E+01
06:15:00,8.005764E+03,5.917336E+02,5.574251E-01,5.225730E-02,0.000000E+00,0.000000E+00,0.000000E+00,0.000000E+00,0.000000E+00,0.000000E+00,0.000000E+00,0.000000E+00,2.110805E+01,7.993587E+01,2.388841E+01,6.851778E+01
06:16:00,8.005764E+03,5.925563E+02,5.574251E-01,5.232996E-02,0.000000E+00,0.000000E+00,0.000000E+00,0.000000E+00,0.000000E+00,0.000000E+00,0.000000E+00,0.000000E+00,2.110805E+01,7.993587E+01,2.388841E+01,6.850754E+01
06:17:00,8.005764E+03,5.933890E+02,5.574251E-01,5.240350E-02,0.000000E+00,0.000000E+00,0.000000E+00,0.000000E+00,0.000000E+00,0.000000E+00,0.000000E+00,0.000000E+00,2.110805E+01,7.993587E+01,2.388841E+01,6.849706E+01
06:18:00,8.005764E+03,5.942325E+02,5.574251E-01,5.247800E-02,0.000000E+00,0.000000E+00,0.000000E+00,0.000000E+00,0.000000E+00,0.000000E+00,0.000000E+00,0.000000E+00,2.110805E+01,7.993587E+01,2.388841E+01,6.848634E+01
06:19:00,8.005764E+03,5.950871E+02,5.574251E-01,5.255347E-02,0.000000E+00,0.000000E+00,0.000000E+00,0.000000E+00,0.000000E+00,0.000000E+00,0.000000E+00,0.000000E+00,2.110805E+01,7.993587E+01,2.388841E+01,6.847538E+01
06:20:00,8.005764E+03,5.959530E+02,5.574251E-01,5.262994E-02,0.000000E+00,0.000000E+00,0.000000E+00,0.000000E+00,0.000000E+00,0.000000E+00,0.000000E+00,0.000000E+00,2.110805E+01,7.993587E+01,2.388840E+01,6.846419E+01
06:21:00,8.005764E+03,5.968299E+02,5.574251E-01,5.270739E-02,0.000000E+00,0.000000E+00,0.000000E+00,0.000000E+00,0.000000E+00,0.000000E+00,0.000000E+00,0.000000E+00,2.110805E+01,7.993587E+01,2.388840E+01,6.845278E+01
06:22:00,8.005764E+03,5.977182E+02,5.574251E-01,5.278584E-02,0.000000E+00,0.000000E+00,0.000000E+00,0.000000E+00,0.000000E+00,0.000000E+00,0.000000E+00,0.000000E+00,2.110805E+01,7.993587E+01,2.388840E+01,6.844115E+01
06:23:00,8.005764E+03,5.986181E+02,5.574251E-01,5.286531E-02,0.000000E+00,0.000000E+00,0.000000E+00,0.000000E+00,0.000000E+00,0.000000E+00,0.000000E+00,0.000000E+00,2.110805E+01,7.993587E+01,2.388840E+01,6.842930E+01
06:24:00,8.005764E+03,5.995297E+02,5.574251E-01,5.294582E-02,0.000000E+00,0.000000E+00,0.000000E+00,0.000000E+00,0.000000E+00,0.000000E+00,0.000000E+00,0.000000E+00,2.110805E+01,7.993587E+01,2.388840E+01,6.841725E+01
06:25:00,8.005764E+03,6.004531E+02,5.574251E-01,5.302737E-02,0.000000E+00,0.000000E+00,0.000000E+00,0.000000E+00,0.000000E+00,0.000000E+00,0.000000E+00,0.000000E+00,2.110805E+01,7.993587E+01,2.388840E+01,6.840499E+01
06:26:00,8.005764E+03,6.013884E+02,5.574251E-01,5.310997E-02,0.000000E+00,0.000000E+00,0.000000E+00,0.000000E+00,0.000000E+00,0.000000E+00,0.000000E+00,0.000000E+00,2.110805E+01,7.993587E+01,2.388840E+01,6.839253E+01
06:27:00,8.005764E+03,6.023796E+02,5.574251E-01,5.319751E-02,0.000000E+00,0.000000E+00,0.000000E+00,0.000000E+00,0.000000E+00,0.000000E+00,0.000000E+00,0.000000E+00,2.110805E+01,7.993587E+01,2.388840E+01,6.837988E+01
06:28:00,8.005764E+03,6.033854E+02,5.574251E-01,5.328634E-02,0.000000E+00,0.000000E+00,0.000000E+00,0.000000E+00,0.000000E+00,0.000000E+00,0.000000E+00,0.000000E+00,2.110805E+01,7.993587E+01,2.388840E+01,6.836651E+01
06:29:00,8.005764E+03,6.044055E+02,5.574251E-01,5.337643E-02,0.000000E+00,0.000000E+00,0.000000E+00,0.000000E+00,0.000000E+00,0.000000E+00,0.000000E+00,0.000000E+00,2.110805E+01,7.993587E+01,2.388840E+01,6.835260E+01
06:30:00,8.005764E+03,6.054389E+02,5.574251E-01,5.346769E-02,0.000000E+00,0.000000E+00,0.000000E+00,0.000000E+00,0.000000E+00,0.000000E+00,0.000000E+00,0.000000E+00,2.110805E+01,7.993587E+01,2.388839E+01,6.833837E+01
06:31:00,8.005764E+03,6.064858E+02,5.574251E-01,5.356015E-02,0.000000E+00,0.000000E+00,0.000000E+00,0.000000E+00,0.000000E+00,0.000000E+00,0.000000E+00,0.000000E+00,2.110805E+01,7.993587E+01,2.388839E+01,6.832393E+01
06:32:00,8.005764E+03,6.075462E+02,5.574251E-01,5.365380E-02,0.000000E+00,0.000000E+00,0.000000E+00,0.000000E+00,0.000000E+00,0.000000E+00,0.000000E+00,0.000000E+00,2.110805E+01,7.993587E+01,2.388839E+01,6.830934E+01
06:33:00,8.005764E+03,6.086202E+02,5.574251E-01,5.374865E-02,0.000000E+00,0.000000E+00,0.000000E+00,0.000000E+00,0.000000E+00,0.000000E+00,0.000000E+00,0.000000E+00,2.110805E+01,7.993587E+01,2.388839E+01,6.829459E+01
06:34:00,8.005764E+03,6.097078E+02,5.574251E-01,5.384470E-02,0.000000E+00,0.000000E+00,0.000000E+00,0.000000E+00,0.000000E+00,0.000000E+00,0.000000E+00,0.000000E+00,2.110805E+01,7.993587E+01,2.388839E+01,6.827969E+01
06:35:00,8.005764E+03,6.108091E+02,5.574251E-01,5.394197E-02,0.000000E+00,0.000000E+00,0.000000E+00,0.000000E+00,0.000000E+00,0.000000E+00,0.000000E+00,0.000000E+00,2.110805E+01,7.993587E+01,2.388839E+01,6.826463E+01
06:36:00,8.005764E+03,6.119242E+02,5.574251E-01,5.404044E-02,0.000000E+00,0.000000E+00,0.000000E+00,0.000000E+00,0.000000E+00,0.000000E+00,0.000000E+00,0.000000E+00,2.110805E+01,7.993587E+01,2.388839E+01,6.824943E+01
06:37:00,8.005764E+03,6.130532E+02,5.574251E-01,5.414015E-02,0.000000E+00,0.000000E+00,0.000000E+00,0.000000E+00,0.000000E+00,0.000000E+00,0.000000E+00,0.000000E+00,2.110805E+01,7.993587E+01,2.388839E+01,6.823407E+01
06:38:00,8.005764E+03,6.141961E+02,5.574251E-01,5.424109E-02,0.000000E+00,0.000000E+00,0.000000E+00,0.000000E+00,0.000000E+00,0.000000E+00,0.000000E+00,0.000000E+00,2.110805E+01,7.993587E+01,2.388839E+01,6.821858E+01
06:39:00,8.005764E+03,6.153532E+02,5.574251E-01,5.434328E-02,0.000000E+00,0.000000E+00,0.000000E+00,0.000000E+00,0.000000E+00,0.000000E+00,0.000000E+00,0.000000E+00,2.110805E+01,7.993587E+01,2.388839E+01,6.820294E+01
06:40:00,8.005764E+03,6.165244E+02,5.574251E-01,5.444672E-02,0.000000E+00,0.000000E+00,0.000000E+00,0.000000E+00,0.000000E+00,0.000000E+00,0.000000E+00,0.000000E+00,2.110805E+01,7.993587E+01,2.388839E+01,6.818717E+01
06:41:00,8.005764E+03,6.177099E+02,5.574251E-01,5.455142E-02,0.000000E+00,0.000000E+00,0.000000E+00,0.000000E+00,0.000000E+00,0.000000E+00,0.000000E+00,0.000000E+00,2.110805E+01,7.993587E+01,2.388838E+01,6.817127E+01
06:42:00,8.005764E+03,6.189099E+02,5.574251E-01,5.465739E-02,0.000000E+00,0.000000E+00,0.000000E+00,0.000000E+00,0.000000E+00,0.000000E+00,0.000000E+00,0.000000E+00,2.110805E+01,7.993587E+01,2.388838E+01,6.815523E+01
06:43:00,8.005764E+03,6.201243E+02,5.574251E-01,5.476464E-02,0.000000E+00,0.000000E+00,0.000000E+00,0.000000E+00,0.000000E+00,0.000000E+00,0.000000E+00,0.000000E+00,2.110805E+01,7.993587E+01,2.388838E+01,6.813907E+01
06:44:00,8.005764E+03,6.213534E+02,5.574251E-01,5.487319E-02,0.000000E+00,0.000000E+00,0.000000E+00,0.000000E+00,0.000000E+00,0.000000E+00,0.000000E+00,0.000000E+00,2.110805E+01,7.993587E+01,2.388838E+01,6.812279E+01
06:45:00,8.005764E+03,6.225972E+02,5.574251E-01,5.498304E-02,0.000000E+00,0.000000E+00,0.000000E+00,0.000000E+00,0.000000E+00,0.000000E+00,0.000000E+00,0.000000E+00,2.110805E+01,7.993587E+01,2.388838E+01,6.810638E+01
06:46:00,8.005764E+03,6.238559E+02,5.574251E-01,5.509420E-02,0.000000E+00,0.000000E+00,0.000000E+00,0.000000E+00,0.000000E+00,0.000000E+00,0.000000E+00,0.000000E+00,2.110805E+01,7.993587E+01,2.388838E+01,6.808986E+01
06:47:00,8.005764E+03,6.251294E+02,5.574251E-01,5.520667E-02,0.000000E+00,0.000000E+00,0.000000E+00,0.000000E+00,0.000000E+00,0.000000E+00,0.000000E+00,0.000000E+00,2.110805E+01,7.993587E+01,2.388838E+01,6.807323E+01
06:48:00,8.005764E+03,6.264180E+02,5.574251E-01,5.532048E-02,0.000000E+00,0.000000E+00,0.000000E+00,0.000000E+00,0.000000E+00,0.000000E+00,0.000000E+00,0.000000E+00,2.110805E+01,7.993587E+01,2.388838E+01,6.805648E+01
06:49:00,8.005764E+03,6.277217E+02,5.574251E-01,5.543561E-02,0.000000E+00,0.000000E+00,0.000000E+00,0.000000E+00,0.000000E+00,0.000000E+00,0.000000E+00,0.000000E+00,2.110805E+01,7.993587E+01,2.388838E+01,6.803962E+01
06:50:00,8.005764E+03,6.290406E+02,5.574251E-01,5.555209E-02,0.000000E+00,0.000000E+00,0.000000E+00,0.000000E+00,0.000000E+00,0.000000E+00,0.000000E+00,0.000000E+00,2.110805E+01,7.993587E+01,2.388838E+01,6.802266E+01
06:51:00,8.005764E+03,6.303746E+02,5.574251E-01,5.566990E-02,0.000000E+00,0.000000E+00,0.000000E+00,0.000000E+00,0.000000E+00,0.000000E+00,0.000000E+00,0.000000E+00,2.110805E+01,7.993587E+01,2.388838E+01,6.800560E+01
06:52:00,8.005764E+03,6.317238E+02,5.574251E-01,5.578906E-02,0.000000E+00,0.000000E+00,0.000000E+00,0.000000E+00,0.000000E+00,0.000000E+00,0.000000E+00,0.000000E+00,2.110805E+01,7.993587E+01,2.388838E+01,6.798843E+01
06:53:00,8.005764E+03,6.330887E+02,5.574251E-01,5.590960E-02,0.000000E+00,0.000000E+00,0.000000E+00,0.000000E+00,0.000000E+00,0.000000E+00,0.000000E+00,0.000000E+00,2.110805E+01,7.993587E+01,2.388837E+01,6.797117E+01
06:54:00,8.005764E+03,6.344695E+02,5.574251E-01,5.603155E-02,0.000000E+00,0.000000E+00,0.000000E+00,0.000000E+00,0.000000E+00,0.000000E+00,0.000000E+00,0.000000E+00,2.110805E+01,7.993587E+01,2.388837E+01,6.795382E+01
06:55:00,8.005764E+03,6.358665E+02,5.574251E-01,5.615492E-02,0.000000E+00,0.000000E+00,0.000000E+00,0.000000E+00,0.000000E+00,0.000000E+00,0.000000E+00,0.000000E+00,2.110805E+01,7.993587E+01,2.388837E+01,6.793637E+01
06:56:00,8.005764E+03,6.372798E+02,5.574251E-01,5.627974E-02,0.000000E+00,0.000000E+00,0.000000E+00,0.000000E+00,0.000000E+00,0.000000E+00,0.000000E+00,0.000000E+00,2.110805E+01,7.993587E+01,2.388837E+01,6.791881E+01
06:57:00,8.005764E+03,6.387098E+02,5.574251E-01,5.640603E-02,0.000000E+00,0.000000E+00,0.000000E+00,0.000000E+00,0.000000E+00,0.000000E+00,0.000000E+00,0.000000E+00,2.110805E+01,7.993587E+01,2.388837E+01,6.790116E+01
06:58:00,8.005764E+03,6.401565E+02,5.574251E-01,5.653379E-02,0.000000E+00,0.000000E+00,0.000000E+00,0.000000E+00,0.000000E+00,0.000000E+00,0.000000E+00,0.000000E+00,2.110805E+01,7.993587E+01,2.388837E+01,6.788340E+01
06:59:00,8.005764E+03,6.416202E+02,5.574251E-01,5.666306E-02,0.000000E+00,0.000000E+00,0.000000E+00,0.000000E+00,0.000000E+00,0.000000E+00,0.000000E+00,0.000000E+00,2.110805E+01,7.993587E+01,2.388837E+01,6.786555E+01
07:00:00,8.005764E+03,6.431011E+02,5.574251E-01,5.679385E-02,0.000000E+00,0.000000E+00,0.000000E+00,0.000000E+00,0.000000E+00,0.000000E+00,0.000000E+00,0.000000E+00,2.110805E+01,7.993587E+01,2.388837E+01,6.784760E+01
07:01:00,8.005764E+03,6.446138E+02,5.574251E-01,5.692745E-02,0.000000E+00,0.000000E+00,0.000000E+00,0.000000E+00,0.000000E+00,0.000000E+00,0.000000E+00,0.000000E+00,2.110805E+01,7.993587E+01,2.388837E+01,6.782954E+01
07:02:00,8.005764E+03,6.461584E+02,5.574251E-01,5.706385E-02,0.000000E+00,0.000000E+00,0.000000E+00,0.000000E+00,0.000000E+00,0.000000E+00,0.000000E+00,0.000000E+00,2.110805E+01,7.993587E+01,2.388837E+01,6.781105E+01
07:03:00,8.005764E+03,6.477350E+02,5.574251E-01,5.720309E-02,0.000000E+00,0.000000E+00,0.000000E+00,0.000000E+00,0.000000E+00,0.000000E+00,0.000000E+00,0.000000E+00,2.110805E+01,7.993587E+01,2.388836E+01,6.779190E+01
07:04:00,8.005764E+03,6.493438E+02,5.574251E-01,5.734518E-02,0.000000E+00,0.000000E+00,0.000000E+00,0.000000E+00,0.000000E+00,0.000000E+00,0.000000E+00,0.000000E+00,2.110805E+01,7.993587E+01,2.388836E+01,6.777204E+01
07:05:00,8.005764E+03,6.509851E+02,5.574251E-01,5.749013E-02,0.000000E+00,0.000000E+00,0.000000E+00,0.000000E+00,0.000000E+00,0.000000E+00,0.000000E+00,0.000000E+00,2.110805E+01,7.993587E+01,2.388836E+01,6.775148E+01
07:06:00,8.005764E+03,6.526599E+02,5.574251E-01,5.763804E-02,0.000000E+00,0.000000E+00,0.000000E+00,0.000000E+00,0.000000E+00,0.000000E+00,0.000000E+00,0.000000E+00,2.110805E+01,7.993587E+01,2.388836E+01,6.773025E+01
07:07:00,8.005764E+03,6.543677E+02,5.574251E-01,5.778887E-02,0.000000E+00,0.000000E+00,0.000000E+00,0.000000E+00,0.000000E+00,0.000000E+00,0.000000E+00,0.000000E+00,2.110805E+01,7.993587E+01,2.388836E+01,6.770836E+01
07:08:00,8.005764E+03,6.561085E+02,5.574251E-01,5.794260E-02,0.000000E+00,0.000000E+00,0.000000E+00,0.000000E+00,0.000000E+00,0.000000E+00,0.000000E+00,0.000000E+00,2.110805E+01,7.993587E+01,2.388835E+01,6.768584E+01
07:09:00,8.005764E+03,6.578825E+02,5.574251E-01,5.809928E-02,0.000000E+00,0.000000E+00,0.000000E+00,0.000000E+00,0.000000E+00,0.000000E+00,0.000000E+00,0.000000E+00,2.110805E+01,7.993587E+01,2.388835E+01,6.766271E+01
07:10:00,8.005764E+03,6.596901E+02,5.574251E-01,5.825892E-02,0.000000E+00,0.000000E+00,0.000000E+00,0.000000E+00,0.000000E+00,0.000000E+00,0.000000E+00,0.000000E+00,2.110805E+01,7.993587E+01,2.388835E+01,6.763897E+01
07:11:00,8.005764E+03,6.615310E+02,5.574251E-01,5.842150E-02,0.000000E+00,0.000000E+00,0.000000E+00,0.000000E+00,0.000000E+00,0.000000E+00,0.000000E+00,0.000000E+00,2.110805E+01,7.993587E+01,2.388835E+01,6.761464E+01
07:12:00,8.005764E+03,6.634045E+02,5.574251E-01,5.858696E-02,0.000000E+00,0.000000E+00,0.000000E+00,0.000000E+00,0.000000E+00,0.000000E+00,0.000000E+00,0.000000E+00,2.110805E+01,7.993587E+01,2.388835E+01,6.758974E+01
07:13:00,8.005764E+03,6.653109E+02,5.574251E-01,5.875533E-02,0.000000E+00,0.000000E+00,0.000000E+00,0.000000E+00,0.000000E+00,0.000000E+00,0.000000E+00,0.000000E+00,2.110805E+01,7.993587E+01,2.388834E+01,6.756430E+01
07:14:00,8.005764E+03,6.672507E+02,5.574251E-01,5.892664E-02,0.000000E+00,0.000000E+00,0.000000E+00,0.000000E+00,0.000000E+00,0.000000E+00,0.000000E+00,0.000000E+00,2.110805E+01,7.993587E+01,2.388834E+01,6.753834E+01
07:15:00,8.005764E+03,6.692244E+02,5.574251E-01,5.910095E-02,0.000000E+00,0.000000E+00,0.000000E+00,0.000000E+00,0.000000E+00,0.000000E+00,0.000000E+00,0.000000E+00,2.110805E+01,7.993587E+01,2.388834E+01,6.751187E+01
07:16:00,8.005764E+03,6.712322E+02,5.574251E-01,5.927827E-02,0.000000E+00,0.000000E+00,0.000000E+00,0.000000E+00,0.000000E+00,0.000000E+00,0.000000E+00,0.000000E+00,2.110805E+01,7.993587E+01,2.388834E+01,6.748491E+01
07:17:00,8.005764E+03,6.732742E+02,5.574251E-01,5.945861E-02,0.000000E+00,0.000000E+00,0.000000E+00,0.000000E+00,0.000000E+00,0.000000E+00,0.000000E+00,0.000000E+00,2.110805E+01,7.993587E+01,2.388834E+01,6.745745E+01
07:18:00,8.005764E+03,6.753510E+02,5.574251E-01,5.964203E-02,0.000000E+00,0.000000E+00,0.000000E+00,0.000000E+00,0.000000E+00,0.000000E+00,0.000000E+00,0.000000E+00,2.110805E+01,7.993587E+01,2.388833E+01,6.742951E+01
07:19:00,8.005764E+03,6.774629E+02,5.574251E-01,5.982854E-02,0.000000E+00,0.000000E+00,0.000000E+00,0.000000E+00,0.000000E+00,0.000000E+00,0.000000E+00,0.000000E+00,2.110805E+01,7.993587E+01,2.388833E+01,6.740109E+01
07:20:00,8.005764E+03,6.796105E+02,5.574251E-01,6.001821E-02,0.000000E+00,0.000000E+00,0.000000E+00,0.000000E+00,0.000000E+00,0.000000E+00,0.000000E+00,0.000000E+00,2.110805E+01,7.993587E+01,2.388833E+01,6.737220E+01
07:21:00,8.005764E+03,6.817939E+02,5.574251E-01,6.021103E-02,0.000000E+00,0.000000E+00,0.000000E+00,0.000000E+00,0.000000E+00,0.000000E+00,0.000000E+00,0.000000E+00,2.110805E+01,7.993587E+01,2.388833E+01,6.734284E+01
07:22:00,8.005764E+03,6.840131E+02,5.574251E-01,6.040703E-02,0.000000E+00,0.000000E+00,0.000000E+00,0.000000E+00,0.000000E+00,0.000000E+00,0.000000E+00,0.000000E+00,2.110805E+01,7.993587E+01,2.388833E+01,6.731302E+01
07:23:00,8.005764E+03,6.862683E+02,5.574251E-01,6.060619E-02,0.000000E+00,0.000000E+00,0.000000E+00,0.000000E+00,0.000000E+00,0.000000E+00,0.000000E+00,0.000000E+00,2.110805E+01,7.993587E+01,2.388832E+01,6.728276E+01
07:24:00,8.005764E+03,6.885594E+02,5.574251E-01,6.080854E-02,0.000000E+00,0.000000E+00,0.000000E+00,0.000000E+00,0.000000E+00,0.000000E+00,0.000000E+00,0.000000E+00,2.110805E+01,7.993587E+01,2.388832E+01,6.725205E+01
07:25:00,8.005764E+03,6.908866E+02,5.574251E-01,6.101407E-02,0.000000E+00,0.000000E+00,0.000000E+00,0.000000E+00,0.000000E+00,0.000000E+00,0.000000E+00,0.000000E+00,2.110805E+01,7.993587E+01,2.388832E+01,6.722093E+01
07:26:00,8.005764E+03,6.932500E+02,5.574251E-01,6.122279E-02,0.000000E+00,0.000000E+00,0.000000E+00,0.000000E+00,0.000000E+00,0.000000E+00,0.000000E+00,0.000000E+00,2.110805E+01,7.993587E+01,2.388832E+01,6.718939E+01
07:27:00,8.005764E+03,6.956060E+02,5.574251E-01,6.143086E-02,0.000000E+00,0.000000E+00,0.000000E+00,0.000000E+00,0.000000E+00,0.000000E+00,0.000000E+00,0.000000E+00,2.110805E+01,7.993587E+01,2.388832E+01,6.715746E+01
07:28:00,8.005764E+03,6.979955E+02,5.574251E-01,6.164190E-02,0.000000E+00,0.000000E+00,0.000000E+00,0.000000E+00,0.000000E+00,0.000000E+00,0.000000E+00,0.000000E+00,2.110805E+01,7.993587E+01,2.388831E+01,6.712513E+01
07:29:00,8.005764E+03,7.004194E+02,5.574251E-01,6.185596E-02,0.000000E+00,0.000000E+00,0.000000E+00,0.000000E+00,0.000000E+00,0.000000E+00,0.000000E+00,0.000000E+00,2.110805E+01,7.993587E+01,2.388831E+01,6.709244E+01
07:30:00,8.005764E+03,7.028785E+02,5.574251E-01,6.207314E-02,0.000000E+00,0.000000E+00,0.000000E+00,0.000000E+00,0.000000E+00,0.000000E+00,0.000000E+00,0.000000E+00,2.110805E+01,7.993587E+01,2.388831E+01,6.705938E+01
07:31:00,8.005764E+03,7.053728E+02,5.574251E-01,6.229343E-02,0.000000E+00,0.000000E+00,0.000000E+00,0.000000E+00,0.000000E+00,0.000000E+00,0.000000E+00,0.000000E+00,2.110805E+01,7.993587E+01,2.388831E+01,6.702596E+01
07:32:00,8.005764E+03,7.079023E+02,5.574251E-01,6.251683E-02,0.000000E+00,0.000000E+00,0.000000E+00,0.000000E+00,0.000000E+00,0.000000E+00,0.000000E+00,0.000000E+00,2.110805E+01,7.993587E+01,2.388831E+01,6.699221E+01
07:33:00,8.005764E+03,7.104668E+02,5.574251E-01,6.274331E-02,0.000000E+00,0.000000E+00,0.000000E+00,0.000000E+00,0.000000E+00,0.000000E+00,0.000000E+00,0.000000E+00,2.110805E+01,7.993587E+01,2.388830E+01,6.695812E+01
07:34:00,8.005764E+03,7.130660E+02,5.574251E-01,6.297286E-02,0.000000E+00,0.000000E+00,0.000000E+00,0.000000E+00,0.000000E+00,0.000000E+00,0.000000E+00,0.000000E+00,2.110805E+01,7.993587E+01,2.388830E+01,6.692373E+01
07:35:00,8.005764E+03,7.157002E+02,5.574251E-01,6.320551E-02,0.000000E+00,0.000000E+00,0.000000E+00,0.000000E+00,0.000000E+00,0.000000E+00,0.000000E+00,0.000000E+00,2.110805E+01,7.993587E+01,2.388830E+01,6.688904E+01
07:36:00,8.005764E+03,7.183700E+02,5.574251E-01,6.344130E-02,0.000000E+00,0.000000E+00,0.000000E+00,0.000000E+00,0.000000E+00,0.000000E+00,0.000000E+00,0.000000E+00,2.110805E+01,7.993587E+01,2.388830E+01,6.685406E+01
07:37:00,8.005764E+03,7.210758E+02,5.574251E-01,6.368026E-02,0.000000E+00,0.000000E+00,0.000000E+00,0.000000E+00,0.000000E+00,0.000000E+00,0.000000E+00,0.000000E+00,2.110805E+01,7.993587E+01,2.388830E+01,6.681881E+01
07:38:00,8.005764E+03,7.238185E+02,5.574251E-01,6.392249E-02,0.000000E+00,0.000000E+00,0.000000E+00,0.000000E+00,0.000000E+00,0.000000E+00,0.000000E+00,0.000000E+00,2.110805E+01,7.993587E+01,2.388829E+01,6.678327E+01
07:39:00,8.005764E+03,7.265986E+02,5.574251E-01,6.416801E-02,0.000000E+00,0.000000E+00,0.000000E+00,0.000000E+00,0.000000E+00,0.000000E+00,0.000000E+00,0.000000E+00,2.110805E+01,7.993587E+01,2.388829E+01,6.674744E+01
07:40:00,8.005764E+03,7.294160E+02,5.574251E-01,6.441683E-02,0.000000E+00,0.000000E+00,0.000000E+00,0.000000E+00,0.000000E+00,0.000000E+00,0.000000E+00,0.000000E+00,2.110805E+01,7.993587E+01,2.388829E+01,6.671133E+01
07:41:00,8.005764E+03,7.322710E+02,5.574251E-01,6.466898E-02,0.000000E+00,0.000000E+00,0.000000E+00,0.000000E+00,0.000000E+00,0.000000E+00,0.000000E+00,0.000000E+00,2.110805E+01,7.993587E+01,2.388829E+01,6.667494E+01
07:42:00,8.005764E+03,7.351639E+02,5.574251E-01,6.492447E-02,0.000000E+00,0.000000E+00,0.000000E+00,0.000000E+00,0.000000E+00,0.000000E+00,0.000000E+00,0.000000E+00,2.110805E+01,7.993587E+01,2.388829E+01,6.663826E+01
07:43:00,8.005764E+03,7.380950E+02,5.574251E-01,6.518333E-02,0.000000E+00,0.000000E+00,0.000000E+00,0.000000E+00,0.000000E+00,0.000000E+00,0.000000E+00,0.000000E+00,2.110805E+01,7.993587E+01,2.388829E+01,6.660132E+01
07:44:00,8.005764E+03,7.410643E+02,5.574251E-01,6.544557E-02,0.000000E+00,0.000000E+00,0.000000E+00,0.000000E+00,0.000000E+00,0.000000E+00,0.000000E+00,0.000000E+00,2.110805E+01,7.993587E+01,2.388828E+01,6.656412E+01
07:45:00,8.005764E+03,7.440721E+02,5.574251E-01,6.571121E-02,0.000000E+00,0.000000E+00,0.000000E+00,0.000000E+00,0.000000E+00,0.000000E+00,0.000000E+00,0.000000E+00,2.110805E+01,7.993587E+01,2.388828E+01,6.652666E+01
07:46:00,8.005764E+03,7.471185E+02,5.574251E-01,6.598025E-02,0.000000E+00,0.000000E+00,0.000000E+00,0.000000E+00,0.000000E+00,0.000000E+00,0.000000E+00,0.000000E+00,2.110805E+01,7.993587E+01,2.388828E+01,6.648894E+01
07:47:00,8.005764E+03,7.502038E+02,5.574251E-01,6.625274E-02,0.000000E+00,0.000000E+00,0.000000E+00,0.000000E+00,0.000000E+00,0.000000E+00,0.000000E+00,0.000000E+00,2.110805E+01,7.993587E+01,2.388828E+01,6.645098E+01
07:48:00,8.005764E+03,7.533281E+02,5.574251E-01,6.652866E-02,0.000000E+00,0.000000E+00,0.000000E+00,0.000000E+00,0.000000E+00,0.000000E+00,0.000000E+00,0.000000E+00,2.110805E+01,7.993587E+01,2.388828E+01,6.641278E+01
07:49:00,8.005764E+03,7.564916E+02,5.574251E-01,6.680805E-02,0.000000E+00,0.000000E+00,0.000000E+00,0.000000E+00,0.000000E+00,0.000000E+00,0.000000E+00,0.000000E+00,2.110805E+01,7.993587E+01,2.388827E+01,6.637434E+01
07:50:00,8.005764E+03,7.596945E+02,5.574251E-01,6.709092E-02,0.000000E+00,0.000000E+00,0.000000E+00,0.000000E+00,0.000000E+00,0.000000E+00,0.000000E+00,0.000000E+00,2.110805E+01,7.993587E+01,2.388827E+01,6.633568E+01
07:51:00,8.005764E+03,7.629371E+02,5.574251E-01,6.737729E-02,0.000000E+00,0.000000E+00,0.000000E+00,0.000000E+00,0.000000E+00,0.000000E+00,0.000000E+00,0.000000E+00,2.110805E+01,7.993587E+01,2.388827E+01,6.629680E+01
07:52:00,8.005764E+03,7.662195E+02,5.574251E-01,6.766719E-02,0.000000E+00,0.000000E+00,0.000000E+00,0.000000E+00,0.000000E+00,0.000000E+00,0.000000E+00,0.000000E+00,2.110805E+01,7.993587E+01,2.388827E+01,6.625771E+01
07:53:00,8.005764E+03,7.695415E+02,5.574251E-01,6.796057E-02,0.000000E+00,0.000000E+00,0.000000E+00,0.000000E+00,0.000000E+00,0.000000E+00,0.000000E+00,0.000000E+00,2.110805E+01,7.993587E+01,2.388827E+01,6.621840E+01
07:54:00,8.005764E+03,7.729031E+02,5.574251E-01,6.825745E-02,0.000000E+00,0.000000E+00,0.000000E+00,0.000000E+00,0.000000E+00,0.000000E+00,0.000000E+00,0.000000E+00,2.110805E+01,7.993587E+01,2.388827E+01,6.617889E+01
07:55:00,8.005764E+03,7.763044E+02,5.574251E-01,6.855784E-02,0.000000E+00,0.000000E+00,0.000000E+00,0.000000E+00,0.000000E+00,0.000000E+00,0.000000E+00,0.000000E+00,2.110805E+01,7.993587E+01,2.388826E+01,6.613919E+01
07:56:00,8.005764E+03,7.797453E+02,5.574251E-01,6.886173E-02,0.000000E+00,0.000000E+00,0.000000E+00,0.000000E+00,0.000000E+00,0.000000E+00,0.000000E+00,0.000000E+00,2.110805E+01,7.993587E+01,2.388826E+01,6.609930E+01
07:57:00,8.005764E+03,7.832257E+02,5.574251E-01,6.916911E-02,0.000000E+00,0.000000E+00,0.000000E+00,0.000000E+00,0.000000E+00,0.000000E+00,0.000000E+00,0.000000E+00,2.110805E+01,7.993587E+01,2.388826E+01,6.605922E+01
07:58:00,8.005764E+03,7.867459E+02,5.574251E-01,6.948000E-02,0.000000E+00,0.000000E+00,0.000000E+00,0.000000E+00,0.000000E+00,0.000000E+00,0.000000E+00,0.000000E+00,2.110805E+01,7.993587E+01,2.388826E+01,6.601897E+01
07:59:00,8.005764E+03,7.903058E+02,5.574251E-01,6.979440E-02,0.000000E+00,0.000000E+00,0.000000E+00,0.000000E+00,0.000000E+00,0.000000E+00,0.000000E+00,0.000000E+00,2.110805E+01,7.993587E+01,2.388826E+01,6.597854E+01
08:00:00,8.005764E+03,7.939053E+02,5.574251E-01,7.011230E-02,0.000000E+00,0.000000E+00,0.000000E+00,0.000000E+00,0.000000E+00,0.000000E+00,0.000000E+00,0.000000E+00,2.110805E+01,7.993587E+01,2.388826E+01,6.593795E+01
08:01:00,8.005764E+03,7.975212E+02,5.574251E-01,7.043164E-02,0.000000E+00,0.000000E+00,0.000000E+00,0.000000E+00,0.000000E+00,0.000000E+00,0.000000E+00,0.000000E+00,2.110805E+01,7.993587E+01,2.388825E+01,6.589719E+01
08:02:00,8.005764E+03,8.011538E+02,5.574251E-01,7.075245E-02,0.000000E+00,0.000000E+00,0.000000E+00,0.000000E+00,0.000000E+00,0.000000E+00,0.000000E+00,0.000000E+00,2.110805E+01,7.993587E+01,2.388825E+01,6.585622E+01
08:03:00,8.005764E+03,8.048034E+02,5.574251E-01,7.107478E-02,0.000000E+00,0.000000E+00,0.000000E+00,0.000000E+00,0.000000E+00,0.000000E+00,0.000000E+00,0.000000E+00,2.110805E+01,7.993587E+01,2.388825E+01,6.581500E+01
08:04:00,8.005764E+03,8.084697E+02,5.574251E-01,7.139857E-02,0.000000E+00,0.000000E+00,0.000000E+00,0.000000E+00,0.000000E+00,0.000000E+00,0.000000E+00,0.000000E+00,2.110805E+01,7.993587E+01,2.388825E+01,6.577352E+01
08:05:00,8.005764E+03,8.121527E+02,5.574251E-01,7.172384E-02,0.000000E+00,0.000000E+00,0.000000E+00,0.000000E+00,0.000000E+00,0.000000E+00,0.000000E+00,0.000000E+00,2.110805E+01,7.993587E+01,2.388825E+01,6.573180E+01
08:06:00,8.005764E+03,8.158528E+02,5.574251E-01,7.205062E-02,0.000000E+00,0.000000E+00,0.000000E+00,0.000000E+00,0.000000E+00,0.000000E+00,0.000000E+00,0.000000E+00,2.110805E+01,7.993587E+01,2.388824E+01,6.568984E+01
08:07:00,8.005764E+03,8.195696E+02,5.574251E-01,7.237888E-02,0.000000E+00,0.000000E+00,0.000000E+00,0.000000E+00,0.000000E+00,0.000000E+00,0.000000E+00,0.000000E+00,2.110805E+01,7.993587E+01,2.388824E+01,6.564765E+01
08:08:00,8.005764E+03,8.233030E+02,5.574251E-01,7.270860E-02,0.000000E+00,0.000000E+00,0.000000E+00,0.000000E+00,0.000000E+00,0.000000E+00,0.000000E+00,0.000000E+00,2.110805E+01,7.993587E+01,2.388824E+01,6.560524E+01
08:09:00,8.005764E+03,8.270534E+02,5.574251E-01,7.303981E-02,0.000000E+00,0.000000E+00,0.000000E+00,0.000000E+00,0.000000E+00,0.000000E+00,0.000000E+00,0.000000E+00,2.110805E+01,7.993587E+01,2.388824E+01,6.556262E+01
08:10:00,8.005764E+03,8.308204E+02,5.574251E-01,7.337251E-02,0.000000E+00,0.000000E+00,0.000000E+00,0.000000E+00,0.000000E+00,0.000000E+00,0.000000E+00,0.000000E+00,2.110805E+01,7.993587E+01,2.388824E+01,6.551980E+01
08:11:00,8.005764E+03,8.346044E+02,5.574251E-01,7.370670E-02,0.000000E+00,0.000000E+00,0.000000E+00,0.000000E+00,0.000000E+00,0.000000E+00,0.000000E+00,0.000000E+00,2.110805E+01,7.993587E+01,2.388824E+01,6.547679E+01
08:12:00,8.005764E+03,8.384066E+02,5.574251E-01,7.404249E-02,0.000000E+00,0.000000E+00,0.000000E+00,0.000000E+00,0.000000E+00,0.000000E+00,0.000000E+00,0.000000E+00,2.110805E+01,7.993587E+01,2.388823E+01,6.543359E+01
08:13:00,8.005764E+03,8.422267E+02,5.574251E-01,7.437987E-02,0.000000E+00,0.000000E+00,0.000000E+00,0.000000E+00,0.000000E+00,0.000000E+00,0.000000E+00,0.000000E+00,2.110805E+01,7.993587E+01,2.388823E+01,6.539021E+01
08:14:00,8.005764E+03,8.460643E+02,5.574251E-01,7.471880E-02,0.000000E+00,0.000000E+00,0.000000E+00,0.000000E+00,0.000000E+00,0.000000E+00,0.000000E+00,0.000000E+00,2.110805E+01,7.993587E+01,2.388823E+01,6.534666E+01
08:15:00,8.005764E+03,8.499196E+02,5.574251E-01,7.505928E-02,0.000000E+00,0.000000E+00,0.000000E+00,0.000000E+00,0.000000E+00,0.000000E+00,0.000000E+00,0.000000E+00,2.110805E+01,7.993587E+01,2.388823E+01,6.530295E+01
08:16:00,8.005764E+03,8.537921E+02,5.574251E-01,7.540129E-02,0.000000E+00,0.000000E+00,0.000000E+00,0.000000E+00,0.000000E+00,0.000000E+00,0.000000E+00,0.000000E+00,2.110805E+01,7.993587E+01,2.388823E+01,6.525909E+01
08:17:00,8.005764E+03,8.576814E+02,5.574251E-01,7.574478E-02,0.000000E+00,0.000000E+00,0.000000E+00,0.000000E+00,0.000000E+00,0.000000E+00,0.000000E+00,0.000000E+00,2.110805E+01,7.993587E+01,2.388822E+01,6.521508E+01
08:18:00,8.005764E+03,8.615875E+02,5.574251E-01,7.608976E-02,0.000000E+00,0.000000E+00,0.000000E+00,0.000000E+00,0.000000E+00,0.000000E+00,0.000000E+00,0.000000E+00,2.110805E+01,7.993587E+01,2.388822E+01,6.517092E+01
08:19:00,8.005764E+03,8.655100E+02,5.574251E-01,7.643618E-02,0.000000E+00,0.000000E+00,0.000000E+00,0.000000E+00,0.000000E+00,0.000000E+00,0.000000E+00,0.000000E+00,2.110805E+01,7.993587E+01,2.388822E+01,6.512664E+01
08:20:00,8.005764E+03,8.694481E+02,5.574251E-01,7.678397E-02,0.000000E+00,0.000000E+00,0.000000E+00,0.000000E+00,0.000000E+00,0.000000E+00,0.000000E+00,0.000000E+00,2.110805E+01,7.993587E+01,2.388822E+01,6.508222E+01
08:21:00,8.005764E+03,8.734022E+02,5.574251E-01,7.713319E-02,0.000000E+00,0.000000E+00,0.000000E+00,0.000000E+00,0.000000E+00,0.000000E+00,0.000000E+00,0.000000E+00,2.110805E+01,7.993587E+01,2.388822E+01,6.503768E+01
08:22:00,8.005764E+03,8.773720E+02,5.574251E-01,7.748379E-02,0.000000E+00,0.000000E+00,0.000000E+00,0.000000E+00,0.000000E+00,0.000000E+00,0.000000E+00,0.000000E+00,2.110805E+01,7.993587E+01,2.388822E+01,6.499303E+01
08:23:00,8.005764E+03,8.813575E+02,5.574251E-01,7.783578E-02,0.000000E+00,0.000000E+00,0.000000E+00,0.000000E+00,0.000000E+00,0.000000E+00,0.000000E+00,0.000000E+00,2.110805E+01,7.993587E+01,2.388821E+01,6.494828E+01
08:24:00,8.005764E+03,8.853590E+02,5.574251E-01,7.818918E-02,0.000000E+00,0.000000E+00,0.000000E+00,0.000000E+00,0.000000E+00,0.000000E+00,0.000000E+00,0.000000E+00,2.110805E+01,7.993587E+01,2.388821E+01,6.490342E+01
08:25:00,8.005764E+03,8.893762E+02,5.574251E-01,7.854396E-02,0.000000E+00,0.000000E+00,0.000000E+00,0.000000E+00,0.000000E+00,0.000000E+00,0.000000E+00,0.000000E+00,2.110805E+01,7.993587E+01,2.388821E+01,6.485846E+01
08:26:00,8.005764E+03,8.934090E+02,5.574251E-01,7.890013E-02,0.000000E+00,0.000000E+00,0.000000E+00,0.000000E+00,0.000000E+00,0.000000E+00,0.000000E+00,0.000000E+00,2.110805E+01,7.993587E+01,2.388821E+01,6.481342E+01
08:27:00,8.005764E+03,8.974578E+02,5.574251E-01,7.925770E-02,0.000000E+00,0.000000E+00,0.000000E+00,0.000000E+00,0.000000E+00,0.000000E+00,0.000000E+00,0.000000E+00,2.110805E+01,7.993587E+01,2.388821E+01,6.476830E+01
08:28:00,8.005764E+03,9.015223E+02,5.574251E-01,7.961667E-02,0.000000E+00,0.000000E+00,0.000000E+00,0.000000E+00,0.000000E+00,0.000000E+00,0.000000E+00,0.000000E+00,2.110805E+01,7.993587E+01,2.388821E+01,6.472310E+01
08:29:00,8.005764E+03,9.056025E+02,5.574251E-01,7.997702E-02,0.000000E+00,0.000000E+00,0.000000E+00,0.000000E+00,0.000000E+00,0.000000E+00,0.000000E+00,0.000000E+00,2.110805E+01,7.993587E+01,2.388820E+01,6.467782E+01
08:30:00,8.005764E+03,9.096988E+02,5.574251E-01,8.033878E-02,0.000000E+00,0.000000E+00,0.000000E+00,0.000000E+00,0.000000E+00,0.000000E+00,0.000000E+00,0.000000E+00,2.110805E+01,7.993587E+01,2.388820E+01,6.463248E+01
08:31:00,8.005764E+03,9.138111E+02,5.574251E-01,8.070197E-02,0.000000E+00,0.000000E+00,0.000000E+00,0.000000E+00,0.000000E+00,0.000000E+00,0.000000E+00,0.000000E+00,2.110805E+01,7.993587E+01,2.388820E+01,6.458708E+01
08:32:00,8.005764E+03,9.179394E+02,5.574251E-01,8.106657E-02,0.000000E+00,0.000000E+00,0.000000E+00,0.000000E+00,0.000000E+00,0.000000E+00,0.000000E+00,0.000000E+00,2.110805E+01,7.993587E+01,2.388820E+01,6.454162E+01
08:33:00,8.005764E+03,9.220839E+02,5.574251E-01,8.143260E-02,0.000000E+00,0.000000E+00,0.000000E+00,0.000000E+00,0.000000E+00,0.000000E+00,0.000000E+00,0.000000E+00,2.110805E+01,7.993587E+01,2.388820E+01,6.449611E+01
08:34:00,8.005764E+03,9.262455E+02,5.574251E-01,8.180014E-02,0.000000E+00,0.000000E+00,0.000000E+00,0.000000E+00,0.000000E+00,0.000000E+00,0.000000E+00,0.000000E+00,2.110805E+01,7.993587E+01,2.388820E+01,6.445056E+01
08:35:00,8.005764E+03,9.304237E+02,5.574251E-01,8.216914E-02,0.000000E+00,0.000000E+00,0.000000E+00,0.000000E+00,0.000000E+00,0.000000E+00,0.000000E+00,0.000000E+00,2.110805E+01,7.993587E+01,2.388819E+01,6.440497E+01
08:36:00,8.005764E+03,9.346179E+02,5.574251E-01,8.253956E-02,0.000000E+00,0.000000E+00,0.000000E+00,0.000000E+00,0.000000E+00,0.000000E+00,0.000000E+00,0.000000E+00,2.110805E+01,7.993587E+01,2.388819E+01,6.435934E+01
08:37:00,8.005764E+03,9.388280E+02,5.574251E-01,8.291138E-02,0.000000E+00,0.000000E+00,0.000000E+00,0.000000E+00,0.000000E+00,0.000000E+00,0.000000E+00,0.000000E+00,2.110805E+01,7.993587E+01,2.388819E+01,6.431368E+01
08:38:00,8.005764E+03,9.430529E+02,5.574251E-01,8.328451E-02,0.000000E+00,0.000000E+00,0.000000E+00,0.000000E+00,0.000000E+00,0.000000E+00,0.000000E+00,0.000000E+00,2.110805E+01,7.993587E+01,2.388819E+01,6.426799E+01
08:39:00,8.005764E+03,9.472922E+02,5.574251E-01,8.365891E-02,0.000000E+00,0.000000E+00,0.000000E+00,0.000000E+00,0.000000E+00,0.000000E+00,0.000000E+00,0.000000E+00,2.110805E+01,7.993587E+01,2.388819E+01,6.422228E+01
08:40:00,8.005764E+03,9.515461E+02,5.574251E-01,8.403460E-02,0.000000E+00,0.000000E+00,0.000000E+00,0.000000E+00,0.000000E+00,0.000000E+00,0.000000E+00,0.000000E+00,2.110805E+01,7.993587E+01,2.388819E+01,6.417656E+01
08:41:00,8.005764E+03,9.558144E+02,5.574251E-01,8.441156E-02,0.000000E+00,0.000000E+00,0.000000E+00,0.000000E+00,0.000000E+00,0.000000E+00,0.000000E+00,0.000000E+00,2.110805E+01,7.993587E+01,2.388818E+01,6.413082E+01
08:42:00,8.005764E+03,9.600967E+02,5.574251E-01,8.478976E-02,0.000000E+00,0.000000E+00,0.000000E+00,0.000000E+00,0.000000E+00,0.000000E+00,0.000000E+00,0.000000E+00,2.110805E+01,7.993587E+01,2.388818E+01,6.408507E+01
08:43:00,8.005764E+03,9.643929E+02,5.574251E-01,8.516919E-02,0.000000E+00,0.000000E+00,0.000000E+00,0.000000E+00,0.000000E+00,0.000000E+00,0.000000E+00,0.000000E+00,2.110805E+01,7.993587E+01,2.388818E+01,6.403932E+01
08:44:00,8.005764E+03,9.687029E+02,5.574251E-01,8.554984E-02,0.000000E+00,0.000000E+00,0.000000E+00,0.000000E+00,0.000000E+00,0.000000E+00,0.000000E+00,0.000000E+00,2.110805E+01,7.993587E+01,2.388818E+01,6.399357E+01
08:45:00,8.005764E+03,9.730265E+02,5.574251E-01,8.593168E-02,0.000000E+00,0.000000E+00,0.000000E+00,0.000000E+00,0.000000E+00,0.000000E+00,0.000000E+00,0.000000E+00,2.110805E+01,7.993587E+01,2.388818E+01,6.394783E+01
08:46:00,8.005764E+03,9.773637E+02,5.574251E-01,8.631473E-02,0.000000E+00,0.000000E+00,0.000000E+00,0.000000E+00,0.000000E+00,0.000000E+00,0.000000E+00,0.000000E+00,2.110805E+01,7.993587E+01,2.388818E+01,6.390209E+01
08:47:00,8.005764E+03,9.817140E+02,5.574251E-01,8.669894E-02,0.000000E+00,0.000000E+00,0.000000E+00,0.000000E+00,0.000000E+00,0.000000E+00,0.000000E+00,0.000000E+00,2.110805E+01,7.993587E+01,2.388818E+01,6.385636E+01
08:48:00,8.005764E+03,9.860777E+02,5.574251E-01,8.708433E-02,0.000000E+00,0.000000E+00,0.000000E+00,0.000000E+00,0.000000E+00,0.000000E+00,0.000000E+00,0.000000E+00,2.110805E+01,7.993587E+01,2.388817E+01,6.381065E+01
08:49:00,8.005764E+03,9.904545E+02,5.574251E-01,8.747087E-02,0.000000E+00,0.000000E+00,0.000000E+00,0.000000E+00,0.000000E+00,0.000000E+00,0.000000E+00,0.000000E+00,2.110805E+01,7.993587E+01,2.388817E+01,6.376495E+01
08:50:00,8.005765E+03,9.948443E+02,5.574251E-01,8.785856E-02,0.000000E+00,0.000000E+00,0.000000E+00,0.000000E+00,0.000000E+00,0.000000E+00,0.000000E+00,0.000000E+00,2.110805E+01,7.993587E+01,2.388817E+01,6.371928E+01
08:51:00,8.005765E+03,9.992468E+02,5.574251E-01,8.824738E-02,0.000000E+00,0.000000E+00,0.000000E+00,0.000000E+00,0.000000E+00,0.000000E+00,0.000000E+00,0.000000E+00,2.110805E+01,7.993587E+01,2.388817E+01,6.367363E+01
08:52:00,8.005765E+03,1.003662E+03,5.574251E-01,8.863732E-02,0.000000E+00,0.000000E+00,0.000000E+00,0.000000E+00,0.000000E+00,0.000000E+00,0.000000E+00,0.000000E+00,2.110805E+01,7.993587E+01,2.388817E+01,6.362802E+01
08:53:00,8.005765E+03,1.008090E+03,5.574251E-01,8.902839E-02,0.000000E+00,0.000000E+00,0.000000E+00,0.000000E+00,0.000000E+00,0.000000E+00,0.000000E+00,0.000000E+00,2.110805E+01,7.993587E+01,2.388817E+01,6.358243E+01
08:54:00,8.005765E+03,1.012557E+03,5.574251E-01,8.942291E-02,0.000000E+00,0.000000E+00,0.000000E+00,0.000000E+00,0.000000E+00,0.000000E+00,0.000000E+00,0.000000E+00,2.110805E+01,7.993587E+01,2.388817E+01,6.353689E+01
08:55:00,8.005765E+03,1.017037E+03,5.574251E-01,8.981858E-02,0.000000E+00,0.000000E+00,0.000000E+00,0.000000E+00,0.000000E+00,0.000000E+00,0.000000E+00,0.000000E+00,2.110805E+01,7.993587E+01,2.388816E+01,6.349112E+01
08:56:00,8.005765E+03,1.021531E+03,5.574251E-01,9.021544E-02,0.000000E+00,0.000000E+00,0.000000E+00,0.000000E+00,0.000000E+00,0.000000E+00,0.000000E+00,0.000000E+00,2.110805E+01,7.993587E+01,2.388816E+01,6.344522E+01
08:57:00,8.005765E+03,1.026037E+03,5.574251E-01,9.061341E-02,0.000000E+00,0.000000E+00,0.000000E+00,0.000000E+00,0.000000E+00,0.000000E+00,0.000000E+00,0.000000E+00,2.110805E+01,7.993587E+01,2.388816E+01,6.339930E+01
08:58:00,8.005765E+03,1.030556E+03,5.574251E-01,9.101250E-02,0.000000E+00,0.000000E+00,0.000000E+00,0.000000E+00,0.000000E+00,0.000000E+00,0.000000E+00,0.000000E+00,2.110805E+01,7.993587E+01,2.388816E+01,6.335343E+01
08:59:00,8.005765E+03,1.035087E+03,5.574251E-01,9.141267E-02,0.000000E+00,0.000000E+00,0.000000E+00,0.000000E+00,0.000000E+00,0.000000E+00,0.000000E+00,0.000000E+00,2.110805E+01,7.993587E+01,2.388816E+01,6.330763E+01
09:00:00,8.005765E+03,1.039630E+03,5.574251E-01,9.181393E-02,0.000000E+00,0.000000E+00,0.000000E+00,0.000000E+00,0.000000E+00,0.000000E+00,0.000000E+00,0.000000E+00,2.110805E+01,7.993587E+01,2.388816E+01,6.326189E+01
09:01:00,8.005765E+03,1.044174E+03,5.574251E-01,9.221526E-02,0.000000E+00,0.000000E+00,0.000000E+00,0.000000E+00,0.000000E+00,0.000000E+00,0.000000E+00,0.000000E+00,2.110805E+01,7.993587E+01,2.388815E+01,6.321622E+01
09:02:00,8.005765E+03,1.048719E+03,5.574251E-01,9.261665E-02,0.000000E+00,0.000000E+00,0.000000E+00,0.000000E+00,0.000000E+00,0.000000E+00,0.000000E+00,0.000000E+00,2.110805E+01,7.993587E+01,2.388815E+01,6.317067E+01
09:03:00,8.005765E+03,1.053265E+03,5.574251E-01,9.301808E-02,0.000000E+00,0.000000E+00,0.000000E+00,0.000000E+00,0.000000E+00,0.000000E+00,0.000000E+00,0.000000E+00,2.110805E+01,7.993587E+01,2.388815E+01,6.312529E+01
09:04:00,8.005765E+03,1.057811E+03,5.574251E-01,9.341956E-02,0.000000E+00,0.000000E+00,0.000000E+00,0.000000E+00,0.000000E+00,0.000000E+00,0.000000E+00,0.000000E+00,2.110805E+01,7.993587E+01,2.388815E+01,6.308007E+01
09:05:00,8.005765E+03,1.062357E+03,5.574251E-01,9.382108E-02,0.000000E+00,0.000000E+00,0.000000E+00,0.000000E+00,0.000000E+00,0.000000E+00,0.000000E+00,0.000000E+00,2.110805E+01,7.993587E+01,2.388815E+01,6.303503E+01
09:06:00,8.005765E+03,1.066903E+03,5.574251E-01,9.422258E-02,0.000000E+00,0.000000E+00,0.000000E+00,0.000000E+00,0.000000E+00,0.000000E+00,0.000000E+00,0.000000E+00,2.110805E+01,7.993587E+01,2.388815E+01,6.299017E+01
09:07:00,8.005765E+03,1.071450E+03,5.574251E-01,9.462412E-02,0.000000E+00,0.000000E+00,0.000000E+00,0.000000E+00,0.000000E+00,0.000000E+00,0.000000E+00,0.000000E+00,2.110805E+01,7.993587E+01,2.388815E+01,6.294547E+01
09:08:00,8.005765E+03,1.075996E+03,5.574251E-01,9.502566E-02,0.000000E+00,0.000000E+00,0.000000E+00,0.000000E+00,0.000000E+00,0.000000E+00,0.000000E+00,0.000000E+00,2.110805E+01,7.993587E+01,2.388815E+01,6.290093E+01
09:09:00,8.005765E+03,1.080542E+03,5.574251E-01,9.542717E-02,0.000000E+00,0.000000E+00,0.000000E+00,0.000000E+00,0.000000E+00,0.000000E+00,0.000000E+00,0.000000E+00,2.110805E+01,7.993587E+01,2.388814E+01,6.285656E+01
09:10:00,8.005765E+03,1.085089E+03,5.574251E-01,9.582866E-02,0.000000E+00,0.000000E+00,0.000000E+00,0.000000E+00,0.000000E+00,0.000000E+00,0.000000E+00,0.000000E+00,2.110805E+01,7.993587E+01,2.388814E+01,6.281236E+01
09:11:00,8.005765E+03,1.089634E+03,5.574251E-01,9.623015E-02,0.000000E+00,0.000000E+00,0.000000E+00,0.000000E+00,0.000000E+00,0.000000E+00,0.000000E+00,0.000000E+00,2.110805E+01,7.993587E+01,2.388814E+01,6.276832E+01
09:12:00,8.005765E+03,1.094180E+03,5.574251E-01,9.663157E-02,0.000000E+00,0.000000E+00,0.000000E+00,0.000000E+00,0.000000E+00,0.000000E+00,0.000000E+00,0.000000E+00,2.110805E+01,7.993587E+01,2.388814E+01,6.272445E+01
09:13:00,8.005765E+03,1.098724E+03,5.574251E-01,9.703293E-02,0.000000E+00,0.000000E+00,0.000000E+00,0.000000E+00,0.000000E+00,0.000000E+00,0.000000E+00,0.000000E+00,2.110805E+01,7.993587E+01,2.388814E+01,6.268074E+01
09:14:00,8.005765E+03,1.103268E+03,5.574251E-01,9.743426E-02,0.000000E+00,0.000000E+00,0.000000E+00,0.000000E+00,0.000000E+00,0.000000E+00,0.000000E+00,0.000000E+00,2.110805E+01,7.993587E+01,2.388814E+01,6.263719E+01
09:15:00,8.005765E+03,1.107812E+03,5.574251E-01,9.783549E-02,0.000000E+00,0.000000E+00,0.000000E+00,0.000000E+00,0.000000E+00,0.000000E+00,0.000000E+00,0.000000E+00,2.110805E+01,7.993587E+01,2.388814E+01,6.259380E+01
09:16:00,8.005765E+03,1.112354E+03,5.574251E-01,9.823665E-02,0.000000E+00,0.000000E+00,0.000000E+00,0.000000E+00,0.000000E+00,0.000000E+00,0.000000E+00,0.000000E+00,2.110805E+01,7.993587E+01,2.388814E+01,6.255057E+01
09:17:00,8.005765E+03,1.116895E+03,5.574251E-01,9.863773E-02,0.000000E+00,0.000000E+00,0.000000E+00,0.000000E+00,0.000000E+00,0.000000E+00,0.000000E+00,0.000000E+00,2.110805E+01,7.993587E+01,2.388814E+01,6.250750E+01
09:18:00,8.005765E+03,1.121435E+03,5.574251E-01,9.903868E-02,0.000000E+00,0.000000E+00,0.000000E+00,0.000000E+00,0.000000E+00,0.000000E+00,0.000000E+00,0.000000E+00,2.110805E+01,7.993587E+01,2.388813E+01,6.246459E+01
09:19:00,8.005765E+03,1.125974E+03,5.574251E-01,9.943953E-02,0.000000E+00,0.000000E+00,0.000000E+00,0.000000E+00,0.000000E+00,0.000000E+00,0.000000E+00,0.000000E+00,2.110805E+01,7.993587E+01,2.388813E+01,6.242184E+01
09:20:00,8.005765E+03,1.130511E+03,5.574251E-01,9.984028E-02,0.000000E+00,0.000000E+00,0.000000E+00,0.000000E+00,0.000000E+00,0.000000E+00,0.000000E+00,0.000000E+00,2.110805E+01,7.993587E+01,2.388813E+01,6.237925E+01
09:21:00,8.005765E+03,1.135048E+03,5.574251E-01,1.002409E-01,0.000000E+00,0.000000E+00,0.000000E+00,0.000000E+00,0.000000E+00,0.000000E+00,0.000000E+00,0.000000E+00,2.110805E+01,7.993587E+01,2.388813E+01,6.233681E+01
09:22:00,8.005765E+03,1.139583E+03,5.574251E-01,1.006414E-01,0.000000E+00,0.000000E+00,0.000000E+00,0.000000E+00,0.000000E+00,0.000000E+00,0.000000E+00,0.000000E+00,2.110805E+01,7.993587E+01,2.388813E+01,6.229453E+01
09:23:00,8.005765E+03,1.144116E+03,5.574251E-01,1.010418E-01,0.000000E+00,0.000000E+00,0.000000E+00,0.000000E+00,0.000000E+00,0.000000E+00,0.000000E+00,0.000000E+00,2.110805E+01,7.993587E+01,2.388813E+01,6.225240E+01
09:24:00,8.005765E+03,1.148649E+03,5.574251E-01,1.014421E-01,0.000000E+00,0.000000E+00,0.000000E+00,0.000000E+00,0.000000E+00,0.000000E+00,0.000000E+00,0.000000E+00,2.110805E+01,7.993587E+01,2.388813E+01,6.221042E+01
09:25:00,8.005765E+03,1.153180E+03,5.574251E-01,1.018423E-01,0.000000E+00,0.000000E+00,0.000000E+00,0.000000E+00,0.000000E+00,0.000000E+00,0.000000E+00,0.000000E+00,2.110805E+01,7.993587E+01,2.388813E+01,6.216859E+01
09:26:00,8.005765E+03,1.157710E+03,5.574251E-01,1.022424E-01,0.000000E+00,0.000000E+00,0.000000E+00,0.000000E+00,0.000000E+00,0.000000E+00,0.000000E+00,0.000000E+00,2.110805E+01,7.993587E+01,2.388813E+01,6.212690E+01
09:27:00,8.005765E+03,1.162238E+03,5.574251E-01,1.026423E-01,0.000000E+00,0.000000E+00,0.000000E+00,0.000000E+00,0.000000E+00,0.000000E+00,0.000000E+00,0.000000E+00,2.110805E+01,7.993587E+01,2.388813E+01,6.208536E+01
09:28:00,8.005765E+03,1.166765E+03,5.574251E-01,1.030421E-01,0.000000E+00,0.000000E+00,0.000000E+00,0.000000E+00,0.000000E+00,0.000000E+00,0.000000E+00,0.000000E+00,2.110805E+01,7.993587E+01,2.388812E+01,6.204396E+01
09:29:00,8.005765E+03,1.171290E+03,5.574251E-01,1.034417E-01,0.000000E+00,0.000000E+00,0.000000E+00,0.000000E+00,0.000000E+00,0.000000E+00,0.000000E+00,0.000000E+00,2.110805E+01,7.993587E+01,2.388812E+01,6.200271E+01
09:30:00,8.005765E+03,1.175814E+03,5.574251E-01,1.038412E-01,0.000000E+00,0.000000E+00,0.000000E+00,0.000000E+00,0.000000E+00,0.000000E+00,0.000000E+00,0.000000E+00,2.110805E+01,7.993587E+01,2.388812E+01,6.196160E+01
09:31:00,8.005765E+03,1.180336E+03,5.574251E-01,1.042406E-01,0.000000E+00,0.000000E+00,0.000000E+00,0.000000E+00,0.000000E+00,0.000000E+00,0.000000E+00,0.000000E+00,2.110805E+01,7.993587E+01,2.388812E+01,6.192063E+01
09:32:00,8.005765E+03,1.184856E+03,5.574251E-01,1.046398E-01,0.000000E+00,0.000000E+00,0.000000E+00,0.000000E+00,0.000000E+00,0.000000E+00,0.000000E+00,0.000000E+00,2.110805E+01,7.993587E+01,2.388812E+01,6.187980E+01
09:33:00,8.005765E+03,1.189374E+03,5.574251E-01,1.050389E-01,0.000000E+00,0.000000E+00,0.000000E+00,0.000000E+00,0.000000E+00,0.000000E+00,0.000000E+00,0.000000E+00,2.110805E+01,7.993587E+01,2.388812E+01,6.183911E+01
09:34:00,8.005765E+03,1.193891E+03,5.574251E-01,1.054378E-01,0.000000E+00,0.000000E+00,0.000000E+00,0.000000E+00,0.000000E+00,0.000000E+00,0.000000E+00,0.000000E+00,2.110805E+01,7.993587E+01,2.388812E+01,6.179856E+01
09:35:00,8.005765E+03,1.198406E+03,5.574251E-01,1.058365E-01,0.000000E+00,0.000000E+00,0.000000E+00,0.000000E+00,0.000000E+00,0.000000E+00,0.000000E+00,0.000000E+00,2.110805E+01,7.993587E+01,2.388812E+01,6.175814E+01
09:36:00,8.005765E+03,1.202919E+03,5.574251E-01,1.062351E-01,0.000000E+00,0.000000E+00,0.000000E+00,0.000000E+00,0.000000E+00,0.000000E+00,0.000000E+00,0.000000E+00,2.110805E+01,7.993587E+01,2.388812E+01,6.171786E+01
09:37:00,8.005765E+03,1.207429E+03,5.574251E-01,1.066335E-01,0.000000E+00,0.000000E+00,0.000000E+00,0.000000E+00,0.000000E+00,0.000000E+00,0.000000E+00,0.000000E+00,2.110805E+01,7.993587E+01,2.388811E+01,6.167772E+01
09:38:00,8.005765E+03,1.211938E+03,5.574251E-01,1.070317E-01,0.000000E+00,0.000000E+00,0.000000E+00,0.000000E+00,0.000000E+00,0.000000E+00,0.000000E+00,0.000000E+00,2.110805E+01,7.993587E+01,2.388811E+01,6.163771E+01
09:39:00,8.005765E+03,1.216445E+03,5.574251E-01,1.074297E-01,0.000000E+00,0.000000E+00,0.000000E+00,0.000000E+00,0.000000E+00,0.000000E+00,0.000000E+00,0.000000E+00,2.110805E+01,7.993587E+01,2.388811E+01,6.159784E+01
09:40:00,8.005765E+03,1.220950E+03,5.574251E-01,1.078276E-01,0.000000E+00,0.000000E+00,0.000000E+00,0.000000E+00,0.000000E+00,0.000000E+00,0.000000E+00,0.000000E+00,2.110805E+01,7.993587E+01,2.388811E+01,6.155810E+01
09:41:00,8.005765E+03,1.225452E+03,5.574251E-01,1.082252E-01,0.000000E+00,0.000000E+00,0.000000E+00,0.000000E+00,0.000000E+00,0.000000E+00,0.000000E+00,0.000000E+00,2.110805E+01,7.993587E+01,2.388811E+01,6.151850E+01
09:42:00,8.005765E+03,1.229953E+03,5.574251E-01,1.086227E-01,0.000000E+00,0.000000E+00,0.000000E+00,0.000000E+00,0.000000E+00,0.000000E+00,0.000000E+00,0.000000E+00,2.110805E+01,7.993587E+01,2.388811E+01,6.147902E+01
09:43:00,8.005765E+03,1.234451E+03,5.574251E-01,1.090199E-01,0.000000E+00,0.000000E+00,0.000000E+00,0.000000E+00,0.000000E+00,0.000000E+00,0.000000E+00,0.000000E+00,2.110805E+01,7.993587E+01,2.388811E+01,6.143968E+01
09:44:00,8.005765E+03,1.238947E+03,5.574251E-01,1.094170E-01,0.000000E+00,0.000000E+00,0.000000E+00,0.000000E+00,0.000000E+00,0.000000E+00,0.000000E+00,0.000000E+00,2.110805E+01,7.993587E+01,2.388811E+01,6.140047E+01
09:45:00,8.005765E+03,1.243440E+03,5.574251E-01,1.098138E-01,0.000000E+00,0.000000E+00,0.000000E+00,0.000000E+00,0.000000E+00,0.000000E+00,0.000000E+00,0.000000E+00,2.110805E+01,7.993587E+01,2.388811E+01,6.136139E+01
09:46:00,8.005765E+03,1.247932E+03,5.574251E-01,1.102105E-01,0.000000E+00,0.000000E+00,0.000000E+00,0.000000E+00,0.000000E+00,0.000000E+00,0.000000E+00,0.000000E+00,2.110805E+01,7.993587E+01,2.388811E+01,6.132244E+01
09:47:00,8.005765E+03,1.252420E+03,5.574251E-01,1.106069E-01,0.000000E+00,0.000000E+00,0.000000E+00,0.000000E+00,0.000000E+00,0.000000E+00,0.000000E+00,0.000000E+00,2.110805E+01,7.993587E+01,2.388810E+01,6.128362E+01
09:48:00,8.005765E+03,1.256907E+03,5.574251E-01,1.110031E-01,0.000000E+00,0.000000E+00,0.000000E+00,0.000000E+00,0.000000E+00,0.000000E+00,0.000000E+00,0.000000E+00,2.110805E+01,7.993587E+01,2.388810E+01,6.124492E+01
09:49:00,8.005765E+03,1.261390E+03,5.574251E-01,1.113991E-01,0.000000E+00,0.000000E+00,0.000000E+00,0.000000E+00,0.000000E+00,0.000000E+00,0.000000E+00,0.000000E+00,2.110805E+01,7.993587E+01,2.388810E+01,6.120636E+01
09:50:00,8.005765E+03,1.265872E+03,5.574251E-01,1.117949E-01,0.000000E+00,0.000000E+00,0.000000E+00,0.000000E+00,0.000000E+00,0.000000E+00,0.000000E+00,0.000000E+00,2.110805E+01,7.993587E+01,2.388810E+01,6.116792E+01
09:51:00,8.005765E+03,1.270350E+03,5.574251E-01,1.121905E-01,0.000000E+00,0.000000E+00,0.000000E+00,0.000000E+00,0.000000E+00,0.000000E+00,0.000000E+00,0.000000E+00,2.110805E+01,7.993587E+01,2.388810E+01,6.112961E+01
09:52:00,8.005765E+03,1.274826E+03,5.574251E-01,1.125858E-01,0.000000E+00,0.000000E+00,0.000000E+00,0.000000E+00,0.000000E+00,0.000000E+00,0.000000E+00,0.000000E+00,2.110805E+01,7.993587E+01,2.388810E+01,6.109143E+01
09:53:00,8.005765E+03,1.279300E+03,5.574251E-01,1.129808E-01,0.000000E+00,0.000000E+00,0.000000E+00,0.000000E+00,0.000000E+00,0.000000E+00,0.000000E+00,0.000000E+00,2.110805E+01,7.993587E+01,2.388810E+01,6.105337E+01
09:54:00,8.005765E+03,1.283744E+03,5.574251E-01,1.133733E-01,0.000000E+00,0.000000E+00,0.000000E+00,0.000000E+00,0.000000E+00,0.000000E+00,0.000000E+00,0.000000E+00,2.110805E+01,7.993587E+01,2.388810E+01,6.101543E+01
09:55:00,8.005765E+03,1.288185E+03,5.574251E-01,1.137655E-01,0.000000E+00,0.000000E+00,0.000000E+00,0.000000E+00,0.000000E+00,0.000000E+00,0.000000E+00,0.000000E+00,2.110805E+01,7.993587E+01,2.388810E+01,6.097763E+01
09:56:00,8.005765E+03,1.292621E+03,5.574251E-01,1.141574E-01,0.000000E+00,0.000000E+00,0.000000E+00,0.000000E+00,0.000000E+00,0.000000E+00,0.000000E+00,0.000000E+00,2.110805E+01,7.993587E+01,2.388810E+01,6.093994E+01
09:57:00,8.005765E+03,1.297055E+03,5.574251E-01,1.145489E-01,0.000000E+00,0.000000E+00,0.000000E+00,0.000000E+00,0.000000E+00,0.000000E+00,0.000000E+00,0.000000E+00,2.110805E+01,7.993587E+01,2.388809E+01,6.090238E+01
09:58:00,8.005765E+03,1.301485E+03,5.574251E-01,1.149402E-01,0.000000E+00,0.000000E+00,0.000000E+00,0.000000E+00,0.000000E+00,0.000000E+00,0.000000E+00,0.000000E+00,2.110805E+01,7.993587E+01,2.388809E+01,6.086494E+01
09:59:00,8.005765E+03,1.305912E+03,5.574251E-01,1.153311E-01,0.000000E+00,0.000000E+00,0.000000E+00,0.000000E+00,0.000000E+00,0.000000E+00,0.000000E+00,0.000000E+00,2.110805E+01,7.993587E+01,2.388809E+01,6.082763E+01
10:00:00,8.005765E+03,1.310335E+03,5.574251E-01,1.157218E-01,0.000000E+00,0.000000E+00,0.000000E+00,0.000000E+00,0.000000E+00,0.000000E+00,0.000000E+00,0.000000E+00,2.110805E+01,7.993587E+01,2.388809E+01,6.079044E+01
10:01:00,8.005765E+03,1.314756E+03,5.574251E-01,1.161122E-01,0.000000E+00,0.000000E+00,0.000000E+00,0.000000E+00,0.000000E+00,0.000000E+00,0.000000E+00,0.000000E+00,2.110805E+01,7.993587E+01,2.388809E+01,6.075337E+01
10:02:00,8.005765E+03,1.319173E+03,5.574251E-01,1.165023E-01,0.000000E+00,0.000000E+00,0.000000E+00,0.000000E+00,0.000000E+00,0.000000E+00,0.000000E+00,0.000000E+00,2.110805E+01,7.993587E+01,2.388809E+01,6.071647E+01
10:03:00,8.005765E+03,1.323586E+03,5.574251E-01,1.168921E-01,0.000000E+00,0.000000E+00,0.000000E+00,0.000000E+00,0.000000E+00,0.000000E+00,0.000000E+00,0.000000E+00,2.110805E+01,7.993587E+01,2.388809E+01,6.067977E+01
10:04:00,8.005765E+03,1.327997E+03,5.574251E-01,1.172816E-01,0.000000E+00,0.000000E+00,0.000000E+00,0.000000E+00,0.000000E+00,0.000000E+00,0.000000E+00,0.000000E+00,2.110805E+01,7.993587E+01,2.388809E+01,6.064329E+01
10:05:00,8.005765E+03,1.332404E+03,5.574251E-01,1.176709E-01,0.000000E+00,0.000000E+00,0.000000E+00,0.000000E+00,0.000000E+00,0.000000E+00,0.000000E+00,0.000000E+00,2.110805E+01,7.993587E+01,2.388809E+01,6.060701E+01
10:06:00,8.005765E+03,1.336808E+03,5.574251E-01,1.180598E-01,0.000000E+00,0.000000E+00,0.000000E+00,0.000000E+00,0.000000E+00,0.000000E+00,0.000000E+00,0.000000E+00,2.110805E+01,7.993587E+01,2.388809E+01,6.057092E+01
10:07:00,8.005765E+03,1.341209E+03,5.574251E-01,1.184485E-01,0.000000E+00,0.000000E+00,0.000000E+00,0.000000E+00,0.000000E+00,0.000000E+00,0.000000E+00,0.000000E+00,2.110805E+01,7.993587E+01,2.388809E+01,6.053504E+01
10:08:00,8.005765E+03,1.345606E+03,5.574251E-01,1.188368E-01,0.000000E+00,0.000000E+00,0.000000E+00,0.000000E+00,0.000000E+00,0.000000E+00,0.000000E+00,0.000000E+00,2.110805E+01,7.993587E+01,2.388808E+01,6.049934E+01
10:09:00,8.005765E+03,1.350000E+03,5.574251E-01,1.192249E-01,0.000000E+00,0.000000E+00,0.000000E+00,0.000000E+00,0.000000E+00,0.000000E+00,0.000000E+00,0.000000E+00,2.110805E+01,7.993587E+01,2.388808E+01,6.046384E+01
10:10:00,8.005765E+03,1.354391E+03,5.574251E-01,1.196126E-01,0.000000E+00,0.000000E+00,0.000000E+00,0.000000E+00,0.000000E+00,0.000000E+00,0.000000E+00,0.000000E+00,2.110805E+01,7.993587E+01,2.388808E+01,6.042852E+01
10:11:00,8.005765E+03,1.358778E+03,5.574251E-01,1.200001E-01,0.000000E+00,0.000000E+00,0.000000E+00,0.000000E+00,0.000000E+00,0.000000E+00,0.000000E+00,0.000000E+00,2.110805E+01,7.993587E+01,2.388808E+01,6.039338E+01
10:12:00,8.005765E+03,1.363162E+03,5.574251E-01,1.203873E-01,0.000000E+00,0.000000E+00,0.000000E+00,0.000000E+00,0.000000E+00,0.000000E+00,0.000000E+00,0.000000E+00,2.110805E+01,7.993587E+01,2.388808E+01,6.035842E+01
10:13:00,8.005765E+03,1.367543E+03,5.574251E-01,1.207742E-01,0.000000E+00,0.000000E+00,0.000000E+00,0.000000E+00,0.000000E+00,0.000000E+00,0.000000E+00,0.000000E+00,2.110805E+01,7.993587E+01,2.388808E+01,6.032363E+01
10:14:00,8.005765E+03,1.371920E+03,5.574251E-01,1.211608E-01,0.000000E+00,0.000000E+00,0.000000E+00,0.000000E+00,0.000000E+00,0.000000E+00,0.000000E+00,0.000000E+00,2.110805E+01,7.993587E+01,2.388808E+01,6.028903E+01
10:15:00,8.005765E+03,1.376294E+03,5.574251E-01,1.215470E-01,0.000000E+00,0.000000E+00,0.000000E+00,0.000000E+00,0.000000E+00,0.000000E+00,0.000000E+00,0.000000E+00,2.110805E+01,7.993587E+01,2.388808E+01,6.025459E+01
10:16:00,8.005765E+03,1.380664E+03,5.574251E-01,1.219330E-01,0.000000E+00,0.000000E+00,0.000000E+00,0.000000E+00,0.000000E+00,0.000000E+00,0.000000E+00,0.000000E+00,2.110805E+01,7.993587E+01,2.388808E+01,6.022032E+01
10:17:00,8.005765E+03,1.385031E+03,5.574251E-01,1.223187E-01,0.000000E+00,0.000000E+00,0.000000E+00,0.000000E+00,0.000000E+00,0.000000E+00,0.000000E+00,0.000000E+00,2.110805E+01,7.993587E+01,2.388808E+01,6.018621E+01
10:18:00,8.005765E+03,1.389395E+03,5.574251E-01,1.227041E-01,0.000000E+00,0.000000E+00,0.000000E+00,0.000000E+00,0.000000E+00,0.000000E+00,0.000000E+00,0.000000E+00,2.110805E+01,7.993587E+01,2.388808E+01,6.015227E+01
10:19:00,8.005765E+03,1.393755E+03,5.574251E-01,1.230892E-01,0.000000E+00,0.000000E+00,0.000000E+00,0.000000E+00,0.000000E+00,0.000000E+00,0.000000E+00,0.000000E+00,2.110805E+01,7.993587E+01,2.388808E+01,6.011849E+01
10:20:00,8.005765E+03,1.398112E+03,5.574251E-01,1.234740E-01,0.000000E+00,0.000000E+00,0.000000E+00,0.000000E+00,0.000000E+00,0.000000E+00,0.000000E+00,0.000000E+00,2.110805E+01,7.993587E+01,2.388808E+01,6.008486E+01
10:21:00,8.005765E+03,1.402466E+03,5.574251E-01,1.238585E-01,0.000000E+00,0.000000E+00,0.000000E+00,0.000000E+00,0.000000E+00,0.000000E+00,0.000000E+00,0.000000E+00,2.110805E+01,7.993587E+01,2.388807E+01,6.005140E+01
10:22:00,8.005765E+03,1.406815E+03,5.574251E-01,1.242427E-01,0.000000E+00,0.000000E+00,0.000000E+00,0.000000E+00,0.000000E+00,0.000000E+00,0.000000E+00,0.000000E+00,2.110805E+01,7.993587E+01,2.388807E+01,6.001808E+01
10:23:00,8.005765E+03,1.411161E+03,5.574251E-01,1.246265E-01,0.000000E+00,0.000000E+00,0.000000E+00,0.000000E+00,0.000000E+00,0.000000E+00,0.000000E+00,0.000000E+00,2.110805E+01,7.993587E+01,2.388807E+01,5.998492E+01
10:24:00,8.005765E+03,1.415503E+03,5.574251E-01,1.250099E-01,0.000000E+00,0.000000E+00,0.000000E+00,0.000000E+00,0.000000E+00,0.000000E+00,0.000000E+00,0.000000E+00,2.110805E+01,7.993587E+01,2.388807E+01,5.995190E+01
10:25:00,8.005765E+03,1.419841E+03,5.574251E-01,1.253930E-01,0.000000E+00,0.000000E+00,0.000000E+00,0.000000E+00,0.000000E+00,0.000000E+00,0.000000E+00,0.000000E+00,2.110805E+01,7.993587E+01,2.388807E+01,5.991904E+01
10:26:00,8.005765E+03,1.424175E+03,5.574251E-01,1.257758E-01,0.000000E+00,0.000000E+00,0.000000E+00,0.000000E+00,0.000000E+00,0.000000E+00,0.000000E+00,0.000000E+00,2.110805E+01,7.993587E+01,2.388807E+01,5.988632E+01
10:27:00,8.005765E+03,1.428505E+03,5.574251E-01,1.261582E-01,0.000000E+00,0.000000E+00,0.000000E+00,0.000000E+00,0.000000E+00,0.000000E+00,0.000000E+00,0.000000E+00,2.110805E+01,7.993587E+01,2.388807E+01,5.985374E+01
10:28:00,8.005765E+03,1.432831E+03,5.574251E-01,1.265403E-01,0.000000E+00,0.000000E+00,0.000000E+00,0.000000E+00,0.000000E+00,0.000000E+00,0.000000E+00,0.000000E+00,2.110805E+01,7.993587E+01,2.388807E+01,5.982130E+01
10:29:00,8.005765E+03,1.437153E+03,5.574251E-01,1.269220E-01,0.000000E+00,0.000000E+00,0.000000E+00,0.000000E+00,0.000000E+00,0.000000E+00,0.000000E+00,0.000000E+00,2.110805E+01,7.993587E+01,2.388807E+01,5.978901E+01
10:30:00,8.005765E+03,1.441470E+03,5.574251E-01,1.273033E-01,0.000000E+00,0.000000E+00,0.000000E+00,0.000000E+00,0.000000E+00,0.000000E+00,0.000000E+00,0.000000E+00,2.110805E+01,7.993587E+01,2.388807E+01,5.975685E+01
10:31:00,8.005765E+03,1.445783E+03,5.574251E-01,1.276842E-01,0.000000E+00,0.000000E+00,0.000000E+00,0.000000E+00,0.000000E+00,0.000000E+00,0.000000E+00,0.000000E+00,2.110805E+01,7.993587E+01,2.388807E+01,5.972483E+01
10:32:00,8.005765E+03,1.450092E+03,5.574251E-01,1.280648E-01,0.000000E+00,0.000000E+00,0.000000E+00,0.000000E+00,0.000000E+00,0.000000E+00,0.000000E+00,0.000000E+00,2.110805E+01,7.993587E+01,2.388807E+01,5.969294E+01
10:33:00,8.005765E+03,1.454397E+03,5.574251E-01,1.284449E-01,0.000000E+00,0.000000E+00,0.000000E+00,0.000000E+00,0.000000E+00,0.000000E+00,0.000000E+00,0.000000E+00,2.110805E+01,7.993587E+01,2.388807E+01,5.966119E+01
10:34:00,8.005765E+03,1.458697E+03,5.574251E-01,1.288247E-01,0.000000E+00,0.000000E+00,0.000000E+00,0.000000E+00,0.000000E+00,0.000000E+00,0.000000E+00,0.000000E+00,2.110805E+01,7.993587E+01,2.388806E+01,5.962957E+01
10:35:00,8.005765E+03,1.462992E+03,5.574251E-01,1.292041E-01,0.000000E+00,0.000000E+00,0.000000E+00,0.000000E+00,0.000000E+00,0.000000E+00,0.000000E+00,0.000000E+00,2.110805E+01,7.993587E+01,2.388806E+01,5.959808E+01
10:36:00,8.005765E+03,1.467283E+03,5.574251E-01,1.295830E-01,0.000000E+00,0.000000E+00,0.000000E+00,0.000000E+00,0.000000E+00,0.000000E+00,0.000000E+00,0.000000E+00,2.110805E+01,7.993587E+01,2.388806E+01,5.956672E+01
10:37:00,8.005765E+03,1.471570E+03,5.574251E-01,1.299616E-01,0.000000E+00,0.000000E+00,0.000000E+00,0.000000E+00,0.000000E+00,0.000000E+00,0.000000E+00,0.000000E+00,2.110805E+01,7.993587E+01,2.388806E+01,5.953549E+01
10:38:00,8.005765E+03,1.475852E+03,5.574251E-01,1.303397E-01,0.000000E+00,0.000000E+00,0.000000E+00,0.000000E+00,0.000000E+00,0.000000E+00,0.000000E+00,0.000000E+00,2.110805E+01,7.993587E+01,2.388806E+01,5.950439E+01
10:39:00,8.005765E+03,1.480128E+03,5.574251E-01,1.307175E-01,0.000000E+00,0.000000E+00,0.000000E+00,0.000000E+00,0.000000E+00,0.000000E+00,0.000000E+00,0.000000E+00,2.110805E+01,7.993587E+01,2.388806E+01,5.947341E+01
10:40:00,8.005765E+03,1.484401E+03,5.574251E-01,1.310948E-01,0.000000E+00,0.000000E+00,0.000000E+00,0.000000E+00,0.000000E+00,0.000000E+00,0.000000E+00,0.000000E+00,2.110805E+01,7.993587E+01,2.388806E+01,5.944256E+01
10:41:00,8.005765E+03,1.488668E+03,5.574251E-01,1.314717E-01,0.000000E+00,0.000000E+00,0.000000E+00,0.000000E+00,0.000000E+00,0.000000E+00,0.000000E+00,0.000000E+00,2.110805E+01,7.993587E+01,2.388806E+01,5.941183E+01
10:42:00,8.005765E+03,1.492931E+03,5.574251E-01,1.318482E-01,0.000000E+00,0.000000E+00,0.000000E+00,0.000000E+00,0.000000E+00,0.000000E+00,0.000000E+00,0.000000E+00,2.110805E+01,7.993587E+01,2.388806E+01,5.938122E+01
10:43:00,8.005765E+03,1.497189E+03,5.574251E-01,1.322242E-01,0.000000E+00,0.000000E+00,0.000000E+00,0.000000E+00,0.000000E+00,0.000000E+00,0.000000E+00,0.000000E+00,2.110805E+01,7.993587E+01,2.388806E+01,5.935073E+01
10:44:00,8.005765E+03,1.501442E+03,5.574251E-01,1.325998E-01,0.000000E+00,0.000000E+00,0.000000E+00,0.000000E+00,0.000000E+00,0.000000E+00,0.000000E+00,0.000000E+00,2.110805E+01,7.993587E+01,2.388806E+01,5.932036E+01
10:45:00,8.005765E+03,1.505689E+03,5.574251E-01,1.329749E-01,0.000000E+00,0.000000E+00,0.000000E+00,0.000000E+00,0.000000E+00,0.000000E+00,0.000000E+00,0.000000E+00,2.110805E+01,7.993587E+01,2.388806E+01,5.929011E+01
10:46:00,8.005765E+03,1.509932E+03,5.574251E-01,1.333496E-01,0.000000E+00,0.000000E+00,0.000000E+00,0.000000E+00,0.000000E+00,0.000000E+00,0.000000E+00,0.000000E+00,2.110805E+01,7.993587E+01,2.388806E+01,5.925997E+01
10:47:00,8.005765E+03,1.514169E+03,5.574251E-01,1.337239E-01,0.000000E+00,0.000000E+00,0.000000E+00,0.000000E+00,0.000000E+00,0.000000E+00,0.000000E+00,0.000000E+00,2.110805E+01,7.993587E+01,2.388806E+01,5.922996E+01
10:48:00,8.005765E+03,1.518402E+03,5.574251E-01,1.340976E-01,0.000000E+00,0.000000E+00,0.000000E+00,0.000000E+00,0.000000E+00,0.000000E+00,0.000000E+00,0.000000E+00,2.110805E+01,7.993587E+01,2.388805E+01,5.920006E+01
10:49:00,8.005765E+03,1.522629E+03,5.574251E-01,1.344710E-01,0.000000E+00,0.000000E+00,0.000000E+00,0.000000E+00,0.000000E+00,0.000000E+00,0.000000E+00,0.000000E+00,2.110805E+01,7.993587E+01,2.388805E+01,5.917028E+01
10:50:00,8.005765E+03,1.526850E+03,5.574251E-01,1.348438E-01,0.000000E+00,0.000000E+00,0.000000E+00,0.000000E+00,0.000000E+00,0.000000E+00,0.000000E+00,0.000000E+00,2.110805E+01,7.993587E+01,2.388805E+01,5.914061E+01
10:51:00,8.005765E+03,1.531066E+03,5.574251E-01,1.352161E-01,0.000000E+00,0.000000E+00,0.000000E+00,0.000000E+00,0.000000E+00,0.000000E+00,0.000000E+00,0.000000E+00,2.110805E+01,7.993587E+01,2.388805E+01,5.911105E+01
10:52:00,8.005765E+03,1.535277E+03,5.574251E-01,1.355880E-01,0.000000E+00,0.000000E+00,0.000000E+00,0.000000E+00,0.000000E+00,0.000000E+00,0.000000E+00,0.000000E+00,2.110805E+01,7.993587E+01,2.388805E+01,5.908161E+01
10:53:00,8.005765E+03,1.539482E+03,5.574251E-01,1.359594E-01,0.000000E+00,0.000000E+00,0.000000E+00,0.000000E+00,0.000000E+00,0.000000E+00,0.000000E+00,0.000000E+00,2.110805E+01,7.993587E+01,2.388805E+01,5.905228E+01
10:54:00,8.005765E+03,1.543682E+03,5.574251E-01,1.363303E-01,0.000000E+00,0.000000E+00,0.000000E+00,0.000000E+00,0.000000E+00,0.000000E+00,0.000000E+00,0.000000E+00,2.110805E+01,7.993587E+01,2.388805E+01,5.902306E+01
10:55:00,8.005765E+03,1.547876E+03,5.574251E-01,1.367007E-01,0.000000E+00,0.000000E+00,0.000000E+00,0.000000E+00,0.000000E+00,0.000000E+00,0.000000E+00,0.000000E+00,2.110805E+01,7.993587E+01,2.388805E+01,5.899395E+01
10:56:00,8.005765E+03,1.552064E+03,5.574251E-01,1.370707E-01,0.000000E+00,0.000000E+00,0.000000E+00,0.000000E+00,0.000000E+00,0.000000E+00,0.000000E+00,0.000000E+00,2.110805E+01,7.993587E+01,2.388805E+01,5.896495E+01
10:57:00,8.005765E+03,1.556247E+03,5.574251E-01,1.374401E-01,0.000000E+00,0.000000E+00,0.000000E+00,0.000000E+00,0.000000E+00,0.000000E+00,0.000000E+00,0.000000E+00,2.110805E+01,7.993587E+01,2.388805E+01,5.893606E+01
10:58:00,8.005765E+03,1.560424E+03,5.574251E-01,1.378090E-01,0.000000E+00,0.000000E+00,0.000000E+00,0.000000E+00,0.000000E+00,0.000000E+00,0.000000E+00,0.000000E+00,2.110805E+01,7.993587E+01,2.388805E+01,5.890728E+01
10:59:00,8.005765E+03,1.564595E+03,5.574251E-01,1.381773E-01,0.000000E+00,0.000000E+00,0.000000E+00,0.000000E+00,0.000000E+00,0.000000E+00,0.000000E+00,0.000000E+00,2.110805E+01,7.993587E+01,2.388805E+01,5.887860E+01
11:00:00,8.005765E+03,1.568760E+03,5.574251E-01,1.385452E-01,0.000000E+00,0.000000E+00,0.000000E+00,0.000000E+00,0.000000E+00,0.000000E+00,0.000000E+00,0.000000E+00,2.110805E+01,7.993587E+01,2.388805E+01,5.885003E+01
11:01:00,8.005765E+03,1.572911E+03,5.574251E-01,1.389118E-01,0.000000E+00,0.000000E+00,0.000000E+00,0.000000E+00,0.000000E+00,0.000000E+00,0.000000E+00,0.000000E+00,2.110805E+01,7.993587E+01,2.388805E+01,5.882157E+01
11:02:00,8.005765E+03,1.577047E+03,5.574251E-01,1.392771E-01,0.000000E+00,0.000000E+00,0.000000E+00,0.000000E+00,0.000000E+00,0.000000E+00,0.000000E+00,0.000000E+00,2.110805E+01,7.993587E+01,2.388804E+01,5.879333E+01
11:03:00,8.005765E+03,1.581169E+03,5.574251E-01,1.396411E-01,0.000000E+00,0.000000E+00,0.000000E+00,0.000000E+00,0.000000E+00,0.000000E+00,0.000000E+00,0.000000E+00,2.110805E+01,7.993587E+01,2.388804E+01,5.876537E+01
11:04:00,8.005765E+03,1.585277E+03,5.574251E-01,1.400039E-01,0.000000E+00,0.000000E+00,0.000000E+00,0.000000E+00,0.000000E+00,0.000000E+00,0.000000E+00,0.000000E+00,2.110805E+01,7.993587E+01,2.388804E+01,5.873772E+01
11:05:00,8.005765E+03,1.589370E+03,5.574251E-01,1.403654E-01,0.000000E+00,0.000000E+00,0.000000E+00,0.000000E+00,0.000000E+00,0.000000E+00,0.000000E+00,0.000000E+00,2.110805E+01,7.993587E+01,2.388804E+01,5.871035E+01
11:06:00,8.005765E+03,1.593449E+03,5.574251E-01,1.407256E-01,0.000000E+00,0.000000E+00,0.000000E+00,0.000000E+00,0.000000E+00,0.000000E+00,0.000000E+00,0.000000E+00,2.110805E+01,7.993587E+01,2.388804E+01,5.868328E+01
11:07:00,8.005765E+03,1.597512E+03,5.574251E-01,1.410845E-01,0.000000E+00,0.000000E+00,0.000000E+00,0.000000E+00,0.000000E+00,0.000000E+00,0.000000E+00,0.000000E+00,2.110805E+01,7.993587E+01,2.388804E+01,5.865647E+01
11:08:00,8.005765E+03,1.601562E+03,5.574251E-01,1.414421E-01,0.000000E+00,0.000000E+00,0.000000E+00,0.000000E+00,0.000000E+00,0.000000E+00,0.000000E+00,0.000000E+00,2.110805E+01,7.993587E+01,2.388804E+01,5.862993E+01
11:09:00,8.005765E+03,1.605596E+03,5.574251E-01,1.417984E-01,0.000000E+00,0.000000E+00,0.000000E+00,0.000000E+00,0.000000E+00,0.000000E+00,0.000000E+00,0.000000E+00,2.110805E+01,7.993587E+01,2.388804E+01,5.860365E+01
11:10:00,8.005765E+03,1.609616E+03,5.574251E-01,1.421534E-01,0.000000E+00,0.000000E+00,0.000000E+00,0.000000E+00,0.000000E+00,0.000000E+00,0.000000E+00,0.000000E+00,2.110805E+01,7.993587E+01,2.388804E+01,5.857762E+01
11:11:00,8.005765E+03,1.613620E+03,5.574251E-01,1.425071E-01,0.000000E+00,0.000000E+00,0.000000E+00,0.000000E+00,0.000000E+00,0.000000E+00,0.000000E+00,0.000000E+00,2.110805E+01,7.993587E+01,2.388804E+01,5.855183E+01
11:12:00,8.005765E+03,1.617610E+03,5.574251E-01,1.428595E-01,0.000000E+00,0.000000E+00,0.000000E+00,0.000000E+00,0.000000E+00,0.000000E+00,0.000000E+00,0.000000E+00,2.110805E+01,7.993587E+01,2.388804E+01,5.852627E+01
11:13:00,8.005765E+03,1.621585E+03,5.574251E-01,1.432105E-01,0.000000E+00,0.000000E+00,0.000000E+00,0.000000E+00,0.000000E+00,0.000000E+00,0.000000E+00,0.000000E+00,2.110805E+01,7.993587E+01,2.388804E+01,5.850095E+01
11:14:00,8.005765E+03,1.625544E+03,5.574251E-01,1.435602E-01,0.000000E+00,0.000000E+00,0.000000E+00,0.000000E+00,0.000000E+00,0.000000E+00,0.000000E+00,0.000000E+00,2.110805E+01,7.993587E+01,2.388804E+01,5.847585E+01
11:15:00,8.005765E+03,1.629488E+03,5.574251E-01,1.439085E-01,0.000000E+00,0.000000E+00,0.000000E+00,0.000000E+00,0.000000E+00,0.000000E+00,0.000000E+00,0.000000E+00,2.110805E+01,7.993587E+01,2.388804E+01,5.845096E+01
11:16:00,8.005765E+03,1.633417E+03,5.574251E-01,1.442555E-01,0.000000E+00,0.000000E+00,0.000000E+00,0.000000E+00,0.000000E+00,0.000000E+00,0.000000E+00,0.000000E+00,2.110805E+01,7.993587E+01,2.388804E+01,5.842629E+01
11:17:00,8.005765E+03,1.637331E+03,5.574251E-01,1.446012E-01,0.000000E+00,0.000000E+00,0.000000E+00,0.000000E+00,0.000000E+00,0.000000E+00,0.000000E+00,0.000000E+00,2.110805E+01,7.993587E+01,2.388804E+01,5.840183E+01
11:18:00,8.005765E+03,1.641229E+03,5.574251E-01,1.449454E-01,0.000000E+00,0.000000E+00,0.000000E+00,0.000000E+00,0.000000E+00,0.000000E+00,0.000000E+00,0.000000E+00,2.110805E+01,7.993587E+01,2.388804E+01,5.837757E+01
11:19:00,8.005765E+03,1.645112E+03,5.574251E-01,1.452883E-01,0.000000E+00,0.000000E+00,0.000000E+00,0.000000E+00,0.000000E+00,0.000000E+00,0.000000E+00,0.000000E+00,2.110805E+01,7.993587E+01,2.388804E+01,5.835351E+01
11:20:00,8.005765E+03,1.648979E+03,5.574251E-01,1.456299E-01,0.000000E+00,0.000000E+00,0.000000E+00,0.000000E+00,0.000000E+00,0.000000E+00,0.000000E+00,0.000000E+00,2.110805E+01,7.993587E+01,2.388804E+01,5.832963E+01
11:21:00,8.005765E+03,1.652830E+03,5.574251E-01,1.459700E-01,0.000000E+00,0.000000E+00,0.000000E+00,0.000000E+00,0.000000E+00,0.000000E+00,0.000000E+00,0.000000E+00,2.110805E+01,7.993587E+01,2.388804E+01,5.830595E+01
11:22:00,8.005765E+03,1.656666E+03,5.574251E-01,1.463087E-01,0.000000E+00,0.000000E+00,0.000000E+00,0.000000E+00,0.000000E+00,0.000000E+00,0.000000E+00,0.000000E+00,2.110805E+01,7.993587E+01,2.388804E+01,5.828245E+01
11:23:00,8.005765E+03,1.660485E+03,5.574251E-01,1.466461E-01,0.000000E+00,0.000000E+00,0.000000E+00,0.000000E+00,0.000000E+00,0.000000E+00,0.000000E+00,0.000000E+00,2.110805E+01,7.993587E+01,2.388804E+01,5.825913E+01
11:24:00,8.005765E+03,1.664289E+03,5.574251E-01,1.469820E-01,0.000000E+00,0.000000E+00,0.000000E+00,0.000000E+00,0.000000E+00,0.000000E+00,0.000000E+00,0.000000E+00,2.110805E+01,7.993587E+01,2.388804E+01,5.823598E+01
11:25:00,8.005765E+03,1.668077E+03,5.574251E-01,1.473166E-01,0.000000E+00,0.000000E+00,0.000000E+00,0.000000E+00,0.000000E+00,0.000000E+00,0.000000E+00,0.000000E+00,2.110805E+01,7.993587E+01,2.388804E+01,5.821300E+01
11:26:00,8.005765E+03,1.671847E+03,5.574251E-01,1.476495E-01,0.000000E+00,0.000000E+00,0.000000E+00,0.000000E+00,0.000000E+00,0.000000E+00,0.000000E+00,0.000000E+00,2.110805E+01,7.993587E+01,2.388804E+01,5.819019E+01
11:27:00,8.005765E+03,1.675600E+03,5.574251E-01,1.479810E-01,0.000000E+00,0.000000E+00,0.000000E+00,0.000000E+00,0.000000E+00,0.000000E+00,0.000000E+00,0.000000E+00,2.110805E+01,7.993587E+01,2.388804E+01,5.816755E+01
11:28:00,8.005765E+03,1.679337E+03,5.574251E-01,1.483110E-01,0.000000E+00,0.000000E+00,0.000000E+00,0.000000E+00,0.000000E+00,0.000000E+00,0.000000E+00,0.000000E+00,2.110805E+01,7.993587E+01,2.388804E+01,5.814510E+01
11:29:00,8.005765E+03,1.683058E+03,5.574251E-01,1.486396E-01,0.000000E+00,0.000000E+00,0.000000E+00,0.000000E+00,0.000000E+00,0.000000E+00,0.000000E+00,0.000000E+00,2.110805E+01,7.993587E+01,2.388804E+01,5.812279E+01
11:30:00,8.005765E+03,1.686763E+03,5.574251E-01,1.489669E-01,0.000000E+00,0.000000E+00,0.000000E+00,0.000000E+00,0.000000E+00,0.000000E+00,0.000000E+00,0.000000E+00,2.110805E+01,7.993587E+01,2.388803E+01,5.810064E+01
11:31:00,8.005765E+03,1.690453E+03,5.574251E-01,1.492927E-01,0.000000E+00,0.000000E+00,0.000000E+00,0.000000E+00,0.000000E+00,0.000000E+00,0.000000E+00,0.000000E+00,2.110805E+01,7.993587E+01,2.388803E+01,5.807863E+01
11:32:00,8.005765E+03,1.694126E+03,5.574251E-01,1.496171E-01,0.000000E+00,0.000000E+00,0.000000E+00,0.000000E+00,0.000000E+00,0.000000E+00,0.000000E+00,0.000000E+00,2.110805E+01,7.993587E+01,2.388803E+01,5.805675E+01
11:33:00,8.005765E+03,1.697784E+03,5.574251E-01,1.499402E-01,0.000000E+00,0.000000E+00,0.000000E+00,0.000000E+00,0.000000E+00,0.000000E+00,0.000000E+00,0.000000E+00,2.110805E+01,7.993587E+01,2.388803E+01,5.803501E+01
11:34:00,8.005765E+03,1.701426E+03,5.574251E-01,1.502619E-01,0.000000E+00,0.000000E+00,0.000000E+00,0.000000E+00,0.000000E+00,0.000000E+00,0.000000E+00,0.000000E+00,2.110805E+01,7.993587E+01,2.388803E+01,5.801340E+01
11:35:00,8.005765E+03,1.705053E+03,5.574251E-01,1.505822E-01,0.000000E+00,0.000000E+00,0.000000E+00,0.000000E+00,0.000000E+00,0.000000E+00,0.000000E+00,0.000000E+00,2.110805E+01,7.993587E+01,2.388803E+01,5.799191E+01
11:36:00,8.005765E+03,1.708664E+03,5.574251E-01,1.509011E-01,0.000000E+00,0.000000E+00,0.000000E+00,0.000000E+00,0.000000E+00,0.000000E+00,0.000000E+00,0.000000E+00,2.110805E+01,7.993587E+01,2.388803E+01,5.797054E+01
11:37:00,8.005765E+03,1.712259E+03,5.574252E-01,1.512186E-01,0.000000E+00,0.000000E+00,0.000000E+00,0.000000E+00,0.000000E+00,0.000000E+00,0.000000E+00,0.000000E+00,2.110805E+01,7.993587E+01,2.388803E+01,5.794930E+01
11:38:00,8.005765E+03,1.715838E+03,5.574252E-01,1.515347E-01,0.000000E+00,0.000000E+00,0.000000E+00,0.000000E+00,0.000000E+00,0.000000E+00,0.000000E+00,0.000000E+00,2.110805E+01,7.993587E+01,2.388803E+01,5.792817E+01
11:39:00,8.005765E+03,1.719402E+03,5.574252E-01,1.518495E-01,0.000000E+00,0.000000E+00,0.000000E+00,0.000000E+00,0.000000E+00,0.000000E+00,0.000000E+00,0.000000E+00,2.110805E+01,7.993587E+01,2.388803E+01,5.790715E+01
11:40:00,8.005765E+03,1.722950E+03,5.574252E-01,1.521628E-01,0.000000E+00,0.000000E+00,0.000000E+00,0.000000E+00,0.000000E+00,0.000000E+00,0.000000E+00,0.000000E+00,2.110805E+01,7.993587E+01,2.388803E+01,5.788625E+01
11:41:00,8.005765E+03,1.726483E+03,5.574252E-01,1.524748E-01,0.000000E+00,0.000000E+00,0.000000E+00,0.000000E+00,0.000000E+00,0.000000E+00,0.000000E+00,0.000000E+00,2.110805E+01,7.993587E+01,2.388803E+01,5.786545E+01
11:42:00,8.005765E+03,1.729999E+03,5.574252E-01,1.527853E-01,0.000000E+00,0.000000E+00,0.000000E+00,0.000000E+00,0.000000E+00,0.000000E+00,0.000000E+00,0.000000E+00,2.110805E+01,7.993587E+01,2.388803E+01,5.784476E+01
11:43:00,8.005765E+03,1.733500E+03,5.574252E-01,1.530945E-01,0.000000E+00,0.000000E+00,0.000000E+00,0.000000E+00,0.000000E+00,0.000000E+00,0.000000E+00,0.000000E+00,2.110805E+01,7.993587E+01,2.388803E+01,5.782417E+01
11:44:00,8.005765E+03,1.736985E+03,5.574252E-01,1.534023E-01,0.000000E+00,0.000000E+00,0.000000E+00,0.000000E+00,0.000000E+00,0.000000E+00,0.000000E+00,0.000000E+00,2.110805E+01,7.993587E+01,2.388803E+01,5.780368E+01
11:45:00,8.005765E+03,1.740454E+03,5.574252E-01,1.537087E-01,0.000000E+00,0.000000E+00,0.000000E+00,0.000000E+00,0.000000E+00,0.000000E+00,0.000000E+00,0.000000E+00,2.110805E+01,7.993587E+01,2.388803E+01,5.778329E+01
11:46:00,8.005765E+03,1.743908E+03,5.574252E-01,1.540137E-01,0.000000E+00,0.000000E+00,0.000000E+00,0.000000E+00,0.000000E+00,0.000000E+00,0.000000E+00,0.000000E+00,2.110805E+01,7.993587E+01,2.388803E+01,5.776300E+01
11:47:00,8.005765E+03,1.747346E+03,5.574252E-01,1.543173E-01,0.000000E+00,0.000000E+00,0.000000E+00,0.000000E+00,0.000000E+00,0.000000E+00,0.000000E+00,0.000000E+00,2.110805E+01,7.993587E+01,2.388803E+01,5.774281E+01
11:48:00,8.005765E+03,1.750768E+03,5.574252E-01,1.546196E-01,0.000000E+00,0.000000E+00,0.000000E+00,0.000000E+00,0.000000E+00,0.000000E+00,0.000000E+00,0.000000E+00,2.110805E+01,7.993587E+01,2.388803E+01,5.772271E+01
11:49:00,8.005765E+03,1.754174E+03,5.574252E-01,1.549204E-01,0.000000E+00,0.000000E+00,0.000000E+00,0.000000E+00,0.000000E+00,0.000000E+00,0.000000E+00,0.000000E+00,2.110805E+01,7.993587E+01,2.388803E+01,5.770270E+01
11:50:00,8.005765E+03,1.757564E+03,5.574252E-01,1.552198E-01,0.000000E+00,0.000000E+00,0.000000E+00,0.000000E+00,0.000000E+00,0.000000E+00,0.000000E+00,0.000000E+00,2.110805E+01,7.993587E+01,2.388803E+01,5.768278E+01
11:51:00,8.005765E+03,1.760939E+03,5.574252E-01,1.555179E-01,0.000000E+00,0.000000E+00,0.000000E+00,0.000000E+00,0.000000E+00,0.000000E+00,0.000000E+00,0.000000E+00,2.110805E+01,7.993587E+01,2.388803E+01,5.766295E+01
11:52:00,8.005765E+03,1.764297E+03,5.574252E-01,1.558145E-01,0.000000E+00,0.000000E+00,0.000000E+00,0.000000E+00,0.000000E+00,0.000000E+00,0.000000E+00,0.000000E+00,2.110805E+01,7.993587E+01,2.388803E+01,5.764321E+01
11:53:00,8.005765E+03,1.767640E+03,5.574252E-01,1.561097E-01,0.000000E+00,0.000000E+00,0.000000E+00,0.000000E+00,0.000000E+00,0.000000E+00,0.000000E+00,0.000000E+00,2.110805E+01,7.993587E+01,2.388802E+01,5.762356E+01
11:54:00,8.005765E+03,1.770967E+03,5.574252E-01,1.564036E-01,0.000000E+00,0.000000E+00,0.000000E+00,0.000000E+00,0.000000E+00,0.000000E+00,0.000000E+00,0.000000E+00,2.110805E+01,7.993587E+01,2.388802E+01,5.760399E+01
11:55:00,8.005765E+03,1.774278E+03,5.574252E-01,1.566960E-01,0.000000E+00,0.000000E+00,0.000000E+00,0.000000E+00,0.000000E+00,0.000000E+00,0.000000E+00,0.000000E+00,2.110805E+01,7.993587E+01,2.388802E+01,5.758450E+01
11:56:00,8.005765E+03,1.777573E+03,5.574252E-01,1.569870E-01,0.000000E+00,0.000000E+00,0.000000E+00,0.000000E+00,0.000000E+00,0.000000E+00,0.000000E+00,0.000000E+00,2.110805E+01,7.993587E+01,2.388802E+01,5.756510E+01
11:57:00,8.005765E+03,1.780852E+03,5.574252E-01,1.572766E-01,0.000000E+00,0.000000E+00,0.000000E+00,0.000000E+00,0.000000E+00,0.000000E+00,0.000000E+00,0.000000E+00,2.110805E+01,7.993587E+01,2.388802E+01,5.754577E+01
11:58:00,8.005765E+03,1.784116E+03,5.574252E-01,1.575648E-01,0.000000E+00,0.000000E+00,0.000000E+00,0.000000E+00,0.000000E+00,0.000000E+00,0.000000E+00,0.000000E+00,2.110805E+01,7.993587E+01,2.388802E+01,5.752653E+01
11:59:00,8.005765E+03,1.787363E+03,5.574252E-01,1.578516E-01,0.000000E+00,0.000000E+00,0.000000E+00,0.000000E+00,0.000000E+00,0.000000E+00,0.000000E+00,0.000000E+00,2.110805E+01,7.993587E+01,2.388802E+01,5.750737E+01
12:00:00,8.005765E+03,1.790594E+03,5.574252E-01,1.581369E-01,0.000000E+00,0.000000E+00,0.000000E+00,0.000000E+00,0.000000E+00,0.000000E+00,0.000000E+00,0.000000E+00,2.110805E+01,7.993587E+01,2.388802E+01,5.748828E+01
12:01:00,8.005765E+03,1.793818E+03,5.574252E-01,1.584216E-01,0.000000E+00,0.000000E+00,0.000000E+00,0.000000E+00,0.000000E+00,0.000000E+00,0.000000E+00,0.000000E+00,2.110805E+01,7.993587E+01,2.388802E+01,5.746927E+01
12:02:00,8.005765E+03,1.797034E+03,5.574252E-01,1.587057E-01,0.000000E+00,0.000000E+00,0.000000E+00,0.000000E+00,0.000000E+00,0.000000E+00,0.000000E+00,0.000000E+00,2.110805E+01,7.993587E+01,2.388802E+01,5.745038E+01
12:03:00,8.005765E+03,1.800243E+03,5.574252E-01,1.589890E-01,0.000000E+00,0.000000E+00,0.000000E+00,0.000000E+00,0.000000E+00,0.000000E+00,0.000000E+00,0.000000E+00,2.110805E+01,7.993587E+01,2.388802E+01,5.743163E+01
12:04:00,8.005765E+03,1.803443E+03,5.574252E-01,1.592717E-01,0.000000E+00,0.000000E+00,0.000000E+00,0.000000E+00,0.000000E+00,0.000000E+00,0.000000E+00,0.000000E+00,2.110805E+01,7.993587E+01,2.388802E+01,5.741303E+01
12:05:00,8.005765E+03,1.806636E+03,5.574252E-01,1.595537E-01,0.000000E+00,0.000000E+00,0.000000E+00,0.000000E+00,0.000000E+00,0.000000E+00,0.000000E+00,0.000000E+00,2.110805E+01,7.993587E+01,2.388802E+01,5.739457E+01
12:06:00,8.005765E+03,1.809822E+03,5.574252E-01,1.598350E-01,0.000000E+00,0.000000E+00,0.000000E+00,0.000000E+00,0.000000E+00,0.000000E+00,0.000000E+00,0.000000E+00,2.110805E+01,7.993587E+01,2.388802E+01,5.737625E+01
12:07:00,8.005765E+03,1.812999E+03,5.574252E-01,1.601157E-01,0.000000E+00,0.000000E+00,0.000000E+00,0.000000E+00,0.000000E+00,0.000000E+00,0.000000E+00,0.000000E+00,2.110805E+01,7.993587E+01,2.388802E+01,5.735806E+01
12:08:00,8.005765E+03,1.816169E+03,5.574252E-01,1.603956E-01,0.000000E+00,0.000000E+00,0.000000E+00,0.000000E+00,0.000000E+00,0.000000E+00,0.000000E+00,0.000000E+00,2.110805E+01,7.993587E+01,2.388802E+01,5.734000E+01
12:09:00,8.005765E+03,1.819331E+03,5.574252E-01,1.606749E-01,0.000000E+00,0.000000E+00,0.000000E+00,0.000000E+00,0.000000E+00,0.000000E+00,0.000000E+00,0.000000E+00,2.110805E+01,7.993587E+01,2.388802E+01,5.732207E+01
12:10:00,8.005765E+03,1.822485E+03,5.574252E-01,1.609535E-01,0.000000E+00,0.000000E+00,0.000000E+00,0.000000E+00,0.000000E+00,0.000000E+00,0.000000E+00,0.000000E+00,2.110805E+01,7.993587E+01,2.388802E+01,5.730427E+01
12:11:00,8.005765E+03,1.825632E+03,5.574252E-01,1.612314E-01,0.000000E+00,0.000000E+00,0.000000E+00,0.000000E+00,0.000000E+00,0.000000E+00,0.000000E+00,0.000000E+00,2.110805E+01,7.993587E+01,2.388802E+01,5.728658E+01
12:12:00,8.005765E+03,1.828771E+03,5.574252E-01,1.615086E-01,0.000000E+00,0.000000E+00,0.000000E+00,0.000000E+00,0.000000E+00,0.000000E+00,0.000000E+00,0.000000E+00,2.110805E+01,7.993587E+01,2.388802E+01,5.726901E+01
12:13:00,8.005765E+03,1.831902E+03,5.574252E-01,1.617851E-01,0.000000E+00,0.000000E+00,0.000000E+00,0.000000E+00,0.000000E+00,0.000000E+00,0.000000E+00,0.000000E+00,2.110805E+01,7.993587E+01,2.388802E+01,5.725156E+01
12:14:00,8.005765E+03,1.835026E+03,5.574252E-01,1.620610E-01,0.000000E+00,0.000000E+00,0.000000E+00,0.000000E+00,0.000000E+00,0.000000E+00,0.000000E+00,0.000000E+00,2.110805E+01,7.993587E+01,2.388802E+01,5.723422E+01
12:15:00,8.005765E+03,1.838142E+03,5.574252E-01,1.623362E-01,0.000000E+00,0.000000E+00,0.000000E+00,0.000000E+00,0.000000E+00,0.000000E+00,0.000000E+00,0.000000E+00,2.110805E+01,7.993587E+01,2.388802E+01,5.721699E+01
12:16:00,8.005765E+03,1.841250E+03,5.574252E-01,1.626107E-01,0.000000E+00,0.000000E+00,0.000000E+00,0.000000E+00,0.000000E+00,0.000000E+00,0.000000E+00,0.000000E+00,2.110805E+01,7.993587E+01,2.388802E+01,5.719986E+01
12:17:00,8.005765E+03,1.844350E+03,5.574252E-01,1.628845E-01,0.000000E+00,0.000000E+00,0.000000E+00,0.000000E+00,0.000000E+00,0.000000E+00,0.000000E+00,0.000000E+00,2.110805E+01,7.993587E+01,2.388802E+01,5.718284E+01
12:18:00,8.005765E+03,1.847443E+03,5.574252E-01,1.631577E-01,0.000000E+00,0.000000E+00,0.000000E+00,0.000000E+00,0.000000E+00,0.000000E+00,0.000000E+00,0.000000E+00,2.110805E+01,7.993587E+01,2.388802E+01,5.716592E+01
12:19:00,8.005765E+03,1.850528E+03,5.574252E-01,1.634301E-01,0.000000E+00,0.000000E+00,0.000000E+00,0.000000E+00,0.000000E+00,0.000000E+00,0.000000E+00,0.000000E+00,2.110805E+01,7.993587E+01,2.388802E+01,5.714910E+01
12:20:00,8.005765E+03,1.853606E+03,5.574252E-01,1.637019E-01,0.000000E+00,0.000000E+00,0.000000E+00,0.000000E+00,0.000000E+00,0.000000E+00,0.000000E+00,0.000000E+00,2.110805E+01,7.993587E+01,2.388802E+01,5.713238E+01
12:21:00,8.005765E+03,1.856676E+03,5.574252E-01,1.639731E-01,0.000000E+00,0.000000E+00,0.000000E+00,0.000000E+00,0.000000E+00,0.000000E+00,0.000000E+00,0.000000E+00,2.110805E+01,7.993587E+01,2.388801E+01,5.711575E+01
12:22:00,8.005765E+03,1.859738E+03,5.574252E-01,1.642436E-01,0.000000E+00,0.000000E+00,0.000000E+00,0.000000E+00,0.000000E+00,0.000000E+00,0.000000E+00,0.000000E+00,2.110805E+01,7.993587E+01,2.388801E+01,5.709921E+01
12:23:00,8.005765E+03,1.862794E+03,5.574252E-01,1.645134E-01,0.000000E+00,0.000000E+00,0.000000E+00,0.000000E+00,0.000000E+00,0.000000E+00,0.000000E+00,0.000000E+00,2.110805E+01,7.993587E+01,2.388801E+01,5.708276E+01
12:24:00,8.005765E+03,1.865841E+03,5.574252E-01,1.647825E-01,0.000000E+00,0.000000E+00,0.000000E+00,0.000000E+00,0.000000E+00,0.000000E+00,0.000000E+00,0.000000E+00,2.110805E+01,7.993587E+01,2.388801E+01,5.706640E+01
12:25:00,8.005765E+03,1.868881E+03,5.574252E-01,1.650510E-01,0.000000E+00,0.000000E+00,0.000000E+00,0.000000E+00,0.000000E+00,0.000000E+00,0.000000E+00,0.000000E+00,2.110805E+01,7.993587E+01,2.388801E+01,5.705013E+01
12:26:00,8.005765E+03,1.871916E+03,5.574252E-01,1.653190E-01,0.000000E+00,0.000000E+00,0.000000E+00,0.000000E+00,0.000000E+00,0.000000E+00,0.000000E+00,0.000000E+00,2.110805E+01,7.993587E+01,2.388801E+01,5.703394E+01
12:27:00,8.005765E+03,1.874944E+03,5.574252E-01,1.655864E-01,0.000000E+00,0.000000E+00,0.000000E+00,0.000000E+00,0.000000E+00,0.000000E+00,0.000000E+00,0.000000E+00,2.110805E+01,7.993587E+01,2.388801E+01,5.701784E+01
12:28:00,8.005765E+03,1.877964E+03,5.574252E-01,1.658532E-01,0.000000E+00,0.000000E+00,0.000000E+00,0.000000E+00,0.000000E+00,0.000000E+00,0.000000E+00,0.000000E+00,2.110805E+01,7.993587E+01,2.388801E+01,5.700181E+01
12:29:00,8.005765E+03,1.880979E+03,5.574252E-01,1.661195E-01,0.000000E+00,0.000000E+00,0.000000E+00,0.000000E+00,0.000000E+00,0.000000E+00,0.000000E+00,0.000000E+00,2.110805E+01,7.993587E+01,2.388801E+01,5.698587E+01
12:30:00,8.005765E+03,1.883989E+03,5.574252E-01,1.663853E-01,0.000000E+00,0.000000E+00,0.000000E+00,0.000000E+00,0.000000E+00,0.000000E+00,0.000000E+00,0.000000E+00,2.110805E+01,7.993587E+01,2.388801E+01,5.696998E+01
12:31:00,8.005765E+03,1.886993E+03,5.574252E-01,1.666506E-01,0.000000E+00,0.000000E+00,0.000000E+00,0.000000E+00,0.000000E+00,0.000000E+00,0.000000E+00,0.000000E+00,2.110805E+01,7.993587E+01,2.388801E+01,5.695414E+01
12:32:00,8.005765E+03,1.889990E+03,5.574252E-01,1.669153E-01,0.000000E+00,0.000000E+00,0.000000E+00,0.000000E+00,0.000000E+00,0.000000E+00,0.000000E+00,0.000000E+00,2.110805E+01,7.993587E+01,2.388801E+01,5.693835E+01
12:33:00,8.005765E+03,1.892982E+03,5.574252E-01,1.671795E-01,0.000000E+00,0.000000E+00,0.000000E+00,0.000000E+00,0.000000E+00,0.000000E+00,0.000000E+00,0.000000E+00,2.110805E+01,7.993587E+01,2.388801E+01,5.692261E+01
12:34:00,8.005765E+03,1.895967E+03,5.574252E-01,1.674432E-01,0.000000E+00,0.000000E+00,0.000000E+00,0.000000E+00,0.000000E+00,0.000000E+00,0.000000E+00,0.000000E+00,2.110805E+01,7.993587E+01,2.388801E+01,5.690692E+01
12:35:00,8.005765E+03,1.898947E+03,5.574252E-01,1.677064E-01,0.000000E+00,0.000000E+00,0.000000E+00,0.000000E+00,0.000000E+00,0.000000E+00,0.000000E+00,0.000000E+00,2.110805E+01,7.993587E+01,2.388801E+01,5.689128E+01
12:36:00,8.005765E+03,1.901921E+03,5.574252E-01,1.679690E-01,0.000000E+00,0.000000E+00,0.000000E+00,0.000000E+00,0.000000E+00,0.000000E+00,0.000000E+00,0.000000E+00,2.110805E+01,7.993587E+01,2.388801E+01,5.687568E+01
12:37:00,8.005765E+03,1.904889E+03,5.574252E-01,1.682311E-01,0.000000E+00,0.000000E+00,0.000000E+00,0.000000E+00,0.000000E+00,0.000000E+00,0.000000E+00,0.000000E+00,2.110805E+01,7.993587E+01,2.388801E+01,5.686014E+01
12:38:00,8.005765E+03,1.907851E+03,5.574252E-01,1.684927E-01,0.000000E+00,0.000000E+00,0.000000E+00,0.000000E+00,0.000000E+00,0.000000E+00,0.000000E+00,0.000000E+00,2.110805E+01,7.993587E+01,2.388801E+01,5.684463E+01
12:39:00,8.005765E+03,1.910807E+03,5.574252E-01,1.687538E-01,0.000000E+00,0.000000E+00,0.000000E+00,0.000000E+00,0.000000E+00,0.000000E+00,0.000000E+00,0.000000E+00,2.110805E+01,7.993587E+01,2.388801E+01,5.682918E+01
12:40:00,8.005765E+03,1.913758E+03,5.574252E-01,1.690144E-01,0.000000E+00,0.000000E+00,0.000000E+00,0.000000E+00,0.000000E+00,0.000000E+00,0.000000E+00,0.000000E+00,2.110805E+01,7.993587E+01,2.388801E+01,5.681376E+01
12:41:00,8.005765E+03,1.916703E+03,5.574252E-01,1.692745E-01,0.000000E+00,0.000000E+00,0.000000E+00,0.000000E+00,0.000000E+00,0.000000E+00,0.000000E+00,0.000000E+00,2.110805E+01,7.993587E+01,2.388801E+01,5.679838E+01
12:42:00,8.005765E+03,1.919642E+03,5.574252E-01,1.695341E-01,0.000000E+00,0.000000E+00,0.000000E+00,0.000000E+00,0.000000E+00,0.000000E+00,0.000000E+00,0.000000E+00,2.110805E+01,7.993587E+01,2.388801E+01,5.678305E+01
12:43:00,8.005765E+03,1.922575E+03,5.574252E-01,1.697931E-01,0.000000E+00,0.000000E+00,0.000000E+00,0.000000E+00,0.000000E+00,0.000000E+00,0.000000E+00,0.000000E+00,2.110805E+01,7.993587E+01,2.388801E+01,5.676775E+01
12:44:00,8.005765E+03,1.925503E+03,5.574252E-01,1.700517E-01,0.000000E+00,0.000000E+00,0.000000E+00,0.000000E+00,0.000000E+00,0.000000E+00,0.000000E+00,0.000000E+00,2.110805E+01,7.993587E+01,2.388801E+01,5.675250E+01
12:45:00,8.005765E+03,1.928425E+03,5.574252E-01,1.703098E-01,0.000000E+00,0.000000E+00,0.000000E+00,0.000000E+00,0.000000E+00,0.000000E+00,0.000000E+00,0.000000E+00,2.110805E+01,7.993587E+01,2.388801E+01,5.673729E+01
12:46:00,8.005765E+03,1.931341E+03,5.574252E-01,1.705673E-01,0.000000E+00,0.000000E+00,0.000000E+00,0.000000E+00,0.000000E+00,0.000000E+00,0.000000E+00,0.000000E+00,2.110805E+01,7.993587E+01,2.388801E+01,5.672211E+01
12:47:00,8.005765E+03,1.934252E+03,5.574252E-01,1.708244E-01,0.000000E+00,0.000000E+00,0.000000E+00,0.000000E+00,0.000000E+00,0.000000E+00,0.000000E+00,0.000000E+00,2.110805E+01,7.993587E+01,2.388800E+01,5.670698E+01
12:48:00,8.005765E+03,1.937157E+03,5.574252E-01,1.710810E-01,0.000000E+00,0.000000E+00,0.000000E+00,0.000000E+00,0.000000E+00,0.000000E+00,0.000000E+00,0.000000E+00,2.110805E+01,7.993587E+01,2.388800E+01,5.669188E+01
12:49:00,8.005765E+03,1.940057E+03,5.574252E-01,1.713371E-01,0.000000E+00,0.000000E+00,0.000000E+00,0.000000E+00,0.000000E+00,0.000000E+00,0.000000E+00,0.000000E+00,2.110805E+01,7.993587E+01,2.388800E+01,5.667682E+01
12:50:00,8.005765E+03,1.942951E+03,5.574252E-01,1.715927E-01,0.000000E+00,0.000000E+00,0.000000E+00,0.000000E+00,0.000000E+00,0.000000E+00,0.000000E+00,0.000000E+00,2.110805E+01,7.993587E+01,2.388800E+01,5.666180E+01
12:51:00,8.005765E+03,1.945839E+03,5.574252E-01,1.718477E-01,0.000000E+00,0.000000E+00,0.000000E+00,0.000000E+00,0.000000E+00,0.000000E+00,0.000000E+00,0.000000E+00,2.110805E+01,7.993587E+01,2.388800E+01,5.664682E+01
12:52:00,8.005765E+03,1.948722E+03,5.574252E-01,1.721024E-01,0.000000E+00,0.000000E+00,0.000000E+00,0.000000E+00,0.000000E+00,0.000000E+00,0.000000E+00,0.000000E+00,2.110805E+01,7.993587E+01,2.388800E+01,5.663187E+01
12:53:00,8.005765E+03,1.951600E+03,5.574252E-01,1.723565E-01,0.000000E+00,0.000000E+00,0.000000E+00,0.000000E+00,0.000000E+00,0.000000E+00,0.000000E+00,0.000000E+00,2.110805E+01,7.993587E+01,2.388800E+01,5.661696E+01
12:54:00,8.005765E+03,1.954471E+03,5.574252E-01,1.726101E-01,0.000000E+00,0.000000E+00,0.000000E+00,0.000000E+00,0.000000E+00,0.000000E+00,0.000000E+00,0.000000E+00,2.110805E+01,7.993587E+01,2.388800E+01,5.660208E+01
12:55:00,8.005765E+03,1.957338E+03,5.574252E-01,1.728633E-01,0.000000E+00,0.000000E+00,0.000000E+00,0.000000E+00,0.000000E+00,0.000000E+00,0.000000E+00,0.000000E+00,2.110805E+01,7.993587E+01,2.388800E+01,5.658725E+01
12:56:00,8.005765E+03,1.960198E+03,5.574252E-01,1.731159E-01,0.000000E+00,0.000000E+00,0.000000E+00,0.000000E+00,0.000000E+00,0.000000E+00,0.000000E+00,0.000000E+00,2.110805E+01,7.993587E+01,2.388800E+01,5.657245E+01
12:57:00,8.005765E+03,1.963053E+03,5.574252E-01,1.733681E-01,0.000000E+00,0.000000E+00,0.000000E+00,0.000000E+00,0.000000E+00,0.000000E+00,0.000000E+00,0.000000E+00,2.110805E+01,7.993587E+01,2.388800E+01,5.655769E+01
12:58:00,8.005765E+03,1.965903E+03,5.574252E-01,1.736197E-01,0.000000E+00,0.000000E+00,0.000000E+00,0.000000E+00,0.000000E+00,0.000000E+00,0.000000E+00,0.000000E+00,2.110805E+01,7.993587E+01,2.388800E+01,5.654297E+01
12:59:00,8.005765E+03,1.968747E+03,5.574252E-01,1.738709E-01,0.000000E+00,0.000000E+00,0.000000E+00,0.000000E+00,0.000000E+00,0.000000E+00,0.000000E+00,0.000000E+00,2.110805E+01,7.993587E+01,2.388800E+01,5.652829E+01
13:00:00,8.005765E+03,1.971585E+03,5.574252E-01,1.741216E-01,0.000000E+00,0.000000E+00,0.000000E+00,0.000000E+00,0.000000E+00,0.000000E+00,0.000000E+00,0.000000E+00,2.110805E+01,7.993587E+01,2.388800E+01,5.651364E+01
13:01:00,8.005765E+03,1.974415E+03,5.574252E-01,1.743715E-01,0.000000E+00,0.000000E+00,0.000000E+00,0.000000E+00,0.000000E+00,0.000000E+00,0.000000E+00,0.000000E+00,2.110805E+01,7.993587E+01,2.388800E+01,5.649903E+01
13:02:00,8.005765E+03,1.977237E+03,5.574252E-01,1.746207E-01,0.000000E+00,0.000000E+00,0.000000E+00,0.000000E+00,0.000000E+00,0.000000E+00,0.000000E+00,0.000000E+00,2.110805E+01,7.993587E+01,2.388800E+01,5.648452E+01
13:03:00,8.005765E+03,1.980051E+03,5.574252E-01,1.748692E-01,0.000000E+00,0.000000E+00,0.000000E+00,0.000000E+00,0.000000E+00,0.000000E+00,0.000000E+00,0.000000E+00,2.110805E+01,7.993587E+01,2.388800E+01,5.647014E+01
13:04:00,8.005765E+03,1.982856E+03,5.574252E-01,1.751170E-01,0.000000E+00,0.000000E+00,0.000000E+00,0.000000E+00,0.000000E+00,0.000000E+00,0.000000E+00,0.000000E+00,2.110805E+01,7.993587E+01,2.388800E+01,5.645590E+01
13:05:00,8.005765E+03,1.985653E+03,5.574252E-01,1.753640E-01,0.000000E+00,0.000000E+00,0.000000E+00,0.000000E+00,0.000000E+00,0.000000E+00,0.000000E+00,0.000000E+00,2.110805E+01,7.993587E+01,2.388800E+01,5.644180E+01
13:06:00,8.005765E+03,1.988442E+03,5.574252E-01,1.756104E-01,0.000000E+00,0.000000E+00,0.000000E+00,0.000000E+00,0.000000E+00,0.000000E+00,0.000000E+00,0.000000E+00,2.110805E+01,7.993587E+01,2.388800E+01,5.642782E+01
13:07:00,8.005765E+03,1.991223E+03,5.574252E-01,1.758559E-01,0.000000E+00,0.000000E+00,0.000000E+00,0.000000E+00,0.000000E+00,0.000000E+00,0.000000E+00,0.000000E+00,2.110805E+01,7.993587E+01,2.388800E+01,5.641397E+01
13:08:00,8.005765E+03,1.993995E+03,5.574252E-01,1.761008E-01,0.000000E+00,0.000000E+00,0.000000E+00,0.000000E+00,0.000000E+00,0.000000E+00,0.000000E+00,0.000000E+00,2.110805E+01,7.993587E+01,2.388800E+01,5.640024E+01
13:09:00,8.005765E+03,1.996760E+03,5.574252E-01,1.763449E-01,0.000000E+00,0.000000E+00,0.000000E+00,0.000000E+00,0.000000E+00,0.000000E+00,0.000000E+00,0.000000E+00,2.110805E+01,7.993587E+01,2.388800E+01,5.638663E+01
13:10:00,8.005765E+03,1.999516E+03,5.574252E-01,1.765883E-01,0.000000E+00,0.000000E+00,0.000000E+00,0.000000E+00,0.000000E+00,0.000000E+00,0.000000E+00,0.000000E+00,2.110805E+01,7.993587E+01,2.388800E+01,5.637313E+01
13:11:00,8.005765E+03,2.002263E+03,5.574252E-01,1.768310E-01,0.000000E+00,0.000000E+00,0.000000E+00,0.000000E+00,0.000000E+00,0.000000E+00,0.000000E+00,0.000000E+00,2.110805E+01,7.993587E+01,2.388800E+01,5.635974E+01
13:12:00,8.005765E+03,2.005002E+03,5.574252E-01,1.770729E-01,0.000000E+00,0.000000E+00,0.000000E+00,0.000000E+00,0.000000E+00,0.000000E+00,0.000000E+00,0.000000E+00,2.110805E+01,7.993587E+01,2.388800E+01,5.634646E+01
13:13:00,8.005765E+03,2.007733E+03,5.574252E-01,1.773141E-01,0.000000E+00,0.000000E+00,0.000000E+00,0.000000E+00,0.000000E+00,0.000000E+00,0.000000E+00,0.000000E+00,2.110805E+01,7.993587E+01,2.388800E+01,5.633328E+01
13:14:00,8.005765E+03,2.010456E+03,5.574252E-01,1.775546E-01,0.000000E+00,0.000000E+00,0.000000E+00,0.000000E+00,0.000000E+00,0.000000E+00,0.000000E+00,0.000000E+00,2.110805E+01,7.993587E+01,2.388800E+01,5.632021E+01
13:15:00,8.005765E+03,2.013171E+03,5.574252E-01,1.777943E-01,0.000000E+00,0.000000E+00,0.000000E+00,0.000000E+00,0.000000E+00,0.000000E+00,0.000000E+00,0.000000E+00,2.110805E+01,7.993587E+01,2.388800E+01,5.630723E+01
13:16:00,8.005765E+03,2.015877E+03,5.574252E-01,1.780333E-01,0.000000E+00,0.000000E+00,0.000000E+00,0.000000E+00,0.000000E+00,0.000000E+00,0.000000E+00,0.000000E+00,2.110805E+01,7.993587E+01,2.388800E+01,5.629434E+01
13:17:00,8.005765E+03,2.018575E+03,5.574252E-01,1.782716E-01,0.000000E+00,0.000000E+00,0.000000E+00,0.000000E+00,0.000000E+00,0.000000E+00,0.000000E+00,0.000000E+00,2.110805E+01,7.993587E+01,2.388800E+01,5.628155E+01
13:18:00,8.005765E+03,2.021264E+03,5.574252E-01,1.785091E-01,0.000000E+00,0.000000E+00,0.000000E+00,0.000000E+00,0.000000E+00,0.000000E+00,0.000000E+00,0.000000E+00,2.110805E+01,7.993587E+01,2.388800E+01,5.626885E+01
13:19:00,8.005765E+03,2.023946E+03,5.574252E-01,1.787459E-01,0.000000E+00,0.000000E+00,0.000000E+00,0.000000E+00,0.000000E+00,0.000000E+00,0.000000E+00,0.000000E+00,2.110805E+01,7.993587E+01,2.388800E+01,5.625623E+01
13:20:00,8.005765E+03,2.026618E+03,5.574252E-01,1.789820E-01,0.000000E+00,0.000000E+00,0.000000E+00,0.000000E+00,0.000000E+00,0.000000E+00,0.000000E+00,0.000000E+00,2.110805E+01,7.993587E+01,2.388800E+01,5.624370E+01
13:21:00,8.005765E+03,2.029283E+03,5.574252E-01,1.792173E-01,0.000000E+00,0.000000E+00,0.000000E+00,0.000000E+00,0.000000E+00,0.000000E+00,0.000000E+00,0.000000E+00,2.110805E+01,7.993587E+01,2.388800E+01,5.623125E+01
13:22:00,8.005765E+03,2.031939E+03,5.574252E-01,1.794519E-01,0.000000E+00,0.000000E+00,0.000000E+00,0.000000E+00,0.000000E+00,0.000000E+00,0.000000E+00,0.000000E+00,2.110805E+01,7.993587E+01,2.388799E+01,5.621888E+01
13:23:00,8.005765E+03,2.034587E+03,5.574252E-01,1.796857E-01,0.000000E+00,0.000000E+00,0.000000E+00,0.000000E+00,0.000000E+00,0.000000E+00,0.000000E+00,0.000000E+00,2.110805E+01,7.993587E+01,2.388799E+01,5.620659E+01
13:24:00,8.005765E+03,2.037226E+03,5.574252E-01,1.799188E-01,0.000000E+00,0.000000E+00,0.000000E+00,0.000000E+00,0.000000E+00,0.000000E+00,0.000000E+00,0.000000E+00,2.110805E+01,7.993587E+01,2.388799E+01,5.619438E+01
13:25:00,8.005765E+03,2.039857E+03,5.574252E-01,1.801512E-01,0.000000E+00,0.000000E+00,0.000000E+00,0.000000E+00,0.000000E+00,0.000000E+00,0.000000E+00,0.000000E+00,2.110805E+01,7.993587E+01,2.388799E+01,5.618224E+01
13:26:00,8.005765E+03,2.042479E+03,5.574252E-01,1.803828E-01,0.000000E+00,0.000000E+00,0.000000E+00,0.000000E+00,0.000000E+00,0.000000E+00,0.000000E+00,0.000000E+00,2.110805E+01,7.993587E+01,2.388799E+01,5.617017E+01
13:27:00,8.005765E+03,2.045093E+03,5.574252E-01,1.806136E-01,0.000000E+00,0.000000E+00,0.000000E+00,0.000000E+00,0.000000E+00,0.000000E+00,0.000000E+00,0.000000E+00,2.110805E+01,7.993587E+01,2.388799E+01,5.615818E+01
13:28:00,8.005765E+03,2.047698E+03,5.574252E-01,1.808437E-01,0.000000E+00,0.000000E+00,0.000000E+00,0.000000E+00,0.000000E+00,0.000000E+00,0.000000E+00,0.000000E+00,2.110805E+01,7.993587E+01,2.388799E+01,5.614626E+01
13:29:00,8.005765E+03,2.050292E+03,5.574252E-01,1.810728E-01,0.000000E+00,0.000000E+00,0.000000E+00,0.000000E+00,0.000000E+00,0.000000E+00,0.000000E+00,0.000000E+00,2.110805E+01,7.993587E+01,2.388799E+01,5.613441E+01
13:30:00,8.005765E+03,2.052875E+03,5.574252E-01,1.813009E-01,0.000000E+00,0.000000E+00,0.000000E+00,0.000000E+00,0.000000E+00,0.000000E+00,0.000000E+00,0.000000E+00,2.110805E+01,7.993587E+01,2.388799E+01,5.612262E+01
13:31:00,8.005765E+03,2.055447E+03,5.574252E-01,1.815280E-01,0.000000E+00,0.000000E+00,0.000000E+00,0.000000E+00,0.000000E+00,0.000000E+00,0.000000E+00,0.000000E+00,2.110805E+01,7.993587E+01,2.388799E+01,5.611090E+01
13:32:00,8.005765E+03,2.058009E+03,5.574252E-01,1.817543E-01,0.000000E+00,0.000000E+00,0.000000E+00,0.000000E+00,0.000000E+00,0.000000E+00,0.000000E+00,0.000000E+00,2.110805E+01,7.993587E+01,2.388799E+01,5.609924E+01
13:33:00,8.005765E+03,2.060560E+03,5.574252E-01,1.819796E-01,0.000000E+00,0.000000E+00,0.000000E+00,0.000000E+00,0.000000E+00,0.000000E+00,0.000000E+00,0.000000E+00,2.110805E+01,7.993587E+01,2.388799E+01,5.608764E+01
13:34:00,8.005765E+03,2.063100E+03,5.574252E-01,1.822039E-01,0.000000E+00,0.000000E+00,0.000000E+00,0.000000E+00,0.000000E+00,0.000000E+00,0.000000E+00,0.000000E+00,2.110805E+01,7.993587E+01,2.388799E+01,5.607611E+01
13:35:00,8.005765E+03,2.065629E+03,5.574252E-01,1.824273E-01,0.000000E+00,0.000000E+00,0.000000E+00,0.000000E+00,0.000000E+00,0.000000E+00,0.000000E+00,0.000000E+00,2.110805E+01,7.993587E+01,2.388799E+01,5.606463E+01
13:36:00,8.005765E+03,2.068147E+03,5.574252E-01,1.826497E-01,0.000000E+00,0.000000E+00,0.000000E+00,0.000000E+00,0.000000E+00,0.000000E+00,0.000000E+00,0.000000E+00,2.110805E+01,7.993587E+01,2.388799E+01,5.605322E+01
13:37:00,8.005765E+03,2.070654E+03,5.574252E-01,1.828711E-01,0.000000E+00,0.000000E+00,0.000000E+00,0.000000E+00,0.000000E+00,0.000000E+00,0.000000E+00,0.000000E+00,2.110805E+01,7.993587E+01,2.388799E+01,5.604186E+01
13:38:00,8.005765E+03,2.073149E+03,5.574252E-01,1.830915E-01,0.000000E+00,0.000000E+00,0.000000E+00,0.000000E+00,0.000000E+00,0.000000E+00,0.000000E+00,0.000000E+00,2.110805E+01,7.993587E+01,2.388799E+01,5.603057E+01
13:39:00,8.005765E+03,2.075634E+03,5.574252E-01,1.833109E-01,0.000000E+00,0.000000E+00,0.000000E+00,0.000000E+00,0.000000E+00,0.000000E+00,0.000000E+00,0.000000E+00,2.110805E+01,7.993587E+01,2.388799E+01,5.601933E+01
13:40:00,8.005765E+03,2.078106E+03,5.574252E-01,1.835292E-01,0.000000E+00,0.000000E+00,0.000000E+00,0.000000E+00,0.000000E+00,0.000000E+00,0.000000E+00,0.000000E+00,2.110805E+01,7.993587E+01,2.388799E+01,5.600815E+01
13:41:00,8.005765E+03,2.080567E+03,5.574252E-01,1.837466E-01,0.000000E+00,0.000000E+00,0.000000E+00,0.000000E+00,0.000000E+00,0.000000E+00,0.000000E+00,0.000000E+00,2.110805E+01,7.993587E+01,2.388799E+01,5.599702E+01
13:42:00,8.005765E+03,2.083017E+03,5.574252E-01,1.839629E-01,0.000000E+00,0.000000E+00,0.000000E+00,0.000000E+00,0.000000E+00,0.000000E+00,0.000000E+00,0.000000E+00,2.110805E+01,7.993587E+01,2.388799E+01,5.598594E+01
13:43:00,8.005765E+03,2.085454E+03,5.574252E-01,1.841782E-01,0.000000E+00,0.000000E+00,0.000000E+00,0.000000E+00,0.000000E+00,0.000000E+00,0.000000E+00,0.000000E+00,2.110805E+01,7.993587E+01,2.388799E+01,5.597492E+01
13:44:00,8.005765E+03,2.087880E+03,5.574252E-01,1.843925E-01,0.000000E+00,0.000000E+00,0.000000E+00,0.000000E+00,0.000000E+00,0.000000E+00,0.000000E+00,0.000000E+00,2.110805E+01,7.993587E+01,2.388799E+01,5.596394E+01
13:45:00,8.005765E+03,2.090294E+03,5.574252E-01,1.846057E-01,0.000000E+00,0.000000E+00,0.000000E+00,0.000000E+00,0.000000E+00,0.000000E+00,0.000000E+00,0.000000E+00,2.110805E+01,7.993587E+01,2.388799E+01,5.595302E+01
13:46:00,8.005765E+03,2.092696E+03,5.574252E-01,1.848178E-01,0.000000E+00,0.000000E+00,0.000000E+00,0.000000E+00,0.000000E+00,0.000000E+00,0.000000E+00,0.000000E+00,2.110805E+01,7.993587E+01,2.388799E+01,5.594215E+01
13:47:00,8.005765E+03,2.095086E+03,5.574252E-01,1.850289E-01,0.000000E+00,0.000000E+00,0.000000E+00,0.000000E+00,0.000000E+00,0.000000E+00,0.000000E+00,0.000000E+00,2.110805E+01,7.993587E+01,2.388799E+01,5.593133E+01
13:48:00,8.005765E+03,2.097464E+03,5.574252E-01,1.852389E-01,0.000000E+00,0.000000E+00,0.000000E+00,0.000000E+00,0.000000E+00,0.000000E+00,0.000000E+00,0.000000E+00,2.110805E+01,7.993587E+01,2.388799E+01,5.592056E+01
13:49:00,8.005765E+03,2.099830E+03,5.574252E-01,1.854478E-01,0.000000E+00,0.000000E+00,0.000000E+00,0.000000E+00,0.000000E+00,0.000000E+00,0.000000E+00,0.000000E+00,2.110805E+01,7.993587E+01,2.388799E+01,5.590984E+01
13:50:00,8.005765E+03,2.102183E+03,5.574252E-01,1.856557E-01,0.000000E+00,0.000000E+00,0.000000E+00,0.000000E+00,0.000000E+00,0.000000E+00,0.000000E+00,0.000000E+00,2.110805E+01,7.993587E+01,2.388799E+01,5.589917E+01
13:51:00,8.005765E+03,2.104524E+03,5.574252E-01,1.858624E-01,0.000000E+00,0.000000E+00,0.000000E+00,0.000000E+00,0.000000E+00,0.000000E+00,0.000000E+00,0.000000E+00,2.110805E+01,7.993587E+01,2.388799E+01,5.588855E+01
13:52:00,8.005765E+03,2.106853E+03,5.574252E-01,1.860681E-01,0.000000E+00,0.000000E+00,0.000000E+00,0.000000E+00,0.000000E+00,0.000000E+00,0.000000E+00,0.000000E+00,2.110805E+01,7.993587E+01,2.388799E+01,5.587797E+01
13:53:00,8.005765E+03,2.109169E+03,5.574252E-01,1.862727E-01,0.000000E+00,0.000000E+00,0.000000E+00,0.000000E+00,0.000000E+00,0.000000E+00,0.000000E+00,0.000000E+00,2.110805E+01,7.993587E+01,2.388799E+01,5.586744E+01
13:54:00,8.005765E+03,2.111473E+03,5.574252E-01,1.864761E-01,0.000000E+00,0.000000E+00,0.000000E+00,0.000000E+00,0.000000E+00,0.000000E+00,0.000000E+00,0.000000E+00,2.110805E+01,7.993587E+01,2.388799E+01,5.585696E+01
13:55:00,8.005765E+03,2.113765E+03,5.574252E-01,1.866785E-01,0.000000E+00,0.000000E+00,0.000000E+00,0.000000E+00,0.000000E+00,0.000000E+00,0.000000E+00,0.000000E+00,2.110805E+01,7.993587E+01,2.388799E+01,5.584653E+01
13:56:00,8.005765E+03,2.116043E+03,5.574252E-01,1.868798E-01,0.000000E+00,0.000000E+00,0.000000E+00,0.000000E+00,0.000000E+00,0.000000E+00,0.000000E+00,0.000000E+00,2.110805E+01,7.993587E+01,2.388799E+01,5.583614E+01
13:57:00,8.005765E+03,2.118310E+03,5.574252E-01,1.870799E-01,0.000000E+00,0.000000E+00,0.000000E+00,0.000000E+00,0.000000E+00,0.000000E+00,0.000000E+00,0.000000E+00,2.110805E+01,7.993587E+01,2.388799E+01,5.582579E+01
13:58:00,8.005765E+03,2.120563E+03,5.574252E-01,1.872790E-01,0.000000E+00,0.000000E+00,0.000000E+00,0.000000E+00,0.000000E+00,0.000000E+00,0.000000E+00,0.000000E+00,2.110805E+01,7.993587E+01,2.388799E+01,5.581549E+01
13:59:00,8.005765E+03,2.122804E+03,5.574252E-01,1.874769E-01,0.000000E+00,0.000000E+00,0.000000E+00,0.000000E+00,0.000000E+00,0.000000E+00,0.000000E+00,0.000000E+00,2.110805E+01,7.993587E+01,2.388799E+01,5.580524E+01
14:00:00,8.005765E+03,2.125032E+03,5.574252E-01,1.876737E-01,0.000000E+00,0.000000E+00,0.000000E+00,0.000000E+00,0.000000E+00,0.000000E+00,0.000000E+00,0.000000E+00,2.110805E+01,7.993587E+01,2.388799E+01,5.579503E+01
14:01:00,8.005765E+03,2.127242E+03,5.574252E-01,1.878688E-01,0.000000E+00,0.000000E+00,0.000000E+00,0.000000E+00,0.000000E+00,0.000000E+00,0.000000E+00,0.000000E+00,2.110805E+01,7.993587E+01,2.388799E+01,5.578487E+01
14:02:00,8.005765E+03,2.129434E+03,5.574252E-01,1.880624E-01,0.000000E+00,0.000000E+00,0.000000E+00,0.000000E+00,0.000000E+00,0.000000E+00,0.000000E+00,0.000000E+00,2.110805E+01,7.993587E+01,2.388799E+01,5.577484E+01
14:03:00,8.005765E+03,2.131607E+03,5.574252E-01,1.882543E-01,0.000000E+00,0.000000E+00,0.000000E+00,0.000000E+00,0.000000E+00,0.000000E+00,0.000000E+00,0.000000E+00,2.110805E+01,7.993587E+01,2.388799E+01,5.576500E+01
14:04:00,8.005765E+03,2.133762E+03,5.574252E-01,1.884446E-01,0.000000E+00,0.000000E+00,0.000000E+00,0.000000E+00,0.000000E+00,0.000000E+00,0.000000E+00,0.000000E+00,2.110805E+01,7.993587E+01,2.388799E+01,5.575538E+01
14:05:00,8.005765E+03,2.135898E+03,5.574252E-01,1.886332E-01,0.000000E+00,0.000000E+00,0.000000E+00,0.000000E+00,0.000000E+00,0.000000E+00,0.000000E+00,0.000000E+00,2.110805E+01,7.993587E+01,2.388799E+01,5.574595E+01
14:06:00,8.005765E+03,2.138015E+03,5.574252E-01,1.888203E-01,0.000000E+00,0.000000E+00,0.000000E+00,0.000000E+00,0.000000E+00,0.000000E+00,0.000000E+00,0.000000E+00,2.110805E+01,7.993587E+01,2.388799E+01,5.573671E+01
14:07:00,8.005765E+03,2.140114E+03,5.574252E-01,1.890056E-01,0.000000E+00,0.000000E+00,0.000000E+00,0.000000E+00,0.000000E+00,0.000000E+00,0.000000E+00,0.000000E+00,2.110805E+01,7.993587E+01,2.388799E+01,5.572765E+01
14:08:00,8.005765E+03,2.142194E+03,5.574252E-01,1.891893E-01,0.000000E+00,0.000000E+00,0.000000E+00,0.000000E+00,0.000000E+00,0.000000E+00,0.000000E+00,0.000000E+00,2.110805E+01,7.993587E+01,2.388799E+01,5.571877E+01
14:09:00,8.005765E+03,2.144256E+03,5.574252E-01,1.893714E-01,0.000000E+00,0.000000E+00,0.000000E+00,0.000000E+00,0.000000E+00,0.000000E+00,0.000000E+00,0.000000E+00,2.110805E+01,7.993587E+01,2.388799E+01,5.571005E+01
14:10:00,8.005765E+03,2.146299E+03,5.574252E-01,1.895519E-01,0.000000E+00,0.000000E+00,0.000000E+00,0.000000E+00,0.000000E+00,0.000000E+00,0.000000E+00,0.000000E+00,2.110805E+01,7.993587E+01,2.388799E+01,5.570149E+01
14:11:00,8.005765E+03,2.148323E+03,5.574252E-01,1.897306E-01,0.000000E+00,0.000000E+00,0.000000E+00,0.000000E+00,0.000000E+00,0.000000E+00,0.000000E+00,0.000000E+00,2.110805E+01,7.993587E+01,2.388799E+01,5.569309E+01
14:12:00,8.005765E+03,2.150329E+03,5.574252E-01,1.899078E-01,0.000000E+00,0.000000E+00,0.000000E+00,0.000000E+00,0.000000E+00,0.000000E+00,0.000000E+00,0.000000E+00,2.110805E+01,7.993587E+01,2.388799E+01,5.568483E+01
14:13:00,8.005765E+03,2.152315E+03,5.574252E-01,1.900832E-01,0.000000E+00,0.000000E+00,0.000000E+00,0.000000E+00,0.000000E+00,0.000000E+00,0.000000E+00,0.000000E+00,2.110805E+01,7.993587E+01,2.388799E+01,5.567673E+01
14:14:00,8.005765E+03,2.154283E+03,5.574252E-01,1.902570E-01,0.000000E+00,0.000000E+00,0.000000E+00,0.000000E+00,0.000000E+00,0.000000E+00,0.000000E+00,0.000000E+00,2.110805E+01,7.993587E+01,2.388799E+01,5.566876E+01
14:15:00,8.005765E+03,2.156231E+03,5.574252E-01,1.904291E-01,0.000000E+00,0.000000E+00,0.000000E+00,0.000000E+00,0.000000E+00,0.000000E+00,0.000000E+00,0.000000E+00,2.110805E+01,7.993587E+01,2.388799E+01,5.566093E+01
14:16:00,8.005765E+03,2.158161E+03,5.574252E-01,1.905995E-01,0.000000E+00,0.000000E+00,0.000000E+00,0.000000E+00,0.000000E+00,0.000000E+00,0.000000E+00,0.000000E+00,2.110805E+01,7.993587E+01,2.388799E+01,5.565323E+01
14:17:00,8.005765E+03,2.160071E+03,5.574252E-01,1.907682E-01,0.000000E+00,0.000000E+00,0.000000E+00,0.000000E+00,0.000000E+00,0.000000E+00,0.000000E+00,0.000000E+00,2.110805E+01,7.993587E+01,2.388799E+01,5.564565E+01
14:18:00,8.005765E+03,2.161962E+03,5.574252E-01,1.909352E-01,0.000000E+00,0.000000E+00,0.000000E+00,0.000000E+00,0.000000E+00,0.000000E+00,0.000000E+00,0.000000E+00,2.110805E+01,7.993587E+01,2.388799E+01,5.563819E+01
14:19:00,8.005765E+03,2.163834E+03,5.574252E-01,1.911005E-01,0.000000E+00,0.000000E+00,0.000000E+00,0.000000E+00,0.000000E+00,0.000000E+00,0.000000E+00,0.000000E+00,2.110805E+01,7.993587E+01,2.388799E+01,5.563086E+01
14:20:00,8.005765E+03,2.165686E+03,5.574252E-01,1.912641E-01,0.000000E+00,0.000000E+00,0.000000E+00,0.000000E+00,0.000000E+00,0.000000E+00,0.000000E+00,0.000000E+00,2.110805E+01,7.993587E+01,2.388799E+01,5.562364E+01
14:21:00,8.005765E+03,2.167520E+03,5.574252E-01,1.914260E-01,0.000000E+00,0.000000E+00,0.000000E+00,0.000000E+00,0.000000E+00,0.000000E+00,0.000000E+00,0.000000E+00,2.110805E+01,7.993587E+01,2.388799E+01,5.561652E+01
14:22:00,8.005765E+03,2.169334E+03,5.574252E-01,1.915862E-01,0.000000E+00,0.000000E+00,0.000000E+00,0.000000E+00,0.000000E+00,0.000000E+00,0.000000E+00,0.000000E+00,2.110805E+01,7.993587E+01,2.388799E+01,5.560952E+01
14:23:00,8.005765E+03,2.171128E+03,5.574252E-01,1.917447E-01,0.000000E+00,0.000000E+00,0.000000E+00,0.000000E+00,0.000000E+00,0.000000E+00,0.000000E+00,0.000000E+00,2.110805E+01,7.993587E+01,2.388799E+01,5.560261E+01
14:24:00,8.005765E+03,2.172903E+03,5.574252E-01,1.919015E-01,0.000000E+00,0.000000E+00,0.000000E+00,0.000000E+00,0.000000E+00,0.000000E+00,0.000000E+00,0.000000E+00,2.110805E+01,7.993587E+01,2.388799E+01,5.559581E+01
14:25:00,8.005765E+03,2.174659E+03,5.574252E-01,1.920565E-01,0.000000E+00,0.000000E+00,0.000000E+00,0.000000E+00,0.000000E+00,0.000000E+00,0.000000E+00,0.000000E+00,2.110805E+01,7.993587E+01,2.388799E+01,5.558911E+01
14:26:00,8.005765E+03,2.176395E+03,5.574252E-01,1.922098E-01,0.000000E+00,0.000000E+00,0.000000E+00,0.000000E+00,0.000000E+00,0.000000E+00,0.000000E+00,0.000000E+00,2.110805E+01,7.993587E+01,2.388799E+01,5.558250E+01
14:27:00,8.005765E+03,2.178111E+03,5.574252E-01,1.923614E-01,0.000000E+00,0.000000E+00,0.000000E+00,0.000000E+00,0.000000E+00,0.000000E+00,0.000000E+00,0.000000E+00,2.110805E+01,7.993587E+01,2.388799E+01,5.557598E+01
14:28:00,8.005765E+03,2.179807E+03,5.574252E-01,1.925112E-01,0.000000E+00,0.000000E+00,0.000000E+00,0.000000E+00,0.000000E+00,0.000000E+00,0.000000E+00,0.000000E+00,2.110805E+01,7.993587E+01,2.388799E+01,5.556955E+01
14:29:00,8.005765E+03,2.181484E+03,5.574252E-01,1.926593E-01,0.000000E+00,0.000000E+00,0.000000E+00,0.000000E+00,0.000000E+00,0.000000E+00,0.000000E+00,0.000000E+00,2.110805E+01,7.993587E+01,2.388799E+01,5.556321E+01
14:30:00,8.005765E+03,2.183141E+03,5.574252E-01,1.928057E-01,0.000000E+00,0.000000E+00,0.000000E+00,0.000000E+00,0.000000E+00,0.000000E+00,0.000000E+00,0.000000E+00,2.110805E+01,7.993587E+01,2.388799E+01,5.555696E+01
14:31:00,8.005765E+03,2.184779E+03,5.574252E-01,1.929503E-01,0.000000E+00,0.000000E+00,0.000000E+00,0.000000E+00,0.000000E+00,0.000000E+00,0.000000E+00,0.000000E+00,2.110805E+01,7.993587E+01,2.388799E+01,5.555079E+01
14:32:00,8.005765E+03,2.186396E+03,5.574252E-01,1.930931E-01,0.000000E+00,0.000000E+00,0.000000E+00,0.000000E+00,0.000000E+00,0.000000E+00,0.000000E+00,0.000000E+00,2.110805E+01,7.993587E+01,2.388799E+01,5.554469E+01
14:33:00,8.005765E+03,2.187993E+03,5.574252E-01,1.932342E-01,0.000000E+00,0.000000E+00,0.000000E+00,0.000000E+00,0.000000E+00,0.000000E+00,0.000000E+00,0.000000E+00,2.110805E+01,7.993587E+01,2.388799E+01,5.553868E+01
14:34:00,8.005765E+03,2.189571E+03,5.574252E-01,1.933735E-01,0.000000E+00,0.000000E+00,0.000000E+00,0.000000E+00,0.000000E+00,0.000000E+00,0.000000E+00,0.000000E+00,2.110805E+01,7.993587E+01,2.388799E+01,5.553274E+01
14:35:00,8.005765E+03,2.191128E+03,5.574252E-01,1.935111E-01,0.000000E+00,0.000000E+00,0.000000E+00,0.000000E+00,0.000000E+00,0.000000E+00,0.000000E+00,0.000000E+00,2.110805E+01,7.993587E+01,2.388799E+01,5.552687E+01
14:36:00,8.005765E+03,2.192666E+03,5.574252E-01,1.936469E-01,0.000000E+00,0.000000E+00,0.000000E+00,0.000000E+00,0.000000E+00,0.000000E+00,0.000000E+00,0.000000E+00,2.110805E+01,7.993587E+01,2.388799E+01,5.552108E+01
14:37:00,8.005765E+03,2.194185E+03,5.574252E-01,1.937810E-01,0.000000E+00,0.000000E+00,0.000000E+00,0.000000E+00,0.000000E+00,0.000000E+00,0.000000E+00,0.000000E+00,2.110805E+01,7.993587E+01,2.388799E+01,5.551535E+01
14:38:00,8.005765E+03,2.195684E+03,5.574252E-01,1.939134E-01,0.000000E+00,0.000000E+00,0.000000E+00,0.000000E+00,0.000000E+00,0.000000E+00,0.000000E+00,0.000000E+00,2.110805E+01,7.993587E+01,2.388799E+01,5.550969E+01
14:39:00,8.005765E+03,2.197163E+03,5.574252E-01,1.940440E-01,0.000000E+00,0.000000E+00,0.000000E+00,0.000000E+00,0.000000E+00,0.000000E+00,0.000000E+00,0.000000E+00,2.110805E+01,7.993587E+01,2.388799E+01,5.550409E+01
14:40:00,8.005765E+03,2.198623E+03,5.574252E-01,1.941729E-01,0.000000E+00,0.000000E+00,0.000000E+00,0.000000E+00,0.000000E+00,0.000000E+00,0.000000E+00,0.000000E+00,2.110805E+01,7.993587E+01,2.388799E+01,5.549855E+01
14:41:00,8.005765E+03,2.200062E+03,5.574252E-01,1.943001E-01,0.000000E+00,0.000000E+00,0.000000E+00,0.000000E+00,0.000000E+00,0.000000E+00,0.000000E+00,0.000000E+00,2.110805E+01,7.993587E+01,2.388799E+01,5.549307E+01
14:42:00,8.005765E+03,2.201482E+03,5.574252E-01,1.944255E-01,0.000000E+00,0.000000E+00,0.000000E+00,0.000000E+00,0.000000E+00,0.000000E+00,0.000000E+00,0.000000E+00,2.110805E+01,7.993587E+01,2.388799E+01,5.548764E+01
14:43:00,8.005765E+03,2.202883E+03,5.574252E-01,1.945492E-01,0.000000E+00,0.000000E+00,0.000000E+00,0.000000E+00,0.000000E+00,0.000000E+00,0.000000E+00,0.000000E+00,2.110805E+01,7.993587E+01,2.388799E+01,5.548227E+01
14:44:00,8.005765E+03,2.204263E+03,5.574252E-01,1.946711E-01,0.000000E+00,0.000000E+00,0.000000E+00,0.000000E+00,0.000000E+00,0.000000E+00,0.000000E+00,0.000000E+00,2.110805E+01,7.993587E+01,2.388799E+01,5.547696E+01
14:45:00,8.005765E+03,2.205623E+03,5.574252E-01,1.947912E-01,0.000000E+00,0.000000E+00,0.000000E+00,0.000000E+00,0.000000E+00,0.000000E+00,0.000000E+00,0.000000E+00,2.110805E+01,7.993587E+01,2.388799E+01,5.547170E+01
14:46:00,8.005765E+03,2.206963E+03,5.574252E-01,1.949095E-01,0.000000E+00,0.000000E+00,0.000000E+00,0.000000E+00,0.000000E+00,0.000000E+00,0.000000E+00,0.000000E+00,2.110805E+01,7.993587E+01,2.388799E+01,5.546650E+01
14:47:00,8.005765E+03,2.208283E+03,5.574252E-01,1.950261E-01,0.000000E+00,0.000000E+00,0.000000E+00,0.000000E+00,0.000000E+00,0.000000E+00,0.000000E+00,0.000000E+00,2.110805E+01,7.993587E+01,2.388799E+01,5.546136E+01
14:48:00,8.005765E+03,2.209582E+03,5.574252E-01,1.951408E-01,0.000000E+00,0.000000E+00,0.000000E+00,0.000000E+00,0.000000E+00,0.000000E+00,0.000000E+00,0.000000E+00,2.110805E+01,7.993587E+01,2.388799E+01,5.545627E+01
14:49:00,8.005765E+03,2.210861E+03,5.574252E-01,1.952538E-01,0.000000E+00,0.000000E+00,0.000000E+00,0.000000E+00,0.000000E+00,0.000000E+00,0.000000E+00,0.000000E+00,2.110805E+01,7.993587E+01,2.388799E+01,5.545123E+01
14:50:00,8.005765E+03,2.212120E+03,5.574252E-01,1.953650E-01,0.000000E+00,0.000000E+00,0.000000E+00,0.000000E+00,0.000000E+00,0.000000E+00,0.000000E+00,0.000000E+00,2.110805E+01,7.993587E+01,2.388799E+01,5.544625E+01
14:51:00,8.005765E+03,2.213358E+03,5.574252E-01,1.954743E-01,0.000000E+00,0.000000E+00,0.000000E+00,0.000000E+00,0.000000E+00,0.000000E+00,0.000000E+00,0.000000E+00,2.110805E+01,7.993587E+01,2.388799E+01,5.544133E+01
14:52:00,8.005765E+03,2.214575E+03,5.574252E-01,1.955818E-01,0.000000E+00,0.000000E+00,0.000000E+00,0.000000E+00,0.000000E+00,0.000000E+00,0.000000E+00,0.000000E+00,2.110805E+01,7.993587E+01,2.388799E+01,5.543645E+01
14:53:00,8.005765E+03,2.215772E+03,5.574252E-01,1.956875E-01,0.000000E+00,0.000000E+00,0.000000E+00,0.000000E+00,0.000000E+00,0.000000E+00,0.000000E+00,0.000000E+00,2.110805E+01,7.993587E+01,2.388798E+01,5.543163E+01
14:54:00,8.005765E+03,2.216948E+03,5.574252E-01,1.957913E-01,0.000000E+00,0.000000E+00,0.000000E+00,0.000000E+00,0.000000E+00,0.000000E+00,0.000000E+00,0.000000E+00,2.110805E+01,7.993587E+01,2.388798E+01,5.542686E+01
14:55:00,8.005765E+03,2.218103E+03,5.574252E-01,1.958934E-01,0.000000E+00,0.000000E+00,0.000000E+00,0.000000E+00,0.000000E+00,0.000000E+00,0.000000E+00,0.000000E+00,2.110805E+01,7.993587E+01,2.388798E+01,5.542214E+01
14:56:00,8.005765E+03,2.219237E+03,5.574252E-01,1.959935E-01,0.000000E+00,0.000000E+00,0.000000E+00,0.000000E+00,0.000000E+00,0.000000E+00,0.000000E+00,0.000000E+00,2.110805E+01,7.993587E+01,2.388798E+01,5.541748E+01
14:57:00,8.005765E+03,2.220351E+03,5.574252E-01,1.960919E-01,0.000000E+00,0.000000E+00,0.000000E+00,0.000000E+00,0.000000E+00,0.000000E+00,0.000000E+00,0.000000E+00,2.110805E+01,7.993587E+01,2.388798E+01,5.541286E+01
14:58:00,8.005765E+03,2.221443E+03,5.574252E-01,1.961884E-01,0.000000E+00,0.000000E+00,0.000000E+00,0.000000E+00,0.000000E+00,0.000000E+00,0.000000E+00,0.000000E+00,2.110805E+01,7.993587E+01,2.388798E+01,5.540829E+01
14:59:00,8.005765E+03,2.222515E+03,5.574252E-01,1.962830E-01,0.000000E+00,0.000000E+00,0.000000E+00,0.000000E+00,0.000000E+00,0.000000E+00,0.000000E+00,0.000000E+00,2.110805E+01,7.993587E+01,2.388798E+01,5.540378E+01
15:00:00,8.005765E+03,2.223565E+03,5.574252E-01,1.963758E-01,0.000000E+00,0.000000E+00,0.000000E+00,0.000000E+00,0.000000E+00,0.000000E+00,0.000000E+00,0.000000E+00,2.110805E+01,7.993587E+01,2.388798E+01,5.539931E+01
15:01:00,8.005765E+03,2.224592E+03,5.574252E-01,1.964664E-01,0.000000E+00,0.000000E+00,0.000000E+00,0.000000E+00,0.000000E+00,0.000000E+00,0.000000E+00,0.000000E+00,2.110805E+01,7.993587E+01,2.388798E+01,5.539489E+01
15:02:00,8.005765E+03,2.225564E+03,5.574252E-01,1.965523E-01,0.000000E+00,0.000000E+00,0.000000E+00,0.000000E+00,0.000000E+00,0.000000E+00,0.000000E+00,0.000000E+00,2.110805E+01,7.993587E+01,2.388798E+01,5.539063E+01
15:03:00,8.005765E+03,2.226511E+03,5.574252E-01,1.966359E-01,0.000000E+00,0.000000E+00,0.000000E+00,0.000000E+00,0.000000E+00,0.000000E+00,0.000000E+00,0.000000E+00,2.110805E+01,7.993587E+01,2.388799E+01,5.538678E+01
15:04:00,8.005765E+03,2.227432E+03,5.574252E-01,1.967173E-01,0.000000E+00,0.000000E+00,0.000000E+00,0.000000E+00,0.000000E+00,0.000000E+00,0.000000E+00,0.000000E+00,2.110805E+01,7.993587E+01,2.388799E+01,5.538329E+01
15:05:00,8.005765E+03,2.228328E+03,5.574252E-01,1.967964E-01,0.000000E+00,0.000000E+00,0.000000E+00,0.000000E+00,0.000000E+00,0.000000E+00,0.000000E+00,0.000000E+00,2.110805E+01,7.993587E+01,2.388799E+01,5.538008E+01
15:06:00,8.005765E+03,2.229199E+03,5.574252E-01,1.968733E-01,0.000000E+00,0.000000E+00,0.000000E+00,0.000000E+00,0.000000E+00,0.000000E+00,0.000000E+00,0.000000E+00,2.110805E+01,7.993587E+01,2.388799E+01,5.537709E+01
15:07:00,8.005765E+03,2.230045E+03,5.574252E-01,1.969480E-01,0.000000E+00,0.000000E+00,0.000000E+00,0.000000E+00,0.000000E+00,0.000000E+00,0.000000E+00,0.000000E+00,2.110805E+01,7.993587E+01,2.388799E+01,5.537431E+01
15:08:00,8.005765E+03,2.230865E+03,5.574252E-01,1.970205E-01,0.000000E+00,0.000000E+00,0.000000E+00,0.000000E+00,0.000000E+00,0.000000E+00,0.000000E+00,0.000000E+00,2.110805E+01,7.993587E+01,2.388799E+01,5.537171E+01
15:09:00,8.005765E+03,2.231660E+03,5.574252E-01,1.970907E-01,0.000000E+00,0.000000E+00,0.000000E+00,0.000000E+00,0.000000E+00,0.000000E+00,0.000000E+00,0.000000E+00,2.110805E+01,7.993587E+01,2.388799E+01,5.536930E+01
15:10:00,8.005765E+03,2.232430E+03,5.574252E-01,1.971587E-01,0.000000E+00,0.000000E+00,0.000000E+00,0.000000E+00,0.000000E+00,0.000000E+00,0.000000E+00,0.000000E+00,2.110805E+01,7.993587E+01,2.388799E+01,5.536707E+01
15:11:00,8.005765E+03,2.233175E+03,5.574252E-01,1.972244E-01,0.000000E+00,0.000000E+00,0.000000E+00,0.000000E+00,0.000000E+00,0.000000E+00,0.000000E+00,0.000000E+00,2.110805E+01,7.993587E+01,2.388799E+01,5.536502E+01
15:12:00,8.005765E+03,2.233894E+03,5.574252E-01,1.972880E-01,0.000000E+00,0.000000E+00,0.000000E+00,0.000000E+00,0.000000E+00,0.000000E+00,0.000000E+00,0.000000E+00,2.110805E+01,7.993587E+01,2.388799E+01,5.536313E+01
15:13:00,8.005765E+03,2.234588E+03,5.574252E-01,1.973493E-01,0.000000E+00,0.000000E+00,0.000000E+00,0.000000E+00,0.000000E+00,0.000000E+00,0.000000E+00,0.000000E+00,2.110805E+01,7.993587E+01,2.388799E+01,5.536141E+01
15:14:00,8.005765E+03,2.235257E+03,5.574252E-01,1.974083E-01,0.000000E+00,0.000000E+00,0.000000E+00,0.000000E+00,0.000000E+00,0.000000E+00,0.000000E+00,0.000000E+00,2.110805E+01,7.993587E+01,2.388799E+01,5.535983E+01
15:15:00,8.005765E+03,2.235900E+03,5.574252E-01,1.974651E-01,0.000000E+00,0.000000E+00,0.000000E+00,0.000000E+00,0.000000E+00,0.000000E+00,0.000000E+00,0.000000E+00,2.110805E+01,7.993587E+01,2.388799E+01,5.535841E+01
15:16:00,8.005765E+03,2.236518E+03,5.574252E-01,1.975197E-01,0.000000E+00,0.000000E+00,0.000000E+00,0.000000E+00,0.000000E+00,0.000000E+00,0.000000E+00,0.000000E+00,2.110805E+01,7.993587E+01,2.388799E+01,5.535713E+01
15:17:00,8.005765E+03,2.237111E+03,5.574252E-01,1.975720E-01,0.000000E+00,0.000000E+00,0.000000E+00,0.000000E+00,0.000000E+00,0.000000E+00,0.000000E+00,0.000000E+00,2.110805E+01,7.993587E+01,2.388799E+01,5.535600E+01
15:18:00,8.005765E+03,2.237678E+03,5.574252E-01,1.976221E-01,0.000000E+00,0.000000E+00,0.000000E+00,0.000000E+00,0.000000E+00,0.000000E+00,0.000000E+00,0.000000E+00,2.110805E+01,7.993587E+01,2.388799E+01,5.535499E+01
15:19:00,8.005765E+03,2.238219E+03,5.574252E-01,1.976699E-01,0.000000E+00,0.000000E+00,0.000000E+00,0.000000E+00,0.000000E+00,0.000000E+00,0.000000E+00,0.000000E+00,2.110805E+01,7.993587E+01,2.388799E+01,5.535412E+01
15:20:00,8.005765E+03,2.238735E+03,5.574252E-01,1.977155E-01,0.000000E+00,0.000000E+00,0.000000E+00,0.000000E+00,0.000000E+00,0.000000E+00,0.000000E+00,0.000000E+00,2.110805E+01,7.993587E+01,2.388799E+01,5.535337E+01
15:21:00,8.005765E+03,2.239225E+03,5.574252E-01,1.977588E-01,0.000000E+00,0.000000E+00,0.000000E+00,0.000000E+00,0.000000E+00,0.000000E+00,0.000000E+00,0.000000E+00,2.110805E+01,7.993587E+01,2.388799E+01,5.535275E+01
15:22:00,8.005765E+03,2.239690E+03,5.574252E-01,1.977998E-01,0.000000E+00,0.000000E+00,0.000000E+00,0.000000E+00,0.000000E+00,0.000000E+00,0.000000E+00,0.000000E+00,2.110805E+01,7.993587E+01,2.388799E+01,5.535225E+01
15:23:00,8.005765E+03,2.240128E+03,5.574252E-01,1.978385E-01,0.000000E+00,0.000000E+00,0.000000E+00,0.000000E+00,0.000000E+00,0.000000E+00,0.000000E+00,0.000000E+00,2.110805E+01,7.993587E+01,2.388799E+01,5.535186E+01
15:24:00,8.005765E+03,2.240541E+03,5.574252E-01,1.978750E-01,0.000000E+00,0.000000E+00,0.000000E+00,0.000000E+00,0.000000E+00,0.000000E+00,0.000000E+00,0.000000E+00,2.110805E+01,7.993587E+01,2.388799E+01,5.535158E+01
15:25:00,8.005765E+03,2.240929E+03,5.574252E-01,1.979092E-01,0.000000E+00,0.000000E+00,0.000000E+00,0.000000E+00,0.000000E+00,0.000000E+00,0.000000E+00,0.000000E+00,2.110805E+01,7.993587E+01,2.388799E+01,5.535141E+01
15:26:00,8.005765E+03,2.241290E+03,5.574252E-01,1.979411E-01,0.000000E+00,0.000000E+00,0.000000E+00,0.000000E+00,0.000000E+00,0.000000E+00,0.000000E+00,0.000000E+00,2.110805E+01,7.993587E+01,2.388799E+01,5.535135E+01
15:27:00,8.005765E+03,2.241625E+03,5.574252E-01,1.979707E-01,0.000000E+00,0.000000E+00,0.000000E+00,0.000000E+00,0.000000E+00,0.000000E+00,0.000000E+00,0.000000E+00,2.110805E+01,7.993587E+01,2.388799E+01,5.535138E+01
15:28:00,8.005765E+03,2.241935E+03,5.574252E-01,1.979980E-01,0.000000E+00,0.000000E+00,0.000000E+00,0.000000E+00,0.000000E+00,0.000000E+00,0.000000E+00,0.000000E+00,2.110805E+01,7.993587E+01,2.388799E+01,5.535152E+01
15:29:00,8.005765E+03,2.242218E+03,5.574252E-01,1.980231E-01,0.000000E+00,0.000000E+00,0.000000E+00,0.000000E+00,0.000000E+00,0.000000E+00,0.000000E+00,0.000000E+00,2.110805E+01,7.993587E+01,2.388799E+01,5.535176E+01
15:30:00,8.005765E+03,2.242475E+03,5.574252E-01,1.980458E-01,0.000000E+00,0.000000E+00,0.000000E+00,0.000000E+00,0.000000E+00,0.000000E+00,0.000000E+00,0.000000E+00,2.110805E+01,7.993587E+01,2.388799E+01,5.535209E+01
15:31:00,8.005765E+03,2.242707E+03,5.574252E-01,1.980662E-01,0.000000E+00,0.000000E+00,0.000000E+00,0.000000E+00,0.000000E+00,0.000000E+00,0.000000E+00,0.000000E+00,2.110805E+01,7.993587E+01,2.388799E+01,5.535251E+01
15:32:00,8.005765E+03,2.242912E+03,5.574252E-01,1.980843E-01,0.000000E+00,0.000000E+00,0.000000E+00,0.000000E+00,0.000000E+00,0.000000E+00,0.000000E+00,0.000000E+00,2.110805E+01,7.993587E+01,2.388799E+01,5.535302E+01
15:33:00,8.005765E+03,2.243091E+03,5.574252E-01,1.981002E-01,0.000000E+00,0.000000E+00,0.000000E+00,0.000000E+00,0.000000E+00,0.000000E+00,0.000000E+00,0.000000E+00,2.110805E+01,7.993587E+01,2.388799E+01,5.535362E+01
15:34:00,8.005765E+03,2.243244E+03,5.574252E-01,1.981136E-01,0.000000E+00,0.000000E+00,0.000000E+00,0.000000E+00,0.000000E+00,0.000000E+00,0.000000E+00,0.000000E+00,2.110805E+01,7.993587E+01,2.388799E+01,5.535430E+01
15:35:00,8.005765E+03,2.243370E+03,5.574252E-01,1.981248E-01,0.000000E+00,0.000000E+00,0.000000E+00,0.000000E+00,0.000000E+00,0.000000E+00,0.000000E+00,0.000000E+00,2.110805E+01,7.993587E+01,2.388799E+01,5.535507E+01
15:36:00,8.005765E+03,2.243469E+03,5.574252E-01,1.981336E-01,0.000000E+00,0.000000E+00,0.000000E+00,0.000000E+00,0.000000E+00,0.000000E+00,0.000000E+00,0.000000E+00,2.110805E+01,7.993587E+01,2.388799E+01,5.535592E+01
15:37:00,8.005765E+03,2.243542E+03,5.574252E-01,1.981400E-01,0.000000E+00,0.000000E+00,0.000000E+00,0.000000E+00,0.000000E+00,0.000000E+00,0.000000E+00,0.000000E+00,2.110805E+01,7.993587E+01,2.388799E+01,5.535685E+01
15:38:00,8.005765E+03,2.243588E+03,5.574252E-01,1.981440E-01,0.000000E+00,0.000000E+00,0.000000E+00,0.000000E+00,0.000000E+00,0.000000E+00,0.000000E+00,0.000000E+00,2.110805E+01,7.993587E+01,2.388799E+01,5.535785E+01
15:39:00,8.005765E+03,2.243606E+03,5.574252E-01,1.981457E-01,0.000000E+00,0.000000E+00,0.000000E+00,0.000000E+00,0.000000E+00,0.000000E+00,0.000000E+00,0.000000E+00,2.110805E+01,7.993587E+01,2.388799E+01,5.535894E+01
15:40:00,8.005765E+03,2.243598E+03,5.574252E-01,1.981449E-01,0.000000E+00,0.000000E+00,0.000000E+00,0.000000E+00,0.000000E+00,0.000000E+00,0.000000E+00,0.000000E+00,2.110805E+01,7.993587E+01,2.388799E+01,5.536010E+01
15:41:00,8.005765E+03,2.243562E+03,5.574252E-01,1.981418E-01,0.000000E+00,0.000000E+00,0.000000E+00,0.000000E+00,0.000000E+00,0.000000E+00,0.000000E+00,0.000000E+00,2.110805E+01,7.993587E+01,2.388799E+01,5.536133E+01
15:42:00,8.005765E+03,2.243500E+03,5.574252E-01,1.981363E-01,0.000000E+00,0.000000E+00,0.000000E+00,0.000000E+00,0.000000E+00,0.000000E+00,0.000000E+00,0.000000E+00,2.110805E+01,7.993587E+01,2.388799E+01,5.536263E+01
15:43:00,8.005765E+03,2.243410E+03,5.574252E-01,1.981283E-01,0.000000E+00,0.000000E+00,0.000000E+00,0.000000E+00,0.000000E+00,0.000000E+00,0.000000E+00,0.000000E+00,2.110805E+01,7.993587E+01,2.388799E+01,5.536400E+01
15:44:00,8.005765E+03,2.243293E+03,5.574252E-01,1.981180E-01,0.000000E+00,0.000000E+00,0.000000E+00,0.000000E+00,0.000000E+00,0.000000E+00,0.000000E+00,0.000000E+00,2.110805E+01,7.993587E+01,2.388800E+01,5.536545E+01
15:45:00,8.005765E+03,2.243149E+03,5.574252E-01,1.981053E-01,0.000000E+00,0.000000E+00,0.000000E+00,0.000000E+00,0.000000E+00,0.000000E+00,0.000000E+00,0.000000E+00,2.110805E+01,7.993587E+01,2.388800E+01,5.536696E+01
15:46:00,8.005765E+03,2.242978E+03,5.574252E-01,1.980902E-01,0.000000E+00,0.000000E+00,0.000000E+00,0.000000E+00,0.000000E+00,0.000000E+00,0.000000E+00,0.000000E+00,2.110805E+01,7.993587E+01,2.388800E+01,5.536854E+01
15:47:00,8.005765E+03,2.242780E+03,5.574252E-01,1.980727E-01,0.000000E+00,0.000000E+00,0.000000E+00,0.000000E+00,0.000000E+00,0.000000E+00,0.000000E+00,0.000000E+00,2.110805E+01,7.993587E+01,2.388800E+01,5.537018E+01
15:48:00,8.005765E+03,2.242555E+03,5.574252E-01,1.980528E-01,0.000000E+00,0.000000E+00,0.000000E+00,0.000000E+00,0.000000E+00,0.000000E+00,0.000000E+00,0.000000E+00,2.110805E+01,7.993587E+01,2.388800E+01,5.537189E+01
15:49:00,8.005765E+03,2.242303E+03,5.574252E-01,1.980305E-01,0.000000E+00,0.000000E+00,0.000000E+00,0.000000E+00,0.000000E+00,0.000000E+00,0.000000E+00,0.000000E+00,2.110805E+01,7.993587E+01,2.388800E+01,5.537366E+01
15:50:00,8.005765E+03,2.242024E+03,5.574252E-01,1.980059E-01,0.000000E+00,0.000000E+00,0.000000E+00,0.000000E+00,0.000000E+00,0.000000E+00,0.000000E+00,0.000000E+00,2.110805E+01,7.993587E+01,2.388800E+01,5.537550E+01
15:51:00,8.005765E+03,2.241718E+03,5.574252E-01,1.979789E-01,0.000000E+00,0.000000E+00,0.000000E+00,0.000000E+00,0.000000E+00,0.000000E+00,0.000000E+00,0.000000E+00,2.110805E+01,7.993587E+01,2.388800E+01,5.537739E+01
15:52:00,8.005765E+03,2.241385E+03,5.574252E-01,1.979494E-01,0.000000E+00,0.000000E+00,0.000000E+00,0.000000E+00,0.000000E+00,0.000000E+00,0.000000E+00,0.000000E+00,2.110805E+01,7.993587E+01,2.388800E+01,5.537935E+01
15:53:00,8.005765E+03,2.241025E+03,5.574252E-01,1.979176E-01,0.000000E+00,0.000000E+00,0.000000E+00,0.000000E+00,0.000000E+00,0.000000E+00,0.000000E+00,0.000000E+00,2.110805E+01,7.993587E+01,2.388800E+01,5.538136E+01
15:54:00,8.005765E+03,2.240637E+03,5.574252E-01,1.978834E-01,0.000000E+00,0.000000E+00,0.000000E+00,0.000000E+00,0.000000E+00,0.000000E+00,0.000000E+00,0.000000E+00,2.110805E+01,7.993587E+01,2.388800E+01,5.538344E+01
15:55:00,8.005765E+03,2.240222E+03,5.574252E-01,1.978467E-01,0.000000E+00,0.000000E+00,0.000000E+00,0.000000E+00,0.000000E+00,0.000000E+00,0.000000E+00,0.000000E+00,2.110805E+01,7.993587E+01,2.388800E+01,5.538557E+01
15:56:00,8.005765E+03,2.239779E+03,5.574252E-01,1.978076E-01,0.000000E+00,0.000000E+00,0.000000E+00,0.000000E+00,0.000000E+00,0.000000E+00,0.000000E+00,0.000000E+00,2.110805E+01,7.993587E+01,2.388800E+01,5.538777E+01
15:57:00,8.005765E+03,2.239309E+03,5.574252E-01,1.977661E-01,0.000000E+00,0.000000E+00,0.000000E+00,0.000000E+00,0.000000E+00,0.000000E+00,0.000000E+00,0.000000E+00,2.110805E+01,7.993587E+01,2.388800E+01,5.539003E+01
15:58:00,8.005765E+03,2.238812E+03,5.574252E-01,1.977222E-01,0.000000E+00,0.000000E+00,0.000000E+00,0.000000E+00,0.000000E+00,0.000000E+00,0.000000E+00,0.000000E+00,2.110805E+01,7.993587E+01,2.388800E+01,5.539235E+01
15:59:00,8.005765E+03,2.238288E+03,5.574252E-01,1.976759E-01,0.000000E+00,0.000000E+00,0.000000E+00,0.000000E+00,0.000000E+00,0.000000E+00,0.000000E+00,0.000000E+00,2.110805E+01,7.993587E+01,2.388800E+01,5.539472E+01
16:00:00,8.005765E+03,2.237738E+03,5.574252E-01,1.976273E-01,0.000000E+00,0.000000E+00,0.000000E+00,0.000000E+00,0.000000E+00,0.000000E+00,0.000000E+00,0.000000E+00,2.110805E+01,7.993587E+01,2.388800E+01,5.539714E+01
16:01:00,8.005765E+03,2.237171E+03,5.574252E-01,1.975773E-01,0.000000E+00,0.000000E+00,0.000000E+00,0.000000E+00,0.000000E+00,0.000000E+00,0.000000E+00,0.000000E+00,2.110805E+01,7.993587E+01,2.388800E+01,5.539962E+01
16:02:00,8.005765E+03,2.236618E+03,5.574252E-01,1.975284E-01,0.000000E+00,0.000000E+00,0.000000E+00,0.000000E+00,0.000000E+00,0.000000E+00,0.000000E+00,0.000000E+00,2.110805E+01,7.993587E+01,2.388800E+01,5.540219E+01
16:03:00,8.005765E+03,2.236051E+03,5.574252E-01,1.974784E-01,0.000000E+00,0.000000E+00,0.000000E+00,0.000000E+00,0.000000E+00,0.000000E+00,0.000000E+00,0.000000E+00,2.110805E+01,7.993587E+01,2.388800E+01,5.540486E+01
16:04:00,8.005765E+03,2.235470E+03,5.574252E-01,1.974270E-01,0.000000E+00,0.000000E+00,0.000000E+00,0.000000E+00,0.000000E+00,0.000000E+00,0.000000E+00,0.000000E+00,2.110805E+01,7.993587E+01,2.388800E+01,5.540765E+01
16:05:00,8.005765E+03,2.234874E+03,5.574252E-01,1.973744E-01,0.000000E+00,0.000000E+00,0.000000E+00,0.000000E+00,0.000000E+00,0.000000E+00,0.000000E+00,0.000000E+00,2.110805E+01,7.993587E+01,2.388800E+01,5.541055E+01
16:06:00,8.005765E+03,2.234263E+03,5.574252E-01,1.973205E-01,0.000000E+00,0.000000E+00,0.000000E+00,0.000000E+00,0.000000E+00,0.000000E+00,0.000000E+00,0.000000E+00,2.110805E+01,7.993587E+01,2.388800E+01,5.541355E+01
16:07:00,8.005765E+03,2.233638E+03,5.574252E-01,1.972652E-01,0.000000E+00,0.000000E+00,0.000000E+00,0.000000E+00,0.000000E+00,0.000000E+00,0.000000E+00,0.000000E+00,2.110805E+01,7.993587E+01,2.388800E+01,5.541666E+01
16:08:00,8.005765E+03,2.232998E+03,5.574252E-01,1.972087E-01,0.000000E+00,0.000000E+00,0.000000E+00,0.000000E+00,0.000000E+00,0.000000E+00,0.000000E+00,0.000000E+00,2.110805E+01,7.993587E+01,2.388800E+01,5.541987E+01
16:09:00,8.005765E+03,2.232342E+03,5.574252E-01,1.971508E-01,0.000000E+00,0.000000E+00,0.000000E+00,0.000000E+00,0.000000E+00,0.000000E+00,0.000000E+00,0.000000E+00,2.110805E+01,7.993587E+01,2.388800E+01,5.542317E+01
16:10:00,8.005765E+03,2.231672E+03,5.574252E-01,1.970916E-01,0.000000E+00,0.000000E+00,0.000000E+00,0.000000E+00,0.000000E+00,0.000000E+00,0.000000E+00,0.000000E+00,2.110805E+01,7.993587E+01,2.388800E+01,5.542656E+01
16:11:00,8.005765E+03,2.230988E+03,5.574252E-01,1.970311E-01,0.000000E+00,0.000000E+00,0.000000E+00,0.000000E+00,0.000000E+00,0.000000E+00,0.000000E+00,0.000000E+00,2.110805E+01,7.993587E+01,2.388800E+01,5.543005E+01
16:12:00,8.005765E+03,2.230288E+03,5.574252E-01,1.969693E-01,0.000000E+00,0.000000E+00,0.000000E+00,0.000000E+00,0.000000E+00,0.000000E+00,0.000000E+00,0.000000E+00,2.110805E+01,7.993587E+01,2.388800E+01,5.543362E+01
16:13:00,8.005765E+03,2.229574E+03,5.574252E-01,1.969062E-01,0.000000E+00,0.000000E+00,0.000000E+00,0.000000E+00,0.000000E+00,0.000000E+00,0.000000E+00,0.000000E+00,2.110805E+01,7.993587E+01,2.388800E+01,5.543728E+01
16:14:00,8.005765E+03,2.228845E+03,5.574252E-01,1.968419E-01,0.000000E+00,0.000000E+00,0.000000E+00,0.000000E+00,0.000000E+00,0.000000E+00,0.000000E+00,0.000000E+00,2.110805E+01,7.993587E+01,2.388800E+01,5.544101E+01
16:15:00,8.005765E+03,2.228101E+03,5.574252E-01,1.967762E-01,0.000000E+00,0.000000E+00,0.000000E+00,0.000000E+00,0.000000E+00,0.000000E+00,0.000000E+00,0.000000E+00,2.110805E+01,7.993587E+01,2.388800E+01,5.544483E+01
16:16:00,8.005765E+03,2.227343E+03,5.574252E-01,1.967092E-01,0.000000E+00,0.000000E+00,0.000000E+00,0.000000E+00,0.000000E+00,0.000000E+00,0.000000E+00,0.000000E+00,2.110805E+01,7.993587E+01,2.388800E+01,5.544873E+01
16:17:00,8.005765E+03,2.226570E+03,5.574252E-01,1.966410E-01,0.000000E+00,0.000000E+00,0.000000E+00,0.000000E+00,0.000000E+00,0.000000E+00,0.000000E+00,0.000000E+00,2.110805E+01,7.993587E+01,2.388800E+01,5.545270E+01
16:18:00,8.005765E+03,2.225783E+03,5.574252E-01,1.965715E-01,0.000000E+00,0.000000E+00,0.000000E+00,0.000000E+00,0.000000E+00,0.000000E+00,0.000000E+00,0.000000E+00,2.110805E+01,7.993587E+01,2.388800E+01,5.545675E+01
16:19:00,8.005765E+03,2.224983E+03,5.574252E-01,1.965008E-01,0.000000E+00,0.000000E+00,0.000000E+00,0.000000E+00,0.000000E+00,0.000000E+00,0.000000E+00,0.000000E+00,2.110805E+01,7.993587E+01,2.388800E+01,5.546087E+01
16:20:00,8.005765E+03,2.224171E+03,5.574252E-01,1.964291E-01,0.000000E+00,0.000000E+00,0.000000E+00,0.000000E+00,0.000000E+00,0.000000E+00,0.000000E+00,0.000000E+00,2.110805E+01,7.993587E+01,2.388800E+01,5.546504E+01
16:21:00,8.005765E+03,2.223346E+03,5.574252E-01,1.963562E-01,0.000000E+00,0.000000E+00,0.000000E+00,0.000000E+00,0.000000E+00,0.000000E+00,0.000000E+00,0.000000E+00,2.110805E+01,7.993587E+01,2.388800E+01,5.546926E+01
16:22:00,8.005765E+03,2.222508E+03,5.574252E-01,1.962822E-01,0.000000E+00,0.000000E+00,0.000000E+00,0.000000E+00,0.000000E+00,0.000000E+00,0.000000E+00,0.000000E+00,2.110805E+01,7.993587E+01,2.388800E+01,5.547354E+01
16:23:00,8.005765E+03,2.221659E+03,5.574252E-01,1.962072E-01,0.000000E+00,0.000000E+00,0.000000E+00,0.000000E+00,0.000000E+00,0.000000E+00,0.000000E+00,0.000000E+00,2.110805E+01,7.993587E+01,2.388800E+01,5.547786E+01
16:24:00,8.005765E+03,2.220797E+03,5.574252E-01,1.961311E-01,0.000000E+00,0.000000E+00,0.000000E+00,0.000000E+00,0.000000E+00,0.000000E+00,0.000000E+00,0.000000E+00,2.110805E+01,7.993587E+01,2.388800E+01,5.548222E+01
16:25:00,8.005765E+03,2.219924E+03,5.574252E-01,1.960540E-01,0.000000E+00,0.000000E+00,0.000000E+00,0.000000E+00,0.000000E+00,0.000000E+00,0.000000E+00,0.000000E+00,2.110805E+01,7.993587E+01,2.388800E+01,5.548662E+01
16:26:00,8.005765E+03,2.219039E+03,5.574252E-01,1.959758E-01,0.000000E+00,0.000000E+00,0.000000E+00,0.000000E+00,0.000000E+00,0.000000E+00,0.000000E+00,0.000000E+00,2.110805E+01,7.993587E+01,2.388800E+01,5.549106E+01
16:27:00,8.005765E+03,2.218143E+03,5.574252E-01,1.958966E-01,0.000000E+00,0.000000E+00,0.000000E+00,0.000000E+00,0.000000E+00,0.000000E+00,0.000000E+00,0.000000E+00,2.110805E+01,7.993587E+01,2.388800E+01,5.549554E+01
16:28:00,8.005765E+03,2.217235E+03,5.574252E-01,1.958165E-01,0.000000E+00,0.000000E+00,0.000000E+00,0.000000E+00,0.000000E+00,0.000000E+00,0.000000E+00,0.000000E+00,2.110805E+01,7.993587E+01,2.388800E+01,5.550005E+01
16:29:00,8.005765E+03,2.216316E+03,5.574252E-01,1.957353E-01,0.000000E+00,0.000000E+00,0.000000E+00,0.000000E+00,0.000000E+00,0.000000E+00,0.000000E+00,0.000000E+00,2.110805E+01,7.993587E+01,2.388800E+01,5.550460E+01
16:30:00,8.005765E+03,2.215386E+03,5.574252E-01,1.956532E-01,0.000000E+00,0.000000E+00,0.000000E+00,0.000000E+00,0.000000E+00,0.000000E+00,0.000000E+00,0.000000E+00,2.110805E+01,7.993587E+01,2.388801E+01,5.550918E+01
16:31:00,8.005765E+03,2.214445E+03,5.574252E-01,1.955701E-01,0.000000E+00,0.000000E+00,0.000000E+00,0.000000E+00,0.000000E+00,0.000000E+00,0.000000E+00,0.000000E+00,2.110805E+01,7.993587E+01,2.388801E+01,5.551380E+01
16:32:00,8.005765E+03,2.213494E+03,5.574252E-01,1.954861E-01,0.000000E+00,0.000000E+00,0.000000E+00,0.000000E+00,0.000000E+00,0.000000E+00,0.000000E+00,0.000000E+00,2.110805E+01,7.993587E+01,2.388801E+01,5.551844E+01
16:33:00,8.005765E+03,2.212532E+03,5.574252E-01,1.954011E-01,0.000000E+00,0.000000E+00,0.000000E+00,0.000000E+00,0.000000E+00,0.000000E+00,0.000000E+00,0.000000E+00,2.110805E+01,7.993587E+01,2.388801E+01,5.552312E+01
16:34:00,8.005765E+03,2.211559E+03,5.574252E-01,1.953152E-01,0.000000E+00,0.000000E+00,0.000000E+00,0.000000E+00,0.000000E+00,0.000000E+00,0.000000E+00,0.000000E+00,2.110805E+01,7.993587E+01,2.388801E+01,5.552782E+01
16:35:00,8.005765E+03,2.210577E+03,5.574252E-01,1.952284E-01,0.000000E+00,0.000000E+00,0.000000E+00,0.000000E+00,0.000000E+00,0.000000E+00,0.000000E+00,0.000000E+00,2.110805E+01,7.993587E+01,2.388801E+01,5.553255E+01
16:36:00,8.005765E+03,2.209584E+03,5.574252E-01,1.951407E-01,0.000000E+00,0.000000E+00,0.000000E+00,0.000000E+00,0.000000E+00,0.000000E+00,0.000000E+00,0.000000E+00,2.110805E+01,7.993587E+01,2.388801E+01,5.553731E+01
16:37:00,8.005765E+03,2.208581E+03,5.574252E-01,1.950522E-01,0.000000E+00,0.000000E+00,0.000000E+00,0.000000E+00,0.000000E+00,0.000000E+00,0.000000E+00,0.000000E+00,2.110805E+01,7.993587E+01,2.388801E+01,5.554209E+01
16:38:00,8.005765E+03,2.207568E+03,5.574252E-01,1.949627E-01,0.000000E+00,0.000000E+00,0.000000E+00,0.000000E+00,0.000000E+00,0.000000E+00,0.000000E+00,0.000000E+00,2.110805E+01,7.993587E+01,2.388801E+01,5.554691E+01
16:39:00,8.005765E+03,2.206546E+03,5.574252E-01,1.948724E-01,0.000000E+00,0.000000E+00,0.000000E+00,0.000000E+00,0.000000E+00,0.000000E+00,0.000000E+00,0.000000E+00,2.110805E+01,7.993587E+01,2.388801E+01,5.555174E+01
16:40:00,8.005765E+03,2.205514E+03,5.574252E-01,1.947813E-01,0.000000E+00,0.000000E+00,0.000000E+00,0.000000E+00,0.000000E+00,0.000000E+00,0.000000E+00,0.000000E+00,2.110805E+01,7.993587E+01,2.388801E+01,5.555661E+01
16:41:00,8.005765E+03,2.204472E+03,5.574252E-01,1.946893E-01,0.000000E+00,0.000000E+00,0.000000E+00,0.000000E+00,0.000000E+00,0.000000E+00,0.000000E+00,0.000000E+00,2.110805E+01,7.993587E+01,2.388801E+01,5.556149E+01
16:42:00,8.005765E+03,2.203421E+03,5.574252E-01,1.945964E-01,0.000000E+00,0.000000E+00,0.000000E+00,0.000000E+00,0.000000E+00,0.000000E+00,0.000000E+00,0.000000E+00,2.110805E+01,7.993587E+01,2.388801E+01,5.556640E+01
16:43:00,8.005765E+03,2.202360E+03,5.574252E-01,1.945028E-01,0.000000E+00,0.000000E+00,0.000000E+00,0.000000E+00,0.000000E+00,0.000000E+00,0.000000E+00,0.000000E+00,2.110805E+01,7.993587E+01,2.388801E+01,5.557134E+01
16:44:00,8.005765E+03,2.201291E+03,5.574252E-01,1.944083E-01,0.000000E+00,0.000000E+00,0.000000E+00,0.000000E+00,0.000000E+00,0.000000E+00,0.000000E+00,0.000000E+00,2.110805E+01,7.993587E+01,2.388801E+01,5.557629E+01
16:45:00,8.005765E+03,2.200212E+03,5.574252E-01,1.943130E-01,0.000000E+00,0.000000E+00,0.000000E+00,0.000000E+00,0.000000E+00,0.000000E+00,0.000000E+00,0.000000E+00,2.110805E+01,7.993587E+01,2.388801E+01,5.558128E+01
16:46:00,8.005765E+03,2.199124E+03,5.574252E-01,1.942170E-01,0.000000E+00,0.000000E+00,0.000000E+00,0.000000E+00,0.000000E+00,0.000000E+00,0.000000E+00,0.000000E+00,2.110805E+01,7.993587E+01,2.388801E+01,5.558628E+01
16:47:00,8.005765E+03,2.198028E+03,5.574252E-01,1.941201E-01,0.000000E+00,0.000000E+00,0.000000E+00,0.000000E+00,0.000000E+00,0.000000E+00,0.000000E+00,0.000000E+00,2.110805E+01,7.993587E+01,2.388801E+01,5.559131E+01
16:48:00,8.005765E+03,2.196922E+03,5.574252E-01,1.940225E-01,0.000000E+00,0.000000E+00,0.000000E+00,0.000000E+00,0.000000E+00,0.000000E+00,0.000000E+00,0.000000E+00,2.110805E+01,7.993587E+01,2.388801E+01,5.559636E+01
16:49:00,8.005765E+03,2.195808E+03,5.574252E-01,1.939241E-01,0.000000E+00,0.000000E+00,0.000000E+00,0.000000E+00,0.000000E+00,0.000000E+00,0.000000E+00,0.000000E+00,2.110805E+01,7.993587E+01,2.388801E+01,5.560143E+01
16:50:00,8.005765E+03,2.194685E+03,5.574252E-01,1.938249E-01,0.000000E+00,0.000000E+00,0.000000E+00,0.000000E+00,0.000000E+00,0.000000E+00,0.000000E+00,0.000000E+00,2.110805E+01,7.993587E+01,2.388801E+01,5.560653E+01
16:51:00,8.005765E+03,2.193553E+03,5.574252E-01,1.937250E-01,0.000000E+00,0.000000E+00,0.000000E+00,0.000000E+00,0.000000E+00,0.000000E+00,0.000000E+00,0.000000E+00,2.110805E+01,7.993587E+01,2.388801E+01,5.561164E+01
16:52:00,8.005765E+03,2.192413E+03,5.574252E-01,1.936243E-01,0.000000E+00,0.000000E+00,0.000000E+00,0.000000E+00,0.000000E+00,0.000000E+00,0.000000E+00,0.000000E+00,2.110805E+01,7.993587E+01,2.388801E+01,5.561679E+01
16:53:00,8.005765E+03,2.191265E+03,5.574252E-01,1.935228E-01,0.000000E+00,0.000000E+00,0.000000E+00,0.000000E+00,0.000000E+00,0.000000E+00,0.000000E+00,0.000000E+00,2.110805E+01,7.993587E+01,2.388801E+01,5.562195E+01
16:54:00,8.005765E+03,2.190108E+03,5.574252E-01,1.934207E-01,0.000000E+00,0.000000E+00,0.000000E+00,0.000000E+00,0.000000E+00,0.000000E+00,0.000000E+00,0.000000E+00,2.110805E+01,7.993587E+01,2.388801E+01,5.562714E+01
16:55:00,8.005765E+03,2.188944E+03,5.574252E-01,1.933179E-01,0.000000E+00,0.000000E+00,0.000000E+00,0.000000E+00,0.000000E+00,0.000000E+00,0.000000E+00,0.000000E+00,2.110805E+01,7.993587E+01,2.388801E+01,5.563236E+01
16:56:00,8.005765E+03,2.187772E+03,5.574252E-01,1.932144E-01,0.000000E+00,0.000000E+00,0.000000E+00,0.000000E+00,0.000000E+00,0.000000E+00,0.000000E+00,0.000000E+00,2.110805E+01,7.993587E+01,2.388801E+01,5.563759E+01
16:57:00,8.005765E+03,2.186592E+03,5.574252E-01,1.931101E-01,0.000000E+00,0.000000E+00,0.000000E+00,0.000000E+00,0.000000E+00,0.000000E+00,0.000000E+00,0.000000E+00,2.110805E+01,7.993587E+01,2.388801E+01,5.564285E+01
16:58:00,8.005765E+03,2.185403E+03,5.574252E-01,1.930052E-01,0.000000E+00,0.000000E+00,0.000000E+00,0.000000E+00,0.000000E+00,0.000000E+00,0.000000E+00,0.000000E+00,2.110805E+01,7.993587E+01,2.388801E+01,5.564814E+01
16:59:00,8.005765E+03,2.184207E+03,5.574252E-01,1.928995E-01,0.000000E+00,0.000000E+00,0.000000E+00,0.000000E+00,0.000000E+00,0.000000E+00,0.000000E+00,0.000000E+00,2.110805E+01,7.993587E+01,2.388801E+01,5.565345E+01
17:00:00,8.005765E+03,2.183002E+03,5.574252E-01,1.927931E-01,0.000000E+00,0.000000E+00,0.000000E+00,0.000000E+00,0.000000E+00,0.000000E+00,0.000000E+00,0.000000E+00,2.110805E+01,7.993587E+01,2.388801E+01,5.565878E+01
17:01:00,8.005765E+03,2.181789E+03,5.574252E-01,1.926859E-01,0.000000E+00,0.000000E+00,0.000000E+00,0.000000E+00,0.000000E+00,0.000000E+00,0.000000E+00,0.000000E+00,2.110805E+01,7.993587E+01,2.388801E+01,5.566414E+01
17:02:00,8.005765E+03,2.180568E+03,5.574252E-01,1.925781E-01,0.000000E+00,0.000000E+00,0.000000E+00,0.000000E+00,0.000000E+00,0.000000E+00,0.000000E+00,0.000000E+00,2.110805E+01,7.993587E+01,2.388801E+01,5.566957E+01
17:03:00,8.005765E+03,2.179339E+03,5.574252E-01,1.924696E-01,0.000000E+00,0.000000E+00,0.000000E+00,0.000000E+00,0.000000E+00,0.000000E+00,0.000000E+00,0.000000E+00,2.110805E+01,7.993587E+01,2.388801E+01,5.567508E+01
17:04:00,8.005765E+03,2.178102E+03,5.574252E-01,1.923603E-01,0.000000E+00,0.000000E+00,0.000000E+00,0.000000E+00,0.000000E+00,0.000000E+00,0.000000E+00,0.000000E+00,2.110805E+01,7.993587E+01,2.388801E+01,5.568067E+01
17:05:00,8.005765E+03,2.176856E+03,5.574252E-01,1.922503E-01,0.000000E+00,0.000000E+00,0.000000E+00,0.000000E+00,0.000000E+00,0.000000E+00,0.000000E+00,0.000000E+00,2.110805E+01,7.993587E+01,2.388801E+01,5.568637E+01
17:06:00,8.005765E+03,2.175603E+03,5.574252E-01,1.921396E-01,0.000000E+00,0.000000E+00,0.000000E+00,0.000000E+00,0.000000E+00,0.000000E+00,0.000000E+00,0.000000E+00,2.110805E+01,7.993587E+01,2.388801E+01,5.569214E+01
17:07:00,8.005765E+03,2.174341E+03,5.574252E-01,1.920281E-01,0.000000E+00,0.000000E+00,0.000000E+00,0.000000E+00,0.000000E+00,0.000000E+00,0.000000E+00,0.000000E+00,2.110805E+01,7.993587E+01,2.388801E+01,5.569800E+01
17:08:00,8.005765E+03,2.173071E+03,5.574252E-01,1.919160E-01,0.000000E+00,0.000000E+00,0.000000E+00,0.000000E+00,0.000000E+00,0.000000E+00,0.000000E+00,0.000000E+00,2.110805E+01,7.993587E+01,2.388801E+01,5.570395E+01
17:09:00,8.005765E+03,2.171793E+03,5.574252E-01,1.918031E-01,0.000000E+00,0.000000E+00,0.000000E+00,0.000000E+00,0.000000E+00,0.000000E+00,0.000000E+00,0.000000E+00,2.110805E+01,7.993587E+01,2.388801E+01,5.570997E+01
17:10:00,8.005765E+03,2.170507E+03,5.574252E-01,1.916895E-01,0.000000E+00,0.000000E+00,0.000000E+00,0.000000E+00,0.000000E+00,0.000000E+00,0.000000E+00,0.000000E+00,2.110805E+01,7.993587E+01,2.388801E+01,5.571607E+01
17:11:00,8.005765E+03,2.169213E+03,5.574252E-01,1.915752E-01,0.000000E+00,0.000000E+00,0.000000E+00,0.000000E+00,0.000000E+00,0.000000E+00,0.000000E+00,0.000000E+00,2.110805E+01,7.993587E+01,2.388801E+01,5.572225E+01
17:12:00,8.005765E+03,2.167910E+03,5.574252E-01,1.914601E-01,0.000000E+00,0.000000E+00,0.000000E+00,0.000000E+00,0.000000E+00,0.000000E+00,0.000000E+00,0.000000E+00,2.110805E+01,7.993587E+01,2.388801E+01,5.572850E+01
17:13:00,8.005765E+03,2.166599E+03,5.574252E-01,1.913444E-01,0.000000E+00,0.000000E+00,0.000000E+00,0.000000E+00,0.000000E+00,0.000000E+00,0.000000E+00,0.000000E+00,2.110805E+01,7.993587E+01,2.388802E+01,5.573483E+01
17:14:00,8.005765E+03,2.165279E+03,5.574252E-01,1.912278E-01,0.000000E+00,0.000000E+00,0.000000E+00,0.000000E+00,0.000000E+00,0.000000E+00,0.000000E+00,0.000000E+00,2.110805E+01,7.993587E+01,2.388802E+01,5.574123E+01
17:15:00,8.005765E+03,2.163951E+03,5.574252E-01,1.911105E-01,0.000000E+00,0.000000E+00,0.000000E+00,0.000000E+00,0.000000E+00,0.000000E+00,0.000000E+00,0.000000E+00,2.110805E+01,7.993587E+01,2.388802E+01,5.574770E+01
17:16:00,8.005765E+03,2.162615E+03,5.574252E-01,1.909925E-01,0.000000E+00,0.000000E+00,0.000000E+00,0.000000E+00,0.000000E+00,0.000000E+00,0.000000E+00,0.000000E+00,2.110805E+01,7.993587E+01,2.388802E+01,5.575424E+01
17:17:00,8.005765E+03,2.161270E+03,5.574252E-01,1.908737E-01,0.000000E+00,0.000000E+00,0.000000E+00,0.000000E+00,0.000000E+00,0.000000E+00,0.000000E+00,0.000000E+00,2.110805E+01,7.993587E+01,2.388802E+01,5.576085E+01
17:18:00,8.005765E+03,2.159916E+03,5.574252E-01,1.907542E-01,0.000000E+00,0.000000E+00,0.000000E+00,0.000000E+00,0.000000E+00,0.000000E+00,0.000000E+00,0.000000E+00,2.110805E+01,7.993587E+01,2.388802E+01,5.576753E+01
17:19:00,8.005765E+03,2.158552E+03,5.574252E-01,1.906337E-01,0.000000E+00,0.000000E+00,0.000000E+00,0.000000E+00,0.000000E+00,0.000000E+00,0.000000E+00,0.000000E+00,2.110805E+01,7.993587E+01,2.388802E+01,5.577428E+01
17:20:00,8.005765E+03,2.157178E+03,5.574252E-01,1.905123E-01,0.000000E+00,0.000000E+00,0.000000E+00,0.000000E+00,0.000000E+00,0.000000E+00,0.000000E+00,0.000000E+00,2.110805E+01,7.993587E+01,2.388802E+01,5.578110E+01
17:21:00,8.005765E+03,2.155793E+03,5.574252E-01,1.903900E-01,0.000000E+00,0.000000E+00,0.000000E+00,0.000000E+00,0.000000E+00,0.000000E+00,0.000000E+00,0.000000E+00,2.110805E+01,7.993587E+01,2.388802E+01,5.578798E+01
17:22:00,8.005765E+03,2.154397E+03,5.574252E-01,1.902667E-01,0.000000E+00,0.000000E+00,0.000000E+00,0.000000E+00,0.000000E+00,0.000000E+00,0.000000E+00,0.000000E+00,2.110805E+01,7.993587E+01,2.388802E+01,5.579493E+01
17:23:00,8.005765E+03,2.152990E+03,5.574252E-01,1.901424E-01,0.000000E+00,0.000000E+00,0.000000E+00,0.000000E+00,0.000000E+00,0.000000E+00,0.000000E+00,0.000000E+00,2.110805E+01,7.993587E+01,2.388802E+01,5.580194E+01
17:24:00,8.005765E+03,2.151572E+03,5.574252E-01,1.900172E-01,0.000000E+00,0.000000E+00,0.000000E+00,0.000000E+00,0.000000E+00,0.000000E+00,0.000000E+00,0.000000E+00,2.110805E+01,7.993587E+01,2.388802E+01,5.580902E+01
17:25:00,8.005765E+03,2.150142E+03,5.574252E-01,1.898909E-01,0.000000E+00,0.000000E+00,0.000000E+00,0.000000E+00,0.000000E+00,0.000000E+00,0.000000E+00,0.000000E+00,2.110805E+01,7.993587E+01,2.388802E+01,5.581616E+01
17:26:00,8.005765E+03,2.148701E+03,5.574252E-01,1.897637E-01,0.000000E+00,0.000000E+00,0.000000E+00,0.000000E+00,0.000000E+00,0.000000E+00,0.000000E+00,0.000000E+00,2.110805E+01,7.993587E+01,2.388802E+01,5.582338E+01
17:27:00,8.005765E+03,2.147248E+03,5.574252E-01,1.896353E-01,0.000000E+00,0.000000E+00,0.000000E+00,0.000000E+00,0.000000E+00,0.000000E+00,0.000000E+00,0.000000E+00,2.110805E+01,7.993587E+01,2.388802E+01,5.583065E+01
17:28:00,8.005765E+03,2.145729E+03,5.574252E-01,1.895012E-01,0.000000E+00,0.000000E+00,0.000000E+00,0.000000E+00,0.000000E+00,0.000000E+00,0.000000E+00,0.000000E+00,2.110805E+01,7.993587E+01,2.388802E+01,5.583799E+01
17:29:00,8.005765E+03,2.144194E+03,5.574252E-01,1.893656E-01,0.000000E+00,0.000000E+00,0.000000E+00,0.000000E+00,0.000000E+00,0.000000E+00,0.000000E+00,0.000000E+00,2.110805E+01,7.993587E+01,2.388802E+01,5.584574E+01
17:30:00,8.005765E+03,2.142645E+03,5.574252E-01,1.892288E-01,0.000000E+00,0.000000E+00,0.000000E+00,0.000000E+00,0.000000E+00,0.000000E+00,0.000000E+00,0.000000E+00,2.110805E+01,7.993587E+01,2.388802E+01,5.585379E+01
17:31:00,8.005765E+03,2.141082E+03,5.574252E-01,1.890908E-01,0.000000E+00,0.000000E+00,0.000000E+00,0.000000E+00,0.000000E+00,0.000000E+00,0.000000E+00,0.000000E+00,2.110805E+01,7.993587E+01,2.388802E+01,5.586198E+01
17:32:00,8.005765E+03,2.139505E+03,5.574252E-01,1.889515E-01,0.000000E+00,0.000000E+00,0.000000E+00,0.000000E+00,0.000000E+00,0.000000E+00,0.000000E+00,0.000000E+00,2.110805E+01,7.993587E+01,2.388802E+01,5.587024E+01
17:33:00,8.005765E+03,2.137913E+03,5.574252E-01,1.888109E-01,0.000000E+00,0.000000E+00,0.000000E+00,0.000000E+00,0.000000E+00,0.000000E+00,0.000000E+00,0.000000E+00,2.110805E+01,7.993587E+01,2.388802E+01,5.587855E+01
17:34:00,8.005765E+03,2.136307E+03,5.574252E-01,1.886691E-01,0.000000E+00,0.000000E+00,0.000000E+00,0.000000E+00,0.000000E+00,0.000000E+00,0.000000E+00,0.000000E+00,2.110805E+01,7.993587E+01,2.388802E+01,5.588690E+01
17:35:00,8.005765E+03,2.134687E+03,5.574252E-01,1.885260E-01,0.000000E+00,0.000000E+00,0.000000E+00,0.000000E+00,0.000000E+00,0.000000E+00,0.000000E+00,0.000000E+00,2.110805E+01,7.993587E+01,2.388802E+01,5.589530E+01
17:36:00,8.005765E+03,2.133052E+03,5.574252E-01,1.883816E-01,0.000000E+00,0.000000E+00,0.000000E+00,0.000000E+00,0.000000E+00,0.000000E+00,0.000000E+00,0.000000E+00,2.110805E+01,7.993587E+01,2.388802E+01,5.590375E+01
17:37:00,8.005765E+03,2.131403E+03,5.574252E-01,1.882359E-01,0.000000E+00,0.000000E+00,0.000000E+00,0.000000E+00,0.000000E+00,0.000000E+00,0.000000E+00,0.000000E+00,2.110805E+01,7.993587E+01,2.388802E+01,5.591226E+01
17:38:00,8.005765E+03,2.129740E+03,5.574252E-01,1.880890E-01,0.000000E+00,0.000000E+00,0.000000E+00,0.000000E+00,0.000000E+00,0.000000E+00,0.000000E+00,0.000000E+00,2.110805E+01,7.993587E+01,2.388803E+01,5.592081E+01
17:39:00,8.005765E+03,2.128061E+03,5.574252E-01,1.879408E-01,0.000000E+00,0.000000E+00,0.000000E+00,0.000000E+00,0.000000E+00,0.000000E+00,0.000000E+00,0.000000E+00,2.110805E+01,7.993587E+01,2.388803E+01,5.592941E+01
17:40:00,8.005765E+03,2.126367E+03,5.574252E-01,1.877912E-01,0.000000E+00,0.000000E+00,0.000000E+00,0.000000E+00,0.000000E+00,0.000000E+00,0.000000E+00,0.000000E+00,2.110805E+01,7.993587E+01,2.388803E+01,5.593806E+01
17:41:00,8.005765E+03,2.124659E+03,5.574252E-01,1.876403E-01,0.000000E+00,0.000000E+00,0.000000E+00,0.000000E+00,0.000000E+00,0.000000E+00,0.000000E+00,0.000000E+00,2.110805E+01,7.993587E+01,2.388803E+01,5.594676E+01
17:42:00,8.005765E+03,2.122935E+03,5.574252E-01,1.874880E-01,0.000000E+00,0.000000E+00,0.000000E+00,0.000000E+00,0.000000E+00,0.000000E+00,0.000000E+00,0.000000E+00,2.110805E+01,7.993587E+01,2.388803E+01,5.595552E+01
17:43:00,8.005765E+03,2.121195E+03,5.574252E-01,1.873344E-01,0.000000E+00,0.000000E+00,0.000000E+00,0.000000E+00,0.000000E+00,0.000000E+00,0.000000E+00,0.000000E+00,2.110805E+01,7.993587E+01,2.388803E+01,5.596433E+01
17:44:00,8.005765E+03,2.119440E+03,5.574252E-01,1.871794E-01,0.000000E+00,0.000000E+00,0.000000E+00,0.000000E+00,0.000000E+00,0.000000E+00,0.000000E+00,0.000000E+00,2.110805E+01,7.993587E+01,2.388803E+01,5.597319E+01
17:45:00,8.005765E+03,2.117669E+03,5.574252E-01,1.870230E-01,0.000000E+00,0.000000E+00,0.000000E+00,0.000000E+00,0.000000E+00,0.000000E+00,0.000000E+00,0.000000E+00,2.110805E+01,7.993587E+01,2.388803E+01,5.598210E+01
17:46:00,8.005765E+03,2.115883E+03,5.574252E-01,1.868652E-01,0.000000E+00,0.000000E+00,0.000000E+00,0.000000E+00,0.000000E+00,0.000000E+00,0.000000E+00,0.000000E+00,2.110805E+01,7.993587E+01,2.388803E+01,5.599108E+01
17:47:00,8.005765E+03,2.114080E+03,5.574252E-01,1.867059E-01,0.000000E+00,0.000000E+00,0.000000E+00,0.000000E+00,0.000000E+00,0.000000E+00,0.000000E+00,0.000000E+00,2.110805E+01,7.993587E+01,2.388803E+01,5.600010E+01
17:48:00,8.005765E+03,2.112260E+03,5.574252E-01,1.865453E-01,0.000000E+00,0.000000E+00,0.000000E+00,0.000000E+00,0.000000E+00,0.000000E+00,0.000000E+00,0.000000E+00,2.110805E+01,7.993587E+01,2.388803E+01,5.600919E+01
17:49:00,8.005765E+03,2.110425E+03,5.574252E-01,1.863831E-01,0.000000E+00,0.000000E+00,0.000000E+00,0.000000E+00,0.000000E+00,0.000000E+00,0.000000E+00,0.000000E+00,2.110805E+01,7.993587E+01,2.388803E+01,5.601833E+01
17:50:00,8.005765E+03,2.108573E+03,5.574252E-01,1.862196E-01,0.000000E+00,0.000000E+00,0.000000E+00,0.000000E+00,0.000000E+00,0.000000E+00,0.000000E+00,0.000000E+00,2.110805E+01,7.993587E+01,2.388803E+01,5.602753E+01
17:51:00,8.005765E+03,2.106705E+03,5.574252E-01,1.860547E-01,0.000000E+00,0.000000E+00,0.000000E+00,0.000000E+00,0.000000E+00,0.000000E+00,0.000000E+00,0.000000E+00,2.110805E+01,7.993587E+01,2.388803E+01,5.603679E+01
17:52:00,8.005765E+03,2.104820E+03,5.574252E-01,1.858882E-01,0.000000E+00,0.000000E+00,0.000000E+00,0.000000E+00,0.000000E+00,0.000000E+00,0.000000E+00,0.000000E+00,2.110805E+01,7.993587E+01,2.388803E+01,5.604610E+01
17:53:00,8.005765E+03,2.102918E+03,5.574252E-01,1.857202E-01,0.000000E+00,0.000000E+00,0.000000E+00,0.000000E+00,0.000000E+00,0.000000E+00,0.000000E+00,0.000000E+00,2.110805E+01,7.993587E+01,2.388803E+01,5.605547E+01
17:54:00,8.005765E+03,2.100999E+03,5.574252E-01,1.855507E-01,0.000000E+00,0.000000E+00,0.000000E+00,0.000000E+00,0.000000E+00,0.000000E+00,0.000000E+00,0.000000E+00,2.110805E+01,7.993587E+01,2.388803E+01,5.606490E+01
17:55:00,8.005765E+03,2.099062E+03,5.574252E-01,1.853796E-01,0.000000E+00,0.000000E+00,0.000000E+00,0.000000E+00,0.000000E+00,0.000000E+00,0.000000E+00,0.000000E+00,2.110805E+01,7.993587E+01,2.388803E+01,5.607440E+01
17:56:00,8.005765E+03,2.097108E+03,5.574252E-01,1.852070E-01,0.000000E+00,0.000000E+00,0.000000E+00,0.000000E+00,0.000000E+00,0.000000E+00,0.000000E+00,0.000000E+00,2.110805E+01,7.993587E+01,2.388803E+01,5.608397E+01
17:57:00,8.005765E+03,2.095135E+03,5.574252E-01,1.850328E-01,0.000000E+00,0.000000E+00,0.000000E+00,0.000000E+00,0.000000E+00,0.000000E+00,0.000000E+00,0.000000E+00,2.110805E+01,7.993587E+01,2.388803E+01,5.609360E+01
17:58:00,8.005765E+03,2.093145E+03,5.574252E-01,1.848570E-01,0.000000E+00,0.000000E+00,0.000000E+00,0.000000E+00,0.000000E+00,0.000000E+00,0.000000E+00,0.000000E+00,2.110805E+01,7.993587E+01,2.388803E+01,5.610330E+01
17:59:00,8.005765E+03,2.091136E+03,5.574252E-01,1.846796E-01,0.000000E+00,0.000000E+00,0.000000E+00,0.000000E+00,0.000000E+00,0.000000E+00,0.000000E+00,0.000000E+00,2.110805E+01,7.993587E+01,2.388803E+01,5.611306E+01
18:00:00,8.005765E+03,2.089109E+03,5.574252E-01,1.845006E-01,0.000000E+00,0.000000E+00,0.000000E+00,0.000000E+00,0.000000E+00,0.000000E+00,0.000000E+00,0.000000E+00,2.110805E+01,7.993587E+01,2.388803E+01,5.612290E+01
18:01:00,8.005765E+03,2.087055E+03,5.574252E-01,1.843191E-01,0.000000E+00,0.000000E+00,0.000000E+00,0.000000E+00,0.000000E+00,0.000000E+00,0.000000E+00,0.000000E+00,2.110805E+01,7.993587E+01,2.388803E+01,5.613281E+01
18:02:00,8.005765E+03,2.084973E+03,5.574252E-01,1.841353E-01,0.000000E+00,0.000000E+00,0.000000E+00,0.000000E+00,0.000000E+00,0.000000E+00,0.000000E+00,0.000000E+00,2.110805E+01,7.993587E+01,2.388804E+01,5.614289E+01
18:03:00,8.005765E+03,2.082865E+03,5.574252E-01,1.839491E-01,0.000000E+00,0.000000E+00,0.000000E+00,0.000000E+00,0.000000E+00,0.000000E+00,0.000000E+00,0.000000E+00,2.110805E+01,7.993587E+01,2.388804E+01,5.615319E+01
18:04:00,8.005765E+03,2.080729E+03,5.574252E-01,1.837605E-01,0.000000E+00,0.000000E+00,0.000000E+00,0.000000E+00,0.000000E+00,0.000000E+00,0.000000E+00,0.000000E+00,2.110805E+01,7.993587E+01,2.388804E+01,5.616374E+01
18:05:00,8.005765E+03,2.078565E+03,5.574252E-01,1.835694E-01,0.000000E+00,0.000000E+00,0.000000E+00,0.000000E+00,0.000000E+00,0.000000E+00,0.000000E+00,0.000000E+00,2.110805E+01,7.993587E+01,2.388804E+01,5.617453E+01
18:06:00,8.005765E+03,2.076374E+03,5.574252E-01,1.833758E-01,0.000000E+00,0.000000E+00,0.000000E+00,0.000000E+00,0.000000E+00,0.000000E+00,0.000000E+00,0.000000E+00,2.110805E+01,7.993587E+01,2.388804E+01,5.618555E+01
18:07:00,8.005765E+03,2.074155E+03,5.574252E-01,1.831798E-01,0.000000E+00,0.000000E+00,0.000000E+00,0.000000E+00,0.000000E+00,0.000000E+00,0.000000E+00,0.000000E+00,2.110805E+01,7.993587E+01,2.388804E+01,5.619679E+01
18:08:00,8.005765E+03,2.071907E+03,5.574252E-01,1.829813E-01,0.000000E+00,0.000000E+00,0.000000E+00,0.000000E+00,0.000000E+00,0.000000E+00,0.000000E+00,0.000000E+00,2.110805E+01,7.993587E+01,2.388804E+01,5.620825E+01
18:09:00,8.005765E+03,2.069632E+03,5.574252E-01,1.827804E-01,0.000000E+00,0.000000E+00,0.000000E+00,0.000000E+00,0.000000E+00,0.000000E+00,0.000000E+00,0.000000E+00,2.110805E+01,7.993587E+01,2.388804E+01,5.621992E+01
18:10:00,8.005765E+03,2.067328E+03,5.574252E-01,1.825769E-01,0.000000E+00,0.000000E+00,0.000000E+00,0.000000E+00,0.000000E+00,0.000000E+00,0.000000E+00,0.000000E+00,2.110805E+01,7.993587E+01,2.388804E+01,5.623180E+01
18:11:00,8.005765E+03,2.064995E+03,5.574252E-01,1.823708E-01,0.000000E+00,0.000000E+00,0.000000E+00,0.000000E+00,0.000000E+00,0.000000E+00,0.000000E+00,0.000000E+00,2.110805E+01,7.993587E+01,2.388804E+01,5.624389E+01
18:12:00,8.005765E+03,2.062633E+03,5.574252E-01,1.821623E-01,0.000000E+00,0.000000E+00,0.000000E+00,0.000000E+00,0.000000E+00,0.000000E+00,0.000000E+00,0.000000E+00,2.110805E+01,7.993587E+01,2.388804E+01,5.625617E+01
18:13:00,8.005765E+03,2.060243E+03,5.574252E-01,1.819512E-01,0.000000E+00,0.000000E+00,0.000000E+00,0.000000E+00,0.000000E+00,0.000000E+00,0.000000E+00,0.000000E+00,2.110805E+01,7.993587E+01,2.388804E+01,5.626866E+01
18:14:00,8.005765E+03,2.057823E+03,5.574252E-01,1.817375E-01,0.000000E+00,0.000000E+00,0.000000E+00,0.000000E+00,0.000000E+00,0.000000E+00,0.000000E+00,0.000000E+00,2.110805E+01,7.993587E+01,2.388804E+01,5.628133E+01
18:15:00,8.005765E+03,2.055374E+03,5.574252E-01,1.815212E-01,0.000000E+00,0.000000E+00,0.000000E+00,0.000000E+00,0.000000E+00,0.000000E+00,0.000000E+00,0.000000E+00,2.110805E+01,7.993587E+01,2.388805E+01,5.629420E+01
18:16:00,8.005765E+03,2.052896E+03,5.574252E-01,1.813023E-01,0.000000E+00,0.000000E+00,0.000000E+00,0.000000E+00,0.000000E+00,0.000000E+00,0.000000E+00,0.000000E+00,2.110805E+01,7.993587E+01,2.388805E+01,5.630726E+01
18:17:00,8.005765E+03,2.050388E+03,5.574252E-01,1.810807E-01,0.000000E+00,0.000000E+00,0.000000E+00,0.000000E+00,0.000000E+00,0.000000E+00,0.000000E+00,0.000000E+00,2.110805E+01,7.993587E+01,2.388805E+01,5.632050E+01
18:18:00,8.005765E+03,2.047849E+03,5.574252E-01,1.808566E-01,0.000000E+00,0.000000E+00,0.000000E+00,0.000000E+00,0.000000E+00,0.000000E+00,0.000000E+00,0.000000E+00,2.110805E+01,7.993587E+01,2.388805E+01,5.633392E+01
18:19:00,8.005765E+03,2.045281E+03,5.574252E-01,1.806298E-01,0.000000E+00,0.000000E+00,0.000000E+00,0.000000E+00,0.000000E+00,0.000000E+00,0.000000E+00,0.000000E+00,2.110805E+01,7.993587E+01,2.388805E+01,5.634753E+01
18:20:00,8.005765E+03,2.042683E+03,5.574252E-01,1.804003E-01,0.000000E+00,0.000000E+00,0.000000E+00,0.000000E+00,0.000000E+00,0.000000E+00,0.000000E+00,0.000000E+00,2.110805E+01,7.993587E+01,2.388805E+01,5.636131E+01
18:21:00,8.005765E+03,2.040054E+03,5.574252E-01,1.801681E-01,0.000000E+00,0.000000E+00,0.000000E+00,0.000000E+00,0.000000E+00,0.000000E+00,0.000000E+00,0.000000E+00,2.110805E+01,7.993587E+01,2.388805E+01,5.637527E+01
18:22:00,8.005765E+03,2.037394E+03,5.574252E-01,1.799332E-01,0.000000E+00,0.000000E+00,0.000000E+00,0.000000E+00,0.000000E+00,0.000000E+00,0.000000E+00,0.000000E+00,2.110805E+01,7.993587E+01,2.388805E+01,5.638941E+01
18:23:00,8.005765E+03,2.034704E+03,5.574252E-01,1.796956E-01,0.000000E+00,0.000000E+00,0.000000E+00,0.000000E+00,0.000000E+00,0.000000E+00,0.000000E+00,0.000000E+00,2.110805E+01,7.993587E+01,2.388805E+01,5.640371E+01
18:24:00,8.005765E+03,2.031983E+03,5.574252E-01,1.794553E-01,0.000000E+00,0.000000E+00,0.000000E+00,0.000000E+00,0.000000E+00,0.000000E+00,0.000000E+00,0.000000E+00,2.110805E+01,7.993587E+01,2.388805E+01,5.641819E+01
18:25:00,8.005765E+03,2.029230E+03,5.574252E-01,1.792122E-01,0.000000E+00,0.000000E+00,0.000000E+00,0.000000E+00,0.000000E+00,0.000000E+00,0.000000E+00,0.000000E+00,2.110805E+01,7.993587E+01,2.388805E+01,5.643284E+01
18:26:00,8.005765E+03,2.026446E+03,5.574252E-01,1.789663E-01,0.000000E+00,0.000000E+00,0.000000E+00,0.000000E+00,0.000000E+00,0.000000E+00,0.000000E+00,0.000000E+00,2.110805E+01,7.993587E+01,2.388805E+01,5.644766E+01
18:27:00,8.005765E+03,2.023631E+03,5.574252E-01,1.787176E-01,0.000000E+00,0.000000E+00,0.000000E+00,0.000000E+00,0.000000E+00,0.000000E+00,0.000000E+00,0.000000E+00,2.110805E+01,7.993587E+01,2.388805E+01,5.646265E+01
18:28:00,8.005765E+03,2.020838E+03,5.574252E-01,1.784710E-01,0.000000E+00,0.000000E+00,0.000000E+00,0.000000E+00,0.000000E+00,0.000000E+00,0.000000E+00,0.000000E+00,2.110805E+01,7.993587E+01,2.388806E+01,5.647781E+01
18:29:00,8.005765E+03,2.018017E+03,5.574252E-01,1.782218E-01,0.000000E+00,0.000000E+00,0.000000E+00,0.000000E+00,0.000000E+00,0.000000E+00,0.000000E+00,0.000000E+00,2.110805E+01,7.993587E+01,2.388806E+01,5.649313E+01
18:30:00,8.005765E+03,2.015165E+03,5.574252E-01,1.779699E-01,0.000000E+00,0.000000E+00,0.000000E+00,0.000000E+00,0.000000E+00,0.000000E+00,0.000000E+00,0.000000E+00,2.110805E+01,7.993587E+01,2.388806E+01,5.650862E+01
18:31:00,8.005765E+03,2.012283E+03,5.574252E-01,1.777154E-01,0.000000E+00,0.000000E+00,0.000000E+00,0.000000E+00,0.000000E+00,0.000000E+00,0.000000E+00,0.000000E+00,2.110805E+01,7.993587E+01,2.388806E+01,5.652427E+01
18:32:00,8.005765E+03,2.009369E+03,5.574252E-01,1.774581E-01,0.000000E+00,0.000000E+00,0.000000E+00,0.000000E+00,0.000000E+00,0.000000E+00,0.000000E+00,0.000000E+00,2.110805E+01,7.993587E+01,2.388806E+01,5.654009E+01
18:33:00,8.005765E+03,2.006425E+03,5.574252E-01,1.771980E-01,0.000000E+00,0.000000E+00,0.000000E+00,0.000000E+00,0.000000E+00,0.000000E+00,0.000000E+00,0.000000E+00,2.110805E+01,7.993587E+01,2.388806E+01,5.655607E+01
18:34:00,8.005765E+03,2.003448E+03,5.574252E-01,1.769351E-01,0.000000E+00,0.000000E+00,0.000000E+00,0.000000E+00,0.000000E+00,0.000000E+00,0.000000E+00,0.000000E+00,2.110805E+01,7.993587E+01,2.388806E+01,5.657222E+01
18:35:00,8.005765E+03,2.000440E+03,5.574252E-01,1.766694E-01,0.000000E+00,0.000000E+00,0.000000E+00,0.000000E+00,0.000000E+00,0.000000E+00,0.000000E+00,0.000000E+00,2.110805E+01,7.993587E+01,2.388806E+01,5.658853E+01
18:36:00,8.005765E+03,1.997399E+03,5.574252E-01,1.764009E-01,0.000000E+00,0.000000E+00,0.000000E+00,0.000000E+00,0.000000E+00,0.000000E+00,0.000000E+00,0.000000E+00,2.110805E+01,7.993587E+01,2.388806E+01,5.660500E+01
18:37:00,8.005765E+03,1.994326E+03,5.574252E-01,1.761295E-01,0.000000E+00,0.000000E+00,0.000000E+00,0.000000E+00,0.000000E+00,0.000000E+00,0.000000E+00,0.000000E+00,2.110805E+01,7.993587E+01,2.388806E+01,5.662164E+01
18:38:00,8.005765E+03,1.991220E+03,5.574252E-01,1.758552E-01,0.000000E+00,0.000000E+00,0.000000E+00,0.000000E+00,0.000000E+00,0.000000E+00,0.000000E+00,0.000000E+00,2.110805E+01,7.993587E+01,2.388806E+01,5.663843E+01
18:39:00,8.005765E+03,1.988038E+03,5.574252E-01,1.755741E-01,0.000000E+00,0.000000E+00,0.000000E+00,0.000000E+00,0.000000E+00,0.000000E+00,0.000000E+00,0.000000E+00,2.110805E+01,7.993587E+01,2.388806E+01,5.665539E+01
18:40:00,8.005765E+03,1.984819E+03,5.574252E-01,1.752899E-01,0.000000E+00,0.000000E+00,0.000000E+00,0.000000E+00,0.000000E+00,0.000000E+00,0.000000E+00,0.000000E+00,2.110805E+01,7.993587E+01,2.388807E+01,5.667281E+01
18:41:00,8.005765E+03,1.981566E+03,5.574252E-01,1.750025E-01,0.000000E+00,0.000000E+00,0.000000E+00,0.000000E+00,0.000000E+00,0.000000E+00,0.000000E+00,0.000000E+00,2.110805E+01,7.993587E+01,2.388807E+01,5.669060E+01
18:42:00,8.005765E+03,1.978278E+03,5.574252E-01,1.747122E-01,0.000000E+00,0.000000E+00,0.000000E+00,0.000000E+00,0.000000E+00,0.000000E+00,0.000000E+00,0.000000E+00,2.110805E+01,7.993587E+01,2.388807E+01,5.670862E+01
18:43:00,8.005765E+03,1.974956E+03,5.574252E-01,1.744188E-01,0.000000E+00,0.000000E+00,0.000000E+00,0.000000E+00,0.000000E+00,0.000000E+00,0.000000E+00,0.000000E+00,2.110805E+01,7.993587E+01,2.388807E+01,5.672680E+01
18:44:00,8.005765E+03,1.971600E+03,5.574252E-01,1.741224E-01,0.000000E+00,0.000000E+00,0.000000E+00,0.000000E+00,0.000000E+00,0.000000E+00,0.000000E+00,0.000000E+00,2.110805E+01,7.993587E+01,2.388807E+01,5.674513E+01
18:45:00,8.005765E+03,1.968210E+03,5.574252E-01,1.738230E-01,0.000000E+00,0.000000E+00,0.000000E+00,0.000000E+00,0.000000E+00,0.000000E+00,0.000000E+00,0.000000E+00,2.110805E+01,7.993587E+01,2.388807E+01,5.676360E+01
18:46:00,8.005765E+03,1.964786E+03,5.574252E-01,1.735206E-01,0.000000E+00,0.000000E+00,0.000000E+00,0.000000E+00,0.000000E+00,0.000000E+00,0.000000E+00,0.000000E+00,2.110805E+01,7.993587E+01,2.388807E+01,5.678220E+01
18:47:00,8.005765E+03,1.961325E+03,5.574252E-01,1.732149E-01,0.000000E+00,0.000000E+00,0.000000E+00,0.000000E+00,0.000000E+00,0.000000E+00,0.000000E+00,0.000000E+00,2.110805E+01,7.993587E+01,2.388807E+01,5.680096E+01
18:48:00,8.005765E+03,1.957826E+03,5.574252E-01,1.729058E-01,0.000000E+00,0.000000E+00,0.000000E+00,0.000000E+00,0.000000E+00,0.000000E+00,0.000000E+00,0.000000E+00,2.110805E+01,7.993587E+01,2.388807E+01,5.681988E+01
18:49:00,8.005765E+03,1.954289E+03,5.574252E-01,1.725935E-01,0.000000E+00,0.000000E+00,0.000000E+00,0.000000E+00,0.000000E+00,0.000000E+00,0.000000E+00,0.000000E+00,2.110805E+01,7.993587E+01,2.388808E+01,5.683897E+01
18:50:00,8.005765E+03,1.950713E+03,5.574252E-01,1.722777E-01,0.000000E+00,0.000000E+00,0.000000E+00,0.000000E+00,0.000000E+00,0.000000E+00,0.000000E+00,0.000000E+00,2.110805E+01,7.993587E+01,2.388808E+01,5.685826E+01
18:51:00,8.005765E+03,1.947099E+03,5.574252E-01,1.719585E-01,0.000000E+00,0.000000E+00,0.000000E+00,0.000000E+00,0.000000E+00,0.000000E+00,0.000000E+00,0.000000E+00,2.110805E+01,7.993587E+01,2.388808E+01,5.687773E+01
18:52:00,8.005765E+03,1.943447E+03,5.574252E-01,1.716359E-01,0.000000E+00,0.000000E+00,0.000000E+00,0.000000E+00,0.000000E+00,0.000000E+00,0.000000E+00,0.000000E+00,2.110805E+01,7.993587E+01,2.388808E+01,5.689738E+01
18:53:00,8.005765E+03,1.939757E+03,5.574252E-01,1.713100E-01,0.000000E+00,0.000000E+00,0.000000E+00,0.000000E+00,0.000000E+00,0.000000E+00,0.000000E+00,0.000000E+00,2.110805E+01,7.993587E+01,2.388808E+01,5.691722E+01
18:54:00,8.005765E+03,1.936028E+03,5.574252E-01,1.709807E-01,0.000000E+00,0.000000E+00,0.000000E+00,0.000000E+00,0.000000E+00,0.000000E+00,0.000000E+00,0.000000E+00,2.110805E+01,7.993587E+01,2.388808E+01,5.693724E+01
18:55:00,8.005765E+03,1.932262E+03,5.574252E-01,1.706480E-01,0.000000E+00,0.000000E+00,0.000000E+00,0.000000E+00,0.000000E+00,0.000000E+00,0.000000E+00,0.000000E+00,2.110805E+01,7.993587E+01,2.388808E+01,5.695745E+01
18:56:00,8.005765E+03,1.928457E+03,5.574252E-01,1.703120E-01,0.000000E+00,0.000000E+00,0.000000E+00,0.000000E+00,0.000000E+00,0.000000E+00,0.000000E+00,0.000000E+00,2.110805E+01,7.993587E+01,2.388808E+01,5.697783E+01
18:57:00,8.005765E+03,1.924613E+03,5.574252E-01,1.699725E-01,0.000000E+00,0.000000E+00,0.000000E+00,0.000000E+00,0.000000E+00,0.000000E+00,0.000000E+00,0.000000E+00,2.110805E+01,7.993587E+01,2.388808E+01,5.699840E+01
18:58:00,8.005765E+03,1.920732E+03,5.574252E-01,1.696297E-01,0.000000E+00,0.000000E+00,0.000000E+00,0.000000E+00,0.000000E+00,0.000000E+00,0.000000E+00,0.000000E+00,2.110805E+01,7.993587E+01,2.388808E+01,5.701914E+01
18:59:00,8.005765E+03,1.916789E+03,5.574252E-01,1.692815E-01,0.000000E+00,0.000000E+00,0.000000E+00,0.000000E+00,0.000000E+00,0.000000E+00,0.000000E+00,0.000000E+00,2.110805E+01,7.993587E+01,2.388809E+01,5.704006E+01
19:00:00,8.005765E+03,1.912807E+03,5.574252E-01,1.689299E-01,0.000000E+00,0.000000E+00,0.000000E+00,0.000000E+00,0.000000E+00,0.000000E+00,0.000000E+00,0.000000E+00,2.110805E+01,7.993587E+01,2.388809E+01,5.706131E+01
19:01:00,8.005765E+03,1.908813E+03,5.574252E-01,1.685771E-01,0.000000E+00,0.000000E+00,0.000000E+00,0.000000E+00,0.000000E+00,0.000000E+00,0.000000E+00,0.000000E+00,2.110805E+01,7.993587E+01,2.388809E+01,5.708285E+01
19:02:00,8.005765E+03,1.904806E+03,5.574252E-01,1.682232E-01,0.000000E+00,0.000000E+00,0.000000E+00,0.000000E+00,0.000000E+00,0.000000E+00,0.000000E+00,0.000000E+00,2.110805E+01,7.993587E+01,2.388809E+01,5.710450E+01
19:03:00,8.005765E+03,1.900788E+03,5.574252E-01,1.678683E-01,0.000000E+00,0.000000E+00,0.000000E+00,0.000000E+00,0.000000E+00,0.000000E+00,0.000000E+00,0.000000E+00,2.110805E+01,7.993587E+01,2.388809E+01,5.712619E+01
19:04:00,8.005765E+03,1.896758E+03,5.574252E-01,1.675124E-01,0.000000E+00,0.000000E+00,0.000000E+00,0.000000E+00,0.000000E+00,0.000000E+00,0.000000E+00,0.000000E+00,2.110805E+01,7.993587E+01,2.388809E+01,5.714787E+01
19:05:00,8.005765E+03,1.892717E+03,5.574252E-01,1.671555E-01,0.000000E+00,0.000000E+00,0.000000E+00,0.000000E+00,0.000000E+00,0.000000E+00,0.000000E+00,0.000000E+00,2.110805E+01,7.993587E+01,2.388809E+01,5.716955E+01
19:06:00,8.005765E+03,1.888665E+03,5.574252E-01,1.667977E-01,0.000000E+00,0.000000E+00,0.000000E+00,0.000000E+00,0.000000E+00,0.000000E+00,0.000000E+00,0.000000E+00,2.110805E+01,7.993587E+01,2.388809E+01,5.719123E+01
19:07:00,8.005765E+03,1.884603E+03,5.574252E-01,1.664389E-01,0.000000E+00,0.000000E+00,0.000000E+00,0.000000E+00,0.000000E+00,0.000000E+00,0.000000E+00,0.000000E+00,2.110805E+01,7.993587E+01,2.388809E+01,5.721292E+01
19:08:00,8.005765E+03,1.880532E+03,5.574252E-01,1.660793E-01,0.000000E+00,0.000000E+00,0.000000E+00,0.000000E+00,0.000000E+00,0.000000E+00,0.000000E+00,0.000000E+00,2.110805E+01,7.993587E+01,2.388809E+01,5.723462E+01
19:09:00,8.005765E+03,1.876438E+03,5.574252E-01,1.657178E-01,0.000000E+00,0.000000E+00,0.000000E+00,0.000000E+00,0.000000E+00,0.000000E+00,0.000000E+00,0.000000E+00,2.110805E+01,7.993587E+01,2.388809E+01,5.725633E+01
19:10:00,8.005765E+03,1.872334E+03,5.574252E-01,1.653554E-01,0.000000E+00,0.000000E+00,0.000000E+00,0.000000E+00,0.000000E+00,0.000000E+00,0.000000E+00,0.000000E+00,2.110805E+01,7.993587E+01,2.388809E+01,5.727813E+01
19:11:00,8.005765E+03,1.868223E+03,5.574252E-01,1.649923E-01,0.000000E+00,0.000000E+00,0.000000E+00,0.000000E+00,0.000000E+00,0.000000E+00,0.000000E+00,0.000000E+00,2.110805E+01,7.993587E+01,2.388810E+01,5.730001E+01
19:12:00,8.005765E+03,1.864105E+03,5.574252E-01,1.646285E-01,0.000000E+00,0.000000E+00,0.000000E+00,0.000000E+00,0.000000E+00,0.000000E+00,0.000000E+00,0.000000E+00,2.110805E+01,7.993587E+01,2.388810E+01,5.732191E+01
19:13:00,8.005765E+03,1.859980E+03,5.574252E-01,1.642642E-01,0.000000E+00,0.000000E+00,0.000000E+00,0.000000E+00,0.000000E+00,0.000000E+00,0.000000E+00,0.000000E+00,2.110805E+01,7.993587E+01,2.388810E+01,5.734380E+01
19:14:00,8.005765E+03,1.855849E+03,5.574252E-01,1.638994E-01,0.000000E+00,0.000000E+00,0.000000E+00,0.000000E+00,0.000000E+00,0.000000E+00,0.000000E+00,0.000000E+00,2.110805E+01,7.993587E+01,2.388810E+01,5.736568E+01
19:15:00,8.005765E+03,1.851714E+03,5.574252E-01,1.635342E-01,0.000000E+00,0.000000E+00,0.000000E+00,0.000000E+00,0.000000E+00,0.000000E+00,0.000000E+00,0.000000E+00,2.110805E+01,7.993587E+01,2.388810E+01,5.738755E+01
19:16:00,8.005765E+03,1.847525E+03,5.574252E-01,1.631642E-01,0.000000E+00,0.000000E+00,0.000000E+00,0.000000E+00,0.000000E+00,0.000000E+00,0.000000E+00,0.000000E+00,2.110805E+01,7.993587E+01,2.388810E+01,5.740941E+01
19:17:00,8.005765E+03,1.843333E+03,5.574252E-01,1.627940E-01,0.000000E+00,0.000000E+00,0.000000E+00,0.000000E+00,0.000000E+00,0.000000E+00,0.000000E+00,0.000000E+00,2.110805E+01,7.993587E+01,2.388810E+01,5.743160E+01
19:18:00,8.005765E+03,1.839143E+03,5.574252E-01,1.624239E-01,0.000000E+00,0.000000E+00,0.000000E+00,0.000000E+00,0.000000E+00,0.000000E+00,0.000000E+00,0.000000E+00,2.110805E+01,7.993587E+01,2.388810E+01,5.745398E+01
19:19:00,8.005765E+03,1.834952E+03,5.574252E-01,1.620539E-01,0.000000E+00,0.000000E+00,0.000000E+00,0.000000E+00,0.000000E+00,0.000000E+00,0.000000E+00,0.000000E+00,2.110805E+01,7.993587E+01,2.388810E+01,5.747636E+01
19:20:00,8.005765E+03,1.830764E+03,5.574252E-01,1.616839E-01,0.000000E+00,0.000000E+00,0.000000E+00,0.000000E+00,0.000000E+00,0.000000E+00,0.000000E+00,0.000000E+00,2.110805E+01,7.993587E+01,2.388810E+01,5.749868E+01
19:21:00,8.005765E+03,1.826578E+03,5.574252E-01,1.613142E-01,0.000000E+00,0.000000E+00,0.000000E+00,0.000000E+00,0.000000E+00,0.000000E+00,0.000000E+00,0.000000E+00,2.110805E+01,7.993587E+01,2.388810E+01,5.752090E+01
19:22:00,8.005765E+03,1.822394E+03,5.574252E-01,1.609447E-01,0.000000E+00,0.000000E+00,0.000000E+00,0.000000E+00,0.000000E+00,0.000000E+00,0.000000E+00,0.000000E+00,2.110805E+01,7.993587E+01,2.388810E+01,5.754303E+01
19:23:00,8.005765E+03,1.818214E+03,5.574252E-01,1.605755E-01,0.000000E+00,0.000000E+00,0.000000E+00,0.000000E+00,0.000000E+00,0.000000E+00,0.000000E+00,0.000000E+00,2.110805E+01,7.993587E+01,2.388810E+01,5.756508E+01
19:24:00,8.005765E+03,1.814037E+03,5.574252E-01,1.602066E-01,0.000000E+00,0.000000E+00,0.000000E+00,0.000000E+00,0.000000E+00,0.000000E+00,0.000000E+00,0.000000E+00,2.110805E+01,7.993587E+01,2.388810E+01,5.758705E+01
19:25:00,8.005765E+03,1.809864E+03,5.574252E-01,1.598381E-01,0.000000E+00,0.000000E+00,0.000000E+00,0.000000E+00,0.000000E+00,0.000000E+00,0.000000E+00,0.000000E+00,2.110805E+01,7.993587E+01,2.388811E+01,5.760895E+01
19:26:00,8.005765E+03,1.805696E+03,5.574252E-01,1.594700E-01,0.000000E+00,0.000000E+00,0.000000E+00,0.000000E+00,0.000000E+00,0.000000E+00,0.000000E+00,0.000000E+00,2.110805E+01,7.993587E+01,2.388811E+01,5.763078E+01
19:27:00,8.005765E+03,1.801532E+03,5.574252E-01,1.591022E-01,0.000000E+00,0.000000E+00,0.000000E+00,0.000000E+00,0.000000E+00,0.000000E+00,0.000000E+00,0.000000E+00,2.110805E+01,7.993587E+01,2.388811E+01,5.765255E+01
19:28:00,8.005765E+03,1.797374E+03,5.574252E-01,1.587350E-01,0.000000E+00,0.000000E+00,0.000000E+00,0.000000E+00,0.000000E+00,0.000000E+00,0.000000E+00,0.000000E+00,2.110805E+01,7.993587E+01,2.388811E+01,5.767426E+01
19:29:00,8.005765E+03,1.793221E+03,5.574252E-01,1.583682E-01,0.000000E+00,0.000000E+00,0.000000E+00,0.000000E+00,0.000000E+00,0.000000E+00,0.000000E+00,0.000000E+00,2.110805E+01,7.993587E+01,2.388811E+01,5.769592E+01
19:30:00,8.005765E+03,1.789074E+03,5.574252E-01,1.580020E-01,0.000000E+00,0.000000E+00,0.000000E+00,0.000000E+00,0.000000E+00,0.000000E+00,0.000000E+00,0.000000E+00,2.110805E+01,7.993587E+01,2.388811E+01,5.771753E+01
19:31:00,8.005765E+03,1.784933E+03,5.574252E-01,1.576363E-01,0.000000E+00,0.000000E+00,0.000000E+00,0.000000E+00,0.000000E+00,0.000000E+00,0.000000E+00,0.000000E+00,2.110805E+01,7.993587E+01,2.388811E+01,5.773909E+01
19:32:00,8.005765E+03,1.780799E+03,5.574252E-01,1.572711E-01,0.000000E+00,0.000000E+00,0.000000E+00,0.000000E+00,0.000000E+00,0.000000E+00,0.000000E+00,0.000000E+00,2.110805E+01,7.993587E+01,2.388811E+01,5.776061E+01
19:33:00,8.005765E+03,1.776672E+03,5.574252E-01,1.569066E-01,0.000000E+00,0.000000E+00,0.000000E+00,0.000000E+00,0.000000E+00,0.000000E+00,0.000000E+00,0.000000E+00,2.110805E+01,7.993587E+01,2.388811E+01,5.778209E+01
19:34:00,8.005765E+03,1.772552E+03,5.574252E-01,1.565428E-01,0.000000E+00,0.000000E+00,0.000000E+00,0.000000E+00,0.000000E+00,0.000000E+00,0.000000E+00,0.000000E+00,2.110805E+01,7.993587E+01,2.388811E+01,5.780354E+01
19:35:00,8.005765E+03,1.768440E+03,5.574252E-01,1.561796E-01,0.000000E+00,0.000000E+00,0.000000E+00,0.000000E+00,0.000000E+00,0.000000E+00,0.000000E+00,0.000000E+00,2.110805E+01,7.993587E+01,2.388811E+01,5.782496E+01
19:36:00,8.005765E+03,1.764335E+03,5.574252E-01,1.558171E-01,0.000000E+00,0.000000E+00,0.000000E+00,0.000000E+00,0.000000E+00,0.000000E+00,0.000000E+00,0.000000E+00,2.110805E+01,7.993587E+01,2.388811E+01,5.784636E+01
19:37:00,8.005765E+03,1.760239E+03,5.574252E-01,1.554554E-01,0.000000E+00,0.000000E+00,0.000000E+00,0.000000E+00,0.000000E+00,0.000000E+00,0.000000E+00,0.000000E+00,2.110805E+01,7.993587E+01,2.388811E+01,5.786773E+01
19:38:00,8.005765E+03,1.756152E+03,5.574252E-01,1.550944E-01,0.000000E+00,0.000000E+00,0.000000E+00,0.000000E+00,0.000000E+00,0.000000E+00,0.000000E+00,0.000000E+00,2.110805E+01,7.993587E+01,2.388811E+01,5.788909E+01
19:39:00,8.005765E+03,1.752117E+03,5.574252E-01,1.547380E-01,0.000000E+00,0.000000E+00,0.000000E+00,0.000000E+00,0.000000E+00,0.000000E+00,0.000000E+00,0.000000E+00,2.110805E+01,7.993587E+01,2.388811E+01,5.791043E+01
19:40:00,8.005765E+03,1.748095E+03,5.574252E-01,1.543828E-01,0.000000E+00,0.000000E+00,0.000000E+00,0.000000E+00,0.000000E+00,0.000000E+00,0.000000E+00,0.000000E+00,2.110805E+01,7.993587E+01,2.388811E+01,5.793175E+01
19:41:00,8.005765E+03,1.744085E+03,5.574252E-01,1.540286E-01,0.000000E+00,0.000000E+00,0.000000E+00,0.000000E+00,0.000000E+00,0.000000E+00,0.000000E+00,0.000000E+00,2.110805E+01,7.993587E+01,2.388812E+01,5.795306E+01
19:42:00,8.005765E+03,1.740085E+03,5.574252E-01,1.536754E-01,0.000000E+00,0.000000E+00,0.000000E+00,0.000000E+00,0.000000E+00,0.000000E+00,0.000000E+00,0.000000E+00,2.110805E+01,7.993587E+01,2.388812E+01,5.797437E+01
19:43:00,8.005765E+03,1.736096E+03,5.574252E-01,1.533231E-01,0.000000E+00,0.000000E+00,0.000000E+00,0.000000E+00,0.000000E+00,0.000000E+00,0.000000E+00,0.000000E+00,2.110805E+01,7.993587E+01,2.388812E+01,5.799568E+01
19:44:00,8.005765E+03,1.732119E+03,5.574252E-01,1.529718E-01,0.000000E+00,0.000000E+00,0.000000E+00,0.000000E+00,0.000000E+00,0.000000E+00,0.000000E+00,0.000000E+00,2.110805E+01,7.993587E+01,2.388812E+01,5.801698E+01
19:45:00,8.005765E+03,1.728153E+03,5.574252E-01,1.526215E-01,0.000000E+00,0.000000E+00,0.000000E+00,0.000000E+00,0.000000E+00,0.000000E+00,0.000000E+00,0.000000E+00,2.110805E+01,7.993587E+01,2.388812E+01,5.803828E+01
19:46:00,8.005765E+03,1.724198E+03,5.574252E-01,1.522723E-01,0.000000E+00,0.000000E+00,0.000000E+00,0.000000E+00,0.000000E+00,0.000000E+00,0.000000E+00,0.000000E+00,2.110805E+01,7.993587E+01,2.388812E+01,5.805959E+01
19:47:00,8.005765E+03,1.720258E+03,5.574252E-01,1.519243E-01,0.000000E+00,0.000000E+00,0.000000E+00,0.000000E+00,0.000000E+00,0.000000E+00,0.000000E+00,0.000000E+00,2.110805E+01,7.993587E+01,2.388812E+01,5.808091E+01
19:48:00,8.005765E+03,1.716334E+03,5.574252E-01,1.515777E-01,0.000000E+00,0.000000E+00,0.000000E+00,0.000000E+00,0.000000E+00,0.000000E+00,0.000000E+00,0.000000E+00,2.110805E+01,7.993587E+01,2.388812E+01,5.810223E+01
19:49:00,8.005765E+03,1.712426E+03,5.574252E-01,1.512325E-01,0.000000E+00,0.000000E+00,0.000000E+00,0.000000E+00,0.000000E+00,0.000000E+00,0.000000E+00,0.000000E+00,2.110805E+01,7.993587E+01,2.388812E+01,5.812356E+01
19:50:00,8.005765E+03,1.708533E+03,5.574252E-01,1.508888E-01,0.000000E+00,0.000000E+00,0.000000E+00,0.000000E+00,0.000000E+00,0.000000E+00,0.000000E+00,0.000000E+00,2.110805E+01,7.993587E+01,2.388812E+01,5.814491E+01
19:51:00,8.005765E+03,1.704658E+03,5.574252E-01,1.505465E-01,0.000000E+00,0.000000E+00,0.000000E+00,0.000000E+00,0.000000E+00,0.000000E+00,0.000000E+00,0.000000E+00,2.110805E+01,7.993587E+01,2.388812E+01,5.816626E+01
19:52:00,8.005765E+03,1.700799E+03,5.574252E-01,1.502057E-01,0.000000E+00,0.000000E+00,0.000000E+00,0.000000E+00,0.000000E+00,0.000000E+00,0.000000E+00,0.000000E+00,2.110805E+01,7.993587E+01,2.388812E+01,5.818764E+01
19:53:00,8.005765E+03,1.696957E+03,5.574252E-01,1.498664E-01,0.000000E+00,0.000000E+00,0.000000E+00,0.000000E+00,0.000000E+00,0.000000E+00,0.000000E+00,0.000000E+00,2.110805E+01,7.993587E+01,2.388812E+01,5.820903E+01
19:54:00,8.005765E+03,1.693133E+03,5.574252E-01,1.495287E-01,0.000000E+00,0.000000E+00,0.000000E+00,0.000000E+00,0.000000E+00,0.000000E+00,0.000000E+00,0.000000E+00,2.110805E+01,7.993587E+01,2.388812E+01,5.823044E+01
19:55:00,8.005765E+03,1.689327E+03,5.574252E-01,1.491925E-01,0.000000E+00,0.000000E+00,0.000000E+00,0.000000E+00,0.000000E+00,0.000000E+00,0.000000E+00,0.000000E+00,2.110805E+01,7.993587E+01,2.388813E+01,5.825188E+01
19:56:00,8.005765E+03,1.685538E+03,5.574252E-01,1.488579E-01,0.000000E+00,0.000000E+00,0.000000E+00,0.000000E+00,0.000000E+00,0.000000E+00,0.000000E+00,0.000000E+00,2.110805E+01,7.993587E+01,2.388813E+01,5.827333E+01
19:57:00,8.005765E+03,1.681768E+03,5.574252E-01,1.485250E-01,0.000000E+00,0.000000E+00,0.000000E+00,0.000000E+00,0.000000E+00,0.000000E+00,0.000000E+00,0.000000E+00,2.110805E+01,7.993587E+01,2.388813E+01,5.829481E+01
19:58:00,8.005765E+03,1.678016E+03,5.574252E-01,1.481936E-01,0.000000E+00,0.000000E+00,0.000000E+00,0.000000E+00,0.000000E+00,0.000000E+00,0.000000E+00,0.000000E+00,2.110805E+01,7.993587E+01,2.388813E+01,5.831632E+01
19:59:00,8.005765E+03,1.674306E+03,5.574252E-01,1.478660E-01,0.000000E+00,0.000000E+00,0.000000E+00,0.000000E+00,0.000000E+00,0.000000E+00,0.000000E+00,0.000000E+00,2.110805E+01,7.993587E+01,2.388813E+01,5.833785E+01
20:00:00,8.005765E+03,1.670616E+03,5.574252E-01,1.475401E-01,0.000000E+00,0.000000E+00,0.000000E+00,0.000000E+00,0.000000E+00,0.000000E+00,0.000000E+00,0.000000E+00,2.110805E+01,7.993587E+01,2.388813E+01,5.835941E+01
20:01:00,8.005765E+03,1.666939E+03,5.574252E-01,1.472153E-01,0.000000E+00,0.000000E+00,0.000000E+00,0.000000E+00,0.000000E+00,0.000000E+00,0.000000E+00,0.000000E+00,2.110805E+01,7.993587E+01,2.388813E+01,5.838100E+01
20:02:00,8.005765E+03,1.663276E+03,5.574252E-01,1.468917E-01,0.000000E+00,0.000000E+00,0.000000E+00,0.000000E+00,0.000000E+00,0.000000E+00,0.000000E+00,0.000000E+00,2.110805E+01,7.993587E+01,2.388813E+01,5.840258E+01
20:03:00,8.005765E+03,1.659625E+03,5.574252E-01,1.465693E-01,0.000000E+00,0.000000E+00,0.000000E+00,0.000000E+00,0.000000E+00,0.000000E+00,0.000000E+00,0.000000E+00,2.110805E+01,7.993587E+01,2.388813E+01,5.842412E+01
20:04:00,8.005765E+03,1.655987E+03,5.574252E-01,1.462480E-01,0.000000E+00,0.000000E+00,0.000000E+00,0.000000E+00,0.000000E+00,0.000000E+00,0.000000E+00,0.000000E+00,2.110805E+01,7.993587E+01,2.388813E+01,5.844561E+01
20:05:00,8.005765E+03,1.652361E+03,5.574252E-01,1.459278E-01,0.000000E+00,0.000000E+00,0.000000E+00,0.000000E+00,0.000000E+00,0.000000E+00,0.000000E+00,0.000000E+00,2.110805E+01,7.993587E+01,2.388813E+01,5.846706E+01
20:06:00,8.005765E+03,1.648748E+03,5.574252E-01,1.456087E-01,0.000000E+00,0.000000E+00,0.000000E+00,0.000000E+00,0.000000E+00,0.000000E+00,0.000000E+00,0.000000E+00,2.110805E+01,7.993587E+01,2.388813E+01,5.848848E+01
20:07:00,8.005765E+03,1.645148E+03,5.574252E-01,1.452908E-01,0.000000E+00,0.000000E+00,0.000000E+00,0.000000E+00,0.000000E+00,0.000000E+00,0.000000E+00,0.000000E+00,2.110805E+01,7.993587E+01,2.388813E+01,5.850985E+01
20:08:00,8.005765E+03,1.641560E+03,5.574252E-01,1.449739E-01,0.000000E+00,0.000000E+00,0.000000E+00,0.000000E+00,0.000000E+00,0.000000E+00,0.000000E+00,0.000000E+00,2.110805E+01,7.993587E+01,2.388813E+01,5.853120E+01
20:09:00,8.005765E+03,1.637997E+03,5.574252E-01,1.446592E-01,0.000000E+00,0.000000E+00,0.000000E+00,0.000000E+00,0.000000E+00,0.000000E+00,0.000000E+00,0.000000E+00,2.110805E+01,7.993587E+01,2.388813E+01,5.855252E+01
20:10:00,8.005765E+03,1.634446E+03,5.574252E-01,1.443456E-01,0.000000E+00,0.000000E+00,0.000000E+00,0.000000E+00,0.000000E+00,0.000000E+00,0.000000E+00,0.000000E+00,2.110805E+01,7.993587E+01,2.388814E+01,5.857382E+01
20:11:00,8.005765E+03,1.630907E+03,5.574252E-01,1.440330E-01,0.000000E+00,0.000000E+00,0.000000E+00,0.000000E+00,0.000000E+00,0.000000E+00,0.000000E+00,0.000000E+00,2.110805E+01,7.993587E+01,2.388814E+01,5.859509E+01
20:12:00,8.005765E+03,1.627379E+03,5.574252E-01,1.437214E-01,0.000000E+00,0.000000E+00,0.000000E+00,0.000000E+00,0.000000E+00,0.000000E+00,0.000000E+00,0.000000E+00,2.110805E+01,7.993587E+01,2.388814E+01,5.861635E+01
20:13:00,8.005765E+03,1.623861E+03,5.574252E-01,1.434108E-01,0.000000E+00,0.000000E+00,0.000000E+00,0.000000E+00,0.000000E+00,0.000000E+00,0.000000E+00,0.000000E+00,2.110805E+01,7.993587E+01,2.388814E+01,5.863759E+01
20:14:00,8.005765E+03,1.620353E+03,5.574252E-01,1.431010E-01,0.000000E+00,0.000000E+00,0.000000E+00,0.000000E+00,0.000000E+00,0.000000E+00,0.000000E+00,0.000000E+00,2.110805E+01,7.993587E+01,2.388814E+01,5.865881E+01
20:15:00,8.005765E+03,1.616855E+03,5.574252E-01,1.427920E-01,0.000000E+00,0.000000E+00,0.000000E+00,0.000000E+00,0.000000E+00,0.000000E+00,0.000000E+00,0.000000E+00,2.110805E+01,7.993587E+01,2.388814E+01,5.868003E+01
20:16:00,8.005765E+03,1.613416E+03,5.574252E-01,1.424883E-01,0.000000E+00,0.000000E+00,0.000000E+00,0.000000E+00,0.000000E+00,0.000000E+00,0.000000E+00,0.000000E+00,2.110805E+01,7.993587E+01,2.388814E+01,5.870124E+01
20:17:00,8.005765E+03,1.609984E+03,5.574252E-01,1.421852E-01,0.000000E+00,0.000000E+00,0.000000E+00,0.000000E+00,0.000000E+00,0.000000E+00,0.000000E+00,0.000000E+00,2.110805E+01,7.993587E+01,2.388814E+01,5.872243E+01
20:18:00,8.005765E+03,1.606558E+03,5.574252E-01,1.418826E-01,0.000000E+00,0.000000E+00,0.000000E+00,0.000000E+00,0.000000E+00,0.000000E+00,0.000000E+00,0.000000E+00,2.110805E+01,7.993587E+01,2.388814E+01,5.874362E+01
20:19:00,8.005765E+03,1.603138E+03,5.574252E-01,1.415805E-01,0.000000E+00,0.000000E+00,0.000000E+00,0.000000E+00,0.000000E+00,0.000000E+00,0.000000E+00,0.000000E+00,2.110805E+01,7.993587E+01,2.388814E+01,5.876482E+01
20:20:00,8.005765E+03,1.599722E+03,5.574252E-01,1.412789E-01,0.000000E+00,0.000000E+00,0.000000E+00,0.000000E+00,0.000000E+00,0.000000E+00,0.000000E+00,0.000000E+00,2.110805E+01,7.993587E+01,2.388814E+01,5.878600E+01
20:21:00,8.005765E+03,1.596311E+03,5.574252E-01,1.409776E-01,0.000000E+00,0.000000E+00,0.000000E+00,0.000000E+00,0.000000E+00,0.000000E+00,0.000000E+00,0.000000E+00,2.110805E+01,7.993587E+01,2.388814E+01,5.880719E+01
20:22:00,8.005765E+03,1.592904E+03,5.574252E-01,1.406768E-01,0.000000E+00,0.000000E+00,0.000000E+00,0.000000E+00,0.000000E+00,0.000000E+00,0.000000E+00,0.000000E+00,2.110805E+01,7.993587E+01,2.388814E+01,5.882838E+01
20:23:00,8.005765E+03,1.589503E+03,5.574252E-01,1.403763E-01,0.000000E+00,0.000000E+00,0.000000E+00,0.000000E+00,0.000000E+00,0.000000E+00,0.000000E+00,0.000000E+00,2.110805E+01,7.993587E+01,2.388814E+01,5.884958E+01
20:24:00,8.005765E+03,1.586105E+03,5.574252E-01,1.400763E-01,0.000000E+00,0.000000E+00,0.000000E+00,0.000000E+00,0.000000E+00,0.000000E+00,0.000000E+00,0.000000E+00,2.110805E+01,7.993587E+01,2.388814E+01,5.887078E+01
20:25:00,8.005765E+03,1.582712E+03,5.574252E-01,1.397766E-01,0.000000E+00,0.000000E+00,0.000000E+00,0.000000E+00,0.000000E+00,0.000000E+00,0.000000E+00,0.000000E+00,2.110805E+01,7.993587E+01,2.388815E+01,5.889198E+01
20:26:00,8.005765E+03,1.579324E+03,5.574252E-01,1.394774E-01,0.000000E+00,0.000000E+00,0.000000E+00,0.000000E+00,0.000000E+00,0.000000E+00,0.000000E+00,0.000000E+00,2.110805E+01,7.993587E+01,2.388815E+01,5.891320E+01
20:27:00,8.005765E+03,1.575940E+03,5.574252E-01,1.391785E-01,0.000000E+00,0.000000E+00,0.000000E+00,0.000000E+00,0.000000E+00,0.000000E+00,0.000000E+00,0.000000E+00,2.110805E+01,7.993587E+01,2.388815E+01,5.893442E+01
20:28:00,8.005765E+03,1.572560E+03,5.574252E-01,1.388800E-01,0.000000E+00,0.000000E+00,0.000000E+00,0.000000E+00,0.000000E+00,0.000000E+00,0.000000E+00,0.000000E+00,2.110805E+01,7.993587E+01,2.388815E+01,5.895565E+01
20:29:00,8.005765E+03,1.569185E+03,5.574252E-01,1.385820E-01,0.000000E+00,0.000000E+00,0.000000E+00,0.000000E+00,0.000000E+00,0.000000E+00,0.000000E+00,0.000000E+00,2.110805E+01,7.993587E+01,2.388815E+01,5.897689E+01
20:30:00,8.005765E+03,1.565815E+03,5.574252E-01,1.382843E-01,0.000000E+00,0.000000E+00,0.000000E+00,0.000000E+00,0.000000E+00,0.000000E+00,0.000000E+00,0.000000E+00,2.110805E+01,7.993587E+01,2.388815E+01,5.899815E+01
20:31:00,8.005765E+03,1.562449E+03,5.574252E-01,1.379871E-01,0.000000E+00,0.000000E+00,0.000000E+00,0.000000E+00,0.000000E+00,0.000000E+00,0.000000E+00,0.000000E+00,2.110805E+01,7.993587E+01,2.388815E+01,5.901942E+01
20:32:00,8.005765E+03,1.559089E+03,5.574252E-01,1.376903E-01,0.000000E+00,0.000000E+00,0.000000E+00,0.000000E+00,0.000000E+00,0.000000E+00,0.000000E+00,0.000000E+00,2.110805E+01,7.993587E+01,2.388815E+01,5.904071E+01
20:33:00,8.005765E+03,1.555732E+03,5.574252E-01,1.373939E-01,0.000000E+00,0.000000E+00,0.000000E+00,0.000000E+00,0.000000E+00,0.000000E+00,0.000000E+00,0.000000E+00,2.110805E+01,7.993587E+01,2.388815E+01,5.906201E+01
20:34:00,8.005765E+03,1.552381E+03,5.574252E-01,1.370979E-01,0.000000E+00,0.000000E+00,0.000000E+00,0.000000E+00,0.000000E+00,0.000000E+00,0.000000E+00,0.000000E+00,2.110805E+01,7.993587E+01,2.388815E+01,5.908333E+01
20:35:00,8.005765E+03,1.549035E+03,5.574252E-01,1.368023E-01,0.000000E+00,0.000000E+00,0.000000E+00,0.000000E+00,0.000000E+00,0.000000E+00,0.000000E+00,0.000000E+00,2.110805E+01,7.993587E+01,2.388815E+01,5.910466E+01
20:36:00,8.005765E+03,1.545694E+03,5.574252E-01,1.365073E-01,0.000000E+00,0.000000E+00,0.000000E+00,0.000000E+00,0.000000E+00,0.000000E+00,0.000000E+00,0.000000E+00,2.110805E+01,7.993587E+01,2.388815E+01,5.912601E+01
20:37:00,8.005765E+03,1.542357E+03,5.574252E-01,1.362126E-01,0.000000E+00,0.000000E+00,0.000000E+00,0.000000E+00,0.000000E+00,0.000000E+00,0.000000E+00,0.000000E+00,2.110805E+01,7.993587E+01,2.388815E+01,5.914739E+01
20:38:00,8.005765E+03,1.539026E+03,5.574252E-01,1.359184E-01,0.000000E+00,0.000000E+00,0.000000E+00,0.000000E+00,0.000000E+00,0.000000E+00,0.000000E+00,0.000000E+00,2.110805E+01,7.993587E+01,2.388816E+01,5.916878E+01
20:39:00,8.005765E+03,1.535700E+03,5.574252E-01,1.356247E-01,0.000000E+00,0.000000E+00,0.000000E+00,0.000000E+00,0.000000E+00,0.000000E+00,0.000000E+00,0.000000E+00,2.110805E+01,7.993587E+01,2.388816E+01,5.919019E+01
20:40:00,8.005765E+03,1.532380E+03,5.574252E-01,1.353314E-01,0.000000E+00,0.000000E+00,0.000000E+00,0.000000E+00,0.000000E+00,0.000000E+00,0.000000E+00,0.000000E+00,2.110805E+01,7.993587E+01,2.388816E+01,5.921162E+01
20:41:00,8.005765E+03,1.529064E+03,5.574252E-01,1.350386E-01,0.000000E+00,0.000000E+00,0.000000E+00,0.000000E+00,0.000000E+00,0.000000E+00,0.000000E+00,0.000000E+00,2.110805E+01,7.993587E+01,2.388816E+01,5.923307E+01
20:42:00,8.005765E+03,1.525755E+03,5.574252E-01,1.347463E-01,0.000000E+00,0.000000E+00,0.000000E+00,0.000000E+00,0.000000E+00,0.000000E+00,0.000000E+00,0.000000E+00,2.110805E+01,7.993587E+01,2.388816E+01,5.925455E+01
20:43:00,8.005765E+03,1.522450E+03,5.574252E-01,1.344545E-01,0.000000E+00,0.000000E+00,0.000000E+00,0.000000E+00,0.000000E+00,0.000000E+00,0.000000E+00,0.000000E+00,2.110805E+01,7.993587E+01,2.388816E+01,5.927605E+01
20:44:00,8.005765E+03,1.519151E+03,5.574252E-01,1.341631E-01,0.000000E+00,0.000000E+00,0.000000E+00,0.000000E+00,0.000000E+00,0.000000E+00,0.000000E+00,0.000000E+00,2.110805E+01,7.993587E+01,2.388816E+01,5.929757E+01
20:45:00,8.005765E+03,1.515858E+03,5.574252E-01,1.338723E-01,0.000000E+00,0.000000E+00,0.000000E+00,0.000000E+00,0.000000E+00,0.000000E+00,0.000000E+00,0.000000E+00,2.110805E+01,7.993587E+01,2.388816E+01,5.931911E+01
20:46:00,8.005765E+03,1.512571E+03,5.574252E-01,1.335819E-01,0.000000E+00,0.000000E+00,0.000000E+00,0.000000E+00,0.000000E+00,0.000000E+00,0.000000E+00,0.000000E+00,2.110805E+01,7.993587E+01,2.388816E+01,5.934068E+01
20:47:00,8.005765E+03,1.509289E+03,5.574252E-01,1.332921E-01,0.000000E+00,0.000000E+00,0.000000E+00,0.000000E+00,0.000000E+00,0.000000E+00,0.000000E+00,0.000000E+00,2.110805E+01,7.993587E+01,2.388816E+01,5.936227E+01
20:48:00,8.005765E+03,1.506013E+03,5.574252E-01,1.330028E-01,0.000000E+00,0.000000E+00,0.000000E+00,0.000000E+00,0.000000E+00,0.000000E+00,0.000000E+00,0.000000E+00,2.110805E+01,7.993587E+01,2.388816E+01,5.938389E+01
20:49:00,8.005765E+03,1.502743E+03,5.574252E-01,1.327140E-01,0.000000E+00,0.000000E+00,0.000000E+00,0.000000E+00,0.000000E+00,0.000000E+00,0.000000E+00,0.000000E+00,2.110805E+01,7.993587E+01,2.388816E+01,5.940553E+01
20:50:00,8.005765E+03,1.499480E+03,5.574252E-01,1.324258E-01,0.000000E+00,0.000000E+00,0.000000E+00,0.000000E+00,0.000000E+00,0.000000E+00,0.000000E+00,0.000000E+00,2.110805E+01,7.993587E+01,2.388816E+01,5.942720E+01
20:51:00,8.005765E+03,1.496222E+03,5.574252E-01,1.321380E-01,0.000000E+00,0.000000E+00,0.000000E+00,0.000000E+00,0.000000E+00,0.000000E+00,0.000000E+00,0.000000E+00,2.110805E+01,7.993587E+01,2.388817E+01,5.944889E+01
20:52:00,8.005765E+03,1.492970E+03,5.574252E-01,1.318509E-01,0.000000E+00,0.000000E+00,0.000000E+00,0.000000E+00,0.000000E+00,0.000000E+00,0.000000E+00,0.000000E+00,2.110805E+01,7.993587E+01,2.388817E+01,5.947061E+01
20:53:00,8.005765E+03,1.489725E+03,5.574252E-01,1.315642E-01,0.000000E+00,0.000000E+00,0.000000E+00,0.000000E+00,0.000000E+00,0.000000E+00,0.000000E+00,0.000000E+00,2.110805E+01,7.993587E+01,2.388817E+01,5.949235E+01
20:54:00,8.005765E+03,1.486486E+03,5.574252E-01,1.312782E-01,0.000000E+00,0.000000E+00,0.000000E+00,0.000000E+00,0.000000E+00,0.000000E+00,0.000000E+00,0.000000E+00,2.110805E+01,7.993587E+01,2.388817E+01,5.951413E+01
20:55:00,8.005765E+03,1.483253E+03,5.574252E-01,1.309927E-01,0.000000E+00,0.000000E+00,0.000000E+00,0.000000E+00,0.000000E+00,0.000000E+00,0.000000E+00,0.000000E+00,2.110805E+01,7.993587E+01,2.388817E+01,5.953592E+01
20:56:00,8.005765E+03,1.480027E+03,5.574252E-01,1.307077E-01,0.000000E+00,0.000000E+00,0.000000E+00,0.000000E+00,0.000000E+00,0.000000E+00,0.000000E+00,0.000000E+00,2.110805E+01,7.993587E+01,2.388817E+01,5.955775E+01
20:57:00,8.005765E+03,1.476807E+03,5.574252E-01,1.304234E-01,0.000000E+00,0.000000E+00,0.000000E+00,0.000000E+00,0.000000E+00,0.000000E+00,0.000000E+00,0.000000E+00,2.110805E+01,7.993587E+01,2.388817E+01,5.957960E+01
20:58:00,8.005765E+03,1.473594E+03,5.574252E-01,1.301396E-01,0.000000E+00,0.000000E+00,0.000000E+00,0.000000E+00,0.000000E+00,0.000000E+00,0.000000E+00,0.000000E+00,2.110805E+01,7.993587E+01,2.388817E+01,5.960147E+01
20:59:00,8.005765E+03,1.470388E+03,5.574252E-01,1.298564E-01,0.000000E+00,0.000000E+00,0.000000E+00,0.000000E+00,0.000000E+00,0.000000E+00,0.000000E+00,0.000000E+00,2.110805E+01,7.993587E+01,2.388817E+01,5.962338E+01
21:00:00,8.005765E+03,1.467188E+03,5.574252E-01,1.295738E-01,0.000000E+00,0.000000E+00,0.000000E+00,0.000000E+00,0.000000E+00,0.000000E+00,0.000000E+00,0.000000E+00,2.110805E+01,7.993587E+01,2.388817E+01,5.964531E+01
21:01:00,8.005765E+03,1.463989E+03,5.574252E-01,1.292914E-01,0.000000E+00,0.000000E+00,0.000000E+00,0.000000E+00,0.000000E+00,0.000000E+00,0.000000E+00,0.000000E+00,2.110805E+01,7.993587E+01,2.388817E+01,5.966727E+01
21:02:00,8.005765E+03,1.460792E+03,5.574252E-01,1.290090E-01,0.000000E+00,0.000000E+00,0.000000E+00,0.000000E+00,0.000000E+00,0.000000E+00,0.000000E+00,0.000000E+00,2.110805E+01,7.993587E+01,2.388817E+01,5.968926E+01
21:03:00,8.005765E+03,1.457596E+03,5.574252E-01,1.287267E-01,0.000000E+00,0.000000E+00,0.000000E+00,0.000000E+00,0.000000E+00,0.000000E+00,0.000000E+00,0.000000E+00,2.110805E+01,7.993587E+01,2.388817E+01,5.971127E+01
21:04:00,8.005765E+03,1.454402E+03,5.574252E-01,1.284446E-01,0.000000E+00,0.000000E+00,0.000000E+00,0.000000E+00,0.000000E+00,0.000000E+00,0.000000E+00,0.000000E+00,2.110805E+01,7.993587E+01,2.388818E+01,5.973331E+01
21:05:00,8.005765E+03,1.451209E+03,5.574252E-01,1.281626E-01,0.000000E+00,0.000000E+00,0.000000E+00,0.000000E+00,0.000000E+00,0.000000E+00,0.000000E+00,0.000000E+00,2.110805E+01,7.993587E+01,2.388818E+01,5.975538E+01
21:06:00,8.005765E+03,1.448017E+03,5.574252E-01,1.278807E-01,0.000000E+00,0.000000E+00,0.000000E+00,0.000000E+00,0.000000E+00,0.000000E+00,0.000000E+00,0.000000E+00,2.110805E+01,7.993587E+01,2.388818E+01,5.977748E+01
21:07:00,8.005765E+03,1.444827E+03,5.574252E-01,1.275990E-01,0.000000E+00,0.000000E+00,0.000000E+00,0.000000E+00,0.000000E+00,0.000000E+00,0.000000E+00,0.000000E+00,2.110805E+01,7.993587E+01,2.388818E+01,5.979961E+01
21:08:00,8.005765E+03,1.441639E+03,5.574252E-01,1.273175E-01,0.000000E+00,0.000000E+00,0.000000E+00,0.000000E+00,0.000000E+00,0.000000E+00,0.000000E+00,0.000000E+00,2.110805E+01,7.993587E+01,2.388818E+01,5.982176E+01
21:09:00,8.005765E+03,1.438453E+03,5.574252E-01,1.270360E-01,0.000000E+00,0.000000E+00,0.000000E+00,0.000000E+00,0.000000E+00,0.000000E+00,0.000000E+00,0.000000E+00,2.110805E+01,7.993587E+01,2.388818E+01,5.984394E+01
21:10:00,8.005765E+03,1.435268E+03,5.574252E-01,1.267548E-01,0.000000E+00,0.000000E+00,0.000000E+00,0.000000E+00,0.000000E+00,0.000000E+00,0.000000E+00,0.000000E+00,2.110805E+01,7.993587E+01,2.388818E+01,5.986615E+01
21:11:00,8.005765E+03,1.432085E+03,5.574252E-01,1.264737E-01,0.000000E+00,0.000000E+00,0.000000E+00,0.000000E+00,0.000000E+00,0.000000E+00,0.000000E+00,0.000000E+00,2.110805E+01,7.993587E+01,2.388818E+01,5.988839E+01
21:12:00,8.005765E+03,1.428904E+03,5.574252E-01,1.261928E-01,0.000000E+00,0.000000E+00,0.000000E+00,0.000000E+00,0.000000E+00,0.000000E+00,0.000000E+00,0.000000E+00,2.110805E+01,7.993587E+01,2.388818E+01,5.991065E+01
21:13:00,8.005765E+03,1.425726E+03,5.574252E-01,1.259120E-01,0.000000E+00,0.000000E+00,0.000000E+00,0.000000E+00,0.000000E+00,0.000000E+00,0.000000E+00,0.000000E+00,2.110805E+01,7.993587E+01,2.388818E+01,5.993294E+01
21:14:00,8.005765E+03,1.422549E+03,5.574252E-01,1.256315E-01,0.000000E+00,0.000000E+00,0.000000E+00,0.000000E+00,0.000000E+00,0.000000E+00,0.000000E+00,0.000000E+00,2.110805E+01,7.993587E+01,2.388818E+01,5.995526E+01
21:15:00,8.005765E+03,1.419374E+03,5.574252E-01,1.253511E-01,0.000000E+00,0.000000E+00,0.000000E+00,0.000000E+00,0.000000E+00,0.000000E+00,0.000000E+00,0.000000E+00,2.110805E+01,7.993587E+01,2.388818E+01,5.997761E+01
21:16:00,8.005765E+03,1.416202E+03,5.574252E-01,1.250709E-01,0.000000E+00,0.000000E+00,0.000000E+00,0.000000E+00,0.000000E+00,0.000000E+00,0.000000E+00,0.000000E+00,2.110805E+01,7.993587E+01,2.388818E+01,5.999998E+01
21:17:00,8.005765E+03,1.413031E+03,5.574252E-01,1.247909E-01,0.000000E+00,0.000000E+00,0.000000E+00,0.000000E+00,0.000000E+00,0.000000E+00,0.000000E+00,0.000000E+00,2.110805E+01,7.993587E+01,2.388819E+01,6.002239E+01
21:18:00,8.005765E+03,1.409863E+03,5.574252E-01,1.245111E-01,0.000000E+00,0.000000E+00,0.000000E+00,0.000000E+00,0.000000E+00,0.000000E+00,0.000000E+00,0.000000E+00,2.110805E+01,7.993587E+01,2.388819E+01,6.004482E+01
21:19:00,8.005765E+03,1.406697E+03,5.574252E-01,1.242315E-01,0.000000E+00,0.000000E+00,0.000000E+00,0.000000E+00,0.000000E+00,0.000000E+00,0.000000E+00,0.000000E+00,2.110805E+01,7.993587E+01,2.388819E+01,6.006728E+01
21:20:00,8.005765E+03,1.403534E+03,5.574252E-01,1.239521E-01,0.000000E+00,0.000000E+00,0.000000E+00,0.000000E+00,0.000000E+00,0.000000E+00,0.000000E+00,0.000000E+00,2.110805E+01,7.993587E+01,2.388819E+01,6.008976E+01
21:21:00,8.005765E+03,1.400373E+03,5.574252E-01,1.236729E-01,0.000000E+00,0.000000E+00,0.000000E+00,0.000000E+00,0.000000E+00,0.000000E+00,0.000000E+00,0.000000E+00,2.110805E+01,7.993587E+01,2.388819E+01,6.011228E+01
21:22:00,8.005765E+03,1.397214E+03,5.574252E-01,1.233940E-01,0.000000E+00,0.000000E+00,0.000000E+00,0.000000E+00,0.000000E+00,0.000000E+00,0.000000E+00,0.000000E+00,2.110805E+01,7.993587E+01,2.388819E+01,6.013482E+01
21:23:00,8.005765E+03,1.394058E+03,5.574252E-01,1.231153E-01,0.000000E+00,0.000000E+00,0.000000E+00,0.000000E+00,0.000000E+00,0.000000E+00,0.000000E+00,0.000000E+00,2.110805E+01,7.993587E+01,2.388819E+01,6.015738E+01
21:24:00,8.005766E+03,1.390905E+03,5.574252E-01,1.228368E-01,0.000000E+00,0.000000E+00,0.000000E+00,0.000000E+00,0.000000E+00,0.000000E+00,0.000000E+00,0.000000E+00,2.110805E+01,7.993587E+01,2.388819E+01,6.017998E+01
21:25:00,8.005766E+03,1.387754E+03,5.574252E-01,1.225585E-01,0.000000E+00,0.000000E+00,0.000000E+00,0.000000E+00,0.000000E+00,0.000000E+00,0.000000E+00,0.000000E+00,2.110805E+01,7.993587E+01,2.388819E+01,6.020261E+01
21:26:00,8.005766E+03,1.384606E+03,5.574252E-01,1.222805E-01,0.000000E+00,0.000000E+00,0.000000E+00,0.000000E+00,0.000000E+00,0.000000E+00,0.000000E+00,0.000000E+00,2.110805E+01,7.993587E+01,2.388819E+01,6.022525E+01
21:27:00,8.005766E+03,1.381461E+03,5.574252E-01,1.220027E-01,0.000000E+00,0.000000E+00,0.000000E+00,0.000000E+00,0.000000E+00,0.000000E+00,0.000000E+00,0.000000E+00,2.110805E+01,7.993587E+01,2.388819E+01,6.024793E+01
21:28:00,8.005766E+03,1.378318E+03,5.574252E-01,1.217251E-01,0.000000E+00,0.000000E+00,0.000000E+00,0.000000E+00,0.000000E+00,0.000000E+00,0.000000E+00,0.000000E+00,2.110805E+01,7.993587E+01,2.388819E+01,6.027063E+01
21:29:00,8.005766E+03,1.375178E+03,5.574252E-01,1.214478E-01,0.000000E+00,0.000000E+00,0.000000E+00,0.000000E+00,0.000000E+00,0.000000E+00,0.000000E+00,0.000000E+00,2.110805E+01,7.993587E+01,2.388820E+01,6.029337E+01
21:30:00,8.005766E+03,1.372041E+03,5.574252E-01,1.211708E-01,0.000000E+00,0.000000E+00,0.000000E+00,0.000000E+00,0.000000E+00,0.000000E+00,0.000000E+00,0.000000E+00,2.110805E+01,7.993587E+01,2.388820E+01,6.031613E+01
21:31:00,8.005766E+03,1.368907E+03,5.574252E-01,1.208940E-01,0.000000E+00,0.000000E+00,0.000000E+00,0.000000E+00,0.000000E+00,0.000000E+00,0.000000E+00,0.000000E+00,2.110805E+01,7.993587E+01,2.388820E+01,6.033891E+01
21:32:00,8.005766E+03,1.365776E+03,5.574252E-01,1.206174E-01,0.000000E+00,0.000000E+00,0.000000E+00,0.000000E+00,0.000000E+00,0.000000E+00,0.000000E+00,0.000000E+00,2.110805E+01,7.993587E+01,2.388820E+01,6.036172E+01
21:33:00,8.005766E+03,1.362647E+03,5.574252E-01,1.203411E-01,0.000000E+00,0.000000E+00,0.000000E+00,0.000000E+00,0.000000E+00,0.000000E+00,0.000000E+00,0.000000E+00,2.110805E+01,7.993587E+01,2.388820E+01,6.038456E+01
21:34:00,8.005766E+03,1.359522E+03,5.574252E-01,1.200651E-01,0.000000E+00,0.000000E+00,0.000000E+00,0.000000E+00,0.000000E+00,0.000000E+00,0.000000E+00,0.000000E+00,2.110805E+01,7.993587E+01,2.388820E+01,6.040742E+01
21:35:00,8.005766E+03,1.356400E+03,5.574252E-01,1.197894E-01,0.000000E+00,0.000000E+00,0.000000E+00,0.000000E+00,0.000000E+00,0.000000E+00,0.000000E+00,0.000000E+00,2.110805E+01,7.993587E+01,2.388820E+01,6.043032E+01
21:36:00,8.005766E+03,1.353281E+03,5.574252E-01,1.195139E-01,0.000000E+00,0.000000E+00,0.000000E+00,0.000000E+00,0.000000E+00,0.000000E+00,0.000000E+00,0.000000E+00,2.110805E+01,7.993587E+01,2.388820E+01,6.045323E+01
21:37:00,8.005766E+03,1.350165E+03,5.574252E-01,1.192387E-01,0.000000E+00,0.000000E+00,0.000000E+00,0.000000E+00,0.000000E+00,0.000000E+00,0.000000E+00,0.000000E+00,2.110805E+01,7.993587E+01,2.388820E+01,6.047618E+01
21:38:00,8.005766E+03,1.347052E+03,5.574252E-01,1.189638E-01,0.000000E+00,0.000000E+00,0.000000E+00,0.000000E+00,0.000000E+00,0.000000E+00,0.000000E+00,0.000000E+00,2.110805E+01,7.993587E+01,2.388820E+01,6.049915E+01
21:39:00,8.005766E+03,1.343942E+03,5.574252E-01,1.186892E-01,0.000000E+00,0.000000E+00,0.000000E+00,0.000000E+00,0.000000E+00,0.000000E+00,0.000000E+00,0.000000E+00,2.110805E+01,7.993587E+01,2.388820E+01,6.052214E+01
21:40:00,8.005766E+03,1.340836E+03,5.574252E-01,1.184148E-01,0.000000E+00,0.000000E+00,0.000000E+00,0.000000E+00,0.000000E+00,0.000000E+00,0.000000E+00,0.000000E+00,2.110805E+01,7.993587E+01,2.388820E+01,6.054516E+01
21:41:00,8.005766E+03,1.337732E+03,5.574252E-01,1.181407E-01,0.000000E+00,0.000000E+00,0.000000E+00,0.000000E+00,0.000000E+00,0.000000E+00,0.000000E+00,0.000000E+00,2.110805E+01,7.993587E+01,2.388820E+01,6.056821E+01
21:42:00,8.005766E+03,1.334632E+03,5.574252E-01,1.178670E-01,0.000000E+00,0.000000E+00,0.000000E+00,0.000000E+00,0.000000E+00,0.000000E+00,0.000000E+00,0.000000E+00,2.110805E+01,7.993587E+01,2.388821E+01,6.059128E+01
21:43:00,8.005766E+03,1.331536E+03,5.574252E-01,1.175935E-01,0.000000E+00,0.000000E+00,0.000000E+00,0.000000E+00,0.000000E+00,0.000000E+00,0.000000E+00,0.000000E+00,2.110805E+01,7.993587E+01,2.388821E+01,6.061438E+01
21:44:00,8.005766E+03,1.328443E+03,5.574252E-01,1.173203E-01,0.000000E+00,0.000000E+00,0.000000E+00,0.000000E+00,0.000000E+00,0.000000E+00,0.000000E+00,0.000000E+00,2.110805E+01,7.993587E+01,2.388821E+01,6.063751E+01
21:45:00,8.005766E+03,1.325353E+03,5.574252E-01,1.170474E-01,0.000000E+00,0.000000E+00,0.000000E+00,0.000000E+00,0.000000E+00,0.000000E+00,0.000000E+00,0.000000E+00,2.110805E+01,7.993587E+01,2.388821E+01,6.066066E+01
21:46:00,8.005766E+03,1.322266E+03,5.574252E-01,1.167748E-01,0.000000E+00,0.000000E+00,0.000000E+00,0.000000E+00,0.000000E+00,0.000000E+00,0.000000E+00,0.000000E+00,2.110805E+01,7.993587E+01,2.388821E+01,6.068384E+01
21:47:00,8.005766E+03,1.319183E+03,5.574252E-01,1.165025E-01,0.000000E+00,0.000000E+00,0.000000E+00,0.000000E+00,0.000000E+00,0.000000E+00,0.000000E+00,0.000000E+00,2.110805E+01,7.993587E+01,2.388821E+01,6.070704E+01
21:48:00,8.005766E+03,1.316103E+03,5.574252E-01,1.162305E-01,0.000000E+00,0.000000E+00,0.000000E+00,0.000000E+00,0.000000E+00,0.000000E+00,0.000000E+00,0.000000E+00,2.110805E+01,7.993587E+01,2.388821E+01,6.073026E+01
21:49:00,8.005766E+03,1.313027E+03,5.574252E-01,1.159589E-01,0.000000E+00,0.000000E+00,0.000000E+00,0.000000E+00,0.000000E+00,0.000000E+00,0.000000E+00,0.000000E+00,2.110805E+01,7.993587E+01,2.388821E+01,6.075352E+01
21:50:00,8.005766E+03,1.309955E+03,5.574252E-01,1.156875E-01,0.000000E+00,0.000000E+00,0.000000E+00,0.000000E+00,0.000000E+00,0.000000E+00,0.000000E+00,0.000000E+00,2.110805E+01,7.993587E+01,2.388821E+01,6.077679E+01
21:51:00,8.005766E+03,1.306886E+03,5.574252E-01,1.154164E-01,0.000000E+00,0.000000E+00,0.000000E+00,0.000000E+00,0.000000E+00,0.000000E+00,0.000000E+00,0.000000E+00,2.110805E+01,7.993587E+01,2.388821E+01,6.080009E+01
21:52:00,8.005766E+03,1.303820E+03,5.574252E-01,1.151457E-01,0.000000E+00,0.000000E+00,0.000000E+00,0.000000E+00,0.000000E+00,0.000000E+00,0.000000E+00,0.000000E+00,2.110805E+01,7.993587E+01,2.388821E+01,6.082342E+01
21:53:00,8.005766E+03,1.300758E+03,5.574252E-01,1.148753E-01,0.000000E+00,0.000000E+00,0.000000E+00,0.000000E+00,0.000000E+00,0.000000E+00,0.000000E+00,0.000000E+00,2.110805E+01,7.993587E+01,2.388821E+01,6.084677E+01
21:54:00,8.005766E+03,1.297700E+03,5.574252E-01,1.146052E-01,0.000000E+00,0.000000E+00,0.000000E+00,0.000000E+00,0.000000E+00,0.000000E+00,0.000000E+00,0.000000E+00,2.110805E+01,7.993587E+01,2.388822E+01,6.087015E+01
21:55:00,8.005766E+03,1.294645E+03,5.574252E-01,1.143354E-01,0.000000E+00,0.000000E+00,0.000000E+00,0.000000E+00,0.000000E+00,0.000000E+00,0.000000E+00,0.000000E+00,2.110805E+01,7.993587E+01,2.388822E+01,6.089355E+01
21:56:00,8.005766E+03,1.291594E+03,5.574252E-01,1.140659E-01,0.000000E+00,0.000000E+00,0.000000E+00,0.000000E+00,0.000000E+00,0.000000E+00,0.000000E+00,0.000000E+00,2.110805E+01,7.993587E+01,2.388822E+01,6.091698E+01
21:57:00,8.005766E+03,1.288546E+03,5.574252E-01,1.137968E-01,0.000000E+00,0.000000E+00,0.000000E+00,0.000000E+00,0.000000E+00,0.000000E+00,0.000000E+00,0.000000E+00,2.110805E+01,7.993587E+01,2.388822E+01,6.094043E+01
21:58:00,8.005766E+03,1.285502E+03,5.574252E-01,1.135279E-01,0.000000E+00,0.000000E+00,0.000000E+00,0.000000E+00,0.000000E+00,0.000000E+00,0.000000E+00,0.000000E+00,2.110805E+01,7.993587E+01,2.388822E+01,6.096390E+01
21:59:00,8.005766E+03,1.282462E+03,5.574252E-01,1.132595E-01,0.000000E+00,0.000000E+00,0.000000E+00,0.000000E+00,0.000000E+00,0.000000E+00,0.000000E+00,0.000000E+00,2.110805E+01,7.993587E+01,2.388822E+01,6.098740E+01
22:00:00,8.005766E+03,1.279426E+03,5.574252E-01,1.129913E-01,0.000000E+00,0.000000E+00,0.000000E+00,0.000000E+00,0.000000E+00,0.000000E+00,0.000000E+00,0.000000E+00,2.110805E+01,7.993587E+01,2.388822E+01,6.101093E+01
22:01:00,8.005766E+03,1.276399E+03,5.574252E-01,1.127240E-01,0.000000E+00,0.000000E+00,0.000000E+00,0.000000E+00,0.000000E+00,0.000000E+00,0.000000E+00,0.000000E+00,2.110805E+01,7.993587E+01,2.388822E+01,6.103447E+01
22:02:00,8.005766E+03,1.273381E+03,5.574252E-01,1.124575E-01,0.000000E+00,0.000000E+00,0.000000E+00,0.000000E+00,0.000000E+00,0.000000E+00,0.000000E+00,0.000000E+00,2.110805E+01,7.993587E+01,2.388822E+01,6.105799E+01
22:03:00,8.005766E+03,1.270373E+03,5.574252E-01,1.121918E-01,0.000000E+00,0.000000E+00,0.000000E+00,0.000000E+00,0.000000E+00,0.000000E+00,0.000000E+00,0.000000E+00,2.110805E+01,7.993587E+01,2.388822E+01,6.108145E+01
22:04:00,8.005766E+03,1.267375E+03,5.574252E-01,1.119269E-01,0.000000E+00,0.000000E+00,0.000000E+00,0.000000E+00,0.000000E+00,0.000000E+00,0.000000E+00,0.000000E+00,2.110805E+01,7.993587E+01,2.388822E+01,6.110485E+01
22:05:00,8.005766E+03,1.264385E+03,5.574252E-01,1.116629E-01,0.000000E+00,0.000000E+00,0.000000E+00,0.000000E+00,0.000000E+00,0.000000E+00,0.000000E+00,0.000000E+00,2.110805E+01,7.993587E+01,2.388822E+01,6.112818E+01
22:06:00,8.005766E+03,1.261405E+03,5.574252E-01,1.113998E-01,0.000000E+00,0.000000E+00,0.000000E+00,0.000000E+00,0.000000E+00,0.000000E+00,0.000000E+00,0.000000E+00,2.110805E+01,7.993587E+01,2.388822E+01,6.115145E+01
22:07:00,8.005766E+03,1.258435E+03,5.574252E-01,1.111374E-01,0.000000E+00,0.000000E+00,0.000000E+00,0.000000E+00,0.000000E+00,0.000000E+00,0.000000E+00,0.000000E+00,2.110805E+01,7.993587E+01,2.388823E+01,6.117466E+01
22:08:00,8.005766E+03,1.255474E+03,5.574252E-01,1.108759E-01,0.000000E+00,0.000000E+00,0.000000E+00,0.000000E+00,0.000000E+00,0.000000E+00,0.000000E+00,0.000000E+00,2.110805E+01,7.993587E+01,2.388823E+01,6.119781E+01
22:09:00,8.005766E+03,1.252522E+03,5.574252E-01,1.106153E-01,0.000000E+00,0.000000E+00,0.000000E+00,0.000000E+00,0.000000E+00,0.000000E+00,0.000000E+00,0.000000E+00,2.110805E+01,7.993587E+01,2.388823E+01,6.122091E+01
22:10:00,8.005766E+03,1.249580E+03,5.574252E-01,1.103554E-01,0.000000E+00,0.000000E+00,0.000000E+00,0.000000E+00,0.000000E+00,0.000000E+00,0.000000E+00,0.000000E+00,2.110805E+01,7.993587E+01,2.388823E+01,6.124396E+01
22:11:00,8.005766E+03,1.246648E+03,5.574252E-01,1.100965E-01,0.000000E+00,0.000000E+00,0.000000E+00,0.000000E+00,0.000000E+00,0.000000E+00,0.000000E+00,0.000000E+00,2.110805E+01,7.993587E+01,2.388823E+01,6.126696E+01
22:12:00,8.005766E+03,1.243725E+03,5.574252E-01,1.098383E-01,0.000000E+00,0.000000E+00,0.000000E+00,0.000000E+00,0.000000E+00,0.000000E+00,0.000000E+00,0.000000E+00,2.110805E+01,7.993587E+01,2.388823E+01,6.128991E+01
22:13:00,8.005766E+03,1.240812E+03,5.574252E-01,1.095810E-01,0.000000E+00,0.000000E+00,0.000000E+00,0.000000E+00,0.000000E+00,0.000000E+00,0.000000E+00,0.000000E+00,2.110805E+01,7.993587E+01,2.388823E+01,6.131282E+01
22:14:00,8.005766E+03,1.237908E+03,5.574252E-01,1.093246E-01,0.000000E+00,0.000000E+00,0.000000E+00,0.000000E+00,0.000000E+00,0.000000E+00,0.000000E+00,0.000000E+00,2.110805E+01,7.993587E+01,2.388823E+01,6.133569E+01
22:15:00,8.005766E+03,1.235014E+03,5.574252E-01,1.090689E-01,0.000000E+00,0.000000E+00,0.000000E+00,0.000000E+00,0.000000E+00,0.000000E+00,0.000000E+00,0.000000E+00,2.110805E+01,7.993587E+01,2.388823E+01,6.135851E+01
22:16:00,8.005766E+03,1.232129E+03,5.574252E-01,1.088142E-01,0.000000E+00,0.000000E+00,0.000000E+00,0.000000E+00,0.000000E+00,0.000000E+00,0.000000E+00,0.000000E+00,2.110805E+01,7.993587E+01,2.388823E+01,6.138130E+01
22:17:00,8.005766E+03,1.229254E+03,5.574252E-01,1.085603E-01,0.000000E+00,0.000000E+00,0.000000E+00,0.000000E+00,0.000000E+00,0.000000E+00,0.000000E+00,0.000000E+00,2.110805E+01,7.993587E+01,2.388823E+01,6.140404E+01
22:18:00,8.005766E+03,1.226388E+03,5.574252E-01,1.083072E-01,0.000000E+00,0.000000E+00,0.000000E+00,0.000000E+00,0.000000E+00,0.000000E+00,0.000000E+00,0.000000E+00,2.110805E+01,7.993587E+01,2.388823E+01,6.142675E+01
22:19:00,8.005766E+03,1.223532E+03,5.574252E-01,1.080549E-01,0.000000E+00,0.000000E+00,0.000000E+00,0.000000E+00,0.000000E+00,0.000000E+00,0.000000E+00,0.000000E+00,2.110805E+01,7.993587E+01,2.388823E+01,6.144943E+01
22:20:00,8.005766E+03,1.220686E+03,5.574252E-01,1.078036E-01,0.000000E+00,0.000000E+00,0.000000E+00,0.000000E+00,0.000000E+00,0.000000E+00,0.000000E+00,0.000000E+00,2.110805E+01,7.993587E+01,2.388823E+01,6.147207E+01
22:21:00,8.005766E+03,1.217849E+03,5.574252E-01,1.075530E-01,0.000000E+00,0.000000E+00,0.000000E+00,0.000000E+00,0.000000E+00,0.000000E+00,0.000000E+00,0.000000E+00,2.110805E+01,7.993587E+01,2.388824E+01,6.149468E+01
22:22:00,8.005766E+03,1.215022E+03,5.574252E-01,1.073033E-01,0.000000E+00,0.000000E+00,0.000000E+00,0.000000E+00,0.000000E+00,0.000000E+00,0.000000E+00,0.000000E+00,2.110805E+01,7.993587E+01,2.388824E+01,6.151726E+01
22:23:00,8.005766E+03,1.212204E+03,5.574252E-01,1.070545E-01,0.000000E+00,0.000000E+00,0.000000E+00,0.000000E+00,0.000000E+00,0.000000E+00,0.000000E+00,0.000000E+00,2.110805E+01,7.993587E+01,2.388824E+01,6.153981E+01
22:24:00,8.005766E+03,1.209397E+03,5.574252E-01,1.068065E-01,0.000000E+00,0.000000E+00,0.000000E+00,0.000000E+00,0.000000E+00,0.000000E+00,0.000000E+00,0.000000E+00,2.110805E+01,7.993587E+01,2.388824E+01,6.156233E+01
22:25:00,8.005766E+03,1.206598E+03,5.574252E-01,1.065594E-01,0.000000E+00,0.000000E+00,0.000000E+00,0.000000E+00,0.000000E+00,0.000000E+00,0.000000E+00,0.000000E+00,2.110805E+01,7.993587E+01,2.388824E+01,6.158483E+01
22:26:00,8.005766E+03,1.203810E+03,5.574252E-01,1.063131E-01,0.000000E+00,0.000000E+00,0.000000E+00,0.000000E+00,0.000000E+00,0.000000E+00,0.000000E+00,0.000000E+00,2.110805E+01,7.993587E+01,2.388824E+01,6.160730E+01
22:27:00,8.005766E+03,1.201031E+03,5.574252E-01,1.060677E-01,0.000000E+00,0.000000E+00,0.000000E+00,0.000000E+00,0.000000E+00,0.000000E+00,0.000000E+00,0.000000E+00,2.110805E+01,7.993587E+01,2.388824E+01,6.162974E+01
22:28:00,8.005766E+03,1.198261E+03,5.574252E-01,1.058231E-01,0.000000E+00,0.000000E+00,0.000000E+00,0.000000E+00,0.000000E+00,0.000000E+00,0.000000E+00,0.000000E+00,2.110805E+01,7.993587E+01,2.388824E+01,6.165216E+01
22:29:00,8.005766E+03,1.195502E+03,5.574252E-01,1.055794E-01,0.000000E+00,0.000000E+00,0.000000E+00,0.000000E+00,0.000000E+00,0.000000E+00,0.000000E+00,0.000000E+00,2.110805E+01,7.993587E+01,2.388824E+01,6.167457E+01
22:30:00,8.005766E+03,1.192752E+03,5.574252E-01,1.053365E-01,0.000000E+00,0.000000E+00,0.000000E+00,0.000000E+00,0.000000E+00,0.000000E+00,0.000000E+00,0.000000E+00,2.110805E+01,7.993587E+01,2.388824E+01,6.169695E+01
22:31:00,8.005766E+03,1.190011E+03,5.574252E-01,1.050945E-01,0.000000E+00,0.000000E+00,0.000000E+00,0.000000E+00,0.000000E+00,0.000000E+00,0.000000E+00,0.000000E+00,2.110805E+01,7.993587E+01,2.388824E+01,6.171931E+01
22:32:00,8.005766E+03,1.187280E+03,5.574252E-01,1.048533E-01,0.000000E+00,0.000000E+00,0.000000E+00,0.000000E+00,0.000000E+00,0.000000E+00,0.000000E+00,0.000000E+00,2.110805E+01,7.993587E+01,2.388824E+01,6.174165E+01
22:33:00,8.005766E+03,1.184559E+03,5.574252E-01,1.046130E-01,0.000000E+00,0.000000E+00,0.000000E+00,0.000000E+00,0.000000E+00,0.000000E+00,0.000000E+00,0.000000E+00,2.110805E+01,7.993587E+01,2.388824E+01,6.176397E+01
22:34:00,8.005766E+03,1.181848E+03,5.574252E-01,1.043735E-01,0.000000E+00,0.000000E+00,0.000000E+00,0.000000E+00,0.000000E+00,0.000000E+00,0.000000E+00,0.000000E+00,2.110805E+01,7.993587E+01,2.388824E+01,6.178628E+01
22:35:00,8.005766E+03,1.179146E+03,5.574252E-01,1.041349E-01,0.000000E+00,0.000000E+00,0.000000E+00,0.000000E+00,0.000000E+00,0.000000E+00,0.000000E+00,0.000000E+00,2.110805E+01,7.993587E+01,2.388824E+01,6.180857E+01
22:36:00,8.005766E+03,1.176454E+03,5.574252E-01,1.038971E-01,0.000000E+00,0.000000E+00,0.000000E+00,0.000000E+00,0.000000E+00,0.000000E+00,0.000000E+00,0.000000E+00,2.110805E+01,7.993587E+01,2.388825E+01,6.183084E+01
22:37:00,8.005766E+03,1.173771E+03,5.574252E-01,1.036602E-01,0.000000E+00,0.000000E+00,0.000000E+00,0.000000E+00,0.000000E+00,0.000000E+00,0.000000E+00,0.000000E+00,2.110805E+01,7.993587E+01,2.388825E+01,6.185310E+01
22:38:00,8.005766E+03,1.171099E+03,5.574252E-01,1.034242E-01,0.000000E+00,0.000000E+00,0.000000E+00,0.000000E+00,0.000000E+00,0.000000E+00,0.000000E+00,0.000000E+00,2.110805E+01,7.993587E+01,2.388825E+01,6.187535E+01
22:39:00,8.005766E+03,1.168435E+03,5.574252E-01,1.031890E-01,0.000000E+00,0.000000E+00,0.000000E+00,0.000000E+00,0.000000E+00,0.000000E+00,0.000000E+00,0.000000E+00,2.110805E+01,7.993587E+01,2.388825E+01,6.189758E+01
22:40:00,8.005766E+03,1.165782E+03,5.574252E-01,1.029546E-01,0.000000E+00,0.000000E+00,0.000000E+00,0.000000E+00,0.000000E+00,0.000000E+00,0.000000E+00,0.000000E+00,2.110805E+01,7.993587E+01,2.388825E+01,6.191980E+01
22:41:00,8.005766E+03,1.163138E+03,5.574252E-01,1.027211E-01,0.000000E+00,0.000000E+00,0.000000E+00,0.000000E+00,0.000000E+00,0.000000E+00,0.000000E+00,0.000000E+00,2.110805E+01,7.993587E+01,2.388825E+01,6.194201E+01
22:42:00,8.005766E+03,1.160504E+03,5.574252E-01,1.024885E-01,0.000000E+00,0.000000E+00,0.000000E+00,0.000000E+00,0.000000E+00,0.000000E+00,0.000000E+00,0.000000E+00,2.110805E+01,7.993587E+01,2.388825E+01,6.196421E+01
22:43:00,8.005766E+03,1.157879E+03,5.574252E-01,1.022567E-01,0.000000E+00,0.000000E+00,0.000000E+00,0.000000E+00,0.000000E+00,0.000000E+00,0.000000E+00,0.000000E+00,2.110805E+01,7.993587E+01,2.388825E+01,6.198639E+01
22:44:00,8.005766E+03,1.155265E+03,5.574252E-01,1.020258E-01,0.000000E+00,0.000000E+00,0.000000E+00,0.000000E+00,0.000000E+00,0.000000E+00,0.000000E+00,0.000000E+00,2.110805E+01,7.993587E+01,2.388825E+01,6.200857E+01
22:45:00,8.005766E+03,1.152659E+03,5.574252E-01,1.017957E-01,0.000000E+00,0.000000E+00,0.000000E+00,0.000000E+00,0.000000E+00,0.000000E+00,0.000000E+00,0.000000E+00,2.110805E+01,7.993587E+01,2.388825E+01,6.203074E+01
22:46:00,8.005766E+03,1.150064E+03,5.574252E-01,1.015665E-01,0.000000E+00,0.000000E+00,0.000000E+00,0.000000E+00,0.000000E+00,0.000000E+00,0.000000E+00,0.000000E+00,2.110805E+01,7.993587E+01,2.388825E+01,6.205290E+01
22:47:00,8.005766E+03,1.147478E+03,5.574252E-01,1.013381E-01,0.000000E+00,0.000000E+00,0.000000E+00,0.000000E+00,0.000000E+00,0.000000E+00,0.000000E+00,0.000000E+00,2.110805E+01,7.993587E+01,2.388825E+01,6.207505E+01
22:48:00,8.005766E+03,1.144902E+03,5.574252E-01,1.011106E-01,0.000000E+00,0.000000E+00,0.000000E+00,0.000000E+00,0.000000E+00,0.000000E+00,0.000000E+00,0.000000E+00,2.110805E+01,7.993587E+01,2.388825E+01,6.209720E+01
22:49:00,8.005766E+03,1.142335E+03,5.574252E-01,1.008839E-01,0.000000E+00,0.000000E+00,0.000000E+00,0.000000E+00,0.000000E+00,0.000000E+00,0.000000E+00,0.000000E+00,2.110805E+01,7.993587E+01,2.388826E+01,6.211933E+01
22:50:00,8.005766E+03,1.139778E+03,5.574252E-01,1.006581E-01,0.000000E+00,0.000000E+00,0.000000E+00,0.000000E+00,0.000000E+00,0.000000E+00,0.000000E+00,0.000000E+00,2.110805E+01,7.993587E+01,2.388826E+01,6.214147E+01
22:51:00,8.005766E+03,1.137231E+03,5.574252E-01,1.004331E-01,0.000000E+00,0.000000E+00,0.000000E+00,0.000000E+00,0.000000E+00,0.000000E+00,0.000000E+00,0.000000E+00,2.110805E+01,7.993587E+01,2.388826E+01,6.216359E+01
22:52:00,8.005766E+03,1.134693E+03,5.574252E-01,1.002090E-01,0.000000E+00,0.000000E+00,0.000000E+00,0.000000E+00,0.000000E+00,0.000000E+00,0.000000E+00,0.000000E+00,2.110805E+01,7.993587E+01,2.388826E+01,6.218572E+01
22:53:00,8.005766E+03,1.132165E+03,5.574252E-01,9.998569E-02,0.000000E+00,0.000000E+00,0.000000E+00,0.000000E+00,0.000000E+00,0.000000E+00,0.000000E+00,0.000000E+00,2.110805E+01,7.993587E+01,2.388826E+01,6.220783E+01
22:54:00,8.005766E+03,1.129646E+03,5.574252E-01,9.976327E-02,0.000000E+00,0.000000E+00,0.000000E+00,0.000000E+00,0.000000E+00,0.000000E+00,0.000000E+00,0.000000E+00,2.110805E+01,7.993587E+01,2.388826E+01,6.222995E+01
22:55:00,8.005766E+03,1.127137E+03,5.574252E-01,9.954169E-02,0.000000E+00,0.000000E+00,0.000000E+00,0.000000E+00,0.000000E+00,0.000000E+00,0.000000E+00,0.000000E+00,2.110805E+01,7.993587E+01,2.388826E+01,6.225205E+01
22:56:00,8.005766E+03,1.124638E+03,5.574252E-01,9.932097E-02,0.000000E+00,0.000000E+00,0.000000E+00,0.000000E+00,0.000000E+00,0.000000E+00,0.000000E+00,0.000000E+00,2.110805E+01,7.993587E+01,2.388826E+01,6.227416E+01
22:57:00,8.005766E+03,1.122149E+03,5.574252E-01,9.910110E-02,0.000000E+00,0.000000E+00,0.000000E+00,0.000000E+00,0.000000E+00,0.000000E+00,0.000000E+00,0.000000E+00,2.110805E+01,7.993587E+01,2.388826E+01,6.229626E+01
22:58:00,8.005766E+03,1.119669E+03,5.574252E-01,9.888207E-02,0.000000E+00,0.000000E+00,0.000000E+00,0.000000E+00,0.000000E+00,0.000000E+00,0.000000E+00,0.000000E+00,2.110805E+01,7.993587E+01,2.388826E+01,6.231836E+01
22:59:00,8.005766E+03,1.117198E+03,5.574252E-01,9.866389E-02,0.000000E+00,0.000000E+00,0.000000E+00,0.000000E+00,0.000000E+00,0.000000E+00,0.000000E+00,0.000000E+00,2.110805E+01,7.993587E+01,2.388826E+01,6.234045E+01
23:00:00,8.005766E+03,1.114737E+03,5.574252E-01,9.844657E-02,0.000000E+00,0.000000E+00,0.000000E+00,0.000000E+00,0.000000E+00,0.000000E+00,0.000000E+00,0.000000E+00,2.110805E+01,7.993587E+01,2.388826E+01,6.236255E+01
23:01:00,8.005766E+03,1.112280E+03,5.574252E-01,9.822958E-02,0.000000E+00,0.000000E+00,0.000000E+00,0.000000E+00,0.000000E+00,0.000000E+00,0.000000E+00,0.000000E+00,2.110805E+01,7.993587E+01,2.388826E+01,6.238464E+01
23:02:00,8.005766E+03,1.109827E+03,5.574252E-01,9.801294E-02,0.000000E+00,0.000000E+00,0.000000E+00,0.000000E+00,0.000000E+00,0.000000E+00,0.000000E+00,0.000000E+00,2.110805E+01,7.993587E+01,2.388826E+01,6.240673E+01
23:03:00,8.005766E+03,1.107378E+03,5.574252E-01,9.779665E-02,0.000000E+00,0.000000E+00,0.000000E+00,0.000000E+00,0.000000E+00,0.000000E+00,0.000000E+00,0.000000E+00,2.110805E+01,7.993587E+01,2.388827E+01,6.242882E+01
23:04:00,8.005766E+03,1.104933E+03,5.574252E-01,9.758071E-02,0.000000E+00,0.000000E+00,0.000000E+00,0.000000E+00,0.000000E+00,0.000000E+00,0.000000E+00,0.000000E+00,2.110805E+01,7.993587E+01,2.388827E+01,6.245091E+01
23:05:00,8.005766E+03,1.102492E+03,5.574252E-01,9.736512E-02,0.000000E+00,0.000000E+00,0.000000E+00,0.000000E+00,0.000000E+00,0.000000E+00,0.000000E+00,0.000000E+00,2.110805E+01,7.993587E+01,2.388827E+01,6.247300E+01
23:06:00,8.005766E+03,1.100055E+03,5.574252E-01,9.714987E-02,0.000000E+00,0.000000E+00,0.000000E+00,0.000000E+00,0.000000E+00,0.000000E+00,0.000000E+00,0.000000E+00,2.110805E+01,7.993587E+01,2.388827E+01,6.249509E+01
23:07:00,8.005766E+03,1.097622E+03,5.574252E-01,9.693497E-02,0.000000E+00,0.000000E+00,0.000000E+00,0.000000E+00,0.000000E+00,0.000000E+00,0.000000E+00,0.000000E+00,2.110805E+01,7.993587E+01,2.388827E+01,6.251718E+01
23:08:00,8.005766E+03,1.095192E+03,5.574252E-01,9.672041E-02,0.000000E+00,0.000000E+00,0.000000E+00,0.000000E+00,0.000000E+00,0.000000E+00,0.000000E+00,0.000000E+00,2.110805E+01,7.993587E+01,2.388827E+01,6.253927E+01
23:09:00,8.005766E+03,1.092767E+03,5.574252E-01,9.650620E-02,0.000000E+00,0.000000E+00,0.000000E+00,0.000000E+00,0.000000E+00,0.000000E+00,0.000000E+00,0.000000E+00,2.110805E+01,7.993587E+01,2.388827E+01,6.256136E+01
23:10:00,8.005766E+03,1.090345E+03,5.574252E-01,9.629233E-02,0.000000E+00,0.000000E+00,0.000000E+00,0.000000E+00,0.000000E+00,0.000000E+00,0.000000E+00,0.000000E+00,2.110805E+01,7.993587E+01,2.388827E+01,6.258346E+01
23:11:00,8.005766E+03,1.087927E+03,5.574252E-01,9.607880E-02,0.000000E+00,0.000000E+00,0.000000E+00,0.000000E+00,0.000000E+00,0.000000E+00,0.000000E+00,0.000000E+00,2.110805E+01,7.993587E+01,2.388827E+01,6.260555E+01
23:12:00,8.005766E+03,1.085513E+03,5.574252E-01,9.586561E-02,0.000000E+00,0.000000E+00,0.000000E+00,0.000000E+00,0.000000E+00,0.000000E+00,0.000000E+00,0.000000E+00,2.110805E+01,7.993587E+01,2.388827E+01,6.262765E+01
23:13:00,8.005766E+03,1.083103E+03,5.574252E-01,9.565277E-02,0.000000E+00,0.000000E+00,0.000000E+00,0.000000E+00,0.000000E+00,0.000000E+00,0.000000E+00,0.000000E+00,2.110805E+01,7.993587E+01,2.388827E+01,6.264974E+01
23:14:00,8.005766E+03,1.080697E+03,5.574252E-01,9.544026E-02,0.000000E+00,0.000000E+00,0.000000E+00,0.000000E+00,0.000000E+00,0.000000E+00,0.000000E+00,0.000000E+00,2.110805E+01,7.993587E+01,2.388827E+01,6.267184E+01
23:15:00,8.005766E+03,1.078295E+03,5.574252E-01,9.522810E-02,0.000000E+00,0.000000E+00,0.000000E+00,0.000000E+00,0.000000E+00,0.000000E+00,0.000000E+00,0.000000E+00,2.110805E+01,7.993587E+01,2.388827E+01,6.269394E+01
23:16:00,8.005766E+03,1.075896E+03,5.574252E-01,9.501627E-02,0.000000E+00,0.000000E+00,0.000000E+00,0.000000E+00,0.000000E+00,0.000000E+00,0.000000E+00,0.000000E+00,2.110805E+01,7.993587E+01,2.388828E+01,6.271605E+01
23:17:00,8.005766E+03,1.073502E+03,5.574252E-01,9.480479E-02,0.000000E+00,0.000000E+00,0.000000E+00,0.000000E+00,0.000000E+00,0.000000E+00,0.000000E+00,0.000000E+00,2.110805E+01,7.993587E+01,2.388828E+01,6.273816E+01
23:18:00,8.005766E+03,1.071111E+03,5.574252E-01,9.459363E-02,0.000000E+00,0.000000E+00,0.000000E+00,0.000000E+00,0.000000E+00,0.000000E+00,0.000000E+00,0.000000E+00,2.110805E+01,7.993587E+01,2.388828E+01,6.276027E+01
23:19:00,8.005766E+03,1.068724E+03,5.574252E-01,9.438282E-02,0.000000E+00,0.000000E+00,0.000000E+00,0.000000E+00,0.000000E+00,0.000000E+00,0.000000E+00,0.000000E+00,2.110805E+01,7.993587E+01,2.388828E+01,6.278238E+01
23:20:00,8.005766E+03,1.066340E+03,5.574252E-01,9.417234E-02,0.000000E+00,0.000000E+00,0.000000E+00,0.000000E+00,0.000000E+00,0.000000E+00,0.000000E+00,0.000000E+00,2.110805E+01,7.993587E+01,2.388828E+01,6.280449E+01
23:21:00,8.005766E+03,1.063961E+03,5.574252E-01,9.396220E-02,0.000000E+00,0.000000E+00,0.000000E+00,0.000000E+00,0.000000E+00,0.000000E+00,0.000000E+00,0.000000E+00,2.110805E+01,7.993587E+01,2.388828E+01,6.282661E+01
23:22:00,8.005766E+03,1.061585E+03,5.574252E-01,9.375239E-02,0.000000E+00,0.000000E+00,0.000000E+00,0.000000E+00,0.000000E+00,0.000000E+00,0.000000E+00,0.000000E+00,2.110805E+01,7.993587E+01,2.388828E+01,6.284874E+01
23:23:00,8.005766E+03,1.059213E+03,5.574252E-01,9.354291E-02,0.000000E+00,0.000000E+00,0.000000E+00,0.000000E+00,0.000000E+00,0.000000E+00,0.000000E+00,0.000000E+00,2.110805E+01,7.993587E+01,2.388828E+01,6.287087E+01
23:24:00,8.005766E+03,1.056845E+03,5.574252E-01,9.333376E-02,0.000000E+00,0.000000E+00,0.000000E+00,0.000000E+00,0.000000E+00,0.000000E+00,0.000000E+00,0.000000E+00,2.110805E+01,7.993587E+01,2.388828E+01,6.289300E+01
23:25:00,8.005766E+03,1.054481E+03,5.574252E-01,9.312495E-02,0.000000E+00,0.000000E+00,0.000000E+00,0.000000E+00,0.000000E+00,0.000000E+00,0.000000E+00,0.000000E+00,2.110805E+01,7.993587E+01,2.388828E+01,6.291513E+01
23:26:00,8.005766E+03,1.052120E+03,5.574252E-01,9.291646E-02,0.000000E+00,0.000000E+00,0.000000E+00,0.000000E+00,0.000000E+00,0.000000E+00,0.000000E+00,0.000000E+00,2.110805E+01,7.993587E+01,2.388828E+01,6.293727E+01
23:27:00,8.005766E+03,1.049763E+03,5.574252E-01,9.270831E-02,0.000000E+00,0.000000E+00,0.000000E+00,0.000000E+00,0.000000E+00,0.000000E+00,0.000000E+00,0.000000E+00,2.110805E+01,7.993587E+01,2.388828E+01,6.295942E+01
23:28:00,8.005766E+03,1.047410E+03,5.574252E-01,9.250048E-02,0.000000E+00,0.000000E+00,0.000000E+00,0.000000E+00,0.000000E+00,0.000000E+00,0.000000E+00,0.000000E+00,2.110805E+01,7.993587E+01,2.388828E+01,6.298157E+01
23:29:00,8.005766E+03,1.045061E+03,5.574252E-01,9.229299E-02,0.000000E+00,0.000000E+00,0.000000E+00,0.000000E+00,0.000000E+00,0.000000E+00,0.000000E+00,0.000000E+00,2.110805E+01,7.993587E+01,2.388829E+01,6.300373E+01
23:30:00,8.005766E+03,1.042715E+03,5.574252E-01,9.208582E-02,0.000000E+00,0.000000E+00,0.000000E+00,0.000000E+00,0.000000E+00,0.000000E+00,0.000000E+00,0.000000E+00,2.110805E+01,7.993587E+01,2.388829E+01,6.302589E+01
23:31:00,8.005766E+03,1.040373E+03,5.574252E-01,9.187897E-02,0.000000E+00,0.000000E+00,0.000000E+00,0.000000E+00,0.000000E+00,0.000000E+00,0.000000E+00,0.000000E+00,2.110805E+01,7.993587E+01,2.388829E+01,6.304805E+01
23:32:00,8.005766E+03,1.038034E+03,5.574252E-01,9.167245E-02,0.000000E+00,0.000000E+00,0.000000E+00,0.000000E+00,0.000000E+00,0.000000E+00,0.000000E+00,0.000000E+00,2.110805E+01,7.993587E+01,2.388829E+01,6.307022E+01
23:33:00,8.005766E+03,1.035700E+03,5.574252E-01,9.146626E-02,0.000000E+00,0.000000E+00,0.000000E+00,0.000000E+00,0.000000E+00,0.000000E+00,0.000000E+00,0.000000E+00,2.110805E+01,7.993587E+01,2.388829E+01,6.309240E+01
23:34:00,8.005766E+03,1.033369E+03,5.574252E-01,9.126039E-02,0.000000E+00,0.000000E+00,0.000000E+00,0.000000E+00,0.000000E+00,0.000000E+00,0.000000E+00,0.000000E+00,2.110805E+01,7.993587E+01,2.388829E+01,6.311458E+01
23:35:00,8.005766E+03,1.031041E+03,5.574252E-01,9.105484E-02,0.000000E+00,0.000000E+00,0.000000E+00,0.000000E+00,0.000000E+00,0.000000E+00,0.000000E+00,0.000000E+00,2.110805E+01,7.993587E+01,2.388829E+01,6.313677E+01
23:36:00,8.005766E+03,1.028717E+03,5.574252E-01,9.084961E-02,0.000000E+00,0.000000E+00,0.000000E+00,0.000000E+00,0.000000E+00,0.000000E+00,0.000000E+00,0.000000E+00,2.110805E+01,7.993587E+01,2.388829E+01,6.315896E+01
23:37:00,8.005766E+03,1.026397E+03,5.574252E-01,9.064470E-02,0.000000E+00,0.000000E+00,0.000000E+00,0.000000E+00,0.000000E+00,0.000000E+00,0.000000E+00,0.000000E+00,2.110805E+01,7.993587E+01,2.388829E+01,6.318116E+01
23:38:00,8.005766E+03,1.024081E+03,5.574252E-01,9.044011E-02,0.000000E+00,0.000000E+00,0.000000E+00,0.000000E+00,0.000000E+00,0.000000E+00,0.000000E+00,0.000000E+00,2.110805E+01,7.993587E+01,2.388829E+01,6.320337E+01
23:39:00,8.005766E+03,1.021768E+03,5.574252E-01,9.023585E-02,0.000000E+00,0.000000E+00,0.000000E+00,0.000000E+00,0.000000E+00,0.000000E+00,0.000000E+00,0.000000E+00,2.110805E+01,7.993587E+01,2.388829E+01,6.322558E+01
23:40:00,8.005766E+03,1.019458E+03,5.574252E-01,9.003190E-02,0.000000E+00,0.000000E+00,0.000000E+00,0.000000E+00,0.000000E+00,0.000000E+00,0.000000E+00,0.000000E+00,2.110805E+01,7.993587E+01,2.388829E+01,6.324779E+01
23:41:00,8.005766E+03,1.017153E+03,5.574252E-01,8.982826E-02,0.000000E+00,0.000000E+00,0.000000E+00,0.000000E+00,0.000000E+00,0.000000E+00,0.000000E+00,0.000000E+00,2.110805E+01,7.993587E+01,2.388829E+01,6.327002E+01
23:42:00,8.005766E+03,1.014850E+03,5.574252E-01,8.962495E-02,0.000000E+00,0.000000E+00,0.000000E+00,0.000000E+00,0.000000E+00,0.000000E+00,0.000000E+00,0.000000E+00,2.110805E+01,7.993587E+01,2.388830E+01,6.329225E+01
23:43:00,8.005766E+03,1.012552E+03,5.574252E-01,8.942194E-02,0.000000E+00,0.000000E+00,0.000000E+00,0.000000E+00,0.000000E+00,0.000000E+00,0.000000E+00,0.000000E+00,2.110805E+01,7.993587E+01,2.388830E+01,6.331449E+01
23:44:00,8.005766E+03,1.010257E+03,5.574252E-01,8.921925E-02,0.000000E+00,0.000000E+00,0.000000E+00,0.000000E+00,0.000000E+00,0.000000E+00,0.000000E+00,0.000000E+00,2.110805E+01,7.993587E+01,2.388830E+01,6.333673E+01
23:45:00,8.005766E+03,1.007965E+03,5.574252E-01,8.901688E-02,0.000000E+00,0.000000E+00,0.000000E+00,0.000000E+00,0.000000E+00,0.000000E+00,0.000000E+00,0.000000E+00,2.110805E+01,7.993587E+01,2.388830E+01,6.335899E+01
23:46:00,8.005766E+03,1.005677E+03,5.574252E-01,8.881482E-02,0.000000E+00,0.000000E+00,0.000000E+00,0.000000E+00,0.000000E+00,0.000000E+00,0.000000E+00,0.000000E+00,2.110805E+01,7.993587E+01,2.388830E+01,6.338124E+01
23:47:00,8.005766E+03,1.003393E+03,5.574252E-01,8.861307E-02,0.000000E+00,0.000000E+00,0.000000E+00,0.000000E+00,0.000000E+00,0.000000E+00,0.000000E+00,0.000000E+00,2.110805E+01,7.993587E+01,2.388830E+01,6.340351E+01
23:48:00,8.005766E+03,1.001112E+03,5.574252E-01,8.841163E-02,0.000000E+00,0.000000E+00,0.000000E+00,0.000000E+00,0.000000E+00,0.000000E+00,0.000000E+00,0.000000E+00,2.110805E+01,7.993587E+01,2.388830E+01,6.342579E+01
23:49:00,8.005766E+03,9.988347E+02,5.574252E-01,8.821049E-02,0.000000E+00,0.000000E+00,0.000000E+00,0.000000E+00,0.000000E+00,0.000000E+00,0.000000E+00,0.000000E+00,2.110805E+01,7.993587E+01,2.388830E+01,6.344807E+01
23:50:00,8.005766E+03,9.965608E+02,5.574252E-01,8.800967E-02,0.000000E+00,0.000000E+00,0.000000E+00,0.000000E+00,0.000000E+00,0.000000E+00,0.000000E+00,0.000000E+00,2.110805E+01,7.993587E+01,2.388830E+01,6.347035E+01
23:51:00,8.005766E+03,9.942904E+02,5.574252E-01,8.780916E-02,0.000000E+00,0.000000E+00,0.000000E+00,0.000000E+00,0.000000E+00,0.000000E+00,0.000000E+00,0.000000E+00,2.110805E+01,7.993587E+01,2.388830E+01,6.349265E+01
23:52:00,8.005766E+03,9.920234E+02,5.574252E-01,8.760895E-02,0.000000E+00,0.000000E+00,0.000000E+00,0.000000E+00,0.000000E+00,0.000000E+00,0.000000E+00,0.000000E+00,2.110805E+01,7.993587E+01,2.388830E+01,6.351495E+01
23:53:00,8.005766E+03,9.897599E+02,5.574252E-01,8.740904E-02,0.000000E+00,0.000000E+00,0.000000E+00,0.000000E+00,0.000000E+00,0.000000E+00,0.000000E+00,0.000000E+00,2.110805E+01,7.993587E+01,2.388830E+01,6.353726E+01
23:54:00,8.005766E+03,9.874998E+02,5.574252E-01,8.720944E-02,0.000000E+00,0.000000E+00,0.000000E+00,0.000000E+00,0.000000E+00,0.000000E+00,0.000000E+00,0.000000E+00,2.110805E+01,7.993587E+01,2.388830E+01,6.355958E+01
23:55:00,8.005766E+03,9.852432E+02,5.574252E-01,8.701015E-02,0.000000E+00,0.000000E+00,0.000000E+00,0.000000E+00,0.000000E+00,0.000000E+00,0.000000E+00,0.000000E+00,2.110805E+01,7.993587E+01,2.388831E+01,6.358191E+01
23:56:00,8.005766E+03,9.829900E+02,5.574252E-01,8.681116E-02,0.000000E+00,0.000000E+00,0.000000E+00,0.000000E+00,0.000000E+00,0.000000E+00,0.000000E+00,0.000000E+00,2.110805E+01,7.993587E+01,2.388831E+01,6.360424E+01
23:57:00,8.005766E+03,9.807403E+02,5.574252E-01,8.661246E-02,0.000000E+00,0.000000E+00,0.000000E+00,0.000000E+00,0.000000E+00,0.000000E+00,0.000000E+00,0.000000E+00,2.110805E+01,7.993587E+01,2.388831E+01,6.362658E+01
23:58:00,8.005766E+03,9.784939E+02,5.574252E-01,8.641407E-02,0.000000E+00,0.000000E+00,0.000000E+00,0.000000E+00,0.000000E+00,0.000000E+00,0.000000E+00,0.000000E+00,2.110805E+01,7.993587E+01,2.388831E+01,6.364894E+01
23:59:00,8.005766E+03,9.762509E+02,5.574252E-01,8.621598E-02,0.000000E+00,0.000000E+00,0.000000E+00,0.000000E+00,0.000000E+00,0.000000E+00,0.000000E+00,0.000000E+00,2.110805E+01,7.993587E+01,2.388831E+01,6.367130E+01
24:00:00,8.005766E+03,9.740113E+02,5.574252E-01,8.601819E-02,0.000000E+00,0.000000E+00,0.000000E+00,0.000000E+00,0.000000E+00,0.000000E+00,0.000000E+00,0.000000E+00,2.110805E+01,7.993587E+01,2.388831E+01,6.369366E+01
Peak,8.005766E+03,2.243606E+03,5.574252E-01,1.981457E-01,0.000000E+00,0.000000E+00,0.000000E+00,0.000000E+00,0.000000E+00,0.000000E+00,0.000000E+00,0.000000E+00,,,,

Peak Vol Flow (m3/s),,,4.732015E-01,1.682070E-01,,,0.000000E+00,0.000000E+00,,,,,,,,
