Time,LIVINGZONE:CHICAGO MIDWAY AP ANN HTG 99.6% CONDNS DB:Des Heat Load [W],LIVINGZONE:CHICAGO MIDWAY AP ANN CLG .4% CONDNS DB=>MWB:Des Sens Cool Load [W],LIVINGZONE:CHICAGO MIDWAY AP ANN HTG 99.6% CONDNS DB:Des Heat Mass Flow [kg/s],LIVINGZONE:CHICAGO MIDWAY AP ANN CLG .4% CONDNS DB=>MWB:Des Cool Mass Flow [kg/s],LIVINGZONE::Des Latent Heat Load [W],LIVINGZONE::Des Latent Cool Load [W],LIVINGZONE::Des Latent Heat Mass Flow [kg/s],LIVINGZONE::Des Latent Cool Mass Flow [kg/s],LIVINGZONE::Des Heat Load No DOAS [W],LIVINGZONE::Des Sens Cool Load No DOAS [W],LIVINGZONE::Des Latent Heat Load No DOAS [W],LIVINGZONE::Des Latent Cool Load No DOAS [W],LIVINGZONE:CHICAGO MIDWAY AP ANN HTG 99.6% CONDNS DB:Heating Zone Temperature [C],LIVINGZONE:CHICAGO MIDWAY AP ANN HTG 99.6% CONDNS DB:Heating Zone Relative Humidity [%],LIVINGZONE:CHICAGO MIDWAY AP ANN CLG .4% CONDNS DB=>MWB:Cooling Zone Temperature [C],LIVINGZONE:CHICAGO MIDWAY AP ANN CLG .4% CONDNS DB=>MWB:Cooling Zone Relative Humidity [%]
00:01:00,8.009236E+03,9.805066E+02,5.576668E-01,8.659183E-02,0.000000E+00,0.000000E+00,0.000000E+00,0.000000E+00,0.000000E+00,0.000000E+00,0.000000E+00,0.000000E+00,2.110805E+01,7.994182E+01,2.388831E+01,6.363014E+01
00:02:00,8.009236E+03,9.782613E+02,5.576668E-01,8.639353E-02,0.000000E+00,0.000000E+00,0.000000E+00,0.000000E+00,0.000000E+00,0.000000E+00,0.000000E+00,0.000000E+00,2.110805E+01,7.994182E+01,2.388831E+01,6.365250E+01
00:03:00,8.009236E+03,9.760222E+02,5.576668E-01,8.619578E-02,0.000000E+00,0.000000E+00,0.000000E+00,0.000000E+00,0.000000E+00,0.000000E+00,0.000000E+00,0.000000E+00,2.110805E+01,7.994182E+01,2.388831E+01,6.367482E+01
00:04:00,8.009236E+03,9.737892E+02,5.576668E-01,8.599858E-02,0.000000E+00,0.000000E+00,0.000000E+00,0.000000E+00,0.000000E+00,0.000000E+00,0.000000E+00,0.000000E+00,2.110805E+01,7.994182E+01,2.388831E+01,6.369711E+01
00:05:00,8.009236E+03,9.715625E+02,5.576668E-01,8.580192E-02,0.000000E+00,0.000000E+00,0.000000E+00,0.000000E+00,0.000000E+00,0.000000E+00,0.000000E+00,0.000000E+00,2.110805E+01,7.994182E+01,2.388831E+01,6.371935E+01
00:06:00,8.009235E+03,9.693419E+02,5.576668E-01,8.560581E-02,0.000000E+00,0.000000E+00,0.000000E+00,0.000000E+00,0.000000E+00,0.000000E+00,0.000000E+00,0.000000E+00,2.110805E+01,7.994182E+01,2.388831E+01,6.374155E+01
00:07:00,8.009235E+03,9.671276E+02,5.576668E-01,8.541025E-02,0.000000E+00,0.000000E+00,0.000000E+00,0.000000E+00,0.000000E+00,0.000000E+00,0.000000E+00,0.000000E+00,2.110805E+01,7.994182E+01,2.388831E+01,6.376371E+01
00:08:00,8.009235E+03,9.649193E+02,5.576668E-01,8.521523E-02,0.000000E+00,0.000000E+00,0.000000E+00,0.000000E+00,0.000000E+00,0.000000E+00,0.000000E+00,0.000000E+00,2.110805E+01,7.994182E+01,2.388831E+01,6.378584E+01
00:09:00,8.009235E+03,9.627173E+02,5.576668E-01,8.502075E-02,0.000000E+00,0.000000E+00,0.000000E+00,0.000000E+00,0.000000E+00,0.000000E+00,0.000000E+00,0.000000E+00,2.110805E+01,7.994182E+01,2.388831E+01,6.380793E+01
00:10:00,8.009235E+03,9.605214E+02,5.576668E-01,8.482681E-02,0.000000E+00,0.000000E+00,0.000000E+00,0.000000E+00,0.000000E+00,0.000000E+00,0.000000E+00,0.000000E+00,2.110805E+01,7.994182E+01,2.388831E+01,6.382998E+01
00:11:00,8.009235E+03,9.583316E+02,5.576668E-01,8.463342E-02,0.000000E+00,0.000000E+00,0.000000E+00,0.000000E+00,0.000000E+00,0.000000E+00,0.000000E+00,0.000000E+00,2.110805E+01,7.994182E+01,2.388831E+01,6.385201E+01
00:12:00,8.009235E+03,9.561479E+02,5.576668E-01,8.444057E-02,0.000000E+00,0.000000E+00,0.000000E+00,0.000000E+00,0.000000E+00,0.000000E+00,0.000000E+00,0.000000E+00,2.110805E+01,7.994182E+01,2.388831E+01,6.387400E+01
00:13:00,8.009235E+03,9.539703E+02,5.576668E-01,8.424825E-02,0.000000E+00,0.000000E+00,0.000000E+00,0.000000E+00,0.000000E+00,0.000000E+00,0.000000E+00,0.000000E+00,2.110805E+01,7.994182E+01,2.388831E+01,6.389597E+01
00:14:00,8.009235E+03,9.517989E+02,5.576668E-01,8.405648E-02,0.000000E+00,0.000000E+00,0.000000E+00,0.000000E+00,0.000000E+00,0.000000E+00,0.000000E+00,0.000000E+00,2.110805E+01,7.994182E+01,2.388832E+01,6.391790E+01
00:15:00,8.009235E+03,9.496335E+02,5.576668E-01,8.386524E-02,0.000000E+00,0.000000E+00,0.000000E+00,0.000000E+00,0.000000E+00,0.000000E+00,0.000000E+00,0.000000E+00,2.110805E+01,7.994182E+01,2.388832E+01,6.393980E+01
00:16:00,8.009235E+03,9.474742E+02,5.576668E-01,8.367454E-02,0.000000E+00,0.000000E+00,0.000000E+00,0.000000E+00,0.000000E+00,0.000000E+00,0.000000E+00,0.000000E+00,2.110805E+01,7.994182E+01,2.388832E+01,6.396168E+01
00:17:00,8.009235E+03,9.453210E+02,5.576668E-01,8.348438E-02,0.000000E+00,0.000000E+00,0.000000E+00,0.000000E+00,0.000000E+00,0.000000E+00,0.000000E+00,0.000000E+00,2.110805E+01,7.994182E+01,2.388832E+01,6.398353E+01
00:18:00,8.009235E+03,9.431738E+02,5.576668E-01,8.329475E-02,0.000000E+00,0.000000E+00,0.000000E+00,0.000000E+00,0.000000E+00,0.000000E+00,0.000000E+00,0.000000E+00,2.110805E+01,7.994182E+01,2.388832E+01,6.400536E+01
00:19:00,8.009235E+03,9.410326E+02,5.576668E-01,8.310565E-02,0.000000E+00,0.000000E+00,0.000000E+00,0.000000E+00,0.000000E+00,0.000000E+00,0.000000E+00,0.000000E+00,2.110805E+01,7.994182E+01,2.388832E+01,6.402716E+01
00:20:00,8.009235E+03,9.388975E+02,5.576667E-01,8.291709E-02,0.000000E+00,0.000000E+00,0.000000E+00,0.000000E+00,0.000000E+00,0.000000E+00,0.000000E+00,0.000000E+00,2.110805E+01,7.994182E+01,2.388832E+01,6.404894E+01
00:21:00,8.009235E+03,9.367685E+02,5.576667E-01,8.272905E-02,0.000000E+00,0.000000E+00,0.000000E+00,0.000000E+00,0.000000E+00,0.000000E+00,0.000000E+00,0.000000E+00,2.110805E+01,7.994182E+01,2.388832E+01,6.407070E+01
00:22:00,8.009235E+03,9.346454E+02,5.576667E-01,8.254155E-02,0.000000E+00,0.000000E+00,0.000000E+00,0.000000E+00,0.000000E+00,0.000000E+00,0.000000E+00,0.000000E+00,2.110805E+01,7.994182E+01,2.388832E+01,6.409243E+01
00:23:00,8.009235E+03,9.325283E+02,5.576667E-01,8.235458E-02,0.000000E+00,0.000000E+00,0.000000E+00,0.000000E+00,0.000000E+00,0.000000E+00,0.000000E+00,0.000000E+00,2.110805E+01,7.994182E+01,2.388832E+01,6.411415E+01
00:24:00,8.009235E+03,9.304172E+02,5.576667E-01,8.216814E-02,0.000000E+00,0.000000E+00,0.000000E+00,0.000000E+00,0.000000E+00,0.000000E+00,0.000000E+00,0.000000E+00,2.110805E+01,7.994182E+01,2.388832E+01,6.413584E+01
00:25:00,8.009235E+03,9.283121E+02,5.576667E-01,8.198223E-02,0.000000E+00,0.000000E+00,0.000000E+00,0.000000E+00,0.000000E+00,0.000000E+00,0.000000E+00,0.000000E+00,2.110805E+01,7.994182E+01,2.388832E+01,6.415752E+01
00:26:00,8.009235E+03,9.262130E+02,5.576667E-01,8.179684E-02,0.000000E+00,0.000000E+00,0.000000E+00,0.000000E+00,0.000000E+00,0.000000E+00,0.000000E+00,0.000000E+00,2.110805E+01,7.994182E+01,2.388832E+01,6.417917E+01
00:27:00,8.009235E+03,9.241199E+02,5.576667E-01,8.161198E-02,0.000000E+00,0.000000E+00,0.000000E+00,0.000000E+00,0.000000E+00,0.000000E+00,0.000000E+00,0.000000E+00,2.110805E+01,7.994182E+01,2.388832E+01,6.420081E+01
00:28:00,8.009234E+03,9.220326E+02,5.576667E-01,8.142765E-02,0.000000E+00,0.000000E+00,0.000000E+00,0.000000E+00,0.000000E+00,0.000000E+00,0.000000E+00,0.000000E+00,2.110805E+01,7.994182E+01,2.388833E+01,6.422243E+01
00:29:00,8.009234E+03,9.199513E+02,5.576667E-01,8.124384E-02,0.000000E+00,0.000000E+00,0.000000E+00,0.000000E+00,0.000000E+00,0.000000E+00,0.000000E+00,0.000000E+00,2.110805E+01,7.994182E+01,2.388833E+01,6.424404E+01
00:30:00,8.009234E+03,9.178760E+02,5.576667E-01,8.106055E-02,0.000000E+00,0.000000E+00,0.000000E+00,0.000000E+00,0.000000E+00,0.000000E+00,0.000000E+00,0.000000E+00,2.110805E+01,7.994182E+01,2.388833E+01,6.426562E+01
00:31:00,8.009234E+03,9.158066E+02,5.576667E-01,8.087779E-02,0.000000E+00,0.000000E+00,0.000000E+00,0.000000E+00,0.000000E+00,0.000000E+00,0.000000E+00,0.000000E+00,2.110805E+01,7.994182E+01,2.388833E+01,6.428720E+01
00:32:00,8.009234E+03,9.137430E+02,5.576667E-01,8.069554E-02,0.000000E+00,0.000000E+00,0.000000E+00,0.000000E+00,0.000000E+00,0.000000E+00,0.000000E+00,0.000000E+00,2.110805E+01,7.994182E+01,2.388833E+01,6.430876E+01
00:33:00,8.009234E+03,9.116854E+02,5.576667E-01,8.051382E-02,0.000000E+00,0.000000E+00,0.000000E+00,0.000000E+00,0.000000E+00,0.000000E+00,0.000000E+00,0.000000E+00,2.110805E+01,7.994182E+01,2.388833E+01,6.433031E+01
00:34:00,8.009234E+03,9.096336E+02,5.576667E-01,8.033262E-02,0.000000E+00,0.000000E+00,0.000000E+00,0.000000E+00,0.000000E+00,0.000000E+00,0.000000E+00,0.000000E+00,2.110805E+01,7.994182E+01,2.388833E+01,6.435184E+01
00:35:00,8.009234E+03,9.075877E+02,5.576667E-01,8.015194E-02,0.000000E+00,0.000000E+00,0.000000E+00,0.000000E+00,0.000000E+00,0.000000E+00,0.000000E+00,0.000000E+00,2.110805E+01,7.994182E+01,2.388833E+01,6.437336E+01
00:36:00,8.009234E+03,9.055477E+02,5.576667E-01,7.997177E-02,0.000000E+00,0.000000E+00,0.000000E+00,0.000000E+00,0.000000E+00,0.000000E+00,0.000000E+00,0.000000E+00,2.110805E+01,7.994182E+01,2.388833E+01,6.439487E+01
00:37:00,8.009234E+03,9.035136E+02,5.576667E-01,7.979212E-02,0.000000E+00,0.000000E+00,0.000000E+00,0.000000E+00,0.000000E+00,0.000000E+00,0.000000E+00,0.000000E+00,2.110805E+01,7.994182E+01,2.388833E+01,6.441636E+01
00:38:00,8.009234E+03,9.014852E+02,5.576667E-01,7.961299E-02,0.000000E+00,0.000000E+00,0.000000E+00,0.000000E+00,0.000000E+00,0.000000E+00,0.000000E+00,0.000000E+00,2.110805E+01,7.994182E+01,2.388833E+01,6.443785E+01
00:39:00,8.009234E+03,8.994628E+02,5.576667E-01,7.943437E-02,0.000000E+00,0.000000E+00,0.000000E+00,0.000000E+00,0.000000E+00,0.000000E+00,0.000000E+00,0.000000E+00,2.110805E+01,7.994182E+01,2.388833E+01,6.445933E+01
00:40:00,8.009234E+03,8.974461E+02,5.576667E-01,7.925627E-02,0.000000E+00,0.000000E+00,0.000000E+00,0.000000E+00,0.000000E+00,0.000000E+00,0.000000E+00,0.000000E+00,2.110805E+01,7.994182E+01,2.388833E+01,6.448079E+01
00:41:00,8.009234E+03,8.954353E+02,5.576667E-01,7.907868E-02,0.000000E+00,0.000000E+00,0.000000E+00,0.000000E+00,0.000000E+00,0.000000E+00,0.000000E+00,0.000000E+00,2.110805E+01,7.994182E+01,2.388833E+01,6.450225E+01
00:42:00,8.009234E+03,8.934302E+02,5.576667E-01,7.890160E-02,0.000000E+00,0.000000E+00,0.000000E+00,0.000000E+00,0.000000E+00,0.000000E+00,0.000000E+00,0.000000E+00,2.110805E+01,7.994182E+01,2.388834E+01,6.452369E+01
00:43:00,8.009234E+03,8.914310E+02,5.576667E-01,7.872504E-02,0.000000E+00,0.000000E+00,0.000000E+00,0.000000E+00,0.000000E+00,0.000000E+00,0.000000E+00,0.000000E+00,2.110805E+01,7.994182E+01,2.388834E+01,6.454513E+01
00:44:00,8.009234E+03,8.894375E+02,5.576667E-01,7.854899E-02,0.000000E+00,0.000000E+00,0.000000E+00,0.000000E+00,0.000000E+00,0.000000E+00,0.000000E+00,0.000000E+00,2.110805E+01,7.994182E+01,2.388834E+01,6.456656E+01
00:45:00,8.009234E+03,8.874498E+02,5.576667E-01,7.837344E-02,0.000000E+00,0.000000E+00,0.000000E+00,0.000000E+00,0.000000E+00,0.000000E+00,0.000000E+00,0.000000E+00,2.110805E+01,7.994182E+01,2.388834E+01,6.458798E+01
00:46:00,8.009234E+03,8.854679E+02,5.576667E-01,7.819841E-02,0.000000E+00,0.000000E+00,0.000000E+00,0.000000E+00,0.000000E+00,0.000000E+00,0.000000E+00,0.000000E+00,2.110805E+01,7.994182E+01,2.388834E+01,6.460940E+01
00:47:00,8.009234E+03,8.834917E+02,5.576667E-01,7.802388E-02,0.000000E+00,0.000000E+00,0.000000E+00,0.000000E+00,0.000000E+00,0.000000E+00,0.000000E+00,0.000000E+00,2.110805E+01,7.994182E+01,2.388834E+01,6.463081E+01
00:48:00,8.009234E+03,8.815213E+02,5.576667E-01,7.784986E-02,0.000000E+00,0.000000E+00,0.000000E+00,0.000000E+00,0.000000E+00,0.000000E+00,0.000000E+00,0.000000E+00,2.110805E+01,7.994182E+01,2.388834E+01,6.465221E+01
00:49:00,8.009234E+03,8.795566E+02,5.576667E-01,7.767634E-02,0.000000E+00,0.000000E+00,0.000000E+00,0.000000E+00,0.000000E+00,0.000000E+00,0.000000E+00,0.000000E+00,2.110805E+01,7.994182E+01,2.388834E+01,6.467360E+01
00:50:00,8.009233E+03,8.775976E+02,5.576667E-01,7.750334E-02,0.000000E+00,0.000000E+00,0.000000E+00,0.000000E+00,0.000000E+00,0.000000E+00,0.000000E+00,0.000000E+00,2.110805E+01,7.994182E+01,2.388834E+01,6.469499E+01
00:51:00,8.009233E+03,8.756443E+02,5.576667E-01,7.733083E-02,0.000000E+00,0.000000E+00,0.000000E+00,0.000000E+00,0.000000E+00,0.000000E+00,0.000000E+00,0.000000E+00,2.110805E+01,7.994182E+01,2.388834E+01,6.471638E+01
00:52:00,8.009233E+03,8.736968E+02,5.576667E-01,7.715883E-02,0.000000E+00,0.000000E+00,0.000000E+00,0.000000E+00,0.000000E+00,0.000000E+00,0.000000E+00,0.000000E+00,2.110805E+01,7.994182E+01,2.388834E+01,6.473776E+01
00:53:00,8.009233E+03,8.717549E+02,5.576666E-01,7.698734E-02,0.000000E+00,0.000000E+00,0.000000E+00,0.000000E+00,0.000000E+00,0.000000E+00,0.000000E+00,0.000000E+00,2.110805E+01,7.994182E+01,2.388834E+01,6.475913E+01
00:54:00,8.009233E+03,8.698188E+02,5.576666E-01,7.681634E-02,0.000000E+00,0.000000E+00,0.000000E+00,0.000000E+00,0.000000E+00,0.000000E+00,0.000000E+00,0.000000E+00,2.110805E+01,7.994182E+01,2.388834E+01,6.478050E+01
00:55:00,8.009233E+03,8.678883E+02,5.576666E-01,7.664585E-02,0.000000E+00,0.000000E+00,0.000000E+00,0.000000E+00,0.000000E+00,0.000000E+00,0.000000E+00,0.000000E+00,2.110805E+01,7.994182E+01,2.388834E+01,6.480187E+01
00:56:00,8.009233E+03,8.659634E+02,5.576666E-01,7.647586E-02,0.000000E+00,0.000000E+00,0.000000E+00,0.000000E+00,0.000000E+00,0.000000E+00,0.000000E+00,0.000000E+00,2.110805E+01,7.994182E+01,2.388835E+01,6.482324E+01
00:57:00,8.009233E+03,8.640443E+02,5.576666E-01,7.630637E-02,0.000000E+00,0.000000E+00,0.000000E+00,0.000000E+00,0.000000E+00,0.000000E+00,0.000000E+00,0.000000E+00,2.110805E+01,7.994182E+01,2.388835E+01,6.484460E+01
00:58:00,8.009233E+03,8.621308E+02,5.576666E-01,7.613738E-02,0.000000E+00,0.000000E+00,0.000000E+00,0.000000E+00,0.000000E+00,0.000000E+00,0.000000E+00,0.000000E+00,2.110805E+01,7.994182E+01,2.388835E+01,6.486595E+01
00:59:00,8.009233E+03,8.602229E+02,5.576666E-01,7.596888E-02,0.000000E+00,0.000000E+00,0.000000E+00,0.000000E+00,0.000000E+00,0.000000E+00,0.000000E+00,0.000000E+00,2.110805E+01,7.994182E+01,2.388835E+01,6.488731E+01
01:00:00,8.009233E+03,8.583207E+02,5.576666E-01,7.580088E-02,0.000000E+00,0.000000E+00,0.000000E+00,0.000000E+00,0.000000E+00,0.000000E+00,0.000000E+00,0.000000E+00,2.110805E+01,7.994182E+01,2.388835E+01,6.490866E+01
01:01:00,8.009233E+03,8.564271E+02,5.576666E-01,7.563365E-02,0.000000E+00,0.000000E+00,0.000000E+00,0.000000E+00,0.000000E+00,0.000000E+00,0.000000E+00,0.000000E+00,2.110805E+01,7.994182E+01,2.388835E+01,6.493001E+01
01:02:00,8.009233E+03,8.545420E+02,5.576666E-01,7.546717E-02,0.000000E+00,0.000000E+00,0.000000E+00,0.000000E+00,0.000000E+00,0.000000E+00,0.000000E+00,0.000000E+00,2.110805E+01,7.994182E+01,2.388835E+01,6.495129E+01
01:03:00,8.009233E+03,8.526653E+02,5.576666E-01,7.530143E-02,0.000000E+00,0.000000E+00,0.000000E+00,0.000000E+00,0.000000E+00,0.000000E+00,0.000000E+00,0.000000E+00,2.110805E+01,7.994182E+01,2.388835E+01,6.497248E+01
01:04:00,8.009233E+03,8.507971E+02,5.576666E-01,7.513643E-02,0.000000E+00,0.000000E+00,0.000000E+00,0.000000E+00,0.000000E+00,0.000000E+00,0.000000E+00,0.000000E+00,2.110805E+01,7.994182E+01,2.388835E+01,6.499356E+01
01:05:00,8.009233E+03,8.489372E+02,5.576666E-01,7.497218E-02,0.000000E+00,0.000000E+00,0.000000E+00,0.000000E+00,0.000000E+00,0.000000E+00,0.000000E+00,0.000000E+00,2.110805E+01,7.994182E+01,2.388835E+01,6.501453E+01
01:06:00,8.009233E+03,8.470858E+02,5.576666E-01,7.480867E-02,0.000000E+00,0.000000E+00,0.000000E+00,0.000000E+00,0.000000E+00,0.000000E+00,0.000000E+00,0.000000E+00,2.110805E+01,7.994182E+01,2.388835E+01,6.503539E+01
01:07:00,8.009233E+03,8.452428E+02,5.576666E-01,7.464591E-02,0.000000E+00,0.000000E+00,0.000000E+00,0.000000E+00,0.000000E+00,0.000000E+00,0.000000E+00,0.000000E+00,2.110805E+01,7.994182E+01,2.388835E+01,6.505615E+01
01:08:00,8.009233E+03,8.434082E+02,5.576666E-01,7.448389E-02,0.000000E+00,0.000000E+00,0.000000E+00,0.000000E+00,0.000000E+00,0.000000E+00,0.000000E+00,0.000000E+00,2.110805E+01,7.994182E+01,2.388835E+01,6.507681E+01
01:09:00,8.009233E+03,8.415820E+02,5.576666E-01,7.432260E-02,0.000000E+00,0.000000E+00,0.000000E+00,0.000000E+00,0.000000E+00,0.000000E+00,0.000000E+00,0.000000E+00,2.110805E+01,7.994182E+01,2.388835E+01,6.509739E+01
01:10:00,8.009233E+03,8.397642E+02,5.576666E-01,7.416206E-02,0.000000E+00,0.000000E+00,0.000000E+00,0.000000E+00,0.000000E+00,0.000000E+00,0.000000E+00,0.000000E+00,2.110805E+01,7.994182E+01,2.388835E+01,6.511787E+01
01:11:00,8.009233E+03,8.379548E+02,5.576666E-01,7.400226E-02,0.000000E+00,0.000000E+00,0.000000E+00,0.000000E+00,0.000000E+00,0.000000E+00,0.000000E+00,0.000000E+00,2.110805E+01,7.994182E+01,2.388835E+01,6.513826E+01
01:12:00,8.009233E+03,8.361537E+02,5.576666E-01,7.384320E-02,0.000000E+00,0.000000E+00,0.000000E+00,0.000000E+00,0.000000E+00,0.000000E+00,0.000000E+00,0.000000E+00,2.110805E+01,7.994182E+01,2.388835E+01,6.515856E+01
01:13:00,8.009233E+03,8.343610E+02,5.576666E-01,7.368488E-02,0.000000E+00,0.000000E+00,0.000000E+00,0.000000E+00,0.000000E+00,0.000000E+00,0.000000E+00,0.000000E+00,2.110805E+01,7.994182E+01,2.388836E+01,6.517878E+01
01:14:00,8.009233E+03,8.325767E+02,5.576666E-01,7.352729E-02,0.000000E+00,0.000000E+00,0.000000E+00,0.000000E+00,0.000000E+00,0.000000E+00,0.000000E+00,0.000000E+00,2.110805E+01,7.994182E+01,2.388836E+01,6.519891E+01
01:15:00,8.009233E+03,8.308007E+02,5.576666E-01,7.337044E-02,0.000000E+00,0.000000E+00,0.000000E+00,0.000000E+00,0.000000E+00,0.000000E+00,0.000000E+00,0.000000E+00,2.110805E+01,7.994182E+01,2.388836E+01,6.521897E+01
01:16:00,8.009233E+03,8.290330E+02,5.576666E-01,7.321433E-02,0.000000E+00,0.000000E+00,0.000000E+00,0.000000E+00,0.000000E+00,0.000000E+00,0.000000E+00,0.000000E+00,2.110805E+01,7.994182E+01,2.388836E+01,6.523895E+01
01:17:00,8.009233E+03,8.272737E+02,5.576666E-01,7.305896E-02,0.000000E+00,0.000000E+00,0.000000E+00,0.000000E+00,0.000000E+00,0.000000E+00,0.000000E+00,0.000000E+00,2.110805E+01,7.994182E+01,2.388836E+01,6.525885E+01
01:18:00,8.009233E+03,8.255227E+02,5.576666E-01,7.290432E-02,0.000000E+00,0.000000E+00,0.000000E+00,0.000000E+00,0.000000E+00,0.000000E+00,0.000000E+00,0.000000E+00,2.110805E+01,7.994182E+01,2.388836E+01,6.527868E+01
01:19:00,8.009233E+03,8.237800E+02,5.576666E-01,7.275041E-02,0.000000E+00,0.000000E+00,0.000000E+00,0.000000E+00,0.000000E+00,0.000000E+00,0.000000E+00,0.000000E+00,2.110805E+01,7.994182E+01,2.388836E+01,6.529843E+01
01:20:00,8.009233E+03,8.220457E+02,5.576666E-01,7.259724E-02,0.000000E+00,0.000000E+00,0.000000E+00,0.000000E+00,0.000000E+00,0.000000E+00,0.000000E+00,0.000000E+00,2.110805E+01,7.994182E+01,2.388836E+01,6.531812E+01
01:21:00,8.009233E+03,8.203196E+02,5.576666E-01,7.244480E-02,0.000000E+00,0.000000E+00,0.000000E+00,0.000000E+00,0.000000E+00,0.000000E+00,0.000000E+00,0.000000E+00,2.110805E+01,7.994182E+01,2.388836E+01,6.533774E+01
01:22:00,8.009233E+03,8.186018E+02,5.576666E-01,7.229310E-02,0.000000E+00,0.000000E+00,0.000000E+00,0.000000E+00,0.000000E+00,0.000000E+00,0.000000E+00,0.000000E+00,2.110805E+01,7.994182E+01,2.388836E+01,6.535729E+01
01:23:00,8.009233E+03,8.168924E+02,5.576666E-01,7.214213E-02,0.000000E+00,0.000000E+00,0.000000E+00,0.000000E+00,0.000000E+00,0.000000E+00,0.000000E+00,0.000000E+00,2.110805E+01,7.994182E+01,2.388836E+01,6.537678E+01
01:24:00,8.009233E+03,8.151912E+02,5.576666E-01,7.199189E-02,0.000000E+00,0.000000E+00,0.000000E+00,0.000000E+00,0.000000E+00,0.000000E+00,0.000000E+00,0.000000E+00,2.110805E+01,7.994182E+01,2.388836E+01,6.539620E+01
01:25:00,8.009233E+03,8.134983E+02,5.576666E-01,7.184238E-02,0.000000E+00,0.000000E+00,0.000000E+00,0.000000E+00,0.000000E+00,0.000000E+00,0.000000E+00,0.000000E+00,2.110805E+01,7.994182E+01,2.388836E+01,6.541557E+01
01:26:00,8.009233E+03,8.118137E+02,5.576666E-01,7.169360E-02,0.000000E+00,0.000000E+00,0.000000E+00,0.000000E+00,0.000000E+00,0.000000E+00,0.000000E+00,0.000000E+00,2.110805E+01,7.994182E+01,2.388836E+01,6.543487E+01
01:27:00,8.009233E+03,8.101373E+02,5.576666E-01,7.154555E-02,0.000000E+00,0.000000E+00,0.000000E+00,0.000000E+00,0.000000E+00,0.000000E+00,0.000000E+00,0.000000E+00,2.110805E+01,7.994182E+01,2.388836E+01,6.545412E+01
01:28:00,8.009233E+03,8.084692E+02,5.576666E-01,7.139823E-02,0.000000E+00,0.000000E+00,0.000000E+00,0.000000E+00,0.000000E+00,0.000000E+00,0.000000E+00,0.000000E+00,2.110805E+01,7.994182E+01,2.388836E+01,6.547331E+01
01:29:00,8.009233E+03,8.068094E+02,5.576666E-01,7.125164E-02,0.000000E+00,0.000000E+00,0.000000E+00,0.000000E+00,0.000000E+00,0.000000E+00,0.000000E+00,0.000000E+00,2.110805E+01,7.994182E+01,2.388836E+01,6.549244E+01
01:30:00,8.009233E+03,8.051578E+02,5.576666E-01,7.110578E-02,0.000000E+00,0.000000E+00,0.000000E+00,0.000000E+00,0.000000E+00,0.000000E+00,0.000000E+00,0.000000E+00,2.110805E+01,7.994182E+01,2.388836E+01,6.551152E+01
01:31:00,8.009233E+03,8.035144E+02,5.576666E-01,7.096065E-02,0.000000E+00,0.000000E+00,0.000000E+00,0.000000E+00,0.000000E+00,0.000000E+00,0.000000E+00,0.000000E+00,2.110805E+01,7.994182E+01,2.388836E+01,6.553055E+01
01:32:00,8.009233E+03,8.018793E+02,5.576666E-01,7.081624E-02,0.000000E+00,0.000000E+00,0.000000E+00,0.000000E+00,0.000000E+00,0.000000E+00,0.000000E+00,0.000000E+00,2.110805E+01,7.994182E+01,2.388837E+01,6.554953E+01
01:33:00,8.009233E+03,8.002524E+02,5.576666E-01,7.067256E-02,0.000000E+00,0.000000E+00,0.000000E+00,0.000000E+00,0.000000E+00,0.000000E+00,0.000000E+00,0.000000E+00,2.110805E+01,7.994182E+01,2.388837E+01,6.556845E+01
01:34:00,8.009233E+03,7.986337E+02,5.576666E-01,7.052961E-02,0.000000E+00,0.000000E+00,0.000000E+00,0.000000E+00,0.000000E+00,0.000000E+00,0.000000E+00,0.000000E+00,2.110805E+01,7.994182E+01,2.388837E+01,6.558733E+01
01:35:00,8.009233E+03,7.970233E+02,5.576666E-01,7.038738E-02,0.000000E+00,0.000000E+00,0.000000E+00,0.000000E+00,0.000000E+00,0.000000E+00,0.000000E+00,0.000000E+00,2.110805E+01,7.994182E+01,2.388837E+01,6.560616E+01
01:36:00,8.009233E+03,7.954211E+02,5.576666E-01,7.024588E-02,0.000000E+00,0.000000E+00,0.000000E+00,0.000000E+00,0.000000E+00,0.000000E+00,0.000000E+00,0.000000E+00,2.110805E+01,7.994182E+01,2.388837E+01,6.562495E+01
01:37:00,8.009233E+03,7.938270E+02,5.576666E-01,7.010510E-02,0.000000E+00,0.000000E+00,0.000000E+00,0.000000E+00,0.000000E+00,0.000000E+00,0.000000E+00,0.000000E+00,2.110805E+01,7.994182E+01,2.388837E+01,6.564369E+01
01:38:00,8.009233E+03,7.922412E+02,5.576666E-01,6.996505E-02,0.000000E+00,0.000000E+00,0.000000E+00,0.000000E+00,0.000000E+00,0.000000E+00,0.000000E+00,0.000000E+00,2.110805E+01,7.994182E+01,2.388837E+01,6.566239E+01
01:39:00,8.009233E+03,7.906636E+02,5.576666E-01,6.982572E-02,0.000000E+00,0.000000E+00,0.000000E+00,0.000000E+00,0.000000E+00,0.000000E+00,0.000000E+00,0.000000E+00,2.110805E+01,7.994182E+01,2.388837E+01,6.568104E+01
01:40:00,8.009233E+03,7.890941E+02,5.576666E-01,6.968712E-02,0.000000E+00,0.000000E+00,0.000000E+00,0.000000E+00,0.000000E+00,0.000000E+00,0.000000E+00,0.000000E+00,2.110805E+01,7.994182E+01,2.388837E+01,6.569965E+01
01:41:00,8.009233E+03,7.875329E+02,5.576666E-01,6.954924E-02,0.000000E+00,0.000000E+00,0.000000E+00,0.000000E+00,0.000000E+00,0.000000E+00,0.000000E+00,0.000000E+00,2.110805E+01,7.994182E+01,2.388837E+01,6.571823E+01
01:42:00,8.009233E+03,7.859798E+02,5.576666E-01,6.941208E-02,0.000000E+00,0.000000E+00,0.000000E+00,0.000000E+00,0.000000E+00,0.000000E+00,0.000000E+00,0.000000E+00,2.110805E+01,7.994182E+01,2.388837E+01,6.573676E+01
01:43:00,8.009233E+03,7.844349E+02,5.576666E-01,6.927564E-02,0.000000E+00,0.000000E+00,0.000000E+00,0.000000E+00,0.000000E+00,0.000000E+00,0.000000E+00,0.000000E+00,2.110805E+01,7.994182E+01,2.388837E+01,6.575525E+01
01:44:00,8.009233E+03,7.828982E+02,5.576666E-01,6.913992E-02,0.000000E+00,0.000000E+00,0.000000E+00,0.000000E+00,0.000000E+00,0.000000E+00,0.000000E+00,0.000000E+00,2.110805E+01,7.994182E+01,2.388837E+01,6.577371E+01
01:45:00,8.009233E+03,7.813697E+02,5.576666E-01,6.900493E-02,0.000000E+00,0.000000E+00,0.000000E+00,0.000000E+00,0.000000E+00,0.000000E+00,0.000000E+00,0.000000E+00,2.110805E+01,7.994182E+01,2.388837E+01,6.579213E+01
01:46:00,8.009233E+03,7.798493E+02,5.576666E-01,6.887065E-02,0.000000E+00,0.000000E+00,0.000000E+00,0.000000E+00,0.000000E+00,0.000000E+00,0.000000E+00,0.000000E+00,2.110805E+01,7.994182E+01,2.388837E+01,6.581051E+01
01:47:00,8.009233E+03,7.783370E+02,5.576666E-01,6.873710E-02,0.000000E+00,0.000000E+00,0.000000E+00,0.000000E+00,0.000000E+00,0.000000E+00,0.000000E+00,0.000000E+00,2.110805E+01,7.994182E+01,2.388837E+01,6.582886E+01
01:48:00,8.009233E+03,7.768330E+02,5.576666E-01,6.860427E-02,0.000000E+00,0.000000E+00,0.000000E+00,0.000000E+00,0.000000E+00,0.000000E+00,0.000000E+00,0.000000E+00,2.110805E+01,7.994182E+01,2.388837E+01,6.584717E+01
01:49:00,8.009233E+03,7.753370E+02,5.576666E-01,6.847215E-02,0.000000E+00,0.000000E+00,0.000000E+00,0.000000E+00,0.000000E+00,0.000000E+00,0.000000E+00,0.000000E+00,2.110805E+01,7.994182E+01,2.388837E+01,6.586545E+01
01:50:00,8.009233E+03,7.738492E+02,5.576666E-01,6.834076E-02,0.000000E+00,0.000000E+00,0.000000E+00,0.000000E+00,0.000000E+00,0.000000E+00,0.000000E+00,0.000000E+00,2.110805E+01,7.994182E+01,2.388838E+01,6.588370E+01
01:51:00,8.009233E+03,7.723696E+02,5.576666E-01,6.821009E-02,0.000000E+00,0.000000E+00,0.000000E+00,0.000000E+00,0.000000E+00,0.000000E+00,0.000000E+00,0.000000E+00,2.110805E+01,7.994182E+01,2.388838E+01,6.590191E+01
01:52:00,8.009233E+03,7.708981E+02,5.576666E-01,6.808013E-02,0.000000E+00,0.000000E+00,0.000000E+00,0.000000E+00,0.000000E+00,0.000000E+00,0.000000E+00,0.000000E+00,2.110805E+01,7.994182E+01,2.388838E+01,6.592009E+01
01:53:00,8.009233E+03,7.694347E+02,5.576666E-01,6.795089E-02,0.000000E+00,0.000000E+00,0.000000E+00,0.000000E+00,0.000000E+00,0.000000E+00,0.000000E+00,0.000000E+00,2.110805E+01,7.994182E+01,2.388838E+01,6.593825E+01
01:54:00,8.009233E+03,7.679795E+02,5.576666E-01,6.782237E-02,0.000000E+00,0.000000E+00,0.000000E+00,0.000000E+00,0.000000E+00,0.000000E+00,0.000000E+00,0.000000E+00,2.110805E+01,7.994182E+01,2.388838E+01,6.595637E+01
01:55:00,8.009233E+03,7.665323E+02,5.576666E-01,6.769457E-02,0.000000E+00,0.000000E+00,0.000000E+00,0.000000E+00,0.000000E+00,0.000000E+00,0.000000E+00,0.000000E+00,2.110805E+01,7.994182E+01,2.388838E+01,6.597447E+01
01:56:00,8.009233E+03,7.650933E+02,5.576666E-01,6.756748E-02,0.000000E+00,0.000000E+00,0.000000E+00,0.000000E+00,0.000000E+00,0.000000E+00,0.000000E+00,0.000000E+00,2.110805E+01,7.994182E+01,2.388838E+01,6.599253E+01
01:57:00,8.009233E+03,7.636624E+02,5.576666E-01,6.744111E-02,0.000000E+00,0.000000E+00,0.000000E+00,0.000000E+00,0.000000E+00,0.000000E+00,0.000000E+00,0.000000E+00,2.110805E+01,7.994182E+01,2.388838E+01,6.601056E+01
01:58:00,8.009233E+03,7.622397E+02,5.576666E-01,6.731546E-02,0.000000E+00,0.000000E+00,0.000000E+00,0.000000E+00,0.000000E+00,0.000000E+00,0.000000E+00,0.000000E+00,2.110805E+01,7.994182E+01,2.388838E+01,6.602858E+01
01:59:00,8.009233E+03,7.608250E+02,5.576666E-01,6.719053E-02,0.000000E+00,0.000000E+00,0.000000E+00,0.000000E+00,0.000000E+00,0.000000E+00,0.000000E+00,0.000000E+00,2.110805E+01,7.994182E+01,2.388838E+01,6.604656E+01
02:00:00,8.009233E+03,7.594185E+02,5.576666E-01,6.706631E-02,0.000000E+00,0.000000E+00,0.000000E+00,0.000000E+00,0.000000E+00,0.000000E+00,0.000000E+00,0.000000E+00,2.110805E+01,7.994182E+01,2.388838E+01,6.606451E+01
02:01:00,8.009233E+03,7.580172E+02,5.576666E-01,6.694255E-02,0.000000E+00,0.000000E+00,0.000000E+00,0.000000E+00,0.000000E+00,0.000000E+00,0.000000E+00,0.000000E+00,2.110805E+01,7.994182E+01,2.388838E+01,6.608244E+01
02:02:00,8.009233E+03,7.566211E+02,5.576666E-01,6.681926E-02,0.000000E+00,0.000000E+00,0.000000E+00,0.000000E+00,0.000000E+00,0.000000E+00,0.000000E+00,0.000000E+00,2.110805E+01,7.994182E+01,2.388838E+01,6.610032E+01
02:03:00,8.009233E+03,7.552303E+02,5.576666E-01,6.669643E-02,0.000000E+00,0.000000E+00,0.000000E+00,0.000000E+00,0.000000E+00,0.000000E+00,0.000000E+00,0.000000E+00,2.110805E+01,7.994182E+01,2.388838E+01,6.611811E+01
02:04:00,8.009233E+03,7.538448E+02,5.576666E-01,6.657407E-02,0.000000E+00,0.000000E+00,0.000000E+00,0.000000E+00,0.000000E+00,0.000000E+00,0.000000E+00,0.000000E+00,2.110805E+01,7.994182E+01,2.388838E+01,6.613583E+01
02:05:00,8.009233E+03,7.524645E+02,5.576666E-01,6.645217E-02,0.000000E+00,0.000000E+00,0.000000E+00,0.000000E+00,0.000000E+00,0.000000E+00,0.000000E+00,0.000000E+00,2.110805E+01,7.994182E+01,2.388838E+01,6.615347E+01
02:06:00,8.009233E+03,7.510895E+02,5.576666E-01,6.633074E-02,0.000000E+00,0.000000E+00,0.000000E+00,0.000000E+00,0.000000E+00,0.000000E+00,0.000000E+00,0.000000E+00,2.110805E+01,7.994182E+01,2.388838E+01,6.617103E+01
02:07:00,8.009233E+03,7.497198E+02,5.576666E-01,6.620977E-02,0.000000E+00,0.000000E+00,0.000000E+00,0.000000E+00,0.000000E+00,0.000000E+00,0.000000E+00,0.000000E+00,2.110805E+01,7.994182E+01,2.388838E+01,6.618851E+01
02:08:00,8.009233E+03,7.483553E+02,5.576666E-01,6.608926E-02,0.000000E+00,0.000000E+00,0.000000E+00,0.000000E+00,0.000000E+00,0.000000E+00,0.000000E+00,0.000000E+00,2.110805E+01,7.994182E+01,2.388838E+01,6.620592E+01
02:09:00,8.009233E+03,7.469960E+02,5.576666E-01,6.596922E-02,0.000000E+00,0.000000E+00,0.000000E+00,0.000000E+00,0.000000E+00,0.000000E+00,0.000000E+00,0.000000E+00,2.110805E+01,7.994182E+01,2.388839E+01,6.622326E+01
02:10:00,8.009233E+03,7.456420E+02,5.576666E-01,6.584963E-02,0.000000E+00,0.000000E+00,0.000000E+00,0.000000E+00,0.000000E+00,0.000000E+00,0.000000E+00,0.000000E+00,2.110805E+01,7.994182E+01,2.388839E+01,6.624053E+01
02:11:00,8.009233E+03,7.442932E+02,5.576666E-01,6.573052E-02,0.000000E+00,0.000000E+00,0.000000E+00,0.000000E+00,0.000000E+00,0.000000E+00,0.000000E+00,0.000000E+00,2.110805E+01,7.994182E+01,2.388839E+01,6.625773E+01
02:12:00,8.009233E+03,7.429496E+02,5.576666E-01,6.561186E-02,0.000000E+00,0.000000E+00,0.000000E+00,0.000000E+00,0.000000E+00,0.000000E+00,0.000000E+00,0.000000E+00,2.110805E+01,7.994182E+01,2.388839E+01,6.627486E+01
02:13:00,8.009233E+03,7.416113E+02,5.576667E-01,6.549367E-02,0.000000E+00,0.000000E+00,0.000000E+00,0.000000E+00,0.000000E+00,0.000000E+00,0.000000E+00,0.000000E+00,2.110805E+01,7.994182E+01,2.388839E+01,6.629193E+01
02:14:00,8.009233E+03,7.402782E+02,5.576667E-01,6.537594E-02,0.000000E+00,0.000000E+00,0.000000E+00,0.000000E+00,0.000000E+00,0.000000E+00,0.000000E+00,0.000000E+00,2.110805E+01,7.994182E+01,2.388839E+01,6.630894E+01
02:15:00,8.009233E+03,7.389504E+02,5.576667E-01,6.525867E-02,0.000000E+00,0.000000E+00,0.000000E+00,0.000000E+00,0.000000E+00,0.000000E+00,0.000000E+00,0.000000E+00,2.110805E+01,7.994182E+01,2.388839E+01,6.632588E+01
02:16:00,8.009233E+03,7.376277E+02,5.576667E-01,6.514186E-02,0.000000E+00,0.000000E+00,0.000000E+00,0.000000E+00,0.000000E+00,0.000000E+00,0.000000E+00,0.000000E+00,2.110805E+01,7.994182E+01,2.388839E+01,6.634276E+01
02:17:00,8.009233E+03,7.363103E+02,5.576667E-01,6.502551E-02,0.000000E+00,0.000000E+00,0.000000E+00,0.000000E+00,0.000000E+00,0.000000E+00,0.000000E+00,0.000000E+00,2.110805E+01,7.994182E+01,2.388839E+01,6.635958E+01
02:18:00,8.009233E+03,7.349982E+02,5.576667E-01,6.490963E-02,0.000000E+00,0.000000E+00,0.000000E+00,0.000000E+00,0.000000E+00,0.000000E+00,0.000000E+00,0.000000E+00,2.110805E+01,7.994182E+01,2.388839E+01,6.637635E+01
02:19:00,8.009233E+03,7.336912E+02,5.576667E-01,6.479420E-02,0.000000E+00,0.000000E+00,0.000000E+00,0.000000E+00,0.000000E+00,0.000000E+00,0.000000E+00,0.000000E+00,2.110805E+01,7.994182E+01,2.388839E+01,6.639305E+01
02:20:00,8.009233E+03,7.323895E+02,5.576667E-01,6.467924E-02,0.000000E+00,0.000000E+00,0.000000E+00,0.000000E+00,0.000000E+00,0.000000E+00,0.000000E+00,0.000000E+00,2.110805E+01,7.994182E+01,2.388839E+01,6.640970E+01
02:21:00,8.009233E+03,7.310930E+02,5.576667E-01,6.456474E-02,0.000000E+00,0.000000E+00,0.000000E+00,0.000000E+00,0.000000E+00,0.000000E+00,0.000000E+00,0.000000E+00,2.110805E+01,7.994182E+01,2.388839E+01,6.642630E+01
02:22:00,8.009233E+03,7.298017E+02,5.576667E-01,6.445070E-02,0.000000E+00,0.000000E+00,0.000000E+00,0.000000E+00,0.000000E+00,0.000000E+00,0.000000E+00,0.000000E+00,2.110805E+01,7.994182E+01,2.388839E+01,6.644284E+01
02:23:00,8.009233E+03,7.285156E+02,5.576667E-01,6.433712E-02,0.000000E+00,0.000000E+00,0.000000E+00,0.000000E+00,0.000000E+00,0.000000E+00,0.000000E+00,0.000000E+00,2.110805E+01,7.994182E+01,2.388839E+01,6.645933E+01
02:24:00,8.009233E+03,7.272348E+02,5.576667E-01,6.422401E-02,0.000000E+00,0.000000E+00,0.000000E+00,0.000000E+00,0.000000E+00,0.000000E+00,0.000000E+00,0.000000E+00,2.110805E+01,7.994182E+01,2.388839E+01,6.647576E+01
02:25:00,8.009233E+03,7.259592E+02,5.576667E-01,6.411135E-02,0.000000E+00,0.000000E+00,0.000000E+00,0.000000E+00,0.000000E+00,0.000000E+00,0.000000E+00,0.000000E+00,2.110805E+01,7.994182E+01,2.388839E+01,6.649215E+01
02:26:00,8.009233E+03,7.246888E+02,5.576667E-01,6.399915E-02,0.000000E+00,0.000000E+00,0.000000E+00,0.000000E+00,0.000000E+00,0.000000E+00,0.000000E+00,0.000000E+00,2.110805E+01,7.994182E+01,2.388839E+01,6.650849E+01
02:27:00,8.009233E+03,7.234236E+02,5.576667E-01,6.388742E-02,0.000000E+00,0.000000E+00,0.000000E+00,0.000000E+00,0.000000E+00,0.000000E+00,0.000000E+00,0.000000E+00,2.110805E+01,7.994182E+01,2.388839E+01,6.652477E+01
02:28:00,8.009233E+03,7.221636E+02,5.576667E-01,6.377615E-02,0.000000E+00,0.000000E+00,0.000000E+00,0.000000E+00,0.000000E+00,0.000000E+00,0.000000E+00,0.000000E+00,2.110805E+01,7.994182E+01,2.388839E+01,6.654101E+01
02:29:00,8.009233E+03,7.209089E+02,5.576667E-01,6.366534E-02,0.000000E+00,0.000000E+00,0.000000E+00,0.000000E+00,0.000000E+00,0.000000E+00,0.000000E+00,0.000000E+00,2.110805E+01,7.994182E+01,2.388839E+01,6.655721E+01
02:30:00,8.009233E+03,7.196594E+02,5.576667E-01,6.355499E-02,0.000000E+00,0.000000E+00,0.000000E+00,0.000000E+00,0.000000E+00,0.000000E+00,0.000000E+00,0.000000E+00,2.110805E+01,7.994182E+01,2.388839E+01,6.657335E+01
02:31:00,8.009233E+03,7.184151E+02,5.576667E-01,6.344510E-02,0.000000E+00,0.000000E+00,0.000000E+00,0.000000E+00,0.000000E+00,0.000000E+00,0.000000E+00,0.000000E+00,2.110805E+01,7.994182E+01,2.388839E+01,6.658945E+01
02:32:00,8.009233E+03,7.171761E+02,5.576667E-01,6.333567E-02,0.000000E+00,0.000000E+00,0.000000E+00,0.000000E+00,0.000000E+00,0.000000E+00,0.000000E+00,0.000000E+00,2.110805E+01,7.994182E+01,2.388840E+01,6.660551E+01
02:33:00,8.009233E+03,7.159423E+02,5.576667E-01,6.322671E-02,0.000000E+00,0.000000E+00,0.000000E+00,0.000000E+00,0.000000E+00,0.000000E+00,0.000000E+00,0.000000E+00,2.110805E+01,7.994182E+01,2.388840E+01,6.662152E+01
02:34:00,8.009233E+03,7.147138E+02,5.576667E-01,6.311821E-02,0.000000E+00,0.000000E+00,0.000000E+00,0.000000E+00,0.000000E+00,0.000000E+00,0.000000E+00,0.000000E+00,2.110805E+01,7.994182E+01,2.388840E+01,6.663749E+01
02:35:00,8.009233E+03,7.134905E+02,5.576667E-01,6.301018E-02,0.000000E+00,0.000000E+00,0.000000E+00,0.000000E+00,0.000000E+00,0.000000E+00,0.000000E+00,0.000000E+00,2.110805E+01,7.994182E+01,2.388840E+01,6.665342E+01
02:36:00,8.009233E+03,7.122724E+02,5.576667E-01,6.290261E-02,0.000000E+00,0.000000E+00,0.000000E+00,0.000000E+00,0.000000E+00,0.000000E+00,0.000000E+00,0.000000E+00,2.110805E+01,7.994182E+01,2.388840E+01,6.666931E+01
02:37:00,8.009233E+03,7.110597E+02,5.576667E-01,6.279550E-02,0.000000E+00,0.000000E+00,0.000000E+00,0.000000E+00,0.000000E+00,0.000000E+00,0.000000E+00,0.000000E+00,2.110805E+01,7.994182E+01,2.388840E+01,6.668515E+01
02:38:00,8.009234E+03,7.098522E+02,5.576667E-01,6.268886E-02,0.000000E+00,0.000000E+00,0.000000E+00,0.000000E+00,0.000000E+00,0.000000E+00,0.000000E+00,0.000000E+00,2.110805E+01,7.994182E+01,2.388840E+01,6.670095E+01
02:39:00,8.009234E+03,7.086499E+02,5.576667E-01,6.258268E-02,0.000000E+00,0.000000E+00,0.000000E+00,0.000000E+00,0.000000E+00,0.000000E+00,0.000000E+00,0.000000E+00,2.110805E+01,7.994182E+01,2.388840E+01,6.671671E+01
02:40:00,8.009234E+03,7.074529E+02,5.576667E-01,6.247697E-02,0.000000E+00,0.000000E+00,0.000000E+00,0.000000E+00,0.000000E+00,0.000000E+00,0.000000E+00,0.000000E+00,2.110805E+01,7.994182E+01,2.388840E+01,6.673244E+01
02:41:00,8.009234E+03,7.062611E+02,5.576667E-01,6.237171E-02,0.000000E+00,0.000000E+00,0.000000E+00,0.000000E+00,0.000000E+00,0.000000E+00,0.000000E+00,0.000000E+00,2.110805E+01,7.994182E+01,2.388840E+01,6.674812E+01
02:42:00,8.009234E+03,7.050745E+02,5.576667E-01,6.226692E-02,0.000000E+00,0.000000E+00,0.000000E+00,0.000000E+00,0.000000E+00,0.000000E+00,0.000000E+00,0.000000E+00,2.110805E+01,7.994182E+01,2.388840E+01,6.676377E+01
02:43:00,8.009234E+03,7.038931E+02,5.576667E-01,6.216259E-02,0.000000E+00,0.000000E+00,0.000000E+00,0.000000E+00,0.000000E+00,0.000000E+00,0.000000E+00,0.000000E+00,2.110805E+01,7.994182E+01,2.388840E+01,6.677938E+01
02:44:00,8.009234E+03,7.027169E+02,5.576667E-01,6.205871E-02,0.000000E+00,0.000000E+00,0.000000E+00,0.000000E+00,0.000000E+00,0.000000E+00,0.000000E+00,0.000000E+00,2.110805E+01,7.994182E+01,2.388840E+01,6.679496E+01
02:45:00,8.009234E+03,7.015460E+02,5.576667E-01,6.195530E-02,0.000000E+00,0.000000E+00,0.000000E+00,0.000000E+00,0.000000E+00,0.000000E+00,0.000000E+00,0.000000E+00,2.110805E+01,7.994182E+01,2.388840E+01,6.681050E+01
02:46:00,8.009234E+03,7.003803E+02,5.576667E-01,6.185235E-02,0.000000E+00,0.000000E+00,0.000000E+00,0.000000E+00,0.000000E+00,0.000000E+00,0.000000E+00,0.000000E+00,2.110805E+01,7.994182E+01,2.388840E+01,6.682600E+01
02:47:00,8.009234E+03,6.992198E+02,5.576667E-01,6.174986E-02,0.000000E+00,0.000000E+00,0.000000E+00,0.000000E+00,0.000000E+00,0.000000E+00,0.000000E+00,0.000000E+00,2.110805E+01,7.994182E+01,2.388840E+01,6.684147E+01
02:48:00,8.009234E+03,6.980645E+02,5.576667E-01,6.164783E-02,0.000000E+00,0.000000E+00,0.000000E+00,0.000000E+00,0.000000E+00,0.000000E+00,0.000000E+00,0.000000E+00,2.110805E+01,7.994182E+01,2.388840E+01,6.685691E+01
02:49:00,8.009234E+03,6.969144E+02,5.576667E-01,6.154626E-02,0.000000E+00,0.000000E+00,0.000000E+00,0.000000E+00,0.000000E+00,0.000000E+00,0.000000E+00,0.000000E+00,2.110805E+01,7.994182E+01,2.388840E+01,6.687231E+01
02:50:00,8.009234E+03,6.957695E+02,5.576667E-01,6.144515E-02,0.000000E+00,0.000000E+00,0.000000E+00,0.000000E+00,0.000000E+00,0.000000E+00,0.000000E+00,0.000000E+00,2.110805E+01,7.994182E+01,2.388840E+01,6.688768E+01
02:51:00,8.009234E+03,6.946299E+02,5.576667E-01,6.134450E-02,0.000000E+00,0.000000E+00,0.000000E+00,0.000000E+00,0.000000E+00,0.000000E+00,0.000000E+00,0.000000E+00,2.110805E+01,7.994182E+01,2.388840E+01,6.690302E+01
02:52:00,8.009234E+03,6.934954E+02,5.576667E-01,6.124432E-02,0.000000E+00,0.000000E+00,0.000000E+00,0.000000E+00,0.000000E+00,0.000000E+00,0.000000E+00,0.000000E+00,2.110805E+01,7.994182E+01,2.388840E+01,6.691832E+01
02:53:00,8.009234E+03,6.923662E+02,5.576667E-01,6.114459E-02,0.000000E+00,0.000000E+00,0.000000E+00,0.000000E+00,0.000000E+00,0.000000E+00,0.000000E+00,0.000000E+00,2.110805E+01,7.994182E+01,2.388840E+01,6.693359E+01
02:54:00,8.009234E+03,6.912422E+02,5.576667E-01,6.104532E-02,0.000000E+00,0.000000E+00,0.000000E+00,0.000000E+00,0.000000E+00,0.000000E+00,0.000000E+00,0.000000E+00,2.110805E+01,7.994182E+01,2.388841E+01,6.694884E+01
02:55:00,8.009234E+03,6.901234E+02,5.576667E-01,6.094652E-02,0.000000E+00,0.000000E+00,0.000000E+00,0.000000E+00,0.000000E+00,0.000000E+00,0.000000E+00,0.000000E+00,2.110805E+01,7.994182E+01,2.388841E+01,6.696405E+01
02:56:00,8.009234E+03,6.890098E+02,5.576667E-01,6.084817E-02,0.000000E+00,0.000000E+00,0.000000E+00,0.000000E+00,0.000000E+00,0.000000E+00,0.000000E+00,0.000000E+00,2.110805E+01,7.994182E+01,2.388841E+01,6.697923E+01
02:57:00,8.009234E+03,6.879015E+02,5.576667E-01,6.075029E-02,0.000000E+00,0.000000E+00,0.000000E+00,0.000000E+00,0.000000E+00,0.000000E+00,0.000000E+00,0.000000E+00,2.110805E+01,7.994182E+01,2.388841E+01,6.699438E+01
02:58:00,8.009234E+03,6.867984E+02,5.576667E-01,6.065287E-02,0.000000E+00,0.000000E+00,0.000000E+00,0.000000E+00,0.000000E+00,0.000000E+00,0.000000E+00,0.000000E+00,2.110805E+01,7.994182E+01,2.388841E+01,6.700950E+01
02:59:00,8.009234E+03,6.857005E+02,5.576667E-01,6.055591E-02,0.000000E+00,0.000000E+00,0.000000E+00,0.000000E+00,0.000000E+00,0.000000E+00,0.000000E+00,0.000000E+00,2.110805E+01,7.994182E+01,2.388841E+01,6.702460E+01
03:00:00,8.009234E+03,6.846079E+02,5.576667E-01,6.045942E-02,0.000000E+00,0.000000E+00,0.000000E+00,0.000000E+00,0.000000E+00,0.000000E+00,0.000000E+00,0.000000E+00,2.110805E+01,7.994182E+01,2.388841E+01,6.703966E+01
03:01:00,8.009234E+03,6.835177E+02,5.576667E-01,6.036314E-02,0.000000E+00,0.000000E+00,0.000000E+00,0.000000E+00,0.000000E+00,0.000000E+00,0.000000E+00,0.000000E+00,2.110805E+01,7.994182E+01,2.388841E+01,6.705469E+01
03:02:00,8.009234E+03,6.824299E+02,5.576667E-01,6.026707E-02,0.000000E+00,0.000000E+00,0.000000E+00,0.000000E+00,0.000000E+00,0.000000E+00,0.000000E+00,0.000000E+00,2.110805E+01,7.994182E+01,2.388841E+01,6.706969E+01
03:03:00,8.009234E+03,6.813446E+02,5.576667E-01,6.017122E-02,0.000000E+00,0.000000E+00,0.000000E+00,0.000000E+00,0.000000E+00,0.000000E+00,0.000000E+00,0.000000E+00,2.110805E+01,7.994182E+01,2.388841E+01,6.708467E+01
03:04:00,8.009234E+03,6.802617E+02,5.576667E-01,6.007558E-02,0.000000E+00,0.000000E+00,0.000000E+00,0.000000E+00,0.000000E+00,0.000000E+00,0.000000E+00,0.000000E+00,2.110805E+01,7.994182E+01,2.388841E+01,6.709961E+01
03:05:00,8.009234E+03,6.791813E+02,5.576667E-01,5.998017E-02,0.000000E+00,0.000000E+00,0.000000E+00,0.000000E+00,0.000000E+00,0.000000E+00,0.000000E+00,0.000000E+00,2.110805E+01,7.994182E+01,2.388841E+01,6.711453E+01
03:06:00,8.009234E+03,6.781034E+02,5.576667E-01,5.988497E-02,0.000000E+00,0.000000E+00,0.000000E+00,0.000000E+00,0.000000E+00,0.000000E+00,0.000000E+00,0.000000E+00,2.110805E+01,7.994182E+01,2.388841E+01,6.712942E+01
03:07:00,8.009234E+03,6.770280E+02,5.576667E-01,5.979000E-02,0.000000E+00,0.000000E+00,0.000000E+00,0.000000E+00,0.000000E+00,0.000000E+00,0.000000E+00,0.000000E+00,2.110805E+01,7.994182E+01,2.388841E+01,6.714428E+01
03:08:00,8.009234E+03,6.759553E+02,5.576667E-01,5.969526E-02,0.000000E+00,0.000000E+00,0.000000E+00,0.000000E+00,0.000000E+00,0.000000E+00,0.000000E+00,0.000000E+00,2.110805E+01,7.994182E+01,2.388841E+01,6.715911E+01
03:09:00,8.009234E+03,6.748850E+02,5.576667E-01,5.960074E-02,0.000000E+00,0.000000E+00,0.000000E+00,0.000000E+00,0.000000E+00,0.000000E+00,0.000000E+00,0.000000E+00,2.110805E+01,7.994182E+01,2.388841E+01,6.717391E+01
03:10:00,8.009234E+03,6.738173E+02,5.576667E-01,5.950645E-02,0.000000E+00,0.000000E+00,0.000000E+00,0.000000E+00,0.000000E+00,0.000000E+00,0.000000E+00,0.000000E+00,2.110805E+01,7.994182E+01,2.388841E+01,6.718869E+01
03:11:00,8.009234E+03,6.727520E+02,5.576667E-01,5.941237E-02,0.000000E+00,0.000000E+00,0.000000E+00,0.000000E+00,0.000000E+00,0.000000E+00,0.000000E+00,0.000000E+00,2.110805E+01,7.994182E+01,2.388841E+01,6.720343E+01
03:12:00,8.009234E+03,6.716892E+02,5.576667E-01,5.931851E-02,0.000000E+00,0.000000E+00,0.000000E+00,0.000000E+00,0.000000E+00,0.000000E+00,0.000000E+00,0.000000E+00,2.110805E+01,7.994182E+01,2.388841E+01,6.721814E+01
03:13:00,8.009234E+03,6.706289E+02,5.576667E-01,5.922486E-02,0.000000E+00,0.000000E+00,0.000000E+00,0.000000E+00,0.000000E+00,0.000000E+00,0.000000E+00,0.000000E+00,2.110805E+01,7.994182E+01,2.388841E+01,6.723283E+01
03:14:00,8.009234E+03,6.695709E+02,5.576667E-01,5.913143E-02,0.000000E+00,0.000000E+00,0.000000E+00,0.000000E+00,0.000000E+00,0.000000E+00,0.000000E+00,0.000000E+00,2.110805E+01,7.994182E+01,2.388841E+01,6.724749E+01
03:15:00,8.009234E+03,6.685154E+02,5.576667E-01,5.903821E-02,0.000000E+00,0.000000E+00,0.000000E+00,0.000000E+00,0.000000E+00,0.000000E+00,0.000000E+00,0.000000E+00,2.110805E+01,7.994182E+01,2.388841E+01,6.726213E+01
03:16:00,8.009234E+03,6.674623E+02,5.576667E-01,5.894521E-02,0.000000E+00,0.000000E+00,0.000000E+00,0.000000E+00,0.000000E+00,0.000000E+00,0.000000E+00,0.000000E+00,2.110805E+01,7.994182E+01,2.388842E+01,6.727674E+01
03:17:00,8.009234E+03,6.664116E+02,5.576667E-01,5.885242E-02,0.000000E+00,0.000000E+00,0.000000E+00,0.000000E+00,0.000000E+00,0.000000E+00,0.000000E+00,0.000000E+00,2.110805E+01,7.994182E+01,2.388842E+01,6.729133E+01
03:18:00,8.009234E+03,6.653633E+02,5.576667E-01,5.875983E-02,0.000000E+00,0.000000E+00,0.000000E+00,0.000000E+00,0.000000E+00,0.000000E+00,0.000000E+00,0.000000E+00,2.110805E+01,7.994182E+01,2.388842E+01,6.730589E+01
03:19:00,8.009234E+03,6.643174E+02,5.576667E-01,5.866746E-02,0.000000E+00,0.000000E+00,0.000000E+00,0.000000E+00,0.000000E+00,0.000000E+00,0.000000E+00,0.000000E+00,2.110805E+01,7.994182E+01,2.388842E+01,6.732043E+01
03:20:00,8.009234E+03,6.632738E+02,5.576667E-01,5.857530E-02,0.000000E+00,0.000000E+00,0.000000E+00,0.000000E+00,0.000000E+00,0.000000E+00,0.000000E+00,0.000000E+00,2.110805E+01,7.994182E+01,2.388842E+01,6.733495E+01
03:21:00,8.009234E+03,6.622326E+02,5.576667E-01,5.848335E-02,0.000000E+00,0.000000E+00,0.000000E+00,0.000000E+00,0.000000E+00,0.000000E+00,0.000000E+00,0.000000E+00,2.110805E+01,7.994182E+01,2.388842E+01,6.734944E+01
03:22:00,8.009234E+03,6.611938E+02,5.576667E-01,5.839161E-02,0.000000E+00,0.000000E+00,0.000000E+00,0.000000E+00,0.000000E+00,0.000000E+00,0.000000E+00,0.000000E+00,2.110805E+01,7.994182E+01,2.388842E+01,6.736391E+01
03:23:00,8.009234E+03,6.601574E+02,5.576667E-01,5.830008E-02,0.000000E+00,0.000000E+00,0.000000E+00,0.000000E+00,0.000000E+00,0.000000E+00,0.000000E+00,0.000000E+00,2.110805E+01,7.994182E+01,2.388842E+01,6.737835E+01
03:24:00,8.009234E+03,6.591233E+02,5.576667E-01,5.820875E-02,0.000000E+00,0.000000E+00,0.000000E+00,0.000000E+00,0.000000E+00,0.000000E+00,0.000000E+00,0.000000E+00,2.110805E+01,7.994182E+01,2.388842E+01,6.739277E+01
03:25:00,8.009234E+03,6.580915E+02,5.576667E-01,5.811763E-02,0.000000E+00,0.000000E+00,0.000000E+00,0.000000E+00,0.000000E+00,0.000000E+00,0.000000E+00,0.000000E+00,2.110805E+01,7.994182E+01,2.388842E+01,6.740717E+01
03:26:00,8.009234E+03,6.570621E+02,5.576667E-01,5.802672E-02,0.000000E+00,0.000000E+00,0.000000E+00,0.000000E+00,0.000000E+00,0.000000E+00,0.000000E+00,0.000000E+00,2.110805E+01,7.994182E+01,2.388842E+01,6.742155E+01
03:27:00,8.009234E+03,6.560350E+02,5.576667E-01,5.793601E-02,0.000000E+00,0.000000E+00,0.000000E+00,0.000000E+00,0.000000E+00,0.000000E+00,0.000000E+00,0.000000E+00,2.110805E+01,7.994182E+01,2.388842E+01,6.743591E+01
03:28:00,8.009234E+03,6.550103E+02,5.576667E-01,5.784552E-02,0.000000E+00,0.000000E+00,0.000000E+00,0.000000E+00,0.000000E+00,0.000000E+00,0.000000E+00,0.000000E+00,2.110805E+01,7.994182E+01,2.388842E+01,6.745024E+01
03:29:00,8.009234E+03,6.539880E+02,5.576667E-01,5.775523E-02,0.000000E+00,0.000000E+00,0.000000E+00,0.000000E+00,0.000000E+00,0.000000E+00,0.000000E+00,0.000000E+00,2.110805E+01,7.994182E+01,2.388842E+01,6.746455E+01
03:30:00,8.009234E+03,6.529679E+02,5.576667E-01,5.766514E-02,0.000000E+00,0.000000E+00,0.000000E+00,0.000000E+00,0.000000E+00,0.000000E+00,0.000000E+00,0.000000E+00,2.110805E+01,7.994182E+01,2.388842E+01,6.747884E+01
03:31:00,8.009234E+03,6.519502E+02,5.576667E-01,5.757527E-02,0.000000E+00,0.000000E+00,0.000000E+00,0.000000E+00,0.000000E+00,0.000000E+00,0.000000E+00,0.000000E+00,2.110805E+01,7.994182E+01,2.388842E+01,6.749311E+01
03:32:00,8.009234E+03,6.509349E+02,5.576667E-01,5.748560E-02,0.000000E+00,0.000000E+00,0.000000E+00,0.000000E+00,0.000000E+00,0.000000E+00,0.000000E+00,0.000000E+00,2.110805E+01,7.994182E+01,2.388842E+01,6.750735E+01
03:33:00,8.009234E+03,6.499219E+02,5.576667E-01,5.739613E-02,0.000000E+00,0.000000E+00,0.000000E+00,0.000000E+00,0.000000E+00,0.000000E+00,0.000000E+00,0.000000E+00,2.110805E+01,7.994182E+01,2.388842E+01,6.752157E+01
03:34:00,8.009234E+03,6.489112E+02,5.576667E-01,5.730688E-02,0.000000E+00,0.000000E+00,0.000000E+00,0.000000E+00,0.000000E+00,0.000000E+00,0.000000E+00,0.000000E+00,2.110805E+01,7.994182E+01,2.388842E+01,6.753577E+01
03:35:00,8.009234E+03,6.479029E+02,5.576667E-01,5.721783E-02,0.000000E+00,0.000000E+00,0.000000E+00,0.000000E+00,0.000000E+00,0.000000E+00,0.000000E+00,0.000000E+00,2.110805E+01,7.994182E+01,2.388842E+01,6.754995E+01
03:36:00,8.009234E+03,6.468969E+02,5.576667E-01,5.712899E-02,0.000000E+00,0.000000E+00,0.000000E+00,0.000000E+00,0.000000E+00,0.000000E+00,0.000000E+00,0.000000E+00,2.110805E+01,7.994182E+01,2.388842E+01,6.756411E+01
03:37:00,8.009234E+03,6.458933E+02,5.576667E-01,5.704035E-02,0.000000E+00,0.000000E+00,0.000000E+00,0.000000E+00,0.000000E+00,0.000000E+00,0.000000E+00,0.000000E+00,2.110805E+01,7.994182E+01,2.388842E+01,6.757824E+01
03:38:00,8.009234E+03,6.448921E+02,5.576667E-01,5.695193E-02,0.000000E+00,0.000000E+00,0.000000E+00,0.000000E+00,0.000000E+00,0.000000E+00,0.000000E+00,0.000000E+00,2.110805E+01,7.994182E+01,2.388842E+01,6.759236E+01
03:39:00,8.009234E+03,6.438932E+02,5.576667E-01,5.686372E-02,0.000000E+00,0.000000E+00,0.000000E+00,0.000000E+00,0.000000E+00,0.000000E+00,0.000000E+00,0.000000E+00,2.110805E+01,7.994182E+01,2.388843E+01,6.760644E+01
03:40:00,8.009234E+03,6.428968E+02,5.576667E-01,5.677572E-02,0.000000E+00,0.000000E+00,0.000000E+00,0.000000E+00,0.000000E+00,0.000000E+00,0.000000E+00,0.000000E+00,2.110805E+01,7.994182E+01,2.388843E+01,6.762051E+01
03:41:00,8.009234E+03,6.419029E+02,5.576667E-01,5.668794E-02,0.000000E+00,0.000000E+00,0.000000E+00,0.000000E+00,0.000000E+00,0.000000E+00,0.000000E+00,0.000000E+00,2.110805E+01,7.994182E+01,2.388843E+01,6.763455E+01
03:42:00,8.009234E+03,6.409115E+02,5.576667E-01,5.660038E-02,0.000000E+00,0.000000E+00,0.000000E+00,0.000000E+00,0.000000E+00,0.000000E+00,0.000000E+00,0.000000E+00,2.110805E+01,7.994182E+01,2.388843E+01,6.764857E+01
03:43:00,8.009234E+03,6.399226E+02,5.576667E-01,5.651305E-02,0.000000E+00,0.000000E+00,0.000000E+00,0.000000E+00,0.000000E+00,0.000000E+00,0.000000E+00,0.000000E+00,2.110805E+01,7.994182E+01,2.388843E+01,6.766256E+01
03:44:00,8.009234E+03,6.389362E+02,5.576667E-01,5.642594E-02,0.000000E+00,0.000000E+00,0.000000E+00,0.000000E+00,0.000000E+00,0.000000E+00,0.000000E+00,0.000000E+00,2.110805E+01,7.994182E+01,2.388843E+01,6.767653E+01
03:45:00,8.009234E+03,6.379525E+02,5.576667E-01,5.633906E-02,0.000000E+00,0.000000E+00,0.000000E+00,0.000000E+00,0.000000E+00,0.000000E+00,0.000000E+00,0.000000E+00,2.110805E+01,7.994182E+01,2.388843E+01,6.769048E+01
03:46:00,8.009234E+03,6.369714E+02,5.576667E-01,5.625242E-02,0.000000E+00,0.000000E+00,0.000000E+00,0.000000E+00,0.000000E+00,0.000000E+00,0.000000E+00,0.000000E+00,2.110805E+01,7.994182E+01,2.388843E+01,6.770439E+01
03:47:00,8.009234E+03,6.359931E+02,5.576667E-01,5.616602E-02,0.000000E+00,0.000000E+00,0.000000E+00,0.000000E+00,0.000000E+00,0.000000E+00,0.000000E+00,0.000000E+00,2.110805E+01,7.994182E+01,2.388843E+01,6.771829E+01
03:48:00,8.009234E+03,6.350177E+02,5.576667E-01,5.607987E-02,0.000000E+00,0.000000E+00,0.000000E+00,0.000000E+00,0.000000E+00,0.000000E+00,0.000000E+00,0.000000E+00,2.110805E+01,7.994182E+01,2.388843E+01,6.773215E+01
03:49:00,8.009234E+03,6.340451E+02,5.576667E-01,5.599398E-02,0.000000E+00,0.000000E+00,0.000000E+00,0.000000E+00,0.000000E+00,0.000000E+00,0.000000E+00,0.000000E+00,2.110805E+01,7.994182E+01,2.388843E+01,6.774598E+01
03:50:00,8.009234E+03,6.330747E+02,5.576667E-01,5.590828E-02,0.000000E+00,0.000000E+00,0.000000E+00,0.000000E+00,0.000000E+00,0.000000E+00,0.000000E+00,0.000000E+00,2.110805E+01,7.994182E+01,2.388843E+01,6.775979E+01
03:51:00,8.009234E+03,6.321063E+02,5.576667E-01,5.582275E-02,0.000000E+00,0.000000E+00,0.000000E+00,0.000000E+00,0.000000E+00,0.000000E+00,0.000000E+00,0.000000E+00,2.110805E+01,7.994182E+01,2.388843E+01,6.777356E+01
03:52:00,8.009234E+03,6.311397E+02,5.576667E-01,5.573739E-02,0.000000E+00,0.000000E+00,0.000000E+00,0.000000E+00,0.000000E+00,0.000000E+00,0.000000E+00,0.000000E+00,2.110805E+01,7.994182E+01,2.388843E+01,6.778732E+01
03:53:00,8.009234E+03,6.301749E+02,5.576667E-01,5.565218E-02,0.000000E+00,0.000000E+00,0.000000E+00,0.000000E+00,0.000000E+00,0.000000E+00,0.000000E+00,0.000000E+00,2.110805E+01,7.994182E+01,2.388843E+01,6.780108E+01
03:54:00,8.009234E+03,6.292117E+02,5.576667E-01,5.556712E-02,0.000000E+00,0.000000E+00,0.000000E+00,0.000000E+00,0.000000E+00,0.000000E+00,0.000000E+00,0.000000E+00,2.110805E+01,7.994182E+01,2.388843E+01,6.781482E+01
03:55:00,8.009234E+03,6.282500E+02,5.576667E-01,5.548219E-02,0.000000E+00,0.000000E+00,0.000000E+00,0.000000E+00,0.000000E+00,0.000000E+00,0.000000E+00,0.000000E+00,2.110805E+01,7.994182E+01,2.388843E+01,6.782856E+01
03:56:00,8.009234E+03,6.272897E+02,5.576667E-01,5.539738E-02,0.000000E+00,0.000000E+00,0.000000E+00,0.000000E+00,0.000000E+00,0.000000E+00,0.000000E+00,0.000000E+00,2.110805E+01,7.994182E+01,2.388843E+01,6.784229E+01
03:57:00,8.009234E+03,6.263308E+02,5.576667E-01,5.531270E-02,0.000000E+00,0.000000E+00,0.000000E+00,0.000000E+00,0.000000E+00,0.000000E+00,0.000000E+00,0.000000E+00,2.110805E+01,7.994182E+01,2.388843E+01,6.785602E+01
03:58:00,8.009234E+03,6.253732E+02,5.576667E-01,5.522812E-02,0.000000E+00,0.000000E+00,0.000000E+00,0.000000E+00,0.000000E+00,0.000000E+00,0.000000E+00,0.000000E+00,2.110805E+01,7.994182E+01,2.388843E+01,6.786976E+01
03:59:00,8.009234E+03,6.244167E+02,5.576667E-01,5.514366E-02,0.000000E+00,0.000000E+00,0.000000E+00,0.000000E+00,0.000000E+00,0.000000E+00,0.000000E+00,0.000000E+00,2.110805E+01,7.994182E+01,2.388843E+01,6.788349E+01
04:00:00,8.009234E+03,6.234614E+02,5.576667E-01,5.505929E-02,0.000000E+00,0.000000E+00,0.000000E+00,0.000000E+00,0.000000E+00,0.000000E+00,0.000000E+00,0.000000E+00,2.110805E+01,7.994182E+01,2.388844E+01,6.789722E+01
04:01:00,8.009234E+03,6.225101E+02,5.576667E-01,5.497527E-02,0.000000E+00,0.000000E+00,0.000000E+00,0.000000E+00,0.000000E+00,0.000000E+00,0.000000E+00,0.000000E+00,2.110805E+01,7.994182E+01,2.388844E+01,6.791095E+01
04:02:00,8.009234E+03,6.215625E+02,5.576667E-01,5.489159E-02,0.000000E+00,0.000000E+00,0.000000E+00,0.000000E+00,0.000000E+00,0.000000E+00,0.000000E+00,0.000000E+00,2.110805E+01,7.994182E+01,2.388844E+01,6.792466E+01
04:03:00,8.009234E+03,6.206188E+02,5.576667E-01,5.480824E-02,0.000000E+00,0.000000E+00,0.000000E+00,0.000000E+00,0.000000E+00,0.000000E+00,0.000000E+00,0.000000E+00,2.110805E+01,7.994182E+01,2.388844E+01,6.793830E+01
04:04:00,8.009234E+03,6.196788E+02,5.576667E-01,5.472523E-02,0.000000E+00,0.000000E+00,0.000000E+00,0.000000E+00,0.000000E+00,0.000000E+00,0.000000E+00,0.000000E+00,2.110805E+01,7.994182E+01,2.388844E+01,6.795190E+01
04:05:00,8.009234E+03,6.187425E+02,5.576667E-01,5.464254E-02,0.000000E+00,0.000000E+00,0.000000E+00,0.000000E+00,0.000000E+00,0.000000E+00,0.000000E+00,0.000000E+00,2.110805E+01,7.994182E+01,2.388844E+01,6.796543E+01
04:06:00,8.009234E+03,6.178098E+02,5.576667E-01,5.456016E-02,0.000000E+00,0.000000E+00,0.000000E+00,0.000000E+00,0.000000E+00,0.000000E+00,0.000000E+00,0.000000E+00,2.110805E+01,7.994182E+01,2.388844E+01,6.797891E+01
04:07:00,8.009234E+03,6.168806E+02,5.576667E-01,5.447810E-02,0.000000E+00,0.000000E+00,0.000000E+00,0.000000E+00,0.000000E+00,0.000000E+00,0.000000E+00,0.000000E+00,2.110805E+01,7.994182E+01,2.388844E+01,6.799234E+01
04:08:00,8.009234E+03,6.159548E+02,5.576667E-01,5.439635E-02,0.000000E+00,0.000000E+00,0.000000E+00,0.000000E+00,0.000000E+00,0.000000E+00,0.000000E+00,0.000000E+00,2.110805E+01,7.994182E+01,2.388844E+01,6.800572E+01
04:09:00,8.009234E+03,6.150326E+02,5.576667E-01,5.431490E-02,0.000000E+00,0.000000E+00,0.000000E+00,0.000000E+00,0.000000E+00,0.000000E+00,0.000000E+00,0.000000E+00,2.110805E+01,7.994182E+01,2.388844E+01,6.801906E+01
04:10:00,8.009234E+03,6.141138E+02,5.576667E-01,5.423376E-02,0.000000E+00,0.000000E+00,0.000000E+00,0.000000E+00,0.000000E+00,0.000000E+00,0.000000E+00,0.000000E+00,2.110805E+01,7.994182E+01,2.388844E+01,6.803234E+01
04:11:00,8.009234E+03,6.131986E+02,5.576667E-01,5.415293E-02,0.000000E+00,0.000000E+00,0.000000E+00,0.000000E+00,0.000000E+00,0.000000E+00,0.000000E+00,0.000000E+00,2.110805E+01,7.994182E+01,2.388844E+01,6.804558E+01
04:12:00,8.009234E+03,6.122868E+02,5.576667E-01,5.407241E-02,0.000000E+00,0.000000E+00,0.000000E+00,0.000000E+00,0.000000E+00,0.000000E+00,0.000000E+00,0.000000E+00,2.110805E+01,7.994182E+01,2.388844E+01,6.805877E+01
04:13:00,8.009234E+03,6.113786E+02,5.576667E-01,5.399220E-02,0.000000E+00,0.000000E+00,0.000000E+00,0.000000E+00,0.000000E+00,0.000000E+00,0.000000E+00,0.000000E+00,2.110805E+01,7.994182E+01,2.388844E+01,6.807192E+01
04:14:00,8.009234E+03,6.104743E+02,5.576667E-01,5.391234E-02,0.000000E+00,0.000000E+00,0.000000E+00,0.000000E+00,0.000000E+00,0.000000E+00,0.000000E+00,0.000000E+00,2.110805E+01,7.994182E+01,2.388844E+01,6.808502E+01
04:15:00,8.009234E+03,6.095733E+02,5.576667E-01,5.383276E-02,0.000000E+00,0.000000E+00,0.000000E+00,0.000000E+00,0.000000E+00,0.000000E+00,0.000000E+00,0.000000E+00,2.110805E+01,7.994182E+01,2.388844E+01,6.809808E+01
04:16:00,8.009234E+03,6.086760E+02,5.576667E-01,5.375352E-02,0.000000E+00,0.000000E+00,0.000000E+00,0.000000E+00,0.000000E+00,0.000000E+00,0.000000E+00,0.000000E+00,2.110805E+01,7.994182E+01,2.388844E+01,6.811110E+01
04:17:00,8.009234E+03,6.077820E+02,5.576667E-01,5.367456E-02,0.000000E+00,0.000000E+00,0.000000E+00,0.000000E+00,0.000000E+00,0.000000E+00,0.000000E+00,0.000000E+00,2.110805E+01,7.994182E+01,2.388844E+01,6.812407E+01
04:18:00,8.009234E+03,6.068918E+02,5.576667E-01,5.359595E-02,0.000000E+00,0.000000E+00,0.000000E+00,0.000000E+00,0.000000E+00,0.000000E+00,0.000000E+00,0.000000E+00,2.110805E+01,7.994182E+01,2.388844E+01,6.813700E+01
04:19:00,8.009234E+03,6.060049E+02,5.576667E-01,5.351762E-02,0.000000E+00,0.000000E+00,0.000000E+00,0.000000E+00,0.000000E+00,0.000000E+00,0.000000E+00,0.000000E+00,2.110805E+01,7.994182E+01,2.388844E+01,6.814989E+01
04:20:00,8.009234E+03,6.051219E+02,5.576667E-01,5.343964E-02,0.000000E+00,0.000000E+00,0.000000E+00,0.000000E+00,0.000000E+00,0.000000E+00,0.000000E+00,0.000000E+00,2.110805E+01,7.994182E+01,2.388844E+01,6.816274E+01
04:21:00,8.009234E+03,6.042423E+02,5.576667E-01,5.336196E-02,0.000000E+00,0.000000E+00,0.000000E+00,0.000000E+00,0.000000E+00,0.000000E+00,0.000000E+00,0.000000E+00,2.110805E+01,7.994182E+01,2.388844E+01,6.817555E+01
04:22:00,8.009234E+03,6.033669E+02,5.576667E-01,5.328465E-02,0.000000E+00,0.000000E+00,0.000000E+00,0.000000E+00,0.000000E+00,0.000000E+00,0.000000E+00,0.000000E+00,2.110805E+01,7.994182E+01,2.388844E+01,6.818832E+01
04:23:00,8.009234E+03,6.024950E+02,5.576667E-01,5.320765E-02,0.000000E+00,0.000000E+00,0.000000E+00,0.000000E+00,0.000000E+00,0.000000E+00,0.000000E+00,0.000000E+00,2.110805E+01,7.994182E+01,2.388844E+01,6.820104E+01
04:24:00,8.009234E+03,6.016271E+02,5.576667E-01,5.313100E-02,0.000000E+00,0.000000E+00,0.000000E+00,0.000000E+00,0.000000E+00,0.000000E+00,0.000000E+00,0.000000E+00,2.110805E+01,7.994182E+01,2.388844E+01,6.821372E+01
04:25:00,8.009234E+03,6.007625E+02,5.576667E-01,5.305465E-02,0.000000E+00,0.000000E+00,0.000000E+00,0.000000E+00,0.000000E+00,0.000000E+00,0.000000E+00,0.000000E+00,2.110805E+01,7.994182E+01,2.388844E+01,6.822636E+01
04:26:00,8.009234E+03,5.999016E+02,5.576667E-01,5.297861E-02,0.000000E+00,0.000000E+00,0.000000E+00,0.000000E+00,0.000000E+00,0.000000E+00,0.000000E+00,0.000000E+00,2.110805E+01,7.994182E+01,2.388844E+01,6.823896E+01
04:27:00,8.009234E+03,5.990438E+02,5.576667E-01,5.290285E-02,0.000000E+00,0.000000E+00,0.000000E+00,0.000000E+00,0.000000E+00,0.000000E+00,0.000000E+00,0.000000E+00,2.110805E+01,7.994182E+01,2.388845E+01,6.825152E+01
04:28:00,8.009234E+03,5.981894E+02,5.576667E-01,5.282740E-02,0.000000E+00,0.000000E+00,0.000000E+00,0.000000E+00,0.000000E+00,0.000000E+00,0.000000E+00,0.000000E+00,2.110805E+01,7.994182E+01,2.388845E+01,6.826405E+01
04:29:00,8.009234E+03,5.973381E+02,5.576667E-01,5.275222E-02,0.000000E+00,0.000000E+00,0.000000E+00,0.000000E+00,0.000000E+00,0.000000E+00,0.000000E+00,0.000000E+00,2.110805E+01,7.994182E+01,2.388845E+01,6.827655E+01
04:30:00,8.009234E+03,5.964902E+02,5.576667E-01,5.267734E-02,0.000000E+00,0.000000E+00,0.000000E+00,0.000000E+00,0.000000E+00,0.000000E+00,0.000000E+00,0.000000E+00,2.110805E+01,7.994182E+01,2.388845E+01,6.828902E+01
04:31:00,8.009234E+03,5.956451E+02,5.576667E-01,5.260270E-02,0.000000E+00,0.000000E+00,0.000000E+00,0.000000E+00,0.000000E+00,0.000000E+00,0.000000E+00,0.000000E+00,2.110805E+01,7.994182E+01,2.388845E+01,6.830146E+01
04:32:00,8.009234E+03,5.948032E+02,5.576667E-01,5.252835E-02,0.000000E+00,0.000000E+00,0.000000E+00,0.000000E+00,0.000000E+00,0.000000E+00,0.000000E+00,0.000000E+00,2.110805E+01,7.994182E+01,2.388845E+01,6.831387E+01
04:33:00,8.009234E+03,5.939638E+02,5.576667E-01,5.245422E-02,0.000000E+00,0.000000E+00,0.000000E+00,0.000000E+00,0.000000E+00,0.000000E+00,0.000000E+00,0.000000E+00,2.110805E+01,7.994182E+01,2.388845E+01,6.832626E+01
04:34:00,8.009234E+03,5.931273E+02,5.576667E-01,5.238034E-02,0.000000E+00,0.000000E+00,0.000000E+00,0.000000E+00,0.000000E+00,0.000000E+00,0.000000E+00,0.000000E+00,2.110805E+01,7.994182E+01,2.388845E+01,6.833864E+01
04:35:00,8.009234E+03,5.922932E+02,5.576667E-01,5.230668E-02,0.000000E+00,0.000000E+00,0.000000E+00,0.000000E+00,0.000000E+00,0.000000E+00,0.000000E+00,0.000000E+00,2.110805E+01,7.994182E+01,2.388845E+01,6.835098E+01
04:36:00,8.009234E+03,5.914618E+02,5.576667E-01,5.223326E-02,0.000000E+00,0.000000E+00,0.000000E+00,0.000000E+00,0.000000E+00,0.000000E+00,0.000000E+00,0.000000E+00,2.110805E+01,7.994182E+01,2.388845E+01,6.836332E+01
04:37:00,8.009234E+03,5.906327E+02,5.576667E-01,5.216003E-02,0.000000E+00,0.000000E+00,0.000000E+00,0.000000E+00,0.000000E+00,0.000000E+00,0.000000E+00,0.000000E+00,2.110805E+01,7.994182E+01,2.388845E+01,6.837564E+01
04:38:00,8.009234E+03,5.898061E+02,5.576667E-01,5.208703E-02,0.000000E+00,0.000000E+00,0.000000E+00,0.000000E+00,0.000000E+00,0.000000E+00,0.000000E+00,0.000000E+00,2.110805E+01,7.994182E+01,2.388845E+01,6.838795E+01
04:39:00,8.009234E+03,5.890161E+02,5.576667E-01,5.201726E-02,0.000000E+00,0.000000E+00,0.000000E+00,0.000000E+00,0.000000E+00,0.000000E+00,0.000000E+00,0.000000E+00,2.110805E+01,7.994182E+01,2.388845E+01,6.840024E+01
04:40:00,8.009234E+03,5.882355E+02,5.576667E-01,5.194833E-02,0.000000E+00,0.000000E+00,0.000000E+00,0.000000E+00,0.000000E+00,0.000000E+00,0.000000E+00,0.000000E+00,2.110805E+01,7.994182E+01,2.388845E+01,6.841211E+01
04:41:00,8.009234E+03,5.874629E+02,5.576667E-01,5.188010E-02,0.000000E+00,0.000000E+00,0.000000E+00,0.000000E+00,0.000000E+00,0.000000E+00,0.000000E+00,0.000000E+00,2.110805E+01,7.994182E+01,2.388845E+01,6.842363E+01
04:42:00,8.009234E+03,5.866972E+02,5.576667E-01,5.181247E-02,0.000000E+00,0.000000E+00,0.000000E+00,0.000000E+00,0.000000E+00,0.000000E+00,0.000000E+00,0.000000E+00,2.110805E+01,7.994182E+01,2.388845E+01,6.843493E+01
04:43:00,8.009234E+03,5.859387E+02,5.576667E-01,5.174549E-02,0.000000E+00,0.000000E+00,0.000000E+00,0.000000E+00,0.000000E+00,0.000000E+00,0.000000E+00,0.000000E+00,2.110805E+01,7.994182E+01,2.388845E+01,6.844611E+01
04:44:00,8.009234E+03,5.851881E+02,5.576667E-01,5.167920E-02,0.000000E+00,0.000000E+00,0.000000E+00,0.000000E+00,0.000000E+00,0.000000E+00,0.000000E+00,0.000000E+00,2.110805E+01,7.994182E+01,2.388845E+01,6.845720E+01
04:45:00,8.009234E+03,5.844458E+02,5.576667E-01,5.161364E-02,0.000000E+00,0.000000E+00,0.000000E+00,0.000000E+00,0.000000E+00,0.000000E+00,0.000000E+00,0.000000E+00,2.110805E+01,7.994182E+01,2.388845E+01,6.846819E+01
04:46:00,8.009234E+03,5.837201E+02,5.576667E-01,5.154955E-02,0.000000E+00,0.000000E+00,0.000000E+00,0.000000E+00,0.000000E+00,0.000000E+00,0.000000E+00,0.000000E+00,2.110805E+01,7.994182E+01,2.388845E+01,6.847908E+01
04:47:00,8.009234E+03,5.830047E+02,5.576667E-01,5.148637E-02,0.000000E+00,0.000000E+00,0.000000E+00,0.000000E+00,0.000000E+00,0.000000E+00,0.000000E+00,0.000000E+00,2.110805E+01,7.994182E+01,2.388845E+01,6.848974E+01
04:48:00,8.009234E+03,5.822997E+02,5.576667E-01,5.142411E-02,0.000000E+00,0.000000E+00,0.000000E+00,0.000000E+00,0.000000E+00,0.000000E+00,0.000000E+00,0.000000E+00,2.110805E+01,7.994182E+01,2.388845E+01,6.850021E+01
04:49:00,8.009234E+03,5.816052E+02,5.576667E-01,5.136277E-02,0.000000E+00,0.000000E+00,0.000000E+00,0.000000E+00,0.000000E+00,0.000000E+00,0.000000E+00,0.000000E+00,2.110805E+01,7.994182E+01,2.388845E+01,6.851049E+01
04:50:00,8.009234E+03,5.809225E+02,5.576667E-01,5.130248E-02,0.000000E+00,0.000000E+00,0.000000E+00,0.000000E+00,0.000000E+00,0.000000E+00,0.000000E+00,0.000000E+00,2.110805E+01,7.994182E+01,2.388845E+01,6.852060E+01
04:51:00,8.009234E+03,5.802518E+02,5.576667E-01,5.124325E-02,0.000000E+00,0.000000E+00,0.000000E+00,0.000000E+00,0.000000E+00,0.000000E+00,0.000000E+00,0.000000E+00,2.110805E+01,7.994182E+01,2.388845E+01,6.853056E+01
04:52:00,8.009234E+03,5.795937E+02,5.576667E-01,5.118513E-02,0.000000E+00,0.000000E+00,0.000000E+00,0.000000E+00,0.000000E+00,0.000000E+00,0.000000E+00,0.000000E+00,2.110805E+01,7.994182E+01,2.388845E+01,6.854035E+01
04:53:00,8.009234E+03,5.789486E+02,5.576667E-01,5.112816E-02,0.000000E+00,0.000000E+00,0.000000E+00,0.000000E+00,0.000000E+00,0.000000E+00,0.000000E+00,0.000000E+00,2.110805E+01,7.994182E+01,2.388845E+01,6.854996E+01
04:54:00,8.009234E+03,5.783168E+02,5.576667E-01,5.107236E-02,0.000000E+00,0.000000E+00,0.000000E+00,0.000000E+00,0.000000E+00,0.000000E+00,0.000000E+00,0.000000E+00,2.110805E+01,7.994182E+01,2.388845E+01,6.855941E+01
04:55:00,8.009234E+03,5.776987E+02,5.576667E-01,5.101777E-02,0.000000E+00,0.000000E+00,0.000000E+00,0.000000E+00,0.000000E+00,0.000000E+00,0.000000E+00,0.000000E+00,2.110805E+01,7.994182E+01,2.388845E+01,6.856867E+01
04:56:00,8.009234E+03,5.771099E+02,5.576667E-01,5.096578E-02,0.000000E+00,0.000000E+00,0.000000E+00,0.000000E+00,0.000000E+00,0.000000E+00,0.000000E+00,0.000000E+00,2.110805E+01,7.994182E+01,2.388845E+01,6.857776E+01
04:57:00,8.009234E+03,5.765363E+02,5.576667E-01,5.091512E-02,0.000000E+00,0.000000E+00,0.000000E+00,0.000000E+00,0.000000E+00,0.000000E+00,0.000000E+00,0.000000E+00,2.110805E+01,7.994182E+01,2.388845E+01,6.858649E+01
04:58:00,8.009234E+03,5.759787E+02,5.576667E-01,5.086587E-02,0.000000E+00,0.000000E+00,0.000000E+00,0.000000E+00,0.000000E+00,0.000000E+00,0.000000E+00,0.000000E+00,2.110805E+01,7.994182E+01,2.388845E+01,6.859490E+01
04:59:00,8.009234E+03,5.754372E+02,5.576667E-01,5.081805E-02,0.000000E+00,0.000000E+00,0.000000E+00,0.000000E+00,0.000000E+00,0.000000E+00,0.000000E+00,0.000000E+00,2.110805E+01,7.994182E+01,2.388845E+01,6.860307E+01
05:00:00,8.009234E+03,5.749120E+02,5.576667E-01,5.077167E-02,0.000000E+00,0.000000E+00,0.000000E+00,0.000000E+00,0.000000E+00,0.000000E+00,0.000000E+00,0.000000E+00,2.110805E+01,7.994182E+01,2.388845E+01,6.861103E+01
05:01:00,8.009234E+03,5.744122E+02,5.576667E-01,5.072753E-02,0.000000E+00,0.000000E+00,0.000000E+00,0.000000E+00,0.000000E+00,0.000000E+00,0.000000E+00,0.000000E+00,2.110805E+01,7.994182E+01,2.388845E+01,6.861879E+01
05:02:00,8.009234E+03,5.739377E+02,5.576667E-01,5.068563E-02,0.000000E+00,0.000000E+00,0.000000E+00,0.000000E+00,0.000000E+00,0.000000E+00,0.000000E+00,0.000000E+00,2.110805E+01,7.994182E+01,2.388845E+01,6.862621E+01
05:03:00,8.009234E+03,5.734889E+02,5.576667E-01,5.064599E-02,0.000000E+00,0.000000E+00,0.000000E+00,0.000000E+00,0.000000E+00,0.000000E+00,0.000000E+00,0.000000E+00,2.110805E+01,7.994182E+01,2.388845E+01,6.863320E+01
05:04:00,8.009234E+03,5.730659E+02,5.576667E-01,5.060863E-02,0.000000E+00,0.000000E+00,0.000000E+00,0.000000E+00,0.000000E+00,0.000000E+00,0.000000E+00,0.000000E+00,2.110805E+01,7.994182E+01,2.388845E+01,6.863974E+01
05:05:00,8.009234E+03,5.726689E+02,5.576667E-01,5.057357E-02,0.000000E+00,0.000000E+00,0.000000E+00,0.000000E+00,0.000000E+00,0.000000E+00,0.000000E+00,0.000000E+00,2.110805E+01,7.994182E+01,2.388845E+01,6.864582E+01
05:06:00,8.009234E+03,5.722980E+02,5.576667E-01,5.054082E-02,0.000000E+00,0.000000E+00,0.000000E+00,0.000000E+00,0.000000E+00,0.000000E+00,0.000000E+00,0.000000E+00,2.110805E+01,7.994182E+01,2.388845E+01,6.865146E+01
05:07:00,8.009234E+03,5.719534E+02,5.576667E-01,5.051039E-02,0.000000E+00,0.000000E+00,0.000000E+00,0.000000E+00,0.000000E+00,0.000000E+00,0.000000E+00,0.000000E+00,2.110805E+01,7.994182E+01,2.388845E+01,6.865667E+01
05:08:00,8.009234E+03,5.716353E+02,5.576667E-01,5.048229E-02,0.000000E+00,0.000000E+00,0.000000E+00,0.000000E+00,0.000000E+00,0.000000E+00,0.000000E+00,0.000000E+00,2.110805E+01,7.994182E+01,2.388844E+01,6.866145E+01
05:09:00,8.009234E+03,5.713422E+02,5.576667E-01,5.045640E-02,0.000000E+00,0.000000E+00,0.000000E+00,0.000000E+00,0.000000E+00,0.000000E+00,0.000000E+00,0.000000E+00,2.110805E+01,7.994182E+01,2.388844E+01,6.866582E+01
05:10:00,8.009234E+03,5.710731E+02,5.576667E-01,5.043264E-02,0.000000E+00,0.000000E+00,0.000000E+00,0.000000E+00,0.000000E+00,0.000000E+00,0.000000E+00,0.000000E+00,2.110805E+01,7.994182E+01,2.388844E+01,6.866979E+01
05:11:00,8.009234E+03,5.708279E+02,5.576667E-01,5.041098E-02,0.000000E+00,0.000000E+00,0.000000E+00,0.000000E+00,0.000000E+00,0.000000E+00,0.000000E+00,0.000000E+00,2.110805E+01,7.994182E+01,2.388844E+01,6.867341E+01
05:12:00,8.009234E+03,5.706066E+02,5.576667E-01,5.039145E-02,0.000000E+00,0.000000E+00,0.000000E+00,0.000000E+00,0.000000E+00,0.000000E+00,0.000000E+00,0.000000E+00,2.110805E+01,7.994182E+01,2.388844E+01,6.867669E+01
05:13:00,8.009234E+03,5.704093E+02,5.576667E-01,5.037402E-02,0.000000E+00,0.000000E+00,0.000000E+00,0.000000E+00,0.000000E+00,0.000000E+00,0.000000E+00,0.000000E+00,2.110805E+01,7.994182E+01,2.388844E+01,6.867964E+01
05:14:00,8.009234E+03,5.702354E+02,5.576667E-01,5.035867E-02,0.000000E+00,0.000000E+00,0.000000E+00,0.000000E+00,0.000000E+00,0.000000E+00,0.000000E+00,0.000000E+00,2.110805E+01,7.994182E+01,2.388844E+01,6.868228E+01
05:15:00,8.009234E+03,5.700857E+02,5.576667E-01,5.034544E-02,0.000000E+00,0.000000E+00,0.000000E+00,0.000000E+00,0.000000E+00,0.000000E+00,0.000000E+00,0.000000E+00,2.110805E+01,7.994182E+01,2.388844E+01,6.868460E+01
05:16:00,8.009234E+03,5.699932E+02,5.576667E-01,5.033727E-02,0.000000E+00,0.000000E+00,0.000000E+00,0.000000E+00,0.000000E+00,0.000000E+00,0.000000E+00,0.000000E+00,2.110805E+01,7.994182E+01,2.388844E+01,6.868662E+01
05:17:00,8.009234E+03,5.699274E+02,5.576667E-01,5.033146E-02,0.000000E+00,0.000000E+00,0.000000E+00,0.000000E+00,0.000000E+00,0.000000E+00,0.000000E+00,0.000000E+00,2.110805E+01,7.994182E+01,2.388844E+01,6.868794E+01
05:18:00,8.009234E+03,5.698863E+02,5.576667E-01,5.032783E-02,0.000000E+00,0.000000E+00,0.000000E+00,0.000000E+00,0.000000E+00,0.000000E+00,0.000000E+00,0.000000E+00,2.110805E+01,7.994182E+01,2.388844E+01,6.868868E+01
05:19:00,8.009234E+03,5.698703E+02,5.576667E-01,5.032642E-02,0.000000E+00,0.000000E+00,0.000000E+00,0.000000E+00,0.000000E+00,0.000000E+00,0.000000E+00,0.000000E+00,2.110805E+01,7.994182E+01,2.388844E+01,6.868902E+01
05:20:00,8.009234E+03,5.698791E+02,5.576667E-01,5.032720E-02,0.000000E+00,0.000000E+00,0.000000E+00,0.000000E+00,0.000000E+00,0.000000E+00,0.000000E+00,0.000000E+00,2.110805E+01,7.994182E+01,2.388844E+01,6.868907E+01
05:21:00,8.009234E+03,5.699127E+02,5.576667E-01,5.033017E-02,0.000000E+00,0.000000E+00,0.000000E+00,0.000000E+00,0.000000E+00,0.000000E+00,0.000000E+00,0.000000E+00,2.110805E+01,7.994182E+01,2.388844E+01,6.868885E+01
05:22:00,8.009234E+03,5.699704E+02,5.576667E-01,5.033527E-02,0.000000E+00,0.000000E+00,0.000000E+00,0.000000E+00,0.000000E+00,0.000000E+00,0.000000E+00,0.000000E+00,2.110805E+01,7.994182E+01,2.388843E+01,6.868837E+01
05:23:00,8.009234E+03,5.700526E+02,5.576667E-01,5.034252E-02,0.000000E+00,0.000000E+00,0.000000E+00,0.000000E+00,0.000000E+00,0.000000E+00,0.000000E+00,0.000000E+00,2.110805E+01,7.994182E+01,2.388843E+01,6.868764E+01
05:24:00,8.009234E+03,5.701587E+02,5.576667E-01,5.035189E-02,0.000000E+00,0.000000E+00,0.000000E+00,0.000000E+00,0.000000E+00,0.000000E+00,0.000000E+00,0.000000E+00,2.110805E+01,7.994182E+01,2.388843E+01,6.868665E+01
05:25:00,8.009234E+03,5.702893E+02,5.576667E-01,5.036343E-02,0.000000E+00,0.000000E+00,0.000000E+00,0.000000E+00,0.000000E+00,0.000000E+00,0.000000E+00,0.000000E+00,2.110805E+01,7.994182E+01,2.388843E+01,6.868543E+01
05:26:00,8.009234E+03,5.704440E+02,5.576667E-01,5.037709E-02,0.000000E+00,0.000000E+00,0.000000E+00,0.000000E+00,0.000000E+00,0.000000E+00,0.000000E+00,0.000000E+00,2.110805E+01,7.994182E+01,2.388843E+01,6.868396E+01
05:27:00,8.009234E+03,5.706230E+02,5.576667E-01,5.039290E-02,0.000000E+00,0.000000E+00,0.000000E+00,0.000000E+00,0.000000E+00,0.000000E+00,0.000000E+00,0.000000E+00,2.110805E+01,7.994182E+01,2.388843E+01,6.868228E+01
05:28:00,8.009234E+03,5.708261E+02,5.576667E-01,5.041083E-02,0.000000E+00,0.000000E+00,0.000000E+00,0.000000E+00,0.000000E+00,0.000000E+00,0.000000E+00,0.000000E+00,2.110805E+01,7.994182E+01,2.388843E+01,6.868037E+01
05:29:00,8.009234E+03,5.710535E+02,5.576667E-01,5.043092E-02,0.000000E+00,0.000000E+00,0.000000E+00,0.000000E+00,0.000000E+00,0.000000E+00,0.000000E+00,0.000000E+00,2.110805E+01,7.994182E+01,2.388843E+01,6.867826E+01
05:30:00,8.009234E+03,5.713048E+02,5.576667E-01,5.045312E-02,0.000000E+00,0.000000E+00,0.000000E+00,0.000000E+00,0.000000E+00,0.000000E+00,0.000000E+00,0.000000E+00,2.110805E+01,7.994182E+01,2.388843E+01,6.867594E+01
05:31:00,8.009234E+03,5.715806E+02,5.576667E-01,5.047747E-02,0.000000E+00,0.000000E+00,0.000000E+00,0.000000E+00,0.000000E+00,0.000000E+00,0.000000E+00,0.000000E+00,2.110805E+01,7.994182E+01,2.388843E+01,6.867342E+01
05:32:00,8.009234E+03,5.718802E+02,5.576667E-01,5.050393E-02,0.000000E+00,0.000000E+00,0.000000E+00,0.000000E+00,0.000000E+00,0.000000E+00,0.000000E+00,0.000000E+00,2.110805E+01,7.994182E+01,2.388843E+01,6.867070E+01
05:33:00,8.009234E+03,5.722042E+02,5.576667E-01,5.053255E-02,0.000000E+00,0.000000E+00,0.000000E+00,0.000000E+00,0.000000E+00,0.000000E+00,0.000000E+00,0.000000E+00,2.110805E+01,7.994182E+01,2.388843E+01,6.866781E+01
05:34:00,8.009234E+03,5.725522E+02,5.576667E-01,5.056328E-02,0.000000E+00,0.000000E+00,0.000000E+00,0.000000E+00,0.000000E+00,0.000000E+00,0.000000E+00,0.000000E+00,2.110805E+01,7.994182E+01,2.388843E+01,6.866472E+01
05:35:00,8.009234E+03,5.729245E+02,5.576667E-01,5.059616E-02,0.000000E+00,0.000000E+00,0.000000E+00,0.000000E+00,0.000000E+00,0.000000E+00,0.000000E+00,0.000000E+00,2.110805E+01,7.994182E+01,2.388843E+01,6.866147E+01
05:36:00,8.009234E+03,5.733206E+02,5.576667E-01,5.063115E-02,0.000000E+00,0.000000E+00,0.000000E+00,0.000000E+00,0.000000E+00,0.000000E+00,0.000000E+00,0.000000E+00,2.110805E+01,7.994182E+01,2.388843E+01,6.865805E+01
05:37:00,8.009234E+03,5.737411E+02,5.576667E-01,5.066828E-02,0.000000E+00,0.000000E+00,0.000000E+00,0.000000E+00,0.000000E+00,0.000000E+00,0.000000E+00,0.000000E+00,2.110805E+01,7.994182E+01,2.388843E+01,6.865447E+01
05:38:00,8.009234E+03,5.741853E+02,5.576667E-01,5.070751E-02,0.000000E+00,0.000000E+00,0.000000E+00,0.000000E+00,0.000000E+00,0.000000E+00,0.000000E+00,0.000000E+00,2.110805E+01,7.994182E+01,2.388843E+01,6.865073E+01
05:39:00,8.009234E+03,5.746191E+02,5.576667E-01,5.074582E-02,0.000000E+00,0.000000E+00,0.000000E+00,0.000000E+00,0.000000E+00,0.000000E+00,0.000000E+00,0.000000E+00,2.110805E+01,7.994182E+01,2.388843E+01,6.864684E+01
05:40:00,8.009234E+03,5.750696E+02,5.576667E-01,5.078560E-02,0.000000E+00,0.000000E+00,0.000000E+00,0.000000E+00,0.000000E+00,0.000000E+00,0.000000E+00,0.000000E+00,2.110805E+01,7.994182E+01,2.388843E+01,6.864280E+01
05:41:00,8.009234E+03,5.755381E+02,5.576667E-01,5.082698E-02,0.000000E+00,0.000000E+00,0.000000E+00,0.000000E+00,0.000000E+00,0.000000E+00,0.000000E+00,0.000000E+00,2.110805E+01,7.994182E+01,2.388843E+01,6.863863E+01
05:42:00,8.009234E+03,5.760255E+02,5.576667E-01,5.087003E-02,0.000000E+00,0.000000E+00,0.000000E+00,0.000000E+00,0.000000E+00,0.000000E+00,0.000000E+00,0.000000E+00,2.110805E+01,7.994182E+01,2.388843E+01,6.863432E+01
05:43:00,8.009234E+03,5.765314E+02,5.576667E-01,5.091471E-02,0.000000E+00,0.000000E+00,0.000000E+00,0.000000E+00,0.000000E+00,0.000000E+00,0.000000E+00,0.000000E+00,2.110805E+01,7.994182E+01,2.388842E+01,6.862988E+01
05:44:00,8.009234E+03,5.770550E+02,5.576667E-01,5.096095E-02,0.000000E+00,0.000000E+00,0.000000E+00,0.000000E+00,0.000000E+00,0.000000E+00,0.000000E+00,0.000000E+00,2.110805E+01,7.994182E+01,2.388842E+01,6.862531E+01
05:45:00,8.009234E+03,5.775956E+02,5.576667E-01,5.100869E-02,0.000000E+00,0.000000E+00,0.000000E+00,0.000000E+00,0.000000E+00,0.000000E+00,0.000000E+00,0.000000E+00,2.110805E+01,7.994182E+01,2.388842E+01,6.862063E+01
05:46:00,8.009234E+03,5.781449E+02,5.576667E-01,5.105721E-02,0.000000E+00,0.000000E+00,0.000000E+00,0.000000E+00,0.000000E+00,0.000000E+00,0.000000E+00,0.000000E+00,2.110805E+01,7.994182E+01,2.388842E+01,6.861583E+01
05:47:00,8.009234E+03,5.787089E+02,5.576667E-01,5.110701E-02,0.000000E+00,0.000000E+00,0.000000E+00,0.000000E+00,0.000000E+00,0.000000E+00,0.000000E+00,0.000000E+00,2.110805E+01,7.994182E+01,2.388842E+01,6.861092E+01
05:48:00,8.009234E+03,5.792873E+02,5.576667E-01,5.115810E-02,0.000000E+00,0.000000E+00,0.000000E+00,0.000000E+00,0.000000E+00,0.000000E+00,0.000000E+00,0.000000E+00,2.110805E+01,7.994182E+01,2.388842E+01,6.860590E+01
05:49:00,8.009234E+03,5.798798E+02,5.576667E-01,5.121043E-02,0.000000E+00,0.000000E+00,0.000000E+00,0.000000E+00,0.000000E+00,0.000000E+00,0.000000E+00,0.000000E+00,2.110805E+01,7.994182E+01,2.388842E+01,6.860078E+01
05:50:00,8.009234E+03,5.804860E+02,5.576667E-01,5.126396E-02,0.000000E+00,0.000000E+00,0.000000E+00,0.000000E+00,0.000000E+00,0.000000E+00,0.000000E+00,0.000000E+00,2.110805E+01,7.994182E+01,2.388842E+01,6.859556E+01
05:51:00,8.009234E+03,5.811055E+02,5.576667E-01,5.131867E-02,0.000000E+00,0.000000E+00,0.000000E+00,0.000000E+00,0.000000E+00,0.000000E+00,0.000000E+00,0.000000E+00,2.110805E+01,7.994182E+01,2.388842E+01,6.859025E+01
05:52:00,8.009234E+03,5.817377E+02,5.576667E-01,5.137451E-02,0.000000E+00,0.000000E+00,0.000000E+00,0.000000E+00,0.000000E+00,0.000000E+00,0.000000E+00,0.000000E+00,2.110805E+01,7.994182E+01,2.388842E+01,6.858484E+01
05:53:00,8.009234E+03,5.823824E+02,5.576667E-01,5.143144E-02,0.000000E+00,0.000000E+00,0.000000E+00,0.000000E+00,0.000000E+00,0.000000E+00,0.000000E+00,0.000000E+00,2.110805E+01,7.994182E+01,2.388842E+01,6.857936E+01
05:54:00,8.009234E+03,5.830391E+02,5.576667E-01,5.148944E-02,0.000000E+00,0.000000E+00,0.000000E+00,0.000000E+00,0.000000E+00,0.000000E+00,0.000000E+00,0.000000E+00,2.110805E+01,7.994182E+01,2.388842E+01,6.857379E+01
05:55:00,8.009234E+03,5.837076E+02,5.576667E-01,5.154848E-02,0.000000E+00,0.000000E+00,0.000000E+00,0.000000E+00,0.000000E+00,0.000000E+00,0.000000E+00,0.000000E+00,2.110805E+01,7.994182E+01,2.388842E+01,6.856814E+01
05:56:00,8.009234E+03,5.843721E+02,5.576667E-01,5.160717E-02,0.000000E+00,0.000000E+00,0.000000E+00,0.000000E+00,0.000000E+00,0.000000E+00,0.000000E+00,0.000000E+00,2.110805E+01,7.994182E+01,2.388842E+01,6.856241E+01
05:57:00,8.009234E+03,5.850468E+02,5.576667E-01,5.166675E-02,0.000000E+00,0.000000E+00,0.000000E+00,0.000000E+00,0.000000E+00,0.000000E+00,0.000000E+00,0.000000E+00,2.110805E+01,7.994182E+01,2.388842E+01,6.855662E+01
05:58:00,8.009234E+03,5.857309E+02,5.576667E-01,5.172717E-02,0.000000E+00,0.000000E+00,0.000000E+00,0.000000E+00,0.000000E+00,0.000000E+00,0.000000E+00,0.000000E+00,2.110805E+01,7.994182E+01,2.388842E+01,6.855075E+01
05:59:00,8.009234E+03,5.864241E+02,5.576667E-01,5.178839E-02,0.000000E+00,0.000000E+00,0.000000E+00,0.000000E+00,0.000000E+00,0.000000E+00,0.000000E+00,0.000000E+00,2.110805E+01,7.994182E+01,2.388842E+01,6.854482E+01
06:00:00,8.009234E+03,5.871261E+02,5.576667E-01,5.185039E-02,0.000000E+00,0.000000E+00,0.000000E+00,0.000000E+00,0.000000E+00,0.000000E+00,0.000000E+00,0.000000E+00,2.110805E+01,7.994182E+01,2.388842E+01,6.853883E+01
06:01:00,8.009234E+03,5.878397E+02,5.576667E-01,5.191341E-02,0.000000E+00,0.000000E+00,0.000000E+00,0.000000E+00,0.000000E+00,0.000000E+00,0.000000E+00,0.000000E+00,2.110805E+01,7.994182E+01,2.388842E+01,6.853278E+01
06:02:00,8.009234E+03,5.885644E+02,5.576667E-01,5.197741E-02,0.000000E+00,0.000000E+00,0.000000E+00,0.000000E+00,0.000000E+00,0.000000E+00,0.000000E+00,0.000000E+00,2.110805E+01,7.994182E+01,2.388842E+01,6.852650E+01
06:03:00,8.009234E+03,5.893000E+02,5.576667E-01,5.204237E-02,0.000000E+00,0.000000E+00,0.000000E+00,0.000000E+00,0.000000E+00,0.000000E+00,0.000000E+00,0.000000E+00,2.110805E+01,7.994182E+01,2.388842E+01,6.851989E+01
06:04:00,8.009234E+03,5.900461E+02,5.576667E-01,5.210827E-02,0.000000E+00,0.000000E+00,0.000000E+00,0.000000E+00,0.000000E+00,0.000000E+00,0.000000E+00,0.000000E+00,2.110805E+01,7.994182E+01,2.388841E+01,6.851291E+01
06:05:00,8.009234E+03,5.908025E+02,5.576667E-01,5.217507E-02,0.000000E+00,0.000000E+00,0.000000E+00,0.000000E+00,0.000000E+00,0.000000E+00,0.000000E+00,0.000000E+00,2.110805E+01,7.994182E+01,2.388841E+01,6.850557E+01
06:06:00,8.009234E+03,5.915680E+02,5.576667E-01,5.224268E-02,0.000000E+00,0.000000E+00,0.000000E+00,0.000000E+00,0.000000E+00,0.000000E+00,0.000000E+00,0.000000E+00,2.110805E+01,7.994182E+01,2.388841E+01,6.849789E+01
06:07:00,8.009234E+03,5.923432E+02,5.576667E-01,5.231114E-02,0.000000E+00,0.000000E+00,0.000000E+00,0.000000E+00,0.000000E+00,0.000000E+00,0.000000E+00,0.000000E+00,2.110805E+01,7.994182E+01,2.388841E+01,6.848990E+01
06:08:00,8.009234E+03,5.931281E+02,5.576667E-01,5.238046E-02,0.000000E+00,0.000000E+00,0.000000E+00,0.000000E+00,0.000000E+00,0.000000E+00,0.000000E+00,0.000000E+00,2.110805E+01,7.994182E+01,2.388841E+01,6.848161E+01
06:09:00,8.009234E+03,5.939241E+02,5.576667E-01,5.245075E-02,0.000000E+00,0.000000E+00,0.000000E+00,0.000000E+00,0.000000E+00,0.000000E+00,0.000000E+00,0.000000E+00,2.110805E+01,7.994182E+01,2.388841E+01,6.847301E+01
06:10:00,8.009234E+03,5.947323E+02,5.576667E-01,5.252213E-02,0.000000E+00,0.000000E+00,0.000000E+00,0.000000E+00,0.000000E+00,0.000000E+00,0.000000E+00,0.000000E+00,2.110805E+01,7.994182E+01,2.388841E+01,6.846412E+01
06:11:00,8.009234E+03,5.955526E+02,5.576667E-01,5.259458E-02,0.000000E+00,0.000000E+00,0.000000E+00,0.000000E+00,0.000000E+00,0.000000E+00,0.000000E+00,0.000000E+00,2.110805E+01,7.994182E+01,2.388841E+01,6.845493E+01
06:12:00,8.009234E+03,5.963853E+02,5.576667E-01,5.266812E-02,0.000000E+00,0.000000E+00,0.000000E+00,0.000000E+00,0.000000E+00,0.000000E+00,0.000000E+00,0.000000E+00,2.110805E+01,7.994182E+01,2.388841E+01,6.844546E+01
06:13:00,8.009234E+03,5.972302E+02,5.576667E-01,5.274274E-02,0.000000E+00,0.000000E+00,0.000000E+00,0.000000E+00,0.000000E+00,0.000000E+00,0.000000E+00,0.000000E+00,2.110805E+01,7.994182E+01,2.388841E+01,6.843572E+01
06:14:00,8.009234E+03,5.980874E+02,5.576667E-01,5.281844E-02,0.000000E+00,0.000000E+00,0.000000E+00,0.000000E+00,0.000000E+00,0.000000E+00,0.000000E+00,0.000000E+00,2.110805E+01,7.994182E+01,2.388841E+01,6.842570E+01
06:15:00,8.009234E+03,5.989568E+02,5.576667E-01,5.289522E-02,0.000000E+00,0.000000E+00,0.000000E+00,0.000000E+00,0.000000E+00,0.000000E+00,0.000000E+00,0.000000E+00,2.110805E+01,7.994182E+01,2.388840E+01,6.841542E+01
06:16:00,8.009234E+03,5.998048E+02,5.576667E-01,5.297011E-02,0.000000E+00,0.000000E+00,0.000000E+00,0.000000E+00,0.000000E+00,0.000000E+00,0.000000E+00,0.000000E+00,2.110805E+01,7.994182E+01,2.388840E+01,6.840488E+01
06:17:00,8.009234E+03,6.006625E+02,5.576667E-01,5.304586E-02,0.000000E+00,0.000000E+00,0.000000E+00,0.000000E+00,0.000000E+00,0.000000E+00,0.000000E+00,0.000000E+00,2.110805E+01,7.994182E+01,2.388840E+01,6.839410E+01
06:18:00,8.009234E+03,6.015312E+02,5.576667E-01,5.312258E-02,0.000000E+00,0.000000E+00,0.000000E+00,0.000000E+00,0.000000E+00,0.000000E+00,0.000000E+00,0.000000E+00,2.110805E+01,7.994182E+01,2.388840E+01,6.838307E+01
06:19:00,8.009234E+03,6.024110E+02,5.576667E-01,5.320028E-02,0.000000E+00,0.000000E+00,0.000000E+00,0.000000E+00,0.000000E+00,0.000000E+00,0.000000E+00,0.000000E+00,2.110805E+01,7.994182E+01,2.388840E+01,6.837180E+01
06:20:00,8.009234E+03,6.033018E+02,5.576667E-01,5.327895E-02,0.000000E+00,0.000000E+00,0.000000E+00,0.000000E+00,0.000000E+00,0.000000E+00,0.000000E+00,0.000000E+00,2.110805E+01,7.994182E+01,2.388840E+01,6.836030E+01
06:21:00,8.009234E+03,6.042039E+02,5.576667E-01,5.335862E-02,0.000000E+00,0.000000E+00,0.000000E+00,0.000000E+00,0.000000E+00,0.000000E+00,0.000000E+00,0.000000E+00,2.110805E+01,7.994182E+01,2.388840E+01,6.834858E+01
06:22:00,8.009234E+03,6.051173E+02,5.576667E-01,5.343929E-02,0.000000E+00,0.000000E+00,0.000000E+00,0.000000E+00,0.000000E+00,0.000000E+00,0.000000E+00,0.000000E+00,2.110805E+01,7.994182E+01,2.388840E+01,6.833664E+01
06:23:00,8.009234E+03,6.060422E+02,5.576667E-01,5.352097E-02,0.000000E+00,0.000000E+00,0.000000E+00,0.000000E+00,0.000000E+00,0.000000E+00,0.000000E+00,0.000000E+00,2.110805E+01,7.994182E+01,2.388840E+01,6.832448E+01
06:24:00,8.009234E+03,6.069786E+02,5.576667E-01,5.360367E-02,0.000000E+00,0.000000E+00,0.000000E+00,0.000000E+00,0.000000E+00,0.000000E+00,0.000000E+00,0.000000E+00,2.110805E+01,7.994182E+01,2.388840E+01,6.831212E+01
06:25:00,8.009234E+03,6.079268E+02,5.576667E-01,5.368741E-02,0.000000E+00,0.000000E+00,0.000000E+00,0.000000E+00,0.000000E+00,0.000000E+00,0.000000E+00,0.000000E+00,2.110805E+01,7.994182E+01,2.388840E+01,6.829956E+01
06:26:00,8.009234E+03,6.088867E+02,5.576667E-01,5.377218E-02,0.000000E+00,0.000000E+00,0.000000E+00,0.000000E+00,0.000000E+00,0.000000E+00,0.000000E+00,0.000000E+00,2.110805E+01,7.994182E+01,2.388839E+01,6.828679E+01
06:27:00,8.009234E+03,6.099033E+02,5.576667E-01,5.386197E-02,0.000000E+00,0.000000E+00,0.000000E+00,0.000000E+00,0.000000E+00,0.000000E+00,0.000000E+00,0.000000E+00,2.110805E+01,7.994182E+01,2.388839E+01,6.827384E+01
06:28:00,8.009234E+03,6.109342E+02,5.576667E-01,5.395301E-02,0.000000E+00,0.000000E+00,0.000000E+00,0.000000E+00,0.000000E+00,0.000000E+00,0.000000E+00,0.000000E+00,2.110805E+01,7.994182E+01,2.388839E+01,6.826017E+01
06:29:00,8.009234E+03,6.119791E+02,5.576667E-01,5.404529E-02,0.000000E+00,0.000000E+00,0.000000E+00,0.000000E+00,0.000000E+00,0.000000E+00,0.000000E+00,0.000000E+00,2.110805E+01,7.994182E+01,2.388839E+01,6.824595E+01
06:30:00,8.009234E+03,6.130370E+02,5.576667E-01,5.413872E-02,0.000000E+00,0.000000E+00,0.000000E+00,0.000000E+00,0.000000E+00,0.000000E+00,0.000000E+00,0.000000E+00,2.110805E+01,7.994182E+01,2.388839E+01,6.823141E+01
06:31:00,8.009234E+03,6.141081E+02,5.576667E-01,5.423331E-02,0.000000E+00,0.000000E+00,0.000000E+00,0.000000E+00,0.000000E+00,0.000000E+00,0.000000E+00,0.000000E+00,2.110805E+01,7.994182E+01,2.388839E+01,6.821668E+01
06:32:00,8.009234E+03,6.151924E+02,5.576667E-01,5.432907E-02,0.000000E+00,0.000000E+00,0.000000E+00,0.000000E+00,0.000000E+00,0.000000E+00,0.000000E+00,0.000000E+00,2.110805E+01,7.994182E+01,2.388839E+01,6.820180E+01
06:33:00,8.009234E+03,6.162899E+02,5.576667E-01,5.442600E-02,0.000000E+00,0.000000E+00,0.000000E+00,0.000000E+00,0.000000E+00,0.000000E+00,0.000000E+00,0.000000E+00,2.110805E+01,7.994182E+01,2.388839E+01,6.818677E+01
06:34:00,8.009234E+03,6.174008E+02,5.576667E-01,5.452411E-02,0.000000E+00,0.000000E+00,0.000000E+00,0.000000E+00,0.000000E+00,0.000000E+00,0.000000E+00,0.000000E+00,2.110805E+01,7.994182E+01,2.388839E+01,6.817159E+01
06:35:00,8.009234E+03,6.185250E+02,5.576667E-01,5.462339E-02,0.000000E+00,0.000000E+00,0.000000E+00,0.000000E+00,0.000000E+00,0.000000E+00,0.000000E+00,0.000000E+00,2.110805E+01,7.994182E+01,2.388839E+01,6.815627E+01
06:36:00,8.009234E+03,6.196626E+02,5.576667E-01,5.472386E-02,0.000000E+00,0.000000E+00,0.000000E+00,0.000000E+00,0.000000E+00,0.000000E+00,0.000000E+00,0.000000E+00,2.110805E+01,7.994182E+01,2.388838E+01,6.814080E+01
06:37:00,8.009234E+03,6.208137E+02,5.576667E-01,5.482553E-02,0.000000E+00,0.000000E+00,0.000000E+00,0.000000E+00,0.000000E+00,0.000000E+00,0.000000E+00,0.000000E+00,2.110805E+01,7.994182E+01,2.388838E+01,6.812519E+01
06:38:00,8.009234E+03,6.219784E+02,5.576667E-01,5.492838E-02,0.000000E+00,0.000000E+00,0.000000E+00,0.000000E+00,0.000000E+00,0.000000E+00,0.000000E+00,0.000000E+00,2.110805E+01,7.994182E+01,2.388838E+01,6.810945E+01
06:39:00,8.009234E+03,6.231566E+02,5.576667E-01,5.503244E-02,0.000000E+00,0.000000E+00,0.000000E+00,0.000000E+00,0.000000E+00,0.000000E+00,0.000000E+00,0.000000E+00,2.110805E+01,7.994182E+01,2.388838E+01,6.809358E+01
06:40:00,8.009234E+03,6.243485E+02,5.576667E-01,5.513770E-02,0.000000E+00,0.000000E+00,0.000000E+00,0.000000E+00,0.000000E+00,0.000000E+00,0.000000E+00,0.000000E+00,2.110805E+01,7.994182E+01,2.388838E+01,6.807759E+01
06:41:00,8.009234E+03,6.255540E+02,5.576667E-01,5.524417E-02,0.000000E+00,0.000000E+00,0.000000E+00,0.000000E+00,0.000000E+00,0.000000E+00,0.000000E+00,0.000000E+00,2.110805E+01,7.994182E+01,2.388838E+01,6.806147E+01
06:42:00,8.009234E+03,6.267735E+02,5.576667E-01,5.535187E-02,0.000000E+00,0.000000E+00,0.000000E+00,0.000000E+00,0.000000E+00,0.000000E+00,0.000000E+00,0.000000E+00,2.110805E+01,7.994182E+01,2.388838E+01,6.804523E+01
06:43:00,8.009234E+03,6.280073E+02,5.576667E-01,5.546083E-02,0.000000E+00,0.000000E+00,0.000000E+00,0.000000E+00,0.000000E+00,0.000000E+00,0.000000E+00,0.000000E+00,2.110805E+01,7.994182E+01,2.388838E+01,6.802888E+01
06:44:00,8.009234E+03,6.292555E+02,5.576667E-01,5.557107E-02,0.000000E+00,0.000000E+00,0.000000E+00,0.000000E+00,0.000000E+00,0.000000E+00,0.000000E+00,0.000000E+00,2.110805E+01,7.994182E+01,2.388838E+01,6.801241E+01
06:45:00,8.009234E+03,6.305182E+02,5.576667E-01,5.568259E-02,0.000000E+00,0.000000E+00,0.000000E+00,0.000000E+00,0.000000E+00,0.000000E+00,0.000000E+00,0.000000E+00,2.110805E+01,7.994182E+01,2.388838E+01,6.799583E+01
06:46:00,8.009234E+03,6.317958E+02,5.576667E-01,5.579541E-02,0.000000E+00,0.000000E+00,0.000000E+00,0.000000E+00,0.000000E+00,0.000000E+00,0.000000E+00,0.000000E+00,2.110805E+01,7.994182E+01,2.388838E+01,6.797914E+01
06:47:00,8.009234E+03,6.330883E+02,5.576667E-01,5.590956E-02,0.000000E+00,0.000000E+00,0.000000E+00,0.000000E+00,0.000000E+00,0.000000E+00,0.000000E+00,0.000000E+00,2.110805E+01,7.994182E+01,2.388838E+01,6.796233E+01
06:48:00,8.009234E+03,6.343959E+02,5.576667E-01,5.602504E-02,0.000000E+00,0.000000E+00,0.000000E+00,0.000000E+00,0.000000E+00,0.000000E+00,0.000000E+00,0.000000E+00,2.110805E+01,7.994182E+01,2.388837E+01,6.794540E+01
06:49:00,8.009234E+03,6.357188E+02,5.576667E-01,5.614188E-02,0.000000E+00,0.000000E+00,0.000000E+00,0.000000E+00,0.000000E+00,0.000000E+00,0.000000E+00,0.000000E+00,2.110805E+01,7.994182E+01,2.388837E+01,6.792837E+01
06:50:00,8.009234E+03,6.370572E+02,5.576667E-01,5.626008E-02,0.000000E+00,0.000000E+00,0.000000E+00,0.000000E+00,0.000000E+00,0.000000E+00,0.000000E+00,0.000000E+00,2.110805E+01,7.994182E+01,2.388837E+01,6.791122E+01
06:51:00,8.009234E+03,6.384113E+02,5.576667E-01,5.637967E-02,0.000000E+00,0.000000E+00,0.000000E+00,0.000000E+00,0.000000E+00,0.000000E+00,0.000000E+00,0.000000E+00,2.110805E+01,7.994182E+01,2.388837E+01,6.789397E+01
06:52:00,8.009234E+03,6.397813E+02,5.576667E-01,5.650066E-02,0.000000E+00,0.000000E+00,0.000000E+00,0.000000E+00,0.000000E+00,0.000000E+00,0.000000E+00,0.000000E+00,2.110805E+01,7.994182E+01,2.388837E+01,6.787661E+01
06:53:00,8.009234E+03,6.411672E+02,5.576667E-01,5.662306E-02,0.000000E+00,0.000000E+00,0.000000E+00,0.000000E+00,0.000000E+00,0.000000E+00,0.000000E+00,0.000000E+00,2.110805E+01,7.994182E+01,2.388837E+01,6.785915E+01
06:54:00,8.009234E+03,6.425695E+02,5.576667E-01,5.674690E-02,0.000000E+00,0.000000E+00,0.000000E+00,0.000000E+00,0.000000E+00,0.000000E+00,0.000000E+00,0.000000E+00,2.110805E+01,7.994182E+01,2.388837E+01,6.784157E+01
06:55:00,8.009234E+03,6.439881E+02,5.576667E-01,5.687218E-02,0.000000E+00,0.000000E+00,0.000000E+00,0.000000E+00,0.000000E+00,0.000000E+00,0.000000E+00,0.000000E+00,2.110805E+01,7.994182E+01,2.388837E+01,6.782389E+01
06:56:00,8.009234E+03,6.454233E+02,5.576667E-01,5.699893E-02,0.000000E+00,0.000000E+00,0.000000E+00,0.000000E+00,0.000000E+00,0.000000E+00,0.000000E+00,0.000000E+00,2.110805E+01,7.994182E+01,2.388837E+01,6.780611E+01
06:57:00,8.009234E+03,6.468752E+02,5.576667E-01,5.712716E-02,0.000000E+00,0.000000E+00,0.000000E+00,0.000000E+00,0.000000E+00,0.000000E+00,0.000000E+00,0.000000E+00,2.110805E+01,7.994182E+01,2.388837E+01,6.778823E+01
06:58:00,8.009234E+03,6.483442E+02,5.576667E-01,5.725690E-02,0.000000E+00,0.000000E+00,0.000000E+00,0.000000E+00,0.000000E+00,0.000000E+00,0.000000E+00,0.000000E+00,2.110805E+01,7.994182E+01,2.388837E+01,6.777025E+01
06:59:00,8.009234E+03,6.498303E+02,5.576667E-01,5.738814E-02,0.000000E+00,0.000000E+00,0.000000E+00,0.000000E+00,0.000000E+00,0.000000E+00,0.000000E+00,0.000000E+00,2.110805E+01,7.994182E+01,2.388837E+01,6.775216E+01
07:00:00,8.009234E+03,6.513337E+02,5.576667E-01,5.752092E-02,0.000000E+00,0.000000E+00,0.000000E+00,0.000000E+00,0.000000E+00,0.000000E+00,0.000000E+00,0.000000E+00,2.110805E+01,7.994182E+01,2.388836E+01,6.773398E+01
07:01:00,8.009234E+03,6.528692E+02,5.576667E-01,5.765652E-02,0.000000E+00,0.000000E+00,0.000000E+00,0.000000E+00,0.000000E+00,0.000000E+00,0.000000E+00,0.000000E+00,2.110805E+01,7.994182E+01,2.388836E+01,6.771569E+01
07:02:00,8.009234E+03,6.544366E+02,5.576667E-01,5.779495E-02,0.000000E+00,0.000000E+00,0.000000E+00,0.000000E+00,0.000000E+00,0.000000E+00,0.000000E+00,0.000000E+00,2.110805E+01,7.994182E+01,2.388836E+01,6.769697E+01
07:03:00,8.009234E+03,6.560362E+02,5.576667E-01,5.793622E-02,0.000000E+00,0.000000E+00,0.000000E+00,0.000000E+00,0.000000E+00,0.000000E+00,0.000000E+00,0.000000E+00,2.110805E+01,7.994182E+01,2.388836E+01,6.767759E+01
07:04:00,8.009234E+03,6.576682E+02,5.576667E-01,5.808035E-02,0.000000E+00,0.000000E+00,0.000000E+00,0.000000E+00,0.000000E+00,0.000000E+00,0.000000E+00,0.000000E+00,2.110805E+01,7.994182E+01,2.388836E+01,6.765752E+01
07:05:00,8.009234E+03,6.593328E+02,5.576667E-01,5.822736E-02,0.000000E+00,0.000000E+00,0.000000E+00,0.000000E+00,0.000000E+00,0.000000E+00,0.000000E+00,0.000000E+00,2.110805E+01,7.994182E+01,2.388836E+01,6.763675E+01
07:06:00,8.009234E+03,6.610311E+02,5.576667E-01,5.837735E-02,0.000000E+00,0.000000E+00,0.000000E+00,0.000000E+00,0.000000E+00,0.000000E+00,0.000000E+00,0.000000E+00,2.110805E+01,7.994182E+01,2.388835E+01,6.761531E+01
07:07:00,8.009234E+03,6.627627E+02,5.576667E-01,5.853028E-02,0.000000E+00,0.000000E+00,0.000000E+00,0.000000E+00,0.000000E+00,0.000000E+00,0.000000E+00,0.000000E+00,2.110805E+01,7.994182E+01,2.388835E+01,6.759322E+01
07:08:00,8.009234E+03,6.645275E+02,5.576667E-01,5.868613E-02,0.000000E+00,0.000000E+00,0.000000E+00,0.000000E+00,0.000000E+00,0.000000E+00,0.000000E+00,0.000000E+00,2.110805E+01,7.994182E+01,2.388835E+01,6.757051E+01
07:09:00,8.009234E+03,6.663254E+02,5.576667E-01,5.884492E-02,0.000000E+00,0.000000E+00,0.000000E+00,0.000000E+00,0.000000E+00,0.000000E+00,0.000000E+00,0.000000E+00,2.110805E+01,7.994182E+01,2.388835E+01,6.754720E+01
07:10:00,8.009234E+03,6.681567E+02,5.576667E-01,5.900665E-02,0.000000E+00,0.000000E+00,0.000000E+00,0.000000E+00,0.000000E+00,0.000000E+00,0.000000E+00,0.000000E+00,2.110805E+01,7.994182E+01,2.388834E+01,6.752328E+01
07:11:00,8.009234E+03,6.700214E+02,5.576667E-01,5.917133E-02,0.000000E+00,0.000000E+00,0.000000E+00,0.000000E+00,0.000000E+00,0.000000E+00,0.000000E+00,0.000000E+00,2.110805E+01,7.994182E+01,2.388834E+01,6.749879E+01
07:12:00,8.009234E+03,6.719195E+02,5.576667E-01,5.933897E-02,0.000000E+00,0.000000E+00,0.000000E+00,0.000000E+00,0.000000E+00,0.000000E+00,0.000000E+00,0.000000E+00,2.110805E+01,7.994182E+01,2.388834E+01,6.747374E+01
07:13:00,8.009234E+03,6.738513E+02,5.576667E-01,5.950957E-02,0.000000E+00,0.000000E+00,0.000000E+00,0.000000E+00,0.000000E+00,0.000000E+00,0.000000E+00,0.000000E+00,2.110805E+01,7.994182E+01,2.388834E+01,6.744813E+01
07:14:00,8.009234E+03,6.758167E+02,5.576667E-01,5.968315E-02,0.000000E+00,0.000000E+00,0.000000E+00,0.000000E+00,0.000000E+00,0.000000E+00,0.000000E+00,0.000000E+00,2.110805E+01,7.994182E+01,2.388834E+01,6.742199E+01
07:15:00,8.009234E+03,6.778160E+02,5.576667E-01,5.985972E-02,0.000000E+00,0.000000E+00,0.000000E+00,0.000000E+00,0.000000E+00,0.000000E+00,0.000000E+00,0.000000E+00,2.110805E+01,7.994182E+01,2.388833E+01,6.739534E+01
07:16:00,8.009234E+03,6.798491E+02,5.576667E-01,6.003927E-02,0.000000E+00,0.000000E+00,0.000000E+00,0.000000E+00,0.000000E+00,0.000000E+00,0.000000E+00,0.000000E+00,2.110805E+01,7.994182E+01,2.388833E+01,6.736818E+01
07:17:00,8.009234E+03,6.819161E+02,5.576667E-01,6.022182E-02,0.000000E+00,0.000000E+00,0.000000E+00,0.000000E+00,0.000000E+00,0.000000E+00,0.000000E+00,0.000000E+00,2.110805E+01,7.994182E+01,2.388833E+01,6.734052E+01
07:18:00,8.009234E+03,6.840170E+02,5.576667E-01,6.040737E-02,0.000000E+00,0.000000E+00,0.000000E+00,0.000000E+00,0.000000E+00,0.000000E+00,0.000000E+00,0.000000E+00,2.110805E+01,7.994182E+01,2.388833E+01,6.731239E+01
07:19:00,8.009234E+03,6.861519E+02,5.576667E-01,6.059592E-02,0.000000E+00,0.000000E+00,0.000000E+00,0.000000E+00,0.000000E+00,0.000000E+00,0.000000E+00,0.000000E+00,2.110805E+01,7.994182E+01,2.388833E+01,6.728380E+01
07:20:00,8.009234E+03,6.883207E+02,5.576667E-01,6.078745E-02,0.000000E+00,0.000000E+00,0.000000E+00,0.000000E+00,0.000000E+00,0.000000E+00,0.000000E+00,0.000000E+00,2.110805E+01,7.994182E+01,2.388832E+01,6.725475E+01
07:21:00,8.009234E+03,6.905231E+02,5.576667E-01,6.098196E-02,0.000000E+00,0.000000E+00,0.000000E+00,0.000000E+00,0.000000E+00,0.000000E+00,0.000000E+00,0.000000E+00,2.110805E+01,7.994182E+01,2.388832E+01,6.722528E+01
07:22:00,8.009234E+03,6.927590E+02,5.576667E-01,6.117942E-02,0.000000E+00,0.000000E+00,0.000000E+00,0.000000E+00,0.000000E+00,0.000000E+00,0.000000E+00,0.000000E+00,2.110805E+01,7.994182E+01,2.388832E+01,6.719539E+01
07:23:00,8.009234E+03,6.950286E+02,5.576667E-01,6.137987E-02,0.000000E+00,0.000000E+00,0.000000E+00,0.000000E+00,0.000000E+00,0.000000E+00,0.000000E+00,0.000000E+00,2.110805E+01,7.994182E+01,2.388832E+01,6.716510E+01
07:24:00,8.009234E+03,6.973317E+02,5.576667E-01,6.158327E-02,0.000000E+00,0.000000E+00,0.000000E+00,0.000000E+00,0.000000E+00,0.000000E+00,0.000000E+00,0.000000E+00,2.110805E+01,7.994182E+01,2.388832E+01,6.713442E+01
07:25:00,8.009234E+03,6.996685E+02,5.576667E-01,6.178964E-02,0.000000E+00,0.000000E+00,0.000000E+00,0.000000E+00,0.000000E+00,0.000000E+00,0.000000E+00,0.000000E+00,2.110805E+01,7.994182E+01,2.388831E+01,6.710337E+01
07:26:00,8.009234E+03,7.020394E+02,5.576667E-01,6.199904E-02,0.000000E+00,0.000000E+00,0.000000E+00,0.000000E+00,0.000000E+00,0.000000E+00,0.000000E+00,0.000000E+00,2.110805E+01,7.994182E+01,2.388831E+01,6.707195E+01
07:27:00,8.009234E+03,7.044003E+02,5.576667E-01,6.220754E-02,0.000000E+00,0.000000E+00,0.000000E+00,0.000000E+00,0.000000E+00,0.000000E+00,0.000000E+00,0.000000E+00,2.110805E+01,7.994182E+01,2.388831E+01,6.704018E+01
07:28:00,8.009234E+03,7.067939E+02,5.576667E-01,6.241893E-02,0.000000E+00,0.000000E+00,0.000000E+00,0.000000E+00,0.000000E+00,0.000000E+00,0.000000E+00,0.000000E+00,2.110805E+01,7.994182E+01,2.388831E+01,6.700806E+01
07:29:00,8.009234E+03,7.092214E+02,5.576667E-01,6.263332E-02,0.000000E+00,0.000000E+00,0.000000E+00,0.000000E+00,0.000000E+00,0.000000E+00,0.000000E+00,0.000000E+00,2.110805E+01,7.994182E+01,2.388831E+01,6.697559E+01
07:30:00,8.009234E+03,7.116840E+02,5.576667E-01,6.285081E-02,0.000000E+00,0.000000E+00,0.000000E+00,0.000000E+00,0.000000E+00,0.000000E+00,0.000000E+00,0.000000E+00,2.110805E+01,7.994182E+01,2.388831E+01,6.694277E+01
07:31:00,8.009234E+03,7.141819E+02,5.576667E-01,6.307141E-02,0.000000E+00,0.000000E+00,0.000000E+00,0.000000E+00,0.000000E+00,0.000000E+00,0.000000E+00,0.000000E+00,2.110805E+01,7.994182E+01,2.388830E+01,6.690960E+01
07:32:00,8.009234E+03,7.167154E+02,5.576667E-01,6.329516E-02,0.000000E+00,0.000000E+00,0.000000E+00,0.000000E+00,0.000000E+00,0.000000E+00,0.000000E+00,0.000000E+00,2.110805E+01,7.994182E+01,2.388830E+01,6.687609E+01
07:33:00,8.009234E+03,7.192848E+02,5.576667E-01,6.352208E-02,0.000000E+00,0.000000E+00,0.000000E+00,0.000000E+00,0.000000E+00,0.000000E+00,0.000000E+00,0.000000E+00,2.110805E+01,7.994182E+01,2.388830E+01,6.684224E+01
07:34:00,8.009234E+03,7.218903E+02,5.576667E-01,6.375219E-02,0.000000E+00,0.000000E+00,0.000000E+00,0.000000E+00,0.000000E+00,0.000000E+00,0.000000E+00,0.000000E+00,2.110805E+01,7.994182E+01,2.388830E+01,6.680807E+01
07:35:00,8.009234E+03,7.245323E+02,5.576667E-01,6.398552E-02,0.000000E+00,0.000000E+00,0.000000E+00,0.000000E+00,0.000000E+00,0.000000E+00,0.000000E+00,0.000000E+00,2.110805E+01,7.994182E+01,2.388830E+01,6.677357E+01
07:36:00,8.009234E+03,7.272108E+02,5.576667E-01,6.422208E-02,0.000000E+00,0.000000E+00,0.000000E+00,0.000000E+00,0.000000E+00,0.000000E+00,0.000000E+00,0.000000E+00,2.110805E+01,7.994182E+01,2.388829E+01,6.673877E+01
07:37:00,8.009234E+03,7.299265E+02,5.576667E-01,6.446191E-02,0.000000E+00,0.000000E+00,0.000000E+00,0.000000E+00,0.000000E+00,0.000000E+00,0.000000E+00,0.000000E+00,2.110805E+01,7.994182E+01,2.388829E+01,6.670366E+01
07:38:00,8.009234E+03,7.326802E+02,5.576667E-01,6.470512E-02,0.000000E+00,0.000000E+00,0.000000E+00,0.000000E+00,0.000000E+00,0.000000E+00,0.000000E+00,0.000000E+00,2.110805E+01,7.994182E+01,2.388829E+01,6.666825E+01
07:39:00,8.009234E+03,7.354725E+02,5.576667E-01,6.495171E-02,0.000000E+00,0.000000E+00,0.000000E+00,0.000000E+00,0.000000E+00,0.000000E+00,0.000000E+00,0.000000E+00,2.110805E+01,7.994182E+01,2.388829E+01,6.663253E+01
07:40:00,8.009234E+03,7.383034E+02,5.576667E-01,6.520174E-02,0.000000E+00,0.000000E+00,0.000000E+00,0.000000E+00,0.000000E+00,0.000000E+00,0.000000E+00,0.000000E+00,2.110805E+01,7.994182E+01,2.388829E+01,6.659651E+01
07:41:00,8.009234E+03,7.411734E+02,5.576667E-01,6.545520E-02,0.000000E+00,0.000000E+00,0.000000E+00,0.000000E+00,0.000000E+00,0.000000E+00,0.000000E+00,0.000000E+00,2.110805E+01,7.994182E+01,2.388829E+01,6.656019E+01
07:42:00,8.009234E+03,7.440823E+02,5.576667E-01,6.571210E-02,0.000000E+00,0.000000E+00,0.000000E+00,0.000000E+00,0.000000E+00,0.000000E+00,0.000000E+00,0.000000E+00,2.110805E+01,7.994182E+01,2.388828E+01,6.652358E+01
07:43:00,8.009234E+03,7.470301E+02,5.576667E-01,6.597244E-02,0.000000E+00,0.000000E+00,0.000000E+00,0.000000E+00,0.000000E+00,0.000000E+00,0.000000E+00,0.000000E+00,2.110805E+01,7.994182E+01,2.388828E+01,6.648668E+01
07:44:00,8.009235E+03,7.500171E+02,5.576667E-01,6.623624E-02,0.000000E+00,0.000000E+00,0.000000E+00,0.000000E+00,0.000000E+00,0.000000E+00,0.000000E+00,0.000000E+00,2.110805E+01,7.994182E+01,2.388828E+01,6.644950E+01
07:45:00,8.009235E+03,7.530431E+02,5.576667E-01,6.650349E-02,0.000000E+00,0.000000E+00,0.000000E+00,0.000000E+00,0.000000E+00,0.000000E+00,0.000000E+00,0.000000E+00,2.110805E+01,7.994182E+01,2.388828E+01,6.641205E+01
07:46:00,8.009235E+03,7.561084E+02,5.576667E-01,6.677420E-02,0.000000E+00,0.000000E+00,0.000000E+00,0.000000E+00,0.000000E+00,0.000000E+00,0.000000E+00,0.000000E+00,2.110805E+01,7.994182E+01,2.388828E+01,6.637435E+01
07:47:00,8.009235E+03,7.592131E+02,5.576667E-01,6.704840E-02,0.000000E+00,0.000000E+00,0.000000E+00,0.000000E+00,0.000000E+00,0.000000E+00,0.000000E+00,0.000000E+00,2.110805E+01,7.994182E+01,2.388827E+01,6.633638E+01
07:48:00,8.009235E+03,7.623572E+02,5.576667E-01,6.732607E-02,0.000000E+00,0.000000E+00,0.000000E+00,0.000000E+00,0.000000E+00,0.000000E+00,0.000000E+00,0.000000E+00,2.110805E+01,7.994182E+01,2.388827E+01,6.629817E+01
07:49:00,8.009235E+03,7.655407E+02,5.576667E-01,6.760723E-02,0.000000E+00,0.000000E+00,0.000000E+00,0.000000E+00,0.000000E+00,0.000000E+00,0.000000E+00,0.000000E+00,2.110805E+01,7.994182E+01,2.388827E+01,6.625972E+01
07:50:00,8.009235E+03,7.687637E+02,5.576667E-01,6.789187E-02,0.000000E+00,0.000000E+00,0.000000E+00,0.000000E+00,0.000000E+00,0.000000E+00,0.000000E+00,0.000000E+00,2.110805E+01,7.994182E+01,2.388827E+01,6.622103E+01
07:51:00,8.009235E+03,7.720264E+02,5.576667E-01,6.818002E-02,0.000000E+00,0.000000E+00,0.000000E+00,0.000000E+00,0.000000E+00,0.000000E+00,0.000000E+00,0.000000E+00,2.110805E+01,7.994182E+01,2.388827E+01,6.618212E+01
07:52:00,8.009235E+03,7.753287E+02,5.576667E-01,6.847167E-02,0.000000E+00,0.000000E+00,0.000000E+00,0.000000E+00,0.000000E+00,0.000000E+00,0.000000E+00,0.000000E+00,2.110805E+01,7.994182E+01,2.388827E+01,6.614298E+01
07:53:00,8.009235E+03,7.786707E+02,5.576667E-01,6.876683E-02,0.000000E+00,0.000000E+00,0.000000E+00,0.000000E+00,0.000000E+00,0.000000E+00,0.000000E+00,0.000000E+00,2.110805E+01,7.994182E+01,2.388826E+01,6.610363E+01
07:54:00,8.009235E+03,7.820525E+02,5.576667E-01,6.906549E-02,0.000000E+00,0.000000E+00,0.000000E+00,0.000000E+00,0.000000E+00,0.000000E+00,0.000000E+00,0.000000E+00,2.110805E+01,7.994182E+01,2.388826E+01,6.606408E+01
07:55:00,8.009235E+03,7.854742E+02,5.576667E-01,6.936769E-02,0.000000E+00,0.000000E+00,0.000000E+00,0.000000E+00,0.000000E+00,0.000000E+00,0.000000E+00,0.000000E+00,2.110805E+01,7.994182E+01,2.388826E+01,6.602432E+01
07:56:00,8.009235E+03,7.889358E+02,5.576667E-01,6.967340E-02,0.000000E+00,0.000000E+00,0.000000E+00,0.000000E+00,0.000000E+00,0.000000E+00,0.000000E+00,0.000000E+00,2.110805E+01,7.994182E+01,2.388826E+01,6.598437E+01
07:57:00,8.009235E+03,7.924372E+02,5.576667E-01,6.998263E-02,0.000000E+00,0.000000E+00,0.000000E+00,0.000000E+00,0.000000E+00,0.000000E+00,0.000000E+00,0.000000E+00,2.110805E+01,7.994182E+01,2.388826E+01,6.594423E+01
07:58:00,8.009235E+03,7.959786E+02,5.576667E-01,7.029539E-02,0.000000E+00,0.000000E+00,0.000000E+00,0.000000E+00,0.000000E+00,0.000000E+00,0.000000E+00,0.000000E+00,2.110805E+01,7.994182E+01,2.388826E+01,6.590391E+01
07:59:00,8.009235E+03,7.995600E+02,5.576667E-01,7.061169E-02,0.000000E+00,0.000000E+00,0.000000E+00,0.000000E+00,0.000000E+00,0.000000E+00,0.000000E+00,0.000000E+00,2.110805E+01,7.994182E+01,2.388825E+01,6.586342E+01
08:00:00,8.009235E+03,8.031814E+02,5.576667E-01,7.093152E-02,0.000000E+00,0.000000E+00,0.000000E+00,0.000000E+00,0.000000E+00,0.000000E+00,0.000000E+00,0.000000E+00,2.110805E+01,7.994182E+01,2.388825E+01,6.582275E+01
08:01:00,8.009235E+03,8.068195E+02,5.576667E-01,7.125283E-02,0.000000E+00,0.000000E+00,0.000000E+00,0.000000E+00,0.000000E+00,0.000000E+00,0.000000E+00,0.000000E+00,2.110805E+01,7.994182E+01,2.388825E+01,6.578193E+01
08:02:00,8.009235E+03,8.104747E+02,5.576667E-01,7.157564E-02,0.000000E+00,0.000000E+00,0.000000E+00,0.000000E+00,0.000000E+00,0.000000E+00,0.000000E+00,0.000000E+00,2.110805E+01,7.994182E+01,2.388825E+01,6.574088E+01
08:03:00,8.009235E+03,8.141474E+02,5.576667E-01,7.190000E-02,0.000000E+00,0.000000E+00,0.000000E+00,0.000000E+00,0.000000E+00,0.000000E+00,0.000000E+00,0.000000E+00,2.110805E+01,7.994182E+01,2.388825E+01,6.569959E+01
08:04:00,8.009235E+03,8.178371E+02,5.576667E-01,7.222586E-02,0.000000E+00,0.000000E+00,0.000000E+00,0.000000E+00,0.000000E+00,0.000000E+00,0.000000E+00,0.000000E+00,2.110805E+01,7.994182E+01,2.388824E+01,6.565803E+01
08:05:00,8.009235E+03,8.215440E+02,5.576667E-01,7.255324E-02,0.000000E+00,0.000000E+00,0.000000E+00,0.000000E+00,0.000000E+00,0.000000E+00,0.000000E+00,0.000000E+00,2.110805E+01,7.994182E+01,2.388824E+01,6.561623E+01
08:06:00,8.009235E+03,8.252684E+02,5.576667E-01,7.288217E-02,0.000000E+00,0.000000E+00,0.000000E+00,0.000000E+00,0.000000E+00,0.000000E+00,0.000000E+00,0.000000E+00,2.110805E+01,7.994182E+01,2.388824E+01,6.557420E+01
08:07:00,8.009235E+03,8.290100E+02,5.576667E-01,7.321262E-02,0.000000E+00,0.000000E+00,0.000000E+00,0.000000E+00,0.000000E+00,0.000000E+00,0.000000E+00,0.000000E+00,2.110805E+01,7.994182E+01,2.388824E+01,6.553193E+01
08:08:00,8.009235E+03,8.327687E+02,5.576667E-01,7.354457E-02,0.000000E+00,0.000000E+00,0.000000E+00,0.000000E+00,0.000000E+00,0.000000E+00,0.000000E+00,0.000000E+00,2.110805E+01,7.994182E+01,2.388824E+01,6.548945E+01
08:09:00,8.009235E+03,8.365449E+02,5.576667E-01,7.387808E-02,0.000000E+00,0.000000E+00,0.000000E+00,0.000000E+00,0.000000E+00,0.000000E+00,0.000000E+00,0.000000E+00,2.110805E+01,7.994182E+01,2.388823E+01,6.544676E+01
08:10:00,8.009235E+03,8.403385E+02,5.576667E-01,7.421311E-02,0.000000E+00,0.000000E+00,0.000000E+00,0.000000E+00,0.000000E+00,0.000000E+00,0.000000E+00,0.000000E+00,2.110805E+01,7.994182E+01,2.388823E+01,6.540387E+01
08:11:00,8.009235E+03,8.441491E+02,5.576667E-01,7.454965E-02,0.000000E+00,0.000000E+00,0.000000E+00,0.000000E+00,0.000000E+00,0.000000E+00,0.000000E+00,0.000000E+00,2.110805E+01,7.994182E+01,2.388823E+01,6.536078E+01
08:12:00,8.009235E+03,8.479772E+02,5.576667E-01,7.488773E-02,0.000000E+00,0.000000E+00,0.000000E+00,0.000000E+00,0.000000E+00,0.000000E+00,0.000000E+00,0.000000E+00,2.110805E+01,7.994182E+01,2.388823E+01,6.531751E+01
08:13:00,8.009235E+03,8.518227E+02,5.576667E-01,7.522735E-02,0.000000E+00,0.000000E+00,0.000000E+00,0.000000E+00,0.000000E+00,0.000000E+00,0.000000E+00,0.000000E+00,2.110805E+01,7.994182E+01,2.388823E+01,6.527407E+01
08:14:00,8.009235E+03,8.556852E+02,5.576667E-01,7.556848E-02,0.000000E+00,0.000000E+00,0.000000E+00,0.000000E+00,0.000000E+00,0.000000E+00,0.000000E+00,0.000000E+00,2.110805E+01,7.994182E+01,2.388823E+01,6.523045E+01
08:15:00,8.009235E+03,8.595653E+02,5.576667E-01,7.591116E-02,0.000000E+00,0.000000E+00,0.000000E+00,0.000000E+00,0.000000E+00,0.000000E+00,0.000000E+00,0.000000E+00,2.110805E+01,7.994182E+01,2.388822E+01,6.518668E+01
08:16:00,8.009235E+03,8.634628E+02,5.576667E-01,7.625537E-02,0.000000E+00,0.000000E+00,0.000000E+00,0.000000E+00,0.000000E+00,0.000000E+00,0.000000E+00,0.000000E+00,2.110805E+01,7.994182E+01,2.388822E+01,6.514276E+01
08:17:00,8.009235E+03,8.673775E+02,5.576667E-01,7.660110E-02,0.000000E+00,0.000000E+00,0.000000E+00,0.000000E+00,0.000000E+00,0.000000E+00,0.000000E+00,0.000000E+00,2.110805E+01,7.994182E+01,2.388822E+01,6.509868E+01
08:18:00,8.009235E+03,8.713098E+02,5.576667E-01,7.694839E-02,0.000000E+00,0.000000E+00,0.000000E+00,0.000000E+00,0.000000E+00,0.000000E+00,0.000000E+00,0.000000E+00,2.110805E+01,7.994182E+01,2.388822E+01,6.505448E+01
08:19:00,8.009235E+03,8.752597E+02,5.576667E-01,7.729723E-02,0.000000E+00,0.000000E+00,0.000000E+00,0.000000E+00,0.000000E+00,0.000000E+00,0.000000E+00,0.000000E+00,2.110805E+01,7.994182E+01,2.388822E+01,6.501014E+01
08:20:00,8.009235E+03,8.792270E+02,5.576667E-01,7.764761E-02,0.000000E+00,0.000000E+00,0.000000E+00,0.000000E+00,0.000000E+00,0.000000E+00,0.000000E+00,0.000000E+00,2.110805E+01,7.994182E+01,2.388822E+01,6.496567E+01
08:21:00,8.009235E+03,8.832127E+02,5.576667E-01,7.799962E-02,0.000000E+00,0.000000E+00,0.000000E+00,0.000000E+00,0.000000E+00,0.000000E+00,0.000000E+00,0.000000E+00,2.110805E+01,7.994182E+01,2.388821E+01,6.492109E+01
08:22:00,8.009235E+03,8.872166E+02,5.576667E-01,7.835323E-02,0.000000E+00,0.000000E+00,0.000000E+00,0.000000E+00,0.000000E+00,0.000000E+00,0.000000E+00,0.000000E+00,2.110805E+01,7.994182E+01,2.388821E+01,6.487640E+01
08:23:00,8.009235E+03,8.912384E+02,5.576667E-01,7.870842E-02,0.000000E+00,0.000000E+00,0.000000E+00,0.000000E+00,0.000000E+00,0.000000E+00,0.000000E+00,0.000000E+00,2.110805E+01,7.994182E+01,2.388821E+01,6.483161E+01
08:24:00,8.009235E+03,8.952790E+02,5.576667E-01,7.906527E-02,0.000000E+00,0.000000E+00,0.000000E+00,0.000000E+00,0.000000E+00,0.000000E+00,0.000000E+00,0.000000E+00,2.110805E+01,7.994182E+01,2.388821E+01,6.478672E+01
08:25:00,8.009235E+03,8.993378E+02,5.576667E-01,7.942373E-02,0.000000E+00,0.000000E+00,0.000000E+00,0.000000E+00,0.000000E+00,0.000000E+00,0.000000E+00,0.000000E+00,2.110805E+01,7.994182E+01,2.388821E+01,6.474173E+01
08:26:00,8.009235E+03,9.034146E+02,5.576667E-01,7.978378E-02,0.000000E+00,0.000000E+00,0.000000E+00,0.000000E+00,0.000000E+00,0.000000E+00,0.000000E+00,0.000000E+00,2.110805E+01,7.994182E+01,2.388820E+01,6.469666E+01
08:27:00,8.009235E+03,9.075086E+02,5.576667E-01,8.014535E-02,0.000000E+00,0.000000E+00,0.000000E+00,0.000000E+00,0.000000E+00,0.000000E+00,0.000000E+00,0.000000E+00,2.110805E+01,7.994182E+01,2.388820E+01,6.465151E+01
08:28:00,8.009235E+03,9.116201E+02,5.576667E-01,8.050846E-02,0.000000E+00,0.000000E+00,0.000000E+00,0.000000E+00,0.000000E+00,0.000000E+00,0.000000E+00,0.000000E+00,2.110805E+01,7.994182E+01,2.388820E+01,6.460630E+01
08:29:00,8.009235E+03,9.157480E+02,5.576667E-01,8.087303E-02,0.000000E+00,0.000000E+00,0.000000E+00,0.000000E+00,0.000000E+00,0.000000E+00,0.000000E+00,0.000000E+00,2.110805E+01,7.994182E+01,2.388820E+01,6.456100E+01
08:30:00,8.009235E+03,9.198922E+02,5.576667E-01,8.123903E-02,0.000000E+00,0.000000E+00,0.000000E+00,0.000000E+00,0.000000E+00,0.000000E+00,0.000000E+00,0.000000E+00,2.110805E+01,7.994182E+01,2.388820E+01,6.451565E+01
08:31:00,8.009235E+03,9.240525E+02,5.576667E-01,8.160646E-02,0.000000E+00,0.000000E+00,0.000000E+00,0.000000E+00,0.000000E+00,0.000000E+00,0.000000E+00,0.000000E+00,2.110805E+01,7.994182E+01,2.388820E+01,6.447025E+01
08:32:00,8.009235E+03,9.282286E+02,5.576667E-01,8.197527E-02,0.000000E+00,0.000000E+00,0.000000E+00,0.000000E+00,0.000000E+00,0.000000E+00,0.000000E+00,0.000000E+00,2.110805E+01,7.994182E+01,2.388819E+01,6.442479E+01
08:33:00,8.009235E+03,9.324207E+02,5.576667E-01,8.234551E-02,0.000000E+00,0.000000E+00,0.000000E+00,0.000000E+00,0.000000E+00,0.000000E+00,0.000000E+00,0.000000E+00,2.110805E+01,7.994182E+01,2.388819E+01,6.437929E+01
08:34:00,8.009235E+03,9.366286E+02,5.576667E-01,8.271713E-02,0.000000E+00,0.000000E+00,0.000000E+00,0.000000E+00,0.000000E+00,0.000000E+00,0.000000E+00,0.000000E+00,2.110805E+01,7.994182E+01,2.388819E+01,6.433375E+01
08:35:00,8.009235E+03,9.408520E+02,5.576667E-01,8.309013E-02,0.000000E+00,0.000000E+00,0.000000E+00,0.000000E+00,0.000000E+00,0.000000E+00,0.000000E+00,0.000000E+00,2.110805E+01,7.994182E+01,2.388819E+01,6.428817E+01
08:36:00,8.009235E+03,9.450907E+02,5.576667E-01,8.346448E-02,0.000000E+00,0.000000E+00,0.000000E+00,0.000000E+00,0.000000E+00,0.000000E+00,0.000000E+00,0.000000E+00,2.110805E+01,7.994182E+01,2.388819E+01,6.424256E+01
08:37:00,8.009235E+03,9.493445E+02,5.576667E-01,8.384016E-02,0.000000E+00,0.000000E+00,0.000000E+00,0.000000E+00,0.000000E+00,0.000000E+00,0.000000E+00,0.000000E+00,2.110805E+01,7.994182E+01,2.388819E+01,6.419693E+01
08:38:00,8.009235E+03,9.536124E+02,5.576667E-01,8.421709E-02,0.000000E+00,0.000000E+00,0.000000E+00,0.000000E+00,0.000000E+00,0.000000E+00,0.000000E+00,0.000000E+00,2.110805E+01,7.994182E+01,2.388819E+01,6.415127E+01
08:39:00,8.009235E+03,9.578939E+02,5.576667E-01,8.459522E-02,0.000000E+00,0.000000E+00,0.000000E+00,0.000000E+00,0.000000E+00,0.000000E+00,0.000000E+00,0.000000E+00,2.110805E+01,7.994182E+01,2.388818E+01,6.410559E+01
08:40:00,8.009235E+03,9.621893E+02,5.576667E-01,8.497458E-02,0.000000E+00,0.000000E+00,0.000000E+00,0.000000E+00,0.000000E+00,0.000000E+00,0.000000E+00,0.000000E+00,2.110805E+01,7.994182E+01,2.388818E+01,6.405991E+01
08:41:00,8.009235E+03,9.664983E+02,5.576667E-01,8.535513E-02,0.000000E+00,0.000000E+00,0.000000E+00,0.000000E+00,0.000000E+00,0.000000E+00,0.000000E+00,0.000000E+00,2.110805E+01,7.994182E+01,2.388818E+01,6.401422E+01
08:42:00,8.009235E+03,9.708206E+02,5.576667E-01,8.573686E-02,0.000000E+00,0.000000E+00,0.000000E+00,0.000000E+00,0.000000E+00,0.000000E+00,0.000000E+00,0.000000E+00,2.110805E+01,7.994182E+01,2.388818E+01,6.396852E+01
08:43:00,8.009235E+03,9.751561E+02,5.576667E-01,8.611976E-02,0.000000E+00,0.000000E+00,0.000000E+00,0.000000E+00,0.000000E+00,0.000000E+00,0.000000E+00,0.000000E+00,2.110805E+01,7.994182E+01,2.388818E+01,6.392283E+01
08:44:00,8.009235E+03,9.795047E+02,5.576667E-01,8.650382E-02,0.000000E+00,0.000000E+00,0.000000E+00,0.000000E+00,0.000000E+00,0.000000E+00,0.000000E+00,0.000000E+00,2.110805E+01,7.994182E+01,2.388818E+01,6.387714E+01
08:45:00,8.009235E+03,9.838662E+02,5.576667E-01,8.688901E-02,0.000000E+00,0.000000E+00,0.000000E+00,0.000000E+00,0.000000E+00,0.000000E+00,0.000000E+00,0.000000E+00,2.110805E+01,7.994182E+01,2.388817E+01,6.383146E+01
08:46:00,8.009235E+03,9.882406E+02,5.576667E-01,8.727534E-02,0.000000E+00,0.000000E+00,0.000000E+00,0.000000E+00,0.000000E+00,0.000000E+00,0.000000E+00,0.000000E+00,2.110805E+01,7.994183E+01,2.388817E+01,6.378579E+01
08:47:00,8.009235E+03,9.926275E+02,5.576667E-01,8.766278E-02,0.000000E+00,0.000000E+00,0.000000E+00,0.000000E+00,0.000000E+00,0.000000E+00,0.000000E+00,0.000000E+00,2.110805E+01,7.994183E+01,2.388817E+01,6.374014E+01
08:48:00,8.009235E+03,9.970269E+02,5.576667E-01,8.805133E-02,0.000000E+00,0.000000E+00,0.000000E+00,0.000000E+00,0.000000E+00,0.000000E+00,0.000000E+00,0.000000E+00,2.110805E+01,7.994183E+01,2.388817E+01,6.369452E+01
08:49:00,8.009235E+03,1.001439E+03,5.576667E-01,8.844096E-02,0.000000E+00,0.000000E+00,0.000000E+00,0.000000E+00,0.000000E+00,0.000000E+00,0.000000E+00,0.000000E+00,2.110805E+01,7.994183E+01,2.388817E+01,6.364892E+01
08:50:00,8.009235E+03,1.005863E+03,5.576667E-01,8.883168E-02,0.000000E+00,0.000000E+00,0.000000E+00,0.000000E+00,0.000000E+00,0.000000E+00,0.000000E+00,0.000000E+00,2.110805E+01,7.994183E+01,2.388817E+01,6.360335E+01
08:51:00,8.009235E+03,1.010299E+03,5.576667E-01,8.922345E-02,0.000000E+00,0.000000E+00,0.000000E+00,0.000000E+00,0.000000E+00,0.000000E+00,0.000000E+00,0.000000E+00,2.110805E+01,7.994183E+01,2.388817E+01,6.355782E+01
08:52:00,8.009235E+03,1.014747E+03,5.576667E-01,8.961629E-02,0.000000E+00,0.000000E+00,0.000000E+00,0.000000E+00,0.000000E+00,0.000000E+00,0.000000E+00,0.000000E+00,2.110805E+01,7.994183E+01,2.388816E+01,6.351232E+01
08:53:00,8.009235E+03,1.019207E+03,5.576667E-01,9.001020E-02,0.000000E+00,0.000000E+00,0.000000E+00,0.000000E+00,0.000000E+00,0.000000E+00,0.000000E+00,0.000000E+00,2.110805E+01,7.994183E+01,2.388816E+01,6.346686E+01
08:54:00,8.009235E+03,1.023713E+03,5.576667E-01,9.040820E-02,0.000000E+00,0.000000E+00,0.000000E+00,0.000000E+00,0.000000E+00,0.000000E+00,0.000000E+00,0.000000E+00,2.110805E+01,7.994183E+01,2.388816E+01,6.342145E+01
08:55:00,8.009235E+03,1.028233E+03,5.576667E-01,9.080732E-02,0.000000E+00,0.000000E+00,0.000000E+00,0.000000E+00,0.000000E+00,0.000000E+00,0.000000E+00,0.000000E+00,2.110805E+01,7.994183E+01,2.388816E+01,6.337575E+01
08:56:00,8.009235E+03,1.032765E+03,5.576667E-01,9.120760E-02,0.000000E+00,0.000000E+00,0.000000E+00,0.000000E+00,0.000000E+00,0.000000E+00,0.000000E+00,0.000000E+00,2.110805E+01,7.994183E+01,2.388816E+01,6.332987E+01
08:57:00,8.009235E+03,1.037310E+03,5.576667E-01,9.160899E-02,0.000000E+00,0.000000E+00,0.000000E+00,0.000000E+00,0.000000E+00,0.000000E+00,0.000000E+00,0.000000E+00,2.110805E+01,7.994183E+01,2.388816E+01,6.328396E+01
08:58:00,8.009235E+03,1.041867E+03,5.576667E-01,9.201147E-02,0.000000E+00,0.000000E+00,0.000000E+00,0.000000E+00,0.000000E+00,0.000000E+00,0.000000E+00,0.000000E+00,2.110805E+01,7.994183E+01,2.388815E+01,6.323811E+01
08:59:00,8.009235E+03,1.046436E+03,5.576667E-01,9.241501E-02,0.000000E+00,0.000000E+00,0.000000E+00,0.000000E+00,0.000000E+00,0.000000E+00,0.000000E+00,0.000000E+00,2.110805E+01,7.994183E+01,2.388815E+01,6.319232E+01
09:00:00,8.009235E+03,1.051018E+03,5.576667E-01,9.281962E-02,0.000000E+00,0.000000E+00,0.000000E+00,0.000000E+00,0.000000E+00,0.000000E+00,0.000000E+00,0.000000E+00,2.110805E+01,7.994183E+01,2.388815E+01,6.314660E+01
09:01:00,8.009235E+03,1.055599E+03,5.576667E-01,9.322428E-02,0.000000E+00,0.000000E+00,0.000000E+00,0.000000E+00,0.000000E+00,0.000000E+00,0.000000E+00,0.000000E+00,2.110805E+01,7.994183E+01,2.388815E+01,6.310096E+01
09:02:00,8.009235E+03,1.060182E+03,5.576667E-01,9.362899E-02,0.000000E+00,0.000000E+00,0.000000E+00,0.000000E+00,0.000000E+00,0.000000E+00,0.000000E+00,0.000000E+00,2.110805E+01,7.994183E+01,2.388815E+01,6.305544E+01
09:03:00,8.009235E+03,1.064765E+03,5.576667E-01,9.403371E-02,0.000000E+00,0.000000E+00,0.000000E+00,0.000000E+00,0.000000E+00,0.000000E+00,0.000000E+00,0.000000E+00,2.110805E+01,7.994183E+01,2.388815E+01,6.301009E+01
09:04:00,8.009235E+03,1.069348E+03,5.576667E-01,9.443848E-02,0.000000E+00,0.000000E+00,0.000000E+00,0.000000E+00,0.000000E+00,0.000000E+00,0.000000E+00,0.000000E+00,2.110805E+01,7.994183E+01,2.388815E+01,6.296492E+01
09:05:00,8.009235E+03,1.073931E+03,5.576667E-01,9.484328E-02,0.000000E+00,0.000000E+00,0.000000E+00,0.000000E+00,0.000000E+00,0.000000E+00,0.000000E+00,0.000000E+00,2.110805E+01,7.994183E+01,2.388815E+01,6.291992E+01
09:06:00,8.009235E+03,1.078514E+03,5.576667E-01,9.524806E-02,0.000000E+00,0.000000E+00,0.000000E+00,0.000000E+00,0.000000E+00,0.000000E+00,0.000000E+00,0.000000E+00,2.110805E+01,7.994183E+01,2.388814E+01,6.287509E+01
09:07:00,8.009235E+03,1.083098E+03,5.576667E-01,9.565286E-02,0.000000E+00,0.000000E+00,0.000000E+00,0.000000E+00,0.000000E+00,0.000000E+00,0.000000E+00,0.000000E+00,2.110805E+01,7.994183E+01,2.388814E+01,6.283043E+01
09:08:00,8.009235E+03,1.087682E+03,5.576667E-01,9.605767E-02,0.000000E+00,0.000000E+00,0.000000E+00,0.000000E+00,0.000000E+00,0.000000E+00,0.000000E+00,0.000000E+00,2.110805E+01,7.994183E+01,2.388814E+01,6.278594E+01
09:09:00,8.009235E+03,1.092265E+03,5.576667E-01,9.646246E-02,0.000000E+00,0.000000E+00,0.000000E+00,0.000000E+00,0.000000E+00,0.000000E+00,0.000000E+00,0.000000E+00,2.110805E+01,7.994183E+01,2.388814E+01,6.274162E+01
09:10:00,8.009235E+03,1.096848E+03,5.576667E-01,9.686723E-02,0.000000E+00,0.000000E+00,0.000000E+00,0.000000E+00,0.000000E+00,0.000000E+00,0.000000E+00,0.000000E+00,2.110805E+01,7.994183E+01,2.388814E+01,6.269746E+01
09:11:00,8.009235E+03,1.101431E+03,5.576667E-01,9.727200E-02,0.000000E+00,0.000000E+00,0.000000E+00,0.000000E+00,0.000000E+00,0.000000E+00,0.000000E+00,0.000000E+00,2.110805E+01,7.994183E+01,2.388814E+01,6.265347E+01
09:12:00,8.009235E+03,1.106014E+03,5.576667E-01,9.767673E-02,0.000000E+00,0.000000E+00,0.000000E+00,0.000000E+00,0.000000E+00,0.000000E+00,0.000000E+00,0.000000E+00,2.110805E+01,7.994183E+01,2.388814E+01,6.260964E+01
09:13:00,8.009235E+03,1.110596E+03,5.576667E-01,9.808142E-02,0.000000E+00,0.000000E+00,0.000000E+00,0.000000E+00,0.000000E+00,0.000000E+00,0.000000E+00,0.000000E+00,2.110805E+01,7.994183E+01,2.388814E+01,6.256597E+01
09:14:00,8.009235E+03,1.115178E+03,5.576667E-01,9.848611E-02,0.000000E+00,0.000000E+00,0.000000E+00,0.000000E+00,0.000000E+00,0.000000E+00,0.000000E+00,0.000000E+00,2.110805E+01,7.994183E+01,2.388814E+01,6.252246E+01
09:15:00,8.009235E+03,1.119760E+03,5.576667E-01,9.889072E-02,0.000000E+00,0.000000E+00,0.000000E+00,0.000000E+00,0.000000E+00,0.000000E+00,0.000000E+00,0.000000E+00,2.110805E+01,7.994183E+01,2.388813E+01,6.247910E+01
09:16:00,8.009235E+03,1.124341E+03,5.576667E-01,9.929529E-02,0.000000E+00,0.000000E+00,0.000000E+00,0.000000E+00,0.000000E+00,0.000000E+00,0.000000E+00,0.000000E+00,2.110805E+01,7.994183E+01,2.388813E+01,6.243591E+01
09:17:00,8.009235E+03,1.128921E+03,5.576667E-01,9.969983E-02,0.000000E+00,0.000000E+00,0.000000E+00,0.000000E+00,0.000000E+00,0.000000E+00,0.000000E+00,0.000000E+00,2.110805E+01,7.994183E+01,2.388813E+01,6.239287E+01
09:18:00,8.009235E+03,1.133501E+03,5.576667E-01,1.001043E-01,0.000000E+00,0.000000E+00,0.000000E+00,0.000000E+00,0.000000E+00,0.000000E+00,0.000000E+00,0.000000E+00,2.110805E+01,7.994183E+01,2.388813E+01,6.234999E+01
09:19:00,8.009235E+03,1.138080E+03,5.576667E-01,1.005087E-01,0.000000E+00,0.000000E+00,0.000000E+00,0.000000E+00,0.000000E+00,0.000000E+00,0.000000E+00,0.000000E+00,2.110805E+01,7.994183E+01,2.388813E+01,6.230726E+01
09:20:00,8.009235E+03,1.142658E+03,5.576667E-01,1.009130E-01,0.000000E+00,0.000000E+00,0.000000E+00,0.000000E+00,0.000000E+00,0.000000E+00,0.000000E+00,0.000000E+00,2.110805E+01,7.994183E+01,2.388813E+01,6.226468E+01
09:21:00,8.009235E+03,1.147235E+03,5.576667E-01,1.013173E-01,0.000000E+00,0.000000E+00,0.000000E+00,0.000000E+00,0.000000E+00,0.000000E+00,0.000000E+00,0.000000E+00,2.110805E+01,7.994183E+01,2.388813E+01,6.222225E+01
09:22:00,8.009235E+03,1.151812E+03,5.576667E-01,1.017215E-01,0.000000E+00,0.000000E+00,0.000000E+00,0.000000E+00,0.000000E+00,0.000000E+00,0.000000E+00,0.000000E+00,2.110805E+01,7.994183E+01,2.388813E+01,6.217997E+01
09:23:00,8.009235E+03,1.156387E+03,5.576667E-01,1.021256E-01,0.000000E+00,0.000000E+00,0.000000E+00,0.000000E+00,0.000000E+00,0.000000E+00,0.000000E+00,0.000000E+00,2.110805E+01,7.994183E+01,2.388813E+01,6.213784E+01
09:24:00,8.009235E+03,1.160962E+03,5.576667E-01,1.025296E-01,0.000000E+00,0.000000E+00,0.000000E+00,0.000000E+00,0.000000E+00,0.000000E+00,0.000000E+00,0.000000E+00,2.110805E+01,7.994183E+01,2.388812E+01,6.209587E+01
09:25:00,8.009235E+03,1.165536E+03,5.576667E-01,1.029335E-01,0.000000E+00,0.000000E+00,0.000000E+00,0.000000E+00,0.000000E+00,0.000000E+00,0.000000E+00,0.000000E+00,2.110805E+01,7.994183E+01,2.388812E+01,6.205404E+01
09:26:00,8.009235E+03,1.170108E+03,5.576667E-01,1.033373E-01,0.000000E+00,0.000000E+00,0.000000E+00,0.000000E+00,0.000000E+00,0.000000E+00,0.000000E+00,0.000000E+00,2.110805E+01,7.994183E+01,2.388812E+01,6.201235E+01
09:27:00,8.009235E+03,1.174680E+03,5.576667E-01,1.037411E-01,0.000000E+00,0.000000E+00,0.000000E+00,0.000000E+00,0.000000E+00,0.000000E+00,0.000000E+00,0.000000E+00,2.110805E+01,7.994183E+01,2.388812E+01,6.197080E+01
09:28:00,8.009235E+03,1.179250E+03,5.576667E-01,1.041447E-01,0.000000E+00,0.000000E+00,0.000000E+00,0.000000E+00,0.000000E+00,0.000000E+00,0.000000E+00,0.000000E+00,2.110805E+01,7.994183E+01,2.388812E+01,6.192941E+01
09:29:00,8.009235E+03,1.183819E+03,5.576667E-01,1.045482E-01,0.000000E+00,0.000000E+00,0.000000E+00,0.000000E+00,0.000000E+00,0.000000E+00,0.000000E+00,0.000000E+00,2.110805E+01,7.994183E+01,2.388812E+01,6.188815E+01
09:30:00,8.009235E+03,1.188386E+03,5.576667E-01,1.049516E-01,0.000000E+00,0.000000E+00,0.000000E+00,0.000000E+00,0.000000E+00,0.000000E+00,0.000000E+00,0.000000E+00,2.110805E+01,7.994183E+01,2.388812E+01,6.184704E+01
09:31:00,8.009235E+03,1.192953E+03,5.576667E-01,1.053549E-01,0.000000E+00,0.000000E+00,0.000000E+00,0.000000E+00,0.000000E+00,0.000000E+00,0.000000E+00,0.000000E+00,2.110805E+01,7.994183E+01,2.388812E+01,6.180607E+01
09:32:00,8.009235E+03,1.197518E+03,5.576667E-01,1.057581E-01,0.000000E+00,0.000000E+00,0.000000E+00,0.000000E+00,0.000000E+00,0.000000E+00,0.000000E+00,0.000000E+00,2.110805E+01,7.994183E+01,2.388812E+01,6.176524E+01
09:33:00,8.009235E+03,1.202081E+03,5.576667E-01,1.061611E-01,0.000000E+00,0.000000E+00,0.000000E+00,0.000000E+00,0.000000E+00,0.000000E+00,0.000000E+00,0.000000E+00,2.110805E+01,7.994183E+01,2.388811E+01,6.172455E+01
09:34:00,8.009235E+03,1.206644E+03,5.576667E-01,1.065641E-01,0.000000E+00,0.000000E+00,0.000000E+00,0.000000E+00,0.000000E+00,0.000000E+00,0.000000E+00,0.000000E+00,2.110805E+01,7.994183E+01,2.388811E+01,6.168400E+01
09:35:00,8.009235E+03,1.211204E+03,5.576667E-01,1.069668E-01,0.000000E+00,0.000000E+00,0.000000E+00,0.000000E+00,0.000000E+00,0.000000E+00,0.000000E+00,0.000000E+00,2.110805E+01,7.994183E+01,2.388811E+01,6.164359E+01
09:36:00,8.009235E+03,1.215763E+03,5.576667E-01,1.073695E-01,0.000000E+00,0.000000E+00,0.000000E+00,0.000000E+00,0.000000E+00,0.000000E+00,0.000000E+00,0.000000E+00,2.110805E+01,7.994183E+01,2.388811E+01,6.160331E+01
09:37:00,8.009235E+03,1.220321E+03,5.576667E-01,1.077720E-01,0.000000E+00,0.000000E+00,0.000000E+00,0.000000E+00,0.000000E+00,0.000000E+00,0.000000E+00,0.000000E+00,2.110805E+01,7.994183E+01,2.388811E+01,6.156317E+01
09:38:00,8.009235E+03,1.224876E+03,5.576667E-01,1.081743E-01,0.000000E+00,0.000000E+00,0.000000E+00,0.000000E+00,0.000000E+00,0.000000E+00,0.000000E+00,0.000000E+00,2.110805E+01,7.994183E+01,2.388811E+01,6.152317E+01
09:39:00,8.009235E+03,1.229431E+03,5.576667E-01,1.085765E-01,0.000000E+00,0.000000E+00,0.000000E+00,0.000000E+00,0.000000E+00,0.000000E+00,0.000000E+00,0.000000E+00,2.110805E+01,7.994183E+01,2.388811E+01,6.148330E+01
09:40:00,8.009235E+03,1.233983E+03,5.576667E-01,1.089786E-01,0.000000E+00,0.000000E+00,0.000000E+00,0.000000E+00,0.000000E+00,0.000000E+00,0.000000E+00,0.000000E+00,2.110805E+01,7.994183E+01,2.388811E+01,6.144357E+01
09:41:00,8.009235E+03,1.238534E+03,5.576667E-01,1.093805E-01,0.000000E+00,0.000000E+00,0.000000E+00,0.000000E+00,0.000000E+00,0.000000E+00,0.000000E+00,0.000000E+00,2.110805E+01,7.994183E+01,2.388811E+01,6.140397E+01
09:42:00,8.009235E+03,1.243082E+03,5.576667E-01,1.097822E-01,0.000000E+00,0.000000E+00,0.000000E+00,0.000000E+00,0.000000E+00,0.000000E+00,0.000000E+00,0.000000E+00,2.110805E+01,7.994183E+01,2.388811E+01,6.136451E+01
09:43:00,8.009235E+03,1.247630E+03,5.576667E-01,1.101838E-01,0.000000E+00,0.000000E+00,0.000000E+00,0.000000E+00,0.000000E+00,0.000000E+00,0.000000E+00,0.000000E+00,2.110805E+01,7.994183E+01,2.388810E+01,6.132518E+01
09:44:00,8.009235E+03,1.252175E+03,5.576667E-01,1.105853E-01,0.000000E+00,0.000000E+00,0.000000E+00,0.000000E+00,0.000000E+00,0.000000E+00,0.000000E+00,0.000000E+00,2.110805E+01,7.994183E+01,2.388810E+01,6.128597E+01
09:45:00,8.009235E+03,1.256719E+03,5.576667E-01,1.109865E-01,0.000000E+00,0.000000E+00,0.000000E+00,0.000000E+00,0.000000E+00,0.000000E+00,0.000000E+00,0.000000E+00,2.110805E+01,7.994183E+01,2.388810E+01,6.124690E+01
09:46:00,8.009235E+03,1.261260E+03,5.576667E-01,1.113876E-01,0.000000E+00,0.000000E+00,0.000000E+00,0.000000E+00,0.000000E+00,0.000000E+00,0.000000E+00,0.000000E+00,2.110805E+01,7.994183E+01,2.388810E+01,6.120796E+01
09:47:00,8.009235E+03,1.265800E+03,5.576667E-01,1.117886E-01,0.000000E+00,0.000000E+00,0.000000E+00,0.000000E+00,0.000000E+00,0.000000E+00,0.000000E+00,0.000000E+00,2.110805E+01,7.994183E+01,2.388810E+01,6.116915E+01
09:48:00,8.009235E+03,1.270338E+03,5.576667E-01,1.121894E-01,0.000000E+00,0.000000E+00,0.000000E+00,0.000000E+00,0.000000E+00,0.000000E+00,0.000000E+00,0.000000E+00,2.110805E+01,7.994183E+01,2.388810E+01,6.113047E+01
09:49:00,8.009235E+03,1.274874E+03,5.576667E-01,1.125900E-01,0.000000E+00,0.000000E+00,0.000000E+00,0.000000E+00,0.000000E+00,0.000000E+00,0.000000E+00,0.000000E+00,2.110805E+01,7.994183E+01,2.388810E+01,6.109192E+01
09:50:00,8.009235E+03,1.279409E+03,5.576667E-01,1.129905E-01,0.000000E+00,0.000000E+00,0.000000E+00,0.000000E+00,0.000000E+00,0.000000E+00,0.000000E+00,0.000000E+00,2.110805E+01,7.994183E+01,2.388810E+01,6.105350E+01
09:51:00,8.009235E+03,1.283941E+03,5.576667E-01,1.133907E-01,0.000000E+00,0.000000E+00,0.000000E+00,0.000000E+00,0.000000E+00,0.000000E+00,0.000000E+00,0.000000E+00,2.110805E+01,7.994183E+01,2.388810E+01,6.101520E+01
09:52:00,8.009235E+03,1.288471E+03,5.576667E-01,1.137909E-01,0.000000E+00,0.000000E+00,0.000000E+00,0.000000E+00,0.000000E+00,0.000000E+00,0.000000E+00,0.000000E+00,2.110805E+01,7.994183E+01,2.388810E+01,6.097704E+01
09:53:00,8.009235E+03,1.293000E+03,5.576667E-01,1.141908E-01,0.000000E+00,0.000000E+00,0.000000E+00,0.000000E+00,0.000000E+00,0.000000E+00,0.000000E+00,0.000000E+00,2.110805E+01,7.994183E+01,2.388809E+01,6.093899E+01
09:54:00,8.009235E+03,1.297492E+03,5.576667E-01,1.145875E-01,0.000000E+00,0.000000E+00,0.000000E+00,0.000000E+00,0.000000E+00,0.000000E+00,0.000000E+00,0.000000E+00,2.110805E+01,7.994183E+01,2.388809E+01,6.090108E+01
09:55:00,8.009235E+03,1.301980E+03,5.576667E-01,1.149839E-01,0.000000E+00,0.000000E+00,0.000000E+00,0.000000E+00,0.000000E+00,0.000000E+00,0.000000E+00,0.000000E+00,2.110805E+01,7.994183E+01,2.388809E+01,6.086329E+01
09:56:00,8.009235E+03,1.306465E+03,5.576667E-01,1.153800E-01,0.000000E+00,0.000000E+00,0.000000E+00,0.000000E+00,0.000000E+00,0.000000E+00,0.000000E+00,0.000000E+00,2.110805E+01,7.994183E+01,2.388809E+01,6.082563E+01
09:57:00,8.009235E+03,1.310947E+03,5.576667E-01,1.157758E-01,0.000000E+00,0.000000E+00,0.000000E+00,0.000000E+00,0.000000E+00,0.000000E+00,0.000000E+00,0.000000E+00,2.110805E+01,7.994183E+01,2.388809E+01,6.078809E+01
09:58:00,8.009235E+03,1.315426E+03,5.576667E-01,1.161714E-01,0.000000E+00,0.000000E+00,0.000000E+00,0.000000E+00,0.000000E+00,0.000000E+00,0.000000E+00,0.000000E+00,2.110805E+01,7.994183E+01,2.388809E+01,6.075067E+01
09:59:00,8.009235E+03,1.319902E+03,5.576667E-01,1.165667E-01,0.000000E+00,0.000000E+00,0.000000E+00,0.000000E+00,0.000000E+00,0.000000E+00,0.000000E+00,0.000000E+00,2.110805E+01,7.994183E+01,2.388809E+01,6.071338E+01
10:00:00,8.009235E+03,1.324374E+03,5.576667E-01,1.169617E-01,0.000000E+00,0.000000E+00,0.000000E+00,0.000000E+00,0.000000E+00,0.000000E+00,0.000000E+00,0.000000E+00,2.110805E+01,7.994183E+01,2.388809E+01,6.067621E+01
10:01:00,8.009235E+03,1.328844E+03,5.576667E-01,1.173564E-01,0.000000E+00,0.000000E+00,0.000000E+00,0.000000E+00,0.000000E+00,0.000000E+00,0.000000E+00,0.000000E+00,2.110805E+01,7.994183E+01,2.388809E+01,6.063916E+01
10:02:00,8.009235E+03,1.333311E+03,5.576667E-01,1.177509E-01,0.000000E+00,0.000000E+00,0.000000E+00,0.000000E+00,0.000000E+00,0.000000E+00,0.000000E+00,0.000000E+00,2.110805E+01,7.994183E+01,2.388809E+01,6.060229E+01
10:03:00,8.009235E+03,1.337774E+03,5.576667E-01,1.181451E-01,0.000000E+00,0.000000E+00,0.000000E+00,0.000000E+00,0.000000E+00,0.000000E+00,0.000000E+00,0.000000E+00,2.110805E+01,7.994183E+01,2.388808E+01,6.056562E+01
10:04:00,8.009235E+03,1.342235E+03,5.576667E-01,1.185391E-01,0.000000E+00,0.000000E+00,0.000000E+00,0.000000E+00,0.000000E+00,0.000000E+00,0.000000E+00,0.000000E+00,2.110805E+01,7.994183E+01,2.388808E+01,6.052916E+01
10:05:00,8.009235E+03,1.346692E+03,5.576667E-01,1.189328E-01,0.000000E+00,0.000000E+00,0.000000E+00,0.000000E+00,0.000000E+00,0.000000E+00,0.000000E+00,0.000000E+00,2.110805E+01,7.994183E+01,2.388808E+01,6.049290E+01
10:06:00,8.009235E+03,1.351147E+03,5.576667E-01,1.193262E-01,0.000000E+00,0.000000E+00,0.000000E+00,0.000000E+00,0.000000E+00,0.000000E+00,0.000000E+00,0.000000E+00,2.110805E+01,7.994183E+01,2.388808E+01,6.045684E+01
10:07:00,8.009235E+03,1.355598E+03,5.576667E-01,1.197193E-01,0.000000E+00,0.000000E+00,0.000000E+00,0.000000E+00,0.000000E+00,0.000000E+00,0.000000E+00,0.000000E+00,2.110805E+01,7.994183E+01,2.388808E+01,6.042098E+01
10:08:00,8.009235E+03,1.360046E+03,5.576667E-01,1.201121E-01,0.000000E+00,0.000000E+00,0.000000E+00,0.000000E+00,0.000000E+00,0.000000E+00,0.000000E+00,0.000000E+00,2.110805E+01,7.994183E+01,2.388808E+01,6.038531E+01
10:09:00,8.009235E+03,1.364490E+03,5.576667E-01,1.205046E-01,0.000000E+00,0.000000E+00,0.000000E+00,0.000000E+00,0.000000E+00,0.000000E+00,0.000000E+00,0.000000E+00,2.110805E+01,7.994183E+01,2.388808E+01,6.034983E+01
10:10:00,8.009235E+03,1.368932E+03,5.576668E-01,1.208969E-01,0.000000E+00,0.000000E+00,0.000000E+00,0.000000E+00,0.000000E+00,0.000000E+00,0.000000E+00,0.000000E+00,2.110805E+01,7.994183E+01,2.388808E+01,6.031454E+01
10:11:00,8.009235E+03,1.373370E+03,5.576668E-01,1.212889E-01,0.000000E+00,0.000000E+00,0.000000E+00,0.000000E+00,0.000000E+00,0.000000E+00,0.000000E+00,0.000000E+00,2.110805E+01,7.994183E+01,2.388808E+01,6.027943E+01
10:12:00,8.009235E+03,1.377805E+03,5.576668E-01,1.216805E-01,0.000000E+00,0.000000E+00,0.000000E+00,0.000000E+00,0.000000E+00,0.000000E+00,0.000000E+00,0.000000E+00,2.110805E+01,7.994183E+01,2.388808E+01,6.024449E+01
10:13:00,8.009235E+03,1.382236E+03,5.576668E-01,1.220719E-01,0.000000E+00,0.000000E+00,0.000000E+00,0.000000E+00,0.000000E+00,0.000000E+00,0.000000E+00,0.000000E+00,2.110805E+01,7.994183E+01,2.388808E+01,6.020974E+01
10:14:00,8.009235E+03,1.386664E+03,5.576668E-01,1.224629E-01,0.000000E+00,0.000000E+00,0.000000E+00,0.000000E+00,0.000000E+00,0.000000E+00,0.000000E+00,0.000000E+00,2.110805E+01,7.994183E+01,2.388808E+01,6.017516E+01
10:15:00,8.009235E+03,1.391088E+03,5.576668E-01,1.228537E-01,0.000000E+00,0.000000E+00,0.000000E+00,0.000000E+00,0.000000E+00,0.000000E+00,0.000000E+00,0.000000E+00,2.110805E+01,7.994183E+01,2.388808E+01,6.014075E+01
10:16:00,8.009235E+03,1.395509E+03,5.576668E-01,1.232441E-01,0.000000E+00,0.000000E+00,0.000000E+00,0.000000E+00,0.000000E+00,0.000000E+00,0.000000E+00,0.000000E+00,2.110805E+01,7.994183E+01,2.388807E+01,6.010650E+01
10:17:00,8.009235E+03,1.399926E+03,5.576668E-01,1.236342E-01,0.000000E+00,0.000000E+00,0.000000E+00,0.000000E+00,0.000000E+00,0.000000E+00,0.000000E+00,0.000000E+00,2.110805E+01,7.994183E+01,2.388807E+01,6.007242E+01
10:18:00,8.009235E+03,1.404339E+03,5.576668E-01,1.240240E-01,0.000000E+00,0.000000E+00,0.000000E+00,0.000000E+00,0.000000E+00,0.000000E+00,0.000000E+00,0.000000E+00,2.110805E+01,7.994183E+01,2.388807E+01,6.003851E+01
10:19:00,8.009235E+03,1.408749E+03,5.576668E-01,1.244134E-01,0.000000E+00,0.000000E+00,0.000000E+00,0.000000E+00,0.000000E+00,0.000000E+00,0.000000E+00,0.000000E+00,2.110805E+01,7.994183E+01,2.388807E+01,6.000475E+01
10:20:00,8.009235E+03,1.413155E+03,5.576668E-01,1.248026E-01,0.000000E+00,0.000000E+00,0.000000E+00,0.000000E+00,0.000000E+00,0.000000E+00,0.000000E+00,0.000000E+00,2.110805E+01,7.994183E+01,2.388807E+01,5.997116E+01
10:21:00,8.009235E+03,1.417557E+03,5.576668E-01,1.251913E-01,0.000000E+00,0.000000E+00,0.000000E+00,0.000000E+00,0.000000E+00,0.000000E+00,0.000000E+00,0.000000E+00,2.110805E+01,7.994183E+01,2.388807E+01,5.993772E+01
10:22:00,8.009235E+03,1.421956E+03,5.576668E-01,1.255798E-01,0.000000E+00,0.000000E+00,0.000000E+00,0.000000E+00,0.000000E+00,0.000000E+00,0.000000E+00,0.000000E+00,2.110805E+01,7.994183E+01,2.388807E+01,5.990443E+01
10:23:00,8.009235E+03,1.426350E+03,5.576668E-01,1.259679E-01,0.000000E+00,0.000000E+00,0.000000E+00,0.000000E+00,0.000000E+00,0.000000E+00,0.000000E+00,0.000000E+00,2.110805E+01,7.994183E+01,2.388807E+01,5.987129E+01
10:24:00,8.009235E+03,1.430741E+03,5.576668E-01,1.263557E-01,0.000000E+00,0.000000E+00,0.000000E+00,0.000000E+00,0.000000E+00,0.000000E+00,0.000000E+00,0.000000E+00,2.110805E+01,7.994183E+01,2.388807E+01,5.983831E+01
10:25:00,8.009235E+03,1.435127E+03,5.576668E-01,1.267431E-01,0.000000E+00,0.000000E+00,0.000000E+00,0.000000E+00,0.000000E+00,0.000000E+00,0.000000E+00,0.000000E+00,2.110805E+01,7.994183E+01,2.388807E+01,5.980547E+01
10:26:00,8.009235E+03,1.439510E+03,5.576668E-01,1.271302E-01,0.000000E+00,0.000000E+00,0.000000E+00,0.000000E+00,0.000000E+00,0.000000E+00,0.000000E+00,0.000000E+00,2.110805E+01,7.994183E+01,2.388807E+01,5.977278E+01
10:27:00,8.009235E+03,1.443889E+03,5.576668E-01,1.275169E-01,0.000000E+00,0.000000E+00,0.000000E+00,0.000000E+00,0.000000E+00,0.000000E+00,0.000000E+00,0.000000E+00,2.110805E+01,7.994183E+01,2.388807E+01,5.974023E+01
10:28:00,8.009235E+03,1.448263E+03,5.576668E-01,1.279032E-01,0.000000E+00,0.000000E+00,0.000000E+00,0.000000E+00,0.000000E+00,0.000000E+00,0.000000E+00,0.000000E+00,2.110805E+01,7.994183E+01,2.388807E+01,5.970782E+01
10:29:00,8.009235E+03,1.452633E+03,5.576668E-01,1.282892E-01,0.000000E+00,0.000000E+00,0.000000E+00,0.000000E+00,0.000000E+00,0.000000E+00,0.000000E+00,0.000000E+00,2.110805E+01,7.994183E+01,2.388806E+01,5.967555E+01
10:30:00,8.009235E+03,1.457000E+03,5.576668E-01,1.286748E-01,0.000000E+00,0.000000E+00,0.000000E+00,0.000000E+00,0.000000E+00,0.000000E+00,0.000000E+00,0.000000E+00,2.110805E+01,7.994183E+01,2.388806E+01,5.964342E+01
10:31:00,8.009235E+03,1.461361E+03,5.576668E-01,1.290600E-01,0.000000E+00,0.000000E+00,0.000000E+00,0.000000E+00,0.000000E+00,0.000000E+00,0.000000E+00,0.000000E+00,2.110805E+01,7.994183E+01,2.388806E+01,5.961142E+01
10:32:00,8.009235E+03,1.465719E+03,5.576668E-01,1.294449E-01,0.000000E+00,0.000000E+00,0.000000E+00,0.000000E+00,0.000000E+00,0.000000E+00,0.000000E+00,0.000000E+00,2.110805E+01,7.994183E+01,2.388806E+01,5.957956E+01
10:33:00,8.009235E+03,1.470072E+03,5.576668E-01,1.298293E-01,0.000000E+00,0.000000E+00,0.000000E+00,0.000000E+00,0.000000E+00,0.000000E+00,0.000000E+00,0.000000E+00,2.110805E+01,7.994183E+01,2.388806E+01,5.954784E+01
10:34:00,8.009235E+03,1.474421E+03,5.576668E-01,1.302134E-01,0.000000E+00,0.000000E+00,0.000000E+00,0.000000E+00,0.000000E+00,0.000000E+00,0.000000E+00,0.000000E+00,2.110805E+01,7.994183E+01,2.388806E+01,5.951624E+01
10:35:00,8.009235E+03,1.478765E+03,5.576668E-01,1.305971E-01,0.000000E+00,0.000000E+00,0.000000E+00,0.000000E+00,0.000000E+00,0.000000E+00,0.000000E+00,0.000000E+00,2.110805E+01,7.994183E+01,2.388806E+01,5.948478E+01
10:36:00,8.009235E+03,1.483105E+03,5.576668E-01,1.309804E-01,0.000000E+00,0.000000E+00,0.000000E+00,0.000000E+00,0.000000E+00,0.000000E+00,0.000000E+00,0.000000E+00,2.110805E+01,7.994183E+01,2.388806E+01,5.945345E+01
10:37:00,8.009235E+03,1.487440E+03,5.576668E-01,1.313632E-01,0.000000E+00,0.000000E+00,0.000000E+00,0.000000E+00,0.000000E+00,0.000000E+00,0.000000E+00,0.000000E+00,2.110805E+01,7.994183E+01,2.388806E+01,5.942224E+01
10:38:00,8.009235E+03,1.491771E+03,5.576668E-01,1.317457E-01,0.000000E+00,0.000000E+00,0.000000E+00,0.000000E+00,0.000000E+00,0.000000E+00,0.000000E+00,0.000000E+00,2.110805E+01,7.994183E+01,2.388806E+01,5.939116E+01
10:39:00,8.009235E+03,1.496097E+03,5.576668E-01,1.321278E-01,0.000000E+00,0.000000E+00,0.000000E+00,0.000000E+00,0.000000E+00,0.000000E+00,0.000000E+00,0.000000E+00,2.110805E+01,7.994183E+01,2.388806E+01,5.936021E+01
10:40:00,8.009235E+03,1.500418E+03,5.576668E-01,1.325094E-01,0.000000E+00,0.000000E+00,0.000000E+00,0.000000E+00,0.000000E+00,0.000000E+00,0.000000E+00,0.000000E+00,2.110805E+01,7.994183E+01,2.388806E+01,5.932938E+01
10:41:00,8.009235E+03,1.504735E+03,5.576668E-01,1.328906E-01,0.000000E+00,0.000000E+00,0.000000E+00,0.000000E+00,0.000000E+00,0.000000E+00,0.000000E+00,0.000000E+00,2.110805E+01,7.994183E+01,2.388806E+01,5.929867E+01
10:42:00,8.009235E+03,1.509047E+03,5.576668E-01,1.332715E-01,0.000000E+00,0.000000E+00,0.000000E+00,0.000000E+00,0.000000E+00,0.000000E+00,0.000000E+00,0.000000E+00,2.110805E+01,7.994183E+01,2.388806E+01,5.926809E+01
10:43:00,8.009235E+03,1.513354E+03,5.576668E-01,1.336519E-01,0.000000E+00,0.000000E+00,0.000000E+00,0.000000E+00,0.000000E+00,0.000000E+00,0.000000E+00,0.000000E+00,2.110805E+01,7.994183E+01,2.388805E+01,5.923762E+01
10:44:00,8.009235E+03,1.517656E+03,5.576668E-01,1.340318E-01,0.000000E+00,0.000000E+00,0.000000E+00,0.000000E+00,0.000000E+00,0.000000E+00,0.000000E+00,0.000000E+00,2.110805E+01,7.994183E+01,2.388805E+01,5.920727E+01
10:45:00,8.009235E+03,1.521953E+03,5.576668E-01,1.344113E-01,0.000000E+00,0.000000E+00,0.000000E+00,0.000000E+00,0.000000E+00,0.000000E+00,0.000000E+00,0.000000E+00,2.110805E+01,7.994183E+01,2.388805E+01,5.917704E+01
10:46:00,8.009235E+03,1.526245E+03,5.576668E-01,1.347903E-01,0.000000E+00,0.000000E+00,0.000000E+00,0.000000E+00,0.000000E+00,0.000000E+00,0.000000E+00,0.000000E+00,2.110805E+01,7.994183E+01,2.388805E+01,5.914693E+01
10:47:00,8.009235E+03,1.530532E+03,5.576668E-01,1.351690E-01,0.000000E+00,0.000000E+00,0.000000E+00,0.000000E+00,0.000000E+00,0.000000E+00,0.000000E+00,0.000000E+00,2.110805E+01,7.994183E+01,2.388805E+01,5.911694E+01
10:48:00,8.009235E+03,1.534814E+03,5.576668E-01,1.355472E-01,0.000000E+00,0.000000E+00,0.000000E+00,0.000000E+00,0.000000E+00,0.000000E+00,0.000000E+00,0.000000E+00,2.110805E+01,7.994183E+01,2.388805E+01,5.908706E+01
10:49:00,8.009235E+03,1.539091E+03,5.576668E-01,1.359249E-01,0.000000E+00,0.000000E+00,0.000000E+00,0.000000E+00,0.000000E+00,0.000000E+00,0.000000E+00,0.000000E+00,2.110805E+01,7.994183E+01,2.388805E+01,5.905730E+01
10:50:00,8.009235E+03,1.543362E+03,5.576668E-01,1.363021E-01,0.000000E+00,0.000000E+00,0.000000E+00,0.000000E+00,0.000000E+00,0.000000E+00,0.000000E+00,0.000000E+00,2.110805E+01,7.994183E+01,2.388805E+01,5.902764E+01
10:51:00,8.009235E+03,1.547628E+03,5.576668E-01,1.366789E-01,0.000000E+00,0.000000E+00,0.000000E+00,0.000000E+00,0.000000E+00,0.000000E+00,0.000000E+00,0.000000E+00,2.110805E+01,7.994183E+01,2.388805E+01,5.899811E+01
10:52:00,8.009235E+03,1.551889E+03,5.576668E-01,1.370552E-01,0.000000E+00,0.000000E+00,0.000000E+00,0.000000E+00,0.000000E+00,0.000000E+00,0.000000E+00,0.000000E+00,2.110805E+01,7.994183E+01,2.388805E+01,5.896868E+01
10:53:00,8.009235E+03,1.556145E+03,5.576668E-01,1.374311E-01,0.000000E+00,0.000000E+00,0.000000E+00,0.000000E+00,0.000000E+00,0.000000E+00,0.000000E+00,0.000000E+00,2.110805E+01,7.994183E+01,2.388805E+01,5.893937E+01
10:54:00,8.009235E+03,1.560395E+03,5.576668E-01,1.378064E-01,0.000000E+00,0.000000E+00,0.000000E+00,0.000000E+00,0.000000E+00,0.000000E+00,0.000000E+00,0.000000E+00,2.110805E+01,7.994183E+01,2.388805E+01,5.891016E+01
10:55:00,8.009235E+03,1.564640E+03,5.576668E-01,1.381813E-01,0.000000E+00,0.000000E+00,0.000000E+00,0.000000E+00,0.000000E+00,0.000000E+00,0.000000E+00,0.000000E+00,2.110805E+01,7.994183E+01,2.388805E+01,5.888107E+01
10:56:00,8.009235E+03,1.568879E+03,5.576668E-01,1.385557E-01,0.000000E+00,0.000000E+00,0.000000E+00,0.000000E+00,0.000000E+00,0.000000E+00,0.000000E+00,0.000000E+00,2.110805E+01,7.994183E+01,2.388804E+01,5.885208E+01
10:57:00,8.009235E+03,1.573113E+03,5.576668E-01,1.389296E-01,0.000000E+00,0.000000E+00,0.000000E+00,0.000000E+00,0.000000E+00,0.000000E+00,0.000000E+00,0.000000E+00,2.110805E+01,7.994183E+01,2.388804E+01,5.882320E+01
10:58:00,8.009235E+03,1.577341E+03,5.576668E-01,1.393030E-01,0.000000E+00,0.000000E+00,0.000000E+00,0.000000E+00,0.000000E+00,0.000000E+00,0.000000E+00,0.000000E+00,2.110805E+01,7.994183E+01,2.388804E+01,5.879443E+01
10:59:00,8.009235E+03,1.581563E+03,5.576668E-01,1.396759E-01,0.000000E+00,0.000000E+00,0.000000E+00,0.000000E+00,0.000000E+00,0.000000E+00,0.000000E+00,0.000000E+00,2.110805E+01,7.994183E+01,2.388804E+01,5.876576E+01
11:00:00,8.009235E+03,1.585780E+03,5.576668E-01,1.400483E-01,0.000000E+00,0.000000E+00,0.000000E+00,0.000000E+00,0.000000E+00,0.000000E+00,0.000000E+00,0.000000E+00,2.110805E+01,7.994183E+01,2.388804E+01,5.873721E+01
11:01:00,8.009235E+03,1.589982E+03,5.576668E-01,1.404194E-01,0.000000E+00,0.000000E+00,0.000000E+00,0.000000E+00,0.000000E+00,0.000000E+00,0.000000E+00,0.000000E+00,2.110805E+01,7.994183E+01,2.388804E+01,5.870875E+01
11:02:00,8.009235E+03,1.594170E+03,5.576668E-01,1.407893E-01,0.000000E+00,0.000000E+00,0.000000E+00,0.000000E+00,0.000000E+00,0.000000E+00,0.000000E+00,0.000000E+00,2.110805E+01,7.994183E+01,2.388804E+01,5.868051E+01
11:03:00,8.009235E+03,1.598345E+03,5.576668E-01,1.411580E-01,0.000000E+00,0.000000E+00,0.000000E+00,0.000000E+00,0.000000E+00,0.000000E+00,0.000000E+00,0.000000E+00,2.110805E+01,7.994183E+01,2.388804E+01,5.865256E+01
11:04:00,8.009235E+03,1.602505E+03,5.576668E-01,1.415254E-01,0.000000E+00,0.000000E+00,0.000000E+00,0.000000E+00,0.000000E+00,0.000000E+00,0.000000E+00,0.000000E+00,2.110805E+01,7.994183E+01,2.388804E+01,5.862490E+01
11:05:00,8.009235E+03,1.606650E+03,5.576668E-01,1.418915E-01,0.000000E+00,0.000000E+00,0.000000E+00,0.000000E+00,0.000000E+00,0.000000E+00,0.000000E+00,0.000000E+00,2.110805E+01,7.994183E+01,2.388804E+01,5.859754E+01
11:06:00,8.009235E+03,1.610782E+03,5.576668E-01,1.422564E-01,0.000000E+00,0.000000E+00,0.000000E+00,0.000000E+00,0.000000E+00,0.000000E+00,0.000000E+00,0.000000E+00,2.110805E+01,7.994183E+01,2.388804E+01,5.857045E+01
11:07:00,8.009235E+03,1.614899E+03,5.576668E-01,1.426200E-01,0.000000E+00,0.000000E+00,0.000000E+00,0.000000E+00,0.000000E+00,0.000000E+00,0.000000E+00,0.000000E+00,2.110805E+01,7.994183E+01,2.388804E+01,5.854364E+01
11:08:00,8.009235E+03,1.619001E+03,5.576668E-01,1.429824E-01,0.000000E+00,0.000000E+00,0.000000E+00,0.000000E+00,0.000000E+00,0.000000E+00,0.000000E+00,0.000000E+00,2.110805E+01,7.994183E+01,2.388804E+01,5.851709E+01
11:09:00,8.009235E+03,1.623090E+03,5.576668E-01,1.433434E-01,0.000000E+00,0.000000E+00,0.000000E+00,0.000000E+00,0.000000E+00,0.000000E+00,0.000000E+00,0.000000E+00,2.110805E+01,7.994183E+01,2.388804E+01,5.849079E+01
11:10:00,8.009235E+03,1.627163E+03,5.576668E-01,1.437032E-01,0.000000E+00,0.000000E+00,0.000000E+00,0.000000E+00,0.000000E+00,0.000000E+00,0.000000E+00,0.000000E+00,2.110805E+01,7.994183E+01,2.388804E+01,5.846474E+01
11:11:00,8.009235E+03,1.631222E+03,5.576668E-01,1.440617E-01,0.000000E+00,0.000000E+00,0.000000E+00,0.000000E+00,0.000000E+00,0.000000E+00,0.000000E+00,0.000000E+00,2.110805E+01,7.994183E+01,2.388804E+01,5.843892E+01
11:12:00,8.009235E+03,1.635267E+03,5.576668E-01,1.444189E-01,0.000000E+00,0.000000E+00,0.000000E+00,0.000000E+00,0.000000E+00,0.000000E+00,0.000000E+00,0.000000E+00,2.110805E+01,7.994183E+01,2.388804E+01,5.841334E+01
11:13:00,8.009235E+03,1.639297E+03,5.576668E-01,1.447748E-01,0.000000E+00,0.000000E+00,0.000000E+00,0.000000E+00,0.000000E+00,0.000000E+00,0.000000E+00,0.000000E+00,2.110805E+01,7.994183E+01,2.388804E+01,5.838798E+01
11:14:00,8.009235E+03,1.643312E+03,5.576668E-01,1.451294E-01,0.000000E+00,0.000000E+00,0.000000E+00,0.000000E+00,0.000000E+00,0.000000E+00,0.000000E+00,0.000000E+00,2.110805E+01,7.994183E+01,2.388804E+01,5.836285E+01
11:15:00,8.009235E+03,1.647312E+03,5.576668E-01,1.454827E-01,0.000000E+00,0.000000E+00,0.000000E+00,0.000000E+00,0.000000E+00,0.000000E+00,0.000000E+00,0.000000E+00,2.110805E+01,7.994183E+01,2.388804E+01,5.833793E+01
11:16:00,8.009235E+03,1.651297E+03,5.576668E-01,1.458346E-01,0.000000E+00,0.000000E+00,0.000000E+00,0.000000E+00,0.000000E+00,0.000000E+00,0.000000E+00,0.000000E+00,2.110805E+01,7.994183E+01,2.388804E+01,5.831322E+01
11:17:00,8.009235E+03,1.655268E+03,5.576668E-01,1.461853E-01,0.000000E+00,0.000000E+00,0.000000E+00,0.000000E+00,0.000000E+00,0.000000E+00,0.000000E+00,0.000000E+00,2.110805E+01,7.994183E+01,2.388804E+01,5.828871E+01
11:18:00,8.009235E+03,1.659223E+03,5.576668E-01,1.465346E-01,0.000000E+00,0.000000E+00,0.000000E+00,0.000000E+00,0.000000E+00,0.000000E+00,0.000000E+00,0.000000E+00,2.110805E+01,7.994183E+01,2.388804E+01,5.826439E+01
11:19:00,8.009235E+03,1.663164E+03,5.576668E-01,1.468827E-01,0.000000E+00,0.000000E+00,0.000000E+00,0.000000E+00,0.000000E+00,0.000000E+00,0.000000E+00,0.000000E+00,2.110805E+01,7.994183E+01,2.388804E+01,5.824027E+01
11:20:00,8.009235E+03,1.667089E+03,5.576668E-01,1.472294E-01,0.000000E+00,0.000000E+00,0.000000E+00,0.000000E+00,0.000000E+00,0.000000E+00,0.000000E+00,0.000000E+00,2.110805E+01,7.994183E+01,2.388803E+01,5.821634E+01
11:21:00,8.009235E+03,1.671000E+03,5.576668E-01,1.475747E-01,0.000000E+00,0.000000E+00,0.000000E+00,0.000000E+00,0.000000E+00,0.000000E+00,0.000000E+00,0.000000E+00,2.110805E+01,7.994183E+01,2.388803E+01,5.819259E+01
11:22:00,8.009235E+03,1.674895E+03,5.576668E-01,1.479187E-01,0.000000E+00,0.000000E+00,0.000000E+00,0.000000E+00,0.000000E+00,0.000000E+00,0.000000E+00,0.000000E+00,2.110805E+01,7.994183E+01,2.388803E+01,5.816901E+01
11:23:00,8.009235E+03,1.678775E+03,5.576668E-01,1.482614E-01,0.000000E+00,0.000000E+00,0.000000E+00,0.000000E+00,0.000000E+00,0.000000E+00,0.000000E+00,0.000000E+00,2.110805E+01,7.994183E+01,2.388803E+01,5.814562E+01
11:24:00,8.009235E+03,1.682640E+03,5.576668E-01,1.486027E-01,0.000000E+00,0.000000E+00,0.000000E+00,0.000000E+00,0.000000E+00,0.000000E+00,0.000000E+00,0.000000E+00,2.110805E+01,7.994183E+01,2.388803E+01,5.812238E+01
11:25:00,8.009235E+03,1.686489E+03,5.576668E-01,1.489427E-01,0.000000E+00,0.000000E+00,0.000000E+00,0.000000E+00,0.000000E+00,0.000000E+00,0.000000E+00,0.000000E+00,2.110805E+01,7.994183E+01,2.388803E+01,5.809932E+01
11:26:00,8.009235E+03,1.690311E+03,5.576668E-01,1.492802E-01,0.000000E+00,0.000000E+00,0.000000E+00,0.000000E+00,0.000000E+00,0.000000E+00,0.000000E+00,0.000000E+00,2.110805E+01,7.994183E+01,2.388803E+01,5.807641E+01
11:27:00,8.009235E+03,1.694112E+03,5.576668E-01,1.496160E-01,0.000000E+00,0.000000E+00,0.000000E+00,0.000000E+00,0.000000E+00,0.000000E+00,0.000000E+00,0.000000E+00,2.110805E+01,7.994183E+01,2.388803E+01,5.805375E+01
11:28:00,8.009235E+03,1.697896E+03,5.576668E-01,1.499501E-01,0.000000E+00,0.000000E+00,0.000000E+00,0.000000E+00,0.000000E+00,0.000000E+00,0.000000E+00,0.000000E+00,2.110805E+01,7.994183E+01,2.388803E+01,5.803133E+01
11:29:00,8.009235E+03,1.701662E+03,5.576668E-01,1.502827E-01,0.000000E+00,0.000000E+00,0.000000E+00,0.000000E+00,0.000000E+00,0.000000E+00,0.000000E+00,0.000000E+00,2.110805E+01,7.994183E+01,2.388803E+01,5.800913E+01
11:30:00,8.009235E+03,1.705409E+03,5.576668E-01,1.506137E-01,0.000000E+00,0.000000E+00,0.000000E+00,0.000000E+00,0.000000E+00,0.000000E+00,0.000000E+00,0.000000E+00,2.110805E+01,7.994183E+01,2.388803E+01,5.798709E+01
11:31:00,8.009235E+03,1.709140E+03,5.576668E-01,1.509431E-01,0.000000E+00,0.000000E+00,0.000000E+00,0.000000E+00,0.000000E+00,0.000000E+00,0.000000E+00,0.000000E+00,2.110805E+01,7.994183E+01,2.388803E+01,5.796522E+01
11:32:00,8.009235E+03,1.712852E+03,5.576668E-01,1.512710E-01,0.000000E+00,0.000000E+00,0.000000E+00,0.000000E+00,0.000000E+00,0.000000E+00,0.000000E+00,0.000000E+00,2.110805E+01,7.994183E+01,2.388803E+01,5.794350E+01
11:33:00,8.009235E+03,1.716547E+03,5.576668E-01,1.515974E-01,0.000000E+00,0.000000E+00,0.000000E+00,0.000000E+00,0.000000E+00,0.000000E+00,0.000000E+00,0.000000E+00,2.110805E+01,7.994183E+01,2.388803E+01,5.792194E+01
11:34:00,8.009235E+03,1.720226E+03,5.576668E-01,1.519222E-01,0.000000E+00,0.000000E+00,0.000000E+00,0.000000E+00,0.000000E+00,0.000000E+00,0.000000E+00,0.000000E+00,2.110805E+01,7.994183E+01,2.388803E+01,5.790051E+01
11:35:00,8.009235E+03,1.723887E+03,5.576668E-01,1.522455E-01,0.000000E+00,0.000000E+00,0.000000E+00,0.000000E+00,0.000000E+00,0.000000E+00,0.000000E+00,0.000000E+00,2.110805E+01,7.994183E+01,2.388803E+01,5.787923E+01
11:36:00,8.009235E+03,1.727531E+03,5.576668E-01,1.525674E-01,0.000000E+00,0.000000E+00,0.000000E+00,0.000000E+00,0.000000E+00,0.000000E+00,0.000000E+00,0.000000E+00,2.110805E+01,7.994183E+01,2.388803E+01,5.785807E+01
11:37:00,8.009235E+03,1.731157E+03,5.576668E-01,1.528877E-01,0.000000E+00,0.000000E+00,0.000000E+00,0.000000E+00,0.000000E+00,0.000000E+00,0.000000E+00,0.000000E+00,2.110805E+01,7.994183E+01,2.388803E+01,5.783705E+01
11:38:00,8.009235E+03,1.734767E+03,5.576668E-01,1.532065E-01,0.000000E+00,0.000000E+00,0.000000E+00,0.000000E+00,0.000000E+00,0.000000E+00,0.000000E+00,0.000000E+00,2.110805E+01,7.994183E+01,2.388803E+01,5.781615E+01
11:39:00,8.009235E+03,1.738360E+03,5.576668E-01,1.535238E-01,0.000000E+00,0.000000E+00,0.000000E+00,0.000000E+00,0.000000E+00,0.000000E+00,0.000000E+00,0.000000E+00,2.110805E+01,7.994183E+01,2.388803E+01,5.779537E+01
11:40:00,8.009235E+03,1.741936E+03,5.576668E-01,1.538396E-01,0.000000E+00,0.000000E+00,0.000000E+00,0.000000E+00,0.000000E+00,0.000000E+00,0.000000E+00,0.000000E+00,2.110805E+01,7.994183E+01,2.388803E+01,5.777470E+01
11:41:00,8.009235E+03,1.745495E+03,5.576668E-01,1.541539E-01,0.000000E+00,0.000000E+00,0.000000E+00,0.000000E+00,0.000000E+00,0.000000E+00,0.000000E+00,0.000000E+00,2.110805E+01,7.994183E+01,2.388803E+01,5.775416E+01
11:42:00,8.009235E+03,1.749036E+03,5.576668E-01,1.544667E-01,0.000000E+00,0.000000E+00,0.000000E+00,0.000000E+00,0.000000E+00,0.000000E+00,0.000000E+00,0.000000E+00,2.110805E+01,7.994183E+01,2.388803E+01,5.773372E+01
11:43:00,8.009235E+03,1.752561E+03,5.576668E-01,1.547780E-01,0.000000E+00,0.000000E+00,0.000000E+00,0.000000E+00,0.000000E+00,0.000000E+00,0.000000E+00,0.000000E+00,2.110805E+01,7.994183E+01,2.388803E+01,5.771339E+01
11:44:00,8.009235E+03,1.756069E+03,5.576668E-01,1.550878E-01,0.000000E+00,0.000000E+00,0.000000E+00,0.000000E+00,0.000000E+00,0.000000E+00,0.000000E+00,0.000000E+00,2.110805E+01,7.994183E+01,2.388803E+01,5.769316E+01
11:45:00,8.009235E+03,1.759560E+03,5.576668E-01,1.553961E-01,0.000000E+00,0.000000E+00,0.000000E+00,0.000000E+00,0.000000E+00,0.000000E+00,0.000000E+00,0.000000E+00,2.110805E+01,7.994183E+01,2.388803E+01,5.767305E+01
11:46:00,8.009235E+03,1.763034E+03,5.576668E-01,1.557029E-01,0.000000E+00,0.000000E+00,0.000000E+00,0.000000E+00,0.000000E+00,0.000000E+00,0.000000E+00,0.000000E+00,2.110805E+01,7.994183E+01,2.388802E+01,5.765302E+01
11:47:00,8.009235E+03,1.766491E+03,5.576668E-01,1.560082E-01,0.000000E+00,0.000000E+00,0.000000E+00,0.000000E+00,0.000000E+00,0.000000E+00,0.000000E+00,0.000000E+00,2.110805E+01,7.994183E+01,2.388802E+01,5.763310E+01
11:48:00,8.009235E+03,1.769931E+03,5.576668E-01,1.563121E-01,0.000000E+00,0.000000E+00,0.000000E+00,0.000000E+00,0.000000E+00,0.000000E+00,0.000000E+00,0.000000E+00,2.110805E+01,7.994183E+01,2.388802E+01,5.761327E+01
11:49:00,8.009235E+03,1.773354E+03,5.576668E-01,1.566144E-01,0.000000E+00,0.000000E+00,0.000000E+00,0.000000E+00,0.000000E+00,0.000000E+00,0.000000E+00,0.000000E+00,2.110805E+01,7.994183E+01,2.388802E+01,5.759354E+01
11:50:00,8.009235E+03,1.776761E+03,5.576668E-01,1.569152E-01,0.000000E+00,0.000000E+00,0.000000E+00,0.000000E+00,0.000000E+00,0.000000E+00,0.000000E+00,0.000000E+00,2.110805E+01,7.994183E+01,2.388802E+01,5.757390E+01
11:51:00,8.009235E+03,1.780150E+03,5.576668E-01,1.572145E-01,0.000000E+00,0.000000E+00,0.000000E+00,0.000000E+00,0.000000E+00,0.000000E+00,0.000000E+00,0.000000E+00,2.110805E+01,7.994183E+01,2.388802E+01,5.755435E+01
11:52:00,8.009235E+03,1.783522E+03,5.576668E-01,1.575124E-01,0.000000E+00,0.000000E+00,0.000000E+00,0.000000E+00,0.000000E+00,0.000000E+00,0.000000E+00,0.000000E+00,2.110805E+01,7.994183E+01,2.388802E+01,5.753489E+01
11:53:00,8.009235E+03,1.786877E+03,5.576668E-01,1.578087E-01,0.000000E+00,0.000000E+00,0.000000E+00,0.000000E+00,0.000000E+00,0.000000E+00,0.000000E+00,0.000000E+00,2.110805E+01,7.994183E+01,2.388802E+01,5.751551E+01
11:54:00,8.009235E+03,1.790216E+03,5.576668E-01,1.581035E-01,0.000000E+00,0.000000E+00,0.000000E+00,0.000000E+00,0.000000E+00,0.000000E+00,0.000000E+00,0.000000E+00,2.110805E+01,7.994183E+01,2.388802E+01,5.749622E+01
11:55:00,8.009235E+03,1.793537E+03,5.576668E-01,1.583968E-01,0.000000E+00,0.000000E+00,0.000000E+00,0.000000E+00,0.000000E+00,0.000000E+00,0.000000E+00,0.000000E+00,2.110805E+01,7.994183E+01,2.388802E+01,5.747701E+01
11:56:00,8.009235E+03,1.796841E+03,5.576668E-01,1.586886E-01,0.000000E+00,0.000000E+00,0.000000E+00,0.000000E+00,0.000000E+00,0.000000E+00,0.000000E+00,0.000000E+00,2.110805E+01,7.994183E+01,2.388802E+01,5.745789E+01
11:57:00,8.009235E+03,1.800128E+03,5.576668E-01,1.589789E-01,0.000000E+00,0.000000E+00,0.000000E+00,0.000000E+00,0.000000E+00,0.000000E+00,0.000000E+00,0.000000E+00,2.110805E+01,7.994183E+01,2.388802E+01,5.743885E+01
11:58:00,8.009235E+03,1.803398E+03,5.576668E-01,1.592677E-01,0.000000E+00,0.000000E+00,0.000000E+00,0.000000E+00,0.000000E+00,0.000000E+00,0.000000E+00,0.000000E+00,2.110805E+01,7.994183E+01,2.388802E+01,5.741989E+01
11:59:00,8.009235E+03,1.806651E+03,5.576668E-01,1.595550E-01,0.000000E+00,0.000000E+00,0.000000E+00,0.000000E+00,0.000000E+00,0.000000E+00,0.000000E+00,0.000000E+00,2.110805E+01,7.994183E+01,2.388802E+01,5.740100E+01
12:00:00,8.009235E+03,1.809886E+03,5.576668E-01,1.598408E-01,0.000000E+00,0.000000E+00,0.000000E+00,0.000000E+00,0.000000E+00,0.000000E+00,0.000000E+00,0.000000E+00,2.110805E+01,7.994183E+01,2.388802E+01,5.738220E+01
12:01:00,8.009235E+03,1.813113E+03,5.576668E-01,1.601258E-01,0.000000E+00,0.000000E+00,0.000000E+00,0.000000E+00,0.000000E+00,0.000000E+00,0.000000E+00,0.000000E+00,2.110805E+01,7.994183E+01,2.388802E+01,5.736347E+01
12:02:00,8.009235E+03,1.816332E+03,5.576668E-01,1.604100E-01,0.000000E+00,0.000000E+00,0.000000E+00,0.000000E+00,0.000000E+00,0.000000E+00,0.000000E+00,0.000000E+00,2.110805E+01,7.994183E+01,2.388802E+01,5.734485E+01
12:03:00,8.009235E+03,1.819541E+03,5.576668E-01,1.606935E-01,0.000000E+00,0.000000E+00,0.000000E+00,0.000000E+00,0.000000E+00,0.000000E+00,0.000000E+00,0.000000E+00,2.110805E+01,7.994183E+01,2.388802E+01,5.732638E+01
12:04:00,8.009235E+03,1.822742E+03,5.576668E-01,1.609761E-01,0.000000E+00,0.000000E+00,0.000000E+00,0.000000E+00,0.000000E+00,0.000000E+00,0.000000E+00,0.000000E+00,2.110805E+01,7.994183E+01,2.388802E+01,5.730806E+01
12:05:00,8.009235E+03,1.825933E+03,5.576668E-01,1.612580E-01,0.000000E+00,0.000000E+00,0.000000E+00,0.000000E+00,0.000000E+00,0.000000E+00,0.000000E+00,0.000000E+00,2.110805E+01,7.994183E+01,2.388802E+01,5.728987E+01
12:06:00,8.009235E+03,1.829116E+03,5.576668E-01,1.615391E-01,0.000000E+00,0.000000E+00,0.000000E+00,0.000000E+00,0.000000E+00,0.000000E+00,0.000000E+00,0.000000E+00,2.110805E+01,7.994183E+01,2.388802E+01,5.727182E+01
12:07:00,8.009235E+03,1.832290E+03,5.576668E-01,1.618194E-01,0.000000E+00,0.000000E+00,0.000000E+00,0.000000E+00,0.000000E+00,0.000000E+00,0.000000E+00,0.000000E+00,2.110805E+01,7.994183E+01,2.388802E+01,5.725391E+01
12:08:00,8.009235E+03,1.835455E+03,5.576668E-01,1.620989E-01,0.000000E+00,0.000000E+00,0.000000E+00,0.000000E+00,0.000000E+00,0.000000E+00,0.000000E+00,0.000000E+00,2.110805E+01,7.994183E+01,2.388802E+01,5.723612E+01
12:09:00,8.009235E+03,1.838611E+03,5.576668E-01,1.623777E-01,0.000000E+00,0.000000E+00,0.000000E+00,0.000000E+00,0.000000E+00,0.000000E+00,0.000000E+00,0.000000E+00,2.110805E+01,7.994183E+01,2.388802E+01,5.721846E+01
12:10:00,8.009235E+03,1.841758E+03,5.576668E-01,1.626556E-01,0.000000E+00,0.000000E+00,0.000000E+00,0.000000E+00,0.000000E+00,0.000000E+00,0.000000E+00,0.000000E+00,2.110805E+01,7.994183E+01,2.388802E+01,5.720092E+01
12:11:00,8.009235E+03,1.844896E+03,5.576668E-01,1.629327E-01,0.000000E+00,0.000000E+00,0.000000E+00,0.000000E+00,0.000000E+00,0.000000E+00,0.000000E+00,0.000000E+00,2.110805E+01,7.994183E+01,2.388802E+01,5.718350E+01
12:12:00,8.009235E+03,1.848025E+03,5.576668E-01,1.632091E-01,0.000000E+00,0.000000E+00,0.000000E+00,0.000000E+00,0.000000E+00,0.000000E+00,0.000000E+00,0.000000E+00,2.110805E+01,7.994183E+01,2.388801E+01,5.716620E+01
12:13:00,8.009235E+03,1.851145E+03,5.576668E-01,1.634846E-01,0.000000E+00,0.000000E+00,0.000000E+00,0.000000E+00,0.000000E+00,0.000000E+00,0.000000E+00,0.000000E+00,2.110805E+01,7.994183E+01,2.388801E+01,5.714900E+01
12:14:00,8.009235E+03,1.854256E+03,5.576668E-01,1.637594E-01,0.000000E+00,0.000000E+00,0.000000E+00,0.000000E+00,0.000000E+00,0.000000E+00,0.000000E+00,0.000000E+00,2.110805E+01,7.994183E+01,2.388801E+01,5.713192E+01
12:15:00,8.009235E+03,1.857358E+03,5.576668E-01,1.640334E-01,0.000000E+00,0.000000E+00,0.000000E+00,0.000000E+00,0.000000E+00,0.000000E+00,0.000000E+00,0.000000E+00,2.110805E+01,7.994183E+01,2.388801E+01,5.711495E+01
12:16:00,8.009235E+03,1.860451E+03,5.576668E-01,1.643065E-01,0.000000E+00,0.000000E+00,0.000000E+00,0.000000E+00,0.000000E+00,0.000000E+00,0.000000E+00,0.000000E+00,2.110805E+01,7.994183E+01,2.388801E+01,5.709808E+01
12:17:00,8.009235E+03,1.863535E+03,5.576668E-01,1.645789E-01,0.000000E+00,0.000000E+00,0.000000E+00,0.000000E+00,0.000000E+00,0.000000E+00,0.000000E+00,0.000000E+00,2.110805E+01,7.994183E+01,2.388801E+01,5.708131E+01
12:18:00,8.009235E+03,1.866611E+03,5.576668E-01,1.648505E-01,0.000000E+00,0.000000E+00,0.000000E+00,0.000000E+00,0.000000E+00,0.000000E+00,0.000000E+00,0.000000E+00,2.110805E+01,7.994183E+01,2.388801E+01,5.706464E+01
12:19:00,8.009235E+03,1.869677E+03,5.576668E-01,1.651213E-01,0.000000E+00,0.000000E+00,0.000000E+00,0.000000E+00,0.000000E+00,0.000000E+00,0.000000E+00,0.000000E+00,2.110805E+01,7.994183E+01,2.388801E+01,5.704807E+01
12:20:00,8.009235E+03,1.872734E+03,5.576668E-01,1.653913E-01,0.000000E+00,0.000000E+00,0.000000E+00,0.000000E+00,0.000000E+00,0.000000E+00,0.000000E+00,0.000000E+00,2.110805E+01,7.994183E+01,2.388801E+01,5.703159E+01
12:21:00,8.009235E+03,1.875782E+03,5.576668E-01,1.656605E-01,0.000000E+00,0.000000E+00,0.000000E+00,0.000000E+00,0.000000E+00,0.000000E+00,0.000000E+00,0.000000E+00,2.110805E+01,7.994183E+01,2.388801E+01,5.701521E+01
12:22:00,8.009235E+03,1.878821E+03,5.576668E-01,1.659289E-01,0.000000E+00,0.000000E+00,0.000000E+00,0.000000E+00,0.000000E+00,0.000000E+00,0.000000E+00,0.000000E+00,2.110805E+01,7.994183E+01,2.388801E+01,5.699892E+01
12:23:00,8.009235E+03,1.881851E+03,5.576668E-01,1.661965E-01,0.000000E+00,0.000000E+00,0.000000E+00,0.000000E+00,0.000000E+00,0.000000E+00,0.000000E+00,0.000000E+00,2.110805E+01,7.994183E+01,2.388801E+01,5.698271E+01
12:24:00,8.009235E+03,1.884872E+03,5.576668E-01,1.664633E-01,0.000000E+00,0.000000E+00,0.000000E+00,0.000000E+00,0.000000E+00,0.000000E+00,0.000000E+00,0.000000E+00,2.110805E+01,7.994183E+01,2.388801E+01,5.696659E+01
12:25:00,8.009235E+03,1.887884E+03,5.576668E-01,1.667293E-01,0.000000E+00,0.000000E+00,0.000000E+00,0.000000E+00,0.000000E+00,0.000000E+00,0.000000E+00,0.000000E+00,2.110805E+01,7.994183E+01,2.388801E+01,5.695056E+01
12:26:00,8.009235E+03,1.890898E+03,5.576668E-01,1.669955E-01,0.000000E+00,0.000000E+00,0.000000E+00,0.000000E+00,0.000000E+00,0.000000E+00,0.000000E+00,0.000000E+00,2.110805E+01,7.994183E+01,2.388801E+01,5.693460E+01
12:27:00,8.009235E+03,1.893910E+03,5.576668E-01,1.672615E-01,0.000000E+00,0.000000E+00,0.000000E+00,0.000000E+00,0.000000E+00,0.000000E+00,0.000000E+00,0.000000E+00,2.110805E+01,7.994183E+01,2.388801E+01,5.691874E+01
12:28:00,8.009235E+03,1.896914E+03,5.576668E-01,1.675268E-01,0.000000E+00,0.000000E+00,0.000000E+00,0.000000E+00,0.000000E+00,0.000000E+00,0.000000E+00,0.000000E+00,2.110805E+01,7.994183E+01,2.388801E+01,5.690294E+01
12:29:00,8.009235E+03,1.899924E+03,5.576668E-01,1.677926E-01,0.000000E+00,0.000000E+00,0.000000E+00,0.000000E+00,0.000000E+00,0.000000E+00,0.000000E+00,0.000000E+00,2.110805E+01,7.994183E+01,2.388801E+01,5.688723E+01
12:30:00,8.009235E+03,1.902936E+03,5.576668E-01,1.680586E-01,0.000000E+00,0.000000E+00,0.000000E+00,0.000000E+00,0.000000E+00,0.000000E+00,0.000000E+00,0.000000E+00,2.110805E+01,7.994183E+01,2.388801E+01,5.687151E+01
12:31:00,8.009235E+03,1.905945E+03,5.576668E-01,1.683244E-01,0.000000E+00,0.000000E+00,0.000000E+00,0.000000E+00,0.000000E+00,0.000000E+00,0.000000E+00,0.000000E+00,2.110805E+01,7.994183E+01,2.388801E+01,5.685575E+01
12:32:00,8.009235E+03,1.908951E+03,5.576668E-01,1.685899E-01,0.000000E+00,0.000000E+00,0.000000E+00,0.000000E+00,0.000000E+00,0.000000E+00,0.000000E+00,0.000000E+00,2.110805E+01,7.994183E+01,2.388801E+01,5.683998E+01
12:33:00,8.009235E+03,1.911954E+03,5.576668E-01,1.688552E-01,0.000000E+00,0.000000E+00,0.000000E+00,0.000000E+00,0.000000E+00,0.000000E+00,0.000000E+00,0.000000E+00,2.110805E+01,7.994183E+01,2.388801E+01,5.682424E+01
12:34:00,8.009235E+03,1.914954E+03,5.576668E-01,1.691201E-01,0.000000E+00,0.000000E+00,0.000000E+00,0.000000E+00,0.000000E+00,0.000000E+00,0.000000E+00,0.000000E+00,2.110805E+01,7.994183E+01,2.388801E+01,5.680852E+01
12:35:00,8.009235E+03,1.917950E+03,5.576668E-01,1.693846E-01,0.000000E+00,0.000000E+00,0.000000E+00,0.000000E+00,0.000000E+00,0.000000E+00,0.000000E+00,0.000000E+00,2.110805E+01,7.994183E+01,2.388801E+01,5.679284E+01
12:36:00,8.009235E+03,1.920941E+03,5.576668E-01,1.696489E-01,0.000000E+00,0.000000E+00,0.000000E+00,0.000000E+00,0.000000E+00,0.000000E+00,0.000000E+00,0.000000E+00,2.110805E+01,7.994183E+01,2.388801E+01,5.677720E+01
12:37:00,8.009235E+03,1.923929E+03,5.576668E-01,1.699127E-01,0.000000E+00,0.000000E+00,0.000000E+00,0.000000E+00,0.000000E+00,0.000000E+00,0.000000E+00,0.000000E+00,2.110805E+01,7.994183E+01,2.388801E+01,5.676160E+01
12:38:00,8.009235E+03,1.926913E+03,5.576668E-01,1.701763E-01,0.000000E+00,0.000000E+00,0.000000E+00,0.000000E+00,0.000000E+00,0.000000E+00,0.000000E+00,0.000000E+00,2.110805E+01,7.994183E+01,2.388800E+01,5.674603E+01
12:39:00,8.009235E+03,1.929893E+03,5.576668E-01,1.704395E-01,0.000000E+00,0.000000E+00,0.000000E+00,0.000000E+00,0.000000E+00,0.000000E+00,0.000000E+00,0.000000E+00,2.110805E+01,7.994183E+01,2.388800E+01,5.673050E+01
12:40:00,8.009235E+03,1.932869E+03,5.576668E-01,1.707023E-01,0.000000E+00,0.000000E+00,0.000000E+00,0.000000E+00,0.000000E+00,0.000000E+00,0.000000E+00,0.000000E+00,2.110805E+01,7.994183E+01,2.388800E+01,5.671500E+01
12:41:00,8.009235E+03,1.935841E+03,5.576668E-01,1.709647E-01,0.000000E+00,0.000000E+00,0.000000E+00,0.000000E+00,0.000000E+00,0.000000E+00,0.000000E+00,0.000000E+00,2.110805E+01,7.994183E+01,2.388800E+01,5.669954E+01
12:42:00,8.009235E+03,1.938808E+03,5.576668E-01,1.712268E-01,0.000000E+00,0.000000E+00,0.000000E+00,0.000000E+00,0.000000E+00,0.000000E+00,0.000000E+00,0.000000E+00,2.110805E+01,7.994183E+01,2.388800E+01,5.668412E+01
12:43:00,8.009235E+03,1.941771E+03,5.576668E-01,1.714885E-01,0.000000E+00,0.000000E+00,0.000000E+00,0.000000E+00,0.000000E+00,0.000000E+00,0.000000E+00,0.000000E+00,2.110805E+01,7.994183E+01,2.388800E+01,5.666874E+01
12:44:00,8.009235E+03,1.944730E+03,5.576668E-01,1.717498E-01,0.000000E+00,0.000000E+00,0.000000E+00,0.000000E+00,0.000000E+00,0.000000E+00,0.000000E+00,0.000000E+00,2.110805E+01,7.994183E+01,2.388800E+01,5.665340E+01
12:45:00,8.009235E+03,1.947684E+03,5.576668E-01,1.720107E-01,0.000000E+00,0.000000E+00,0.000000E+00,0.000000E+00,0.000000E+00,0.000000E+00,0.000000E+00,0.000000E+00,2.110805E+01,7.994183E+01,2.388800E+01,5.663809E+01
12:46:00,8.009235E+03,1.950634E+03,5.576668E-01,1.722713E-01,0.000000E+00,0.000000E+00,0.000000E+00,0.000000E+00,0.000000E+00,0.000000E+00,0.000000E+00,0.000000E+00,2.110805E+01,7.994183E+01,2.388800E+01,5.662282E+01
12:47:00,8.009235E+03,1.953580E+03,5.576668E-01,1.725314E-01,0.000000E+00,0.000000E+00,0.000000E+00,0.000000E+00,0.000000E+00,0.000000E+00,0.000000E+00,0.000000E+00,2.110805E+01,7.994183E+01,2.388800E+01,5.660759E+01
12:48:00,8.009235E+03,1.956521E+03,5.576668E-01,1.727912E-01,0.000000E+00,0.000000E+00,0.000000E+00,0.000000E+00,0.000000E+00,0.000000E+00,0.000000E+00,0.000000E+00,2.110805E+01,7.994183E+01,2.388800E+01,5.659240E+01
12:49:00,8.009235E+03,1.959458E+03,5.576668E-01,1.730506E-01,0.000000E+00,0.000000E+00,0.000000E+00,0.000000E+00,0.000000E+00,0.000000E+00,0.000000E+00,0.000000E+00,2.110805E+01,7.994183E+01,2.388800E+01,5.657724E+01
12:50:00,8.009235E+03,1.962391E+03,5.576668E-01,1.733096E-01,0.000000E+00,0.000000E+00,0.000000E+00,0.000000E+00,0.000000E+00,0.000000E+00,0.000000E+00,0.000000E+00,2.110805E+01,7.994183E+01,2.388800E+01,5.656212E+01
12:51:00,8.009235E+03,1.965319E+03,5.576668E-01,1.735682E-01,0.000000E+00,0.000000E+00,0.000000E+00,0.000000E+00,0.000000E+00,0.000000E+00,0.000000E+00,0.000000E+00,2.110805E+01,7.994183E+01,2.388800E+01,5.654705E+01
12:52:00,8.009235E+03,1.968243E+03,5.576668E-01,1.738264E-01,0.000000E+00,0.000000E+00,0.000000E+00,0.000000E+00,0.000000E+00,0.000000E+00,0.000000E+00,0.000000E+00,2.110805E+01,7.994183E+01,2.388800E+01,5.653201E+01
12:53:00,8.009235E+03,1.971162E+03,5.576668E-01,1.740842E-01,0.000000E+00,0.000000E+00,0.000000E+00,0.000000E+00,0.000000E+00,0.000000E+00,0.000000E+00,0.000000E+00,2.110805E+01,7.994183E+01,2.388800E+01,5.651700E+01
12:54:00,8.009235E+03,1.974077E+03,5.576668E-01,1.743417E-01,0.000000E+00,0.000000E+00,0.000000E+00,0.000000E+00,0.000000E+00,0.000000E+00,0.000000E+00,0.000000E+00,2.110805E+01,7.994183E+01,2.388800E+01,5.650203E+01
12:55:00,8.009235E+03,1.976987E+03,5.576668E-01,1.745987E-01,0.000000E+00,0.000000E+00,0.000000E+00,0.000000E+00,0.000000E+00,0.000000E+00,0.000000E+00,0.000000E+00,2.110805E+01,7.994183E+01,2.388800E+01,5.648710E+01
12:56:00,8.009235E+03,1.979893E+03,5.576668E-01,1.748553E-01,0.000000E+00,0.000000E+00,0.000000E+00,0.000000E+00,0.000000E+00,0.000000E+00,0.000000E+00,0.000000E+00,2.110805E+01,7.994183E+01,2.388800E+01,5.647222E+01
12:57:00,8.009235E+03,1.982794E+03,5.576668E-01,1.751116E-01,0.000000E+00,0.000000E+00,0.000000E+00,0.000000E+00,0.000000E+00,0.000000E+00,0.000000E+00,0.000000E+00,2.110805E+01,7.994183E+01,2.388800E+01,5.645737E+01
12:58:00,8.009235E+03,1.985691E+03,5.576668E-01,1.753674E-01,0.000000E+00,0.000000E+00,0.000000E+00,0.000000E+00,0.000000E+00,0.000000E+00,0.000000E+00,0.000000E+00,2.110805E+01,7.994183E+01,2.388800E+01,5.644255E+01
12:59:00,8.009235E+03,1.988583E+03,5.576668E-01,1.756228E-01,0.000000E+00,0.000000E+00,0.000000E+00,0.000000E+00,0.000000E+00,0.000000E+00,0.000000E+00,0.000000E+00,2.110805E+01,7.994183E+01,2.388800E+01,5.642778E+01
13:00:00,8.009235E+03,1.991471E+03,5.576668E-01,1.758778E-01,0.000000E+00,0.000000E+00,0.000000E+00,0.000000E+00,0.000000E+00,0.000000E+00,0.000000E+00,0.000000E+00,2.110805E+01,7.994183E+01,2.388800E+01,5.641305E+01
13:01:00,8.009235E+03,1.994351E+03,5.576668E-01,1.761322E-01,0.000000E+00,0.000000E+00,0.000000E+00,0.000000E+00,0.000000E+00,0.000000E+00,0.000000E+00,0.000000E+00,2.110805E+01,7.994183E+01,2.388800E+01,5.639836E+01
13:02:00,8.009235E+03,1.997224E+03,5.576668E-01,1.763859E-01,0.000000E+00,0.000000E+00,0.000000E+00,0.000000E+00,0.000000E+00,0.000000E+00,0.000000E+00,0.000000E+00,2.110805E+01,7.994183E+01,2.388800E+01,5.638376E+01
13:03:00,8.009235E+03,2.000089E+03,5.576668E-01,1.766390E-01,0.000000E+00,0.000000E+00,0.000000E+00,0.000000E+00,0.000000E+00,0.000000E+00,0.000000E+00,0.000000E+00,2.110805E+01,7.994183E+01,2.388800E+01,5.636930E+01
13:04:00,8.009235E+03,2.002948E+03,5.576668E-01,1.768915E-01,0.000000E+00,0.000000E+00,0.000000E+00,0.000000E+00,0.000000E+00,0.000000E+00,0.000000E+00,0.000000E+00,2.110805E+01,7.994183E+01,2.388800E+01,5.635497E+01
13:05:00,8.009235E+03,2.005799E+03,5.576668E-01,1.771433E-01,0.000000E+00,0.000000E+00,0.000000E+00,0.000000E+00,0.000000E+00,0.000000E+00,0.000000E+00,0.000000E+00,2.110805E+01,7.994183E+01,2.388799E+01,5.634078E+01
13:06:00,8.009235E+03,2.008643E+03,5.576668E-01,1.773944E-01,0.000000E+00,0.000000E+00,0.000000E+00,0.000000E+00,0.000000E+00,0.000000E+00,0.000000E+00,0.000000E+00,2.110805E+01,7.994183E+01,2.388799E+01,5.632673E+01
13:07:00,8.009235E+03,2.011480E+03,5.576668E-01,1.776450E-01,0.000000E+00,0.000000E+00,0.000000E+00,0.000000E+00,0.000000E+00,0.000000E+00,0.000000E+00,0.000000E+00,2.110805E+01,7.994183E+01,2.388799E+01,5.631280E+01
13:08:00,8.009235E+03,2.014309E+03,5.576668E-01,1.778948E-01,0.000000E+00,0.000000E+00,0.000000E+00,0.000000E+00,0.000000E+00,0.000000E+00,0.000000E+00,0.000000E+00,2.110805E+01,7.994183E+01,2.388799E+01,5.629899E+01
13:09:00,8.009235E+03,2.017131E+03,5.576668E-01,1.781441E-01,0.000000E+00,0.000000E+00,0.000000E+00,0.000000E+00,0.000000E+00,0.000000E+00,0.000000E+00,0.000000E+00,2.110805E+01,7.994183E+01,2.388799E+01,5.628530E+01
13:10:00,8.009235E+03,2.019945E+03,5.576668E-01,1.783926E-01,0.000000E+00,0.000000E+00,0.000000E+00,0.000000E+00,0.000000E+00,0.000000E+00,0.000000E+00,0.000000E+00,2.110805E+01,7.994183E+01,2.388799E+01,5.627172E+01
13:11:00,8.009235E+03,2.022752E+03,5.576668E-01,1.786405E-01,0.000000E+00,0.000000E+00,0.000000E+00,0.000000E+00,0.000000E+00,0.000000E+00,0.000000E+00,0.000000E+00,2.110805E+01,7.994183E+01,2.388799E+01,5.625825E+01
13:12:00,8.009235E+03,2.025552E+03,5.576668E-01,1.788878E-01,0.000000E+00,0.000000E+00,0.000000E+00,0.000000E+00,0.000000E+00,0.000000E+00,0.000000E+00,0.000000E+00,2.110805E+01,7.994183E+01,2.388799E+01,5.624489E+01
13:13:00,8.009235E+03,2.028344E+03,5.576668E-01,1.791344E-01,0.000000E+00,0.000000E+00,0.000000E+00,0.000000E+00,0.000000E+00,0.000000E+00,0.000000E+00,0.000000E+00,2.110805E+01,7.994183E+01,2.388799E+01,5.623164E+01
13:14:00,8.009235E+03,2.031129E+03,5.576668E-01,1.793803E-01,0.000000E+00,0.000000E+00,0.000000E+00,0.000000E+00,0.000000E+00,0.000000E+00,0.000000E+00,0.000000E+00,2.110805E+01,7.994183E+01,2.388799E+01,5.621848E+01
13:15:00,8.009235E+03,2.033906E+03,5.576668E-01,1.796256E-01,0.000000E+00,0.000000E+00,0.000000E+00,0.000000E+00,0.000000E+00,0.000000E+00,0.000000E+00,0.000000E+00,2.110805E+01,7.994183E+01,2.388799E+01,5.620543E+01
13:16:00,8.009235E+03,2.036676E+03,5.576668E-01,1.798703E-01,0.000000E+00,0.000000E+00,0.000000E+00,0.000000E+00,0.000000E+00,0.000000E+00,0.000000E+00,0.000000E+00,2.110805E+01,7.994183E+01,2.388799E+01,5.619247E+01
13:17:00,8.009235E+03,2.039439E+03,5.576668E-01,1.801143E-01,0.000000E+00,0.000000E+00,0.000000E+00,0.000000E+00,0.000000E+00,0.000000E+00,0.000000E+00,0.000000E+00,2.110805E+01,7.994183E+01,2.388799E+01,5.617960E+01
13:18:00,8.009235E+03,2.042194E+03,5.576668E-01,1.803576E-01,0.000000E+00,0.000000E+00,0.000000E+00,0.000000E+00,0.000000E+00,0.000000E+00,0.000000E+00,0.000000E+00,2.110805E+01,7.994183E+01,2.388799E+01,5.616682E+01
13:19:00,8.009235E+03,2.044942E+03,5.576668E-01,1.806003E-01,0.000000E+00,0.000000E+00,0.000000E+00,0.000000E+00,0.000000E+00,0.000000E+00,0.000000E+00,0.000000E+00,2.110805E+01,7.994183E+01,2.388799E+01,5.615414E+01
13:20:00,8.009235E+03,2.047682E+03,5.576668E-01,1.808423E-01,0.000000E+00,0.000000E+00,0.000000E+00,0.000000E+00,0.000000E+00,0.000000E+00,0.000000E+00,0.000000E+00,2.110805E+01,7.994183E+01,2.388799E+01,5.614153E+01
13:21:00,8.009235E+03,2.050415E+03,5.576668E-01,1.810836E-01,0.000000E+00,0.000000E+00,0.000000E+00,0.000000E+00,0.000000E+00,0.000000E+00,0.000000E+00,0.000000E+00,2.110805E+01,7.994183E+01,2.388799E+01,5.612901E+01
13:22:00,8.009235E+03,2.053140E+03,5.576668E-01,1.813243E-01,0.000000E+00,0.000000E+00,0.000000E+00,0.000000E+00,0.000000E+00,0.000000E+00,0.000000E+00,0.000000E+00,2.110805E+01,7.994183E+01,2.388799E+01,5.611656E+01
13:23:00,8.009235E+03,2.055857E+03,5.576668E-01,1.815643E-01,0.000000E+00,0.000000E+00,0.000000E+00,0.000000E+00,0.000000E+00,0.000000E+00,0.000000E+00,0.000000E+00,2.110805E+01,7.994183E+01,2.388799E+01,5.610420E+01
13:24:00,8.009235E+03,2.058567E+03,5.576668E-01,1.818037E-01,0.000000E+00,0.000000E+00,0.000000E+00,0.000000E+00,0.000000E+00,0.000000E+00,0.000000E+00,0.000000E+00,2.110805E+01,7.994183E+01,2.388799E+01,5.609192E+01
13:25:00,8.009235E+03,2.061270E+03,5.576668E-01,1.820423E-01,0.000000E+00,0.000000E+00,0.000000E+00,0.000000E+00,0.000000E+00,0.000000E+00,0.000000E+00,0.000000E+00,2.110805E+01,7.994183E+01,2.388799E+01,5.607971E+01
13:26:00,8.009235E+03,2.063964E+03,5.576668E-01,1.822803E-01,0.000000E+00,0.000000E+00,0.000000E+00,0.000000E+00,0.000000E+00,0.000000E+00,0.000000E+00,0.000000E+00,2.110805E+01,7.994183E+01,2.388799E+01,5.606757E+01
13:27:00,8.009235E+03,2.066651E+03,5.576668E-01,1.825176E-01,0.000000E+00,0.000000E+00,0.000000E+00,0.000000E+00,0.000000E+00,0.000000E+00,0.000000E+00,0.000000E+00,2.110805E+01,7.994183E+01,2.388799E+01,5.605551E+01
13:28:00,8.009235E+03,2.069330E+03,5.576668E-01,1.827542E-01,0.000000E+00,0.000000E+00,0.000000E+00,0.000000E+00,0.000000E+00,0.000000E+00,0.000000E+00,0.000000E+00,2.110805E+01,7.994183E+01,2.388799E+01,5.604352E+01
13:29:00,8.009235E+03,2.071990E+03,5.576668E-01,1.829891E-01,0.000000E+00,0.000000E+00,0.000000E+00,0.000000E+00,0.000000E+00,0.000000E+00,0.000000E+00,0.000000E+00,2.110805E+01,7.994183E+01,2.388799E+01,5.603159E+01
13:30:00,8.009235E+03,2.074633E+03,5.576668E-01,1.832225E-01,0.000000E+00,0.000000E+00,0.000000E+00,0.000000E+00,0.000000E+00,0.000000E+00,0.000000E+00,0.000000E+00,2.110805E+01,7.994183E+01,2.388799E+01,5.601973E+01
13:31:00,8.009235E+03,2.077263E+03,5.576668E-01,1.834548E-01,0.000000E+00,0.000000E+00,0.000000E+00,0.000000E+00,0.000000E+00,0.000000E+00,0.000000E+00,0.000000E+00,2.110805E+01,7.994183E+01,2.388799E+01,5.600794E+01
13:32:00,8.009235E+03,2.079882E+03,5.576668E-01,1.836861E-01,0.000000E+00,0.000000E+00,0.000000E+00,0.000000E+00,0.000000E+00,0.000000E+00,0.000000E+00,0.000000E+00,2.110805E+01,7.994183E+01,2.388799E+01,5.599621E+01
13:33:00,8.009235E+03,2.082489E+03,5.576668E-01,1.839164E-01,0.000000E+00,0.000000E+00,0.000000E+00,0.000000E+00,0.000000E+00,0.000000E+00,0.000000E+00,0.000000E+00,2.110805E+01,7.994183E+01,2.388799E+01,5.598455E+01
13:34:00,8.009235E+03,2.085084E+03,5.576668E-01,1.841455E-01,0.000000E+00,0.000000E+00,0.000000E+00,0.000000E+00,0.000000E+00,0.000000E+00,0.000000E+00,0.000000E+00,2.110805E+01,7.994183E+01,2.388799E+01,5.597295E+01
13:35:00,8.009235E+03,2.087667E+03,5.576668E-01,1.843737E-01,0.000000E+00,0.000000E+00,0.000000E+00,0.000000E+00,0.000000E+00,0.000000E+00,0.000000E+00,0.000000E+00,2.110805E+01,7.994183E+01,2.388799E+01,5.596141E+01
13:36:00,8.009235E+03,2.090239E+03,5.576668E-01,1.846008E-01,0.000000E+00,0.000000E+00,0.000000E+00,0.000000E+00,0.000000E+00,0.000000E+00,0.000000E+00,0.000000E+00,2.110805E+01,7.994183E+01,2.388799E+01,5.594993E+01
13:37:00,8.009235E+03,2.092798E+03,5.576668E-01,1.848268E-01,0.000000E+00,0.000000E+00,0.000000E+00,0.000000E+00,0.000000E+00,0.000000E+00,0.000000E+00,0.000000E+00,2.110805E+01,7.994183E+01,2.388799E+01,5.593850E+01
13:38:00,8.009235E+03,2.095345E+03,5.576668E-01,1.850518E-01,0.000000E+00,0.000000E+00,0.000000E+00,0.000000E+00,0.000000E+00,0.000000E+00,0.000000E+00,0.000000E+00,2.110805E+01,7.994183E+01,2.388799E+01,5.592714E+01
13:39:00,8.009235E+03,2.097880E+03,5.576668E-01,1.852757E-01,0.000000E+00,0.000000E+00,0.000000E+00,0.000000E+00,0.000000E+00,0.000000E+00,0.000000E+00,0.000000E+00,2.110805E+01,7.994183E+01,2.388799E+01,5.591584E+01
13:40:00,8.009235E+03,2.100404E+03,5.576668E-01,1.854986E-01,0.000000E+00,0.000000E+00,0.000000E+00,0.000000E+00,0.000000E+00,0.000000E+00,0.000000E+00,0.000000E+00,2.110805E+01,7.994183E+01,2.388799E+01,5.590459E+01
13:41:00,8.009235E+03,2.102916E+03,5.576668E-01,1.857204E-01,0.000000E+00,0.000000E+00,0.000000E+00,0.000000E+00,0.000000E+00,0.000000E+00,0.000000E+00,0.000000E+00,2.110805E+01,7.994183E+01,2.388799E+01,5.589339E+01
13:42:00,8.009235E+03,2.105415E+03,5.576668E-01,1.859411E-01,0.000000E+00,0.000000E+00,0.000000E+00,0.000000E+00,0.000000E+00,0.000000E+00,0.000000E+00,0.000000E+00,2.110805E+01,7.994183E+01,2.388799E+01,5.588225E+01
13:43:00,8.009235E+03,2.107903E+03,5.576668E-01,1.861608E-01,0.000000E+00,0.000000E+00,0.000000E+00,0.000000E+00,0.000000E+00,0.000000E+00,0.000000E+00,0.000000E+00,2.110805E+01,7.994183E+01,2.388799E+01,5.587116E+01
13:44:00,8.009235E+03,2.110378E+03,5.576668E-01,1.863794E-01,0.000000E+00,0.000000E+00,0.000000E+00,0.000000E+00,0.000000E+00,0.000000E+00,0.000000E+00,0.000000E+00,2.110805E+01,7.994183E+01,2.388799E+01,5.586012E+01
13:45:00,8.009235E+03,2.112841E+03,5.576668E-01,1.865970E-01,0.000000E+00,0.000000E+00,0.000000E+00,0.000000E+00,0.000000E+00,0.000000E+00,0.000000E+00,0.000000E+00,2.110805E+01,7.994183E+01,2.388799E+01,5.584914E+01
13:46:00,8.009235E+03,2.115292E+03,5.576668E-01,1.868134E-01,0.000000E+00,0.000000E+00,0.000000E+00,0.000000E+00,0.000000E+00,0.000000E+00,0.000000E+00,0.000000E+00,2.110805E+01,7.994183E+01,2.388799E+01,5.583821E+01
13:47:00,8.009235E+03,2.117731E+03,5.576668E-01,1.870288E-01,0.000000E+00,0.000000E+00,0.000000E+00,0.000000E+00,0.000000E+00,0.000000E+00,0.000000E+00,0.000000E+00,2.110805E+01,7.994183E+01,2.388799E+01,5.582733E+01
13:48:00,8.009235E+03,2.120157E+03,5.576668E-01,1.872431E-01,0.000000E+00,0.000000E+00,0.000000E+00,0.000000E+00,0.000000E+00,0.000000E+00,0.000000E+00,0.000000E+00,2.110805E+01,7.994183E+01,2.388798E+01,5.581649E+01
13:49:00,8.009235E+03,2.122571E+03,5.576668E-01,1.874563E-01,0.000000E+00,0.000000E+00,0.000000E+00,0.000000E+00,0.000000E+00,0.000000E+00,0.000000E+00,0.000000E+00,2.110805E+01,7.994183E+01,2.388798E+01,5.580571E+01
13:50:00,8.009235E+03,2.124972E+03,5.576668E-01,1.876684E-01,0.000000E+00,0.000000E+00,0.000000E+00,0.000000E+00,0.000000E+00,0.000000E+00,0.000000E+00,0.000000E+00,2.110805E+01,7.994183E+01,2.388798E+01,5.579498E+01
13:51:00,8.009235E+03,2.127361E+03,5.576668E-01,1.878794E-01,0.000000E+00,0.000000E+00,0.000000E+00,0.000000E+00,0.000000E+00,0.000000E+00,0.000000E+00,0.000000E+00,2.110805E+01,7.994183E+01,2.388798E+01,5.578429E+01
13:52:00,8.009235E+03,2.129737E+03,5.576668E-01,1.880892E-01,0.000000E+00,0.000000E+00,0.000000E+00,0.000000E+00,0.000000E+00,0.000000E+00,0.000000E+00,0.000000E+00,2.110805E+01,7.994183E+01,2.388798E+01,5.577366E+01
13:53:00,8.009235E+03,2.132101E+03,5.576668E-01,1.882980E-01,0.000000E+00,0.000000E+00,0.000000E+00,0.000000E+00,0.000000E+00,0.000000E+00,0.000000E+00,0.000000E+00,2.110805E+01,7.994183E+01,2.388798E+01,5.576307E+01
13:54:00,8.009235E+03,2.134452E+03,5.576668E-01,1.885056E-01,0.000000E+00,0.000000E+00,0.000000E+00,0.000000E+00,0.000000E+00,0.000000E+00,0.000000E+00,0.000000E+00,2.110805E+01,7.994183E+01,2.388798E+01,5.575252E+01
13:55:00,8.009235E+03,2.136791E+03,5.576668E-01,1.887122E-01,0.000000E+00,0.000000E+00,0.000000E+00,0.000000E+00,0.000000E+00,0.000000E+00,0.000000E+00,0.000000E+00,2.110805E+01,7.994183E+01,2.388798E+01,5.574203E+01
13:56:00,8.009235E+03,2.139117E+03,5.576668E-01,1.889176E-01,0.000000E+00,0.000000E+00,0.000000E+00,0.000000E+00,0.000000E+00,0.000000E+00,0.000000E+00,0.000000E+00,2.110805E+01,7.994183E+01,2.388798E+01,5.573158E+01
13:57:00,8.009235E+03,2.141430E+03,5.576668E-01,1.891218E-01,0.000000E+00,0.000000E+00,0.000000E+00,0.000000E+00,0.000000E+00,0.000000E+00,0.000000E+00,0.000000E+00,2.110805E+01,7.994183E+01,2.388798E+01,5.572118E+01
13:58:00,8.009235E+03,2.143730E+03,5.576668E-01,1.893250E-01,0.000000E+00,0.000000E+00,0.000000E+00,0.000000E+00,0.000000E+00,0.000000E+00,0.000000E+00,0.000000E+00,2.110805E+01,7.994183E+01,2.388798E+01,5.571082E+01
13:59:00,8.009235E+03,2.146017E+03,5.576668E-01,1.895270E-01,0.000000E+00,0.000000E+00,0.000000E+00,0.000000E+00,0.000000E+00,0.000000E+00,0.000000E+00,0.000000E+00,2.110805E+01,7.994183E+01,2.388798E+01,5.570051E+01
14:00:00,8.009235E+03,2.148292E+03,5.576668E-01,1.897279E-01,0.000000E+00,0.000000E+00,0.000000E+00,0.000000E+00,0.000000E+00,0.000000E+00,0.000000E+00,0.000000E+00,2.110805E+01,7.994183E+01,2.388798E+01,5.569025E+01
14:01:00,8.009235E+03,2.150548E+03,5.576668E-01,1.899271E-01,0.000000E+00,0.000000E+00,0.000000E+00,0.000000E+00,0.000000E+00,0.000000E+00,0.000000E+00,0.000000E+00,2.110805E+01,7.994183E+01,2.388798E+01,5.568003E+01
14:02:00,8.009235E+03,2.152785E+03,5.576668E-01,1.901247E-01,0.000000E+00,0.000000E+00,0.000000E+00,0.000000E+00,0.000000E+00,0.000000E+00,0.000000E+00,0.000000E+00,2.110805E+01,7.994183E+01,2.388798E+01,5.566994E+01
14:03:00,8.009235E+03,2.155004E+03,5.576668E-01,1.903207E-01,0.000000E+00,0.000000E+00,0.000000E+00,0.000000E+00,0.000000E+00,0.000000E+00,0.000000E+00,0.000000E+00,2.110805E+01,7.994183E+01,2.388798E+01,5.566005E+01
14:04:00,8.009235E+03,2.157204E+03,5.576668E-01,1.905150E-01,0.000000E+00,0.000000E+00,0.000000E+00,0.000000E+00,0.000000E+00,0.000000E+00,0.000000E+00,0.000000E+00,2.110805E+01,7.994183E+01,2.388798E+01,5.565036E+01
14:05:00,8.009235E+03,2.159386E+03,5.576668E-01,1.907077E-01,0.000000E+00,0.000000E+00,0.000000E+00,0.000000E+00,0.000000E+00,0.000000E+00,0.000000E+00,0.000000E+00,2.110805E+01,7.994183E+01,2.388798E+01,5.564088E+01
14:06:00,8.009235E+03,2.161549E+03,5.576668E-01,1.908987E-01,0.000000E+00,0.000000E+00,0.000000E+00,0.000000E+00,0.000000E+00,0.000000E+00,0.000000E+00,0.000000E+00,2.110805E+01,7.994183E+01,2.388798E+01,5.563158E+01
14:07:00,8.009235E+03,2.163693E+03,5.576668E-01,1.910880E-01,0.000000E+00,0.000000E+00,0.000000E+00,0.000000E+00,0.000000E+00,0.000000E+00,0.000000E+00,0.000000E+00,2.110805E+01,7.994183E+01,2.388798E+01,5.562247E+01
14:08:00,8.009235E+03,2.165818E+03,5.576668E-01,1.912758E-01,0.000000E+00,0.000000E+00,0.000000E+00,0.000000E+00,0.000000E+00,0.000000E+00,0.000000E+00,0.000000E+00,2.110805E+01,7.994183E+01,2.388798E+01,5.561352E+01
14:09:00,8.009235E+03,2.167925E+03,5.576668E-01,1.914618E-01,0.000000E+00,0.000000E+00,0.000000E+00,0.000000E+00,0.000000E+00,0.000000E+00,0.000000E+00,0.000000E+00,2.110805E+01,7.994183E+01,2.388798E+01,5.560474E+01
14:10:00,8.009235E+03,2.170012E+03,5.576668E-01,1.916462E-01,0.000000E+00,0.000000E+00,0.000000E+00,0.000000E+00,0.000000E+00,0.000000E+00,0.000000E+00,0.000000E+00,2.110805E+01,7.994183E+01,2.388798E+01,5.559613E+01
14:11:00,8.009235E+03,2.172081E+03,5.576668E-01,1.918289E-01,0.000000E+00,0.000000E+00,0.000000E+00,0.000000E+00,0.000000E+00,0.000000E+00,0.000000E+00,0.000000E+00,2.110805E+01,7.994183E+01,2.388798E+01,5.558766E+01
14:12:00,8.009235E+03,2.174131E+03,5.576668E-01,1.920099E-01,0.000000E+00,0.000000E+00,0.000000E+00,0.000000E+00,0.000000E+00,0.000000E+00,0.000000E+00,0.000000E+00,2.110805E+01,7.994183E+01,2.388798E+01,5.557935E+01
14:13:00,8.009235E+03,2.176161E+03,5.576668E-01,1.921893E-01,0.000000E+00,0.000000E+00,0.000000E+00,0.000000E+00,0.000000E+00,0.000000E+00,0.000000E+00,0.000000E+00,2.110805E+01,7.994183E+01,2.388798E+01,5.557118E+01
14:14:00,8.009235E+03,2.178173E+03,5.576668E-01,1.923669E-01,0.000000E+00,0.000000E+00,0.000000E+00,0.000000E+00,0.000000E+00,0.000000E+00,0.000000E+00,0.000000E+00,2.110805E+01,7.994183E+01,2.388798E+01,5.556316E+01
14:15:00,8.009235E+03,2.180165E+03,5.576668E-01,1.925429E-01,0.000000E+00,0.000000E+00,0.000000E+00,0.000000E+00,0.000000E+00,0.000000E+00,0.000000E+00,0.000000E+00,2.110805E+01,7.994183E+01,2.388798E+01,5.555527E+01
14:16:00,8.009235E+03,2.182138E+03,5.576668E-01,1.927171E-01,0.000000E+00,0.000000E+00,0.000000E+00,0.000000E+00,0.000000E+00,0.000000E+00,0.000000E+00,0.000000E+00,2.110805E+01,7.994183E+01,2.388798E+01,5.554750E+01
14:17:00,8.009235E+03,2.184092E+03,5.576668E-01,1.928897E-01,0.000000E+00,0.000000E+00,0.000000E+00,0.000000E+00,0.000000E+00,0.000000E+00,0.000000E+00,0.000000E+00,2.110805E+01,7.994183E+01,2.388798E+01,5.553986E+01
14:18:00,8.009235E+03,2.186026E+03,5.576668E-01,1.930605E-01,0.000000E+00,0.000000E+00,0.000000E+00,0.000000E+00,0.000000E+00,0.000000E+00,0.000000E+00,0.000000E+00,2.110805E+01,7.994183E+01,2.388798E+01,5.553235E+01
14:19:00,8.009235E+03,2.187941E+03,5.576668E-01,1.932296E-01,0.000000E+00,0.000000E+00,0.000000E+00,0.000000E+00,0.000000E+00,0.000000E+00,0.000000E+00,0.000000E+00,2.110805E+01,7.994183E+01,2.388798E+01,5.552495E+01
14:20:00,8.009235E+03,2.189836E+03,5.576668E-01,1.933970E-01,0.000000E+00,0.000000E+00,0.000000E+00,0.000000E+00,0.000000E+00,0.000000E+00,0.000000E+00,0.000000E+00,2.110805E+01,7.994183E+01,2.388798E+01,5.551767E+01
14:21:00,8.009235E+03,2.191712E+03,5.576668E-01,1.935626E-01,0.000000E+00,0.000000E+00,0.000000E+00,0.000000E+00,0.000000E+00,0.000000E+00,0.000000E+00,0.000000E+00,2.110805E+01,7.994183E+01,2.388798E+01,5.551049E+01
14:22:00,8.009235E+03,2.193568E+03,5.576668E-01,1.937266E-01,0.000000E+00,0.000000E+00,0.000000E+00,0.000000E+00,0.000000E+00,0.000000E+00,0.000000E+00,0.000000E+00,2.110805E+01,7.994183E+01,2.388798E+01,5.550343E+01
14:23:00,8.009235E+03,2.195405E+03,5.576668E-01,1.938888E-01,0.000000E+00,0.000000E+00,0.000000E+00,0.000000E+00,0.000000E+00,0.000000E+00,0.000000E+00,0.000000E+00,2.110805E+01,7.994183E+01,2.388798E+01,5.549646E+01
14:24:00,8.009235E+03,2.197222E+03,5.576668E-01,1.940492E-01,0.000000E+00,0.000000E+00,0.000000E+00,0.000000E+00,0.000000E+00,0.000000E+00,0.000000E+00,0.000000E+00,2.110805E+01,7.994183E+01,2.388798E+01,5.548960E+01
14:25:00,8.009235E+03,2.199019E+03,5.576668E-01,1.942080E-01,0.000000E+00,0.000000E+00,0.000000E+00,0.000000E+00,0.000000E+00,0.000000E+00,0.000000E+00,0.000000E+00,2.110805E+01,7.994183E+01,2.388798E+01,5.548284E+01
14:26:00,8.009235E+03,2.200796E+03,5.576668E-01,1.943649E-01,0.000000E+00,0.000000E+00,0.000000E+00,0.000000E+00,0.000000E+00,0.000000E+00,0.000000E+00,0.000000E+00,2.110805E+01,7.994183E+01,2.388798E+01,5.547617E+01
14:27:00,8.009235E+03,2.202554E+03,5.576668E-01,1.945202E-01,0.000000E+00,0.000000E+00,0.000000E+00,0.000000E+00,0.000000E+00,0.000000E+00,0.000000E+00,0.000000E+00,2.110805E+01,7.994183E+01,2.388798E+01,5.546959E+01
14:28:00,8.009235E+03,2.204292E+03,5.576668E-01,1.946736E-01,0.000000E+00,0.000000E+00,0.000000E+00,0.000000E+00,0.000000E+00,0.000000E+00,0.000000E+00,0.000000E+00,2.110805E+01,7.994183E+01,2.388798E+01,5.546310E+01
14:29:00,8.009235E+03,2.206009E+03,5.576668E-01,1.948254E-01,0.000000E+00,0.000000E+00,0.000000E+00,0.000000E+00,0.000000E+00,0.000000E+00,0.000000E+00,0.000000E+00,2.110805E+01,7.994183E+01,2.388798E+01,5.545669E+01
14:30:00,8.009235E+03,2.207707E+03,5.576668E-01,1.949753E-01,0.000000E+00,0.000000E+00,0.000000E+00,0.000000E+00,0.000000E+00,0.000000E+00,0.000000E+00,0.000000E+00,2.110805E+01,7.994183E+01,2.388798E+01,5.545038E+01
14:31:00,8.009235E+03,2.209385E+03,5.576668E-01,1.951235E-01,0.000000E+00,0.000000E+00,0.000000E+00,0.000000E+00,0.000000E+00,0.000000E+00,0.000000E+00,0.000000E+00,2.110805E+01,7.994183E+01,2.388798E+01,5.544414E+01
14:32:00,8.009235E+03,2.211043E+03,5.576668E-01,1.952699E-01,0.000000E+00,0.000000E+00,0.000000E+00,0.000000E+00,0.000000E+00,0.000000E+00,0.000000E+00,0.000000E+00,2.110805E+01,7.994183E+01,2.388798E+01,5.543798E+01
14:33:00,8.009235E+03,2.212681E+03,5.576668E-01,1.954146E-01,0.000000E+00,0.000000E+00,0.000000E+00,0.000000E+00,0.000000E+00,0.000000E+00,0.000000E+00,0.000000E+00,2.110805E+01,7.994183E+01,2.388798E+01,5.543190E+01
14:34:00,8.009235E+03,2.214299E+03,5.576668E-01,1.955574E-01,0.000000E+00,0.000000E+00,0.000000E+00,0.000000E+00,0.000000E+00,0.000000E+00,0.000000E+00,0.000000E+00,2.110805E+01,7.994183E+01,2.388798E+01,5.542590E+01
14:35:00,8.009235E+03,2.215896E+03,5.576668E-01,1.956985E-01,0.000000E+00,0.000000E+00,0.000000E+00,0.000000E+00,0.000000E+00,0.000000E+00,0.000000E+00,0.000000E+00,2.110805E+01,7.994183E+01,2.388798E+01,5.541996E+01
14:36:00,8.009235E+03,2.217474E+03,5.576668E-01,1.958378E-01,0.000000E+00,0.000000E+00,0.000000E+00,0.000000E+00,0.000000E+00,0.000000E+00,0.000000E+00,0.000000E+00,2.110805E+01,7.994183E+01,2.388798E+01,5.541410E+01
14:37:00,8.009235E+03,2.219031E+03,5.576668E-01,1.959754E-01,0.000000E+00,0.000000E+00,0.000000E+00,0.000000E+00,0.000000E+00,0.000000E+00,0.000000E+00,0.000000E+00,2.110805E+01,7.994183E+01,2.388798E+01,5.540831E+01
14:38:00,8.009235E+03,2.220569E+03,5.576668E-01,1.961112E-01,0.000000E+00,0.000000E+00,0.000000E+00,0.000000E+00,0.000000E+00,0.000000E+00,0.000000E+00,0.000000E+00,2.110805E+01,7.994183E+01,2.388798E+01,5.540259E+01
14:39:00,8.009235E+03,2.222085E+03,5.576668E-01,1.962451E-01,0.000000E+00,0.000000E+00,0.000000E+00,0.000000E+00,0.000000E+00,0.000000E+00,0.000000E+00,0.000000E+00,2.110805E+01,7.994183E+01,2.388798E+01,5.539693E+01
14:40:00,8.009235E+03,2.223582E+03,5.576668E-01,1.963773E-01,0.000000E+00,0.000000E+00,0.000000E+00,0.000000E+00,0.000000E+00,0.000000E+00,0.000000E+00,0.000000E+00,2.110805E+01,7.994183E+01,2.388798E+01,5.539134E+01
14:41:00,8.009235E+03,2.225058E+03,5.576668E-01,1.965077E-01,0.000000E+00,0.000000E+00,0.000000E+00,0.000000E+00,0.000000E+00,0.000000E+00,0.000000E+00,0.000000E+00,2.110805E+01,7.994183E+01,2.388798E+01,5.538581E+01
14:42:00,8.009235E+03,2.226514E+03,5.576668E-01,1.966362E-01,0.000000E+00,0.000000E+00,0.000000E+00,0.000000E+00,0.000000E+00,0.000000E+00,0.000000E+00,0.000000E+00,2.110805E+01,7.994183E+01,2.388798E+01,5.538034E+01
14:43:00,8.009235E+03,2.227949E+03,5.576668E-01,1.967630E-01,0.000000E+00,0.000000E+00,0.000000E+00,0.000000E+00,0.000000E+00,0.000000E+00,0.000000E+00,0.000000E+00,2.110805E+01,7.994183E+01,2.388798E+01,5.537494E+01
14:44:00,8.009235E+03,2.229363E+03,5.576668E-01,1.968879E-01,0.000000E+00,0.000000E+00,0.000000E+00,0.000000E+00,0.000000E+00,0.000000E+00,0.000000E+00,0.000000E+00,2.110805E+01,7.994183E+01,2.388798E+01,5.536959E+01
14:45:00,8.009235E+03,2.230757E+03,5.576668E-01,1.970110E-01,0.000000E+00,0.000000E+00,0.000000E+00,0.000000E+00,0.000000E+00,0.000000E+00,0.000000E+00,0.000000E+00,2.110805E+01,7.994183E+01,2.388798E+01,5.536430E+01
14:46:00,8.009235E+03,2.232130E+03,5.576668E-01,1.971322E-01,0.000000E+00,0.000000E+00,0.000000E+00,0.000000E+00,0.000000E+00,0.000000E+00,0.000000E+00,0.000000E+00,2.110805E+01,7.994183E+01,2.388798E+01,5.535908E+01
14:47:00,8.009235E+03,2.233483E+03,5.576668E-01,1.972517E-01,0.000000E+00,0.000000E+00,0.000000E+00,0.000000E+00,0.000000E+00,0.000000E+00,0.000000E+00,0.000000E+00,2.110805E+01,7.994183E+01,2.388798E+01,5.535391E+01
14:48:00,8.009235E+03,2.234814E+03,5.576668E-01,1.973693E-01,0.000000E+00,0.000000E+00,0.000000E+00,0.000000E+00,0.000000E+00,0.000000E+00,0.000000E+00,0.000000E+00,2.110805E+01,7.994183E+01,2.388798E+01,5.534879E+01
14:49:00,8.009235E+03,2.236125E+03,5.576668E-01,1.974850E-01,0.000000E+00,0.000000E+00,0.000000E+00,0.000000E+00,0.000000E+00,0.000000E+00,0.000000E+00,0.000000E+00,2.110805E+01,7.994183E+01,2.388798E+01,5.534374E+01
14:50:00,8.009235E+03,2.237415E+03,5.576668E-01,1.975990E-01,0.000000E+00,0.000000E+00,0.000000E+00,0.000000E+00,0.000000E+00,0.000000E+00,0.000000E+00,0.000000E+00,2.110805E+01,7.994183E+01,2.388798E+01,5.533873E+01
14:51:00,8.009235E+03,2.238683E+03,5.576668E-01,1.977110E-01,0.000000E+00,0.000000E+00,0.000000E+00,0.000000E+00,0.000000E+00,0.000000E+00,0.000000E+00,0.000000E+00,2.110805E+01,7.994183E+01,2.388798E+01,5.533379E+01
14:52:00,8.009235E+03,2.239931E+03,5.576668E-01,1.978212E-01,0.000000E+00,0.000000E+00,0.000000E+00,0.000000E+00,0.000000E+00,0.000000E+00,0.000000E+00,0.000000E+00,2.110805E+01,7.994183E+01,2.388798E+01,5.532889E+01
14:53:00,8.009235E+03,2.241157E+03,5.576668E-01,1.979295E-01,0.000000E+00,0.000000E+00,0.000000E+00,0.000000E+00,0.000000E+00,0.000000E+00,0.000000E+00,0.000000E+00,2.110805E+01,7.994183E+01,2.388798E+01,5.532405E+01
14:54:00,8.009235E+03,2.242363E+03,5.576668E-01,1.980360E-01,0.000000E+00,0.000000E+00,0.000000E+00,0.000000E+00,0.000000E+00,0.000000E+00,0.000000E+00,0.000000E+00,2.110805E+01,7.994183E+01,2.388798E+01,5.531927E+01
14:55:00,8.009235E+03,2.243547E+03,5.576668E-01,1.981405E-01,0.000000E+00,0.000000E+00,0.000000E+00,0.000000E+00,0.000000E+00,0.000000E+00,0.000000E+00,0.000000E+00,2.110805E+01,7.994183E+01,2.388798E+01,5.531453E+01
14:56:00,8.009235E+03,2.244710E+03,5.576668E-01,1.982432E-01,0.000000E+00,0.000000E+00,0.000000E+00,0.000000E+00,0.000000E+00,0.000000E+00,0.000000E+00,0.000000E+00,2.110805E+01,7.994183E+01,2.388798E+01,5.530985E+01
14:57:00,8.009235E+03,2.245851E+03,5.576668E-01,1.983440E-01,0.000000E+00,0.000000E+00,0.000000E+00,0.000000E+00,0.000000E+00,0.000000E+00,0.000000E+00,0.000000E+00,2.110805E+01,7.994183E+01,2.388798E+01,5.530522E+01
14:58:00,8.009235E+03,2.246971E+03,5.576668E-01,1.984429E-01,0.000000E+00,0.000000E+00,0.000000E+00,0.000000E+00,0.000000E+00,0.000000E+00,0.000000E+00,0.000000E+00,2.110805E+01,7.994183E+01,2.388798E+01,5.530064E+01
14:59:00,8.009235E+03,2.248069E+03,5.576668E-01,1.985399E-01,0.000000E+00,0.000000E+00,0.000000E+00,0.000000E+00,0.000000E+00,0.000000E+00,0.000000E+00,0.000000E+00,2.110805E+01,7.994183E+01,2.388798E+01,5.529612E+01
15:00:00,8.009235E+03,2.249145E+03,5.576668E-01,1.986350E-01,0.000000E+00,0.000000E+00,0.000000E+00,0.000000E+00,0.000000E+00,0.000000E+00,0.000000E+00,0.000000E+00,2.110805E+01,7.994183E+01,2.388798E+01,5.529164E+01
15:01:00,8.009235E+03,2.250197E+03,5.576668E-01,1.987278E-01,0.000000E+00,0.000000E+00,0.000000E+00,0.000000E+00,0.000000E+00,0.000000E+00,0.000000E+00,0.000000E+00,2.110805E+01,7.994183E+01,2.388798E+01,5.528722E+01
15:02:00,8.009235E+03,2.251186E+03,5.576668E-01,1.988151E-01,0.000000E+00,0.000000E+00,0.000000E+00,0.000000E+00,0.000000E+00,0.000000E+00,0.000000E+00,0.000000E+00,2.110805E+01,7.994183E+01,2.388798E+01,5.528295E+01
15:03:00,8.009235E+03,2.252147E+03,5.576668E-01,1.989001E-01,0.000000E+00,0.000000E+00,0.000000E+00,0.000000E+00,0.000000E+00,0.000000E+00,0.000000E+00,0.000000E+00,2.110805E+01,7.994183E+01,2.388798E+01,5.527915E+01
15:04:00,8.009235E+03,2.253082E+03,5.576668E-01,1.989827E-01,0.000000E+00,0.000000E+00,0.000000E+00,0.000000E+00,0.000000E+00,0.000000E+00,0.000000E+00,0.000000E+00,2.110805E+01,7.994183E+01,2.388798E+01,5.527574E+01
15:05:00,8.009235E+03,2.253991E+03,5.576668E-01,1.990629E-01,0.000000E+00,0.000000E+00,0.000000E+00,0.000000E+00,0.000000E+00,0.000000E+00,0.000000E+00,0.000000E+00,2.110805E+01,7.994183E+01,2.388798E+01,5.527263E+01
15:06:00,8.009235E+03,2.254874E+03,5.576668E-01,1.991409E-01,0.000000E+00,0.000000E+00,0.000000E+00,0.000000E+00,0.000000E+00,0.000000E+00,0.000000E+00,0.000000E+00,2.110805E+01,7.994183E+01,2.388798E+01,5.526974E+01
15:07:00,8.009235E+03,2.255731E+03,5.576668E-01,1.992165E-01,0.000000E+00,0.000000E+00,0.000000E+00,0.000000E+00,0.000000E+00,0.000000E+00,0.000000E+00,0.000000E+00,2.110805E+01,7.994183E+01,2.388798E+01,5.526705E+01
15:08:00,8.009235E+03,2.256561E+03,5.576668E-01,1.992899E-01,0.000000E+00,0.000000E+00,0.000000E+00,0.000000E+00,0.000000E+00,0.000000E+00,0.000000E+00,0.000000E+00,2.110805E+01,7.994183E+01,2.388798E+01,5.526455E+01
15:09:00,8.009235E+03,2.257366E+03,5.576668E-01,1.993610E-01,0.000000E+00,0.000000E+00,0.000000E+00,0.000000E+00,0.000000E+00,0.000000E+00,0.000000E+00,0.000000E+00,2.110805E+01,7.994183E+01,2.388798E+01,5.526223E+01
15:10:00,8.009235E+03,2.258145E+03,5.576668E-01,1.994297E-01,0.000000E+00,0.000000E+00,0.000000E+00,0.000000E+00,0.000000E+00,0.000000E+00,0.000000E+00,0.000000E+00,2.110805E+01,7.994183E+01,2.388798E+01,5.526009E+01
15:11:00,8.009235E+03,2.258898E+03,5.576668E-01,1.994962E-01,0.000000E+00,0.000000E+00,0.000000E+00,0.000000E+00,0.000000E+00,0.000000E+00,0.000000E+00,0.000000E+00,2.110805E+01,7.994183E+01,2.388798E+01,5.525812E+01
15:12:00,8.009235E+03,2.259625E+03,5.576668E-01,1.995604E-01,0.000000E+00,0.000000E+00,0.000000E+00,0.000000E+00,0.000000E+00,0.000000E+00,0.000000E+00,0.000000E+00,2.110805E+01,7.994183E+01,2.388799E+01,5.525632E+01
15:13:00,8.009235E+03,2.260326E+03,5.576668E-01,1.996224E-01,0.000000E+00,0.000000E+00,0.000000E+00,0.000000E+00,0.000000E+00,0.000000E+00,0.000000E+00,0.000000E+00,2.110805E+01,7.994183E+01,2.388799E+01,5.525467E+01
15:14:00,8.009235E+03,2.261001E+03,5.576668E-01,1.996820E-01,0.000000E+00,0.000000E+00,0.000000E+00,0.000000E+00,0.000000E+00,0.000000E+00,0.000000E+00,0.000000E+00,2.110805E+01,7.994183E+01,2.388799E+01,5.525317E+01
15:15:00,8.009235E+03,2.261650E+03,5.576668E-01,1.997393E-01,0.000000E+00,0.000000E+00,0.000000E+00,0.000000E+00,0.000000E+00,0.000000E+00,0.000000E+00,0.000000E+00,2.110805E+01,7.994183E+01,2.388799E+01,5.525182E+01
15:16:00,8.009235E+03,2.262272E+03,5.576668E-01,1.997943E-01,0.000000E+00,0.000000E+00,0.000000E+00,0.000000E+00,0.000000E+00,0.000000E+00,0.000000E+00,0.000000E+00,2.110805E+01,7.994183E+01,2.388799E+01,5.525062E+01
15:17:00,8.009235E+03,2.262869E+03,5.576668E-01,1.998470E-01,0.000000E+00,0.000000E+00,0.000000E+00,0.000000E+00,0.000000E+00,0.000000E+00,0.000000E+00,0.000000E+00,2.110805E+01,7.994183E+01,2.388799E+01,5.524955E+01
15:18:00,8.009235E+03,2.263440E+03,5.576668E-01,1.998974E-01,0.000000E+00,0.000000E+00,0.000000E+00,0.000000E+00,0.000000E+00,0.000000E+00,0.000000E+00,0.000000E+00,2.110805E+01,7.994183E+01,2.388799E+01,5.524861E+01
15:19:00,8.009235E+03,2.263984E+03,5.576668E-01,1.999454E-01,0.000000E+00,0.000000E+00,0.000000E+00,0.000000E+00,0.000000E+00,0.000000E+00,0.000000E+00,0.000000E+00,2.110805E+01,7.994183E+01,2.388799E+01,5.524780E+01
15:20:00,8.009235E+03,2.264502E+03,5.576668E-01,1.999912E-01,0.000000E+00,0.000000E+00,0.000000E+00,0.000000E+00,0.000000E+00,0.000000E+00,0.000000E+00,0.000000E+00,2.110805E+01,7.994183E+01,2.388799E+01,5.524712E+01
15:21:00,8.009235E+03,2.264994E+03,5.576668E-01,2.000346E-01,0.000000E+00,0.000000E+00,0.000000E+00,0.000000E+00,0.000000E+00,0.000000E+00,0.000000E+00,0.000000E+00,2.110805E+01,7.994183E+01,2.388799E+01,5.524655E+01
15:22:00,8.009235E+03,2.265460E+03,5.576668E-01,2.000758E-01,0.000000E+00,0.000000E+00,0.000000E+00,0.000000E+00,0.000000E+00,0.000000E+00,0.000000E+00,0.000000E+00,2.110805E+01,7.994183E+01,2.388799E+01,5.524610E+01
15:23:00,8.009235E+03,2.265899E+03,5.576668E-01,2.001145E-01,0.000000E+00,0.000000E+00,0.000000E+00,0.000000E+00,0.000000E+00,0.000000E+00,0.000000E+00,0.000000E+00,2.110805E+01,7.994183E+01,2.388799E+01,5.524576E+01
15:24:00,8.009235E+03,2.266312E+03,5.576668E-01,2.001510E-01,0.000000E+00,0.000000E+00,0.000000E+00,0.000000E+00,0.000000E+00,0.000000E+00,0.000000E+00,0.000000E+00,2.110805E+01,7.994183E+01,2.388799E+01,5.524554E+01
15:25:00,8.009235E+03,2.266698E+03,5.576668E-01,2.001851E-01,0.000000E+00,0.000000E+00,0.000000E+00,0.000000E+00,0.000000E+00,0.000000E+00,0.000000E+00,0.000000E+00,2.110805E+01,7.994183E+01,2.388799E+01,5.524541E+01
15:26:00,8.009235E+03,2.267058E+03,5.576668E-01,2.002169E-01,0.000000E+00,0.000000E+00,0.000000E+00,0.000000E+00,0.000000E+00,0.000000E+00,0.000000E+00,0.000000E+00,2.110805E+01,7.994183E+01,2.388799E+01,5.524539E+01
15:27:00,8.009235E+03,2.267391E+03,5.576668E-01,2.002463E-01,0.000000E+00,0.000000E+00,0.000000E+00,0.000000E+00,0.000000E+00,0.000000E+00,0.000000E+00,0.000000E+00,2.110805E+01,7.994183E+01,2.388799E+01,5.524548E+01
15:28:00,8.009235E+03,2.267698E+03,5.576668E-01,2.002734E-01,0.000000E+00,0.000000E+00,0.000000E+00,0.000000E+00,0.000000E+00,0.000000E+00,0.000000E+00,0.000000E+00,2.110805E+01,7.994183E+01,2.388799E+01,5.524565E+01
15:29:00,8.009235E+03,2.267978E+03,5.576668E-01,2.002982E-01,0.000000E+00,0.000000E+00,0.000000E+00,0.000000E+00,0.000000E+00,0.000000E+00,0.000000E+00,0.000000E+00,2.110805E+01,7.994183E+01,2.388799E+01,5.524593E+01
15:30:00,8.009235E+03,2.268231E+03,5.576668E-01,2.003205E-01,0.000000E+00,0.000000E+00,0.000000E+00,0.000000E+00,0.000000E+00,0.000000E+00,0.000000E+00,0.000000E+00,2.110805E+01,7.994183E+01,2.388799E+01,5.524629E+01
15:31:00,8.009235E+03,2.268458E+03,5.576668E-01,2.003406E-01,0.000000E+00,0.000000E+00,0.000000E+00,0.000000E+00,0.000000E+00,0.000000E+00,0.000000E+00,0.000000E+00,2.110805E+01,7.994183E+01,2.388799E+01,5.524675E+01
15:32:00,8.009235E+03,2.268658E+03,5.576668E-01,2.003582E-01,0.000000E+00,0.000000E+00,0.000000E+00,0.000000E+00,0.000000E+00,0.000000E+00,0.000000E+00,0.000000E+00,2.110805E+01,7.994183E+01,2.388799E+01,5.524729E+01
15:33:00,8.009235E+03,2.268831E+03,5.576668E-01,2.003735E-01,0.000000E+00,0.000000E+00,0.000000E+00,0.000000E+00,0.000000E+00,0.000000E+00,0.000000E+00,0.000000E+00,2.110805E+01,7.994183E+01,2.388799E+01,5.524792E+01
15:34:00,8.009235E+03,2.268977E+03,5.576668E-01,2.003864E-01,0.000000E+00,0.000000E+00,0.000000E+00,0.000000E+00,0.000000E+00,0.000000E+00,0.000000E+00,0.000000E+00,2.110805E+01,7.994183E+01,2.388799E+01,5.524863E+01
15:35:00,8.009235E+03,2.269096E+03,5.576668E-01,2.003969E-01,0.000000E+00,0.000000E+00,0.000000E+00,0.000000E+00,0.000000E+00,0.000000E+00,0.000000E+00,0.000000E+00,2.110805E+01,7.994183E+01,2.388799E+01,5.524943E+01
15:36:00,8.009235E+03,2.269188E+03,5.576668E-01,2.004050E-01,0.000000E+00,0.000000E+00,0.000000E+00,0.000000E+00,0.000000E+00,0.000000E+00,0.000000E+00,0.000000E+00,2.110805E+01,7.994183E+01,2.388799E+01,5.525030E+01
15:37:00,8.009235E+03,2.269253E+03,5.576668E-01,2.004108E-01,0.000000E+00,0.000000E+00,0.000000E+00,0.000000E+00,0.000000E+00,0.000000E+00,0.000000E+00,0.000000E+00,2.110805E+01,7.994183E+01,2.388799E+01,5.525125E+01
15:38:00,8.009235E+03,2.269291E+03,5.576668E-01,2.004141E-01,0.000000E+00,0.000000E+00,0.000000E+00,0.000000E+00,0.000000E+00,0.000000E+00,0.000000E+00,0.000000E+00,2.110805E+01,7.994183E+01,2.388799E+01,5.525228E+01
15:39:00,8.009235E+03,2.269302E+03,5.576668E-01,2.004150E-01,0.000000E+00,0.000000E+00,0.000000E+00,0.000000E+00,0.000000E+00,0.000000E+00,0.000000E+00,0.000000E+00,2.110805E+01,7.994183E+01,2.388799E+01,5.525339E+01
15:40:00,8.009235E+03,2.269285E+03,5.576668E-01,2.004136E-01,0.000000E+00,0.000000E+00,0.000000E+00,0.000000E+00,0.000000E+00,0.000000E+00,0.000000E+00,0.000000E+00,2.110805E+01,7.994183E+01,2.388799E+01,5.525456E+01
15:41:00,8.009235E+03,2.269241E+03,5.576668E-01,2.004097E-01,0.000000E+00,0.000000E+00,0.000000E+00,0.000000E+00,0.000000E+00,0.000000E+00,0.000000E+00,0.000000E+00,2.110805E+01,7.994183E+01,2.388799E+01,5.525581E+01
15:42:00,8.009235E+03,2.269170E+03,5.576668E-01,2.004034E-01,0.000000E+00,0.000000E+00,0.000000E+00,0.000000E+00,0.000000E+00,0.000000E+00,0.000000E+00,0.000000E+00,2.110805E+01,7.994183E+01,2.388799E+01,5.525713E+01
15:43:00,8.009235E+03,2.269072E+03,5.576668E-01,2.003947E-01,0.000000E+00,0.000000E+00,0.000000E+00,0.000000E+00,0.000000E+00,0.000000E+00,0.000000E+00,0.000000E+00,2.110805E+01,7.994183E+01,2.388799E+01,5.525852E+01
15:44:00,8.009235E+03,2.268946E+03,5.576668E-01,2.003836E-01,0.000000E+00,0.000000E+00,0.000000E+00,0.000000E+00,0.000000E+00,0.000000E+00,0.000000E+00,0.000000E+00,2.110805E+01,7.994183E+01,2.388799E+01,5.525998E+01
15:45:00,8.009235E+03,2.268793E+03,5.576668E-01,2.003701E-01,0.000000E+00,0.000000E+00,0.000000E+00,0.000000E+00,0.000000E+00,0.000000E+00,0.000000E+00,0.000000E+00,2.110805E+01,7.994183E+01,2.388799E+01,5.526150E+01
15:46:00,8.009235E+03,2.268613E+03,5.576668E-01,2.003542E-01,0.000000E+00,0.000000E+00,0.000000E+00,0.000000E+00,0.000000E+00,0.000000E+00,0.000000E+00,0.000000E+00,2.110805E+01,7.994183E+01,2.388799E+01,5.526309E+01
15:47:00,8.009235E+03,2.268405E+03,5.576668E-01,2.003358E-01,0.000000E+00,0.000000E+00,0.000000E+00,0.000000E+00,0.000000E+00,0.000000E+00,0.000000E+00,0.000000E+00,2.110805E+01,7.994183E+01,2.388799E+01,5.526474E+01
15:48:00,8.009235E+03,2.268170E+03,5.576668E-01,2.003151E-01,0.000000E+00,0.000000E+00,0.000000E+00,0.000000E+00,0.000000E+00,0.000000E+00,0.000000E+00,0.000000E+00,2.110805E+01,7.994183E+01,2.388799E+01,5.526646E+01
15:49:00,8.009235E+03,2.267908E+03,5.576668E-01,2.002919E-01,0.000000E+00,0.000000E+00,0.000000E+00,0.000000E+00,0.000000E+00,0.000000E+00,0.000000E+00,0.000000E+00,2.110805E+01,7.994183E+01,2.388799E+01,5.526824E+01
15:50:00,8.009235E+03,2.267618E+03,5.576668E-01,2.002663E-01,0.000000E+00,0.000000E+00,0.000000E+00,0.000000E+00,0.000000E+00,0.000000E+00,0.000000E+00,0.000000E+00,2.110805E+01,7.994183E+01,2.388799E+01,5.527008E+01
15:51:00,8.009235E+03,2.267301E+03,5.576668E-01,2.002383E-01,0.000000E+00,0.000000E+00,0.000000E+00,0.000000E+00,0.000000E+00,0.000000E+00,0.000000E+00,0.000000E+00,2.110805E+01,7.994183E+01,2.388799E+01,5.527198E+01
15:52:00,8.009235E+03,2.266957E+03,5.576668E-01,2.002079E-01,0.000000E+00,0.000000E+00,0.000000E+00,0.000000E+00,0.000000E+00,0.000000E+00,0.000000E+00,0.000000E+00,2.110805E+01,7.994183E+01,2.388799E+01,5.527394E+01
15:53:00,8.009235E+03,2.266585E+03,5.576668E-01,2.001751E-01,0.000000E+00,0.000000E+00,0.000000E+00,0.000000E+00,0.000000E+00,0.000000E+00,0.000000E+00,0.000000E+00,2.110805E+01,7.994183E+01,2.388799E+01,5.527596E+01
15:54:00,8.009235E+03,2.266186E+03,5.576668E-01,2.001399E-01,0.000000E+00,0.000000E+00,0.000000E+00,0.000000E+00,0.000000E+00,0.000000E+00,0.000000E+00,0.000000E+00,2.110805E+01,7.994183E+01,2.388799E+01,5.527803E+01
15:55:00,8.009235E+03,2.265760E+03,5.576668E-01,2.001022E-01,0.000000E+00,0.000000E+00,0.000000E+00,0.000000E+00,0.000000E+00,0.000000E+00,0.000000E+00,0.000000E+00,2.110805E+01,7.994183E+01,2.388799E+01,5.528016E+01
15:56:00,8.009235E+03,2.265306E+03,5.576668E-01,2.000621E-01,0.000000E+00,0.000000E+00,0.000000E+00,0.000000E+00,0.000000E+00,0.000000E+00,0.000000E+00,0.000000E+00,2.110805E+01,7.994183E+01,2.388799E+01,5.528235E+01
15:57:00,8.009235E+03,2.264825E+03,5.576668E-01,2.000196E-01,0.000000E+00,0.000000E+00,0.000000E+00,0.000000E+00,0.000000E+00,0.000000E+00,0.000000E+00,0.000000E+00,2.110805E+01,7.994183E+01,2.388799E+01,5.528460E+01
15:58:00,8.009235E+03,2.264317E+03,5.576668E-01,1.999748E-01,0.000000E+00,0.000000E+00,0.000000E+00,0.000000E+00,0.000000E+00,0.000000E+00,0.000000E+00,0.000000E+00,2.110805E+01,7.994183E+01,2.388799E+01,5.528690E+01
15:59:00,8.009235E+03,2.263781E+03,5.576668E-01,1.999275E-01,0.000000E+00,0.000000E+00,0.000000E+00,0.000000E+00,0.000000E+00,0.000000E+00,0.000000E+00,0.000000E+00,2.110805E+01,7.994183E+01,2.388799E+01,5.528925E+01
16:00:00,8.009235E+03,2.263219E+03,5.576668E-01,1.998778E-01,0.000000E+00,0.000000E+00,0.000000E+00,0.000000E+00,0.000000E+00,0.000000E+00,0.000000E+00,0.000000E+00,2.110805E+01,7.994183E+01,2.388799E+01,5.529166E+01
16:01:00,8.009235E+03,2.262640E+03,5.576668E-01,1.998267E-01,0.000000E+00,0.000000E+00,0.000000E+00,0.000000E+00,0.000000E+00,0.000000E+00,0.000000E+00,0.000000E+00,2.110805E+01,7.994183E+01,2.388799E+01,5.529412E+01
16:02:00,8.009235E+03,2.262084E+03,5.576668E-01,1.997776E-01,0.000000E+00,0.000000E+00,0.000000E+00,0.000000E+00,0.000000E+00,0.000000E+00,0.000000E+00,0.000000E+00,2.110805E+01,7.994183E+01,2.388799E+01,5.529667E+01
16:03:00,8.009235E+03,2.261514E+03,5.576668E-01,1.997272E-01,0.000000E+00,0.000000E+00,0.000000E+00,0.000000E+00,0.000000E+00,0.000000E+00,0.000000E+00,0.000000E+00,2.110805E+01,7.994183E+01,2.388799E+01,5.529932E+01
16:04:00,8.009235E+03,2.260930E+03,5.576668E-01,1.996756E-01,0.000000E+00,0.000000E+00,0.000000E+00,0.000000E+00,0.000000E+00,0.000000E+00,0.000000E+00,0.000000E+00,2.110805E+01,7.994183E+01,2.388800E+01,5.530209E+01
16:05:00,8.009235E+03,2.260331E+03,5.576668E-01,1.996227E-01,0.000000E+00,0.000000E+00,0.000000E+00,0.000000E+00,0.000000E+00,0.000000E+00,0.000000E+00,0.000000E+00,2.110805E+01,7.994183E+01,2.388800E+01,5.530498E+01
16:06:00,8.009235E+03,2.259716E+03,5.576668E-01,1.995683E-01,0.000000E+00,0.000000E+00,0.000000E+00,0.000000E+00,0.000000E+00,0.000000E+00,0.000000E+00,0.000000E+00,2.110805E+01,7.994183E+01,2.388800E+01,5.530797E+01
16:07:00,8.009235E+03,2.259085E+03,5.576668E-01,1.995127E-01,0.000000E+00,0.000000E+00,0.000000E+00,0.000000E+00,0.000000E+00,0.000000E+00,0.000000E+00,0.000000E+00,2.110805E+01,7.994183E+01,2.388800E+01,5.531107E+01
16:08:00,8.009235E+03,2.258440E+03,5.576668E-01,1.994557E-01,0.000000E+00,0.000000E+00,0.000000E+00,0.000000E+00,0.000000E+00,0.000000E+00,0.000000E+00,0.000000E+00,2.110805E+01,7.994183E+01,2.388800E+01,5.531428E+01
16:09:00,8.009235E+03,2.257779E+03,5.576668E-01,1.993973E-01,0.000000E+00,0.000000E+00,0.000000E+00,0.000000E+00,0.000000E+00,0.000000E+00,0.000000E+00,0.000000E+00,2.110805E+01,7.994183E+01,2.388800E+01,5.531759E+01
16:10:00,8.009235E+03,2.257104E+03,5.576668E-01,1.993377E-01,0.000000E+00,0.000000E+00,0.000000E+00,0.000000E+00,0.000000E+00,0.000000E+00,0.000000E+00,0.000000E+00,2.110805E+01,7.994183E+01,2.388800E+01,5.532099E+01
16:11:00,8.009235E+03,2.256414E+03,5.576668E-01,1.992767E-01,0.000000E+00,0.000000E+00,0.000000E+00,0.000000E+00,0.000000E+00,0.000000E+00,0.000000E+00,0.000000E+00,2.110805E+01,7.994183E+01,2.388800E+01,5.532449E+01
16:12:00,8.009235E+03,2.255709E+03,5.576668E-01,1.992145E-01,0.000000E+00,0.000000E+00,0.000000E+00,0.000000E+00,0.000000E+00,0.000000E+00,0.000000E+00,0.000000E+00,2.110805E+01,7.994183E+01,2.388800E+01,5.532806E+01
16:13:00,8.009235E+03,2.254990E+03,5.576668E-01,1.991509E-01,0.000000E+00,0.000000E+00,0.000000E+00,0.000000E+00,0.000000E+00,0.000000E+00,0.000000E+00,0.000000E+00,2.110805E+01,7.994183E+01,2.388800E+01,5.533172E+01
16:14:00,8.009235E+03,2.254255E+03,5.576668E-01,1.990861E-01,0.000000E+00,0.000000E+00,0.000000E+00,0.000000E+00,0.000000E+00,0.000000E+00,0.000000E+00,0.000000E+00,2.110805E+01,7.994183E+01,2.388800E+01,5.533546E+01
16:15:00,8.009235E+03,2.253507E+03,5.576668E-01,1.990200E-01,0.000000E+00,0.000000E+00,0.000000E+00,0.000000E+00,0.000000E+00,0.000000E+00,0.000000E+00,0.000000E+00,2.110805E+01,7.994183E+01,2.388800E+01,5.533927E+01
16:16:00,8.009235E+03,2.252744E+03,5.576668E-01,1.989526E-01,0.000000E+00,0.000000E+00,0.000000E+00,0.000000E+00,0.000000E+00,0.000000E+00,0.000000E+00,0.000000E+00,2.110805E+01,7.994183E+01,2.388800E+01,5.534316E+01
16:17:00,8.009235E+03,2.251966E+03,5.576668E-01,1.988839E-01,0.000000E+00,0.000000E+00,0.000000E+00,0.000000E+00,0.000000E+00,0.000000E+00,0.000000E+00,0.000000E+00,2.110805E+01,7.994183E+01,2.388800E+01,5.534712E+01
16:18:00,8.009235E+03,2.251174E+03,5.576668E-01,1.988140E-01,0.000000E+00,0.000000E+00,0.000000E+00,0.000000E+00,0.000000E+00,0.000000E+00,0.000000E+00,0.000000E+00,2.110805E+01,7.994183E+01,2.388800E+01,5.535116E+01
16:19:00,8.009235E+03,2.250369E+03,5.576668E-01,1.987429E-01,0.000000E+00,0.000000E+00,0.000000E+00,0.000000E+00,0.000000E+00,0.000000E+00,0.000000E+00,0.000000E+00,2.110805E+01,7.994183E+01,2.388800E+01,5.535526E+01
16:20:00,8.009235E+03,2.249552E+03,5.576668E-01,1.986706E-01,0.000000E+00,0.000000E+00,0.000000E+00,0.000000E+00,0.000000E+00,0.000000E+00,0.000000E+00,0.000000E+00,2.110805E+01,7.994183E+01,2.388800E+01,5.535942E+01
16:21:00,8.009235E+03,2.248721E+03,5.576668E-01,1.985973E-01,0.000000E+00,0.000000E+00,0.000000E+00,0.000000E+00,0.000000E+00,0.000000E+00,0.000000E+00,0.000000E+00,2.110805E+01,7.994183E+01,2.388800E+01,5.536363E+01
16:22:00,8.009235E+03,2.247878E+03,5.576668E-01,1.985229E-01,0.000000E+00,0.000000E+00,0.000000E+00,0.000000E+00,0.000000E+00,0.000000E+00,0.000000E+00,0.000000E+00,2.110805E+01,7.994183E+01,2.388800E+01,5.536789E+01
16:23:00,8.009235E+03,2.247023E+03,5.576668E-01,1.984473E-01,0.000000E+00,0.000000E+00,0.000000E+00,0.000000E+00,0.000000E+00,0.000000E+00,0.000000E+00,0.000000E+00,2.110805E+01,7.994183E+01,2.388800E+01,5.537219E+01
16:24:00,8.009235E+03,2.246156E+03,5.576668E-01,1.983707E-01,0.000000E+00,0.000000E+00,0.000000E+00,0.000000E+00,0.000000E+00,0.000000E+00,0.000000E+00,0.000000E+00,2.110805E+01,7.994183E+01,2.388800E+01,5.537653E+01
16:25:00,8.009235E+03,2.245276E+03,5.576668E-01,1.982931E-01,0.000000E+00,0.000000E+00,0.000000E+00,0.000000E+00,0.000000E+00,0.000000E+00,0.000000E+00,0.000000E+00,2.110805E+01,7.994183E+01,2.388800E+01,5.538092E+01
16:26:00,8.009235E+03,2.244385E+03,5.576668E-01,1.982144E-01,0.000000E+00,0.000000E+00,0.000000E+00,0.000000E+00,0.000000E+00,0.000000E+00,0.000000E+00,0.000000E+00,2.110805E+01,7.994183E+01,2.388800E+01,5.538534E+01
16:27:00,8.009235E+03,2.243482E+03,5.576668E-01,1.981346E-01,0.000000E+00,0.000000E+00,0.000000E+00,0.000000E+00,0.000000E+00,0.000000E+00,0.000000E+00,0.000000E+00,2.110805E+01,7.994183E+01,2.388800E+01,5.538980E+01
16:28:00,8.009235E+03,2.242568E+03,5.576668E-01,1.980539E-01,0.000000E+00,0.000000E+00,0.000000E+00,0.000000E+00,0.000000E+00,0.000000E+00,0.000000E+00,0.000000E+00,2.110805E+01,7.994183E+01,2.388800E+01,5.539430E+01
16:29:00,8.009235E+03,2.241643E+03,5.576668E-01,1.979721E-01,0.000000E+00,0.000000E+00,0.000000E+00,0.000000E+00,0.000000E+00,0.000000E+00,0.000000E+00,0.000000E+00,2.110805E+01,7.994183E+01,2.388800E+01,5.539883E+01
16:30:00,8.009235E+03,2.240706E+03,5.576668E-01,1.978894E-01,0.000000E+00,0.000000E+00,0.000000E+00,0.000000E+00,0.000000E+00,0.000000E+00,0.000000E+00,0.000000E+00,2.110805E+01,7.994183E+01,2.388800E+01,5.540340E+01
16:31:00,8.009235E+03,2.239758E+03,5.576668E-01,1.978057E-01,0.000000E+00,0.000000E+00,0.000000E+00,0.000000E+00,0.000000E+00,0.000000E+00,0.000000E+00,0.000000E+00,2.110805E+01,7.994183E+01,2.388800E+01,5.540800E+01
16:32:00,8.009235E+03,2.238800E+03,5.576668E-01,1.977210E-01,0.000000E+00,0.000000E+00,0.000000E+00,0.000000E+00,0.000000E+00,0.000000E+00,0.000000E+00,0.000000E+00,2.110805E+01,7.994183E+01,2.388800E+01,5.541262E+01
16:33:00,8.009235E+03,2.237830E+03,5.576668E-01,1.976354E-01,0.000000E+00,0.000000E+00,0.000000E+00,0.000000E+00,0.000000E+00,0.000000E+00,0.000000E+00,0.000000E+00,2.110805E+01,7.994183E+01,2.388800E+01,5.541728E+01
16:34:00,8.009235E+03,2.236850E+03,5.576668E-01,1.975489E-01,0.000000E+00,0.000000E+00,0.000000E+00,0.000000E+00,0.000000E+00,0.000000E+00,0.000000E+00,0.000000E+00,2.110805E+01,7.994183E+01,2.388800E+01,5.542197E+01
16:35:00,8.009235E+03,2.235860E+03,5.576668E-01,1.974614E-01,0.000000E+00,0.000000E+00,0.000000E+00,0.000000E+00,0.000000E+00,0.000000E+00,0.000000E+00,0.000000E+00,2.110805E+01,7.994183E+01,2.388800E+01,5.542669E+01
16:36:00,8.009235E+03,2.234859E+03,5.576668E-01,1.973730E-01,0.000000E+00,0.000000E+00,0.000000E+00,0.000000E+00,0.000000E+00,0.000000E+00,0.000000E+00,0.000000E+00,2.110805E+01,7.994183E+01,2.388800E+01,5.543143E+01
16:37:00,8.009235E+03,2.233848E+03,5.576668E-01,1.972837E-01,0.000000E+00,0.000000E+00,0.000000E+00,0.000000E+00,0.000000E+00,0.000000E+00,0.000000E+00,0.000000E+00,2.110805E+01,7.994183E+01,2.388800E+01,5.543620E+01
16:38:00,8.009235E+03,2.232827E+03,5.576668E-01,1.971936E-01,0.000000E+00,0.000000E+00,0.000000E+00,0.000000E+00,0.000000E+00,0.000000E+00,0.000000E+00,0.000000E+00,2.110805E+01,7.994183E+01,2.388800E+01,5.544100E+01
16:39:00,8.009235E+03,2.231796E+03,5.576668E-01,1.971025E-01,0.000000E+00,0.000000E+00,0.000000E+00,0.000000E+00,0.000000E+00,0.000000E+00,0.000000E+00,0.000000E+00,2.110805E+01,7.994183E+01,2.388800E+01,5.544582E+01
16:40:00,8.009235E+03,2.230755E+03,5.576668E-01,1.970106E-01,0.000000E+00,0.000000E+00,0.000000E+00,0.000000E+00,0.000000E+00,0.000000E+00,0.000000E+00,0.000000E+00,2.110805E+01,7.994183E+01,2.388800E+01,5.545067E+01
16:41:00,8.009235E+03,2.229705E+03,5.576668E-01,1.969178E-01,0.000000E+00,0.000000E+00,0.000000E+00,0.000000E+00,0.000000E+00,0.000000E+00,0.000000E+00,0.000000E+00,2.110805E+01,7.994183E+01,2.388800E+01,5.545554E+01
16:42:00,8.009235E+03,2.228644E+03,5.576668E-01,1.968241E-01,0.000000E+00,0.000000E+00,0.000000E+00,0.000000E+00,0.000000E+00,0.000000E+00,0.000000E+00,0.000000E+00,2.110805E+01,7.994183E+01,2.388800E+01,5.546043E+01
16:43:00,8.009235E+03,2.227575E+03,5.576668E-01,1.967297E-01,0.000000E+00,0.000000E+00,0.000000E+00,0.000000E+00,0.000000E+00,0.000000E+00,0.000000E+00,0.000000E+00,2.110805E+01,7.994183E+01,2.388800E+01,5.546536E+01
16:44:00,8.009235E+03,2.226495E+03,5.576668E-01,1.966343E-01,0.000000E+00,0.000000E+00,0.000000E+00,0.000000E+00,0.000000E+00,0.000000E+00,0.000000E+00,0.000000E+00,2.110805E+01,7.994183E+01,2.388800E+01,5.547030E+01
16:45:00,8.009235E+03,2.225407E+03,5.576668E-01,1.965382E-01,0.000000E+00,0.000000E+00,0.000000E+00,0.000000E+00,0.000000E+00,0.000000E+00,0.000000E+00,0.000000E+00,2.110805E+01,7.994183E+01,2.388800E+01,5.547527E+01
16:46:00,8.009235E+03,2.224309E+03,5.576668E-01,1.964413E-01,0.000000E+00,0.000000E+00,0.000000E+00,0.000000E+00,0.000000E+00,0.000000E+00,0.000000E+00,0.000000E+00,2.110805E+01,7.994183E+01,2.388800E+01,5.548026E+01
16:47:00,8.009235E+03,2.223202E+03,5.576668E-01,1.963435E-01,0.000000E+00,0.000000E+00,0.000000E+00,0.000000E+00,0.000000E+00,0.000000E+00,0.000000E+00,0.000000E+00,2.110805E+01,7.994183E+01,2.388800E+01,5.548528E+01
16:48:00,8.009235E+03,2.222086E+03,5.576668E-01,1.962449E-01,0.000000E+00,0.000000E+00,0.000000E+00,0.000000E+00,0.000000E+00,0.000000E+00,0.000000E+00,0.000000E+00,2.110805E+01,7.994183E+01,2.388800E+01,5.549032E+01
16:49:00,8.009235E+03,2.220961E+03,5.576668E-01,1.961456E-01,0.000000E+00,0.000000E+00,0.000000E+00,0.000000E+00,0.000000E+00,0.000000E+00,0.000000E+00,0.000000E+00,2.110805E+01,7.994183E+01,2.388800E+01,5.549538E+01
16:50:00,8.009235E+03,2.219828E+03,5.576668E-01,1.960454E-01,0.000000E+00,0.000000E+00,0.000000E+00,0.000000E+00,0.000000E+00,0.000000E+00,0.000000E+00,0.000000E+00,2.110805E+01,7.994183E+01,2.388801E+01,5.550047E+01
16:51:00,8.009235E+03,2.218685E+03,5.576668E-01,1.959445E-01,0.000000E+00,0.000000E+00,0.000000E+00,0.000000E+00,0.000000E+00,0.000000E+00,0.000000E+00,0.000000E+00,2.110805E+01,7.994183E+01,2.388801E+01,5.550558E+01
16:52:00,8.009235E+03,2.217533E+03,5.576668E-01,1.958428E-01,0.000000E+00,0.000000E+00,0.000000E+00,0.000000E+00,0.000000E+00,0.000000E+00,0.000000E+00,0.000000E+00,2.110805E+01,7.994183E+01,2.388801E+01,5.551071E+01
16:53:00,8.009235E+03,2.216373E+03,5.576668E-01,1.957404E-01,0.000000E+00,0.000000E+00,0.000000E+00,0.000000E+00,0.000000E+00,0.000000E+00,0.000000E+00,0.000000E+00,2.110805E+01,7.994183E+01,2.388801E+01,5.551587E+01
16:54:00,8.009235E+03,2.215204E+03,5.576668E-01,1.956371E-01,0.000000E+00,0.000000E+00,0.000000E+00,0.000000E+00,0.000000E+00,0.000000E+00,0.000000E+00,0.000000E+00,2.110805E+01,7.994183E+01,2.388801E+01,5.552105E+01
16:55:00,8.009235E+03,2.214027E+03,5.576668E-01,1.955332E-01,0.000000E+00,0.000000E+00,0.000000E+00,0.000000E+00,0.000000E+00,0.000000E+00,0.000000E+00,0.000000E+00,2.110805E+01,7.994183E+01,2.388801E+01,5.552626E+01
16:56:00,8.009235E+03,2.212841E+03,5.576668E-01,1.954284E-01,0.000000E+00,0.000000E+00,0.000000E+00,0.000000E+00,0.000000E+00,0.000000E+00,0.000000E+00,0.000000E+00,2.110805E+01,7.994183E+01,2.388801E+01,5.553149E+01
16:57:00,8.009235E+03,2.211647E+03,5.576668E-01,1.953229E-01,0.000000E+00,0.000000E+00,0.000000E+00,0.000000E+00,0.000000E+00,0.000000E+00,0.000000E+00,0.000000E+00,2.110805E+01,7.994183E+01,2.388801E+01,5.553675E+01
16:58:00,8.009235E+03,2.210444E+03,5.576668E-01,1.952167E-01,0.000000E+00,0.000000E+00,0.000000E+00,0.000000E+00,0.000000E+00,0.000000E+00,0.000000E+00,0.000000E+00,2.110805E+01,7.994183E+01,2.388801E+01,5.554203E+01
16:59:00,8.009235E+03,2.209233E+03,5.576668E-01,1.951097E-01,0.000000E+00,0.000000E+00,0.000000E+00,0.000000E+00,0.000000E+00,0.000000E+00,0.000000E+00,0.000000E+00,2.110805E+01,7.994183E+01,2.388801E+01,5.554733E+01
17:00:00,8.009235E+03,2.208013E+03,5.576668E-01,1.950020E-01,0.000000E+00,0.000000E+00,0.000000E+00,0.000000E+00,0.000000E+00,0.000000E+00,0.000000E+00,0.000000E+00,2.110805E+01,7.994183E+01,2.388801E+01,5.555267E+01
17:01:00,8.009235E+03,2.206785E+03,5.576668E-01,1.948935E-01,0.000000E+00,0.000000E+00,0.000000E+00,0.000000E+00,0.000000E+00,0.000000E+00,0.000000E+00,0.000000E+00,2.110805E+01,7.994183E+01,2.388801E+01,5.555802E+01
17:02:00,8.009235E+03,2.205548E+03,5.576668E-01,1.947843E-01,0.000000E+00,0.000000E+00,0.000000E+00,0.000000E+00,0.000000E+00,0.000000E+00,0.000000E+00,0.000000E+00,2.110805E+01,7.994183E+01,2.388801E+01,5.556345E+01
17:03:00,8.009235E+03,2.204304E+03,5.576668E-01,1.946744E-01,0.000000E+00,0.000000E+00,0.000000E+00,0.000000E+00,0.000000E+00,0.000000E+00,0.000000E+00,0.000000E+00,2.110805E+01,7.994183E+01,2.388801E+01,5.556895E+01
17:04:00,8.009235E+03,2.203051E+03,5.576668E-01,1.945637E-01,0.000000E+00,0.000000E+00,0.000000E+00,0.000000E+00,0.000000E+00,0.000000E+00,0.000000E+00,0.000000E+00,2.110805E+01,7.994183E+01,2.388801E+01,5.557455E+01
17:05:00,8.009235E+03,2.201790E+03,5.576668E-01,1.944524E-01,0.000000E+00,0.000000E+00,0.000000E+00,0.000000E+00,0.000000E+00,0.000000E+00,0.000000E+00,0.000000E+00,2.110805E+01,7.994183E+01,2.388801E+01,5.558024E+01
17:06:00,8.009235E+03,2.200522E+03,5.576668E-01,1.943404E-01,0.000000E+00,0.000000E+00,0.000000E+00,0.000000E+00,0.000000E+00,0.000000E+00,0.000000E+00,0.000000E+00,2.110805E+01,7.994183E+01,2.388801E+01,5.558602E+01
17:07:00,8.009235E+03,2.199246E+03,5.576668E-01,1.942277E-01,0.000000E+00,0.000000E+00,0.000000E+00,0.000000E+00,0.000000E+00,0.000000E+00,0.000000E+00,0.000000E+00,2.110805E+01,7.994183E+01,2.388801E+01,5.559188E+01
17:08:00,8.009235E+03,2.197962E+03,5.576668E-01,1.941143E-01,0.000000E+00,0.000000E+00,0.000000E+00,0.000000E+00,0.000000E+00,0.000000E+00,0.000000E+00,0.000000E+00,2.110805E+01,7.994183E+01,2.388801E+01,5.559783E+01
17:09:00,8.009235E+03,2.196670E+03,5.576668E-01,1.940002E-01,0.000000E+00,0.000000E+00,0.000000E+00,0.000000E+00,0.000000E+00,0.000000E+00,0.000000E+00,0.000000E+00,2.110805E+01,7.994183E+01,2.388801E+01,5.560385E+01
17:10:00,8.009235E+03,2.195369E+03,5.576668E-01,1.938853E-01,0.000000E+00,0.000000E+00,0.000000E+00,0.000000E+00,0.000000E+00,0.000000E+00,0.000000E+00,0.000000E+00,2.110805E+01,7.994183E+01,2.388801E+01,5.560995E+01
17:11:00,8.009235E+03,2.194059E+03,5.576668E-01,1.937696E-01,0.000000E+00,0.000000E+00,0.000000E+00,0.000000E+00,0.000000E+00,0.000000E+00,0.000000E+00,0.000000E+00,2.110805E+01,7.994183E+01,2.388801E+01,5.561614E+01
17:12:00,8.009235E+03,2.192740E+03,5.576668E-01,1.936531E-01,0.000000E+00,0.000000E+00,0.000000E+00,0.000000E+00,0.000000E+00,0.000000E+00,0.000000E+00,0.000000E+00,2.110805E+01,7.994183E+01,2.388801E+01,5.562239E+01
17:13:00,8.009235E+03,2.191413E+03,5.576668E-01,1.935359E-01,0.000000E+00,0.000000E+00,0.000000E+00,0.000000E+00,0.000000E+00,0.000000E+00,0.000000E+00,0.000000E+00,2.110805E+01,7.994183E+01,2.388801E+01,5.562872E+01
17:14:00,8.009235E+03,2.190077E+03,5.576668E-01,1.934179E-01,0.000000E+00,0.000000E+00,0.000000E+00,0.000000E+00,0.000000E+00,0.000000E+00,0.000000E+00,0.000000E+00,2.110805E+01,7.994183E+01,2.388801E+01,5.563513E+01
17:15:00,8.009235E+03,2.188732E+03,5.576668E-01,1.932992E-01,0.000000E+00,0.000000E+00,0.000000E+00,0.000000E+00,0.000000E+00,0.000000E+00,0.000000E+00,0.000000E+00,2.110805E+01,7.994183E+01,2.388801E+01,5.564160E+01
17:16:00,8.009235E+03,2.187379E+03,5.576668E-01,1.931796E-01,0.000000E+00,0.000000E+00,0.000000E+00,0.000000E+00,0.000000E+00,0.000000E+00,0.000000E+00,0.000000E+00,2.110805E+01,7.994183E+01,2.388801E+01,5.564815E+01
17:17:00,8.009235E+03,2.186016E+03,5.576668E-01,1.930592E-01,0.000000E+00,0.000000E+00,0.000000E+00,0.000000E+00,0.000000E+00,0.000000E+00,0.000000E+00,0.000000E+00,2.110805E+01,7.994183E+01,2.388801E+01,5.565477E+01
17:18:00,8.009235E+03,2.184644E+03,5.576668E-01,1.929380E-01,0.000000E+00,0.000000E+00,0.000000E+00,0.000000E+00,0.000000E+00,0.000000E+00,0.000000E+00,0.000000E+00,2.110805E+01,7.994183E+01,2.388801E+01,5.566145E+01
17:19:00,8.009235E+03,2.183261E+03,5.576668E-01,1.928159E-01,0.000000E+00,0.000000E+00,0.000000E+00,0.000000E+00,0.000000E+00,0.000000E+00,0.000000E+00,0.000000E+00,2.110805E+01,7.994183E+01,2.388801E+01,5.566821E+01
17:20:00,8.009235E+03,2.181868E+03,5.576668E-01,1.926929E-01,0.000000E+00,0.000000E+00,0.000000E+00,0.000000E+00,0.000000E+00,0.000000E+00,0.000000E+00,0.000000E+00,2.110805E+01,7.994183E+01,2.388801E+01,5.567503E+01
17:21:00,8.009235E+03,2.180464E+03,5.576668E-01,1.925689E-01,0.000000E+00,0.000000E+00,0.000000E+00,0.000000E+00,0.000000E+00,0.000000E+00,0.000000E+00,0.000000E+00,2.110805E+01,7.994183E+01,2.388801E+01,5.568192E+01
17:22:00,8.009235E+03,2.179048E+03,5.576668E-01,1.924439E-01,0.000000E+00,0.000000E+00,0.000000E+00,0.000000E+00,0.000000E+00,0.000000E+00,0.000000E+00,0.000000E+00,2.110805E+01,7.994183E+01,2.388801E+01,5.568888E+01
17:23:00,8.009235E+03,2.177622E+03,5.576668E-01,1.923179E-01,0.000000E+00,0.000000E+00,0.000000E+00,0.000000E+00,0.000000E+00,0.000000E+00,0.000000E+00,0.000000E+00,2.110805E+01,7.994183E+01,2.388801E+01,5.569590E+01
17:24:00,8.009235E+03,2.176183E+03,5.576668E-01,1.921908E-01,0.000000E+00,0.000000E+00,0.000000E+00,0.000000E+00,0.000000E+00,0.000000E+00,0.000000E+00,0.000000E+00,2.110805E+01,7.994183E+01,2.388801E+01,5.570299E+01
17:25:00,8.009235E+03,2.174733E+03,5.576668E-01,1.920628E-01,0.000000E+00,0.000000E+00,0.000000E+00,0.000000E+00,0.000000E+00,0.000000E+00,0.000000E+00,0.000000E+00,2.110805E+01,7.994183E+01,2.388802E+01,5.571014E+01
17:26:00,8.009235E+03,2.173272E+03,5.576668E-01,1.919337E-01,0.000000E+00,0.000000E+00,0.000000E+00,0.000000E+00,0.000000E+00,0.000000E+00,0.000000E+00,0.000000E+00,2.110805E+01,7.994183E+01,2.388802E+01,5.571737E+01
17:27:00,8.009235E+03,2.171798E+03,5.576668E-01,1.918035E-01,0.000000E+00,0.000000E+00,0.000000E+00,0.000000E+00,0.000000E+00,0.000000E+00,0.000000E+00,0.000000E+00,2.110805E+01,7.994183E+01,2.388802E+01,5.572465E+01
17:28:00,8.009235E+03,2.170255E+03,5.576668E-01,1.916673E-01,0.000000E+00,0.000000E+00,0.000000E+00,0.000000E+00,0.000000E+00,0.000000E+00,0.000000E+00,0.000000E+00,2.110805E+01,7.994183E+01,2.388802E+01,5.573200E+01
17:29:00,8.009235E+03,2.168698E+03,5.576668E-01,1.915297E-01,0.000000E+00,0.000000E+00,0.000000E+00,0.000000E+00,0.000000E+00,0.000000E+00,0.000000E+00,0.000000E+00,2.110805E+01,7.994183E+01,2.388802E+01,5.573977E+01
17:30:00,8.009235E+03,2.167125E+03,5.576668E-01,1.913908E-01,0.000000E+00,0.000000E+00,0.000000E+00,0.000000E+00,0.000000E+00,0.000000E+00,0.000000E+00,0.000000E+00,2.110805E+01,7.994183E+01,2.388802E+01,5.574785E+01
17:31:00,8.009235E+03,2.165538E+03,5.576668E-01,1.912506E-01,0.000000E+00,0.000000E+00,0.000000E+00,0.000000E+00,0.000000E+00,0.000000E+00,0.000000E+00,0.000000E+00,2.110805E+01,7.994183E+01,2.388802E+01,5.575607E+01
17:32:00,8.009235E+03,2.163936E+03,5.576668E-01,1.911092E-01,0.000000E+00,0.000000E+00,0.000000E+00,0.000000E+00,0.000000E+00,0.000000E+00,0.000000E+00,0.000000E+00,2.110805E+01,7.994183E+01,2.388802E+01,5.576436E+01
17:33:00,8.009235E+03,2.162319E+03,5.576668E-01,1.909664E-01,0.000000E+00,0.000000E+00,0.000000E+00,0.000000E+00,0.000000E+00,0.000000E+00,0.000000E+00,0.000000E+00,2.110805E+01,7.994183E+01,2.388802E+01,5.577270E+01
17:34:00,8.009235E+03,2.160688E+03,5.576668E-01,1.908223E-01,0.000000E+00,0.000000E+00,0.000000E+00,0.000000E+00,0.000000E+00,0.000000E+00,0.000000E+00,0.000000E+00,2.110805E+01,7.994183E+01,2.388802E+01,5.578108E+01
17:35:00,8.009235E+03,2.159042E+03,5.576668E-01,1.906769E-01,0.000000E+00,0.000000E+00,0.000000E+00,0.000000E+00,0.000000E+00,0.000000E+00,0.000000E+00,0.000000E+00,2.110805E+01,7.994183E+01,2.388802E+01,5.578952E+01
17:36:00,8.009235E+03,2.157381E+03,5.576668E-01,1.905303E-01,0.000000E+00,0.000000E+00,0.000000E+00,0.000000E+00,0.000000E+00,0.000000E+00,0.000000E+00,0.000000E+00,2.110805E+01,7.994183E+01,2.388802E+01,5.579800E+01
17:37:00,8.009235E+03,2.155706E+03,5.576668E-01,1.903823E-01,0.000000E+00,0.000000E+00,0.000000E+00,0.000000E+00,0.000000E+00,0.000000E+00,0.000000E+00,0.000000E+00,2.110805E+01,7.994183E+01,2.388802E+01,5.580653E+01
17:38:00,8.009235E+03,2.154015E+03,5.576668E-01,1.902329E-01,0.000000E+00,0.000000E+00,0.000000E+00,0.000000E+00,0.000000E+00,0.000000E+00,0.000000E+00,0.000000E+00,2.110805E+01,7.994183E+01,2.388802E+01,5.581512E+01
17:39:00,8.009235E+03,2.152309E+03,5.576668E-01,1.900823E-01,0.000000E+00,0.000000E+00,0.000000E+00,0.000000E+00,0.000000E+00,0.000000E+00,0.000000E+00,0.000000E+00,2.110805E+01,7.994183E+01,2.388802E+01,5.582375E+01
17:40:00,8.009235E+03,2.150587E+03,5.576668E-01,1.899302E-01,0.000000E+00,0.000000E+00,0.000000E+00,0.000000E+00,0.000000E+00,0.000000E+00,0.000000E+00,0.000000E+00,2.110805E+01,7.994183E+01,2.388802E+01,5.583244E+01
17:41:00,8.009235E+03,2.148850E+03,5.576668E-01,1.897768E-01,0.000000E+00,0.000000E+00,0.000000E+00,0.000000E+00,0.000000E+00,0.000000E+00,0.000000E+00,0.000000E+00,2.110805E+01,7.994183E+01,2.388802E+01,5.584118E+01
17:42:00,8.009235E+03,2.147098E+03,5.576668E-01,1.896220E-01,0.000000E+00,0.000000E+00,0.000000E+00,0.000000E+00,0.000000E+00,0.000000E+00,0.000000E+00,0.000000E+00,2.110805E+01,7.994183E+01,2.388802E+01,5.584997E+01
17:43:00,8.009235E+03,2.145329E+03,5.576668E-01,1.894658E-01,0.000000E+00,0.000000E+00,0.000000E+00,0.000000E+00,0.000000E+00,0.000000E+00,0.000000E+00,0.000000E+00,2.110805E+01,7.994183E+01,2.388802E+01,5.585882E+01
17:44:00,8.009235E+03,2.143544E+03,5.576668E-01,1.893082E-01,0.000000E+00,0.000000E+00,0.000000E+00,0.000000E+00,0.000000E+00,0.000000E+00,0.000000E+00,0.000000E+00,2.110805E+01,7.994183E+01,2.388802E+01,5.586772E+01
17:45:00,8.009235E+03,2.141743E+03,5.576668E-01,1.891492E-01,0.000000E+00,0.000000E+00,0.000000E+00,0.000000E+00,0.000000E+00,0.000000E+00,0.000000E+00,0.000000E+00,2.110805E+01,7.994183E+01,2.388802E+01,5.587668E+01
17:46:00,8.009235E+03,2.139926E+03,5.576668E-01,1.889887E-01,0.000000E+00,0.000000E+00,0.000000E+00,0.000000E+00,0.000000E+00,0.000000E+00,0.000000E+00,0.000000E+00,2.110805E+01,7.994183E+01,2.388802E+01,5.588569E+01
17:47:00,8.009235E+03,2.138092E+03,5.576668E-01,1.888267E-01,0.000000E+00,0.000000E+00,0.000000E+00,0.000000E+00,0.000000E+00,0.000000E+00,0.000000E+00,0.000000E+00,2.110805E+01,7.994183E+01,2.388802E+01,5.589476E+01
17:48:00,8.009235E+03,2.136242E+03,5.576668E-01,1.886632E-01,0.000000E+00,0.000000E+00,0.000000E+00,0.000000E+00,0.000000E+00,0.000000E+00,0.000000E+00,0.000000E+00,2.110805E+01,7.994183E+01,2.388803E+01,5.590389E+01
17:49:00,8.009235E+03,2.134374E+03,5.576668E-01,1.884983E-01,0.000000E+00,0.000000E+00,0.000000E+00,0.000000E+00,0.000000E+00,0.000000E+00,0.000000E+00,0.000000E+00,2.110805E+01,7.994183E+01,2.388803E+01,5.591308E+01
17:50:00,8.009235E+03,2.132490E+03,5.576668E-01,1.883319E-01,0.000000E+00,0.000000E+00,0.000000E+00,0.000000E+00,0.000000E+00,0.000000E+00,0.000000E+00,0.000000E+00,2.110805E+01,7.994183E+01,2.388803E+01,5.592233E+01
17:51:00,8.009235E+03,2.130590E+03,5.576668E-01,1.881641E-01,0.000000E+00,0.000000E+00,0.000000E+00,0.000000E+00,0.000000E+00,0.000000E+00,0.000000E+00,0.000000E+00,2.110805E+01,7.994183E+01,2.388803E+01,5.593163E+01
17:52:00,8.009235E+03,2.128672E+03,5.576668E-01,1.879947E-01,0.000000E+00,0.000000E+00,0.000000E+00,0.000000E+00,0.000000E+00,0.000000E+00,0.000000E+00,0.000000E+00,2.110805E+01,7.994183E+01,2.388803E+01,5.594100E+01
17:53:00,8.009235E+03,2.126736E+03,5.576668E-01,1.878237E-01,0.000000E+00,0.000000E+00,0.000000E+00,0.000000E+00,0.000000E+00,0.000000E+00,0.000000E+00,0.000000E+00,2.110805E+01,7.994183E+01,2.388803E+01,5.595042E+01
17:54:00,8.009235E+03,2.124782E+03,5.576668E-01,1.876512E-01,0.000000E+00,0.000000E+00,0.000000E+00,0.000000E+00,0.000000E+00,0.000000E+00,0.000000E+00,0.000000E+00,2.110805E+01,7.994183E+01,2.388803E+01,5.595990E+01
17:55:00,8.009235E+03,2.122811E+03,5.576668E-01,1.874771E-01,0.000000E+00,0.000000E+00,0.000000E+00,0.000000E+00,0.000000E+00,0.000000E+00,0.000000E+00,0.000000E+00,2.110805E+01,7.994183E+01,2.388803E+01,5.596945E+01
17:56:00,8.009235E+03,2.120821E+03,5.576668E-01,1.873013E-01,0.000000E+00,0.000000E+00,0.000000E+00,0.000000E+00,0.000000E+00,0.000000E+00,0.000000E+00,0.000000E+00,2.110805E+01,7.994183E+01,2.388803E+01,5.597907E+01
17:57:00,8.009235E+03,2.118813E+03,5.576668E-01,1.871240E-01,0.000000E+00,0.000000E+00,0.000000E+00,0.000000E+00,0.000000E+00,0.000000E+00,0.000000E+00,0.000000E+00,2.110805E+01,7.994183E+01,2.388803E+01,5.598876E+01
17:58:00,8.009235E+03,2.116787E+03,5.576668E-01,1.869450E-01,0.000000E+00,0.000000E+00,0.000000E+00,0.000000E+00,0.000000E+00,0.000000E+00,0.000000E+00,0.000000E+00,2.110805E+01,7.994183E+01,2.388803E+01,5.599851E+01
17:59:00,8.009235E+03,2.114742E+03,5.576668E-01,1.867644E-01,0.000000E+00,0.000000E+00,0.000000E+00,0.000000E+00,0.000000E+00,0.000000E+00,0.000000E+00,0.000000E+00,2.110805E+01,7.994183E+01,2.388803E+01,5.600834E+01
18:00:00,8.009235E+03,2.112678E+03,5.576668E-01,1.865821E-01,0.000000E+00,0.000000E+00,0.000000E+00,0.000000E+00,0.000000E+00,0.000000E+00,0.000000E+00,0.000000E+00,2.110805E+01,7.994183E+01,2.388803E+01,5.601823E+01
18:01:00,8.009235E+03,2.110586E+03,5.576668E-01,1.863974E-01,0.000000E+00,0.000000E+00,0.000000E+00,0.000000E+00,0.000000E+00,0.000000E+00,0.000000E+00,0.000000E+00,2.110805E+01,7.994183E+01,2.388803E+01,5.602820E+01
18:02:00,8.009235E+03,2.108467E+03,5.576668E-01,1.862103E-01,0.000000E+00,0.000000E+00,0.000000E+00,0.000000E+00,0.000000E+00,0.000000E+00,0.000000E+00,0.000000E+00,2.110805E+01,7.994183E+01,2.388803E+01,5.603834E+01
18:03:00,8.009235E+03,2.106321E+03,5.576668E-01,1.860207E-01,0.000000E+00,0.000000E+00,0.000000E+00,0.000000E+00,0.000000E+00,0.000000E+00,0.000000E+00,0.000000E+00,2.110805E+01,7.994183E+01,2.388803E+01,5.604870E+01
18:04:00,8.009235E+03,2.104146E+03,5.576668E-01,1.858286E-01,0.000000E+00,0.000000E+00,0.000000E+00,0.000000E+00,0.000000E+00,0.000000E+00,0.000000E+00,0.000000E+00,2.110805E+01,7.994183E+01,2.388803E+01,5.605930E+01
18:05:00,8.009235E+03,2.101944E+03,5.576668E-01,1.856341E-01,0.000000E+00,0.000000E+00,0.000000E+00,0.000000E+00,0.000000E+00,0.000000E+00,0.000000E+00,0.000000E+00,2.110805E+01,7.994183E+01,2.388803E+01,5.607015E+01
18:06:00,8.009235E+03,2.099713E+03,5.576668E-01,1.854371E-01,0.000000E+00,0.000000E+00,0.000000E+00,0.000000E+00,0.000000E+00,0.000000E+00,0.000000E+00,0.000000E+00,2.110805E+01,7.994183E+01,2.388803E+01,5.608123E+01
18:07:00,8.009236E+03,2.097454E+03,5.576668E-01,1.852376E-01,0.000000E+00,0.000000E+00,0.000000E+00,0.000000E+00,0.000000E+00,0.000000E+00,0.000000E+00,0.000000E+00,2.110805E+01,7.994183E+01,2.388804E+01,5.609252E+01
18:08:00,8.009236E+03,2.095167E+03,5.576668E-01,1.850356E-01,0.000000E+00,0.000000E+00,0.000000E+00,0.000000E+00,0.000000E+00,0.000000E+00,0.000000E+00,0.000000E+00,2.110805E+01,7.994183E+01,2.388804E+01,5.610404E+01
18:09:00,8.009236E+03,2.092851E+03,5.576668E-01,1.848310E-01,0.000000E+00,0.000000E+00,0.000000E+00,0.000000E+00,0.000000E+00,0.000000E+00,0.000000E+00,0.000000E+00,2.110805E+01,7.994183E+01,2.388804E+01,5.611577E+01
18:10:00,8.009236E+03,2.090505E+03,5.576668E-01,1.846239E-01,0.000000E+00,0.000000E+00,0.000000E+00,0.000000E+00,0.000000E+00,0.000000E+00,0.000000E+00,0.000000E+00,2.110805E+01,7.994183E+01,2.388804E+01,5.612771E+01
18:11:00,8.009236E+03,2.088131E+03,5.576668E-01,1.844142E-01,0.000000E+00,0.000000E+00,0.000000E+00,0.000000E+00,0.000000E+00,0.000000E+00,0.000000E+00,0.000000E+00,2.110805E+01,7.994183E+01,2.388804E+01,5.613985E+01
18:12:00,8.009236E+03,2.085728E+03,5.576668E-01,1.842019E-01,0.000000E+00,0.000000E+00,0.000000E+00,0.000000E+00,0.000000E+00,0.000000E+00,0.000000E+00,0.000000E+00,2.110805E+01,7.994183E+01,2.388804E+01,5.615219E+01
18:13:00,8.009236E+03,2.083294E+03,5.576668E-01,1.839870E-01,0.000000E+00,0.000000E+00,0.000000E+00,0.000000E+00,0.000000E+00,0.000000E+00,0.000000E+00,0.000000E+00,2.110805E+01,7.994183E+01,2.388804E+01,5.616473E+01
18:14:00,8.009236E+03,2.080832E+03,5.576668E-01,1.837695E-01,0.000000E+00,0.000000E+00,0.000000E+00,0.000000E+00,0.000000E+00,0.000000E+00,0.000000E+00,0.000000E+00,2.110805E+01,7.994183E+01,2.388804E+01,5.617746E+01
18:15:00,8.009236E+03,2.078339E+03,5.576668E-01,1.835494E-01,0.000000E+00,0.000000E+00,0.000000E+00,0.000000E+00,0.000000E+00,0.000000E+00,0.000000E+00,0.000000E+00,2.110805E+01,7.994183E+01,2.388804E+01,5.619039E+01
18:16:00,8.009236E+03,2.075817E+03,5.576668E-01,1.833266E-01,0.000000E+00,0.000000E+00,0.000000E+00,0.000000E+00,0.000000E+00,0.000000E+00,0.000000E+00,0.000000E+00,2.110805E+01,7.994183E+01,2.388804E+01,5.620351E+01
18:17:00,8.009236E+03,2.073264E+03,5.576668E-01,1.831011E-01,0.000000E+00,0.000000E+00,0.000000E+00,0.000000E+00,0.000000E+00,0.000000E+00,0.000000E+00,0.000000E+00,2.110805E+01,7.994183E+01,2.388804E+01,5.621680E+01
18:18:00,8.009236E+03,2.070680E+03,5.576668E-01,1.828730E-01,0.000000E+00,0.000000E+00,0.000000E+00,0.000000E+00,0.000000E+00,0.000000E+00,0.000000E+00,0.000000E+00,2.110805E+01,7.994183E+01,2.388804E+01,5.623029E+01
18:19:00,8.009236E+03,2.068066E+03,5.576668E-01,1.826421E-01,0.000000E+00,0.000000E+00,0.000000E+00,0.000000E+00,0.000000E+00,0.000000E+00,0.000000E+00,0.000000E+00,2.110805E+01,7.994183E+01,2.388804E+01,5.624395E+01
18:20:00,8.009236E+03,2.065422E+03,5.576668E-01,1.824085E-01,0.000000E+00,0.000000E+00,0.000000E+00,0.000000E+00,0.000000E+00,0.000000E+00,0.000000E+00,0.000000E+00,2.110805E+01,7.994183E+01,2.388805E+01,5.625780E+01
18:21:00,8.009236E+03,2.062746E+03,5.576668E-01,1.821722E-01,0.000000E+00,0.000000E+00,0.000000E+00,0.000000E+00,0.000000E+00,0.000000E+00,0.000000E+00,0.000000E+00,2.110805E+01,7.994183E+01,2.388805E+01,5.627182E+01
18:22:00,8.009236E+03,2.060039E+03,5.576668E-01,1.819331E-01,0.000000E+00,0.000000E+00,0.000000E+00,0.000000E+00,0.000000E+00,0.000000E+00,0.000000E+00,0.000000E+00,2.110805E+01,7.994183E+01,2.388805E+01,5.628602E+01
18:23:00,8.009236E+03,2.057301E+03,5.576668E-01,1.816913E-01,0.000000E+00,0.000000E+00,0.000000E+00,0.000000E+00,0.000000E+00,0.000000E+00,0.000000E+00,0.000000E+00,2.110805E+01,7.994183E+01,2.388805E+01,5.630040E+01
18:24:00,8.009236E+03,2.054531E+03,5.576668E-01,1.814467E-01,0.000000E+00,0.000000E+00,0.000000E+00,0.000000E+00,0.000000E+00,0.000000E+00,0.000000E+00,0.000000E+00,2.110805E+01,7.994183E+01,2.388805E+01,5.631495E+01
18:25:00,8.009236E+03,2.051729E+03,5.576668E-01,1.811992E-01,0.000000E+00,0.000000E+00,0.000000E+00,0.000000E+00,0.000000E+00,0.000000E+00,0.000000E+00,0.000000E+00,2.110805E+01,7.994183E+01,2.388805E+01,5.632966E+01
18:26:00,8.009236E+03,2.048895E+03,5.576668E-01,1.809490E-01,0.000000E+00,0.000000E+00,0.000000E+00,0.000000E+00,0.000000E+00,0.000000E+00,0.000000E+00,0.000000E+00,2.110805E+01,7.994183E+01,2.388805E+01,5.634455E+01
18:27:00,8.009236E+03,2.046030E+03,5.576668E-01,1.806958E-01,0.000000E+00,0.000000E+00,0.000000E+00,0.000000E+00,0.000000E+00,0.000000E+00,0.000000E+00,0.000000E+00,2.110805E+01,7.994183E+01,2.388805E+01,5.635961E+01
18:28:00,8.009236E+03,2.043187E+03,5.576668E-01,1.804448E-01,0.000000E+00,0.000000E+00,0.000000E+00,0.000000E+00,0.000000E+00,0.000000E+00,0.000000E+00,0.000000E+00,2.110805E+01,7.994183E+01,2.388805E+01,5.637485E+01
18:29:00,8.009236E+03,2.040316E+03,5.576668E-01,1.801912E-01,0.000000E+00,0.000000E+00,0.000000E+00,0.000000E+00,0.000000E+00,0.000000E+00,0.000000E+00,0.000000E+00,2.110805E+01,7.994183E+01,2.388805E+01,5.639024E+01
18:30:00,8.009236E+03,2.037413E+03,5.576668E-01,1.799349E-01,0.000000E+00,0.000000E+00,0.000000E+00,0.000000E+00,0.000000E+00,0.000000E+00,0.000000E+00,0.000000E+00,2.110805E+01,7.994183E+01,2.388805E+01,5.640581E+01
18:31:00,8.009236E+03,2.034480E+03,5.576668E-01,1.796758E-01,0.000000E+00,0.000000E+00,0.000000E+00,0.000000E+00,0.000000E+00,0.000000E+00,0.000000E+00,0.000000E+00,2.110805E+01,7.994183E+01,2.388805E+01,5.642154E+01
18:32:00,8.009236E+03,2.031515E+03,5.576668E-01,1.794139E-01,0.000000E+00,0.000000E+00,0.000000E+00,0.000000E+00,0.000000E+00,0.000000E+00,0.000000E+00,0.000000E+00,2.110805E+01,7.994183E+01,2.388806E+01,5.643744E+01
18:33:00,8.009236E+03,2.028518E+03,5.576668E-01,1.791492E-01,0.000000E+00,0.000000E+00,0.000000E+00,0.000000E+00,0.000000E+00,0.000000E+00,0.000000E+00,0.000000E+00,2.110805E+01,7.994183E+01,2.388806E+01,5.645350E+01
18:34:00,8.009236E+03,2.025488E+03,5.576668E-01,1.788817E-01,0.000000E+00,0.000000E+00,0.000000E+00,0.000000E+00,0.000000E+00,0.000000E+00,0.000000E+00,0.000000E+00,2.110805E+01,7.994183E+01,2.388806E+01,5.646973E+01
18:35:00,8.009236E+03,2.022426E+03,5.576668E-01,1.786112E-01,0.000000E+00,0.000000E+00,0.000000E+00,0.000000E+00,0.000000E+00,0.000000E+00,0.000000E+00,0.000000E+00,2.110805E+01,7.994183E+01,2.388806E+01,5.648613E+01
18:36:00,8.009236E+03,2.019332E+03,5.576668E-01,1.783379E-01,0.000000E+00,0.000000E+00,0.000000E+00,0.000000E+00,0.000000E+00,0.000000E+00,0.000000E+00,0.000000E+00,2.110805E+01,7.994183E+01,2.388806E+01,5.650269E+01
18:37:00,8.009236E+03,2.016204E+03,5.576668E-01,1.780617E-01,0.000000E+00,0.000000E+00,0.000000E+00,0.000000E+00,0.000000E+00,0.000000E+00,0.000000E+00,0.000000E+00,2.110805E+01,7.994183E+01,2.388806E+01,5.651942E+01
18:38:00,8.009236E+03,2.013043E+03,5.576668E-01,1.777825E-01,0.000000E+00,0.000000E+00,0.000000E+00,0.000000E+00,0.000000E+00,0.000000E+00,0.000000E+00,0.000000E+00,2.110805E+01,7.994183E+01,2.388806E+01,5.653631E+01
18:39:00,8.009236E+03,2.009805E+03,5.576668E-01,1.774966E-01,0.000000E+00,0.000000E+00,0.000000E+00,0.000000E+00,0.000000E+00,0.000000E+00,0.000000E+00,0.000000E+00,2.110805E+01,7.994183E+01,2.388806E+01,5.655336E+01
18:40:00,8.009236E+03,2.006531E+03,5.576668E-01,1.772074E-01,0.000000E+00,0.000000E+00,0.000000E+00,0.000000E+00,0.000000E+00,0.000000E+00,0.000000E+00,0.000000E+00,2.110805E+01,7.994183E+01,2.388806E+01,5.657087E+01
18:41:00,8.009236E+03,2.003220E+03,5.576668E-01,1.769150E-01,0.000000E+00,0.000000E+00,0.000000E+00,0.000000E+00,0.000000E+00,0.000000E+00,0.000000E+00,0.000000E+00,2.110805E+01,7.994183E+01,2.388806E+01,5.658874E+01
18:42:00,8.009236E+03,1.999875E+03,5.576668E-01,1.766196E-01,0.000000E+00,0.000000E+00,0.000000E+00,0.000000E+00,0.000000E+00,0.000000E+00,0.000000E+00,0.000000E+00,2.110805E+01,7.994183E+01,2.388807E+01,5.660686E+01
18:43:00,8.009236E+03,1.996496E+03,5.576668E-01,1.763211E-01,0.000000E+00,0.000000E+00,0.000000E+00,0.000000E+00,0.000000E+00,0.000000E+00,0.000000E+00,0.000000E+00,2.110805E+01,7.994183E+01,2.388807E+01,5.662514E+01
18:44:00,8.009236E+03,1.993081E+03,5.576668E-01,1.760195E-01,0.000000E+00,0.000000E+00,0.000000E+00,0.000000E+00,0.000000E+00,0.000000E+00,0.000000E+00,0.000000E+00,2.110805E+01,7.994183E+01,2.388807E+01,5.664356E+01
18:45:00,8.009236E+03,1.989632E+03,5.576668E-01,1.757149E-01,0.000000E+00,0.000000E+00,0.000000E+00,0.000000E+00,0.000000E+00,0.000000E+00,0.000000E+00,0.000000E+00,2.110805E+01,7.994183E+01,2.388807E+01,5.666212E+01
18:46:00,8.009236E+03,1.986148E+03,5.576668E-01,1.754072E-01,0.000000E+00,0.000000E+00,0.000000E+00,0.000000E+00,0.000000E+00,0.000000E+00,0.000000E+00,0.000000E+00,2.110805E+01,7.994183E+01,2.388807E+01,5.668083E+01
18:47:00,8.009236E+03,1.982627E+03,5.576668E-01,1.750962E-01,0.000000E+00,0.000000E+00,0.000000E+00,0.000000E+00,0.000000E+00,0.000000E+00,0.000000E+00,0.000000E+00,2.110805E+01,7.994183E+01,2.388807E+01,5.669969E+01
18:48:00,8.009236E+03,1.979067E+03,5.576668E-01,1.747818E-01,0.000000E+00,0.000000E+00,0.000000E+00,0.000000E+00,0.000000E+00,0.000000E+00,0.000000E+00,0.000000E+00,2.110805E+01,7.994183E+01,2.388807E+01,5.671871E+01
18:49:00,8.009236E+03,1.975469E+03,5.576668E-01,1.744640E-01,0.000000E+00,0.000000E+00,0.000000E+00,0.000000E+00,0.000000E+00,0.000000E+00,0.000000E+00,0.000000E+00,2.110805E+01,7.994183E+01,2.388807E+01,5.673791E+01
18:50:00,8.009236E+03,1.971831E+03,5.576668E-01,1.741427E-01,0.000000E+00,0.000000E+00,0.000000E+00,0.000000E+00,0.000000E+00,0.000000E+00,0.000000E+00,0.000000E+00,2.110805E+01,7.994183E+01,2.388807E+01,5.675731E+01
18:51:00,8.009236E+03,1.968154E+03,5.576668E-01,1.738180E-01,0.000000E+00,0.000000E+00,0.000000E+00,0.000000E+00,0.000000E+00,0.000000E+00,0.000000E+00,0.000000E+00,2.110805E+01,7.994183E+01,2.388807E+01,5.677688E+01
18:52:00,8.009236E+03,1.964439E+03,5.576668E-01,1.734899E-01,0.000000E+00,0.000000E+00,0.000000E+00,0.000000E+00,0.000000E+00,0.000000E+00,0.000000E+00,0.000000E+00,2.110805E+01,7.994183E+01,2.388807E+01,5.679665E+01
18:53:00,8.009236E+03,1.960685E+03,5.576668E-01,1.731583E-01,0.000000E+00,0.000000E+00,0.000000E+00,0.000000E+00,0.000000E+00,0.000000E+00,0.000000E+00,0.000000E+00,2.110805E+01,7.994183E+01,2.388808E+01,5.681660E+01
18:54:00,8.009236E+03,1.956892E+03,5.576668E-01,1.728233E-01,0.000000E+00,0.000000E+00,0.000000E+00,0.000000E+00,0.000000E+00,0.000000E+00,0.000000E+00,0.000000E+00,2.110805E+01,7.994183E+01,2.388808E+01,5.683674E+01
18:55:00,8.009236E+03,1.953060E+03,5.576668E-01,1.724849E-01,0.000000E+00,0.000000E+00,0.000000E+00,0.000000E+00,0.000000E+00,0.000000E+00,0.000000E+00,0.000000E+00,2.110805E+01,7.994183E+01,2.388808E+01,5.685706E+01
18:56:00,8.009236E+03,1.949189E+03,5.576668E-01,1.721430E-01,0.000000E+00,0.000000E+00,0.000000E+00,0.000000E+00,0.000000E+00,0.000000E+00,0.000000E+00,0.000000E+00,2.110805E+01,7.994183E+01,2.388808E+01,5.687757E+01
18:57:00,8.009236E+03,1.945280E+03,5.576668E-01,1.717978E-01,0.000000E+00,0.000000E+00,0.000000E+00,0.000000E+00,0.000000E+00,0.000000E+00,0.000000E+00,0.000000E+00,2.110805E+01,7.994183E+01,2.388808E+01,5.689825E+01
18:58:00,8.009236E+03,1.941331E+03,5.576668E-01,1.714490E-01,0.000000E+00,0.000000E+00,0.000000E+00,0.000000E+00,0.000000E+00,0.000000E+00,0.000000E+00,0.000000E+00,2.110805E+01,7.994183E+01,2.388808E+01,5.691912E+01
18:59:00,8.009236E+03,1.937321E+03,5.576668E-01,1.710948E-01,0.000000E+00,0.000000E+00,0.000000E+00,0.000000E+00,0.000000E+00,0.000000E+00,0.000000E+00,0.000000E+00,2.110805E+01,7.994183E+01,2.388808E+01,5.694016E+01
19:00:00,8.009236E+03,1.933271E+03,5.576668E-01,1.707372E-01,0.000000E+00,0.000000E+00,0.000000E+00,0.000000E+00,0.000000E+00,0.000000E+00,0.000000E+00,0.000000E+00,2.110805E+01,7.994183E+01,2.388808E+01,5.696155E+01
19:01:00,8.009236E+03,1.929208E+03,5.576668E-01,1.703783E-01,0.000000E+00,0.000000E+00,0.000000E+00,0.000000E+00,0.000000E+00,0.000000E+00,0.000000E+00,0.000000E+00,2.110805E+01,7.994183E+01,2.388808E+01,5.698321E+01
19:02:00,8.009236E+03,1.925131E+03,5.576668E-01,1.700183E-01,0.000000E+00,0.000000E+00,0.000000E+00,0.000000E+00,0.000000E+00,0.000000E+00,0.000000E+00,0.000000E+00,2.110805E+01,7.994183E+01,2.388809E+01,5.700499E+01
19:03:00,8.009236E+03,1.921043E+03,5.576668E-01,1.696572E-01,0.000000E+00,0.000000E+00,0.000000E+00,0.000000E+00,0.000000E+00,0.000000E+00,0.000000E+00,0.000000E+00,2.110805E+01,7.994183E+01,2.388809E+01,5.702681E+01
19:04:00,8.009236E+03,1.916942E+03,5.576668E-01,1.692950E-01,0.000000E+00,0.000000E+00,0.000000E+00,0.000000E+00,0.000000E+00,0.000000E+00,0.000000E+00,0.000000E+00,2.110805E+01,7.994183E+01,2.388809E+01,5.704863E+01
19:05:00,8.009236E+03,1.912829E+03,5.576668E-01,1.689318E-01,0.000000E+00,0.000000E+00,0.000000E+00,0.000000E+00,0.000000E+00,0.000000E+00,0.000000E+00,0.000000E+00,2.110805E+01,7.994183E+01,2.388809E+01,5.707045E+01
19:06:00,8.009236E+03,1.908705E+03,5.576668E-01,1.685676E-01,0.000000E+00,0.000000E+00,0.000000E+00,0.000000E+00,0.000000E+00,0.000000E+00,0.000000E+00,0.000000E+00,2.110805E+01,7.994183E+01,2.388809E+01,5.709227E+01
19:07:00,8.009236E+03,1.904571E+03,5.576668E-01,1.682024E-01,0.000000E+00,0.000000E+00,0.000000E+00,0.000000E+00,0.000000E+00,0.000000E+00,0.000000E+00,0.000000E+00,2.110805E+01,7.994183E+01,2.388809E+01,5.711410E+01
19:08:00,8.009236E+03,1.900426E+03,5.576668E-01,1.678363E-01,0.000000E+00,0.000000E+00,0.000000E+00,0.000000E+00,0.000000E+00,0.000000E+00,0.000000E+00,0.000000E+00,2.110805E+01,7.994183E+01,2.388809E+01,5.713595E+01
19:09:00,8.009236E+03,1.896258E+03,5.576668E-01,1.674682E-01,0.000000E+00,0.000000E+00,0.000000E+00,0.000000E+00,0.000000E+00,0.000000E+00,0.000000E+00,0.000000E+00,2.110805E+01,7.994183E+01,2.388809E+01,5.715780E+01
19:10:00,8.009236E+03,1.892080E+03,5.576668E-01,1.670992E-01,0.000000E+00,0.000000E+00,0.000000E+00,0.000000E+00,0.000000E+00,0.000000E+00,0.000000E+00,0.000000E+00,2.110805E+01,7.994183E+01,2.388809E+01,5.717976E+01
19:11:00,8.009236E+03,1.887894E+03,5.576668E-01,1.667295E-01,0.000000E+00,0.000000E+00,0.000000E+00,0.000000E+00,0.000000E+00,0.000000E+00,0.000000E+00,0.000000E+00,2.110805E+01,7.994183E+01,2.388809E+01,5.720179E+01
19:12:00,8.009236E+03,1.883700E+03,5.576668E-01,1.663591E-01,0.000000E+00,0.000000E+00,0.000000E+00,0.000000E+00,0.000000E+00,0.000000E+00,0.000000E+00,0.000000E+00,2.110805E+01,7.994183E+01,2.388809E+01,5.722384E+01
19:13:00,8.009236E+03,1.879499E+03,5.576668E-01,1.659881E-01,0.000000E+00,0.000000E+00,0.000000E+00,0.000000E+00,0.000000E+00,0.000000E+00,0.000000E+00,0.000000E+00,2.110805E+01,7.994183E+01,2.388809E+01,5.724589E+01
19:14:00,8.009236E+03,1.875292E+03,5.576668E-01,1.656166E-01,0.000000E+00,0.000000E+00,0.000000E+00,0.000000E+00,0.000000E+00,0.000000E+00,0.000000E+00,0.000000E+00,2.110805E+01,7.994183E+01,2.388809E+01,5.726793E+01
19:15:00,8.009236E+03,1.871080E+03,5.576668E-01,1.652445E-01,0.000000E+00,0.000000E+00,0.000000E+00,0.000000E+00,0.000000E+00,0.000000E+00,0.000000E+00,0.000000E+00,2.110805E+01,7.994183E+01,2.388809E+01,5.728996E+01
19:16:00,8.009236E+03,1.866808E+03,5.576668E-01,1.648673E-01,0.000000E+00,0.000000E+00,0.000000E+00,0.000000E+00,0.000000E+00,0.000000E+00,0.000000E+00,0.000000E+00,2.110805E+01,7.994183E+01,2.388810E+01,5.731198E+01
19:17:00,8.009236E+03,1.862534E+03,5.576668E-01,1.644898E-01,0.000000E+00,0.000000E+00,0.000000E+00,0.000000E+00,0.000000E+00,0.000000E+00,0.000000E+00,0.000000E+00,2.110805E+01,7.994183E+01,2.388810E+01,5.733437E+01
19:18:00,8.009236E+03,1.858260E+03,5.576668E-01,1.641123E-01,0.000000E+00,0.000000E+00,0.000000E+00,0.000000E+00,0.000000E+00,0.000000E+00,0.000000E+00,0.000000E+00,2.110805E+01,7.994183E+01,2.388810E+01,5.735697E+01
19:19:00,8.009236E+03,1.853987E+03,5.576668E-01,1.637349E-01,0.000000E+00,0.000000E+00,0.000000E+00,0.000000E+00,0.000000E+00,0.000000E+00,0.000000E+00,0.000000E+00,2.110805E+01,7.994183E+01,2.388810E+01,5.737959E+01
19:20:00,8.009236E+03,1.849715E+03,5.576668E-01,1.633577E-01,0.000000E+00,0.000000E+00,0.000000E+00,0.000000E+00,0.000000E+00,0.000000E+00,0.000000E+00,0.000000E+00,2.110805E+01,7.994183E+01,2.388810E+01,5.740213E+01
19:21:00,8.009236E+03,1.845446E+03,5.576668E-01,1.629806E-01,0.000000E+00,0.000000E+00,0.000000E+00,0.000000E+00,0.000000E+00,0.000000E+00,0.000000E+00,0.000000E+00,2.110805E+01,7.994183E+01,2.388810E+01,5.742457E+01
19:22:00,8.009236E+03,1.841180E+03,5.576668E-01,1.626038E-01,0.000000E+00,0.000000E+00,0.000000E+00,0.000000E+00,0.000000E+00,0.000000E+00,0.000000E+00,0.000000E+00,2.110805E+01,7.994183E+01,2.388810E+01,5.744692E+01
19:23:00,8.009236E+03,1.836917E+03,5.576668E-01,1.622273E-01,0.000000E+00,0.000000E+00,0.000000E+00,0.000000E+00,0.000000E+00,0.000000E+00,0.000000E+00,0.000000E+00,2.110805E+01,7.994183E+01,2.388810E+01,5.746918E+01
19:24:00,8.009236E+03,1.832657E+03,5.576668E-01,1.618511E-01,0.000000E+00,0.000000E+00,0.000000E+00,0.000000E+00,0.000000E+00,0.000000E+00,0.000000E+00,0.000000E+00,2.110805E+01,7.994183E+01,2.388810E+01,5.749136E+01
19:25:00,8.009236E+03,1.828402E+03,5.576668E-01,1.614753E-01,0.000000E+00,0.000000E+00,0.000000E+00,0.000000E+00,0.000000E+00,0.000000E+00,0.000000E+00,0.000000E+00,2.110805E+01,7.994183E+01,2.388810E+01,5.751346E+01
19:26:00,8.009236E+03,1.824152E+03,5.576668E-01,1.610999E-01,0.000000E+00,0.000000E+00,0.000000E+00,0.000000E+00,0.000000E+00,0.000000E+00,0.000000E+00,0.000000E+00,2.110805E+01,7.994183E+01,2.388810E+01,5.753549E+01
19:27:00,8.009236E+03,1.819906E+03,5.576668E-01,1.607250E-01,0.000000E+00,0.000000E+00,0.000000E+00,0.000000E+00,0.000000E+00,0.000000E+00,0.000000E+00,0.000000E+00,2.110805E+01,7.994183E+01,2.388810E+01,5.755745E+01
19:28:00,8.009236E+03,1.815666E+03,5.576668E-01,1.603505E-01,0.000000E+00,0.000000E+00,0.000000E+00,0.000000E+00,0.000000E+00,0.000000E+00,0.000000E+00,0.000000E+00,2.110805E+01,7.994183E+01,2.388810E+01,5.757935E+01
19:29:00,8.009236E+03,1.811432E+03,5.576668E-01,1.599766E-01,0.000000E+00,0.000000E+00,0.000000E+00,0.000000E+00,0.000000E+00,0.000000E+00,0.000000E+00,0.000000E+00,2.110805E+01,7.994183E+01,2.388810E+01,5.760119E+01
19:30:00,8.009236E+03,1.807204E+03,5.576668E-01,1.596031E-01,0.000000E+00,0.000000E+00,0.000000E+00,0.000000E+00,0.000000E+00,0.000000E+00,0.000000E+00,0.000000E+00,2.110805E+01,7.994183E+01,2.388810E+01,5.762298E+01
19:31:00,8.009236E+03,1.802982E+03,5.576668E-01,1.592303E-01,0.000000E+00,0.000000E+00,0.000000E+00,0.000000E+00,0.000000E+00,0.000000E+00,0.000000E+00,0.000000E+00,2.110805E+01,7.994183E+01,2.388811E+01,5.764471E+01
19:32:00,8.009236E+03,1.798768E+03,5.576668E-01,1.588581E-01,0.000000E+00,0.000000E+00,0.000000E+00,0.000000E+00,0.000000E+00,0.000000E+00,0.000000E+00,0.000000E+00,2.110805E+01,7.994183E+01,2.388811E+01,5.766640E+01
19:33:00,8.009236E+03,1.794560E+03,5.576668E-01,1.584865E-01,0.000000E+00,0.000000E+00,0.000000E+00,0.000000E+00,0.000000E+00,0.000000E+00,0.000000E+00,0.000000E+00,2.110805E+01,7.994183E+01,2.388811E+01,5.768805E+01
19:34:00,8.009236E+03,1.790361E+03,5.576668E-01,1.581156E-01,0.000000E+00,0.000000E+00,0.000000E+00,0.000000E+00,0.000000E+00,0.000000E+00,0.000000E+00,0.000000E+00,2.110805E+01,7.994183E+01,2.388811E+01,5.770967E+01
19:35:00,8.009236E+03,1.786169E+03,5.576668E-01,1.577454E-01,0.000000E+00,0.000000E+00,0.000000E+00,0.000000E+00,0.000000E+00,0.000000E+00,0.000000E+00,0.000000E+00,2.110805E+01,7.994183E+01,2.388811E+01,5.773125E+01
19:36:00,8.009236E+03,1.781986E+03,5.576668E-01,1.573760E-01,0.000000E+00,0.000000E+00,0.000000E+00,0.000000E+00,0.000000E+00,0.000000E+00,0.000000E+00,0.000000E+00,2.110805E+01,7.994183E+01,2.388811E+01,5.775280E+01
19:37:00,8.009236E+03,1.777812E+03,5.576668E-01,1.570073E-01,0.000000E+00,0.000000E+00,0.000000E+00,0.000000E+00,0.000000E+00,0.000000E+00,0.000000E+00,0.000000E+00,2.110805E+01,7.994183E+01,2.388811E+01,5.777432E+01
19:38:00,8.009236E+03,1.773646E+03,5.576668E-01,1.566394E-01,0.000000E+00,0.000000E+00,0.000000E+00,0.000000E+00,0.000000E+00,0.000000E+00,0.000000E+00,0.000000E+00,2.110805E+01,7.994183E+01,2.388811E+01,5.779583E+01
19:39:00,8.009236E+03,1.769533E+03,5.576668E-01,1.562762E-01,0.000000E+00,0.000000E+00,0.000000E+00,0.000000E+00,0.000000E+00,0.000000E+00,0.000000E+00,0.000000E+00,2.110805E+01,7.994183E+01,2.388811E+01,5.781731E+01
19:40:00,8.009236E+03,1.765434E+03,5.576668E-01,1.559141E-01,0.000000E+00,0.000000E+00,0.000000E+00,0.000000E+00,0.000000E+00,0.000000E+00,0.000000E+00,0.000000E+00,2.110805E+01,7.994183E+01,2.388811E+01,5.783877E+01
19:41:00,8.009236E+03,1.761347E+03,5.576668E-01,1.555531E-01,0.000000E+00,0.000000E+00,0.000000E+00,0.000000E+00,0.000000E+00,0.000000E+00,0.000000E+00,0.000000E+00,2.110805E+01,7.994183E+01,2.388811E+01,5.786023E+01
19:42:00,8.009236E+03,1.757270E+03,5.576668E-01,1.551931E-01,0.000000E+00,0.000000E+00,0.000000E+00,0.000000E+00,0.000000E+00,0.000000E+00,0.000000E+00,0.000000E+00,2.110805E+01,7.994183E+01,2.388811E+01,5.788167E+01
19:43:00,8.009236E+03,1.753206E+03,5.576668E-01,1.548341E-01,0.000000E+00,0.000000E+00,0.000000E+00,0.000000E+00,0.000000E+00,0.000000E+00,0.000000E+00,0.000000E+00,2.110805E+01,7.994183E+01,2.388811E+01,5.790311E+01
19:44:00,8.009236E+03,1.749153E+03,5.576668E-01,1.544762E-01,0.000000E+00,0.000000E+00,0.000000E+00,0.000000E+00,0.000000E+00,0.000000E+00,0.000000E+00,0.000000E+00,2.110805E+01,7.994183E+01,2.388811E+01,5.792454E+01
19:45:00,8.009236E+03,1.745111E+03,5.576668E-01,1.541193E-01,0.000000E+00,0.000000E+00,0.000000E+00,0.000000E+00,0.000000E+00,0.000000E+00,0.000000E+00,0.000000E+00,2.110805E+01,7.994183E+01,2.388811E+01,5.794598E+01
19:46:00,8.009236E+03,1.741082E+03,5.576668E-01,1.537635E-01,0.000000E+00,0.000000E+00,0.000000E+00,0.000000E+00,0.000000E+00,0.000000E+00,0.000000E+00,0.000000E+00,2.110805E+01,7.994183E+01,2.388812E+01,5.796741E+01
19:47:00,8.009236E+03,1.737069E+03,5.576668E-01,1.534090E-01,0.000000E+00,0.000000E+00,0.000000E+00,0.000000E+00,0.000000E+00,0.000000E+00,0.000000E+00,0.000000E+00,2.110805E+01,7.994183E+01,2.388812E+01,5.798884E+01
19:48:00,8.009236E+03,1.733071E+03,5.576668E-01,1.530559E-01,0.000000E+00,0.000000E+00,0.000000E+00,0.000000E+00,0.000000E+00,0.000000E+00,0.000000E+00,0.000000E+00,2.110805E+01,7.994183E+01,2.388812E+01,5.801028E+01
19:49:00,8.009236E+03,1.729090E+03,5.576668E-01,1.527043E-01,0.000000E+00,0.000000E+00,0.000000E+00,0.000000E+00,0.000000E+00,0.000000E+00,0.000000E+00,0.000000E+00,2.110805E+01,7.994183E+01,2.388812E+01,5.803173E+01
19:50:00,8.009236E+03,1.725126E+03,5.576668E-01,1.523542E-01,0.000000E+00,0.000000E+00,0.000000E+00,0.000000E+00,0.000000E+00,0.000000E+00,0.000000E+00,0.000000E+00,2.110805E+01,7.994183E+01,2.388812E+01,5.805319E+01
19:51:00,8.009236E+03,1.721179E+03,5.576668E-01,1.520056E-01,0.000000E+00,0.000000E+00,0.000000E+00,0.000000E+00,0.000000E+00,0.000000E+00,0.000000E+00,0.000000E+00,2.110805E+01,7.994183E+01,2.388812E+01,5.807466E+01
19:52:00,8.009236E+03,1.717250E+03,5.576668E-01,1.516586E-01,0.000000E+00,0.000000E+00,0.000000E+00,0.000000E+00,0.000000E+00,0.000000E+00,0.000000E+00,0.000000E+00,2.110805E+01,7.994183E+01,2.388812E+01,5.809614E+01
19:53:00,8.009236E+03,1.713338E+03,5.576668E-01,1.513131E-01,0.000000E+00,0.000000E+00,0.000000E+00,0.000000E+00,0.000000E+00,0.000000E+00,0.000000E+00,0.000000E+00,2.110805E+01,7.994183E+01,2.388812E+01,5.811765E+01
19:54:00,8.009236E+03,1.709444E+03,5.576668E-01,1.509693E-01,0.000000E+00,0.000000E+00,0.000000E+00,0.000000E+00,0.000000E+00,0.000000E+00,0.000000E+00,0.000000E+00,2.110805E+01,7.994183E+01,2.388812E+01,5.813916E+01
19:55:00,8.009236E+03,1.705569E+03,5.576668E-01,1.506270E-01,0.000000E+00,0.000000E+00,0.000000E+00,0.000000E+00,0.000000E+00,0.000000E+00,0.000000E+00,0.000000E+00,2.110805E+01,7.994183E+01,2.388812E+01,5.816070E+01
19:56:00,8.009236E+03,1.701713E+03,5.576668E-01,1.502864E-01,0.000000E+00,0.000000E+00,0.000000E+00,0.000000E+00,0.000000E+00,0.000000E+00,0.000000E+00,0.000000E+00,2.110805E+01,7.994183E+01,2.388812E+01,5.818225E+01
19:57:00,8.009236E+03,1.697875E+03,5.576668E-01,1.499475E-01,0.000000E+00,0.000000E+00,0.000000E+00,0.000000E+00,0.000000E+00,0.000000E+00,0.000000E+00,0.000000E+00,2.110805E+01,7.994183E+01,2.388812E+01,5.820384E+01
19:58:00,8.009236E+03,1.694057E+03,5.576668E-01,1.496102E-01,0.000000E+00,0.000000E+00,0.000000E+00,0.000000E+00,0.000000E+00,0.000000E+00,0.000000E+00,0.000000E+00,2.110805E+01,7.994183E+01,2.388812E+01,5.822544E+01
19:59:00,8.009236E+03,1.690281E+03,5.576668E-01,1.492768E-01,0.000000E+00,0.000000E+00,0.000000E+00,0.000000E+00,0.000000E+00,0.000000E+00,0.000000E+00,0.000000E+00,2.110805E+01,7.994183E+01,2.388813E+01,5.824706E+01
20:00:00,8.009236E+03,1.686525E+03,5.576668E-01,1.489451E-01,0.000000E+00,0.000000E+00,0.000000E+00,0.000000E+00,0.000000E+00,0.000000E+00,0.000000E+00,0.000000E+00,2.110805E+01,7.994183E+01,2.388813E+01,5.826872E+01
20:01:00,8.009236E+03,1.682784E+03,5.576668E-01,1.486147E-01,0.000000E+00,0.000000E+00,0.000000E+00,0.000000E+00,0.000000E+00,0.000000E+00,0.000000E+00,0.000000E+00,2.110805E+01,7.994183E+01,2.388813E+01,5.829040E+01
20:02:00,8.009236E+03,1.679056E+03,5.576668E-01,1.482855E-01,0.000000E+00,0.000000E+00,0.000000E+00,0.000000E+00,0.000000E+00,0.000000E+00,0.000000E+00,0.000000E+00,2.110805E+01,7.994183E+01,2.388813E+01,5.831207E+01
20:03:00,8.009236E+03,1.675342E+03,5.576668E-01,1.479574E-01,0.000000E+00,0.000000E+00,0.000000E+00,0.000000E+00,0.000000E+00,0.000000E+00,0.000000E+00,0.000000E+00,2.110805E+01,7.994183E+01,2.388813E+01,5.833369E+01
20:04:00,8.009236E+03,1.671642E+03,5.576668E-01,1.476306E-01,0.000000E+00,0.000000E+00,0.000000E+00,0.000000E+00,0.000000E+00,0.000000E+00,0.000000E+00,0.000000E+00,2.110805E+01,7.994183E+01,2.388813E+01,5.835527E+01
20:05:00,8.009236E+03,1.667955E+03,5.576668E-01,1.473050E-01,0.000000E+00,0.000000E+00,0.000000E+00,0.000000E+00,0.000000E+00,0.000000E+00,0.000000E+00,0.000000E+00,2.110805E+01,7.994183E+01,2.388813E+01,5.837681E+01
20:06:00,8.009236E+03,1.664281E+03,5.576668E-01,1.469806E-01,0.000000E+00,0.000000E+00,0.000000E+00,0.000000E+00,0.000000E+00,0.000000E+00,0.000000E+00,0.000000E+00,2.110805E+01,7.994183E+01,2.388813E+01,5.839830E+01
20:07:00,8.009236E+03,1.660621E+03,5.576668E-01,1.466573E-01,0.000000E+00,0.000000E+00,0.000000E+00,0.000000E+00,0.000000E+00,0.000000E+00,0.000000E+00,0.000000E+00,2.110805E+01,7.994183E+01,2.388813E+01,5.841976E+01
20:08:00,8.009236E+03,1.656974E+03,5.576668E-01,1.463352E-01,0.000000E+00,0.000000E+00,0.000000E+00,0.000000E+00,0.000000E+00,0.000000E+00,0.000000E+00,0.000000E+00,2.110805E+01,7.994183E+01,2.388813E+01,5.844119E+01
20:09:00,8.009236E+03,1.653352E+03,5.576668E-01,1.460153E-01,0.000000E+00,0.000000E+00,0.000000E+00,0.000000E+00,0.000000E+00,0.000000E+00,0.000000E+00,0.000000E+00,2.110805E+01,7.994183E+01,2.388813E+01,5.846259E+01
20:10:00,8.009236E+03,1.649744E+03,5.576668E-01,1.456967E-01,0.000000E+00,0.000000E+00,0.000000E+00,0.000000E+00,0.000000E+00,0.000000E+00,0.000000E+00,0.000000E+00,2.110805E+01,7.994183E+01,2.388813E+01,5.848396E+01
20:11:00,8.009236E+03,1.646148E+03,5.576668E-01,1.453791E-01,0.000000E+00,0.000000E+00,0.000000E+00,0.000000E+00,0.000000E+00,0.000000E+00,0.000000E+00,0.000000E+00,2.110805E+01,7.994183E+01,2.388813E+01,5.850532E+01
20:12:00,8.009236E+03,1.642563E+03,5.576668E-01,1.450625E-01,0.000000E+00,0.000000E+00,0.000000E+00,0.000000E+00,0.000000E+00,0.000000E+00,0.000000E+00,0.000000E+00,2.110805E+01,7.994183E+01,2.388813E+01,5.852665E+01
20:13:00,8.009236E+03,1.638990E+03,5.576668E-01,1.447469E-01,0.000000E+00,0.000000E+00,0.000000E+00,0.000000E+00,0.000000E+00,0.000000E+00,0.000000E+00,0.000000E+00,2.110805E+01,7.994183E+01,2.388813E+01,5.854796E+01
20:14:00,8.009236E+03,1.635427E+03,5.576668E-01,1.444323E-01,0.000000E+00,0.000000E+00,0.000000E+00,0.000000E+00,0.000000E+00,0.000000E+00,0.000000E+00,0.000000E+00,2.110805E+01,7.994183E+01,2.388813E+01,5.856926E+01
20:15:00,8.009236E+03,1.631875E+03,5.576668E-01,1.441186E-01,0.000000E+00,0.000000E+00,0.000000E+00,0.000000E+00,0.000000E+00,0.000000E+00,0.000000E+00,0.000000E+00,2.110805E+01,7.994183E+01,2.388814E+01,5.859055E+01
20:16:00,8.009236E+03,1.628388E+03,5.576668E-01,1.438106E-01,0.000000E+00,0.000000E+00,0.000000E+00,0.000000E+00,0.000000E+00,0.000000E+00,0.000000E+00,0.000000E+00,2.110805E+01,7.994183E+01,2.388814E+01,5.861182E+01
20:17:00,8.009236E+03,1.624909E+03,5.576668E-01,1.435034E-01,0.000000E+00,0.000000E+00,0.000000E+00,0.000000E+00,0.000000E+00,0.000000E+00,0.000000E+00,0.000000E+00,2.110805E+01,7.994183E+01,2.388814E+01,5.863309E+01
20:18:00,8.009236E+03,1.621437E+03,5.576668E-01,1.431967E-01,0.000000E+00,0.000000E+00,0.000000E+00,0.000000E+00,0.000000E+00,0.000000E+00,0.000000E+00,0.000000E+00,2.110805E+01,7.994183E+01,2.388814E+01,5.865435E+01
20:19:00,8.009236E+03,1.617970E+03,5.576668E-01,1.428904E-01,0.000000E+00,0.000000E+00,0.000000E+00,0.000000E+00,0.000000E+00,0.000000E+00,0.000000E+00,0.000000E+00,2.110805E+01,7.994183E+01,2.388814E+01,5.867561E+01
20:20:00,8.009236E+03,1.614508E+03,5.576668E-01,1.425847E-01,0.000000E+00,0.000000E+00,0.000000E+00,0.000000E+00,0.000000E+00,0.000000E+00,0.000000E+00,0.000000E+00,2.110805E+01,7.994183E+01,2.388814E+01,5.869686E+01
20:21:00,8.009236E+03,1.611051E+03,5.576668E-01,1.422794E-01,0.000000E+00,0.000000E+00,0.000000E+00,0.000000E+00,0.000000E+00,0.000000E+00,0.000000E+00,0.000000E+00,2.110805E+01,7.994183E+01,2.388814E+01,5.871812E+01
20:22:00,8.009236E+03,1.607600E+03,5.576668E-01,1.419746E-01,0.000000E+00,0.000000E+00,0.000000E+00,0.000000E+00,0.000000E+00,0.000000E+00,0.000000E+00,0.000000E+00,2.110805E+01,7.994183E+01,2.388814E+01,5.873937E+01
20:23:00,8.009236E+03,1.604153E+03,5.576668E-01,1.416702E-01,0.000000E+00,0.000000E+00,0.000000E+00,0.000000E+00,0.000000E+00,0.000000E+00,0.000000E+00,0.000000E+00,2.110805E+01,7.994183E+01,2.388814E+01,5.876063E+01
20:24:00,8.009236E+03,1.600711E+03,5.576668E-01,1.413662E-01,0.000000E+00,0.000000E+00,0.000000E+00,0.000000E+00,0.000000E+00,0.000000E+00,0.000000E+00,0.000000E+00,2.110805E+01,7.994183E+01,2.388814E+01,5.878189E+01
20:25:00,8.009236E+03,1.597273E+03,5.576668E-01,1.410626E-01,0.000000E+00,0.000000E+00,0.000000E+00,0.000000E+00,0.000000E+00,0.000000E+00,0.000000E+00,0.000000E+00,2.110805E+01,7.994183E+01,2.388814E+01,5.880316E+01
20:26:00,8.009236E+03,1.593841E+03,5.576668E-01,1.407595E-01,0.000000E+00,0.000000E+00,0.000000E+00,0.000000E+00,0.000000E+00,0.000000E+00,0.000000E+00,0.000000E+00,2.110805E+01,7.994183E+01,2.388814E+01,5.882443E+01
20:27:00,8.009236E+03,1.590413E+03,5.576668E-01,1.404568E-01,0.000000E+00,0.000000E+00,0.000000E+00,0.000000E+00,0.000000E+00,0.000000E+00,0.000000E+00,0.000000E+00,2.110805E+01,7.994183E+01,2.388814E+01,5.884571E+01
20:28:00,8.009236E+03,1.586990E+03,5.576668E-01,1.401545E-01,0.000000E+00,0.000000E+00,0.000000E+00,0.000000E+00,0.000000E+00,0.000000E+00,0.000000E+00,0.000000E+00,2.110805E+01,7.994183E+01,2.388814E+01,5.886700E+01
20:29:00,8.009236E+03,1.583572E+03,5.576668E-01,1.398526E-01,0.000000E+00,0.000000E+00,0.000000E+00,0.000000E+00,0.000000E+00,0.000000E+00,0.000000E+00,0.000000E+00,2.110805E+01,7.994183E+01,2.388815E+01,5.888831E+01
20:30:00,8.009236E+03,1.580159E+03,5.576668E-01,1.395512E-01,0.000000E+00,0.000000E+00,0.000000E+00,0.000000E+00,0.000000E+00,0.000000E+00,0.000000E+00,0.000000E+00,2.110805E+01,7.994183E+01,2.388815E+01,5.890962E+01
20:31:00,8.009236E+03,1.576751E+03,5.576668E-01,1.392502E-01,0.000000E+00,0.000000E+00,0.000000E+00,0.000000E+00,0.000000E+00,0.000000E+00,0.000000E+00,0.000000E+00,2.110805E+01,7.994183E+01,2.388815E+01,5.893095E+01
20:32:00,8.009236E+03,1.573348E+03,5.576668E-01,1.389496E-01,0.000000E+00,0.000000E+00,0.000000E+00,0.000000E+00,0.000000E+00,0.000000E+00,0.000000E+00,0.000000E+00,2.110805E+01,7.994183E+01,2.388815E+01,5.895229E+01
20:33:00,8.009236E+03,1.569950E+03,5.576668E-01,1.386495E-01,0.000000E+00,0.000000E+00,0.000000E+00,0.000000E+00,0.000000E+00,0.000000E+00,0.000000E+00,0.000000E+00,2.110805E+01,7.994183E+01,2.388815E+01,5.897364E+01
20:34:00,8.009236E+03,1.566557E+03,5.576668E-01,1.383498E-01,0.000000E+00,0.000000E+00,0.000000E+00,0.000000E+00,0.000000E+00,0.000000E+00,0.000000E+00,0.000000E+00,2.110805E+01,7.994183E+01,2.388815E+01,5.899501E+01
20:35:00,8.009236E+03,1.563169E+03,5.576668E-01,1.380506E-01,0.000000E+00,0.000000E+00,0.000000E+00,0.000000E+00,0.000000E+00,0.000000E+00,0.000000E+00,0.000000E+00,2.110805E+01,7.994183E+01,2.388815E+01,5.901640E+01
20:36:00,8.009236E+03,1.559786E+03,5.576668E-01,1.377519E-01,0.000000E+00,0.000000E+00,0.000000E+00,0.000000E+00,0.000000E+00,0.000000E+00,0.000000E+00,0.000000E+00,2.110805E+01,7.994183E+01,2.388815E+01,5.903780E+01
20:37:00,8.009236E+03,1.556409E+03,5.576668E-01,1.374536E-01,0.000000E+00,0.000000E+00,0.000000E+00,0.000000E+00,0.000000E+00,0.000000E+00,0.000000E+00,0.000000E+00,2.110805E+01,7.994183E+01,2.388815E+01,5.905922E+01
20:38:00,8.009236E+03,1.553037E+03,5.576668E-01,1.371558E-01,0.000000E+00,0.000000E+00,0.000000E+00,0.000000E+00,0.000000E+00,0.000000E+00,0.000000E+00,0.000000E+00,2.110805E+01,7.994183E+01,2.388815E+01,5.908067E+01
20:39:00,8.009236E+03,1.549671E+03,5.576668E-01,1.368585E-01,0.000000E+00,0.000000E+00,0.000000E+00,0.000000E+00,0.000000E+00,0.000000E+00,0.000000E+00,0.000000E+00,2.110805E+01,7.994183E+01,2.388815E+01,5.910212E+01
20:40:00,8.009236E+03,1.546310E+03,5.576668E-01,1.365617E-01,0.000000E+00,0.000000E+00,0.000000E+00,0.000000E+00,0.000000E+00,0.000000E+00,0.000000E+00,0.000000E+00,2.110805E+01,7.994183E+01,2.388815E+01,5.912360E+01
20:41:00,8.009236E+03,1.542954E+03,5.576668E-01,1.362653E-01,0.000000E+00,0.000000E+00,0.000000E+00,0.000000E+00,0.000000E+00,0.000000E+00,0.000000E+00,0.000000E+00,2.110805E+01,7.994183E+01,2.388815E+01,5.914510E+01
20:42:00,8.009236E+03,1.539605E+03,5.576668E-01,1.359695E-01,0.000000E+00,0.000000E+00,0.000000E+00,0.000000E+00,0.000000E+00,0.000000E+00,0.000000E+00,0.000000E+00,2.110805E+01,7.994183E+01,2.388816E+01,5.916662E+01
20:43:00,8.009236E+03,1.536261E+03,5.576668E-01,1.356742E-01,0.000000E+00,0.000000E+00,0.000000E+00,0.000000E+00,0.000000E+00,0.000000E+00,0.000000E+00,0.000000E+00,2.110805E+01,7.994183E+01,2.388816E+01,5.918817E+01
20:44:00,8.009236E+03,1.532923E+03,5.576668E-01,1.353794E-01,0.000000E+00,0.000000E+00,0.000000E+00,0.000000E+00,0.000000E+00,0.000000E+00,0.000000E+00,0.000000E+00,2.110805E+01,7.994183E+01,2.388816E+01,5.920973E+01
20:45:00,8.009236E+03,1.529590E+03,5.576668E-01,1.350851E-01,0.000000E+00,0.000000E+00,0.000000E+00,0.000000E+00,0.000000E+00,0.000000E+00,0.000000E+00,0.000000E+00,2.110805E+01,7.994183E+01,2.388816E+01,5.923132E+01
20:46:00,8.009236E+03,1.526264E+03,5.576668E-01,1.347913E-01,0.000000E+00,0.000000E+00,0.000000E+00,0.000000E+00,0.000000E+00,0.000000E+00,0.000000E+00,0.000000E+00,2.110805E+01,7.994183E+01,2.388816E+01,5.925293E+01
20:47:00,8.009236E+03,1.522944E+03,5.576668E-01,1.344981E-01,0.000000E+00,0.000000E+00,0.000000E+00,0.000000E+00,0.000000E+00,0.000000E+00,0.000000E+00,0.000000E+00,2.110805E+01,7.994183E+01,2.388816E+01,5.927456E+01
20:48:00,8.009236E+03,1.519630E+03,5.576668E-01,1.342053E-01,0.000000E+00,0.000000E+00,0.000000E+00,0.000000E+00,0.000000E+00,0.000000E+00,0.000000E+00,0.000000E+00,2.110805E+01,7.994183E+01,2.388816E+01,5.929622E+01
20:49:00,8.009236E+03,1.516322E+03,5.576668E-01,1.339132E-01,0.000000E+00,0.000000E+00,0.000000E+00,0.000000E+00,0.000000E+00,0.000000E+00,0.000000E+00,0.000000E+00,2.110805E+01,7.994183E+01,2.388816E+01,5.931791E+01
20:50:00,8.009236E+03,1.513020E+03,5.576668E-01,1.336216E-01,0.000000E+00,0.000000E+00,0.000000E+00,0.000000E+00,0.000000E+00,0.000000E+00,0.000000E+00,0.000000E+00,2.110805E+01,7.994183E+01,2.388816E+01,5.933961E+01
20:51:00,8.009236E+03,1.509724E+03,5.576668E-01,1.333305E-01,0.000000E+00,0.000000E+00,0.000000E+00,0.000000E+00,0.000000E+00,0.000000E+00,0.000000E+00,0.000000E+00,2.110805E+01,7.994183E+01,2.388816E+01,5.936134E+01
20:52:00,8.009236E+03,1.506435E+03,5.576668E-01,1.330400E-01,0.000000E+00,0.000000E+00,0.000000E+00,0.000000E+00,0.000000E+00,0.000000E+00,0.000000E+00,0.000000E+00,2.110805E+01,7.994183E+01,2.388816E+01,5.938310E+01
20:53:00,8.009236E+03,1.503152E+03,5.576668E-01,1.327501E-01,0.000000E+00,0.000000E+00,0.000000E+00,0.000000E+00,0.000000E+00,0.000000E+00,0.000000E+00,0.000000E+00,2.110805E+01,7.994183E+01,2.388816E+01,5.940488E+01
20:54:00,8.009236E+03,1.499876E+03,5.576668E-01,1.324608E-01,0.000000E+00,0.000000E+00,0.000000E+00,0.000000E+00,0.000000E+00,0.000000E+00,0.000000E+00,0.000000E+00,2.110805E+01,7.994183E+01,2.388816E+01,5.942669E+01
20:55:00,8.009236E+03,1.496607E+03,5.576668E-01,1.321720E-01,0.000000E+00,0.000000E+00,0.000000E+00,0.000000E+00,0.000000E+00,0.000000E+00,0.000000E+00,0.000000E+00,2.110805E+01,7.994183E+01,2.388817E+01,5.944852E+01
20:56:00,8.009236E+03,1.493344E+03,5.576668E-01,1.318839E-01,0.000000E+00,0.000000E+00,0.000000E+00,0.000000E+00,0.000000E+00,0.000000E+00,0.000000E+00,0.000000E+00,2.110805E+01,7.994183E+01,2.388817E+01,5.947038E+01
20:57:00,8.009236E+03,1.490087E+03,5.576668E-01,1.315963E-01,0.000000E+00,0.000000E+00,0.000000E+00,0.000000E+00,0.000000E+00,0.000000E+00,0.000000E+00,0.000000E+00,2.110805E+01,7.994183E+01,2.388817E+01,5.949226E+01
20:58:00,8.009236E+03,1.486838E+03,5.576668E-01,1.313093E-01,0.000000E+00,0.000000E+00,0.000000E+00,0.000000E+00,0.000000E+00,0.000000E+00,0.000000E+00,0.000000E+00,2.110805E+01,7.994183E+01,2.388817E+01,5.951418E+01
20:59:00,8.009236E+03,1.483596E+03,5.576668E-01,1.310229E-01,0.000000E+00,0.000000E+00,0.000000E+00,0.000000E+00,0.000000E+00,0.000000E+00,0.000000E+00,0.000000E+00,2.110805E+01,7.994183E+01,2.388817E+01,5.953611E+01
21:00:00,8.009236E+03,1.480360E+03,5.576668E-01,1.307372E-01,0.000000E+00,0.000000E+00,0.000000E+00,0.000000E+00,0.000000E+00,0.000000E+00,0.000000E+00,0.000000E+00,2.110805E+01,7.994183E+01,2.388817E+01,5.955808E+01
21:01:00,8.009236E+03,1.477126E+03,5.576668E-01,1.304515E-01,0.000000E+00,0.000000E+00,0.000000E+00,0.000000E+00,0.000000E+00,0.000000E+00,0.000000E+00,0.000000E+00,2.110805E+01,7.994183E+01,2.388817E+01,5.958007E+01
21:02:00,8.009236E+03,1.473893E+03,5.576668E-01,1.301660E-01,0.000000E+00,0.000000E+00,0.000000E+00,0.000000E+00,0.000000E+00,0.000000E+00,0.000000E+00,0.000000E+00,2.110805E+01,7.994183E+01,2.388817E+01,5.960208E+01
21:03:00,8.009236E+03,1.470662E+03,5.576668E-01,1.298807E-01,0.000000E+00,0.000000E+00,0.000000E+00,0.000000E+00,0.000000E+00,0.000000E+00,0.000000E+00,0.000000E+00,2.110805E+01,7.994183E+01,2.388817E+01,5.962413E+01
21:04:00,8.009236E+03,1.467432E+03,5.576668E-01,1.295954E-01,0.000000E+00,0.000000E+00,0.000000E+00,0.000000E+00,0.000000E+00,0.000000E+00,0.000000E+00,0.000000E+00,2.110805E+01,7.994183E+01,2.388817E+01,5.964620E+01
21:05:00,8.009236E+03,1.464205E+03,5.576668E-01,1.293104E-01,0.000000E+00,0.000000E+00,0.000000E+00,0.000000E+00,0.000000E+00,0.000000E+00,0.000000E+00,0.000000E+00,2.110805E+01,7.994183E+01,2.388817E+01,5.966830E+01
21:06:00,8.009236E+03,1.460978E+03,5.576668E-01,1.290255E-01,0.000000E+00,0.000000E+00,0.000000E+00,0.000000E+00,0.000000E+00,0.000000E+00,0.000000E+00,0.000000E+00,2.110805E+01,7.994183E+01,2.388817E+01,5.969043E+01
21:07:00,8.009236E+03,1.457754E+03,5.576668E-01,1.287407E-01,0.000000E+00,0.000000E+00,0.000000E+00,0.000000E+00,0.000000E+00,0.000000E+00,0.000000E+00,0.000000E+00,2.110805E+01,7.994183E+01,2.388817E+01,5.971258E+01
21:08:00,8.009236E+03,1.454532E+03,5.576668E-01,1.284561E-01,0.000000E+00,0.000000E+00,0.000000E+00,0.000000E+00,0.000000E+00,0.000000E+00,0.000000E+00,0.000000E+00,2.110805E+01,7.994183E+01,2.388818E+01,5.973476E+01
21:09:00,8.009236E+03,1.451311E+03,5.576668E-01,1.281717E-01,0.000000E+00,0.000000E+00,0.000000E+00,0.000000E+00,0.000000E+00,0.000000E+00,0.000000E+00,0.000000E+00,2.110805E+01,7.994183E+01,2.388818E+01,5.975696E+01
21:10:00,8.009236E+03,1.448093E+03,5.576668E-01,1.278874E-01,0.000000E+00,0.000000E+00,0.000000E+00,0.000000E+00,0.000000E+00,0.000000E+00,0.000000E+00,0.000000E+00,2.110805E+01,7.994183E+01,2.388818E+01,5.977920E+01
21:11:00,8.009236E+03,1.444876E+03,5.576668E-01,1.276033E-01,0.000000E+00,0.000000E+00,0.000000E+00,0.000000E+00,0.000000E+00,0.000000E+00,0.000000E+00,0.000000E+00,2.110805E+01,7.994183E+01,2.388818E+01,5.980146E+01
21:12:00,8.009236E+03,1.441662E+03,5.576668E-01,1.273194E-01,0.000000E+00,0.000000E+00,0.000000E+00,0.000000E+00,0.000000E+00,0.000000E+00,0.000000E+00,0.000000E+00,2.110805E+01,7.994183E+01,2.388818E+01,5.982375E+01
21:13:00,8.009236E+03,1.438449E+03,5.576668E-01,1.270358E-01,0.000000E+00,0.000000E+00,0.000000E+00,0.000000E+00,0.000000E+00,0.000000E+00,0.000000E+00,0.000000E+00,2.110805E+01,7.994183E+01,2.388818E+01,5.984606E+01
21:14:00,8.009236E+03,1.435239E+03,5.576668E-01,1.267523E-01,0.000000E+00,0.000000E+00,0.000000E+00,0.000000E+00,0.000000E+00,0.000000E+00,0.000000E+00,0.000000E+00,2.110805E+01,7.994183E+01,2.388818E+01,5.986841E+01
21:15:00,8.009236E+03,1.432032E+03,5.576668E-01,1.264690E-01,0.000000E+00,0.000000E+00,0.000000E+00,0.000000E+00,0.000000E+00,0.000000E+00,0.000000E+00,0.000000E+00,2.110805E+01,7.994183E+01,2.388818E+01,5.989077E+01
21:16:00,8.009236E+03,1.428826E+03,5.576668E-01,1.261859E-01,0.000000E+00,0.000000E+00,0.000000E+00,0.000000E+00,0.000000E+00,0.000000E+00,0.000000E+00,0.000000E+00,2.110805E+01,7.994183E+01,2.388818E+01,5.991317E+01
21:17:00,8.009236E+03,1.425623E+03,5.576668E-01,1.259030E-01,0.000000E+00,0.000000E+00,0.000000E+00,0.000000E+00,0.000000E+00,0.000000E+00,0.000000E+00,0.000000E+00,2.110805E+01,7.994183E+01,2.388818E+01,5.993560E+01
21:18:00,8.009236E+03,1.422423E+03,5.576668E-01,1.256203E-01,0.000000E+00,0.000000E+00,0.000000E+00,0.000000E+00,0.000000E+00,0.000000E+00,0.000000E+00,0.000000E+00,2.110805E+01,7.994183E+01,2.388818E+01,5.995805E+01
21:19:00,8.009236E+03,1.419224E+03,5.576668E-01,1.253379E-01,0.000000E+00,0.000000E+00,0.000000E+00,0.000000E+00,0.000000E+00,0.000000E+00,0.000000E+00,0.000000E+00,2.110805E+01,7.994183E+01,2.388818E+01,5.998053E+01
21:20:00,8.009236E+03,1.416029E+03,5.576668E-01,1.250556E-01,0.000000E+00,0.000000E+00,0.000000E+00,0.000000E+00,0.000000E+00,0.000000E+00,0.000000E+00,0.000000E+00,2.110805E+01,7.994183E+01,2.388818E+01,6.000303E+01
21:21:00,8.009236E+03,1.412836E+03,5.576668E-01,1.247736E-01,0.000000E+00,0.000000E+00,0.000000E+00,0.000000E+00,0.000000E+00,0.000000E+00,0.000000E+00,0.000000E+00,2.110805E+01,7.994183E+01,2.388819E+01,6.002556E+01
21:22:00,8.009236E+03,1.409645E+03,5.576668E-01,1.244919E-01,0.000000E+00,0.000000E+00,0.000000E+00,0.000000E+00,0.000000E+00,0.000000E+00,0.000000E+00,0.000000E+00,2.110805E+01,7.994183E+01,2.388819E+01,6.004813E+01
21:23:00,8.009236E+03,1.406458E+03,5.576668E-01,1.242104E-01,0.000000E+00,0.000000E+00,0.000000E+00,0.000000E+00,0.000000E+00,0.000000E+00,0.000000E+00,0.000000E+00,2.110805E+01,7.994183E+01,2.388819E+01,6.007071E+01
21:24:00,8.009236E+03,1.403273E+03,5.576668E-01,1.239291E-01,0.000000E+00,0.000000E+00,0.000000E+00,0.000000E+00,0.000000E+00,0.000000E+00,0.000000E+00,0.000000E+00,2.110805E+01,7.994183E+01,2.388819E+01,6.009332E+01
21:25:00,8.009236E+03,1.400091E+03,5.576668E-01,1.236480E-01,0.000000E+00,0.000000E+00,0.000000E+00,0.000000E+00,0.000000E+00,0.000000E+00,0.000000E+00,0.000000E+00,2.110805E+01,7.994183E+01,2.388819E+01,6.011596E+01
21:26:00,8.009236E+03,1.396911E+03,5.576668E-01,1.233672E-01,0.000000E+00,0.000000E+00,0.000000E+00,0.000000E+00,0.000000E+00,0.000000E+00,0.000000E+00,0.000000E+00,2.110805E+01,7.994183E+01,2.388819E+01,6.013863E+01
21:27:00,8.009236E+03,1.393735E+03,5.576668E-01,1.230867E-01,0.000000E+00,0.000000E+00,0.000000E+00,0.000000E+00,0.000000E+00,0.000000E+00,0.000000E+00,0.000000E+00,2.110805E+01,7.994183E+01,2.388819E+01,6.016132E+01
21:28:00,8.009236E+03,1.390561E+03,5.576668E-01,1.228064E-01,0.000000E+00,0.000000E+00,0.000000E+00,0.000000E+00,0.000000E+00,0.000000E+00,0.000000E+00,0.000000E+00,2.110805E+01,7.994183E+01,2.388819E+01,6.018404E+01
21:29:00,8.009236E+03,1.387391E+03,5.576668E-01,1.225264E-01,0.000000E+00,0.000000E+00,0.000000E+00,0.000000E+00,0.000000E+00,0.000000E+00,0.000000E+00,0.000000E+00,2.110805E+01,7.994183E+01,2.388819E+01,6.020679E+01
21:30:00,8.009236E+03,1.384223E+03,5.576668E-01,1.222467E-01,0.000000E+00,0.000000E+00,0.000000E+00,0.000000E+00,0.000000E+00,0.000000E+00,0.000000E+00,0.000000E+00,2.110805E+01,7.994183E+01,2.388819E+01,6.022956E+01
21:31:00,8.009236E+03,1.381059E+03,5.576668E-01,1.219672E-01,0.000000E+00,0.000000E+00,0.000000E+00,0.000000E+00,0.000000E+00,0.000000E+00,0.000000E+00,0.000000E+00,2.110805E+01,7.994183E+01,2.388819E+01,6.025235E+01
21:32:00,8.009236E+03,1.377897E+03,5.576668E-01,1.216880E-01,0.000000E+00,0.000000E+00,0.000000E+00,0.000000E+00,0.000000E+00,0.000000E+00,0.000000E+00,0.000000E+00,2.110805E+01,7.994183E+01,2.388819E+01,6.027518E+01
21:33:00,8.009236E+03,1.374739E+03,5.576668E-01,1.214090E-01,0.000000E+00,0.000000E+00,0.000000E+00,0.000000E+00,0.000000E+00,0.000000E+00,0.000000E+00,0.000000E+00,2.110805E+01,7.994183E+01,2.388820E+01,6.029803E+01
21:34:00,8.009236E+03,1.371583E+03,5.576668E-01,1.211304E-01,0.000000E+00,0.000000E+00,0.000000E+00,0.000000E+00,0.000000E+00,0.000000E+00,0.000000E+00,0.000000E+00,2.110805E+01,7.994183E+01,2.388820E+01,6.032090E+01
21:35:00,8.009236E+03,1.368431E+03,5.576668E-01,1.208520E-01,0.000000E+00,0.000000E+00,0.000000E+00,0.000000E+00,0.000000E+00,0.000000E+00,0.000000E+00,0.000000E+00,2.110805E+01,7.994183E+01,2.388820E+01,6.034381E+01
21:36:00,8.009236E+03,1.365283E+03,5.576668E-01,1.205739E-01,0.000000E+00,0.000000E+00,0.000000E+00,0.000000E+00,0.000000E+00,0.000000E+00,0.000000E+00,0.000000E+00,2.110805E+01,7.994183E+01,2.388820E+01,6.036674E+01
21:37:00,8.009236E+03,1.362137E+03,5.576668E-01,1.202961E-01,0.000000E+00,0.000000E+00,0.000000E+00,0.000000E+00,0.000000E+00,0.000000E+00,0.000000E+00,0.000000E+00,2.110805E+01,7.994183E+01,2.388820E+01,6.038969E+01
21:38:00,8.009236E+03,1.358995E+03,5.576668E-01,1.200186E-01,0.000000E+00,0.000000E+00,0.000000E+00,0.000000E+00,0.000000E+00,0.000000E+00,0.000000E+00,0.000000E+00,2.110805E+01,7.994183E+01,2.388820E+01,6.041267E+01
21:39:00,8.009236E+03,1.355856E+03,5.576668E-01,1.197413E-01,0.000000E+00,0.000000E+00,0.000000E+00,0.000000E+00,0.000000E+00,0.000000E+00,0.000000E+00,0.000000E+00,2.110805E+01,7.994183E+01,2.388820E+01,6.043567E+01
21:40:00,8.009236E+03,1.352720E+03,5.576668E-01,1.194644E-01,0.000000E+00,0.000000E+00,0.000000E+00,0.000000E+00,0.000000E+00,0.000000E+00,0.000000E+00,0.000000E+00,2.110805E+01,7.994183E+01,2.388820E+01,6.045870E+01
21:41:00,8.009236E+03,1.349588E+03,5.576668E-01,1.191878E-01,0.000000E+00,0.000000E+00,0.000000E+00,0.000000E+00,0.000000E+00,0.000000E+00,0.000000E+00,0.000000E+00,2.110805E+01,7.994183E+01,2.388820E+01,6.048176E+01
21:42:00,8.009236E+03,1.346459E+03,5.576668E-01,1.189115E-01,0.000000E+00,0.000000E+00,0.000000E+00,0.000000E+00,0.000000E+00,0.000000E+00,0.000000E+00,0.000000E+00,2.110805E+01,7.994183E+01,2.388820E+01,6.050484E+01
21:43:00,8.009236E+03,1.343334E+03,5.576668E-01,1.186355E-01,0.000000E+00,0.000000E+00,0.000000E+00,0.000000E+00,0.000000E+00,0.000000E+00,0.000000E+00,0.000000E+00,2.110805E+01,7.994183E+01,2.388820E+01,6.052795E+01
21:44:00,8.009236E+03,1.340212E+03,5.576668E-01,1.183597E-01,0.000000E+00,0.000000E+00,0.000000E+00,0.000000E+00,0.000000E+00,0.000000E+00,0.000000E+00,0.000000E+00,2.110805E+01,7.994183E+01,2.388820E+01,6.055108E+01
21:45:00,8.009236E+03,1.337094E+03,5.576668E-01,1.180843E-01,0.000000E+00,0.000000E+00,0.000000E+00,0.000000E+00,0.000000E+00,0.000000E+00,0.000000E+00,0.000000E+00,2.110805E+01,7.994183E+01,2.388821E+01,6.057424E+01
21:46:00,8.009236E+03,1.333979E+03,5.576668E-01,1.178093E-01,0.000000E+00,0.000000E+00,0.000000E+00,0.000000E+00,0.000000E+00,0.000000E+00,0.000000E+00,0.000000E+00,2.110805E+01,7.994183E+01,2.388821E+01,6.059742E+01
21:47:00,8.009236E+03,1.330868E+03,5.576668E-01,1.175345E-01,0.000000E+00,0.000000E+00,0.000000E+00,0.000000E+00,0.000000E+00,0.000000E+00,0.000000E+00,0.000000E+00,2.110805E+01,7.994183E+01,2.388821E+01,6.062063E+01
21:48:00,8.009236E+03,1.327760E+03,5.576668E-01,1.172600E-01,0.000000E+00,0.000000E+00,0.000000E+00,0.000000E+00,0.000000E+00,0.000000E+00,0.000000E+00,0.000000E+00,2.110805E+01,7.994183E+01,2.388821E+01,6.064386E+01
21:49:00,8.009236E+03,1.324656E+03,5.576668E-01,1.169859E-01,0.000000E+00,0.000000E+00,0.000000E+00,0.000000E+00,0.000000E+00,0.000000E+00,0.000000E+00,0.000000E+00,2.110805E+01,7.994183E+01,2.388821E+01,6.066711E+01
21:50:00,8.009236E+03,1.321556E+03,5.576668E-01,1.167121E-01,0.000000E+00,0.000000E+00,0.000000E+00,0.000000E+00,0.000000E+00,0.000000E+00,0.000000E+00,0.000000E+00,2.110805E+01,7.994183E+01,2.388821E+01,6.069040E+01
21:51:00,8.009236E+03,1.318459E+03,5.576668E-01,1.164386E-01,0.000000E+00,0.000000E+00,0.000000E+00,0.000000E+00,0.000000E+00,0.000000E+00,0.000000E+00,0.000000E+00,2.110805E+01,7.994183E+01,2.388821E+01,6.071370E+01
21:52:00,8.009236E+03,1.315366E+03,5.576668E-01,1.161654E-01,0.000000E+00,0.000000E+00,0.000000E+00,0.000000E+00,0.000000E+00,0.000000E+00,0.000000E+00,0.000000E+00,2.110805E+01,7.994183E+01,2.388821E+01,6.073703E+01
21:53:00,8.009236E+03,1.312277E+03,5.576668E-01,1.158926E-01,0.000000E+00,0.000000E+00,0.000000E+00,0.000000E+00,0.000000E+00,0.000000E+00,0.000000E+00,0.000000E+00,2.110805E+01,7.994183E+01,2.388821E+01,6.076039E+01
21:54:00,8.009236E+03,1.309191E+03,5.576668E-01,1.156200E-01,0.000000E+00,0.000000E+00,0.000000E+00,0.000000E+00,0.000000E+00,0.000000E+00,0.000000E+00,0.000000E+00,2.110805E+01,7.994183E+01,2.388821E+01,6.078377E+01
21:55:00,8.009236E+03,1.306109E+03,5.576668E-01,1.153479E-01,0.000000E+00,0.000000E+00,0.000000E+00,0.000000E+00,0.000000E+00,0.000000E+00,0.000000E+00,0.000000E+00,2.110805E+01,7.994183E+01,2.388821E+01,6.080717E+01
21:56:00,8.009236E+03,1.303031E+03,5.576668E-01,1.150760E-01,0.000000E+00,0.000000E+00,0.000000E+00,0.000000E+00,0.000000E+00,0.000000E+00,0.000000E+00,0.000000E+00,2.110805E+01,7.994183E+01,2.388821E+01,6.083060E+01
21:57:00,8.009236E+03,1.299956E+03,5.576668E-01,1.148045E-01,0.000000E+00,0.000000E+00,0.000000E+00,0.000000E+00,0.000000E+00,0.000000E+00,0.000000E+00,0.000000E+00,2.110805E+01,7.994183E+01,2.388822E+01,6.085405E+01
21:58:00,8.009236E+03,1.296886E+03,5.576668E-01,1.145333E-01,0.000000E+00,0.000000E+00,0.000000E+00,0.000000E+00,0.000000E+00,0.000000E+00,0.000000E+00,0.000000E+00,2.110805E+01,7.994183E+01,2.388822E+01,6.087753E+01
21:59:00,8.009236E+03,1.293819E+03,5.576668E-01,1.142624E-01,0.000000E+00,0.000000E+00,0.000000E+00,0.000000E+00,0.000000E+00,0.000000E+00,0.000000E+00,0.000000E+00,2.110805E+01,7.994183E+01,2.388822E+01,6.090103E+01
22:00:00,8.009236E+03,1.290756E+03,5.576668E-01,1.139919E-01,0.000000E+00,0.000000E+00,0.000000E+00,0.000000E+00,0.000000E+00,0.000000E+00,0.000000E+00,0.000000E+00,2.110805E+01,7.994183E+01,2.388822E+01,6.092455E+01
22:01:00,8.009236E+03,1.287703E+03,5.576668E-01,1.137223E-01,0.000000E+00,0.000000E+00,0.000000E+00,0.000000E+00,0.000000E+00,0.000000E+00,0.000000E+00,0.000000E+00,2.110805E+01,7.994183E+01,2.388822E+01,6.094810E+01
22:02:00,8.009236E+03,1.284659E+03,5.576668E-01,1.134534E-01,0.000000E+00,0.000000E+00,0.000000E+00,0.000000E+00,0.000000E+00,0.000000E+00,0.000000E+00,0.000000E+00,2.110805E+01,7.994183E+01,2.388822E+01,6.097162E+01
22:03:00,8.009236E+03,1.281624E+03,5.576668E-01,1.131855E-01,0.000000E+00,0.000000E+00,0.000000E+00,0.000000E+00,0.000000E+00,0.000000E+00,0.000000E+00,0.000000E+00,2.110805E+01,7.994183E+01,2.388822E+01,6.099508E+01
22:04:00,8.009236E+03,1.278600E+03,5.576668E-01,1.129183E-01,0.000000E+00,0.000000E+00,0.000000E+00,0.000000E+00,0.000000E+00,0.000000E+00,0.000000E+00,0.000000E+00,2.110805E+01,7.994183E+01,2.388822E+01,6.101847E+01
22:05:00,8.009236E+03,1.275584E+03,5.576668E-01,1.126520E-01,0.000000E+00,0.000000E+00,0.000000E+00,0.000000E+00,0.000000E+00,0.000000E+00,0.000000E+00,0.000000E+00,2.110805E+01,7.994183E+01,2.388822E+01,6.104180E+01
22:06:00,8.009236E+03,1.272579E+03,5.576668E-01,1.123865E-01,0.000000E+00,0.000000E+00,0.000000E+00,0.000000E+00,0.000000E+00,0.000000E+00,0.000000E+00,0.000000E+00,2.110805E+01,7.994183E+01,2.388822E+01,6.106507E+01
22:07:00,8.009236E+03,1.269582E+03,5.576668E-01,1.121219E-01,0.000000E+00,0.000000E+00,0.000000E+00,0.000000E+00,0.000000E+00,0.000000E+00,0.000000E+00,0.000000E+00,2.110805E+01,7.994183E+01,2.388822E+01,6.108828E+01
22:08:00,8.009236E+03,1.266596E+03,5.576668E-01,1.118582E-01,0.000000E+00,0.000000E+00,0.000000E+00,0.000000E+00,0.000000E+00,0.000000E+00,0.000000E+00,0.000000E+00,2.110805E+01,7.994183E+01,2.388822E+01,6.111143E+01
22:09:00,8.009236E+03,1.263619E+03,5.576668E-01,1.115952E-01,0.000000E+00,0.000000E+00,0.000000E+00,0.000000E+00,0.000000E+00,0.000000E+00,0.000000E+00,0.000000E+00,2.110805E+01,7.994183E+01,2.388822E+01,6.113453E+01
22:10:00,8.009236E+03,1.260651E+03,5.576668E-01,1.113332E-01,0.000000E+00,0.000000E+00,0.000000E+00,0.000000E+00,0.000000E+00,0.000000E+00,0.000000E+00,0.000000E+00,2.110805E+01,7.994183E+01,2.388822E+01,6.115759E+01
22:11:00,8.009236E+03,1.257694E+03,5.576668E-01,1.110720E-01,0.000000E+00,0.000000E+00,0.000000E+00,0.000000E+00,0.000000E+00,0.000000E+00,0.000000E+00,0.000000E+00,2.110805E+01,7.994183E+01,2.388823E+01,6.118059E+01
22:12:00,8.009236E+03,1.254745E+03,5.576668E-01,1.108116E-01,0.000000E+00,0.000000E+00,0.000000E+00,0.000000E+00,0.000000E+00,0.000000E+00,0.000000E+00,0.000000E+00,2.110805E+01,7.994183E+01,2.388823E+01,6.120354E+01
22:13:00,8.009236E+03,1.251807E+03,5.576668E-01,1.105521E-01,0.000000E+00,0.000000E+00,0.000000E+00,0.000000E+00,0.000000E+00,0.000000E+00,0.000000E+00,0.000000E+00,2.110805E+01,7.994183E+01,2.388823E+01,6.122645E+01
22:14:00,8.009236E+03,1.248878E+03,5.576668E-01,1.102934E-01,0.000000E+00,0.000000E+00,0.000000E+00,0.000000E+00,0.000000E+00,0.000000E+00,0.000000E+00,0.000000E+00,2.110805E+01,7.994183E+01,2.388823E+01,6.124931E+01
22:15:00,8.009236E+03,1.245959E+03,5.576668E-01,1.100356E-01,0.000000E+00,0.000000E+00,0.000000E+00,0.000000E+00,0.000000E+00,0.000000E+00,0.000000E+00,0.000000E+00,2.110805E+01,7.994183E+01,2.388823E+01,6.127214E+01
22:16:00,8.009236E+03,1.243049E+03,5.576668E-01,1.097786E-01,0.000000E+00,0.000000E+00,0.000000E+00,0.000000E+00,0.000000E+00,0.000000E+00,0.000000E+00,0.000000E+00,2.110805E+01,7.994183E+01,2.388823E+01,6.129492E+01
22:17:00,8.009236E+03,1.240149E+03,5.576668E-01,1.095225E-01,0.000000E+00,0.000000E+00,0.000000E+00,0.000000E+00,0.000000E+00,0.000000E+00,0.000000E+00,0.000000E+00,2.110805E+01,7.994183E+01,2.388823E+01,6.131767E+01
22:18:00,8.009236E+03,1.237259E+03,5.576668E-01,1.092673E-01,0.000000E+00,0.000000E+00,0.000000E+00,0.000000E+00,0.000000E+00,0.000000E+00,0.000000E+00,0.000000E+00,2.110805E+01,7.994183E+01,2.388823E+01,6.134038E+01
22:19:00,8.009236E+03,1.234379E+03,5.576668E-01,1.090129E-01,0.000000E+00,0.000000E+00,0.000000E+00,0.000000E+00,0.000000E+00,0.000000E+00,0.000000E+00,0.000000E+00,2.110805E+01,7.994183E+01,2.388823E+01,6.136305E+01
22:20:00,8.009236E+03,1.231508E+03,5.576668E-01,1.087593E-01,0.000000E+00,0.000000E+00,0.000000E+00,0.000000E+00,0.000000E+00,0.000000E+00,0.000000E+00,0.000000E+00,2.110805E+01,7.994183E+01,2.388823E+01,6.138569E+01
22:21:00,8.009236E+03,1.228647E+03,5.576668E-01,1.085066E-01,0.000000E+00,0.000000E+00,0.000000E+00,0.000000E+00,0.000000E+00,0.000000E+00,0.000000E+00,0.000000E+00,2.110805E+01,7.994183E+01,2.388823E+01,6.140831E+01
22:22:00,8.009236E+03,1.225795E+03,5.576668E-01,1.082548E-01,0.000000E+00,0.000000E+00,0.000000E+00,0.000000E+00,0.000000E+00,0.000000E+00,0.000000E+00,0.000000E+00,2.110805E+01,7.994183E+01,2.388823E+01,6.143089E+01
22:23:00,8.009236E+03,1.222954E+03,5.576668E-01,1.080039E-01,0.000000E+00,0.000000E+00,0.000000E+00,0.000000E+00,0.000000E+00,0.000000E+00,0.000000E+00,0.000000E+00,2.110805E+01,7.994183E+01,2.388823E+01,6.145344E+01
22:24:00,8.009236E+03,1.220122E+03,5.576668E-01,1.077537E-01,0.000000E+00,0.000000E+00,0.000000E+00,0.000000E+00,0.000000E+00,0.000000E+00,0.000000E+00,0.000000E+00,2.110805E+01,7.994183E+01,2.388823E+01,6.147596E+01
22:25:00,8.009236E+03,1.217300E+03,5.576668E-01,1.075045E-01,0.000000E+00,0.000000E+00,0.000000E+00,0.000000E+00,0.000000E+00,0.000000E+00,0.000000E+00,0.000000E+00,2.110805E+01,7.994183E+01,2.388823E+01,6.149846E+01
22:26:00,8.009236E+03,1.214487E+03,5.576668E-01,1.072561E-01,0.000000E+00,0.000000E+00,0.000000E+00,0.000000E+00,0.000000E+00,0.000000E+00,0.000000E+00,0.000000E+00,2.110805E+01,7.994183E+01,2.388824E+01,6.152093E+01
22:27:00,8.009236E+03,1.211684E+03,5.576668E-01,1.070086E-01,0.000000E+00,0.000000E+00,0.000000E+00,0.000000E+00,0.000000E+00,0.000000E+00,0.000000E+00,0.000000E+00,2.110805E+01,7.994183E+01,2.388824E+01,6.154338E+01
22:28:00,8.009236E+03,1.208891E+03,5.576668E-01,1.067619E-01,0.000000E+00,0.000000E+00,0.000000E+00,0.000000E+00,0.000000E+00,0.000000E+00,0.000000E+00,0.000000E+00,2.110805E+01,7.994183E+01,2.388824E+01,6.156580E+01
22:29:00,8.009236E+03,1.206108E+03,5.576668E-01,1.065161E-01,0.000000E+00,0.000000E+00,0.000000E+00,0.000000E+00,0.000000E+00,0.000000E+00,0.000000E+00,0.000000E+00,2.110805E+01,7.994183E+01,2.388824E+01,6.158820E+01
22:30:00,8.009236E+03,1.203334E+03,5.576668E-01,1.062711E-01,0.000000E+00,0.000000E+00,0.000000E+00,0.000000E+00,0.000000E+00,0.000000E+00,0.000000E+00,0.000000E+00,2.110805E+01,7.994183E+01,2.388824E+01,6.161058E+01
22:31:00,8.009236E+03,1.200571E+03,5.576668E-01,1.060270E-01,0.000000E+00,0.000000E+00,0.000000E+00,0.000000E+00,0.000000E+00,0.000000E+00,0.000000E+00,0.000000E+00,2.110805E+01,7.994183E+01,2.388824E+01,6.163294E+01
22:32:00,8.009236E+03,1.197816E+03,5.576668E-01,1.057838E-01,0.000000E+00,0.000000E+00,0.000000E+00,0.000000E+00,0.000000E+00,0.000000E+00,0.000000E+00,0.000000E+00,2.110805E+01,7.994183E+01,2.388824E+01,6.165529E+01
22:33:00,8.009236E+03,1.195072E+03,5.576668E-01,1.055414E-01,0.000000E+00,0.000000E+00,0.000000E+00,0.000000E+00,0.000000E+00,0.000000E+00,0.000000E+00,0.000000E+00,2.110805E+01,7.994183E+01,2.388824E+01,6.167761E+01
22:34:00,8.009236E+03,1.192337E+03,5.576668E-01,1.052999E-01,0.000000E+00,0.000000E+00,0.000000E+00,0.000000E+00,0.000000E+00,0.000000E+00,0.000000E+00,0.000000E+00,2.110805E+01,7.994183E+01,2.388824E+01,6.169992E+01
22:35:00,8.009236E+03,1.189613E+03,5.576668E-01,1.050593E-01,0.000000E+00,0.000000E+00,0.000000E+00,0.000000E+00,0.000000E+00,0.000000E+00,0.000000E+00,0.000000E+00,2.110805E+01,7.994183E+01,2.388824E+01,6.172221E+01
22:36:00,8.009236E+03,1.186898E+03,5.576668E-01,1.048195E-01,0.000000E+00,0.000000E+00,0.000000E+00,0.000000E+00,0.000000E+00,0.000000E+00,0.000000E+00,0.000000E+00,2.110805E+01,7.994183E+01,2.388824E+01,6.174449E+01
22:37:00,8.009236E+03,1.184192E+03,5.576668E-01,1.045806E-01,0.000000E+00,0.000000E+00,0.000000E+00,0.000000E+00,0.000000E+00,0.000000E+00,0.000000E+00,0.000000E+00,2.110805E+01,7.994183E+01,2.388824E+01,6.176675E+01
22:38:00,8.009236E+03,1.181496E+03,5.576668E-01,1.043425E-01,0.000000E+00,0.000000E+00,0.000000E+00,0.000000E+00,0.000000E+00,0.000000E+00,0.000000E+00,0.000000E+00,2.110805E+01,7.994183E+01,2.388824E+01,6.178900E+01
22:39:00,8.009236E+03,1.178811E+03,5.576668E-01,1.041053E-01,0.000000E+00,0.000000E+00,0.000000E+00,0.000000E+00,0.000000E+00,0.000000E+00,0.000000E+00,0.000000E+00,2.110805E+01,7.994183E+01,2.388824E+01,6.181123E+01
22:40:00,8.009236E+03,1.176134E+03,5.576668E-01,1.038689E-01,0.000000E+00,0.000000E+00,0.000000E+00,0.000000E+00,0.000000E+00,0.000000E+00,0.000000E+00,0.000000E+00,2.110805E+01,7.994183E+01,2.388825E+01,6.183345E+01
22:41:00,8.009236E+03,1.173468E+03,5.576668E-01,1.036334E-01,0.000000E+00,0.000000E+00,0.000000E+00,0.000000E+00,0.000000E+00,0.000000E+00,0.000000E+00,0.000000E+00,2.110805E+01,7.994183E+01,2.388825E+01,6.185566E+01
22:42:00,8.009236E+03,1.170811E+03,5.576668E-01,1.033988E-01,0.000000E+00,0.000000E+00,0.000000E+00,0.000000E+00,0.000000E+00,0.000000E+00,0.000000E+00,0.000000E+00,2.110805E+01,7.994183E+01,2.388825E+01,6.187786E+01
22:43:00,8.009236E+03,1.168164E+03,5.576668E-01,1.031650E-01,0.000000E+00,0.000000E+00,0.000000E+00,0.000000E+00,0.000000E+00,0.000000E+00,0.000000E+00,0.000000E+00,2.110805E+01,7.994183E+01,2.388825E+01,6.190005E+01
22:44:00,8.009236E+03,1.165527E+03,5.576668E-01,1.029321E-01,0.000000E+00,0.000000E+00,0.000000E+00,0.000000E+00,0.000000E+00,0.000000E+00,0.000000E+00,0.000000E+00,2.110805E+01,7.994183E+01,2.388825E+01,6.192223E+01
22:45:00,8.009236E+03,1.162900E+03,5.576668E-01,1.027001E-01,0.000000E+00,0.000000E+00,0.000000E+00,0.000000E+00,0.000000E+00,0.000000E+00,0.000000E+00,0.000000E+00,2.110805E+01,7.994183E+01,2.388825E+01,6.194441E+01
22:46:00,8.009236E+03,1.160282E+03,5.576668E-01,1.024689E-01,0.000000E+00,0.000000E+00,0.000000E+00,0.000000E+00,0.000000E+00,0.000000E+00,0.000000E+00,0.000000E+00,2.110805E+01,7.994183E+01,2.388825E+01,6.196657E+01
22:47:00,8.009236E+03,1.157674E+03,5.576668E-01,1.022386E-01,0.000000E+00,0.000000E+00,0.000000E+00,0.000000E+00,0.000000E+00,0.000000E+00,0.000000E+00,0.000000E+00,2.110805E+01,7.994183E+01,2.388825E+01,6.198872E+01
22:48:00,8.009236E+03,1.155075E+03,5.576668E-01,1.020091E-01,0.000000E+00,0.000000E+00,0.000000E+00,0.000000E+00,0.000000E+00,0.000000E+00,0.000000E+00,0.000000E+00,2.110805E+01,7.994183E+01,2.388825E+01,6.201087E+01
22:49:00,8.009236E+03,1.152487E+03,5.576668E-01,1.017805E-01,0.000000E+00,0.000000E+00,0.000000E+00,0.000000E+00,0.000000E+00,0.000000E+00,0.000000E+00,0.000000E+00,2.110805E+01,7.994183E+01,2.388825E+01,6.203301E+01
22:50:00,8.009236E+03,1.149908E+03,5.576668E-01,1.015527E-01,0.000000E+00,0.000000E+00,0.000000E+00,0.000000E+00,0.000000E+00,0.000000E+00,0.000000E+00,0.000000E+00,2.110805E+01,7.994183E+01,2.388825E+01,6.205514E+01
22:51:00,8.009236E+03,1.147339E+03,5.576668E-01,1.013258E-01,0.000000E+00,0.000000E+00,0.000000E+00,0.000000E+00,0.000000E+00,0.000000E+00,0.000000E+00,0.000000E+00,2.110805E+01,7.994183E+01,2.388825E+01,6.207727E+01
22:52:00,8.009236E+03,1.144779E+03,5.576668E-01,1.010998E-01,0.000000E+00,0.000000E+00,0.000000E+00,0.000000E+00,0.000000E+00,0.000000E+00,0.000000E+00,0.000000E+00,2.110805E+01,7.994183E+01,2.388825E+01,6.209940E+01
22:53:00,8.009236E+03,1.142230E+03,5.576668E-01,1.008746E-01,0.000000E+00,0.000000E+00,0.000000E+00,0.000000E+00,0.000000E+00,0.000000E+00,0.000000E+00,0.000000E+00,2.110805E+01,7.994183E+01,2.388826E+01,6.212152E+01
22:54:00,8.009236E+03,1.139689E+03,5.576668E-01,1.006503E-01,0.000000E+00,0.000000E+00,0.000000E+00,0.000000E+00,0.000000E+00,0.000000E+00,0.000000E+00,0.000000E+00,2.110805E+01,7.994183E+01,2.388826E+01,6.214363E+01
22:55:00,8.009236E+03,1.137159E+03,5.576668E-01,1.004268E-01,0.000000E+00,0.000000E+00,0.000000E+00,0.000000E+00,0.000000E+00,0.000000E+00,0.000000E+00,0.000000E+00,2.110805E+01,7.994183E+01,2.388826E+01,6.216574E+01
22:56:00,8.009236E+03,1.134638E+03,5.576668E-01,1.002042E-01,0.000000E+00,0.000000E+00,0.000000E+00,0.000000E+00,0.000000E+00,0.000000E+00,0.000000E+00,0.000000E+00,2.110805E+01,7.994183E+01,2.388826E+01,6.218785E+01
22:57:00,8.009236E+03,1.132127E+03,5.576668E-01,9.998240E-02,0.000000E+00,0.000000E+00,0.000000E+00,0.000000E+00,0.000000E+00,0.000000E+00,0.000000E+00,0.000000E+00,2.110805E+01,7.994183E+01,2.388826E+01,6.220995E+01
22:58:00,8.009236E+03,1.129626E+03,5.576668E-01,9.976149E-02,0.000000E+00,0.000000E+00,0.000000E+00,0.000000E+00,0.000000E+00,0.000000E+00,0.000000E+00,0.000000E+00,2.110805E+01,7.994183E+01,2.388826E+01,6.223206E+01
22:59:00,8.009236E+03,1.127134E+03,5.576668E-01,9.954143E-02,0.000000E+00,0.000000E+00,0.000000E+00,0.000000E+00,0.000000E+00,0.000000E+00,0.000000E+00,0.000000E+00,2.110805E+01,7.994183E+01,2.388826E+01,6.225415E+01
23:00:00,8.009236E+03,1.124652E+03,5.576668E-01,9.932223E-02,0.000000E+00,0.000000E+00,0.000000E+00,0.000000E+00,0.000000E+00,0.000000E+00,0.000000E+00,0.000000E+00,2.110805E+01,7.994183E+01,2.388826E+01,6.227625E+01
23:01:00,8.009236E+03,1.122174E+03,5.576668E-01,9.910338E-02,0.000000E+00,0.000000E+00,0.000000E+00,0.000000E+00,0.000000E+00,0.000000E+00,0.000000E+00,0.000000E+00,2.110805E+01,7.994183E+01,2.388826E+01,6.229835E+01
23:02:00,8.009236E+03,1.119700E+03,5.576668E-01,9.888488E-02,0.000000E+00,0.000000E+00,0.000000E+00,0.000000E+00,0.000000E+00,0.000000E+00,0.000000E+00,0.000000E+00,2.110805E+01,7.994183E+01,2.388826E+01,6.232044E+01
23:03:00,8.009236E+03,1.117230E+03,5.576668E-01,9.866674E-02,0.000000E+00,0.000000E+00,0.000000E+00,0.000000E+00,0.000000E+00,0.000000E+00,0.000000E+00,0.000000E+00,2.110805E+01,7.994183E+01,2.388826E+01,6.234254E+01
23:04:00,8.009236E+03,1.114764E+03,5.576668E-01,9.844895E-02,0.000000E+00,0.000000E+00,0.000000E+00,0.000000E+00,0.000000E+00,0.000000E+00,0.000000E+00,0.000000E+00,2.110805E+01,7.994183E+01,2.388826E+01,6.236463E+01
23:05:00,8.009236E+03,1.112302E+03,5.576668E-01,9.823151E-02,0.000000E+00,0.000000E+00,0.000000E+00,0.000000E+00,0.000000E+00,0.000000E+00,0.000000E+00,0.000000E+00,2.110805E+01,7.994183E+01,2.388826E+01,6.238672E+01
23:06:00,8.009236E+03,1.109844E+03,5.576668E-01,9.801443E-02,0.000000E+00,0.000000E+00,0.000000E+00,0.000000E+00,0.000000E+00,0.000000E+00,0.000000E+00,0.000000E+00,2.110805E+01,7.994183E+01,2.388826E+01,6.240881E+01
23:07:00,8.009236E+03,1.107390E+03,5.576668E-01,9.779770E-02,0.000000E+00,0.000000E+00,0.000000E+00,0.000000E+00,0.000000E+00,0.000000E+00,0.000000E+00,0.000000E+00,2.110805E+01,7.994183E+01,2.388827E+01,6.243091E+01
23:08:00,8.009236E+03,1.104940E+03,5.576668E-01,9.758131E-02,0.000000E+00,0.000000E+00,0.000000E+00,0.000000E+00,0.000000E+00,0.000000E+00,0.000000E+00,0.000000E+00,2.110805E+01,7.994183E+01,2.388827E+01,6.245300E+01
23:09:00,8.009236E+03,1.102494E+03,5.576668E-01,9.736528E-02,0.000000E+00,0.000000E+00,0.000000E+00,0.000000E+00,0.000000E+00,0.000000E+00,0.000000E+00,0.000000E+00,2.110805E+01,7.994183E+01,2.388827E+01,6.247509E+01
23:10:00,8.009236E+03,1.100052E+03,5.576668E-01,9.714959E-02,0.000000E+00,0.000000E+00,0.000000E+00,0.000000E+00,0.000000E+00,0.000000E+00,0.000000E+00,0.000000E+00,2.110805E+01,7.994183E+01,2.388827E+01,6.249719E+01
23:11:00,8.009236E+03,1.097613E+03,5.576668E-01,9.693426E-02,0.000000E+00,0.000000E+00,0.000000E+00,0.000000E+00,0.000000E+00,0.000000E+00,0.000000E+00,0.000000E+00,2.110805E+01,7.994183E+01,2.388827E+01,6.251929E+01
23:12:00,8.009236E+03,1.095179E+03,5.576668E-01,9.671927E-02,0.000000E+00,0.000000E+00,0.000000E+00,0.000000E+00,0.000000E+00,0.000000E+00,0.000000E+00,0.000000E+00,2.110805E+01,7.994183E+01,2.388827E+01,6.254139E+01
23:13:00,8.009236E+03,1.092749E+03,5.576668E-01,9.650462E-02,0.000000E+00,0.000000E+00,0.000000E+00,0.000000E+00,0.000000E+00,0.000000E+00,0.000000E+00,0.000000E+00,2.110805E+01,7.994183E+01,2.388827E+01,6.256349E+01
23:14:00,8.009236E+03,1.090322E+03,5.576668E-01,9.629033E-02,0.000000E+00,0.000000E+00,0.000000E+00,0.000000E+00,0.000000E+00,0.000000E+00,0.000000E+00,0.000000E+00,2.110805E+01,7.994183E+01,2.388827E+01,6.258559E+01
23:15:00,8.009236E+03,1.087900E+03,5.576668E-01,9.607637E-02,0.000000E+00,0.000000E+00,0.000000E+00,0.000000E+00,0.000000E+00,0.000000E+00,0.000000E+00,0.000000E+00,2.110805E+01,7.994183E+01,2.388827E+01,6.260770E+01
23:16:00,8.009236E+03,1.085481E+03,5.576668E-01,9.586276E-02,0.000000E+00,0.000000E+00,0.000000E+00,0.000000E+00,0.000000E+00,0.000000E+00,0.000000E+00,0.000000E+00,2.110805E+01,7.994183E+01,2.388827E+01,6.262981E+01
23:17:00,8.009236E+03,1.083066E+03,5.576668E-01,9.564950E-02,0.000000E+00,0.000000E+00,0.000000E+00,0.000000E+00,0.000000E+00,0.000000E+00,0.000000E+00,0.000000E+00,2.110805E+01,7.994183E+01,2.388827E+01,6.265192E+01
23:18:00,8.009236E+03,1.080655E+03,5.576668E-01,9.543657E-02,0.000000E+00,0.000000E+00,0.000000E+00,0.000000E+00,0.000000E+00,0.000000E+00,0.000000E+00,0.000000E+00,2.110805E+01,7.994183E+01,2.388827E+01,6.267403E+01
23:19:00,8.009236E+03,1.078248E+03,5.576668E-01,9.522399E-02,0.000000E+00,0.000000E+00,0.000000E+00,0.000000E+00,0.000000E+00,0.000000E+00,0.000000E+00,0.000000E+00,2.110805E+01,7.994183E+01,2.388827E+01,6.269615E+01
23:20:00,8.009236E+03,1.075845E+03,5.576668E-01,9.501175E-02,0.000000E+00,0.000000E+00,0.000000E+00,0.000000E+00,0.000000E+00,0.000000E+00,0.000000E+00,0.000000E+00,2.110805E+01,7.994183E+01,2.388828E+01,6.271827E+01
23:21:00,8.009236E+03,1.073446E+03,5.576668E-01,9.479985E-02,0.000000E+00,0.000000E+00,0.000000E+00,0.000000E+00,0.000000E+00,0.000000E+00,0.000000E+00,0.000000E+00,2.110805E+01,7.994183E+01,2.388828E+01,6.274039E+01
23:22:00,8.009236E+03,1.071050E+03,5.576668E-01,9.458828E-02,0.000000E+00,0.000000E+00,0.000000E+00,0.000000E+00,0.000000E+00,0.000000E+00,0.000000E+00,0.000000E+00,2.110805E+01,7.994183E+01,2.388828E+01,6.276252E+01
23:23:00,8.009236E+03,1.068658E+03,5.576668E-01,9.437706E-02,0.000000E+00,0.000000E+00,0.000000E+00,0.000000E+00,0.000000E+00,0.000000E+00,0.000000E+00,0.000000E+00,2.110805E+01,7.994183E+01,2.388828E+01,6.278465E+01
23:24:00,8.009236E+03,1.066271E+03,5.576668E-01,9.416617E-02,0.000000E+00,0.000000E+00,0.000000E+00,0.000000E+00,0.000000E+00,0.000000E+00,0.000000E+00,0.000000E+00,2.110805E+01,7.994183E+01,2.388828E+01,6.280679E+01
23:25:00,8.009236E+03,1.063886E+03,5.576668E-01,9.395561E-02,0.000000E+00,0.000000E+00,0.000000E+00,0.000000E+00,0.000000E+00,0.000000E+00,0.000000E+00,0.000000E+00,2.110805E+01,7.994183E+01,2.388828E+01,6.282893E+01
23:26:00,8.009236E+03,1.061506E+03,5.576668E-01,9.374540E-02,0.000000E+00,0.000000E+00,0.000000E+00,0.000000E+00,0.000000E+00,0.000000E+00,0.000000E+00,0.000000E+00,2.110805E+01,7.994183E+01,2.388828E+01,6.285107E+01
23:27:00,8.009236E+03,1.059130E+03,5.576668E-01,9.353551E-02,0.000000E+00,0.000000E+00,0.000000E+00,0.000000E+00,0.000000E+00,0.000000E+00,0.000000E+00,0.000000E+00,2.110805E+01,7.994183E+01,2.388828E+01,6.287322E+01
23:28:00,8.009236E+03,1.056757E+03,5.576668E-01,9.332596E-02,0.000000E+00,0.000000E+00,0.000000E+00,0.000000E+00,0.000000E+00,0.000000E+00,0.000000E+00,0.000000E+00,2.110805E+01,7.994183E+01,2.388828E+01,6.289538E+01
23:29:00,8.009236E+03,1.054388E+03,5.576668E-01,9.311674E-02,0.000000E+00,0.000000E+00,0.000000E+00,0.000000E+00,0.000000E+00,0.000000E+00,0.000000E+00,0.000000E+00,2.110805E+01,7.994183E+01,2.388828E+01,6.291754E+01
23:30:00,8.009236E+03,1.052023E+03,5.576668E-01,9.290786E-02,0.000000E+00,0.000000E+00,0.000000E+00,0.000000E+00,0.000000E+00,0.000000E+00,0.000000E+00,0.000000E+00,2.110805E+01,7.994183E+01,2.388828E+01,6.293970E+01
23:31:00,8.009236E+03,1.049661E+03,5.576668E-01,9.269930E-02,0.000000E+00,0.000000E+00,0.000000E+00,0.000000E+00,0.000000E+00,0.000000E+00,0.000000E+00,0.000000E+00,2.110805E+01,7.994183E+01,2.388828E+01,6.296187E+01
23:32:00,8.009236E+03,1.047304E+03,5.576668E-01,9.249108E-02,0.000000E+00,0.000000E+00,0.000000E+00,0.000000E+00,0.000000E+00,0.000000E+00,0.000000E+00,0.000000E+00,2.110805E+01,7.994183E+01,2.388828E+01,6.298405E+01
23:33:00,8.009236E+03,1.044950E+03,5.576668E-01,9.228318E-02,0.000000E+00,0.000000E+00,0.000000E+00,0.000000E+00,0.000000E+00,0.000000E+00,0.000000E+00,0.000000E+00,2.110805E+01,7.994183E+01,2.388829E+01,6.300623E+01
23:34:00,8.009236E+03,1.042599E+03,5.576668E-01,9.207561E-02,0.000000E+00,0.000000E+00,0.000000E+00,0.000000E+00,0.000000E+00,0.000000E+00,0.000000E+00,0.000000E+00,2.110805E+01,7.994183E+01,2.388829E+01,6.302841E+01
23:35:00,8.009236E+03,1.040253E+03,5.576668E-01,9.186837E-02,0.000000E+00,0.000000E+00,0.000000E+00,0.000000E+00,0.000000E+00,0.000000E+00,0.000000E+00,0.000000E+00,2.110805E+01,7.994183E+01,2.388829E+01,6.305060E+01
23:36:00,8.009236E+03,1.037910E+03,5.576668E-01,9.166145E-02,0.000000E+00,0.000000E+00,0.000000E+00,0.000000E+00,0.000000E+00,0.000000E+00,0.000000E+00,0.000000E+00,2.110805E+01,7.994183E+01,2.388829E+01,6.307280E+01
23:37:00,8.009236E+03,1.035571E+03,5.576668E-01,9.145486E-02,0.000000E+00,0.000000E+00,0.000000E+00,0.000000E+00,0.000000E+00,0.000000E+00,0.000000E+00,0.000000E+00,2.110805E+01,7.994183E+01,2.388829E+01,6.309501E+01
23:38:00,8.009236E+03,1.033235E+03,5.576668E-01,9.124859E-02,0.000000E+00,0.000000E+00,0.000000E+00,0.000000E+00,0.000000E+00,0.000000E+00,0.000000E+00,0.000000E+00,2.110805E+01,7.994183E+01,2.388829E+01,6.311722E+01
23:39:00,8.009236E+03,1.030903E+03,5.576668E-01,9.104264E-02,0.000000E+00,0.000000E+00,0.000000E+00,0.000000E+00,0.000000E+00,0.000000E+00,0.000000E+00,0.000000E+00,2.110805E+01,7.994183E+01,2.388829E+01,6.313943E+01
23:40:00,8.009236E+03,1.028575E+03,5.576668E-01,9.083702E-02,0.000000E+00,0.000000E+00,0.000000E+00,0.000000E+00,0.000000E+00,0.000000E+00,0.000000E+00,0.000000E+00,2.110805E+01,7.994183E+01,2.388829E+01,6.316166E+01
23:41:00,8.009236E+03,1.026250E+03,5.576668E-01,9.063172E-02,0.000000E+00,0.000000E+00,0.000000E+00,0.000000E+00,0.000000E+00,0.000000E+00,0.000000E+00,0.000000E+00,2.110805E+01,7.994183E+01,2.388829E+01,6.318389E+01
23:42:00,8.009236E+03,1.023929E+03,5.576668E-01,9.042674E-02,0.000000E+00,0.000000E+00,0.000000E+00,0.000000E+00,0.000000E+00,0.000000E+00,0.000000E+00,0.000000E+00,2.110805E+01,7.994183E+01,2.388829E+01,6.320613E+01
23:43:00,8.009236E+03,1.021612E+03,5.576668E-01,9.022208E-02,0.000000E+00,0.000000E+00,0.000000E+00,0.000000E+00,0.000000E+00,0.000000E+00,0.000000E+00,0.000000E+00,2.110805E+01,7.994183E+01,2.388829E+01,6.322837E+01
23:44:00,8.009236E+03,1.019298E+03,5.576668E-01,9.001773E-02,0.000000E+00,0.000000E+00,0.000000E+00,0.000000E+00,0.000000E+00,0.000000E+00,0.000000E+00,0.000000E+00,2.110805E+01,7.994183E+01,2.388829E+01,6.325062E+01
23:45:00,8.009236E+03,1.016988E+03,5.576668E-01,8.981371E-02,0.000000E+00,0.000000E+00,0.000000E+00,0.000000E+00,0.000000E+00,0.000000E+00,0.000000E+00,0.000000E+00,2.110805E+01,7.994183E+01,2.388829E+01,6.327287E+01
23:46:00,8.009236E+03,1.014681E+03,5.576668E-01,8.960999E-02,0.000000E+00,0.000000E+00,0.000000E+00,0.000000E+00,0.000000E+00,0.000000E+00,0.000000E+00,0.000000E+00,2.110805E+01,7.994183E+01,2.388830E+01,6.329514E+01
23:47:00,8.009236E+03,1.012378E+03,5.576668E-01,8.940660E-02,0.000000E+00,0.000000E+00,0.000000E+00,0.000000E+00,0.000000E+00,0.000000E+00,0.000000E+00,0.000000E+00,2.110805E+01,7.994183E+01,2.388830E+01,6.331741E+01
23:48:00,8.009236E+03,1.010079E+03,5.576668E-01,8.920352E-02,0.000000E+00,0.000000E+00,0.000000E+00,0.000000E+00,0.000000E+00,0.000000E+00,0.000000E+00,0.000000E+00,2.110805E+01,7.994183E+01,2.388830E+01,6.333969E+01
23:49:00,8.009236E+03,1.007783E+03,5.576668E-01,8.900075E-02,0.000000E+00,0.000000E+00,0.000000E+00,0.000000E+00,0.000000E+00,0.000000E+00,0.000000E+00,0.000000E+00,2.110805E+01,7.994183E+01,2.388830E+01,6.336198E+01
23:50:00,8.009236E+03,1.005490E+03,5.576668E-01,8.879829E-02,0.000000E+00,0.000000E+00,0.000000E+00,0.000000E+00,0.000000E+00,0.000000E+00,0.000000E+00,0.000000E+00,2.110805E+01,7.994183E+01,2.388830E+01,6.338427E+01
23:51:00,8.009236E+03,1.003201E+03,5.576668E-01,8.859615E-02,0.000000E+00,0.000000E+00,0.000000E+00,0.000000E+00,0.000000E+00,0.000000E+00,0.000000E+00,0.000000E+00,2.110805E+01,7.994183E+01,2.388830E+01,6.340657E+01
23:52:00,8.009236E+03,1.000916E+03,5.576668E-01,8.839431E-02,0.000000E+00,0.000000E+00,0.000000E+00,0.000000E+00,0.000000E+00,0.000000E+00,0.000000E+00,0.000000E+00,2.110805E+01,7.994183E+01,2.388830E+01,6.342888E+01
23:53:00,8.009236E+03,9.986342E+02,5.576668E-01,8.819279E-02,0.000000E+00,0.000000E+00,0.000000E+00,0.000000E+00,0.000000E+00,0.000000E+00,0.000000E+00,0.000000E+00,2.110805E+01,7.994183E+01,2.388830E+01,6.345120E+01
23:54:00,8.009236E+03,9.963558E+02,5.576668E-01,8.799157E-02,0.000000E+00,0.000000E+00,0.000000E+00,0.000000E+00,0.000000E+00,0.000000E+00,0.000000E+00,0.000000E+00,2.110805E+01,7.994183E+01,2.388830E+01,6.347352E+01
23:55:00,8.009236E+03,9.940809E+02,5.576668E-01,8.779066E-02,0.000000E+00,0.000000E+00,0.000000E+00,0.000000E+00,0.000000E+00,0.000000E+00,0.000000E+00,0.000000E+00,2.110805E+01,7.994183E+01,2.388830E+01,6.349586E+01
23:56:00,8.009236E+03,9.918095E+02,5.576668E-01,8.759006E-02,0.000000E+00,0.000000E+00,0.000000E+00,0.000000E+00,0.000000E+00,0.000000E+00,0.000000E+00,0.000000E+00,2.110805E+01,7.994183E+01,2.388830E+01,6.351820E+01
23:57:00,8.009236E+03,9.895415E+02,5.576668E-01,8.738976E-02,0.000000E+00,0.000000E+00,0.000000E+00,0.000000E+00,0.000000E+00,0.000000E+00,0.000000E+00,0.000000E+00,2.110805E+01,7.994183E+01,2.388830E+01,6.354055E+01
23:58:00,8.009236E+03,9.872770E+02,5.576668E-01,8.718976E-02,0.000000E+00,0.000000E+00,0.000000E+00,0.000000E+00,0.000000E+00,0.000000E+00,0.000000E+00,0.000000E+00,2.110805E+01,7.994183E+01,2.388830E+01,6.356291E+01
23:59:00,8.009236E+03,9.850159E+02,5.576668E-01,8.699007E-02,0.000000E+00,0.000000E+00,0.000000E+00,0.000000E+00,0.000000E+00,0.000000E+00,0.000000E+00,0.000000E+00,2.110805E+01,7.994183E+01,2.388831E+01,6.358527E+01
24:00:00,8.009236E+03,9.827582E+02,5.576668E-01,8.679068E-02,0.000000E+00,0.000000E+00,0.000000E+00,0.000000E+00,0.000000E+00,0.000000E+00,0.000000E+00,0.000000E+00,2.110805E+01,7.994183E+01,2.388831E+01,6.360765E+01
Peak,8.009236E+03,2.269302E+03,5.576668E-01,2.004150E-01,0.000000E+00,0.000000E+00,0.000000E+00,0.000000E+00,0.000000E+00,0.000000E+00,0.000000E+00,0.000000E+00,,,,

Peak Vol Flow (m3/s),,,4.734066E-01,1.701335E-01,,,0.000000E+00,0.000000E+00,,,,,,,,
