Time,LIVINGZONE:CHICAGO MIDWAY AP ANN HTG 99.6% CONDNS DB:Des Heat Load [W],LIVINGZONE:CHICAGO MIDWAY AP ANN CLG .4% CONDNS DB=>MWB:Des Sens Cool Load [W],LIVINGZONE:CHICAGO MIDWAY AP ANN HTG 99.6% CONDNS DB:Des Heat Mass Flow [kg/s],LIVINGZONE:CHICAGO MIDWAY AP ANN CLG .4% CONDNS DB=>MWB:Des Cool Mass Flow [kg/s],LIVINGZONE::Des Latent Heat Load [W],LIVINGZONE::Des Latent Cool Load [W],LIVINGZONE::Des Latent Heat Mass Flow [kg/s],LIVINGZONE::Des Latent Cool Mass Flow [kg/s],LIVINGZONE::Des Heat Load No DOAS [W],LIVINGZONE::Des Sens Cool Load No DOAS [W],LIVINGZONE::Des Latent Heat Load No DOAS [W],LIVINGZONE::Des Latent Cool Load No DOAS [W],LIVINGZONE:CHICAGO MIDWAY AP ANN HTG 99.6% CONDNS DB:Heating Zone Temperature [C],LIVINGZONE:CHICAGO MIDWAY AP ANN HTG 99.6% CONDNS DB:Heating Zone Relative Humidity [%],LIVINGZONE:CHICAGO MIDWAY AP ANN CLG .4% CONDNS DB=>MWB:Cooling Zone Temperature [C],LIVINGZONE:CHICAGO MIDWAY AP ANN CLG .4% CONDNS DB=>MWB:Cooling Zone Relative Humidity [%]
00:01:00,8.010554E+03,9.859159E+02,5.577586E-01,8.706956E-02,0.000000E+00,0.000000E+00,0.000000E+00,0.000000E+00,0.000000E+00,0.000000E+00,0.000000E+00,0.000000E+00,2.110805E+01,7.994408E+01,2.388830E+01,6.357716E+01
00:02:00,8.010554E+03,9.836590E+02,5.577586E-01,8.687024E-02,0.000000E+00,0.000000E+00,0.000000E+00,0.000000E+00,0.000000E+00,0.000000E+00,0.000000E+00,0.000000E+00,2.110805E+01,7.994408E+01,2.388831E+01,6.359953E+01
00:03:00,8.010554E+03,9.814084E+02,5.577586E-01,8.667147E-02,0.000000E+00,0.000000E+00,0.000000E+00,0.000000E+00,0.000000E+00,0.000000E+00,0.000000E+00,0.000000E+00,2.110805E+01,7.994408E+01,2.388831E+01,6.362186E+01
00:04:00,8.010554E+03,9.791640E+02,5.577586E-01,8.647326E-02,0.000000E+00,0.000000E+00,0.000000E+00,0.000000E+00,0.000000E+00,0.000000E+00,0.000000E+00,0.000000E+00,2.110805E+01,7.994408E+01,2.388831E+01,6.364415E+01
00:05:00,8.010554E+03,9.769258E+02,5.577586E-01,8.627559E-02,0.000000E+00,0.000000E+00,0.000000E+00,0.000000E+00,0.000000E+00,0.000000E+00,0.000000E+00,0.000000E+00,2.110805E+01,7.994408E+01,2.388831E+01,6.366640E+01
00:06:00,8.010554E+03,9.746939E+02,5.577586E-01,8.607847E-02,0.000000E+00,0.000000E+00,0.000000E+00,0.000000E+00,0.000000E+00,0.000000E+00,0.000000E+00,0.000000E+00,2.110805E+01,7.994408E+01,2.388831E+01,6.368861E+01
00:07:00,8.010554E+03,9.724681E+02,5.577586E-01,8.588190E-02,0.000000E+00,0.000000E+00,0.000000E+00,0.000000E+00,0.000000E+00,0.000000E+00,0.000000E+00,0.000000E+00,2.110805E+01,7.994408E+01,2.388831E+01,6.371078E+01
00:08:00,8.010554E+03,9.702486E+02,5.577586E-01,8.568588E-02,0.000000E+00,0.000000E+00,0.000000E+00,0.000000E+00,0.000000E+00,0.000000E+00,0.000000E+00,0.000000E+00,2.110805E+01,7.994408E+01,2.388831E+01,6.373291E+01
00:09:00,8.010554E+03,9.680352E+02,5.577586E-01,8.549040E-02,0.000000E+00,0.000000E+00,0.000000E+00,0.000000E+00,0.000000E+00,0.000000E+00,0.000000E+00,0.000000E+00,2.110805E+01,7.994408E+01,2.388831E+01,6.375501E+01
00:10:00,8.010554E+03,9.658280E+02,5.577586E-01,8.529547E-02,0.000000E+00,0.000000E+00,0.000000E+00,0.000000E+00,0.000000E+00,0.000000E+00,0.000000E+00,0.000000E+00,2.110805E+01,7.994408E+01,2.388831E+01,6.377708E+01
00:11:00,8.010554E+03,9.636269E+02,5.577586E-01,8.510108E-02,0.000000E+00,0.000000E+00,0.000000E+00,0.000000E+00,0.000000E+00,0.000000E+00,0.000000E+00,0.000000E+00,2.110805E+01,7.994408E+01,2.388831E+01,6.379911E+01
00:12:00,8.010554E+03,9.614320E+02,5.577586E-01,8.490724E-02,0.000000E+00,0.000000E+00,0.000000E+00,0.000000E+00,0.000000E+00,0.000000E+00,0.000000E+00,0.000000E+00,2.110805E+01,7.994408E+01,2.388831E+01,6.382111E+01
00:13:00,8.010554E+03,9.592432E+02,5.577586E-01,8.471393E-02,0.000000E+00,0.000000E+00,0.000000E+00,0.000000E+00,0.000000E+00,0.000000E+00,0.000000E+00,0.000000E+00,2.110805E+01,7.994408E+01,2.388831E+01,6.384308E+01
00:14:00,8.010554E+03,9.570606E+02,5.577586E-01,8.452117E-02,0.000000E+00,0.000000E+00,0.000000E+00,0.000000E+00,0.000000E+00,0.000000E+00,0.000000E+00,0.000000E+00,2.110805E+01,7.994408E+01,2.388831E+01,6.386503E+01
00:15:00,8.010554E+03,9.548840E+02,5.577586E-01,8.432895E-02,0.000000E+00,0.000000E+00,0.000000E+00,0.000000E+00,0.000000E+00,0.000000E+00,0.000000E+00,0.000000E+00,2.110805E+01,7.994408E+01,2.388831E+01,6.388694E+01
00:16:00,8.010554E+03,9.527136E+02,5.577586E-01,8.413726E-02,0.000000E+00,0.000000E+00,0.000000E+00,0.000000E+00,0.000000E+00,0.000000E+00,0.000000E+00,0.000000E+00,2.110805E+01,7.994408E+01,2.388832E+01,6.390883E+01
00:17:00,8.010554E+03,9.505493E+02,5.577586E-01,8.394612E-02,0.000000E+00,0.000000E+00,0.000000E+00,0.000000E+00,0.000000E+00,0.000000E+00,0.000000E+00,0.000000E+00,2.110805E+01,7.994408E+01,2.388832E+01,6.393069E+01
00:18:00,8.010554E+03,9.483910E+02,5.577586E-01,8.375551E-02,0.000000E+00,0.000000E+00,0.000000E+00,0.000000E+00,0.000000E+00,0.000000E+00,0.000000E+00,0.000000E+00,2.110805E+01,7.994408E+01,2.388832E+01,6.395253E+01
00:19:00,8.010553E+03,9.462388E+02,5.577586E-01,8.356544E-02,0.000000E+00,0.000000E+00,0.000000E+00,0.000000E+00,0.000000E+00,0.000000E+00,0.000000E+00,0.000000E+00,2.110805E+01,7.994408E+01,2.388832E+01,6.397434E+01
00:20:00,8.010553E+03,9.440927E+02,5.577586E-01,8.337590E-02,0.000000E+00,0.000000E+00,0.000000E+00,0.000000E+00,0.000000E+00,0.000000E+00,0.000000E+00,0.000000E+00,2.110805E+01,7.994408E+01,2.388832E+01,6.399613E+01
00:21:00,8.010553E+03,9.419526E+02,5.577586E-01,8.318689E-02,0.000000E+00,0.000000E+00,0.000000E+00,0.000000E+00,0.000000E+00,0.000000E+00,0.000000E+00,0.000000E+00,2.110805E+01,7.994408E+01,2.388832E+01,6.401790E+01
00:22:00,8.010553E+03,9.398185E+02,5.577586E-01,8.299842E-02,0.000000E+00,0.000000E+00,0.000000E+00,0.000000E+00,0.000000E+00,0.000000E+00,0.000000E+00,0.000000E+00,2.110805E+01,7.994408E+01,2.388832E+01,6.403964E+01
00:23:00,8.010553E+03,9.376905E+02,5.577585E-01,8.281049E-02,0.000000E+00,0.000000E+00,0.000000E+00,0.000000E+00,0.000000E+00,0.000000E+00,0.000000E+00,0.000000E+00,2.110805E+01,7.994408E+01,2.388832E+01,6.406136E+01
00:24:00,8.010553E+03,9.355685E+02,5.577585E-01,8.262308E-02,0.000000E+00,0.000000E+00,0.000000E+00,0.000000E+00,0.000000E+00,0.000000E+00,0.000000E+00,0.000000E+00,2.110805E+01,7.994408E+01,2.388832E+01,6.408307E+01
00:25:00,8.010553E+03,9.334525E+02,5.577585E-01,8.243620E-02,0.000000E+00,0.000000E+00,0.000000E+00,0.000000E+00,0.000000E+00,0.000000E+00,0.000000E+00,0.000000E+00,2.110805E+01,7.994408E+01,2.388832E+01,6.410476E+01
00:26:00,8.010553E+03,9.313425E+02,5.577585E-01,8.224985E-02,0.000000E+00,0.000000E+00,0.000000E+00,0.000000E+00,0.000000E+00,0.000000E+00,0.000000E+00,0.000000E+00,2.110805E+01,7.994408E+01,2.388832E+01,6.412642E+01
00:27:00,8.010553E+03,9.292384E+02,5.577585E-01,8.206403E-02,0.000000E+00,0.000000E+00,0.000000E+00,0.000000E+00,0.000000E+00,0.000000E+00,0.000000E+00,0.000000E+00,2.110805E+01,7.994408E+01,2.388832E+01,6.414807E+01
00:28:00,8.010553E+03,9.271404E+02,5.577585E-01,8.187874E-02,0.000000E+00,0.000000E+00,0.000000E+00,0.000000E+00,0.000000E+00,0.000000E+00,0.000000E+00,0.000000E+00,2.110805E+01,7.994408E+01,2.388832E+01,6.416971E+01
00:29:00,8.010553E+03,9.250483E+02,5.577585E-01,8.169398E-02,0.000000E+00,0.000000E+00,0.000000E+00,0.000000E+00,0.000000E+00,0.000000E+00,0.000000E+00,0.000000E+00,2.110805E+01,7.994408E+01,2.388832E+01,6.419132E+01
00:30:00,8.010553E+03,9.229621E+02,5.577585E-01,8.150974E-02,0.000000E+00,0.000000E+00,0.000000E+00,0.000000E+00,0.000000E+00,0.000000E+00,0.000000E+00,0.000000E+00,2.110805E+01,7.994408E+01,2.388833E+01,6.421292E+01
00:31:00,8.010553E+03,9.208819E+02,5.577585E-01,8.132602E-02,0.000000E+00,0.000000E+00,0.000000E+00,0.000000E+00,0.000000E+00,0.000000E+00,0.000000E+00,0.000000E+00,2.110805E+01,7.994408E+01,2.388833E+01,6.423451E+01
00:32:00,8.010553E+03,9.188076E+02,5.577585E-01,8.114283E-02,0.000000E+00,0.000000E+00,0.000000E+00,0.000000E+00,0.000000E+00,0.000000E+00,0.000000E+00,0.000000E+00,2.110805E+01,7.994408E+01,2.388833E+01,6.425608E+01
00:33:00,8.010553E+03,9.167392E+02,5.577585E-01,8.096016E-02,0.000000E+00,0.000000E+00,0.000000E+00,0.000000E+00,0.000000E+00,0.000000E+00,0.000000E+00,0.000000E+00,2.110805E+01,7.994408E+01,2.388833E+01,6.427764E+01
00:34:00,8.010553E+03,9.146768E+02,5.577585E-01,8.077801E-02,0.000000E+00,0.000000E+00,0.000000E+00,0.000000E+00,0.000000E+00,0.000000E+00,0.000000E+00,0.000000E+00,2.110805E+01,7.994408E+01,2.388833E+01,6.429918E+01
00:35:00,8.010553E+03,9.126202E+02,5.577585E-01,8.059638E-02,0.000000E+00,0.000000E+00,0.000000E+00,0.000000E+00,0.000000E+00,0.000000E+00,0.000000E+00,0.000000E+00,2.110805E+01,7.994408E+01,2.388833E+01,6.432071E+01
00:36:00,8.010553E+03,9.105695E+02,5.577585E-01,8.041527E-02,0.000000E+00,0.000000E+00,0.000000E+00,0.000000E+00,0.000000E+00,0.000000E+00,0.000000E+00,0.000000E+00,2.110805E+01,7.994408E+01,2.388833E+01,6.434224E+01
00:37:00,8.010553E+03,9.085247E+02,5.577585E-01,8.023469E-02,0.000000E+00,0.000000E+00,0.000000E+00,0.000000E+00,0.000000E+00,0.000000E+00,0.000000E+00,0.000000E+00,2.110805E+01,7.994408E+01,2.388833E+01,6.436374E+01
00:38:00,8.010553E+03,9.064858E+02,5.577585E-01,8.005461E-02,0.000000E+00,0.000000E+00,0.000000E+00,0.000000E+00,0.000000E+00,0.000000E+00,0.000000E+00,0.000000E+00,2.110805E+01,7.994408E+01,2.388833E+01,6.438524E+01
00:39:00,8.010553E+03,9.044527E+02,5.577585E-01,7.987506E-02,0.000000E+00,0.000000E+00,0.000000E+00,0.000000E+00,0.000000E+00,0.000000E+00,0.000000E+00,0.000000E+00,2.110805E+01,7.994408E+01,2.388833E+01,6.440673E+01
00:40:00,8.010553E+03,9.024254E+02,5.577585E-01,7.969602E-02,0.000000E+00,0.000000E+00,0.000000E+00,0.000000E+00,0.000000E+00,0.000000E+00,0.000000E+00,0.000000E+00,2.110805E+01,7.994408E+01,2.388833E+01,6.442821E+01
00:41:00,8.010552E+03,9.004040E+02,5.577585E-01,7.951750E-02,0.000000E+00,0.000000E+00,0.000000E+00,0.000000E+00,0.000000E+00,0.000000E+00,0.000000E+00,0.000000E+00,2.110805E+01,7.994408E+01,2.388833E+01,6.444968E+01
00:42:00,8.010552E+03,8.983884E+02,5.577585E-01,7.933949E-02,0.000000E+00,0.000000E+00,0.000000E+00,0.000000E+00,0.000000E+00,0.000000E+00,0.000000E+00,0.000000E+00,2.110805E+01,7.994408E+01,2.388833E+01,6.447114E+01
00:43:00,8.010552E+03,8.963786E+02,5.577585E-01,7.916200E-02,0.000000E+00,0.000000E+00,0.000000E+00,0.000000E+00,0.000000E+00,0.000000E+00,0.000000E+00,0.000000E+00,2.110805E+01,7.994408E+01,2.388833E+01,6.449259E+01
00:44:00,8.010552E+03,8.943747E+02,5.577585E-01,7.898502E-02,0.000000E+00,0.000000E+00,0.000000E+00,0.000000E+00,0.000000E+00,0.000000E+00,0.000000E+00,0.000000E+00,2.110805E+01,7.994408E+01,2.388833E+01,6.451404E+01
00:45:00,8.010552E+03,8.923765E+02,5.577585E-01,7.880854E-02,0.000000E+00,0.000000E+00,0.000000E+00,0.000000E+00,0.000000E+00,0.000000E+00,0.000000E+00,0.000000E+00,2.110805E+01,7.994408E+01,2.388834E+01,6.453547E+01
00:46:00,8.010552E+03,8.903841E+02,5.577585E-01,7.863258E-02,0.000000E+00,0.000000E+00,0.000000E+00,0.000000E+00,0.000000E+00,0.000000E+00,0.000000E+00,0.000000E+00,2.110805E+01,7.994408E+01,2.388834E+01,6.455690E+01
00:47:00,8.010552E+03,8.883975E+02,5.577585E-01,7.845713E-02,0.000000E+00,0.000000E+00,0.000000E+00,0.000000E+00,0.000000E+00,0.000000E+00,0.000000E+00,0.000000E+00,2.110805E+01,7.994408E+01,2.388834E+01,6.457832E+01
00:48:00,8.010552E+03,8.864166E+02,5.577585E-01,7.828219E-02,0.000000E+00,0.000000E+00,0.000000E+00,0.000000E+00,0.000000E+00,0.000000E+00,0.000000E+00,0.000000E+00,2.110805E+01,7.994408E+01,2.388834E+01,6.459974E+01
00:49:00,8.010552E+03,8.844415E+02,5.577585E-01,7.810776E-02,0.000000E+00,0.000000E+00,0.000000E+00,0.000000E+00,0.000000E+00,0.000000E+00,0.000000E+00,0.000000E+00,2.110805E+01,7.994408E+01,2.388834E+01,6.462115E+01
00:50:00,8.010552E+03,8.824721E+02,5.577585E-01,7.793383E-02,0.000000E+00,0.000000E+00,0.000000E+00,0.000000E+00,0.000000E+00,0.000000E+00,0.000000E+00,0.000000E+00,2.110805E+01,7.994408E+01,2.388834E+01,6.464255E+01
00:51:00,8.010552E+03,8.805085E+02,5.577585E-01,7.776041E-02,0.000000E+00,0.000000E+00,0.000000E+00,0.000000E+00,0.000000E+00,0.000000E+00,0.000000E+00,0.000000E+00,2.110805E+01,7.994408E+01,2.388834E+01,6.466395E+01
00:52:00,8.010552E+03,8.785506E+02,5.577585E-01,7.758750E-02,0.000000E+00,0.000000E+00,0.000000E+00,0.000000E+00,0.000000E+00,0.000000E+00,0.000000E+00,0.000000E+00,2.110805E+01,7.994408E+01,2.388834E+01,6.468535E+01
00:53:00,8.010552E+03,8.765984E+02,5.577585E-01,7.741509E-02,0.000000E+00,0.000000E+00,0.000000E+00,0.000000E+00,0.000000E+00,0.000000E+00,0.000000E+00,0.000000E+00,2.110805E+01,7.994408E+01,2.388834E+01,6.470674E+01
00:54:00,8.010552E+03,8.746519E+02,5.577585E-01,7.724318E-02,0.000000E+00,0.000000E+00,0.000000E+00,0.000000E+00,0.000000E+00,0.000000E+00,0.000000E+00,0.000000E+00,2.110805E+01,7.994408E+01,2.388834E+01,6.472813E+01
00:55:00,8.010552E+03,8.727111E+02,5.577584E-01,7.707178E-02,0.000000E+00,0.000000E+00,0.000000E+00,0.000000E+00,0.000000E+00,0.000000E+00,0.000000E+00,0.000000E+00,2.110805E+01,7.994408E+01,2.388834E+01,6.474951E+01
00:56:00,8.010552E+03,8.707760E+02,5.577584E-01,7.690088E-02,0.000000E+00,0.000000E+00,0.000000E+00,0.000000E+00,0.000000E+00,0.000000E+00,0.000000E+00,0.000000E+00,2.110805E+01,7.994408E+01,2.388834E+01,6.477089E+01
00:57:00,8.010552E+03,8.688465E+02,5.577584E-01,7.673048E-02,0.000000E+00,0.000000E+00,0.000000E+00,0.000000E+00,0.000000E+00,0.000000E+00,0.000000E+00,0.000000E+00,2.110805E+01,7.994408E+01,2.388834E+01,6.479226E+01
00:58:00,8.010552E+03,8.669228E+02,5.577584E-01,7.656058E-02,0.000000E+00,0.000000E+00,0.000000E+00,0.000000E+00,0.000000E+00,0.000000E+00,0.000000E+00,0.000000E+00,2.110805E+01,7.994408E+01,2.388835E+01,6.481364E+01
00:59:00,8.010552E+03,8.650046E+02,5.577584E-01,7.639118E-02,0.000000E+00,0.000000E+00,0.000000E+00,0.000000E+00,0.000000E+00,0.000000E+00,0.000000E+00,0.000000E+00,2.110805E+01,7.994408E+01,2.388835E+01,6.483501E+01
01:00:00,8.010552E+03,8.630922E+02,5.577584E-01,7.622228E-02,0.000000E+00,0.000000E+00,0.000000E+00,0.000000E+00,0.000000E+00,0.000000E+00,0.000000E+00,0.000000E+00,2.110805E+01,7.994408E+01,2.388835E+01,6.485638E+01
01:01:00,8.010552E+03,8.611884E+02,5.577584E-01,7.605415E-02,0.000000E+00,0.000000E+00,0.000000E+00,0.000000E+00,0.000000E+00,0.000000E+00,0.000000E+00,0.000000E+00,2.110805E+01,7.994408E+01,2.388835E+01,6.487774E+01
01:02:00,8.010552E+03,8.592931E+02,5.577584E-01,7.588677E-02,0.000000E+00,0.000000E+00,0.000000E+00,0.000000E+00,0.000000E+00,0.000000E+00,0.000000E+00,0.000000E+00,2.110805E+01,7.994408E+01,2.388835E+01,6.489904E+01
01:03:00,8.010552E+03,8.574063E+02,5.577584E-01,7.572013E-02,0.000000E+00,0.000000E+00,0.000000E+00,0.000000E+00,0.000000E+00,0.000000E+00,0.000000E+00,0.000000E+00,2.110805E+01,7.994408E+01,2.388835E+01,6.492025E+01
01:04:00,8.010552E+03,8.555279E+02,5.577584E-01,7.555424E-02,0.000000E+00,0.000000E+00,0.000000E+00,0.000000E+00,0.000000E+00,0.000000E+00,0.000000E+00,0.000000E+00,2.110805E+01,7.994408E+01,2.388835E+01,6.494134E+01
01:05:00,8.010552E+03,8.536579E+02,5.577584E-01,7.538909E-02,0.000000E+00,0.000000E+00,0.000000E+00,0.000000E+00,0.000000E+00,0.000000E+00,0.000000E+00,0.000000E+00,2.110805E+01,7.994408E+01,2.388835E+01,6.496233E+01
01:06:00,8.010552E+03,8.517964E+02,5.577584E-01,7.522469E-02,0.000000E+00,0.000000E+00,0.000000E+00,0.000000E+00,0.000000E+00,0.000000E+00,0.000000E+00,0.000000E+00,2.110805E+01,7.994408E+01,2.388835E+01,6.498321E+01
01:07:00,8.010552E+03,8.499433E+02,5.577584E-01,7.506103E-02,0.000000E+00,0.000000E+00,0.000000E+00,0.000000E+00,0.000000E+00,0.000000E+00,0.000000E+00,0.000000E+00,2.110805E+01,7.994408E+01,2.388835E+01,6.500399E+01
01:08:00,8.010552E+03,8.480986E+02,5.577584E-01,7.489812E-02,0.000000E+00,0.000000E+00,0.000000E+00,0.000000E+00,0.000000E+00,0.000000E+00,0.000000E+00,0.000000E+00,2.110805E+01,7.994408E+01,2.388835E+01,6.502467E+01
01:09:00,8.010552E+03,8.462623E+02,5.577584E-01,7.473594E-02,0.000000E+00,0.000000E+00,0.000000E+00,0.000000E+00,0.000000E+00,0.000000E+00,0.000000E+00,0.000000E+00,2.110805E+01,7.994408E+01,2.388835E+01,6.504527E+01
01:10:00,8.010552E+03,8.444344E+02,5.577584E-01,7.457451E-02,0.000000E+00,0.000000E+00,0.000000E+00,0.000000E+00,0.000000E+00,0.000000E+00,0.000000E+00,0.000000E+00,2.110805E+01,7.994408E+01,2.388835E+01,6.506576E+01
01:11:00,8.010552E+03,8.426149E+02,5.577584E-01,7.441383E-02,0.000000E+00,0.000000E+00,0.000000E+00,0.000000E+00,0.000000E+00,0.000000E+00,0.000000E+00,0.000000E+00,2.110805E+01,7.994408E+01,2.388835E+01,6.508618E+01
01:12:00,8.010552E+03,8.408038E+02,5.577584E-01,7.425388E-02,0.000000E+00,0.000000E+00,0.000000E+00,0.000000E+00,0.000000E+00,0.000000E+00,0.000000E+00,0.000000E+00,2.110805E+01,7.994408E+01,2.388835E+01,6.510650E+01
01:13:00,8.010552E+03,8.390011E+02,5.577584E-01,7.409467E-02,0.000000E+00,0.000000E+00,0.000000E+00,0.000000E+00,0.000000E+00,0.000000E+00,0.000000E+00,0.000000E+00,2.110805E+01,7.994408E+01,2.388835E+01,6.512674E+01
01:14:00,8.010552E+03,8.372068E+02,5.577584E-01,7.393620E-02,0.000000E+00,0.000000E+00,0.000000E+00,0.000000E+00,0.000000E+00,0.000000E+00,0.000000E+00,0.000000E+00,2.110805E+01,7.994408E+01,2.388835E+01,6.514690E+01
01:15:00,8.010552E+03,8.354208E+02,5.577584E-01,7.377847E-02,0.000000E+00,0.000000E+00,0.000000E+00,0.000000E+00,0.000000E+00,0.000000E+00,0.000000E+00,0.000000E+00,2.110805E+01,7.994408E+01,2.388835E+01,6.516697E+01
01:16:00,8.010552E+03,8.336431E+02,5.577584E-01,7.362147E-02,0.000000E+00,0.000000E+00,0.000000E+00,0.000000E+00,0.000000E+00,0.000000E+00,0.000000E+00,0.000000E+00,2.110805E+01,7.994408E+01,2.388836E+01,6.518697E+01
01:17:00,8.010552E+03,8.318738E+02,5.577584E-01,7.346522E-02,0.000000E+00,0.000000E+00,0.000000E+00,0.000000E+00,0.000000E+00,0.000000E+00,0.000000E+00,0.000000E+00,2.110805E+01,7.994408E+01,2.388836E+01,6.520690E+01
01:18:00,8.010552E+03,8.301129E+02,5.577584E-01,7.330970E-02,0.000000E+00,0.000000E+00,0.000000E+00,0.000000E+00,0.000000E+00,0.000000E+00,0.000000E+00,0.000000E+00,2.110805E+01,7.994408E+01,2.388836E+01,6.522675E+01
01:19:00,8.010552E+03,8.283602E+02,5.577584E-01,7.315491E-02,0.000000E+00,0.000000E+00,0.000000E+00,0.000000E+00,0.000000E+00,0.000000E+00,0.000000E+00,0.000000E+00,2.110805E+01,7.994408E+01,2.388836E+01,6.524653E+01
01:20:00,8.010552E+03,8.266159E+02,5.577584E-01,7.300087E-02,0.000000E+00,0.000000E+00,0.000000E+00,0.000000E+00,0.000000E+00,0.000000E+00,0.000000E+00,0.000000E+00,2.110805E+01,7.994408E+01,2.388836E+01,6.526624E+01
01:21:00,8.010552E+03,8.248800E+02,5.577584E-01,7.284755E-02,0.000000E+00,0.000000E+00,0.000000E+00,0.000000E+00,0.000000E+00,0.000000E+00,0.000000E+00,0.000000E+00,2.110805E+01,7.994408E+01,2.388836E+01,6.528588E+01
01:22:00,8.010552E+03,8.231523E+02,5.577584E-01,7.269497E-02,0.000000E+00,0.000000E+00,0.000000E+00,0.000000E+00,0.000000E+00,0.000000E+00,0.000000E+00,0.000000E+00,2.110805E+01,7.994408E+01,2.388836E+01,6.530546E+01
01:23:00,8.010552E+03,8.214329E+02,5.577584E-01,7.254313E-02,0.000000E+00,0.000000E+00,0.000000E+00,0.000000E+00,0.000000E+00,0.000000E+00,0.000000E+00,0.000000E+00,2.110805E+01,7.994408E+01,2.388836E+01,6.532497E+01
01:24:00,8.010552E+03,8.197218E+02,5.577584E-01,7.239201E-02,0.000000E+00,0.000000E+00,0.000000E+00,0.000000E+00,0.000000E+00,0.000000E+00,0.000000E+00,0.000000E+00,2.110805E+01,7.994408E+01,2.388836E+01,6.534442E+01
01:25:00,8.010552E+03,8.180191E+02,5.577584E-01,7.224163E-02,0.000000E+00,0.000000E+00,0.000000E+00,0.000000E+00,0.000000E+00,0.000000E+00,0.000000E+00,0.000000E+00,2.110805E+01,7.994408E+01,2.388836E+01,6.536381E+01
01:26:00,8.010552E+03,8.163246E+02,5.577584E-01,7.209198E-02,0.000000E+00,0.000000E+00,0.000000E+00,0.000000E+00,0.000000E+00,0.000000E+00,0.000000E+00,0.000000E+00,2.110805E+01,7.994408E+01,2.388836E+01,6.538314E+01
01:27:00,8.010552E+03,8.146383E+02,5.577584E-01,7.194306E-02,0.000000E+00,0.000000E+00,0.000000E+00,0.000000E+00,0.000000E+00,0.000000E+00,0.000000E+00,0.000000E+00,2.110805E+01,7.994408E+01,2.388836E+01,6.540242E+01
01:28:00,8.010552E+03,8.129604E+02,5.577584E-01,7.179487E-02,0.000000E+00,0.000000E+00,0.000000E+00,0.000000E+00,0.000000E+00,0.000000E+00,0.000000E+00,0.000000E+00,2.110805E+01,7.994408E+01,2.388836E+01,6.542163E+01
01:29:00,8.010552E+03,8.112907E+02,5.577584E-01,7.164741E-02,0.000000E+00,0.000000E+00,0.000000E+00,0.000000E+00,0.000000E+00,0.000000E+00,0.000000E+00,0.000000E+00,2.110805E+01,7.994408E+01,2.388836E+01,6.544079E+01
01:30:00,8.010552E+03,8.096293E+02,5.577584E-01,7.150068E-02,0.000000E+00,0.000000E+00,0.000000E+00,0.000000E+00,0.000000E+00,0.000000E+00,0.000000E+00,0.000000E+00,2.110805E+01,7.994408E+01,2.388836E+01,6.545990E+01
01:31:00,8.010552E+03,8.079761E+02,5.577584E-01,7.135468E-02,0.000000E+00,0.000000E+00,0.000000E+00,0.000000E+00,0.000000E+00,0.000000E+00,0.000000E+00,0.000000E+00,2.110805E+01,7.994408E+01,2.388836E+01,6.547896E+01
01:32:00,8.010552E+03,8.063312E+02,5.577584E-01,7.120941E-02,0.000000E+00,0.000000E+00,0.000000E+00,0.000000E+00,0.000000E+00,0.000000E+00,0.000000E+00,0.000000E+00,2.110805E+01,7.994408E+01,2.388836E+01,6.549796E+01
01:33:00,8.010552E+03,8.046945E+02,5.577584E-01,7.106486E-02,0.000000E+00,0.000000E+00,0.000000E+00,0.000000E+00,0.000000E+00,0.000000E+00,0.000000E+00,0.000000E+00,2.110805E+01,7.994408E+01,2.388836E+01,6.551692E+01
01:34:00,8.010552E+03,8.030660E+02,5.577584E-01,7.092105E-02,0.000000E+00,0.000000E+00,0.000000E+00,0.000000E+00,0.000000E+00,0.000000E+00,0.000000E+00,0.000000E+00,2.110805E+01,7.994408E+01,2.388836E+01,6.553583E+01
01:35:00,8.010552E+03,8.014458E+02,5.577584E-01,7.077795E-02,0.000000E+00,0.000000E+00,0.000000E+00,0.000000E+00,0.000000E+00,0.000000E+00,0.000000E+00,0.000000E+00,2.110805E+01,7.994408E+01,2.388837E+01,6.555469E+01
01:36:00,8.010552E+03,7.998338E+02,5.577584E-01,7.063559E-02,0.000000E+00,0.000000E+00,0.000000E+00,0.000000E+00,0.000000E+00,0.000000E+00,0.000000E+00,0.000000E+00,2.110805E+01,7.994408E+01,2.388837E+01,6.557350E+01
01:37:00,8.010552E+03,7.982300E+02,5.577584E-01,7.049395E-02,0.000000E+00,0.000000E+00,0.000000E+00,0.000000E+00,0.000000E+00,0.000000E+00,0.000000E+00,0.000000E+00,2.110805E+01,7.994408E+01,2.388837E+01,6.559228E+01
01:38:00,8.010552E+03,7.966344E+02,5.577584E-01,7.035303E-02,0.000000E+00,0.000000E+00,0.000000E+00,0.000000E+00,0.000000E+00,0.000000E+00,0.000000E+00,0.000000E+00,2.110805E+01,7.994408E+01,2.388837E+01,6.561100E+01
01:39:00,8.010552E+03,7.950470E+02,5.577584E-01,7.021284E-02,0.000000E+00,0.000000E+00,0.000000E+00,0.000000E+00,0.000000E+00,0.000000E+00,0.000000E+00,0.000000E+00,2.110805E+01,7.994408E+01,2.388837E+01,6.562969E+01
01:40:00,8.010552E+03,7.934678E+02,5.577584E-01,7.007338E-02,0.000000E+00,0.000000E+00,0.000000E+00,0.000000E+00,0.000000E+00,0.000000E+00,0.000000E+00,0.000000E+00,2.110805E+01,7.994408E+01,2.388837E+01,6.564833E+01
01:41:00,8.010552E+03,7.918968E+02,5.577584E-01,6.993464E-02,0.000000E+00,0.000000E+00,0.000000E+00,0.000000E+00,0.000000E+00,0.000000E+00,0.000000E+00,0.000000E+00,2.110805E+01,7.994408E+01,2.388837E+01,6.566693E+01
01:42:00,8.010552E+03,7.903340E+02,5.577584E-01,6.979662E-02,0.000000E+00,0.000000E+00,0.000000E+00,0.000000E+00,0.000000E+00,0.000000E+00,0.000000E+00,0.000000E+00,2.110805E+01,7.994408E+01,2.388837E+01,6.568550E+01
01:43:00,8.010552E+03,7.887794E+02,5.577584E-01,6.965932E-02,0.000000E+00,0.000000E+00,0.000000E+00,0.000000E+00,0.000000E+00,0.000000E+00,0.000000E+00,0.000000E+00,2.110805E+01,7.994408E+01,2.388837E+01,6.570403E+01
01:44:00,8.010552E+03,7.872329E+02,5.577584E-01,6.952274E-02,0.000000E+00,0.000000E+00,0.000000E+00,0.000000E+00,0.000000E+00,0.000000E+00,0.000000E+00,0.000000E+00,2.110805E+01,7.994408E+01,2.388837E+01,6.572252E+01
01:45:00,8.010552E+03,7.856947E+02,5.577584E-01,6.938689E-02,0.000000E+00,0.000000E+00,0.000000E+00,0.000000E+00,0.000000E+00,0.000000E+00,0.000000E+00,0.000000E+00,2.110805E+01,7.994408E+01,2.388837E+01,6.574097E+01
01:46:00,8.010552E+03,7.841645E+02,5.577584E-01,6.925176E-02,0.000000E+00,0.000000E+00,0.000000E+00,0.000000E+00,0.000000E+00,0.000000E+00,0.000000E+00,0.000000E+00,2.110805E+01,7.994408E+01,2.388837E+01,6.575939E+01
01:47:00,8.010552E+03,7.826426E+02,5.577584E-01,6.911735E-02,0.000000E+00,0.000000E+00,0.000000E+00,0.000000E+00,0.000000E+00,0.000000E+00,0.000000E+00,0.000000E+00,2.110805E+01,7.994408E+01,2.388837E+01,6.577777E+01
01:48:00,8.010552E+03,7.811288E+02,5.577584E-01,6.898366E-02,0.000000E+00,0.000000E+00,0.000000E+00,0.000000E+00,0.000000E+00,0.000000E+00,0.000000E+00,0.000000E+00,2.110805E+01,7.994408E+01,2.388837E+01,6.579611E+01
01:49:00,8.010552E+03,7.796232E+02,5.577585E-01,6.885069E-02,0.000000E+00,0.000000E+00,0.000000E+00,0.000000E+00,0.000000E+00,0.000000E+00,0.000000E+00,0.000000E+00,2.110805E+01,7.994408E+01,2.388837E+01,6.581443E+01
01:50:00,8.010552E+03,7.781257E+02,5.577585E-01,6.871844E-02,0.000000E+00,0.000000E+00,0.000000E+00,0.000000E+00,0.000000E+00,0.000000E+00,0.000000E+00,0.000000E+00,2.110805E+01,7.994408E+01,2.388837E+01,6.583271E+01
01:51:00,8.010552E+03,7.766364E+02,5.577585E-01,6.858691E-02,0.000000E+00,0.000000E+00,0.000000E+00,0.000000E+00,0.000000E+00,0.000000E+00,0.000000E+00,0.000000E+00,2.110805E+01,7.994408E+01,2.388837E+01,6.585096E+01
01:52:00,8.010552E+03,7.751552E+02,5.577585E-01,6.845609E-02,0.000000E+00,0.000000E+00,0.000000E+00,0.000000E+00,0.000000E+00,0.000000E+00,0.000000E+00,0.000000E+00,2.110805E+01,7.994408E+01,2.388837E+01,6.586918E+01
01:53:00,8.010552E+03,7.736821E+02,5.577585E-01,6.832600E-02,0.000000E+00,0.000000E+00,0.000000E+00,0.000000E+00,0.000000E+00,0.000000E+00,0.000000E+00,0.000000E+00,2.110805E+01,7.994408E+01,2.388838E+01,6.588737E+01
01:54:00,8.010552E+03,7.722172E+02,5.577585E-01,6.819663E-02,0.000000E+00,0.000000E+00,0.000000E+00,0.000000E+00,0.000000E+00,0.000000E+00,0.000000E+00,0.000000E+00,2.110805E+01,7.994408E+01,2.388838E+01,6.590553E+01
01:55:00,8.010552E+03,7.707604E+02,5.577585E-01,6.806797E-02,0.000000E+00,0.000000E+00,0.000000E+00,0.000000E+00,0.000000E+00,0.000000E+00,0.000000E+00,0.000000E+00,2.110805E+01,7.994408E+01,2.388838E+01,6.592366E+01
01:56:00,8.010552E+03,7.693117E+02,5.577585E-01,6.794003E-02,0.000000E+00,0.000000E+00,0.000000E+00,0.000000E+00,0.000000E+00,0.000000E+00,0.000000E+00,0.000000E+00,2.110805E+01,7.994408E+01,2.388838E+01,6.594176E+01
01:57:00,8.010552E+03,7.678711E+02,5.577585E-01,6.781281E-02,0.000000E+00,0.000000E+00,0.000000E+00,0.000000E+00,0.000000E+00,0.000000E+00,0.000000E+00,0.000000E+00,2.110805E+01,7.994408E+01,2.388838E+01,6.595984E+01
01:58:00,8.010552E+03,7.664387E+02,5.577585E-01,6.768630E-02,0.000000E+00,0.000000E+00,0.000000E+00,0.000000E+00,0.000000E+00,0.000000E+00,0.000000E+00,0.000000E+00,2.110805E+01,7.994408E+01,2.388838E+01,6.597789E+01
01:59:00,8.010552E+03,7.650144E+02,5.577585E-01,6.756051E-02,0.000000E+00,0.000000E+00,0.000000E+00,0.000000E+00,0.000000E+00,0.000000E+00,0.000000E+00,0.000000E+00,2.110805E+01,7.994408E+01,2.388838E+01,6.599591E+01
02:00:00,8.010552E+03,7.635982E+02,5.577585E-01,6.743544E-02,0.000000E+00,0.000000E+00,0.000000E+00,0.000000E+00,0.000000E+00,0.000000E+00,0.000000E+00,0.000000E+00,2.110805E+01,7.994408E+01,2.388838E+01,6.601390E+01
02:01:00,8.010552E+03,7.621872E+02,5.577585E-01,6.731082E-02,0.000000E+00,0.000000E+00,0.000000E+00,0.000000E+00,0.000000E+00,0.000000E+00,0.000000E+00,0.000000E+00,2.110805E+01,7.994408E+01,2.388838E+01,6.603187E+01
02:02:00,8.010552E+03,7.607815E+02,5.577585E-01,6.718668E-02,0.000000E+00,0.000000E+00,0.000000E+00,0.000000E+00,0.000000E+00,0.000000E+00,0.000000E+00,0.000000E+00,2.110805E+01,7.994408E+01,2.388838E+01,6.604979E+01
02:03:00,8.010552E+03,7.593810E+02,5.577585E-01,6.706300E-02,0.000000E+00,0.000000E+00,0.000000E+00,0.000000E+00,0.000000E+00,0.000000E+00,0.000000E+00,0.000000E+00,2.110805E+01,7.994408E+01,2.388838E+01,6.606763E+01
02:04:00,8.010552E+03,7.579858E+02,5.577585E-01,6.693978E-02,0.000000E+00,0.000000E+00,0.000000E+00,0.000000E+00,0.000000E+00,0.000000E+00,0.000000E+00,0.000000E+00,2.110805E+01,7.994408E+01,2.388838E+01,6.608538E+01
02:05:00,8.010552E+03,7.565959E+02,5.577585E-01,6.681703E-02,0.000000E+00,0.000000E+00,0.000000E+00,0.000000E+00,0.000000E+00,0.000000E+00,0.000000E+00,0.000000E+00,2.110805E+01,7.994408E+01,2.388838E+01,6.610306E+01
02:06:00,8.010552E+03,7.552112E+02,5.577585E-01,6.669474E-02,0.000000E+00,0.000000E+00,0.000000E+00,0.000000E+00,0.000000E+00,0.000000E+00,0.000000E+00,0.000000E+00,2.110805E+01,7.994408E+01,2.388838E+01,6.612066E+01
02:07:00,8.010552E+03,7.538317E+02,5.577585E-01,6.657292E-02,0.000000E+00,0.000000E+00,0.000000E+00,0.000000E+00,0.000000E+00,0.000000E+00,0.000000E+00,0.000000E+00,2.110805E+01,7.994408E+01,2.388838E+01,6.613819E+01
02:08:00,8.010552E+03,7.524576E+02,5.577585E-01,6.645155E-02,0.000000E+00,0.000000E+00,0.000000E+00,0.000000E+00,0.000000E+00,0.000000E+00,0.000000E+00,0.000000E+00,2.110805E+01,7.994408E+01,2.388838E+01,6.615564E+01
02:09:00,8.010552E+03,7.510886E+02,5.577585E-01,6.633066E-02,0.000000E+00,0.000000E+00,0.000000E+00,0.000000E+00,0.000000E+00,0.000000E+00,0.000000E+00,0.000000E+00,2.110805E+01,7.994408E+01,2.388838E+01,6.617302E+01
02:10:00,8.010552E+03,7.497249E+02,5.577585E-01,6.621022E-02,0.000000E+00,0.000000E+00,0.000000E+00,0.000000E+00,0.000000E+00,0.000000E+00,0.000000E+00,0.000000E+00,2.110805E+01,7.994408E+01,2.388838E+01,6.619034E+01
02:11:00,8.010552E+03,7.483664E+02,5.577585E-01,6.609025E-02,0.000000E+00,0.000000E+00,0.000000E+00,0.000000E+00,0.000000E+00,0.000000E+00,0.000000E+00,0.000000E+00,2.110805E+01,7.994408E+01,2.388838E+01,6.620758E+01
02:12:00,8.010552E+03,7.470132E+02,5.577585E-01,6.597073E-02,0.000000E+00,0.000000E+00,0.000000E+00,0.000000E+00,0.000000E+00,0.000000E+00,0.000000E+00,0.000000E+00,2.110805E+01,7.994408E+01,2.388838E+01,6.622476E+01
02:13:00,8.010552E+03,7.456652E+02,5.577585E-01,6.585168E-02,0.000000E+00,0.000000E+00,0.000000E+00,0.000000E+00,0.000000E+00,0.000000E+00,0.000000E+00,0.000000E+00,2.110805E+01,7.994408E+01,2.388839E+01,6.624188E+01
02:14:00,8.010552E+03,7.443224E+02,5.577585E-01,6.573310E-02,0.000000E+00,0.000000E+00,0.000000E+00,0.000000E+00,0.000000E+00,0.000000E+00,0.000000E+00,0.000000E+00,2.110805E+01,7.994408E+01,2.388839E+01,6.625893E+01
02:15:00,8.010552E+03,7.429848E+02,5.577585E-01,6.561497E-02,0.000000E+00,0.000000E+00,0.000000E+00,0.000000E+00,0.000000E+00,0.000000E+00,0.000000E+00,0.000000E+00,2.110805E+01,7.994408E+01,2.388839E+01,6.627592E+01
02:16:00,8.010552E+03,7.416525E+02,5.577585E-01,6.549730E-02,0.000000E+00,0.000000E+00,0.000000E+00,0.000000E+00,0.000000E+00,0.000000E+00,0.000000E+00,0.000000E+00,2.110805E+01,7.994408E+01,2.388839E+01,6.629285E+01
02:17:00,8.010552E+03,7.403254E+02,5.577585E-01,6.538010E-02,0.000000E+00,0.000000E+00,0.000000E+00,0.000000E+00,0.000000E+00,0.000000E+00,0.000000E+00,0.000000E+00,2.110805E+01,7.994408E+01,2.388839E+01,6.630972E+01
02:18:00,8.010552E+03,7.390035E+02,5.577585E-01,6.526335E-02,0.000000E+00,0.000000E+00,0.000000E+00,0.000000E+00,0.000000E+00,0.000000E+00,0.000000E+00,0.000000E+00,2.110805E+01,7.994408E+01,2.388839E+01,6.632653E+01
02:19:00,8.010552E+03,7.376868E+02,5.577585E-01,6.514707E-02,0.000000E+00,0.000000E+00,0.000000E+00,0.000000E+00,0.000000E+00,0.000000E+00,0.000000E+00,0.000000E+00,2.110805E+01,7.994408E+01,2.388839E+01,6.634328E+01
02:20:00,8.010552E+03,7.363753E+02,5.577585E-01,6.503125E-02,0.000000E+00,0.000000E+00,0.000000E+00,0.000000E+00,0.000000E+00,0.000000E+00,0.000000E+00,0.000000E+00,2.110805E+01,7.994408E+01,2.388839E+01,6.635999E+01
02:21:00,8.010552E+03,7.350690E+02,5.577585E-01,6.491589E-02,0.000000E+00,0.000000E+00,0.000000E+00,0.000000E+00,0.000000E+00,0.000000E+00,0.000000E+00,0.000000E+00,2.110805E+01,7.994408E+01,2.388839E+01,6.637663E+01
02:22:00,8.010552E+03,7.337680E+02,5.577585E-01,6.480098E-02,0.000000E+00,0.000000E+00,0.000000E+00,0.000000E+00,0.000000E+00,0.000000E+00,0.000000E+00,0.000000E+00,2.110805E+01,7.994408E+01,2.388839E+01,6.639322E+01
02:23:00,8.010552E+03,7.324722E+02,5.577585E-01,6.468654E-02,0.000000E+00,0.000000E+00,0.000000E+00,0.000000E+00,0.000000E+00,0.000000E+00,0.000000E+00,0.000000E+00,2.110805E+01,7.994408E+01,2.388839E+01,6.640976E+01
02:24:00,8.010552E+03,7.311815E+02,5.577585E-01,6.457256E-02,0.000000E+00,0.000000E+00,0.000000E+00,0.000000E+00,0.000000E+00,0.000000E+00,0.000000E+00,0.000000E+00,2.110805E+01,7.994408E+01,2.388839E+01,6.642625E+01
02:25:00,8.010552E+03,7.298961E+02,5.577585E-01,6.445904E-02,0.000000E+00,0.000000E+00,0.000000E+00,0.000000E+00,0.000000E+00,0.000000E+00,0.000000E+00,0.000000E+00,2.110805E+01,7.994408E+01,2.388839E+01,6.644269E+01
02:26:00,8.010552E+03,7.286159E+02,5.577585E-01,6.434598E-02,0.000000E+00,0.000000E+00,0.000000E+00,0.000000E+00,0.000000E+00,0.000000E+00,0.000000E+00,0.000000E+00,2.110805E+01,7.994408E+01,2.388839E+01,6.645908E+01
02:27:00,8.010552E+03,7.273409E+02,5.577585E-01,6.423337E-02,0.000000E+00,0.000000E+00,0.000000E+00,0.000000E+00,0.000000E+00,0.000000E+00,0.000000E+00,0.000000E+00,2.110805E+01,7.994408E+01,2.388839E+01,6.647542E+01
02:28:00,8.010552E+03,7.260711E+02,5.577585E-01,6.412123E-02,0.000000E+00,0.000000E+00,0.000000E+00,0.000000E+00,0.000000E+00,0.000000E+00,0.000000E+00,0.000000E+00,2.110805E+01,7.994408E+01,2.388839E+01,6.649172E+01
02:29:00,8.010552E+03,7.248065E+02,5.577585E-01,6.400955E-02,0.000000E+00,0.000000E+00,0.000000E+00,0.000000E+00,0.000000E+00,0.000000E+00,0.000000E+00,0.000000E+00,2.110805E+01,7.994408E+01,2.388839E+01,6.650796E+01
02:30:00,8.010552E+03,7.235471E+02,5.577585E-01,6.389833E-02,0.000000E+00,0.000000E+00,0.000000E+00,0.000000E+00,0.000000E+00,0.000000E+00,0.000000E+00,0.000000E+00,2.110805E+01,7.994408E+01,2.388839E+01,6.652417E+01
02:31:00,8.010552E+03,7.222929E+02,5.577585E-01,6.378756E-02,0.000000E+00,0.000000E+00,0.000000E+00,0.000000E+00,0.000000E+00,0.000000E+00,0.000000E+00,0.000000E+00,2.110805E+01,7.994408E+01,2.388839E+01,6.654033E+01
02:32:00,8.010552E+03,7.210439E+02,5.577585E-01,6.367726E-02,0.000000E+00,0.000000E+00,0.000000E+00,0.000000E+00,0.000000E+00,0.000000E+00,0.000000E+00,0.000000E+00,2.110805E+01,7.994408E+01,2.388839E+01,6.655644E+01
02:33:00,8.010552E+03,7.198002E+02,5.577585E-01,6.356742E-02,0.000000E+00,0.000000E+00,0.000000E+00,0.000000E+00,0.000000E+00,0.000000E+00,0.000000E+00,0.000000E+00,2.110805E+01,7.994408E+01,2.388839E+01,6.657251E+01
02:34:00,8.010552E+03,7.185616E+02,5.577585E-01,6.345804E-02,0.000000E+00,0.000000E+00,0.000000E+00,0.000000E+00,0.000000E+00,0.000000E+00,0.000000E+00,0.000000E+00,2.110805E+01,7.994408E+01,2.388839E+01,6.658854E+01
02:35:00,8.010552E+03,7.173283E+02,5.577585E-01,6.334911E-02,0.000000E+00,0.000000E+00,0.000000E+00,0.000000E+00,0.000000E+00,0.000000E+00,0.000000E+00,0.000000E+00,2.110805E+01,7.994408E+01,2.388840E+01,6.660453E+01
02:36:00,8.010552E+03,7.161002E+02,5.577585E-01,6.324065E-02,0.000000E+00,0.000000E+00,0.000000E+00,0.000000E+00,0.000000E+00,0.000000E+00,0.000000E+00,0.000000E+00,2.110805E+01,7.994408E+01,2.388840E+01,6.662048E+01
02:37:00,8.010552E+03,7.148773E+02,5.577585E-01,6.313265E-02,0.000000E+00,0.000000E+00,0.000000E+00,0.000000E+00,0.000000E+00,0.000000E+00,0.000000E+00,0.000000E+00,2.110805E+01,7.994408E+01,2.388840E+01,6.663638E+01
02:38:00,8.010552E+03,7.136596E+02,5.577585E-01,6.302511E-02,0.000000E+00,0.000000E+00,0.000000E+00,0.000000E+00,0.000000E+00,0.000000E+00,0.000000E+00,0.000000E+00,2.110805E+01,7.994408E+01,2.388840E+01,6.665225E+01
02:39:00,8.010552E+03,7.124472E+02,5.577585E-01,6.291804E-02,0.000000E+00,0.000000E+00,0.000000E+00,0.000000E+00,0.000000E+00,0.000000E+00,0.000000E+00,0.000000E+00,2.110805E+01,7.994408E+01,2.388840E+01,6.666808E+01
02:40:00,8.010552E+03,7.112400E+02,5.577585E-01,6.281142E-02,0.000000E+00,0.000000E+00,0.000000E+00,0.000000E+00,0.000000E+00,0.000000E+00,0.000000E+00,0.000000E+00,2.110805E+01,7.994408E+01,2.388840E+01,6.668387E+01
02:41:00,8.010552E+03,7.100380E+02,5.577585E-01,6.270527E-02,0.000000E+00,0.000000E+00,0.000000E+00,0.000000E+00,0.000000E+00,0.000000E+00,0.000000E+00,0.000000E+00,2.110805E+01,7.994409E+01,2.388840E+01,6.669962E+01
02:42:00,8.010552E+03,7.088414E+02,5.577585E-01,6.259959E-02,0.000000E+00,0.000000E+00,0.000000E+00,0.000000E+00,0.000000E+00,0.000000E+00,0.000000E+00,0.000000E+00,2.110805E+01,7.994409E+01,2.388840E+01,6.671533E+01
02:43:00,8.010552E+03,7.076499E+02,5.577585E-01,6.249437E-02,0.000000E+00,0.000000E+00,0.000000E+00,0.000000E+00,0.000000E+00,0.000000E+00,0.000000E+00,0.000000E+00,2.110805E+01,7.994409E+01,2.388840E+01,6.673101E+01
02:44:00,8.010552E+03,7.064637E+02,5.577585E-01,6.238961E-02,0.000000E+00,0.000000E+00,0.000000E+00,0.000000E+00,0.000000E+00,0.000000E+00,0.000000E+00,0.000000E+00,2.110805E+01,7.994409E+01,2.388840E+01,6.674664E+01
02:45:00,8.010552E+03,7.052828E+02,5.577585E-01,6.228531E-02,0.000000E+00,0.000000E+00,0.000000E+00,0.000000E+00,0.000000E+00,0.000000E+00,0.000000E+00,0.000000E+00,2.110805E+01,7.994409E+01,2.388840E+01,6.676225E+01
02:46:00,8.010552E+03,7.041070E+02,5.577585E-01,6.218148E-02,0.000000E+00,0.000000E+00,0.000000E+00,0.000000E+00,0.000000E+00,0.000000E+00,0.000000E+00,0.000000E+00,2.110805E+01,7.994409E+01,2.388840E+01,6.677782E+01
02:47:00,8.010552E+03,7.029365E+02,5.577585E-01,6.207810E-02,0.000000E+00,0.000000E+00,0.000000E+00,0.000000E+00,0.000000E+00,0.000000E+00,0.000000E+00,0.000000E+00,2.110805E+01,7.994409E+01,2.388840E+01,6.679335E+01
02:48:00,8.010552E+03,7.017711E+02,5.577585E-01,6.197519E-02,0.000000E+00,0.000000E+00,0.000000E+00,0.000000E+00,0.000000E+00,0.000000E+00,0.000000E+00,0.000000E+00,2.110805E+01,7.994409E+01,2.388840E+01,6.680885E+01
02:49:00,8.010552E+03,7.006110E+02,5.577585E-01,6.187273E-02,0.000000E+00,0.000000E+00,0.000000E+00,0.000000E+00,0.000000E+00,0.000000E+00,0.000000E+00,0.000000E+00,2.110805E+01,7.994409E+01,2.388840E+01,6.682432E+01
02:50:00,8.010552E+03,6.994561E+02,5.577585E-01,6.177074E-02,0.000000E+00,0.000000E+00,0.000000E+00,0.000000E+00,0.000000E+00,0.000000E+00,0.000000E+00,0.000000E+00,2.110805E+01,7.994409E+01,2.388840E+01,6.683975E+01
02:51:00,8.010552E+03,6.983064E+02,5.577585E-01,6.166920E-02,0.000000E+00,0.000000E+00,0.000000E+00,0.000000E+00,0.000000E+00,0.000000E+00,0.000000E+00,0.000000E+00,2.110805E+01,7.994409E+01,2.388840E+01,6.685516E+01
02:52:00,8.010552E+03,6.971619E+02,5.577585E-01,6.156812E-02,0.000000E+00,0.000000E+00,0.000000E+00,0.000000E+00,0.000000E+00,0.000000E+00,0.000000E+00,0.000000E+00,2.110805E+01,7.994409E+01,2.388840E+01,6.687053E+01
02:53:00,8.010552E+03,6.960226E+02,5.577585E-01,6.146751E-02,0.000000E+00,0.000000E+00,0.000000E+00,0.000000E+00,0.000000E+00,0.000000E+00,0.000000E+00,0.000000E+00,2.110805E+01,7.994409E+01,2.388840E+01,6.688587E+01
02:54:00,8.010552E+03,6.948886E+02,5.577585E-01,6.136735E-02,0.000000E+00,0.000000E+00,0.000000E+00,0.000000E+00,0.000000E+00,0.000000E+00,0.000000E+00,0.000000E+00,2.110805E+01,7.994409E+01,2.388840E+01,6.690118E+01
02:55:00,8.010552E+03,6.937597E+02,5.577585E-01,6.126766E-02,0.000000E+00,0.000000E+00,0.000000E+00,0.000000E+00,0.000000E+00,0.000000E+00,0.000000E+00,0.000000E+00,2.110805E+01,7.994409E+01,2.388840E+01,6.691646E+01
02:56:00,8.010552E+03,6.926360E+02,5.577585E-01,6.116842E-02,0.000000E+00,0.000000E+00,0.000000E+00,0.000000E+00,0.000000E+00,0.000000E+00,0.000000E+00,0.000000E+00,2.110805E+01,7.994409E+01,2.388840E+01,6.693171E+01
02:57:00,8.010552E+03,6.915176E+02,5.577585E-01,6.106965E-02,0.000000E+00,0.000000E+00,0.000000E+00,0.000000E+00,0.000000E+00,0.000000E+00,0.000000E+00,0.000000E+00,2.110805E+01,7.994409E+01,2.388841E+01,6.694693E+01
02:58:00,8.010552E+03,6.904044E+02,5.577585E-01,6.097133E-02,0.000000E+00,0.000000E+00,0.000000E+00,0.000000E+00,0.000000E+00,0.000000E+00,0.000000E+00,0.000000E+00,2.110805E+01,7.994409E+01,2.388841E+01,6.696212E+01
02:59:00,8.010552E+03,6.892964E+02,5.577585E-01,6.087348E-02,0.000000E+00,0.000000E+00,0.000000E+00,0.000000E+00,0.000000E+00,0.000000E+00,0.000000E+00,0.000000E+00,2.110805E+01,7.994409E+01,2.388841E+01,6.697728E+01
03:00:00,8.010552E+03,6.881936E+02,5.577585E-01,6.077609E-02,0.000000E+00,0.000000E+00,0.000000E+00,0.000000E+00,0.000000E+00,0.000000E+00,0.000000E+00,0.000000E+00,2.110805E+01,7.994409E+01,2.388841E+01,6.699241E+01
03:01:00,8.010552E+03,6.870932E+02,5.577585E-01,6.067890E-02,0.000000E+00,0.000000E+00,0.000000E+00,0.000000E+00,0.000000E+00,0.000000E+00,0.000000E+00,0.000000E+00,2.110805E+01,7.994409E+01,2.388841E+01,6.700751E+01
03:02:00,8.010552E+03,6.859952E+02,5.577585E-01,6.058193E-02,0.000000E+00,0.000000E+00,0.000000E+00,0.000000E+00,0.000000E+00,0.000000E+00,0.000000E+00,0.000000E+00,2.110805E+01,7.994409E+01,2.388841E+01,6.702259E+01
03:03:00,8.010552E+03,6.848996E+02,5.577585E-01,6.048518E-02,0.000000E+00,0.000000E+00,0.000000E+00,0.000000E+00,0.000000E+00,0.000000E+00,0.000000E+00,0.000000E+00,2.110805E+01,7.994409E+01,2.388841E+01,6.703764E+01
03:04:00,8.010552E+03,6.838064E+02,5.577585E-01,6.038863E-02,0.000000E+00,0.000000E+00,0.000000E+00,0.000000E+00,0.000000E+00,0.000000E+00,0.000000E+00,0.000000E+00,2.110805E+01,7.994409E+01,2.388841E+01,6.705266E+01
03:05:00,8.010552E+03,6.827156E+02,5.577585E-01,6.029230E-02,0.000000E+00,0.000000E+00,0.000000E+00,0.000000E+00,0.000000E+00,0.000000E+00,0.000000E+00,0.000000E+00,2.110805E+01,7.994409E+01,2.388841E+01,6.706765E+01
03:06:00,8.010552E+03,6.816273E+02,5.577585E-01,6.019619E-02,0.000000E+00,0.000000E+00,0.000000E+00,0.000000E+00,0.000000E+00,0.000000E+00,0.000000E+00,0.000000E+00,2.110805E+01,7.994409E+01,2.388841E+01,6.708262E+01
03:07:00,8.010552E+03,6.805415E+02,5.577585E-01,6.010030E-02,0.000000E+00,0.000000E+00,0.000000E+00,0.000000E+00,0.000000E+00,0.000000E+00,0.000000E+00,0.000000E+00,2.110805E+01,7.994409E+01,2.388841E+01,6.709755E+01
03:08:00,8.010552E+03,6.794581E+02,5.577585E-01,6.000462E-02,0.000000E+00,0.000000E+00,0.000000E+00,0.000000E+00,0.000000E+00,0.000000E+00,0.000000E+00,0.000000E+00,2.110805E+01,7.994409E+01,2.388841E+01,6.711246E+01
03:09:00,8.010552E+03,6.783773E+02,5.577585E-01,5.990917E-02,0.000000E+00,0.000000E+00,0.000000E+00,0.000000E+00,0.000000E+00,0.000000E+00,0.000000E+00,0.000000E+00,2.110805E+01,7.994409E+01,2.388841E+01,6.712734E+01
03:10:00,8.010552E+03,6.772991E+02,5.577585E-01,5.981394E-02,0.000000E+00,0.000000E+00,0.000000E+00,0.000000E+00,0.000000E+00,0.000000E+00,0.000000E+00,0.000000E+00,2.110805E+01,7.994409E+01,2.388841E+01,6.714220E+01
03:11:00,8.010552E+03,6.762233E+02,5.577585E-01,5.971894E-02,0.000000E+00,0.000000E+00,0.000000E+00,0.000000E+00,0.000000E+00,0.000000E+00,0.000000E+00,0.000000E+00,2.110805E+01,7.994409E+01,2.388841E+01,6.715702E+01
03:12:00,8.010552E+03,6.751501E+02,5.577585E-01,5.962415E-02,0.000000E+00,0.000000E+00,0.000000E+00,0.000000E+00,0.000000E+00,0.000000E+00,0.000000E+00,0.000000E+00,2.110805E+01,7.994409E+01,2.388841E+01,6.717182E+01
03:13:00,8.010552E+03,6.740792E+02,5.577585E-01,5.952958E-02,0.000000E+00,0.000000E+00,0.000000E+00,0.000000E+00,0.000000E+00,0.000000E+00,0.000000E+00,0.000000E+00,2.110805E+01,7.994409E+01,2.388841E+01,6.718659E+01
03:14:00,8.010552E+03,6.730109E+02,5.577585E-01,5.943523E-02,0.000000E+00,0.000000E+00,0.000000E+00,0.000000E+00,0.000000E+00,0.000000E+00,0.000000E+00,0.000000E+00,2.110805E+01,7.994409E+01,2.388841E+01,6.720133E+01
03:15:00,8.010552E+03,6.719449E+02,5.577585E-01,5.934109E-02,0.000000E+00,0.000000E+00,0.000000E+00,0.000000E+00,0.000000E+00,0.000000E+00,0.000000E+00,0.000000E+00,2.110805E+01,7.994409E+01,2.388841E+01,6.721605E+01
03:16:00,8.010552E+03,6.708813E+02,5.577585E-01,5.924716E-02,0.000000E+00,0.000000E+00,0.000000E+00,0.000000E+00,0.000000E+00,0.000000E+00,0.000000E+00,0.000000E+00,2.110805E+01,7.994409E+01,2.388841E+01,6.723074E+01
03:17:00,8.010552E+03,6.698201E+02,5.577585E-01,5.915344E-02,0.000000E+00,0.000000E+00,0.000000E+00,0.000000E+00,0.000000E+00,0.000000E+00,0.000000E+00,0.000000E+00,2.110805E+01,7.994409E+01,2.388841E+01,6.724541E+01
03:18:00,8.010552E+03,6.687613E+02,5.577585E-01,5.905993E-02,0.000000E+00,0.000000E+00,0.000000E+00,0.000000E+00,0.000000E+00,0.000000E+00,0.000000E+00,0.000000E+00,2.110805E+01,7.994409E+01,2.388841E+01,6.726005E+01
03:19:00,8.010552E+03,6.677048E+02,5.577585E-01,5.896663E-02,0.000000E+00,0.000000E+00,0.000000E+00,0.000000E+00,0.000000E+00,0.000000E+00,0.000000E+00,0.000000E+00,2.110805E+01,7.994409E+01,2.388842E+01,6.727468E+01
03:20:00,8.010552E+03,6.666508E+02,5.577585E-01,5.887354E-02,0.000000E+00,0.000000E+00,0.000000E+00,0.000000E+00,0.000000E+00,0.000000E+00,0.000000E+00,0.000000E+00,2.110805E+01,7.994409E+01,2.388842E+01,6.728927E+01
03:21:00,8.010552E+03,6.655990E+02,5.577585E-01,5.878066E-02,0.000000E+00,0.000000E+00,0.000000E+00,0.000000E+00,0.000000E+00,0.000000E+00,0.000000E+00,0.000000E+00,2.110805E+01,7.994409E+01,2.388842E+01,6.730385E+01
03:22:00,8.010552E+03,6.645497E+02,5.577585E-01,5.868798E-02,0.000000E+00,0.000000E+00,0.000000E+00,0.000000E+00,0.000000E+00,0.000000E+00,0.000000E+00,0.000000E+00,2.110805E+01,7.994409E+01,2.388842E+01,6.731840E+01
03:23:00,8.010552E+03,6.635027E+02,5.577585E-01,5.859552E-02,0.000000E+00,0.000000E+00,0.000000E+00,0.000000E+00,0.000000E+00,0.000000E+00,0.000000E+00,0.000000E+00,2.110805E+01,7.994409E+01,2.388842E+01,6.733293E+01
03:24:00,8.010552E+03,6.624580E+02,5.577585E-01,5.850326E-02,0.000000E+00,0.000000E+00,0.000000E+00,0.000000E+00,0.000000E+00,0.000000E+00,0.000000E+00,0.000000E+00,2.110805E+01,7.994409E+01,2.388842E+01,6.734743E+01
03:25:00,8.010552E+03,6.614157E+02,5.577585E-01,5.841121E-02,0.000000E+00,0.000000E+00,0.000000E+00,0.000000E+00,0.000000E+00,0.000000E+00,0.000000E+00,0.000000E+00,2.110805E+01,7.994409E+01,2.388842E+01,6.736192E+01
03:26:00,8.010552E+03,6.603757E+02,5.577585E-01,5.831936E-02,0.000000E+00,0.000000E+00,0.000000E+00,0.000000E+00,0.000000E+00,0.000000E+00,0.000000E+00,0.000000E+00,2.110805E+01,7.994409E+01,2.388842E+01,6.737638E+01
03:27:00,8.010552E+03,6.593380E+02,5.577585E-01,5.822772E-02,0.000000E+00,0.000000E+00,0.000000E+00,0.000000E+00,0.000000E+00,0.000000E+00,0.000000E+00,0.000000E+00,2.110805E+01,7.994409E+01,2.388842E+01,6.739083E+01
03:28:00,8.010552E+03,6.583027E+02,5.577585E-01,5.813628E-02,0.000000E+00,0.000000E+00,0.000000E+00,0.000000E+00,0.000000E+00,0.000000E+00,0.000000E+00,0.000000E+00,2.110805E+01,7.994409E+01,2.388842E+01,6.740524E+01
03:29:00,8.010552E+03,6.572696E+02,5.577585E-01,5.804504E-02,0.000000E+00,0.000000E+00,0.000000E+00,0.000000E+00,0.000000E+00,0.000000E+00,0.000000E+00,0.000000E+00,2.110805E+01,7.994409E+01,2.388842E+01,6.741965E+01
03:30:00,8.010552E+03,6.562389E+02,5.577585E-01,5.795401E-02,0.000000E+00,0.000000E+00,0.000000E+00,0.000000E+00,0.000000E+00,0.000000E+00,0.000000E+00,0.000000E+00,2.110805E+01,7.994409E+01,2.388842E+01,6.743402E+01
03:31:00,8.010552E+03,6.552104E+02,5.577585E-01,5.786319E-02,0.000000E+00,0.000000E+00,0.000000E+00,0.000000E+00,0.000000E+00,0.000000E+00,0.000000E+00,0.000000E+00,2.110805E+01,7.994409E+01,2.388842E+01,6.744838E+01
03:32:00,8.010552E+03,6.541843E+02,5.577585E-01,5.777257E-02,0.000000E+00,0.000000E+00,0.000000E+00,0.000000E+00,0.000000E+00,0.000000E+00,0.000000E+00,0.000000E+00,2.110805E+01,7.994409E+01,2.388842E+01,6.746272E+01
03:33:00,8.010552E+03,6.531605E+02,5.577585E-01,5.768215E-02,0.000000E+00,0.000000E+00,0.000000E+00,0.000000E+00,0.000000E+00,0.000000E+00,0.000000E+00,0.000000E+00,2.110805E+01,7.994409E+01,2.388842E+01,6.747703E+01
03:34:00,8.010552E+03,6.521389E+02,5.577585E-01,5.759193E-02,0.000000E+00,0.000000E+00,0.000000E+00,0.000000E+00,0.000000E+00,0.000000E+00,0.000000E+00,0.000000E+00,2.110805E+01,7.994409E+01,2.388842E+01,6.749133E+01
03:35:00,8.010552E+03,6.511197E+02,5.577585E-01,5.750192E-02,0.000000E+00,0.000000E+00,0.000000E+00,0.000000E+00,0.000000E+00,0.000000E+00,0.000000E+00,0.000000E+00,2.110805E+01,7.994409E+01,2.388842E+01,6.750560E+01
03:36:00,8.010552E+03,6.501028E+02,5.577585E-01,5.741211E-02,0.000000E+00,0.000000E+00,0.000000E+00,0.000000E+00,0.000000E+00,0.000000E+00,0.000000E+00,0.000000E+00,2.110805E+01,7.994409E+01,2.388842E+01,6.751986E+01
03:37:00,8.010552E+03,6.490882E+02,5.577585E-01,5.732251E-02,0.000000E+00,0.000000E+00,0.000000E+00,0.000000E+00,0.000000E+00,0.000000E+00,0.000000E+00,0.000000E+00,2.110805E+01,7.994409E+01,2.388842E+01,6.753409E+01
03:38:00,8.010552E+03,6.480759E+02,5.577585E-01,5.723310E-02,0.000000E+00,0.000000E+00,0.000000E+00,0.000000E+00,0.000000E+00,0.000000E+00,0.000000E+00,0.000000E+00,2.110805E+01,7.994409E+01,2.388842E+01,6.754830E+01
03:39:00,8.010552E+03,6.470659E+02,5.577585E-01,5.714391E-02,0.000000E+00,0.000000E+00,0.000000E+00,0.000000E+00,0.000000E+00,0.000000E+00,0.000000E+00,0.000000E+00,2.110805E+01,7.994409E+01,2.388842E+01,6.756249E+01
03:40:00,8.010552E+03,6.460582E+02,5.577585E-01,5.705491E-02,0.000000E+00,0.000000E+00,0.000000E+00,0.000000E+00,0.000000E+00,0.000000E+00,0.000000E+00,0.000000E+00,2.110805E+01,7.994409E+01,2.388842E+01,6.757667E+01
03:41:00,8.010552E+03,6.450528E+02,5.577585E-01,5.696612E-02,0.000000E+00,0.000000E+00,0.000000E+00,0.000000E+00,0.000000E+00,0.000000E+00,0.000000E+00,0.000000E+00,2.110805E+01,7.994409E+01,2.388842E+01,6.759081E+01
03:42:00,8.010552E+03,6.440497E+02,5.577585E-01,5.687753E-02,0.000000E+00,0.000000E+00,0.000000E+00,0.000000E+00,0.000000E+00,0.000000E+00,0.000000E+00,0.000000E+00,2.110805E+01,7.994409E+01,2.388843E+01,6.760494E+01
03:43:00,8.010552E+03,6.430489E+02,5.577585E-01,5.678915E-02,0.000000E+00,0.000000E+00,0.000000E+00,0.000000E+00,0.000000E+00,0.000000E+00,0.000000E+00,0.000000E+00,2.110805E+01,7.994409E+01,2.388843E+01,6.761905E+01
03:44:00,8.010552E+03,6.420506E+02,5.577585E-01,5.670098E-02,0.000000E+00,0.000000E+00,0.000000E+00,0.000000E+00,0.000000E+00,0.000000E+00,0.000000E+00,0.000000E+00,2.110805E+01,7.994409E+01,2.388843E+01,6.763313E+01
03:45:00,8.010552E+03,6.410546E+02,5.577585E-01,5.661302E-02,0.000000E+00,0.000000E+00,0.000000E+00,0.000000E+00,0.000000E+00,0.000000E+00,0.000000E+00,0.000000E+00,2.110805E+01,7.994409E+01,2.388843E+01,6.764720E+01
03:46:00,8.010552E+03,6.400610E+02,5.577585E-01,5.652527E-02,0.000000E+00,0.000000E+00,0.000000E+00,0.000000E+00,0.000000E+00,0.000000E+00,0.000000E+00,0.000000E+00,2.110805E+01,7.994409E+01,2.388843E+01,6.766123E+01
03:47:00,8.010552E+03,6.390699E+02,5.577585E-01,5.643774E-02,0.000000E+00,0.000000E+00,0.000000E+00,0.000000E+00,0.000000E+00,0.000000E+00,0.000000E+00,0.000000E+00,2.110805E+01,7.994409E+01,2.388843E+01,6.767525E+01
03:48:00,8.010552E+03,6.380812E+02,5.577585E-01,5.635043E-02,0.000000E+00,0.000000E+00,0.000000E+00,0.000000E+00,0.000000E+00,0.000000E+00,0.000000E+00,0.000000E+00,2.110805E+01,7.994409E+01,2.388843E+01,6.768925E+01
03:49:00,8.010552E+03,6.370951E+02,5.577585E-01,5.626334E-02,0.000000E+00,0.000000E+00,0.000000E+00,0.000000E+00,0.000000E+00,0.000000E+00,0.000000E+00,0.000000E+00,2.110805E+01,7.994409E+01,2.388843E+01,6.770322E+01
03:50:00,8.010552E+03,6.361115E+02,5.577585E-01,5.617647E-02,0.000000E+00,0.000000E+00,0.000000E+00,0.000000E+00,0.000000E+00,0.000000E+00,0.000000E+00,0.000000E+00,2.110805E+01,7.994409E+01,2.388843E+01,6.771717E+01
03:51:00,8.010552E+03,6.351305E+02,5.577585E-01,5.608984E-02,0.000000E+00,0.000000E+00,0.000000E+00,0.000000E+00,0.000000E+00,0.000000E+00,0.000000E+00,0.000000E+00,2.110805E+01,7.994409E+01,2.388843E+01,6.773109E+01
03:52:00,8.010552E+03,6.341522E+02,5.577585E-01,5.600344E-02,0.000000E+00,0.000000E+00,0.000000E+00,0.000000E+00,0.000000E+00,0.000000E+00,0.000000E+00,0.000000E+00,2.110805E+01,7.994409E+01,2.388843E+01,6.774498E+01
03:53:00,8.010552E+03,6.331767E+02,5.577585E-01,5.591729E-02,0.000000E+00,0.000000E+00,0.000000E+00,0.000000E+00,0.000000E+00,0.000000E+00,0.000000E+00,0.000000E+00,2.110805E+01,7.994409E+01,2.388843E+01,6.775885E+01
03:54:00,8.010552E+03,6.322041E+02,5.577585E-01,5.583139E-02,0.000000E+00,0.000000E+00,0.000000E+00,0.000000E+00,0.000000E+00,0.000000E+00,0.000000E+00,0.000000E+00,2.110805E+01,7.994409E+01,2.388843E+01,6.777269E+01
03:55:00,8.010552E+03,6.312337E+02,5.577585E-01,5.574569E-02,0.000000E+00,0.000000E+00,0.000000E+00,0.000000E+00,0.000000E+00,0.000000E+00,0.000000E+00,0.000000E+00,2.110805E+01,7.994409E+01,2.388843E+01,6.778650E+01
03:56:00,8.010552E+03,6.302654E+02,5.577585E-01,5.566018E-02,0.000000E+00,0.000000E+00,0.000000E+00,0.000000E+00,0.000000E+00,0.000000E+00,0.000000E+00,0.000000E+00,2.110805E+01,7.994409E+01,2.388843E+01,6.780029E+01
03:57:00,8.010552E+03,6.292989E+02,5.577585E-01,5.557483E-02,0.000000E+00,0.000000E+00,0.000000E+00,0.000000E+00,0.000000E+00,0.000000E+00,0.000000E+00,0.000000E+00,2.110805E+01,7.994409E+01,2.388843E+01,6.781405E+01
03:58:00,8.010552E+03,6.283342E+02,5.577585E-01,5.548963E-02,0.000000E+00,0.000000E+00,0.000000E+00,0.000000E+00,0.000000E+00,0.000000E+00,0.000000E+00,0.000000E+00,2.110805E+01,7.994409E+01,2.388843E+01,6.782781E+01
03:59:00,8.010552E+03,6.273711E+02,5.577585E-01,5.540457E-02,0.000000E+00,0.000000E+00,0.000000E+00,0.000000E+00,0.000000E+00,0.000000E+00,0.000000E+00,0.000000E+00,2.110805E+01,7.994409E+01,2.388843E+01,6.784156E+01
04:00:00,8.010552E+03,6.264095E+02,5.577585E-01,5.531964E-02,0.000000E+00,0.000000E+00,0.000000E+00,0.000000E+00,0.000000E+00,0.000000E+00,0.000000E+00,0.000000E+00,2.110805E+01,7.994409E+01,2.388843E+01,6.785530E+01
04:01:00,8.010552E+03,6.254521E+02,5.577585E-01,5.523510E-02,0.000000E+00,0.000000E+00,0.000000E+00,0.000000E+00,0.000000E+00,0.000000E+00,0.000000E+00,0.000000E+00,2.110805E+01,7.994409E+01,2.388843E+01,6.786904E+01
04:02:00,8.010552E+03,6.244989E+02,5.577585E-01,5.515092E-02,0.000000E+00,0.000000E+00,0.000000E+00,0.000000E+00,0.000000E+00,0.000000E+00,0.000000E+00,0.000000E+00,2.110805E+01,7.994409E+01,2.388843E+01,6.788274E+01
04:03:00,8.010552E+03,6.235498E+02,5.577585E-01,5.506710E-02,0.000000E+00,0.000000E+00,0.000000E+00,0.000000E+00,0.000000E+00,0.000000E+00,0.000000E+00,0.000000E+00,2.110805E+01,7.994409E+01,2.388843E+01,6.789638E+01
04:04:00,8.010552E+03,6.226048E+02,5.577585E-01,5.498363E-02,0.000000E+00,0.000000E+00,0.000000E+00,0.000000E+00,0.000000E+00,0.000000E+00,0.000000E+00,0.000000E+00,2.110805E+01,7.994409E+01,2.388844E+01,6.790997E+01
04:05:00,8.010552E+03,6.216636E+02,5.577585E-01,5.490052E-02,0.000000E+00,0.000000E+00,0.000000E+00,0.000000E+00,0.000000E+00,0.000000E+00,0.000000E+00,0.000000E+00,2.110805E+01,7.994409E+01,2.388844E+01,6.792349E+01
04:06:00,8.010552E+03,6.207263E+02,5.577585E-01,5.481774E-02,0.000000E+00,0.000000E+00,0.000000E+00,0.000000E+00,0.000000E+00,0.000000E+00,0.000000E+00,0.000000E+00,2.110805E+01,7.994409E+01,2.388844E+01,6.793696E+01
04:07:00,8.010552E+03,6.197929E+02,5.577585E-01,5.473530E-02,0.000000E+00,0.000000E+00,0.000000E+00,0.000000E+00,0.000000E+00,0.000000E+00,0.000000E+00,0.000000E+00,2.110805E+01,7.994409E+01,2.388844E+01,6.795038E+01
04:08:00,8.010552E+03,6.188631E+02,5.577585E-01,5.465319E-02,0.000000E+00,0.000000E+00,0.000000E+00,0.000000E+00,0.000000E+00,0.000000E+00,0.000000E+00,0.000000E+00,2.110805E+01,7.994409E+01,2.388844E+01,6.796374E+01
04:09:00,8.010552E+03,6.179370E+02,5.577585E-01,5.457140E-02,0.000000E+00,0.000000E+00,0.000000E+00,0.000000E+00,0.000000E+00,0.000000E+00,0.000000E+00,0.000000E+00,2.110805E+01,7.994409E+01,2.388844E+01,6.797706E+01
04:10:00,8.010552E+03,6.170144E+02,5.577585E-01,5.448993E-02,0.000000E+00,0.000000E+00,0.000000E+00,0.000000E+00,0.000000E+00,0.000000E+00,0.000000E+00,0.000000E+00,2.110805E+01,7.994409E+01,2.388844E+01,6.799033E+01
04:11:00,8.010552E+03,6.160955E+02,5.577585E-01,5.440877E-02,0.000000E+00,0.000000E+00,0.000000E+00,0.000000E+00,0.000000E+00,0.000000E+00,0.000000E+00,0.000000E+00,2.110805E+01,7.994409E+01,2.388844E+01,6.800355E+01
04:12:00,8.010552E+03,6.151801E+02,5.577585E-01,5.432793E-02,0.000000E+00,0.000000E+00,0.000000E+00,0.000000E+00,0.000000E+00,0.000000E+00,0.000000E+00,0.000000E+00,2.110805E+01,7.994409E+01,2.388844E+01,6.801672E+01
04:13:00,8.010552E+03,6.142683E+02,5.577585E-01,5.424740E-02,0.000000E+00,0.000000E+00,0.000000E+00,0.000000E+00,0.000000E+00,0.000000E+00,0.000000E+00,0.000000E+00,2.110805E+01,7.994409E+01,2.388844E+01,6.802986E+01
04:14:00,8.010552E+03,6.133601E+02,5.577585E-01,5.416719E-02,0.000000E+00,0.000000E+00,0.000000E+00,0.000000E+00,0.000000E+00,0.000000E+00,0.000000E+00,0.000000E+00,2.110805E+01,7.994409E+01,2.388844E+01,6.804295E+01
04:15:00,8.010552E+03,6.124554E+02,5.577585E-01,5.408729E-02,0.000000E+00,0.000000E+00,0.000000E+00,0.000000E+00,0.000000E+00,0.000000E+00,0.000000E+00,0.000000E+00,2.110805E+01,7.994409E+01,2.388844E+01,6.805600E+01
04:16:00,8.010552E+03,6.115547E+02,5.577585E-01,5.400775E-02,0.000000E+00,0.000000E+00,0.000000E+00,0.000000E+00,0.000000E+00,0.000000E+00,0.000000E+00,0.000000E+00,2.110805E+01,7.994409E+01,2.388844E+01,6.806901E+01
04:17:00,8.010552E+03,6.106573E+02,5.577585E-01,5.392850E-02,0.000000E+00,0.000000E+00,0.000000E+00,0.000000E+00,0.000000E+00,0.000000E+00,0.000000E+00,0.000000E+00,2.110805E+01,7.994409E+01,2.388844E+01,6.808197E+01
04:18:00,8.010552E+03,6.097637E+02,5.577585E-01,5.384958E-02,0.000000E+00,0.000000E+00,0.000000E+00,0.000000E+00,0.000000E+00,0.000000E+00,0.000000E+00,0.000000E+00,2.110805E+01,7.994409E+01,2.388844E+01,6.809490E+01
04:19:00,8.010552E+03,6.088734E+02,5.577585E-01,5.377096E-02,0.000000E+00,0.000000E+00,0.000000E+00,0.000000E+00,0.000000E+00,0.000000E+00,0.000000E+00,0.000000E+00,2.110805E+01,7.994409E+01,2.388844E+01,6.810779E+01
04:20:00,8.010552E+03,6.079869E+02,5.577585E-01,5.369266E-02,0.000000E+00,0.000000E+00,0.000000E+00,0.000000E+00,0.000000E+00,0.000000E+00,0.000000E+00,0.000000E+00,2.110805E+01,7.994409E+01,2.388844E+01,6.812064E+01
04:21:00,8.010552E+03,6.071037E+02,5.577585E-01,5.361466E-02,0.000000E+00,0.000000E+00,0.000000E+00,0.000000E+00,0.000000E+00,0.000000E+00,0.000000E+00,0.000000E+00,2.110805E+01,7.994409E+01,2.388844E+01,6.813345E+01
04:22:00,8.010552E+03,6.062242E+02,5.577585E-01,5.353699E-02,0.000000E+00,0.000000E+00,0.000000E+00,0.000000E+00,0.000000E+00,0.000000E+00,0.000000E+00,0.000000E+00,2.110805E+01,7.994409E+01,2.388844E+01,6.814623E+01
04:23:00,8.010552E+03,6.053481E+02,5.577585E-01,5.345962E-02,0.000000E+00,0.000000E+00,0.000000E+00,0.000000E+00,0.000000E+00,0.000000E+00,0.000000E+00,0.000000E+00,2.110805E+01,7.994409E+01,2.388844E+01,6.815897E+01
04:24:00,8.010552E+03,6.044758E+02,5.577585E-01,5.338258E-02,0.000000E+00,0.000000E+00,0.000000E+00,0.000000E+00,0.000000E+00,0.000000E+00,0.000000E+00,0.000000E+00,2.110805E+01,7.994409E+01,2.388844E+01,6.817168E+01
04:25:00,8.010552E+03,6.036069E+02,5.577585E-01,5.330585E-02,0.000000E+00,0.000000E+00,0.000000E+00,0.000000E+00,0.000000E+00,0.000000E+00,0.000000E+00,0.000000E+00,2.110805E+01,7.994409E+01,2.388844E+01,6.818435E+01
04:26:00,8.010552E+03,6.027420E+02,5.577585E-01,5.322946E-02,0.000000E+00,0.000000E+00,0.000000E+00,0.000000E+00,0.000000E+00,0.000000E+00,0.000000E+00,0.000000E+00,2.110805E+01,7.994409E+01,2.388844E+01,6.819698E+01
04:27:00,8.010553E+03,6.018806E+02,5.577585E-01,5.315339E-02,0.000000E+00,0.000000E+00,0.000000E+00,0.000000E+00,0.000000E+00,0.000000E+00,0.000000E+00,0.000000E+00,2.110805E+01,7.994409E+01,2.388844E+01,6.820958E+01
04:28:00,8.010553E+03,6.010234E+02,5.577585E-01,5.307768E-02,0.000000E+00,0.000000E+00,0.000000E+00,0.000000E+00,0.000000E+00,0.000000E+00,0.000000E+00,0.000000E+00,2.110805E+01,7.994409E+01,2.388844E+01,6.822214E+01
04:29:00,8.010553E+03,6.001697E+02,5.577585E-01,5.300229E-02,0.000000E+00,0.000000E+00,0.000000E+00,0.000000E+00,0.000000E+00,0.000000E+00,0.000000E+00,0.000000E+00,2.110805E+01,7.994409E+01,2.388844E+01,6.823466E+01
04:30:00,8.010553E+03,5.993198E+02,5.577585E-01,5.292723E-02,0.000000E+00,0.000000E+00,0.000000E+00,0.000000E+00,0.000000E+00,0.000000E+00,0.000000E+00,0.000000E+00,2.110805E+01,7.994409E+01,2.388844E+01,6.824714E+01
04:31:00,8.010553E+03,5.984732E+02,5.577585E-01,5.285246E-02,0.000000E+00,0.000000E+00,0.000000E+00,0.000000E+00,0.000000E+00,0.000000E+00,0.000000E+00,0.000000E+00,2.110805E+01,7.994409E+01,2.388845E+01,6.825958E+01
04:32:00,8.010553E+03,5.976301E+02,5.577585E-01,5.277801E-02,0.000000E+00,0.000000E+00,0.000000E+00,0.000000E+00,0.000000E+00,0.000000E+00,0.000000E+00,0.000000E+00,2.110805E+01,7.994409E+01,2.388845E+01,6.827200E+01
04:33:00,8.010553E+03,5.967901E+02,5.577585E-01,5.270382E-02,0.000000E+00,0.000000E+00,0.000000E+00,0.000000E+00,0.000000E+00,0.000000E+00,0.000000E+00,0.000000E+00,2.110805E+01,7.994409E+01,2.388845E+01,6.828438E+01
04:34:00,8.010553E+03,5.959537E+02,5.577585E-01,5.262995E-02,0.000000E+00,0.000000E+00,0.000000E+00,0.000000E+00,0.000000E+00,0.000000E+00,0.000000E+00,0.000000E+00,2.110805E+01,7.994409E+01,2.388845E+01,6.829674E+01
04:35:00,8.010553E+03,5.951202E+02,5.577585E-01,5.255635E-02,0.000000E+00,0.000000E+00,0.000000E+00,0.000000E+00,0.000000E+00,0.000000E+00,0.000000E+00,0.000000E+00,2.110805E+01,7.994409E+01,2.388845E+01,6.830907E+01
04:36:00,8.010553E+03,5.942900E+02,5.577585E-01,5.248303E-02,0.000000E+00,0.000000E+00,0.000000E+00,0.000000E+00,0.000000E+00,0.000000E+00,0.000000E+00,0.000000E+00,2.110805E+01,7.994409E+01,2.388845E+01,6.832137E+01
04:37:00,8.010553E+03,5.934626E+02,5.577585E-01,5.240995E-02,0.000000E+00,0.000000E+00,0.000000E+00,0.000000E+00,0.000000E+00,0.000000E+00,0.000000E+00,0.000000E+00,2.110805E+01,7.994409E+01,2.388845E+01,6.833365E+01
04:38:00,8.010553E+03,5.926382E+02,5.577585E-01,5.233714E-02,0.000000E+00,0.000000E+00,0.000000E+00,0.000000E+00,0.000000E+00,0.000000E+00,0.000000E+00,0.000000E+00,2.110805E+01,7.994409E+01,2.388845E+01,6.834592E+01
04:39:00,8.010553E+03,5.918514E+02,5.577585E-01,5.226766E-02,0.000000E+00,0.000000E+00,0.000000E+00,0.000000E+00,0.000000E+00,0.000000E+00,0.000000E+00,0.000000E+00,2.110805E+01,7.994409E+01,2.388845E+01,6.835816E+01
04:40:00,8.010553E+03,5.910746E+02,5.577585E-01,5.219906E-02,0.000000E+00,0.000000E+00,0.000000E+00,0.000000E+00,0.000000E+00,0.000000E+00,0.000000E+00,0.000000E+00,2.110805E+01,7.994409E+01,2.388845E+01,6.836997E+01
04:41:00,8.010553E+03,5.903060E+02,5.577585E-01,5.213118E-02,0.000000E+00,0.000000E+00,0.000000E+00,0.000000E+00,0.000000E+00,0.000000E+00,0.000000E+00,0.000000E+00,2.110805E+01,7.994409E+01,2.388845E+01,6.838142E+01
04:42:00,8.010553E+03,5.895444E+02,5.577585E-01,5.206392E-02,0.000000E+00,0.000000E+00,0.000000E+00,0.000000E+00,0.000000E+00,0.000000E+00,0.000000E+00,0.000000E+00,2.110805E+01,7.994409E+01,2.388845E+01,6.839265E+01
04:43:00,8.010553E+03,5.887908E+02,5.577585E-01,5.199737E-02,0.000000E+00,0.000000E+00,0.000000E+00,0.000000E+00,0.000000E+00,0.000000E+00,0.000000E+00,0.000000E+00,2.110805E+01,7.994409E+01,2.388845E+01,6.840376E+01
04:44:00,8.010553E+03,5.880459E+02,5.577585E-01,5.193158E-02,0.000000E+00,0.000000E+00,0.000000E+00,0.000000E+00,0.000000E+00,0.000000E+00,0.000000E+00,0.000000E+00,2.110805E+01,7.994409E+01,2.388845E+01,6.841478E+01
04:45:00,8.010553E+03,5.873099E+02,5.577585E-01,5.186658E-02,0.000000E+00,0.000000E+00,0.000000E+00,0.000000E+00,0.000000E+00,0.000000E+00,0.000000E+00,0.000000E+00,2.110805E+01,7.994409E+01,2.388845E+01,6.842570E+01
04:46:00,8.010553E+03,5.865910E+02,5.577585E-01,5.180310E-02,0.000000E+00,0.000000E+00,0.000000E+00,0.000000E+00,0.000000E+00,0.000000E+00,0.000000E+00,0.000000E+00,2.110805E+01,7.994409E+01,2.388845E+01,6.843650E+01
04:47:00,8.010553E+03,5.858832E+02,5.577585E-01,5.174059E-02,0.000000E+00,0.000000E+00,0.000000E+00,0.000000E+00,0.000000E+00,0.000000E+00,0.000000E+00,0.000000E+00,2.110805E+01,7.994409E+01,2.388845E+01,6.844708E+01
04:48:00,8.010553E+03,5.851865E+02,5.577585E-01,5.167906E-02,0.000000E+00,0.000000E+00,0.000000E+00,0.000000E+00,0.000000E+00,0.000000E+00,0.000000E+00,0.000000E+00,2.110805E+01,7.994409E+01,2.388845E+01,6.845745E+01
04:49:00,8.010553E+03,5.845012E+02,5.577585E-01,5.161853E-02,0.000000E+00,0.000000E+00,0.000000E+00,0.000000E+00,0.000000E+00,0.000000E+00,0.000000E+00,0.000000E+00,2.110805E+01,7.994409E+01,2.388845E+01,6.846764E+01
04:50:00,8.010553E+03,5.838274E+02,5.577585E-01,5.155903E-02,0.000000E+00,0.000000E+00,0.000000E+00,0.000000E+00,0.000000E+00,0.000000E+00,0.000000E+00,0.000000E+00,2.110805E+01,7.994409E+01,2.388845E+01,6.847766E+01
04:51:00,8.010553E+03,5.831655E+02,5.577585E-01,5.150058E-02,0.000000E+00,0.000000E+00,0.000000E+00,0.000000E+00,0.000000E+00,0.000000E+00,0.000000E+00,0.000000E+00,2.110805E+01,7.994409E+01,2.388845E+01,6.848752E+01
04:52:00,8.010553E+03,5.825157E+02,5.577585E-01,5.144319E-02,0.000000E+00,0.000000E+00,0.000000E+00,0.000000E+00,0.000000E+00,0.000000E+00,0.000000E+00,0.000000E+00,2.110805E+01,7.994409E+01,2.388845E+01,6.849720E+01
04:53:00,8.010553E+03,5.818781E+02,5.577585E-01,5.138688E-02,0.000000E+00,0.000000E+00,0.000000E+00,0.000000E+00,0.000000E+00,0.000000E+00,0.000000E+00,0.000000E+00,2.110805E+01,7.994409E+01,2.388845E+01,6.850672E+01
04:54:00,8.010553E+03,5.812529E+02,5.577585E-01,5.133166E-02,0.000000E+00,0.000000E+00,0.000000E+00,0.000000E+00,0.000000E+00,0.000000E+00,0.000000E+00,0.000000E+00,2.110805E+01,7.994409E+01,2.388845E+01,6.851606E+01
04:55:00,8.010553E+03,5.806408E+02,5.577585E-01,5.127761E-02,0.000000E+00,0.000000E+00,0.000000E+00,0.000000E+00,0.000000E+00,0.000000E+00,0.000000E+00,0.000000E+00,2.110805E+01,7.994409E+01,2.388845E+01,6.852522E+01
04:56:00,8.010553E+03,5.800572E+02,5.577585E-01,5.122606E-02,0.000000E+00,0.000000E+00,0.000000E+00,0.000000E+00,0.000000E+00,0.000000E+00,0.000000E+00,0.000000E+00,2.110805E+01,7.994409E+01,2.388845E+01,6.853420E+01
04:57:00,8.010553E+03,5.794889E+02,5.577585E-01,5.117587E-02,0.000000E+00,0.000000E+00,0.000000E+00,0.000000E+00,0.000000E+00,0.000000E+00,0.000000E+00,0.000000E+00,2.110805E+01,7.994409E+01,2.388845E+01,6.854283E+01
04:58:00,8.010553E+03,5.789367E+02,5.577585E-01,5.112711E-02,0.000000E+00,0.000000E+00,0.000000E+00,0.000000E+00,0.000000E+00,0.000000E+00,0.000000E+00,0.000000E+00,2.110805E+01,7.994409E+01,2.388845E+01,6.855114E+01
04:59:00,8.010553E+03,5.784006E+02,5.577585E-01,5.107976E-02,0.000000E+00,0.000000E+00,0.000000E+00,0.000000E+00,0.000000E+00,0.000000E+00,0.000000E+00,0.000000E+00,2.110805E+01,7.994409E+01,2.388845E+01,6.855921E+01
05:00:00,8.010553E+03,5.778810E+02,5.577585E-01,5.103388E-02,0.000000E+00,0.000000E+00,0.000000E+00,0.000000E+00,0.000000E+00,0.000000E+00,0.000000E+00,0.000000E+00,2.110805E+01,7.994409E+01,2.388845E+01,6.856706E+01
05:01:00,8.010553E+03,5.773868E+02,5.577585E-01,5.099023E-02,0.000000E+00,0.000000E+00,0.000000E+00,0.000000E+00,0.000000E+00,0.000000E+00,0.000000E+00,0.000000E+00,2.110805E+01,7.994409E+01,2.388845E+01,6.857471E+01
05:02:00,8.010553E+03,5.769181E+02,5.577585E-01,5.094884E-02,0.000000E+00,0.000000E+00,0.000000E+00,0.000000E+00,0.000000E+00,0.000000E+00,0.000000E+00,0.000000E+00,2.110805E+01,7.994409E+01,2.388845E+01,6.858202E+01
05:03:00,8.010553E+03,5.764752E+02,5.577585E-01,5.090972E-02,0.000000E+00,0.000000E+00,0.000000E+00,0.000000E+00,0.000000E+00,0.000000E+00,0.000000E+00,0.000000E+00,2.110805E+01,7.994409E+01,2.388845E+01,6.858889E+01
05:04:00,8.010553E+03,5.760582E+02,5.577585E-01,5.087290E-02,0.000000E+00,0.000000E+00,0.000000E+00,0.000000E+00,0.000000E+00,0.000000E+00,0.000000E+00,0.000000E+00,2.110805E+01,7.994409E+01,2.388845E+01,6.859531E+01
05:05:00,8.010553E+03,5.756674E+02,5.577585E-01,5.083838E-02,0.000000E+00,0.000000E+00,0.000000E+00,0.000000E+00,0.000000E+00,0.000000E+00,0.000000E+00,0.000000E+00,2.110805E+01,7.994409E+01,2.388844E+01,6.860127E+01
05:06:00,8.010553E+03,5.753029E+02,5.577585E-01,5.080620E-02,0.000000E+00,0.000000E+00,0.000000E+00,0.000000E+00,0.000000E+00,0.000000E+00,0.000000E+00,0.000000E+00,2.110805E+01,7.994409E+01,2.388844E+01,6.860678E+01
05:07:00,8.010553E+03,5.749649E+02,5.577585E-01,5.077635E-02,0.000000E+00,0.000000E+00,0.000000E+00,0.000000E+00,0.000000E+00,0.000000E+00,0.000000E+00,0.000000E+00,2.110805E+01,7.994409E+01,2.388844E+01,6.861187E+01
05:08:00,8.010553E+03,5.746535E+02,5.577585E-01,5.074884E-02,0.000000E+00,0.000000E+00,0.000000E+00,0.000000E+00,0.000000E+00,0.000000E+00,0.000000E+00,0.000000E+00,2.110805E+01,7.994409E+01,2.388844E+01,6.861652E+01
05:09:00,8.010553E+03,5.743674E+02,5.577585E-01,5.072357E-02,0.000000E+00,0.000000E+00,0.000000E+00,0.000000E+00,0.000000E+00,0.000000E+00,0.000000E+00,0.000000E+00,2.110805E+01,7.994409E+01,2.388844E+01,6.862076E+01
05:10:00,8.010553E+03,5.741055E+02,5.577585E-01,5.070044E-02,0.000000E+00,0.000000E+00,0.000000E+00,0.000000E+00,0.000000E+00,0.000000E+00,0.000000E+00,0.000000E+00,2.110805E+01,7.994409E+01,2.388844E+01,6.862461E+01
05:11:00,8.010553E+03,5.738677E+02,5.577585E-01,5.067945E-02,0.000000E+00,0.000000E+00,0.000000E+00,0.000000E+00,0.000000E+00,0.000000E+00,0.000000E+00,0.000000E+00,2.110805E+01,7.994409E+01,2.388844E+01,6.862809E+01
05:12:00,8.010553E+03,5.736542E+02,5.577585E-01,5.066059E-02,0.000000E+00,0.000000E+00,0.000000E+00,0.000000E+00,0.000000E+00,0.000000E+00,0.000000E+00,0.000000E+00,2.110805E+01,7.994409E+01,2.388844E+01,6.863124E+01
05:13:00,8.010553E+03,5.734649E+02,5.577585E-01,5.064387E-02,0.000000E+00,0.000000E+00,0.000000E+00,0.000000E+00,0.000000E+00,0.000000E+00,0.000000E+00,0.000000E+00,2.110805E+01,7.994409E+01,2.388844E+01,6.863406E+01
05:14:00,8.010553E+03,5.732998E+02,5.577585E-01,5.062929E-02,0.000000E+00,0.000000E+00,0.000000E+00,0.000000E+00,0.000000E+00,0.000000E+00,0.000000E+00,0.000000E+00,2.110805E+01,7.994409E+01,2.388844E+01,6.863656E+01
05:15:00,8.010553E+03,5.731589E+02,5.577585E-01,5.061685E-02,0.000000E+00,0.000000E+00,0.000000E+00,0.000000E+00,0.000000E+00,0.000000E+00,0.000000E+00,0.000000E+00,2.110805E+01,7.994409E+01,2.388844E+01,6.863876E+01
05:16:00,8.010553E+03,5.730752E+02,5.577585E-01,5.060946E-02,0.000000E+00,0.000000E+00,0.000000E+00,0.000000E+00,0.000000E+00,0.000000E+00,0.000000E+00,0.000000E+00,2.110805E+01,7.994409E+01,2.388844E+01,6.864064E+01
05:17:00,8.010553E+03,5.730185E+02,5.577585E-01,5.060445E-02,0.000000E+00,0.000000E+00,0.000000E+00,0.000000E+00,0.000000E+00,0.000000E+00,0.000000E+00,0.000000E+00,2.110805E+01,7.994409E+01,2.388844E+01,6.864182E+01
05:18:00,8.010553E+03,5.729869E+02,5.577585E-01,5.060167E-02,0.000000E+00,0.000000E+00,0.000000E+00,0.000000E+00,0.000000E+00,0.000000E+00,0.000000E+00,0.000000E+00,2.110805E+01,7.994409E+01,2.388843E+01,6.864243E+01
05:19:00,8.010553E+03,5.729811E+02,5.577585E-01,5.060115E-02,0.000000E+00,0.000000E+00,0.000000E+00,0.000000E+00,0.000000E+00,0.000000E+00,0.000000E+00,0.000000E+00,2.110805E+01,7.994409E+01,2.388843E+01,6.864265E+01
05:20:00,8.010553E+03,5.730003E+02,5.577585E-01,5.060285E-02,0.000000E+00,0.000000E+00,0.000000E+00,0.000000E+00,0.000000E+00,0.000000E+00,0.000000E+00,0.000000E+00,2.110805E+01,7.994409E+01,2.388843E+01,6.864256E+01
05:21:00,8.010553E+03,5.730449E+02,5.577585E-01,5.060679E-02,0.000000E+00,0.000000E+00,0.000000E+00,0.000000E+00,0.000000E+00,0.000000E+00,0.000000E+00,0.000000E+00,2.110805E+01,7.994409E+01,2.388843E+01,6.864221E+01
05:22:00,8.010553E+03,5.731142E+02,5.577585E-01,5.061290E-02,0.000000E+00,0.000000E+00,0.000000E+00,0.000000E+00,0.000000E+00,0.000000E+00,0.000000E+00,0.000000E+00,2.110805E+01,7.994409E+01,2.388843E+01,6.864159E+01
05:23:00,8.010553E+03,5.732085E+02,5.577585E-01,5.062123E-02,0.000000E+00,0.000000E+00,0.000000E+00,0.000000E+00,0.000000E+00,0.000000E+00,0.000000E+00,0.000000E+00,2.110805E+01,7.994409E+01,2.388843E+01,6.864072E+01
05:24:00,8.010553E+03,5.733272E+02,5.577585E-01,5.063172E-02,0.000000E+00,0.000000E+00,0.000000E+00,0.000000E+00,0.000000E+00,0.000000E+00,0.000000E+00,0.000000E+00,2.110805E+01,7.994409E+01,2.388843E+01,6.863961E+01
05:25:00,8.010553E+03,5.734707E+02,5.577585E-01,5.064439E-02,0.000000E+00,0.000000E+00,0.000000E+00,0.000000E+00,0.000000E+00,0.000000E+00,0.000000E+00,0.000000E+00,2.110805E+01,7.994409E+01,2.388843E+01,6.863825E+01
05:26:00,8.010553E+03,5.736383E+02,5.577585E-01,5.065920E-02,0.000000E+00,0.000000E+00,0.000000E+00,0.000000E+00,0.000000E+00,0.000000E+00,0.000000E+00,0.000000E+00,2.110805E+01,7.994409E+01,2.388843E+01,6.863666E+01
05:27:00,8.010553E+03,5.738300E+02,5.577585E-01,5.067613E-02,0.000000E+00,0.000000E+00,0.000000E+00,0.000000E+00,0.000000E+00,0.000000E+00,0.000000E+00,0.000000E+00,2.110805E+01,7.994409E+01,2.388843E+01,6.863484E+01
05:28:00,8.010553E+03,5.740456E+02,5.577585E-01,5.069517E-02,0.000000E+00,0.000000E+00,0.000000E+00,0.000000E+00,0.000000E+00,0.000000E+00,0.000000E+00,0.000000E+00,2.110805E+01,7.994409E+01,2.388843E+01,6.863281E+01
05:29:00,8.010553E+03,5.742854E+02,5.577585E-01,5.071635E-02,0.000000E+00,0.000000E+00,0.000000E+00,0.000000E+00,0.000000E+00,0.000000E+00,0.000000E+00,0.000000E+00,2.110805E+01,7.994409E+01,2.388843E+01,6.863056E+01
05:30:00,8.010553E+03,5.745491E+02,5.577585E-01,5.073963E-02,0.000000E+00,0.000000E+00,0.000000E+00,0.000000E+00,0.000000E+00,0.000000E+00,0.000000E+00,0.000000E+00,2.110805E+01,7.994409E+01,2.388843E+01,6.862811E+01
05:31:00,8.010553E+03,5.748371E+02,5.577585E-01,5.076506E-02,0.000000E+00,0.000000E+00,0.000000E+00,0.000000E+00,0.000000E+00,0.000000E+00,0.000000E+00,0.000000E+00,2.110805E+01,7.994409E+01,2.388843E+01,6.862546E+01
05:32:00,8.010553E+03,5.751489E+02,5.577585E-01,5.079260E-02,0.000000E+00,0.000000E+00,0.000000E+00,0.000000E+00,0.000000E+00,0.000000E+00,0.000000E+00,0.000000E+00,2.110805E+01,7.994409E+01,2.388843E+01,6.862262E+01
05:33:00,8.010553E+03,5.754849E+02,5.577585E-01,5.082228E-02,0.000000E+00,0.000000E+00,0.000000E+00,0.000000E+00,0.000000E+00,0.000000E+00,0.000000E+00,0.000000E+00,2.110805E+01,7.994409E+01,2.388843E+01,6.861959E+01
05:34:00,8.010553E+03,5.758447E+02,5.577585E-01,5.085405E-02,0.000000E+00,0.000000E+00,0.000000E+00,0.000000E+00,0.000000E+00,0.000000E+00,0.000000E+00,0.000000E+00,2.110805E+01,7.994409E+01,2.388843E+01,6.861639E+01
05:35:00,8.010553E+03,5.762284E+02,5.577585E-01,5.088795E-02,0.000000E+00,0.000000E+00,0.000000E+00,0.000000E+00,0.000000E+00,0.000000E+00,0.000000E+00,0.000000E+00,2.110805E+01,7.994409E+01,2.388843E+01,6.861301E+01
05:36:00,8.010553E+03,5.766359E+02,5.577585E-01,5.092394E-02,0.000000E+00,0.000000E+00,0.000000E+00,0.000000E+00,0.000000E+00,0.000000E+00,0.000000E+00,0.000000E+00,2.110805E+01,7.994409E+01,2.388843E+01,6.860946E+01
05:37:00,8.010553E+03,5.770675E+02,5.577585E-01,5.096205E-02,0.000000E+00,0.000000E+00,0.000000E+00,0.000000E+00,0.000000E+00,0.000000E+00,0.000000E+00,0.000000E+00,2.110805E+01,7.994409E+01,2.388843E+01,6.860575E+01
05:38:00,8.010553E+03,5.775228E+02,5.577585E-01,5.100226E-02,0.000000E+00,0.000000E+00,0.000000E+00,0.000000E+00,0.000000E+00,0.000000E+00,0.000000E+00,0.000000E+00,2.110805E+01,7.994409E+01,2.388842E+01,6.860189E+01
05:39:00,8.010553E+03,5.779670E+02,5.577585E-01,5.104149E-02,0.000000E+00,0.000000E+00,0.000000E+00,0.000000E+00,0.000000E+00,0.000000E+00,0.000000E+00,0.000000E+00,2.110805E+01,7.994409E+01,2.388842E+01,6.859788E+01
05:40:00,8.010553E+03,5.784278E+02,5.577585E-01,5.108218E-02,0.000000E+00,0.000000E+00,0.000000E+00,0.000000E+00,0.000000E+00,0.000000E+00,0.000000E+00,0.000000E+00,2.110805E+01,7.994409E+01,2.388842E+01,6.859372E+01
05:41:00,8.010553E+03,5.789066E+02,5.577585E-01,5.112447E-02,0.000000E+00,0.000000E+00,0.000000E+00,0.000000E+00,0.000000E+00,0.000000E+00,0.000000E+00,0.000000E+00,2.110805E+01,7.994409E+01,2.388842E+01,6.858943E+01
05:42:00,8.010553E+03,5.794047E+02,5.577585E-01,5.116847E-02,0.000000E+00,0.000000E+00,0.000000E+00,0.000000E+00,0.000000E+00,0.000000E+00,0.000000E+00,0.000000E+00,2.110805E+01,7.994409E+01,2.388842E+01,6.858500E+01
05:43:00,8.010553E+03,5.799209E+02,5.577585E-01,5.121405E-02,0.000000E+00,0.000000E+00,0.000000E+00,0.000000E+00,0.000000E+00,0.000000E+00,0.000000E+00,0.000000E+00,2.110805E+01,7.994409E+01,2.388842E+01,6.858045E+01
05:44:00,8.010553E+03,5.804544E+02,5.577585E-01,5.126117E-02,0.000000E+00,0.000000E+00,0.000000E+00,0.000000E+00,0.000000E+00,0.000000E+00,0.000000E+00,0.000000E+00,2.110805E+01,7.994409E+01,2.388842E+01,6.857577E+01
05:45:00,8.010553E+03,5.810048E+02,5.577585E-01,5.130978E-02,0.000000E+00,0.000000E+00,0.000000E+00,0.000000E+00,0.000000E+00,0.000000E+00,0.000000E+00,0.000000E+00,2.110805E+01,7.994409E+01,2.388842E+01,6.857097E+01
05:46:00,8.010553E+03,5.815638E+02,5.577585E-01,5.135914E-02,0.000000E+00,0.000000E+00,0.000000E+00,0.000000E+00,0.000000E+00,0.000000E+00,0.000000E+00,0.000000E+00,2.110805E+01,7.994409E+01,2.388842E+01,6.856606E+01
05:47:00,8.010553E+03,5.821372E+02,5.577585E-01,5.140979E-02,0.000000E+00,0.000000E+00,0.000000E+00,0.000000E+00,0.000000E+00,0.000000E+00,0.000000E+00,0.000000E+00,2.110805E+01,7.994409E+01,2.388842E+01,6.856104E+01
05:48:00,8.010553E+03,5.827250E+02,5.577585E-01,5.146170E-02,0.000000E+00,0.000000E+00,0.000000E+00,0.000000E+00,0.000000E+00,0.000000E+00,0.000000E+00,0.000000E+00,2.110805E+01,7.994409E+01,2.388842E+01,6.855591E+01
05:49:00,8.010553E+03,5.833267E+02,5.577585E-01,5.151484E-02,0.000000E+00,0.000000E+00,0.000000E+00,0.000000E+00,0.000000E+00,0.000000E+00,0.000000E+00,0.000000E+00,2.110805E+01,7.994409E+01,2.388842E+01,6.855069E+01
05:50:00,8.010553E+03,5.839419E+02,5.577585E-01,5.156917E-02,0.000000E+00,0.000000E+00,0.000000E+00,0.000000E+00,0.000000E+00,0.000000E+00,0.000000E+00,0.000000E+00,2.110805E+01,7.994409E+01,2.388842E+01,6.854537E+01
05:51:00,8.010553E+03,5.845703E+02,5.577585E-01,5.162467E-02,0.000000E+00,0.000000E+00,0.000000E+00,0.000000E+00,0.000000E+00,0.000000E+00,0.000000E+00,0.000000E+00,2.110805E+01,7.994409E+01,2.388842E+01,6.853995E+01
05:52:00,8.010553E+03,5.852113E+02,5.577585E-01,5.168128E-02,0.000000E+00,0.000000E+00,0.000000E+00,0.000000E+00,0.000000E+00,0.000000E+00,0.000000E+00,0.000000E+00,2.110805E+01,7.994409E+01,2.388842E+01,6.853445E+01
05:53:00,8.010553E+03,5.858646E+02,5.577585E-01,5.173898E-02,0.000000E+00,0.000000E+00,0.000000E+00,0.000000E+00,0.000000E+00,0.000000E+00,0.000000E+00,0.000000E+00,2.110805E+01,7.994409E+01,2.388842E+01,6.852887E+01
05:54:00,8.010553E+03,5.865300E+02,5.577585E-01,5.179774E-02,0.000000E+00,0.000000E+00,0.000000E+00,0.000000E+00,0.000000E+00,0.000000E+00,0.000000E+00,0.000000E+00,2.110805E+01,7.994409E+01,2.388842E+01,6.852320E+01
05:55:00,8.010553E+03,5.872070E+02,5.577585E-01,5.185753E-02,0.000000E+00,0.000000E+00,0.000000E+00,0.000000E+00,0.000000E+00,0.000000E+00,0.000000E+00,0.000000E+00,2.110805E+01,7.994409E+01,2.388842E+01,6.851746E+01
05:56:00,8.010553E+03,5.878804E+02,5.577585E-01,5.191700E-02,0.000000E+00,0.000000E+00,0.000000E+00,0.000000E+00,0.000000E+00,0.000000E+00,0.000000E+00,0.000000E+00,2.110805E+01,7.994409E+01,2.388842E+01,6.851165E+01
05:57:00,8.010553E+03,5.885636E+02,5.577585E-01,5.197734E-02,0.000000E+00,0.000000E+00,0.000000E+00,0.000000E+00,0.000000E+00,0.000000E+00,0.000000E+00,0.000000E+00,2.110805E+01,7.994409E+01,2.388842E+01,6.850577E+01
05:58:00,8.010553E+03,5.892557E+02,5.577585E-01,5.203846E-02,0.000000E+00,0.000000E+00,0.000000E+00,0.000000E+00,0.000000E+00,0.000000E+00,0.000000E+00,0.000000E+00,2.110805E+01,7.994409E+01,2.388842E+01,6.849982E+01
05:59:00,8.010553E+03,5.899567E+02,5.577585E-01,5.210037E-02,0.000000E+00,0.000000E+00,0.000000E+00,0.000000E+00,0.000000E+00,0.000000E+00,0.000000E+00,0.000000E+00,2.110805E+01,7.994409E+01,2.388842E+01,6.849381E+01
06:00:00,8.010553E+03,5.906660E+02,5.577585E-01,5.216302E-02,0.000000E+00,0.000000E+00,0.000000E+00,0.000000E+00,0.000000E+00,0.000000E+00,0.000000E+00,0.000000E+00,2.110805E+01,7.994409E+01,2.388842E+01,6.848774E+01
06:01:00,8.010553E+03,5.913866E+02,5.577585E-01,5.222665E-02,0.000000E+00,0.000000E+00,0.000000E+00,0.000000E+00,0.000000E+00,0.000000E+00,0.000000E+00,0.000000E+00,2.110805E+01,7.994409E+01,2.388842E+01,6.848162E+01
06:02:00,8.010553E+03,5.921177E+02,5.577585E-01,5.229122E-02,0.000000E+00,0.000000E+00,0.000000E+00,0.000000E+00,0.000000E+00,0.000000E+00,0.000000E+00,0.000000E+00,2.110805E+01,7.994409E+01,2.388841E+01,6.847527E+01
06:03:00,8.010553E+03,5.928595E+02,5.577585E-01,5.235673E-02,0.000000E+00,0.000000E+00,0.000000E+00,0.000000E+00,0.000000E+00,0.000000E+00,0.000000E+00,0.000000E+00,2.110805E+01,7.994409E+01,2.388841E+01,6.846860E+01
06:04:00,8.010553E+03,5.936116E+02,5.577585E-01,5.242316E-02,0.000000E+00,0.000000E+00,0.000000E+00,0.000000E+00,0.000000E+00,0.000000E+00,0.000000E+00,0.000000E+00,2.110805E+01,7.994409E+01,2.388841E+01,6.846157E+01
06:05:00,8.010553E+03,5.943739E+02,5.577585E-01,5.249048E-02,0.000000E+00,0.000000E+00,0.000000E+00,0.000000E+00,0.000000E+00,0.000000E+00,0.000000E+00,0.000000E+00,2.110805E+01,7.994409E+01,2.388841E+01,6.845418E+01
06:06:00,8.010553E+03,5.951453E+02,5.577585E-01,5.255861E-02,0.000000E+00,0.000000E+00,0.000000E+00,0.000000E+00,0.000000E+00,0.000000E+00,0.000000E+00,0.000000E+00,2.110805E+01,7.994409E+01,2.388841E+01,6.844645E+01
06:07:00,8.010553E+03,5.959266E+02,5.577585E-01,5.262761E-02,0.000000E+00,0.000000E+00,0.000000E+00,0.000000E+00,0.000000E+00,0.000000E+00,0.000000E+00,0.000000E+00,2.110805E+01,7.994409E+01,2.388841E+01,6.843841E+01
06:08:00,8.010553E+03,5.967178E+02,5.577585E-01,5.269748E-02,0.000000E+00,0.000000E+00,0.000000E+00,0.000000E+00,0.000000E+00,0.000000E+00,0.000000E+00,0.000000E+00,2.110805E+01,7.994409E+01,2.388841E+01,6.843006E+01
06:09:00,8.010553E+03,5.975200E+02,5.577585E-01,5.276833E-02,0.000000E+00,0.000000E+00,0.000000E+00,0.000000E+00,0.000000E+00,0.000000E+00,0.000000E+00,0.000000E+00,2.110805E+01,7.994409E+01,2.388841E+01,6.842140E+01
06:10:00,8.010553E+03,5.983345E+02,5.577585E-01,5.284026E-02,0.000000E+00,0.000000E+00,0.000000E+00,0.000000E+00,0.000000E+00,0.000000E+00,0.000000E+00,0.000000E+00,2.110805E+01,7.994409E+01,2.388841E+01,6.841245E+01
06:11:00,8.010553E+03,5.991611E+02,5.577585E-01,5.291326E-02,0.000000E+00,0.000000E+00,0.000000E+00,0.000000E+00,0.000000E+00,0.000000E+00,0.000000E+00,0.000000E+00,2.110805E+01,7.994409E+01,2.388841E+01,6.840320E+01
06:12:00,8.010553E+03,5.999999E+02,5.577585E-01,5.298735E-02,0.000000E+00,0.000000E+00,0.000000E+00,0.000000E+00,0.000000E+00,0.000000E+00,0.000000E+00,0.000000E+00,2.110805E+01,7.994409E+01,2.388841E+01,6.839366E+01
06:13:00,8.010553E+03,6.008510E+02,5.577585E-01,5.306251E-02,0.000000E+00,0.000000E+00,0.000000E+00,0.000000E+00,0.000000E+00,0.000000E+00,0.000000E+00,0.000000E+00,2.110805E+01,7.994409E+01,2.388840E+01,6.838385E+01
06:14:00,8.010553E+03,6.017143E+02,5.577585E-01,5.313875E-02,0.000000E+00,0.000000E+00,0.000000E+00,0.000000E+00,0.000000E+00,0.000000E+00,0.000000E+00,0.000000E+00,2.110805E+01,7.994409E+01,2.388840E+01,6.837376E+01
06:15:00,8.010553E+03,6.025897E+02,5.577585E-01,5.321606E-02,0.000000E+00,0.000000E+00,0.000000E+00,0.000000E+00,0.000000E+00,0.000000E+00,0.000000E+00,0.000000E+00,2.110805E+01,7.994409E+01,2.388840E+01,6.836341E+01
06:16:00,8.010553E+03,6.034439E+02,5.577585E-01,5.329150E-02,0.000000E+00,0.000000E+00,0.000000E+00,0.000000E+00,0.000000E+00,0.000000E+00,0.000000E+00,0.000000E+00,2.110805E+01,7.994409E+01,2.388840E+01,6.835281E+01
06:17:00,8.010553E+03,6.043077E+02,5.577585E-01,5.336779E-02,0.000000E+00,0.000000E+00,0.000000E+00,0.000000E+00,0.000000E+00,0.000000E+00,0.000000E+00,0.000000E+00,2.110805E+01,7.994409E+01,2.388840E+01,6.834196E+01
06:18:00,8.010553E+03,6.051825E+02,5.577585E-01,5.344504E-02,0.000000E+00,0.000000E+00,0.000000E+00,0.000000E+00,0.000000E+00,0.000000E+00,0.000000E+00,0.000000E+00,2.110805E+01,7.994409E+01,2.388840E+01,6.833086E+01
06:19:00,8.010553E+03,6.060681E+02,5.577585E-01,5.352326E-02,0.000000E+00,0.000000E+00,0.000000E+00,0.000000E+00,0.000000E+00,0.000000E+00,0.000000E+00,0.000000E+00,2.110805E+01,7.994409E+01,2.388840E+01,6.831953E+01
06:20:00,8.010553E+03,6.069647E+02,5.577585E-01,5.360245E-02,0.000000E+00,0.000000E+00,0.000000E+00,0.000000E+00,0.000000E+00,0.000000E+00,0.000000E+00,0.000000E+00,2.110805E+01,7.994409E+01,2.388840E+01,6.830796E+01
06:21:00,8.010553E+03,6.078726E+02,5.577585E-01,5.368262E-02,0.000000E+00,0.000000E+00,0.000000E+00,0.000000E+00,0.000000E+00,0.000000E+00,0.000000E+00,0.000000E+00,2.110805E+01,7.994409E+01,2.388840E+01,6.829618E+01
06:22:00,8.010553E+03,6.087918E+02,5.577585E-01,5.376380E-02,0.000000E+00,0.000000E+00,0.000000E+00,0.000000E+00,0.000000E+00,0.000000E+00,0.000000E+00,0.000000E+00,2.110805E+01,7.994409E+01,2.388840E+01,6.828417E+01
06:23:00,8.010553E+03,6.097224E+02,5.577585E-01,5.384599E-02,0.000000E+00,0.000000E+00,0.000000E+00,0.000000E+00,0.000000E+00,0.000000E+00,0.000000E+00,0.000000E+00,2.110805E+01,7.994409E+01,2.388840E+01,6.827195E+01
06:24:00,8.010553E+03,6.106646E+02,5.577585E-01,5.392920E-02,0.000000E+00,0.000000E+00,0.000000E+00,0.000000E+00,0.000000E+00,0.000000E+00,0.000000E+00,0.000000E+00,2.110805E+01,7.994409E+01,2.388839E+01,6.825952E+01
06:25:00,8.010553E+03,6.116184E+02,5.577585E-01,5.401344E-02,0.000000E+00,0.000000E+00,0.000000E+00,0.000000E+00,0.000000E+00,0.000000E+00,0.000000E+00,0.000000E+00,2.110805E+01,7.994409E+01,2.388839E+01,6.824689E+01
06:26:00,8.010553E+03,6.125839E+02,5.577585E-01,5.409870E-02,0.000000E+00,0.000000E+00,0.000000E+00,0.000000E+00,0.000000E+00,0.000000E+00,0.000000E+00,0.000000E+00,2.110805E+01,7.994409E+01,2.388839E+01,6.823407E+01
06:27:00,8.010553E+03,6.136063E+02,5.577585E-01,5.418899E-02,0.000000E+00,0.000000E+00,0.000000E+00,0.000000E+00,0.000000E+00,0.000000E+00,0.000000E+00,0.000000E+00,2.110805E+01,7.994409E+01,2.388839E+01,6.822105E+01
06:28:00,8.010553E+03,6.146428E+02,5.577585E-01,5.428054E-02,0.000000E+00,0.000000E+00,0.000000E+00,0.000000E+00,0.000000E+00,0.000000E+00,0.000000E+00,0.000000E+00,2.110805E+01,7.994409E+01,2.388839E+01,6.820732E+01
06:29:00,8.010553E+03,6.156931E+02,5.577585E-01,5.437330E-02,0.000000E+00,0.000000E+00,0.000000E+00,0.000000E+00,0.000000E+00,0.000000E+00,0.000000E+00,0.000000E+00,2.110805E+01,7.994409E+01,2.388839E+01,6.819304E+01
06:30:00,8.010553E+03,6.167563E+02,5.577585E-01,5.446720E-02,0.000000E+00,0.000000E+00,0.000000E+00,0.000000E+00,0.000000E+00,0.000000E+00,0.000000E+00,0.000000E+00,2.110805E+01,7.994409E+01,2.388839E+01,6.817845E+01
06:31:00,8.010553E+03,6.178326E+02,5.577585E-01,5.456225E-02,0.000000E+00,0.000000E+00,0.000000E+00,0.000000E+00,0.000000E+00,0.000000E+00,0.000000E+00,0.000000E+00,2.110805E+01,7.994409E+01,2.388839E+01,6.816367E+01
06:32:00,8.010553E+03,6.189218E+02,5.577585E-01,5.465844E-02,0.000000E+00,0.000000E+00,0.000000E+00,0.000000E+00,0.000000E+00,0.000000E+00,0.000000E+00,0.000000E+00,2.110805E+01,7.994409E+01,2.388839E+01,6.814874E+01
06:33:00,8.010553E+03,6.200241E+02,5.577585E-01,5.475579E-02,0.000000E+00,0.000000E+00,0.000000E+00,0.000000E+00,0.000000E+00,0.000000E+00,0.000000E+00,0.000000E+00,2.110805E+01,7.994409E+01,2.388838E+01,6.813366E+01
06:34:00,8.010553E+03,6.211393E+02,5.577585E-01,5.485428E-02,0.000000E+00,0.000000E+00,0.000000E+00,0.000000E+00,0.000000E+00,0.000000E+00,0.000000E+00,0.000000E+00,2.110805E+01,7.994409E+01,2.388838E+01,6.811844E+01
06:35:00,8.010553E+03,6.222675E+02,5.577585E-01,5.495392E-02,0.000000E+00,0.000000E+00,0.000000E+00,0.000000E+00,0.000000E+00,0.000000E+00,0.000000E+00,0.000000E+00,2.110805E+01,7.994409E+01,2.388838E+01,6.810308E+01
06:36:00,8.010553E+03,6.234089E+02,5.577585E-01,5.505472E-02,0.000000E+00,0.000000E+00,0.000000E+00,0.000000E+00,0.000000E+00,0.000000E+00,0.000000E+00,0.000000E+00,2.110805E+01,7.994409E+01,2.388838E+01,6.808759E+01
06:37:00,8.010553E+03,6.245637E+02,5.577585E-01,5.515671E-02,0.000000E+00,0.000000E+00,0.000000E+00,0.000000E+00,0.000000E+00,0.000000E+00,0.000000E+00,0.000000E+00,2.110805E+01,7.994409E+01,2.388838E+01,6.807196E+01
06:38:00,8.010553E+03,6.257321E+02,5.577585E-01,5.525990E-02,0.000000E+00,0.000000E+00,0.000000E+00,0.000000E+00,0.000000E+00,0.000000E+00,0.000000E+00,0.000000E+00,2.110805E+01,7.994409E+01,2.388838E+01,6.805620E+01
06:39:00,8.010553E+03,6.269143E+02,5.577585E-01,5.536430E-02,0.000000E+00,0.000000E+00,0.000000E+00,0.000000E+00,0.000000E+00,0.000000E+00,0.000000E+00,0.000000E+00,2.110805E+01,7.994409E+01,2.388838E+01,6.804031E+01
06:40:00,8.010553E+03,6.281103E+02,5.577585E-01,5.546993E-02,0.000000E+00,0.000000E+00,0.000000E+00,0.000000E+00,0.000000E+00,0.000000E+00,0.000000E+00,0.000000E+00,2.110805E+01,7.994409E+01,2.388838E+01,6.802430E+01
06:41:00,8.010553E+03,6.293204E+02,5.577585E-01,5.557680E-02,0.000000E+00,0.000000E+00,0.000000E+00,0.000000E+00,0.000000E+00,0.000000E+00,0.000000E+00,0.000000E+00,2.110805E+01,7.994409E+01,2.388838E+01,6.800816E+01
06:42:00,8.010553E+03,6.305448E+02,5.577585E-01,5.568493E-02,0.000000E+00,0.000000E+00,0.000000E+00,0.000000E+00,0.000000E+00,0.000000E+00,0.000000E+00,0.000000E+00,2.110805E+01,7.994409E+01,2.388838E+01,6.799189E+01
06:43:00,8.010553E+03,6.317835E+02,5.577585E-01,5.579433E-02,0.000000E+00,0.000000E+00,0.000000E+00,0.000000E+00,0.000000E+00,0.000000E+00,0.000000E+00,0.000000E+00,2.110805E+01,7.994409E+01,2.388838E+01,6.797550E+01
06:44:00,8.010553E+03,6.330368E+02,5.577585E-01,5.590502E-02,0.000000E+00,0.000000E+00,0.000000E+00,0.000000E+00,0.000000E+00,0.000000E+00,0.000000E+00,0.000000E+00,2.110805E+01,7.994409E+01,2.388838E+01,6.795899E+01
06:45:00,8.010553E+03,6.343049E+02,5.577585E-01,5.601700E-02,0.000000E+00,0.000000E+00,0.000000E+00,0.000000E+00,0.000000E+00,0.000000E+00,0.000000E+00,0.000000E+00,2.110805E+01,7.994409E+01,2.388837E+01,6.794237E+01
06:46:00,8.010553E+03,6.355878E+02,5.577585E-01,5.613030E-02,0.000000E+00,0.000000E+00,0.000000E+00,0.000000E+00,0.000000E+00,0.000000E+00,0.000000E+00,0.000000E+00,2.110805E+01,7.994409E+01,2.388837E+01,6.792563E+01
06:47:00,8.010553E+03,6.368857E+02,5.577585E-01,5.624494E-02,0.000000E+00,0.000000E+00,0.000000E+00,0.000000E+00,0.000000E+00,0.000000E+00,0.000000E+00,0.000000E+00,2.110805E+01,7.994409E+01,2.388837E+01,6.790877E+01
06:48:00,8.010553E+03,6.381989E+02,5.577585E-01,5.636091E-02,0.000000E+00,0.000000E+00,0.000000E+00,0.000000E+00,0.000000E+00,0.000000E+00,0.000000E+00,0.000000E+00,2.110805E+01,7.994409E+01,2.388837E+01,6.789180E+01
06:49:00,8.010553E+03,6.395275E+02,5.577585E-01,5.647825E-02,0.000000E+00,0.000000E+00,0.000000E+00,0.000000E+00,0.000000E+00,0.000000E+00,0.000000E+00,0.000000E+00,2.110805E+01,7.994409E+01,2.388837E+01,6.787472E+01
06:50:00,8.010553E+03,6.408717E+02,5.577585E-01,5.659696E-02,0.000000E+00,0.000000E+00,0.000000E+00,0.000000E+00,0.000000E+00,0.000000E+00,0.000000E+00,0.000000E+00,2.110805E+01,7.994409E+01,2.388837E+01,6.785753E+01
06:51:00,8.010553E+03,6.422316E+02,5.577585E-01,5.671706E-02,0.000000E+00,0.000000E+00,0.000000E+00,0.000000E+00,0.000000E+00,0.000000E+00,0.000000E+00,0.000000E+00,2.110805E+01,7.994409E+01,2.388837E+01,6.784023E+01
06:52:00,8.010553E+03,6.436074E+02,5.577585E-01,5.683856E-02,0.000000E+00,0.000000E+00,0.000000E+00,0.000000E+00,0.000000E+00,0.000000E+00,0.000000E+00,0.000000E+00,2.110805E+01,7.994409E+01,2.388837E+01,6.782282E+01
06:53:00,8.010553E+03,6.449993E+02,5.577585E-01,5.696149E-02,0.000000E+00,0.000000E+00,0.000000E+00,0.000000E+00,0.000000E+00,0.000000E+00,0.000000E+00,0.000000E+00,2.110805E+01,7.994409E+01,2.388837E+01,6.780531E+01
06:54:00,8.010553E+03,6.464076E+02,5.577585E-01,5.708586E-02,0.000000E+00,0.000000E+00,0.000000E+00,0.000000E+00,0.000000E+00,0.000000E+00,0.000000E+00,0.000000E+00,2.110805E+01,7.994409E+01,2.388837E+01,6.778770E+01
06:55:00,8.010553E+03,6.478322E+02,5.577585E-01,5.721168E-02,0.000000E+00,0.000000E+00,0.000000E+00,0.000000E+00,0.000000E+00,0.000000E+00,0.000000E+00,0.000000E+00,2.110805E+01,7.994409E+01,2.388837E+01,6.776998E+01
06:56:00,8.010553E+03,6.492735E+02,5.577585E-01,5.733897E-02,0.000000E+00,0.000000E+00,0.000000E+00,0.000000E+00,0.000000E+00,0.000000E+00,0.000000E+00,0.000000E+00,2.110805E+01,7.994409E+01,2.388837E+01,6.775216E+01
06:57:00,8.010553E+03,6.507317E+02,5.577585E-01,5.746775E-02,0.000000E+00,0.000000E+00,0.000000E+00,0.000000E+00,0.000000E+00,0.000000E+00,0.000000E+00,0.000000E+00,2.110805E+01,7.994409E+01,2.388836E+01,6.773423E+01
06:58:00,8.010553E+03,6.522069E+02,5.577585E-01,5.759803E-02,0.000000E+00,0.000000E+00,0.000000E+00,0.000000E+00,0.000000E+00,0.000000E+00,0.000000E+00,0.000000E+00,2.110805E+01,7.994409E+01,2.388836E+01,6.771621E+01
06:59:00,8.010553E+03,6.536993E+02,5.577585E-01,5.772983E-02,0.000000E+00,0.000000E+00,0.000000E+00,0.000000E+00,0.000000E+00,0.000000E+00,0.000000E+00,0.000000E+00,2.110805E+01,7.994409E+01,2.388836E+01,6.769809E+01
07:00:00,8.010553E+03,6.552091E+02,5.577585E-01,5.786317E-02,0.000000E+00,0.000000E+00,0.000000E+00,0.000000E+00,0.000000E+00,0.000000E+00,0.000000E+00,0.000000E+00,2.110805E+01,7.994409E+01,2.388836E+01,6.767987E+01
07:01:00,8.010553E+03,6.567510E+02,5.577585E-01,5.799935E-02,0.000000E+00,0.000000E+00,0.000000E+00,0.000000E+00,0.000000E+00,0.000000E+00,0.000000E+00,0.000000E+00,2.110805E+01,7.994409E+01,2.388836E+01,6.766156E+01
07:02:00,8.010553E+03,6.583251E+02,5.577585E-01,5.813837E-02,0.000000E+00,0.000000E+00,0.000000E+00,0.000000E+00,0.000000E+00,0.000000E+00,0.000000E+00,0.000000E+00,2.110805E+01,7.994409E+01,2.388836E+01,6.764281E+01
07:03:00,8.010553E+03,6.599315E+02,5.577585E-01,5.828023E-02,0.000000E+00,0.000000E+00,0.000000E+00,0.000000E+00,0.000000E+00,0.000000E+00,0.000000E+00,0.000000E+00,2.110805E+01,7.994409E+01,2.388836E+01,6.762342E+01
07:04:00,8.010553E+03,6.615701E+02,5.577585E-01,5.842495E-02,0.000000E+00,0.000000E+00,0.000000E+00,0.000000E+00,0.000000E+00,0.000000E+00,0.000000E+00,0.000000E+00,2.110805E+01,7.994409E+01,2.388835E+01,6.760333E+01
07:05:00,8.010553E+03,6.632411E+02,5.577585E-01,5.857252E-02,0.000000E+00,0.000000E+00,0.000000E+00,0.000000E+00,0.000000E+00,0.000000E+00,0.000000E+00,0.000000E+00,2.110805E+01,7.994409E+01,2.388835E+01,6.758255E+01
07:06:00,8.010553E+03,6.649455E+02,5.577585E-01,5.872305E-02,0.000000E+00,0.000000E+00,0.000000E+00,0.000000E+00,0.000000E+00,0.000000E+00,0.000000E+00,0.000000E+00,2.110805E+01,7.994409E+01,2.388835E+01,6.756110E+01
07:07:00,8.010553E+03,6.666825E+02,5.577585E-01,5.887646E-02,0.000000E+00,0.000000E+00,0.000000E+00,0.000000E+00,0.000000E+00,0.000000E+00,0.000000E+00,0.000000E+00,2.110805E+01,7.994409E+01,2.388835E+01,6.753902E+01
07:08:00,8.010553E+03,6.684523E+02,5.577585E-01,5.903275E-02,0.000000E+00,0.000000E+00,0.000000E+00,0.000000E+00,0.000000E+00,0.000000E+00,0.000000E+00,0.000000E+00,2.110805E+01,7.994409E+01,2.388835E+01,6.751632E+01
07:09:00,8.010553E+03,6.702548E+02,5.577585E-01,5.919194E-02,0.000000E+00,0.000000E+00,0.000000E+00,0.000000E+00,0.000000E+00,0.000000E+00,0.000000E+00,0.000000E+00,2.110805E+01,7.994409E+01,2.388834E+01,6.749301E+01
07:10:00,8.010553E+03,6.720901E+02,5.577585E-01,5.935403E-02,0.000000E+00,0.000000E+00,0.000000E+00,0.000000E+00,0.000000E+00,0.000000E+00,0.000000E+00,0.000000E+00,2.110805E+01,7.994409E+01,2.388834E+01,6.746912E+01
07:11:00,8.010553E+03,6.739584E+02,5.577585E-01,5.951903E-02,0.000000E+00,0.000000E+00,0.000000E+00,0.000000E+00,0.000000E+00,0.000000E+00,0.000000E+00,0.000000E+00,2.110805E+01,7.994409E+01,2.388834E+01,6.744466E+01
07:12:00,8.010553E+03,6.758595E+02,5.577585E-01,5.968693E-02,0.000000E+00,0.000000E+00,0.000000E+00,0.000000E+00,0.000000E+00,0.000000E+00,0.000000E+00,0.000000E+00,2.110805E+01,7.994409E+01,2.388834E+01,6.741965E+01
07:13:00,8.010553E+03,6.777936E+02,5.577585E-01,5.985774E-02,0.000000E+00,0.000000E+00,0.000000E+00,0.000000E+00,0.000000E+00,0.000000E+00,0.000000E+00,0.000000E+00,2.110805E+01,7.994409E+01,2.388834E+01,6.739410E+01
07:14:00,8.010553E+03,6.797606E+02,5.577585E-01,6.003145E-02,0.000000E+00,0.000000E+00,0.000000E+00,0.000000E+00,0.000000E+00,0.000000E+00,0.000000E+00,0.000000E+00,2.110805E+01,7.994409E+01,2.388833E+01,6.736802E+01
07:15:00,8.010553E+03,6.817601E+02,5.577585E-01,6.020804E-02,0.000000E+00,0.000000E+00,0.000000E+00,0.000000E+00,0.000000E+00,0.000000E+00,0.000000E+00,0.000000E+00,2.110805E+01,7.994409E+01,2.388833E+01,6.734144E+01
07:16:00,8.010553E+03,6.837922E+02,5.577585E-01,6.038751E-02,0.000000E+00,0.000000E+00,0.000000E+00,0.000000E+00,0.000000E+00,0.000000E+00,0.000000E+00,0.000000E+00,2.110805E+01,7.994409E+01,2.388833E+01,6.731438E+01
07:17:00,8.010553E+03,6.858575E+02,5.577585E-01,6.056991E-02,0.000000E+00,0.000000E+00,0.000000E+00,0.000000E+00,0.000000E+00,0.000000E+00,0.000000E+00,0.000000E+00,2.110805E+01,7.994409E+01,2.388833E+01,6.728684E+01
07:18:00,8.010553E+03,6.879562E+02,5.577585E-01,6.075526E-02,0.000000E+00,0.000000E+00,0.000000E+00,0.000000E+00,0.000000E+00,0.000000E+00,0.000000E+00,0.000000E+00,2.110805E+01,7.994409E+01,2.388833E+01,6.725885E+01
07:19:00,8.010553E+03,6.900883E+02,5.577585E-01,6.094356E-02,0.000000E+00,0.000000E+00,0.000000E+00,0.000000E+00,0.000000E+00,0.000000E+00,0.000000E+00,0.000000E+00,2.110805E+01,7.994409E+01,2.388832E+01,6.723041E+01
07:20:00,8.010553E+03,6.922542E+02,5.577585E-01,6.113484E-02,0.000000E+00,0.000000E+00,0.000000E+00,0.000000E+00,0.000000E+00,0.000000E+00,0.000000E+00,0.000000E+00,2.110805E+01,7.994409E+01,2.388832E+01,6.720152E+01
07:21:00,8.010553E+03,6.944539E+02,5.577585E-01,6.132911E-02,0.000000E+00,0.000000E+00,0.000000E+00,0.000000E+00,0.000000E+00,0.000000E+00,0.000000E+00,0.000000E+00,2.110805E+01,7.994409E+01,2.388832E+01,6.717221E+01
07:22:00,8.010553E+03,6.966879E+02,5.577585E-01,6.152641E-02,0.000000E+00,0.000000E+00,0.000000E+00,0.000000E+00,0.000000E+00,0.000000E+00,0.000000E+00,0.000000E+00,2.110805E+01,7.994409E+01,2.388832E+01,6.714248E+01
07:23:00,8.010553E+03,6.989563E+02,5.577585E-01,6.172675E-02,0.000000E+00,0.000000E+00,0.000000E+00,0.000000E+00,0.000000E+00,0.000000E+00,0.000000E+00,0.000000E+00,2.110805E+01,7.994409E+01,2.388832E+01,6.711233E+01
07:24:00,8.010553E+03,7.012594E+02,5.577585E-01,6.193014E-02,0.000000E+00,0.000000E+00,0.000000E+00,0.000000E+00,0.000000E+00,0.000000E+00,0.000000E+00,0.000000E+00,2.110805E+01,7.994409E+01,2.388831E+01,6.708178E+01
07:25:00,8.010553E+03,7.035973E+02,5.577585E-01,6.213662E-02,0.000000E+00,0.000000E+00,0.000000E+00,0.000000E+00,0.000000E+00,0.000000E+00,0.000000E+00,0.000000E+00,2.110805E+01,7.994409E+01,2.388831E+01,6.705084E+01
07:26:00,8.010553E+03,7.059704E+02,5.577585E-01,6.234621E-02,0.000000E+00,0.000000E+00,0.000000E+00,0.000000E+00,0.000000E+00,0.000000E+00,0.000000E+00,0.000000E+00,2.110805E+01,7.994409E+01,2.388831E+01,6.701950E+01
07:27:00,8.010553E+03,7.083341E+02,5.577585E-01,6.255495E-02,0.000000E+00,0.000000E+00,0.000000E+00,0.000000E+00,0.000000E+00,0.000000E+00,0.000000E+00,0.000000E+00,2.110805E+01,7.994409E+01,2.388831E+01,6.698779E+01
07:28:00,8.010553E+03,7.107308E+02,5.577585E-01,6.276663E-02,0.000000E+00,0.000000E+00,0.000000E+00,0.000000E+00,0.000000E+00,0.000000E+00,0.000000E+00,0.000000E+00,2.110805E+01,7.994409E+01,2.388831E+01,6.695571E+01
07:29:00,8.010553E+03,7.131616E+02,5.577585E-01,6.298130E-02,0.000000E+00,0.000000E+00,0.000000E+00,0.000000E+00,0.000000E+00,0.000000E+00,0.000000E+00,0.000000E+00,2.110805E+01,7.994409E+01,2.388831E+01,6.692327E+01
07:30:00,8.010553E+03,7.156276E+02,5.577585E-01,6.319909E-02,0.000000E+00,0.000000E+00,0.000000E+00,0.000000E+00,0.000000E+00,0.000000E+00,0.000000E+00,0.000000E+00,2.110805E+01,7.994409E+01,2.388830E+01,6.689047E+01
07:31:00,8.010553E+03,7.181290E+02,5.577585E-01,6.342000E-02,0.000000E+00,0.000000E+00,0.000000E+00,0.000000E+00,0.000000E+00,0.000000E+00,0.000000E+00,0.000000E+00,2.110805E+01,7.994409E+01,2.388830E+01,6.685733E+01
07:32:00,8.010553E+03,7.206661E+02,5.577585E-01,6.364407E-02,0.000000E+00,0.000000E+00,0.000000E+00,0.000000E+00,0.000000E+00,0.000000E+00,0.000000E+00,0.000000E+00,2.110805E+01,7.994409E+01,2.388830E+01,6.682384E+01
07:33:00,8.010553E+03,7.232389E+02,5.577585E-01,6.387129E-02,0.000000E+00,0.000000E+00,0.000000E+00,0.000000E+00,0.000000E+00,0.000000E+00,0.000000E+00,0.000000E+00,2.110805E+01,7.994409E+01,2.388830E+01,6.679003E+01
07:34:00,8.010553E+03,7.258478E+02,5.577585E-01,6.410170E-02,0.000000E+00,0.000000E+00,0.000000E+00,0.000000E+00,0.000000E+00,0.000000E+00,0.000000E+00,0.000000E+00,2.110805E+01,7.994409E+01,2.388830E+01,6.675589E+01
07:35:00,8.010553E+03,7.284937E+02,5.577585E-01,6.433538E-02,0.000000E+00,0.000000E+00,0.000000E+00,0.000000E+00,0.000000E+00,0.000000E+00,0.000000E+00,0.000000E+00,2.110805E+01,7.994409E+01,2.388829E+01,6.672144E+01
07:36:00,8.010553E+03,7.311769E+02,5.577585E-01,6.457234E-02,0.000000E+00,0.000000E+00,0.000000E+00,0.000000E+00,0.000000E+00,0.000000E+00,0.000000E+00,0.000000E+00,2.110805E+01,7.994409E+01,2.388829E+01,6.668669E+01
07:37:00,8.010553E+03,7.338975E+02,5.577585E-01,6.481261E-02,0.000000E+00,0.000000E+00,0.000000E+00,0.000000E+00,0.000000E+00,0.000000E+00,0.000000E+00,0.000000E+00,2.110805E+01,7.994409E+01,2.388829E+01,6.665162E+01
07:38:00,8.010553E+03,7.366564E+02,5.577585E-01,6.505627E-02,0.000000E+00,0.000000E+00,0.000000E+00,0.000000E+00,0.000000E+00,0.000000E+00,0.000000E+00,0.000000E+00,2.110805E+01,7.994409E+01,2.388829E+01,6.661624E+01
07:39:00,8.010553E+03,7.394539E+02,5.577585E-01,6.530333E-02,0.000000E+00,0.000000E+00,0.000000E+00,0.000000E+00,0.000000E+00,0.000000E+00,0.000000E+00,0.000000E+00,2.110805E+01,7.994409E+01,2.388829E+01,6.658056E+01
07:40:00,8.010553E+03,7.422900E+02,5.577585E-01,6.555381E-02,0.000000E+00,0.000000E+00,0.000000E+00,0.000000E+00,0.000000E+00,0.000000E+00,0.000000E+00,0.000000E+00,2.110805E+01,7.994409E+01,2.388829E+01,6.654456E+01
07:41:00,8.010553E+03,7.451650E+02,5.577585E-01,6.580772E-02,0.000000E+00,0.000000E+00,0.000000E+00,0.000000E+00,0.000000E+00,0.000000E+00,0.000000E+00,0.000000E+00,2.110805E+01,7.994409E+01,2.388828E+01,6.650827E+01
07:42:00,8.010553E+03,7.480789E+02,5.577585E-01,6.606507E-02,0.000000E+00,0.000000E+00,0.000000E+00,0.000000E+00,0.000000E+00,0.000000E+00,0.000000E+00,0.000000E+00,2.110805E+01,7.994409E+01,2.388828E+01,6.647167E+01
07:43:00,8.010553E+03,7.510319E+02,5.577585E-01,6.632586E-02,0.000000E+00,0.000000E+00,0.000000E+00,0.000000E+00,0.000000E+00,0.000000E+00,0.000000E+00,0.000000E+00,2.110805E+01,7.994409E+01,2.388828E+01,6.643480E+01
07:44:00,8.010553E+03,7.540240E+02,5.577585E-01,6.659012E-02,0.000000E+00,0.000000E+00,0.000000E+00,0.000000E+00,0.000000E+00,0.000000E+00,0.000000E+00,0.000000E+00,2.110805E+01,7.994409E+01,2.388828E+01,6.639764E+01
07:45:00,8.010553E+03,7.570554E+02,5.577585E-01,6.685784E-02,0.000000E+00,0.000000E+00,0.000000E+00,0.000000E+00,0.000000E+00,0.000000E+00,0.000000E+00,0.000000E+00,2.110805E+01,7.994409E+01,2.388828E+01,6.636021E+01
07:46:00,8.010553E+03,7.601261E+02,5.577585E-01,6.712903E-02,0.000000E+00,0.000000E+00,0.000000E+00,0.000000E+00,0.000000E+00,0.000000E+00,0.000000E+00,0.000000E+00,2.110805E+01,7.994409E+01,2.388827E+01,6.632251E+01
07:47:00,8.010553E+03,7.632363E+02,5.577585E-01,6.740372E-02,0.000000E+00,0.000000E+00,0.000000E+00,0.000000E+00,0.000000E+00,0.000000E+00,0.000000E+00,0.000000E+00,2.110805E+01,7.994409E+01,2.388827E+01,6.628456E+01
07:48:00,8.010553E+03,7.663861E+02,5.577585E-01,6.768189E-02,0.000000E+00,0.000000E+00,0.000000E+00,0.000000E+00,0.000000E+00,0.000000E+00,0.000000E+00,0.000000E+00,2.110805E+01,7.994409E+01,2.388827E+01,6.624636E+01
07:49:00,8.010553E+03,7.695755E+02,5.577585E-01,6.796357E-02,0.000000E+00,0.000000E+00,0.000000E+00,0.000000E+00,0.000000E+00,0.000000E+00,0.000000E+00,0.000000E+00,2.110805E+01,7.994409E+01,2.388827E+01,6.620791E+01
07:50:00,8.010553E+03,7.728045E+02,5.577585E-01,6.824874E-02,0.000000E+00,0.000000E+00,0.000000E+00,0.000000E+00,0.000000E+00,0.000000E+00,0.000000E+00,0.000000E+00,2.110805E+01,7.994409E+01,2.388827E+01,6.616922E+01
07:51:00,8.010553E+03,7.760734E+02,5.577585E-01,6.853744E-02,0.000000E+00,0.000000E+00,0.000000E+00,0.000000E+00,0.000000E+00,0.000000E+00,0.000000E+00,0.000000E+00,2.110805E+01,7.994409E+01,2.388827E+01,6.613031E+01
07:52:00,8.010553E+03,7.793822E+02,5.577585E-01,6.882966E-02,0.000000E+00,0.000000E+00,0.000000E+00,0.000000E+00,0.000000E+00,0.000000E+00,0.000000E+00,0.000000E+00,2.110805E+01,7.994409E+01,2.388826E+01,6.609118E+01
07:53:00,8.010553E+03,7.827308E+02,5.577585E-01,6.912540E-02,0.000000E+00,0.000000E+00,0.000000E+00,0.000000E+00,0.000000E+00,0.000000E+00,0.000000E+00,0.000000E+00,2.110805E+01,7.994409E+01,2.388826E+01,6.605184E+01
07:54:00,8.010553E+03,7.861194E+02,5.577585E-01,6.942466E-02,0.000000E+00,0.000000E+00,0.000000E+00,0.000000E+00,0.000000E+00,0.000000E+00,0.000000E+00,0.000000E+00,2.110805E+01,7.994409E+01,2.388826E+01,6.601228E+01
07:55:00,8.010553E+03,7.895481E+02,5.577585E-01,6.972748E-02,0.000000E+00,0.000000E+00,0.000000E+00,0.000000E+00,0.000000E+00,0.000000E+00,0.000000E+00,0.000000E+00,2.110805E+01,7.994409E+01,2.388826E+01,6.597253E+01
07:56:00,8.010553E+03,7.930169E+02,5.577585E-01,7.003383E-02,0.000000E+00,0.000000E+00,0.000000E+00,0.000000E+00,0.000000E+00,0.000000E+00,0.000000E+00,0.000000E+00,2.110805E+01,7.994409E+01,2.388826E+01,6.593258E+01
07:57:00,8.010553E+03,7.965258E+02,5.577585E-01,7.034372E-02,0.000000E+00,0.000000E+00,0.000000E+00,0.000000E+00,0.000000E+00,0.000000E+00,0.000000E+00,0.000000E+00,2.110805E+01,7.994409E+01,2.388826E+01,6.589243E+01
07:58:00,8.010553E+03,8.000749E+02,5.577585E-01,7.065716E-02,0.000000E+00,0.000000E+00,0.000000E+00,0.000000E+00,0.000000E+00,0.000000E+00,0.000000E+00,0.000000E+00,2.110805E+01,7.994409E+01,2.388825E+01,6.585211E+01
07:59:00,8.010553E+03,8.036644E+02,5.577585E-01,7.097417E-02,0.000000E+00,0.000000E+00,0.000000E+00,0.000000E+00,0.000000E+00,0.000000E+00,0.000000E+00,0.000000E+00,2.110805E+01,7.994409E+01,2.388825E+01,6.581162E+01
08:00:00,8.010553E+03,8.072941E+02,5.577585E-01,7.129474E-02,0.000000E+00,0.000000E+00,0.000000E+00,0.000000E+00,0.000000E+00,0.000000E+00,0.000000E+00,0.000000E+00,2.110805E+01,7.994409E+01,2.388825E+01,6.577095E+01
08:01:00,8.010553E+03,8.109408E+02,5.577585E-01,7.161680E-02,0.000000E+00,0.000000E+00,0.000000E+00,0.000000E+00,0.000000E+00,0.000000E+00,0.000000E+00,0.000000E+00,2.110805E+01,7.994409E+01,2.388825E+01,6.573012E+01
08:02:00,8.010553E+03,8.146049E+02,5.577585E-01,7.194040E-02,0.000000E+00,0.000000E+00,0.000000E+00,0.000000E+00,0.000000E+00,0.000000E+00,0.000000E+00,0.000000E+00,2.110805E+01,7.994409E+01,2.388825E+01,6.568907E+01
08:03:00,8.010553E+03,8.182868E+02,5.577585E-01,7.226558E-02,0.000000E+00,0.000000E+00,0.000000E+00,0.000000E+00,0.000000E+00,0.000000E+00,0.000000E+00,0.000000E+00,2.110805E+01,7.994409E+01,2.388824E+01,6.564778E+01
08:04:00,8.010553E+03,8.219862E+02,5.577585E-01,7.259229E-02,0.000000E+00,0.000000E+00,0.000000E+00,0.000000E+00,0.000000E+00,0.000000E+00,0.000000E+00,0.000000E+00,2.110805E+01,7.994409E+01,2.388824E+01,6.560622E+01
08:05:00,8.010553E+03,8.257031E+02,5.577585E-01,7.292056E-02,0.000000E+00,0.000000E+00,0.000000E+00,0.000000E+00,0.000000E+00,0.000000E+00,0.000000E+00,0.000000E+00,2.110805E+01,7.994409E+01,2.388824E+01,6.556442E+01
08:06:00,8.010553E+03,8.294380E+02,5.577585E-01,7.325041E-02,0.000000E+00,0.000000E+00,0.000000E+00,0.000000E+00,0.000000E+00,0.000000E+00,0.000000E+00,0.000000E+00,2.110805E+01,7.994409E+01,2.388824E+01,6.552238E+01
08:07:00,8.010553E+03,8.331905E+02,5.577585E-01,7.358182E-02,0.000000E+00,0.000000E+00,0.000000E+00,0.000000E+00,0.000000E+00,0.000000E+00,0.000000E+00,0.000000E+00,2.110805E+01,7.994409E+01,2.388824E+01,6.548011E+01
08:08:00,8.010553E+03,8.369606E+02,5.577585E-01,7.391478E-02,0.000000E+00,0.000000E+00,0.000000E+00,0.000000E+00,0.000000E+00,0.000000E+00,0.000000E+00,0.000000E+00,2.110805E+01,7.994409E+01,2.388824E+01,6.543762E+01
08:09:00,8.010553E+03,8.407488E+02,5.577585E-01,7.424934E-02,0.000000E+00,0.000000E+00,0.000000E+00,0.000000E+00,0.000000E+00,0.000000E+00,0.000000E+00,0.000000E+00,2.110805E+01,7.994409E+01,2.388823E+01,6.539492E+01
08:10:00,8.010553E+03,8.445548E+02,5.577585E-01,7.458548E-02,0.000000E+00,0.000000E+00,0.000000E+00,0.000000E+00,0.000000E+00,0.000000E+00,0.000000E+00,0.000000E+00,2.110805E+01,7.994409E+01,2.388823E+01,6.535203E+01
08:11:00,8.010553E+03,8.483786E+02,5.577585E-01,7.492318E-02,0.000000E+00,0.000000E+00,0.000000E+00,0.000000E+00,0.000000E+00,0.000000E+00,0.000000E+00,0.000000E+00,2.110805E+01,7.994409E+01,2.388823E+01,6.530894E+01
08:12:00,8.010553E+03,8.522206E+02,5.577585E-01,7.526249E-02,0.000000E+00,0.000000E+00,0.000000E+00,0.000000E+00,0.000000E+00,0.000000E+00,0.000000E+00,0.000000E+00,2.110805E+01,7.994409E+01,2.388823E+01,6.526566E+01
08:13:00,8.010553E+03,8.560808E+02,5.577585E-01,7.560341E-02,0.000000E+00,0.000000E+00,0.000000E+00,0.000000E+00,0.000000E+00,0.000000E+00,0.000000E+00,0.000000E+00,2.110805E+01,7.994409E+01,2.388823E+01,6.522221E+01
08:14:00,8.010553E+03,8.599591E+02,5.577585E-01,7.594593E-02,0.000000E+00,0.000000E+00,0.000000E+00,0.000000E+00,0.000000E+00,0.000000E+00,0.000000E+00,0.000000E+00,2.110805E+01,7.994409E+01,2.388822E+01,6.517859E+01
08:15:00,8.010553E+03,8.638563E+02,5.577585E-01,7.629012E-02,0.000000E+00,0.000000E+00,0.000000E+00,0.000000E+00,0.000000E+00,0.000000E+00,0.000000E+00,0.000000E+00,2.110805E+01,7.994409E+01,2.388822E+01,6.513481E+01
08:16:00,8.010553E+03,8.677724E+02,5.577585E-01,7.663598E-02,0.000000E+00,0.000000E+00,0.000000E+00,0.000000E+00,0.000000E+00,0.000000E+00,0.000000E+00,0.000000E+00,2.110805E+01,7.994409E+01,2.388822E+01,6.509088E+01
08:17:00,8.010553E+03,8.717067E+02,5.577585E-01,7.698344E-02,0.000000E+00,0.000000E+00,0.000000E+00,0.000000E+00,0.000000E+00,0.000000E+00,0.000000E+00,0.000000E+00,2.110805E+01,7.994409E+01,2.388822E+01,6.504680E+01
08:18:00,8.010553E+03,8.756596E+02,5.577585E-01,7.733254E-02,0.000000E+00,0.000000E+00,0.000000E+00,0.000000E+00,0.000000E+00,0.000000E+00,0.000000E+00,0.000000E+00,2.110805E+01,7.994409E+01,2.388822E+01,6.500258E+01
08:19:00,8.010553E+03,8.796307E+02,5.577585E-01,7.768326E-02,0.000000E+00,0.000000E+00,0.000000E+00,0.000000E+00,0.000000E+00,0.000000E+00,0.000000E+00,0.000000E+00,2.110805E+01,7.994409E+01,2.388822E+01,6.495823E+01
08:20:00,8.010553E+03,8.836197E+02,5.577585E-01,7.803555E-02,0.000000E+00,0.000000E+00,0.000000E+00,0.000000E+00,0.000000E+00,0.000000E+00,0.000000E+00,0.000000E+00,2.110805E+01,7.994409E+01,2.388821E+01,6.491375E+01
08:21:00,8.010553E+03,8.876270E+02,5.577585E-01,7.838947E-02,0.000000E+00,0.000000E+00,0.000000E+00,0.000000E+00,0.000000E+00,0.000000E+00,0.000000E+00,0.000000E+00,2.110805E+01,7.994409E+01,2.388821E+01,6.486916E+01
08:22:00,8.010553E+03,8.916521E+02,5.577585E-01,7.874495E-02,0.000000E+00,0.000000E+00,0.000000E+00,0.000000E+00,0.000000E+00,0.000000E+00,0.000000E+00,0.000000E+00,2.110805E+01,7.994409E+01,2.388821E+01,6.482446E+01
08:23:00,8.010553E+03,8.956946E+02,5.577585E-01,7.910198E-02,0.000000E+00,0.000000E+00,0.000000E+00,0.000000E+00,0.000000E+00,0.000000E+00,0.000000E+00,0.000000E+00,2.110805E+01,7.994409E+01,2.388821E+01,6.477965E+01
08:24:00,8.010553E+03,8.997550E+02,5.577585E-01,7.946057E-02,0.000000E+00,0.000000E+00,0.000000E+00,0.000000E+00,0.000000E+00,0.000000E+00,0.000000E+00,0.000000E+00,2.110805E+01,7.994409E+01,2.388821E+01,6.473474E+01
08:25:00,8.010553E+03,9.038327E+02,5.577585E-01,7.982070E-02,0.000000E+00,0.000000E+00,0.000000E+00,0.000000E+00,0.000000E+00,0.000000E+00,0.000000E+00,0.000000E+00,2.110805E+01,7.994409E+01,2.388820E+01,6.468974E+01
08:26:00,8.010553E+03,9.079276E+02,5.577585E-01,8.018235E-02,0.000000E+00,0.000000E+00,0.000000E+00,0.000000E+00,0.000000E+00,0.000000E+00,0.000000E+00,0.000000E+00,2.110805E+01,7.994409E+01,2.388820E+01,6.464466E+01
08:27:00,8.010553E+03,9.120394E+02,5.577585E-01,8.054549E-02,0.000000E+00,0.000000E+00,0.000000E+00,0.000000E+00,0.000000E+00,0.000000E+00,0.000000E+00,0.000000E+00,2.110805E+01,7.994409E+01,2.388820E+01,6.459949E+01
08:28:00,8.010553E+03,9.161683E+02,5.577585E-01,8.091014E-02,0.000000E+00,0.000000E+00,0.000000E+00,0.000000E+00,0.000000E+00,0.000000E+00,0.000000E+00,0.000000E+00,2.110805E+01,7.994409E+01,2.388820E+01,6.455426E+01
08:29:00,8.010553E+03,9.203141E+02,5.577585E-01,8.127628E-02,0.000000E+00,0.000000E+00,0.000000E+00,0.000000E+00,0.000000E+00,0.000000E+00,0.000000E+00,0.000000E+00,2.110805E+01,7.994409E+01,2.388820E+01,6.450895E+01
08:30:00,8.010553E+03,9.244764E+02,5.577585E-01,8.164389E-02,0.000000E+00,0.000000E+00,0.000000E+00,0.000000E+00,0.000000E+00,0.000000E+00,0.000000E+00,0.000000E+00,2.110805E+01,7.994409E+01,2.388820E+01,6.446358E+01
08:31:00,8.010553E+03,9.286551E+02,5.577585E-01,8.201294E-02,0.000000E+00,0.000000E+00,0.000000E+00,0.000000E+00,0.000000E+00,0.000000E+00,0.000000E+00,0.000000E+00,2.110805E+01,7.994409E+01,2.388819E+01,6.441816E+01
08:32:00,8.010553E+03,9.328498E+02,5.577585E-01,8.238340E-02,0.000000E+00,0.000000E+00,0.000000E+00,0.000000E+00,0.000000E+00,0.000000E+00,0.000000E+00,0.000000E+00,2.110805E+01,7.994409E+01,2.388819E+01,6.437268E+01
08:33:00,8.010553E+03,9.370613E+02,5.577585E-01,8.275535E-02,0.000000E+00,0.000000E+00,0.000000E+00,0.000000E+00,0.000000E+00,0.000000E+00,0.000000E+00,0.000000E+00,2.110805E+01,7.994409E+01,2.388819E+01,6.432716E+01
08:34:00,8.010553E+03,9.412891E+02,5.577585E-01,8.312873E-02,0.000000E+00,0.000000E+00,0.000000E+00,0.000000E+00,0.000000E+00,0.000000E+00,0.000000E+00,0.000000E+00,2.110805E+01,7.994409E+01,2.388819E+01,6.428160E+01
08:35:00,8.010553E+03,9.455324E+02,5.577585E-01,8.350349E-02,0.000000E+00,0.000000E+00,0.000000E+00,0.000000E+00,0.000000E+00,0.000000E+00,0.000000E+00,0.000000E+00,2.110805E+01,7.994409E+01,2.388819E+01,6.423601E+01
08:36:00,8.010553E+03,9.497910E+02,5.577585E-01,8.387960E-02,0.000000E+00,0.000000E+00,0.000000E+00,0.000000E+00,0.000000E+00,0.000000E+00,0.000000E+00,0.000000E+00,2.110805E+01,7.994409E+01,2.388819E+01,6.419038E+01
08:37:00,8.010553E+03,9.540646E+02,5.577585E-01,8.425702E-02,0.000000E+00,0.000000E+00,0.000000E+00,0.000000E+00,0.000000E+00,0.000000E+00,0.000000E+00,0.000000E+00,2.110805E+01,7.994409E+01,2.388819E+01,6.414473E+01
08:38:00,8.010553E+03,9.583523E+02,5.577585E-01,8.463570E-02,0.000000E+00,0.000000E+00,0.000000E+00,0.000000E+00,0.000000E+00,0.000000E+00,0.000000E+00,0.000000E+00,2.110805E+01,7.994409E+01,2.388818E+01,6.409906E+01
08:39:00,8.010553E+03,9.626537E+02,5.577585E-01,8.501558E-02,0.000000E+00,0.000000E+00,0.000000E+00,0.000000E+00,0.000000E+00,0.000000E+00,0.000000E+00,0.000000E+00,2.110805E+01,7.994409E+01,2.388818E+01,6.405336E+01
08:40:00,8.010553E+03,9.669689E+02,5.577585E-01,8.539669E-02,0.000000E+00,0.000000E+00,0.000000E+00,0.000000E+00,0.000000E+00,0.000000E+00,0.000000E+00,0.000000E+00,2.110805E+01,7.994409E+01,2.388818E+01,6.400766E+01
08:41:00,8.010553E+03,9.712977E+02,5.577585E-01,8.577900E-02,0.000000E+00,0.000000E+00,0.000000E+00,0.000000E+00,0.000000E+00,0.000000E+00,0.000000E+00,0.000000E+00,2.110805E+01,7.994409E+01,2.388818E+01,6.396195E+01
08:42:00,8.010553E+03,9.756400E+02,5.577585E-01,8.616250E-02,0.000000E+00,0.000000E+00,0.000000E+00,0.000000E+00,0.000000E+00,0.000000E+00,0.000000E+00,0.000000E+00,2.110805E+01,7.994409E+01,2.388818E+01,6.391624E+01
08:43:00,8.010553E+03,9.799956E+02,5.577585E-01,8.654717E-02,0.000000E+00,0.000000E+00,0.000000E+00,0.000000E+00,0.000000E+00,0.000000E+00,0.000000E+00,0.000000E+00,2.110805E+01,7.994409E+01,2.388818E+01,6.387053E+01
08:44:00,8.010553E+03,9.843643E+02,5.577585E-01,8.693300E-02,0.000000E+00,0.000000E+00,0.000000E+00,0.000000E+00,0.000000E+00,0.000000E+00,0.000000E+00,0.000000E+00,2.110805E+01,7.994409E+01,2.388817E+01,6.382482E+01
08:45:00,8.010553E+03,9.887462E+02,5.577585E-01,8.731999E-02,0.000000E+00,0.000000E+00,0.000000E+00,0.000000E+00,0.000000E+00,0.000000E+00,0.000000E+00,0.000000E+00,2.110805E+01,7.994409E+01,2.388817E+01,6.377912E+01
08:46:00,8.010553E+03,9.931410E+02,5.577585E-01,8.770813E-02,0.000000E+00,0.000000E+00,0.000000E+00,0.000000E+00,0.000000E+00,0.000000E+00,0.000000E+00,0.000000E+00,2.110805E+01,7.994409E+01,2.388817E+01,6.373344E+01
08:47:00,8.010553E+03,9.975486E+02,5.577585E-01,8.809740E-02,0.000000E+00,0.000000E+00,0.000000E+00,0.000000E+00,0.000000E+00,0.000000E+00,0.000000E+00,0.000000E+00,2.110805E+01,7.994409E+01,2.388817E+01,6.368777E+01
08:48:00,8.010553E+03,1.001969E+03,5.577585E-01,8.848779E-02,0.000000E+00,0.000000E+00,0.000000E+00,0.000000E+00,0.000000E+00,0.000000E+00,0.000000E+00,0.000000E+00,2.110805E+01,7.994409E+01,2.388817E+01,6.364212E+01
08:49:00,8.010553E+03,1.006402E+03,5.577585E-01,8.887930E-02,0.000000E+00,0.000000E+00,0.000000E+00,0.000000E+00,0.000000E+00,0.000000E+00,0.000000E+00,0.000000E+00,2.110805E+01,7.994409E+01,2.388817E+01,6.359650E+01
08:50:00,8.010553E+03,1.010848E+03,5.577585E-01,8.927192E-02,0.000000E+00,0.000000E+00,0.000000E+00,0.000000E+00,0.000000E+00,0.000000E+00,0.000000E+00,0.000000E+00,2.110805E+01,7.994409E+01,2.388817E+01,6.355090E+01
08:51:00,8.010553E+03,1.015305E+03,5.577585E-01,8.966562E-02,0.000000E+00,0.000000E+00,0.000000E+00,0.000000E+00,0.000000E+00,0.000000E+00,0.000000E+00,0.000000E+00,2.110805E+01,7.994409E+01,2.388816E+01,6.350533E+01
08:52:00,8.010553E+03,1.019776E+03,5.577585E-01,9.006042E-02,0.000000E+00,0.000000E+00,0.000000E+00,0.000000E+00,0.000000E+00,0.000000E+00,0.000000E+00,0.000000E+00,2.110805E+01,7.994409E+01,2.388816E+01,6.345980E+01
08:53:00,8.010553E+03,1.024258E+03,5.577585E-01,9.045630E-02,0.000000E+00,0.000000E+00,0.000000E+00,0.000000E+00,0.000000E+00,0.000000E+00,0.000000E+00,0.000000E+00,2.110805E+01,7.994409E+01,2.388816E+01,6.341431E+01
08:54:00,8.010553E+03,1.028790E+03,5.577585E-01,9.085652E-02,0.000000E+00,0.000000E+00,0.000000E+00,0.000000E+00,0.000000E+00,0.000000E+00,0.000000E+00,0.000000E+00,2.110805E+01,7.994409E+01,2.388816E+01,6.336886E+01
08:55:00,8.010553E+03,1.033334E+03,5.577585E-01,9.125789E-02,0.000000E+00,0.000000E+00,0.000000E+00,0.000000E+00,0.000000E+00,0.000000E+00,0.000000E+00,0.000000E+00,2.110805E+01,7.994409E+01,2.388816E+01,6.332309E+01
08:56:00,8.010553E+03,1.037892E+03,5.577585E-01,9.166043E-02,0.000000E+00,0.000000E+00,0.000000E+00,0.000000E+00,0.000000E+00,0.000000E+00,0.000000E+00,0.000000E+00,2.110805E+01,7.994409E+01,2.388816E+01,6.327713E+01
08:57:00,8.010553E+03,1.042463E+03,5.577585E-01,9.206410E-02,0.000000E+00,0.000000E+00,0.000000E+00,0.000000E+00,0.000000E+00,0.000000E+00,0.000000E+00,0.000000E+00,2.110805E+01,7.994409E+01,2.388815E+01,6.323114E+01
08:58:00,8.010553E+03,1.047046E+03,5.577585E-01,9.246888E-02,0.000000E+00,0.000000E+00,0.000000E+00,0.000000E+00,0.000000E+00,0.000000E+00,0.000000E+00,0.000000E+00,2.110805E+01,7.994409E+01,2.388815E+01,6.318519E+01
08:59:00,8.010553E+03,1.051642E+03,5.577585E-01,9.287473E-02,0.000000E+00,0.000000E+00,0.000000E+00,0.000000E+00,0.000000E+00,0.000000E+00,0.000000E+00,0.000000E+00,2.110805E+01,7.994409E+01,2.388815E+01,6.313932E+01
09:00:00,8.010553E+03,1.056249E+03,5.577585E-01,9.328166E-02,0.000000E+00,0.000000E+00,0.000000E+00,0.000000E+00,0.000000E+00,0.000000E+00,0.000000E+00,0.000000E+00,2.110805E+01,7.994409E+01,2.388815E+01,6.309352E+01
09:01:00,8.010553E+03,1.060858E+03,5.577585E-01,9.368865E-02,0.000000E+00,0.000000E+00,0.000000E+00,0.000000E+00,0.000000E+00,0.000000E+00,0.000000E+00,0.000000E+00,2.110805E+01,7.994409E+01,2.388815E+01,6.304780E+01
09:02:00,8.010553E+03,1.065467E+03,5.577585E-01,9.409571E-02,0.000000E+00,0.000000E+00,0.000000E+00,0.000000E+00,0.000000E+00,0.000000E+00,0.000000E+00,0.000000E+00,2.110805E+01,7.994409E+01,2.388815E+01,6.300221E+01
09:03:00,8.010553E+03,1.070076E+03,5.577585E-01,9.450279E-02,0.000000E+00,0.000000E+00,0.000000E+00,0.000000E+00,0.000000E+00,0.000000E+00,0.000000E+00,0.000000E+00,2.110805E+01,7.994409E+01,2.388815E+01,6.295678E+01
09:04:00,8.010553E+03,1.074686E+03,5.577585E-01,9.490992E-02,0.000000E+00,0.000000E+00,0.000000E+00,0.000000E+00,0.000000E+00,0.000000E+00,0.000000E+00,0.000000E+00,2.110805E+01,7.994409E+01,2.388814E+01,6.291153E+01
09:05:00,8.010553E+03,1.079296E+03,5.577585E-01,9.531710E-02,0.000000E+00,0.000000E+00,0.000000E+00,0.000000E+00,0.000000E+00,0.000000E+00,0.000000E+00,0.000000E+00,2.110805E+01,7.994409E+01,2.388814E+01,6.286646E+01
09:06:00,8.010553E+03,1.083907E+03,5.577585E-01,9.572427E-02,0.000000E+00,0.000000E+00,0.000000E+00,0.000000E+00,0.000000E+00,0.000000E+00,0.000000E+00,0.000000E+00,2.110805E+01,7.994409E+01,2.388814E+01,6.282157E+01
09:07:00,8.010553E+03,1.088517E+03,5.577585E-01,9.613147E-02,0.000000E+00,0.000000E+00,0.000000E+00,0.000000E+00,0.000000E+00,0.000000E+00,0.000000E+00,0.000000E+00,2.110805E+01,7.994409E+01,2.388814E+01,6.277684E+01
09:08:00,8.010553E+03,1.093128E+03,5.577585E-01,9.653869E-02,0.000000E+00,0.000000E+00,0.000000E+00,0.000000E+00,0.000000E+00,0.000000E+00,0.000000E+00,0.000000E+00,2.110805E+01,7.994409E+01,2.388814E+01,6.273228E+01
09:09:00,8.010553E+03,1.097739E+03,5.577585E-01,9.694590E-02,0.000000E+00,0.000000E+00,0.000000E+00,0.000000E+00,0.000000E+00,0.000000E+00,0.000000E+00,0.000000E+00,2.110805E+01,7.994409E+01,2.388814E+01,6.268790E+01
09:10:00,8.010553E+03,1.102350E+03,5.577585E-01,9.735311E-02,0.000000E+00,0.000000E+00,0.000000E+00,0.000000E+00,0.000000E+00,0.000000E+00,0.000000E+00,0.000000E+00,2.110805E+01,7.994409E+01,2.388814E+01,6.264367E+01
09:11:00,8.010553E+03,1.106961E+03,5.577585E-01,9.776033E-02,0.000000E+00,0.000000E+00,0.000000E+00,0.000000E+00,0.000000E+00,0.000000E+00,0.000000E+00,0.000000E+00,2.110805E+01,7.994409E+01,2.388814E+01,6.259962E+01
09:12:00,8.010553E+03,1.111571E+03,5.577585E-01,9.816753E-02,0.000000E+00,0.000000E+00,0.000000E+00,0.000000E+00,0.000000E+00,0.000000E+00,0.000000E+00,0.000000E+00,2.110805E+01,7.994409E+01,2.388814E+01,6.255573E+01
09:13:00,8.010553E+03,1.116181E+03,5.577585E-01,9.857470E-02,0.000000E+00,0.000000E+00,0.000000E+00,0.000000E+00,0.000000E+00,0.000000E+00,0.000000E+00,0.000000E+00,2.110805E+01,7.994409E+01,2.388813E+01,6.251200E+01
09:14:00,8.010553E+03,1.120792E+03,5.577585E-01,9.898187E-02,0.000000E+00,0.000000E+00,0.000000E+00,0.000000E+00,0.000000E+00,0.000000E+00,0.000000E+00,0.000000E+00,2.110805E+01,7.994409E+01,2.388813E+01,6.246842E+01
09:15:00,8.010553E+03,1.125402E+03,5.577585E-01,9.938900E-02,0.000000E+00,0.000000E+00,0.000000E+00,0.000000E+00,0.000000E+00,0.000000E+00,0.000000E+00,0.000000E+00,2.110805E+01,7.994409E+01,2.388813E+01,6.242501E+01
09:16:00,8.010553E+03,1.130011E+03,5.577585E-01,9.979609E-02,0.000000E+00,0.000000E+00,0.000000E+00,0.000000E+00,0.000000E+00,0.000000E+00,0.000000E+00,0.000000E+00,2.110805E+01,7.994409E+01,2.388813E+01,6.238175E+01
09:17:00,8.010553E+03,1.134620E+03,5.577585E-01,1.002032E-01,0.000000E+00,0.000000E+00,0.000000E+00,0.000000E+00,0.000000E+00,0.000000E+00,0.000000E+00,0.000000E+00,2.110805E+01,7.994409E+01,2.388813E+01,6.233865E+01
09:18:00,8.010553E+03,1.139229E+03,5.577585E-01,1.006102E-01,0.000000E+00,0.000000E+00,0.000000E+00,0.000000E+00,0.000000E+00,0.000000E+00,0.000000E+00,0.000000E+00,2.110805E+01,7.994409E+01,2.388813E+01,6.229571E+01
09:19:00,8.010553E+03,1.143837E+03,5.577585E-01,1.010171E-01,0.000000E+00,0.000000E+00,0.000000E+00,0.000000E+00,0.000000E+00,0.000000E+00,0.000000E+00,0.000000E+00,2.110805E+01,7.994409E+01,2.388813E+01,6.225292E+01
09:20:00,8.010553E+03,1.148445E+03,5.577585E-01,1.014241E-01,0.000000E+00,0.000000E+00,0.000000E+00,0.000000E+00,0.000000E+00,0.000000E+00,0.000000E+00,0.000000E+00,2.110805E+01,7.994409E+01,2.388813E+01,6.221027E+01
09:21:00,8.010553E+03,1.153051E+03,5.577586E-01,1.018309E-01,0.000000E+00,0.000000E+00,0.000000E+00,0.000000E+00,0.000000E+00,0.000000E+00,0.000000E+00,0.000000E+00,2.110805E+01,7.994409E+01,2.388813E+01,6.216778E+01
09:22:00,8.010553E+03,1.157657E+03,5.577586E-01,1.022377E-01,0.000000E+00,0.000000E+00,0.000000E+00,0.000000E+00,0.000000E+00,0.000000E+00,0.000000E+00,0.000000E+00,2.110805E+01,7.994409E+01,2.388812E+01,6.212544E+01
09:23:00,8.010553E+03,1.162263E+03,5.577586E-01,1.026445E-01,0.000000E+00,0.000000E+00,0.000000E+00,0.000000E+00,0.000000E+00,0.000000E+00,0.000000E+00,0.000000E+00,2.110805E+01,7.994409E+01,2.388812E+01,6.208325E+01
09:24:00,8.010553E+03,1.166867E+03,5.577586E-01,1.030511E-01,0.000000E+00,0.000000E+00,0.000000E+00,0.000000E+00,0.000000E+00,0.000000E+00,0.000000E+00,0.000000E+00,2.110805E+01,7.994409E+01,2.388812E+01,6.204121E+01
09:25:00,8.010553E+03,1.171471E+03,5.577586E-01,1.034578E-01,0.000000E+00,0.000000E+00,0.000000E+00,0.000000E+00,0.000000E+00,0.000000E+00,0.000000E+00,0.000000E+00,2.110805E+01,7.994409E+01,2.388812E+01,6.199931E+01
09:26:00,8.010553E+03,1.176074E+03,5.577586E-01,1.038643E-01,0.000000E+00,0.000000E+00,0.000000E+00,0.000000E+00,0.000000E+00,0.000000E+00,0.000000E+00,0.000000E+00,2.110805E+01,7.994409E+01,2.388812E+01,6.195756E+01
09:27:00,8.010553E+03,1.180677E+03,5.577586E-01,1.042707E-01,0.000000E+00,0.000000E+00,0.000000E+00,0.000000E+00,0.000000E+00,0.000000E+00,0.000000E+00,0.000000E+00,2.110805E+01,7.994409E+01,2.388812E+01,6.191595E+01
09:28:00,8.010553E+03,1.185278E+03,5.577586E-01,1.046771E-01,0.000000E+00,0.000000E+00,0.000000E+00,0.000000E+00,0.000000E+00,0.000000E+00,0.000000E+00,0.000000E+00,2.110805E+01,7.994409E+01,2.388812E+01,6.187448E+01
09:29:00,8.010553E+03,1.189877E+03,5.577586E-01,1.050833E-01,0.000000E+00,0.000000E+00,0.000000E+00,0.000000E+00,0.000000E+00,0.000000E+00,0.000000E+00,0.000000E+00,2.110805E+01,7.994409E+01,2.388812E+01,6.183316E+01
09:30:00,8.010553E+03,1.194476E+03,5.577586E-01,1.054895E-01,0.000000E+00,0.000000E+00,0.000000E+00,0.000000E+00,0.000000E+00,0.000000E+00,0.000000E+00,0.000000E+00,2.110805E+01,7.994409E+01,2.388812E+01,6.179199E+01
09:31:00,8.010553E+03,1.199074E+03,5.577586E-01,1.058955E-01,0.000000E+00,0.000000E+00,0.000000E+00,0.000000E+00,0.000000E+00,0.000000E+00,0.000000E+00,0.000000E+00,2.110805E+01,7.994409E+01,2.388811E+01,6.175095E+01
09:32:00,8.010553E+03,1.203670E+03,5.577586E-01,1.063015E-01,0.000000E+00,0.000000E+00,0.000000E+00,0.000000E+00,0.000000E+00,0.000000E+00,0.000000E+00,0.000000E+00,2.110805E+01,7.994409E+01,2.388811E+01,6.171006E+01
09:33:00,8.010553E+03,1.208266E+03,5.577586E-01,1.067073E-01,0.000000E+00,0.000000E+00,0.000000E+00,0.000000E+00,0.000000E+00,0.000000E+00,0.000000E+00,0.000000E+00,2.110805E+01,7.994409E+01,2.388811E+01,6.166931E+01
09:34:00,8.010553E+03,1.212859E+03,5.577586E-01,1.071130E-01,0.000000E+00,0.000000E+00,0.000000E+00,0.000000E+00,0.000000E+00,0.000000E+00,0.000000E+00,0.000000E+00,2.110805E+01,7.994409E+01,2.388811E+01,6.162869E+01
09:35:00,8.010553E+03,1.217452E+03,5.577586E-01,1.075186E-01,0.000000E+00,0.000000E+00,0.000000E+00,0.000000E+00,0.000000E+00,0.000000E+00,0.000000E+00,0.000000E+00,2.110805E+01,7.994409E+01,2.388811E+01,6.158822E+01
09:36:00,8.010553E+03,1.222042E+03,5.577586E-01,1.079240E-01,0.000000E+00,0.000000E+00,0.000000E+00,0.000000E+00,0.000000E+00,0.000000E+00,0.000000E+00,0.000000E+00,2.110805E+01,7.994409E+01,2.388811E+01,6.154788E+01
09:37:00,8.010553E+03,1.226632E+03,5.577586E-01,1.083294E-01,0.000000E+00,0.000000E+00,0.000000E+00,0.000000E+00,0.000000E+00,0.000000E+00,0.000000E+00,0.000000E+00,2.110805E+01,7.994409E+01,2.388811E+01,6.150769E+01
09:38:00,8.010553E+03,1.231220E+03,5.577586E-01,1.087345E-01,0.000000E+00,0.000000E+00,0.000000E+00,0.000000E+00,0.000000E+00,0.000000E+00,0.000000E+00,0.000000E+00,2.110805E+01,7.994409E+01,2.388811E+01,6.146763E+01
09:39:00,8.010553E+03,1.235806E+03,5.577586E-01,1.091396E-01,0.000000E+00,0.000000E+00,0.000000E+00,0.000000E+00,0.000000E+00,0.000000E+00,0.000000E+00,0.000000E+00,2.110805E+01,7.994409E+01,2.388811E+01,6.142771E+01
09:40:00,8.010553E+03,1.240391E+03,5.577586E-01,1.095445E-01,0.000000E+00,0.000000E+00,0.000000E+00,0.000000E+00,0.000000E+00,0.000000E+00,0.000000E+00,0.000000E+00,2.110805E+01,7.994409E+01,2.388811E+01,6.138792E+01
09:41:00,8.010553E+03,1.244973E+03,5.577586E-01,1.099492E-01,0.000000E+00,0.000000E+00,0.000000E+00,0.000000E+00,0.000000E+00,0.000000E+00,0.000000E+00,0.000000E+00,2.110805E+01,7.994409E+01,2.388810E+01,6.134827E+01
09:42:00,8.010553E+03,1.249554E+03,5.577586E-01,1.103538E-01,0.000000E+00,0.000000E+00,0.000000E+00,0.000000E+00,0.000000E+00,0.000000E+00,0.000000E+00,0.000000E+00,2.110805E+01,7.994409E+01,2.388810E+01,6.130876E+01
09:43:00,8.010553E+03,1.254134E+03,5.577586E-01,1.107583E-01,0.000000E+00,0.000000E+00,0.000000E+00,0.000000E+00,0.000000E+00,0.000000E+00,0.000000E+00,0.000000E+00,2.110805E+01,7.994409E+01,2.388810E+01,6.126938E+01
09:44:00,8.010553E+03,1.258711E+03,5.577586E-01,1.111625E-01,0.000000E+00,0.000000E+00,0.000000E+00,0.000000E+00,0.000000E+00,0.000000E+00,0.000000E+00,0.000000E+00,2.110805E+01,7.994409E+01,2.388810E+01,6.123013E+01
09:45:00,8.010553E+03,1.263287E+03,5.577586E-01,1.115666E-01,0.000000E+00,0.000000E+00,0.000000E+00,0.000000E+00,0.000000E+00,0.000000E+00,0.000000E+00,0.000000E+00,2.110805E+01,7.994409E+01,2.388810E+01,6.119102E+01
09:46:00,8.010553E+03,1.267861E+03,5.577586E-01,1.119706E-01,0.000000E+00,0.000000E+00,0.000000E+00,0.000000E+00,0.000000E+00,0.000000E+00,0.000000E+00,0.000000E+00,2.110805E+01,7.994409E+01,2.388810E+01,6.115204E+01
09:47:00,8.010553E+03,1.272432E+03,5.577586E-01,1.123743E-01,0.000000E+00,0.000000E+00,0.000000E+00,0.000000E+00,0.000000E+00,0.000000E+00,0.000000E+00,0.000000E+00,2.110805E+01,7.994409E+01,2.388810E+01,6.111319E+01
09:48:00,8.010553E+03,1.277002E+03,5.577586E-01,1.127779E-01,0.000000E+00,0.000000E+00,0.000000E+00,0.000000E+00,0.000000E+00,0.000000E+00,0.000000E+00,0.000000E+00,2.110805E+01,7.994409E+01,2.388810E+01,6.107447E+01
09:49:00,8.010553E+03,1.281570E+03,5.577586E-01,1.131813E-01,0.000000E+00,0.000000E+00,0.000000E+00,0.000000E+00,0.000000E+00,0.000000E+00,0.000000E+00,0.000000E+00,2.110805E+01,7.994409E+01,2.388810E+01,6.103589E+01
09:50:00,8.010553E+03,1.286135E+03,5.577586E-01,1.135845E-01,0.000000E+00,0.000000E+00,0.000000E+00,0.000000E+00,0.000000E+00,0.000000E+00,0.000000E+00,0.000000E+00,2.110805E+01,7.994409E+01,2.388810E+01,6.099744E+01
09:51:00,8.010553E+03,1.290699E+03,5.577586E-01,1.139876E-01,0.000000E+00,0.000000E+00,0.000000E+00,0.000000E+00,0.000000E+00,0.000000E+00,0.000000E+00,0.000000E+00,2.110805E+01,7.994409E+01,2.388809E+01,6.095911E+01
09:52:00,8.010553E+03,1.295260E+03,5.577586E-01,1.143904E-01,0.000000E+00,0.000000E+00,0.000000E+00,0.000000E+00,0.000000E+00,0.000000E+00,0.000000E+00,0.000000E+00,2.110805E+01,7.994409E+01,2.388809E+01,6.092092E+01
09:53:00,8.010553E+03,1.299819E+03,5.577586E-01,1.147930E-01,0.000000E+00,0.000000E+00,0.000000E+00,0.000000E+00,0.000000E+00,0.000000E+00,0.000000E+00,0.000000E+00,2.110805E+01,7.994409E+01,2.388809E+01,6.088286E+01
09:54:00,8.010553E+03,1.304338E+03,5.577586E-01,1.151921E-01,0.000000E+00,0.000000E+00,0.000000E+00,0.000000E+00,0.000000E+00,0.000000E+00,0.000000E+00,0.000000E+00,2.110805E+01,7.994409E+01,2.388809E+01,6.084492E+01
09:55:00,8.010553E+03,1.308854E+03,5.577586E-01,1.155910E-01,0.000000E+00,0.000000E+00,0.000000E+00,0.000000E+00,0.000000E+00,0.000000E+00,0.000000E+00,0.000000E+00,2.110805E+01,7.994409E+01,2.388809E+01,6.080711E+01
09:56:00,8.010553E+03,1.313366E+03,5.577586E-01,1.159895E-01,0.000000E+00,0.000000E+00,0.000000E+00,0.000000E+00,0.000000E+00,0.000000E+00,0.000000E+00,0.000000E+00,2.110805E+01,7.994409E+01,2.388809E+01,6.076944E+01
09:57:00,8.010553E+03,1.317875E+03,5.577586E-01,1.163877E-01,0.000000E+00,0.000000E+00,0.000000E+00,0.000000E+00,0.000000E+00,0.000000E+00,0.000000E+00,0.000000E+00,2.110805E+01,7.994409E+01,2.388809E+01,6.073188E+01
09:58:00,8.010553E+03,1.322381E+03,5.577586E-01,1.167857E-01,0.000000E+00,0.000000E+00,0.000000E+00,0.000000E+00,0.000000E+00,0.000000E+00,0.000000E+00,0.000000E+00,2.110805E+01,7.994409E+01,2.388809E+01,6.069446E+01
09:59:00,8.010553E+03,1.326884E+03,5.577586E-01,1.171833E-01,0.000000E+00,0.000000E+00,0.000000E+00,0.000000E+00,0.000000E+00,0.000000E+00,0.000000E+00,0.000000E+00,2.110805E+01,7.994409E+01,2.388809E+01,6.065716E+01
10:00:00,8.010553E+03,1.331383E+03,5.577586E-01,1.175807E-01,0.000000E+00,0.000000E+00,0.000000E+00,0.000000E+00,0.000000E+00,0.000000E+00,0.000000E+00,0.000000E+00,2.110805E+01,7.994409E+01,2.388809E+01,6.061999E+01
10:01:00,8.010553E+03,1.335879E+03,5.577586E-01,1.179778E-01,0.000000E+00,0.000000E+00,0.000000E+00,0.000000E+00,0.000000E+00,0.000000E+00,0.000000E+00,0.000000E+00,2.110805E+01,7.994409E+01,2.388808E+01,6.058294E+01
10:02:00,8.010553E+03,1.340372E+03,5.577586E-01,1.183746E-01,0.000000E+00,0.000000E+00,0.000000E+00,0.000000E+00,0.000000E+00,0.000000E+00,0.000000E+00,0.000000E+00,2.110805E+01,7.994409E+01,2.388808E+01,6.054607E+01
10:03:00,8.010553E+03,1.344862E+03,5.577586E-01,1.187711E-01,0.000000E+00,0.000000E+00,0.000000E+00,0.000000E+00,0.000000E+00,0.000000E+00,0.000000E+00,0.000000E+00,2.110805E+01,7.994409E+01,2.388808E+01,6.050941E+01
10:04:00,8.010553E+03,1.349348E+03,5.577586E-01,1.191673E-01,0.000000E+00,0.000000E+00,0.000000E+00,0.000000E+00,0.000000E+00,0.000000E+00,0.000000E+00,0.000000E+00,2.110805E+01,7.994409E+01,2.388808E+01,6.047295E+01
10:05:00,8.010553E+03,1.353832E+03,5.577586E-01,1.195633E-01,0.000000E+00,0.000000E+00,0.000000E+00,0.000000E+00,0.000000E+00,0.000000E+00,0.000000E+00,0.000000E+00,2.110805E+01,7.994409E+01,2.388808E+01,6.043671E+01
10:06:00,8.010553E+03,1.358312E+03,5.577586E-01,1.199590E-01,0.000000E+00,0.000000E+00,0.000000E+00,0.000000E+00,0.000000E+00,0.000000E+00,0.000000E+00,0.000000E+00,2.110805E+01,7.994409E+01,2.388808E+01,6.040066E+01
10:07:00,8.010553E+03,1.362788E+03,5.577586E-01,1.203543E-01,0.000000E+00,0.000000E+00,0.000000E+00,0.000000E+00,0.000000E+00,0.000000E+00,0.000000E+00,0.000000E+00,2.110805E+01,7.994409E+01,2.388808E+01,6.036482E+01
10:08:00,8.010553E+03,1.367261E+03,5.577586E-01,1.207494E-01,0.000000E+00,0.000000E+00,0.000000E+00,0.000000E+00,0.000000E+00,0.000000E+00,0.000000E+00,0.000000E+00,2.110805E+01,7.994409E+01,2.388808E+01,6.032917E+01
10:09:00,8.010553E+03,1.371731E+03,5.577586E-01,1.211441E-01,0.000000E+00,0.000000E+00,0.000000E+00,0.000000E+00,0.000000E+00,0.000000E+00,0.000000E+00,0.000000E+00,2.110805E+01,7.994409E+01,2.388808E+01,6.029371E+01
10:10:00,8.010553E+03,1.376197E+03,5.577586E-01,1.215385E-01,0.000000E+00,0.000000E+00,0.000000E+00,0.000000E+00,0.000000E+00,0.000000E+00,0.000000E+00,0.000000E+00,2.110805E+01,7.994409E+01,2.388808E+01,6.025845E+01
10:11:00,8.010553E+03,1.380660E+03,5.577586E-01,1.219327E-01,0.000000E+00,0.000000E+00,0.000000E+00,0.000000E+00,0.000000E+00,0.000000E+00,0.000000E+00,0.000000E+00,2.110805E+01,7.994409E+01,2.388808E+01,6.022336E+01
10:12:00,8.010553E+03,1.385118E+03,5.577586E-01,1.223264E-01,0.000000E+00,0.000000E+00,0.000000E+00,0.000000E+00,0.000000E+00,0.000000E+00,0.000000E+00,0.000000E+00,2.110805E+01,7.994409E+01,2.388808E+01,6.018846E+01
10:13:00,8.010553E+03,1.389573E+03,5.577586E-01,1.227199E-01,0.000000E+00,0.000000E+00,0.000000E+00,0.000000E+00,0.000000E+00,0.000000E+00,0.000000E+00,0.000000E+00,2.110805E+01,7.994409E+01,2.388808E+01,6.015373E+01
10:14:00,8.010553E+03,1.394025E+03,5.577586E-01,1.231130E-01,0.000000E+00,0.000000E+00,0.000000E+00,0.000000E+00,0.000000E+00,0.000000E+00,0.000000E+00,0.000000E+00,2.110805E+01,7.994409E+01,2.388807E+01,6.011919E+01
10:15:00,8.010553E+03,1.398472E+03,5.577586E-01,1.235058E-01,0.000000E+00,0.000000E+00,0.000000E+00,0.000000E+00,0.000000E+00,0.000000E+00,0.000000E+00,0.000000E+00,2.110805E+01,7.994409E+01,2.388807E+01,6.008481E+01
10:16:00,8.010553E+03,1.402915E+03,5.577586E-01,1.238982E-01,0.000000E+00,0.000000E+00,0.000000E+00,0.000000E+00,0.000000E+00,0.000000E+00,0.000000E+00,0.000000E+00,2.110805E+01,7.994409E+01,2.388807E+01,6.005061E+01
10:17:00,8.010553E+03,1.407355E+03,5.577586E-01,1.242903E-01,0.000000E+00,0.000000E+00,0.000000E+00,0.000000E+00,0.000000E+00,0.000000E+00,0.000000E+00,0.000000E+00,2.110805E+01,7.994409E+01,2.388807E+01,6.001658E+01
10:18:00,8.010553E+03,1.411790E+03,5.577586E-01,1.246820E-01,0.000000E+00,0.000000E+00,0.000000E+00,0.000000E+00,0.000000E+00,0.000000E+00,0.000000E+00,0.000000E+00,2.110805E+01,7.994409E+01,2.388807E+01,5.998271E+01
10:19:00,8.010553E+03,1.416221E+03,5.577586E-01,1.250734E-01,0.000000E+00,0.000000E+00,0.000000E+00,0.000000E+00,0.000000E+00,0.000000E+00,0.000000E+00,0.000000E+00,2.110805E+01,7.994409E+01,2.388807E+01,5.994900E+01
10:20:00,8.010553E+03,1.420648E+03,5.577586E-01,1.254644E-01,0.000000E+00,0.000000E+00,0.000000E+00,0.000000E+00,0.000000E+00,0.000000E+00,0.000000E+00,0.000000E+00,2.110805E+01,7.994409E+01,2.388807E+01,5.991546E+01
10:21:00,8.010553E+03,1.425071E+03,5.577586E-01,1.258550E-01,0.000000E+00,0.000000E+00,0.000000E+00,0.000000E+00,0.000000E+00,0.000000E+00,0.000000E+00,0.000000E+00,2.110805E+01,7.994409E+01,2.388807E+01,5.988207E+01
10:22:00,8.010553E+03,1.429490E+03,5.577586E-01,1.262452E-01,0.000000E+00,0.000000E+00,0.000000E+00,0.000000E+00,0.000000E+00,0.000000E+00,0.000000E+00,0.000000E+00,2.110805E+01,7.994409E+01,2.388807E+01,5.984884E+01
10:23:00,8.010553E+03,1.433904E+03,5.577586E-01,1.266351E-01,0.000000E+00,0.000000E+00,0.000000E+00,0.000000E+00,0.000000E+00,0.000000E+00,0.000000E+00,0.000000E+00,2.110805E+01,7.994409E+01,2.388807E+01,5.981576E+01
10:24:00,8.010553E+03,1.438314E+03,5.577586E-01,1.270245E-01,0.000000E+00,0.000000E+00,0.000000E+00,0.000000E+00,0.000000E+00,0.000000E+00,0.000000E+00,0.000000E+00,2.110805E+01,7.994409E+01,2.388807E+01,5.978283E+01
10:25:00,8.010553E+03,1.442720E+03,5.577586E-01,1.274136E-01,0.000000E+00,0.000000E+00,0.000000E+00,0.000000E+00,0.000000E+00,0.000000E+00,0.000000E+00,0.000000E+00,2.110805E+01,7.994409E+01,2.388807E+01,5.975006E+01
10:26:00,8.010553E+03,1.447120E+03,5.577586E-01,1.278023E-01,0.000000E+00,0.000000E+00,0.000000E+00,0.000000E+00,0.000000E+00,0.000000E+00,0.000000E+00,0.000000E+00,2.110805E+01,7.994409E+01,2.388807E+01,5.971743E+01
10:27:00,8.010553E+03,1.451517E+03,5.577586E-01,1.281906E-01,0.000000E+00,0.000000E+00,0.000000E+00,0.000000E+00,0.000000E+00,0.000000E+00,0.000000E+00,0.000000E+00,2.110805E+01,7.994409E+01,2.388806E+01,5.968495E+01
10:28:00,8.010553E+03,1.455909E+03,5.577586E-01,1.285785E-01,0.000000E+00,0.000000E+00,0.000000E+00,0.000000E+00,0.000000E+00,0.000000E+00,0.000000E+00,0.000000E+00,2.110805E+01,7.994409E+01,2.388806E+01,5.965261E+01
10:29:00,8.010553E+03,1.460296E+03,5.577586E-01,1.289660E-01,0.000000E+00,0.000000E+00,0.000000E+00,0.000000E+00,0.000000E+00,0.000000E+00,0.000000E+00,0.000000E+00,2.110805E+01,7.994409E+01,2.388806E+01,5.962042E+01
10:30:00,8.010553E+03,1.464679E+03,5.577586E-01,1.293530E-01,0.000000E+00,0.000000E+00,0.000000E+00,0.000000E+00,0.000000E+00,0.000000E+00,0.000000E+00,0.000000E+00,2.110805E+01,7.994409E+01,2.388806E+01,5.958836E+01
10:31:00,8.010553E+03,1.469057E+03,5.577586E-01,1.297397E-01,0.000000E+00,0.000000E+00,0.000000E+00,0.000000E+00,0.000000E+00,0.000000E+00,0.000000E+00,0.000000E+00,2.110805E+01,7.994409E+01,2.388806E+01,5.955644E+01
10:32:00,8.010553E+03,1.473431E+03,5.577586E-01,1.301260E-01,0.000000E+00,0.000000E+00,0.000000E+00,0.000000E+00,0.000000E+00,0.000000E+00,0.000000E+00,0.000000E+00,2.110805E+01,7.994409E+01,2.388806E+01,5.952466E+01
10:33:00,8.010553E+03,1.477800E+03,5.577586E-01,1.305118E-01,0.000000E+00,0.000000E+00,0.000000E+00,0.000000E+00,0.000000E+00,0.000000E+00,0.000000E+00,0.000000E+00,2.110805E+01,7.994409E+01,2.388806E+01,5.949301E+01
10:34:00,8.010553E+03,1.482164E+03,5.577586E-01,1.308972E-01,0.000000E+00,0.000000E+00,0.000000E+00,0.000000E+00,0.000000E+00,0.000000E+00,0.000000E+00,0.000000E+00,2.110805E+01,7.994409E+01,2.388806E+01,5.946150E+01
10:35:00,8.010553E+03,1.486523E+03,5.577586E-01,1.312822E-01,0.000000E+00,0.000000E+00,0.000000E+00,0.000000E+00,0.000000E+00,0.000000E+00,0.000000E+00,0.000000E+00,2.110805E+01,7.994409E+01,2.388806E+01,5.943013E+01
10:36:00,8.010553E+03,1.490877E+03,5.577586E-01,1.316667E-01,0.000000E+00,0.000000E+00,0.000000E+00,0.000000E+00,0.000000E+00,0.000000E+00,0.000000E+00,0.000000E+00,2.110805E+01,7.994409E+01,2.388806E+01,5.939888E+01
10:37:00,8.010553E+03,1.495226E+03,5.577586E-01,1.320508E-01,0.000000E+00,0.000000E+00,0.000000E+00,0.000000E+00,0.000000E+00,0.000000E+00,0.000000E+00,0.000000E+00,2.110805E+01,7.994409E+01,2.388806E+01,5.936776E+01
10:38:00,8.010553E+03,1.499570E+03,5.577586E-01,1.324345E-01,0.000000E+00,0.000000E+00,0.000000E+00,0.000000E+00,0.000000E+00,0.000000E+00,0.000000E+00,0.000000E+00,2.110805E+01,7.994409E+01,2.388806E+01,5.933677E+01
10:39:00,8.010553E+03,1.503909E+03,5.577586E-01,1.328177E-01,0.000000E+00,0.000000E+00,0.000000E+00,0.000000E+00,0.000000E+00,0.000000E+00,0.000000E+00,0.000000E+00,2.110805E+01,7.994409E+01,2.388806E+01,5.930591E+01
10:40:00,8.010553E+03,1.508244E+03,5.577586E-01,1.332005E-01,0.000000E+00,0.000000E+00,0.000000E+00,0.000000E+00,0.000000E+00,0.000000E+00,0.000000E+00,0.000000E+00,2.110805E+01,7.994409E+01,2.388805E+01,5.927517E+01
10:41:00,8.010553E+03,1.512573E+03,5.577586E-01,1.335829E-01,0.000000E+00,0.000000E+00,0.000000E+00,0.000000E+00,0.000000E+00,0.000000E+00,0.000000E+00,0.000000E+00,2.110805E+01,7.994409E+01,2.388805E+01,5.924456E+01
10:42:00,8.010553E+03,1.516897E+03,5.577586E-01,1.339648E-01,0.000000E+00,0.000000E+00,0.000000E+00,0.000000E+00,0.000000E+00,0.000000E+00,0.000000E+00,0.000000E+00,2.110805E+01,7.994409E+01,2.388805E+01,5.921407E+01
10:43:00,8.010553E+03,1.521216E+03,5.577586E-01,1.343462E-01,0.000000E+00,0.000000E+00,0.000000E+00,0.000000E+00,0.000000E+00,0.000000E+00,0.000000E+00,0.000000E+00,2.110805E+01,7.994409E+01,2.388805E+01,5.918370E+01
10:44:00,8.010553E+03,1.525530E+03,5.577586E-01,1.347272E-01,0.000000E+00,0.000000E+00,0.000000E+00,0.000000E+00,0.000000E+00,0.000000E+00,0.000000E+00,0.000000E+00,2.110805E+01,7.994409E+01,2.388805E+01,5.915345E+01
10:45:00,8.010553E+03,1.529839E+03,5.577586E-01,1.351077E-01,0.000000E+00,0.000000E+00,0.000000E+00,0.000000E+00,0.000000E+00,0.000000E+00,0.000000E+00,0.000000E+00,2.110805E+01,7.994409E+01,2.388805E+01,5.912332E+01
10:46:00,8.010553E+03,1.534142E+03,5.577586E-01,1.354878E-01,0.000000E+00,0.000000E+00,0.000000E+00,0.000000E+00,0.000000E+00,0.000000E+00,0.000000E+00,0.000000E+00,2.110805E+01,7.994409E+01,2.388805E+01,5.909331E+01
10:47:00,8.010553E+03,1.538440E+03,5.577586E-01,1.358674E-01,0.000000E+00,0.000000E+00,0.000000E+00,0.000000E+00,0.000000E+00,0.000000E+00,0.000000E+00,0.000000E+00,2.110805E+01,7.994409E+01,2.388805E+01,5.906341E+01
10:48:00,8.010553E+03,1.542732E+03,5.577586E-01,1.362465E-01,0.000000E+00,0.000000E+00,0.000000E+00,0.000000E+00,0.000000E+00,0.000000E+00,0.000000E+00,0.000000E+00,2.110805E+01,7.994409E+01,2.388805E+01,5.903364E+01
10:49:00,8.010553E+03,1.547020E+03,5.577586E-01,1.366251E-01,0.000000E+00,0.000000E+00,0.000000E+00,0.000000E+00,0.000000E+00,0.000000E+00,0.000000E+00,0.000000E+00,2.110805E+01,7.994409E+01,2.388805E+01,5.900397E+01
10:50:00,8.010553E+03,1.551301E+03,5.577586E-01,1.370033E-01,0.000000E+00,0.000000E+00,0.000000E+00,0.000000E+00,0.000000E+00,0.000000E+00,0.000000E+00,0.000000E+00,2.110805E+01,7.994409E+01,2.388805E+01,5.897443E+01
10:51:00,8.010553E+03,1.555577E+03,5.577586E-01,1.373809E-01,0.000000E+00,0.000000E+00,0.000000E+00,0.000000E+00,0.000000E+00,0.000000E+00,0.000000E+00,0.000000E+00,2.110805E+01,7.994409E+01,2.388805E+01,5.894499E+01
10:52:00,8.010553E+03,1.559848E+03,5.577586E-01,1.377581E-01,0.000000E+00,0.000000E+00,0.000000E+00,0.000000E+00,0.000000E+00,0.000000E+00,0.000000E+00,0.000000E+00,2.110805E+01,7.994409E+01,2.388805E+01,5.891567E+01
10:53:00,8.010553E+03,1.564113E+03,5.577586E-01,1.381348E-01,0.000000E+00,0.000000E+00,0.000000E+00,0.000000E+00,0.000000E+00,0.000000E+00,0.000000E+00,0.000000E+00,2.110805E+01,7.994409E+01,2.388805E+01,5.888645E+01
10:54:00,8.010554E+03,1.568373E+03,5.577586E-01,1.385110E-01,0.000000E+00,0.000000E+00,0.000000E+00,0.000000E+00,0.000000E+00,0.000000E+00,0.000000E+00,0.000000E+00,2.110805E+01,7.994409E+01,2.388804E+01,5.885735E+01
10:55:00,8.010554E+03,1.572627E+03,5.577586E-01,1.388867E-01,0.000000E+00,0.000000E+00,0.000000E+00,0.000000E+00,0.000000E+00,0.000000E+00,0.000000E+00,0.000000E+00,2.110805E+01,7.994409E+01,2.388804E+01,5.882836E+01
10:56:00,8.010554E+03,1.576876E+03,5.577586E-01,1.392619E-01,0.000000E+00,0.000000E+00,0.000000E+00,0.000000E+00,0.000000E+00,0.000000E+00,0.000000E+00,0.000000E+00,2.110805E+01,7.994409E+01,2.388804E+01,5.879948E+01
10:57:00,8.010554E+03,1.581118E+03,5.577586E-01,1.396366E-01,0.000000E+00,0.000000E+00,0.000000E+00,0.000000E+00,0.000000E+00,0.000000E+00,0.000000E+00,0.000000E+00,2.110805E+01,7.994409E+01,2.388804E+01,5.877070E+01
10:58:00,8.010554E+03,1.585355E+03,5.577586E-01,1.400108E-01,0.000000E+00,0.000000E+00,0.000000E+00,0.000000E+00,0.000000E+00,0.000000E+00,0.000000E+00,0.000000E+00,2.110805E+01,7.994409E+01,2.388804E+01,5.874203E+01
10:59:00,8.010554E+03,1.589587E+03,5.577586E-01,1.403845E-01,0.000000E+00,0.000000E+00,0.000000E+00,0.000000E+00,0.000000E+00,0.000000E+00,0.000000E+00,0.000000E+00,2.110805E+01,7.994409E+01,2.388804E+01,5.871347E+01
11:00:00,8.010554E+03,1.593812E+03,5.577586E-01,1.407577E-01,0.000000E+00,0.000000E+00,0.000000E+00,0.000000E+00,0.000000E+00,0.000000E+00,0.000000E+00,0.000000E+00,2.110805E+01,7.994409E+01,2.388804E+01,5.868501E+01
11:01:00,8.010554E+03,1.598023E+03,5.577586E-01,1.411296E-01,0.000000E+00,0.000000E+00,0.000000E+00,0.000000E+00,0.000000E+00,0.000000E+00,0.000000E+00,0.000000E+00,2.110805E+01,7.994409E+01,2.388804E+01,5.865665E+01
11:02:00,8.010554E+03,1.602221E+03,5.577586E-01,1.415003E-01,0.000000E+00,0.000000E+00,0.000000E+00,0.000000E+00,0.000000E+00,0.000000E+00,0.000000E+00,0.000000E+00,2.110805E+01,7.994409E+01,2.388804E+01,5.862851E+01
11:03:00,8.010554E+03,1.606404E+03,5.577586E-01,1.418698E-01,0.000000E+00,0.000000E+00,0.000000E+00,0.000000E+00,0.000000E+00,0.000000E+00,0.000000E+00,0.000000E+00,2.110805E+01,7.994409E+01,2.388804E+01,5.860065E+01
11:04:00,8.010554E+03,1.610573E+03,5.577586E-01,1.422380E-01,0.000000E+00,0.000000E+00,0.000000E+00,0.000000E+00,0.000000E+00,0.000000E+00,0.000000E+00,0.000000E+00,2.110805E+01,7.994409E+01,2.388804E+01,5.857308E+01
11:05:00,8.010554E+03,1.614728E+03,5.577586E-01,1.426049E-01,0.000000E+00,0.000000E+00,0.000000E+00,0.000000E+00,0.000000E+00,0.000000E+00,0.000000E+00,0.000000E+00,2.110805E+01,7.994409E+01,2.388804E+01,5.854581E+01
11:06:00,8.010554E+03,1.618868E+03,5.577586E-01,1.429706E-01,0.000000E+00,0.000000E+00,0.000000E+00,0.000000E+00,0.000000E+00,0.000000E+00,0.000000E+00,0.000000E+00,2.110805E+01,7.994409E+01,2.388804E+01,5.851882E+01
11:07:00,8.010554E+03,1.622994E+03,5.577586E-01,1.433350E-01,0.000000E+00,0.000000E+00,0.000000E+00,0.000000E+00,0.000000E+00,0.000000E+00,0.000000E+00,0.000000E+00,2.110805E+01,7.994409E+01,2.388804E+01,5.849209E+01
11:08:00,8.010554E+03,1.627106E+03,5.577586E-01,1.436982E-01,0.000000E+00,0.000000E+00,0.000000E+00,0.000000E+00,0.000000E+00,0.000000E+00,0.000000E+00,0.000000E+00,2.110805E+01,7.994409E+01,2.388804E+01,5.846562E+01
11:09:00,8.010554E+03,1.631204E+03,5.577586E-01,1.440601E-01,0.000000E+00,0.000000E+00,0.000000E+00,0.000000E+00,0.000000E+00,0.000000E+00,0.000000E+00,0.000000E+00,2.110805E+01,7.994409E+01,2.388804E+01,5.843940E+01
11:10:00,8.010554E+03,1.635288E+03,5.577586E-01,1.444207E-01,0.000000E+00,0.000000E+00,0.000000E+00,0.000000E+00,0.000000E+00,0.000000E+00,0.000000E+00,0.000000E+00,2.110805E+01,7.994409E+01,2.388804E+01,5.841342E+01
11:11:00,8.010554E+03,1.639357E+03,5.577586E-01,1.447801E-01,0.000000E+00,0.000000E+00,0.000000E+00,0.000000E+00,0.000000E+00,0.000000E+00,0.000000E+00,0.000000E+00,2.110805E+01,7.994409E+01,2.388804E+01,5.838768E+01
11:12:00,8.010554E+03,1.643412E+03,5.577586E-01,1.451382E-01,0.000000E+00,0.000000E+00,0.000000E+00,0.000000E+00,0.000000E+00,0.000000E+00,0.000000E+00,0.000000E+00,2.110805E+01,7.994409E+01,2.388804E+01,5.836216E+01
11:13:00,8.010554E+03,1.647452E+03,5.577586E-01,1.454951E-01,0.000000E+00,0.000000E+00,0.000000E+00,0.000000E+00,0.000000E+00,0.000000E+00,0.000000E+00,0.000000E+00,2.110805E+01,7.994409E+01,2.388804E+01,5.833687E+01
11:14:00,8.010554E+03,1.651479E+03,5.577586E-01,1.458507E-01,0.000000E+00,0.000000E+00,0.000000E+00,0.000000E+00,0.000000E+00,0.000000E+00,0.000000E+00,0.000000E+00,2.110805E+01,7.994409E+01,2.388804E+01,5.831180E+01
11:15:00,8.010554E+03,1.655490E+03,5.577586E-01,1.462050E-01,0.000000E+00,0.000000E+00,0.000000E+00,0.000000E+00,0.000000E+00,0.000000E+00,0.000000E+00,0.000000E+00,2.110805E+01,7.994409E+01,2.388804E+01,5.828693E+01
11:16:00,8.010554E+03,1.659488E+03,5.577586E-01,1.465580E-01,0.000000E+00,0.000000E+00,0.000000E+00,0.000000E+00,0.000000E+00,0.000000E+00,0.000000E+00,0.000000E+00,2.110805E+01,7.994409E+01,2.388803E+01,5.826227E+01
11:17:00,8.010554E+03,1.663471E+03,5.577586E-01,1.469098E-01,0.000000E+00,0.000000E+00,0.000000E+00,0.000000E+00,0.000000E+00,0.000000E+00,0.000000E+00,0.000000E+00,2.110805E+01,7.994409E+01,2.388803E+01,5.823781E+01
11:18:00,8.010554E+03,1.667439E+03,5.577586E-01,1.472602E-01,0.000000E+00,0.000000E+00,0.000000E+00,0.000000E+00,0.000000E+00,0.000000E+00,0.000000E+00,0.000000E+00,2.110805E+01,7.994409E+01,2.388803E+01,5.821354E+01
11:19:00,8.010554E+03,1.671393E+03,5.577586E-01,1.476095E-01,0.000000E+00,0.000000E+00,0.000000E+00,0.000000E+00,0.000000E+00,0.000000E+00,0.000000E+00,0.000000E+00,2.110805E+01,7.994409E+01,2.388803E+01,5.818945E+01
11:20:00,8.010554E+03,1.675333E+03,5.577586E-01,1.479574E-01,0.000000E+00,0.000000E+00,0.000000E+00,0.000000E+00,0.000000E+00,0.000000E+00,0.000000E+00,0.000000E+00,2.110805E+01,7.994409E+01,2.388803E+01,5.816554E+01
11:21:00,8.010554E+03,1.679258E+03,5.577586E-01,1.483041E-01,0.000000E+00,0.000000E+00,0.000000E+00,0.000000E+00,0.000000E+00,0.000000E+00,0.000000E+00,0.000000E+00,2.110805E+01,7.994409E+01,2.388803E+01,5.814181E+01
11:22:00,8.010554E+03,1.683169E+03,5.577586E-01,1.486495E-01,0.000000E+00,0.000000E+00,0.000000E+00,0.000000E+00,0.000000E+00,0.000000E+00,0.000000E+00,0.000000E+00,2.110805E+01,7.994409E+01,2.388803E+01,5.811825E+01
11:23:00,8.010554E+03,1.687066E+03,5.577586E-01,1.489936E-01,0.000000E+00,0.000000E+00,0.000000E+00,0.000000E+00,0.000000E+00,0.000000E+00,0.000000E+00,0.000000E+00,2.110805E+01,7.994409E+01,2.388803E+01,5.809486E+01
11:24:00,8.010554E+03,1.690948E+03,5.577586E-01,1.493365E-01,0.000000E+00,0.000000E+00,0.000000E+00,0.000000E+00,0.000000E+00,0.000000E+00,0.000000E+00,0.000000E+00,2.110805E+01,7.994409E+01,2.388803E+01,5.807162E+01
11:25:00,8.010554E+03,1.694816E+03,5.577586E-01,1.496781E-01,0.000000E+00,0.000000E+00,0.000000E+00,0.000000E+00,0.000000E+00,0.000000E+00,0.000000E+00,0.000000E+00,2.110805E+01,7.994409E+01,2.388803E+01,5.804855E+01
11:26:00,8.010554E+03,1.698653E+03,5.577586E-01,1.500170E-01,0.000000E+00,0.000000E+00,0.000000E+00,0.000000E+00,0.000000E+00,0.000000E+00,0.000000E+00,0.000000E+00,2.110805E+01,7.994409E+01,2.388803E+01,5.802562E+01
11:27:00,8.010554E+03,1.702468E+03,5.577586E-01,1.503539E-01,0.000000E+00,0.000000E+00,0.000000E+00,0.000000E+00,0.000000E+00,0.000000E+00,0.000000E+00,0.000000E+00,2.110805E+01,7.994409E+01,2.388803E+01,5.800296E+01
11:28:00,8.010554E+03,1.706266E+03,5.577586E-01,1.506893E-01,0.000000E+00,0.000000E+00,0.000000E+00,0.000000E+00,0.000000E+00,0.000000E+00,0.000000E+00,0.000000E+00,2.110805E+01,7.994409E+01,2.388803E+01,5.798057E+01
11:29:00,8.010554E+03,1.710045E+03,5.577586E-01,1.510231E-01,0.000000E+00,0.000000E+00,0.000000E+00,0.000000E+00,0.000000E+00,0.000000E+00,0.000000E+00,0.000000E+00,2.110805E+01,7.994409E+01,2.388803E+01,5.795841E+01
11:30:00,8.010554E+03,1.713806E+03,5.577586E-01,1.513552E-01,0.000000E+00,0.000000E+00,0.000000E+00,0.000000E+00,0.000000E+00,0.000000E+00,0.000000E+00,0.000000E+00,2.110805E+01,7.994409E+01,2.388803E+01,5.793642E+01
11:31:00,8.010554E+03,1.717549E+03,5.577586E-01,1.516858E-01,0.000000E+00,0.000000E+00,0.000000E+00,0.000000E+00,0.000000E+00,0.000000E+00,0.000000E+00,0.000000E+00,2.110805E+01,7.994409E+01,2.388803E+01,5.791460E+01
11:32:00,8.010554E+03,1.721274E+03,5.577586E-01,1.520148E-01,0.000000E+00,0.000000E+00,0.000000E+00,0.000000E+00,0.000000E+00,0.000000E+00,0.000000E+00,0.000000E+00,2.110805E+01,7.994409E+01,2.388803E+01,5.789295E+01
11:33:00,8.010554E+03,1.724982E+03,5.577586E-01,1.523423E-01,0.000000E+00,0.000000E+00,0.000000E+00,0.000000E+00,0.000000E+00,0.000000E+00,0.000000E+00,0.000000E+00,2.110805E+01,7.994409E+01,2.388803E+01,5.787145E+01
11:34:00,8.010554E+03,1.728673E+03,5.577586E-01,1.526682E-01,0.000000E+00,0.000000E+00,0.000000E+00,0.000000E+00,0.000000E+00,0.000000E+00,0.000000E+00,0.000000E+00,2.110805E+01,7.994409E+01,2.388803E+01,5.785009E+01
11:35:00,8.010554E+03,1.732346E+03,5.577586E-01,1.529926E-01,0.000000E+00,0.000000E+00,0.000000E+00,0.000000E+00,0.000000E+00,0.000000E+00,0.000000E+00,0.000000E+00,2.110805E+01,7.994409E+01,2.388803E+01,5.782887E+01
11:36:00,8.010554E+03,1.736002E+03,5.577586E-01,1.533155E-01,0.000000E+00,0.000000E+00,0.000000E+00,0.000000E+00,0.000000E+00,0.000000E+00,0.000000E+00,0.000000E+00,2.110805E+01,7.994409E+01,2.388803E+01,5.780779E+01
11:37:00,8.010554E+03,1.739641E+03,5.577586E-01,1.536369E-01,0.000000E+00,0.000000E+00,0.000000E+00,0.000000E+00,0.000000E+00,0.000000E+00,0.000000E+00,0.000000E+00,2.110805E+01,7.994409E+01,2.388803E+01,5.778684E+01
11:38:00,8.010554E+03,1.743263E+03,5.577586E-01,1.539568E-01,0.000000E+00,0.000000E+00,0.000000E+00,0.000000E+00,0.000000E+00,0.000000E+00,0.000000E+00,0.000000E+00,2.110805E+01,7.994409E+01,2.388803E+01,5.776601E+01
11:39:00,8.010554E+03,1.746868E+03,5.577586E-01,1.542752E-01,0.000000E+00,0.000000E+00,0.000000E+00,0.000000E+00,0.000000E+00,0.000000E+00,0.000000E+00,0.000000E+00,2.110805E+01,7.994409E+01,2.388803E+01,5.774531E+01
11:40:00,8.010554E+03,1.750456E+03,5.577586E-01,1.545921E-01,0.000000E+00,0.000000E+00,0.000000E+00,0.000000E+00,0.000000E+00,0.000000E+00,0.000000E+00,0.000000E+00,2.110805E+01,7.994409E+01,2.388803E+01,5.772472E+01
11:41:00,8.010554E+03,1.754027E+03,5.577586E-01,1.549075E-01,0.000000E+00,0.000000E+00,0.000000E+00,0.000000E+00,0.000000E+00,0.000000E+00,0.000000E+00,0.000000E+00,2.110805E+01,7.994409E+01,2.388803E+01,5.770425E+01
11:42:00,8.010554E+03,1.757581E+03,5.577586E-01,1.552213E-01,0.000000E+00,0.000000E+00,0.000000E+00,0.000000E+00,0.000000E+00,0.000000E+00,0.000000E+00,0.000000E+00,2.110805E+01,7.994409E+01,2.388802E+01,5.768389E+01
11:43:00,8.010554E+03,1.761118E+03,5.577586E-01,1.555337E-01,0.000000E+00,0.000000E+00,0.000000E+00,0.000000E+00,0.000000E+00,0.000000E+00,0.000000E+00,0.000000E+00,2.110805E+01,7.994409E+01,2.388802E+01,5.766363E+01
11:44:00,8.010554E+03,1.764638E+03,5.577586E-01,1.558446E-01,0.000000E+00,0.000000E+00,0.000000E+00,0.000000E+00,0.000000E+00,0.000000E+00,0.000000E+00,0.000000E+00,2.110805E+01,7.994409E+01,2.388802E+01,5.764348E+01
11:45:00,8.010554E+03,1.768142E+03,5.577586E-01,1.561540E-01,0.000000E+00,0.000000E+00,0.000000E+00,0.000000E+00,0.000000E+00,0.000000E+00,0.000000E+00,0.000000E+00,2.110805E+01,7.994409E+01,2.388802E+01,5.762343E+01
11:46:00,8.010554E+03,1.771628E+03,5.577586E-01,1.564619E-01,0.000000E+00,0.000000E+00,0.000000E+00,0.000000E+00,0.000000E+00,0.000000E+00,0.000000E+00,0.000000E+00,2.110805E+01,7.994409E+01,2.388802E+01,5.760349E+01
11:47:00,8.010554E+03,1.775098E+03,5.577586E-01,1.567683E-01,0.000000E+00,0.000000E+00,0.000000E+00,0.000000E+00,0.000000E+00,0.000000E+00,0.000000E+00,0.000000E+00,2.110805E+01,7.994409E+01,2.388802E+01,5.758364E+01
11:48:00,8.010554E+03,1.778550E+03,5.577586E-01,1.570733E-01,0.000000E+00,0.000000E+00,0.000000E+00,0.000000E+00,0.000000E+00,0.000000E+00,0.000000E+00,0.000000E+00,2.110805E+01,7.994409E+01,2.388802E+01,5.756388E+01
11:49:00,8.010554E+03,1.781986E+03,5.577586E-01,1.573767E-01,0.000000E+00,0.000000E+00,0.000000E+00,0.000000E+00,0.000000E+00,0.000000E+00,0.000000E+00,0.000000E+00,2.110805E+01,7.994409E+01,2.388802E+01,5.754422E+01
11:50:00,8.010554E+03,1.785405E+03,5.577586E-01,1.576787E-01,0.000000E+00,0.000000E+00,0.000000E+00,0.000000E+00,0.000000E+00,0.000000E+00,0.000000E+00,0.000000E+00,2.110805E+01,7.994409E+01,2.388802E+01,5.752465E+01
11:51:00,8.010554E+03,1.788807E+03,5.577586E-01,1.579791E-01,0.000000E+00,0.000000E+00,0.000000E+00,0.000000E+00,0.000000E+00,0.000000E+00,0.000000E+00,0.000000E+00,2.110805E+01,7.994409E+01,2.388802E+01,5.750517E+01
11:52:00,8.010554E+03,1.792192E+03,5.577586E-01,1.582781E-01,0.000000E+00,0.000000E+00,0.000000E+00,0.000000E+00,0.000000E+00,0.000000E+00,0.000000E+00,0.000000E+00,2.110805E+01,7.994409E+01,2.388802E+01,5.748577E+01
11:53:00,8.010554E+03,1.795560E+03,5.577586E-01,1.585755E-01,0.000000E+00,0.000000E+00,0.000000E+00,0.000000E+00,0.000000E+00,0.000000E+00,0.000000E+00,0.000000E+00,2.110805E+01,7.994409E+01,2.388802E+01,5.746647E+01
11:54:00,8.010554E+03,1.798911E+03,5.577586E-01,1.588715E-01,0.000000E+00,0.000000E+00,0.000000E+00,0.000000E+00,0.000000E+00,0.000000E+00,0.000000E+00,0.000000E+00,2.110805E+01,7.994409E+01,2.388802E+01,5.744724E+01
11:55:00,8.010554E+03,1.802246E+03,5.577586E-01,1.591660E-01,0.000000E+00,0.000000E+00,0.000000E+00,0.000000E+00,0.000000E+00,0.000000E+00,0.000000E+00,0.000000E+00,2.110805E+01,7.994409E+01,2.388802E+01,5.742810E+01
11:56:00,8.010554E+03,1.805563E+03,5.577586E-01,1.594590E-01,0.000000E+00,0.000000E+00,0.000000E+00,0.000000E+00,0.000000E+00,0.000000E+00,0.000000E+00,0.000000E+00,2.110805E+01,7.994409E+01,2.388802E+01,5.740904E+01
11:57:00,8.010554E+03,1.808863E+03,5.577586E-01,1.597504E-01,0.000000E+00,0.000000E+00,0.000000E+00,0.000000E+00,0.000000E+00,0.000000E+00,0.000000E+00,0.000000E+00,2.110805E+01,7.994409E+01,2.388802E+01,5.739006E+01
11:58:00,8.010554E+03,1.812146E+03,5.577586E-01,1.600404E-01,0.000000E+00,0.000000E+00,0.000000E+00,0.000000E+00,0.000000E+00,0.000000E+00,0.000000E+00,0.000000E+00,2.110805E+01,7.994409E+01,2.388802E+01,5.737115E+01
11:59:00,8.010554E+03,1.815412E+03,5.577586E-01,1.603288E-01,0.000000E+00,0.000000E+00,0.000000E+00,0.000000E+00,0.000000E+00,0.000000E+00,0.000000E+00,0.000000E+00,2.110805E+01,7.994409E+01,2.388802E+01,5.735233E+01
12:00:00,8.010554E+03,1.818662E+03,5.577586E-01,1.606158E-01,0.000000E+00,0.000000E+00,0.000000E+00,0.000000E+00,0.000000E+00,0.000000E+00,0.000000E+00,0.000000E+00,2.110805E+01,7.994409E+01,2.388802E+01,5.733358E+01
12:01:00,8.010554E+03,1.821902E+03,5.577586E-01,1.609020E-01,0.000000E+00,0.000000E+00,0.000000E+00,0.000000E+00,0.000000E+00,0.000000E+00,0.000000E+00,0.000000E+00,2.110805E+01,7.994409E+01,2.388802E+01,5.731490E+01
12:02:00,8.010554E+03,1.825134E+03,5.577586E-01,1.611874E-01,0.000000E+00,0.000000E+00,0.000000E+00,0.000000E+00,0.000000E+00,0.000000E+00,0.000000E+00,0.000000E+00,2.110805E+01,7.994409E+01,2.388802E+01,5.729634E+01
12:03:00,8.010554E+03,1.828357E+03,5.577586E-01,1.614720E-01,0.000000E+00,0.000000E+00,0.000000E+00,0.000000E+00,0.000000E+00,0.000000E+00,0.000000E+00,0.000000E+00,2.110805E+01,7.994409E+01,2.388802E+01,5.727792E+01
12:04:00,8.010554E+03,1.831571E+03,5.577586E-01,1.617559E-01,0.000000E+00,0.000000E+00,0.000000E+00,0.000000E+00,0.000000E+00,0.000000E+00,0.000000E+00,0.000000E+00,2.110805E+01,7.994409E+01,2.388802E+01,5.725964E+01
12:05:00,8.010554E+03,1.834776E+03,5.577586E-01,1.620389E-01,0.000000E+00,0.000000E+00,0.000000E+00,0.000000E+00,0.000000E+00,0.000000E+00,0.000000E+00,0.000000E+00,2.110805E+01,7.994409E+01,2.388802E+01,5.724150E+01
12:06:00,8.010554E+03,1.837972E+03,5.577586E-01,1.623212E-01,0.000000E+00,0.000000E+00,0.000000E+00,0.000000E+00,0.000000E+00,0.000000E+00,0.000000E+00,0.000000E+00,2.110805E+01,7.994409E+01,2.388802E+01,5.722350E+01
12:07:00,8.010554E+03,1.841159E+03,5.577586E-01,1.626027E-01,0.000000E+00,0.000000E+00,0.000000E+00,0.000000E+00,0.000000E+00,0.000000E+00,0.000000E+00,0.000000E+00,2.110805E+01,7.994409E+01,2.388801E+01,5.720563E+01
12:08:00,8.010554E+03,1.844338E+03,5.577586E-01,1.628834E-01,0.000000E+00,0.000000E+00,0.000000E+00,0.000000E+00,0.000000E+00,0.000000E+00,0.000000E+00,0.000000E+00,2.110805E+01,7.994409E+01,2.388801E+01,5.718788E+01
12:09:00,8.010554E+03,1.847507E+03,5.577586E-01,1.631633E-01,0.000000E+00,0.000000E+00,0.000000E+00,0.000000E+00,0.000000E+00,0.000000E+00,0.000000E+00,0.000000E+00,2.110805E+01,7.994409E+01,2.388801E+01,5.717026E+01
12:10:00,8.010554E+03,1.850667E+03,5.577586E-01,1.634424E-01,0.000000E+00,0.000000E+00,0.000000E+00,0.000000E+00,0.000000E+00,0.000000E+00,0.000000E+00,0.000000E+00,2.110805E+01,7.994409E+01,2.388801E+01,5.715275E+01
12:11:00,8.010554E+03,1.853818E+03,5.577586E-01,1.637207E-01,0.000000E+00,0.000000E+00,0.000000E+00,0.000000E+00,0.000000E+00,0.000000E+00,0.000000E+00,0.000000E+00,2.110805E+01,7.994409E+01,2.388801E+01,5.713537E+01
12:12:00,8.010554E+03,1.856960E+03,5.577586E-01,1.639982E-01,0.000000E+00,0.000000E+00,0.000000E+00,0.000000E+00,0.000000E+00,0.000000E+00,0.000000E+00,0.000000E+00,2.110805E+01,7.994409E+01,2.388801E+01,5.711810E+01
12:13:00,8.010554E+03,1.860093E+03,5.577586E-01,1.642749E-01,0.000000E+00,0.000000E+00,0.000000E+00,0.000000E+00,0.000000E+00,0.000000E+00,0.000000E+00,0.000000E+00,2.110805E+01,7.994409E+01,2.388801E+01,5.710093E+01
12:14:00,8.010554E+03,1.863217E+03,5.577586E-01,1.645508E-01,0.000000E+00,0.000000E+00,0.000000E+00,0.000000E+00,0.000000E+00,0.000000E+00,0.000000E+00,0.000000E+00,2.110805E+01,7.994409E+01,2.388801E+01,5.708388E+01
12:15:00,8.010554E+03,1.866331E+03,5.577586E-01,1.648258E-01,0.000000E+00,0.000000E+00,0.000000E+00,0.000000E+00,0.000000E+00,0.000000E+00,0.000000E+00,0.000000E+00,2.110805E+01,7.994409E+01,2.388801E+01,5.706693E+01
12:16:00,8.010554E+03,1.869436E+03,5.577586E-01,1.651001E-01,0.000000E+00,0.000000E+00,0.000000E+00,0.000000E+00,0.000000E+00,0.000000E+00,0.000000E+00,0.000000E+00,2.110805E+01,7.994409E+01,2.388801E+01,5.705009E+01
12:17:00,8.010554E+03,1.872532E+03,5.577586E-01,1.653735E-01,0.000000E+00,0.000000E+00,0.000000E+00,0.000000E+00,0.000000E+00,0.000000E+00,0.000000E+00,0.000000E+00,2.110805E+01,7.994409E+01,2.388801E+01,5.703335E+01
12:18:00,8.010554E+03,1.875619E+03,5.577586E-01,1.656461E-01,0.000000E+00,0.000000E+00,0.000000E+00,0.000000E+00,0.000000E+00,0.000000E+00,0.000000E+00,0.000000E+00,2.110805E+01,7.994409E+01,2.388801E+01,5.701670E+01
12:19:00,8.010554E+03,1.878696E+03,5.577586E-01,1.659179E-01,0.000000E+00,0.000000E+00,0.000000E+00,0.000000E+00,0.000000E+00,0.000000E+00,0.000000E+00,0.000000E+00,2.110805E+01,7.994409E+01,2.388801E+01,5.700015E+01
12:20:00,8.010554E+03,1.881764E+03,5.577586E-01,1.661888E-01,0.000000E+00,0.000000E+00,0.000000E+00,0.000000E+00,0.000000E+00,0.000000E+00,0.000000E+00,0.000000E+00,2.110805E+01,7.994409E+01,2.388801E+01,5.698369E+01
12:21:00,8.010554E+03,1.884822E+03,5.577586E-01,1.664589E-01,0.000000E+00,0.000000E+00,0.000000E+00,0.000000E+00,0.000000E+00,0.000000E+00,0.000000E+00,0.000000E+00,2.110805E+01,7.994409E+01,2.388801E+01,5.696732E+01
12:22:00,8.010554E+03,1.887871E+03,5.577586E-01,1.667282E-01,0.000000E+00,0.000000E+00,0.000000E+00,0.000000E+00,0.000000E+00,0.000000E+00,0.000000E+00,0.000000E+00,2.110805E+01,7.994409E+01,2.388801E+01,5.695104E+01
12:23:00,8.010554E+03,1.890911E+03,5.577586E-01,1.669966E-01,0.000000E+00,0.000000E+00,0.000000E+00,0.000000E+00,0.000000E+00,0.000000E+00,0.000000E+00,0.000000E+00,2.110805E+01,7.994409E+01,2.388801E+01,5.693485E+01
12:24:00,8.010554E+03,1.893940E+03,5.577586E-01,1.672642E-01,0.000000E+00,0.000000E+00,0.000000E+00,0.000000E+00,0.000000E+00,0.000000E+00,0.000000E+00,0.000000E+00,2.110805E+01,7.994409E+01,2.388801E+01,5.691874E+01
12:25:00,8.010554E+03,1.896960E+03,5.577586E-01,1.675309E-01,0.000000E+00,0.000000E+00,0.000000E+00,0.000000E+00,0.000000E+00,0.000000E+00,0.000000E+00,0.000000E+00,2.110805E+01,7.994409E+01,2.388801E+01,5.690271E+01
12:26:00,8.010554E+03,1.899986E+03,5.577586E-01,1.677982E-01,0.000000E+00,0.000000E+00,0.000000E+00,0.000000E+00,0.000000E+00,0.000000E+00,0.000000E+00,0.000000E+00,2.110805E+01,7.994409E+01,2.388801E+01,5.688677E+01
12:27:00,8.010554E+03,1.903011E+03,5.577586E-01,1.680653E-01,0.000000E+00,0.000000E+00,0.000000E+00,0.000000E+00,0.000000E+00,0.000000E+00,0.000000E+00,0.000000E+00,2.110805E+01,7.994409E+01,2.388801E+01,5.687090E+01
12:28:00,8.010554E+03,1.906028E+03,5.577586E-01,1.683318E-01,0.000000E+00,0.000000E+00,0.000000E+00,0.000000E+00,0.000000E+00,0.000000E+00,0.000000E+00,0.000000E+00,2.110805E+01,7.994409E+01,2.388801E+01,5.685511E+01
12:29:00,8.010554E+03,1.909056E+03,5.577586E-01,1.685992E-01,0.000000E+00,0.000000E+00,0.000000E+00,0.000000E+00,0.000000E+00,0.000000E+00,0.000000E+00,0.000000E+00,2.110805E+01,7.994409E+01,2.388801E+01,5.683940E+01
12:30:00,8.010554E+03,1.912089E+03,5.577586E-01,1.688671E-01,0.000000E+00,0.000000E+00,0.000000E+00,0.000000E+00,0.000000E+00,0.000000E+00,0.000000E+00,0.000000E+00,2.110805E+01,7.994409E+01,2.388801E+01,5.682365E+01
12:31:00,8.010554E+03,1.915122E+03,5.577586E-01,1.691349E-01,0.000000E+00,0.000000E+00,0.000000E+00,0.000000E+00,0.000000E+00,0.000000E+00,0.000000E+00,0.000000E+00,2.110805E+01,7.994409E+01,2.388801E+01,5.680783E+01
12:32:00,8.010554E+03,1.918152E+03,5.577586E-01,1.694025E-01,0.000000E+00,0.000000E+00,0.000000E+00,0.000000E+00,0.000000E+00,0.000000E+00,0.000000E+00,0.000000E+00,2.110805E+01,7.994409E+01,2.388801E+01,5.679198E+01
12:33:00,8.010554E+03,1.921180E+03,5.577586E-01,1.696699E-01,0.000000E+00,0.000000E+00,0.000000E+00,0.000000E+00,0.000000E+00,0.000000E+00,0.000000E+00,0.000000E+00,2.110805E+01,7.994409E+01,2.388801E+01,5.677614E+01
12:34:00,8.010554E+03,1.924205E+03,5.577586E-01,1.699371E-01,0.000000E+00,0.000000E+00,0.000000E+00,0.000000E+00,0.000000E+00,0.000000E+00,0.000000E+00,0.000000E+00,2.110805E+01,7.994409E+01,2.388800E+01,5.676032E+01
12:35:00,8.010554E+03,1.927228E+03,5.577586E-01,1.702041E-01,0.000000E+00,0.000000E+00,0.000000E+00,0.000000E+00,0.000000E+00,0.000000E+00,0.000000E+00,0.000000E+00,2.110805E+01,7.994409E+01,2.388800E+01,5.674454E+01
12:36:00,8.010554E+03,1.930247E+03,5.577586E-01,1.704707E-01,0.000000E+00,0.000000E+00,0.000000E+00,0.000000E+00,0.000000E+00,0.000000E+00,0.000000E+00,0.000000E+00,2.110805E+01,7.994409E+01,2.388800E+01,5.672880E+01
12:37:00,8.010554E+03,1.933263E+03,5.577586E-01,1.707371E-01,0.000000E+00,0.000000E+00,0.000000E+00,0.000000E+00,0.000000E+00,0.000000E+00,0.000000E+00,0.000000E+00,2.110805E+01,7.994409E+01,2.388800E+01,5.671308E+01
12:38:00,8.010554E+03,1.936276E+03,5.577586E-01,1.710032E-01,0.000000E+00,0.000000E+00,0.000000E+00,0.000000E+00,0.000000E+00,0.000000E+00,0.000000E+00,0.000000E+00,2.110805E+01,7.994409E+01,2.388800E+01,5.669741E+01
12:39:00,8.010554E+03,1.939286E+03,5.577586E-01,1.712690E-01,0.000000E+00,0.000000E+00,0.000000E+00,0.000000E+00,0.000000E+00,0.000000E+00,0.000000E+00,0.000000E+00,2.110805E+01,7.994409E+01,2.388800E+01,5.668176E+01
12:40:00,8.010554E+03,1.942292E+03,5.577586E-01,1.715345E-01,0.000000E+00,0.000000E+00,0.000000E+00,0.000000E+00,0.000000E+00,0.000000E+00,0.000000E+00,0.000000E+00,2.110805E+01,7.994409E+01,2.388800E+01,5.666616E+01
12:41:00,8.010554E+03,1.945294E+03,5.577586E-01,1.717996E-01,0.000000E+00,0.000000E+00,0.000000E+00,0.000000E+00,0.000000E+00,0.000000E+00,0.000000E+00,0.000000E+00,2.110805E+01,7.994409E+01,2.388800E+01,5.665059E+01
12:42:00,8.010554E+03,1.948293E+03,5.577586E-01,1.720645E-01,0.000000E+00,0.000000E+00,0.000000E+00,0.000000E+00,0.000000E+00,0.000000E+00,0.000000E+00,0.000000E+00,2.110805E+01,7.994409E+01,2.388800E+01,5.663506E+01
12:43:00,8.010554E+03,1.951288E+03,5.577586E-01,1.723290E-01,0.000000E+00,0.000000E+00,0.000000E+00,0.000000E+00,0.000000E+00,0.000000E+00,0.000000E+00,0.000000E+00,2.110805E+01,7.994409E+01,2.388800E+01,5.661957E+01
12:44:00,8.010554E+03,1.954279E+03,5.577586E-01,1.725931E-01,0.000000E+00,0.000000E+00,0.000000E+00,0.000000E+00,0.000000E+00,0.000000E+00,0.000000E+00,0.000000E+00,2.110805E+01,7.994409E+01,2.388800E+01,5.660412E+01
12:45:00,8.010554E+03,1.957266E+03,5.577586E-01,1.728570E-01,0.000000E+00,0.000000E+00,0.000000E+00,0.000000E+00,0.000000E+00,0.000000E+00,0.000000E+00,0.000000E+00,2.110805E+01,7.994409E+01,2.388800E+01,5.658870E+01
12:46:00,8.010554E+03,1.960249E+03,5.577586E-01,1.731205E-01,0.000000E+00,0.000000E+00,0.000000E+00,0.000000E+00,0.000000E+00,0.000000E+00,0.000000E+00,0.000000E+00,2.110805E+01,7.994409E+01,2.388800E+01,5.657332E+01
12:47:00,8.010554E+03,1.963229E+03,5.577586E-01,1.733836E-01,0.000000E+00,0.000000E+00,0.000000E+00,0.000000E+00,0.000000E+00,0.000000E+00,0.000000E+00,0.000000E+00,2.110805E+01,7.994409E+01,2.388800E+01,5.655799E+01
12:48:00,8.010554E+03,1.966205E+03,5.577586E-01,1.736464E-01,0.000000E+00,0.000000E+00,0.000000E+00,0.000000E+00,0.000000E+00,0.000000E+00,0.000000E+00,0.000000E+00,2.110805E+01,7.994409E+01,2.388800E+01,5.654269E+01
12:49:00,8.010554E+03,1.969176E+03,5.577586E-01,1.739089E-01,0.000000E+00,0.000000E+00,0.000000E+00,0.000000E+00,0.000000E+00,0.000000E+00,0.000000E+00,0.000000E+00,2.110805E+01,7.994409E+01,2.388800E+01,5.652743E+01
12:50:00,8.010554E+03,1.972144E+03,5.577586E-01,1.741710E-01,0.000000E+00,0.000000E+00,0.000000E+00,0.000000E+00,0.000000E+00,0.000000E+00,0.000000E+00,0.000000E+00,2.110805E+01,7.994409E+01,2.388800E+01,5.651221E+01
12:51:00,8.010554E+03,1.975108E+03,5.577586E-01,1.744327E-01,0.000000E+00,0.000000E+00,0.000000E+00,0.000000E+00,0.000000E+00,0.000000E+00,0.000000E+00,0.000000E+00,2.110805E+01,7.994409E+01,2.388800E+01,5.649702E+01
12:52:00,8.010554E+03,1.978068E+03,5.577586E-01,1.746941E-01,0.000000E+00,0.000000E+00,0.000000E+00,0.000000E+00,0.000000E+00,0.000000E+00,0.000000E+00,0.000000E+00,2.110805E+01,7.994409E+01,2.388800E+01,5.648188E+01
12:53:00,8.010554E+03,1.981024E+03,5.577586E-01,1.749552E-01,0.000000E+00,0.000000E+00,0.000000E+00,0.000000E+00,0.000000E+00,0.000000E+00,0.000000E+00,0.000000E+00,2.110805E+01,7.994409E+01,2.388800E+01,5.646677E+01
12:54:00,8.010554E+03,1.983975E+03,5.577586E-01,1.752159E-01,0.000000E+00,0.000000E+00,0.000000E+00,0.000000E+00,0.000000E+00,0.000000E+00,0.000000E+00,0.000000E+00,2.110805E+01,7.994409E+01,2.388800E+01,5.645170E+01
12:55:00,8.010554E+03,1.986923E+03,5.577586E-01,1.754762E-01,0.000000E+00,0.000000E+00,0.000000E+00,0.000000E+00,0.000000E+00,0.000000E+00,0.000000E+00,0.000000E+00,2.110805E+01,7.994409E+01,2.388800E+01,5.643667E+01
12:56:00,8.010554E+03,1.989867E+03,5.577586E-01,1.757362E-01,0.000000E+00,0.000000E+00,0.000000E+00,0.000000E+00,0.000000E+00,0.000000E+00,0.000000E+00,0.000000E+00,2.110805E+01,7.994409E+01,2.388800E+01,5.642168E+01
12:57:00,8.010554E+03,1.992806E+03,5.577586E-01,1.759958E-01,0.000000E+00,0.000000E+00,0.000000E+00,0.000000E+00,0.000000E+00,0.000000E+00,0.000000E+00,0.000000E+00,2.110805E+01,7.994409E+01,2.388800E+01,5.640673E+01
12:58:00,8.010554E+03,1.995742E+03,5.577586E-01,1.762551E-01,0.000000E+00,0.000000E+00,0.000000E+00,0.000000E+00,0.000000E+00,0.000000E+00,0.000000E+00,0.000000E+00,2.110805E+01,7.994409E+01,2.388799E+01,5.639181E+01
12:59:00,8.010554E+03,1.998673E+03,5.577586E-01,1.765140E-01,0.000000E+00,0.000000E+00,0.000000E+00,0.000000E+00,0.000000E+00,0.000000E+00,0.000000E+00,0.000000E+00,2.110805E+01,7.994409E+01,2.388799E+01,5.637694E+01
13:00:00,8.010554E+03,2.001600E+03,5.577586E-01,1.767725E-01,0.000000E+00,0.000000E+00,0.000000E+00,0.000000E+00,0.000000E+00,0.000000E+00,0.000000E+00,0.000000E+00,2.110805E+01,7.994409E+01,2.388799E+01,5.636210E+01
13:01:00,8.010554E+03,2.004521E+03,5.577586E-01,1.770304E-01,0.000000E+00,0.000000E+00,0.000000E+00,0.000000E+00,0.000000E+00,0.000000E+00,0.000000E+00,0.000000E+00,2.110805E+01,7.994409E+01,2.388799E+01,5.634731E+01
13:02:00,8.010554E+03,2.007434E+03,5.577586E-01,1.772877E-01,0.000000E+00,0.000000E+00,0.000000E+00,0.000000E+00,0.000000E+00,0.000000E+00,0.000000E+00,0.000000E+00,2.110805E+01,7.994409E+01,2.388799E+01,5.633261E+01
13:03:00,8.010554E+03,2.010341E+03,5.577586E-01,1.775444E-01,0.000000E+00,0.000000E+00,0.000000E+00,0.000000E+00,0.000000E+00,0.000000E+00,0.000000E+00,0.000000E+00,2.110805E+01,7.994409E+01,2.388799E+01,5.631804E+01
13:04:00,8.010554E+03,2.013241E+03,5.577586E-01,1.778005E-01,0.000000E+00,0.000000E+00,0.000000E+00,0.000000E+00,0.000000E+00,0.000000E+00,0.000000E+00,0.000000E+00,2.110805E+01,7.994409E+01,2.388799E+01,5.630361E+01
13:05:00,8.010554E+03,2.016133E+03,5.577586E-01,1.780560E-01,0.000000E+00,0.000000E+00,0.000000E+00,0.000000E+00,0.000000E+00,0.000000E+00,0.000000E+00,0.000000E+00,2.110805E+01,7.994409E+01,2.388799E+01,5.628932E+01
13:06:00,8.010554E+03,2.019020E+03,5.577586E-01,1.783109E-01,0.000000E+00,0.000000E+00,0.000000E+00,0.000000E+00,0.000000E+00,0.000000E+00,0.000000E+00,0.000000E+00,2.110805E+01,7.994409E+01,2.388799E+01,5.627516E+01
13:07:00,8.010554E+03,2.021899E+03,5.577586E-01,1.785652E-01,0.000000E+00,0.000000E+00,0.000000E+00,0.000000E+00,0.000000E+00,0.000000E+00,0.000000E+00,0.000000E+00,2.110805E+01,7.994409E+01,2.388799E+01,5.626112E+01
13:08:00,8.010554E+03,2.024771E+03,5.577586E-01,1.788189E-01,0.000000E+00,0.000000E+00,0.000000E+00,0.000000E+00,0.000000E+00,0.000000E+00,0.000000E+00,0.000000E+00,2.110805E+01,7.994409E+01,2.388799E+01,5.624720E+01
13:09:00,8.010554E+03,2.027637E+03,5.577586E-01,1.790720E-01,0.000000E+00,0.000000E+00,0.000000E+00,0.000000E+00,0.000000E+00,0.000000E+00,0.000000E+00,0.000000E+00,2.110805E+01,7.994409E+01,2.388799E+01,5.623340E+01
13:10:00,8.010554E+03,2.030496E+03,5.577586E-01,1.793244E-01,0.000000E+00,0.000000E+00,0.000000E+00,0.000000E+00,0.000000E+00,0.000000E+00,0.000000E+00,0.000000E+00,2.110805E+01,7.994409E+01,2.388799E+01,5.621972E+01
13:11:00,8.010554E+03,2.033347E+03,5.577586E-01,1.795763E-01,0.000000E+00,0.000000E+00,0.000000E+00,0.000000E+00,0.000000E+00,0.000000E+00,0.000000E+00,0.000000E+00,2.110805E+01,7.994409E+01,2.388799E+01,5.620614E+01
13:12:00,8.010554E+03,2.036192E+03,5.577586E-01,1.798275E-01,0.000000E+00,0.000000E+00,0.000000E+00,0.000000E+00,0.000000E+00,0.000000E+00,0.000000E+00,0.000000E+00,2.110805E+01,7.994409E+01,2.388799E+01,5.619267E+01
13:13:00,8.010554E+03,2.039030E+03,5.577586E-01,1.800781E-01,0.000000E+00,0.000000E+00,0.000000E+00,0.000000E+00,0.000000E+00,0.000000E+00,0.000000E+00,0.000000E+00,2.110805E+01,7.994409E+01,2.388799E+01,5.617930E+01
13:14:00,8.010554E+03,2.041861E+03,5.577586E-01,1.803282E-01,0.000000E+00,0.000000E+00,0.000000E+00,0.000000E+00,0.000000E+00,0.000000E+00,0.000000E+00,0.000000E+00,2.110805E+01,7.994409E+01,2.388799E+01,5.616603E+01
13:15:00,8.010554E+03,2.044685E+03,5.577586E-01,1.805776E-01,0.000000E+00,0.000000E+00,0.000000E+00,0.000000E+00,0.000000E+00,0.000000E+00,0.000000E+00,0.000000E+00,2.110805E+01,7.994409E+01,2.388799E+01,5.615286E+01
13:16:00,8.010554E+03,2.047502E+03,5.577586E-01,1.808263E-01,0.000000E+00,0.000000E+00,0.000000E+00,0.000000E+00,0.000000E+00,0.000000E+00,0.000000E+00,0.000000E+00,2.110805E+01,7.994409E+01,2.388799E+01,5.613979E+01
13:17:00,8.010554E+03,2.050312E+03,5.577586E-01,1.810745E-01,0.000000E+00,0.000000E+00,0.000000E+00,0.000000E+00,0.000000E+00,0.000000E+00,0.000000E+00,0.000000E+00,2.110805E+01,7.994409E+01,2.388799E+01,5.612680E+01
13:18:00,8.010554E+03,2.053115E+03,5.577586E-01,1.813221E-01,0.000000E+00,0.000000E+00,0.000000E+00,0.000000E+00,0.000000E+00,0.000000E+00,0.000000E+00,0.000000E+00,2.110805E+01,7.994409E+01,2.388799E+01,5.611390E+01
13:19:00,8.010554E+03,2.055911E+03,5.577586E-01,1.815690E-01,0.000000E+00,0.000000E+00,0.000000E+00,0.000000E+00,0.000000E+00,0.000000E+00,0.000000E+00,0.000000E+00,2.110805E+01,7.994409E+01,2.388799E+01,5.610109E+01
13:20:00,8.010554E+03,2.058700E+03,5.577586E-01,1.818154E-01,0.000000E+00,0.000000E+00,0.000000E+00,0.000000E+00,0.000000E+00,0.000000E+00,0.000000E+00,0.000000E+00,2.110805E+01,7.994409E+01,2.388799E+01,5.608837E+01
13:21:00,8.010554E+03,2.061482E+03,5.577586E-01,1.820611E-01,0.000000E+00,0.000000E+00,0.000000E+00,0.000000E+00,0.000000E+00,0.000000E+00,0.000000E+00,0.000000E+00,2.110805E+01,7.994409E+01,2.388799E+01,5.607572E+01
13:22:00,8.010554E+03,2.064257E+03,5.577586E-01,1.823062E-01,0.000000E+00,0.000000E+00,0.000000E+00,0.000000E+00,0.000000E+00,0.000000E+00,0.000000E+00,0.000000E+00,2.110805E+01,7.994409E+01,2.388799E+01,5.606315E+01
13:23:00,8.010554E+03,2.067025E+03,5.577586E-01,1.825506E-01,0.000000E+00,0.000000E+00,0.000000E+00,0.000000E+00,0.000000E+00,0.000000E+00,0.000000E+00,0.000000E+00,2.110805E+01,7.994409E+01,2.388799E+01,5.605067E+01
13:24:00,8.010554E+03,2.069786E+03,5.577586E-01,1.827945E-01,0.000000E+00,0.000000E+00,0.000000E+00,0.000000E+00,0.000000E+00,0.000000E+00,0.000000E+00,0.000000E+00,2.110805E+01,7.994409E+01,2.388799E+01,5.603825E+01
13:25:00,8.010554E+03,2.072540E+03,5.577586E-01,1.830377E-01,0.000000E+00,0.000000E+00,0.000000E+00,0.000000E+00,0.000000E+00,0.000000E+00,0.000000E+00,0.000000E+00,2.110805E+01,7.994409E+01,2.388799E+01,5.602591E+01
13:26:00,8.010554E+03,2.075286E+03,5.577586E-01,1.832802E-01,0.000000E+00,0.000000E+00,0.000000E+00,0.000000E+00,0.000000E+00,0.000000E+00,0.000000E+00,0.000000E+00,2.110805E+01,7.994409E+01,2.388799E+01,5.601365E+01
13:27:00,8.010554E+03,2.078025E+03,5.577586E-01,1.835221E-01,0.000000E+00,0.000000E+00,0.000000E+00,0.000000E+00,0.000000E+00,0.000000E+00,0.000000E+00,0.000000E+00,2.110805E+01,7.994409E+01,2.388799E+01,5.600145E+01
13:28:00,8.010554E+03,2.080758E+03,5.577586E-01,1.837634E-01,0.000000E+00,0.000000E+00,0.000000E+00,0.000000E+00,0.000000E+00,0.000000E+00,0.000000E+00,0.000000E+00,2.110805E+01,7.994409E+01,2.388799E+01,5.598933E+01
13:29:00,8.010554E+03,2.083466E+03,5.577586E-01,1.840027E-01,0.000000E+00,0.000000E+00,0.000000E+00,0.000000E+00,0.000000E+00,0.000000E+00,0.000000E+00,0.000000E+00,2.110805E+01,7.994409E+01,2.388799E+01,5.597727E+01
13:30:00,8.010554E+03,2.086157E+03,5.577586E-01,1.842403E-01,0.000000E+00,0.000000E+00,0.000000E+00,0.000000E+00,0.000000E+00,0.000000E+00,0.000000E+00,0.000000E+00,2.110805E+01,7.994409E+01,2.388799E+01,5.596527E+01
13:31:00,8.010554E+03,2.088834E+03,5.577586E-01,1.844768E-01,0.000000E+00,0.000000E+00,0.000000E+00,0.000000E+00,0.000000E+00,0.000000E+00,0.000000E+00,0.000000E+00,2.110805E+01,7.994409E+01,2.388799E+01,5.595335E+01
13:32:00,8.010554E+03,2.091500E+03,5.577586E-01,1.847122E-01,0.000000E+00,0.000000E+00,0.000000E+00,0.000000E+00,0.000000E+00,0.000000E+00,0.000000E+00,0.000000E+00,2.110805E+01,7.994409E+01,2.388799E+01,5.594148E+01
13:33:00,8.010554E+03,2.094154E+03,5.577586E-01,1.849466E-01,0.000000E+00,0.000000E+00,0.000000E+00,0.000000E+00,0.000000E+00,0.000000E+00,0.000000E+00,0.000000E+00,2.110805E+01,7.994409E+01,2.388799E+01,5.592967E+01
13:34:00,8.010554E+03,2.096796E+03,5.577586E-01,1.851799E-01,0.000000E+00,0.000000E+00,0.000000E+00,0.000000E+00,0.000000E+00,0.000000E+00,0.000000E+00,0.000000E+00,2.110805E+01,7.994409E+01,2.388799E+01,5.591793E+01
13:35:00,8.010554E+03,2.099426E+03,5.577586E-01,1.854122E-01,0.000000E+00,0.000000E+00,0.000000E+00,0.000000E+00,0.000000E+00,0.000000E+00,0.000000E+00,0.000000E+00,2.110805E+01,7.994409E+01,2.388799E+01,5.590625E+01
13:36:00,8.010554E+03,2.102044E+03,5.577586E-01,1.856434E-01,0.000000E+00,0.000000E+00,0.000000E+00,0.000000E+00,0.000000E+00,0.000000E+00,0.000000E+00,0.000000E+00,2.110805E+01,7.994409E+01,2.388799E+01,5.589462E+01
13:37:00,8.010554E+03,2.104651E+03,5.577586E-01,1.858736E-01,0.000000E+00,0.000000E+00,0.000000E+00,0.000000E+00,0.000000E+00,0.000000E+00,0.000000E+00,0.000000E+00,2.110805E+01,7.994409E+01,2.388799E+01,5.588306E+01
13:38:00,8.010554E+03,2.107246E+03,5.577586E-01,1.861028E-01,0.000000E+00,0.000000E+00,0.000000E+00,0.000000E+00,0.000000E+00,0.000000E+00,0.000000E+00,0.000000E+00,2.110805E+01,7.994409E+01,2.388799E+01,5.587155E+01
13:39:00,8.010554E+03,2.109829E+03,5.577586E-01,1.863310E-01,0.000000E+00,0.000000E+00,0.000000E+00,0.000000E+00,0.000000E+00,0.000000E+00,0.000000E+00,0.000000E+00,2.110805E+01,7.994409E+01,2.388798E+01,5.586010E+01
13:40:00,8.010554E+03,2.112401E+03,5.577586E-01,1.865581E-01,0.000000E+00,0.000000E+00,0.000000E+00,0.000000E+00,0.000000E+00,0.000000E+00,0.000000E+00,0.000000E+00,2.110805E+01,7.994409E+01,2.388798E+01,5.584870E+01
13:41:00,8.010554E+03,2.114961E+03,5.577586E-01,1.867842E-01,0.000000E+00,0.000000E+00,0.000000E+00,0.000000E+00,0.000000E+00,0.000000E+00,0.000000E+00,0.000000E+00,2.110805E+01,7.994409E+01,2.388798E+01,5.583735E+01
13:42:00,8.010554E+03,2.117509E+03,5.577586E-01,1.870092E-01,0.000000E+00,0.000000E+00,0.000000E+00,0.000000E+00,0.000000E+00,0.000000E+00,0.000000E+00,0.000000E+00,2.110805E+01,7.994409E+01,2.388798E+01,5.582606E+01
13:43:00,8.010554E+03,2.120045E+03,5.577586E-01,1.872332E-01,0.000000E+00,0.000000E+00,0.000000E+00,0.000000E+00,0.000000E+00,0.000000E+00,0.000000E+00,0.000000E+00,2.110805E+01,7.994409E+01,2.388798E+01,5.581482E+01
13:44:00,8.010554E+03,2.122570E+03,5.577586E-01,1.874562E-01,0.000000E+00,0.000000E+00,0.000000E+00,0.000000E+00,0.000000E+00,0.000000E+00,0.000000E+00,0.000000E+00,2.110805E+01,7.994409E+01,2.388798E+01,5.580363E+01
13:45:00,8.010554E+03,2.125083E+03,5.577586E-01,1.876781E-01,0.000000E+00,0.000000E+00,0.000000E+00,0.000000E+00,0.000000E+00,0.000000E+00,0.000000E+00,0.000000E+00,2.110805E+01,7.994409E+01,2.388798E+01,5.579249E+01
13:46:00,8.010554E+03,2.127584E+03,5.577586E-01,1.878990E-01,0.000000E+00,0.000000E+00,0.000000E+00,0.000000E+00,0.000000E+00,0.000000E+00,0.000000E+00,0.000000E+00,2.110805E+01,7.994409E+01,2.388798E+01,5.578140E+01
13:47:00,8.010554E+03,2.130073E+03,5.577586E-01,1.881188E-01,0.000000E+00,0.000000E+00,0.000000E+00,0.000000E+00,0.000000E+00,0.000000E+00,0.000000E+00,0.000000E+00,2.110805E+01,7.994409E+01,2.388798E+01,5.577036E+01
13:48:00,8.010554E+03,2.132550E+03,5.577586E-01,1.883376E-01,0.000000E+00,0.000000E+00,0.000000E+00,0.000000E+00,0.000000E+00,0.000000E+00,0.000000E+00,0.000000E+00,2.110805E+01,7.994409E+01,2.388798E+01,5.575937E+01
13:49:00,8.010554E+03,2.135014E+03,5.577586E-01,1.885553E-01,0.000000E+00,0.000000E+00,0.000000E+00,0.000000E+00,0.000000E+00,0.000000E+00,0.000000E+00,0.000000E+00,2.110805E+01,7.994409E+01,2.388798E+01,5.574843E+01
13:50:00,8.010554E+03,2.137467E+03,5.577586E-01,1.887719E-01,0.000000E+00,0.000000E+00,0.000000E+00,0.000000E+00,0.000000E+00,0.000000E+00,0.000000E+00,0.000000E+00,2.110805E+01,7.994409E+01,2.388798E+01,5.573754E+01
13:51:00,8.010554E+03,2.139908E+03,5.577586E-01,1.889875E-01,0.000000E+00,0.000000E+00,0.000000E+00,0.000000E+00,0.000000E+00,0.000000E+00,0.000000E+00,0.000000E+00,2.110805E+01,7.994409E+01,2.388798E+01,5.572670E+01
13:52:00,8.010554E+03,2.142336E+03,5.577586E-01,1.892019E-01,0.000000E+00,0.000000E+00,0.000000E+00,0.000000E+00,0.000000E+00,0.000000E+00,0.000000E+00,0.000000E+00,2.110805E+01,7.994409E+01,2.388798E+01,5.571590E+01
13:53:00,8.010554E+03,2.144752E+03,5.577586E-01,1.894153E-01,0.000000E+00,0.000000E+00,0.000000E+00,0.000000E+00,0.000000E+00,0.000000E+00,0.000000E+00,0.000000E+00,2.110805E+01,7.994409E+01,2.388798E+01,5.570515E+01
13:54:00,8.010554E+03,2.147156E+03,5.577586E-01,1.896276E-01,0.000000E+00,0.000000E+00,0.000000E+00,0.000000E+00,0.000000E+00,0.000000E+00,0.000000E+00,0.000000E+00,2.110805E+01,7.994409E+01,2.388798E+01,5.569445E+01
13:55:00,8.010554E+03,2.149547E+03,5.577586E-01,1.898388E-01,0.000000E+00,0.000000E+00,0.000000E+00,0.000000E+00,0.000000E+00,0.000000E+00,0.000000E+00,0.000000E+00,2.110805E+01,7.994409E+01,2.388798E+01,5.568379E+01
13:56:00,8.010554E+03,2.151926E+03,5.577586E-01,1.900489E-01,0.000000E+00,0.000000E+00,0.000000E+00,0.000000E+00,0.000000E+00,0.000000E+00,0.000000E+00,0.000000E+00,2.110805E+01,7.994409E+01,2.388798E+01,5.567318E+01
13:57:00,8.010554E+03,2.154292E+03,5.577586E-01,1.902578E-01,0.000000E+00,0.000000E+00,0.000000E+00,0.000000E+00,0.000000E+00,0.000000E+00,0.000000E+00,0.000000E+00,2.110805E+01,7.994409E+01,2.388798E+01,5.566262E+01
13:58:00,8.010554E+03,2.156646E+03,5.577586E-01,1.904657E-01,0.000000E+00,0.000000E+00,0.000000E+00,0.000000E+00,0.000000E+00,0.000000E+00,0.000000E+00,0.000000E+00,2.110805E+01,7.994409E+01,2.388798E+01,5.565210E+01
13:59:00,8.010554E+03,2.158987E+03,5.577586E-01,1.906725E-01,0.000000E+00,0.000000E+00,0.000000E+00,0.000000E+00,0.000000E+00,0.000000E+00,0.000000E+00,0.000000E+00,2.110805E+01,7.994409E+01,2.388798E+01,5.564162E+01
14:00:00,8.010554E+03,2.161316E+03,5.577586E-01,1.908782E-01,0.000000E+00,0.000000E+00,0.000000E+00,0.000000E+00,0.000000E+00,0.000000E+00,0.000000E+00,0.000000E+00,2.110805E+01,7.994409E+01,2.388798E+01,5.563119E+01
14:01:00,8.010554E+03,2.163626E+03,5.577586E-01,1.910822E-01,0.000000E+00,0.000000E+00,0.000000E+00,0.000000E+00,0.000000E+00,0.000000E+00,0.000000E+00,0.000000E+00,2.110805E+01,7.994409E+01,2.388798E+01,5.562081E+01
14:02:00,8.010554E+03,2.165918E+03,5.577586E-01,1.912846E-01,0.000000E+00,0.000000E+00,0.000000E+00,0.000000E+00,0.000000E+00,0.000000E+00,0.000000E+00,0.000000E+00,2.110805E+01,7.994409E+01,2.388798E+01,5.561056E+01
14:03:00,8.010554E+03,2.168192E+03,5.577586E-01,1.914855E-01,0.000000E+00,0.000000E+00,0.000000E+00,0.000000E+00,0.000000E+00,0.000000E+00,0.000000E+00,0.000000E+00,2.110805E+01,7.994409E+01,2.388798E+01,5.560050E+01
14:04:00,8.010554E+03,2.170448E+03,5.577586E-01,1.916846E-01,0.000000E+00,0.000000E+00,0.000000E+00,0.000000E+00,0.000000E+00,0.000000E+00,0.000000E+00,0.000000E+00,2.110805E+01,7.994409E+01,2.388798E+01,5.559065E+01
14:05:00,8.010554E+03,2.172684E+03,5.577586E-01,1.918822E-01,0.000000E+00,0.000000E+00,0.000000E+00,0.000000E+00,0.000000E+00,0.000000E+00,0.000000E+00,0.000000E+00,2.110805E+01,7.994409E+01,2.388798E+01,5.558100E+01
14:06:00,8.010554E+03,2.174903E+03,5.577586E-01,1.920781E-01,0.000000E+00,0.000000E+00,0.000000E+00,0.000000E+00,0.000000E+00,0.000000E+00,0.000000E+00,0.000000E+00,2.110805E+01,7.994409E+01,2.388798E+01,5.557154E+01
14:07:00,8.010554E+03,2.177102E+03,5.577586E-01,1.922724E-01,0.000000E+00,0.000000E+00,0.000000E+00,0.000000E+00,0.000000E+00,0.000000E+00,0.000000E+00,0.000000E+00,2.110805E+01,7.994409E+01,2.388798E+01,5.556225E+01
14:08:00,8.010554E+03,2.179283E+03,5.577586E-01,1.924650E-01,0.000000E+00,0.000000E+00,0.000000E+00,0.000000E+00,0.000000E+00,0.000000E+00,0.000000E+00,0.000000E+00,2.110805E+01,7.994409E+01,2.388798E+01,5.555314E+01
14:09:00,8.010554E+03,2.181446E+03,5.577586E-01,1.926560E-01,0.000000E+00,0.000000E+00,0.000000E+00,0.000000E+00,0.000000E+00,0.000000E+00,0.000000E+00,0.000000E+00,2.110805E+01,7.994409E+01,2.388798E+01,5.554420E+01
14:10:00,8.010554E+03,2.183590E+03,5.577586E-01,1.928454E-01,0.000000E+00,0.000000E+00,0.000000E+00,0.000000E+00,0.000000E+00,0.000000E+00,0.000000E+00,0.000000E+00,2.110805E+01,7.994409E+01,2.388798E+01,5.553541E+01
14:11:00,8.010554E+03,2.185715E+03,5.577586E-01,1.930330E-01,0.000000E+00,0.000000E+00,0.000000E+00,0.000000E+00,0.000000E+00,0.000000E+00,0.000000E+00,0.000000E+00,2.110805E+01,7.994409E+01,2.388798E+01,5.552678E+01
14:12:00,8.010554E+03,2.187821E+03,5.577586E-01,1.932191E-01,0.000000E+00,0.000000E+00,0.000000E+00,0.000000E+00,0.000000E+00,0.000000E+00,0.000000E+00,0.000000E+00,2.110805E+01,7.994409E+01,2.388798E+01,5.551829E+01
14:13:00,8.010554E+03,2.189909E+03,5.577586E-01,1.934034E-01,0.000000E+00,0.000000E+00,0.000000E+00,0.000000E+00,0.000000E+00,0.000000E+00,0.000000E+00,0.000000E+00,2.110805E+01,7.994409E+01,2.388798E+01,5.550995E+01
14:14:00,8.010554E+03,2.191977E+03,5.577586E-01,1.935861E-01,0.000000E+00,0.000000E+00,0.000000E+00,0.000000E+00,0.000000E+00,0.000000E+00,0.000000E+00,0.000000E+00,2.110805E+01,7.994409E+01,2.388798E+01,5.550175E+01
14:15:00,8.010554E+03,2.194027E+03,5.577586E-01,1.937671E-01,0.000000E+00,0.000000E+00,0.000000E+00,0.000000E+00,0.000000E+00,0.000000E+00,0.000000E+00,0.000000E+00,2.110805E+01,7.994409E+01,2.388798E+01,5.549369E+01
14:16:00,8.010554E+03,2.196057E+03,5.577586E-01,1.939464E-01,0.000000E+00,0.000000E+00,0.000000E+00,0.000000E+00,0.000000E+00,0.000000E+00,0.000000E+00,0.000000E+00,2.110805E+01,7.994409E+01,2.388798E+01,5.548575E+01
14:17:00,8.010554E+03,2.198068E+03,5.577586E-01,1.941240E-01,0.000000E+00,0.000000E+00,0.000000E+00,0.000000E+00,0.000000E+00,0.000000E+00,0.000000E+00,0.000000E+00,2.110805E+01,7.994409E+01,2.388798E+01,5.547793E+01
14:18:00,8.010554E+03,2.200060E+03,5.577586E-01,1.942999E-01,0.000000E+00,0.000000E+00,0.000000E+00,0.000000E+00,0.000000E+00,0.000000E+00,0.000000E+00,0.000000E+00,2.110805E+01,7.994409E+01,2.388798E+01,5.547024E+01
14:19:00,8.010554E+03,2.202033E+03,5.577586E-01,1.944741E-01,0.000000E+00,0.000000E+00,0.000000E+00,0.000000E+00,0.000000E+00,0.000000E+00,0.000000E+00,0.000000E+00,2.110805E+01,7.994409E+01,2.388798E+01,5.546266E+01
14:20:00,8.010554E+03,2.203986E+03,5.577586E-01,1.946467E-01,0.000000E+00,0.000000E+00,0.000000E+00,0.000000E+00,0.000000E+00,0.000000E+00,0.000000E+00,0.000000E+00,2.110805E+01,7.994409E+01,2.388798E+01,5.545520E+01
14:21:00,8.010554E+03,2.205920E+03,5.577586E-01,1.948175E-01,0.000000E+00,0.000000E+00,0.000000E+00,0.000000E+00,0.000000E+00,0.000000E+00,0.000000E+00,0.000000E+00,2.110805E+01,7.994409E+01,2.388798E+01,5.544784E+01
14:22:00,8.010554E+03,2.207835E+03,5.577586E-01,1.949866E-01,0.000000E+00,0.000000E+00,0.000000E+00,0.000000E+00,0.000000E+00,0.000000E+00,0.000000E+00,0.000000E+00,2.110805E+01,7.994409E+01,2.388798E+01,5.544059E+01
14:23:00,8.010554E+03,2.209730E+03,5.577586E-01,1.951539E-01,0.000000E+00,0.000000E+00,0.000000E+00,0.000000E+00,0.000000E+00,0.000000E+00,0.000000E+00,0.000000E+00,2.110805E+01,7.994409E+01,2.388798E+01,5.543344E+01
14:24:00,8.010554E+03,2.211605E+03,5.577586E-01,1.953196E-01,0.000000E+00,0.000000E+00,0.000000E+00,0.000000E+00,0.000000E+00,0.000000E+00,0.000000E+00,0.000000E+00,2.110805E+01,7.994409E+01,2.388798E+01,5.542639E+01
14:25:00,8.010554E+03,2.213461E+03,5.577586E-01,1.954835E-01,0.000000E+00,0.000000E+00,0.000000E+00,0.000000E+00,0.000000E+00,0.000000E+00,0.000000E+00,0.000000E+00,2.110805E+01,7.994409E+01,2.388798E+01,5.541944E+01
14:26:00,8.010554E+03,2.215298E+03,5.577586E-01,1.956457E-01,0.000000E+00,0.000000E+00,0.000000E+00,0.000000E+00,0.000000E+00,0.000000E+00,0.000000E+00,0.000000E+00,2.110805E+01,7.994409E+01,2.388798E+01,5.541258E+01
14:27:00,8.010554E+03,2.217115E+03,5.577586E-01,1.958061E-01,0.000000E+00,0.000000E+00,0.000000E+00,0.000000E+00,0.000000E+00,0.000000E+00,0.000000E+00,0.000000E+00,2.110805E+01,7.994409E+01,2.388798E+01,5.540581E+01
14:28:00,8.010554E+03,2.218911E+03,5.577586E-01,1.959648E-01,0.000000E+00,0.000000E+00,0.000000E+00,0.000000E+00,0.000000E+00,0.000000E+00,0.000000E+00,0.000000E+00,2.110805E+01,7.994409E+01,2.388798E+01,5.539913E+01
14:29:00,8.010554E+03,2.220689E+03,5.577586E-01,1.961218E-01,0.000000E+00,0.000000E+00,0.000000E+00,0.000000E+00,0.000000E+00,0.000000E+00,0.000000E+00,0.000000E+00,2.110805E+01,7.994409E+01,2.388798E+01,5.539254E+01
14:30:00,8.010554E+03,2.222446E+03,5.577586E-01,1.962770E-01,0.000000E+00,0.000000E+00,0.000000E+00,0.000000E+00,0.000000E+00,0.000000E+00,0.000000E+00,0.000000E+00,2.110805E+01,7.994409E+01,2.388798E+01,5.538603E+01
14:31:00,8.010554E+03,2.224183E+03,5.577586E-01,1.964304E-01,0.000000E+00,0.000000E+00,0.000000E+00,0.000000E+00,0.000000E+00,0.000000E+00,0.000000E+00,0.000000E+00,2.110805E+01,7.994409E+01,2.388798E+01,5.537960E+01
14:32:00,8.010554E+03,2.225900E+03,5.577586E-01,1.965821E-01,0.000000E+00,0.000000E+00,0.000000E+00,0.000000E+00,0.000000E+00,0.000000E+00,0.000000E+00,0.000000E+00,2.110805E+01,7.994409E+01,2.388798E+01,5.537325E+01
14:33:00,8.010554E+03,2.227597E+03,5.577586E-01,1.967319E-01,0.000000E+00,0.000000E+00,0.000000E+00,0.000000E+00,0.000000E+00,0.000000E+00,0.000000E+00,0.000000E+00,2.110805E+01,7.994409E+01,2.388798E+01,5.536698E+01
14:34:00,8.010554E+03,2.229274E+03,5.577586E-01,1.968800E-01,0.000000E+00,0.000000E+00,0.000000E+00,0.000000E+00,0.000000E+00,0.000000E+00,0.000000E+00,0.000000E+00,2.110805E+01,7.994409E+01,2.388798E+01,5.536078E+01
14:35:00,8.010554E+03,2.230930E+03,5.577586E-01,1.970263E-01,0.000000E+00,0.000000E+00,0.000000E+00,0.000000E+00,0.000000E+00,0.000000E+00,0.000000E+00,0.000000E+00,2.110805E+01,7.994409E+01,2.388798E+01,5.535467E+01
14:36:00,8.010554E+03,2.232566E+03,5.577586E-01,1.971708E-01,0.000000E+00,0.000000E+00,0.000000E+00,0.000000E+00,0.000000E+00,0.000000E+00,0.000000E+00,0.000000E+00,2.110805E+01,7.994409E+01,2.388798E+01,5.534862E+01
14:37:00,8.010554E+03,2.234182E+03,5.577586E-01,1.973135E-01,0.000000E+00,0.000000E+00,0.000000E+00,0.000000E+00,0.000000E+00,0.000000E+00,0.000000E+00,0.000000E+00,2.110805E+01,7.994409E+01,2.388798E+01,5.534265E+01
14:38:00,8.010554E+03,2.235777E+03,5.577586E-01,1.974543E-01,0.000000E+00,0.000000E+00,0.000000E+00,0.000000E+00,0.000000E+00,0.000000E+00,0.000000E+00,0.000000E+00,2.110805E+01,7.994409E+01,2.388798E+01,5.533675E+01
14:39:00,8.010554E+03,2.237351E+03,5.577586E-01,1.975933E-01,0.000000E+00,0.000000E+00,0.000000E+00,0.000000E+00,0.000000E+00,0.000000E+00,0.000000E+00,0.000000E+00,2.110805E+01,7.994409E+01,2.388798E+01,5.533091E+01
14:40:00,8.010554E+03,2.238904E+03,5.577586E-01,1.977305E-01,0.000000E+00,0.000000E+00,0.000000E+00,0.000000E+00,0.000000E+00,0.000000E+00,0.000000E+00,0.000000E+00,2.110805E+01,7.994409E+01,2.388798E+01,5.532515E+01
14:41:00,8.010554E+03,2.240436E+03,5.577586E-01,1.978659E-01,0.000000E+00,0.000000E+00,0.000000E+00,0.000000E+00,0.000000E+00,0.000000E+00,0.000000E+00,0.000000E+00,2.110805E+01,7.994409E+01,2.388798E+01,5.531945E+01
14:42:00,8.010554E+03,2.241948E+03,5.577586E-01,1.979994E-01,0.000000E+00,0.000000E+00,0.000000E+00,0.000000E+00,0.000000E+00,0.000000E+00,0.000000E+00,0.000000E+00,2.110805E+01,7.994409E+01,2.388798E+01,5.531382E+01
14:43:00,8.010554E+03,2.243439E+03,5.577586E-01,1.981310E-01,0.000000E+00,0.000000E+00,0.000000E+00,0.000000E+00,0.000000E+00,0.000000E+00,0.000000E+00,0.000000E+00,2.110805E+01,7.994409E+01,2.388798E+01,5.530825E+01
14:44:00,8.010554E+03,2.244908E+03,5.577586E-01,1.982608E-01,0.000000E+00,0.000000E+00,0.000000E+00,0.000000E+00,0.000000E+00,0.000000E+00,0.000000E+00,0.000000E+00,2.110805E+01,7.994409E+01,2.388798E+01,5.530275E+01
14:45:00,8.010554E+03,2.246356E+03,5.577586E-01,1.983887E-01,0.000000E+00,0.000000E+00,0.000000E+00,0.000000E+00,0.000000E+00,0.000000E+00,0.000000E+00,0.000000E+00,2.110805E+01,7.994409E+01,2.388798E+01,5.529731E+01
14:46:00,8.010554E+03,2.247783E+03,5.577586E-01,1.985147E-01,0.000000E+00,0.000000E+00,0.000000E+00,0.000000E+00,0.000000E+00,0.000000E+00,0.000000E+00,0.000000E+00,2.110805E+01,7.994409E+01,2.388798E+01,5.529194E+01
14:47:00,8.010554E+03,2.249188E+03,5.577586E-01,1.986388E-01,0.000000E+00,0.000000E+00,0.000000E+00,0.000000E+00,0.000000E+00,0.000000E+00,0.000000E+00,0.000000E+00,2.110805E+01,7.994409E+01,2.388798E+01,5.528663E+01
14:48:00,8.010554E+03,2.250573E+03,5.577586E-01,1.987611E-01,0.000000E+00,0.000000E+00,0.000000E+00,0.000000E+00,0.000000E+00,0.000000E+00,0.000000E+00,0.000000E+00,2.110805E+01,7.994409E+01,2.388798E+01,5.528137E+01
14:49:00,8.010554E+03,2.251935E+03,5.577586E-01,1.988814E-01,0.000000E+00,0.000000E+00,0.000000E+00,0.000000E+00,0.000000E+00,0.000000E+00,0.000000E+00,0.000000E+00,2.110805E+01,7.994409E+01,2.388798E+01,5.527618E+01
14:50:00,8.010554E+03,2.253276E+03,5.577586E-01,1.989998E-01,0.000000E+00,0.000000E+00,0.000000E+00,0.000000E+00,0.000000E+00,0.000000E+00,0.000000E+00,0.000000E+00,2.110805E+01,7.994409E+01,2.388798E+01,5.527105E+01
14:51:00,8.010554E+03,2.254596E+03,5.577586E-01,1.991164E-01,0.000000E+00,0.000000E+00,0.000000E+00,0.000000E+00,0.000000E+00,0.000000E+00,0.000000E+00,0.000000E+00,2.110805E+01,7.994409E+01,2.388798E+01,5.526597E+01
14:52:00,8.010554E+03,2.255893E+03,5.577586E-01,1.992310E-01,0.000000E+00,0.000000E+00,0.000000E+00,0.000000E+00,0.000000E+00,0.000000E+00,0.000000E+00,0.000000E+00,2.110805E+01,7.994409E+01,2.388798E+01,5.526096E+01
14:53:00,8.010554E+03,2.257169E+03,5.577586E-01,1.993436E-01,0.000000E+00,0.000000E+00,0.000000E+00,0.000000E+00,0.000000E+00,0.000000E+00,0.000000E+00,0.000000E+00,2.110805E+01,7.994409E+01,2.388798E+01,5.525600E+01
14:54:00,8.010554E+03,2.258423E+03,5.577586E-01,1.994544E-01,0.000000E+00,0.000000E+00,0.000000E+00,0.000000E+00,0.000000E+00,0.000000E+00,0.000000E+00,0.000000E+00,2.110805E+01,7.994409E+01,2.388798E+01,5.525110E+01
14:55:00,8.010554E+03,2.259655E+03,5.577586E-01,1.995632E-01,0.000000E+00,0.000000E+00,0.000000E+00,0.000000E+00,0.000000E+00,0.000000E+00,0.000000E+00,0.000000E+00,2.110805E+01,7.994409E+01,2.388798E+01,5.524625E+01
14:56:00,8.010554E+03,2.260865E+03,5.577586E-01,1.996700E-01,0.000000E+00,0.000000E+00,0.000000E+00,0.000000E+00,0.000000E+00,0.000000E+00,0.000000E+00,0.000000E+00,2.110805E+01,7.994409E+01,2.388798E+01,5.524147E+01
14:57:00,8.010554E+03,2.262052E+03,5.577586E-01,1.997749E-01,0.000000E+00,0.000000E+00,0.000000E+00,0.000000E+00,0.000000E+00,0.000000E+00,0.000000E+00,0.000000E+00,2.110805E+01,7.994409E+01,2.388798E+01,5.523673E+01
14:58:00,8.010554E+03,2.263218E+03,5.577586E-01,1.998778E-01,0.000000E+00,0.000000E+00,0.000000E+00,0.000000E+00,0.000000E+00,0.000000E+00,0.000000E+00,0.000000E+00,2.110805E+01,7.994409E+01,2.388798E+01,5.523205E+01
14:59:00,8.010554E+03,2.264361E+03,5.577586E-01,1.999788E-01,0.000000E+00,0.000000E+00,0.000000E+00,0.000000E+00,0.000000E+00,0.000000E+00,0.000000E+00,0.000000E+00,2.110805E+01,7.994409E+01,2.388798E+01,5.522743E+01
15:00:00,8.010554E+03,2.265482E+03,5.577586E-01,2.000778E-01,0.000000E+00,0.000000E+00,0.000000E+00,0.000000E+00,0.000000E+00,0.000000E+00,0.000000E+00,0.000000E+00,2.110805E+01,7.994409E+01,2.388798E+01,5.522286E+01
15:01:00,8.010554E+03,2.266578E+03,5.577586E-01,2.001745E-01,0.000000E+00,0.000000E+00,0.000000E+00,0.000000E+00,0.000000E+00,0.000000E+00,0.000000E+00,0.000000E+00,2.110805E+01,7.994409E+01,2.388798E+01,5.521835E+01
15:02:00,8.010554E+03,2.267606E+03,5.577586E-01,2.002654E-01,0.000000E+00,0.000000E+00,0.000000E+00,0.000000E+00,0.000000E+00,0.000000E+00,0.000000E+00,0.000000E+00,2.110805E+01,7.994409E+01,2.388798E+01,5.521399E+01
15:03:00,8.010554E+03,2.268608E+03,5.577586E-01,2.003538E-01,0.000000E+00,0.000000E+00,0.000000E+00,0.000000E+00,0.000000E+00,0.000000E+00,0.000000E+00,0.000000E+00,2.110805E+01,7.994409E+01,2.388798E+01,5.521012E+01
15:04:00,8.010554E+03,2.269582E+03,5.577586E-01,2.004399E-01,0.000000E+00,0.000000E+00,0.000000E+00,0.000000E+00,0.000000E+00,0.000000E+00,0.000000E+00,0.000000E+00,2.110805E+01,7.994409E+01,2.388798E+01,5.520666E+01
15:05:00,8.010554E+03,2.270529E+03,5.577586E-01,2.005235E-01,0.000000E+00,0.000000E+00,0.000000E+00,0.000000E+00,0.000000E+00,0.000000E+00,0.000000E+00,0.000000E+00,2.110805E+01,7.994409E+01,2.388798E+01,5.520348E+01
15:06:00,8.010554E+03,2.271449E+03,5.577586E-01,2.006048E-01,0.000000E+00,0.000000E+00,0.000000E+00,0.000000E+00,0.000000E+00,0.000000E+00,0.000000E+00,0.000000E+00,2.110805E+01,7.994409E+01,2.388798E+01,5.520054E+01
15:07:00,8.010554E+03,2.272342E+03,5.577586E-01,2.006836E-01,0.000000E+00,0.000000E+00,0.000000E+00,0.000000E+00,0.000000E+00,0.000000E+00,0.000000E+00,0.000000E+00,2.110805E+01,7.994409E+01,2.388798E+01,5.519780E+01
15:08:00,8.010554E+03,2.273208E+03,5.577586E-01,2.007601E-01,0.000000E+00,0.000000E+00,0.000000E+00,0.000000E+00,0.000000E+00,0.000000E+00,0.000000E+00,0.000000E+00,2.110805E+01,7.994409E+01,2.388798E+01,5.519525E+01
15:09:00,8.010554E+03,2.274047E+03,5.577586E-01,2.008342E-01,0.000000E+00,0.000000E+00,0.000000E+00,0.000000E+00,0.000000E+00,0.000000E+00,0.000000E+00,0.000000E+00,2.110805E+01,7.994409E+01,2.388798E+01,5.519288E+01
15:10:00,8.010554E+03,2.274859E+03,5.577586E-01,2.009060E-01,0.000000E+00,0.000000E+00,0.000000E+00,0.000000E+00,0.000000E+00,0.000000E+00,0.000000E+00,0.000000E+00,2.110805E+01,7.994409E+01,2.388798E+01,5.519069E+01
15:11:00,8.010554E+03,2.275645E+03,5.577586E-01,2.009753E-01,0.000000E+00,0.000000E+00,0.000000E+00,0.000000E+00,0.000000E+00,0.000000E+00,0.000000E+00,0.000000E+00,2.110805E+01,7.994409E+01,2.388798E+01,5.518868E+01
15:12:00,8.010554E+03,2.276403E+03,5.577586E-01,2.010423E-01,0.000000E+00,0.000000E+00,0.000000E+00,0.000000E+00,0.000000E+00,0.000000E+00,0.000000E+00,0.000000E+00,2.110805E+01,7.994409E+01,2.388798E+01,5.518683E+01
15:13:00,8.010554E+03,2.277135E+03,5.577586E-01,2.011069E-01,0.000000E+00,0.000000E+00,0.000000E+00,0.000000E+00,0.000000E+00,0.000000E+00,0.000000E+00,0.000000E+00,2.110805E+01,7.994409E+01,2.388798E+01,5.518514E+01
15:14:00,8.010554E+03,2.277839E+03,5.577586E-01,2.011691E-01,0.000000E+00,0.000000E+00,0.000000E+00,0.000000E+00,0.000000E+00,0.000000E+00,0.000000E+00,0.000000E+00,2.110805E+01,7.994409E+01,2.388798E+01,5.518361E+01
15:15:00,8.010554E+03,2.278516E+03,5.577586E-01,2.012289E-01,0.000000E+00,0.000000E+00,0.000000E+00,0.000000E+00,0.000000E+00,0.000000E+00,0.000000E+00,0.000000E+00,2.110805E+01,7.994409E+01,2.388798E+01,5.518222E+01
15:16:00,8.010554E+03,2.279166E+03,5.577586E-01,2.012863E-01,0.000000E+00,0.000000E+00,0.000000E+00,0.000000E+00,0.000000E+00,0.000000E+00,0.000000E+00,0.000000E+00,2.110805E+01,7.994409E+01,2.388798E+01,5.518098E+01
15:17:00,8.010554E+03,2.279788E+03,5.577586E-01,2.013413E-01,0.000000E+00,0.000000E+00,0.000000E+00,0.000000E+00,0.000000E+00,0.000000E+00,0.000000E+00,0.000000E+00,2.110805E+01,7.994409E+01,2.388798E+01,5.517989E+01
15:18:00,8.010554E+03,2.280384E+03,5.577586E-01,2.013938E-01,0.000000E+00,0.000000E+00,0.000000E+00,0.000000E+00,0.000000E+00,0.000000E+00,0.000000E+00,0.000000E+00,2.110805E+01,7.994409E+01,2.388798E+01,5.517892E+01
15:19:00,8.010554E+03,2.280952E+03,5.577586E-01,2.014440E-01,0.000000E+00,0.000000E+00,0.000000E+00,0.000000E+00,0.000000E+00,0.000000E+00,0.000000E+00,0.000000E+00,2.110805E+01,7.994409E+01,2.388798E+01,5.517808E+01
15:20:00,8.010554E+03,2.281492E+03,5.577586E-01,2.014917E-01,0.000000E+00,0.000000E+00,0.000000E+00,0.000000E+00,0.000000E+00,0.000000E+00,0.000000E+00,0.000000E+00,2.110805E+01,7.994409E+01,2.388798E+01,5.517738E+01
15:21:00,8.010554E+03,2.282005E+03,5.577586E-01,2.015370E-01,0.000000E+00,0.000000E+00,0.000000E+00,0.000000E+00,0.000000E+00,0.000000E+00,0.000000E+00,0.000000E+00,2.110805E+01,7.994409E+01,2.388798E+01,5.517679E+01
15:22:00,8.010554E+03,2.282490E+03,5.577586E-01,2.015799E-01,0.000000E+00,0.000000E+00,0.000000E+00,0.000000E+00,0.000000E+00,0.000000E+00,0.000000E+00,0.000000E+00,2.110805E+01,7.994409E+01,2.388798E+01,5.517633E+01
15:23:00,8.010554E+03,2.282948E+03,5.577586E-01,2.016203E-01,0.000000E+00,0.000000E+00,0.000000E+00,0.000000E+00,0.000000E+00,0.000000E+00,0.000000E+00,0.000000E+00,2.110805E+01,7.994409E+01,2.388799E+01,5.517598E+01
15:24:00,8.010554E+03,2.283378E+03,5.577586E-01,2.016583E-01,0.000000E+00,0.000000E+00,0.000000E+00,0.000000E+00,0.000000E+00,0.000000E+00,0.000000E+00,0.000000E+00,2.110805E+01,7.994409E+01,2.388799E+01,5.517573E+01
15:25:00,8.010554E+03,2.283781E+03,5.577586E-01,2.016938E-01,0.000000E+00,0.000000E+00,0.000000E+00,0.000000E+00,0.000000E+00,0.000000E+00,0.000000E+00,0.000000E+00,2.110805E+01,7.994409E+01,2.388799E+01,5.517560E+01
15:26:00,8.010554E+03,2.284155E+03,5.577586E-01,2.017269E-01,0.000000E+00,0.000000E+00,0.000000E+00,0.000000E+00,0.000000E+00,0.000000E+00,0.000000E+00,0.000000E+00,2.110805E+01,7.994409E+01,2.388799E+01,5.517558E+01
15:27:00,8.010554E+03,2.284502E+03,5.577586E-01,2.017575E-01,0.000000E+00,0.000000E+00,0.000000E+00,0.000000E+00,0.000000E+00,0.000000E+00,0.000000E+00,0.000000E+00,2.110805E+01,7.994409E+01,2.388799E+01,5.517565E+01
15:28:00,8.010554E+03,2.284821E+03,5.577586E-01,2.017857E-01,0.000000E+00,0.000000E+00,0.000000E+00,0.000000E+00,0.000000E+00,0.000000E+00,0.000000E+00,0.000000E+00,2.110805E+01,7.994409E+01,2.388799E+01,5.517583E+01
15:29:00,8.010554E+03,2.285112E+03,5.577586E-01,2.018114E-01,0.000000E+00,0.000000E+00,0.000000E+00,0.000000E+00,0.000000E+00,0.000000E+00,0.000000E+00,0.000000E+00,2.110805E+01,7.994409E+01,2.388799E+01,5.517610E+01
15:30:00,8.010554E+03,2.285375E+03,5.577586E-01,2.018346E-01,0.000000E+00,0.000000E+00,0.000000E+00,0.000000E+00,0.000000E+00,0.000000E+00,0.000000E+00,0.000000E+00,2.110805E+01,7.994409E+01,2.388799E+01,5.517647E+01
15:31:00,8.010554E+03,2.285610E+03,5.577586E-01,2.018553E-01,0.000000E+00,0.000000E+00,0.000000E+00,0.000000E+00,0.000000E+00,0.000000E+00,0.000000E+00,0.000000E+00,2.110805E+01,7.994409E+01,2.388799E+01,5.517694E+01
15:32:00,8.010554E+03,2.285817E+03,5.577586E-01,2.018736E-01,0.000000E+00,0.000000E+00,0.000000E+00,0.000000E+00,0.000000E+00,0.000000E+00,0.000000E+00,0.000000E+00,2.110805E+01,7.994409E+01,2.388799E+01,5.517749E+01
15:33:00,8.010554E+03,2.285995E+03,5.577586E-01,2.018894E-01,0.000000E+00,0.000000E+00,0.000000E+00,0.000000E+00,0.000000E+00,0.000000E+00,0.000000E+00,0.000000E+00,2.110805E+01,7.994409E+01,2.388799E+01,5.517813E+01
15:34:00,8.010554E+03,2.286146E+03,5.577586E-01,2.019027E-01,0.000000E+00,0.000000E+00,0.000000E+00,0.000000E+00,0.000000E+00,0.000000E+00,0.000000E+00,0.000000E+00,2.110805E+01,7.994409E+01,2.388799E+01,5.517886E+01
15:35:00,8.010554E+03,2.286269E+03,5.577586E-01,2.019136E-01,0.000000E+00,0.000000E+00,0.000000E+00,0.000000E+00,0.000000E+00,0.000000E+00,0.000000E+00,0.000000E+00,2.110805E+01,7.994409E+01,2.388799E+01,5.517967E+01
15:36:00,8.010554E+03,2.286363E+03,5.577586E-01,2.019219E-01,0.000000E+00,0.000000E+00,0.000000E+00,0.000000E+00,0.000000E+00,0.000000E+00,0.000000E+00,0.000000E+00,2.110805E+01,7.994409E+01,2.388799E+01,5.518057E+01
15:37:00,8.010554E+03,2.286429E+03,5.577586E-01,2.019277E-01,0.000000E+00,0.000000E+00,0.000000E+00,0.000000E+00,0.000000E+00,0.000000E+00,0.000000E+00,0.000000E+00,2.110805E+01,7.994409E+01,2.388799E+01,5.518155E+01
15:38:00,8.010554E+03,2.286468E+03,5.577586E-01,2.019311E-01,0.000000E+00,0.000000E+00,0.000000E+00,0.000000E+00,0.000000E+00,0.000000E+00,0.000000E+00,0.000000E+00,2.110805E+01,7.994409E+01,2.388799E+01,5.518260E+01
15:39:00,8.010554E+03,2.286477E+03,5.577586E-01,2.019320E-01,0.000000E+00,0.000000E+00,0.000000E+00,0.000000E+00,0.000000E+00,0.000000E+00,0.000000E+00,0.000000E+00,2.110805E+01,7.994409E+01,2.388799E+01,5.518374E+01
15:40:00,8.010554E+03,2.286459E+03,5.577586E-01,2.019304E-01,0.000000E+00,0.000000E+00,0.000000E+00,0.000000E+00,0.000000E+00,0.000000E+00,0.000000E+00,0.000000E+00,2.110805E+01,7.994409E+01,2.388799E+01,5.518495E+01
15:41:00,8.010554E+03,2.286413E+03,5.577586E-01,2.019263E-01,0.000000E+00,0.000000E+00,0.000000E+00,0.000000E+00,0.000000E+00,0.000000E+00,0.000000E+00,0.000000E+00,2.110805E+01,7.994409E+01,2.388799E+01,5.518623E+01
15:42:00,8.010554E+03,2.286338E+03,5.577586E-01,2.019197E-01,0.000000E+00,0.000000E+00,0.000000E+00,0.000000E+00,0.000000E+00,0.000000E+00,0.000000E+00,0.000000E+00,2.110805E+01,7.994409E+01,2.388799E+01,5.518759E+01
15:43:00,8.010554E+03,2.286236E+03,5.577586E-01,2.019106E-01,0.000000E+00,0.000000E+00,0.000000E+00,0.000000E+00,0.000000E+00,0.000000E+00,0.000000E+00,0.000000E+00,2.110805E+01,7.994409E+01,2.388799E+01,5.518902E+01
15:44:00,8.010554E+03,2.286105E+03,5.577586E-01,2.018991E-01,0.000000E+00,0.000000E+00,0.000000E+00,0.000000E+00,0.000000E+00,0.000000E+00,0.000000E+00,0.000000E+00,2.110805E+01,7.994409E+01,2.388799E+01,5.519052E+01
15:45:00,8.010554E+03,2.285946E+03,5.577586E-01,2.018851E-01,0.000000E+00,0.000000E+00,0.000000E+00,0.000000E+00,0.000000E+00,0.000000E+00,0.000000E+00,0.000000E+00,2.110805E+01,7.994409E+01,2.388799E+01,5.519208E+01
15:46:00,8.010554E+03,2.285760E+03,5.577586E-01,2.018686E-01,0.000000E+00,0.000000E+00,0.000000E+00,0.000000E+00,0.000000E+00,0.000000E+00,0.000000E+00,0.000000E+00,2.110805E+01,7.994409E+01,2.388799E+01,5.519371E+01
15:47:00,8.010554E+03,2.285545E+03,5.577586E-01,2.018496E-01,0.000000E+00,0.000000E+00,0.000000E+00,0.000000E+00,0.000000E+00,0.000000E+00,0.000000E+00,0.000000E+00,2.110805E+01,7.994409E+01,2.388799E+01,5.519541E+01
15:48:00,8.010554E+03,2.285302E+03,5.577586E-01,2.018281E-01,0.000000E+00,0.000000E+00,0.000000E+00,0.000000E+00,0.000000E+00,0.000000E+00,0.000000E+00,0.000000E+00,2.110805E+01,7.994409E+01,2.388799E+01,5.519717E+01
15:49:00,8.010554E+03,2.285031E+03,5.577586E-01,2.018042E-01,0.000000E+00,0.000000E+00,0.000000E+00,0.000000E+00,0.000000E+00,0.000000E+00,0.000000E+00,0.000000E+00,2.110805E+01,7.994409E+01,2.388799E+01,5.519900E+01
15:50:00,8.010554E+03,2.284732E+03,5.577586E-01,2.017778E-01,0.000000E+00,0.000000E+00,0.000000E+00,0.000000E+00,0.000000E+00,0.000000E+00,0.000000E+00,0.000000E+00,2.110805E+01,7.994409E+01,2.388799E+01,5.520088E+01
15:51:00,8.010554E+03,2.284405E+03,5.577586E-01,2.017489E-01,0.000000E+00,0.000000E+00,0.000000E+00,0.000000E+00,0.000000E+00,0.000000E+00,0.000000E+00,0.000000E+00,2.110805E+01,7.994409E+01,2.388799E+01,5.520283E+01
15:52:00,8.010554E+03,2.284050E+03,5.577586E-01,2.017175E-01,0.000000E+00,0.000000E+00,0.000000E+00,0.000000E+00,0.000000E+00,0.000000E+00,0.000000E+00,0.000000E+00,2.110805E+01,7.994409E+01,2.388799E+01,5.520484E+01
15:53:00,8.010554E+03,2.283667E+03,5.577586E-01,2.016837E-01,0.000000E+00,0.000000E+00,0.000000E+00,0.000000E+00,0.000000E+00,0.000000E+00,0.000000E+00,0.000000E+00,2.110805E+01,7.994409E+01,2.388799E+01,5.520691E+01
15:54:00,8.010554E+03,2.283256E+03,5.577586E-01,2.016474E-01,0.000000E+00,0.000000E+00,0.000000E+00,0.000000E+00,0.000000E+00,0.000000E+00,0.000000E+00,0.000000E+00,2.110805E+01,7.994409E+01,2.388799E+01,5.520903E+01
15:55:00,8.010554E+03,2.282817E+03,5.577586E-01,2.016087E-01,0.000000E+00,0.000000E+00,0.000000E+00,0.000000E+00,0.000000E+00,0.000000E+00,0.000000E+00,0.000000E+00,2.110805E+01,7.994409E+01,2.388799E+01,5.521122E+01
15:56:00,8.010554E+03,2.282350E+03,5.577586E-01,2.015674E-01,0.000000E+00,0.000000E+00,0.000000E+00,0.000000E+00,0.000000E+00,0.000000E+00,0.000000E+00,0.000000E+00,2.110805E+01,7.994409E+01,2.388799E+01,5.521345E+01
15:57:00,8.010554E+03,2.281856E+03,5.577586E-01,2.015237E-01,0.000000E+00,0.000000E+00,0.000000E+00,0.000000E+00,0.000000E+00,0.000000E+00,0.000000E+00,0.000000E+00,2.110805E+01,7.994409E+01,2.388799E+01,5.521575E+01
15:58:00,8.010554E+03,2.281333E+03,5.577586E-01,2.014776E-01,0.000000E+00,0.000000E+00,0.000000E+00,0.000000E+00,0.000000E+00,0.000000E+00,0.000000E+00,0.000000E+00,2.110805E+01,7.994409E+01,2.388799E+01,5.521810E+01
15:59:00,8.010554E+03,2.280783E+03,5.577586E-01,2.014290E-01,0.000000E+00,0.000000E+00,0.000000E+00,0.000000E+00,0.000000E+00,0.000000E+00,0.000000E+00,0.000000E+00,2.110805E+01,7.994409E+01,2.388799E+01,5.522051E+01
16:00:00,8.010554E+03,2.280205E+03,5.577586E-01,2.013779E-01,0.000000E+00,0.000000E+00,0.000000E+00,0.000000E+00,0.000000E+00,0.000000E+00,0.000000E+00,0.000000E+00,2.110805E+01,7.994409E+01,2.388799E+01,5.522296E+01
16:01:00,8.010554E+03,2.279610E+03,5.577586E-01,2.013254E-01,0.000000E+00,0.000000E+00,0.000000E+00,0.000000E+00,0.000000E+00,0.000000E+00,0.000000E+00,0.000000E+00,2.110805E+01,7.994409E+01,2.388799E+01,5.522547E+01
16:02:00,8.010554E+03,2.279040E+03,5.577586E-01,2.012751E-01,0.000000E+00,0.000000E+00,0.000000E+00,0.000000E+00,0.000000E+00,0.000000E+00,0.000000E+00,0.000000E+00,2.110805E+01,7.994409E+01,2.388799E+01,5.522807E+01
16:03:00,8.010554E+03,2.278455E+03,5.577586E-01,2.012234E-01,0.000000E+00,0.000000E+00,0.000000E+00,0.000000E+00,0.000000E+00,0.000000E+00,0.000000E+00,0.000000E+00,2.110805E+01,7.994409E+01,2.388799E+01,5.523078E+01
16:04:00,8.010554E+03,2.277856E+03,5.577586E-01,2.011705E-01,0.000000E+00,0.000000E+00,0.000000E+00,0.000000E+00,0.000000E+00,0.000000E+00,0.000000E+00,0.000000E+00,2.110805E+01,7.994409E+01,2.388799E+01,5.523360E+01
16:05:00,8.010554E+03,2.277242E+03,5.577586E-01,2.011162E-01,0.000000E+00,0.000000E+00,0.000000E+00,0.000000E+00,0.000000E+00,0.000000E+00,0.000000E+00,0.000000E+00,2.110805E+01,7.994409E+01,2.388799E+01,5.523653E+01
16:06:00,8.010554E+03,2.276612E+03,5.577586E-01,2.010606E-01,0.000000E+00,0.000000E+00,0.000000E+00,0.000000E+00,0.000000E+00,0.000000E+00,0.000000E+00,0.000000E+00,2.110805E+01,7.994409E+01,2.388799E+01,5.523957E+01
16:07:00,8.010554E+03,2.275967E+03,5.577586E-01,2.010037E-01,0.000000E+00,0.000000E+00,0.000000E+00,0.000000E+00,0.000000E+00,0.000000E+00,0.000000E+00,0.000000E+00,2.110805E+01,7.994409E+01,2.388799E+01,5.524271E+01
16:08:00,8.010554E+03,2.275307E+03,5.577586E-01,2.009454E-01,0.000000E+00,0.000000E+00,0.000000E+00,0.000000E+00,0.000000E+00,0.000000E+00,0.000000E+00,0.000000E+00,2.110805E+01,7.994409E+01,2.388799E+01,5.524595E+01
16:09:00,8.010554E+03,2.274632E+03,5.577586E-01,2.008857E-01,0.000000E+00,0.000000E+00,0.000000E+00,0.000000E+00,0.000000E+00,0.000000E+00,0.000000E+00,0.000000E+00,2.110805E+01,7.994409E+01,2.388799E+01,5.524928E+01
16:10:00,8.010554E+03,2.273941E+03,5.577586E-01,2.008247E-01,0.000000E+00,0.000000E+00,0.000000E+00,0.000000E+00,0.000000E+00,0.000000E+00,0.000000E+00,0.000000E+00,2.110805E+01,7.994409E+01,2.388799E+01,5.525271E+01
16:11:00,8.010554E+03,2.273235E+03,5.577586E-01,2.007623E-01,0.000000E+00,0.000000E+00,0.000000E+00,0.000000E+00,0.000000E+00,0.000000E+00,0.000000E+00,0.000000E+00,2.110805E+01,7.994409E+01,2.388799E+01,5.525623E+01
16:12:00,8.010554E+03,2.272513E+03,5.577586E-01,2.006986E-01,0.000000E+00,0.000000E+00,0.000000E+00,0.000000E+00,0.000000E+00,0.000000E+00,0.000000E+00,0.000000E+00,2.110805E+01,7.994409E+01,2.388800E+01,5.525984E+01
16:13:00,8.010554E+03,2.271777E+03,5.577586E-01,2.006335E-01,0.000000E+00,0.000000E+00,0.000000E+00,0.000000E+00,0.000000E+00,0.000000E+00,0.000000E+00,0.000000E+00,2.110805E+01,7.994409E+01,2.388800E+01,5.526353E+01
16:14:00,8.010554E+03,2.271024E+03,5.577586E-01,2.005671E-01,0.000000E+00,0.000000E+00,0.000000E+00,0.000000E+00,0.000000E+00,0.000000E+00,0.000000E+00,0.000000E+00,2.110805E+01,7.994409E+01,2.388800E+01,5.526731E+01
16:15:00,8.010554E+03,2.270257E+03,5.577586E-01,2.004993E-01,0.000000E+00,0.000000E+00,0.000000E+00,0.000000E+00,0.000000E+00,0.000000E+00,0.000000E+00,0.000000E+00,2.110805E+01,7.994409E+01,2.388800E+01,5.527117E+01
16:16:00,8.010554E+03,2.269474E+03,5.577586E-01,2.004302E-01,0.000000E+00,0.000000E+00,0.000000E+00,0.000000E+00,0.000000E+00,0.000000E+00,0.000000E+00,0.000000E+00,2.110805E+01,7.994409E+01,2.388800E+01,5.527511E+01
16:17:00,8.010554E+03,2.268677E+03,5.577586E-01,2.003598E-01,0.000000E+00,0.000000E+00,0.000000E+00,0.000000E+00,0.000000E+00,0.000000E+00,0.000000E+00,0.000000E+00,2.110805E+01,7.994409E+01,2.388800E+01,5.527913E+01
16:18:00,8.010554E+03,2.267865E+03,5.577586E-01,2.002881E-01,0.000000E+00,0.000000E+00,0.000000E+00,0.000000E+00,0.000000E+00,0.000000E+00,0.000000E+00,0.000000E+00,2.110805E+01,7.994409E+01,2.388800E+01,5.528322E+01
16:19:00,8.010554E+03,2.267040E+03,5.577586E-01,2.002152E-01,0.000000E+00,0.000000E+00,0.000000E+00,0.000000E+00,0.000000E+00,0.000000E+00,0.000000E+00,0.000000E+00,2.110805E+01,7.994409E+01,2.388800E+01,5.528737E+01
16:20:00,8.010554E+03,2.266203E+03,5.577586E-01,2.001412E-01,0.000000E+00,0.000000E+00,0.000000E+00,0.000000E+00,0.000000E+00,0.000000E+00,0.000000E+00,0.000000E+00,2.110805E+01,7.994409E+01,2.388800E+01,5.529159E+01
16:21:00,8.010554E+03,2.265352E+03,5.577586E-01,2.000661E-01,0.000000E+00,0.000000E+00,0.000000E+00,0.000000E+00,0.000000E+00,0.000000E+00,0.000000E+00,0.000000E+00,2.110805E+01,7.994409E+01,2.388800E+01,5.529585E+01
16:22:00,8.010554E+03,2.264488E+03,5.577586E-01,1.999898E-01,0.000000E+00,0.000000E+00,0.000000E+00,0.000000E+00,0.000000E+00,0.000000E+00,0.000000E+00,0.000000E+00,2.110805E+01,7.994409E+01,2.388800E+01,5.530016E+01
16:23:00,8.010554E+03,2.263613E+03,5.577586E-01,1.999125E-01,0.000000E+00,0.000000E+00,0.000000E+00,0.000000E+00,0.000000E+00,0.000000E+00,0.000000E+00,0.000000E+00,2.110805E+01,7.994409E+01,2.388800E+01,5.530451E+01
16:24:00,8.010554E+03,2.262724E+03,5.577586E-01,1.998340E-01,0.000000E+00,0.000000E+00,0.000000E+00,0.000000E+00,0.000000E+00,0.000000E+00,0.000000E+00,0.000000E+00,2.110805E+01,7.994409E+01,2.388800E+01,5.530891E+01
16:25:00,8.010554E+03,2.261824E+03,5.577586E-01,1.997545E-01,0.000000E+00,0.000000E+00,0.000000E+00,0.000000E+00,0.000000E+00,0.000000E+00,0.000000E+00,0.000000E+00,2.110805E+01,7.994409E+01,2.388800E+01,5.531335E+01
16:26:00,8.010554E+03,2.260912E+03,5.577586E-01,1.996740E-01,0.000000E+00,0.000000E+00,0.000000E+00,0.000000E+00,0.000000E+00,0.000000E+00,0.000000E+00,0.000000E+00,2.110805E+01,7.994409E+01,2.388800E+01,5.531782E+01
16:27:00,8.010554E+03,2.259988E+03,5.577586E-01,1.995924E-01,0.000000E+00,0.000000E+00,0.000000E+00,0.000000E+00,0.000000E+00,0.000000E+00,0.000000E+00,0.000000E+00,2.110805E+01,7.994409E+01,2.388800E+01,5.532234E+01
16:28:00,8.010554E+03,2.259053E+03,5.577586E-01,1.995098E-01,0.000000E+00,0.000000E+00,0.000000E+00,0.000000E+00,0.000000E+00,0.000000E+00,0.000000E+00,0.000000E+00,2.110805E+01,7.994409E+01,2.388800E+01,5.532689E+01
16:29:00,8.010554E+03,2.258106E+03,5.577586E-01,1.994261E-01,0.000000E+00,0.000000E+00,0.000000E+00,0.000000E+00,0.000000E+00,0.000000E+00,0.000000E+00,0.000000E+00,2.110805E+01,7.994409E+01,2.388800E+01,5.533147E+01
16:30:00,8.010554E+03,2.257148E+03,5.577586E-01,1.993415E-01,0.000000E+00,0.000000E+00,0.000000E+00,0.000000E+00,0.000000E+00,0.000000E+00,0.000000E+00,0.000000E+00,2.110805E+01,7.994409E+01,2.388800E+01,5.533609E+01
16:31:00,8.010554E+03,2.256178E+03,5.577586E-01,1.992559E-01,0.000000E+00,0.000000E+00,0.000000E+00,0.000000E+00,0.000000E+00,0.000000E+00,0.000000E+00,0.000000E+00,2.110805E+01,7.994409E+01,2.388800E+01,5.534074E+01
16:32:00,8.010554E+03,2.255198E+03,5.577586E-01,1.991694E-01,0.000000E+00,0.000000E+00,0.000000E+00,0.000000E+00,0.000000E+00,0.000000E+00,0.000000E+00,0.000000E+00,2.110805E+01,7.994409E+01,2.388800E+01,5.534542E+01
16:33:00,8.010554E+03,2.254208E+03,5.577586E-01,1.990818E-01,0.000000E+00,0.000000E+00,0.000000E+00,0.000000E+00,0.000000E+00,0.000000E+00,0.000000E+00,0.000000E+00,2.110805E+01,7.994409E+01,2.388800E+01,5.535012E+01
16:34:00,8.010554E+03,2.253206E+03,5.577586E-01,1.989934E-01,0.000000E+00,0.000000E+00,0.000000E+00,0.000000E+00,0.000000E+00,0.000000E+00,0.000000E+00,0.000000E+00,2.110805E+01,7.994409E+01,2.388800E+01,5.535486E+01
16:35:00,8.010554E+03,2.252195E+03,5.577586E-01,1.989041E-01,0.000000E+00,0.000000E+00,0.000000E+00,0.000000E+00,0.000000E+00,0.000000E+00,0.000000E+00,0.000000E+00,2.110805E+01,7.994409E+01,2.388800E+01,5.535963E+01
16:36:00,8.010554E+03,2.251173E+03,5.577586E-01,1.988138E-01,0.000000E+00,0.000000E+00,0.000000E+00,0.000000E+00,0.000000E+00,0.000000E+00,0.000000E+00,0.000000E+00,2.110805E+01,7.994409E+01,2.388800E+01,5.536443E+01
16:37:00,8.010554E+03,2.250140E+03,5.577586E-01,1.987226E-01,0.000000E+00,0.000000E+00,0.000000E+00,0.000000E+00,0.000000E+00,0.000000E+00,0.000000E+00,0.000000E+00,2.110805E+01,7.994409E+01,2.388800E+01,5.536925E+01
16:38:00,8.010554E+03,2.249098E+03,5.577586E-01,1.986306E-01,0.000000E+00,0.000000E+00,0.000000E+00,0.000000E+00,0.000000E+00,0.000000E+00,0.000000E+00,0.000000E+00,2.110805E+01,7.994409E+01,2.388800E+01,5.537409E+01
16:39:00,8.010554E+03,2.248046E+03,5.577586E-01,1.985377E-01,0.000000E+00,0.000000E+00,0.000000E+00,0.000000E+00,0.000000E+00,0.000000E+00,0.000000E+00,0.000000E+00,2.110805E+01,7.994409E+01,2.388800E+01,5.537897E+01
16:40:00,8.010554E+03,2.246984E+03,5.577586E-01,1.984439E-01,0.000000E+00,0.000000E+00,0.000000E+00,0.000000E+00,0.000000E+00,0.000000E+00,0.000000E+00,0.000000E+00,2.110805E+01,7.994409E+01,2.388800E+01,5.538387E+01
16:41:00,8.010554E+03,2.245913E+03,5.577586E-01,1.983492E-01,0.000000E+00,0.000000E+00,0.000000E+00,0.000000E+00,0.000000E+00,0.000000E+00,0.000000E+00,0.000000E+00,2.110805E+01,7.994409E+01,2.388800E+01,5.538879E+01
16:42:00,8.010554E+03,2.244831E+03,5.577586E-01,1.982537E-01,0.000000E+00,0.000000E+00,0.000000E+00,0.000000E+00,0.000000E+00,0.000000E+00,0.000000E+00,0.000000E+00,2.110805E+01,7.994409E+01,2.388800E+01,5.539374E+01
16:43:00,8.010554E+03,2.243740E+03,5.577586E-01,1.981574E-01,0.000000E+00,0.000000E+00,0.000000E+00,0.000000E+00,0.000000E+00,0.000000E+00,0.000000E+00,0.000000E+00,2.110805E+01,7.994409E+01,2.388800E+01,5.539871E+01
16:44:00,8.010554E+03,2.242640E+03,5.577586E-01,1.980602E-01,0.000000E+00,0.000000E+00,0.000000E+00,0.000000E+00,0.000000E+00,0.000000E+00,0.000000E+00,0.000000E+00,2.110805E+01,7.994409E+01,2.388800E+01,5.540371E+01
16:45:00,8.010554E+03,2.241530E+03,5.577586E-01,1.979622E-01,0.000000E+00,0.000000E+00,0.000000E+00,0.000000E+00,0.000000E+00,0.000000E+00,0.000000E+00,0.000000E+00,2.110805E+01,7.994409E+01,2.388800E+01,5.540873E+01
16:46:00,8.010554E+03,2.240411E+03,5.577586E-01,1.978634E-01,0.000000E+00,0.000000E+00,0.000000E+00,0.000000E+00,0.000000E+00,0.000000E+00,0.000000E+00,0.000000E+00,2.110805E+01,7.994409E+01,2.388800E+01,5.541377E+01
16:47:00,8.010554E+03,2.239283E+03,5.577586E-01,1.977637E-01,0.000000E+00,0.000000E+00,0.000000E+00,0.000000E+00,0.000000E+00,0.000000E+00,0.000000E+00,0.000000E+00,2.110805E+01,7.994409E+01,2.388800E+01,5.541884E+01
16:48:00,8.010554E+03,2.238146E+03,5.577586E-01,1.976633E-01,0.000000E+00,0.000000E+00,0.000000E+00,0.000000E+00,0.000000E+00,0.000000E+00,0.000000E+00,0.000000E+00,2.110805E+01,7.994409E+01,2.388800E+01,5.542393E+01
16:49:00,8.010554E+03,2.237000E+03,5.577586E-01,1.975621E-01,0.000000E+00,0.000000E+00,0.000000E+00,0.000000E+00,0.000000E+00,0.000000E+00,0.000000E+00,0.000000E+00,2.110805E+01,7.994409E+01,2.388800E+01,5.542904E+01
16:50:00,8.010554E+03,2.235844E+03,5.577586E-01,1.974600E-01,0.000000E+00,0.000000E+00,0.000000E+00,0.000000E+00,0.000000E+00,0.000000E+00,0.000000E+00,0.000000E+00,2.110805E+01,7.994409E+01,2.388800E+01,5.543418E+01
16:51:00,8.010554E+03,2.234680E+03,5.577586E-01,1.973572E-01,0.000000E+00,0.000000E+00,0.000000E+00,0.000000E+00,0.000000E+00,0.000000E+00,0.000000E+00,0.000000E+00,2.110805E+01,7.994409E+01,2.388800E+01,5.543935E+01
16:52:00,8.010554E+03,2.233507E+03,5.577586E-01,1.972536E-01,0.000000E+00,0.000000E+00,0.000000E+00,0.000000E+00,0.000000E+00,0.000000E+00,0.000000E+00,0.000000E+00,2.110805E+01,7.994409E+01,2.388800E+01,5.544453E+01
16:53:00,8.010554E+03,2.232325E+03,5.577586E-01,1.971492E-01,0.000000E+00,0.000000E+00,0.000000E+00,0.000000E+00,0.000000E+00,0.000000E+00,0.000000E+00,0.000000E+00,2.110805E+01,7.994409E+01,2.388800E+01,5.544974E+01
16:54:00,8.010554E+03,2.231135E+03,5.577586E-01,1.970441E-01,0.000000E+00,0.000000E+00,0.000000E+00,0.000000E+00,0.000000E+00,0.000000E+00,0.000000E+00,0.000000E+00,2.110805E+01,7.994409E+01,2.388800E+01,5.545497E+01
16:55:00,8.010554E+03,2.229936E+03,5.577586E-01,1.969382E-01,0.000000E+00,0.000000E+00,0.000000E+00,0.000000E+00,0.000000E+00,0.000000E+00,0.000000E+00,0.000000E+00,2.110805E+01,7.994409E+01,2.388800E+01,5.546023E+01
16:56:00,8.010554E+03,2.228728E+03,5.577586E-01,1.968315E-01,0.000000E+00,0.000000E+00,0.000000E+00,0.000000E+00,0.000000E+00,0.000000E+00,0.000000E+00,0.000000E+00,2.110805E+01,7.994409E+01,2.388800E+01,5.546552E+01
16:57:00,8.010554E+03,2.227512E+03,5.577586E-01,1.967241E-01,0.000000E+00,0.000000E+00,0.000000E+00,0.000000E+00,0.000000E+00,0.000000E+00,0.000000E+00,0.000000E+00,2.110805E+01,7.994409E+01,2.388800E+01,5.547083E+01
16:58:00,8.010554E+03,2.226287E+03,5.577586E-01,1.966159E-01,0.000000E+00,0.000000E+00,0.000000E+00,0.000000E+00,0.000000E+00,0.000000E+00,0.000000E+00,0.000000E+00,2.110805E+01,7.994409E+01,2.388800E+01,5.547616E+01
16:59:00,8.010554E+03,2.225054E+03,5.577586E-01,1.965070E-01,0.000000E+00,0.000000E+00,0.000000E+00,0.000000E+00,0.000000E+00,0.000000E+00,0.000000E+00,0.000000E+00,2.110805E+01,7.994409E+01,2.388800E+01,5.548152E+01
17:00:00,8.010554E+03,2.223812E+03,5.577586E-01,1.963973E-01,0.000000E+00,0.000000E+00,0.000000E+00,0.000000E+00,0.000000E+00,0.000000E+00,0.000000E+00,0.000000E+00,2.110805E+01,7.994409E+01,2.388800E+01,5.548690E+01
17:01:00,8.010554E+03,2.222562E+03,5.577586E-01,1.962869E-01,0.000000E+00,0.000000E+00,0.000000E+00,0.000000E+00,0.000000E+00,0.000000E+00,0.000000E+00,0.000000E+00,2.110805E+01,7.994409E+01,2.388801E+01,5.549231E+01
17:02:00,8.010554E+03,2.221303E+03,5.577586E-01,1.961758E-01,0.000000E+00,0.000000E+00,0.000000E+00,0.000000E+00,0.000000E+00,0.000000E+00,0.000000E+00,0.000000E+00,2.110805E+01,7.994409E+01,2.388801E+01,5.549778E+01
17:03:00,8.010554E+03,2.220036E+03,5.577586E-01,1.960639E-01,0.000000E+00,0.000000E+00,0.000000E+00,0.000000E+00,0.000000E+00,0.000000E+00,0.000000E+00,0.000000E+00,2.110805E+01,7.994409E+01,2.388801E+01,5.550335E+01
17:04:00,8.010554E+03,2.218761E+03,5.577586E-01,1.959512E-01,0.000000E+00,0.000000E+00,0.000000E+00,0.000000E+00,0.000000E+00,0.000000E+00,0.000000E+00,0.000000E+00,2.110805E+01,7.994409E+01,2.388801E+01,5.550900E+01
17:05:00,8.010554E+03,2.217477E+03,5.577586E-01,1.958378E-01,0.000000E+00,0.000000E+00,0.000000E+00,0.000000E+00,0.000000E+00,0.000000E+00,0.000000E+00,0.000000E+00,2.110805E+01,7.994409E+01,2.388801E+01,5.551474E+01
17:06:00,8.010554E+03,2.216185E+03,5.577586E-01,1.957237E-01,0.000000E+00,0.000000E+00,0.000000E+00,0.000000E+00,0.000000E+00,0.000000E+00,0.000000E+00,0.000000E+00,2.110805E+01,7.994409E+01,2.388801E+01,5.552057E+01
17:07:00,8.010554E+03,2.214884E+03,5.577586E-01,1.956088E-01,0.000000E+00,0.000000E+00,0.000000E+00,0.000000E+00,0.000000E+00,0.000000E+00,0.000000E+00,0.000000E+00,2.110805E+01,7.994409E+01,2.388801E+01,5.552649E+01
17:08:00,8.010554E+03,2.213575E+03,5.577586E-01,1.954932E-01,0.000000E+00,0.000000E+00,0.000000E+00,0.000000E+00,0.000000E+00,0.000000E+00,0.000000E+00,0.000000E+00,2.110805E+01,7.994409E+01,2.388801E+01,5.553248E+01
17:09:00,8.010554E+03,2.212257E+03,5.577586E-01,1.953768E-01,0.000000E+00,0.000000E+00,0.000000E+00,0.000000E+00,0.000000E+00,0.000000E+00,0.000000E+00,0.000000E+00,2.110805E+01,7.994409E+01,2.388801E+01,5.553856E+01
17:10:00,8.010554E+03,2.210931E+03,5.577586E-01,1.952597E-01,0.000000E+00,0.000000E+00,0.000000E+00,0.000000E+00,0.000000E+00,0.000000E+00,0.000000E+00,0.000000E+00,2.110805E+01,7.994409E+01,2.388801E+01,5.554471E+01
17:11:00,8.010554E+03,2.209597E+03,5.577586E-01,1.951419E-01,0.000000E+00,0.000000E+00,0.000000E+00,0.000000E+00,0.000000E+00,0.000000E+00,0.000000E+00,0.000000E+00,2.110805E+01,7.994409E+01,2.388801E+01,5.555094E+01
17:12:00,8.010554E+03,2.208254E+03,5.577586E-01,1.950233E-01,0.000000E+00,0.000000E+00,0.000000E+00,0.000000E+00,0.000000E+00,0.000000E+00,0.000000E+00,0.000000E+00,2.110805E+01,7.994409E+01,2.388801E+01,5.555725E+01
17:13:00,8.010554E+03,2.206902E+03,5.577586E-01,1.949039E-01,0.000000E+00,0.000000E+00,0.000000E+00,0.000000E+00,0.000000E+00,0.000000E+00,0.000000E+00,0.000000E+00,2.110805E+01,7.994409E+01,2.388801E+01,5.556363E+01
17:14:00,8.010554E+03,2.205543E+03,5.577586E-01,1.947838E-01,0.000000E+00,0.000000E+00,0.000000E+00,0.000000E+00,0.000000E+00,0.000000E+00,0.000000E+00,0.000000E+00,2.110805E+01,7.994409E+01,2.388801E+01,5.557008E+01
17:15:00,8.010554E+03,2.204175E+03,5.577586E-01,1.946630E-01,0.000000E+00,0.000000E+00,0.000000E+00,0.000000E+00,0.000000E+00,0.000000E+00,0.000000E+00,0.000000E+00,2.110805E+01,7.994409E+01,2.388801E+01,5.557661E+01
17:16:00,8.010554E+03,2.202798E+03,5.577586E-01,1.945414E-01,0.000000E+00,0.000000E+00,0.000000E+00,0.000000E+00,0.000000E+00,0.000000E+00,0.000000E+00,0.000000E+00,2.110805E+01,7.994409E+01,2.388801E+01,5.558321E+01
17:17:00,8.010554E+03,2.201412E+03,5.577586E-01,1.944190E-01,0.000000E+00,0.000000E+00,0.000000E+00,0.000000E+00,0.000000E+00,0.000000E+00,0.000000E+00,0.000000E+00,2.110805E+01,7.994409E+01,2.388801E+01,5.558988E+01
17:18:00,8.010554E+03,2.200016E+03,5.577586E-01,1.942957E-01,0.000000E+00,0.000000E+00,0.000000E+00,0.000000E+00,0.000000E+00,0.000000E+00,0.000000E+00,0.000000E+00,2.110805E+01,7.994409E+01,2.388801E+01,5.559661E+01
17:19:00,8.010554E+03,2.198610E+03,5.577586E-01,1.941715E-01,0.000000E+00,0.000000E+00,0.000000E+00,0.000000E+00,0.000000E+00,0.000000E+00,0.000000E+00,0.000000E+00,2.110805E+01,7.994409E+01,2.388801E+01,5.560342E+01
17:20:00,8.010554E+03,2.197193E+03,5.577586E-01,1.940464E-01,0.000000E+00,0.000000E+00,0.000000E+00,0.000000E+00,0.000000E+00,0.000000E+00,0.000000E+00,0.000000E+00,2.110805E+01,7.994409E+01,2.388801E+01,5.561029E+01
17:21:00,8.010554E+03,2.195765E+03,5.577586E-01,1.939202E-01,0.000000E+00,0.000000E+00,0.000000E+00,0.000000E+00,0.000000E+00,0.000000E+00,0.000000E+00,0.000000E+00,2.110805E+01,7.994409E+01,2.388801E+01,5.561723E+01
17:22:00,8.010554E+03,2.194326E+03,5.577586E-01,1.937931E-01,0.000000E+00,0.000000E+00,0.000000E+00,0.000000E+00,0.000000E+00,0.000000E+00,0.000000E+00,0.000000E+00,2.110805E+01,7.994409E+01,2.388801E+01,5.562424E+01
17:23:00,8.010554E+03,2.192875E+03,5.577586E-01,1.936650E-01,0.000000E+00,0.000000E+00,0.000000E+00,0.000000E+00,0.000000E+00,0.000000E+00,0.000000E+00,0.000000E+00,2.110805E+01,7.994409E+01,2.388801E+01,5.563131E+01
17:24:00,8.010554E+03,2.191413E+03,5.577586E-01,1.935359E-01,0.000000E+00,0.000000E+00,0.000000E+00,0.000000E+00,0.000000E+00,0.000000E+00,0.000000E+00,0.000000E+00,2.110805E+01,7.994409E+01,2.388801E+01,5.563846E+01
17:25:00,8.010554E+03,2.189939E+03,5.577586E-01,1.934057E-01,0.000000E+00,0.000000E+00,0.000000E+00,0.000000E+00,0.000000E+00,0.000000E+00,0.000000E+00,0.000000E+00,2.110805E+01,7.994409E+01,2.388801E+01,5.564566E+01
17:26:00,8.010554E+03,2.188453E+03,5.577586E-01,1.932745E-01,0.000000E+00,0.000000E+00,0.000000E+00,0.000000E+00,0.000000E+00,0.000000E+00,0.000000E+00,0.000000E+00,2.110805E+01,7.994409E+01,2.388801E+01,5.565293E+01
17:27:00,8.010554E+03,2.186955E+03,5.577586E-01,1.931422E-01,0.000000E+00,0.000000E+00,0.000000E+00,0.000000E+00,0.000000E+00,0.000000E+00,0.000000E+00,0.000000E+00,2.110805E+01,7.994409E+01,2.388801E+01,5.566027E+01
17:28:00,8.010554E+03,2.185388E+03,5.577586E-01,1.930038E-01,0.000000E+00,0.000000E+00,0.000000E+00,0.000000E+00,0.000000E+00,0.000000E+00,0.000000E+00,0.000000E+00,2.110805E+01,7.994409E+01,2.388801E+01,5.566767E+01
17:29:00,8.010554E+03,2.183806E+03,5.577586E-01,1.928641E-01,0.000000E+00,0.000000E+00,0.000000E+00,0.000000E+00,0.000000E+00,0.000000E+00,0.000000E+00,0.000000E+00,2.110805E+01,7.994409E+01,2.388802E+01,5.567549E+01
17:30:00,8.010554E+03,2.182209E+03,5.577586E-01,1.927230E-01,0.000000E+00,0.000000E+00,0.000000E+00,0.000000E+00,0.000000E+00,0.000000E+00,0.000000E+00,0.000000E+00,2.110805E+01,7.994409E+01,2.388802E+01,5.568361E+01
17:31:00,8.010554E+03,2.180597E+03,5.577586E-01,1.925807E-01,0.000000E+00,0.000000E+00,0.000000E+00,0.000000E+00,0.000000E+00,0.000000E+00,0.000000E+00,0.000000E+00,2.110805E+01,7.994409E+01,2.388802E+01,5.569188E+01
17:32:00,8.010554E+03,2.178971E+03,5.577586E-01,1.924370E-01,0.000000E+00,0.000000E+00,0.000000E+00,0.000000E+00,0.000000E+00,0.000000E+00,0.000000E+00,0.000000E+00,2.110805E+01,7.994409E+01,2.388802E+01,5.570022E+01
17:33:00,8.010554E+03,2.177329E+03,5.577586E-01,1.922920E-01,0.000000E+00,0.000000E+00,0.000000E+00,0.000000E+00,0.000000E+00,0.000000E+00,0.000000E+00,0.000000E+00,2.110805E+01,7.994409E+01,2.388802E+01,5.570861E+01
17:34:00,8.010554E+03,2.175673E+03,5.577586E-01,1.921458E-01,0.000000E+00,0.000000E+00,0.000000E+00,0.000000E+00,0.000000E+00,0.000000E+00,0.000000E+00,0.000000E+00,2.110805E+01,7.994409E+01,2.388802E+01,5.571704E+01
17:35:00,8.010554E+03,2.174002E+03,5.577586E-01,1.919982E-01,0.000000E+00,0.000000E+00,0.000000E+00,0.000000E+00,0.000000E+00,0.000000E+00,0.000000E+00,0.000000E+00,2.110805E+01,7.994409E+01,2.388802E+01,5.572552E+01
17:36:00,8.010554E+03,2.172316E+03,5.577586E-01,1.918493E-01,0.000000E+00,0.000000E+00,0.000000E+00,0.000000E+00,0.000000E+00,0.000000E+00,0.000000E+00,0.000000E+00,2.110805E+01,7.994409E+01,2.388802E+01,5.573406E+01
17:37:00,8.010554E+03,2.170615E+03,5.577586E-01,1.916991E-01,0.000000E+00,0.000000E+00,0.000000E+00,0.000000E+00,0.000000E+00,0.000000E+00,0.000000E+00,0.000000E+00,2.110805E+01,7.994409E+01,2.388802E+01,5.574264E+01
17:38:00,8.010554E+03,2.168899E+03,5.577586E-01,1.915475E-01,0.000000E+00,0.000000E+00,0.000000E+00,0.000000E+00,0.000000E+00,0.000000E+00,0.000000E+00,0.000000E+00,2.110805E+01,7.994409E+01,2.388802E+01,5.575127E+01
17:39:00,8.010554E+03,2.167168E+03,5.577586E-01,1.913946E-01,0.000000E+00,0.000000E+00,0.000000E+00,0.000000E+00,0.000000E+00,0.000000E+00,0.000000E+00,0.000000E+00,2.110805E+01,7.994409E+01,2.388802E+01,5.575996E+01
17:40:00,8.010554E+03,2.165421E+03,5.577586E-01,1.912403E-01,0.000000E+00,0.000000E+00,0.000000E+00,0.000000E+00,0.000000E+00,0.000000E+00,0.000000E+00,0.000000E+00,2.110805E+01,7.994409E+01,2.388802E+01,5.576869E+01
17:41:00,8.010554E+03,2.163658E+03,5.577586E-01,1.910846E-01,0.000000E+00,0.000000E+00,0.000000E+00,0.000000E+00,0.000000E+00,0.000000E+00,0.000000E+00,0.000000E+00,2.110805E+01,7.994409E+01,2.388802E+01,5.577749E+01
17:42:00,8.010554E+03,2.161880E+03,5.577586E-01,1.909276E-01,0.000000E+00,0.000000E+00,0.000000E+00,0.000000E+00,0.000000E+00,0.000000E+00,0.000000E+00,0.000000E+00,2.110805E+01,7.994409E+01,2.388802E+01,5.578633E+01
17:43:00,8.010554E+03,2.160085E+03,5.577586E-01,1.907691E-01,0.000000E+00,0.000000E+00,0.000000E+00,0.000000E+00,0.000000E+00,0.000000E+00,0.000000E+00,0.000000E+00,2.110805E+01,7.994409E+01,2.388802E+01,5.579522E+01
17:44:00,8.010554E+03,2.158274E+03,5.577586E-01,1.906092E-01,0.000000E+00,0.000000E+00,0.000000E+00,0.000000E+00,0.000000E+00,0.000000E+00,0.000000E+00,0.000000E+00,2.110805E+01,7.994409E+01,2.388802E+01,5.580418E+01
17:45:00,8.010554E+03,2.156447E+03,5.577586E-01,1.904478E-01,0.000000E+00,0.000000E+00,0.000000E+00,0.000000E+00,0.000000E+00,0.000000E+00,0.000000E+00,0.000000E+00,2.110805E+01,7.994409E+01,2.388802E+01,5.581318E+01
17:46:00,8.010554E+03,2.154604E+03,5.577586E-01,1.902850E-01,0.000000E+00,0.000000E+00,0.000000E+00,0.000000E+00,0.000000E+00,0.000000E+00,0.000000E+00,0.000000E+00,2.110805E+01,7.994409E+01,2.388802E+01,5.582225E+01
17:47:00,8.010554E+03,2.152744E+03,5.577586E-01,1.901207E-01,0.000000E+00,0.000000E+00,0.000000E+00,0.000000E+00,0.000000E+00,0.000000E+00,0.000000E+00,0.000000E+00,2.110805E+01,7.994409E+01,2.388802E+01,5.583137E+01
17:48:00,8.010554E+03,2.150867E+03,5.577586E-01,1.899549E-01,0.000000E+00,0.000000E+00,0.000000E+00,0.000000E+00,0.000000E+00,0.000000E+00,0.000000E+00,0.000000E+00,2.110805E+01,7.994409E+01,2.388802E+01,5.584055E+01
17:49:00,8.010554E+03,2.148972E+03,5.577586E-01,1.897876E-01,0.000000E+00,0.000000E+00,0.000000E+00,0.000000E+00,0.000000E+00,0.000000E+00,0.000000E+00,0.000000E+00,2.110805E+01,7.994409E+01,2.388802E+01,5.584979E+01
17:50:00,8.010554E+03,2.147062E+03,5.577586E-01,1.896189E-01,0.000000E+00,0.000000E+00,0.000000E+00,0.000000E+00,0.000000E+00,0.000000E+00,0.000000E+00,0.000000E+00,2.110805E+01,7.994409E+01,2.388802E+01,5.585909E+01
17:51:00,8.010554E+03,2.145135E+03,5.577586E-01,1.894487E-01,0.000000E+00,0.000000E+00,0.000000E+00,0.000000E+00,0.000000E+00,0.000000E+00,0.000000E+00,0.000000E+00,2.110805E+01,7.994409E+01,2.388802E+01,5.586845E+01
17:52:00,8.010554E+03,2.143190E+03,5.577586E-01,1.892769E-01,0.000000E+00,0.000000E+00,0.000000E+00,0.000000E+00,0.000000E+00,0.000000E+00,0.000000E+00,0.000000E+00,2.110805E+01,7.994409E+01,2.388802E+01,5.587786E+01
17:53:00,8.010554E+03,2.141227E+03,5.577586E-01,1.891035E-01,0.000000E+00,0.000000E+00,0.000000E+00,0.000000E+00,0.000000E+00,0.000000E+00,0.000000E+00,0.000000E+00,2.110805E+01,7.994409E+01,2.388802E+01,5.588734E+01
17:54:00,8.010554E+03,2.139246E+03,5.577586E-01,1.889286E-01,0.000000E+00,0.000000E+00,0.000000E+00,0.000000E+00,0.000000E+00,0.000000E+00,0.000000E+00,0.000000E+00,2.110805E+01,7.994409E+01,2.388803E+01,5.589688E+01
17:55:00,8.010554E+03,2.137248E+03,5.577586E-01,1.887521E-01,0.000000E+00,0.000000E+00,0.000000E+00,0.000000E+00,0.000000E+00,0.000000E+00,0.000000E+00,0.000000E+00,2.110805E+01,7.994409E+01,2.388803E+01,5.590648E+01
17:56:00,8.010554E+03,2.135231E+03,5.577586E-01,1.885740E-01,0.000000E+00,0.000000E+00,0.000000E+00,0.000000E+00,0.000000E+00,0.000000E+00,0.000000E+00,0.000000E+00,2.110805E+01,7.994409E+01,2.388803E+01,5.591615E+01
17:57:00,8.010554E+03,2.133195E+03,5.577586E-01,1.883942E-01,0.000000E+00,0.000000E+00,0.000000E+00,0.000000E+00,0.000000E+00,0.000000E+00,0.000000E+00,0.000000E+00,2.110805E+01,7.994409E+01,2.388803E+01,5.592589E+01
17:58:00,8.010554E+03,2.131142E+03,5.577586E-01,1.882128E-01,0.000000E+00,0.000000E+00,0.000000E+00,0.000000E+00,0.000000E+00,0.000000E+00,0.000000E+00,0.000000E+00,2.110805E+01,7.994409E+01,2.388803E+01,5.593569E+01
17:59:00,8.010554E+03,2.129069E+03,5.577586E-01,1.880298E-01,0.000000E+00,0.000000E+00,0.000000E+00,0.000000E+00,0.000000E+00,0.000000E+00,0.000000E+00,0.000000E+00,2.110805E+01,7.994409E+01,2.388803E+01,5.594557E+01
18:00:00,8.010554E+03,2.126978E+03,5.577586E-01,1.878451E-01,0.000000E+00,0.000000E+00,0.000000E+00,0.000000E+00,0.000000E+00,0.000000E+00,0.000000E+00,0.000000E+00,2.110805E+01,7.994409E+01,2.388803E+01,5.595552E+01
18:01:00,8.010554E+03,2.124859E+03,5.577586E-01,1.876579E-01,0.000000E+00,0.000000E+00,0.000000E+00,0.000000E+00,0.000000E+00,0.000000E+00,0.000000E+00,0.000000E+00,2.110805E+01,7.994409E+01,2.388803E+01,5.596553E+01
18:02:00,8.010554E+03,2.122712E+03,5.577586E-01,1.874683E-01,0.000000E+00,0.000000E+00,0.000000E+00,0.000000E+00,0.000000E+00,0.000000E+00,0.000000E+00,0.000000E+00,2.110805E+01,7.994409E+01,2.388803E+01,5.597572E+01
18:03:00,8.010554E+03,2.120538E+03,5.577586E-01,1.872763E-01,0.000000E+00,0.000000E+00,0.000000E+00,0.000000E+00,0.000000E+00,0.000000E+00,0.000000E+00,0.000000E+00,2.110805E+01,7.994409E+01,2.388803E+01,5.598613E+01
18:04:00,8.010554E+03,2.118336E+03,5.577586E-01,1.870818E-01,0.000000E+00,0.000000E+00,0.000000E+00,0.000000E+00,0.000000E+00,0.000000E+00,0.000000E+00,0.000000E+00,2.110805E+01,7.994409E+01,2.388803E+01,5.599678E+01
18:05:00,8.010554E+03,2.116105E+03,5.577586E-01,1.868848E-01,0.000000E+00,0.000000E+00,0.000000E+00,0.000000E+00,0.000000E+00,0.000000E+00,0.000000E+00,0.000000E+00,2.110805E+01,7.994409E+01,2.388803E+01,5.600767E+01
18:06:00,8.010554E+03,2.113847E+03,5.577586E-01,1.866854E-01,0.000000E+00,0.000000E+00,0.000000E+00,0.000000E+00,0.000000E+00,0.000000E+00,0.000000E+00,0.000000E+00,2.110805E+01,7.994409E+01,2.388803E+01,5.601879E+01
18:07:00,8.010554E+03,2.111560E+03,5.577586E-01,1.864834E-01,0.000000E+00,0.000000E+00,0.000000E+00,0.000000E+00,0.000000E+00,0.000000E+00,0.000000E+00,0.000000E+00,2.110805E+01,7.994409E+01,2.388803E+01,5.603014E+01
18:08:00,8.010554E+03,2.109244E+03,5.577586E-01,1.862788E-01,0.000000E+00,0.000000E+00,0.000000E+00,0.000000E+00,0.000000E+00,0.000000E+00,0.000000E+00,0.000000E+00,2.110805E+01,7.994409E+01,2.388803E+01,5.604170E+01
18:09:00,8.010554E+03,2.106899E+03,5.577586E-01,1.860718E-01,0.000000E+00,0.000000E+00,0.000000E+00,0.000000E+00,0.000000E+00,0.000000E+00,0.000000E+00,0.000000E+00,2.110805E+01,7.994409E+01,2.388803E+01,5.605347E+01
18:10:00,8.010554E+03,2.104525E+03,5.577586E-01,1.858621E-01,0.000000E+00,0.000000E+00,0.000000E+00,0.000000E+00,0.000000E+00,0.000000E+00,0.000000E+00,0.000000E+00,2.110805E+01,7.994409E+01,2.388804E+01,5.606546E+01
18:11:00,8.010554E+03,2.102122E+03,5.577586E-01,1.856499E-01,0.000000E+00,0.000000E+00,0.000000E+00,0.000000E+00,0.000000E+00,0.000000E+00,0.000000E+00,0.000000E+00,2.110805E+01,7.994409E+01,2.388804E+01,5.607764E+01
18:12:00,8.010554E+03,2.099690E+03,5.577586E-01,1.854351E-01,0.000000E+00,0.000000E+00,0.000000E+00,0.000000E+00,0.000000E+00,0.000000E+00,0.000000E+00,0.000000E+00,2.110805E+01,7.994409E+01,2.388804E+01,5.609003E+01
18:13:00,8.010554E+03,2.097228E+03,5.577586E-01,1.852176E-01,0.000000E+00,0.000000E+00,0.000000E+00,0.000000E+00,0.000000E+00,0.000000E+00,0.000000E+00,0.000000E+00,2.110805E+01,7.994409E+01,2.388804E+01,5.610261E+01
18:14:00,8.010554E+03,2.094736E+03,5.577586E-01,1.849975E-01,0.000000E+00,0.000000E+00,0.000000E+00,0.000000E+00,0.000000E+00,0.000000E+00,0.000000E+00,0.000000E+00,2.110805E+01,7.994409E+01,2.388804E+01,5.611540E+01
18:15:00,8.010554E+03,2.092214E+03,5.577586E-01,1.847748E-01,0.000000E+00,0.000000E+00,0.000000E+00,0.000000E+00,0.000000E+00,0.000000E+00,0.000000E+00,0.000000E+00,2.110805E+01,7.994409E+01,2.388804E+01,5.612837E+01
18:16:00,8.010554E+03,2.089662E+03,5.577586E-01,1.845494E-01,0.000000E+00,0.000000E+00,0.000000E+00,0.000000E+00,0.000000E+00,0.000000E+00,0.000000E+00,0.000000E+00,2.110805E+01,7.994409E+01,2.388804E+01,5.614153E+01
18:17:00,8.010554E+03,2.087079E+03,5.577586E-01,1.843213E-01,0.000000E+00,0.000000E+00,0.000000E+00,0.000000E+00,0.000000E+00,0.000000E+00,0.000000E+00,0.000000E+00,2.110805E+01,7.994409E+01,2.388804E+01,5.615487E+01
18:18:00,8.010554E+03,2.084466E+03,5.577586E-01,1.840905E-01,0.000000E+00,0.000000E+00,0.000000E+00,0.000000E+00,0.000000E+00,0.000000E+00,0.000000E+00,0.000000E+00,2.110805E+01,7.994409E+01,2.388804E+01,5.616840E+01
18:19:00,8.010554E+03,2.081822E+03,5.577586E-01,1.838570E-01,0.000000E+00,0.000000E+00,0.000000E+00,0.000000E+00,0.000000E+00,0.000000E+00,0.000000E+00,0.000000E+00,2.110805E+01,7.994409E+01,2.388804E+01,5.618212E+01
18:20:00,8.010554E+03,2.079147E+03,5.577586E-01,1.836207E-01,0.000000E+00,0.000000E+00,0.000000E+00,0.000000E+00,0.000000E+00,0.000000E+00,0.000000E+00,0.000000E+00,2.110805E+01,7.994409E+01,2.388804E+01,5.619601E+01
18:21:00,8.010554E+03,2.076440E+03,5.577586E-01,1.833817E-01,0.000000E+00,0.000000E+00,0.000000E+00,0.000000E+00,0.000000E+00,0.000000E+00,0.000000E+00,0.000000E+00,2.110805E+01,7.994409E+01,2.388804E+01,5.621008E+01
18:22:00,8.010554E+03,2.073703E+03,5.577586E-01,1.831399E-01,0.000000E+00,0.000000E+00,0.000000E+00,0.000000E+00,0.000000E+00,0.000000E+00,0.000000E+00,0.000000E+00,2.110805E+01,7.994409E+01,2.388804E+01,5.622433E+01
18:23:00,8.010554E+03,2.070933E+03,5.577586E-01,1.828953E-01,0.000000E+00,0.000000E+00,0.000000E+00,0.000000E+00,0.000000E+00,0.000000E+00,0.000000E+00,0.000000E+00,2.110805E+01,7.994409E+01,2.388805E+01,5.623875E+01
18:24:00,8.010554E+03,2.068132E+03,5.577586E-01,1.826479E-01,0.000000E+00,0.000000E+00,0.000000E+00,0.000000E+00,0.000000E+00,0.000000E+00,0.000000E+00,0.000000E+00,2.110805E+01,7.994409E+01,2.388805E+01,5.625334E+01
18:25:00,8.010554E+03,2.065299E+03,5.577586E-01,1.823977E-01,0.000000E+00,0.000000E+00,0.000000E+00,0.000000E+00,0.000000E+00,0.000000E+00,0.000000E+00,0.000000E+00,2.110805E+01,7.994409E+01,2.388805E+01,5.626811E+01
18:26:00,8.010554E+03,2.062434E+03,5.577586E-01,1.821446E-01,0.000000E+00,0.000000E+00,0.000000E+00,0.000000E+00,0.000000E+00,0.000000E+00,0.000000E+00,0.000000E+00,2.110805E+01,7.994409E+01,2.388805E+01,5.628305E+01
18:27:00,8.010554E+03,2.059536E+03,5.577586E-01,1.818887E-01,0.000000E+00,0.000000E+00,0.000000E+00,0.000000E+00,0.000000E+00,0.000000E+00,0.000000E+00,0.000000E+00,2.110805E+01,7.994409E+01,2.388805E+01,5.629816E+01
18:28:00,8.010554E+03,2.056662E+03,5.577586E-01,1.816349E-01,0.000000E+00,0.000000E+00,0.000000E+00,0.000000E+00,0.000000E+00,0.000000E+00,0.000000E+00,0.000000E+00,2.110805E+01,7.994409E+01,2.388805E+01,5.631344E+01
18:29:00,8.010554E+03,2.053758E+03,5.577586E-01,1.813784E-01,0.000000E+00,0.000000E+00,0.000000E+00,0.000000E+00,0.000000E+00,0.000000E+00,0.000000E+00,0.000000E+00,2.110805E+01,7.994409E+01,2.388805E+01,5.632889E+01
18:30:00,8.010554E+03,2.050823E+03,5.577586E-01,1.811192E-01,0.000000E+00,0.000000E+00,0.000000E+00,0.000000E+00,0.000000E+00,0.000000E+00,0.000000E+00,0.000000E+00,2.110805E+01,7.994409E+01,2.388805E+01,5.634451E+01
18:31:00,8.010554E+03,2.047857E+03,5.577586E-01,1.808572E-01,0.000000E+00,0.000000E+00,0.000000E+00,0.000000E+00,0.000000E+00,0.000000E+00,0.000000E+00,0.000000E+00,2.110805E+01,7.994409E+01,2.388805E+01,5.636029E+01
18:32:00,8.010554E+03,2.044859E+03,5.577586E-01,1.805925E-01,0.000000E+00,0.000000E+00,0.000000E+00,0.000000E+00,0.000000E+00,0.000000E+00,0.000000E+00,0.000000E+00,2.110805E+01,7.994409E+01,2.388805E+01,5.637624E+01
18:33:00,8.010554E+03,2.041829E+03,5.577586E-01,1.803249E-01,0.000000E+00,0.000000E+00,0.000000E+00,0.000000E+00,0.000000E+00,0.000000E+00,0.000000E+00,0.000000E+00,2.110805E+01,7.994409E+01,2.388805E+01,5.639236E+01
18:34:00,8.010554E+03,2.038767E+03,5.577586E-01,1.800544E-01,0.000000E+00,0.000000E+00,0.000000E+00,0.000000E+00,0.000000E+00,0.000000E+00,0.000000E+00,0.000000E+00,2.110805E+01,7.994409E+01,2.388805E+01,5.640864E+01
18:35:00,8.010554E+03,2.035672E+03,5.577586E-01,1.797810E-01,0.000000E+00,0.000000E+00,0.000000E+00,0.000000E+00,0.000000E+00,0.000000E+00,0.000000E+00,0.000000E+00,2.110805E+01,7.994409E+01,2.388806E+01,5.642509E+01
18:36:00,8.010554E+03,2.032543E+03,5.577586E-01,1.795047E-01,0.000000E+00,0.000000E+00,0.000000E+00,0.000000E+00,0.000000E+00,0.000000E+00,0.000000E+00,0.000000E+00,2.110805E+01,7.994409E+01,2.388806E+01,5.644170E+01
18:37:00,8.010554E+03,2.029382E+03,5.577586E-01,1.792255E-01,0.000000E+00,0.000000E+00,0.000000E+00,0.000000E+00,0.000000E+00,0.000000E+00,0.000000E+00,0.000000E+00,2.110805E+01,7.994409E+01,2.388806E+01,5.645848E+01
18:38:00,8.010554E+03,2.026187E+03,5.577586E-01,1.789433E-01,0.000000E+00,0.000000E+00,0.000000E+00,0.000000E+00,0.000000E+00,0.000000E+00,0.000000E+00,0.000000E+00,2.110805E+01,7.994409E+01,2.388806E+01,5.647542E+01
18:39:00,8.010554E+03,2.022915E+03,5.577586E-01,1.786544E-01,0.000000E+00,0.000000E+00,0.000000E+00,0.000000E+00,0.000000E+00,0.000000E+00,0.000000E+00,0.000000E+00,2.110805E+01,7.994409E+01,2.388806E+01,5.649253E+01
18:40:00,8.010554E+03,2.019606E+03,5.577586E-01,1.783622E-01,0.000000E+00,0.000000E+00,0.000000E+00,0.000000E+00,0.000000E+00,0.000000E+00,0.000000E+00,0.000000E+00,2.110805E+01,7.994409E+01,2.388806E+01,5.651009E+01
18:41:00,8.010554E+03,2.016262E+03,5.577586E-01,1.780668E-01,0.000000E+00,0.000000E+00,0.000000E+00,0.000000E+00,0.000000E+00,0.000000E+00,0.000000E+00,0.000000E+00,2.110805E+01,7.994409E+01,2.388806E+01,5.652801E+01
18:42:00,8.010554E+03,2.012883E+03,5.577586E-01,1.777683E-01,0.000000E+00,0.000000E+00,0.000000E+00,0.000000E+00,0.000000E+00,0.000000E+00,0.000000E+00,0.000000E+00,2.110805E+01,7.994409E+01,2.388806E+01,5.654618E+01
18:43:00,8.010554E+03,2.009468E+03,5.577586E-01,1.774668E-01,0.000000E+00,0.000000E+00,0.000000E+00,0.000000E+00,0.000000E+00,0.000000E+00,0.000000E+00,0.000000E+00,2.110805E+01,7.994409E+01,2.388806E+01,5.656450E+01
18:44:00,8.010554E+03,2.006019E+03,5.577586E-01,1.771622E-01,0.000000E+00,0.000000E+00,0.000000E+00,0.000000E+00,0.000000E+00,0.000000E+00,0.000000E+00,0.000000E+00,2.110805E+01,7.994409E+01,2.388806E+01,5.658298E+01
18:45:00,8.010554E+03,2.002535E+03,5.577586E-01,1.768544E-01,0.000000E+00,0.000000E+00,0.000000E+00,0.000000E+00,0.000000E+00,0.000000E+00,0.000000E+00,0.000000E+00,2.110805E+01,7.994409E+01,2.388807E+01,5.660159E+01
18:46:00,8.010554E+03,1.999016E+03,5.577586E-01,1.765436E-01,0.000000E+00,0.000000E+00,0.000000E+00,0.000000E+00,0.000000E+00,0.000000E+00,0.000000E+00,0.000000E+00,2.110805E+01,7.994409E+01,2.388807E+01,5.662035E+01
18:47:00,8.010554E+03,1.995458E+03,5.577586E-01,1.762295E-01,0.000000E+00,0.000000E+00,0.000000E+00,0.000000E+00,0.000000E+00,0.000000E+00,0.000000E+00,0.000000E+00,2.110805E+01,7.994409E+01,2.388807E+01,5.663926E+01
18:48:00,8.010554E+03,1.991863E+03,5.577586E-01,1.759119E-01,0.000000E+00,0.000000E+00,0.000000E+00,0.000000E+00,0.000000E+00,0.000000E+00,0.000000E+00,0.000000E+00,2.110805E+01,7.994409E+01,2.388807E+01,5.665833E+01
18:49:00,8.010554E+03,1.988229E+03,5.577586E-01,1.755910E-01,0.000000E+00,0.000000E+00,0.000000E+00,0.000000E+00,0.000000E+00,0.000000E+00,0.000000E+00,0.000000E+00,2.110805E+01,7.994409E+01,2.388807E+01,5.667758E+01
18:50:00,8.010554E+03,1.984555E+03,5.577586E-01,1.752665E-01,0.000000E+00,0.000000E+00,0.000000E+00,0.000000E+00,0.000000E+00,0.000000E+00,0.000000E+00,0.000000E+00,2.110805E+01,7.994409E+01,2.388807E+01,5.669703E+01
18:51:00,8.010554E+03,1.980842E+03,5.577586E-01,1.749386E-01,0.000000E+00,0.000000E+00,0.000000E+00,0.000000E+00,0.000000E+00,0.000000E+00,0.000000E+00,0.000000E+00,2.110805E+01,7.994409E+01,2.388807E+01,5.671666E+01
18:52:00,8.010554E+03,1.977090E+03,5.577586E-01,1.746072E-01,0.000000E+00,0.000000E+00,0.000000E+00,0.000000E+00,0.000000E+00,0.000000E+00,0.000000E+00,0.000000E+00,2.110805E+01,7.994409E+01,2.388807E+01,5.673648E+01
18:53:00,8.010554E+03,1.973299E+03,5.577586E-01,1.742724E-01,0.000000E+00,0.000000E+00,0.000000E+00,0.000000E+00,0.000000E+00,0.000000E+00,0.000000E+00,0.000000E+00,2.110805E+01,7.994409E+01,2.388807E+01,5.675648E+01
18:54:00,8.010554E+03,1.969469E+03,5.577586E-01,1.739342E-01,0.000000E+00,0.000000E+00,0.000000E+00,0.000000E+00,0.000000E+00,0.000000E+00,0.000000E+00,0.000000E+00,2.110805E+01,7.994409E+01,2.388807E+01,5.677667E+01
18:55:00,8.010554E+03,1.965600E+03,5.577586E-01,1.735924E-01,0.000000E+00,0.000000E+00,0.000000E+00,0.000000E+00,0.000000E+00,0.000000E+00,0.000000E+00,0.000000E+00,2.110805E+01,7.994409E+01,2.388808E+01,5.679705E+01
18:56:00,8.010554E+03,1.961692E+03,5.577586E-01,1.732473E-01,0.000000E+00,0.000000E+00,0.000000E+00,0.000000E+00,0.000000E+00,0.000000E+00,0.000000E+00,0.000000E+00,2.110805E+01,7.994409E+01,2.388808E+01,5.681760E+01
18:57:00,8.010554E+03,1.957745E+03,5.577586E-01,1.728986E-01,0.000000E+00,0.000000E+00,0.000000E+00,0.000000E+00,0.000000E+00,0.000000E+00,0.000000E+00,0.000000E+00,2.110805E+01,7.994409E+01,2.388808E+01,5.683834E+01
18:58:00,8.010554E+03,1.953758E+03,5.577586E-01,1.725466E-01,0.000000E+00,0.000000E+00,0.000000E+00,0.000000E+00,0.000000E+00,0.000000E+00,0.000000E+00,0.000000E+00,2.110805E+01,7.994409E+01,2.388808E+01,5.685927E+01
18:59:00,8.010554E+03,1.949709E+03,5.577586E-01,1.721890E-01,0.000000E+00,0.000000E+00,0.000000E+00,0.000000E+00,0.000000E+00,0.000000E+00,0.000000E+00,0.000000E+00,2.110805E+01,7.994409E+01,2.388808E+01,5.688036E+01
19:00:00,8.010554E+03,1.945621E+03,5.577586E-01,1.718279E-01,0.000000E+00,0.000000E+00,0.000000E+00,0.000000E+00,0.000000E+00,0.000000E+00,0.000000E+00,0.000000E+00,2.110805E+01,7.994409E+01,2.388808E+01,5.690180E+01
19:01:00,8.010554E+03,1.941519E+03,5.577586E-01,1.714656E-01,0.000000E+00,0.000000E+00,0.000000E+00,0.000000E+00,0.000000E+00,0.000000E+00,0.000000E+00,0.000000E+00,2.110805E+01,7.994409E+01,2.388808E+01,5.692352E+01
19:02:00,8.010554E+03,1.937403E+03,5.577586E-01,1.711021E-01,0.000000E+00,0.000000E+00,0.000000E+00,0.000000E+00,0.000000E+00,0.000000E+00,0.000000E+00,0.000000E+00,2.110805E+01,7.994409E+01,2.388808E+01,5.694535E+01
19:03:00,8.010554E+03,1.933275E+03,5.577586E-01,1.707376E-01,0.000000E+00,0.000000E+00,0.000000E+00,0.000000E+00,0.000000E+00,0.000000E+00,0.000000E+00,0.000000E+00,2.110805E+01,7.994409E+01,2.388808E+01,5.696722E+01
19:04:00,8.010554E+03,1.929135E+03,5.577586E-01,1.703719E-01,0.000000E+00,0.000000E+00,0.000000E+00,0.000000E+00,0.000000E+00,0.000000E+00,0.000000E+00,0.000000E+00,2.110805E+01,7.994409E+01,2.388808E+01,5.698910E+01
19:05:00,8.010554E+03,1.924983E+03,5.577586E-01,1.700052E-01,0.000000E+00,0.000000E+00,0.000000E+00,0.000000E+00,0.000000E+00,0.000000E+00,0.000000E+00,0.000000E+00,2.110805E+01,7.994409E+01,2.388809E+01,5.701097E+01
19:06:00,8.010554E+03,1.920819E+03,5.577586E-01,1.696374E-01,0.000000E+00,0.000000E+00,0.000000E+00,0.000000E+00,0.000000E+00,0.000000E+00,0.000000E+00,0.000000E+00,2.110805E+01,7.994409E+01,2.388809E+01,5.703285E+01
19:07:00,8.010554E+03,1.916644E+03,5.577586E-01,1.692687E-01,0.000000E+00,0.000000E+00,0.000000E+00,0.000000E+00,0.000000E+00,0.000000E+00,0.000000E+00,0.000000E+00,2.110805E+01,7.994409E+01,2.388809E+01,5.705474E+01
19:08:00,8.010554E+03,1.912459E+03,5.577586E-01,1.688991E-01,0.000000E+00,0.000000E+00,0.000000E+00,0.000000E+00,0.000000E+00,0.000000E+00,0.000000E+00,0.000000E+00,2.110805E+01,7.994409E+01,2.388809E+01,5.707665E+01
19:09:00,8.010554E+03,1.908250E+03,5.577586E-01,1.685274E-01,0.000000E+00,0.000000E+00,0.000000E+00,0.000000E+00,0.000000E+00,0.000000E+00,0.000000E+00,0.000000E+00,2.110805E+01,7.994409E+01,2.388809E+01,5.709856E+01
19:10:00,8.010554E+03,1.904032E+03,5.577586E-01,1.681548E-01,0.000000E+00,0.000000E+00,0.000000E+00,0.000000E+00,0.000000E+00,0.000000E+00,0.000000E+00,0.000000E+00,2.110805E+01,7.994409E+01,2.388809E+01,5.712058E+01
19:11:00,8.010554E+03,1.899805E+03,5.577586E-01,1.677815E-01,0.000000E+00,0.000000E+00,0.000000E+00,0.000000E+00,0.000000E+00,0.000000E+00,0.000000E+00,0.000000E+00,2.110805E+01,7.994409E+01,2.388809E+01,5.714266E+01
19:12:00,8.010554E+03,1.895570E+03,5.577586E-01,1.674075E-01,0.000000E+00,0.000000E+00,0.000000E+00,0.000000E+00,0.000000E+00,0.000000E+00,0.000000E+00,0.000000E+00,2.110805E+01,7.994409E+01,2.388809E+01,5.716477E+01
19:13:00,8.010554E+03,1.891329E+03,5.577586E-01,1.670329E-01,0.000000E+00,0.000000E+00,0.000000E+00,0.000000E+00,0.000000E+00,0.000000E+00,0.000000E+00,0.000000E+00,2.110805E+01,7.994409E+01,2.388809E+01,5.718688E+01
19:14:00,8.010554E+03,1.887081E+03,5.577586E-01,1.666577E-01,0.000000E+00,0.000000E+00,0.000000E+00,0.000000E+00,0.000000E+00,0.000000E+00,0.000000E+00,0.000000E+00,2.110805E+01,7.994409E+01,2.388809E+01,5.720899E+01
19:15:00,8.010554E+03,1.882827E+03,5.577586E-01,1.662820E-01,0.000000E+00,0.000000E+00,0.000000E+00,0.000000E+00,0.000000E+00,0.000000E+00,0.000000E+00,0.000000E+00,2.110805E+01,7.994409E+01,2.388809E+01,5.723108E+01
19:16:00,8.010554E+03,1.878512E+03,5.577586E-01,1.659010E-01,0.000000E+00,0.000000E+00,0.000000E+00,0.000000E+00,0.000000E+00,0.000000E+00,0.000000E+00,0.000000E+00,2.110805E+01,7.994409E+01,2.388809E+01,5.725316E+01
19:17:00,8.010554E+03,1.874195E+03,5.577586E-01,1.655197E-01,0.000000E+00,0.000000E+00,0.000000E+00,0.000000E+00,0.000000E+00,0.000000E+00,0.000000E+00,0.000000E+00,2.110805E+01,7.994409E+01,2.388810E+01,5.727562E+01
19:18:00,8.010554E+03,1.869878E+03,5.577586E-01,1.651384E-01,0.000000E+00,0.000000E+00,0.000000E+00,0.000000E+00,0.000000E+00,0.000000E+00,0.000000E+00,0.000000E+00,2.110805E+01,7.994409E+01,2.388810E+01,5.729830E+01
19:19:00,8.010554E+03,1.865562E+03,5.577586E-01,1.647572E-01,0.000000E+00,0.000000E+00,0.000000E+00,0.000000E+00,0.000000E+00,0.000000E+00,0.000000E+00,0.000000E+00,2.110805E+01,7.994409E+01,2.388810E+01,5.732101E+01
19:20:00,8.010554E+03,1.861248E+03,5.577586E-01,1.643762E-01,0.000000E+00,0.000000E+00,0.000000E+00,0.000000E+00,0.000000E+00,0.000000E+00,0.000000E+00,0.000000E+00,2.110805E+01,7.994409E+01,2.388810E+01,5.734363E+01
19:21:00,8.010554E+03,1.856935E+03,5.577586E-01,1.639953E-01,0.000000E+00,0.000000E+00,0.000000E+00,0.000000E+00,0.000000E+00,0.000000E+00,0.000000E+00,0.000000E+00,2.110805E+01,7.994409E+01,2.388810E+01,5.736615E+01
19:22:00,8.010554E+03,1.852626E+03,5.577586E-01,1.636148E-01,0.000000E+00,0.000000E+00,0.000000E+00,0.000000E+00,0.000000E+00,0.000000E+00,0.000000E+00,0.000000E+00,2.110805E+01,7.994409E+01,2.388810E+01,5.738858E+01
19:23:00,8.010554E+03,1.848320E+03,5.577586E-01,1.632345E-01,0.000000E+00,0.000000E+00,0.000000E+00,0.000000E+00,0.000000E+00,0.000000E+00,0.000000E+00,0.000000E+00,2.110805E+01,7.994409E+01,2.388810E+01,5.741091E+01
19:24:00,8.010554E+03,1.844018E+03,5.577586E-01,1.628545E-01,0.000000E+00,0.000000E+00,0.000000E+00,0.000000E+00,0.000000E+00,0.000000E+00,0.000000E+00,0.000000E+00,2.110805E+01,7.994409E+01,2.388810E+01,5.743316E+01
19:25:00,8.010554E+03,1.839721E+03,5.577586E-01,1.624750E-01,0.000000E+00,0.000000E+00,0.000000E+00,0.000000E+00,0.000000E+00,0.000000E+00,0.000000E+00,0.000000E+00,2.110805E+01,7.994409E+01,2.388810E+01,5.745534E+01
19:26:00,8.010554E+03,1.835428E+03,5.577586E-01,1.620958E-01,0.000000E+00,0.000000E+00,0.000000E+00,0.000000E+00,0.000000E+00,0.000000E+00,0.000000E+00,0.000000E+00,2.110805E+01,7.994409E+01,2.388810E+01,5.747744E+01
19:27:00,8.010554E+03,1.831140E+03,5.577586E-01,1.617172E-01,0.000000E+00,0.000000E+00,0.000000E+00,0.000000E+00,0.000000E+00,0.000000E+00,0.000000E+00,0.000000E+00,2.110805E+01,7.994409E+01,2.388810E+01,5.749947E+01
19:28:00,8.010554E+03,1.826858E+03,5.577586E-01,1.613390E-01,0.000000E+00,0.000000E+00,0.000000E+00,0.000000E+00,0.000000E+00,0.000000E+00,0.000000E+00,0.000000E+00,2.110805E+01,7.994409E+01,2.388810E+01,5.752144E+01
19:29:00,8.010554E+03,1.822582E+03,5.577586E-01,1.609613E-01,0.000000E+00,0.000000E+00,0.000000E+00,0.000000E+00,0.000000E+00,0.000000E+00,0.000000E+00,0.000000E+00,2.110805E+01,7.994409E+01,2.388810E+01,5.754335E+01
19:30:00,8.010554E+03,1.818312E+03,5.577586E-01,1.605842E-01,0.000000E+00,0.000000E+00,0.000000E+00,0.000000E+00,0.000000E+00,0.000000E+00,0.000000E+00,0.000000E+00,2.110805E+01,7.994409E+01,2.388810E+01,5.756520E+01
19:31:00,8.010554E+03,1.814049E+03,5.577586E-01,1.602077E-01,0.000000E+00,0.000000E+00,0.000000E+00,0.000000E+00,0.000000E+00,0.000000E+00,0.000000E+00,0.000000E+00,2.110805E+01,7.994409E+01,2.388810E+01,5.758700E+01
19:32:00,8.010554E+03,1.809793E+03,5.577586E-01,1.598318E-01,0.000000E+00,0.000000E+00,0.000000E+00,0.000000E+00,0.000000E+00,0.000000E+00,0.000000E+00,0.000000E+00,2.110805E+01,7.994409E+01,2.388810E+01,5.760876E+01
19:33:00,8.010554E+03,1.805545E+03,5.577586E-01,1.594566E-01,0.000000E+00,0.000000E+00,0.000000E+00,0.000000E+00,0.000000E+00,0.000000E+00,0.000000E+00,0.000000E+00,2.110805E+01,7.994409E+01,2.388810E+01,5.763047E+01
19:34:00,8.010554E+03,1.801304E+03,5.577586E-01,1.590821E-01,0.000000E+00,0.000000E+00,0.000000E+00,0.000000E+00,0.000000E+00,0.000000E+00,0.000000E+00,0.000000E+00,2.110805E+01,7.994409E+01,2.388811E+01,5.765215E+01
19:35:00,8.010554E+03,1.797071E+03,5.577586E-01,1.587083E-01,0.000000E+00,0.000000E+00,0.000000E+00,0.000000E+00,0.000000E+00,0.000000E+00,0.000000E+00,0.000000E+00,2.110805E+01,7.994409E+01,2.388811E+01,5.767379E+01
19:36:00,8.010554E+03,1.792848E+03,5.577586E-01,1.583352E-01,0.000000E+00,0.000000E+00,0.000000E+00,0.000000E+00,0.000000E+00,0.000000E+00,0.000000E+00,0.000000E+00,2.110805E+01,7.994409E+01,2.388811E+01,5.769540E+01
19:37:00,8.010554E+03,1.788633E+03,5.577586E-01,1.579630E-01,0.000000E+00,0.000000E+00,0.000000E+00,0.000000E+00,0.000000E+00,0.000000E+00,0.000000E+00,0.000000E+00,2.110805E+01,7.994409E+01,2.388811E+01,5.771698E+01
19:38:00,8.010554E+03,1.784427E+03,5.577586E-01,1.575915E-01,0.000000E+00,0.000000E+00,0.000000E+00,0.000000E+00,0.000000E+00,0.000000E+00,0.000000E+00,0.000000E+00,2.110805E+01,7.994409E+01,2.388811E+01,5.773854E+01
19:39:00,8.010554E+03,1.780274E+03,5.577586E-01,1.572247E-01,0.000000E+00,0.000000E+00,0.000000E+00,0.000000E+00,0.000000E+00,0.000000E+00,0.000000E+00,0.000000E+00,2.110805E+01,7.994409E+01,2.388811E+01,5.776008E+01
19:40:00,8.010554E+03,1.776134E+03,5.577586E-01,1.568591E-01,0.000000E+00,0.000000E+00,0.000000E+00,0.000000E+00,0.000000E+00,0.000000E+00,0.000000E+00,0.000000E+00,2.110805E+01,7.994409E+01,2.388811E+01,5.778160E+01
19:41:00,8.010554E+03,1.772007E+03,5.577586E-01,1.564946E-01,0.000000E+00,0.000000E+00,0.000000E+00,0.000000E+00,0.000000E+00,0.000000E+00,0.000000E+00,0.000000E+00,2.110805E+01,7.994409E+01,2.388811E+01,5.780311E+01
19:42:00,8.010554E+03,1.767891E+03,5.577586E-01,1.561311E-01,0.000000E+00,0.000000E+00,0.000000E+00,0.000000E+00,0.000000E+00,0.000000E+00,0.000000E+00,0.000000E+00,2.110805E+01,7.994409E+01,2.388811E+01,5.782461E+01
19:43:00,8.010554E+03,1.763786E+03,5.577586E-01,1.557686E-01,0.000000E+00,0.000000E+00,0.000000E+00,0.000000E+00,0.000000E+00,0.000000E+00,0.000000E+00,0.000000E+00,2.110805E+01,7.994409E+01,2.388811E+01,5.784610E+01
19:44:00,8.010554E+03,1.759694E+03,5.577586E-01,1.554072E-01,0.000000E+00,0.000000E+00,0.000000E+00,0.000000E+00,0.000000E+00,0.000000E+00,0.000000E+00,0.000000E+00,2.110805E+01,7.994409E+01,2.388811E+01,5.786758E+01
19:45:00,8.010554E+03,1.755614E+03,5.577586E-01,1.550468E-01,0.000000E+00,0.000000E+00,0.000000E+00,0.000000E+00,0.000000E+00,0.000000E+00,0.000000E+00,0.000000E+00,2.110805E+01,7.994409E+01,2.388811E+01,5.788907E+01
19:46:00,8.010554E+03,1.751546E+03,5.577586E-01,1.546875E-01,0.000000E+00,0.000000E+00,0.000000E+00,0.000000E+00,0.000000E+00,0.000000E+00,0.000000E+00,0.000000E+00,2.110805E+01,7.994409E+01,2.388811E+01,5.791055E+01
19:47:00,8.010554E+03,1.747493E+03,5.577586E-01,1.543297E-01,0.000000E+00,0.000000E+00,0.000000E+00,0.000000E+00,0.000000E+00,0.000000E+00,0.000000E+00,0.000000E+00,2.110805E+01,7.994409E+01,2.388811E+01,5.793203E+01
19:48:00,8.010554E+03,1.743458E+03,5.577586E-01,1.539732E-01,0.000000E+00,0.000000E+00,0.000000E+00,0.000000E+00,0.000000E+00,0.000000E+00,0.000000E+00,0.000000E+00,2.110805E+01,7.994409E+01,2.388811E+01,5.795352E+01
19:49:00,8.010554E+03,1.739438E+03,5.577586E-01,1.536183E-01,0.000000E+00,0.000000E+00,0.000000E+00,0.000000E+00,0.000000E+00,0.000000E+00,0.000000E+00,0.000000E+00,2.110805E+01,7.994409E+01,2.388812E+01,5.797502E+01
19:50:00,8.010554E+03,1.735436E+03,5.577586E-01,1.532648E-01,0.000000E+00,0.000000E+00,0.000000E+00,0.000000E+00,0.000000E+00,0.000000E+00,0.000000E+00,0.000000E+00,2.110805E+01,7.994409E+01,2.388812E+01,5.799652E+01
19:51:00,8.010554E+03,1.731451E+03,5.577586E-01,1.529129E-01,0.000000E+00,0.000000E+00,0.000000E+00,0.000000E+00,0.000000E+00,0.000000E+00,0.000000E+00,0.000000E+00,2.110805E+01,7.994409E+01,2.388812E+01,5.801804E+01
19:52:00,8.010554E+03,1.727485E+03,5.577586E-01,1.525625E-01,0.000000E+00,0.000000E+00,0.000000E+00,0.000000E+00,0.000000E+00,0.000000E+00,0.000000E+00,0.000000E+00,2.110805E+01,7.994409E+01,2.388812E+01,5.803957E+01
19:53:00,8.010554E+03,1.723536E+03,5.577586E-01,1.522138E-01,0.000000E+00,0.000000E+00,0.000000E+00,0.000000E+00,0.000000E+00,0.000000E+00,0.000000E+00,0.000000E+00,2.110805E+01,7.994409E+01,2.388812E+01,5.806111E+01
19:54:00,8.010554E+03,1.719605E+03,5.577586E-01,1.518666E-01,0.000000E+00,0.000000E+00,0.000000E+00,0.000000E+00,0.000000E+00,0.000000E+00,0.000000E+00,0.000000E+00,2.110805E+01,7.994409E+01,2.388812E+01,5.808267E+01
19:55:00,8.010554E+03,1.715694E+03,5.577586E-01,1.515212E-01,0.000000E+00,0.000000E+00,0.000000E+00,0.000000E+00,0.000000E+00,0.000000E+00,0.000000E+00,0.000000E+00,2.110805E+01,7.994409E+01,2.388812E+01,5.810425E+01
19:56:00,8.010554E+03,1.711801E+03,5.577586E-01,1.511774E-01,0.000000E+00,0.000000E+00,0.000000E+00,0.000000E+00,0.000000E+00,0.000000E+00,0.000000E+00,0.000000E+00,2.110805E+01,7.994409E+01,2.388812E+01,5.812585E+01
19:57:00,8.010554E+03,1.707927E+03,5.577586E-01,1.508353E-01,0.000000E+00,0.000000E+00,0.000000E+00,0.000000E+00,0.000000E+00,0.000000E+00,0.000000E+00,0.000000E+00,2.110805E+01,7.994409E+01,2.388812E+01,5.814747E+01
19:58:00,8.010554E+03,1.704073E+03,5.577586E-01,1.504949E-01,0.000000E+00,0.000000E+00,0.000000E+00,0.000000E+00,0.000000E+00,0.000000E+00,0.000000E+00,0.000000E+00,2.110805E+01,7.994409E+01,2.388812E+01,5.816911E+01
19:59:00,8.010554E+03,1.700261E+03,5.577586E-01,1.501582E-01,0.000000E+00,0.000000E+00,0.000000E+00,0.000000E+00,0.000000E+00,0.000000E+00,0.000000E+00,0.000000E+00,2.110805E+01,7.994409E+01,2.388812E+01,5.819078E+01
20:00:00,8.010554E+03,1.696471E+03,5.577586E-01,1.498235E-01,0.000000E+00,0.000000E+00,0.000000E+00,0.000000E+00,0.000000E+00,0.000000E+00,0.000000E+00,0.000000E+00,2.110805E+01,7.994409E+01,2.388812E+01,5.821247E+01
20:01:00,8.010554E+03,1.692694E+03,5.577586E-01,1.494900E-01,0.000000E+00,0.000000E+00,0.000000E+00,0.000000E+00,0.000000E+00,0.000000E+00,0.000000E+00,0.000000E+00,2.110805E+01,7.994409E+01,2.388812E+01,5.823419E+01
20:02:00,8.010554E+03,1.688932E+03,5.577586E-01,1.491577E-01,0.000000E+00,0.000000E+00,0.000000E+00,0.000000E+00,0.000000E+00,0.000000E+00,0.000000E+00,0.000000E+00,2.110805E+01,7.994409E+01,2.388813E+01,5.825590E+01
20:03:00,8.010554E+03,1.685184E+03,5.577586E-01,1.488266E-01,0.000000E+00,0.000000E+00,0.000000E+00,0.000000E+00,0.000000E+00,0.000000E+00,0.000000E+00,0.000000E+00,2.110805E+01,7.994409E+01,2.388813E+01,5.827756E+01
20:04:00,8.010554E+03,1.681450E+03,5.577586E-01,1.484968E-01,0.000000E+00,0.000000E+00,0.000000E+00,0.000000E+00,0.000000E+00,0.000000E+00,0.000000E+00,0.000000E+00,2.110805E+01,7.994409E+01,2.388813E+01,5.829918E+01
20:05:00,8.010554E+03,1.677729E+03,5.577586E-01,1.481682E-01,0.000000E+00,0.000000E+00,0.000000E+00,0.000000E+00,0.000000E+00,0.000000E+00,0.000000E+00,0.000000E+00,2.110805E+01,7.994409E+01,2.388813E+01,5.832075E+01
20:06:00,8.010554E+03,1.674022E+03,5.577586E-01,1.478408E-01,0.000000E+00,0.000000E+00,0.000000E+00,0.000000E+00,0.000000E+00,0.000000E+00,0.000000E+00,0.000000E+00,2.110805E+01,7.994409E+01,2.388813E+01,5.834228E+01
20:07:00,8.010554E+03,1.670328E+03,5.577586E-01,1.475146E-01,0.000000E+00,0.000000E+00,0.000000E+00,0.000000E+00,0.000000E+00,0.000000E+00,0.000000E+00,0.000000E+00,2.110805E+01,7.994409E+01,2.388813E+01,5.836378E+01
20:08:00,8.010554E+03,1.666648E+03,5.577586E-01,1.471896E-01,0.000000E+00,0.000000E+00,0.000000E+00,0.000000E+00,0.000000E+00,0.000000E+00,0.000000E+00,0.000000E+00,2.110805E+01,7.994409E+01,2.388813E+01,5.838525E+01
20:09:00,8.010554E+03,1.662994E+03,5.577586E-01,1.468669E-01,0.000000E+00,0.000000E+00,0.000000E+00,0.000000E+00,0.000000E+00,0.000000E+00,0.000000E+00,0.000000E+00,2.110805E+01,7.994409E+01,2.388813E+01,5.840668E+01
20:10:00,8.010554E+03,1.659354E+03,5.577586E-01,1.465454E-01,0.000000E+00,0.000000E+00,0.000000E+00,0.000000E+00,0.000000E+00,0.000000E+00,0.000000E+00,0.000000E+00,2.110805E+01,7.994409E+01,2.388813E+01,5.842809E+01
20:11:00,8.010554E+03,1.655725E+03,5.577586E-01,1.462249E-01,0.000000E+00,0.000000E+00,0.000000E+00,0.000000E+00,0.000000E+00,0.000000E+00,0.000000E+00,0.000000E+00,2.110805E+01,7.994409E+01,2.388813E+01,5.844948E+01
20:12:00,8.010554E+03,1.652109E+03,5.577586E-01,1.459056E-01,0.000000E+00,0.000000E+00,0.000000E+00,0.000000E+00,0.000000E+00,0.000000E+00,0.000000E+00,0.000000E+00,2.110805E+01,7.994409E+01,2.388813E+01,5.847084E+01
20:13:00,8.010554E+03,1.648504E+03,5.577586E-01,1.455872E-01,0.000000E+00,0.000000E+00,0.000000E+00,0.000000E+00,0.000000E+00,0.000000E+00,0.000000E+00,0.000000E+00,2.110805E+01,7.994409E+01,2.388813E+01,5.849219E+01
20:14:00,8.010554E+03,1.644911E+03,5.577586E-01,1.452698E-01,0.000000E+00,0.000000E+00,0.000000E+00,0.000000E+00,0.000000E+00,0.000000E+00,0.000000E+00,0.000000E+00,2.110805E+01,7.994409E+01,2.388813E+01,5.851353E+01
20:15:00,8.010554E+03,1.641328E+03,5.577586E-01,1.449534E-01,0.000000E+00,0.000000E+00,0.000000E+00,0.000000E+00,0.000000E+00,0.000000E+00,0.000000E+00,0.000000E+00,2.110805E+01,7.994409E+01,2.388813E+01,5.853485E+01
20:16:00,8.010554E+03,1.637812E+03,5.577586E-01,1.446429E-01,0.000000E+00,0.000000E+00,0.000000E+00,0.000000E+00,0.000000E+00,0.000000E+00,0.000000E+00,0.000000E+00,2.110805E+01,7.994409E+01,2.388813E+01,5.855616E+01
20:17:00,8.010554E+03,1.634305E+03,5.577586E-01,1.443331E-01,0.000000E+00,0.000000E+00,0.000000E+00,0.000000E+00,0.000000E+00,0.000000E+00,0.000000E+00,0.000000E+00,2.110805E+01,7.994409E+01,2.388813E+01,5.857746E+01
20:18:00,8.010554E+03,1.630804E+03,5.577586E-01,1.440239E-01,0.000000E+00,0.000000E+00,0.000000E+00,0.000000E+00,0.000000E+00,0.000000E+00,0.000000E+00,0.000000E+00,2.110805E+01,7.994409E+01,2.388814E+01,5.859875E+01
20:19:00,8.010554E+03,1.627308E+03,5.577586E-01,1.437152E-01,0.000000E+00,0.000000E+00,0.000000E+00,0.000000E+00,0.000000E+00,0.000000E+00,0.000000E+00,0.000000E+00,2.110805E+01,7.994409E+01,2.388814E+01,5.862004E+01
20:20:00,8.010554E+03,1.623819E+03,5.577586E-01,1.434070E-01,0.000000E+00,0.000000E+00,0.000000E+00,0.000000E+00,0.000000E+00,0.000000E+00,0.000000E+00,0.000000E+00,2.110805E+01,7.994409E+01,2.388814E+01,5.864133E+01
20:21:00,8.010554E+03,1.620334E+03,5.577586E-01,1.430993E-01,0.000000E+00,0.000000E+00,0.000000E+00,0.000000E+00,0.000000E+00,0.000000E+00,0.000000E+00,0.000000E+00,2.110805E+01,7.994409E+01,2.388814E+01,5.866262E+01
20:22:00,8.010554E+03,1.616855E+03,5.577586E-01,1.427920E-01,0.000000E+00,0.000000E+00,0.000000E+00,0.000000E+00,0.000000E+00,0.000000E+00,0.000000E+00,0.000000E+00,2.110805E+01,7.994409E+01,2.388814E+01,5.868390E+01
20:23:00,8.010554E+03,1.613381E+03,5.577586E-01,1.424852E-01,0.000000E+00,0.000000E+00,0.000000E+00,0.000000E+00,0.000000E+00,0.000000E+00,0.000000E+00,0.000000E+00,2.110805E+01,7.994409E+01,2.388814E+01,5.870519E+01
20:24:00,8.010554E+03,1.609912E+03,5.577586E-01,1.421788E-01,0.000000E+00,0.000000E+00,0.000000E+00,0.000000E+00,0.000000E+00,0.000000E+00,0.000000E+00,0.000000E+00,2.110805E+01,7.994409E+01,2.388814E+01,5.872648E+01
20:25:00,8.010554E+03,1.606447E+03,5.577586E-01,1.418728E-01,0.000000E+00,0.000000E+00,0.000000E+00,0.000000E+00,0.000000E+00,0.000000E+00,0.000000E+00,0.000000E+00,2.110805E+01,7.994409E+01,2.388814E+01,5.874779E+01
20:26:00,8.010554E+03,1.602988E+03,5.577586E-01,1.415673E-01,0.000000E+00,0.000000E+00,0.000000E+00,0.000000E+00,0.000000E+00,0.000000E+00,0.000000E+00,0.000000E+00,2.110805E+01,7.994409E+01,2.388814E+01,5.876909E+01
20:27:00,8.010554E+03,1.599533E+03,5.577586E-01,1.412622E-01,0.000000E+00,0.000000E+00,0.000000E+00,0.000000E+00,0.000000E+00,0.000000E+00,0.000000E+00,0.000000E+00,2.110805E+01,7.994409E+01,2.388814E+01,5.879040E+01
20:28:00,8.010554E+03,1.596083E+03,5.577586E-01,1.409575E-01,0.000000E+00,0.000000E+00,0.000000E+00,0.000000E+00,0.000000E+00,0.000000E+00,0.000000E+00,0.000000E+00,2.110805E+01,7.994409E+01,2.388814E+01,5.881172E+01
20:29:00,8.010554E+03,1.592639E+03,5.577586E-01,1.406533E-01,0.000000E+00,0.000000E+00,0.000000E+00,0.000000E+00,0.000000E+00,0.000000E+00,0.000000E+00,0.000000E+00,2.110805E+01,7.994409E+01,2.388814E+01,5.883306E+01
20:30:00,8.010554E+03,1.589199E+03,5.577586E-01,1.403495E-01,0.000000E+00,0.000000E+00,0.000000E+00,0.000000E+00,0.000000E+00,0.000000E+00,0.000000E+00,0.000000E+00,2.110805E+01,7.994409E+01,2.388814E+01,5.885440E+01
20:31:00,8.010554E+03,1.585764E+03,5.577586E-01,1.400462E-01,0.000000E+00,0.000000E+00,0.000000E+00,0.000000E+00,0.000000E+00,0.000000E+00,0.000000E+00,0.000000E+00,2.110805E+01,7.994409E+01,2.388814E+01,5.887575E+01
20:32:00,8.010554E+03,1.582335E+03,5.577586E-01,1.397433E-01,0.000000E+00,0.000000E+00,0.000000E+00,0.000000E+00,0.000000E+00,0.000000E+00,0.000000E+00,0.000000E+00,2.110805E+01,7.994409E+01,2.388815E+01,5.889712E+01
20:33:00,8.010554E+03,1.578911E+03,5.577586E-01,1.394409E-01,0.000000E+00,0.000000E+00,0.000000E+00,0.000000E+00,0.000000E+00,0.000000E+00,0.000000E+00,0.000000E+00,2.110805E+01,7.994409E+01,2.388815E+01,5.891851E+01
20:34:00,8.010554E+03,1.575492E+03,5.577586E-01,1.391389E-01,0.000000E+00,0.000000E+00,0.000000E+00,0.000000E+00,0.000000E+00,0.000000E+00,0.000000E+00,0.000000E+00,2.110805E+01,7.994409E+01,2.388815E+01,5.893990E+01
20:35:00,8.010554E+03,1.572078E+03,5.577586E-01,1.388374E-01,0.000000E+00,0.000000E+00,0.000000E+00,0.000000E+00,0.000000E+00,0.000000E+00,0.000000E+00,0.000000E+00,2.110805E+01,7.994409E+01,2.388815E+01,5.896132E+01
20:36:00,8.010554E+03,1.568670E+03,5.577586E-01,1.385364E-01,0.000000E+00,0.000000E+00,0.000000E+00,0.000000E+00,0.000000E+00,0.000000E+00,0.000000E+00,0.000000E+00,2.110805E+01,7.994409E+01,2.388815E+01,5.898275E+01
20:37:00,8.010554E+03,1.565267E+03,5.577586E-01,1.382359E-01,0.000000E+00,0.000000E+00,0.000000E+00,0.000000E+00,0.000000E+00,0.000000E+00,0.000000E+00,0.000000E+00,2.110805E+01,7.994409E+01,2.388815E+01,5.900420E+01
20:38:00,8.010554E+03,1.561869E+03,5.577586E-01,1.379359E-01,0.000000E+00,0.000000E+00,0.000000E+00,0.000000E+00,0.000000E+00,0.000000E+00,0.000000E+00,0.000000E+00,2.110805E+01,7.994409E+01,2.388815E+01,5.902567E+01
20:39:00,8.010554E+03,1.558478E+03,5.577586E-01,1.376363E-01,0.000000E+00,0.000000E+00,0.000000E+00,0.000000E+00,0.000000E+00,0.000000E+00,0.000000E+00,0.000000E+00,2.110805E+01,7.994409E+01,2.388815E+01,5.904715E+01
20:40:00,8.010554E+03,1.555092E+03,5.577586E-01,1.373372E-01,0.000000E+00,0.000000E+00,0.000000E+00,0.000000E+00,0.000000E+00,0.000000E+00,0.000000E+00,0.000000E+00,2.110805E+01,7.994409E+01,2.388815E+01,5.906866E+01
20:41:00,8.010554E+03,1.551711E+03,5.577586E-01,1.370387E-01,0.000000E+00,0.000000E+00,0.000000E+00,0.000000E+00,0.000000E+00,0.000000E+00,0.000000E+00,0.000000E+00,2.110805E+01,7.994409E+01,2.388815E+01,5.909018E+01
20:42:00,8.010554E+03,1.548336E+03,5.577586E-01,1.367407E-01,0.000000E+00,0.000000E+00,0.000000E+00,0.000000E+00,0.000000E+00,0.000000E+00,0.000000E+00,0.000000E+00,2.110805E+01,7.994409E+01,2.388815E+01,5.911173E+01
20:43:00,8.010554E+03,1.544968E+03,5.577586E-01,1.364431E-01,0.000000E+00,0.000000E+00,0.000000E+00,0.000000E+00,0.000000E+00,0.000000E+00,0.000000E+00,0.000000E+00,2.110805E+01,7.994409E+01,2.388815E+01,5.913330E+01
20:44:00,8.010554E+03,1.541605E+03,5.577586E-01,1.361461E-01,0.000000E+00,0.000000E+00,0.000000E+00,0.000000E+00,0.000000E+00,0.000000E+00,0.000000E+00,0.000000E+00,2.110805E+01,7.994409E+01,2.388815E+01,5.915489E+01
20:45:00,8.010554E+03,1.538248E+03,5.577586E-01,1.358497E-01,0.000000E+00,0.000000E+00,0.000000E+00,0.000000E+00,0.000000E+00,0.000000E+00,0.000000E+00,0.000000E+00,2.110805E+01,7.994409E+01,2.388816E+01,5.917650E+01
20:46:00,8.010554E+03,1.534897E+03,5.577586E-01,1.355537E-01,0.000000E+00,0.000000E+00,0.000000E+00,0.000000E+00,0.000000E+00,0.000000E+00,0.000000E+00,0.000000E+00,2.110805E+01,7.994409E+01,2.388816E+01,5.919814E+01
20:47:00,8.010554E+03,1.531552E+03,5.577586E-01,1.352583E-01,0.000000E+00,0.000000E+00,0.000000E+00,0.000000E+00,0.000000E+00,0.000000E+00,0.000000E+00,0.000000E+00,2.110805E+01,7.994409E+01,2.388816E+01,5.921980E+01
20:48:00,8.010554E+03,1.528214E+03,5.577586E-01,1.349635E-01,0.000000E+00,0.000000E+00,0.000000E+00,0.000000E+00,0.000000E+00,0.000000E+00,0.000000E+00,0.000000E+00,2.110805E+01,7.994409E+01,2.388816E+01,5.924148E+01
20:49:00,8.010554E+03,1.524882E+03,5.577586E-01,1.346692E-01,0.000000E+00,0.000000E+00,0.000000E+00,0.000000E+00,0.000000E+00,0.000000E+00,0.000000E+00,0.000000E+00,2.110805E+01,7.994409E+01,2.388816E+01,5.926318E+01
20:50:00,8.010554E+03,1.521556E+03,5.577586E-01,1.343755E-01,0.000000E+00,0.000000E+00,0.000000E+00,0.000000E+00,0.000000E+00,0.000000E+00,0.000000E+00,0.000000E+00,2.110805E+01,7.994409E+01,2.388816E+01,5.928491E+01
20:51:00,8.010554E+03,1.518236E+03,5.577586E-01,1.340823E-01,0.000000E+00,0.000000E+00,0.000000E+00,0.000000E+00,0.000000E+00,0.000000E+00,0.000000E+00,0.000000E+00,2.110805E+01,7.994409E+01,2.388816E+01,5.930667E+01
20:52:00,8.010554E+03,1.514923E+03,5.577586E-01,1.337897E-01,0.000000E+00,0.000000E+00,0.000000E+00,0.000000E+00,0.000000E+00,0.000000E+00,0.000000E+00,0.000000E+00,2.110805E+01,7.994409E+01,2.388816E+01,5.932845E+01
20:53:00,8.010554E+03,1.511617E+03,5.577586E-01,1.334977E-01,0.000000E+00,0.000000E+00,0.000000E+00,0.000000E+00,0.000000E+00,0.000000E+00,0.000000E+00,0.000000E+00,2.110805E+01,7.994409E+01,2.388816E+01,5.935025E+01
20:54:00,8.010554E+03,1.508317E+03,5.577586E-01,1.332063E-01,0.000000E+00,0.000000E+00,0.000000E+00,0.000000E+00,0.000000E+00,0.000000E+00,0.000000E+00,0.000000E+00,2.110805E+01,7.994409E+01,2.388816E+01,5.937208E+01
20:55:00,8.010554E+03,1.505024E+03,5.577586E-01,1.329154E-01,0.000000E+00,0.000000E+00,0.000000E+00,0.000000E+00,0.000000E+00,0.000000E+00,0.000000E+00,0.000000E+00,2.110805E+01,7.994409E+01,2.388816E+01,5.939394E+01
20:56:00,8.010554E+03,1.501738E+03,5.577586E-01,1.326252E-01,0.000000E+00,0.000000E+00,0.000000E+00,0.000000E+00,0.000000E+00,0.000000E+00,0.000000E+00,0.000000E+00,2.110805E+01,7.994409E+01,2.388816E+01,5.941582E+01
20:57:00,8.010554E+03,1.498458E+03,5.577586E-01,1.323356E-01,0.000000E+00,0.000000E+00,0.000000E+00,0.000000E+00,0.000000E+00,0.000000E+00,0.000000E+00,0.000000E+00,2.110805E+01,7.994409E+01,2.388816E+01,5.943772E+01
20:58:00,8.010554E+03,1.495186E+03,5.577586E-01,1.320466E-01,0.000000E+00,0.000000E+00,0.000000E+00,0.000000E+00,0.000000E+00,0.000000E+00,0.000000E+00,0.000000E+00,2.110805E+01,7.994409E+01,2.388817E+01,5.945966E+01
20:59:00,8.010554E+03,1.491920E+03,5.577586E-01,1.317582E-01,0.000000E+00,0.000000E+00,0.000000E+00,0.000000E+00,0.000000E+00,0.000000E+00,0.000000E+00,0.000000E+00,2.110805E+01,7.994409E+01,2.388817E+01,5.948161E+01
21:00:00,8.010554E+03,1.488662E+03,5.577586E-01,1.314704E-01,0.000000E+00,0.000000E+00,0.000000E+00,0.000000E+00,0.000000E+00,0.000000E+00,0.000000E+00,0.000000E+00,2.110805E+01,7.994409E+01,2.388817E+01,5.950360E+01
21:01:00,8.010554E+03,1.485405E+03,5.577586E-01,1.311827E-01,0.000000E+00,0.000000E+00,0.000000E+00,0.000000E+00,0.000000E+00,0.000000E+00,0.000000E+00,0.000000E+00,2.110805E+01,7.994409E+01,2.388817E+01,5.952561E+01
21:02:00,8.010554E+03,1.482150E+03,5.577586E-01,1.308952E-01,0.000000E+00,0.000000E+00,0.000000E+00,0.000000E+00,0.000000E+00,0.000000E+00,0.000000E+00,0.000000E+00,2.110805E+01,7.994409E+01,2.388817E+01,5.954764E+01
21:03:00,8.010554E+03,1.478896E+03,5.577586E-01,1.306079E-01,0.000000E+00,0.000000E+00,0.000000E+00,0.000000E+00,0.000000E+00,0.000000E+00,0.000000E+00,0.000000E+00,2.110805E+01,7.994409E+01,2.388817E+01,5.956971E+01
21:04:00,8.010554E+03,1.475644E+03,5.577586E-01,1.303206E-01,0.000000E+00,0.000000E+00,0.000000E+00,0.000000E+00,0.000000E+00,0.000000E+00,0.000000E+00,0.000000E+00,2.110805E+01,7.994409E+01,2.388817E+01,5.959180E+01
21:05:00,8.010554E+03,1.472393E+03,5.577586E-01,1.300336E-01,0.000000E+00,0.000000E+00,0.000000E+00,0.000000E+00,0.000000E+00,0.000000E+00,0.000000E+00,0.000000E+00,2.110805E+01,7.994409E+01,2.388817E+01,5.961392E+01
21:06:00,8.010554E+03,1.469145E+03,5.577586E-01,1.297467E-01,0.000000E+00,0.000000E+00,0.000000E+00,0.000000E+00,0.000000E+00,0.000000E+00,0.000000E+00,0.000000E+00,2.110805E+01,7.994409E+01,2.388817E+01,5.963606E+01
21:07:00,8.010554E+03,1.465899E+03,5.577586E-01,1.294600E-01,0.000000E+00,0.000000E+00,0.000000E+00,0.000000E+00,0.000000E+00,0.000000E+00,0.000000E+00,0.000000E+00,2.110805E+01,7.994409E+01,2.388817E+01,5.965823E+01
21:08:00,8.010554E+03,1.462654E+03,5.577586E-01,1.291734E-01,0.000000E+00,0.000000E+00,0.000000E+00,0.000000E+00,0.000000E+00,0.000000E+00,0.000000E+00,0.000000E+00,2.110805E+01,7.994409E+01,2.388817E+01,5.968043E+01
21:09:00,8.010554E+03,1.459412E+03,5.577586E-01,1.288871E-01,0.000000E+00,0.000000E+00,0.000000E+00,0.000000E+00,0.000000E+00,0.000000E+00,0.000000E+00,0.000000E+00,2.110805E+01,7.994409E+01,2.388817E+01,5.970265E+01
21:10:00,8.010554E+03,1.456171E+03,5.577586E-01,1.286009E-01,0.000000E+00,0.000000E+00,0.000000E+00,0.000000E+00,0.000000E+00,0.000000E+00,0.000000E+00,0.000000E+00,2.110805E+01,7.994409E+01,2.388817E+01,5.972491E+01
21:11:00,8.010554E+03,1.452933E+03,5.577586E-01,1.283149E-01,0.000000E+00,0.000000E+00,0.000000E+00,0.000000E+00,0.000000E+00,0.000000E+00,0.000000E+00,0.000000E+00,2.110805E+01,7.994409E+01,2.388818E+01,5.974719E+01
21:12:00,8.010554E+03,1.449697E+03,5.577586E-01,1.280291E-01,0.000000E+00,0.000000E+00,0.000000E+00,0.000000E+00,0.000000E+00,0.000000E+00,0.000000E+00,0.000000E+00,2.110805E+01,7.994409E+01,2.388818E+01,5.976949E+01
21:13:00,8.010554E+03,1.446463E+03,5.577586E-01,1.277435E-01,0.000000E+00,0.000000E+00,0.000000E+00,0.000000E+00,0.000000E+00,0.000000E+00,0.000000E+00,0.000000E+00,2.110805E+01,7.994409E+01,2.388818E+01,5.979182E+01
21:14:00,8.010554E+03,1.443232E+03,5.577586E-01,1.274581E-01,0.000000E+00,0.000000E+00,0.000000E+00,0.000000E+00,0.000000E+00,0.000000E+00,0.000000E+00,0.000000E+00,2.110805E+01,7.994409E+01,2.388818E+01,5.981418E+01
21:15:00,8.010554E+03,1.440003E+03,5.577586E-01,1.271729E-01,0.000000E+00,0.000000E+00,0.000000E+00,0.000000E+00,0.000000E+00,0.000000E+00,0.000000E+00,0.000000E+00,2.110805E+01,7.994409E+01,2.388818E+01,5.983657E+01
21:16:00,8.010554E+03,1.436776E+03,5.577586E-01,1.268880E-01,0.000000E+00,0.000000E+00,0.000000E+00,0.000000E+00,0.000000E+00,0.000000E+00,0.000000E+00,0.000000E+00,2.110805E+01,7.994409E+01,2.388818E+01,5.985898E+01
21:17:00,8.010554E+03,1.433552E+03,5.577586E-01,1.266032E-01,0.000000E+00,0.000000E+00,0.000000E+00,0.000000E+00,0.000000E+00,0.000000E+00,0.000000E+00,0.000000E+00,2.110805E+01,7.994409E+01,2.388818E+01,5.988142E+01
21:18:00,8.010554E+03,1.430330E+03,5.577586E-01,1.263187E-01,0.000000E+00,0.000000E+00,0.000000E+00,0.000000E+00,0.000000E+00,0.000000E+00,0.000000E+00,0.000000E+00,2.110805E+01,7.994409E+01,2.388818E+01,5.990389E+01
21:19:00,8.010554E+03,1.427111E+03,5.577586E-01,1.260344E-01,0.000000E+00,0.000000E+00,0.000000E+00,0.000000E+00,0.000000E+00,0.000000E+00,0.000000E+00,0.000000E+00,2.110805E+01,7.994409E+01,2.388818E+01,5.992638E+01
21:20:00,8.010554E+03,1.423895E+03,5.577586E-01,1.257503E-01,0.000000E+00,0.000000E+00,0.000000E+00,0.000000E+00,0.000000E+00,0.000000E+00,0.000000E+00,0.000000E+00,2.110805E+01,7.994409E+01,2.388818E+01,5.994890E+01
21:21:00,8.010554E+03,1.420681E+03,5.577586E-01,1.254665E-01,0.000000E+00,0.000000E+00,0.000000E+00,0.000000E+00,0.000000E+00,0.000000E+00,0.000000E+00,0.000000E+00,2.110805E+01,7.994409E+01,2.388818E+01,5.997145E+01
21:22:00,8.010554E+03,1.417470E+03,5.577586E-01,1.251829E-01,0.000000E+00,0.000000E+00,0.000000E+00,0.000000E+00,0.000000E+00,0.000000E+00,0.000000E+00,0.000000E+00,2.110805E+01,7.994409E+01,2.388818E+01,5.999402E+01
21:23:00,8.010554E+03,1.414262E+03,5.577586E-01,1.248996E-01,0.000000E+00,0.000000E+00,0.000000E+00,0.000000E+00,0.000000E+00,0.000000E+00,0.000000E+00,0.000000E+00,2.110805E+01,7.994409E+01,2.388819E+01,6.001662E+01
21:24:00,8.010554E+03,1.411056E+03,5.577586E-01,1.246165E-01,0.000000E+00,0.000000E+00,0.000000E+00,0.000000E+00,0.000000E+00,0.000000E+00,0.000000E+00,0.000000E+00,2.110805E+01,7.994409E+01,2.388819E+01,6.003925E+01
21:25:00,8.010554E+03,1.407854E+03,5.577586E-01,1.243336E-01,0.000000E+00,0.000000E+00,0.000000E+00,0.000000E+00,0.000000E+00,0.000000E+00,0.000000E+00,0.000000E+00,2.110805E+01,7.994409E+01,2.388819E+01,6.006190E+01
21:26:00,8.010554E+03,1.404654E+03,5.577586E-01,1.240511E-01,0.000000E+00,0.000000E+00,0.000000E+00,0.000000E+00,0.000000E+00,0.000000E+00,0.000000E+00,0.000000E+00,2.110805E+01,7.994409E+01,2.388819E+01,6.008458E+01
21:27:00,8.010554E+03,1.401457E+03,5.577586E-01,1.237687E-01,0.000000E+00,0.000000E+00,0.000000E+00,0.000000E+00,0.000000E+00,0.000000E+00,0.000000E+00,0.000000E+00,2.110805E+01,7.994409E+01,2.388819E+01,6.010728E+01
21:28:00,8.010554E+03,1.398264E+03,5.577586E-01,1.234867E-01,0.000000E+00,0.000000E+00,0.000000E+00,0.000000E+00,0.000000E+00,0.000000E+00,0.000000E+00,0.000000E+00,2.110805E+01,7.994409E+01,2.388819E+01,6.013001E+01
21:29:00,8.010554E+03,1.395073E+03,5.577586E-01,1.232049E-01,0.000000E+00,0.000000E+00,0.000000E+00,0.000000E+00,0.000000E+00,0.000000E+00,0.000000E+00,0.000000E+00,2.110805E+01,7.994409E+01,2.388819E+01,6.015277E+01
21:30:00,8.010554E+03,1.391886E+03,5.577586E-01,1.229234E-01,0.000000E+00,0.000000E+00,0.000000E+00,0.000000E+00,0.000000E+00,0.000000E+00,0.000000E+00,0.000000E+00,2.110805E+01,7.994409E+01,2.388819E+01,6.017556E+01
21:31:00,8.010554E+03,1.388701E+03,5.577586E-01,1.226421E-01,0.000000E+00,0.000000E+00,0.000000E+00,0.000000E+00,0.000000E+00,0.000000E+00,0.000000E+00,0.000000E+00,2.110805E+01,7.994409E+01,2.388819E+01,6.019837E+01
21:32:00,8.010554E+03,1.385520E+03,5.577586E-01,1.223612E-01,0.000000E+00,0.000000E+00,0.000000E+00,0.000000E+00,0.000000E+00,0.000000E+00,0.000000E+00,0.000000E+00,2.110805E+01,7.994409E+01,2.388819E+01,6.022120E+01
21:33:00,8.010554E+03,1.382342E+03,5.577586E-01,1.220805E-01,0.000000E+00,0.000000E+00,0.000000E+00,0.000000E+00,0.000000E+00,0.000000E+00,0.000000E+00,0.000000E+00,2.110805E+01,7.994409E+01,2.388819E+01,6.024406E+01
21:34:00,8.010554E+03,1.379167E+03,5.577586E-01,1.218001E-01,0.000000E+00,0.000000E+00,0.000000E+00,0.000000E+00,0.000000E+00,0.000000E+00,0.000000E+00,0.000000E+00,2.110805E+01,7.994409E+01,2.388819E+01,6.026695E+01
21:35:00,8.010554E+03,1.375996E+03,5.577586E-01,1.215200E-01,0.000000E+00,0.000000E+00,0.000000E+00,0.000000E+00,0.000000E+00,0.000000E+00,0.000000E+00,0.000000E+00,2.110805E+01,7.994409E+01,2.388820E+01,6.028987E+01
21:36:00,8.010554E+03,1.372828E+03,5.577586E-01,1.212402E-01,0.000000E+00,0.000000E+00,0.000000E+00,0.000000E+00,0.000000E+00,0.000000E+00,0.000000E+00,0.000000E+00,2.110805E+01,7.994409E+01,2.388820E+01,6.031280E+01
21:37:00,8.010554E+03,1.369663E+03,5.577586E-01,1.209607E-01,0.000000E+00,0.000000E+00,0.000000E+00,0.000000E+00,0.000000E+00,0.000000E+00,0.000000E+00,0.000000E+00,2.110805E+01,7.994409E+01,2.388820E+01,6.033577E+01
21:38:00,8.010554E+03,1.366501E+03,5.577586E-01,1.206815E-01,0.000000E+00,0.000000E+00,0.000000E+00,0.000000E+00,0.000000E+00,0.000000E+00,0.000000E+00,0.000000E+00,2.110805E+01,7.994409E+01,2.388820E+01,6.035876E+01
21:39:00,8.010554E+03,1.363343E+03,5.577586E-01,1.204026E-01,0.000000E+00,0.000000E+00,0.000000E+00,0.000000E+00,0.000000E+00,0.000000E+00,0.000000E+00,0.000000E+00,2.110805E+01,7.994409E+01,2.388820E+01,6.038177E+01
21:40:00,8.010554E+03,1.360189E+03,5.577586E-01,1.201240E-01,0.000000E+00,0.000000E+00,0.000000E+00,0.000000E+00,0.000000E+00,0.000000E+00,0.000000E+00,0.000000E+00,2.110805E+01,7.994409E+01,2.388820E+01,6.040481E+01
21:41:00,8.010554E+03,1.357038E+03,5.577586E-01,1.198457E-01,0.000000E+00,0.000000E+00,0.000000E+00,0.000000E+00,0.000000E+00,0.000000E+00,0.000000E+00,0.000000E+00,2.110805E+01,7.994409E+01,2.388820E+01,6.042787E+01
21:42:00,8.010554E+03,1.353890E+03,5.577586E-01,1.195677E-01,0.000000E+00,0.000000E+00,0.000000E+00,0.000000E+00,0.000000E+00,0.000000E+00,0.000000E+00,0.000000E+00,2.110805E+01,7.994409E+01,2.388820E+01,6.045096E+01
21:43:00,8.010554E+03,1.350746E+03,5.577586E-01,1.192900E-01,0.000000E+00,0.000000E+00,0.000000E+00,0.000000E+00,0.000000E+00,0.000000E+00,0.000000E+00,0.000000E+00,2.110805E+01,7.994409E+01,2.388820E+01,6.047408E+01
21:44:00,8.010554E+03,1.347605E+03,5.577586E-01,1.190127E-01,0.000000E+00,0.000000E+00,0.000000E+00,0.000000E+00,0.000000E+00,0.000000E+00,0.000000E+00,0.000000E+00,2.110805E+01,7.994409E+01,2.388820E+01,6.049722E+01
21:45:00,8.010554E+03,1.344468E+03,5.577586E-01,1.187356E-01,0.000000E+00,0.000000E+00,0.000000E+00,0.000000E+00,0.000000E+00,0.000000E+00,0.000000E+00,0.000000E+00,2.110805E+01,7.994409E+01,2.388820E+01,6.052039E+01
21:46:00,8.010554E+03,1.341335E+03,5.577586E-01,1.184589E-01,0.000000E+00,0.000000E+00,0.000000E+00,0.000000E+00,0.000000E+00,0.000000E+00,0.000000E+00,0.000000E+00,2.110805E+01,7.994409E+01,2.388820E+01,6.054358E+01
21:47:00,8.010554E+03,1.338205E+03,5.577586E-01,1.181825E-01,0.000000E+00,0.000000E+00,0.000000E+00,0.000000E+00,0.000000E+00,0.000000E+00,0.000000E+00,0.000000E+00,2.110805E+01,7.994409E+01,2.388820E+01,6.056679E+01
21:48:00,8.010554E+03,1.335079E+03,5.577586E-01,1.179064E-01,0.000000E+00,0.000000E+00,0.000000E+00,0.000000E+00,0.000000E+00,0.000000E+00,0.000000E+00,0.000000E+00,2.110805E+01,7.994409E+01,2.388821E+01,6.059003E+01
21:49:00,8.010554E+03,1.331957E+03,5.577586E-01,1.176307E-01,0.000000E+00,0.000000E+00,0.000000E+00,0.000000E+00,0.000000E+00,0.000000E+00,0.000000E+00,0.000000E+00,2.110805E+01,7.994409E+01,2.388821E+01,6.061329E+01
21:50:00,8.010554E+03,1.328838E+03,5.577586E-01,1.173552E-01,0.000000E+00,0.000000E+00,0.000000E+00,0.000000E+00,0.000000E+00,0.000000E+00,0.000000E+00,0.000000E+00,2.110805E+01,7.994409E+01,2.388821E+01,6.063659E+01
21:51:00,8.010554E+03,1.325723E+03,5.577586E-01,1.170801E-01,0.000000E+00,0.000000E+00,0.000000E+00,0.000000E+00,0.000000E+00,0.000000E+00,0.000000E+00,0.000000E+00,2.110805E+01,7.994409E+01,2.388821E+01,6.065990E+01
21:52:00,8.010554E+03,1.322612E+03,5.577586E-01,1.168054E-01,0.000000E+00,0.000000E+00,0.000000E+00,0.000000E+00,0.000000E+00,0.000000E+00,0.000000E+00,0.000000E+00,2.110805E+01,7.994409E+01,2.388821E+01,6.068323E+01
21:53:00,8.010554E+03,1.319505E+03,5.577586E-01,1.165309E-01,0.000000E+00,0.000000E+00,0.000000E+00,0.000000E+00,0.000000E+00,0.000000E+00,0.000000E+00,0.000000E+00,2.110805E+01,7.994409E+01,2.388821E+01,6.070659E+01
21:54:00,8.010554E+03,1.316401E+03,5.577586E-01,1.162569E-01,0.000000E+00,0.000000E+00,0.000000E+00,0.000000E+00,0.000000E+00,0.000000E+00,0.000000E+00,0.000000E+00,2.110805E+01,7.994409E+01,2.388821E+01,6.072998E+01
21:55:00,8.010554E+03,1.313302E+03,5.577586E-01,1.159831E-01,0.000000E+00,0.000000E+00,0.000000E+00,0.000000E+00,0.000000E+00,0.000000E+00,0.000000E+00,0.000000E+00,2.110805E+01,7.994409E+01,2.388821E+01,6.075339E+01
21:56:00,8.010554E+03,1.310206E+03,5.577586E-01,1.157097E-01,0.000000E+00,0.000000E+00,0.000000E+00,0.000000E+00,0.000000E+00,0.000000E+00,0.000000E+00,0.000000E+00,2.110805E+01,7.994409E+01,2.388821E+01,6.077682E+01
21:57:00,8.010554E+03,1.307114E+03,5.577586E-01,1.154366E-01,0.000000E+00,0.000000E+00,0.000000E+00,0.000000E+00,0.000000E+00,0.000000E+00,0.000000E+00,0.000000E+00,2.110805E+01,7.994409E+01,2.388821E+01,6.080028E+01
21:58:00,8.010554E+03,1.304026E+03,5.577586E-01,1.151639E-01,0.000000E+00,0.000000E+00,0.000000E+00,0.000000E+00,0.000000E+00,0.000000E+00,0.000000E+00,0.000000E+00,2.110805E+01,7.994409E+01,2.388821E+01,6.082376E+01
21:59:00,8.010554E+03,1.300941E+03,5.577586E-01,1.148915E-01,0.000000E+00,0.000000E+00,0.000000E+00,0.000000E+00,0.000000E+00,0.000000E+00,0.000000E+00,0.000000E+00,2.110805E+01,7.994409E+01,2.388821E+01,6.084727E+01
22:00:00,8.010554E+03,1.297861E+03,5.577586E-01,1.146194E-01,0.000000E+00,0.000000E+00,0.000000E+00,0.000000E+00,0.000000E+00,0.000000E+00,0.000000E+00,0.000000E+00,2.110805E+01,7.994409E+01,2.388822E+01,6.087080E+01
22:01:00,8.010554E+03,1.294790E+03,5.577586E-01,1.143482E-01,0.000000E+00,0.000000E+00,0.000000E+00,0.000000E+00,0.000000E+00,0.000000E+00,0.000000E+00,0.000000E+00,2.110805E+01,7.994409E+01,2.388822E+01,6.089435E+01
22:02:00,8.010554E+03,1.291729E+03,5.577586E-01,1.140779E-01,0.000000E+00,0.000000E+00,0.000000E+00,0.000000E+00,0.000000E+00,0.000000E+00,0.000000E+00,0.000000E+00,2.110805E+01,7.994409E+01,2.388822E+01,6.091787E+01
22:03:00,8.010554E+03,1.288677E+03,5.577586E-01,1.138083E-01,0.000000E+00,0.000000E+00,0.000000E+00,0.000000E+00,0.000000E+00,0.000000E+00,0.000000E+00,0.000000E+00,2.110805E+01,7.994409E+01,2.388822E+01,6.094134E+01
22:04:00,8.010554E+03,1.285635E+03,5.577586E-01,1.135397E-01,0.000000E+00,0.000000E+00,0.000000E+00,0.000000E+00,0.000000E+00,0.000000E+00,0.000000E+00,0.000000E+00,2.110805E+01,7.994409E+01,2.388822E+01,6.096474E+01
22:05:00,8.010554E+03,1.282603E+03,5.577586E-01,1.132719E-01,0.000000E+00,0.000000E+00,0.000000E+00,0.000000E+00,0.000000E+00,0.000000E+00,0.000000E+00,0.000000E+00,2.110805E+01,7.994409E+01,2.388822E+01,6.098808E+01
22:06:00,8.010554E+03,1.279580E+03,5.577586E-01,1.130049E-01,0.000000E+00,0.000000E+00,0.000000E+00,0.000000E+00,0.000000E+00,0.000000E+00,0.000000E+00,0.000000E+00,2.110805E+01,7.994409E+01,2.388822E+01,6.101135E+01
22:07:00,8.010554E+03,1.276567E+03,5.577586E-01,1.127388E-01,0.000000E+00,0.000000E+00,0.000000E+00,0.000000E+00,0.000000E+00,0.000000E+00,0.000000E+00,0.000000E+00,2.110805E+01,7.994409E+01,2.388822E+01,6.103456E+01
22:08:00,8.010554E+03,1.273564E+03,5.577586E-01,1.124736E-01,0.000000E+00,0.000000E+00,0.000000E+00,0.000000E+00,0.000000E+00,0.000000E+00,0.000000E+00,0.000000E+00,2.110805E+01,7.994409E+01,2.388822E+01,6.105772E+01
22:09:00,8.010554E+03,1.270570E+03,5.577586E-01,1.122091E-01,0.000000E+00,0.000000E+00,0.000000E+00,0.000000E+00,0.000000E+00,0.000000E+00,0.000000E+00,0.000000E+00,2.110805E+01,7.994409E+01,2.388822E+01,6.108083E+01
22:10:00,8.010554E+03,1.267586E+03,5.577586E-01,1.119456E-01,0.000000E+00,0.000000E+00,0.000000E+00,0.000000E+00,0.000000E+00,0.000000E+00,0.000000E+00,0.000000E+00,2.110805E+01,7.994409E+01,2.388822E+01,6.110388E+01
22:11:00,8.010554E+03,1.264611E+03,5.577586E-01,1.116829E-01,0.000000E+00,0.000000E+00,0.000000E+00,0.000000E+00,0.000000E+00,0.000000E+00,0.000000E+00,0.000000E+00,2.110805E+01,7.994409E+01,2.388822E+01,6.112689E+01
22:12:00,8.010554E+03,1.261646E+03,5.577586E-01,1.114211E-01,0.000000E+00,0.000000E+00,0.000000E+00,0.000000E+00,0.000000E+00,0.000000E+00,0.000000E+00,0.000000E+00,2.110805E+01,7.994409E+01,2.388822E+01,6.114985E+01
22:13:00,8.010554E+03,1.258691E+03,5.577586E-01,1.111601E-01,0.000000E+00,0.000000E+00,0.000000E+00,0.000000E+00,0.000000E+00,0.000000E+00,0.000000E+00,0.000000E+00,2.110805E+01,7.994409E+01,2.388822E+01,6.117276E+01
22:14:00,8.010554E+03,1.255746E+03,5.577586E-01,1.109000E-01,0.000000E+00,0.000000E+00,0.000000E+00,0.000000E+00,0.000000E+00,0.000000E+00,0.000000E+00,0.000000E+00,2.110805E+01,7.994409E+01,2.388823E+01,6.119563E+01
22:15:00,8.010554E+03,1.252811E+03,5.577586E-01,1.106407E-01,0.000000E+00,0.000000E+00,0.000000E+00,0.000000E+00,0.000000E+00,0.000000E+00,0.000000E+00,0.000000E+00,2.110805E+01,7.994409E+01,2.388823E+01,6.121846E+01
22:16:00,8.010554E+03,1.249885E+03,5.577586E-01,1.103823E-01,0.000000E+00,0.000000E+00,0.000000E+00,0.000000E+00,0.000000E+00,0.000000E+00,0.000000E+00,0.000000E+00,2.110805E+01,7.994409E+01,2.388823E+01,6.124125E+01
22:17:00,8.010554E+03,1.246969E+03,5.577586E-01,1.101248E-01,0.000000E+00,0.000000E+00,0.000000E+00,0.000000E+00,0.000000E+00,0.000000E+00,0.000000E+00,0.000000E+00,2.110805E+01,7.994409E+01,2.388823E+01,6.126400E+01
22:18:00,8.010554E+03,1.244062E+03,5.577586E-01,1.098681E-01,0.000000E+00,0.000000E+00,0.000000E+00,0.000000E+00,0.000000E+00,0.000000E+00,0.000000E+00,0.000000E+00,2.110805E+01,7.994409E+01,2.388823E+01,6.128672E+01
22:19:00,8.010554E+03,1.241166E+03,5.577586E-01,1.096123E-01,0.000000E+00,0.000000E+00,0.000000E+00,0.000000E+00,0.000000E+00,0.000000E+00,0.000000E+00,0.000000E+00,2.110805E+01,7.994409E+01,2.388823E+01,6.130940E+01
22:20:00,8.010554E+03,1.238279E+03,5.577586E-01,1.093573E-01,0.000000E+00,0.000000E+00,0.000000E+00,0.000000E+00,0.000000E+00,0.000000E+00,0.000000E+00,0.000000E+00,2.110805E+01,7.994409E+01,2.388823E+01,6.133205E+01
22:21:00,8.010554E+03,1.235402E+03,5.577586E-01,1.091032E-01,0.000000E+00,0.000000E+00,0.000000E+00,0.000000E+00,0.000000E+00,0.000000E+00,0.000000E+00,0.000000E+00,2.110805E+01,7.994409E+01,2.388823E+01,6.135466E+01
22:22:00,8.010554E+03,1.232534E+03,5.577586E-01,1.088500E-01,0.000000E+00,0.000000E+00,0.000000E+00,0.000000E+00,0.000000E+00,0.000000E+00,0.000000E+00,0.000000E+00,2.110805E+01,7.994409E+01,2.388823E+01,6.137725E+01
22:23:00,8.010554E+03,1.229677E+03,5.577586E-01,1.085976E-01,0.000000E+00,0.000000E+00,0.000000E+00,0.000000E+00,0.000000E+00,0.000000E+00,0.000000E+00,0.000000E+00,2.110805E+01,7.994409E+01,2.388823E+01,6.139980E+01
22:24:00,8.010554E+03,1.226829E+03,5.577586E-01,1.083461E-01,0.000000E+00,0.000000E+00,0.000000E+00,0.000000E+00,0.000000E+00,0.000000E+00,0.000000E+00,0.000000E+00,2.110805E+01,7.994409E+01,2.388823E+01,6.142234E+01
22:25:00,8.010554E+03,1.223991E+03,5.577586E-01,1.080955E-01,0.000000E+00,0.000000E+00,0.000000E+00,0.000000E+00,0.000000E+00,0.000000E+00,0.000000E+00,0.000000E+00,2.110805E+01,7.994409E+01,2.388823E+01,6.144484E+01
22:26:00,8.010554E+03,1.221163E+03,5.577586E-01,1.078457E-01,0.000000E+00,0.000000E+00,0.000000E+00,0.000000E+00,0.000000E+00,0.000000E+00,0.000000E+00,0.000000E+00,2.110805E+01,7.994409E+01,2.388823E+01,6.146731E+01
22:27:00,8.010554E+03,1.218344E+03,5.577586E-01,1.075968E-01,0.000000E+00,0.000000E+00,0.000000E+00,0.000000E+00,0.000000E+00,0.000000E+00,0.000000E+00,0.000000E+00,2.110805E+01,7.994409E+01,2.388823E+01,6.148977E+01
22:28:00,8.010554E+03,1.215536E+03,5.577586E-01,1.073487E-01,0.000000E+00,0.000000E+00,0.000000E+00,0.000000E+00,0.000000E+00,0.000000E+00,0.000000E+00,0.000000E+00,2.110805E+01,7.994409E+01,2.388824E+01,6.151220E+01
22:29:00,8.010554E+03,1.212737E+03,5.577586E-01,1.071016E-01,0.000000E+00,0.000000E+00,0.000000E+00,0.000000E+00,0.000000E+00,0.000000E+00,0.000000E+00,0.000000E+00,2.110805E+01,7.994409E+01,2.388824E+01,6.153461E+01
22:30:00,8.010554E+03,1.209948E+03,5.577586E-01,1.068552E-01,0.000000E+00,0.000000E+00,0.000000E+00,0.000000E+00,0.000000E+00,0.000000E+00,0.000000E+00,0.000000E+00,2.110805E+01,7.994409E+01,2.388824E+01,6.155699E+01
22:31:00,8.010554E+03,1.207169E+03,5.577586E-01,1.066098E-01,0.000000E+00,0.000000E+00,0.000000E+00,0.000000E+00,0.000000E+00,0.000000E+00,0.000000E+00,0.000000E+00,2.110805E+01,7.994409E+01,2.388824E+01,6.157936E+01
22:32:00,8.010554E+03,1.204399E+03,5.577586E-01,1.063652E-01,0.000000E+00,0.000000E+00,0.000000E+00,0.000000E+00,0.000000E+00,0.000000E+00,0.000000E+00,0.000000E+00,2.110805E+01,7.994409E+01,2.388824E+01,6.160171E+01
22:33:00,8.010554E+03,1.201640E+03,5.577586E-01,1.061215E-01,0.000000E+00,0.000000E+00,0.000000E+00,0.000000E+00,0.000000E+00,0.000000E+00,0.000000E+00,0.000000E+00,2.110805E+01,7.994409E+01,2.388824E+01,6.162404E+01
22:34:00,8.010554E+03,1.198890E+03,5.577586E-01,1.058786E-01,0.000000E+00,0.000000E+00,0.000000E+00,0.000000E+00,0.000000E+00,0.000000E+00,0.000000E+00,0.000000E+00,2.110805E+01,7.994409E+01,2.388824E+01,6.164635E+01
22:35:00,8.010554E+03,1.196150E+03,5.577586E-01,1.056366E-01,0.000000E+00,0.000000E+00,0.000000E+00,0.000000E+00,0.000000E+00,0.000000E+00,0.000000E+00,0.000000E+00,2.110805E+01,7.994409E+01,2.388824E+01,6.166865E+01
22:36:00,8.010554E+03,1.193420E+03,5.577586E-01,1.053955E-01,0.000000E+00,0.000000E+00,0.000000E+00,0.000000E+00,0.000000E+00,0.000000E+00,0.000000E+00,0.000000E+00,2.110805E+01,7.994409E+01,2.388824E+01,6.169093E+01
22:37:00,8.010554E+03,1.190699E+03,5.577586E-01,1.051553E-01,0.000000E+00,0.000000E+00,0.000000E+00,0.000000E+00,0.000000E+00,0.000000E+00,0.000000E+00,0.000000E+00,2.110805E+01,7.994409E+01,2.388824E+01,6.171320E+01
22:38:00,8.010554E+03,1.187989E+03,5.577586E-01,1.049159E-01,0.000000E+00,0.000000E+00,0.000000E+00,0.000000E+00,0.000000E+00,0.000000E+00,0.000000E+00,0.000000E+00,2.110805E+01,7.994409E+01,2.388824E+01,6.173545E+01
22:39:00,8.010554E+03,1.185288E+03,5.577586E-01,1.046773E-01,0.000000E+00,0.000000E+00,0.000000E+00,0.000000E+00,0.000000E+00,0.000000E+00,0.000000E+00,0.000000E+00,2.110805E+01,7.994409E+01,2.388824E+01,6.175769E+01
22:40:00,8.010554E+03,1.182597E+03,5.577586E-01,1.044397E-01,0.000000E+00,0.000000E+00,0.000000E+00,0.000000E+00,0.000000E+00,0.000000E+00,0.000000E+00,0.000000E+00,2.110805E+01,7.994409E+01,2.388824E+01,6.177992E+01
22:41:00,8.010554E+03,1.179916E+03,5.577586E-01,1.042029E-01,0.000000E+00,0.000000E+00,0.000000E+00,0.000000E+00,0.000000E+00,0.000000E+00,0.000000E+00,0.000000E+00,2.110805E+01,7.994409E+01,2.388824E+01,6.180214E+01
22:42:00,8.010554E+03,1.177244E+03,5.577586E-01,1.039669E-01,0.000000E+00,0.000000E+00,0.000000E+00,0.000000E+00,0.000000E+00,0.000000E+00,0.000000E+00,0.000000E+00,2.110805E+01,7.994409E+01,2.388825E+01,6.182435E+01
22:43:00,8.010554E+03,1.174583E+03,5.577586E-01,1.037319E-01,0.000000E+00,0.000000E+00,0.000000E+00,0.000000E+00,0.000000E+00,0.000000E+00,0.000000E+00,0.000000E+00,2.110805E+01,7.994409E+01,2.388825E+01,6.184654E+01
22:44:00,8.010554E+03,1.171931E+03,5.577586E-01,1.034977E-01,0.000000E+00,0.000000E+00,0.000000E+00,0.000000E+00,0.000000E+00,0.000000E+00,0.000000E+00,0.000000E+00,2.110805E+01,7.994409E+01,2.388825E+01,6.186873E+01
22:45:00,8.010554E+03,1.169289E+03,5.577586E-01,1.032643E-01,0.000000E+00,0.000000E+00,0.000000E+00,0.000000E+00,0.000000E+00,0.000000E+00,0.000000E+00,0.000000E+00,2.110805E+01,7.994409E+01,2.388825E+01,6.189091E+01
22:46:00,8.010554E+03,1.166656E+03,5.577586E-01,1.030319E-01,0.000000E+00,0.000000E+00,0.000000E+00,0.000000E+00,0.000000E+00,0.000000E+00,0.000000E+00,0.000000E+00,2.110805E+01,7.994409E+01,2.388825E+01,6.191307E+01
22:47:00,8.010554E+03,1.164034E+03,5.577586E-01,1.028002E-01,0.000000E+00,0.000000E+00,0.000000E+00,0.000000E+00,0.000000E+00,0.000000E+00,0.000000E+00,0.000000E+00,2.110805E+01,7.994409E+01,2.388825E+01,6.193523E+01
22:48:00,8.010554E+03,1.161421E+03,5.577586E-01,1.025695E-01,0.000000E+00,0.000000E+00,0.000000E+00,0.000000E+00,0.000000E+00,0.000000E+00,0.000000E+00,0.000000E+00,2.110805E+01,7.994409E+01,2.388825E+01,6.195739E+01
22:49:00,8.010554E+03,1.158818E+03,5.577586E-01,1.023396E-01,0.000000E+00,0.000000E+00,0.000000E+00,0.000000E+00,0.000000E+00,0.000000E+00,0.000000E+00,0.000000E+00,2.110805E+01,7.994409E+01,2.388825E+01,6.197954E+01
22:50:00,8.010554E+03,1.156225E+03,5.577586E-01,1.021106E-01,0.000000E+00,0.000000E+00,0.000000E+00,0.000000E+00,0.000000E+00,0.000000E+00,0.000000E+00,0.000000E+00,2.110805E+01,7.994409E+01,2.388825E+01,6.200168E+01
22:51:00,8.010554E+03,1.153641E+03,5.577586E-01,1.018824E-01,0.000000E+00,0.000000E+00,0.000000E+00,0.000000E+00,0.000000E+00,0.000000E+00,0.000000E+00,0.000000E+00,2.110805E+01,7.994409E+01,2.388825E+01,6.202381E+01
22:52:00,8.010554E+03,1.151068E+03,5.577586E-01,1.016551E-01,0.000000E+00,0.000000E+00,0.000000E+00,0.000000E+00,0.000000E+00,0.000000E+00,0.000000E+00,0.000000E+00,2.110805E+01,7.994409E+01,2.388825E+01,6.204594E+01
22:53:00,8.010554E+03,1.148504E+03,5.577586E-01,1.014287E-01,0.000000E+00,0.000000E+00,0.000000E+00,0.000000E+00,0.000000E+00,0.000000E+00,0.000000E+00,0.000000E+00,2.110805E+01,7.994409E+01,2.388825E+01,6.206807E+01
22:54:00,8.010554E+03,1.145949E+03,5.577586E-01,1.012031E-01,0.000000E+00,0.000000E+00,0.000000E+00,0.000000E+00,0.000000E+00,0.000000E+00,0.000000E+00,0.000000E+00,2.110805E+01,7.994409E+01,2.388825E+01,6.209019E+01
22:55:00,8.010554E+03,1.143405E+03,5.577586E-01,1.009784E-01,0.000000E+00,0.000000E+00,0.000000E+00,0.000000E+00,0.000000E+00,0.000000E+00,0.000000E+00,0.000000E+00,2.110805E+01,7.994409E+01,2.388825E+01,6.211231E+01
22:56:00,8.010554E+03,1.140870E+03,5.577586E-01,1.007545E-01,0.000000E+00,0.000000E+00,0.000000E+00,0.000000E+00,0.000000E+00,0.000000E+00,0.000000E+00,0.000000E+00,2.110805E+01,7.994409E+01,2.388826E+01,6.213442E+01
22:57:00,8.010554E+03,1.138345E+03,5.577586E-01,1.005315E-01,0.000000E+00,0.000000E+00,0.000000E+00,0.000000E+00,0.000000E+00,0.000000E+00,0.000000E+00,0.000000E+00,2.110805E+01,7.994409E+01,2.388826E+01,6.215653E+01
22:58:00,8.010554E+03,1.135830E+03,5.577586E-01,1.003094E-01,0.000000E+00,0.000000E+00,0.000000E+00,0.000000E+00,0.000000E+00,0.000000E+00,0.000000E+00,0.000000E+00,2.110805E+01,7.994409E+01,2.388826E+01,6.217864E+01
22:59:00,8.010554E+03,1.133324E+03,5.577586E-01,1.000881E-01,0.000000E+00,0.000000E+00,0.000000E+00,0.000000E+00,0.000000E+00,0.000000E+00,0.000000E+00,0.000000E+00,2.110805E+01,7.994409E+01,2.388826E+01,6.220074E+01
23:00:00,8.010554E+03,1.130829E+03,5.577586E-01,9.986769E-02,0.000000E+00,0.000000E+00,0.000000E+00,0.000000E+00,0.000000E+00,0.000000E+00,0.000000E+00,0.000000E+00,2.110805E+01,7.994409E+01,2.388826E+01,6.222285E+01
23:01:00,8.010554E+03,1.128337E+03,5.577586E-01,9.964762E-02,0.000000E+00,0.000000E+00,0.000000E+00,0.000000E+00,0.000000E+00,0.000000E+00,0.000000E+00,0.000000E+00,2.110805E+01,7.994409E+01,2.388826E+01,6.224495E+01
23:02:00,8.010554E+03,1.125849E+03,5.577586E-01,9.942791E-02,0.000000E+00,0.000000E+00,0.000000E+00,0.000000E+00,0.000000E+00,0.000000E+00,0.000000E+00,0.000000E+00,2.110805E+01,7.994409E+01,2.388826E+01,6.226705E+01
23:03:00,8.010554E+03,1.123365E+03,5.577586E-01,9.920856E-02,0.000000E+00,0.000000E+00,0.000000E+00,0.000000E+00,0.000000E+00,0.000000E+00,0.000000E+00,0.000000E+00,2.110805E+01,7.994409E+01,2.388826E+01,6.228915E+01
23:04:00,8.010554E+03,1.120886E+03,5.577586E-01,9.898957E-02,0.000000E+00,0.000000E+00,0.000000E+00,0.000000E+00,0.000000E+00,0.000000E+00,0.000000E+00,0.000000E+00,2.110805E+01,7.994409E+01,2.388826E+01,6.231125E+01
23:05:00,8.010554E+03,1.118410E+03,5.577586E-01,9.877093E-02,0.000000E+00,0.000000E+00,0.000000E+00,0.000000E+00,0.000000E+00,0.000000E+00,0.000000E+00,0.000000E+00,2.110805E+01,7.994409E+01,2.388826E+01,6.233335E+01
23:06:00,8.010554E+03,1.115938E+03,5.577586E-01,9.855265E-02,0.000000E+00,0.000000E+00,0.000000E+00,0.000000E+00,0.000000E+00,0.000000E+00,0.000000E+00,0.000000E+00,2.110805E+01,7.994409E+01,2.388826E+01,6.235545E+01
23:07:00,8.010554E+03,1.113471E+03,5.577586E-01,9.833472E-02,0.000000E+00,0.000000E+00,0.000000E+00,0.000000E+00,0.000000E+00,0.000000E+00,0.000000E+00,0.000000E+00,2.110805E+01,7.994409E+01,2.388826E+01,6.237755E+01
23:08:00,8.010554E+03,1.111007E+03,5.577586E-01,9.811715E-02,0.000000E+00,0.000000E+00,0.000000E+00,0.000000E+00,0.000000E+00,0.000000E+00,0.000000E+00,0.000000E+00,2.110805E+01,7.994409E+01,2.388826E+01,6.239965E+01
23:09:00,8.010554E+03,1.108548E+03,5.577586E-01,9.789993E-02,0.000000E+00,0.000000E+00,0.000000E+00,0.000000E+00,0.000000E+00,0.000000E+00,0.000000E+00,0.000000E+00,2.110805E+01,7.994409E+01,2.388827E+01,6.242175E+01
23:10:00,8.010554E+03,1.106092E+03,5.577586E-01,9.768306E-02,0.000000E+00,0.000000E+00,0.000000E+00,0.000000E+00,0.000000E+00,0.000000E+00,0.000000E+00,0.000000E+00,2.110805E+01,7.994409E+01,2.388827E+01,6.244385E+01
23:11:00,8.010554E+03,1.103641E+03,5.577586E-01,9.746655E-02,0.000000E+00,0.000000E+00,0.000000E+00,0.000000E+00,0.000000E+00,0.000000E+00,0.000000E+00,0.000000E+00,2.110805E+01,7.994409E+01,2.388827E+01,6.246596E+01
23:12:00,8.010554E+03,1.101193E+03,5.577586E-01,9.725038E-02,0.000000E+00,0.000000E+00,0.000000E+00,0.000000E+00,0.000000E+00,0.000000E+00,0.000000E+00,0.000000E+00,2.110805E+01,7.994409E+01,2.388827E+01,6.248806E+01
23:13:00,8.010554E+03,1.098749E+03,5.577586E-01,9.703457E-02,0.000000E+00,0.000000E+00,0.000000E+00,0.000000E+00,0.000000E+00,0.000000E+00,0.000000E+00,0.000000E+00,2.110805E+01,7.994409E+01,2.388827E+01,6.251017E+01
23:14:00,8.010554E+03,1.096310E+03,5.577586E-01,9.681911E-02,0.000000E+00,0.000000E+00,0.000000E+00,0.000000E+00,0.000000E+00,0.000000E+00,0.000000E+00,0.000000E+00,2.110805E+01,7.994409E+01,2.388827E+01,6.253228E+01
23:15:00,8.010554E+03,1.093874E+03,5.577586E-01,9.660399E-02,0.000000E+00,0.000000E+00,0.000000E+00,0.000000E+00,0.000000E+00,0.000000E+00,0.000000E+00,0.000000E+00,2.110805E+01,7.994409E+01,2.388827E+01,6.255439E+01
23:16:00,8.010554E+03,1.091442E+03,5.577586E-01,9.638922E-02,0.000000E+00,0.000000E+00,0.000000E+00,0.000000E+00,0.000000E+00,0.000000E+00,0.000000E+00,0.000000E+00,2.110805E+01,7.994409E+01,2.388827E+01,6.257651E+01
23:17:00,8.010554E+03,1.089014E+03,5.577586E-01,9.617480E-02,0.000000E+00,0.000000E+00,0.000000E+00,0.000000E+00,0.000000E+00,0.000000E+00,0.000000E+00,0.000000E+00,2.110805E+01,7.994409E+01,2.388827E+01,6.259863E+01
23:18:00,8.010554E+03,1.086590E+03,5.577586E-01,9.596073E-02,0.000000E+00,0.000000E+00,0.000000E+00,0.000000E+00,0.000000E+00,0.000000E+00,0.000000E+00,0.000000E+00,2.110805E+01,7.994409E+01,2.388827E+01,6.262075E+01
23:19:00,8.010554E+03,1.084170E+03,5.577586E-01,9.574699E-02,0.000000E+00,0.000000E+00,0.000000E+00,0.000000E+00,0.000000E+00,0.000000E+00,0.000000E+00,0.000000E+00,2.110805E+01,7.994409E+01,2.388827E+01,6.264287E+01
23:20:00,8.010554E+03,1.081754E+03,5.577586E-01,9.553361E-02,0.000000E+00,0.000000E+00,0.000000E+00,0.000000E+00,0.000000E+00,0.000000E+00,0.000000E+00,0.000000E+00,2.110805E+01,7.994409E+01,2.388827E+01,6.266499E+01
23:21:00,8.010554E+03,1.079342E+03,5.577586E-01,9.532057E-02,0.000000E+00,0.000000E+00,0.000000E+00,0.000000E+00,0.000000E+00,0.000000E+00,0.000000E+00,0.000000E+00,2.110805E+01,7.994409E+01,2.388827E+01,6.268713E+01
23:22:00,8.010554E+03,1.076933E+03,5.577586E-01,9.510786E-02,0.000000E+00,0.000000E+00,0.000000E+00,0.000000E+00,0.000000E+00,0.000000E+00,0.000000E+00,0.000000E+00,2.110805E+01,7.994409E+01,2.388827E+01,6.270926E+01
23:23:00,8.010554E+03,1.074529E+03,5.577586E-01,9.489550E-02,0.000000E+00,0.000000E+00,0.000000E+00,0.000000E+00,0.000000E+00,0.000000E+00,0.000000E+00,0.000000E+00,2.110805E+01,7.994409E+01,2.388828E+01,6.273140E+01
23:24:00,8.010554E+03,1.072128E+03,5.577586E-01,9.468349E-02,0.000000E+00,0.000000E+00,0.000000E+00,0.000000E+00,0.000000E+00,0.000000E+00,0.000000E+00,0.000000E+00,2.110805E+01,7.994409E+01,2.388828E+01,6.275354E+01
23:25:00,8.010554E+03,1.069731E+03,5.577586E-01,9.447181E-02,0.000000E+00,0.000000E+00,0.000000E+00,0.000000E+00,0.000000E+00,0.000000E+00,0.000000E+00,0.000000E+00,2.110805E+01,7.994409E+01,2.388828E+01,6.277569E+01
23:26:00,8.010554E+03,1.067338E+03,5.577586E-01,9.426046E-02,0.000000E+00,0.000000E+00,0.000000E+00,0.000000E+00,0.000000E+00,0.000000E+00,0.000000E+00,0.000000E+00,2.110805E+01,7.994409E+01,2.388828E+01,6.279784E+01
23:27:00,8.010554E+03,1.064949E+03,5.577586E-01,9.404946E-02,0.000000E+00,0.000000E+00,0.000000E+00,0.000000E+00,0.000000E+00,0.000000E+00,0.000000E+00,0.000000E+00,2.110805E+01,7.994409E+01,2.388828E+01,6.282000E+01
23:28:00,8.010554E+03,1.062564E+03,5.577586E-01,9.383879E-02,0.000000E+00,0.000000E+00,0.000000E+00,0.000000E+00,0.000000E+00,0.000000E+00,0.000000E+00,0.000000E+00,2.110805E+01,7.994409E+01,2.388828E+01,6.284216E+01
23:29:00,8.010554E+03,1.060182E+03,5.577586E-01,9.362846E-02,0.000000E+00,0.000000E+00,0.000000E+00,0.000000E+00,0.000000E+00,0.000000E+00,0.000000E+00,0.000000E+00,2.110805E+01,7.994409E+01,2.388828E+01,6.286432E+01
23:30:00,8.010554E+03,1.057804E+03,5.577586E-01,9.341847E-02,0.000000E+00,0.000000E+00,0.000000E+00,0.000000E+00,0.000000E+00,0.000000E+00,0.000000E+00,0.000000E+00,2.110805E+01,7.994409E+01,2.388828E+01,6.288650E+01
23:31:00,8.010554E+03,1.055430E+03,5.577586E-01,9.320881E-02,0.000000E+00,0.000000E+00,0.000000E+00,0.000000E+00,0.000000E+00,0.000000E+00,0.000000E+00,0.000000E+00,2.110805E+01,7.994409E+01,2.388828E+01,6.290867E+01
23:32:00,8.010554E+03,1.053060E+03,5.577586E-01,9.299948E-02,0.000000E+00,0.000000E+00,0.000000E+00,0.000000E+00,0.000000E+00,0.000000E+00,0.000000E+00,0.000000E+00,2.110805E+01,7.994409E+01,2.388828E+01,6.293086E+01
23:33:00,8.010554E+03,1.050694E+03,5.577586E-01,9.279048E-02,0.000000E+00,0.000000E+00,0.000000E+00,0.000000E+00,0.000000E+00,0.000000E+00,0.000000E+00,0.000000E+00,2.110805E+01,7.994409E+01,2.388828E+01,6.295304E+01
23:34:00,8.010554E+03,1.048331E+03,5.577586E-01,9.258181E-02,0.000000E+00,0.000000E+00,0.000000E+00,0.000000E+00,0.000000E+00,0.000000E+00,0.000000E+00,0.000000E+00,2.110805E+01,7.994409E+01,2.388828E+01,6.297524E+01
23:35:00,8.010554E+03,1.045972E+03,5.577586E-01,9.237348E-02,0.000000E+00,0.000000E+00,0.000000E+00,0.000000E+00,0.000000E+00,0.000000E+00,0.000000E+00,0.000000E+00,2.110805E+01,7.994409E+01,2.388828E+01,6.299743E+01
23:36:00,8.010554E+03,1.043617E+03,5.577586E-01,9.216547E-02,0.000000E+00,0.000000E+00,0.000000E+00,0.000000E+00,0.000000E+00,0.000000E+00,0.000000E+00,0.000000E+00,2.110805E+01,7.994409E+01,2.388829E+01,6.301964E+01
23:37:00,8.010554E+03,1.041265E+03,5.577586E-01,9.195779E-02,0.000000E+00,0.000000E+00,0.000000E+00,0.000000E+00,0.000000E+00,0.000000E+00,0.000000E+00,0.000000E+00,2.110805E+01,7.994409E+01,2.388829E+01,6.304185E+01
23:38:00,8.010554E+03,1.038917E+03,5.577586E-01,9.175044E-02,0.000000E+00,0.000000E+00,0.000000E+00,0.000000E+00,0.000000E+00,0.000000E+00,0.000000E+00,0.000000E+00,2.110805E+01,7.994409E+01,2.388829E+01,6.306407E+01
23:39:00,8.010554E+03,1.036573E+03,5.577586E-01,9.154341E-02,0.000000E+00,0.000000E+00,0.000000E+00,0.000000E+00,0.000000E+00,0.000000E+00,0.000000E+00,0.000000E+00,2.110805E+01,7.994409E+01,2.388829E+01,6.308629E+01
23:40:00,8.010554E+03,1.034233E+03,5.577586E-01,9.133671E-02,0.000000E+00,0.000000E+00,0.000000E+00,0.000000E+00,0.000000E+00,0.000000E+00,0.000000E+00,0.000000E+00,2.110805E+01,7.994409E+01,2.388829E+01,6.310852E+01
23:41:00,8.010554E+03,1.031896E+03,5.577586E-01,9.113034E-02,0.000000E+00,0.000000E+00,0.000000E+00,0.000000E+00,0.000000E+00,0.000000E+00,0.000000E+00,0.000000E+00,2.110805E+01,7.994409E+01,2.388829E+01,6.313076E+01
23:42:00,8.010554E+03,1.029563E+03,5.577586E-01,9.092428E-02,0.000000E+00,0.000000E+00,0.000000E+00,0.000000E+00,0.000000E+00,0.000000E+00,0.000000E+00,0.000000E+00,2.110805E+01,7.994409E+01,2.388829E+01,6.315300E+01
23:43:00,8.010554E+03,1.027233E+03,5.577586E-01,9.071855E-02,0.000000E+00,0.000000E+00,0.000000E+00,0.000000E+00,0.000000E+00,0.000000E+00,0.000000E+00,0.000000E+00,2.110805E+01,7.994409E+01,2.388829E+01,6.317525E+01
23:44:00,8.010554E+03,1.024907E+03,5.577586E-01,9.051314E-02,0.000000E+00,0.000000E+00,0.000000E+00,0.000000E+00,0.000000E+00,0.000000E+00,0.000000E+00,0.000000E+00,2.110805E+01,7.994409E+01,2.388829E+01,6.319751E+01
23:45:00,8.010554E+03,1.022585E+03,5.577586E-01,9.030805E-02,0.000000E+00,0.000000E+00,0.000000E+00,0.000000E+00,0.000000E+00,0.000000E+00,0.000000E+00,0.000000E+00,2.110805E+01,7.994409E+01,2.388829E+01,6.321977E+01
23:46:00,8.010554E+03,1.020267E+03,5.577586E-01,9.010328E-02,0.000000E+00,0.000000E+00,0.000000E+00,0.000000E+00,0.000000E+00,0.000000E+00,0.000000E+00,0.000000E+00,2.110805E+01,7.994409E+01,2.388829E+01,6.324204E+01
23:47:00,8.010554E+03,1.017952E+03,5.577586E-01,8.989883E-02,0.000000E+00,0.000000E+00,0.000000E+00,0.000000E+00,0.000000E+00,0.000000E+00,0.000000E+00,0.000000E+00,2.110805E+01,7.994409E+01,2.388829E+01,6.326433E+01
23:48:00,8.010554E+03,1.015640E+03,5.577586E-01,8.969469E-02,0.000000E+00,0.000000E+00,0.000000E+00,0.000000E+00,0.000000E+00,0.000000E+00,0.000000E+00,0.000000E+00,2.110805E+01,7.994409E+01,2.388829E+01,6.328661E+01
23:49:00,8.010554E+03,1.013332E+03,5.577586E-01,8.949087E-02,0.000000E+00,0.000000E+00,0.000000E+00,0.000000E+00,0.000000E+00,0.000000E+00,0.000000E+00,0.000000E+00,2.110805E+01,7.994409E+01,2.388830E+01,6.330890E+01
23:50:00,8.010554E+03,1.011028E+03,5.577586E-01,8.928737E-02,0.000000E+00,0.000000E+00,0.000000E+00,0.000000E+00,0.000000E+00,0.000000E+00,0.000000E+00,0.000000E+00,2.110805E+01,7.994409E+01,2.388830E+01,6.333120E+01
23:51:00,8.010554E+03,1.008727E+03,5.577586E-01,8.908418E-02,0.000000E+00,0.000000E+00,0.000000E+00,0.000000E+00,0.000000E+00,0.000000E+00,0.000000E+00,0.000000E+00,2.110805E+01,7.994409E+01,2.388830E+01,6.335351E+01
23:52:00,8.010554E+03,1.006430E+03,5.577586E-01,8.888130E-02,0.000000E+00,0.000000E+00,0.000000E+00,0.000000E+00,0.000000E+00,0.000000E+00,0.000000E+00,0.000000E+00,2.110805E+01,7.994409E+01,2.388830E+01,6.337583E+01
23:53:00,8.010554E+03,1.004137E+03,5.577586E-01,8.867874E-02,0.000000E+00,0.000000E+00,0.000000E+00,0.000000E+00,0.000000E+00,0.000000E+00,0.000000E+00,0.000000E+00,2.110805E+01,7.994409E+01,2.388830E+01,6.339816E+01
23:54:00,8.010554E+03,1.001846E+03,5.577586E-01,8.847648E-02,0.000000E+00,0.000000E+00,0.000000E+00,0.000000E+00,0.000000E+00,0.000000E+00,0.000000E+00,0.000000E+00,2.110805E+01,7.994409E+01,2.388830E+01,6.342049E+01
23:55:00,8.010554E+03,9.995599E+02,5.577586E-01,8.827454E-02,0.000000E+00,0.000000E+00,0.000000E+00,0.000000E+00,0.000000E+00,0.000000E+00,0.000000E+00,0.000000E+00,2.110805E+01,7.994409E+01,2.388830E+01,6.344283E+01
23:56:00,8.010554E+03,9.972767E+02,5.577586E-01,8.807290E-02,0.000000E+00,0.000000E+00,0.000000E+00,0.000000E+00,0.000000E+00,0.000000E+00,0.000000E+00,0.000000E+00,2.110805E+01,7.994409E+01,2.388830E+01,6.346517E+01
23:57:00,8.010554E+03,9.949971E+02,5.577586E-01,8.787157E-02,0.000000E+00,0.000000E+00,0.000000E+00,0.000000E+00,0.000000E+00,0.000000E+00,0.000000E+00,0.000000E+00,2.110805E+01,7.994409E+01,2.388830E+01,6.348753E+01
23:58:00,8.010554E+03,9.927210E+02,5.577586E-01,8.767055E-02,0.000000E+00,0.000000E+00,0.000000E+00,0.000000E+00,0.000000E+00,0.000000E+00,0.000000E+00,0.000000E+00,2.110805E+01,7.994409E+01,2.388830E+01,6.350990E+01
23:59:00,8.010554E+03,9.904483E+02,5.577586E-01,8.746984E-02,0.000000E+00,0.000000E+00,0.000000E+00,0.000000E+00,0.000000E+00,0.000000E+00,0.000000E+00,0.000000E+00,2.110805E+01,7.994409E+01,2.388830E+01,6.353227E+01
24:00:00,8.010554E+03,9.881790E+02,5.577586E-01,8.726943E-02,0.000000E+00,0.000000E+00,0.000000E+00,0.000000E+00,0.000000E+00,0.000000E+00,0.000000E+00,0.000000E+00,2.110805E+01,7.994409E+01,2.388830E+01,6.355465E+01
Peak,8.010554E+03,2.286477E+03,5.577586E-01,2.019320E-01,0.000000E+00,0.000000E+00,0.000000E+00,0.000000E+00,0.000000E+00,0.000000E+00,0.000000E+00,0.000000E+00,,,,

Peak Vol Flow (m3/s),,,4.734846E-01,1.714212E-01,,,0.000000E+00,0.000000E+00,,,,,,,,
