Time,LIVINGZONE:CHICAGO MIDWAY AP ANN HTG 99.6% CONDNS DB:Des Heat Load [W],LIVINGZONE:CHICAGO MIDWAY AP ANN CLG .4% CONDNS DB=>MWB:Des Sens Cool Load [W],LIVINGZONE:CHICAGO MIDWAY AP ANN HTG 99.6% CONDNS DB:Des Heat Mass Flow [kg/s],LIVINGZONE:CHICAGO MIDWAY AP ANN CLG .4% CONDNS DB=>MWB:Des Cool Mass Flow [kg/s],LIVINGZONE::Des Latent Heat Load [W],LIVINGZONE::Des Latent Cool Load [W],LIVINGZONE::Des Latent Heat Mass Flow [kg/s],LIVINGZONE::Des Latent Cool Mass Flow [kg/s],LIVINGZONE::Des Heat Load No DOAS [W],LIVINGZONE::Des Sens Cool Load No DOAS [W],LIVINGZONE::Des Latent Heat Load No DOAS [W],LIVINGZONE::Des Latent Cool Load No DOAS [W],LIVINGZONE:CHICAGO MIDWAY AP ANN HTG 99.6% CONDNS DB:Heating Zone Temperature [C],LIVINGZONE:CHICAGO MIDWAY AP ANN HTG 99.6% CONDNS DB:Heating Zone Relative Humidity [%],LIVINGZONE:CHICAGO MIDWAY AP ANN CLG .4% CONDNS DB=>MWB:Cooling Zone Temperature [C],LIVINGZONE:CHICAGO MIDWAY AP ANN CLG .4% CONDNS DB=>MWB:Cooling Zone Relative Humidity [%]
00:01:00,8.011056E+03,9.816692E+02,5.577935E-01,8.669450E-02,0.000000E+00,0.000000E+00,0.000000E+00,0.000000E+00,0.000000E+00,0.000000E+00,0.000000E+00,0.000000E+00,2.110805E+01,7.994494E+01,2.388831E+01,6.361866E+01
00:02:00,8.011056E+03,9.794201E+02,5.577935E-01,8.649587E-02,0.000000E+00,0.000000E+00,0.000000E+00,0.000000E+00,0.000000E+00,0.000000E+00,0.000000E+00,0.000000E+00,2.110805E+01,7.994494E+01,2.388831E+01,6.364103E+01
00:03:00,8.011056E+03,9.771772E+02,5.577935E-01,8.629779E-02,0.000000E+00,0.000000E+00,0.000000E+00,0.000000E+00,0.000000E+00,0.000000E+00,0.000000E+00,0.000000E+00,2.110805E+01,7.994494E+01,2.388831E+01,6.366337E+01
00:04:00,8.011056E+03,9.749406E+02,5.577935E-01,8.610026E-02,0.000000E+00,0.000000E+00,0.000000E+00,0.000000E+00,0.000000E+00,0.000000E+00,0.000000E+00,0.000000E+00,2.110805E+01,7.994494E+01,2.388831E+01,6.368567E+01
00:05:00,8.011056E+03,9.727102E+02,5.577935E-01,8.590328E-02,0.000000E+00,0.000000E+00,0.000000E+00,0.000000E+00,0.000000E+00,0.000000E+00,0.000000E+00,0.000000E+00,2.110805E+01,7.994494E+01,2.388831E+01,6.370792E+01
00:06:00,8.011056E+03,9.704859E+02,5.577935E-01,8.570684E-02,0.000000E+00,0.000000E+00,0.000000E+00,0.000000E+00,0.000000E+00,0.000000E+00,0.000000E+00,0.000000E+00,2.110805E+01,7.994494E+01,2.388831E+01,6.373014E+01
00:07:00,8.011055E+03,9.682679E+02,5.577935E-01,8.551096E-02,0.000000E+00,0.000000E+00,0.000000E+00,0.000000E+00,0.000000E+00,0.000000E+00,0.000000E+00,0.000000E+00,2.110805E+01,7.994494E+01,2.388831E+01,6.375231E+01
00:08:00,8.011055E+03,9.660560E+02,5.577935E-01,8.531561E-02,0.000000E+00,0.000000E+00,0.000000E+00,0.000000E+00,0.000000E+00,0.000000E+00,0.000000E+00,0.000000E+00,2.110805E+01,7.994494E+01,2.388831E+01,6.377445E+01
00:09:00,8.011055E+03,9.638503E+02,5.577935E-01,8.512082E-02,0.000000E+00,0.000000E+00,0.000000E+00,0.000000E+00,0.000000E+00,0.000000E+00,0.000000E+00,0.000000E+00,2.110805E+01,7.994494E+01,2.388831E+01,6.379656E+01
00:10:00,8.011055E+03,9.616508E+02,5.577935E-01,8.492656E-02,0.000000E+00,0.000000E+00,0.000000E+00,0.000000E+00,0.000000E+00,0.000000E+00,0.000000E+00,0.000000E+00,2.110805E+01,7.994494E+01,2.388831E+01,6.381863E+01
00:11:00,8.011055E+03,9.594574E+02,5.577935E-01,8.473285E-02,0.000000E+00,0.000000E+00,0.000000E+00,0.000000E+00,0.000000E+00,0.000000E+00,0.000000E+00,0.000000E+00,2.110805E+01,7.994494E+01,2.388831E+01,6.384067E+01
00:12:00,8.011055E+03,9.572702E+02,5.577935E-01,8.453968E-02,0.000000E+00,0.000000E+00,0.000000E+00,0.000000E+00,0.000000E+00,0.000000E+00,0.000000E+00,0.000000E+00,2.110805E+01,7.994494E+01,2.388831E+01,6.386268E+01
00:13:00,8.011055E+03,9.550890E+02,5.577935E-01,8.434705E-02,0.000000E+00,0.000000E+00,0.000000E+00,0.000000E+00,0.000000E+00,0.000000E+00,0.000000E+00,0.000000E+00,2.110805E+01,7.994494E+01,2.388831E+01,6.388465E+01
00:14:00,8.011055E+03,9.529140E+02,5.577935E-01,8.415496E-02,0.000000E+00,0.000000E+00,0.000000E+00,0.000000E+00,0.000000E+00,0.000000E+00,0.000000E+00,0.000000E+00,2.110805E+01,7.994494E+01,2.388832E+01,6.390660E+01
00:15:00,8.011055E+03,9.507451E+02,5.577935E-01,8.396341E-02,0.000000E+00,0.000000E+00,0.000000E+00,0.000000E+00,0.000000E+00,0.000000E+00,0.000000E+00,0.000000E+00,2.110805E+01,7.994494E+01,2.388832E+01,6.392852E+01
00:16:00,8.011055E+03,9.485823E+02,5.577935E-01,8.377240E-02,0.000000E+00,0.000000E+00,0.000000E+00,0.000000E+00,0.000000E+00,0.000000E+00,0.000000E+00,0.000000E+00,2.110805E+01,7.994494E+01,2.388832E+01,6.395041E+01
00:17:00,8.011055E+03,9.464255E+02,5.577935E-01,8.358193E-02,0.000000E+00,0.000000E+00,0.000000E+00,0.000000E+00,0.000000E+00,0.000000E+00,0.000000E+00,0.000000E+00,2.110805E+01,7.994494E+01,2.388832E+01,6.397228E+01
00:18:00,8.011055E+03,9.442749E+02,5.577935E-01,8.339199E-02,0.000000E+00,0.000000E+00,0.000000E+00,0.000000E+00,0.000000E+00,0.000000E+00,0.000000E+00,0.000000E+00,2.110805E+01,7.994494E+01,2.388832E+01,6.399412E+01
00:19:00,8.011055E+03,9.421302E+02,5.577935E-01,8.320259E-02,0.000000E+00,0.000000E+00,0.000000E+00,0.000000E+00,0.000000E+00,0.000000E+00,0.000000E+00,0.000000E+00,2.110805E+01,7.994494E+01,2.388832E+01,6.401593E+01
00:20:00,8.011055E+03,9.399917E+02,5.577935E-01,8.301372E-02,0.000000E+00,0.000000E+00,0.000000E+00,0.000000E+00,0.000000E+00,0.000000E+00,0.000000E+00,0.000000E+00,2.110805E+01,7.994494E+01,2.388832E+01,6.403773E+01
00:21:00,8.011055E+03,9.378591E+02,5.577935E-01,8.282538E-02,0.000000E+00,0.000000E+00,0.000000E+00,0.000000E+00,0.000000E+00,0.000000E+00,0.000000E+00,0.000000E+00,2.110805E+01,7.994494E+01,2.388832E+01,6.405949E+01
00:22:00,8.011055E+03,9.357326E+02,5.577935E-01,8.263758E-02,0.000000E+00,0.000000E+00,0.000000E+00,0.000000E+00,0.000000E+00,0.000000E+00,0.000000E+00,0.000000E+00,2.110805E+01,7.994494E+01,2.388832E+01,6.408125E+01
00:23:00,8.011055E+03,9.336122E+02,5.577935E-01,8.245030E-02,0.000000E+00,0.000000E+00,0.000000E+00,0.000000E+00,0.000000E+00,0.000000E+00,0.000000E+00,0.000000E+00,2.110805E+01,7.994494E+01,2.388832E+01,6.410297E+01
00:24:00,8.011055E+03,9.314977E+02,5.577935E-01,8.226356E-02,0.000000E+00,0.000000E+00,0.000000E+00,0.000000E+00,0.000000E+00,0.000000E+00,0.000000E+00,0.000000E+00,2.110805E+01,7.994494E+01,2.388832E+01,6.412468E+01
00:25:00,8.011055E+03,9.293892E+02,5.577935E-01,8.207735E-02,0.000000E+00,0.000000E+00,0.000000E+00,0.000000E+00,0.000000E+00,0.000000E+00,0.000000E+00,0.000000E+00,2.110805E+01,7.994494E+01,2.388832E+01,6.414637E+01
00:26:00,8.011055E+03,9.272867E+02,5.577935E-01,8.189166E-02,0.000000E+00,0.000000E+00,0.000000E+00,0.000000E+00,0.000000E+00,0.000000E+00,0.000000E+00,0.000000E+00,2.110805E+01,7.994494E+01,2.388832E+01,6.416804E+01
00:27:00,8.011055E+03,9.251901E+02,5.577935E-01,8.170650E-02,0.000000E+00,0.000000E+00,0.000000E+00,0.000000E+00,0.000000E+00,0.000000E+00,0.000000E+00,0.000000E+00,2.110805E+01,7.994494E+01,2.388832E+01,6.418969E+01
00:28:00,8.011055E+03,9.230995E+02,5.577934E-01,8.152187E-02,0.000000E+00,0.000000E+00,0.000000E+00,0.000000E+00,0.000000E+00,0.000000E+00,0.000000E+00,0.000000E+00,2.110805E+01,7.994494E+01,2.388833E+01,6.421132E+01
00:29:00,8.011054E+03,9.210149E+02,5.577934E-01,8.133777E-02,0.000000E+00,0.000000E+00,0.000000E+00,0.000000E+00,0.000000E+00,0.000000E+00,0.000000E+00,0.000000E+00,2.110805E+01,7.994494E+01,2.388833E+01,6.423294E+01
00:30:00,8.011054E+03,9.189362E+02,5.577934E-01,8.115419E-02,0.000000E+00,0.000000E+00,0.000000E+00,0.000000E+00,0.000000E+00,0.000000E+00,0.000000E+00,0.000000E+00,2.110805E+01,7.994494E+01,2.388833E+01,6.425455E+01
00:31:00,8.011054E+03,9.168635E+02,5.577934E-01,8.097113E-02,0.000000E+00,0.000000E+00,0.000000E+00,0.000000E+00,0.000000E+00,0.000000E+00,0.000000E+00,0.000000E+00,2.110805E+01,7.994494E+01,2.388833E+01,6.427613E+01
00:32:00,8.011054E+03,9.147966E+02,5.577934E-01,8.078860E-02,0.000000E+00,0.000000E+00,0.000000E+00,0.000000E+00,0.000000E+00,0.000000E+00,0.000000E+00,0.000000E+00,2.110805E+01,7.994494E+01,2.388833E+01,6.429771E+01
00:33:00,8.011054E+03,9.127357E+02,5.577934E-01,8.060658E-02,0.000000E+00,0.000000E+00,0.000000E+00,0.000000E+00,0.000000E+00,0.000000E+00,0.000000E+00,0.000000E+00,2.110805E+01,7.994494E+01,2.388833E+01,6.431927E+01
00:34:00,8.011054E+03,9.106807E+02,5.577934E-01,8.042509E-02,0.000000E+00,0.000000E+00,0.000000E+00,0.000000E+00,0.000000E+00,0.000000E+00,0.000000E+00,0.000000E+00,2.110805E+01,7.994494E+01,2.388833E+01,6.434081E+01
00:35:00,8.011054E+03,9.086315E+02,5.577934E-01,8.024412E-02,0.000000E+00,0.000000E+00,0.000000E+00,0.000000E+00,0.000000E+00,0.000000E+00,0.000000E+00,0.000000E+00,2.110805E+01,7.994494E+01,2.388833E+01,6.436235E+01
00:36:00,8.011054E+03,9.065882E+02,5.577934E-01,8.006367E-02,0.000000E+00,0.000000E+00,0.000000E+00,0.000000E+00,0.000000E+00,0.000000E+00,0.000000E+00,0.000000E+00,2.110805E+01,7.994494E+01,2.388833E+01,6.438387E+01
00:37:00,8.011054E+03,9.045508E+02,5.577934E-01,7.988373E-02,0.000000E+00,0.000000E+00,0.000000E+00,0.000000E+00,0.000000E+00,0.000000E+00,0.000000E+00,0.000000E+00,2.110805E+01,7.994494E+01,2.388833E+01,6.440538E+01
00:38:00,8.011054E+03,9.025193E+02,5.577934E-01,7.970431E-02,0.000000E+00,0.000000E+00,0.000000E+00,0.000000E+00,0.000000E+00,0.000000E+00,0.000000E+00,0.000000E+00,2.110805E+01,7.994494E+01,2.388833E+01,6.442688E+01
00:39:00,8.011054E+03,9.004936E+02,5.577934E-01,7.952541E-02,0.000000E+00,0.000000E+00,0.000000E+00,0.000000E+00,0.000000E+00,0.000000E+00,0.000000E+00,0.000000E+00,2.110805E+01,7.994494E+01,2.388833E+01,6.444837E+01
00:40:00,8.011054E+03,8.984737E+02,5.577934E-01,7.934702E-02,0.000000E+00,0.000000E+00,0.000000E+00,0.000000E+00,0.000000E+00,0.000000E+00,0.000000E+00,0.000000E+00,2.110805E+01,7.994494E+01,2.388833E+01,6.446985E+01
00:41:00,8.011054E+03,8.964597E+02,5.577934E-01,7.916915E-02,0.000000E+00,0.000000E+00,0.000000E+00,0.000000E+00,0.000000E+00,0.000000E+00,0.000000E+00,0.000000E+00,2.110805E+01,7.994494E+01,2.388833E+01,6.449131E+01
00:42:00,8.011054E+03,8.944514E+02,5.577934E-01,7.899180E-02,0.000000E+00,0.000000E+00,0.000000E+00,0.000000E+00,0.000000E+00,0.000000E+00,0.000000E+00,0.000000E+00,2.110805E+01,7.994494E+01,2.388833E+01,6.451278E+01
00:43:00,8.011054E+03,8.924490E+02,5.577934E-01,7.881495E-02,0.000000E+00,0.000000E+00,0.000000E+00,0.000000E+00,0.000000E+00,0.000000E+00,0.000000E+00,0.000000E+00,2.110805E+01,7.994494E+01,2.388834E+01,6.453423E+01
00:44:00,8.011054E+03,8.904524E+02,5.577934E-01,7.863862E-02,0.000000E+00,0.000000E+00,0.000000E+00,0.000000E+00,0.000000E+00,0.000000E+00,0.000000E+00,0.000000E+00,2.110805E+01,7.994494E+01,2.388834E+01,6.455567E+01
00:45:00,8.011054E+03,8.884615E+02,5.577934E-01,7.846279E-02,0.000000E+00,0.000000E+00,0.000000E+00,0.000000E+00,0.000000E+00,0.000000E+00,0.000000E+00,0.000000E+00,2.110805E+01,7.994494E+01,2.388834E+01,6.457711E+01
00:46:00,8.011054E+03,8.864765E+02,5.577934E-01,7.828748E-02,0.000000E+00,0.000000E+00,0.000000E+00,0.000000E+00,0.000000E+00,0.000000E+00,0.000000E+00,0.000000E+00,2.110805E+01,7.994494E+01,2.388834E+01,6.459854E+01
00:47:00,8.011054E+03,8.844972E+02,5.577934E-01,7.811268E-02,0.000000E+00,0.000000E+00,0.000000E+00,0.000000E+00,0.000000E+00,0.000000E+00,0.000000E+00,0.000000E+00,2.110805E+01,7.994494E+01,2.388834E+01,6.461996E+01
00:48:00,8.011054E+03,8.825236E+02,5.577934E-01,7.793838E-02,0.000000E+00,0.000000E+00,0.000000E+00,0.000000E+00,0.000000E+00,0.000000E+00,0.000000E+00,0.000000E+00,2.110805E+01,7.994494E+01,2.388834E+01,6.464137E+01
00:49:00,8.011054E+03,8.805558E+02,5.577934E-01,7.776459E-02,0.000000E+00,0.000000E+00,0.000000E+00,0.000000E+00,0.000000E+00,0.000000E+00,0.000000E+00,0.000000E+00,2.110805E+01,7.994494E+01,2.388834E+01,6.466278E+01
00:50:00,8.011054E+03,8.785937E+02,5.577934E-01,7.759131E-02,0.000000E+00,0.000000E+00,0.000000E+00,0.000000E+00,0.000000E+00,0.000000E+00,0.000000E+00,0.000000E+00,2.110805E+01,7.994494E+01,2.388834E+01,6.468419E+01
00:51:00,8.011054E+03,8.766374E+02,5.577934E-01,7.741854E-02,0.000000E+00,0.000000E+00,0.000000E+00,0.000000E+00,0.000000E+00,0.000000E+00,0.000000E+00,0.000000E+00,2.110805E+01,7.994494E+01,2.388834E+01,6.470558E+01
00:52:00,8.011053E+03,8.746868E+02,5.577934E-01,7.724627E-02,0.000000E+00,0.000000E+00,0.000000E+00,0.000000E+00,0.000000E+00,0.000000E+00,0.000000E+00,0.000000E+00,2.110805E+01,7.994494E+01,2.388834E+01,6.472698E+01
00:53:00,8.011053E+03,8.727419E+02,5.577934E-01,7.707450E-02,0.000000E+00,0.000000E+00,0.000000E+00,0.000000E+00,0.000000E+00,0.000000E+00,0.000000E+00,0.000000E+00,2.110805E+01,7.994494E+01,2.388834E+01,6.474836E+01
00:54:00,8.011053E+03,8.708026E+02,5.577934E-01,7.690324E-02,0.000000E+00,0.000000E+00,0.000000E+00,0.000000E+00,0.000000E+00,0.000000E+00,0.000000E+00,0.000000E+00,2.110805E+01,7.994494E+01,2.388834E+01,6.476975E+01
00:55:00,8.011053E+03,8.688691E+02,5.577934E-01,7.673248E-02,0.000000E+00,0.000000E+00,0.000000E+00,0.000000E+00,0.000000E+00,0.000000E+00,0.000000E+00,0.000000E+00,2.110805E+01,7.994494E+01,2.388834E+01,6.479113E+01
00:56:00,8.011053E+03,8.669413E+02,5.577934E-01,7.656222E-02,0.000000E+00,0.000000E+00,0.000000E+00,0.000000E+00,0.000000E+00,0.000000E+00,0.000000E+00,0.000000E+00,2.110805E+01,7.994494E+01,2.388835E+01,6.481251E+01
00:57:00,8.011053E+03,8.650191E+02,5.577934E-01,7.639246E-02,0.000000E+00,0.000000E+00,0.000000E+00,0.000000E+00,0.000000E+00,0.000000E+00,0.000000E+00,0.000000E+00,2.110805E+01,7.994494E+01,2.388835E+01,6.483388E+01
00:58:00,8.011053E+03,8.631026E+02,5.577934E-01,7.622320E-02,0.000000E+00,0.000000E+00,0.000000E+00,0.000000E+00,0.000000E+00,0.000000E+00,0.000000E+00,0.000000E+00,2.110805E+01,7.994494E+01,2.388835E+01,6.485525E+01
00:59:00,8.011053E+03,8.611917E+02,5.577934E-01,7.605444E-02,0.000000E+00,0.000000E+00,0.000000E+00,0.000000E+00,0.000000E+00,0.000000E+00,0.000000E+00,0.000000E+00,2.110805E+01,7.994494E+01,2.388835E+01,6.487662E+01
01:00:00,8.011053E+03,8.592865E+02,5.577934E-01,7.588618E-02,0.000000E+00,0.000000E+00,0.000000E+00,0.000000E+00,0.000000E+00,0.000000E+00,0.000000E+00,0.000000E+00,2.110805E+01,7.994494E+01,2.388835E+01,6.489798E+01
01:01:00,8.011053E+03,8.573899E+02,5.577934E-01,7.571869E-02,0.000000E+00,0.000000E+00,0.000000E+00,0.000000E+00,0.000000E+00,0.000000E+00,0.000000E+00,0.000000E+00,2.110805E+01,7.994494E+01,2.388835E+01,6.491935E+01
01:02:00,8.011053E+03,8.555018E+02,5.577934E-01,7.555194E-02,0.000000E+00,0.000000E+00,0.000000E+00,0.000000E+00,0.000000E+00,0.000000E+00,0.000000E+00,0.000000E+00,2.110805E+01,7.994494E+01,2.388835E+01,6.494065E+01
01:03:00,8.011053E+03,8.536222E+02,5.577934E-01,7.538594E-02,0.000000E+00,0.000000E+00,0.000000E+00,0.000000E+00,0.000000E+00,0.000000E+00,0.000000E+00,0.000000E+00,2.110805E+01,7.994494E+01,2.388835E+01,6.496185E+01
01:04:00,8.011053E+03,8.517510E+02,5.577934E-01,7.522068E-02,0.000000E+00,0.000000E+00,0.000000E+00,0.000000E+00,0.000000E+00,0.000000E+00,0.000000E+00,0.000000E+00,2.110805E+01,7.994494E+01,2.388835E+01,6.498294E+01
01:05:00,8.011053E+03,8.498883E+02,5.577934E-01,7.505617E-02,0.000000E+00,0.000000E+00,0.000000E+00,0.000000E+00,0.000000E+00,0.000000E+00,0.000000E+00,0.000000E+00,2.110805E+01,7.994494E+01,2.388835E+01,6.500392E+01
01:06:00,8.011053E+03,8.480339E+02,5.577934E-01,7.489240E-02,0.000000E+00,0.000000E+00,0.000000E+00,0.000000E+00,0.000000E+00,0.000000E+00,0.000000E+00,0.000000E+00,2.110805E+01,7.994494E+01,2.388835E+01,6.502479E+01
01:07:00,8.011053E+03,8.461880E+02,5.577934E-01,7.472938E-02,0.000000E+00,0.000000E+00,0.000000E+00,0.000000E+00,0.000000E+00,0.000000E+00,0.000000E+00,0.000000E+00,2.110805E+01,7.994494E+01,2.388835E+01,6.504557E+01
01:08:00,8.011053E+03,8.443505E+02,5.577934E-01,7.456710E-02,0.000000E+00,0.000000E+00,0.000000E+00,0.000000E+00,0.000000E+00,0.000000E+00,0.000000E+00,0.000000E+00,2.110805E+01,7.994494E+01,2.388835E+01,6.506625E+01
01:09:00,8.011053E+03,8.425214E+02,5.577934E-01,7.440556E-02,0.000000E+00,0.000000E+00,0.000000E+00,0.000000E+00,0.000000E+00,0.000000E+00,0.000000E+00,0.000000E+00,2.110805E+01,7.994494E+01,2.388835E+01,6.508683E+01
01:10:00,8.011053E+03,8.407007E+02,5.577934E-01,7.424477E-02,0.000000E+00,0.000000E+00,0.000000E+00,0.000000E+00,0.000000E+00,0.000000E+00,0.000000E+00,0.000000E+00,2.110805E+01,7.994494E+01,2.388835E+01,6.510733E+01
01:11:00,8.011053E+03,8.388884E+02,5.577934E-01,7.408471E-02,0.000000E+00,0.000000E+00,0.000000E+00,0.000000E+00,0.000000E+00,0.000000E+00,0.000000E+00,0.000000E+00,2.110805E+01,7.994494E+01,2.388835E+01,6.512773E+01
01:12:00,8.011053E+03,8.370844E+02,5.577934E-01,7.392539E-02,0.000000E+00,0.000000E+00,0.000000E+00,0.000000E+00,0.000000E+00,0.000000E+00,0.000000E+00,0.000000E+00,2.110805E+01,7.994494E+01,2.388835E+01,6.514804E+01
01:13:00,8.011053E+03,8.352889E+02,5.577934E-01,7.376682E-02,0.000000E+00,0.000000E+00,0.000000E+00,0.000000E+00,0.000000E+00,0.000000E+00,0.000000E+00,0.000000E+00,2.110805E+01,7.994494E+01,2.388835E+01,6.516828E+01
01:14:00,8.011053E+03,8.335017E+02,5.577934E-01,7.360898E-02,0.000000E+00,0.000000E+00,0.000000E+00,0.000000E+00,0.000000E+00,0.000000E+00,0.000000E+00,0.000000E+00,2.110805E+01,7.994494E+01,2.388836E+01,6.518843E+01
01:15:00,8.011053E+03,8.317228E+02,5.577934E-01,7.345188E-02,0.000000E+00,0.000000E+00,0.000000E+00,0.000000E+00,0.000000E+00,0.000000E+00,0.000000E+00,0.000000E+00,2.110805E+01,7.994494E+01,2.388836E+01,6.520850E+01
01:16:00,8.011053E+03,8.299523E+02,5.577934E-01,7.329552E-02,0.000000E+00,0.000000E+00,0.000000E+00,0.000000E+00,0.000000E+00,0.000000E+00,0.000000E+00,0.000000E+00,2.110805E+01,7.994494E+01,2.388836E+01,6.522849E+01
01:17:00,8.011053E+03,8.281902E+02,5.577934E-01,7.313989E-02,0.000000E+00,0.000000E+00,0.000000E+00,0.000000E+00,0.000000E+00,0.000000E+00,0.000000E+00,0.000000E+00,2.110805E+01,7.994494E+01,2.388836E+01,6.524841E+01
01:18:00,8.011053E+03,8.264363E+02,5.577934E-01,7.298500E-02,0.000000E+00,0.000000E+00,0.000000E+00,0.000000E+00,0.000000E+00,0.000000E+00,0.000000E+00,0.000000E+00,2.110805E+01,7.994494E+01,2.388836E+01,6.526825E+01
01:19:00,8.011053E+03,8.246908E+02,5.577934E-01,7.283085E-02,0.000000E+00,0.000000E+00,0.000000E+00,0.000000E+00,0.000000E+00,0.000000E+00,0.000000E+00,0.000000E+00,2.110805E+01,7.994494E+01,2.388836E+01,6.528802E+01
01:20:00,8.011053E+03,8.229537E+02,5.577934E-01,7.267743E-02,0.000000E+00,0.000000E+00,0.000000E+00,0.000000E+00,0.000000E+00,0.000000E+00,0.000000E+00,0.000000E+00,2.110805E+01,7.994494E+01,2.388836E+01,6.530772E+01
01:21:00,8.011053E+03,8.212248E+02,5.577934E-01,7.252475E-02,0.000000E+00,0.000000E+00,0.000000E+00,0.000000E+00,0.000000E+00,0.000000E+00,0.000000E+00,0.000000E+00,2.110805E+01,7.994494E+01,2.388836E+01,6.532735E+01
01:22:00,8.011053E+03,8.195043E+02,5.577934E-01,7.237280E-02,0.000000E+00,0.000000E+00,0.000000E+00,0.000000E+00,0.000000E+00,0.000000E+00,0.000000E+00,0.000000E+00,2.110805E+01,7.994494E+01,2.388836E+01,6.534692E+01
01:23:00,8.011053E+03,8.177920E+02,5.577934E-01,7.222158E-02,0.000000E+00,0.000000E+00,0.000000E+00,0.000000E+00,0.000000E+00,0.000000E+00,0.000000E+00,0.000000E+00,2.110805E+01,7.994494E+01,2.388836E+01,6.536642E+01
01:24:00,8.011053E+03,8.160881E+02,5.577934E-01,7.207109E-02,0.000000E+00,0.000000E+00,0.000000E+00,0.000000E+00,0.000000E+00,0.000000E+00,0.000000E+00,0.000000E+00,2.110805E+01,7.994494E+01,2.388836E+01,6.538586E+01
01:25:00,8.011053E+03,8.143924E+02,5.577934E-01,7.192134E-02,0.000000E+00,0.000000E+00,0.000000E+00,0.000000E+00,0.000000E+00,0.000000E+00,0.000000E+00,0.000000E+00,2.110805E+01,7.994494E+01,2.388836E+01,6.540524E+01
01:26:00,8.011053E+03,8.127050E+02,5.577934E-01,7.177232E-02,0.000000E+00,0.000000E+00,0.000000E+00,0.000000E+00,0.000000E+00,0.000000E+00,0.000000E+00,0.000000E+00,2.110805E+01,7.994494E+01,2.388836E+01,6.542456E+01
01:27:00,8.011053E+03,8.110259E+02,5.577934E-01,7.162403E-02,0.000000E+00,0.000000E+00,0.000000E+00,0.000000E+00,0.000000E+00,0.000000E+00,0.000000E+00,0.000000E+00,2.110805E+01,7.994494E+01,2.388836E+01,6.544382E+01
01:28:00,8.011053E+03,8.093551E+02,5.577934E-01,7.147647E-02,0.000000E+00,0.000000E+00,0.000000E+00,0.000000E+00,0.000000E+00,0.000000E+00,0.000000E+00,0.000000E+00,2.110805E+01,7.994494E+01,2.388836E+01,6.546302E+01
01:29:00,8.011053E+03,8.076925E+02,5.577934E-01,7.132964E-02,0.000000E+00,0.000000E+00,0.000000E+00,0.000000E+00,0.000000E+00,0.000000E+00,0.000000E+00,0.000000E+00,2.110805E+01,7.994494E+01,2.388836E+01,6.548217E+01
01:30:00,8.011053E+03,8.060382E+02,5.577934E-01,7.118354E-02,0.000000E+00,0.000000E+00,0.000000E+00,0.000000E+00,0.000000E+00,0.000000E+00,0.000000E+00,0.000000E+00,2.110805E+01,7.994494E+01,2.388836E+01,6.550126E+01
01:31:00,8.011053E+03,8.043921E+02,5.577934E-01,7.103816E-02,0.000000E+00,0.000000E+00,0.000000E+00,0.000000E+00,0.000000E+00,0.000000E+00,0.000000E+00,0.000000E+00,2.110805E+01,7.994494E+01,2.388836E+01,6.552031E+01
01:32:00,8.011053E+03,8.027543E+02,5.577934E-01,7.089352E-02,0.000000E+00,0.000000E+00,0.000000E+00,0.000000E+00,0.000000E+00,0.000000E+00,0.000000E+00,0.000000E+00,2.110805E+01,7.994494E+01,2.388837E+01,6.553930E+01
01:33:00,8.011053E+03,8.011247E+02,5.577934E-01,7.074960E-02,0.000000E+00,0.000000E+00,0.000000E+00,0.000000E+00,0.000000E+00,0.000000E+00,0.000000E+00,0.000000E+00,2.110805E+01,7.994494E+01,2.388837E+01,6.555824E+01
01:34:00,8.011053E+03,7.995034E+02,5.577934E-01,7.060641E-02,0.000000E+00,0.000000E+00,0.000000E+00,0.000000E+00,0.000000E+00,0.000000E+00,0.000000E+00,0.000000E+00,2.110805E+01,7.994494E+01,2.388837E+01,6.557713E+01
01:35:00,8.011053E+03,7.978902E+02,5.577934E-01,7.046395E-02,0.000000E+00,0.000000E+00,0.000000E+00,0.000000E+00,0.000000E+00,0.000000E+00,0.000000E+00,0.000000E+00,2.110805E+01,7.994494E+01,2.388837E+01,6.559598E+01
01:36:00,8.011053E+03,7.962853E+02,5.577934E-01,7.032221E-02,0.000000E+00,0.000000E+00,0.000000E+00,0.000000E+00,0.000000E+00,0.000000E+00,0.000000E+00,0.000000E+00,2.110805E+01,7.994494E+01,2.388837E+01,6.561478E+01
01:37:00,8.011053E+03,7.946886E+02,5.577934E-01,7.018120E-02,0.000000E+00,0.000000E+00,0.000000E+00,0.000000E+00,0.000000E+00,0.000000E+00,0.000000E+00,0.000000E+00,2.110805E+01,7.994494E+01,2.388837E+01,6.563354E+01
01:38:00,8.011053E+03,7.931002E+02,5.577934E-01,7.004091E-02,0.000000E+00,0.000000E+00,0.000000E+00,0.000000E+00,0.000000E+00,0.000000E+00,0.000000E+00,0.000000E+00,2.110805E+01,7.994494E+01,2.388837E+01,6.565225E+01
01:39:00,8.011053E+03,7.915199E+02,5.577934E-01,6.990135E-02,0.000000E+00,0.000000E+00,0.000000E+00,0.000000E+00,0.000000E+00,0.000000E+00,0.000000E+00,0.000000E+00,2.110805E+01,7.994494E+01,2.388837E+01,6.567092E+01
01:40:00,8.011053E+03,7.899478E+02,5.577934E-01,6.976251E-02,0.000000E+00,0.000000E+00,0.000000E+00,0.000000E+00,0.000000E+00,0.000000E+00,0.000000E+00,0.000000E+00,2.110805E+01,7.994494E+01,2.388837E+01,6.568955E+01
01:41:00,8.011053E+03,7.883839E+02,5.577934E-01,6.962439E-02,0.000000E+00,0.000000E+00,0.000000E+00,0.000000E+00,0.000000E+00,0.000000E+00,0.000000E+00,0.000000E+00,2.110805E+01,7.994494E+01,2.388837E+01,6.570813E+01
01:42:00,8.011053E+03,7.868282E+02,5.577934E-01,6.948700E-02,0.000000E+00,0.000000E+00,0.000000E+00,0.000000E+00,0.000000E+00,0.000000E+00,0.000000E+00,0.000000E+00,2.110805E+01,7.994494E+01,2.388837E+01,6.572668E+01
01:43:00,8.011053E+03,7.852807E+02,5.577934E-01,6.935033E-02,0.000000E+00,0.000000E+00,0.000000E+00,0.000000E+00,0.000000E+00,0.000000E+00,0.000000E+00,0.000000E+00,2.110805E+01,7.994494E+01,2.388837E+01,6.574519E+01
01:44:00,8.011053E+03,7.837414E+02,5.577934E-01,6.921439E-02,0.000000E+00,0.000000E+00,0.000000E+00,0.000000E+00,0.000000E+00,0.000000E+00,0.000000E+00,0.000000E+00,2.110805E+01,7.994494E+01,2.388837E+01,6.576366E+01
01:45:00,8.011053E+03,7.822102E+02,5.577934E-01,6.907916E-02,0.000000E+00,0.000000E+00,0.000000E+00,0.000000E+00,0.000000E+00,0.000000E+00,0.000000E+00,0.000000E+00,2.110805E+01,7.994494E+01,2.388837E+01,6.578209E+01
01:46:00,8.011053E+03,7.806872E+02,5.577934E-01,6.894466E-02,0.000000E+00,0.000000E+00,0.000000E+00,0.000000E+00,0.000000E+00,0.000000E+00,0.000000E+00,0.000000E+00,2.110805E+01,7.994494E+01,2.388837E+01,6.580049E+01
01:47:00,8.011053E+03,7.791724E+02,5.577934E-01,6.881088E-02,0.000000E+00,0.000000E+00,0.000000E+00,0.000000E+00,0.000000E+00,0.000000E+00,0.000000E+00,0.000000E+00,2.110805E+01,7.994494E+01,2.388837E+01,6.581885E+01
01:48:00,8.011053E+03,7.776658E+02,5.577934E-01,6.867782E-02,0.000000E+00,0.000000E+00,0.000000E+00,0.000000E+00,0.000000E+00,0.000000E+00,0.000000E+00,0.000000E+00,2.110805E+01,7.994494E+01,2.388837E+01,6.583718E+01
01:49:00,8.011053E+03,7.761672E+02,5.577934E-01,6.854548E-02,0.000000E+00,0.000000E+00,0.000000E+00,0.000000E+00,0.000000E+00,0.000000E+00,0.000000E+00,0.000000E+00,2.110805E+01,7.994494E+01,2.388837E+01,6.585547E+01
01:50:00,8.011053E+03,7.746769E+02,5.577934E-01,6.841386E-02,0.000000E+00,0.000000E+00,0.000000E+00,0.000000E+00,0.000000E+00,0.000000E+00,0.000000E+00,0.000000E+00,2.110805E+01,7.994494E+01,2.388837E+01,6.587374E+01
01:51:00,8.011053E+03,7.731947E+02,5.577934E-01,6.828295E-02,0.000000E+00,0.000000E+00,0.000000E+00,0.000000E+00,0.000000E+00,0.000000E+00,0.000000E+00,0.000000E+00,2.110805E+01,7.994494E+01,2.388838E+01,6.589197E+01
01:52:00,8.011053E+03,7.717206E+02,5.577934E-01,6.815277E-02,0.000000E+00,0.000000E+00,0.000000E+00,0.000000E+00,0.000000E+00,0.000000E+00,0.000000E+00,0.000000E+00,2.110805E+01,7.994494E+01,2.388838E+01,6.591017E+01
01:53:00,8.011053E+03,7.702547E+02,5.577934E-01,6.802331E-02,0.000000E+00,0.000000E+00,0.000000E+00,0.000000E+00,0.000000E+00,0.000000E+00,0.000000E+00,0.000000E+00,2.110805E+01,7.994494E+01,2.388838E+01,6.592833E+01
01:54:00,8.011053E+03,7.687969E+02,5.577934E-01,6.789457E-02,0.000000E+00,0.000000E+00,0.000000E+00,0.000000E+00,0.000000E+00,0.000000E+00,0.000000E+00,0.000000E+00,2.110805E+01,7.994494E+01,2.388838E+01,6.594647E+01
01:55:00,8.011053E+03,7.673473E+02,5.577934E-01,6.776654E-02,0.000000E+00,0.000000E+00,0.000000E+00,0.000000E+00,0.000000E+00,0.000000E+00,0.000000E+00,0.000000E+00,2.110805E+01,7.994494E+01,2.388838E+01,6.596458E+01
01:56:00,8.011053E+03,7.659058E+02,5.577934E-01,6.763923E-02,0.000000E+00,0.000000E+00,0.000000E+00,0.000000E+00,0.000000E+00,0.000000E+00,0.000000E+00,0.000000E+00,2.110805E+01,7.994494E+01,2.388838E+01,6.598266E+01
01:57:00,8.011053E+03,7.644724E+02,5.577934E-01,6.751264E-02,0.000000E+00,0.000000E+00,0.000000E+00,0.000000E+00,0.000000E+00,0.000000E+00,0.000000E+00,0.000000E+00,2.110805E+01,7.994494E+01,2.388838E+01,6.600071E+01
01:58:00,8.011053E+03,7.630471E+02,5.577934E-01,6.738677E-02,0.000000E+00,0.000000E+00,0.000000E+00,0.000000E+00,0.000000E+00,0.000000E+00,0.000000E+00,0.000000E+00,2.110805E+01,7.994494E+01,2.388838E+01,6.601874E+01
01:59:00,8.011053E+03,7.616300E+02,5.577934E-01,6.726161E-02,0.000000E+00,0.000000E+00,0.000000E+00,0.000000E+00,0.000000E+00,0.000000E+00,0.000000E+00,0.000000E+00,2.110805E+01,7.994494E+01,2.388838E+01,6.603673E+01
02:00:00,8.011053E+03,7.602209E+02,5.577934E-01,6.713717E-02,0.000000E+00,0.000000E+00,0.000000E+00,0.000000E+00,0.000000E+00,0.000000E+00,0.000000E+00,0.000000E+00,2.110805E+01,7.994494E+01,2.388838E+01,6.605470E+01
02:01:00,8.011053E+03,7.588171E+02,5.577934E-01,6.701320E-02,0.000000E+00,0.000000E+00,0.000000E+00,0.000000E+00,0.000000E+00,0.000000E+00,0.000000E+00,0.000000E+00,2.110805E+01,7.994494E+01,2.388838E+01,6.607265E+01
02:02:00,8.011053E+03,7.574186E+02,5.577934E-01,6.688969E-02,0.000000E+00,0.000000E+00,0.000000E+00,0.000000E+00,0.000000E+00,0.000000E+00,0.000000E+00,0.000000E+00,2.110805E+01,7.994494E+01,2.388838E+01,6.609054E+01
02:03:00,8.011053E+03,7.560254E+02,5.577934E-01,6.676664E-02,0.000000E+00,0.000000E+00,0.000000E+00,0.000000E+00,0.000000E+00,0.000000E+00,0.000000E+00,0.000000E+00,2.110805E+01,7.994494E+01,2.388838E+01,6.610835E+01
02:04:00,8.011053E+03,7.546374E+02,5.577934E-01,6.664406E-02,0.000000E+00,0.000000E+00,0.000000E+00,0.000000E+00,0.000000E+00,0.000000E+00,0.000000E+00,0.000000E+00,2.110805E+01,7.994494E+01,2.388838E+01,6.612608E+01
02:05:00,8.011053E+03,7.532547E+02,5.577934E-01,6.652195E-02,0.000000E+00,0.000000E+00,0.000000E+00,0.000000E+00,0.000000E+00,0.000000E+00,0.000000E+00,0.000000E+00,2.110805E+01,7.994494E+01,2.388838E+01,6.614373E+01
02:06:00,8.011053E+03,7.518772E+02,5.577934E-01,6.640030E-02,0.000000E+00,0.000000E+00,0.000000E+00,0.000000E+00,0.000000E+00,0.000000E+00,0.000000E+00,0.000000E+00,2.110805E+01,7.994494E+01,2.388838E+01,6.616131E+01
02:07:00,8.011053E+03,7.505050E+02,5.577934E-01,6.627912E-02,0.000000E+00,0.000000E+00,0.000000E+00,0.000000E+00,0.000000E+00,0.000000E+00,0.000000E+00,0.000000E+00,2.110805E+01,7.994494E+01,2.388838E+01,6.617881E+01
02:08:00,8.011053E+03,7.491381E+02,5.577934E-01,6.615839E-02,0.000000E+00,0.000000E+00,0.000000E+00,0.000000E+00,0.000000E+00,0.000000E+00,0.000000E+00,0.000000E+00,2.110805E+01,7.994494E+01,2.388838E+01,6.619623E+01
02:09:00,8.011053E+03,7.477764E+02,5.577934E-01,6.603814E-02,0.000000E+00,0.000000E+00,0.000000E+00,0.000000E+00,0.000000E+00,0.000000E+00,0.000000E+00,0.000000E+00,2.110805E+01,7.994494E+01,2.388838E+01,6.621359E+01
02:10:00,8.011053E+03,7.464200E+02,5.577934E-01,6.591834E-02,0.000000E+00,0.000000E+00,0.000000E+00,0.000000E+00,0.000000E+00,0.000000E+00,0.000000E+00,0.000000E+00,2.110805E+01,7.994494E+01,2.388839E+01,6.623087E+01
02:11:00,8.011053E+03,7.450688E+02,5.577934E-01,6.579901E-02,0.000000E+00,0.000000E+00,0.000000E+00,0.000000E+00,0.000000E+00,0.000000E+00,0.000000E+00,0.000000E+00,2.110805E+01,7.994494E+01,2.388839E+01,6.624809E+01
02:12:00,8.011053E+03,7.437228E+02,5.577934E-01,6.568015E-02,0.000000E+00,0.000000E+00,0.000000E+00,0.000000E+00,0.000000E+00,0.000000E+00,0.000000E+00,0.000000E+00,2.110805E+01,7.994494E+01,2.388839E+01,6.626523E+01
02:13:00,8.011053E+03,7.423821E+02,5.577934E-01,6.556174E-02,0.000000E+00,0.000000E+00,0.000000E+00,0.000000E+00,0.000000E+00,0.000000E+00,0.000000E+00,0.000000E+00,2.110805E+01,7.994494E+01,2.388839E+01,6.628232E+01
02:14:00,8.011053E+03,7.410467E+02,5.577934E-01,6.544380E-02,0.000000E+00,0.000000E+00,0.000000E+00,0.000000E+00,0.000000E+00,0.000000E+00,0.000000E+00,0.000000E+00,2.110805E+01,7.994494E+01,2.388839E+01,6.629934E+01
02:15:00,8.011053E+03,7.397164E+02,5.577934E-01,6.532632E-02,0.000000E+00,0.000000E+00,0.000000E+00,0.000000E+00,0.000000E+00,0.000000E+00,0.000000E+00,0.000000E+00,2.110805E+01,7.994494E+01,2.388839E+01,6.631630E+01
02:16:00,8.011053E+03,7.383915E+02,5.577934E-01,6.520931E-02,0.000000E+00,0.000000E+00,0.000000E+00,0.000000E+00,0.000000E+00,0.000000E+00,0.000000E+00,0.000000E+00,2.110805E+01,7.994494E+01,2.388839E+01,6.633319E+01
02:17:00,8.011053E+03,7.370717E+02,5.577934E-01,6.509275E-02,0.000000E+00,0.000000E+00,0.000000E+00,0.000000E+00,0.000000E+00,0.000000E+00,0.000000E+00,0.000000E+00,2.110805E+01,7.994494E+01,2.388839E+01,6.635003E+01
02:18:00,8.011053E+03,7.357572E+02,5.577934E-01,6.497666E-02,0.000000E+00,0.000000E+00,0.000000E+00,0.000000E+00,0.000000E+00,0.000000E+00,0.000000E+00,0.000000E+00,2.110805E+01,7.994494E+01,2.388839E+01,6.636681E+01
02:19:00,8.011053E+03,7.344479E+02,5.577934E-01,6.486103E-02,0.000000E+00,0.000000E+00,0.000000E+00,0.000000E+00,0.000000E+00,0.000000E+00,0.000000E+00,0.000000E+00,2.110805E+01,7.994494E+01,2.388839E+01,6.638353E+01
02:20:00,8.011053E+03,7.331439E+02,5.577934E-01,6.474586E-02,0.000000E+00,0.000000E+00,0.000000E+00,0.000000E+00,0.000000E+00,0.000000E+00,0.000000E+00,0.000000E+00,2.110805E+01,7.994494E+01,2.388839E+01,6.640020E+01
02:21:00,8.011054E+03,7.318450E+02,5.577934E-01,6.463116E-02,0.000000E+00,0.000000E+00,0.000000E+00,0.000000E+00,0.000000E+00,0.000000E+00,0.000000E+00,0.000000E+00,2.110805E+01,7.994494E+01,2.388839E+01,6.641681E+01
02:22:00,8.011054E+03,7.305514E+02,5.577934E-01,6.451691E-02,0.000000E+00,0.000000E+00,0.000000E+00,0.000000E+00,0.000000E+00,0.000000E+00,0.000000E+00,0.000000E+00,2.110805E+01,7.994494E+01,2.388839E+01,6.643336E+01
02:23:00,8.011054E+03,7.292631E+02,5.577934E-01,6.440313E-02,0.000000E+00,0.000000E+00,0.000000E+00,0.000000E+00,0.000000E+00,0.000000E+00,0.000000E+00,0.000000E+00,2.110805E+01,7.994494E+01,2.388839E+01,6.644987E+01
02:24:00,8.011054E+03,7.279799E+02,5.577934E-01,6.428981E-02,0.000000E+00,0.000000E+00,0.000000E+00,0.000000E+00,0.000000E+00,0.000000E+00,0.000000E+00,0.000000E+00,2.110805E+01,7.994494E+01,2.388839E+01,6.646632E+01
02:25:00,8.011054E+03,7.267020E+02,5.577934E-01,6.417696E-02,0.000000E+00,0.000000E+00,0.000000E+00,0.000000E+00,0.000000E+00,0.000000E+00,0.000000E+00,0.000000E+00,2.110805E+01,7.994494E+01,2.388839E+01,6.648272E+01
02:26:00,8.011054E+03,7.254294E+02,5.577934E-01,6.406456E-02,0.000000E+00,0.000000E+00,0.000000E+00,0.000000E+00,0.000000E+00,0.000000E+00,0.000000E+00,0.000000E+00,2.110805E+01,7.994494E+01,2.388839E+01,6.649908E+01
02:27:00,8.011054E+03,7.241619E+02,5.577934E-01,6.395263E-02,0.000000E+00,0.000000E+00,0.000000E+00,0.000000E+00,0.000000E+00,0.000000E+00,0.000000E+00,0.000000E+00,2.110805E+01,7.994494E+01,2.388839E+01,6.651538E+01
02:28:00,8.011054E+03,7.228997E+02,5.577934E-01,6.384115E-02,0.000000E+00,0.000000E+00,0.000000E+00,0.000000E+00,0.000000E+00,0.000000E+00,0.000000E+00,0.000000E+00,2.110805E+01,7.994494E+01,2.388839E+01,6.653164E+01
02:29:00,8.011054E+03,7.216427E+02,5.577934E-01,6.373014E-02,0.000000E+00,0.000000E+00,0.000000E+00,0.000000E+00,0.000000E+00,0.000000E+00,0.000000E+00,0.000000E+00,2.110805E+01,7.994495E+01,2.388839E+01,6.654784E+01
02:30:00,8.011054E+03,7.203910E+02,5.577934E-01,6.361960E-02,0.000000E+00,0.000000E+00,0.000000E+00,0.000000E+00,0.000000E+00,0.000000E+00,0.000000E+00,0.000000E+00,2.110805E+01,7.994495E+01,2.388839E+01,6.656401E+01
02:31:00,8.011054E+03,7.191445E+02,5.577934E-01,6.350951E-02,0.000000E+00,0.000000E+00,0.000000E+00,0.000000E+00,0.000000E+00,0.000000E+00,0.000000E+00,0.000000E+00,2.110805E+01,7.994495E+01,2.388839E+01,6.658012E+01
02:32:00,8.011054E+03,7.179032E+02,5.577934E-01,6.339989E-02,0.000000E+00,0.000000E+00,0.000000E+00,0.000000E+00,0.000000E+00,0.000000E+00,0.000000E+00,0.000000E+00,2.110805E+01,7.994495E+01,2.388840E+01,6.659619E+01
02:33:00,8.011054E+03,7.166672E+02,5.577934E-01,6.329073E-02,0.000000E+00,0.000000E+00,0.000000E+00,0.000000E+00,0.000000E+00,0.000000E+00,0.000000E+00,0.000000E+00,2.110805E+01,7.994495E+01,2.388840E+01,6.661222E+01
02:34:00,8.011054E+03,7.154365E+02,5.577934E-01,6.318204E-02,0.000000E+00,0.000000E+00,0.000000E+00,0.000000E+00,0.000000E+00,0.000000E+00,0.000000E+00,0.000000E+00,2.110805E+01,7.994495E+01,2.388840E+01,6.662821E+01
02:35:00,8.011054E+03,7.142109E+02,5.577934E-01,6.307381E-02,0.000000E+00,0.000000E+00,0.000000E+00,0.000000E+00,0.000000E+00,0.000000E+00,0.000000E+00,0.000000E+00,2.110805E+01,7.994495E+01,2.388840E+01,6.664415E+01
02:36:00,8.011054E+03,7.129907E+02,5.577934E-01,6.296604E-02,0.000000E+00,0.000000E+00,0.000000E+00,0.000000E+00,0.000000E+00,0.000000E+00,0.000000E+00,0.000000E+00,2.110805E+01,7.994495E+01,2.388840E+01,6.666005E+01
02:37:00,8.011054E+03,7.117758E+02,5.577934E-01,6.285874E-02,0.000000E+00,0.000000E+00,0.000000E+00,0.000000E+00,0.000000E+00,0.000000E+00,0.000000E+00,0.000000E+00,2.110805E+01,7.994495E+01,2.388840E+01,6.667591E+01
02:38:00,8.011054E+03,7.105661E+02,5.577934E-01,6.275191E-02,0.000000E+00,0.000000E+00,0.000000E+00,0.000000E+00,0.000000E+00,0.000000E+00,0.000000E+00,0.000000E+00,2.110805E+01,7.994495E+01,2.388840E+01,6.669173E+01
02:39:00,8.011054E+03,7.093617E+02,5.577934E-01,6.264555E-02,0.000000E+00,0.000000E+00,0.000000E+00,0.000000E+00,0.000000E+00,0.000000E+00,0.000000E+00,0.000000E+00,2.110805E+01,7.994495E+01,2.388840E+01,6.670751E+01
02:40:00,8.011054E+03,7.081626E+02,5.577934E-01,6.253964E-02,0.000000E+00,0.000000E+00,0.000000E+00,0.000000E+00,0.000000E+00,0.000000E+00,0.000000E+00,0.000000E+00,2.110805E+01,7.994495E+01,2.388840E+01,6.672325E+01
02:41:00,8.011054E+03,7.069687E+02,5.577934E-01,6.243420E-02,0.000000E+00,0.000000E+00,0.000000E+00,0.000000E+00,0.000000E+00,0.000000E+00,0.000000E+00,0.000000E+00,2.110805E+01,7.994495E+01,2.388840E+01,6.673894E+01
02:42:00,8.011054E+03,7.057800E+02,5.577934E-01,6.232923E-02,0.000000E+00,0.000000E+00,0.000000E+00,0.000000E+00,0.000000E+00,0.000000E+00,0.000000E+00,0.000000E+00,2.110805E+01,7.994495E+01,2.388840E+01,6.675461E+01
02:43:00,8.011054E+03,7.045966E+02,5.577934E-01,6.222472E-02,0.000000E+00,0.000000E+00,0.000000E+00,0.000000E+00,0.000000E+00,0.000000E+00,0.000000E+00,0.000000E+00,2.110805E+01,7.994495E+01,2.388840E+01,6.677023E+01
02:44:00,8.011054E+03,7.034184E+02,5.577934E-01,6.212067E-02,0.000000E+00,0.000000E+00,0.000000E+00,0.000000E+00,0.000000E+00,0.000000E+00,0.000000E+00,0.000000E+00,2.110805E+01,7.994495E+01,2.388840E+01,6.678582E+01
02:45:00,8.011054E+03,7.022455E+02,5.577934E-01,6.201708E-02,0.000000E+00,0.000000E+00,0.000000E+00,0.000000E+00,0.000000E+00,0.000000E+00,0.000000E+00,0.000000E+00,2.110805E+01,7.994495E+01,2.388840E+01,6.680138E+01
02:46:00,8.011054E+03,7.010778E+02,5.577934E-01,6.191396E-02,0.000000E+00,0.000000E+00,0.000000E+00,0.000000E+00,0.000000E+00,0.000000E+00,0.000000E+00,0.000000E+00,2.110805E+01,7.994495E+01,2.388840E+01,6.681689E+01
02:47:00,8.011054E+03,6.999154E+02,5.577934E-01,6.181129E-02,0.000000E+00,0.000000E+00,0.000000E+00,0.000000E+00,0.000000E+00,0.000000E+00,0.000000E+00,0.000000E+00,2.110805E+01,7.994495E+01,2.388840E+01,6.683238E+01
02:48:00,8.011054E+03,6.987581E+02,5.577934E-01,6.170909E-02,0.000000E+00,0.000000E+00,0.000000E+00,0.000000E+00,0.000000E+00,0.000000E+00,0.000000E+00,0.000000E+00,2.110805E+01,7.994495E+01,2.388840E+01,6.684782E+01
02:49:00,8.011054E+03,6.976062E+02,5.577934E-01,6.160736E-02,0.000000E+00,0.000000E+00,0.000000E+00,0.000000E+00,0.000000E+00,0.000000E+00,0.000000E+00,0.000000E+00,2.110805E+01,7.994495E+01,2.388840E+01,6.686324E+01
02:50:00,8.011054E+03,6.964594E+02,5.577934E-01,6.150608E-02,0.000000E+00,0.000000E+00,0.000000E+00,0.000000E+00,0.000000E+00,0.000000E+00,0.000000E+00,0.000000E+00,2.110805E+01,7.994495E+01,2.388840E+01,6.687862E+01
02:51:00,8.011054E+03,6.953179E+02,5.577934E-01,6.140527E-02,0.000000E+00,0.000000E+00,0.000000E+00,0.000000E+00,0.000000E+00,0.000000E+00,0.000000E+00,0.000000E+00,2.110805E+01,7.994495E+01,2.388840E+01,6.689397E+01
02:52:00,8.011054E+03,6.941817E+02,5.577934E-01,6.130493E-02,0.000000E+00,0.000000E+00,0.000000E+00,0.000000E+00,0.000000E+00,0.000000E+00,0.000000E+00,0.000000E+00,2.110805E+01,7.994495E+01,2.388840E+01,6.690928E+01
02:53:00,8.011054E+03,6.930507E+02,5.577934E-01,6.120504E-02,0.000000E+00,0.000000E+00,0.000000E+00,0.000000E+00,0.000000E+00,0.000000E+00,0.000000E+00,0.000000E+00,2.110805E+01,7.994495E+01,2.388840E+01,6.692457E+01
02:54:00,8.011054E+03,6.919250E+02,5.577934E-01,6.110562E-02,0.000000E+00,0.000000E+00,0.000000E+00,0.000000E+00,0.000000E+00,0.000000E+00,0.000000E+00,0.000000E+00,2.110805E+01,7.994495E+01,2.388841E+01,6.693982E+01
02:55:00,8.011054E+03,6.908045E+02,5.577934E-01,6.100667E-02,0.000000E+00,0.000000E+00,0.000000E+00,0.000000E+00,0.000000E+00,0.000000E+00,0.000000E+00,0.000000E+00,2.110805E+01,7.994495E+01,2.388841E+01,6.695505E+01
02:56:00,8.011054E+03,6.896893E+02,5.577934E-01,6.090818E-02,0.000000E+00,0.000000E+00,0.000000E+00,0.000000E+00,0.000000E+00,0.000000E+00,0.000000E+00,0.000000E+00,2.110805E+01,7.994495E+01,2.388841E+01,6.697023E+01
02:57:00,8.011054E+03,6.885794E+02,5.577934E-01,6.081016E-02,0.000000E+00,0.000000E+00,0.000000E+00,0.000000E+00,0.000000E+00,0.000000E+00,0.000000E+00,0.000000E+00,2.110805E+01,7.994495E+01,2.388841E+01,6.698540E+01
02:58:00,8.011054E+03,6.874748E+02,5.577934E-01,6.071260E-02,0.000000E+00,0.000000E+00,0.000000E+00,0.000000E+00,0.000000E+00,0.000000E+00,0.000000E+00,0.000000E+00,2.110805E+01,7.994495E+01,2.388841E+01,6.700052E+01
02:59:00,8.011054E+03,6.863754E+02,5.577934E-01,6.061552E-02,0.000000E+00,0.000000E+00,0.000000E+00,0.000000E+00,0.000000E+00,0.000000E+00,0.000000E+00,0.000000E+00,2.110805E+01,7.994495E+01,2.388841E+01,6.701562E+01
03:00:00,8.011054E+03,6.852815E+02,5.577934E-01,6.051890E-02,0.000000E+00,0.000000E+00,0.000000E+00,0.000000E+00,0.000000E+00,0.000000E+00,0.000000E+00,0.000000E+00,2.110805E+01,7.994495E+01,2.388841E+01,6.703069E+01
03:01:00,8.011054E+03,6.841900E+02,5.577934E-01,6.042251E-02,0.000000E+00,0.000000E+00,0.000000E+00,0.000000E+00,0.000000E+00,0.000000E+00,0.000000E+00,0.000000E+00,2.110805E+01,7.994495E+01,2.388841E+01,6.704573E+01
03:02:00,8.011054E+03,6.831012E+02,5.577934E-01,6.032636E-02,0.000000E+00,0.000000E+00,0.000000E+00,0.000000E+00,0.000000E+00,0.000000E+00,0.000000E+00,0.000000E+00,2.110805E+01,7.994495E+01,2.388841E+01,6.706074E+01
03:03:00,8.011054E+03,6.820149E+02,5.577934E-01,6.023041E-02,0.000000E+00,0.000000E+00,0.000000E+00,0.000000E+00,0.000000E+00,0.000000E+00,0.000000E+00,0.000000E+00,2.110805E+01,7.994495E+01,2.388841E+01,6.707571E+01
03:04:00,8.011054E+03,6.809310E+02,5.577934E-01,6.013469E-02,0.000000E+00,0.000000E+00,0.000000E+00,0.000000E+00,0.000000E+00,0.000000E+00,0.000000E+00,0.000000E+00,2.110805E+01,7.994495E+01,2.388841E+01,6.709066E+01
03:05:00,8.011054E+03,6.798496E+02,5.577934E-01,6.003919E-02,0.000000E+00,0.000000E+00,0.000000E+00,0.000000E+00,0.000000E+00,0.000000E+00,0.000000E+00,0.000000E+00,2.110805E+01,7.994495E+01,2.388841E+01,6.710557E+01
03:06:00,8.011054E+03,6.787706E+02,5.577934E-01,5.994390E-02,0.000000E+00,0.000000E+00,0.000000E+00,0.000000E+00,0.000000E+00,0.000000E+00,0.000000E+00,0.000000E+00,2.110805E+01,7.994495E+01,2.388841E+01,6.712046E+01
03:07:00,8.011054E+03,6.776941E+02,5.577934E-01,5.984883E-02,0.000000E+00,0.000000E+00,0.000000E+00,0.000000E+00,0.000000E+00,0.000000E+00,0.000000E+00,0.000000E+00,2.110805E+01,7.994495E+01,2.388841E+01,6.713532E+01
03:08:00,8.011054E+03,6.766200E+02,5.577934E-01,5.975397E-02,0.000000E+00,0.000000E+00,0.000000E+00,0.000000E+00,0.000000E+00,0.000000E+00,0.000000E+00,0.000000E+00,2.110805E+01,7.994495E+01,2.388841E+01,6.715015E+01
03:09:00,8.011054E+03,6.755482E+02,5.577934E-01,5.965931E-02,0.000000E+00,0.000000E+00,0.000000E+00,0.000000E+00,0.000000E+00,0.000000E+00,0.000000E+00,0.000000E+00,2.110805E+01,7.994495E+01,2.388841E+01,6.716496E+01
03:10:00,8.011054E+03,6.744789E+02,5.577934E-01,5.956487E-02,0.000000E+00,0.000000E+00,0.000000E+00,0.000000E+00,0.000000E+00,0.000000E+00,0.000000E+00,0.000000E+00,2.110805E+01,7.994495E+01,2.388841E+01,6.717974E+01
03:11:00,8.011054E+03,6.734119E+02,5.577934E-01,5.947064E-02,0.000000E+00,0.000000E+00,0.000000E+00,0.000000E+00,0.000000E+00,0.000000E+00,0.000000E+00,0.000000E+00,2.110805E+01,7.994495E+01,2.388841E+01,6.719449E+01
03:12:00,8.011054E+03,6.723473E+02,5.577934E-01,5.937662E-02,0.000000E+00,0.000000E+00,0.000000E+00,0.000000E+00,0.000000E+00,0.000000E+00,0.000000E+00,0.000000E+00,2.110805E+01,7.994495E+01,2.388841E+01,6.720923E+01
03:13:00,8.011054E+03,6.712850E+02,5.577934E-01,5.928281E-02,0.000000E+00,0.000000E+00,0.000000E+00,0.000000E+00,0.000000E+00,0.000000E+00,0.000000E+00,0.000000E+00,2.110805E+01,7.994495E+01,2.388841E+01,6.722393E+01
03:14:00,8.011054E+03,6.702251E+02,5.577934E-01,5.918921E-02,0.000000E+00,0.000000E+00,0.000000E+00,0.000000E+00,0.000000E+00,0.000000E+00,0.000000E+00,0.000000E+00,2.110805E+01,7.994495E+01,2.388841E+01,6.723861E+01
03:15:00,8.011054E+03,6.691676E+02,5.577934E-01,5.909581E-02,0.000000E+00,0.000000E+00,0.000000E+00,0.000000E+00,0.000000E+00,0.000000E+00,0.000000E+00,0.000000E+00,2.110805E+01,7.994495E+01,2.388841E+01,6.725327E+01
03:16:00,8.011054E+03,6.681124E+02,5.577934E-01,5.900262E-02,0.000000E+00,0.000000E+00,0.000000E+00,0.000000E+00,0.000000E+00,0.000000E+00,0.000000E+00,0.000000E+00,2.110805E+01,7.994495E+01,2.388841E+01,6.726791E+01
03:17:00,8.011054E+03,6.670595E+02,5.577934E-01,5.890964E-02,0.000000E+00,0.000000E+00,0.000000E+00,0.000000E+00,0.000000E+00,0.000000E+00,0.000000E+00,0.000000E+00,2.110805E+01,7.994495E+01,2.388842E+01,6.728252E+01
03:18:00,8.011054E+03,6.660090E+02,5.577934E-01,5.881686E-02,0.000000E+00,0.000000E+00,0.000000E+00,0.000000E+00,0.000000E+00,0.000000E+00,0.000000E+00,0.000000E+00,2.110805E+01,7.994495E+01,2.388842E+01,6.729710E+01
03:19:00,8.011054E+03,6.649609E+02,5.577934E-01,5.872430E-02,0.000000E+00,0.000000E+00,0.000000E+00,0.000000E+00,0.000000E+00,0.000000E+00,0.000000E+00,0.000000E+00,2.110805E+01,7.994495E+01,2.388842E+01,6.731167E+01
03:20:00,8.011054E+03,6.639150E+02,5.577934E-01,5.863193E-02,0.000000E+00,0.000000E+00,0.000000E+00,0.000000E+00,0.000000E+00,0.000000E+00,0.000000E+00,0.000000E+00,2.110805E+01,7.994495E+01,2.388842E+01,6.732621E+01
03:21:00,8.011054E+03,6.628715E+02,5.577934E-01,5.853977E-02,0.000000E+00,0.000000E+00,0.000000E+00,0.000000E+00,0.000000E+00,0.000000E+00,0.000000E+00,0.000000E+00,2.110805E+01,7.994495E+01,2.388842E+01,6.734073E+01
03:22:00,8.011054E+03,6.618303E+02,5.577934E-01,5.844782E-02,0.000000E+00,0.000000E+00,0.000000E+00,0.000000E+00,0.000000E+00,0.000000E+00,0.000000E+00,0.000000E+00,2.110805E+01,7.994495E+01,2.388842E+01,6.735523E+01
03:23:00,8.011054E+03,6.607914E+02,5.577934E-01,5.835607E-02,0.000000E+00,0.000000E+00,0.000000E+00,0.000000E+00,0.000000E+00,0.000000E+00,0.000000E+00,0.000000E+00,2.110805E+01,7.994495E+01,2.388842E+01,6.736970E+01
03:24:00,8.011054E+03,6.597548E+02,5.577934E-01,5.826452E-02,0.000000E+00,0.000000E+00,0.000000E+00,0.000000E+00,0.000000E+00,0.000000E+00,0.000000E+00,0.000000E+00,2.110805E+01,7.994495E+01,2.388842E+01,6.738415E+01
03:25:00,8.011054E+03,6.587205E+02,5.577934E-01,5.817318E-02,0.000000E+00,0.000000E+00,0.000000E+00,0.000000E+00,0.000000E+00,0.000000E+00,0.000000E+00,0.000000E+00,2.110805E+01,7.994495E+01,2.388842E+01,6.739859E+01
03:26:00,8.011054E+03,6.576885E+02,5.577934E-01,5.808204E-02,0.000000E+00,0.000000E+00,0.000000E+00,0.000000E+00,0.000000E+00,0.000000E+00,0.000000E+00,0.000000E+00,2.110805E+01,7.994495E+01,2.388842E+01,6.741299E+01
03:27:00,8.011054E+03,6.566588E+02,5.577934E-01,5.799110E-02,0.000000E+00,0.000000E+00,0.000000E+00,0.000000E+00,0.000000E+00,0.000000E+00,0.000000E+00,0.000000E+00,2.110805E+01,7.994495E+01,2.388842E+01,6.742738E+01
03:28:00,8.011054E+03,6.556314E+02,5.577934E-01,5.790036E-02,0.000000E+00,0.000000E+00,0.000000E+00,0.000000E+00,0.000000E+00,0.000000E+00,0.000000E+00,0.000000E+00,2.110805E+01,7.994495E+01,2.388842E+01,6.744175E+01
03:29:00,8.011054E+03,6.546062E+02,5.577934E-01,5.780983E-02,0.000000E+00,0.000000E+00,0.000000E+00,0.000000E+00,0.000000E+00,0.000000E+00,0.000000E+00,0.000000E+00,2.110805E+01,7.994495E+01,2.388842E+01,6.745609E+01
03:30:00,8.011054E+03,6.535834E+02,5.577934E-01,5.771950E-02,0.000000E+00,0.000000E+00,0.000000E+00,0.000000E+00,0.000000E+00,0.000000E+00,0.000000E+00,0.000000E+00,2.110805E+01,7.994495E+01,2.388842E+01,6.747042E+01
03:31:00,8.011054E+03,6.525629E+02,5.577934E-01,5.762937E-02,0.000000E+00,0.000000E+00,0.000000E+00,0.000000E+00,0.000000E+00,0.000000E+00,0.000000E+00,0.000000E+00,2.110805E+01,7.994495E+01,2.388842E+01,6.748472E+01
03:32:00,8.011054E+03,6.515447E+02,5.577934E-01,5.753945E-02,0.000000E+00,0.000000E+00,0.000000E+00,0.000000E+00,0.000000E+00,0.000000E+00,0.000000E+00,0.000000E+00,2.110805E+01,7.994495E+01,2.388842E+01,6.749900E+01
03:33:00,8.011054E+03,6.505288E+02,5.577934E-01,5.744973E-02,0.000000E+00,0.000000E+00,0.000000E+00,0.000000E+00,0.000000E+00,0.000000E+00,0.000000E+00,0.000000E+00,2.110805E+01,7.994495E+01,2.388842E+01,6.751326E+01
03:34:00,8.011054E+03,6.495151E+02,5.577934E-01,5.736021E-02,0.000000E+00,0.000000E+00,0.000000E+00,0.000000E+00,0.000000E+00,0.000000E+00,0.000000E+00,0.000000E+00,2.110805E+01,7.994495E+01,2.388842E+01,6.752750E+01
03:35:00,8.011054E+03,6.485038E+02,5.577934E-01,5.727090E-02,0.000000E+00,0.000000E+00,0.000000E+00,0.000000E+00,0.000000E+00,0.000000E+00,0.000000E+00,0.000000E+00,2.110805E+01,7.994495E+01,2.388842E+01,6.754171E+01
03:36:00,8.011054E+03,6.474948E+02,5.577934E-01,5.718179E-02,0.000000E+00,0.000000E+00,0.000000E+00,0.000000E+00,0.000000E+00,0.000000E+00,0.000000E+00,0.000000E+00,2.110805E+01,7.994495E+01,2.388842E+01,6.755591E+01
03:37:00,8.011054E+03,6.464880E+02,5.577934E-01,5.709288E-02,0.000000E+00,0.000000E+00,0.000000E+00,0.000000E+00,0.000000E+00,0.000000E+00,0.000000E+00,0.000000E+00,2.110805E+01,7.994495E+01,2.388842E+01,6.757008E+01
03:38:00,8.011054E+03,6.454836E+02,5.577934E-01,5.700417E-02,0.000000E+00,0.000000E+00,0.000000E+00,0.000000E+00,0.000000E+00,0.000000E+00,0.000000E+00,0.000000E+00,2.110805E+01,7.994495E+01,2.388842E+01,6.758423E+01
03:39:00,8.011054E+03,6.444815E+02,5.577934E-01,5.691567E-02,0.000000E+00,0.000000E+00,0.000000E+00,0.000000E+00,0.000000E+00,0.000000E+00,0.000000E+00,0.000000E+00,2.110805E+01,7.994495E+01,2.388843E+01,6.759836E+01
03:40:00,8.011054E+03,6.434818E+02,5.577934E-01,5.682738E-02,0.000000E+00,0.000000E+00,0.000000E+00,0.000000E+00,0.000000E+00,0.000000E+00,0.000000E+00,0.000000E+00,2.110805E+01,7.994495E+01,2.388843E+01,6.761247E+01
03:41:00,8.011054E+03,6.424845E+02,5.577934E-01,5.673930E-02,0.000000E+00,0.000000E+00,0.000000E+00,0.000000E+00,0.000000E+00,0.000000E+00,0.000000E+00,0.000000E+00,2.110805E+01,7.994495E+01,2.388843E+01,6.762655E+01
03:42:00,8.011054E+03,6.414895E+02,5.577934E-01,5.665143E-02,0.000000E+00,0.000000E+00,0.000000E+00,0.000000E+00,0.000000E+00,0.000000E+00,0.000000E+00,0.000000E+00,2.110805E+01,7.994495E+01,2.388843E+01,6.764061E+01
03:43:00,8.011054E+03,6.404971E+02,5.577934E-01,5.656378E-02,0.000000E+00,0.000000E+00,0.000000E+00,0.000000E+00,0.000000E+00,0.000000E+00,0.000000E+00,0.000000E+00,2.110805E+01,7.994495E+01,2.388843E+01,6.765465E+01
03:44:00,8.011054E+03,6.395071E+02,5.577934E-01,5.647635E-02,0.000000E+00,0.000000E+00,0.000000E+00,0.000000E+00,0.000000E+00,0.000000E+00,0.000000E+00,0.000000E+00,2.110805E+01,7.994495E+01,2.388843E+01,6.766866E+01
03:45:00,8.011054E+03,6.385196E+02,5.577934E-01,5.638914E-02,0.000000E+00,0.000000E+00,0.000000E+00,0.000000E+00,0.000000E+00,0.000000E+00,0.000000E+00,0.000000E+00,2.110805E+01,7.994495E+01,2.388843E+01,6.768265E+01
03:46:00,8.011054E+03,6.375347E+02,5.577934E-01,5.630216E-02,0.000000E+00,0.000000E+00,0.000000E+00,0.000000E+00,0.000000E+00,0.000000E+00,0.000000E+00,0.000000E+00,2.110805E+01,7.994495E+01,2.388843E+01,6.769661E+01
03:47:00,8.011054E+03,6.365524E+02,5.577934E-01,5.621541E-02,0.000000E+00,0.000000E+00,0.000000E+00,0.000000E+00,0.000000E+00,0.000000E+00,0.000000E+00,0.000000E+00,2.110805E+01,7.994495E+01,2.388843E+01,6.771055E+01
03:48:00,8.011054E+03,6.355728E+02,5.577934E-01,5.612890E-02,0.000000E+00,0.000000E+00,0.000000E+00,0.000000E+00,0.000000E+00,0.000000E+00,0.000000E+00,0.000000E+00,2.110805E+01,7.994495E+01,2.388843E+01,6.772446E+01
03:49:00,8.011054E+03,6.345960E+02,5.577934E-01,5.604264E-02,0.000000E+00,0.000000E+00,0.000000E+00,0.000000E+00,0.000000E+00,0.000000E+00,0.000000E+00,0.000000E+00,2.110805E+01,7.994495E+01,2.388843E+01,6.773834E+01
03:50:00,8.011054E+03,6.336221E+02,5.577934E-01,5.595662E-02,0.000000E+00,0.000000E+00,0.000000E+00,0.000000E+00,0.000000E+00,0.000000E+00,0.000000E+00,0.000000E+00,2.110805E+01,7.994495E+01,2.388843E+01,6.775220E+01
03:51:00,8.011054E+03,6.326501E+02,5.577934E-01,5.587079E-02,0.000000E+00,0.000000E+00,0.000000E+00,0.000000E+00,0.000000E+00,0.000000E+00,0.000000E+00,0.000000E+00,2.110805E+01,7.994495E+01,2.388843E+01,6.776602E+01
03:52:00,8.011054E+03,6.316802E+02,5.577934E-01,5.578513E-02,0.000000E+00,0.000000E+00,0.000000E+00,0.000000E+00,0.000000E+00,0.000000E+00,0.000000E+00,0.000000E+00,2.110805E+01,7.994495E+01,2.388843E+01,6.777982E+01
03:53:00,8.011054E+03,6.307120E+02,5.577934E-01,5.569962E-02,0.000000E+00,0.000000E+00,0.000000E+00,0.000000E+00,0.000000E+00,0.000000E+00,0.000000E+00,0.000000E+00,2.110805E+01,7.994495E+01,2.388843E+01,6.779360E+01
03:54:00,8.011054E+03,6.297455E+02,5.577934E-01,5.561427E-02,0.000000E+00,0.000000E+00,0.000000E+00,0.000000E+00,0.000000E+00,0.000000E+00,0.000000E+00,0.000000E+00,2.110805E+01,7.994495E+01,2.388843E+01,6.780737E+01
03:55:00,8.011054E+03,6.287806E+02,5.577934E-01,5.552904E-02,0.000000E+00,0.000000E+00,0.000000E+00,0.000000E+00,0.000000E+00,0.000000E+00,0.000000E+00,0.000000E+00,2.110805E+01,7.994495E+01,2.388843E+01,6.782114E+01
03:56:00,8.011054E+03,6.278170E+02,5.577934E-01,5.544395E-02,0.000000E+00,0.000000E+00,0.000000E+00,0.000000E+00,0.000000E+00,0.000000E+00,0.000000E+00,0.000000E+00,2.110805E+01,7.994495E+01,2.388843E+01,6.783490E+01
03:57:00,8.011054E+03,6.268548E+02,5.577934E-01,5.535898E-02,0.000000E+00,0.000000E+00,0.000000E+00,0.000000E+00,0.000000E+00,0.000000E+00,0.000000E+00,0.000000E+00,2.110805E+01,7.994495E+01,2.388843E+01,6.784866E+01
03:58:00,8.011054E+03,6.258939E+02,5.577934E-01,5.527411E-02,0.000000E+00,0.000000E+00,0.000000E+00,0.000000E+00,0.000000E+00,0.000000E+00,0.000000E+00,0.000000E+00,2.110805E+01,7.994495E+01,2.388843E+01,6.786241E+01
03:59:00,8.011054E+03,6.249341E+02,5.577934E-01,5.518935E-02,0.000000E+00,0.000000E+00,0.000000E+00,0.000000E+00,0.000000E+00,0.000000E+00,0.000000E+00,0.000000E+00,2.110805E+01,7.994495E+01,2.388843E+01,6.787617E+01
04:00:00,8.011054E+03,6.239754E+02,5.577934E-01,5.510468E-02,0.000000E+00,0.000000E+00,0.000000E+00,0.000000E+00,0.000000E+00,0.000000E+00,0.000000E+00,0.000000E+00,2.110805E+01,7.994495E+01,2.388844E+01,6.788992E+01
04:01:00,8.011054E+03,6.230206E+02,5.577934E-01,5.502036E-02,0.000000E+00,0.000000E+00,0.000000E+00,0.000000E+00,0.000000E+00,0.000000E+00,0.000000E+00,0.000000E+00,2.110805E+01,7.994495E+01,2.388844E+01,6.790368E+01
04:02:00,8.011054E+03,6.220694E+02,5.577934E-01,5.493635E-02,0.000000E+00,0.000000E+00,0.000000E+00,0.000000E+00,0.000000E+00,0.000000E+00,0.000000E+00,0.000000E+00,2.110805E+01,7.994495E+01,2.388844E+01,6.791740E+01
04:03:00,8.011054E+03,6.211220E+02,5.577934E-01,5.485268E-02,0.000000E+00,0.000000E+00,0.000000E+00,0.000000E+00,0.000000E+00,0.000000E+00,0.000000E+00,0.000000E+00,2.110805E+01,7.994495E+01,2.388844E+01,6.793107E+01
04:04:00,8.011054E+03,6.201783E+02,5.577934E-01,5.476934E-02,0.000000E+00,0.000000E+00,0.000000E+00,0.000000E+00,0.000000E+00,0.000000E+00,0.000000E+00,0.000000E+00,2.110805E+01,7.994495E+01,2.388844E+01,6.794468E+01
04:05:00,8.011054E+03,6.192384E+02,5.577934E-01,5.468633E-02,0.000000E+00,0.000000E+00,0.000000E+00,0.000000E+00,0.000000E+00,0.000000E+00,0.000000E+00,0.000000E+00,2.110805E+01,7.994495E+01,2.388844E+01,6.795824E+01
04:06:00,8.011054E+03,6.183021E+02,5.577934E-01,5.460364E-02,0.000000E+00,0.000000E+00,0.000000E+00,0.000000E+00,0.000000E+00,0.000000E+00,0.000000E+00,0.000000E+00,2.110805E+01,7.994495E+01,2.388844E+01,6.797174E+01
04:07:00,8.011054E+03,6.173695E+02,5.577934E-01,5.452128E-02,0.000000E+00,0.000000E+00,0.000000E+00,0.000000E+00,0.000000E+00,0.000000E+00,0.000000E+00,0.000000E+00,2.110805E+01,7.994495E+01,2.388844E+01,6.798519E+01
04:08:00,8.011054E+03,6.164405E+02,5.577934E-01,5.443924E-02,0.000000E+00,0.000000E+00,0.000000E+00,0.000000E+00,0.000000E+00,0.000000E+00,0.000000E+00,0.000000E+00,2.110805E+01,7.994495E+01,2.388844E+01,6.799859E+01
04:09:00,8.011054E+03,6.155151E+02,5.577934E-01,5.435752E-02,0.000000E+00,0.000000E+00,0.000000E+00,0.000000E+00,0.000000E+00,0.000000E+00,0.000000E+00,0.000000E+00,2.110805E+01,7.994495E+01,2.388844E+01,6.801194E+01
04:10:00,8.011054E+03,6.145934E+02,5.577934E-01,5.427611E-02,0.000000E+00,0.000000E+00,0.000000E+00,0.000000E+00,0.000000E+00,0.000000E+00,0.000000E+00,0.000000E+00,2.110805E+01,7.994495E+01,2.388844E+01,6.802524E+01
04:11:00,8.011054E+03,6.136753E+02,5.577934E-01,5.419503E-02,0.000000E+00,0.000000E+00,0.000000E+00,0.000000E+00,0.000000E+00,0.000000E+00,0.000000E+00,0.000000E+00,2.110805E+01,7.994495E+01,2.388844E+01,6.803850E+01
04:12:00,8.011054E+03,6.127612E+02,5.577934E-01,5.411430E-02,0.000000E+00,0.000000E+00,0.000000E+00,0.000000E+00,0.000000E+00,0.000000E+00,0.000000E+00,0.000000E+00,2.110805E+01,7.994495E+01,2.388844E+01,6.805171E+01
04:13:00,8.011054E+03,6.118504E+02,5.577934E-01,5.403386E-02,0.000000E+00,0.000000E+00,0.000000E+00,0.000000E+00,0.000000E+00,0.000000E+00,0.000000E+00,0.000000E+00,2.110805E+01,7.994495E+01,2.388844E+01,6.806488E+01
04:14:00,8.011054E+03,6.109434E+02,5.577934E-01,5.395376E-02,0.000000E+00,0.000000E+00,0.000000E+00,0.000000E+00,0.000000E+00,0.000000E+00,0.000000E+00,0.000000E+00,2.110805E+01,7.994495E+01,2.388844E+01,6.807800E+01
04:15:00,8.011054E+03,6.100397E+02,5.577934E-01,5.387396E-02,0.000000E+00,0.000000E+00,0.000000E+00,0.000000E+00,0.000000E+00,0.000000E+00,0.000000E+00,0.000000E+00,2.110805E+01,7.994495E+01,2.388844E+01,6.809107E+01
04:16:00,8.011054E+03,6.091399E+02,5.577934E-01,5.379449E-02,0.000000E+00,0.000000E+00,0.000000E+00,0.000000E+00,0.000000E+00,0.000000E+00,0.000000E+00,0.000000E+00,2.110805E+01,7.994495E+01,2.388844E+01,6.810411E+01
04:17:00,8.011054E+03,6.082433E+02,5.577934E-01,5.371531E-02,0.000000E+00,0.000000E+00,0.000000E+00,0.000000E+00,0.000000E+00,0.000000E+00,0.000000E+00,0.000000E+00,2.110805E+01,7.994495E+01,2.388844E+01,6.811710E+01
04:18:00,8.011054E+03,6.073506E+02,5.577934E-01,5.363647E-02,0.000000E+00,0.000000E+00,0.000000E+00,0.000000E+00,0.000000E+00,0.000000E+00,0.000000E+00,0.000000E+00,2.110805E+01,7.994495E+01,2.388844E+01,6.813006E+01
04:19:00,8.011054E+03,6.064612E+02,5.577934E-01,5.355792E-02,0.000000E+00,0.000000E+00,0.000000E+00,0.000000E+00,0.000000E+00,0.000000E+00,0.000000E+00,0.000000E+00,2.110805E+01,7.994495E+01,2.388844E+01,6.814297E+01
04:20:00,8.011054E+03,6.055756E+02,5.577934E-01,5.347971E-02,0.000000E+00,0.000000E+00,0.000000E+00,0.000000E+00,0.000000E+00,0.000000E+00,0.000000E+00,0.000000E+00,2.110805E+01,7.994495E+01,2.388844E+01,6.815585E+01
04:21:00,8.011054E+03,6.046935E+02,5.577934E-01,5.340181E-02,0.000000E+00,0.000000E+00,0.000000E+00,0.000000E+00,0.000000E+00,0.000000E+00,0.000000E+00,0.000000E+00,2.110805E+01,7.994495E+01,2.388844E+01,6.816868E+01
04:22:00,8.011054E+03,6.038154E+02,5.577934E-01,5.332426E-02,0.000000E+00,0.000000E+00,0.000000E+00,0.000000E+00,0.000000E+00,0.000000E+00,0.000000E+00,0.000000E+00,2.110805E+01,7.994495E+01,2.388844E+01,6.818147E+01
04:23:00,8.011054E+03,6.029409E+02,5.577934E-01,5.324703E-02,0.000000E+00,0.000000E+00,0.000000E+00,0.000000E+00,0.000000E+00,0.000000E+00,0.000000E+00,0.000000E+00,2.110805E+01,7.994495E+01,2.388844E+01,6.819423E+01
04:24:00,8.011054E+03,6.020705E+02,5.577934E-01,5.317016E-02,0.000000E+00,0.000000E+00,0.000000E+00,0.000000E+00,0.000000E+00,0.000000E+00,0.000000E+00,0.000000E+00,2.110805E+01,7.994495E+01,2.388844E+01,6.820694E+01
04:25:00,8.011054E+03,6.012037E+02,5.577934E-01,5.309360E-02,0.000000E+00,0.000000E+00,0.000000E+00,0.000000E+00,0.000000E+00,0.000000E+00,0.000000E+00,0.000000E+00,2.110805E+01,7.994495E+01,2.388844E+01,6.821961E+01
04:26:00,8.011054E+03,6.003406E+02,5.577934E-01,5.301738E-02,0.000000E+00,0.000000E+00,0.000000E+00,0.000000E+00,0.000000E+00,0.000000E+00,0.000000E+00,0.000000E+00,2.110805E+01,7.994495E+01,2.388844E+01,6.823223E+01
04:27:00,8.011054E+03,5.994807E+02,5.577934E-01,5.294144E-02,0.000000E+00,0.000000E+00,0.000000E+00,0.000000E+00,0.000000E+00,0.000000E+00,0.000000E+00,0.000000E+00,2.110805E+01,7.994495E+01,2.388845E+01,6.824482E+01
04:28:00,8.011054E+03,5.986244E+02,5.577934E-01,5.286582E-02,0.000000E+00,0.000000E+00,0.000000E+00,0.000000E+00,0.000000E+00,0.000000E+00,0.000000E+00,0.000000E+00,2.110805E+01,7.994495E+01,2.388845E+01,6.825737E+01
04:29:00,8.011054E+03,5.977712E+02,5.577934E-01,5.279047E-02,0.000000E+00,0.000000E+00,0.000000E+00,0.000000E+00,0.000000E+00,0.000000E+00,0.000000E+00,0.000000E+00,2.110805E+01,7.994495E+01,2.388845E+01,6.826989E+01
04:30:00,8.011054E+03,5.969215E+02,5.577934E-01,5.271543E-02,0.000000E+00,0.000000E+00,0.000000E+00,0.000000E+00,0.000000E+00,0.000000E+00,0.000000E+00,0.000000E+00,2.110805E+01,7.994495E+01,2.388845E+01,6.828238E+01
04:31:00,8.011054E+03,5.960747E+02,5.577934E-01,5.264065E-02,0.000000E+00,0.000000E+00,0.000000E+00,0.000000E+00,0.000000E+00,0.000000E+00,0.000000E+00,0.000000E+00,2.110805E+01,7.994495E+01,2.388845E+01,6.829485E+01
04:32:00,8.011054E+03,5.952312E+02,5.577934E-01,5.256615E-02,0.000000E+00,0.000000E+00,0.000000E+00,0.000000E+00,0.000000E+00,0.000000E+00,0.000000E+00,0.000000E+00,2.110805E+01,7.994495E+01,2.388845E+01,6.830728E+01
04:33:00,8.011054E+03,5.943903E+02,5.577934E-01,5.249189E-02,0.000000E+00,0.000000E+00,0.000000E+00,0.000000E+00,0.000000E+00,0.000000E+00,0.000000E+00,0.000000E+00,2.110805E+01,7.994495E+01,2.388845E+01,6.831969E+01
04:34:00,8.011054E+03,5.935525E+02,5.577934E-01,5.241789E-02,0.000000E+00,0.000000E+00,0.000000E+00,0.000000E+00,0.000000E+00,0.000000E+00,0.000000E+00,0.000000E+00,2.110805E+01,7.994495E+01,2.388845E+01,6.833207E+01
04:35:00,8.011054E+03,5.927170E+02,5.577934E-01,5.234411E-02,0.000000E+00,0.000000E+00,0.000000E+00,0.000000E+00,0.000000E+00,0.000000E+00,0.000000E+00,0.000000E+00,2.110805E+01,7.994495E+01,2.388845E+01,6.834444E+01
04:36:00,8.011054E+03,5.918844E+02,5.577934E-01,5.227058E-02,0.000000E+00,0.000000E+00,0.000000E+00,0.000000E+00,0.000000E+00,0.000000E+00,0.000000E+00,0.000000E+00,2.110805E+01,7.994495E+01,2.388845E+01,6.835679E+01
04:37:00,8.011054E+03,5.910540E+02,5.577934E-01,5.219724E-02,0.000000E+00,0.000000E+00,0.000000E+00,0.000000E+00,0.000000E+00,0.000000E+00,0.000000E+00,0.000000E+00,2.110805E+01,7.994495E+01,2.388845E+01,6.836913E+01
04:38:00,8.011054E+03,5.902263E+02,5.577934E-01,5.212415E-02,0.000000E+00,0.000000E+00,0.000000E+00,0.000000E+00,0.000000E+00,0.000000E+00,0.000000E+00,0.000000E+00,2.110805E+01,7.994495E+01,2.388845E+01,6.838145E+01
04:39:00,8.011054E+03,5.894378E+02,5.577934E-01,5.205451E-02,0.000000E+00,0.000000E+00,0.000000E+00,0.000000E+00,0.000000E+00,0.000000E+00,0.000000E+00,0.000000E+00,2.110805E+01,7.994495E+01,2.388845E+01,6.839376E+01
04:40:00,8.011054E+03,5.886592E+02,5.577934E-01,5.198574E-02,0.000000E+00,0.000000E+00,0.000000E+00,0.000000E+00,0.000000E+00,0.000000E+00,0.000000E+00,0.000000E+00,2.110805E+01,7.994495E+01,2.388845E+01,6.840561E+01
04:41:00,8.011054E+03,5.878888E+02,5.577934E-01,5.191771E-02,0.000000E+00,0.000000E+00,0.000000E+00,0.000000E+00,0.000000E+00,0.000000E+00,0.000000E+00,0.000000E+00,2.110805E+01,7.994495E+01,2.388845E+01,6.841709E+01
04:42:00,8.011054E+03,5.871257E+02,5.577934E-01,5.185032E-02,0.000000E+00,0.000000E+00,0.000000E+00,0.000000E+00,0.000000E+00,0.000000E+00,0.000000E+00,0.000000E+00,2.110805E+01,7.994495E+01,2.388845E+01,6.842834E+01
04:43:00,8.011054E+03,5.863702E+02,5.577934E-01,5.178359E-02,0.000000E+00,0.000000E+00,0.000000E+00,0.000000E+00,0.000000E+00,0.000000E+00,0.000000E+00,0.000000E+00,2.110805E+01,7.994495E+01,2.388845E+01,6.843947E+01
04:44:00,8.011054E+03,5.856229E+02,5.577934E-01,5.171760E-02,0.000000E+00,0.000000E+00,0.000000E+00,0.000000E+00,0.000000E+00,0.000000E+00,0.000000E+00,0.000000E+00,2.110805E+01,7.994495E+01,2.388845E+01,6.845050E+01
04:45:00,8.011054E+03,5.848845E+02,5.577934E-01,5.165238E-02,0.000000E+00,0.000000E+00,0.000000E+00,0.000000E+00,0.000000E+00,0.000000E+00,0.000000E+00,0.000000E+00,2.110805E+01,7.994495E+01,2.388845E+01,6.846143E+01
04:46:00,8.011054E+03,5.841630E+02,5.577934E-01,5.158866E-02,0.000000E+00,0.000000E+00,0.000000E+00,0.000000E+00,0.000000E+00,0.000000E+00,0.000000E+00,0.000000E+00,2.110805E+01,7.994495E+01,2.388845E+01,6.847224E+01
04:47:00,8.011054E+03,5.834523E+02,5.577934E-01,5.152590E-02,0.000000E+00,0.000000E+00,0.000000E+00,0.000000E+00,0.000000E+00,0.000000E+00,0.000000E+00,0.000000E+00,2.110805E+01,7.994495E+01,2.388845E+01,6.848283E+01
04:48:00,8.011054E+03,5.827526E+02,5.577934E-01,5.146410E-02,0.000000E+00,0.000000E+00,0.000000E+00,0.000000E+00,0.000000E+00,0.000000E+00,0.000000E+00,0.000000E+00,2.110805E+01,7.994495E+01,2.388845E+01,6.849321E+01
04:49:00,8.011054E+03,5.820638E+02,5.577934E-01,5.140327E-02,0.000000E+00,0.000000E+00,0.000000E+00,0.000000E+00,0.000000E+00,0.000000E+00,0.000000E+00,0.000000E+00,2.110805E+01,7.994495E+01,2.388845E+01,6.850341E+01
04:50:00,8.011054E+03,5.813863E+02,5.577934E-01,5.134345E-02,0.000000E+00,0.000000E+00,0.000000E+00,0.000000E+00,0.000000E+00,0.000000E+00,0.000000E+00,0.000000E+00,2.110805E+01,7.994495E+01,2.388845E+01,6.851343E+01
04:51:00,8.011054E+03,5.807213E+02,5.577934E-01,5.128471E-02,0.000000E+00,0.000000E+00,0.000000E+00,0.000000E+00,0.000000E+00,0.000000E+00,0.000000E+00,0.000000E+00,2.110805E+01,7.994495E+01,2.388845E+01,6.852329E+01
04:52:00,8.011054E+03,5.800690E+02,5.577934E-01,5.122711E-02,0.000000E+00,0.000000E+00,0.000000E+00,0.000000E+00,0.000000E+00,0.000000E+00,0.000000E+00,0.000000E+00,2.110805E+01,7.994495E+01,2.388845E+01,6.853297E+01
04:53:00,8.011054E+03,5.794299E+02,5.577934E-01,5.117067E-02,0.000000E+00,0.000000E+00,0.000000E+00,0.000000E+00,0.000000E+00,0.000000E+00,0.000000E+00,0.000000E+00,2.110805E+01,7.994495E+01,2.388845E+01,6.854249E+01
04:54:00,8.011054E+03,5.788044E+02,5.577934E-01,5.111543E-02,0.000000E+00,0.000000E+00,0.000000E+00,0.000000E+00,0.000000E+00,0.000000E+00,0.000000E+00,0.000000E+00,2.110805E+01,7.994495E+01,2.388845E+01,6.855182E+01
04:55:00,8.011054E+03,5.781928E+02,5.577934E-01,5.106141E-02,0.000000E+00,0.000000E+00,0.000000E+00,0.000000E+00,0.000000E+00,0.000000E+00,0.000000E+00,0.000000E+00,2.110805E+01,7.994495E+01,2.388845E+01,6.856097E+01
04:56:00,8.011054E+03,5.776104E+02,5.577934E-01,5.100998E-02,0.000000E+00,0.000000E+00,0.000000E+00,0.000000E+00,0.000000E+00,0.000000E+00,0.000000E+00,0.000000E+00,2.110805E+01,7.994495E+01,2.388845E+01,6.856994E+01
04:57:00,8.011054E+03,5.770435E+02,5.577934E-01,5.095991E-02,0.000000E+00,0.000000E+00,0.000000E+00,0.000000E+00,0.000000E+00,0.000000E+00,0.000000E+00,0.000000E+00,2.110805E+01,7.994495E+01,2.388845E+01,6.857855E+01
04:58:00,8.011054E+03,5.764929E+02,5.577934E-01,5.091129E-02,0.000000E+00,0.000000E+00,0.000000E+00,0.000000E+00,0.000000E+00,0.000000E+00,0.000000E+00,0.000000E+00,2.110805E+01,7.994495E+01,2.388845E+01,6.858685E+01
04:59:00,8.011054E+03,5.759589E+02,5.577934E-01,5.086412E-02,0.000000E+00,0.000000E+00,0.000000E+00,0.000000E+00,0.000000E+00,0.000000E+00,0.000000E+00,0.000000E+00,2.110805E+01,7.994495E+01,2.388845E+01,6.859490E+01
05:00:00,8.011054E+03,5.754417E+02,5.577934E-01,5.081845E-02,0.000000E+00,0.000000E+00,0.000000E+00,0.000000E+00,0.000000E+00,0.000000E+00,0.000000E+00,0.000000E+00,2.110805E+01,7.994495E+01,2.388845E+01,6.860274E+01
05:01:00,8.011054E+03,5.749501E+02,5.577934E-01,5.077503E-02,0.000000E+00,0.000000E+00,0.000000E+00,0.000000E+00,0.000000E+00,0.000000E+00,0.000000E+00,0.000000E+00,2.110805E+01,7.994495E+01,2.388845E+01,6.861037E+01
05:02:00,8.011054E+03,5.744843E+02,5.577934E-01,5.073389E-02,0.000000E+00,0.000000E+00,0.000000E+00,0.000000E+00,0.000000E+00,0.000000E+00,0.000000E+00,0.000000E+00,2.110805E+01,7.994495E+01,2.388845E+01,6.861765E+01
05:03:00,8.011054E+03,5.740445E+02,5.577934E-01,5.069506E-02,0.000000E+00,0.000000E+00,0.000000E+00,0.000000E+00,0.000000E+00,0.000000E+00,0.000000E+00,0.000000E+00,2.110805E+01,7.994495E+01,2.388845E+01,6.862450E+01
05:04:00,8.011054E+03,5.736310E+02,5.577934E-01,5.065854E-02,0.000000E+00,0.000000E+00,0.000000E+00,0.000000E+00,0.000000E+00,0.000000E+00,0.000000E+00,0.000000E+00,2.110805E+01,7.994495E+01,2.388845E+01,6.863088E+01
05:05:00,8.011054E+03,5.732440E+02,5.577934E-01,5.062436E-02,0.000000E+00,0.000000E+00,0.000000E+00,0.000000E+00,0.000000E+00,0.000000E+00,0.000000E+00,0.000000E+00,2.110805E+01,7.994495E+01,2.388845E+01,6.863681E+01
05:06:00,8.011054E+03,5.728835E+02,5.577934E-01,5.059253E-02,0.000000E+00,0.000000E+00,0.000000E+00,0.000000E+00,0.000000E+00,0.000000E+00,0.000000E+00,0.000000E+00,2.110805E+01,7.994495E+01,2.388845E+01,6.864229E+01
05:07:00,8.011054E+03,5.725497E+02,5.577934E-01,5.056305E-02,0.000000E+00,0.000000E+00,0.000000E+00,0.000000E+00,0.000000E+00,0.000000E+00,0.000000E+00,0.000000E+00,2.110805E+01,7.994495E+01,2.388844E+01,6.864734E+01
05:08:00,8.011054E+03,5.722428E+02,5.577934E-01,5.053594E-02,0.000000E+00,0.000000E+00,0.000000E+00,0.000000E+00,0.000000E+00,0.000000E+00,0.000000E+00,0.000000E+00,2.110805E+01,7.994495E+01,2.388844E+01,6.865195E+01
05:09:00,8.011054E+03,5.719614E+02,5.577934E-01,5.051109E-02,0.000000E+00,0.000000E+00,0.000000E+00,0.000000E+00,0.000000E+00,0.000000E+00,0.000000E+00,0.000000E+00,2.110805E+01,7.994495E+01,2.388844E+01,6.865615E+01
05:10:00,8.011054E+03,5.717044E+02,5.577934E-01,5.048840E-02,0.000000E+00,0.000000E+00,0.000000E+00,0.000000E+00,0.000000E+00,0.000000E+00,0.000000E+00,0.000000E+00,2.110805E+01,7.994495E+01,2.388844E+01,6.865994E+01
05:11:00,8.011054E+03,5.714718E+02,5.577934E-01,5.046785E-02,0.000000E+00,0.000000E+00,0.000000E+00,0.000000E+00,0.000000E+00,0.000000E+00,0.000000E+00,0.000000E+00,2.110805E+01,7.994495E+01,2.388844E+01,6.866337E+01
05:12:00,8.011054E+03,5.712632E+02,5.577934E-01,5.044943E-02,0.000000E+00,0.000000E+00,0.000000E+00,0.000000E+00,0.000000E+00,0.000000E+00,0.000000E+00,0.000000E+00,2.110805E+01,7.994495E+01,2.388844E+01,6.866646E+01
05:13:00,8.011054E+03,5.710791E+02,5.577934E-01,5.043318E-02,0.000000E+00,0.000000E+00,0.000000E+00,0.000000E+00,0.000000E+00,0.000000E+00,0.000000E+00,0.000000E+00,2.110805E+01,7.994495E+01,2.388844E+01,6.866922E+01
05:14:00,8.011054E+03,5.709193E+02,5.577934E-01,5.041906E-02,0.000000E+00,0.000000E+00,0.000000E+00,0.000000E+00,0.000000E+00,0.000000E+00,0.000000E+00,0.000000E+00,2.110805E+01,7.994495E+01,2.388844E+01,6.867166E+01
05:15:00,8.011054E+03,5.707840E+02,5.577934E-01,5.040711E-02,0.000000E+00,0.000000E+00,0.000000E+00,0.000000E+00,0.000000E+00,0.000000E+00,0.000000E+00,0.000000E+00,2.110805E+01,7.994495E+01,2.388844E+01,6.867378E+01
05:16:00,8.011054E+03,5.707061E+02,5.577934E-01,5.040023E-02,0.000000E+00,0.000000E+00,0.000000E+00,0.000000E+00,0.000000E+00,0.000000E+00,0.000000E+00,0.000000E+00,2.110805E+01,7.994495E+01,2.388844E+01,6.867560E+01
05:17:00,8.011054E+03,5.706553E+02,5.577934E-01,5.039575E-02,0.000000E+00,0.000000E+00,0.000000E+00,0.000000E+00,0.000000E+00,0.000000E+00,0.000000E+00,0.000000E+00,2.110805E+01,7.994495E+01,2.388844E+01,6.867671E+01
05:18:00,8.011054E+03,5.706299E+02,5.577934E-01,5.039351E-02,0.000000E+00,0.000000E+00,0.000000E+00,0.000000E+00,0.000000E+00,0.000000E+00,0.000000E+00,0.000000E+00,2.110805E+01,7.994495E+01,2.388844E+01,6.867724E+01
05:19:00,8.011054E+03,5.706302E+02,5.577934E-01,5.039353E-02,0.000000E+00,0.000000E+00,0.000000E+00,0.000000E+00,0.000000E+00,0.000000E+00,0.000000E+00,0.000000E+00,2.110805E+01,7.994495E+01,2.388844E+01,6.867737E+01
05:20:00,8.011054E+03,5.706556E+02,5.577934E-01,5.039577E-02,0.000000E+00,0.000000E+00,0.000000E+00,0.000000E+00,0.000000E+00,0.000000E+00,0.000000E+00,0.000000E+00,2.110805E+01,7.994495E+01,2.388843E+01,6.867721E+01
05:21:00,8.011054E+03,5.707063E+02,5.577934E-01,5.040025E-02,0.000000E+00,0.000000E+00,0.000000E+00,0.000000E+00,0.000000E+00,0.000000E+00,0.000000E+00,0.000000E+00,2.110805E+01,7.994495E+01,2.388843E+01,6.867677E+01
05:22:00,8.011054E+03,5.707816E+02,5.577934E-01,5.040690E-02,0.000000E+00,0.000000E+00,0.000000E+00,0.000000E+00,0.000000E+00,0.000000E+00,0.000000E+00,0.000000E+00,2.110805E+01,7.994495E+01,2.388843E+01,6.867606E+01
05:23:00,8.011054E+03,5.708817E+02,5.577934E-01,5.041575E-02,0.000000E+00,0.000000E+00,0.000000E+00,0.000000E+00,0.000000E+00,0.000000E+00,0.000000E+00,0.000000E+00,2.110805E+01,7.994495E+01,2.388843E+01,6.867511E+01
05:24:00,8.011054E+03,5.710062E+02,5.577934E-01,5.042674E-02,0.000000E+00,0.000000E+00,0.000000E+00,0.000000E+00,0.000000E+00,0.000000E+00,0.000000E+00,0.000000E+00,2.110805E+01,7.994495E+01,2.388843E+01,6.867389E+01
05:25:00,8.011054E+03,5.711554E+02,5.577934E-01,5.043992E-02,0.000000E+00,0.000000E+00,0.000000E+00,0.000000E+00,0.000000E+00,0.000000E+00,0.000000E+00,0.000000E+00,2.110805E+01,7.994495E+01,2.388843E+01,6.867244E+01
05:26:00,8.011054E+03,5.713290E+02,5.577934E-01,5.045525E-02,0.000000E+00,0.000000E+00,0.000000E+00,0.000000E+00,0.000000E+00,0.000000E+00,0.000000E+00,0.000000E+00,2.110805E+01,7.994495E+01,2.388843E+01,6.867075E+01
05:27:00,8.011054E+03,5.715272E+02,5.577934E-01,5.047275E-02,0.000000E+00,0.000000E+00,0.000000E+00,0.000000E+00,0.000000E+00,0.000000E+00,0.000000E+00,0.000000E+00,2.110805E+01,7.994495E+01,2.388843E+01,6.866883E+01
05:28:00,8.011054E+03,5.717499E+02,5.577934E-01,5.049242E-02,0.000000E+00,0.000000E+00,0.000000E+00,0.000000E+00,0.000000E+00,0.000000E+00,0.000000E+00,0.000000E+00,2.110805E+01,7.994495E+01,2.388843E+01,6.866669E+01
05:29:00,8.011054E+03,5.719974E+02,5.577934E-01,5.051428E-02,0.000000E+00,0.000000E+00,0.000000E+00,0.000000E+00,0.000000E+00,0.000000E+00,0.000000E+00,0.000000E+00,2.110805E+01,7.994495E+01,2.388843E+01,6.866433E+01
05:30:00,8.011054E+03,5.722691E+02,5.577934E-01,5.053827E-02,0.000000E+00,0.000000E+00,0.000000E+00,0.000000E+00,0.000000E+00,0.000000E+00,0.000000E+00,0.000000E+00,2.110805E+01,7.994495E+01,2.388843E+01,6.866177E+01
05:31:00,8.011054E+03,5.725655E+02,5.577934E-01,5.056445E-02,0.000000E+00,0.000000E+00,0.000000E+00,0.000000E+00,0.000000E+00,0.000000E+00,0.000000E+00,0.000000E+00,2.110805E+01,7.994495E+01,2.388843E+01,6.865901E+01
05:32:00,8.011054E+03,5.728863E+02,5.577934E-01,5.059279E-02,0.000000E+00,0.000000E+00,0.000000E+00,0.000000E+00,0.000000E+00,0.000000E+00,0.000000E+00,0.000000E+00,2.110805E+01,7.994495E+01,2.388843E+01,6.865605E+01
05:33:00,8.011054E+03,5.732319E+02,5.577934E-01,5.062331E-02,0.000000E+00,0.000000E+00,0.000000E+00,0.000000E+00,0.000000E+00,0.000000E+00,0.000000E+00,0.000000E+00,2.110805E+01,7.994495E+01,2.388843E+01,6.865290E+01
05:34:00,8.011054E+03,5.736019E+02,5.577934E-01,5.065598E-02,0.000000E+00,0.000000E+00,0.000000E+00,0.000000E+00,0.000000E+00,0.000000E+00,0.000000E+00,0.000000E+00,2.110805E+01,7.994495E+01,2.388843E+01,6.864957E+01
05:35:00,8.011054E+03,5.739966E+02,5.577934E-01,5.069084E-02,0.000000E+00,0.000000E+00,0.000000E+00,0.000000E+00,0.000000E+00,0.000000E+00,0.000000E+00,0.000000E+00,2.110805E+01,7.994495E+01,2.388843E+01,6.864606E+01
05:36:00,8.011054E+03,5.744156E+02,5.577934E-01,5.072785E-02,0.000000E+00,0.000000E+00,0.000000E+00,0.000000E+00,0.000000E+00,0.000000E+00,0.000000E+00,0.000000E+00,2.110805E+01,7.994495E+01,2.388843E+01,6.864238E+01
05:37:00,8.011054E+03,5.748594E+02,5.577934E-01,5.076704E-02,0.000000E+00,0.000000E+00,0.000000E+00,0.000000E+00,0.000000E+00,0.000000E+00,0.000000E+00,0.000000E+00,2.110805E+01,7.994495E+01,2.388843E+01,6.863854E+01
05:38:00,8.011054E+03,5.753273E+02,5.577934E-01,5.080837E-02,0.000000E+00,0.000000E+00,0.000000E+00,0.000000E+00,0.000000E+00,0.000000E+00,0.000000E+00,0.000000E+00,2.110805E+01,7.994495E+01,2.388843E+01,6.863454E+01
05:39:00,8.011054E+03,5.757828E+02,5.577934E-01,5.084859E-02,0.000000E+00,0.000000E+00,0.000000E+00,0.000000E+00,0.000000E+00,0.000000E+00,0.000000E+00,0.000000E+00,2.110805E+01,7.994495E+01,2.388843E+01,6.863038E+01
05:40:00,8.011054E+03,5.762550E+02,5.577934E-01,5.089029E-02,0.000000E+00,0.000000E+00,0.000000E+00,0.000000E+00,0.000000E+00,0.000000E+00,0.000000E+00,0.000000E+00,2.110805E+01,7.994495E+01,2.388842E+01,6.862608E+01
05:41:00,8.011054E+03,5.767453E+02,5.577934E-01,5.093360E-02,0.000000E+00,0.000000E+00,0.000000E+00,0.000000E+00,0.000000E+00,0.000000E+00,0.000000E+00,0.000000E+00,2.110805E+01,7.994495E+01,2.388842E+01,6.862163E+01
05:42:00,8.011054E+03,5.772547E+02,5.577934E-01,5.097859E-02,0.000000E+00,0.000000E+00,0.000000E+00,0.000000E+00,0.000000E+00,0.000000E+00,0.000000E+00,0.000000E+00,2.110805E+01,7.994495E+01,2.388842E+01,6.861705E+01
05:43:00,8.011054E+03,5.777828E+02,5.577934E-01,5.102522E-02,0.000000E+00,0.000000E+00,0.000000E+00,0.000000E+00,0.000000E+00,0.000000E+00,0.000000E+00,0.000000E+00,2.110805E+01,7.994495E+01,2.388842E+01,6.861233E+01
05:44:00,8.011054E+03,5.783285E+02,5.577934E-01,5.107342E-02,0.000000E+00,0.000000E+00,0.000000E+00,0.000000E+00,0.000000E+00,0.000000E+00,0.000000E+00,0.000000E+00,2.110805E+01,7.994495E+01,2.388842E+01,6.860750E+01
05:45:00,8.011054E+03,5.788914E+02,5.577934E-01,5.112313E-02,0.000000E+00,0.000000E+00,0.000000E+00,0.000000E+00,0.000000E+00,0.000000E+00,0.000000E+00,0.000000E+00,2.110805E+01,7.994495E+01,2.388842E+01,6.860253E+01
05:46:00,8.011054E+03,5.794629E+02,5.577934E-01,5.117361E-02,0.000000E+00,0.000000E+00,0.000000E+00,0.000000E+00,0.000000E+00,0.000000E+00,0.000000E+00,0.000000E+00,2.110805E+01,7.994495E+01,2.388842E+01,6.859745E+01
05:47:00,8.011054E+03,5.800492E+02,5.577934E-01,5.122539E-02,0.000000E+00,0.000000E+00,0.000000E+00,0.000000E+00,0.000000E+00,0.000000E+00,0.000000E+00,0.000000E+00,2.110805E+01,7.994495E+01,2.388842E+01,6.859226E+01
05:48:00,8.011054E+03,5.806499E+02,5.577934E-01,5.127844E-02,0.000000E+00,0.000000E+00,0.000000E+00,0.000000E+00,0.000000E+00,0.000000E+00,0.000000E+00,0.000000E+00,2.110805E+01,7.994495E+01,2.388842E+01,6.858696E+01
05:49:00,8.011054E+03,5.812647E+02,5.577934E-01,5.133274E-02,0.000000E+00,0.000000E+00,0.000000E+00,0.000000E+00,0.000000E+00,0.000000E+00,0.000000E+00,0.000000E+00,2.110805E+01,7.994495E+01,2.388842E+01,6.858157E+01
05:50:00,8.011054E+03,5.818932E+02,5.577934E-01,5.138824E-02,0.000000E+00,0.000000E+00,0.000000E+00,0.000000E+00,0.000000E+00,0.000000E+00,0.000000E+00,0.000000E+00,2.110805E+01,7.994495E+01,2.388842E+01,6.857607E+01
05:51:00,8.011054E+03,5.825349E+02,5.577934E-01,5.144491E-02,0.000000E+00,0.000000E+00,0.000000E+00,0.000000E+00,0.000000E+00,0.000000E+00,0.000000E+00,0.000000E+00,2.110805E+01,7.994495E+01,2.388842E+01,6.857048E+01
05:52:00,8.011054E+03,5.831894E+02,5.577934E-01,5.150271E-02,0.000000E+00,0.000000E+00,0.000000E+00,0.000000E+00,0.000000E+00,0.000000E+00,0.000000E+00,0.000000E+00,2.110805E+01,7.994495E+01,2.388842E+01,6.856479E+01
05:53:00,8.011054E+03,5.838564E+02,5.577934E-01,5.156162E-02,0.000000E+00,0.000000E+00,0.000000E+00,0.000000E+00,0.000000E+00,0.000000E+00,0.000000E+00,0.000000E+00,2.110805E+01,7.994495E+01,2.388842E+01,6.855902E+01
05:54:00,8.011054E+03,5.845354E+02,5.577934E-01,5.162159E-02,0.000000E+00,0.000000E+00,0.000000E+00,0.000000E+00,0.000000E+00,0.000000E+00,0.000000E+00,0.000000E+00,2.110805E+01,7.994495E+01,2.388842E+01,6.855318E+01
05:55:00,8.011054E+03,5.852263E+02,5.577934E-01,5.168260E-02,0.000000E+00,0.000000E+00,0.000000E+00,0.000000E+00,0.000000E+00,0.000000E+00,0.000000E+00,0.000000E+00,2.110805E+01,7.994495E+01,2.388842E+01,6.854725E+01
05:56:00,8.011054E+03,5.859135E+02,5.577934E-01,5.174329E-02,0.000000E+00,0.000000E+00,0.000000E+00,0.000000E+00,0.000000E+00,0.000000E+00,0.000000E+00,0.000000E+00,2.110805E+01,7.994495E+01,2.388842E+01,6.854125E+01
05:57:00,8.011054E+03,5.866108E+02,5.577934E-01,5.180488E-02,0.000000E+00,0.000000E+00,0.000000E+00,0.000000E+00,0.000000E+00,0.000000E+00,0.000000E+00,0.000000E+00,2.110805E+01,7.994495E+01,2.388842E+01,6.853518E+01
05:58:00,8.011054E+03,5.873174E+02,5.577934E-01,5.186728E-02,0.000000E+00,0.000000E+00,0.000000E+00,0.000000E+00,0.000000E+00,0.000000E+00,0.000000E+00,0.000000E+00,2.110805E+01,7.994495E+01,2.388842E+01,6.852904E+01
05:59:00,8.011054E+03,5.880329E+02,5.577934E-01,5.193047E-02,0.000000E+00,0.000000E+00,0.000000E+00,0.000000E+00,0.000000E+00,0.000000E+00,0.000000E+00,0.000000E+00,2.110805E+01,7.994495E+01,2.388842E+01,6.852284E+01
06:00:00,8.011054E+03,5.887571E+02,5.577934E-01,5.199443E-02,0.000000E+00,0.000000E+00,0.000000E+00,0.000000E+00,0.000000E+00,0.000000E+00,0.000000E+00,0.000000E+00,2.110805E+01,7.994495E+01,2.388842E+01,6.851657E+01
06:01:00,8.011054E+03,5.894927E+02,5.577934E-01,5.205939E-02,0.000000E+00,0.000000E+00,0.000000E+00,0.000000E+00,0.000000E+00,0.000000E+00,0.000000E+00,0.000000E+00,2.110805E+01,7.994495E+01,2.388842E+01,6.851026E+01
06:02:00,8.011054E+03,5.902392E+02,5.577934E-01,5.212532E-02,0.000000E+00,0.000000E+00,0.000000E+00,0.000000E+00,0.000000E+00,0.000000E+00,0.000000E+00,0.000000E+00,2.110805E+01,7.994495E+01,2.388842E+01,6.850371E+01
06:03:00,8.011054E+03,5.909963E+02,5.577934E-01,5.219218E-02,0.000000E+00,0.000000E+00,0.000000E+00,0.000000E+00,0.000000E+00,0.000000E+00,0.000000E+00,0.000000E+00,2.110805E+01,7.994495E+01,2.388841E+01,6.849683E+01
06:04:00,8.011054E+03,5.917636E+02,5.577934E-01,5.225995E-02,0.000000E+00,0.000000E+00,0.000000E+00,0.000000E+00,0.000000E+00,0.000000E+00,0.000000E+00,0.000000E+00,2.110805E+01,7.994495E+01,2.388841E+01,6.848959E+01
06:05:00,8.011054E+03,5.925410E+02,5.577934E-01,5.232860E-02,0.000000E+00,0.000000E+00,0.000000E+00,0.000000E+00,0.000000E+00,0.000000E+00,0.000000E+00,0.000000E+00,2.110805E+01,7.994495E+01,2.388841E+01,6.848200E+01
06:06:00,8.011054E+03,5.933275E+02,5.577934E-01,5.239806E-02,0.000000E+00,0.000000E+00,0.000000E+00,0.000000E+00,0.000000E+00,0.000000E+00,0.000000E+00,0.000000E+00,2.110805E+01,7.994495E+01,2.388841E+01,6.847408E+01
06:07:00,8.011054E+03,5.941238E+02,5.577934E-01,5.246839E-02,0.000000E+00,0.000000E+00,0.000000E+00,0.000000E+00,0.000000E+00,0.000000E+00,0.000000E+00,0.000000E+00,2.110805E+01,7.994495E+01,2.388841E+01,6.846584E+01
06:08:00,8.011054E+03,5.949298E+02,5.577934E-01,5.253958E-02,0.000000E+00,0.000000E+00,0.000000E+00,0.000000E+00,0.000000E+00,0.000000E+00,0.000000E+00,0.000000E+00,2.110805E+01,7.994495E+01,2.388841E+01,6.845729E+01
06:09:00,8.011054E+03,5.957469E+02,5.577934E-01,5.261174E-02,0.000000E+00,0.000000E+00,0.000000E+00,0.000000E+00,0.000000E+00,0.000000E+00,0.000000E+00,0.000000E+00,2.110805E+01,7.994495E+01,2.388841E+01,6.844843E+01
06:10:00,8.011054E+03,5.965762E+02,5.577934E-01,5.268498E-02,0.000000E+00,0.000000E+00,0.000000E+00,0.000000E+00,0.000000E+00,0.000000E+00,0.000000E+00,0.000000E+00,2.110805E+01,7.994495E+01,2.388841E+01,6.843928E+01
06:11:00,8.011054E+03,5.974176E+02,5.577934E-01,5.275929E-02,0.000000E+00,0.000000E+00,0.000000E+00,0.000000E+00,0.000000E+00,0.000000E+00,0.000000E+00,0.000000E+00,2.110805E+01,7.994495E+01,2.388841E+01,6.842983E+01
06:12:00,8.011054E+03,5.982712E+02,5.577934E-01,5.283467E-02,0.000000E+00,0.000000E+00,0.000000E+00,0.000000E+00,0.000000E+00,0.000000E+00,0.000000E+00,0.000000E+00,2.110805E+01,7.994495E+01,2.388841E+01,6.842010E+01
06:13:00,8.011054E+03,5.991370E+02,5.577934E-01,5.291113E-02,0.000000E+00,0.000000E+00,0.000000E+00,0.000000E+00,0.000000E+00,0.000000E+00,0.000000E+00,0.000000E+00,2.110805E+01,7.994495E+01,2.388840E+01,6.841010E+01
06:14:00,8.011054E+03,6.000148E+02,5.577934E-01,5.298866E-02,0.000000E+00,0.000000E+00,0.000000E+00,0.000000E+00,0.000000E+00,0.000000E+00,0.000000E+00,0.000000E+00,2.110805E+01,7.994495E+01,2.388840E+01,6.839982E+01
06:15:00,8.011054E+03,6.009048E+02,5.577934E-01,5.306726E-02,0.000000E+00,0.000000E+00,0.000000E+00,0.000000E+00,0.000000E+00,0.000000E+00,0.000000E+00,0.000000E+00,2.110805E+01,7.994495E+01,2.388840E+01,6.838928E+01
06:16:00,8.011054E+03,6.017736E+02,5.577934E-01,5.314399E-02,0.000000E+00,0.000000E+00,0.000000E+00,0.000000E+00,0.000000E+00,0.000000E+00,0.000000E+00,0.000000E+00,2.110805E+01,7.994495E+01,2.388840E+01,6.837848E+01
06:17:00,8.011054E+03,6.026520E+02,5.577934E-01,5.322156E-02,0.000000E+00,0.000000E+00,0.000000E+00,0.000000E+00,0.000000E+00,0.000000E+00,0.000000E+00,0.000000E+00,2.110805E+01,7.994495E+01,2.388840E+01,6.836744E+01
06:18:00,8.011054E+03,6.035411E+02,5.577934E-01,5.330009E-02,0.000000E+00,0.000000E+00,0.000000E+00,0.000000E+00,0.000000E+00,0.000000E+00,0.000000E+00,0.000000E+00,2.110805E+01,7.994495E+01,2.388840E+01,6.835615E+01
06:19:00,8.011054E+03,6.044412E+02,5.577934E-01,5.337958E-02,0.000000E+00,0.000000E+00,0.000000E+00,0.000000E+00,0.000000E+00,0.000000E+00,0.000000E+00,0.000000E+00,2.110805E+01,7.994495E+01,2.388840E+01,6.834463E+01
06:20:00,8.011054E+03,6.053523E+02,5.577934E-01,5.346004E-02,0.000000E+00,0.000000E+00,0.000000E+00,0.000000E+00,0.000000E+00,0.000000E+00,0.000000E+00,0.000000E+00,2.110805E+01,7.994495E+01,2.388840E+01,6.833288E+01
06:21:00,8.011054E+03,6.062745E+02,5.577934E-01,5.354149E-02,0.000000E+00,0.000000E+00,0.000000E+00,0.000000E+00,0.000000E+00,0.000000E+00,0.000000E+00,0.000000E+00,2.110805E+01,7.994495E+01,2.388840E+01,6.832090E+01
06:22:00,8.011054E+03,6.072081E+02,5.577934E-01,5.362394E-02,0.000000E+00,0.000000E+00,0.000000E+00,0.000000E+00,0.000000E+00,0.000000E+00,0.000000E+00,0.000000E+00,2.110805E+01,7.994495E+01,2.388840E+01,6.830871E+01
06:23:00,8.011054E+03,6.081531E+02,5.577934E-01,5.370739E-02,0.000000E+00,0.000000E+00,0.000000E+00,0.000000E+00,0.000000E+00,0.000000E+00,0.000000E+00,0.000000E+00,2.110805E+01,7.994495E+01,2.388840E+01,6.829630E+01
06:24:00,8.011054E+03,6.091095E+02,5.577934E-01,5.379187E-02,0.000000E+00,0.000000E+00,0.000000E+00,0.000000E+00,0.000000E+00,0.000000E+00,0.000000E+00,0.000000E+00,2.110805E+01,7.994495E+01,2.388840E+01,6.828368E+01
06:25:00,8.011054E+03,6.100776E+02,5.577934E-01,5.387736E-02,0.000000E+00,0.000000E+00,0.000000E+00,0.000000E+00,0.000000E+00,0.000000E+00,0.000000E+00,0.000000E+00,2.110805E+01,7.994495E+01,2.388839E+01,6.827087E+01
06:26:00,8.011054E+03,6.110573E+02,5.577934E-01,5.396389E-02,0.000000E+00,0.000000E+00,0.000000E+00,0.000000E+00,0.000000E+00,0.000000E+00,0.000000E+00,0.000000E+00,2.110805E+01,7.994495E+01,2.388839E+01,6.825786E+01
06:27:00,8.011054E+03,6.120938E+02,5.577934E-01,5.405543E-02,0.000000E+00,0.000000E+00,0.000000E+00,0.000000E+00,0.000000E+00,0.000000E+00,0.000000E+00,0.000000E+00,2.110805E+01,7.994495E+01,2.388839E+01,6.824465E+01
06:28:00,8.011054E+03,6.131445E+02,5.577934E-01,5.414821E-02,0.000000E+00,0.000000E+00,0.000000E+00,0.000000E+00,0.000000E+00,0.000000E+00,0.000000E+00,0.000000E+00,2.110805E+01,7.994495E+01,2.388839E+01,6.823073E+01
06:29:00,8.011054E+03,6.142089E+02,5.577934E-01,5.424222E-02,0.000000E+00,0.000000E+00,0.000000E+00,0.000000E+00,0.000000E+00,0.000000E+00,0.000000E+00,0.000000E+00,2.110805E+01,7.994495E+01,2.388839E+01,6.821627E+01
06:30:00,8.011054E+03,6.152862E+02,5.577934E-01,5.433736E-02,0.000000E+00,0.000000E+00,0.000000E+00,0.000000E+00,0.000000E+00,0.000000E+00,0.000000E+00,0.000000E+00,2.110805E+01,7.994495E+01,2.388839E+01,6.820148E+01
06:31:00,8.011054E+03,6.163764E+02,5.577934E-01,5.443364E-02,0.000000E+00,0.000000E+00,0.000000E+00,0.000000E+00,0.000000E+00,0.000000E+00,0.000000E+00,0.000000E+00,2.110805E+01,7.994495E+01,2.388839E+01,6.818651E+01
06:32:00,8.011054E+03,6.174796E+02,5.577934E-01,5.453108E-02,0.000000E+00,0.000000E+00,0.000000E+00,0.000000E+00,0.000000E+00,0.000000E+00,0.000000E+00,0.000000E+00,2.110805E+01,7.994495E+01,2.388839E+01,6.817139E+01
06:33:00,8.011054E+03,6.185958E+02,5.577934E-01,5.462965E-02,0.000000E+00,0.000000E+00,0.000000E+00,0.000000E+00,0.000000E+00,0.000000E+00,0.000000E+00,0.000000E+00,2.110805E+01,7.994495E+01,2.388839E+01,6.815613E+01
06:34:00,8.011054E+03,6.197250E+02,5.577934E-01,5.472938E-02,0.000000E+00,0.000000E+00,0.000000E+00,0.000000E+00,0.000000E+00,0.000000E+00,0.000000E+00,0.000000E+00,2.110805E+01,7.994495E+01,2.388838E+01,6.814072E+01
06:35:00,8.011054E+03,6.208672E+02,5.577934E-01,5.483025E-02,0.000000E+00,0.000000E+00,0.000000E+00,0.000000E+00,0.000000E+00,0.000000E+00,0.000000E+00,0.000000E+00,2.110805E+01,7.994495E+01,2.388838E+01,6.812517E+01
06:36:00,8.011054E+03,6.220225E+02,5.577934E-01,5.493228E-02,0.000000E+00,0.000000E+00,0.000000E+00,0.000000E+00,0.000000E+00,0.000000E+00,0.000000E+00,0.000000E+00,2.110805E+01,7.994495E+01,2.388838E+01,6.810947E+01
06:37:00,8.011054E+03,6.231907E+02,5.577934E-01,5.503545E-02,0.000000E+00,0.000000E+00,0.000000E+00,0.000000E+00,0.000000E+00,0.000000E+00,0.000000E+00,0.000000E+00,2.110805E+01,7.994495E+01,2.388838E+01,6.809365E+01
06:38:00,8.011054E+03,6.243722E+02,5.577934E-01,5.513979E-02,0.000000E+00,0.000000E+00,0.000000E+00,0.000000E+00,0.000000E+00,0.000000E+00,0.000000E+00,0.000000E+00,2.110805E+01,7.994495E+01,2.388838E+01,6.807770E+01
06:39:00,8.011054E+03,6.255672E+02,5.577934E-01,5.524534E-02,0.000000E+00,0.000000E+00,0.000000E+00,0.000000E+00,0.000000E+00,0.000000E+00,0.000000E+00,0.000000E+00,2.110805E+01,7.994495E+01,2.388838E+01,6.806163E+01
06:40:00,8.011054E+03,6.267760E+02,5.577934E-01,5.535209E-02,0.000000E+00,0.000000E+00,0.000000E+00,0.000000E+00,0.000000E+00,0.000000E+00,0.000000E+00,0.000000E+00,2.110805E+01,7.994495E+01,2.388838E+01,6.804542E+01
06:41:00,8.011054E+03,6.279986E+02,5.577934E-01,5.546006E-02,0.000000E+00,0.000000E+00,0.000000E+00,0.000000E+00,0.000000E+00,0.000000E+00,0.000000E+00,0.000000E+00,2.110805E+01,7.994495E+01,2.388838E+01,6.802910E+01
06:42:00,8.011054E+03,6.292352E+02,5.577934E-01,5.556928E-02,0.000000E+00,0.000000E+00,0.000000E+00,0.000000E+00,0.000000E+00,0.000000E+00,0.000000E+00,0.000000E+00,2.110805E+01,7.994495E+01,2.388838E+01,6.801265E+01
06:43:00,8.011054E+03,6.304861E+02,5.577934E-01,5.567975E-02,0.000000E+00,0.000000E+00,0.000000E+00,0.000000E+00,0.000000E+00,0.000000E+00,0.000000E+00,0.000000E+00,2.110805E+01,7.994495E+01,2.388838E+01,6.799609E+01
06:44:00,8.011054E+03,6.317513E+02,5.577934E-01,5.579149E-02,0.000000E+00,0.000000E+00,0.000000E+00,0.000000E+00,0.000000E+00,0.000000E+00,0.000000E+00,0.000000E+00,2.110805E+01,7.994495E+01,2.388838E+01,6.797940E+01
06:45:00,8.011054E+03,6.330311E+02,5.577934E-01,5.590452E-02,0.000000E+00,0.000000E+00,0.000000E+00,0.000000E+00,0.000000E+00,0.000000E+00,0.000000E+00,0.000000E+00,2.110805E+01,7.994495E+01,2.388838E+01,6.796260E+01
06:46:00,8.011054E+03,6.343257E+02,5.577934E-01,5.601884E-02,0.000000E+00,0.000000E+00,0.000000E+00,0.000000E+00,0.000000E+00,0.000000E+00,0.000000E+00,0.000000E+00,2.110805E+01,7.994495E+01,2.388837E+01,6.794568E+01
06:47:00,8.011054E+03,6.356351E+02,5.577934E-01,5.613449E-02,0.000000E+00,0.000000E+00,0.000000E+00,0.000000E+00,0.000000E+00,0.000000E+00,0.000000E+00,0.000000E+00,2.110805E+01,7.994495E+01,2.388837E+01,6.792865E+01
06:48:00,8.011054E+03,6.369596E+02,5.577934E-01,5.625146E-02,0.000000E+00,0.000000E+00,0.000000E+00,0.000000E+00,0.000000E+00,0.000000E+00,0.000000E+00,0.000000E+00,2.110805E+01,7.994495E+01,2.388837E+01,6.791151E+01
06:49:00,8.011054E+03,6.382994E+02,5.577934E-01,5.636979E-02,0.000000E+00,0.000000E+00,0.000000E+00,0.000000E+00,0.000000E+00,0.000000E+00,0.000000E+00,0.000000E+00,2.110805E+01,7.994495E+01,2.388837E+01,6.789426E+01
06:50:00,8.011054E+03,6.396547E+02,5.577934E-01,5.648948E-02,0.000000E+00,0.000000E+00,0.000000E+00,0.000000E+00,0.000000E+00,0.000000E+00,0.000000E+00,0.000000E+00,2.110805E+01,7.994495E+01,2.388837E+01,6.787690E+01
06:51:00,8.011054E+03,6.410255E+02,5.577934E-01,5.661055E-02,0.000000E+00,0.000000E+00,0.000000E+00,0.000000E+00,0.000000E+00,0.000000E+00,0.000000E+00,0.000000E+00,2.110805E+01,7.994495E+01,2.388837E+01,6.785943E+01
06:52:00,8.011054E+03,6.424122E+02,5.577934E-01,5.673301E-02,0.000000E+00,0.000000E+00,0.000000E+00,0.000000E+00,0.000000E+00,0.000000E+00,0.000000E+00,0.000000E+00,2.110805E+01,7.994495E+01,2.388837E+01,6.784186E+01
06:53:00,8.011054E+03,6.438149E+02,5.577934E-01,5.685689E-02,0.000000E+00,0.000000E+00,0.000000E+00,0.000000E+00,0.000000E+00,0.000000E+00,0.000000E+00,0.000000E+00,2.110805E+01,7.994495E+01,2.388837E+01,6.782418E+01
06:54:00,8.011054E+03,6.452337E+02,5.577934E-01,5.698219E-02,0.000000E+00,0.000000E+00,0.000000E+00,0.000000E+00,0.000000E+00,0.000000E+00,0.000000E+00,0.000000E+00,2.110805E+01,7.994495E+01,2.388837E+01,6.780639E+01
06:55:00,8.011054E+03,6.466689E+02,5.577934E-01,5.710894E-02,0.000000E+00,0.000000E+00,0.000000E+00,0.000000E+00,0.000000E+00,0.000000E+00,0.000000E+00,0.000000E+00,2.110805E+01,7.994495E+01,2.388837E+01,6.778850E+01
06:56:00,8.011054E+03,6.481206E+02,5.577934E-01,5.723715E-02,0.000000E+00,0.000000E+00,0.000000E+00,0.000000E+00,0.000000E+00,0.000000E+00,0.000000E+00,0.000000E+00,2.110805E+01,7.994495E+01,2.388837E+01,6.777052E+01
06:57:00,8.011054E+03,6.495890E+02,5.577934E-01,5.736683E-02,0.000000E+00,0.000000E+00,0.000000E+00,0.000000E+00,0.000000E+00,0.000000E+00,0.000000E+00,0.000000E+00,2.110805E+01,7.994495E+01,2.388837E+01,6.775243E+01
06:58:00,8.011054E+03,6.510743E+02,5.577934E-01,5.749801E-02,0.000000E+00,0.000000E+00,0.000000E+00,0.000000E+00,0.000000E+00,0.000000E+00,0.000000E+00,0.000000E+00,2.110805E+01,7.994495E+01,2.388836E+01,6.773424E+01
06:59:00,8.011054E+03,6.525767E+02,5.577934E-01,5.763070E-02,0.000000E+00,0.000000E+00,0.000000E+00,0.000000E+00,0.000000E+00,0.000000E+00,0.000000E+00,0.000000E+00,2.110805E+01,7.994495E+01,2.388836E+01,6.771595E+01
07:00:00,8.011054E+03,6.540964E+02,5.577934E-01,5.776491E-02,0.000000E+00,0.000000E+00,0.000000E+00,0.000000E+00,0.000000E+00,0.000000E+00,0.000000E+00,0.000000E+00,2.110805E+01,7.994495E+01,2.388836E+01,6.769757E+01
07:01:00,8.011054E+03,6.556481E+02,5.577934E-01,5.790195E-02,0.000000E+00,0.000000E+00,0.000000E+00,0.000000E+00,0.000000E+00,0.000000E+00,0.000000E+00,0.000000E+00,2.110805E+01,7.994495E+01,2.388836E+01,6.767909E+01
07:02:00,8.011054E+03,6.572317E+02,5.577934E-01,5.804180E-02,0.000000E+00,0.000000E+00,0.000000E+00,0.000000E+00,0.000000E+00,0.000000E+00,0.000000E+00,0.000000E+00,2.110805E+01,7.994495E+01,2.388836E+01,6.766017E+01
07:03:00,8.011054E+03,6.588474E+02,5.577934E-01,5.818450E-02,0.000000E+00,0.000000E+00,0.000000E+00,0.000000E+00,0.000000E+00,0.000000E+00,0.000000E+00,0.000000E+00,2.110805E+01,7.994495E+01,2.388836E+01,6.764061E+01
07:04:00,8.011054E+03,6.604956E+02,5.577934E-01,5.833006E-02,0.000000E+00,0.000000E+00,0.000000E+00,0.000000E+00,0.000000E+00,0.000000E+00,0.000000E+00,0.000000E+00,2.110805E+01,7.994495E+01,2.388836E+01,6.762035E+01
07:05:00,8.011054E+03,6.621764E+02,5.577934E-01,5.847849E-02,0.000000E+00,0.000000E+00,0.000000E+00,0.000000E+00,0.000000E+00,0.000000E+00,0.000000E+00,0.000000E+00,2.110805E+01,7.994495E+01,2.388835E+01,6.759941E+01
07:06:00,8.011054E+03,6.638905E+02,5.577934E-01,5.862988E-02,0.000000E+00,0.000000E+00,0.000000E+00,0.000000E+00,0.000000E+00,0.000000E+00,0.000000E+00,0.000000E+00,2.110805E+01,7.994495E+01,2.388835E+01,6.757780E+01
07:07:00,8.011054E+03,6.656374E+02,5.577934E-01,5.878416E-02,0.000000E+00,0.000000E+00,0.000000E+00,0.000000E+00,0.000000E+00,0.000000E+00,0.000000E+00,0.000000E+00,2.110805E+01,7.994495E+01,2.388835E+01,6.755554E+01
07:08:00,8.011054E+03,6.674170E+02,5.577934E-01,5.894132E-02,0.000000E+00,0.000000E+00,0.000000E+00,0.000000E+00,0.000000E+00,0.000000E+00,0.000000E+00,0.000000E+00,2.110805E+01,7.994495E+01,2.388835E+01,6.753267E+01
07:09:00,8.011054E+03,6.692294E+02,5.577934E-01,5.910139E-02,0.000000E+00,0.000000E+00,0.000000E+00,0.000000E+00,0.000000E+00,0.000000E+00,0.000000E+00,0.000000E+00,2.110805E+01,7.994495E+01,2.388834E+01,6.750920E+01
07:10:00,8.011054E+03,6.710748E+02,5.577934E-01,5.926436E-02,0.000000E+00,0.000000E+00,0.000000E+00,0.000000E+00,0.000000E+00,0.000000E+00,0.000000E+00,0.000000E+00,2.110805E+01,7.994495E+01,2.388834E+01,6.748514E+01
07:11:00,8.011054E+03,6.729528E+02,5.577934E-01,5.943022E-02,0.000000E+00,0.000000E+00,0.000000E+00,0.000000E+00,0.000000E+00,0.000000E+00,0.000000E+00,0.000000E+00,2.110805E+01,7.994495E+01,2.388834E+01,6.746050E+01
07:12:00,8.011054E+03,6.748625E+02,5.577934E-01,5.959888E-02,0.000000E+00,0.000000E+00,0.000000E+00,0.000000E+00,0.000000E+00,0.000000E+00,0.000000E+00,0.000000E+00,2.110805E+01,7.994495E+01,2.388834E+01,6.743532E+01
07:13:00,8.011054E+03,6.768040E+02,5.577934E-01,5.977034E-02,0.000000E+00,0.000000E+00,0.000000E+00,0.000000E+00,0.000000E+00,0.000000E+00,0.000000E+00,0.000000E+00,2.110805E+01,7.994495E+01,2.388834E+01,6.740961E+01
07:14:00,8.011054E+03,6.787776E+02,5.577934E-01,5.994464E-02,0.000000E+00,0.000000E+00,0.000000E+00,0.000000E+00,0.000000E+00,0.000000E+00,0.000000E+00,0.000000E+00,2.110805E+01,7.994495E+01,2.388833E+01,6.738340E+01
07:15:00,8.011054E+03,6.807834E+02,5.577934E-01,6.012179E-02,0.000000E+00,0.000000E+00,0.000000E+00,0.000000E+00,0.000000E+00,0.000000E+00,0.000000E+00,0.000000E+00,2.110805E+01,7.994495E+01,2.388833E+01,6.735671E+01
07:16:00,8.011054E+03,6.828215E+02,5.577934E-01,6.030179E-02,0.000000E+00,0.000000E+00,0.000000E+00,0.000000E+00,0.000000E+00,0.000000E+00,0.000000E+00,0.000000E+00,2.110805E+01,7.994495E+01,2.388833E+01,6.732955E+01
07:17:00,8.011055E+03,6.848918E+02,5.577934E-01,6.048463E-02,0.000000E+00,0.000000E+00,0.000000E+00,0.000000E+00,0.000000E+00,0.000000E+00,0.000000E+00,0.000000E+00,2.110805E+01,7.994495E+01,2.388833E+01,6.730192E+01
07:18:00,8.011055E+03,6.869950E+02,5.577934E-01,6.067038E-02,0.000000E+00,0.000000E+00,0.000000E+00,0.000000E+00,0.000000E+00,0.000000E+00,0.000000E+00,0.000000E+00,2.110805E+01,7.994495E+01,2.388833E+01,6.727385E+01
07:19:00,8.011055E+03,6.891318E+02,5.577934E-01,6.085909E-02,0.000000E+00,0.000000E+00,0.000000E+00,0.000000E+00,0.000000E+00,0.000000E+00,0.000000E+00,0.000000E+00,2.110805E+01,7.994495E+01,2.388832E+01,6.724534E+01
07:20:00,8.011055E+03,6.913028E+02,5.577934E-01,6.105082E-02,0.000000E+00,0.000000E+00,0.000000E+00,0.000000E+00,0.000000E+00,0.000000E+00,0.000000E+00,0.000000E+00,2.110805E+01,7.994495E+01,2.388832E+01,6.721639E+01
07:21:00,8.011055E+03,6.935081E+02,5.577934E-01,6.124558E-02,0.000000E+00,0.000000E+00,0.000000E+00,0.000000E+00,0.000000E+00,0.000000E+00,0.000000E+00,0.000000E+00,2.110805E+01,7.994495E+01,2.388832E+01,6.718700E+01
07:22:00,8.011055E+03,6.957479E+02,5.577934E-01,6.144339E-02,0.000000E+00,0.000000E+00,0.000000E+00,0.000000E+00,0.000000E+00,0.000000E+00,0.000000E+00,0.000000E+00,2.110805E+01,7.994495E+01,2.388832E+01,6.715717E+01
07:23:00,8.011055E+03,6.980224E+02,5.577934E-01,6.164427E-02,0.000000E+00,0.000000E+00,0.000000E+00,0.000000E+00,0.000000E+00,0.000000E+00,0.000000E+00,0.000000E+00,2.110805E+01,7.994495E+01,2.388832E+01,6.712693E+01
07:24:00,8.011055E+03,7.003317E+02,5.577934E-01,6.184822E-02,0.000000E+00,0.000000E+00,0.000000E+00,0.000000E+00,0.000000E+00,0.000000E+00,0.000000E+00,0.000000E+00,2.110805E+01,7.994495E+01,2.388831E+01,6.709627E+01
07:25:00,8.011055E+03,7.026760E+02,5.577934E-01,6.205526E-02,0.000000E+00,0.000000E+00,0.000000E+00,0.000000E+00,0.000000E+00,0.000000E+00,0.000000E+00,0.000000E+00,2.110805E+01,7.994495E+01,2.388831E+01,6.706521E+01
07:26:00,8.011055E+03,7.050557E+02,5.577934E-01,6.226542E-02,0.000000E+00,0.000000E+00,0.000000E+00,0.000000E+00,0.000000E+00,0.000000E+00,0.000000E+00,0.000000E+00,2.110805E+01,7.994495E+01,2.388831E+01,6.703376E+01
07:27:00,8.011055E+03,7.074261E+02,5.577934E-01,6.247477E-02,0.000000E+00,0.000000E+00,0.000000E+00,0.000000E+00,0.000000E+00,0.000000E+00,0.000000E+00,0.000000E+00,2.110805E+01,7.994495E+01,2.388831E+01,6.700193E+01
07:28:00,8.011055E+03,7.098298E+02,5.577934E-01,6.268705E-02,0.000000E+00,0.000000E+00,0.000000E+00,0.000000E+00,0.000000E+00,0.000000E+00,0.000000E+00,0.000000E+00,2.110805E+01,7.994495E+01,2.388831E+01,6.696972E+01
07:29:00,8.011055E+03,7.122676E+02,5.577934E-01,6.290235E-02,0.000000E+00,0.000000E+00,0.000000E+00,0.000000E+00,0.000000E+00,0.000000E+00,0.000000E+00,0.000000E+00,2.110805E+01,7.994495E+01,2.388831E+01,6.693714E+01
07:30:00,8.011055E+03,7.147406E+02,5.577934E-01,6.312076E-02,0.000000E+00,0.000000E+00,0.000000E+00,0.000000E+00,0.000000E+00,0.000000E+00,0.000000E+00,0.000000E+00,2.110805E+01,7.994495E+01,2.388830E+01,6.690421E+01
07:31:00,8.011055E+03,7.172491E+02,5.577934E-01,6.334229E-02,0.000000E+00,0.000000E+00,0.000000E+00,0.000000E+00,0.000000E+00,0.000000E+00,0.000000E+00,0.000000E+00,2.110805E+01,7.994495E+01,2.388830E+01,6.687092E+01
07:32:00,8.011055E+03,7.197933E+02,5.577934E-01,6.356699E-02,0.000000E+00,0.000000E+00,0.000000E+00,0.000000E+00,0.000000E+00,0.000000E+00,0.000000E+00,0.000000E+00,2.110805E+01,7.994495E+01,2.388830E+01,6.683730E+01
07:33:00,8.011055E+03,7.223735E+02,5.577934E-01,6.379486E-02,0.000000E+00,0.000000E+00,0.000000E+00,0.000000E+00,0.000000E+00,0.000000E+00,0.000000E+00,0.000000E+00,2.110805E+01,7.994495E+01,2.388830E+01,6.680334E+01
07:34:00,8.011055E+03,7.249900E+02,5.577934E-01,6.402594E-02,0.000000E+00,0.000000E+00,0.000000E+00,0.000000E+00,0.000000E+00,0.000000E+00,0.000000E+00,0.000000E+00,2.110805E+01,7.994495E+01,2.388830E+01,6.676905E+01
07:35:00,8.011055E+03,7.276431E+02,5.577934E-01,6.426026E-02,0.000000E+00,0.000000E+00,0.000000E+00,0.000000E+00,0.000000E+00,0.000000E+00,0.000000E+00,0.000000E+00,2.110805E+01,7.994495E+01,2.388829E+01,6.673445E+01
07:36:00,8.011055E+03,7.303332E+02,5.577934E-01,6.449783E-02,0.000000E+00,0.000000E+00,0.000000E+00,0.000000E+00,0.000000E+00,0.000000E+00,0.000000E+00,0.000000E+00,2.110805E+01,7.994495E+01,2.388829E+01,6.669953E+01
07:37:00,8.011055E+03,7.330607E+02,5.577934E-01,6.473872E-02,0.000000E+00,0.000000E+00,0.000000E+00,0.000000E+00,0.000000E+00,0.000000E+00,0.000000E+00,0.000000E+00,2.110805E+01,7.994495E+01,2.388829E+01,6.666430E+01
07:38:00,8.011055E+03,7.358266E+02,5.577934E-01,6.498299E-02,0.000000E+00,0.000000E+00,0.000000E+00,0.000000E+00,0.000000E+00,0.000000E+00,0.000000E+00,0.000000E+00,2.110805E+01,7.994495E+01,2.388829E+01,6.662878E+01
07:39:00,8.011055E+03,7.386310E+02,5.577934E-01,6.523066E-02,0.000000E+00,0.000000E+00,0.000000E+00,0.000000E+00,0.000000E+00,0.000000E+00,0.000000E+00,0.000000E+00,2.110805E+01,7.994495E+01,2.388829E+01,6.659295E+01
07:40:00,8.011055E+03,7.414739E+02,5.577934E-01,6.548174E-02,0.000000E+00,0.000000E+00,0.000000E+00,0.000000E+00,0.000000E+00,0.000000E+00,0.000000E+00,0.000000E+00,2.110805E+01,7.994495E+01,2.388829E+01,6.655681E+01
07:41:00,8.011055E+03,7.443557E+02,5.577934E-01,6.573624E-02,0.000000E+00,0.000000E+00,0.000000E+00,0.000000E+00,0.000000E+00,0.000000E+00,0.000000E+00,0.000000E+00,2.110805E+01,7.994495E+01,2.388828E+01,6.652038E+01
07:42:00,8.011055E+03,7.472762E+02,5.577935E-01,6.599418E-02,0.000000E+00,0.000000E+00,0.000000E+00,0.000000E+00,0.000000E+00,0.000000E+00,0.000000E+00,0.000000E+00,2.110805E+01,7.994495E+01,2.388828E+01,6.648365E+01
07:43:00,8.011055E+03,7.502358E+02,5.577935E-01,6.625555E-02,0.000000E+00,0.000000E+00,0.000000E+00,0.000000E+00,0.000000E+00,0.000000E+00,0.000000E+00,0.000000E+00,2.110805E+01,7.994495E+01,2.388828E+01,6.644664E+01
07:44:00,8.011055E+03,7.532344E+02,5.577935E-01,6.652038E-02,0.000000E+00,0.000000E+00,0.000000E+00,0.000000E+00,0.000000E+00,0.000000E+00,0.000000E+00,0.000000E+00,2.110805E+01,7.994495E+01,2.388828E+01,6.640935E+01
07:45:00,8.011055E+03,7.562721E+02,5.577935E-01,6.678866E-02,0.000000E+00,0.000000E+00,0.000000E+00,0.000000E+00,0.000000E+00,0.000000E+00,0.000000E+00,0.000000E+00,2.110805E+01,7.994495E+01,2.388828E+01,6.637179E+01
07:46:00,8.011055E+03,7.593491E+02,5.577935E-01,6.706041E-02,0.000000E+00,0.000000E+00,0.000000E+00,0.000000E+00,0.000000E+00,0.000000E+00,0.000000E+00,0.000000E+00,2.110805E+01,7.994495E+01,2.388827E+01,6.633396E+01
07:47:00,8.011055E+03,7.624655E+02,5.577935E-01,6.733564E-02,0.000000E+00,0.000000E+00,0.000000E+00,0.000000E+00,0.000000E+00,0.000000E+00,0.000000E+00,0.000000E+00,2.110805E+01,7.994495E+01,2.388827E+01,6.629589E+01
07:48:00,8.011055E+03,7.656214E+02,5.577935E-01,6.761435E-02,0.000000E+00,0.000000E+00,0.000000E+00,0.000000E+00,0.000000E+00,0.000000E+00,0.000000E+00,0.000000E+00,2.110805E+01,7.994495E+01,2.388827E+01,6.625756E+01
07:49:00,8.011055E+03,7.688167E+02,5.577935E-01,6.789655E-02,0.000000E+00,0.000000E+00,0.000000E+00,0.000000E+00,0.000000E+00,0.000000E+00,0.000000E+00,0.000000E+00,2.110805E+01,7.994495E+01,2.388827E+01,6.621899E+01
07:50:00,8.011055E+03,7.720515E+02,5.577935E-01,6.818224E-02,0.000000E+00,0.000000E+00,0.000000E+00,0.000000E+00,0.000000E+00,0.000000E+00,0.000000E+00,0.000000E+00,2.110805E+01,7.994495E+01,2.388827E+01,6.618019E+01
07:51:00,8.011055E+03,7.753261E+02,5.577935E-01,6.847144E-02,0.000000E+00,0.000000E+00,0.000000E+00,0.000000E+00,0.000000E+00,0.000000E+00,0.000000E+00,0.000000E+00,2.110805E+01,7.994495E+01,2.388827E+01,6.614116E+01
07:52:00,8.011055E+03,7.786405E+02,5.577935E-01,6.876415E-02,0.000000E+00,0.000000E+00,0.000000E+00,0.000000E+00,0.000000E+00,0.000000E+00,0.000000E+00,0.000000E+00,2.110805E+01,7.994495E+01,2.388826E+01,6.610191E+01
07:53:00,8.011055E+03,7.819945E+02,5.577935E-01,6.906037E-02,0.000000E+00,0.000000E+00,0.000000E+00,0.000000E+00,0.000000E+00,0.000000E+00,0.000000E+00,0.000000E+00,2.110805E+01,7.994495E+01,2.388826E+01,6.606245E+01
07:54:00,8.011055E+03,7.853884E+02,5.577935E-01,6.936010E-02,0.000000E+00,0.000000E+00,0.000000E+00,0.000000E+00,0.000000E+00,0.000000E+00,0.000000E+00,0.000000E+00,2.110805E+01,7.994495E+01,2.388826E+01,6.602279E+01
07:55:00,8.011055E+03,7.888222E+02,5.577935E-01,6.966337E-02,0.000000E+00,0.000000E+00,0.000000E+00,0.000000E+00,0.000000E+00,0.000000E+00,0.000000E+00,0.000000E+00,2.110805E+01,7.994495E+01,2.388826E+01,6.598292E+01
07:56:00,8.011055E+03,7.922960E+02,5.577935E-01,6.997016E-02,0.000000E+00,0.000000E+00,0.000000E+00,0.000000E+00,0.000000E+00,0.000000E+00,0.000000E+00,0.000000E+00,2.110805E+01,7.994495E+01,2.388826E+01,6.594286E+01
07:57:00,8.011055E+03,7.958098E+02,5.577935E-01,7.028048E-02,0.000000E+00,0.000000E+00,0.000000E+00,0.000000E+00,0.000000E+00,0.000000E+00,0.000000E+00,0.000000E+00,2.110805E+01,7.994495E+01,2.388826E+01,6.590262E+01
07:58:00,8.011055E+03,7.993635E+02,5.577935E-01,7.059434E-02,0.000000E+00,0.000000E+00,0.000000E+00,0.000000E+00,0.000000E+00,0.000000E+00,0.000000E+00,0.000000E+00,2.110805E+01,7.994495E+01,2.388825E+01,6.586219E+01
07:59:00,8.011055E+03,8.029575E+02,5.577935E-01,7.091175E-02,0.000000E+00,0.000000E+00,0.000000E+00,0.000000E+00,0.000000E+00,0.000000E+00,0.000000E+00,0.000000E+00,2.110805E+01,7.994495E+01,2.388825E+01,6.582160E+01
08:00:00,8.011055E+03,8.065915E+02,5.577935E-01,7.123269E-02,0.000000E+00,0.000000E+00,0.000000E+00,0.000000E+00,0.000000E+00,0.000000E+00,0.000000E+00,0.000000E+00,2.110805E+01,7.994495E+01,2.388825E+01,6.578083E+01
08:01:00,8.011055E+03,8.102423E+02,5.577935E-01,7.155511E-02,0.000000E+00,0.000000E+00,0.000000E+00,0.000000E+00,0.000000E+00,0.000000E+00,0.000000E+00,0.000000E+00,2.110805E+01,7.994495E+01,2.388825E+01,6.573990E+01
08:02:00,8.011055E+03,8.139103E+02,5.577935E-01,7.187906E-02,0.000000E+00,0.000000E+00,0.000000E+00,0.000000E+00,0.000000E+00,0.000000E+00,0.000000E+00,0.000000E+00,2.110805E+01,7.994495E+01,2.388825E+01,6.569876E+01
08:03:00,8.011055E+03,8.175959E+02,5.577935E-01,7.220456E-02,0.000000E+00,0.000000E+00,0.000000E+00,0.000000E+00,0.000000E+00,0.000000E+00,0.000000E+00,0.000000E+00,2.110805E+01,7.994495E+01,2.388824E+01,6.565737E+01
08:04:00,8.011055E+03,8.212988E+02,5.577935E-01,7.253158E-02,0.000000E+00,0.000000E+00,0.000000E+00,0.000000E+00,0.000000E+00,0.000000E+00,0.000000E+00,0.000000E+00,2.110805E+01,7.994495E+01,2.388824E+01,6.561573E+01
08:05:00,8.011055E+03,8.250189E+02,5.577935E-01,7.286013E-02,0.000000E+00,0.000000E+00,0.000000E+00,0.000000E+00,0.000000E+00,0.000000E+00,0.000000E+00,0.000000E+00,2.110805E+01,7.994495E+01,2.388824E+01,6.557384E+01
08:06:00,8.011055E+03,8.287567E+02,5.577935E-01,7.319024E-02,0.000000E+00,0.000000E+00,0.000000E+00,0.000000E+00,0.000000E+00,0.000000E+00,0.000000E+00,0.000000E+00,2.110805E+01,7.994495E+01,2.388824E+01,6.553171E+01
08:07:00,8.011055E+03,8.325119E+02,5.577935E-01,7.352189E-02,0.000000E+00,0.000000E+00,0.000000E+00,0.000000E+00,0.000000E+00,0.000000E+00,0.000000E+00,0.000000E+00,2.110805E+01,7.994495E+01,2.388824E+01,6.548936E+01
08:08:00,8.011055E+03,8.362844E+02,5.577935E-01,7.385506E-02,0.000000E+00,0.000000E+00,0.000000E+00,0.000000E+00,0.000000E+00,0.000000E+00,0.000000E+00,0.000000E+00,2.110805E+01,7.994495E+01,2.388824E+01,6.544680E+01
08:09:00,8.011055E+03,8.400746E+02,5.577935E-01,7.418980E-02,0.000000E+00,0.000000E+00,0.000000E+00,0.000000E+00,0.000000E+00,0.000000E+00,0.000000E+00,0.000000E+00,2.110805E+01,7.994495E+01,2.388823E+01,6.540402E+01
08:10:00,8.011055E+03,8.438824E+02,5.577935E-01,7.452610E-02,0.000000E+00,0.000000E+00,0.000000E+00,0.000000E+00,0.000000E+00,0.000000E+00,0.000000E+00,0.000000E+00,2.110805E+01,7.994495E+01,2.388823E+01,6.536105E+01
08:11:00,8.011055E+03,8.477080E+02,5.577935E-01,7.486396E-02,0.000000E+00,0.000000E+00,0.000000E+00,0.000000E+00,0.000000E+00,0.000000E+00,0.000000E+00,0.000000E+00,2.110805E+01,7.994495E+01,2.388823E+01,6.531789E+01
08:12:00,8.011055E+03,8.515527E+02,5.577935E-01,7.520351E-02,0.000000E+00,0.000000E+00,0.000000E+00,0.000000E+00,0.000000E+00,0.000000E+00,0.000000E+00,0.000000E+00,2.110805E+01,7.994495E+01,2.388823E+01,6.527455E+01
08:13:00,8.011055E+03,8.554165E+02,5.577935E-01,7.554475E-02,0.000000E+00,0.000000E+00,0.000000E+00,0.000000E+00,0.000000E+00,0.000000E+00,0.000000E+00,0.000000E+00,2.110805E+01,7.994495E+01,2.388823E+01,6.523104E+01
08:14:00,8.011055E+03,8.592989E+02,5.577935E-01,7.588763E-02,0.000000E+00,0.000000E+00,0.000000E+00,0.000000E+00,0.000000E+00,0.000000E+00,0.000000E+00,0.000000E+00,2.110805E+01,7.994495E+01,2.388822E+01,6.518736E+01
08:15:00,8.011055E+03,8.632003E+02,5.577935E-01,7.623219E-02,0.000000E+00,0.000000E+00,0.000000E+00,0.000000E+00,0.000000E+00,0.000000E+00,0.000000E+00,0.000000E+00,2.110805E+01,7.994495E+01,2.388822E+01,6.514352E+01
08:16:00,8.011055E+03,8.671207E+02,5.577935E-01,7.657842E-02,0.000000E+00,0.000000E+00,0.000000E+00,0.000000E+00,0.000000E+00,0.000000E+00,0.000000E+00,0.000000E+00,2.110805E+01,7.994495E+01,2.388822E+01,6.509954E+01
08:17:00,8.011055E+03,8.710598E+02,5.577935E-01,7.692631E-02,0.000000E+00,0.000000E+00,0.000000E+00,0.000000E+00,0.000000E+00,0.000000E+00,0.000000E+00,0.000000E+00,2.110805E+01,7.994495E+01,2.388822E+01,6.505540E+01
08:18:00,8.011055E+03,8.750176E+02,5.577935E-01,7.727585E-02,0.000000E+00,0.000000E+00,0.000000E+00,0.000000E+00,0.000000E+00,0.000000E+00,0.000000E+00,0.000000E+00,2.110805E+01,7.994495E+01,2.388822E+01,6.501114E+01
08:19:00,8.011055E+03,8.789933E+02,5.577935E-01,7.762697E-02,0.000000E+00,0.000000E+00,0.000000E+00,0.000000E+00,0.000000E+00,0.000000E+00,0.000000E+00,0.000000E+00,2.110805E+01,7.994495E+01,2.388822E+01,6.496674E+01
08:20:00,8.011055E+03,8.829861E+02,5.577935E-01,7.797960E-02,0.000000E+00,0.000000E+00,0.000000E+00,0.000000E+00,0.000000E+00,0.000000E+00,0.000000E+00,0.000000E+00,2.110805E+01,7.994495E+01,2.388821E+01,6.492222E+01
08:21:00,8.011055E+03,8.869963E+02,5.577935E-01,7.833377E-02,0.000000E+00,0.000000E+00,0.000000E+00,0.000000E+00,0.000000E+00,0.000000E+00,0.000000E+00,0.000000E+00,2.110805E+01,7.994495E+01,2.388821E+01,6.487759E+01
08:22:00,8.011055E+03,8.910237E+02,5.577935E-01,7.868946E-02,0.000000E+00,0.000000E+00,0.000000E+00,0.000000E+00,0.000000E+00,0.000000E+00,0.000000E+00,0.000000E+00,2.110805E+01,7.994495E+01,2.388821E+01,6.483286E+01
08:23:00,8.011055E+03,8.950680E+02,5.577935E-01,7.904664E-02,0.000000E+00,0.000000E+00,0.000000E+00,0.000000E+00,0.000000E+00,0.000000E+00,0.000000E+00,0.000000E+00,2.110805E+01,7.994495E+01,2.388821E+01,6.478801E+01
08:24:00,8.011055E+03,8.991296E+02,5.577935E-01,7.940534E-02,0.000000E+00,0.000000E+00,0.000000E+00,0.000000E+00,0.000000E+00,0.000000E+00,0.000000E+00,0.000000E+00,2.110805E+01,7.994495E+01,2.388821E+01,6.474308E+01
08:25:00,8.011055E+03,9.032080E+02,5.577935E-01,7.976554E-02,0.000000E+00,0.000000E+00,0.000000E+00,0.000000E+00,0.000000E+00,0.000000E+00,0.000000E+00,0.000000E+00,2.110805E+01,7.994495E+01,2.388821E+01,6.469806E+01
08:26:00,8.011055E+03,9.073032E+02,5.577935E-01,8.012721E-02,0.000000E+00,0.000000E+00,0.000000E+00,0.000000E+00,0.000000E+00,0.000000E+00,0.000000E+00,0.000000E+00,2.110805E+01,7.994495E+01,2.388820E+01,6.465295E+01
08:27:00,8.011055E+03,9.114147E+02,5.577935E-01,8.049032E-02,0.000000E+00,0.000000E+00,0.000000E+00,0.000000E+00,0.000000E+00,0.000000E+00,0.000000E+00,0.000000E+00,2.110805E+01,7.994495E+01,2.388820E+01,6.460777E+01
08:28:00,8.011055E+03,9.155428E+02,5.577935E-01,8.085491E-02,0.000000E+00,0.000000E+00,0.000000E+00,0.000000E+00,0.000000E+00,0.000000E+00,0.000000E+00,0.000000E+00,2.110805E+01,7.994495E+01,2.388820E+01,6.456251E+01
08:29:00,8.011055E+03,9.196874E+02,5.577935E-01,8.122094E-02,0.000000E+00,0.000000E+00,0.000000E+00,0.000000E+00,0.000000E+00,0.000000E+00,0.000000E+00,0.000000E+00,2.110805E+01,7.994495E+01,2.388820E+01,6.451719E+01
08:30:00,8.011055E+03,9.238480E+02,5.577935E-01,8.158839E-02,0.000000E+00,0.000000E+00,0.000000E+00,0.000000E+00,0.000000E+00,0.000000E+00,0.000000E+00,0.000000E+00,2.110805E+01,7.994495E+01,2.388820E+01,6.447181E+01
08:31:00,8.011055E+03,9.280246E+02,5.577935E-01,8.195726E-02,0.000000E+00,0.000000E+00,0.000000E+00,0.000000E+00,0.000000E+00,0.000000E+00,0.000000E+00,0.000000E+00,2.110805E+01,7.994495E+01,2.388820E+01,6.442638E+01
08:32:00,8.011055E+03,9.322169E+02,5.577935E-01,8.232751E-02,0.000000E+00,0.000000E+00,0.000000E+00,0.000000E+00,0.000000E+00,0.000000E+00,0.000000E+00,0.000000E+00,2.110805E+01,7.994495E+01,2.388819E+01,6.438090E+01
08:33:00,8.011055E+03,9.364252E+02,5.577935E-01,8.269916E-02,0.000000E+00,0.000000E+00,0.000000E+00,0.000000E+00,0.000000E+00,0.000000E+00,0.000000E+00,0.000000E+00,2.110805E+01,7.994495E+01,2.388819E+01,6.433537E+01
08:34:00,8.011055E+03,9.406490E+02,5.577935E-01,8.307220E-02,0.000000E+00,0.000000E+00,0.000000E+00,0.000000E+00,0.000000E+00,0.000000E+00,0.000000E+00,0.000000E+00,2.110805E+01,7.994495E+01,2.388819E+01,6.428981E+01
08:35:00,8.011055E+03,9.448883E+02,5.577935E-01,8.344660E-02,0.000000E+00,0.000000E+00,0.000000E+00,0.000000E+00,0.000000E+00,0.000000E+00,0.000000E+00,0.000000E+00,2.110805E+01,7.994495E+01,2.388819E+01,6.424422E+01
08:36:00,8.011055E+03,9.491428E+02,5.577935E-01,8.382235E-02,0.000000E+00,0.000000E+00,0.000000E+00,0.000000E+00,0.000000E+00,0.000000E+00,0.000000E+00,0.000000E+00,2.110805E+01,7.994495E+01,2.388819E+01,6.419859E+01
08:37:00,8.011055E+03,9.534122E+02,5.577935E-01,8.419941E-02,0.000000E+00,0.000000E+00,0.000000E+00,0.000000E+00,0.000000E+00,0.000000E+00,0.000000E+00,0.000000E+00,2.110805E+01,7.994495E+01,2.388819E+01,6.415294E+01
08:38:00,8.011055E+03,9.576955E+02,5.577935E-01,8.457770E-02,0.000000E+00,0.000000E+00,0.000000E+00,0.000000E+00,0.000000E+00,0.000000E+00,0.000000E+00,0.000000E+00,2.110805E+01,7.994495E+01,2.388818E+01,6.410727E+01
08:39:00,8.011055E+03,9.619924E+02,5.577935E-01,8.495718E-02,0.000000E+00,0.000000E+00,0.000000E+00,0.000000E+00,0.000000E+00,0.000000E+00,0.000000E+00,0.000000E+00,2.110805E+01,7.994495E+01,2.388818E+01,6.406159E+01
08:40:00,8.011055E+03,9.663028E+02,5.577935E-01,8.533787E-02,0.000000E+00,0.000000E+00,0.000000E+00,0.000000E+00,0.000000E+00,0.000000E+00,0.000000E+00,0.000000E+00,2.110805E+01,7.994495E+01,2.388818E+01,6.401590E+01
08:41:00,8.011055E+03,9.706267E+02,5.577935E-01,8.571974E-02,0.000000E+00,0.000000E+00,0.000000E+00,0.000000E+00,0.000000E+00,0.000000E+00,0.000000E+00,0.000000E+00,2.110805E+01,7.994495E+01,2.388818E+01,6.397021E+01
08:42:00,8.011055E+03,9.749637E+02,5.577935E-01,8.610277E-02,0.000000E+00,0.000000E+00,0.000000E+00,0.000000E+00,0.000000E+00,0.000000E+00,0.000000E+00,0.000000E+00,2.110805E+01,7.994495E+01,2.388818E+01,6.392451E+01
08:43:00,8.011055E+03,9.793139E+02,5.577935E-01,8.648696E-02,0.000000E+00,0.000000E+00,0.000000E+00,0.000000E+00,0.000000E+00,0.000000E+00,0.000000E+00,0.000000E+00,2.110805E+01,7.994495E+01,2.388818E+01,6.387881E+01
08:44:00,8.011055E+03,9.836770E+02,5.577935E-01,8.687230E-02,0.000000E+00,0.000000E+00,0.000000E+00,0.000000E+00,0.000000E+00,0.000000E+00,0.000000E+00,0.000000E+00,2.110805E+01,7.994495E+01,2.388817E+01,6.383312E+01
08:45:00,8.011055E+03,9.880529E+02,5.577935E-01,8.725877E-02,0.000000E+00,0.000000E+00,0.000000E+00,0.000000E+00,0.000000E+00,0.000000E+00,0.000000E+00,0.000000E+00,2.110805E+01,7.994495E+01,2.388817E+01,6.378744E+01
08:46:00,8.011055E+03,9.924417E+02,5.577935E-01,8.764637E-02,0.000000E+00,0.000000E+00,0.000000E+00,0.000000E+00,0.000000E+00,0.000000E+00,0.000000E+00,0.000000E+00,2.110805E+01,7.994495E+01,2.388817E+01,6.374178E+01
08:47:00,8.011055E+03,9.968429E+02,5.577935E-01,8.803507E-02,0.000000E+00,0.000000E+00,0.000000E+00,0.000000E+00,0.000000E+00,0.000000E+00,0.000000E+00,0.000000E+00,2.110805E+01,7.994495E+01,2.388817E+01,6.369614E+01
08:48:00,8.011055E+03,1.001257E+03,5.577935E-01,8.842488E-02,0.000000E+00,0.000000E+00,0.000000E+00,0.000000E+00,0.000000E+00,0.000000E+00,0.000000E+00,0.000000E+00,2.110805E+01,7.994495E+01,2.388817E+01,6.365052E+01
08:49:00,8.011055E+03,1.005683E+03,5.577935E-01,8.881579E-02,0.000000E+00,0.000000E+00,0.000000E+00,0.000000E+00,0.000000E+00,0.000000E+00,0.000000E+00,0.000000E+00,2.110805E+01,7.994495E+01,2.388817E+01,6.360492E+01
08:50:00,8.011055E+03,1.010121E+03,5.577935E-01,8.920779E-02,0.000000E+00,0.000000E+00,0.000000E+00,0.000000E+00,0.000000E+00,0.000000E+00,0.000000E+00,0.000000E+00,2.110805E+01,7.994495E+01,2.388817E+01,6.355935E+01
08:51:00,8.011055E+03,1.014572E+03,5.577935E-01,8.960084E-02,0.000000E+00,0.000000E+00,0.000000E+00,0.000000E+00,0.000000E+00,0.000000E+00,0.000000E+00,0.000000E+00,2.110805E+01,7.994495E+01,2.388816E+01,6.351382E+01
08:52:00,8.011055E+03,1.019035E+03,5.577935E-01,8.999497E-02,0.000000E+00,0.000000E+00,0.000000E+00,0.000000E+00,0.000000E+00,0.000000E+00,0.000000E+00,0.000000E+00,2.110805E+01,7.994495E+01,2.388816E+01,6.346832E+01
08:53:00,8.011055E+03,1.023509E+03,5.577935E-01,9.039016E-02,0.000000E+00,0.000000E+00,0.000000E+00,0.000000E+00,0.000000E+00,0.000000E+00,0.000000E+00,0.000000E+00,2.110805E+01,7.994495E+01,2.388816E+01,6.342286E+01
08:54:00,8.011055E+03,1.028036E+03,5.577935E-01,9.078994E-02,0.000000E+00,0.000000E+00,0.000000E+00,0.000000E+00,0.000000E+00,0.000000E+00,0.000000E+00,0.000000E+00,2.110805E+01,7.994495E+01,2.388816E+01,6.337744E+01
08:55:00,8.011055E+03,1.032575E+03,5.577935E-01,9.119084E-02,0.000000E+00,0.000000E+00,0.000000E+00,0.000000E+00,0.000000E+00,0.000000E+00,0.000000E+00,0.000000E+00,2.110805E+01,7.994495E+01,2.388816E+01,6.333168E+01
08:56:00,8.011055E+03,1.037128E+03,5.577935E-01,9.159292E-02,0.000000E+00,0.000000E+00,0.000000E+00,0.000000E+00,0.000000E+00,0.000000E+00,0.000000E+00,0.000000E+00,2.110805E+01,7.994495E+01,2.388816E+01,6.328572E+01
08:57:00,8.011055E+03,1.041693E+03,5.577935E-01,9.199609E-02,0.000000E+00,0.000000E+00,0.000000E+00,0.000000E+00,0.000000E+00,0.000000E+00,0.000000E+00,0.000000E+00,2.110805E+01,7.994495E+01,2.388815E+01,6.323971E+01
08:58:00,8.011055E+03,1.046270E+03,5.577935E-01,9.240035E-02,0.000000E+00,0.000000E+00,0.000000E+00,0.000000E+00,0.000000E+00,0.000000E+00,0.000000E+00,0.000000E+00,2.110805E+01,7.994495E+01,2.388815E+01,6.319376E+01
08:59:00,8.011055E+03,1.050860E+03,5.577935E-01,9.280567E-02,0.000000E+00,0.000000E+00,0.000000E+00,0.000000E+00,0.000000E+00,0.000000E+00,0.000000E+00,0.000000E+00,2.110805E+01,7.994495E+01,2.388815E+01,6.314788E+01
09:00:00,8.011055E+03,1.055461E+03,5.577935E-01,9.321205E-02,0.000000E+00,0.000000E+00,0.000000E+00,0.000000E+00,0.000000E+00,0.000000E+00,0.000000E+00,0.000000E+00,2.110805E+01,7.994495E+01,2.388815E+01,6.310208E+01
09:01:00,8.011055E+03,1.060063E+03,5.577935E-01,9.361847E-02,0.000000E+00,0.000000E+00,0.000000E+00,0.000000E+00,0.000000E+00,0.000000E+00,0.000000E+00,0.000000E+00,2.110805E+01,7.994495E+01,2.388815E+01,6.305635E+01
09:02:00,8.011055E+03,1.064665E+03,5.577935E-01,9.402492E-02,0.000000E+00,0.000000E+00,0.000000E+00,0.000000E+00,0.000000E+00,0.000000E+00,0.000000E+00,0.000000E+00,2.110805E+01,7.994495E+01,2.388815E+01,6.301076E+01
09:03:00,8.011055E+03,1.069267E+03,5.577935E-01,9.443137E-02,0.000000E+00,0.000000E+00,0.000000E+00,0.000000E+00,0.000000E+00,0.000000E+00,0.000000E+00,0.000000E+00,2.110805E+01,7.994495E+01,2.388815E+01,6.296535E+01
09:04:00,8.011055E+03,1.073870E+03,5.577935E-01,9.483784E-02,0.000000E+00,0.000000E+00,0.000000E+00,0.000000E+00,0.000000E+00,0.000000E+00,0.000000E+00,0.000000E+00,2.110805E+01,7.994495E+01,2.388815E+01,6.292011E+01
09:05:00,8.011055E+03,1.078472E+03,5.577935E-01,9.524433E-02,0.000000E+00,0.000000E+00,0.000000E+00,0.000000E+00,0.000000E+00,0.000000E+00,0.000000E+00,0.000000E+00,2.110805E+01,7.994495E+01,2.388814E+01,6.287506E+01
09:06:00,8.011055E+03,1.083074E+03,5.577935E-01,9.565077E-02,0.000000E+00,0.000000E+00,0.000000E+00,0.000000E+00,0.000000E+00,0.000000E+00,0.000000E+00,0.000000E+00,2.110805E+01,7.994495E+01,2.388814E+01,6.283018E+01
09:07:00,8.011055E+03,1.087676E+03,5.577935E-01,9.605720E-02,0.000000E+00,0.000000E+00,0.000000E+00,0.000000E+00,0.000000E+00,0.000000E+00,0.000000E+00,0.000000E+00,2.110805E+01,7.994495E+01,2.388814E+01,6.278549E+01
09:08:00,8.011055E+03,1.092278E+03,5.577935E-01,9.646361E-02,0.000000E+00,0.000000E+00,0.000000E+00,0.000000E+00,0.000000E+00,0.000000E+00,0.000000E+00,0.000000E+00,2.110805E+01,7.994495E+01,2.388814E+01,6.274097E+01
09:09:00,8.011055E+03,1.096879E+03,5.577935E-01,9.686996E-02,0.000000E+00,0.000000E+00,0.000000E+00,0.000000E+00,0.000000E+00,0.000000E+00,0.000000E+00,0.000000E+00,2.110805E+01,7.994495E+01,2.388814E+01,6.269663E+01
09:10:00,8.011055E+03,1.101479E+03,5.577935E-01,9.727625E-02,0.000000E+00,0.000000E+00,0.000000E+00,0.000000E+00,0.000000E+00,0.000000E+00,0.000000E+00,0.000000E+00,2.110805E+01,7.994495E+01,2.388814E+01,6.265245E+01
09:11:00,8.011055E+03,1.106079E+03,5.577935E-01,9.768251E-02,0.000000E+00,0.000000E+00,0.000000E+00,0.000000E+00,0.000000E+00,0.000000E+00,0.000000E+00,0.000000E+00,2.110805E+01,7.994495E+01,2.388814E+01,6.260846E+01
09:12:00,8.011055E+03,1.110678E+03,5.577935E-01,9.808867E-02,0.000000E+00,0.000000E+00,0.000000E+00,0.000000E+00,0.000000E+00,0.000000E+00,0.000000E+00,0.000000E+00,2.110805E+01,7.994495E+01,2.388814E+01,6.256463E+01
09:13:00,8.011055E+03,1.115276E+03,5.577935E-01,9.849474E-02,0.000000E+00,0.000000E+00,0.000000E+00,0.000000E+00,0.000000E+00,0.000000E+00,0.000000E+00,0.000000E+00,2.110805E+01,7.994495E+01,2.388814E+01,6.252097E+01
09:14:00,8.011055E+03,1.119873E+03,5.577935E-01,9.890075E-02,0.000000E+00,0.000000E+00,0.000000E+00,0.000000E+00,0.000000E+00,0.000000E+00,0.000000E+00,0.000000E+00,2.110805E+01,7.994495E+01,2.388813E+01,6.247749E+01
09:15:00,8.011055E+03,1.124469E+03,5.577935E-01,9.930663E-02,0.000000E+00,0.000000E+00,0.000000E+00,0.000000E+00,0.000000E+00,0.000000E+00,0.000000E+00,0.000000E+00,2.110805E+01,7.994495E+01,2.388813E+01,6.243418E+01
09:16:00,8.011055E+03,1.129063E+03,5.577935E-01,9.971240E-02,0.000000E+00,0.000000E+00,0.000000E+00,0.000000E+00,0.000000E+00,0.000000E+00,0.000000E+00,0.000000E+00,2.110805E+01,7.994495E+01,2.388813E+01,6.239103E+01
09:17:00,8.011055E+03,1.133657E+03,5.577935E-01,1.001181E-01,0.000000E+00,0.000000E+00,0.000000E+00,0.000000E+00,0.000000E+00,0.000000E+00,0.000000E+00,0.000000E+00,2.110805E+01,7.994495E+01,2.388813E+01,6.234806E+01
09:18:00,8.011055E+03,1.138248E+03,5.577935E-01,1.005236E-01,0.000000E+00,0.000000E+00,0.000000E+00,0.000000E+00,0.000000E+00,0.000000E+00,0.000000E+00,0.000000E+00,2.110805E+01,7.994495E+01,2.388813E+01,6.230525E+01
09:19:00,8.011055E+03,1.142838E+03,5.577935E-01,1.009289E-01,0.000000E+00,0.000000E+00,0.000000E+00,0.000000E+00,0.000000E+00,0.000000E+00,0.000000E+00,0.000000E+00,2.110805E+01,7.994495E+01,2.388813E+01,6.226260E+01
09:20:00,8.011055E+03,1.147427E+03,5.577935E-01,1.013342E-01,0.000000E+00,0.000000E+00,0.000000E+00,0.000000E+00,0.000000E+00,0.000000E+00,0.000000E+00,0.000000E+00,2.110805E+01,7.994495E+01,2.388813E+01,6.222013E+01
09:21:00,8.011055E+03,1.152013E+03,5.577935E-01,1.017393E-01,0.000000E+00,0.000000E+00,0.000000E+00,0.000000E+00,0.000000E+00,0.000000E+00,0.000000E+00,0.000000E+00,2.110805E+01,7.994495E+01,2.388813E+01,6.217782E+01
09:22:00,8.011055E+03,1.156598E+03,5.577935E-01,1.021442E-01,0.000000E+00,0.000000E+00,0.000000E+00,0.000000E+00,0.000000E+00,0.000000E+00,0.000000E+00,0.000000E+00,2.110805E+01,7.994495E+01,2.388813E+01,6.213567E+01
09:23:00,8.011055E+03,1.161182E+03,5.577935E-01,1.025490E-01,0.000000E+00,0.000000E+00,0.000000E+00,0.000000E+00,0.000000E+00,0.000000E+00,0.000000E+00,0.000000E+00,2.110805E+01,7.994495E+01,2.388812E+01,6.209368E+01
09:24:00,8.011055E+03,1.165764E+03,5.577935E-01,1.029537E-01,0.000000E+00,0.000000E+00,0.000000E+00,0.000000E+00,0.000000E+00,0.000000E+00,0.000000E+00,0.000000E+00,2.110805E+01,7.994495E+01,2.388812E+01,6.205184E+01
09:25:00,8.011055E+03,1.170344E+03,5.577935E-01,1.033582E-01,0.000000E+00,0.000000E+00,0.000000E+00,0.000000E+00,0.000000E+00,0.000000E+00,0.000000E+00,0.000000E+00,2.110805E+01,7.994495E+01,2.388812E+01,6.201017E+01
09:26:00,8.011055E+03,1.174923E+03,5.577935E-01,1.037626E-01,0.000000E+00,0.000000E+00,0.000000E+00,0.000000E+00,0.000000E+00,0.000000E+00,0.000000E+00,0.000000E+00,2.110805E+01,7.994495E+01,2.388812E+01,6.196864E+01
09:27:00,8.011055E+03,1.179500E+03,5.577935E-01,1.041668E-01,0.000000E+00,0.000000E+00,0.000000E+00,0.000000E+00,0.000000E+00,0.000000E+00,0.000000E+00,0.000000E+00,2.110805E+01,7.994495E+01,2.388812E+01,6.192726E+01
09:28:00,8.011055E+03,1.184074E+03,5.577935E-01,1.045708E-01,0.000000E+00,0.000000E+00,0.000000E+00,0.000000E+00,0.000000E+00,0.000000E+00,0.000000E+00,0.000000E+00,2.110805E+01,7.994495E+01,2.388812E+01,6.188604E+01
09:29:00,8.011055E+03,1.188647E+03,5.577935E-01,1.049747E-01,0.000000E+00,0.000000E+00,0.000000E+00,0.000000E+00,0.000000E+00,0.000000E+00,0.000000E+00,0.000000E+00,2.110805E+01,7.994495E+01,2.388812E+01,6.184497E+01
09:30:00,8.011055E+03,1.193218E+03,5.577935E-01,1.053784E-01,0.000000E+00,0.000000E+00,0.000000E+00,0.000000E+00,0.000000E+00,0.000000E+00,0.000000E+00,0.000000E+00,2.110805E+01,7.994495E+01,2.388812E+01,6.180404E+01
09:31:00,8.011055E+03,1.197788E+03,5.577935E-01,1.057819E-01,0.000000E+00,0.000000E+00,0.000000E+00,0.000000E+00,0.000000E+00,0.000000E+00,0.000000E+00,0.000000E+00,2.110805E+01,7.994495E+01,2.388812E+01,6.176327E+01
09:32:00,8.011055E+03,1.202355E+03,5.577935E-01,1.061853E-01,0.000000E+00,0.000000E+00,0.000000E+00,0.000000E+00,0.000000E+00,0.000000E+00,0.000000E+00,0.000000E+00,2.110805E+01,7.994495E+01,2.388811E+01,6.172264E+01
09:33:00,8.011055E+03,1.206920E+03,5.577935E-01,1.065885E-01,0.000000E+00,0.000000E+00,0.000000E+00,0.000000E+00,0.000000E+00,0.000000E+00,0.000000E+00,0.000000E+00,2.110805E+01,7.994495E+01,2.388811E+01,6.168216E+01
09:34:00,8.011055E+03,1.211483E+03,5.577935E-01,1.069915E-01,0.000000E+00,0.000000E+00,0.000000E+00,0.000000E+00,0.000000E+00,0.000000E+00,0.000000E+00,0.000000E+00,2.110805E+01,7.994495E+01,2.388811E+01,6.164181E+01
09:35:00,8.011055E+03,1.216044E+03,5.577935E-01,1.073942E-01,0.000000E+00,0.000000E+00,0.000000E+00,0.000000E+00,0.000000E+00,0.000000E+00,0.000000E+00,0.000000E+00,2.110805E+01,7.994495E+01,2.388811E+01,6.160162E+01
09:36:00,8.011055E+03,1.220602E+03,5.577935E-01,1.077968E-01,0.000000E+00,0.000000E+00,0.000000E+00,0.000000E+00,0.000000E+00,0.000000E+00,0.000000E+00,0.000000E+00,2.110805E+01,7.994495E+01,2.388811E+01,6.156156E+01
09:37:00,8.011055E+03,1.225158E+03,5.577935E-01,1.081992E-01,0.000000E+00,0.000000E+00,0.000000E+00,0.000000E+00,0.000000E+00,0.000000E+00,0.000000E+00,0.000000E+00,2.110805E+01,7.994495E+01,2.388811E+01,6.152165E+01
09:38:00,8.011055E+03,1.229712E+03,5.577935E-01,1.086014E-01,0.000000E+00,0.000000E+00,0.000000E+00,0.000000E+00,0.000000E+00,0.000000E+00,0.000000E+00,0.000000E+00,2.110805E+01,7.994495E+01,2.388811E+01,6.148188E+01
09:39:00,8.011055E+03,1.234264E+03,5.577935E-01,1.090034E-01,0.000000E+00,0.000000E+00,0.000000E+00,0.000000E+00,0.000000E+00,0.000000E+00,0.000000E+00,0.000000E+00,2.110805E+01,7.994495E+01,2.388811E+01,6.144225E+01
09:40:00,8.011055E+03,1.238813E+03,5.577935E-01,1.094052E-01,0.000000E+00,0.000000E+00,0.000000E+00,0.000000E+00,0.000000E+00,0.000000E+00,0.000000E+00,0.000000E+00,2.110805E+01,7.994495E+01,2.388811E+01,6.140275E+01
09:41:00,8.011055E+03,1.243360E+03,5.577935E-01,1.098067E-01,0.000000E+00,0.000000E+00,0.000000E+00,0.000000E+00,0.000000E+00,0.000000E+00,0.000000E+00,0.000000E+00,2.110805E+01,7.994495E+01,2.388811E+01,6.136340E+01
09:42:00,8.011055E+03,1.247904E+03,5.577935E-01,1.102081E-01,0.000000E+00,0.000000E+00,0.000000E+00,0.000000E+00,0.000000E+00,0.000000E+00,0.000000E+00,0.000000E+00,2.110805E+01,7.994495E+01,2.388810E+01,6.132418E+01
09:43:00,8.011055E+03,1.252446E+03,5.577935E-01,1.106092E-01,0.000000E+00,0.000000E+00,0.000000E+00,0.000000E+00,0.000000E+00,0.000000E+00,0.000000E+00,0.000000E+00,2.110805E+01,7.994495E+01,2.388810E+01,6.128510E+01
09:44:00,8.011055E+03,1.256986E+03,5.577935E-01,1.110101E-01,0.000000E+00,0.000000E+00,0.000000E+00,0.000000E+00,0.000000E+00,0.000000E+00,0.000000E+00,0.000000E+00,2.110805E+01,7.994495E+01,2.388810E+01,6.124615E+01
09:45:00,8.011055E+03,1.261522E+03,5.577935E-01,1.114108E-01,0.000000E+00,0.000000E+00,0.000000E+00,0.000000E+00,0.000000E+00,0.000000E+00,0.000000E+00,0.000000E+00,2.110805E+01,7.994495E+01,2.388810E+01,6.120735E+01
09:46:00,8.011055E+03,1.266056E+03,5.577935E-01,1.118112E-01,0.000000E+00,0.000000E+00,0.000000E+00,0.000000E+00,0.000000E+00,0.000000E+00,0.000000E+00,0.000000E+00,2.110805E+01,7.994495E+01,2.388810E+01,6.116867E+01
09:47:00,8.011055E+03,1.270588E+03,5.577935E-01,1.122114E-01,0.000000E+00,0.000000E+00,0.000000E+00,0.000000E+00,0.000000E+00,0.000000E+00,0.000000E+00,0.000000E+00,2.110805E+01,7.994495E+01,2.388810E+01,6.113013E+01
09:48:00,8.011055E+03,1.275116E+03,5.577935E-01,1.126114E-01,0.000000E+00,0.000000E+00,0.000000E+00,0.000000E+00,0.000000E+00,0.000000E+00,0.000000E+00,0.000000E+00,2.110805E+01,7.994495E+01,2.388810E+01,6.109172E+01
09:49:00,8.011055E+03,1.279642E+03,5.577935E-01,1.130111E-01,0.000000E+00,0.000000E+00,0.000000E+00,0.000000E+00,0.000000E+00,0.000000E+00,0.000000E+00,0.000000E+00,2.110805E+01,7.994495E+01,2.388810E+01,6.105344E+01
09:50:00,8.011055E+03,1.284166E+03,5.577935E-01,1.134106E-01,0.000000E+00,0.000000E+00,0.000000E+00,0.000000E+00,0.000000E+00,0.000000E+00,0.000000E+00,0.000000E+00,2.110805E+01,7.994495E+01,2.388810E+01,6.101529E+01
09:51:00,8.011055E+03,1.288686E+03,5.577935E-01,1.138098E-01,0.000000E+00,0.000000E+00,0.000000E+00,0.000000E+00,0.000000E+00,0.000000E+00,0.000000E+00,0.000000E+00,2.110805E+01,7.994495E+01,2.388810E+01,6.097728E+01
09:52:00,8.011055E+03,1.293203E+03,5.577935E-01,1.142088E-01,0.000000E+00,0.000000E+00,0.000000E+00,0.000000E+00,0.000000E+00,0.000000E+00,0.000000E+00,0.000000E+00,2.110805E+01,7.994495E+01,2.388809E+01,6.093939E+01
09:53:00,8.011055E+03,1.297718E+03,5.577935E-01,1.146075E-01,0.000000E+00,0.000000E+00,0.000000E+00,0.000000E+00,0.000000E+00,0.000000E+00,0.000000E+00,0.000000E+00,2.110805E+01,7.994495E+01,2.388809E+01,6.090164E+01
09:54:00,8.011055E+03,1.302193E+03,5.577935E-01,1.150027E-01,0.000000E+00,0.000000E+00,0.000000E+00,0.000000E+00,0.000000E+00,0.000000E+00,0.000000E+00,0.000000E+00,2.110805E+01,7.994495E+01,2.388809E+01,6.086401E+01
09:55:00,8.011055E+03,1.306671E+03,5.577935E-01,1.153982E-01,0.000000E+00,0.000000E+00,0.000000E+00,0.000000E+00,0.000000E+00,0.000000E+00,0.000000E+00,0.000000E+00,2.110805E+01,7.994495E+01,2.388809E+01,6.082648E+01
09:56:00,8.011055E+03,1.311151E+03,5.577935E-01,1.157938E-01,0.000000E+00,0.000000E+00,0.000000E+00,0.000000E+00,0.000000E+00,0.000000E+00,0.000000E+00,0.000000E+00,2.110805E+01,7.994495E+01,2.388809E+01,6.078900E+01
09:57:00,8.011055E+03,1.315633E+03,5.577935E-01,1.161897E-01,0.000000E+00,0.000000E+00,0.000000E+00,0.000000E+00,0.000000E+00,0.000000E+00,0.000000E+00,0.000000E+00,2.110805E+01,7.994495E+01,2.388809E+01,6.075155E+01
09:58:00,8.011055E+03,1.320119E+03,5.577935E-01,1.165859E-01,0.000000E+00,0.000000E+00,0.000000E+00,0.000000E+00,0.000000E+00,0.000000E+00,0.000000E+00,0.000000E+00,2.110805E+01,7.994495E+01,2.388809E+01,6.071413E+01
09:59:00,8.011055E+03,1.324607E+03,5.577935E-01,1.169823E-01,0.000000E+00,0.000000E+00,0.000000E+00,0.000000E+00,0.000000E+00,0.000000E+00,0.000000E+00,0.000000E+00,2.110805E+01,7.994495E+01,2.388809E+01,6.067673E+01
10:00:00,8.011055E+03,1.329099E+03,5.577935E-01,1.173790E-01,0.000000E+00,0.000000E+00,0.000000E+00,0.000000E+00,0.000000E+00,0.000000E+00,0.000000E+00,0.000000E+00,2.110805E+01,7.994495E+01,2.388809E+01,6.063937E+01
10:01:00,8.011055E+03,1.333594E+03,5.577935E-01,1.177759E-01,0.000000E+00,0.000000E+00,0.000000E+00,0.000000E+00,0.000000E+00,0.000000E+00,0.000000E+00,0.000000E+00,2.110805E+01,7.994495E+01,2.388808E+01,6.060204E+01
10:02:00,8.011055E+03,1.338092E+03,5.577935E-01,1.181732E-01,0.000000E+00,0.000000E+00,0.000000E+00,0.000000E+00,0.000000E+00,0.000000E+00,0.000000E+00,0.000000E+00,2.110805E+01,7.994495E+01,2.388808E+01,6.056480E+01
10:03:00,8.011055E+03,1.342594E+03,5.577935E-01,1.185708E-01,0.000000E+00,0.000000E+00,0.000000E+00,0.000000E+00,0.000000E+00,0.000000E+00,0.000000E+00,0.000000E+00,2.110805E+01,7.994495E+01,2.388808E+01,6.052769E+01
10:04:00,8.011055E+03,1.347099E+03,5.577935E-01,1.189687E-01,0.000000E+00,0.000000E+00,0.000000E+00,0.000000E+00,0.000000E+00,0.000000E+00,0.000000E+00,0.000000E+00,2.110805E+01,7.994495E+01,2.388808E+01,6.049069E+01
10:05:00,8.011055E+03,1.351608E+03,5.577935E-01,1.193669E-01,0.000000E+00,0.000000E+00,0.000000E+00,0.000000E+00,0.000000E+00,0.000000E+00,0.000000E+00,0.000000E+00,2.110805E+01,7.994495E+01,2.388808E+01,6.045383E+01
10:06:00,8.011055E+03,1.356121E+03,5.577935E-01,1.197654E-01,0.000000E+00,0.000000E+00,0.000000E+00,0.000000E+00,0.000000E+00,0.000000E+00,0.000000E+00,0.000000E+00,2.110805E+01,7.994495E+01,2.388808E+01,6.041708E+01
10:07:00,8.011055E+03,1.360637E+03,5.577935E-01,1.201643E-01,0.000000E+00,0.000000E+00,0.000000E+00,0.000000E+00,0.000000E+00,0.000000E+00,0.000000E+00,0.000000E+00,2.110805E+01,7.994495E+01,2.388808E+01,6.038046E+01
10:08:00,8.011055E+03,1.365157E+03,5.577935E-01,1.205635E-01,0.000000E+00,0.000000E+00,0.000000E+00,0.000000E+00,0.000000E+00,0.000000E+00,0.000000E+00,0.000000E+00,2.110805E+01,7.994495E+01,2.388808E+01,6.034396E+01
10:09:00,8.011055E+03,1.369681E+03,5.577935E-01,1.209630E-01,0.000000E+00,0.000000E+00,0.000000E+00,0.000000E+00,0.000000E+00,0.000000E+00,0.000000E+00,0.000000E+00,2.110805E+01,7.994495E+01,2.388808E+01,6.030758E+01
10:10:00,8.011055E+03,1.374208E+03,5.577935E-01,1.213629E-01,0.000000E+00,0.000000E+00,0.000000E+00,0.000000E+00,0.000000E+00,0.000000E+00,0.000000E+00,0.000000E+00,2.110805E+01,7.994495E+01,2.388808E+01,6.027132E+01
10:11:00,8.011055E+03,1.378740E+03,5.577935E-01,1.217631E-01,0.000000E+00,0.000000E+00,0.000000E+00,0.000000E+00,0.000000E+00,0.000000E+00,0.000000E+00,0.000000E+00,2.110805E+01,7.994495E+01,2.388808E+01,6.023518E+01
10:12:00,8.011055E+03,1.383275E+03,5.577935E-01,1.221637E-01,0.000000E+00,0.000000E+00,0.000000E+00,0.000000E+00,0.000000E+00,0.000000E+00,0.000000E+00,0.000000E+00,2.110805E+01,7.994495E+01,2.388807E+01,6.019916E+01
10:13:00,8.011055E+03,1.387815E+03,5.577935E-01,1.225646E-01,0.000000E+00,0.000000E+00,0.000000E+00,0.000000E+00,0.000000E+00,0.000000E+00,0.000000E+00,0.000000E+00,2.110805E+01,7.994495E+01,2.388807E+01,6.016325E+01
10:14:00,8.011055E+03,1.392358E+03,5.577935E-01,1.229658E-01,0.000000E+00,0.000000E+00,0.000000E+00,0.000000E+00,0.000000E+00,0.000000E+00,0.000000E+00,0.000000E+00,2.110805E+01,7.994495E+01,2.388807E+01,6.012746E+01
10:15:00,8.011055E+03,1.396906E+03,5.577935E-01,1.233675E-01,0.000000E+00,0.000000E+00,0.000000E+00,0.000000E+00,0.000000E+00,0.000000E+00,0.000000E+00,0.000000E+00,2.110805E+01,7.994495E+01,2.388807E+01,6.009178E+01
10:16:00,8.011055E+03,1.401457E+03,5.577935E-01,1.237694E-01,0.000000E+00,0.000000E+00,0.000000E+00,0.000000E+00,0.000000E+00,0.000000E+00,0.000000E+00,0.000000E+00,2.110805E+01,7.994495E+01,2.388807E+01,6.005622E+01
10:17:00,8.011055E+03,1.406013E+03,5.577935E-01,1.241718E-01,0.000000E+00,0.000000E+00,0.000000E+00,0.000000E+00,0.000000E+00,0.000000E+00,0.000000E+00,0.000000E+00,2.110805E+01,7.994495E+01,2.388807E+01,6.002077E+01
10:18:00,8.011055E+03,1.410572E+03,5.577935E-01,1.245745E-01,0.000000E+00,0.000000E+00,0.000000E+00,0.000000E+00,0.000000E+00,0.000000E+00,0.000000E+00,0.000000E+00,2.110805E+01,7.994495E+01,2.388807E+01,5.998543E+01
10:19:00,8.011055E+03,1.415136E+03,5.577935E-01,1.249776E-01,0.000000E+00,0.000000E+00,0.000000E+00,0.000000E+00,0.000000E+00,0.000000E+00,0.000000E+00,0.000000E+00,2.110805E+01,7.994495E+01,2.388807E+01,5.995021E+01
10:20:00,8.011055E+03,1.419705E+03,5.577935E-01,1.253810E-01,0.000000E+00,0.000000E+00,0.000000E+00,0.000000E+00,0.000000E+00,0.000000E+00,0.000000E+00,0.000000E+00,2.110805E+01,7.994495E+01,2.388807E+01,5.991510E+01
10:21:00,8.011055E+03,1.424277E+03,5.577935E-01,1.257848E-01,0.000000E+00,0.000000E+00,0.000000E+00,0.000000E+00,0.000000E+00,0.000000E+00,0.000000E+00,0.000000E+00,2.110805E+01,7.994495E+01,2.388807E+01,5.988010E+01
10:22:00,8.011055E+03,1.428852E+03,5.577935E-01,1.261889E-01,0.000000E+00,0.000000E+00,0.000000E+00,0.000000E+00,0.000000E+00,0.000000E+00,0.000000E+00,0.000000E+00,2.110805E+01,7.994495E+01,2.388806E+01,5.984522E+01
10:23:00,8.011055E+03,1.433432E+03,5.577935E-01,1.265934E-01,0.000000E+00,0.000000E+00,0.000000E+00,0.000000E+00,0.000000E+00,0.000000E+00,0.000000E+00,0.000000E+00,2.110805E+01,7.994495E+01,2.388806E+01,5.981044E+01
10:24:00,8.011055E+03,1.438015E+03,5.577935E-01,1.269982E-01,0.000000E+00,0.000000E+00,0.000000E+00,0.000000E+00,0.000000E+00,0.000000E+00,0.000000E+00,0.000000E+00,2.110805E+01,7.994495E+01,2.388806E+01,5.977579E+01
10:25:00,8.011055E+03,1.442603E+03,5.577935E-01,1.274033E-01,0.000000E+00,0.000000E+00,0.000000E+00,0.000000E+00,0.000000E+00,0.000000E+00,0.000000E+00,0.000000E+00,2.110805E+01,7.994495E+01,2.388806E+01,5.974124E+01
10:26:00,8.011055E+03,1.447193E+03,5.577935E-01,1.278087E-01,0.000000E+00,0.000000E+00,0.000000E+00,0.000000E+00,0.000000E+00,0.000000E+00,0.000000E+00,0.000000E+00,2.110805E+01,7.994495E+01,2.388806E+01,5.970680E+01
10:27:00,8.011055E+03,1.451788E+03,5.577935E-01,1.282145E-01,0.000000E+00,0.000000E+00,0.000000E+00,0.000000E+00,0.000000E+00,0.000000E+00,0.000000E+00,0.000000E+00,2.110805E+01,7.994495E+01,2.388806E+01,5.967247E+01
10:28:00,8.011055E+03,1.456387E+03,5.577935E-01,1.286207E-01,0.000000E+00,0.000000E+00,0.000000E+00,0.000000E+00,0.000000E+00,0.000000E+00,0.000000E+00,0.000000E+00,2.110805E+01,7.994495E+01,2.388806E+01,5.963825E+01
10:29:00,8.011055E+03,1.460988E+03,5.577935E-01,1.290271E-01,0.000000E+00,0.000000E+00,0.000000E+00,0.000000E+00,0.000000E+00,0.000000E+00,0.000000E+00,0.000000E+00,2.110805E+01,7.994495E+01,2.388806E+01,5.960414E+01
10:30:00,8.011055E+03,1.465594E+03,5.577935E-01,1.294338E-01,0.000000E+00,0.000000E+00,0.000000E+00,0.000000E+00,0.000000E+00,0.000000E+00,0.000000E+00,0.000000E+00,2.110805E+01,7.994495E+01,2.388806E+01,5.957014E+01
10:31:00,8.011055E+03,1.470203E+03,5.577935E-01,1.298409E-01,0.000000E+00,0.000000E+00,0.000000E+00,0.000000E+00,0.000000E+00,0.000000E+00,0.000000E+00,0.000000E+00,2.110805E+01,7.994495E+01,2.388806E+01,5.953625E+01
10:32:00,8.011055E+03,1.474815E+03,5.577935E-01,1.302482E-01,0.000000E+00,0.000000E+00,0.000000E+00,0.000000E+00,0.000000E+00,0.000000E+00,0.000000E+00,0.000000E+00,2.110805E+01,7.994495E+01,2.388806E+01,5.950248E+01
10:33:00,8.011055E+03,1.479431E+03,5.577935E-01,1.306559E-01,0.000000E+00,0.000000E+00,0.000000E+00,0.000000E+00,0.000000E+00,0.000000E+00,0.000000E+00,0.000000E+00,2.110805E+01,7.994495E+01,2.388806E+01,5.946881E+01
10:34:00,8.011055E+03,1.484050E+03,5.577935E-01,1.310638E-01,0.000000E+00,0.000000E+00,0.000000E+00,0.000000E+00,0.000000E+00,0.000000E+00,0.000000E+00,0.000000E+00,2.110805E+01,7.994495E+01,2.388805E+01,5.943525E+01
10:35:00,8.011055E+03,1.488673E+03,5.577935E-01,1.314721E-01,0.000000E+00,0.000000E+00,0.000000E+00,0.000000E+00,0.000000E+00,0.000000E+00,0.000000E+00,0.000000E+00,2.110805E+01,7.994495E+01,2.388805E+01,5.940181E+01
10:36:00,8.011055E+03,1.493299E+03,5.577935E-01,1.318806E-01,0.000000E+00,0.000000E+00,0.000000E+00,0.000000E+00,0.000000E+00,0.000000E+00,0.000000E+00,0.000000E+00,2.110805E+01,7.994495E+01,2.388805E+01,5.936847E+01
10:37:00,8.011055E+03,1.497928E+03,5.577935E-01,1.322895E-01,0.000000E+00,0.000000E+00,0.000000E+00,0.000000E+00,0.000000E+00,0.000000E+00,0.000000E+00,0.000000E+00,2.110805E+01,7.994495E+01,2.388805E+01,5.933524E+01
10:38:00,8.011055E+03,1.502560E+03,5.577935E-01,1.326986E-01,0.000000E+00,0.000000E+00,0.000000E+00,0.000000E+00,0.000000E+00,0.000000E+00,0.000000E+00,0.000000E+00,2.110805E+01,7.994495E+01,2.388805E+01,5.930212E+01
10:39:00,8.011055E+03,1.507196E+03,5.577935E-01,1.331080E-01,0.000000E+00,0.000000E+00,0.000000E+00,0.000000E+00,0.000000E+00,0.000000E+00,0.000000E+00,0.000000E+00,2.110805E+01,7.994495E+01,2.388805E+01,5.926911E+01
10:40:00,8.011055E+03,1.511834E+03,5.577935E-01,1.335177E-01,0.000000E+00,0.000000E+00,0.000000E+00,0.000000E+00,0.000000E+00,0.000000E+00,0.000000E+00,0.000000E+00,2.110805E+01,7.994495E+01,2.388805E+01,5.923622E+01
10:41:00,8.011055E+03,1.516476E+03,5.577935E-01,1.339276E-01,0.000000E+00,0.000000E+00,0.000000E+00,0.000000E+00,0.000000E+00,0.000000E+00,0.000000E+00,0.000000E+00,2.110805E+01,7.994495E+01,2.388805E+01,5.920342E+01
10:42:00,8.011055E+03,1.521120E+03,5.577935E-01,1.343378E-01,0.000000E+00,0.000000E+00,0.000000E+00,0.000000E+00,0.000000E+00,0.000000E+00,0.000000E+00,0.000000E+00,2.110805E+01,7.994495E+01,2.388805E+01,5.917075E+01
10:43:00,8.011055E+03,1.525768E+03,5.577935E-01,1.347482E-01,0.000000E+00,0.000000E+00,0.000000E+00,0.000000E+00,0.000000E+00,0.000000E+00,0.000000E+00,0.000000E+00,2.110805E+01,7.994495E+01,2.388805E+01,5.913818E+01
10:44:00,8.011055E+03,1.530418E+03,5.577935E-01,1.351589E-01,0.000000E+00,0.000000E+00,0.000000E+00,0.000000E+00,0.000000E+00,0.000000E+00,0.000000E+00,0.000000E+00,2.110805E+01,7.994495E+01,2.388805E+01,5.910572E+01
10:45:00,8.011055E+03,1.535071E+03,5.577935E-01,1.355699E-01,0.000000E+00,0.000000E+00,0.000000E+00,0.000000E+00,0.000000E+00,0.000000E+00,0.000000E+00,0.000000E+00,2.110805E+01,7.994495E+01,2.388804E+01,5.907338E+01
10:46:00,8.011055E+03,1.539726E+03,5.577935E-01,1.359810E-01,0.000000E+00,0.000000E+00,0.000000E+00,0.000000E+00,0.000000E+00,0.000000E+00,0.000000E+00,0.000000E+00,2.110805E+01,7.994495E+01,2.388804E+01,5.904114E+01
10:47:00,8.011055E+03,1.544385E+03,5.577935E-01,1.363925E-01,0.000000E+00,0.000000E+00,0.000000E+00,0.000000E+00,0.000000E+00,0.000000E+00,0.000000E+00,0.000000E+00,2.110805E+01,7.994495E+01,2.388804E+01,5.900902E+01
10:48:00,8.011055E+03,1.549046E+03,5.577935E-01,1.368041E-01,0.000000E+00,0.000000E+00,0.000000E+00,0.000000E+00,0.000000E+00,0.000000E+00,0.000000E+00,0.000000E+00,2.110805E+01,7.994495E+01,2.388804E+01,5.897700E+01
10:49:00,8.011055E+03,1.553710E+03,5.577935E-01,1.372160E-01,0.000000E+00,0.000000E+00,0.000000E+00,0.000000E+00,0.000000E+00,0.000000E+00,0.000000E+00,0.000000E+00,2.110805E+01,7.994495E+01,2.388804E+01,5.894509E+01
10:50:00,8.011055E+03,1.558375E+03,5.577935E-01,1.376281E-01,0.000000E+00,0.000000E+00,0.000000E+00,0.000000E+00,0.000000E+00,0.000000E+00,0.000000E+00,0.000000E+00,2.110805E+01,7.994495E+01,2.388804E+01,5.891330E+01
10:51:00,8.011055E+03,1.563043E+03,5.577935E-01,1.380403E-01,0.000000E+00,0.000000E+00,0.000000E+00,0.000000E+00,0.000000E+00,0.000000E+00,0.000000E+00,0.000000E+00,2.110805E+01,7.994495E+01,2.388804E+01,5.888162E+01
10:52:00,8.011055E+03,1.567714E+03,5.577935E-01,1.384528E-01,0.000000E+00,0.000000E+00,0.000000E+00,0.000000E+00,0.000000E+00,0.000000E+00,0.000000E+00,0.000000E+00,2.110805E+01,7.994495E+01,2.388804E+01,5.885005E+01
10:53:00,8.011055E+03,1.572386E+03,5.577935E-01,1.388655E-01,0.000000E+00,0.000000E+00,0.000000E+00,0.000000E+00,0.000000E+00,0.000000E+00,0.000000E+00,0.000000E+00,2.110805E+01,7.994495E+01,2.388804E+01,5.881859E+01
10:54:00,8.011055E+03,1.577057E+03,5.577935E-01,1.392780E-01,0.000000E+00,0.000000E+00,0.000000E+00,0.000000E+00,0.000000E+00,0.000000E+00,0.000000E+00,0.000000E+00,2.110805E+01,7.994495E+01,2.388804E+01,5.878725E+01
10:55:00,8.011055E+03,1.581723E+03,5.577935E-01,1.396900E-01,0.000000E+00,0.000000E+00,0.000000E+00,0.000000E+00,0.000000E+00,0.000000E+00,0.000000E+00,0.000000E+00,2.110805E+01,7.994495E+01,2.388804E+01,5.875601E+01
10:56:00,8.011055E+03,1.586385E+03,5.577935E-01,1.401018E-01,0.000000E+00,0.000000E+00,0.000000E+00,0.000000E+00,0.000000E+00,0.000000E+00,0.000000E+00,0.000000E+00,2.110805E+01,7.994495E+01,2.388804E+01,5.872490E+01
10:57:00,8.011055E+03,1.591042E+03,5.577935E-01,1.405131E-01,0.000000E+00,0.000000E+00,0.000000E+00,0.000000E+00,0.000000E+00,0.000000E+00,0.000000E+00,0.000000E+00,2.110805E+01,7.994495E+01,2.388804E+01,5.869389E+01
10:58:00,8.011055E+03,1.595694E+03,5.577935E-01,1.409239E-01,0.000000E+00,0.000000E+00,0.000000E+00,0.000000E+00,0.000000E+00,0.000000E+00,0.000000E+00,0.000000E+00,2.110805E+01,7.994495E+01,2.388803E+01,5.866299E+01
10:59:00,8.011055E+03,1.600341E+03,5.577935E-01,1.413343E-01,0.000000E+00,0.000000E+00,0.000000E+00,0.000000E+00,0.000000E+00,0.000000E+00,0.000000E+00,0.000000E+00,2.110805E+01,7.994495E+01,2.388803E+01,5.863220E+01
11:00:00,8.011055E+03,1.604982E+03,5.577935E-01,1.417442E-01,0.000000E+00,0.000000E+00,0.000000E+00,0.000000E+00,0.000000E+00,0.000000E+00,0.000000E+00,0.000000E+00,2.110805E+01,7.994495E+01,2.388803E+01,5.860153E+01
11:01:00,8.011055E+03,1.609610E+03,5.577935E-01,1.421530E-01,0.000000E+00,0.000000E+00,0.000000E+00,0.000000E+00,0.000000E+00,0.000000E+00,0.000000E+00,0.000000E+00,2.110805E+01,7.994495E+01,2.388803E+01,5.857097E+01
11:02:00,8.011055E+03,1.614224E+03,5.577935E-01,1.425604E-01,0.000000E+00,0.000000E+00,0.000000E+00,0.000000E+00,0.000000E+00,0.000000E+00,0.000000E+00,0.000000E+00,2.110805E+01,7.994495E+01,2.388803E+01,5.854063E+01
11:03:00,8.011055E+03,1.618823E+03,5.577935E-01,1.429666E-01,0.000000E+00,0.000000E+00,0.000000E+00,0.000000E+00,0.000000E+00,0.000000E+00,0.000000E+00,0.000000E+00,2.110805E+01,7.994495E+01,2.388803E+01,5.851058E+01
11:04:00,8.011055E+03,1.623409E+03,5.577935E-01,1.433716E-01,0.000000E+00,0.000000E+00,0.000000E+00,0.000000E+00,0.000000E+00,0.000000E+00,0.000000E+00,0.000000E+00,2.110805E+01,7.994495E+01,2.388803E+01,5.848084E+01
11:05:00,8.011055E+03,1.627980E+03,5.577935E-01,1.437753E-01,0.000000E+00,0.000000E+00,0.000000E+00,0.000000E+00,0.000000E+00,0.000000E+00,0.000000E+00,0.000000E+00,2.110805E+01,7.994495E+01,2.388803E+01,5.845140E+01
11:06:00,8.011055E+03,1.632536E+03,5.577935E-01,1.441777E-01,0.000000E+00,0.000000E+00,0.000000E+00,0.000000E+00,0.000000E+00,0.000000E+00,0.000000E+00,0.000000E+00,2.110805E+01,7.994495E+01,2.388803E+01,5.842225E+01
11:07:00,8.011055E+03,1.637077E+03,5.577935E-01,1.445788E-01,0.000000E+00,0.000000E+00,0.000000E+00,0.000000E+00,0.000000E+00,0.000000E+00,0.000000E+00,0.000000E+00,2.110805E+01,7.994495E+01,2.388803E+01,5.839338E+01
11:08:00,8.011055E+03,1.641604E+03,5.577935E-01,1.449786E-01,0.000000E+00,0.000000E+00,0.000000E+00,0.000000E+00,0.000000E+00,0.000000E+00,0.000000E+00,0.000000E+00,2.110805E+01,7.994495E+01,2.388803E+01,5.836478E+01
11:09:00,8.011055E+03,1.646115E+03,5.577935E-01,1.453770E-01,0.000000E+00,0.000000E+00,0.000000E+00,0.000000E+00,0.000000E+00,0.000000E+00,0.000000E+00,0.000000E+00,2.110805E+01,7.994495E+01,2.388803E+01,5.833645E+01
11:10:00,8.011055E+03,1.650612E+03,5.577935E-01,1.457741E-01,0.000000E+00,0.000000E+00,0.000000E+00,0.000000E+00,0.000000E+00,0.000000E+00,0.000000E+00,0.000000E+00,2.110805E+01,7.994495E+01,2.388803E+01,5.830838E+01
11:11:00,8.011055E+03,1.655093E+03,5.577935E-01,1.461699E-01,0.000000E+00,0.000000E+00,0.000000E+00,0.000000E+00,0.000000E+00,0.000000E+00,0.000000E+00,0.000000E+00,2.110805E+01,7.994495E+01,2.388803E+01,5.828057E+01
11:12:00,8.011055E+03,1.659558E+03,5.577935E-01,1.465642E-01,0.000000E+00,0.000000E+00,0.000000E+00,0.000000E+00,0.000000E+00,0.000000E+00,0.000000E+00,0.000000E+00,2.110805E+01,7.994495E+01,2.388803E+01,5.825299E+01
11:13:00,8.011055E+03,1.664007E+03,5.577935E-01,1.469572E-01,0.000000E+00,0.000000E+00,0.000000E+00,0.000000E+00,0.000000E+00,0.000000E+00,0.000000E+00,0.000000E+00,2.110805E+01,7.994495E+01,2.388803E+01,5.822567E+01
11:14:00,8.011055E+03,1.668441E+03,5.577935E-01,1.473488E-01,0.000000E+00,0.000000E+00,0.000000E+00,0.000000E+00,0.000000E+00,0.000000E+00,0.000000E+00,0.000000E+00,2.110805E+01,7.994495E+01,2.388803E+01,5.819857E+01
11:15:00,8.011055E+03,1.672859E+03,5.577935E-01,1.477390E-01,0.000000E+00,0.000000E+00,0.000000E+00,0.000000E+00,0.000000E+00,0.000000E+00,0.000000E+00,0.000000E+00,2.110805E+01,7.994495E+01,2.388803E+01,5.817171E+01
11:16:00,8.011055E+03,1.677261E+03,5.577935E-01,1.481277E-01,0.000000E+00,0.000000E+00,0.000000E+00,0.000000E+00,0.000000E+00,0.000000E+00,0.000000E+00,0.000000E+00,2.110805E+01,7.994495E+01,2.388803E+01,5.814507E+01
11:17:00,8.011055E+03,1.681646E+03,5.577935E-01,1.485150E-01,0.000000E+00,0.000000E+00,0.000000E+00,0.000000E+00,0.000000E+00,0.000000E+00,0.000000E+00,0.000000E+00,2.110805E+01,7.994495E+01,2.388803E+01,5.811865E+01
11:18:00,8.011055E+03,1.686015E+03,5.577935E-01,1.489008E-01,0.000000E+00,0.000000E+00,0.000000E+00,0.000000E+00,0.000000E+00,0.000000E+00,0.000000E+00,0.000000E+00,2.110805E+01,7.994495E+01,2.388803E+01,5.809245E+01
11:19:00,8.011055E+03,1.690367E+03,5.577935E-01,1.492852E-01,0.000000E+00,0.000000E+00,0.000000E+00,0.000000E+00,0.000000E+00,0.000000E+00,0.000000E+00,0.000000E+00,2.110805E+01,7.994495E+01,2.388803E+01,5.806645E+01
11:20:00,8.011055E+03,1.694702E+03,5.577935E-01,1.496681E-01,0.000000E+00,0.000000E+00,0.000000E+00,0.000000E+00,0.000000E+00,0.000000E+00,0.000000E+00,0.000000E+00,2.110805E+01,7.994495E+01,2.388803E+01,5.804067E+01
11:21:00,8.011055E+03,1.699021E+03,5.577935E-01,1.500495E-01,0.000000E+00,0.000000E+00,0.000000E+00,0.000000E+00,0.000000E+00,0.000000E+00,0.000000E+00,0.000000E+00,2.110805E+01,7.994495E+01,2.388802E+01,5.801508E+01
11:22:00,8.011055E+03,1.703322E+03,5.577935E-01,1.504294E-01,0.000000E+00,0.000000E+00,0.000000E+00,0.000000E+00,0.000000E+00,0.000000E+00,0.000000E+00,0.000000E+00,2.110805E+01,7.994495E+01,2.388802E+01,5.798969E+01
11:23:00,8.011055E+03,1.707608E+03,5.577935E-01,1.508079E-01,0.000000E+00,0.000000E+00,0.000000E+00,0.000000E+00,0.000000E+00,0.000000E+00,0.000000E+00,0.000000E+00,2.110805E+01,7.994495E+01,2.388802E+01,5.796450E+01
11:24:00,8.011055E+03,1.711879E+03,5.577935E-01,1.511851E-01,0.000000E+00,0.000000E+00,0.000000E+00,0.000000E+00,0.000000E+00,0.000000E+00,0.000000E+00,0.000000E+00,2.110805E+01,7.994495E+01,2.388802E+01,5.793949E+01
11:25:00,8.011055E+03,1.716136E+03,5.577935E-01,1.515611E-01,0.000000E+00,0.000000E+00,0.000000E+00,0.000000E+00,0.000000E+00,0.000000E+00,0.000000E+00,0.000000E+00,2.110805E+01,7.994495E+01,2.388802E+01,5.791463E+01
11:26:00,8.011055E+03,1.720379E+03,5.577935E-01,1.519358E-01,0.000000E+00,0.000000E+00,0.000000E+00,0.000000E+00,0.000000E+00,0.000000E+00,0.000000E+00,0.000000E+00,2.110805E+01,7.994495E+01,2.388802E+01,5.788992E+01
11:27:00,8.011055E+03,1.724608E+03,5.577935E-01,1.523093E-01,0.000000E+00,0.000000E+00,0.000000E+00,0.000000E+00,0.000000E+00,0.000000E+00,0.000000E+00,0.000000E+00,2.110805E+01,7.994495E+01,2.388802E+01,5.786535E+01
11:28:00,8.011055E+03,1.728824E+03,5.577935E-01,1.526816E-01,0.000000E+00,0.000000E+00,0.000000E+00,0.000000E+00,0.000000E+00,0.000000E+00,0.000000E+00,0.000000E+00,2.110805E+01,7.994495E+01,2.388802E+01,5.784090E+01
11:29:00,8.011055E+03,1.733025E+03,5.577935E-01,1.530527E-01,0.000000E+00,0.000000E+00,0.000000E+00,0.000000E+00,0.000000E+00,0.000000E+00,0.000000E+00,0.000000E+00,2.110805E+01,7.994495E+01,2.388802E+01,5.781658E+01
11:30:00,8.011055E+03,1.737214E+03,5.577935E-01,1.534226E-01,0.000000E+00,0.000000E+00,0.000000E+00,0.000000E+00,0.000000E+00,0.000000E+00,0.000000E+00,0.000000E+00,2.110805E+01,7.994495E+01,2.388802E+01,5.779238E+01
11:31:00,8.011055E+03,1.741388E+03,5.577935E-01,1.537913E-01,0.000000E+00,0.000000E+00,0.000000E+00,0.000000E+00,0.000000E+00,0.000000E+00,0.000000E+00,0.000000E+00,2.110805E+01,7.994495E+01,2.388802E+01,5.776829E+01
11:32:00,8.011055E+03,1.745549E+03,5.577935E-01,1.541587E-01,0.000000E+00,0.000000E+00,0.000000E+00,0.000000E+00,0.000000E+00,0.000000E+00,0.000000E+00,0.000000E+00,2.110805E+01,7.994495E+01,2.388802E+01,5.774433E+01
11:33:00,8.011055E+03,1.749695E+03,5.577935E-01,1.545249E-01,0.000000E+00,0.000000E+00,0.000000E+00,0.000000E+00,0.000000E+00,0.000000E+00,0.000000E+00,0.000000E+00,2.110805E+01,7.994495E+01,2.388802E+01,5.772047E+01
11:34:00,8.011055E+03,1.753827E+03,5.577935E-01,1.548899E-01,0.000000E+00,0.000000E+00,0.000000E+00,0.000000E+00,0.000000E+00,0.000000E+00,0.000000E+00,0.000000E+00,2.110805E+01,7.994495E+01,2.388802E+01,5.769674E+01
11:35:00,8.011055E+03,1.757945E+03,5.577935E-01,1.552535E-01,0.000000E+00,0.000000E+00,0.000000E+00,0.000000E+00,0.000000E+00,0.000000E+00,0.000000E+00,0.000000E+00,2.110805E+01,7.994495E+01,2.388802E+01,5.767311E+01
11:36:00,8.011055E+03,1.762047E+03,5.577935E-01,1.556158E-01,0.000000E+00,0.000000E+00,0.000000E+00,0.000000E+00,0.000000E+00,0.000000E+00,0.000000E+00,0.000000E+00,2.110805E+01,7.994495E+01,2.388802E+01,5.764961E+01
11:37:00,8.011055E+03,1.766133E+03,5.577935E-01,1.559767E-01,0.000000E+00,0.000000E+00,0.000000E+00,0.000000E+00,0.000000E+00,0.000000E+00,0.000000E+00,0.000000E+00,2.110805E+01,7.994495E+01,2.388802E+01,5.762623E+01
11:38:00,8.011055E+03,1.770203E+03,5.577935E-01,1.563362E-01,0.000000E+00,0.000000E+00,0.000000E+00,0.000000E+00,0.000000E+00,0.000000E+00,0.000000E+00,0.000000E+00,2.110805E+01,7.994495E+01,2.388802E+01,5.760298E+01
11:39:00,8.011055E+03,1.774258E+03,5.577935E-01,1.566942E-01,0.000000E+00,0.000000E+00,0.000000E+00,0.000000E+00,0.000000E+00,0.000000E+00,0.000000E+00,0.000000E+00,2.110805E+01,7.994495E+01,2.388802E+01,5.757985E+01
11:40:00,8.011055E+03,1.778296E+03,5.577935E-01,1.570509E-01,0.000000E+00,0.000000E+00,0.000000E+00,0.000000E+00,0.000000E+00,0.000000E+00,0.000000E+00,0.000000E+00,2.110805E+01,7.994495E+01,2.388802E+01,5.755685E+01
11:41:00,8.011055E+03,1.782318E+03,5.577935E-01,1.574061E-01,0.000000E+00,0.000000E+00,0.000000E+00,0.000000E+00,0.000000E+00,0.000000E+00,0.000000E+00,0.000000E+00,2.110805E+01,7.994495E+01,2.388801E+01,5.753397E+01
11:42:00,8.011055E+03,1.786323E+03,5.577935E-01,1.577598E-01,0.000000E+00,0.000000E+00,0.000000E+00,0.000000E+00,0.000000E+00,0.000000E+00,0.000000E+00,0.000000E+00,2.110805E+01,7.994495E+01,2.388801E+01,5.751122E+01
11:43:00,8.011055E+03,1.790311E+03,5.577935E-01,1.581120E-01,0.000000E+00,0.000000E+00,0.000000E+00,0.000000E+00,0.000000E+00,0.000000E+00,0.000000E+00,0.000000E+00,2.110805E+01,7.994495E+01,2.388801E+01,5.748859E+01
11:44:00,8.011055E+03,1.794283E+03,5.577935E-01,1.584628E-01,0.000000E+00,0.000000E+00,0.000000E+00,0.000000E+00,0.000000E+00,0.000000E+00,0.000000E+00,0.000000E+00,2.110805E+01,7.994495E+01,2.388801E+01,5.746610E+01
11:45:00,8.011055E+03,1.798238E+03,5.577935E-01,1.588121E-01,0.000000E+00,0.000000E+00,0.000000E+00,0.000000E+00,0.000000E+00,0.000000E+00,0.000000E+00,0.000000E+00,2.110805E+01,7.994495E+01,2.388801E+01,5.744372E+01
11:46:00,8.011055E+03,1.802175E+03,5.577935E-01,1.591598E-01,0.000000E+00,0.000000E+00,0.000000E+00,0.000000E+00,0.000000E+00,0.000000E+00,0.000000E+00,0.000000E+00,2.110805E+01,7.994495E+01,2.388801E+01,5.742147E+01
11:47:00,8.011055E+03,1.806095E+03,5.577935E-01,1.595060E-01,0.000000E+00,0.000000E+00,0.000000E+00,0.000000E+00,0.000000E+00,0.000000E+00,0.000000E+00,0.000000E+00,2.110805E+01,7.994495E+01,2.388801E+01,5.739934E+01
11:48:00,8.011055E+03,1.809998E+03,5.577935E-01,1.598507E-01,0.000000E+00,0.000000E+00,0.000000E+00,0.000000E+00,0.000000E+00,0.000000E+00,0.000000E+00,0.000000E+00,2.110805E+01,7.994495E+01,2.388801E+01,5.737733E+01
11:49:00,8.011055E+03,1.813883E+03,5.577935E-01,1.601939E-01,0.000000E+00,0.000000E+00,0.000000E+00,0.000000E+00,0.000000E+00,0.000000E+00,0.000000E+00,0.000000E+00,2.110805E+01,7.994495E+01,2.388801E+01,5.735544E+01
11:50:00,8.011055E+03,1.817751E+03,5.577935E-01,1.605354E-01,0.000000E+00,0.000000E+00,0.000000E+00,0.000000E+00,0.000000E+00,0.000000E+00,0.000000E+00,0.000000E+00,2.110805E+01,7.994495E+01,2.388801E+01,5.733367E+01
11:51:00,8.011055E+03,1.821601E+03,5.577935E-01,1.608755E-01,0.000000E+00,0.000000E+00,0.000000E+00,0.000000E+00,0.000000E+00,0.000000E+00,0.000000E+00,0.000000E+00,2.110805E+01,7.994495E+01,2.388801E+01,5.731202E+01
11:52:00,8.011055E+03,1.825434E+03,5.577935E-01,1.612140E-01,0.000000E+00,0.000000E+00,0.000000E+00,0.000000E+00,0.000000E+00,0.000000E+00,0.000000E+00,0.000000E+00,2.110805E+01,7.994495E+01,2.388801E+01,5.729049E+01
11:53:00,8.011055E+03,1.829248E+03,5.577935E-01,1.615508E-01,0.000000E+00,0.000000E+00,0.000000E+00,0.000000E+00,0.000000E+00,0.000000E+00,0.000000E+00,0.000000E+00,2.110805E+01,7.994495E+01,2.388801E+01,5.726907E+01
11:54:00,8.011055E+03,1.833045E+03,5.577935E-01,1.618861E-01,0.000000E+00,0.000000E+00,0.000000E+00,0.000000E+00,0.000000E+00,0.000000E+00,0.000000E+00,0.000000E+00,2.110805E+01,7.994495E+01,2.388801E+01,5.724777E+01
11:55:00,8.011055E+03,1.836824E+03,5.577935E-01,1.622199E-01,0.000000E+00,0.000000E+00,0.000000E+00,0.000000E+00,0.000000E+00,0.000000E+00,0.000000E+00,0.000000E+00,2.110805E+01,7.994495E+01,2.388801E+01,5.722658E+01
11:56:00,8.011055E+03,1.840583E+03,5.577935E-01,1.625519E-01,0.000000E+00,0.000000E+00,0.000000E+00,0.000000E+00,0.000000E+00,0.000000E+00,0.000000E+00,0.000000E+00,2.110805E+01,7.994495E+01,2.388801E+01,5.720551E+01
11:57:00,8.011055E+03,1.844325E+03,5.577935E-01,1.628824E-01,0.000000E+00,0.000000E+00,0.000000E+00,0.000000E+00,0.000000E+00,0.000000E+00,0.000000E+00,0.000000E+00,2.110805E+01,7.994495E+01,2.388801E+01,5.718455E+01
11:58:00,8.011055E+03,1.848048E+03,5.577935E-01,1.632112E-01,0.000000E+00,0.000000E+00,0.000000E+00,0.000000E+00,0.000000E+00,0.000000E+00,0.000000E+00,0.000000E+00,2.110805E+01,7.994495E+01,2.388801E+01,5.716371E+01
11:59:00,8.011055E+03,1.851753E+03,5.577935E-01,1.635384E-01,0.000000E+00,0.000000E+00,0.000000E+00,0.000000E+00,0.000000E+00,0.000000E+00,0.000000E+00,0.000000E+00,2.110805E+01,7.994495E+01,2.388801E+01,5.714297E+01
12:00:00,8.011055E+03,1.855438E+03,5.577935E-01,1.638639E-01,0.000000E+00,0.000000E+00,0.000000E+00,0.000000E+00,0.000000E+00,0.000000E+00,0.000000E+00,0.000000E+00,2.110805E+01,7.994495E+01,2.388801E+01,5.712235E+01
12:01:00,8.011055E+03,1.859114E+03,5.577935E-01,1.641885E-01,0.000000E+00,0.000000E+00,0.000000E+00,0.000000E+00,0.000000E+00,0.000000E+00,0.000000E+00,0.000000E+00,2.110805E+01,7.994495E+01,2.388801E+01,5.710185E+01
12:02:00,8.011055E+03,1.862779E+03,5.577935E-01,1.645122E-01,0.000000E+00,0.000000E+00,0.000000E+00,0.000000E+00,0.000000E+00,0.000000E+00,0.000000E+00,0.000000E+00,2.110805E+01,7.994495E+01,2.388801E+01,5.708149E+01
12:03:00,8.011055E+03,1.866433E+03,5.577935E-01,1.648349E-01,0.000000E+00,0.000000E+00,0.000000E+00,0.000000E+00,0.000000E+00,0.000000E+00,0.000000E+00,0.000000E+00,2.110805E+01,7.994495E+01,2.388801E+01,5.706130E+01
12:04:00,8.011055E+03,1.870076E+03,5.577935E-01,1.651567E-01,0.000000E+00,0.000000E+00,0.000000E+00,0.000000E+00,0.000000E+00,0.000000E+00,0.000000E+00,0.000000E+00,2.110805E+01,7.994495E+01,2.388801E+01,5.704130E+01
12:05:00,8.011055E+03,1.873708E+03,5.577935E-01,1.654775E-01,0.000000E+00,0.000000E+00,0.000000E+00,0.000000E+00,0.000000E+00,0.000000E+00,0.000000E+00,0.000000E+00,2.110805E+01,7.994495E+01,2.388800E+01,5.702148E+01
12:06:00,8.011055E+03,1.877330E+03,5.577935E-01,1.657973E-01,0.000000E+00,0.000000E+00,0.000000E+00,0.000000E+00,0.000000E+00,0.000000E+00,0.000000E+00,0.000000E+00,2.110805E+01,7.994495E+01,2.388800E+01,5.700182E+01
12:07:00,8.011055E+03,1.880940E+03,5.577935E-01,1.661162E-01,0.000000E+00,0.000000E+00,0.000000E+00,0.000000E+00,0.000000E+00,0.000000E+00,0.000000E+00,0.000000E+00,2.110805E+01,7.994495E+01,2.388800E+01,5.698234E+01
12:08:00,8.011055E+03,1.884539E+03,5.577935E-01,1.664340E-01,0.000000E+00,0.000000E+00,0.000000E+00,0.000000E+00,0.000000E+00,0.000000E+00,0.000000E+00,0.000000E+00,2.110805E+01,7.994495E+01,2.388800E+01,5.696302E+01
12:09:00,8.011055E+03,1.888128E+03,5.577935E-01,1.667509E-01,0.000000E+00,0.000000E+00,0.000000E+00,0.000000E+00,0.000000E+00,0.000000E+00,0.000000E+00,0.000000E+00,2.110805E+01,7.994495E+01,2.388800E+01,5.694387E+01
12:10:00,8.011055E+03,1.891705E+03,5.577935E-01,1.670668E-01,0.000000E+00,0.000000E+00,0.000000E+00,0.000000E+00,0.000000E+00,0.000000E+00,0.000000E+00,0.000000E+00,2.110805E+01,7.994495E+01,2.388800E+01,5.692487E+01
12:11:00,8.011055E+03,1.895270E+03,5.577935E-01,1.673817E-01,0.000000E+00,0.000000E+00,0.000000E+00,0.000000E+00,0.000000E+00,0.000000E+00,0.000000E+00,0.000000E+00,2.110805E+01,7.994495E+01,2.388800E+01,5.690603E+01
12:12:00,8.011055E+03,1.898824E+03,5.577935E-01,1.676956E-01,0.000000E+00,0.000000E+00,0.000000E+00,0.000000E+00,0.000000E+00,0.000000E+00,0.000000E+00,0.000000E+00,2.110805E+01,7.994495E+01,2.388800E+01,5.688734E+01
12:13:00,8.011055E+03,1.902366E+03,5.577935E-01,1.680084E-01,0.000000E+00,0.000000E+00,0.000000E+00,0.000000E+00,0.000000E+00,0.000000E+00,0.000000E+00,0.000000E+00,2.110805E+01,7.994495E+01,2.388800E+01,5.686880E+01
12:14:00,8.011055E+03,1.905897E+03,5.577935E-01,1.683203E-01,0.000000E+00,0.000000E+00,0.000000E+00,0.000000E+00,0.000000E+00,0.000000E+00,0.000000E+00,0.000000E+00,2.110805E+01,7.994495E+01,2.388800E+01,5.685042E+01
12:15:00,8.011055E+03,1.909416E+03,5.577935E-01,1.686310E-01,0.000000E+00,0.000000E+00,0.000000E+00,0.000000E+00,0.000000E+00,0.000000E+00,0.000000E+00,0.000000E+00,2.110805E+01,7.994495E+01,2.388800E+01,5.683217E+01
12:16:00,8.011055E+03,1.912923E+03,5.577935E-01,1.689407E-01,0.000000E+00,0.000000E+00,0.000000E+00,0.000000E+00,0.000000E+00,0.000000E+00,0.000000E+00,0.000000E+00,2.110805E+01,7.994495E+01,2.388800E+01,5.681407E+01
12:17:00,8.011055E+03,1.916418E+03,5.577935E-01,1.692494E-01,0.000000E+00,0.000000E+00,0.000000E+00,0.000000E+00,0.000000E+00,0.000000E+00,0.000000E+00,0.000000E+00,2.110805E+01,7.994495E+01,2.388800E+01,5.679611E+01
12:18:00,8.011055E+03,1.919901E+03,5.577935E-01,1.695571E-01,0.000000E+00,0.000000E+00,0.000000E+00,0.000000E+00,0.000000E+00,0.000000E+00,0.000000E+00,0.000000E+00,2.110805E+01,7.994495E+01,2.388800E+01,5.677829E+01
12:19:00,8.011055E+03,1.923372E+03,5.577935E-01,1.698636E-01,0.000000E+00,0.000000E+00,0.000000E+00,0.000000E+00,0.000000E+00,0.000000E+00,0.000000E+00,0.000000E+00,2.110805E+01,7.994495E+01,2.388800E+01,5.676060E+01
12:20:00,8.011055E+03,1.926831E+03,5.577935E-01,1.701691E-01,0.000000E+00,0.000000E+00,0.000000E+00,0.000000E+00,0.000000E+00,0.000000E+00,0.000000E+00,0.000000E+00,2.110805E+01,7.994495E+01,2.388800E+01,5.674305E+01
12:21:00,8.011055E+03,1.930277E+03,5.577935E-01,1.704734E-01,0.000000E+00,0.000000E+00,0.000000E+00,0.000000E+00,0.000000E+00,0.000000E+00,0.000000E+00,0.000000E+00,2.110805E+01,7.994495E+01,2.388800E+01,5.672563E+01
12:22:00,8.011055E+03,1.933710E+03,5.577935E-01,1.707766E-01,0.000000E+00,0.000000E+00,0.000000E+00,0.000000E+00,0.000000E+00,0.000000E+00,0.000000E+00,0.000000E+00,2.110805E+01,7.994495E+01,2.388800E+01,5.670835E+01
12:23:00,8.011055E+03,1.937127E+03,5.577935E-01,1.710784E-01,0.000000E+00,0.000000E+00,0.000000E+00,0.000000E+00,0.000000E+00,0.000000E+00,0.000000E+00,0.000000E+00,2.110805E+01,7.994495E+01,2.388800E+01,5.669121E+01
12:24:00,8.011055E+03,1.940527E+03,5.577935E-01,1.713787E-01,0.000000E+00,0.000000E+00,0.000000E+00,0.000000E+00,0.000000E+00,0.000000E+00,0.000000E+00,0.000000E+00,2.110805E+01,7.994495E+01,2.388800E+01,5.667421E+01
12:25:00,8.011055E+03,1.943909E+03,5.577935E-01,1.716773E-01,0.000000E+00,0.000000E+00,0.000000E+00,0.000000E+00,0.000000E+00,0.000000E+00,0.000000E+00,0.000000E+00,2.110805E+01,7.994495E+01,2.388800E+01,5.665736E+01
12:26:00,8.011055E+03,1.947272E+03,5.577935E-01,1.719744E-01,0.000000E+00,0.000000E+00,0.000000E+00,0.000000E+00,0.000000E+00,0.000000E+00,0.000000E+00,0.000000E+00,2.110805E+01,7.994495E+01,2.388800E+01,5.664065E+01
12:27:00,8.011055E+03,1.950615E+03,5.577935E-01,1.722697E-01,0.000000E+00,0.000000E+00,0.000000E+00,0.000000E+00,0.000000E+00,0.000000E+00,0.000000E+00,0.000000E+00,2.110805E+01,7.994495E+01,2.388800E+01,5.662409E+01
12:28:00,8.011055E+03,1.953938E+03,5.577935E-01,1.725631E-01,0.000000E+00,0.000000E+00,0.000000E+00,0.000000E+00,0.000000E+00,0.000000E+00,0.000000E+00,0.000000E+00,2.110805E+01,7.994495E+01,2.388800E+01,5.660769E+01
12:29:00,8.011055E+03,1.957240E+03,5.577935E-01,1.728547E-01,0.000000E+00,0.000000E+00,0.000000E+00,0.000000E+00,0.000000E+00,0.000000E+00,0.000000E+00,0.000000E+00,2.110805E+01,7.994495E+01,2.388800E+01,5.659144E+01
12:30:00,8.011055E+03,1.960521E+03,5.577935E-01,1.731445E-01,0.000000E+00,0.000000E+00,0.000000E+00,0.000000E+00,0.000000E+00,0.000000E+00,0.000000E+00,0.000000E+00,2.110805E+01,7.994495E+01,2.388800E+01,5.657534E+01
12:31:00,8.011055E+03,1.963781E+03,5.577935E-01,1.734324E-01,0.000000E+00,0.000000E+00,0.000000E+00,0.000000E+00,0.000000E+00,0.000000E+00,0.000000E+00,0.000000E+00,2.110805E+01,7.994495E+01,2.388800E+01,5.655940E+01
12:32:00,8.011055E+03,1.967019E+03,5.577935E-01,1.737183E-01,0.000000E+00,0.000000E+00,0.000000E+00,0.000000E+00,0.000000E+00,0.000000E+00,0.000000E+00,0.000000E+00,2.110805E+01,7.994495E+01,2.388800E+01,5.654360E+01
12:33:00,8.011055E+03,1.970236E+03,5.577935E-01,1.740025E-01,0.000000E+00,0.000000E+00,0.000000E+00,0.000000E+00,0.000000E+00,0.000000E+00,0.000000E+00,0.000000E+00,2.110805E+01,7.994495E+01,2.388800E+01,5.652796E+01
12:34:00,8.011055E+03,1.973434E+03,5.577935E-01,1.742850E-01,0.000000E+00,0.000000E+00,0.000000E+00,0.000000E+00,0.000000E+00,0.000000E+00,0.000000E+00,0.000000E+00,2.110805E+01,7.994495E+01,2.388800E+01,5.651246E+01
12:35:00,8.011055E+03,1.976614E+03,5.577935E-01,1.745658E-01,0.000000E+00,0.000000E+00,0.000000E+00,0.000000E+00,0.000000E+00,0.000000E+00,0.000000E+00,0.000000E+00,2.110805E+01,7.994495E+01,2.388800E+01,5.649708E+01
12:36:00,8.011055E+03,1.979777E+03,5.577935E-01,1.748451E-01,0.000000E+00,0.000000E+00,0.000000E+00,0.000000E+00,0.000000E+00,0.000000E+00,0.000000E+00,0.000000E+00,2.110805E+01,7.994495E+01,2.388800E+01,5.648181E+01
12:37:00,8.011055E+03,1.982922E+03,5.577935E-01,1.751229E-01,0.000000E+00,0.000000E+00,0.000000E+00,0.000000E+00,0.000000E+00,0.000000E+00,0.000000E+00,0.000000E+00,2.110805E+01,7.994495E+01,2.388800E+01,5.646664E+01
12:38:00,8.011055E+03,1.986051E+03,5.577935E-01,1.753992E-01,0.000000E+00,0.000000E+00,0.000000E+00,0.000000E+00,0.000000E+00,0.000000E+00,0.000000E+00,0.000000E+00,2.110805E+01,7.994495E+01,2.388800E+01,5.645157E+01
12:39:00,8.011055E+03,1.989163E+03,5.577935E-01,1.756740E-01,0.000000E+00,0.000000E+00,0.000000E+00,0.000000E+00,0.000000E+00,0.000000E+00,0.000000E+00,0.000000E+00,2.110805E+01,7.994495E+01,2.388800E+01,5.643660E+01
12:40:00,8.011055E+03,1.992258E+03,5.577935E-01,1.759474E-01,0.000000E+00,0.000000E+00,0.000000E+00,0.000000E+00,0.000000E+00,0.000000E+00,0.000000E+00,0.000000E+00,2.110805E+01,7.994495E+01,2.388800E+01,5.642172E+01
12:41:00,8.011055E+03,1.995337E+03,5.577935E-01,1.762194E-01,0.000000E+00,0.000000E+00,0.000000E+00,0.000000E+00,0.000000E+00,0.000000E+00,0.000000E+00,0.000000E+00,2.110805E+01,7.994495E+01,2.388800E+01,5.640692E+01
12:42:00,8.011055E+03,1.998400E+03,5.577935E-01,1.764899E-01,0.000000E+00,0.000000E+00,0.000000E+00,0.000000E+00,0.000000E+00,0.000000E+00,0.000000E+00,0.000000E+00,2.110805E+01,7.994495E+01,2.388800E+01,5.639220E+01
12:43:00,8.011055E+03,2.001447E+03,5.577935E-01,1.767590E-01,0.000000E+00,0.000000E+00,0.000000E+00,0.000000E+00,0.000000E+00,0.000000E+00,0.000000E+00,0.000000E+00,2.110805E+01,7.994495E+01,2.388799E+01,5.637757E+01
12:44:00,8.011055E+03,2.004479E+03,5.577935E-01,1.770267E-01,0.000000E+00,0.000000E+00,0.000000E+00,0.000000E+00,0.000000E+00,0.000000E+00,0.000000E+00,0.000000E+00,2.110805E+01,7.994495E+01,2.388799E+01,5.636302E+01
12:45:00,8.011055E+03,2.007494E+03,5.577935E-01,1.772930E-01,0.000000E+00,0.000000E+00,0.000000E+00,0.000000E+00,0.000000E+00,0.000000E+00,0.000000E+00,0.000000E+00,2.110805E+01,7.994495E+01,2.388799E+01,5.634854E+01
12:46:00,8.011055E+03,2.010493E+03,5.577935E-01,1.775579E-01,0.000000E+00,0.000000E+00,0.000000E+00,0.000000E+00,0.000000E+00,0.000000E+00,0.000000E+00,0.000000E+00,2.110805E+01,7.994495E+01,2.388799E+01,5.633415E+01
12:47:00,8.011055E+03,2.013477E+03,5.577935E-01,1.778214E-01,0.000000E+00,0.000000E+00,0.000000E+00,0.000000E+00,0.000000E+00,0.000000E+00,0.000000E+00,0.000000E+00,2.110805E+01,7.994495E+01,2.388799E+01,5.631983E+01
12:48:00,8.011055E+03,2.016445E+03,5.577935E-01,1.780835E-01,0.000000E+00,0.000000E+00,0.000000E+00,0.000000E+00,0.000000E+00,0.000000E+00,0.000000E+00,0.000000E+00,2.110805E+01,7.994495E+01,2.388799E+01,5.630558E+01
12:49:00,8.011055E+03,2.019397E+03,5.577935E-01,1.783443E-01,0.000000E+00,0.000000E+00,0.000000E+00,0.000000E+00,0.000000E+00,0.000000E+00,0.000000E+00,0.000000E+00,2.110805E+01,7.994495E+01,2.388799E+01,5.629141E+01
12:50:00,8.011055E+03,2.022334E+03,5.577935E-01,1.786036E-01,0.000000E+00,0.000000E+00,0.000000E+00,0.000000E+00,0.000000E+00,0.000000E+00,0.000000E+00,0.000000E+00,2.110805E+01,7.994495E+01,2.388799E+01,5.627732E+01
12:51:00,8.011055E+03,2.025255E+03,5.577935E-01,1.788616E-01,0.000000E+00,0.000000E+00,0.000000E+00,0.000000E+00,0.000000E+00,0.000000E+00,0.000000E+00,0.000000E+00,2.110805E+01,7.994495E+01,2.388799E+01,5.626329E+01
12:52:00,8.011055E+03,2.028161E+03,5.577935E-01,1.791183E-01,0.000000E+00,0.000000E+00,0.000000E+00,0.000000E+00,0.000000E+00,0.000000E+00,0.000000E+00,0.000000E+00,2.110805E+01,7.994495E+01,2.388799E+01,5.624934E+01
12:53:00,8.011055E+03,2.031051E+03,5.577935E-01,1.793735E-01,0.000000E+00,0.000000E+00,0.000000E+00,0.000000E+00,0.000000E+00,0.000000E+00,0.000000E+00,0.000000E+00,2.110805E+01,7.994495E+01,2.388799E+01,5.623546E+01
12:54:00,8.011055E+03,2.033926E+03,5.577935E-01,1.796274E-01,0.000000E+00,0.000000E+00,0.000000E+00,0.000000E+00,0.000000E+00,0.000000E+00,0.000000E+00,0.000000E+00,2.110805E+01,7.994495E+01,2.388799E+01,5.622164E+01
12:55:00,8.011055E+03,2.036786E+03,5.577935E-01,1.798800E-01,0.000000E+00,0.000000E+00,0.000000E+00,0.000000E+00,0.000000E+00,0.000000E+00,0.000000E+00,0.000000E+00,2.110805E+01,7.994495E+01,2.388799E+01,5.620789E+01
12:56:00,8.011055E+03,2.039630E+03,5.577935E-01,1.801312E-01,0.000000E+00,0.000000E+00,0.000000E+00,0.000000E+00,0.000000E+00,0.000000E+00,0.000000E+00,0.000000E+00,2.110805E+01,7.994495E+01,2.388799E+01,5.619422E+01
12:57:00,8.011055E+03,2.042459E+03,5.577935E-01,1.803810E-01,0.000000E+00,0.000000E+00,0.000000E+00,0.000000E+00,0.000000E+00,0.000000E+00,0.000000E+00,0.000000E+00,2.110805E+01,7.994495E+01,2.388799E+01,5.618061E+01
12:58:00,8.011055E+03,2.045272E+03,5.577935E-01,1.806295E-01,0.000000E+00,0.000000E+00,0.000000E+00,0.000000E+00,0.000000E+00,0.000000E+00,0.000000E+00,0.000000E+00,2.110805E+01,7.994495E+01,2.388799E+01,5.616706E+01
12:59:00,8.011055E+03,2.048071E+03,5.577935E-01,1.808767E-01,0.000000E+00,0.000000E+00,0.000000E+00,0.000000E+00,0.000000E+00,0.000000E+00,0.000000E+00,0.000000E+00,2.110805E+01,7.994495E+01,2.388799E+01,5.615358E+01
13:00:00,8.011055E+03,2.050854E+03,5.577935E-01,1.811225E-01,0.000000E+00,0.000000E+00,0.000000E+00,0.000000E+00,0.000000E+00,0.000000E+00,0.000000E+00,0.000000E+00,2.110805E+01,7.994495E+01,2.388799E+01,5.614018E+01
13:01:00,8.011055E+03,2.053619E+03,5.577935E-01,1.813667E-01,0.000000E+00,0.000000E+00,0.000000E+00,0.000000E+00,0.000000E+00,0.000000E+00,0.000000E+00,0.000000E+00,2.110805E+01,7.994495E+01,2.388799E+01,5.612683E+01
13:02:00,8.011055E+03,2.056367E+03,5.577935E-01,1.816093E-01,0.000000E+00,0.000000E+00,0.000000E+00,0.000000E+00,0.000000E+00,0.000000E+00,0.000000E+00,0.000000E+00,2.110805E+01,7.994495E+01,2.388799E+01,5.611362E+01
13:03:00,8.011055E+03,2.059096E+03,5.577935E-01,1.818504E-01,0.000000E+00,0.000000E+00,0.000000E+00,0.000000E+00,0.000000E+00,0.000000E+00,0.000000E+00,0.000000E+00,2.110805E+01,7.994495E+01,2.388799E+01,5.610055E+01
13:04:00,8.011055E+03,2.061808E+03,5.577935E-01,1.820899E-01,0.000000E+00,0.000000E+00,0.000000E+00,0.000000E+00,0.000000E+00,0.000000E+00,0.000000E+00,0.000000E+00,2.110805E+01,7.994495E+01,2.388799E+01,5.608766E+01
13:05:00,8.011055E+03,2.064503E+03,5.577935E-01,1.823279E-01,0.000000E+00,0.000000E+00,0.000000E+00,0.000000E+00,0.000000E+00,0.000000E+00,0.000000E+00,0.000000E+00,2.110805E+01,7.994495E+01,2.388799E+01,5.607492E+01
13:06:00,8.011055E+03,2.067180E+03,5.577935E-01,1.825643E-01,0.000000E+00,0.000000E+00,0.000000E+00,0.000000E+00,0.000000E+00,0.000000E+00,0.000000E+00,0.000000E+00,2.110805E+01,7.994495E+01,2.388799E+01,5.606233E+01
13:07:00,8.011055E+03,2.069839E+03,5.577935E-01,1.827991E-01,0.000000E+00,0.000000E+00,0.000000E+00,0.000000E+00,0.000000E+00,0.000000E+00,0.000000E+00,0.000000E+00,2.110805E+01,7.994495E+01,2.388799E+01,5.604990E+01
13:08:00,8.011055E+03,2.072480E+03,5.577935E-01,1.830324E-01,0.000000E+00,0.000000E+00,0.000000E+00,0.000000E+00,0.000000E+00,0.000000E+00,0.000000E+00,0.000000E+00,2.110805E+01,7.994495E+01,2.388799E+01,5.603761E+01
13:09:00,8.011055E+03,2.075104E+03,5.577935E-01,1.832642E-01,0.000000E+00,0.000000E+00,0.000000E+00,0.000000E+00,0.000000E+00,0.000000E+00,0.000000E+00,0.000000E+00,2.110805E+01,7.994495E+01,2.388799E+01,5.602547E+01
13:10:00,8.011055E+03,2.077710E+03,5.577935E-01,1.834943E-01,0.000000E+00,0.000000E+00,0.000000E+00,0.000000E+00,0.000000E+00,0.000000E+00,0.000000E+00,0.000000E+00,2.110805E+01,7.994495E+01,2.388799E+01,5.601345E+01
13:11:00,8.011055E+03,2.080299E+03,5.577935E-01,1.837230E-01,0.000000E+00,0.000000E+00,0.000000E+00,0.000000E+00,0.000000E+00,0.000000E+00,0.000000E+00,0.000000E+00,2.110805E+01,7.994495E+01,2.388799E+01,5.600157E+01
13:12:00,8.011055E+03,2.082871E+03,5.577935E-01,1.839501E-01,0.000000E+00,0.000000E+00,0.000000E+00,0.000000E+00,0.000000E+00,0.000000E+00,0.000000E+00,0.000000E+00,2.110805E+01,7.994495E+01,2.388799E+01,5.598982E+01
13:13:00,8.011055E+03,2.085425E+03,5.577935E-01,1.841757E-01,0.000000E+00,0.000000E+00,0.000000E+00,0.000000E+00,0.000000E+00,0.000000E+00,0.000000E+00,0.000000E+00,2.110805E+01,7.994495E+01,2.388799E+01,5.597819E+01
13:14:00,8.011055E+03,2.087962E+03,5.577935E-01,1.843998E-01,0.000000E+00,0.000000E+00,0.000000E+00,0.000000E+00,0.000000E+00,0.000000E+00,0.000000E+00,0.000000E+00,2.110805E+01,7.994495E+01,2.388799E+01,5.596669E+01
13:15:00,8.011055E+03,2.090482E+03,5.577935E-01,1.846223E-01,0.000000E+00,0.000000E+00,0.000000E+00,0.000000E+00,0.000000E+00,0.000000E+00,0.000000E+00,0.000000E+00,2.110805E+01,7.994495E+01,2.388799E+01,5.595530E+01
13:16:00,8.011055E+03,2.092985E+03,5.577935E-01,1.848433E-01,0.000000E+00,0.000000E+00,0.000000E+00,0.000000E+00,0.000000E+00,0.000000E+00,0.000000E+00,0.000000E+00,2.110805E+01,7.994495E+01,2.388799E+01,5.594404E+01
13:17:00,8.011055E+03,2.095470E+03,5.577935E-01,1.850628E-01,0.000000E+00,0.000000E+00,0.000000E+00,0.000000E+00,0.000000E+00,0.000000E+00,0.000000E+00,0.000000E+00,2.110805E+01,7.994495E+01,2.388799E+01,5.593288E+01
13:18:00,8.011055E+03,2.097938E+03,5.577935E-01,1.852808E-01,0.000000E+00,0.000000E+00,0.000000E+00,0.000000E+00,0.000000E+00,0.000000E+00,0.000000E+00,0.000000E+00,2.110805E+01,7.994495E+01,2.388799E+01,5.592183E+01
13:19:00,8.011055E+03,2.100390E+03,5.577935E-01,1.854973E-01,0.000000E+00,0.000000E+00,0.000000E+00,0.000000E+00,0.000000E+00,0.000000E+00,0.000000E+00,0.000000E+00,2.110805E+01,7.994495E+01,2.388799E+01,5.591089E+01
13:20:00,8.011055E+03,2.102824E+03,5.577935E-01,1.857123E-01,0.000000E+00,0.000000E+00,0.000000E+00,0.000000E+00,0.000000E+00,0.000000E+00,0.000000E+00,0.000000E+00,2.110805E+01,7.994495E+01,2.388799E+01,5.590006E+01
13:21:00,8.011055E+03,2.105242E+03,5.577935E-01,1.859259E-01,0.000000E+00,0.000000E+00,0.000000E+00,0.000000E+00,0.000000E+00,0.000000E+00,0.000000E+00,0.000000E+00,2.110805E+01,7.994495E+01,2.388799E+01,5.588933E+01
13:22:00,8.011055E+03,2.107645E+03,5.577935E-01,1.861380E-01,0.000000E+00,0.000000E+00,0.000000E+00,0.000000E+00,0.000000E+00,0.000000E+00,0.000000E+00,0.000000E+00,2.110805E+01,7.994495E+01,2.388799E+01,5.587869E+01
13:23:00,8.011055E+03,2.110032E+03,5.577935E-01,1.863489E-01,0.000000E+00,0.000000E+00,0.000000E+00,0.000000E+00,0.000000E+00,0.000000E+00,0.000000E+00,0.000000E+00,2.110805E+01,7.994495E+01,2.388799E+01,5.586817E+01
13:24:00,8.011055E+03,2.112404E+03,5.577935E-01,1.865584E-01,0.000000E+00,0.000000E+00,0.000000E+00,0.000000E+00,0.000000E+00,0.000000E+00,0.000000E+00,0.000000E+00,2.110805E+01,7.994495E+01,2.388799E+01,5.585773E+01
13:25:00,8.011055E+03,2.114762E+03,5.577935E-01,1.867666E-01,0.000000E+00,0.000000E+00,0.000000E+00,0.000000E+00,0.000000E+00,0.000000E+00,0.000000E+00,0.000000E+00,2.110805E+01,7.994495E+01,2.388799E+01,5.584738E+01
13:26:00,8.011055E+03,2.117105E+03,5.577935E-01,1.869736E-01,0.000000E+00,0.000000E+00,0.000000E+00,0.000000E+00,0.000000E+00,0.000000E+00,0.000000E+00,0.000000E+00,2.110805E+01,7.994495E+01,2.388799E+01,5.583713E+01
13:27:00,8.011055E+03,2.119435E+03,5.577935E-01,1.871794E-01,0.000000E+00,0.000000E+00,0.000000E+00,0.000000E+00,0.000000E+00,0.000000E+00,0.000000E+00,0.000000E+00,2.110805E+01,7.994495E+01,2.388799E+01,5.582697E+01
13:28:00,8.011055E+03,2.121753E+03,5.577935E-01,1.873841E-01,0.000000E+00,0.000000E+00,0.000000E+00,0.000000E+00,0.000000E+00,0.000000E+00,0.000000E+00,0.000000E+00,2.110805E+01,7.994495E+01,2.388799E+01,5.581690E+01
13:29:00,8.011055E+03,2.124057E+03,5.577935E-01,1.875876E-01,0.000000E+00,0.000000E+00,0.000000E+00,0.000000E+00,0.000000E+00,0.000000E+00,0.000000E+00,0.000000E+00,2.110805E+01,7.994495E+01,2.388799E+01,5.580691E+01
13:30:00,8.011055E+03,2.126348E+03,5.577935E-01,1.877899E-01,0.000000E+00,0.000000E+00,0.000000E+00,0.000000E+00,0.000000E+00,0.000000E+00,0.000000E+00,0.000000E+00,2.110805E+01,7.994495E+01,2.388799E+01,5.579701E+01
13:31:00,8.011055E+03,2.128627E+03,5.577935E-01,1.879912E-01,0.000000E+00,0.000000E+00,0.000000E+00,0.000000E+00,0.000000E+00,0.000000E+00,0.000000E+00,0.000000E+00,2.110805E+01,7.994495E+01,2.388799E+01,5.578718E+01
13:32:00,8.011055E+03,2.130894E+03,5.577935E-01,1.881913E-01,0.000000E+00,0.000000E+00,0.000000E+00,0.000000E+00,0.000000E+00,0.000000E+00,0.000000E+00,0.000000E+00,2.110805E+01,7.994495E+01,2.388799E+01,5.577744E+01
13:33:00,8.011055E+03,2.133147E+03,5.577935E-01,1.883903E-01,0.000000E+00,0.000000E+00,0.000000E+00,0.000000E+00,0.000000E+00,0.000000E+00,0.000000E+00,0.000000E+00,2.110805E+01,7.994495E+01,2.388799E+01,5.576778E+01
13:34:00,8.011055E+03,2.135385E+03,5.577935E-01,1.885880E-01,0.000000E+00,0.000000E+00,0.000000E+00,0.000000E+00,0.000000E+00,0.000000E+00,0.000000E+00,0.000000E+00,2.110805E+01,7.994495E+01,2.388799E+01,5.575820E+01
13:35:00,8.011055E+03,2.137609E+03,5.577935E-01,1.887844E-01,0.000000E+00,0.000000E+00,0.000000E+00,0.000000E+00,0.000000E+00,0.000000E+00,0.000000E+00,0.000000E+00,2.110805E+01,7.994495E+01,2.388799E+01,5.574870E+01
13:36:00,8.011055E+03,2.139817E+03,5.577935E-01,1.889794E-01,0.000000E+00,0.000000E+00,0.000000E+00,0.000000E+00,0.000000E+00,0.000000E+00,0.000000E+00,0.000000E+00,2.110805E+01,7.994495E+01,2.388799E+01,5.573927E+01
13:37:00,8.011055E+03,2.142009E+03,5.577935E-01,1.891730E-01,0.000000E+00,0.000000E+00,0.000000E+00,0.000000E+00,0.000000E+00,0.000000E+00,0.000000E+00,0.000000E+00,2.110805E+01,7.994495E+01,2.388799E+01,5.572992E+01
13:38:00,8.011055E+03,2.144185E+03,5.577935E-01,1.893652E-01,0.000000E+00,0.000000E+00,0.000000E+00,0.000000E+00,0.000000E+00,0.000000E+00,0.000000E+00,0.000000E+00,2.110805E+01,7.994495E+01,2.388798E+01,5.572064E+01
13:39:00,8.011055E+03,2.146346E+03,5.577935E-01,1.895560E-01,0.000000E+00,0.000000E+00,0.000000E+00,0.000000E+00,0.000000E+00,0.000000E+00,0.000000E+00,0.000000E+00,2.110805E+01,7.994495E+01,2.388798E+01,5.571143E+01
13:40:00,8.011055E+03,2.148490E+03,5.577935E-01,1.897454E-01,0.000000E+00,0.000000E+00,0.000000E+00,0.000000E+00,0.000000E+00,0.000000E+00,0.000000E+00,0.000000E+00,2.110805E+01,7.994495E+01,2.388798E+01,5.570230E+01
13:41:00,8.011055E+03,2.150618E+03,5.577935E-01,1.899333E-01,0.000000E+00,0.000000E+00,0.000000E+00,0.000000E+00,0.000000E+00,0.000000E+00,0.000000E+00,0.000000E+00,2.110805E+01,7.994495E+01,2.388798E+01,5.569323E+01
13:42:00,8.011055E+03,2.152729E+03,5.577935E-01,1.901198E-01,0.000000E+00,0.000000E+00,0.000000E+00,0.000000E+00,0.000000E+00,0.000000E+00,0.000000E+00,0.000000E+00,2.110805E+01,7.994495E+01,2.388798E+01,5.568422E+01
13:43:00,8.011055E+03,2.154824E+03,5.577935E-01,1.903048E-01,0.000000E+00,0.000000E+00,0.000000E+00,0.000000E+00,0.000000E+00,0.000000E+00,0.000000E+00,0.000000E+00,2.110805E+01,7.994495E+01,2.388798E+01,5.567529E+01
13:44:00,8.011055E+03,2.156902E+03,5.577935E-01,1.904883E-01,0.000000E+00,0.000000E+00,0.000000E+00,0.000000E+00,0.000000E+00,0.000000E+00,0.000000E+00,0.000000E+00,2.110805E+01,7.994495E+01,2.388798E+01,5.566643E+01
13:45:00,8.011055E+03,2.158964E+03,5.577935E-01,1.906704E-01,0.000000E+00,0.000000E+00,0.000000E+00,0.000000E+00,0.000000E+00,0.000000E+00,0.000000E+00,0.000000E+00,2.110805E+01,7.994495E+01,2.388798E+01,5.565763E+01
13:46:00,8.011055E+03,2.161009E+03,5.577935E-01,1.908510E-01,0.000000E+00,0.000000E+00,0.000000E+00,0.000000E+00,0.000000E+00,0.000000E+00,0.000000E+00,0.000000E+00,2.110805E+01,7.994495E+01,2.388798E+01,5.564889E+01
13:47:00,8.011055E+03,2.163038E+03,5.577935E-01,1.910302E-01,0.000000E+00,0.000000E+00,0.000000E+00,0.000000E+00,0.000000E+00,0.000000E+00,0.000000E+00,0.000000E+00,2.110805E+01,7.994495E+01,2.388798E+01,5.564022E+01
13:48:00,8.011055E+03,2.165050E+03,5.577935E-01,1.912079E-01,0.000000E+00,0.000000E+00,0.000000E+00,0.000000E+00,0.000000E+00,0.000000E+00,0.000000E+00,0.000000E+00,2.110805E+01,7.994495E+01,2.388798E+01,5.563161E+01
13:49:00,8.011055E+03,2.167045E+03,5.577935E-01,1.913841E-01,0.000000E+00,0.000000E+00,0.000000E+00,0.000000E+00,0.000000E+00,0.000000E+00,0.000000E+00,0.000000E+00,2.110805E+01,7.994495E+01,2.388798E+01,5.562306E+01
13:50:00,8.011055E+03,2.169023E+03,5.577935E-01,1.915588E-01,0.000000E+00,0.000000E+00,0.000000E+00,0.000000E+00,0.000000E+00,0.000000E+00,0.000000E+00,0.000000E+00,2.110805E+01,7.994495E+01,2.388798E+01,5.561458E+01
13:51:00,8.011055E+03,2.170985E+03,5.577935E-01,1.917321E-01,0.000000E+00,0.000000E+00,0.000000E+00,0.000000E+00,0.000000E+00,0.000000E+00,0.000000E+00,0.000000E+00,2.110805E+01,7.994495E+01,2.388798E+01,5.560615E+01
13:52:00,8.011055E+03,2.172930E+03,5.577935E-01,1.919038E-01,0.000000E+00,0.000000E+00,0.000000E+00,0.000000E+00,0.000000E+00,0.000000E+00,0.000000E+00,0.000000E+00,2.110805E+01,7.994495E+01,2.388798E+01,5.559778E+01
13:53:00,8.011055E+03,2.174858E+03,5.577935E-01,1.920741E-01,0.000000E+00,0.000000E+00,0.000000E+00,0.000000E+00,0.000000E+00,0.000000E+00,0.000000E+00,0.000000E+00,2.110805E+01,7.994495E+01,2.388798E+01,5.558948E+01
13:54:00,8.011055E+03,2.176769E+03,5.577935E-01,1.922429E-01,0.000000E+00,0.000000E+00,0.000000E+00,0.000000E+00,0.000000E+00,0.000000E+00,0.000000E+00,0.000000E+00,2.110805E+01,7.994495E+01,2.388798E+01,5.558122E+01
13:55:00,8.011055E+03,2.178663E+03,5.577935E-01,1.924102E-01,0.000000E+00,0.000000E+00,0.000000E+00,0.000000E+00,0.000000E+00,0.000000E+00,0.000000E+00,0.000000E+00,2.110805E+01,7.994495E+01,2.388798E+01,5.557303E+01
13:56:00,8.011055E+03,2.180540E+03,5.577935E-01,1.925760E-01,0.000000E+00,0.000000E+00,0.000000E+00,0.000000E+00,0.000000E+00,0.000000E+00,0.000000E+00,0.000000E+00,2.110805E+01,7.994495E+01,2.388798E+01,5.556490E+01
13:57:00,8.011055E+03,2.182401E+03,5.577935E-01,1.927403E-01,0.000000E+00,0.000000E+00,0.000000E+00,0.000000E+00,0.000000E+00,0.000000E+00,0.000000E+00,0.000000E+00,2.110805E+01,7.994495E+01,2.388798E+01,5.555682E+01
13:58:00,8.011055E+03,2.184244E+03,5.577935E-01,1.929031E-01,0.000000E+00,0.000000E+00,0.000000E+00,0.000000E+00,0.000000E+00,0.000000E+00,0.000000E+00,0.000000E+00,2.110805E+01,7.994495E+01,2.388798E+01,5.554880E+01
13:59:00,8.011055E+03,2.186071E+03,5.577935E-01,1.930645E-01,0.000000E+00,0.000000E+00,0.000000E+00,0.000000E+00,0.000000E+00,0.000000E+00,0.000000E+00,0.000000E+00,2.110805E+01,7.994495E+01,2.388798E+01,5.554083E+01
14:00:00,8.011055E+03,2.187881E+03,5.577935E-01,1.932243E-01,0.000000E+00,0.000000E+00,0.000000E+00,0.000000E+00,0.000000E+00,0.000000E+00,0.000000E+00,0.000000E+00,2.110805E+01,7.994495E+01,2.388798E+01,5.553291E+01
14:01:00,8.011055E+03,2.189669E+03,5.577935E-01,1.933822E-01,0.000000E+00,0.000000E+00,0.000000E+00,0.000000E+00,0.000000E+00,0.000000E+00,0.000000E+00,0.000000E+00,2.110805E+01,7.994495E+01,2.388798E+01,5.552505E+01
14:02:00,8.011055E+03,2.191440E+03,5.577935E-01,1.935386E-01,0.000000E+00,0.000000E+00,0.000000E+00,0.000000E+00,0.000000E+00,0.000000E+00,0.000000E+00,0.000000E+00,2.110805E+01,7.994495E+01,2.388798E+01,5.551733E+01
14:03:00,8.011055E+03,2.193195E+03,5.577935E-01,1.936936E-01,0.000000E+00,0.000000E+00,0.000000E+00,0.000000E+00,0.000000E+00,0.000000E+00,0.000000E+00,0.000000E+00,2.110805E+01,7.994495E+01,2.388798E+01,5.550978E+01
14:04:00,8.011055E+03,2.194935E+03,5.577935E-01,1.938473E-01,0.000000E+00,0.000000E+00,0.000000E+00,0.000000E+00,0.000000E+00,0.000000E+00,0.000000E+00,0.000000E+00,2.110805E+01,7.994495E+01,2.388798E+01,5.550237E+01
14:05:00,8.011055E+03,2.196660E+03,5.577935E-01,1.939997E-01,0.000000E+00,0.000000E+00,0.000000E+00,0.000000E+00,0.000000E+00,0.000000E+00,0.000000E+00,0.000000E+00,2.110805E+01,7.994495E+01,2.388798E+01,5.549509E+01
14:06:00,8.011055E+03,2.198370E+03,5.577935E-01,1.941507E-01,0.000000E+00,0.000000E+00,0.000000E+00,0.000000E+00,0.000000E+00,0.000000E+00,0.000000E+00,0.000000E+00,2.110805E+01,7.994495E+01,2.388798E+01,5.548794E+01
14:07:00,8.011055E+03,2.200065E+03,5.577935E-01,1.943004E-01,0.000000E+00,0.000000E+00,0.000000E+00,0.000000E+00,0.000000E+00,0.000000E+00,0.000000E+00,0.000000E+00,2.110805E+01,7.994495E+01,2.388798E+01,5.548089E+01
14:08:00,8.011055E+03,2.201746E+03,5.577935E-01,1.944488E-01,0.000000E+00,0.000000E+00,0.000000E+00,0.000000E+00,0.000000E+00,0.000000E+00,0.000000E+00,0.000000E+00,2.110805E+01,7.994495E+01,2.388798E+01,5.547396E+01
14:09:00,8.011055E+03,2.203411E+03,5.577935E-01,1.945959E-01,0.000000E+00,0.000000E+00,0.000000E+00,0.000000E+00,0.000000E+00,0.000000E+00,0.000000E+00,0.000000E+00,2.110805E+01,7.994495E+01,2.388798E+01,5.546712E+01
14:10:00,8.011055E+03,2.205062E+03,5.577935E-01,1.947417E-01,0.000000E+00,0.000000E+00,0.000000E+00,0.000000E+00,0.000000E+00,0.000000E+00,0.000000E+00,0.000000E+00,2.110805E+01,7.994495E+01,2.388798E+01,5.546039E+01
14:11:00,8.011055E+03,2.206699E+03,5.577935E-01,1.948862E-01,0.000000E+00,0.000000E+00,0.000000E+00,0.000000E+00,0.000000E+00,0.000000E+00,0.000000E+00,0.000000E+00,2.110805E+01,7.994495E+01,2.388798E+01,5.545375E+01
14:12:00,8.011055E+03,2.208320E+03,5.577935E-01,1.950294E-01,0.000000E+00,0.000000E+00,0.000000E+00,0.000000E+00,0.000000E+00,0.000000E+00,0.000000E+00,0.000000E+00,2.110805E+01,7.994495E+01,2.388798E+01,5.544721E+01
14:13:00,8.011055E+03,2.209927E+03,5.577935E-01,1.951713E-01,0.000000E+00,0.000000E+00,0.000000E+00,0.000000E+00,0.000000E+00,0.000000E+00,0.000000E+00,0.000000E+00,2.110805E+01,7.994495E+01,2.388798E+01,5.544076E+01
14:14:00,8.011055E+03,2.211520E+03,5.577935E-01,1.953120E-01,0.000000E+00,0.000000E+00,0.000000E+00,0.000000E+00,0.000000E+00,0.000000E+00,0.000000E+00,0.000000E+00,2.110805E+01,7.994495E+01,2.388798E+01,5.543440E+01
14:15:00,8.011055E+03,2.213098E+03,5.577935E-01,1.954514E-01,0.000000E+00,0.000000E+00,0.000000E+00,0.000000E+00,0.000000E+00,0.000000E+00,0.000000E+00,0.000000E+00,2.110805E+01,7.994495E+01,2.388798E+01,5.542812E+01
14:16:00,8.011055E+03,2.214662E+03,5.577935E-01,1.955895E-01,0.000000E+00,0.000000E+00,0.000000E+00,0.000000E+00,0.000000E+00,0.000000E+00,0.000000E+00,0.000000E+00,2.110805E+01,7.994495E+01,2.388798E+01,5.542192E+01
14:17:00,8.011055E+03,2.216211E+03,5.577935E-01,1.957263E-01,0.000000E+00,0.000000E+00,0.000000E+00,0.000000E+00,0.000000E+00,0.000000E+00,0.000000E+00,0.000000E+00,2.110805E+01,7.994495E+01,2.388798E+01,5.541580E+01
14:18:00,8.011055E+03,2.217746E+03,5.577935E-01,1.958619E-01,0.000000E+00,0.000000E+00,0.000000E+00,0.000000E+00,0.000000E+00,0.000000E+00,0.000000E+00,0.000000E+00,2.110805E+01,7.994495E+01,2.388798E+01,5.540976E+01
14:19:00,8.011055E+03,2.219268E+03,5.577935E-01,1.959963E-01,0.000000E+00,0.000000E+00,0.000000E+00,0.000000E+00,0.000000E+00,0.000000E+00,0.000000E+00,0.000000E+00,2.110805E+01,7.994495E+01,2.388798E+01,5.540380E+01
14:20:00,8.011055E+03,2.220775E+03,5.577935E-01,1.961294E-01,0.000000E+00,0.000000E+00,0.000000E+00,0.000000E+00,0.000000E+00,0.000000E+00,0.000000E+00,0.000000E+00,2.110805E+01,7.994495E+01,2.388798E+01,5.539790E+01
14:21:00,8.011055E+03,2.222268E+03,5.577935E-01,1.962612E-01,0.000000E+00,0.000000E+00,0.000000E+00,0.000000E+00,0.000000E+00,0.000000E+00,0.000000E+00,0.000000E+00,2.110805E+01,7.994495E+01,2.388798E+01,5.539208E+01
14:22:00,8.011055E+03,2.223747E+03,5.577935E-01,1.963918E-01,0.000000E+00,0.000000E+00,0.000000E+00,0.000000E+00,0.000000E+00,0.000000E+00,0.000000E+00,0.000000E+00,2.110805E+01,7.994495E+01,2.388798E+01,5.538632E+01
14:23:00,8.011055E+03,2.225211E+03,5.577935E-01,1.965212E-01,0.000000E+00,0.000000E+00,0.000000E+00,0.000000E+00,0.000000E+00,0.000000E+00,0.000000E+00,0.000000E+00,2.110805E+01,7.994495E+01,2.388798E+01,5.538064E+01
14:24:00,8.011055E+03,2.226662E+03,5.577935E-01,1.966493E-01,0.000000E+00,0.000000E+00,0.000000E+00,0.000000E+00,0.000000E+00,0.000000E+00,0.000000E+00,0.000000E+00,2.110805E+01,7.994495E+01,2.388798E+01,5.537502E+01
14:25:00,8.011055E+03,2.228099E+03,5.577935E-01,1.967762E-01,0.000000E+00,0.000000E+00,0.000000E+00,0.000000E+00,0.000000E+00,0.000000E+00,0.000000E+00,0.000000E+00,2.110805E+01,7.994495E+01,2.388798E+01,5.536946E+01
14:26:00,8.011055E+03,2.229522E+03,5.577935E-01,1.969019E-01,0.000000E+00,0.000000E+00,0.000000E+00,0.000000E+00,0.000000E+00,0.000000E+00,0.000000E+00,0.000000E+00,2.110805E+01,7.994495E+01,2.388798E+01,5.536396E+01
14:27:00,8.011055E+03,2.230932E+03,5.577935E-01,1.970264E-01,0.000000E+00,0.000000E+00,0.000000E+00,0.000000E+00,0.000000E+00,0.000000E+00,0.000000E+00,0.000000E+00,2.110805E+01,7.994495E+01,2.388798E+01,5.535852E+01
14:28:00,8.011055E+03,2.232327E+03,5.577935E-01,1.971496E-01,0.000000E+00,0.000000E+00,0.000000E+00,0.000000E+00,0.000000E+00,0.000000E+00,0.000000E+00,0.000000E+00,2.110805E+01,7.994495E+01,2.388798E+01,5.535314E+01
14:29:00,8.011055E+03,2.233709E+03,5.577935E-01,1.972716E-01,0.000000E+00,0.000000E+00,0.000000E+00,0.000000E+00,0.000000E+00,0.000000E+00,0.000000E+00,0.000000E+00,2.110805E+01,7.994495E+01,2.388798E+01,5.534782E+01
14:30:00,8.011055E+03,2.235077E+03,5.577935E-01,1.973925E-01,0.000000E+00,0.000000E+00,0.000000E+00,0.000000E+00,0.000000E+00,0.000000E+00,0.000000E+00,0.000000E+00,2.110805E+01,7.994495E+01,2.388798E+01,5.534255E+01
14:31:00,8.011055E+03,2.236431E+03,5.577935E-01,1.975121E-01,0.000000E+00,0.000000E+00,0.000000E+00,0.000000E+00,0.000000E+00,0.000000E+00,0.000000E+00,0.000000E+00,2.110805E+01,7.994495E+01,2.388798E+01,5.533734E+01
14:32:00,8.011055E+03,2.237771E+03,5.577935E-01,1.976305E-01,0.000000E+00,0.000000E+00,0.000000E+00,0.000000E+00,0.000000E+00,0.000000E+00,0.000000E+00,0.000000E+00,2.110805E+01,7.994495E+01,2.388798E+01,5.533218E+01
14:33:00,8.011055E+03,2.239098E+03,5.577935E-01,1.977476E-01,0.000000E+00,0.000000E+00,0.000000E+00,0.000000E+00,0.000000E+00,0.000000E+00,0.000000E+00,0.000000E+00,2.110805E+01,7.994495E+01,2.388798E+01,5.532707E+01
14:34:00,8.011055E+03,2.240412E+03,5.577935E-01,1.978636E-01,0.000000E+00,0.000000E+00,0.000000E+00,0.000000E+00,0.000000E+00,0.000000E+00,0.000000E+00,0.000000E+00,2.110805E+01,7.994495E+01,2.388798E+01,5.532202E+01
14:35:00,8.011055E+03,2.241712E+03,5.577935E-01,1.979785E-01,0.000000E+00,0.000000E+00,0.000000E+00,0.000000E+00,0.000000E+00,0.000000E+00,0.000000E+00,0.000000E+00,2.110805E+01,7.994495E+01,2.388798E+01,5.531702E+01
14:36:00,8.011055E+03,2.242999E+03,5.577935E-01,1.980921E-01,0.000000E+00,0.000000E+00,0.000000E+00,0.000000E+00,0.000000E+00,0.000000E+00,0.000000E+00,0.000000E+00,2.110805E+01,7.994495E+01,2.388798E+01,5.531206E+01
14:37:00,8.011055E+03,2.244273E+03,5.577935E-01,1.982046E-01,0.000000E+00,0.000000E+00,0.000000E+00,0.000000E+00,0.000000E+00,0.000000E+00,0.000000E+00,0.000000E+00,2.110805E+01,7.994495E+01,2.388798E+01,5.530715E+01
14:38:00,8.011055E+03,2.245534E+03,5.577935E-01,1.983160E-01,0.000000E+00,0.000000E+00,0.000000E+00,0.000000E+00,0.000000E+00,0.000000E+00,0.000000E+00,0.000000E+00,2.110805E+01,7.994495E+01,2.388798E+01,5.530229E+01
14:39:00,8.011055E+03,2.246782E+03,5.577935E-01,1.984262E-01,0.000000E+00,0.000000E+00,0.000000E+00,0.000000E+00,0.000000E+00,0.000000E+00,0.000000E+00,0.000000E+00,2.110805E+01,7.994495E+01,2.388798E+01,5.529747E+01
14:40:00,8.011055E+03,2.248017E+03,5.577935E-01,1.985353E-01,0.000000E+00,0.000000E+00,0.000000E+00,0.000000E+00,0.000000E+00,0.000000E+00,0.000000E+00,0.000000E+00,2.110805E+01,7.994495E+01,2.388798E+01,5.529268E+01
14:41:00,8.011055E+03,2.249240E+03,5.577935E-01,1.986433E-01,0.000000E+00,0.000000E+00,0.000000E+00,0.000000E+00,0.000000E+00,0.000000E+00,0.000000E+00,0.000000E+00,2.110805E+01,7.994495E+01,2.388798E+01,5.528794E+01
14:42:00,8.011055E+03,2.250450E+03,5.577935E-01,1.987502E-01,0.000000E+00,0.000000E+00,0.000000E+00,0.000000E+00,0.000000E+00,0.000000E+00,0.000000E+00,0.000000E+00,2.110805E+01,7.994495E+01,2.388798E+01,5.528323E+01
14:43:00,8.011055E+03,2.251647E+03,5.577935E-01,1.988559E-01,0.000000E+00,0.000000E+00,0.000000E+00,0.000000E+00,0.000000E+00,0.000000E+00,0.000000E+00,0.000000E+00,2.110805E+01,7.994495E+01,2.388798E+01,5.527856E+01
14:44:00,8.011055E+03,2.252831E+03,5.577935E-01,1.989605E-01,0.000000E+00,0.000000E+00,0.000000E+00,0.000000E+00,0.000000E+00,0.000000E+00,0.000000E+00,0.000000E+00,2.110805E+01,7.994495E+01,2.388798E+01,5.527394E+01
14:45:00,8.011055E+03,2.254003E+03,5.577935E-01,1.990640E-01,0.000000E+00,0.000000E+00,0.000000E+00,0.000000E+00,0.000000E+00,0.000000E+00,0.000000E+00,0.000000E+00,2.110805E+01,7.994495E+01,2.388798E+01,5.526935E+01
14:46:00,8.011055E+03,2.255161E+03,5.577935E-01,1.991663E-01,0.000000E+00,0.000000E+00,0.000000E+00,0.000000E+00,0.000000E+00,0.000000E+00,0.000000E+00,0.000000E+00,2.110805E+01,7.994495E+01,2.388798E+01,5.526480E+01
14:47:00,8.011055E+03,2.256306E+03,5.577935E-01,1.992674E-01,0.000000E+00,0.000000E+00,0.000000E+00,0.000000E+00,0.000000E+00,0.000000E+00,0.000000E+00,0.000000E+00,2.110805E+01,7.994495E+01,2.388798E+01,5.526029E+01
14:48:00,8.011055E+03,2.257439E+03,5.577935E-01,1.993674E-01,0.000000E+00,0.000000E+00,0.000000E+00,0.000000E+00,0.000000E+00,0.000000E+00,0.000000E+00,0.000000E+00,2.110805E+01,7.994495E+01,2.388798E+01,5.525583E+01
14:49:00,8.011055E+03,2.258558E+03,5.577935E-01,1.994663E-01,0.000000E+00,0.000000E+00,0.000000E+00,0.000000E+00,0.000000E+00,0.000000E+00,0.000000E+00,0.000000E+00,2.110805E+01,7.994495E+01,2.388798E+01,5.525140E+01
14:50:00,8.011055E+03,2.259664E+03,5.577935E-01,1.995640E-01,0.000000E+00,0.000000E+00,0.000000E+00,0.000000E+00,0.000000E+00,0.000000E+00,0.000000E+00,0.000000E+00,2.110805E+01,7.994495E+01,2.388798E+01,5.524701E+01
14:51:00,8.011055E+03,2.260758E+03,5.577935E-01,1.996605E-01,0.000000E+00,0.000000E+00,0.000000E+00,0.000000E+00,0.000000E+00,0.000000E+00,0.000000E+00,0.000000E+00,2.110805E+01,7.994495E+01,2.388798E+01,5.524267E+01
14:52:00,8.011055E+03,2.261838E+03,5.577935E-01,1.997559E-01,0.000000E+00,0.000000E+00,0.000000E+00,0.000000E+00,0.000000E+00,0.000000E+00,0.000000E+00,0.000000E+00,2.110805E+01,7.994495E+01,2.388798E+01,5.523837E+01
14:53:00,8.011055E+03,2.262905E+03,5.577935E-01,1.998502E-01,0.000000E+00,0.000000E+00,0.000000E+00,0.000000E+00,0.000000E+00,0.000000E+00,0.000000E+00,0.000000E+00,2.110805E+01,7.994495E+01,2.388798E+01,5.523411E+01
14:54:00,8.011055E+03,2.263959E+03,5.577935E-01,1.999433E-01,0.000000E+00,0.000000E+00,0.000000E+00,0.000000E+00,0.000000E+00,0.000000E+00,0.000000E+00,0.000000E+00,2.110805E+01,7.994495E+01,2.388798E+01,5.522988E+01
14:55:00,8.011055E+03,2.265000E+03,5.577935E-01,2.000352E-01,0.000000E+00,0.000000E+00,0.000000E+00,0.000000E+00,0.000000E+00,0.000000E+00,0.000000E+00,0.000000E+00,2.110805E+01,7.994495E+01,2.388798E+01,5.522570E+01
14:56:00,8.011055E+03,2.266028E+03,5.577935E-01,2.001260E-01,0.000000E+00,0.000000E+00,0.000000E+00,0.000000E+00,0.000000E+00,0.000000E+00,0.000000E+00,0.000000E+00,2.110805E+01,7.994495E+01,2.388798E+01,5.522156E+01
14:57:00,8.011055E+03,2.267043E+03,5.577935E-01,2.002156E-01,0.000000E+00,0.000000E+00,0.000000E+00,0.000000E+00,0.000000E+00,0.000000E+00,0.000000E+00,0.000000E+00,2.110805E+01,7.994495E+01,2.388798E+01,5.521746E+01
14:58:00,8.011055E+03,2.268045E+03,5.577935E-01,2.003041E-01,0.000000E+00,0.000000E+00,0.000000E+00,0.000000E+00,0.000000E+00,0.000000E+00,0.000000E+00,0.000000E+00,2.110805E+01,7.994495E+01,2.388798E+01,5.521340E+01
14:59:00,8.011055E+03,2.269033E+03,5.577935E-01,2.003914E-01,0.000000E+00,0.000000E+00,0.000000E+00,0.000000E+00,0.000000E+00,0.000000E+00,0.000000E+00,0.000000E+00,2.110805E+01,7.994495E+01,2.388798E+01,5.520937E+01
15:00:00,8.011055E+03,2.270009E+03,5.577935E-01,2.004775E-01,0.000000E+00,0.000000E+00,0.000000E+00,0.000000E+00,0.000000E+00,0.000000E+00,0.000000E+00,0.000000E+00,2.110805E+01,7.994495E+01,2.388798E+01,5.520539E+01
15:01:00,8.011055E+03,2.270968E+03,5.577935E-01,2.005623E-01,0.000000E+00,0.000000E+00,0.000000E+00,0.000000E+00,0.000000E+00,0.000000E+00,0.000000E+00,0.000000E+00,2.110805E+01,7.994495E+01,2.388798E+01,5.520145E+01
15:02:00,8.011055E+03,2.271861E+03,5.577935E-01,2.006411E-01,0.000000E+00,0.000000E+00,0.000000E+00,0.000000E+00,0.000000E+00,0.000000E+00,0.000000E+00,0.000000E+00,2.110805E+01,7.994495E+01,2.388798E+01,5.519766E+01
15:03:00,8.011055E+03,2.272729E+03,5.577935E-01,2.007178E-01,0.000000E+00,0.000000E+00,0.000000E+00,0.000000E+00,0.000000E+00,0.000000E+00,0.000000E+00,0.000000E+00,2.110805E+01,7.994495E+01,2.388798E+01,5.519435E+01
15:04:00,8.011055E+03,2.273571E+03,5.577935E-01,2.007922E-01,0.000000E+00,0.000000E+00,0.000000E+00,0.000000E+00,0.000000E+00,0.000000E+00,0.000000E+00,0.000000E+00,2.110805E+01,7.994495E+01,2.388798E+01,5.519146E+01
15:05:00,8.011055E+03,2.274389E+03,5.577935E-01,2.008644E-01,0.000000E+00,0.000000E+00,0.000000E+00,0.000000E+00,0.000000E+00,0.000000E+00,0.000000E+00,0.000000E+00,2.110805E+01,7.994495E+01,2.388798E+01,5.518884E+01
15:06:00,8.011055E+03,2.275182E+03,5.577935E-01,2.009345E-01,0.000000E+00,0.000000E+00,0.000000E+00,0.000000E+00,0.000000E+00,0.000000E+00,0.000000E+00,0.000000E+00,2.110805E+01,7.994495E+01,2.388798E+01,5.518644E+01
15:07:00,8.011055E+03,2.275951E+03,5.577935E-01,2.010023E-01,0.000000E+00,0.000000E+00,0.000000E+00,0.000000E+00,0.000000E+00,0.000000E+00,0.000000E+00,0.000000E+00,2.110805E+01,7.994495E+01,2.388798E+01,5.518424E+01
15:08:00,8.011055E+03,2.276694E+03,5.577935E-01,2.010680E-01,0.000000E+00,0.000000E+00,0.000000E+00,0.000000E+00,0.000000E+00,0.000000E+00,0.000000E+00,0.000000E+00,2.110805E+01,7.994495E+01,2.388798E+01,5.518220E+01
15:09:00,8.011055E+03,2.277412E+03,5.577935E-01,2.011314E-01,0.000000E+00,0.000000E+00,0.000000E+00,0.000000E+00,0.000000E+00,0.000000E+00,0.000000E+00,0.000000E+00,2.110805E+01,7.994495E+01,2.388798E+01,5.518034E+01
15:10:00,8.011055E+03,2.278106E+03,5.577935E-01,2.011927E-01,0.000000E+00,0.000000E+00,0.000000E+00,0.000000E+00,0.000000E+00,0.000000E+00,0.000000E+00,0.000000E+00,2.110805E+01,7.994495E+01,2.388798E+01,5.517865E+01
15:11:00,8.011055E+03,2.278775E+03,5.577935E-01,2.012517E-01,0.000000E+00,0.000000E+00,0.000000E+00,0.000000E+00,0.000000E+00,0.000000E+00,0.000000E+00,0.000000E+00,2.110805E+01,7.994495E+01,2.388798E+01,5.517712E+01
15:12:00,8.011055E+03,2.279419E+03,5.577935E-01,2.013086E-01,0.000000E+00,0.000000E+00,0.000000E+00,0.000000E+00,0.000000E+00,0.000000E+00,0.000000E+00,0.000000E+00,2.110805E+01,7.994495E+01,2.388798E+01,5.517574E+01
15:13:00,8.011055E+03,2.280038E+03,5.577935E-01,2.013633E-01,0.000000E+00,0.000000E+00,0.000000E+00,0.000000E+00,0.000000E+00,0.000000E+00,0.000000E+00,0.000000E+00,2.110805E+01,7.994495E+01,2.388798E+01,5.517452E+01
15:14:00,8.011055E+03,2.280632E+03,5.577935E-01,2.014157E-01,0.000000E+00,0.000000E+00,0.000000E+00,0.000000E+00,0.000000E+00,0.000000E+00,0.000000E+00,0.000000E+00,2.110805E+01,7.994495E+01,2.388798E+01,5.517343E+01
15:15:00,8.011055E+03,2.281201E+03,5.577935E-01,2.014660E-01,0.000000E+00,0.000000E+00,0.000000E+00,0.000000E+00,0.000000E+00,0.000000E+00,0.000000E+00,0.000000E+00,2.110805E+01,7.994495E+01,2.388798E+01,5.517249E+01
15:16:00,8.011055E+03,2.281744E+03,5.577935E-01,2.015140E-01,0.000000E+00,0.000000E+00,0.000000E+00,0.000000E+00,0.000000E+00,0.000000E+00,0.000000E+00,0.000000E+00,2.110805E+01,7.994495E+01,2.388798E+01,5.517168E+01
15:17:00,8.011055E+03,2.282262E+03,5.577935E-01,2.015597E-01,0.000000E+00,0.000000E+00,0.000000E+00,0.000000E+00,0.000000E+00,0.000000E+00,0.000000E+00,0.000000E+00,2.110805E+01,7.994495E+01,2.388798E+01,5.517100E+01
15:18:00,8.011055E+03,2.282756E+03,5.577935E-01,2.016033E-01,0.000000E+00,0.000000E+00,0.000000E+00,0.000000E+00,0.000000E+00,0.000000E+00,0.000000E+00,0.000000E+00,2.110805E+01,7.994495E+01,2.388798E+01,5.517044E+01
15:19:00,8.011055E+03,2.283223E+03,5.577935E-01,2.016446E-01,0.000000E+00,0.000000E+00,0.000000E+00,0.000000E+00,0.000000E+00,0.000000E+00,0.000000E+00,0.000000E+00,2.110805E+01,7.994495E+01,2.388799E+01,5.517001E+01
15:20:00,8.011055E+03,2.283666E+03,5.577935E-01,2.016837E-01,0.000000E+00,0.000000E+00,0.000000E+00,0.000000E+00,0.000000E+00,0.000000E+00,0.000000E+00,0.000000E+00,2.110805E+01,7.994495E+01,2.388799E+01,5.516969E+01
15:21:00,8.011055E+03,2.284082E+03,5.577935E-01,2.017205E-01,0.000000E+00,0.000000E+00,0.000000E+00,0.000000E+00,0.000000E+00,0.000000E+00,0.000000E+00,0.000000E+00,2.110805E+01,7.994495E+01,2.388799E+01,5.516948E+01
15:22:00,8.011055E+03,2.284474E+03,5.577935E-01,2.017550E-01,0.000000E+00,0.000000E+00,0.000000E+00,0.000000E+00,0.000000E+00,0.000000E+00,0.000000E+00,0.000000E+00,2.110805E+01,7.994495E+01,2.388799E+01,5.516939E+01
15:23:00,8.011055E+03,2.284839E+03,5.577935E-01,2.017873E-01,0.000000E+00,0.000000E+00,0.000000E+00,0.000000E+00,0.000000E+00,0.000000E+00,0.000000E+00,0.000000E+00,2.110805E+01,7.994495E+01,2.388799E+01,5.516940E+01
15:24:00,8.011055E+03,2.285179E+03,5.577935E-01,2.018173E-01,0.000000E+00,0.000000E+00,0.000000E+00,0.000000E+00,0.000000E+00,0.000000E+00,0.000000E+00,0.000000E+00,2.110805E+01,7.994495E+01,2.388799E+01,5.516952E+01
15:25:00,8.011055E+03,2.285493E+03,5.577935E-01,2.018451E-01,0.000000E+00,0.000000E+00,0.000000E+00,0.000000E+00,0.000000E+00,0.000000E+00,0.000000E+00,0.000000E+00,2.110805E+01,7.994495E+01,2.388799E+01,5.516973E+01
15:26:00,8.011055E+03,2.285782E+03,5.577935E-01,2.018705E-01,0.000000E+00,0.000000E+00,0.000000E+00,0.000000E+00,0.000000E+00,0.000000E+00,0.000000E+00,0.000000E+00,2.110805E+01,7.994495E+01,2.388799E+01,5.517005E+01
15:27:00,8.011055E+03,2.286044E+03,5.577935E-01,2.018937E-01,0.000000E+00,0.000000E+00,0.000000E+00,0.000000E+00,0.000000E+00,0.000000E+00,0.000000E+00,0.000000E+00,2.110805E+01,7.994495E+01,2.388799E+01,5.517046E+01
15:28:00,8.011055E+03,2.286281E+03,5.577935E-01,2.019146E-01,0.000000E+00,0.000000E+00,0.000000E+00,0.000000E+00,0.000000E+00,0.000000E+00,0.000000E+00,0.000000E+00,2.110805E+01,7.994495E+01,2.388799E+01,5.517096E+01
15:29:00,8.011055E+03,2.286491E+03,5.577935E-01,2.019332E-01,0.000000E+00,0.000000E+00,0.000000E+00,0.000000E+00,0.000000E+00,0.000000E+00,0.000000E+00,0.000000E+00,2.110805E+01,7.994495E+01,2.388799E+01,5.517156E+01
15:30:00,8.011055E+03,2.286676E+03,5.577935E-01,2.019495E-01,0.000000E+00,0.000000E+00,0.000000E+00,0.000000E+00,0.000000E+00,0.000000E+00,0.000000E+00,0.000000E+00,2.110805E+01,7.994495E+01,2.388799E+01,5.517224E+01
15:31:00,8.011055E+03,2.286834E+03,5.577935E-01,2.019635E-01,0.000000E+00,0.000000E+00,0.000000E+00,0.000000E+00,0.000000E+00,0.000000E+00,0.000000E+00,0.000000E+00,2.110805E+01,7.994495E+01,2.388799E+01,5.517300E+01
15:32:00,8.011055E+03,2.286967E+03,5.577935E-01,2.019752E-01,0.000000E+00,0.000000E+00,0.000000E+00,0.000000E+00,0.000000E+00,0.000000E+00,0.000000E+00,0.000000E+00,2.110805E+01,7.994495E+01,2.388799E+01,5.517386E+01
15:33:00,8.011055E+03,2.287073E+03,5.577935E-01,2.019845E-01,0.000000E+00,0.000000E+00,0.000000E+00,0.000000E+00,0.000000E+00,0.000000E+00,0.000000E+00,0.000000E+00,2.110805E+01,7.994495E+01,2.388799E+01,5.517479E+01
15:34:00,8.011055E+03,2.287152E+03,5.577935E-01,2.019916E-01,0.000000E+00,0.000000E+00,0.000000E+00,0.000000E+00,0.000000E+00,0.000000E+00,0.000000E+00,0.000000E+00,2.110805E+01,7.994495E+01,2.388799E+01,5.517580E+01
15:35:00,8.011055E+03,2.287206E+03,5.577935E-01,2.019963E-01,0.000000E+00,0.000000E+00,0.000000E+00,0.000000E+00,0.000000E+00,0.000000E+00,0.000000E+00,0.000000E+00,2.110805E+01,7.994495E+01,2.388799E+01,5.517689E+01
15:36:00,8.011055E+03,2.287232E+03,5.577935E-01,2.019986E-01,0.000000E+00,0.000000E+00,0.000000E+00,0.000000E+00,0.000000E+00,0.000000E+00,0.000000E+00,0.000000E+00,2.110805E+01,7.994495E+01,2.388799E+01,5.517806E+01
15:37:00,8.011055E+03,2.287231E+03,5.577935E-01,2.019985E-01,0.000000E+00,0.000000E+00,0.000000E+00,0.000000E+00,0.000000E+00,0.000000E+00,0.000000E+00,0.000000E+00,2.110805E+01,7.994495E+01,2.388799E+01,5.517930E+01
15:38:00,8.011055E+03,2.287204E+03,5.577935E-01,2.019961E-01,0.000000E+00,0.000000E+00,0.000000E+00,0.000000E+00,0.000000E+00,0.000000E+00,0.000000E+00,0.000000E+00,2.110805E+01,7.994495E+01,2.388799E+01,5.518062E+01
15:39:00,8.011055E+03,2.287149E+03,5.577935E-01,2.019912E-01,0.000000E+00,0.000000E+00,0.000000E+00,0.000000E+00,0.000000E+00,0.000000E+00,0.000000E+00,0.000000E+00,2.110805E+01,7.994495E+01,2.388799E+01,5.518201E+01
15:40:00,8.011055E+03,2.287067E+03,5.577935E-01,2.019840E-01,0.000000E+00,0.000000E+00,0.000000E+00,0.000000E+00,0.000000E+00,0.000000E+00,0.000000E+00,0.000000E+00,2.110805E+01,7.994495E+01,2.388799E+01,5.518347E+01
15:41:00,8.011055E+03,2.286957E+03,5.577935E-01,2.019743E-01,0.000000E+00,0.000000E+00,0.000000E+00,0.000000E+00,0.000000E+00,0.000000E+00,0.000000E+00,0.000000E+00,2.110805E+01,7.994495E+01,2.388799E+01,5.518499E+01
15:42:00,8.011055E+03,2.286820E+03,5.577935E-01,2.019622E-01,0.000000E+00,0.000000E+00,0.000000E+00,0.000000E+00,0.000000E+00,0.000000E+00,0.000000E+00,0.000000E+00,2.110805E+01,7.994495E+01,2.388799E+01,5.518659E+01
15:43:00,8.011055E+03,2.286656E+03,5.577935E-01,2.019477E-01,0.000000E+00,0.000000E+00,0.000000E+00,0.000000E+00,0.000000E+00,0.000000E+00,0.000000E+00,0.000000E+00,2.110805E+01,7.994495E+01,2.388799E+01,5.518825E+01
15:44:00,8.011055E+03,2.286465E+03,5.577935E-01,2.019308E-01,0.000000E+00,0.000000E+00,0.000000E+00,0.000000E+00,0.000000E+00,0.000000E+00,0.000000E+00,0.000000E+00,2.110805E+01,7.994495E+01,2.388799E+01,5.518998E+01
15:45:00,8.011055E+03,2.286246E+03,5.577935E-01,2.019115E-01,0.000000E+00,0.000000E+00,0.000000E+00,0.000000E+00,0.000000E+00,0.000000E+00,0.000000E+00,0.000000E+00,2.110805E+01,7.994495E+01,2.388799E+01,5.519178E+01
15:46:00,8.011055E+03,2.286000E+03,5.577935E-01,2.018898E-01,0.000000E+00,0.000000E+00,0.000000E+00,0.000000E+00,0.000000E+00,0.000000E+00,0.000000E+00,0.000000E+00,2.110805E+01,7.994495E+01,2.388799E+01,5.519363E+01
15:47:00,8.011055E+03,2.285727E+03,5.577935E-01,2.018657E-01,0.000000E+00,0.000000E+00,0.000000E+00,0.000000E+00,0.000000E+00,0.000000E+00,0.000000E+00,0.000000E+00,2.110805E+01,7.994495E+01,2.388799E+01,5.519555E+01
15:48:00,8.011055E+03,2.285427E+03,5.577935E-01,2.018392E-01,0.000000E+00,0.000000E+00,0.000000E+00,0.000000E+00,0.000000E+00,0.000000E+00,0.000000E+00,0.000000E+00,2.110805E+01,7.994495E+01,2.388799E+01,5.519753E+01
15:49:00,8.011055E+03,2.285099E+03,5.577935E-01,2.018102E-01,0.000000E+00,0.000000E+00,0.000000E+00,0.000000E+00,0.000000E+00,0.000000E+00,0.000000E+00,0.000000E+00,2.110805E+01,7.994495E+01,2.388799E+01,5.519957E+01
15:50:00,8.011055E+03,2.284745E+03,5.577935E-01,2.017789E-01,0.000000E+00,0.000000E+00,0.000000E+00,0.000000E+00,0.000000E+00,0.000000E+00,0.000000E+00,0.000000E+00,2.110805E+01,7.994495E+01,2.388799E+01,5.520167E+01
15:51:00,8.011055E+03,2.284362E+03,5.577935E-01,2.017451E-01,0.000000E+00,0.000000E+00,0.000000E+00,0.000000E+00,0.000000E+00,0.000000E+00,0.000000E+00,0.000000E+00,2.110805E+01,7.994495E+01,2.388799E+01,5.520383E+01
15:52:00,8.011055E+03,2.283953E+03,5.577935E-01,2.017090E-01,0.000000E+00,0.000000E+00,0.000000E+00,0.000000E+00,0.000000E+00,0.000000E+00,0.000000E+00,0.000000E+00,2.110805E+01,7.994495E+01,2.388799E+01,5.520604E+01
15:53:00,8.011055E+03,2.283516E+03,5.577935E-01,2.016704E-01,0.000000E+00,0.000000E+00,0.000000E+00,0.000000E+00,0.000000E+00,0.000000E+00,0.000000E+00,0.000000E+00,2.110805E+01,7.994495E+01,2.388799E+01,5.520832E+01
15:54:00,8.011055E+03,2.283052E+03,5.577935E-01,2.016294E-01,0.000000E+00,0.000000E+00,0.000000E+00,0.000000E+00,0.000000E+00,0.000000E+00,0.000000E+00,0.000000E+00,2.110805E+01,7.994495E+01,2.388799E+01,5.521065E+01
15:55:00,8.011055E+03,2.282560E+03,5.577935E-01,2.015859E-01,0.000000E+00,0.000000E+00,0.000000E+00,0.000000E+00,0.000000E+00,0.000000E+00,0.000000E+00,0.000000E+00,2.110805E+01,7.994495E+01,2.388799E+01,5.521304E+01
15:56:00,8.011055E+03,2.282040E+03,5.577935E-01,2.015400E-01,0.000000E+00,0.000000E+00,0.000000E+00,0.000000E+00,0.000000E+00,0.000000E+00,0.000000E+00,0.000000E+00,2.110805E+01,7.994495E+01,2.388799E+01,5.521549E+01
15:57:00,8.011055E+03,2.281492E+03,5.577935E-01,2.014916E-01,0.000000E+00,0.000000E+00,0.000000E+00,0.000000E+00,0.000000E+00,0.000000E+00,0.000000E+00,0.000000E+00,2.110805E+01,7.994495E+01,2.388799E+01,5.521799E+01
15:58:00,8.011055E+03,2.280918E+03,5.577935E-01,2.014409E-01,0.000000E+00,0.000000E+00,0.000000E+00,0.000000E+00,0.000000E+00,0.000000E+00,0.000000E+00,0.000000E+00,2.110805E+01,7.994495E+01,2.388799E+01,5.522055E+01
15:59:00,8.011055E+03,2.280316E+03,5.577935E-01,2.013877E-01,0.000000E+00,0.000000E+00,0.000000E+00,0.000000E+00,0.000000E+00,0.000000E+00,0.000000E+00,0.000000E+00,2.110805E+01,7.994495E+01,2.388799E+01,5.522317E+01
16:00:00,8.011055E+03,2.279686E+03,5.577935E-01,2.013321E-01,0.000000E+00,0.000000E+00,0.000000E+00,0.000000E+00,0.000000E+00,0.000000E+00,0.000000E+00,0.000000E+00,2.110805E+01,7.994495E+01,2.388799E+01,5.522584E+01
16:01:00,8.011055E+03,2.279041E+03,5.577935E-01,2.012751E-01,0.000000E+00,0.000000E+00,0.000000E+00,0.000000E+00,0.000000E+00,0.000000E+00,0.000000E+00,0.000000E+00,2.110805E+01,7.994495E+01,2.388799E+01,5.522856E+01
16:02:00,8.011055E+03,2.278424E+03,5.577935E-01,2.012206E-01,0.000000E+00,0.000000E+00,0.000000E+00,0.000000E+00,0.000000E+00,0.000000E+00,0.000000E+00,0.000000E+00,2.110805E+01,7.994495E+01,2.388799E+01,5.523136E+01
16:03:00,8.011055E+03,2.277793E+03,5.577935E-01,2.011649E-01,0.000000E+00,0.000000E+00,0.000000E+00,0.000000E+00,0.000000E+00,0.000000E+00,0.000000E+00,0.000000E+00,2.110805E+01,7.994495E+01,2.388799E+01,5.523427E+01
16:04:00,8.011055E+03,2.277148E+03,5.577935E-01,2.011080E-01,0.000000E+00,0.000000E+00,0.000000E+00,0.000000E+00,0.000000E+00,0.000000E+00,0.000000E+00,0.000000E+00,2.110805E+01,7.994495E+01,2.388799E+01,5.523729E+01
16:05:00,8.011055E+03,2.276489E+03,5.577935E-01,2.010497E-01,0.000000E+00,0.000000E+00,0.000000E+00,0.000000E+00,0.000000E+00,0.000000E+00,0.000000E+00,0.000000E+00,2.110805E+01,7.994495E+01,2.388799E+01,5.524042E+01
16:06:00,8.011055E+03,2.275815E+03,5.577935E-01,2.009902E-01,0.000000E+00,0.000000E+00,0.000000E+00,0.000000E+00,0.000000E+00,0.000000E+00,0.000000E+00,0.000000E+00,2.110805E+01,7.994495E+01,2.388799E+01,5.524365E+01
16:07:00,8.011055E+03,2.275126E+03,5.577935E-01,2.009294E-01,0.000000E+00,0.000000E+00,0.000000E+00,0.000000E+00,0.000000E+00,0.000000E+00,0.000000E+00,0.000000E+00,2.110805E+01,7.994495E+01,2.388799E+01,5.524699E+01
16:08:00,8.011055E+03,2.274423E+03,5.577935E-01,2.008672E-01,0.000000E+00,0.000000E+00,0.000000E+00,0.000000E+00,0.000000E+00,0.000000E+00,0.000000E+00,0.000000E+00,2.110805E+01,7.994495E+01,2.388799E+01,5.525042E+01
16:09:00,8.011055E+03,2.273704E+03,5.577935E-01,2.008038E-01,0.000000E+00,0.000000E+00,0.000000E+00,0.000000E+00,0.000000E+00,0.000000E+00,0.000000E+00,0.000000E+00,2.110805E+01,7.994495E+01,2.388799E+01,5.525394E+01
16:10:00,8.011055E+03,2.272971E+03,5.577935E-01,2.007390E-01,0.000000E+00,0.000000E+00,0.000000E+00,0.000000E+00,0.000000E+00,0.000000E+00,0.000000E+00,0.000000E+00,2.110805E+01,7.994495E+01,2.388800E+01,5.525755E+01
16:11:00,8.011055E+03,2.272223E+03,5.577935E-01,2.006729E-01,0.000000E+00,0.000000E+00,0.000000E+00,0.000000E+00,0.000000E+00,0.000000E+00,0.000000E+00,0.000000E+00,2.110805E+01,7.994495E+01,2.388800E+01,5.526126E+01
16:12:00,8.011055E+03,2.271460E+03,5.577935E-01,2.006055E-01,0.000000E+00,0.000000E+00,0.000000E+00,0.000000E+00,0.000000E+00,0.000000E+00,0.000000E+00,0.000000E+00,2.110805E+01,7.994495E+01,2.388800E+01,5.526504E+01
16:13:00,8.011055E+03,2.270682E+03,5.577935E-01,2.005368E-01,0.000000E+00,0.000000E+00,0.000000E+00,0.000000E+00,0.000000E+00,0.000000E+00,0.000000E+00,0.000000E+00,2.110805E+01,7.994495E+01,2.388800E+01,5.526892E+01
16:14:00,8.011055E+03,2.269889E+03,5.577935E-01,2.004668E-01,0.000000E+00,0.000000E+00,0.000000E+00,0.000000E+00,0.000000E+00,0.000000E+00,0.000000E+00,0.000000E+00,2.110805E+01,7.994495E+01,2.388800E+01,5.527287E+01
16:15:00,8.011055E+03,2.269082E+03,5.577935E-01,2.003955E-01,0.000000E+00,0.000000E+00,0.000000E+00,0.000000E+00,0.000000E+00,0.000000E+00,0.000000E+00,0.000000E+00,2.110805E+01,7.994495E+01,2.388800E+01,5.527690E+01
16:16:00,8.011055E+03,2.268260E+03,5.577935E-01,2.003230E-01,0.000000E+00,0.000000E+00,0.000000E+00,0.000000E+00,0.000000E+00,0.000000E+00,0.000000E+00,0.000000E+00,2.110805E+01,7.994495E+01,2.388800E+01,5.528101E+01
16:17:00,8.011055E+03,2.267424E+03,5.577935E-01,2.002491E-01,0.000000E+00,0.000000E+00,0.000000E+00,0.000000E+00,0.000000E+00,0.000000E+00,0.000000E+00,0.000000E+00,2.110805E+01,7.994495E+01,2.388800E+01,5.528519E+01
16:18:00,8.011055E+03,2.266573E+03,5.577935E-01,2.001739E-01,0.000000E+00,0.000000E+00,0.000000E+00,0.000000E+00,0.000000E+00,0.000000E+00,0.000000E+00,0.000000E+00,2.110805E+01,7.994495E+01,2.388800E+01,5.528944E+01
16:19:00,8.011055E+03,2.265709E+03,5.577935E-01,2.000976E-01,0.000000E+00,0.000000E+00,0.000000E+00,0.000000E+00,0.000000E+00,0.000000E+00,0.000000E+00,0.000000E+00,2.110805E+01,7.994495E+01,2.388800E+01,5.529376E+01
16:20:00,8.011055E+03,2.264832E+03,5.577935E-01,2.000202E-01,0.000000E+00,0.000000E+00,0.000000E+00,0.000000E+00,0.000000E+00,0.000000E+00,0.000000E+00,0.000000E+00,2.110805E+01,7.994495E+01,2.388800E+01,5.529814E+01
16:21:00,8.011055E+03,2.263943E+03,5.577935E-01,1.999417E-01,0.000000E+00,0.000000E+00,0.000000E+00,0.000000E+00,0.000000E+00,0.000000E+00,0.000000E+00,0.000000E+00,2.110805E+01,7.994495E+01,2.388800E+01,5.530256E+01
16:22:00,8.011055E+03,2.263042E+03,5.577935E-01,1.998620E-01,0.000000E+00,0.000000E+00,0.000000E+00,0.000000E+00,0.000000E+00,0.000000E+00,0.000000E+00,0.000000E+00,2.110805E+01,7.994495E+01,2.388800E+01,5.530704E+01
16:23:00,8.011055E+03,2.262128E+03,5.577935E-01,1.997813E-01,0.000000E+00,0.000000E+00,0.000000E+00,0.000000E+00,0.000000E+00,0.000000E+00,0.000000E+00,0.000000E+00,2.110805E+01,7.994495E+01,2.388800E+01,5.531156E+01
16:24:00,8.011055E+03,2.261201E+03,5.577935E-01,1.996995E-01,0.000000E+00,0.000000E+00,0.000000E+00,0.000000E+00,0.000000E+00,0.000000E+00,0.000000E+00,0.000000E+00,2.110805E+01,7.994495E+01,2.388800E+01,5.531611E+01
16:25:00,8.011055E+03,2.260264E+03,5.577935E-01,1.996167E-01,0.000000E+00,0.000000E+00,0.000000E+00,0.000000E+00,0.000000E+00,0.000000E+00,0.000000E+00,0.000000E+00,2.110805E+01,7.994495E+01,2.388800E+01,5.532071E+01
16:26:00,8.011055E+03,2.259314E+03,5.577935E-01,1.995328E-01,0.000000E+00,0.000000E+00,0.000000E+00,0.000000E+00,0.000000E+00,0.000000E+00,0.000000E+00,0.000000E+00,2.110805E+01,7.994495E+01,2.388800E+01,5.532535E+01
16:27:00,8.011055E+03,2.258353E+03,5.577935E-01,1.994479E-01,0.000000E+00,0.000000E+00,0.000000E+00,0.000000E+00,0.000000E+00,0.000000E+00,0.000000E+00,0.000000E+00,2.110805E+01,7.994495E+01,2.388800E+01,5.533003E+01
16:28:00,8.011055E+03,2.257380E+03,5.577935E-01,1.993620E-01,0.000000E+00,0.000000E+00,0.000000E+00,0.000000E+00,0.000000E+00,0.000000E+00,0.000000E+00,0.000000E+00,2.110805E+01,7.994495E+01,2.388800E+01,5.533474E+01
16:29:00,8.011055E+03,2.256396E+03,5.577935E-01,1.992751E-01,0.000000E+00,0.000000E+00,0.000000E+00,0.000000E+00,0.000000E+00,0.000000E+00,0.000000E+00,0.000000E+00,2.110805E+01,7.994495E+01,2.388800E+01,5.533948E+01
16:30:00,8.011055E+03,2.255401E+03,5.577935E-01,1.991872E-01,0.000000E+00,0.000000E+00,0.000000E+00,0.000000E+00,0.000000E+00,0.000000E+00,0.000000E+00,0.000000E+00,2.110805E+01,7.994495E+01,2.388800E+01,5.534426E+01
16:31:00,8.011055E+03,2.254395E+03,5.577935E-01,1.990984E-01,0.000000E+00,0.000000E+00,0.000000E+00,0.000000E+00,0.000000E+00,0.000000E+00,0.000000E+00,0.000000E+00,2.110805E+01,7.994495E+01,2.388800E+01,5.534906E+01
16:32:00,8.011055E+03,2.253378E+03,5.577935E-01,1.990086E-01,0.000000E+00,0.000000E+00,0.000000E+00,0.000000E+00,0.000000E+00,0.000000E+00,0.000000E+00,0.000000E+00,2.110805E+01,7.994495E+01,2.388800E+01,5.535390E+01
16:33:00,8.011055E+03,2.252351E+03,5.577935E-01,1.989178E-01,0.000000E+00,0.000000E+00,0.000000E+00,0.000000E+00,0.000000E+00,0.000000E+00,0.000000E+00,0.000000E+00,2.110805E+01,7.994495E+01,2.388800E+01,5.535877E+01
16:34:00,8.011055E+03,2.251313E+03,5.577935E-01,1.988262E-01,0.000000E+00,0.000000E+00,0.000000E+00,0.000000E+00,0.000000E+00,0.000000E+00,0.000000E+00,0.000000E+00,2.110805E+01,7.994495E+01,2.388800E+01,5.536366E+01
16:35:00,8.011055E+03,2.250264E+03,5.577935E-01,1.987336E-01,0.000000E+00,0.000000E+00,0.000000E+00,0.000000E+00,0.000000E+00,0.000000E+00,0.000000E+00,0.000000E+00,2.110805E+01,7.994495E+01,2.388800E+01,5.536858E+01
16:36:00,8.011055E+03,2.249206E+03,5.577935E-01,1.986401E-01,0.000000E+00,0.000000E+00,0.000000E+00,0.000000E+00,0.000000E+00,0.000000E+00,0.000000E+00,0.000000E+00,2.110805E+01,7.994495E+01,2.388800E+01,5.537353E+01
16:37:00,8.011055E+03,2.248137E+03,5.577935E-01,1.985457E-01,0.000000E+00,0.000000E+00,0.000000E+00,0.000000E+00,0.000000E+00,0.000000E+00,0.000000E+00,0.000000E+00,2.110805E+01,7.994495E+01,2.388800E+01,5.537851E+01
16:38:00,8.011055E+03,2.247058E+03,5.577935E-01,1.984504E-01,0.000000E+00,0.000000E+00,0.000000E+00,0.000000E+00,0.000000E+00,0.000000E+00,0.000000E+00,0.000000E+00,2.110805E+01,7.994495E+01,2.388800E+01,5.538351E+01
16:39:00,8.011055E+03,2.245970E+03,5.577935E-01,1.983543E-01,0.000000E+00,0.000000E+00,0.000000E+00,0.000000E+00,0.000000E+00,0.000000E+00,0.000000E+00,0.000000E+00,2.110805E+01,7.994495E+01,2.388800E+01,5.538854E+01
16:40:00,8.011055E+03,2.244871E+03,5.577935E-01,1.982572E-01,0.000000E+00,0.000000E+00,0.000000E+00,0.000000E+00,0.000000E+00,0.000000E+00,0.000000E+00,0.000000E+00,2.110805E+01,7.994495E+01,2.388800E+01,5.539359E+01
16:41:00,8.011055E+03,2.243763E+03,5.577935E-01,1.981594E-01,0.000000E+00,0.000000E+00,0.000000E+00,0.000000E+00,0.000000E+00,0.000000E+00,0.000000E+00,0.000000E+00,2.110805E+01,7.994495E+01,2.388800E+01,5.539867E+01
16:42:00,8.011055E+03,2.242646E+03,5.577935E-01,1.980607E-01,0.000000E+00,0.000000E+00,0.000000E+00,0.000000E+00,0.000000E+00,0.000000E+00,0.000000E+00,0.000000E+00,2.110805E+01,7.994495E+01,2.388800E+01,5.540377E+01
16:43:00,8.011055E+03,2.241519E+03,5.577935E-01,1.979612E-01,0.000000E+00,0.000000E+00,0.000000E+00,0.000000E+00,0.000000E+00,0.000000E+00,0.000000E+00,0.000000E+00,2.110805E+01,7.994495E+01,2.388800E+01,5.540889E+01
16:44:00,8.011055E+03,2.240382E+03,5.577935E-01,1.978608E-01,0.000000E+00,0.000000E+00,0.000000E+00,0.000000E+00,0.000000E+00,0.000000E+00,0.000000E+00,0.000000E+00,2.110805E+01,7.994495E+01,2.388800E+01,5.541403E+01
16:45:00,8.011055E+03,2.239237E+03,5.577935E-01,1.977596E-01,0.000000E+00,0.000000E+00,0.000000E+00,0.000000E+00,0.000000E+00,0.000000E+00,0.000000E+00,0.000000E+00,2.110805E+01,7.994495E+01,2.388800E+01,5.541920E+01
16:46:00,8.011055E+03,2.238082E+03,5.577935E-01,1.976576E-01,0.000000E+00,0.000000E+00,0.000000E+00,0.000000E+00,0.000000E+00,0.000000E+00,0.000000E+00,0.000000E+00,2.110805E+01,7.994495E+01,2.388800E+01,5.542440E+01
16:47:00,8.011055E+03,2.236918E+03,5.577935E-01,1.975549E-01,0.000000E+00,0.000000E+00,0.000000E+00,0.000000E+00,0.000000E+00,0.000000E+00,0.000000E+00,0.000000E+00,2.110805E+01,7.994495E+01,2.388800E+01,5.542962E+01
16:48:00,8.011055E+03,2.235746E+03,5.577935E-01,1.974513E-01,0.000000E+00,0.000000E+00,0.000000E+00,0.000000E+00,0.000000E+00,0.000000E+00,0.000000E+00,0.000000E+00,2.110805E+01,7.994495E+01,2.388800E+01,5.543485E+01
16:49:00,8.011055E+03,2.234564E+03,5.577935E-01,1.973469E-01,0.000000E+00,0.000000E+00,0.000000E+00,0.000000E+00,0.000000E+00,0.000000E+00,0.000000E+00,0.000000E+00,2.110805E+01,7.994495E+01,2.388800E+01,5.544011E+01
16:50:00,8.011055E+03,2.233374E+03,5.577935E-01,1.972418E-01,0.000000E+00,0.000000E+00,0.000000E+00,0.000000E+00,0.000000E+00,0.000000E+00,0.000000E+00,0.000000E+00,2.110805E+01,7.994495E+01,2.388800E+01,5.544540E+01
16:51:00,8.011055E+03,2.232174E+03,5.577935E-01,1.971359E-01,0.000000E+00,0.000000E+00,0.000000E+00,0.000000E+00,0.000000E+00,0.000000E+00,0.000000E+00,0.000000E+00,2.110805E+01,7.994495E+01,2.388800E+01,5.545071E+01
16:52:00,8.011055E+03,2.230967E+03,5.577935E-01,1.970292E-01,0.000000E+00,0.000000E+00,0.000000E+00,0.000000E+00,0.000000E+00,0.000000E+00,0.000000E+00,0.000000E+00,2.110805E+01,7.994495E+01,2.388800E+01,5.545604E+01
16:53:00,8.011055E+03,2.229750E+03,5.577935E-01,1.969218E-01,0.000000E+00,0.000000E+00,0.000000E+00,0.000000E+00,0.000000E+00,0.000000E+00,0.000000E+00,0.000000E+00,2.110805E+01,7.994495E+01,2.388800E+01,5.546140E+01
16:54:00,8.011055E+03,2.228526E+03,5.577935E-01,1.968137E-01,0.000000E+00,0.000000E+00,0.000000E+00,0.000000E+00,0.000000E+00,0.000000E+00,0.000000E+00,0.000000E+00,2.110805E+01,7.994495E+01,2.388800E+01,5.546677E+01
16:55:00,8.011056E+03,2.227294E+03,5.577935E-01,1.967049E-01,0.000000E+00,0.000000E+00,0.000000E+00,0.000000E+00,0.000000E+00,0.000000E+00,0.000000E+00,0.000000E+00,2.110805E+01,7.994495E+01,2.388800E+01,5.547218E+01
16:56:00,8.011056E+03,2.226054E+03,5.577935E-01,1.965953E-01,0.000000E+00,0.000000E+00,0.000000E+00,0.000000E+00,0.000000E+00,0.000000E+00,0.000000E+00,0.000000E+00,2.110805E+01,7.994495E+01,2.388800E+01,5.547760E+01
16:57:00,8.011056E+03,2.224805E+03,5.577935E-01,1.964850E-01,0.000000E+00,0.000000E+00,0.000000E+00,0.000000E+00,0.000000E+00,0.000000E+00,0.000000E+00,0.000000E+00,2.110805E+01,7.994495E+01,2.388801E+01,5.548306E+01
16:58:00,8.011056E+03,2.223548E+03,5.577935E-01,1.963740E-01,0.000000E+00,0.000000E+00,0.000000E+00,0.000000E+00,0.000000E+00,0.000000E+00,0.000000E+00,0.000000E+00,2.110805E+01,7.994495E+01,2.388801E+01,5.548853E+01
16:59:00,8.011056E+03,2.222283E+03,5.577935E-01,1.962623E-01,0.000000E+00,0.000000E+00,0.000000E+00,0.000000E+00,0.000000E+00,0.000000E+00,0.000000E+00,0.000000E+00,2.110805E+01,7.994495E+01,2.388801E+01,5.549403E+01
17:00:00,8.011056E+03,2.221009E+03,5.577935E-01,1.961498E-01,0.000000E+00,0.000000E+00,0.000000E+00,0.000000E+00,0.000000E+00,0.000000E+00,0.000000E+00,0.000000E+00,2.110805E+01,7.994495E+01,2.388801E+01,5.549956E+01
17:01:00,8.011056E+03,2.219728E+03,5.577935E-01,1.960366E-01,0.000000E+00,0.000000E+00,0.000000E+00,0.000000E+00,0.000000E+00,0.000000E+00,0.000000E+00,0.000000E+00,2.110805E+01,7.994495E+01,2.388801E+01,5.550511E+01
17:02:00,8.011056E+03,2.218438E+03,5.577935E-01,1.959227E-01,0.000000E+00,0.000000E+00,0.000000E+00,0.000000E+00,0.000000E+00,0.000000E+00,0.000000E+00,0.000000E+00,2.110805E+01,7.994495E+01,2.388801E+01,5.551072E+01
17:03:00,8.011056E+03,2.217139E+03,5.577935E-01,1.958080E-01,0.000000E+00,0.000000E+00,0.000000E+00,0.000000E+00,0.000000E+00,0.000000E+00,0.000000E+00,0.000000E+00,2.110805E+01,7.994495E+01,2.388801E+01,5.551642E+01
17:04:00,8.011056E+03,2.215833E+03,5.577935E-01,1.956926E-01,0.000000E+00,0.000000E+00,0.000000E+00,0.000000E+00,0.000000E+00,0.000000E+00,0.000000E+00,0.000000E+00,2.110805E+01,7.994495E+01,2.388801E+01,5.552222E+01
17:05:00,8.011056E+03,2.214518E+03,5.577935E-01,1.955765E-01,0.000000E+00,0.000000E+00,0.000000E+00,0.000000E+00,0.000000E+00,0.000000E+00,0.000000E+00,0.000000E+00,2.110805E+01,7.994495E+01,2.388801E+01,5.552810E+01
17:06:00,8.011056E+03,2.213195E+03,5.577935E-01,1.954596E-01,0.000000E+00,0.000000E+00,0.000000E+00,0.000000E+00,0.000000E+00,0.000000E+00,0.000000E+00,0.000000E+00,2.110805E+01,7.994495E+01,2.388801E+01,5.553407E+01
17:07:00,8.011056E+03,2.211863E+03,5.577935E-01,1.953420E-01,0.000000E+00,0.000000E+00,0.000000E+00,0.000000E+00,0.000000E+00,0.000000E+00,0.000000E+00,0.000000E+00,2.110805E+01,7.994495E+01,2.388801E+01,5.554012E+01
17:08:00,8.011056E+03,2.210524E+03,5.577935E-01,1.952237E-01,0.000000E+00,0.000000E+00,0.000000E+00,0.000000E+00,0.000000E+00,0.000000E+00,0.000000E+00,0.000000E+00,2.110805E+01,7.994495E+01,2.388801E+01,5.554625E+01
17:09:00,8.011056E+03,2.209176E+03,5.577935E-01,1.951047E-01,0.000000E+00,0.000000E+00,0.000000E+00,0.000000E+00,0.000000E+00,0.000000E+00,0.000000E+00,0.000000E+00,2.110805E+01,7.994495E+01,2.388801E+01,5.555246E+01
17:10:00,8.011056E+03,2.207819E+03,5.577935E-01,1.949849E-01,0.000000E+00,0.000000E+00,0.000000E+00,0.000000E+00,0.000000E+00,0.000000E+00,0.000000E+00,0.000000E+00,2.110805E+01,7.994495E+01,2.388801E+01,5.555876E+01
17:11:00,8.011056E+03,2.206454E+03,5.577935E-01,1.948643E-01,0.000000E+00,0.000000E+00,0.000000E+00,0.000000E+00,0.000000E+00,0.000000E+00,0.000000E+00,0.000000E+00,2.110805E+01,7.994495E+01,2.388801E+01,5.556512E+01
17:12:00,8.011056E+03,2.205081E+03,5.577935E-01,1.947430E-01,0.000000E+00,0.000000E+00,0.000000E+00,0.000000E+00,0.000000E+00,0.000000E+00,0.000000E+00,0.000000E+00,2.110805E+01,7.994495E+01,2.388801E+01,5.557157E+01
17:13:00,8.011056E+03,2.203699E+03,5.577935E-01,1.946210E-01,0.000000E+00,0.000000E+00,0.000000E+00,0.000000E+00,0.000000E+00,0.000000E+00,0.000000E+00,0.000000E+00,2.110805E+01,7.994495E+01,2.388801E+01,5.557808E+01
17:14:00,8.011056E+03,2.202309E+03,5.577935E-01,1.944982E-01,0.000000E+00,0.000000E+00,0.000000E+00,0.000000E+00,0.000000E+00,0.000000E+00,0.000000E+00,0.000000E+00,2.110805E+01,7.994495E+01,2.388801E+01,5.558467E+01
17:15:00,8.011056E+03,2.200910E+03,5.577935E-01,1.943746E-01,0.000000E+00,0.000000E+00,0.000000E+00,0.000000E+00,0.000000E+00,0.000000E+00,0.000000E+00,0.000000E+00,2.110805E+01,7.994495E+01,2.388801E+01,5.559133E+01
17:16:00,8.011056E+03,2.199502E+03,5.577935E-01,1.942503E-01,0.000000E+00,0.000000E+00,0.000000E+00,0.000000E+00,0.000000E+00,0.000000E+00,0.000000E+00,0.000000E+00,2.110805E+01,7.994495E+01,2.388801E+01,5.559806E+01
17:17:00,8.011056E+03,2.198086E+03,5.577935E-01,1.941252E-01,0.000000E+00,0.000000E+00,0.000000E+00,0.000000E+00,0.000000E+00,0.000000E+00,0.000000E+00,0.000000E+00,2.110805E+01,7.994495E+01,2.388801E+01,5.560487E+01
17:18:00,8.011056E+03,2.196660E+03,5.577935E-01,1.939993E-01,0.000000E+00,0.000000E+00,0.000000E+00,0.000000E+00,0.000000E+00,0.000000E+00,0.000000E+00,0.000000E+00,2.110805E+01,7.994495E+01,2.388801E+01,5.561174E+01
17:19:00,8.011056E+03,2.195224E+03,5.577935E-01,1.938725E-01,0.000000E+00,0.000000E+00,0.000000E+00,0.000000E+00,0.000000E+00,0.000000E+00,0.000000E+00,0.000000E+00,2.110805E+01,7.994495E+01,2.388801E+01,5.561867E+01
17:20:00,8.011056E+03,2.193778E+03,5.577935E-01,1.937447E-01,0.000000E+00,0.000000E+00,0.000000E+00,0.000000E+00,0.000000E+00,0.000000E+00,0.000000E+00,0.000000E+00,2.110805E+01,7.994495E+01,2.388801E+01,5.562568E+01
17:21:00,8.011056E+03,2.192320E+03,5.577935E-01,1.936160E-01,0.000000E+00,0.000000E+00,0.000000E+00,0.000000E+00,0.000000E+00,0.000000E+00,0.000000E+00,0.000000E+00,2.110805E+01,7.994495E+01,2.388801E+01,5.563276E+01
17:22:00,8.011056E+03,2.190852E+03,5.577935E-01,1.934864E-01,0.000000E+00,0.000000E+00,0.000000E+00,0.000000E+00,0.000000E+00,0.000000E+00,0.000000E+00,0.000000E+00,2.110805E+01,7.994495E+01,2.388801E+01,5.563989E+01
17:23:00,8.011056E+03,2.189372E+03,5.577935E-01,1.933557E-01,0.000000E+00,0.000000E+00,0.000000E+00,0.000000E+00,0.000000E+00,0.000000E+00,0.000000E+00,0.000000E+00,2.110805E+01,7.994495E+01,2.388801E+01,5.564710E+01
17:24:00,8.011056E+03,2.187881E+03,5.577935E-01,1.932240E-01,0.000000E+00,0.000000E+00,0.000000E+00,0.000000E+00,0.000000E+00,0.000000E+00,0.000000E+00,0.000000E+00,2.110805E+01,7.994495E+01,2.388801E+01,5.565437E+01
17:25:00,8.011056E+03,2.186379E+03,5.577935E-01,1.930913E-01,0.000000E+00,0.000000E+00,0.000000E+00,0.000000E+00,0.000000E+00,0.000000E+00,0.000000E+00,0.000000E+00,2.110805E+01,7.994495E+01,2.388801E+01,5.566170E+01
17:26:00,8.011056E+03,2.184864E+03,5.577935E-01,1.929575E-01,0.000000E+00,0.000000E+00,0.000000E+00,0.000000E+00,0.000000E+00,0.000000E+00,0.000000E+00,0.000000E+00,2.110805E+01,7.994495E+01,2.388801E+01,5.566911E+01
17:27:00,8.011056E+03,2.183338E+03,5.577935E-01,1.928227E-01,0.000000E+00,0.000000E+00,0.000000E+00,0.000000E+00,0.000000E+00,0.000000E+00,0.000000E+00,0.000000E+00,2.110805E+01,7.994495E+01,2.388801E+01,5.567657E+01
17:28:00,8.011056E+03,2.181743E+03,5.577935E-01,1.926819E-01,0.000000E+00,0.000000E+00,0.000000E+00,0.000000E+00,0.000000E+00,0.000000E+00,0.000000E+00,0.000000E+00,2.110805E+01,7.994495E+01,2.388802E+01,5.568410E+01
17:29:00,8.011056E+03,2.180133E+03,5.577935E-01,1.925397E-01,0.000000E+00,0.000000E+00,0.000000E+00,0.000000E+00,0.000000E+00,0.000000E+00,0.000000E+00,0.000000E+00,2.110805E+01,7.994495E+01,2.388802E+01,5.569205E+01
17:30:00,8.011056E+03,2.178509E+03,5.577935E-01,1.923962E-01,0.000000E+00,0.000000E+00,0.000000E+00,0.000000E+00,0.000000E+00,0.000000E+00,0.000000E+00,0.000000E+00,2.110805E+01,7.994495E+01,2.388802E+01,5.570030E+01
17:31:00,8.011056E+03,2.176869E+03,5.577935E-01,1.922514E-01,0.000000E+00,0.000000E+00,0.000000E+00,0.000000E+00,0.000000E+00,0.000000E+00,0.000000E+00,0.000000E+00,2.110805E+01,7.994495E+01,2.388802E+01,5.570870E+01
17:32:00,8.011056E+03,2.175215E+03,5.577935E-01,1.921054E-01,0.000000E+00,0.000000E+00,0.000000E+00,0.000000E+00,0.000000E+00,0.000000E+00,0.000000E+00,0.000000E+00,2.110805E+01,7.994495E+01,2.388802E+01,5.571716E+01
17:33:00,8.011056E+03,2.173547E+03,5.577935E-01,1.919580E-01,0.000000E+00,0.000000E+00,0.000000E+00,0.000000E+00,0.000000E+00,0.000000E+00,0.000000E+00,0.000000E+00,2.110805E+01,7.994495E+01,2.388802E+01,5.572568E+01
17:34:00,8.011056E+03,2.171864E+03,5.577935E-01,1.918093E-01,0.000000E+00,0.000000E+00,0.000000E+00,0.000000E+00,0.000000E+00,0.000000E+00,0.000000E+00,0.000000E+00,2.110805E+01,7.994495E+01,2.388802E+01,5.573423E+01
17:35:00,8.011056E+03,2.170166E+03,5.577935E-01,1.916594E-01,0.000000E+00,0.000000E+00,0.000000E+00,0.000000E+00,0.000000E+00,0.000000E+00,0.000000E+00,0.000000E+00,2.110805E+01,7.994495E+01,2.388802E+01,5.574284E+01
17:36:00,8.011056E+03,2.168454E+03,5.577935E-01,1.915082E-01,0.000000E+00,0.000000E+00,0.000000E+00,0.000000E+00,0.000000E+00,0.000000E+00,0.000000E+00,0.000000E+00,2.110805E+01,7.994495E+01,2.388802E+01,5.575150E+01
17:37:00,8.011056E+03,2.166726E+03,5.577935E-01,1.913556E-01,0.000000E+00,0.000000E+00,0.000000E+00,0.000000E+00,0.000000E+00,0.000000E+00,0.000000E+00,0.000000E+00,2.110805E+01,7.994495E+01,2.388802E+01,5.576021E+01
17:38:00,8.011056E+03,2.164984E+03,5.577935E-01,1.912017E-01,0.000000E+00,0.000000E+00,0.000000E+00,0.000000E+00,0.000000E+00,0.000000E+00,0.000000E+00,0.000000E+00,2.110805E+01,7.994495E+01,2.388802E+01,5.576897E+01
17:39:00,8.011056E+03,2.163226E+03,5.577935E-01,1.910465E-01,0.000000E+00,0.000000E+00,0.000000E+00,0.000000E+00,0.000000E+00,0.000000E+00,0.000000E+00,0.000000E+00,2.110805E+01,7.994495E+01,2.388802E+01,5.577778E+01
17:40:00,8.011056E+03,2.161453E+03,5.577935E-01,1.908899E-01,0.000000E+00,0.000000E+00,0.000000E+00,0.000000E+00,0.000000E+00,0.000000E+00,0.000000E+00,0.000000E+00,2.110805E+01,7.994495E+01,2.388802E+01,5.578664E+01
17:41:00,8.011056E+03,2.159664E+03,5.577935E-01,1.907319E-01,0.000000E+00,0.000000E+00,0.000000E+00,0.000000E+00,0.000000E+00,0.000000E+00,0.000000E+00,0.000000E+00,2.110805E+01,7.994495E+01,2.388802E+01,5.579556E+01
17:42:00,8.011056E+03,2.157860E+03,5.577935E-01,1.905726E-01,0.000000E+00,0.000000E+00,0.000000E+00,0.000000E+00,0.000000E+00,0.000000E+00,0.000000E+00,0.000000E+00,2.110805E+01,7.994495E+01,2.388802E+01,5.580452E+01
17:43:00,8.011056E+03,2.156040E+03,5.577935E-01,1.904118E-01,0.000000E+00,0.000000E+00,0.000000E+00,0.000000E+00,0.000000E+00,0.000000E+00,0.000000E+00,0.000000E+00,2.110805E+01,7.994495E+01,2.388802E+01,5.581355E+01
17:44:00,8.011056E+03,2.154204E+03,5.577935E-01,1.902497E-01,0.000000E+00,0.000000E+00,0.000000E+00,0.000000E+00,0.000000E+00,0.000000E+00,0.000000E+00,0.000000E+00,2.110805E+01,7.994495E+01,2.388802E+01,5.582262E+01
17:45:00,8.011056E+03,2.152352E+03,5.577935E-01,1.900861E-01,0.000000E+00,0.000000E+00,0.000000E+00,0.000000E+00,0.000000E+00,0.000000E+00,0.000000E+00,0.000000E+00,2.110805E+01,7.994495E+01,2.388802E+01,5.583175E+01
17:46:00,8.011056E+03,2.150483E+03,5.577935E-01,1.899210E-01,0.000000E+00,0.000000E+00,0.000000E+00,0.000000E+00,0.000000E+00,0.000000E+00,0.000000E+00,0.000000E+00,2.110805E+01,7.994495E+01,2.388802E+01,5.584094E+01
17:47:00,8.011056E+03,2.148598E+03,5.577935E-01,1.897545E-01,0.000000E+00,0.000000E+00,0.000000E+00,0.000000E+00,0.000000E+00,0.000000E+00,0.000000E+00,0.000000E+00,2.110805E+01,7.994495E+01,2.388802E+01,5.585019E+01
17:48:00,8.011056E+03,2.146696E+03,5.577935E-01,1.895866E-01,0.000000E+00,0.000000E+00,0.000000E+00,0.000000E+00,0.000000E+00,0.000000E+00,0.000000E+00,0.000000E+00,2.110805E+01,7.994495E+01,2.388802E+01,5.585949E+01
17:49:00,8.011056E+03,2.144777E+03,5.577935E-01,1.894171E-01,0.000000E+00,0.000000E+00,0.000000E+00,0.000000E+00,0.000000E+00,0.000000E+00,0.000000E+00,0.000000E+00,2.110805E+01,7.994495E+01,2.388802E+01,5.586886E+01
17:50:00,8.011056E+03,2.142842E+03,5.577935E-01,1.892462E-01,0.000000E+00,0.000000E+00,0.000000E+00,0.000000E+00,0.000000E+00,0.000000E+00,0.000000E+00,0.000000E+00,2.110805E+01,7.994495E+01,2.388802E+01,5.587828E+01
17:51:00,8.011056E+03,2.140891E+03,5.577935E-01,1.890738E-01,0.000000E+00,0.000000E+00,0.000000E+00,0.000000E+00,0.000000E+00,0.000000E+00,0.000000E+00,0.000000E+00,2.110805E+01,7.994495E+01,2.388803E+01,5.588776E+01
17:52:00,8.011056E+03,2.138921E+03,5.577935E-01,1.888999E-01,0.000000E+00,0.000000E+00,0.000000E+00,0.000000E+00,0.000000E+00,0.000000E+00,0.000000E+00,0.000000E+00,2.110805E+01,7.994495E+01,2.388803E+01,5.589730E+01
17:53:00,8.011056E+03,2.136934E+03,5.577935E-01,1.887244E-01,0.000000E+00,0.000000E+00,0.000000E+00,0.000000E+00,0.000000E+00,0.000000E+00,0.000000E+00,0.000000E+00,2.110805E+01,7.994495E+01,2.388803E+01,5.590690E+01
17:54:00,8.011056E+03,2.134930E+03,5.577935E-01,1.885474E-01,0.000000E+00,0.000000E+00,0.000000E+00,0.000000E+00,0.000000E+00,0.000000E+00,0.000000E+00,0.000000E+00,2.110805E+01,7.994495E+01,2.388803E+01,5.591656E+01
17:55:00,8.011056E+03,2.132907E+03,5.577935E-01,1.883687E-01,0.000000E+00,0.000000E+00,0.000000E+00,0.000000E+00,0.000000E+00,0.000000E+00,0.000000E+00,0.000000E+00,2.110805E+01,7.994495E+01,2.388803E+01,5.592628E+01
17:56:00,8.011056E+03,2.130866E+03,5.577935E-01,1.881885E-01,0.000000E+00,0.000000E+00,0.000000E+00,0.000000E+00,0.000000E+00,0.000000E+00,0.000000E+00,0.000000E+00,2.110805E+01,7.994495E+01,2.388803E+01,5.593608E+01
17:57:00,8.011056E+03,2.128807E+03,5.577935E-01,1.880067E-01,0.000000E+00,0.000000E+00,0.000000E+00,0.000000E+00,0.000000E+00,0.000000E+00,0.000000E+00,0.000000E+00,2.110805E+01,7.994495E+01,2.388803E+01,5.594594E+01
17:58:00,8.011056E+03,2.126730E+03,5.577935E-01,1.878232E-01,0.000000E+00,0.000000E+00,0.000000E+00,0.000000E+00,0.000000E+00,0.000000E+00,0.000000E+00,0.000000E+00,2.110805E+01,7.994495E+01,2.388803E+01,5.595588E+01
17:59:00,8.011056E+03,2.124634E+03,5.577935E-01,1.876380E-01,0.000000E+00,0.000000E+00,0.000000E+00,0.000000E+00,0.000000E+00,0.000000E+00,0.000000E+00,0.000000E+00,2.110805E+01,7.994495E+01,2.388803E+01,5.596588E+01
18:00:00,8.011056E+03,2.122518E+03,5.577935E-01,1.874512E-01,0.000000E+00,0.000000E+00,0.000000E+00,0.000000E+00,0.000000E+00,0.000000E+00,0.000000E+00,0.000000E+00,2.110805E+01,7.994495E+01,2.388803E+01,5.597595E+01
18:01:00,8.011056E+03,2.120376E+03,5.577935E-01,1.872620E-01,0.000000E+00,0.000000E+00,0.000000E+00,0.000000E+00,0.000000E+00,0.000000E+00,0.000000E+00,0.000000E+00,2.110805E+01,7.994495E+01,2.388803E+01,5.598609E+01
18:02:00,8.011056E+03,2.118205E+03,5.577935E-01,1.870703E-01,0.000000E+00,0.000000E+00,0.000000E+00,0.000000E+00,0.000000E+00,0.000000E+00,0.000000E+00,0.000000E+00,2.110805E+01,7.994495E+01,2.388803E+01,5.599641E+01
18:03:00,8.011056E+03,2.116007E+03,5.577935E-01,1.868762E-01,0.000000E+00,0.000000E+00,0.000000E+00,0.000000E+00,0.000000E+00,0.000000E+00,0.000000E+00,0.000000E+00,2.110805E+01,7.994495E+01,2.388803E+01,5.600695E+01
18:04:00,8.011056E+03,2.113782E+03,5.577935E-01,1.866796E-01,0.000000E+00,0.000000E+00,0.000000E+00,0.000000E+00,0.000000E+00,0.000000E+00,0.000000E+00,0.000000E+00,2.110805E+01,7.994495E+01,2.388803E+01,5.601774E+01
18:05:00,8.011056E+03,2.111527E+03,5.577935E-01,1.864805E-01,0.000000E+00,0.000000E+00,0.000000E+00,0.000000E+00,0.000000E+00,0.000000E+00,0.000000E+00,0.000000E+00,2.110805E+01,7.994495E+01,2.388803E+01,5.602876E+01
18:06:00,8.011056E+03,2.109245E+03,5.577935E-01,1.862789E-01,0.000000E+00,0.000000E+00,0.000000E+00,0.000000E+00,0.000000E+00,0.000000E+00,0.000000E+00,0.000000E+00,2.110805E+01,7.994495E+01,2.388803E+01,5.604002E+01
18:07:00,8.011056E+03,2.106934E+03,5.577935E-01,1.860749E-01,0.000000E+00,0.000000E+00,0.000000E+00,0.000000E+00,0.000000E+00,0.000000E+00,0.000000E+00,0.000000E+00,2.110805E+01,7.994495E+01,2.388803E+01,5.605150E+01
18:08:00,8.011056E+03,2.104595E+03,5.577935E-01,1.858683E-01,0.000000E+00,0.000000E+00,0.000000E+00,0.000000E+00,0.000000E+00,0.000000E+00,0.000000E+00,0.000000E+00,2.110805E+01,7.994495E+01,2.388804E+01,5.606320E+01
18:09:00,8.011056E+03,2.102227E+03,5.577935E-01,1.856591E-01,0.000000E+00,0.000000E+00,0.000000E+00,0.000000E+00,0.000000E+00,0.000000E+00,0.000000E+00,0.000000E+00,2.110805E+01,7.994495E+01,2.388804E+01,5.607511E+01
18:10:00,8.011056E+03,2.099830E+03,5.577935E-01,1.854474E-01,0.000000E+00,0.000000E+00,0.000000E+00,0.000000E+00,0.000000E+00,0.000000E+00,0.000000E+00,0.000000E+00,2.110805E+01,7.994495E+01,2.388804E+01,5.608723E+01
18:11:00,8.011056E+03,2.097404E+03,5.577935E-01,1.852331E-01,0.000000E+00,0.000000E+00,0.000000E+00,0.000000E+00,0.000000E+00,0.000000E+00,0.000000E+00,0.000000E+00,2.110805E+01,7.994495E+01,2.388804E+01,5.609955E+01
18:12:00,8.011056E+03,2.094948E+03,5.577935E-01,1.850162E-01,0.000000E+00,0.000000E+00,0.000000E+00,0.000000E+00,0.000000E+00,0.000000E+00,0.000000E+00,0.000000E+00,2.110805E+01,7.994495E+01,2.388804E+01,5.611208E+01
18:13:00,8.011056E+03,2.092463E+03,5.577935E-01,1.847968E-01,0.000000E+00,0.000000E+00,0.000000E+00,0.000000E+00,0.000000E+00,0.000000E+00,0.000000E+00,0.000000E+00,2.110805E+01,7.994495E+01,2.388804E+01,5.612480E+01
18:14:00,8.011056E+03,2.089948E+03,5.577935E-01,1.845747E-01,0.000000E+00,0.000000E+00,0.000000E+00,0.000000E+00,0.000000E+00,0.000000E+00,0.000000E+00,0.000000E+00,2.110805E+01,7.994495E+01,2.388804E+01,5.613771E+01
18:15:00,8.011056E+03,2.087403E+03,5.577935E-01,1.843499E-01,0.000000E+00,0.000000E+00,0.000000E+00,0.000000E+00,0.000000E+00,0.000000E+00,0.000000E+00,0.000000E+00,2.110805E+01,7.994495E+01,2.388804E+01,5.615082E+01
18:16:00,8.011056E+03,2.084829E+03,5.577935E-01,1.841225E-01,0.000000E+00,0.000000E+00,0.000000E+00,0.000000E+00,0.000000E+00,0.000000E+00,0.000000E+00,0.000000E+00,2.110805E+01,7.994495E+01,2.388804E+01,5.616412E+01
18:17:00,8.011056E+03,2.082224E+03,5.577935E-01,1.838925E-01,0.000000E+00,0.000000E+00,0.000000E+00,0.000000E+00,0.000000E+00,0.000000E+00,0.000000E+00,0.000000E+00,2.110805E+01,7.994495E+01,2.388804E+01,5.617760E+01
18:18:00,8.011056E+03,2.079589E+03,5.577935E-01,1.836597E-01,0.000000E+00,0.000000E+00,0.000000E+00,0.000000E+00,0.000000E+00,0.000000E+00,0.000000E+00,0.000000E+00,2.110805E+01,7.994495E+01,2.388804E+01,5.619126E+01
18:19:00,8.011056E+03,2.076922E+03,5.577935E-01,1.834243E-01,0.000000E+00,0.000000E+00,0.000000E+00,0.000000E+00,0.000000E+00,0.000000E+00,0.000000E+00,0.000000E+00,2.110805E+01,7.994495E+01,2.388804E+01,5.620511E+01
18:20:00,8.011056E+03,2.074226E+03,5.577935E-01,1.831861E-01,0.000000E+00,0.000000E+00,0.000000E+00,0.000000E+00,0.000000E+00,0.000000E+00,0.000000E+00,0.000000E+00,2.110805E+01,7.994495E+01,2.388804E+01,5.621913E+01
18:21:00,8.011056E+03,2.071498E+03,5.577935E-01,1.829452E-01,0.000000E+00,0.000000E+00,0.000000E+00,0.000000E+00,0.000000E+00,0.000000E+00,0.000000E+00,0.000000E+00,2.110805E+01,7.994495E+01,2.388805E+01,5.623333E+01
18:22:00,8.011056E+03,2.068739E+03,5.577935E-01,1.827015E-01,0.000000E+00,0.000000E+00,0.000000E+00,0.000000E+00,0.000000E+00,0.000000E+00,0.000000E+00,0.000000E+00,2.110805E+01,7.994495E+01,2.388805E+01,5.624771E+01
18:23:00,8.011056E+03,2.065948E+03,5.577935E-01,1.824550E-01,0.000000E+00,0.000000E+00,0.000000E+00,0.000000E+00,0.000000E+00,0.000000E+00,0.000000E+00,0.000000E+00,2.110805E+01,7.994495E+01,2.388805E+01,5.626226E+01
18:24:00,8.011056E+03,2.063126E+03,5.577935E-01,1.822058E-01,0.000000E+00,0.000000E+00,0.000000E+00,0.000000E+00,0.000000E+00,0.000000E+00,0.000000E+00,0.000000E+00,2.110805E+01,7.994495E+01,2.388805E+01,5.627699E+01
18:25:00,8.011056E+03,2.060273E+03,5.577935E-01,1.819538E-01,0.000000E+00,0.000000E+00,0.000000E+00,0.000000E+00,0.000000E+00,0.000000E+00,0.000000E+00,0.000000E+00,2.110805E+01,7.994495E+01,2.388805E+01,5.629188E+01
18:26:00,8.011056E+03,2.057387E+03,5.577935E-01,1.816989E-01,0.000000E+00,0.000000E+00,0.000000E+00,0.000000E+00,0.000000E+00,0.000000E+00,0.000000E+00,0.000000E+00,2.110805E+01,7.994495E+01,2.388805E+01,5.630695E+01
18:27:00,8.011056E+03,2.054469E+03,5.577935E-01,1.814412E-01,0.000000E+00,0.000000E+00,0.000000E+00,0.000000E+00,0.000000E+00,0.000000E+00,0.000000E+00,0.000000E+00,2.110805E+01,7.994495E+01,2.388805E+01,5.632218E+01
18:28:00,8.011056E+03,2.051575E+03,5.577935E-01,1.811856E-01,0.000000E+00,0.000000E+00,0.000000E+00,0.000000E+00,0.000000E+00,0.000000E+00,0.000000E+00,0.000000E+00,2.110805E+01,7.994495E+01,2.388805E+01,5.633759E+01
18:29:00,8.011056E+03,2.048651E+03,5.577935E-01,1.809273E-01,0.000000E+00,0.000000E+00,0.000000E+00,0.000000E+00,0.000000E+00,0.000000E+00,0.000000E+00,0.000000E+00,2.110805E+01,7.994495E+01,2.388805E+01,5.635316E+01
18:30:00,8.011056E+03,2.045696E+03,5.577935E-01,1.806664E-01,0.000000E+00,0.000000E+00,0.000000E+00,0.000000E+00,0.000000E+00,0.000000E+00,0.000000E+00,0.000000E+00,2.110805E+01,7.994495E+01,2.388805E+01,5.636890E+01
18:31:00,8.011056E+03,2.042710E+03,5.577935E-01,1.804027E-01,0.000000E+00,0.000000E+00,0.000000E+00,0.000000E+00,0.000000E+00,0.000000E+00,0.000000E+00,0.000000E+00,2.110805E+01,7.994495E+01,2.388805E+01,5.638480E+01
18:32:00,8.011056E+03,2.039693E+03,5.577935E-01,1.801362E-01,0.000000E+00,0.000000E+00,0.000000E+00,0.000000E+00,0.000000E+00,0.000000E+00,0.000000E+00,0.000000E+00,2.110805E+01,7.994495E+01,2.388805E+01,5.640087E+01
18:33:00,8.011056E+03,2.036644E+03,5.577935E-01,1.798669E-01,0.000000E+00,0.000000E+00,0.000000E+00,0.000000E+00,0.000000E+00,0.000000E+00,0.000000E+00,0.000000E+00,2.110805E+01,7.994495E+01,2.388806E+01,5.641711E+01
18:34:00,8.011056E+03,2.033563E+03,5.577935E-01,1.795948E-01,0.000000E+00,0.000000E+00,0.000000E+00,0.000000E+00,0.000000E+00,0.000000E+00,0.000000E+00,0.000000E+00,2.110805E+01,7.994495E+01,2.388806E+01,5.643351E+01
18:35:00,8.011056E+03,2.030449E+03,5.577935E-01,1.793198E-01,0.000000E+00,0.000000E+00,0.000000E+00,0.000000E+00,0.000000E+00,0.000000E+00,0.000000E+00,0.000000E+00,2.110805E+01,7.994495E+01,2.388806E+01,5.645007E+01
18:36:00,8.011056E+03,2.027303E+03,5.577935E-01,1.790419E-01,0.000000E+00,0.000000E+00,0.000000E+00,0.000000E+00,0.000000E+00,0.000000E+00,0.000000E+00,0.000000E+00,2.110805E+01,7.994495E+01,2.388806E+01,5.646681E+01
18:37:00,8.011056E+03,2.024123E+03,5.577935E-01,1.787611E-01,0.000000E+00,0.000000E+00,0.000000E+00,0.000000E+00,0.000000E+00,0.000000E+00,0.000000E+00,0.000000E+00,2.110805E+01,7.994495E+01,2.388806E+01,5.648370E+01
18:38:00,8.011056E+03,2.020910E+03,5.577935E-01,1.784773E-01,0.000000E+00,0.000000E+00,0.000000E+00,0.000000E+00,0.000000E+00,0.000000E+00,0.000000E+00,0.000000E+00,2.110805E+01,7.994495E+01,2.388806E+01,5.650076E+01
18:39:00,8.011056E+03,2.017621E+03,5.577935E-01,1.781869E-01,0.000000E+00,0.000000E+00,0.000000E+00,0.000000E+00,0.000000E+00,0.000000E+00,0.000000E+00,0.000000E+00,2.110805E+01,7.994495E+01,2.388806E+01,5.651798E+01
18:40:00,8.011056E+03,2.014296E+03,5.577935E-01,1.778931E-01,0.000000E+00,0.000000E+00,0.000000E+00,0.000000E+00,0.000000E+00,0.000000E+00,0.000000E+00,0.000000E+00,2.110805E+01,7.994495E+01,2.388806E+01,5.653566E+01
18:41:00,8.011056E+03,2.010934E+03,5.577935E-01,1.775963E-01,0.000000E+00,0.000000E+00,0.000000E+00,0.000000E+00,0.000000E+00,0.000000E+00,0.000000E+00,0.000000E+00,2.110805E+01,7.994495E+01,2.388806E+01,5.655369E+01
18:42:00,8.011056E+03,2.007538E+03,5.577935E-01,1.772963E-01,0.000000E+00,0.000000E+00,0.000000E+00,0.000000E+00,0.000000E+00,0.000000E+00,0.000000E+00,0.000000E+00,2.110805E+01,7.994495E+01,2.388806E+01,5.657197E+01
18:43:00,8.011056E+03,2.004107E+03,5.577935E-01,1.769933E-01,0.000000E+00,0.000000E+00,0.000000E+00,0.000000E+00,0.000000E+00,0.000000E+00,0.000000E+00,0.000000E+00,2.110805E+01,7.994495E+01,2.388807E+01,5.659041E+01
18:44:00,8.011056E+03,2.000642E+03,5.577935E-01,1.766873E-01,0.000000E+00,0.000000E+00,0.000000E+00,0.000000E+00,0.000000E+00,0.000000E+00,0.000000E+00,0.000000E+00,2.110805E+01,7.994495E+01,2.388807E+01,5.660899E+01
18:45:00,8.011056E+03,1.997142E+03,5.577935E-01,1.763781E-01,0.000000E+00,0.000000E+00,0.000000E+00,0.000000E+00,0.000000E+00,0.000000E+00,0.000000E+00,0.000000E+00,2.110805E+01,7.994495E+01,2.388807E+01,5.662772E+01
18:46:00,8.011056E+03,1.993607E+03,5.577935E-01,1.760659E-01,0.000000E+00,0.000000E+00,0.000000E+00,0.000000E+00,0.000000E+00,0.000000E+00,0.000000E+00,0.000000E+00,2.110805E+01,7.994495E+01,2.388807E+01,5.664659E+01
18:47:00,8.011056E+03,1.990034E+03,5.577935E-01,1.757504E-01,0.000000E+00,0.000000E+00,0.000000E+00,0.000000E+00,0.000000E+00,0.000000E+00,0.000000E+00,0.000000E+00,2.110805E+01,7.994495E+01,2.388807E+01,5.666561E+01
18:48:00,8.011056E+03,1.986423E+03,5.577935E-01,1.754314E-01,0.000000E+00,0.000000E+00,0.000000E+00,0.000000E+00,0.000000E+00,0.000000E+00,0.000000E+00,0.000000E+00,2.110805E+01,7.994495E+01,2.388807E+01,5.668480E+01
18:49:00,8.011056E+03,1.982773E+03,5.577935E-01,1.751091E-01,0.000000E+00,0.000000E+00,0.000000E+00,0.000000E+00,0.000000E+00,0.000000E+00,0.000000E+00,0.000000E+00,2.110805E+01,7.994495E+01,2.388807E+01,5.670417E+01
18:50:00,8.011056E+03,1.979084E+03,5.577935E-01,1.747833E-01,0.000000E+00,0.000000E+00,0.000000E+00,0.000000E+00,0.000000E+00,0.000000E+00,0.000000E+00,0.000000E+00,2.110805E+01,7.994495E+01,2.388807E+01,5.672372E+01
18:51:00,8.011056E+03,1.975356E+03,5.577935E-01,1.744541E-01,0.000000E+00,0.000000E+00,0.000000E+00,0.000000E+00,0.000000E+00,0.000000E+00,0.000000E+00,0.000000E+00,2.110805E+01,7.994495E+01,2.388807E+01,5.674347E+01
18:52:00,8.011056E+03,1.971589E+03,5.577935E-01,1.741214E-01,0.000000E+00,0.000000E+00,0.000000E+00,0.000000E+00,0.000000E+00,0.000000E+00,0.000000E+00,0.000000E+00,2.110805E+01,7.994495E+01,2.388807E+01,5.676341E+01
18:53:00,8.011056E+03,1.967784E+03,5.577935E-01,1.737853E-01,0.000000E+00,0.000000E+00,0.000000E+00,0.000000E+00,0.000000E+00,0.000000E+00,0.000000E+00,0.000000E+00,2.110805E+01,7.994495E+01,2.388807E+01,5.678353E+01
18:54:00,8.011056E+03,1.963939E+03,5.577935E-01,1.734457E-01,0.000000E+00,0.000000E+00,0.000000E+00,0.000000E+00,0.000000E+00,0.000000E+00,0.000000E+00,0.000000E+00,2.110805E+01,7.994495E+01,2.388808E+01,5.680383E+01
18:55:00,8.011056E+03,1.960056E+03,5.577935E-01,1.731028E-01,0.000000E+00,0.000000E+00,0.000000E+00,0.000000E+00,0.000000E+00,0.000000E+00,0.000000E+00,0.000000E+00,2.110805E+01,7.994495E+01,2.388808E+01,5.682433E+01
18:56:00,8.011056E+03,1.956134E+03,5.577935E-01,1.727563E-01,0.000000E+00,0.000000E+00,0.000000E+00,0.000000E+00,0.000000E+00,0.000000E+00,0.000000E+00,0.000000E+00,2.110805E+01,7.994495E+01,2.388808E+01,5.684500E+01
18:57:00,8.011056E+03,1.952172E+03,5.577935E-01,1.724065E-01,0.000000E+00,0.000000E+00,0.000000E+00,0.000000E+00,0.000000E+00,0.000000E+00,0.000000E+00,0.000000E+00,2.110805E+01,7.994495E+01,2.388808E+01,5.686586E+01
18:58:00,8.011056E+03,1.948172E+03,5.577935E-01,1.720532E-01,0.000000E+00,0.000000E+00,0.000000E+00,0.000000E+00,0.000000E+00,0.000000E+00,0.000000E+00,0.000000E+00,2.110805E+01,7.994495E+01,2.388808E+01,5.688690E+01
18:59:00,8.011056E+03,1.944111E+03,5.577935E-01,1.716945E-01,0.000000E+00,0.000000E+00,0.000000E+00,0.000000E+00,0.000000E+00,0.000000E+00,0.000000E+00,0.000000E+00,2.110805E+01,7.994495E+01,2.388808E+01,5.690812E+01
19:00:00,8.011056E+03,1.940009E+03,5.577935E-01,1.713323E-01,0.000000E+00,0.000000E+00,0.000000E+00,0.000000E+00,0.000000E+00,0.000000E+00,0.000000E+00,0.000000E+00,2.110805E+01,7.994495E+01,2.388808E+01,5.692968E+01
19:01:00,8.011056E+03,1.935895E+03,5.577935E-01,1.709689E-01,0.000000E+00,0.000000E+00,0.000000E+00,0.000000E+00,0.000000E+00,0.000000E+00,0.000000E+00,0.000000E+00,2.110805E+01,7.994495E+01,2.388808E+01,5.695151E+01
19:02:00,8.011056E+03,1.931767E+03,5.577935E-01,1.706044E-01,0.000000E+00,0.000000E+00,0.000000E+00,0.000000E+00,0.000000E+00,0.000000E+00,0.000000E+00,0.000000E+00,2.110805E+01,7.994495E+01,2.388808E+01,5.697347E+01
19:03:00,8.011056E+03,1.927628E+03,5.577935E-01,1.702387E-01,0.000000E+00,0.000000E+00,0.000000E+00,0.000000E+00,0.000000E+00,0.000000E+00,0.000000E+00,0.000000E+00,2.110805E+01,7.994495E+01,2.388809E+01,5.699546E+01
19:04:00,8.011056E+03,1.923475E+03,5.577935E-01,1.698720E-01,0.000000E+00,0.000000E+00,0.000000E+00,0.000000E+00,0.000000E+00,0.000000E+00,0.000000E+00,0.000000E+00,2.110805E+01,7.994495E+01,2.388809E+01,5.701746E+01
19:05:00,8.011056E+03,1.919312E+03,5.577935E-01,1.695043E-01,0.000000E+00,0.000000E+00,0.000000E+00,0.000000E+00,0.000000E+00,0.000000E+00,0.000000E+00,0.000000E+00,2.110805E+01,7.994495E+01,2.388809E+01,5.703945E+01
19:06:00,8.011056E+03,1.915137E+03,5.577935E-01,1.691356E-01,0.000000E+00,0.000000E+00,0.000000E+00,0.000000E+00,0.000000E+00,0.000000E+00,0.000000E+00,0.000000E+00,2.110805E+01,7.994495E+01,2.388809E+01,5.706146E+01
19:07:00,8.011056E+03,1.910951E+03,5.577935E-01,1.687659E-01,0.000000E+00,0.000000E+00,0.000000E+00,0.000000E+00,0.000000E+00,0.000000E+00,0.000000E+00,0.000000E+00,2.110805E+01,7.994495E+01,2.388809E+01,5.708347E+01
19:08:00,8.011056E+03,1.906755E+03,5.577935E-01,1.683953E-01,0.000000E+00,0.000000E+00,0.000000E+00,0.000000E+00,0.000000E+00,0.000000E+00,0.000000E+00,0.000000E+00,2.110805E+01,7.994495E+01,2.388809E+01,5.710550E+01
19:09:00,8.011056E+03,1.902536E+03,5.577935E-01,1.680227E-01,0.000000E+00,0.000000E+00,0.000000E+00,0.000000E+00,0.000000E+00,0.000000E+00,0.000000E+00,0.000000E+00,2.110805E+01,7.994495E+01,2.388809E+01,5.712754E+01
19:10:00,8.011056E+03,1.898307E+03,5.577935E-01,1.676492E-01,0.000000E+00,0.000000E+00,0.000000E+00,0.000000E+00,0.000000E+00,0.000000E+00,0.000000E+00,0.000000E+00,2.110805E+01,7.994495E+01,2.388809E+01,5.714968E+01
19:11:00,8.011056E+03,1.894070E+03,5.577935E-01,1.672750E-01,0.000000E+00,0.000000E+00,0.000000E+00,0.000000E+00,0.000000E+00,0.000000E+00,0.000000E+00,0.000000E+00,2.110805E+01,7.994495E+01,2.388809E+01,5.717189E+01
19:12:00,8.011056E+03,1.889825E+03,5.577935E-01,1.669001E-01,0.000000E+00,0.000000E+00,0.000000E+00,0.000000E+00,0.000000E+00,0.000000E+00,0.000000E+00,0.000000E+00,2.110805E+01,7.994495E+01,2.388809E+01,5.719413E+01
19:13:00,8.011056E+03,1.885573E+03,5.577935E-01,1.665246E-01,0.000000E+00,0.000000E+00,0.000000E+00,0.000000E+00,0.000000E+00,0.000000E+00,0.000000E+00,0.000000E+00,2.110805E+01,7.994495E+01,2.388809E+01,5.721637E+01
19:14:00,8.011056E+03,1.881315E+03,5.577935E-01,1.661485E-01,0.000000E+00,0.000000E+00,0.000000E+00,0.000000E+00,0.000000E+00,0.000000E+00,0.000000E+00,0.000000E+00,2.110805E+01,7.994495E+01,2.388809E+01,5.723860E+01
19:15:00,8.011056E+03,1.877052E+03,5.577935E-01,1.657720E-01,0.000000E+00,0.000000E+00,0.000000E+00,0.000000E+00,0.000000E+00,0.000000E+00,0.000000E+00,0.000000E+00,2.110805E+01,7.994495E+01,2.388809E+01,5.726081E+01
19:16:00,8.011056E+03,1.872725E+03,5.577935E-01,1.653899E-01,0.000000E+00,0.000000E+00,0.000000E+00,0.000000E+00,0.000000E+00,0.000000E+00,0.000000E+00,0.000000E+00,2.110805E+01,7.994495E+01,2.388809E+01,5.728302E+01
19:17:00,8.011056E+03,1.868397E+03,5.577935E-01,1.650076E-01,0.000000E+00,0.000000E+00,0.000000E+00,0.000000E+00,0.000000E+00,0.000000E+00,0.000000E+00,0.000000E+00,2.110805E+01,7.994495E+01,2.388810E+01,5.730563E+01
19:18:00,8.011056E+03,1.864068E+03,5.577935E-01,1.646253E-01,0.000000E+00,0.000000E+00,0.000000E+00,0.000000E+00,0.000000E+00,0.000000E+00,0.000000E+00,0.000000E+00,2.110805E+01,7.994495E+01,2.388810E+01,5.732847E+01
19:19:00,8.011056E+03,1.859741E+03,5.577935E-01,1.642431E-01,0.000000E+00,0.000000E+00,0.000000E+00,0.000000E+00,0.000000E+00,0.000000E+00,0.000000E+00,0.000000E+00,2.110805E+01,7.994495E+01,2.388810E+01,5.735132E+01
19:20:00,8.011056E+03,1.855415E+03,5.577935E-01,1.638611E-01,0.000000E+00,0.000000E+00,0.000000E+00,0.000000E+00,0.000000E+00,0.000000E+00,0.000000E+00,0.000000E+00,2.110805E+01,7.994495E+01,2.388810E+01,5.737410E+01
19:21:00,8.011056E+03,1.851092E+03,5.577935E-01,1.634793E-01,0.000000E+00,0.000000E+00,0.000000E+00,0.000000E+00,0.000000E+00,0.000000E+00,0.000000E+00,0.000000E+00,2.110805E+01,7.994495E+01,2.388810E+01,5.739677E+01
19:22:00,8.011056E+03,1.846772E+03,5.577935E-01,1.630977E-01,0.000000E+00,0.000000E+00,0.000000E+00,0.000000E+00,0.000000E+00,0.000000E+00,0.000000E+00,0.000000E+00,2.110805E+01,7.994495E+01,2.388810E+01,5.741934E+01
19:23:00,8.011056E+03,1.842455E+03,5.577935E-01,1.627165E-01,0.000000E+00,0.000000E+00,0.000000E+00,0.000000E+00,0.000000E+00,0.000000E+00,0.000000E+00,0.000000E+00,2.110805E+01,7.994495E+01,2.388810E+01,5.744183E+01
19:24:00,8.011056E+03,1.838143E+03,5.577935E-01,1.623356E-01,0.000000E+00,0.000000E+00,0.000000E+00,0.000000E+00,0.000000E+00,0.000000E+00,0.000000E+00,0.000000E+00,2.110805E+01,7.994495E+01,2.388810E+01,5.746422E+01
19:25:00,8.011056E+03,1.833835E+03,5.577935E-01,1.619552E-01,0.000000E+00,0.000000E+00,0.000000E+00,0.000000E+00,0.000000E+00,0.000000E+00,0.000000E+00,0.000000E+00,2.110805E+01,7.994495E+01,2.388810E+01,5.748654E+01
19:26:00,8.011056E+03,1.829532E+03,5.577935E-01,1.615751E-01,0.000000E+00,0.000000E+00,0.000000E+00,0.000000E+00,0.000000E+00,0.000000E+00,0.000000E+00,0.000000E+00,2.110805E+01,7.994495E+01,2.388810E+01,5.750878E+01
19:27:00,8.011056E+03,1.825235E+03,5.577935E-01,1.611956E-01,0.000000E+00,0.000000E+00,0.000000E+00,0.000000E+00,0.000000E+00,0.000000E+00,0.000000E+00,0.000000E+00,2.110805E+01,7.994495E+01,2.388810E+01,5.753095E+01
19:28:00,8.011056E+03,1.820943E+03,5.577935E-01,1.608165E-01,0.000000E+00,0.000000E+00,0.000000E+00,0.000000E+00,0.000000E+00,0.000000E+00,0.000000E+00,0.000000E+00,2.110805E+01,7.994495E+01,2.388810E+01,5.755305E+01
19:29:00,8.011056E+03,1.816657E+03,5.577935E-01,1.604380E-01,0.000000E+00,0.000000E+00,0.000000E+00,0.000000E+00,0.000000E+00,0.000000E+00,0.000000E+00,0.000000E+00,2.110805E+01,7.994495E+01,2.388810E+01,5.757509E+01
19:30:00,8.011056E+03,1.812378E+03,5.577935E-01,1.600601E-01,0.000000E+00,0.000000E+00,0.000000E+00,0.000000E+00,0.000000E+00,0.000000E+00,0.000000E+00,0.000000E+00,2.110805E+01,7.994495E+01,2.388810E+01,5.759708E+01
19:31:00,8.011056E+03,1.808105E+03,5.577935E-01,1.596827E-01,0.000000E+00,0.000000E+00,0.000000E+00,0.000000E+00,0.000000E+00,0.000000E+00,0.000000E+00,0.000000E+00,2.110805E+01,7.994495E+01,2.388811E+01,5.761901E+01
19:32:00,8.011056E+03,1.803840E+03,5.577935E-01,1.593061E-01,0.000000E+00,0.000000E+00,0.000000E+00,0.000000E+00,0.000000E+00,0.000000E+00,0.000000E+00,0.000000E+00,2.110805E+01,7.994495E+01,2.388811E+01,5.764089E+01
19:33:00,8.011056E+03,1.799583E+03,5.577935E-01,1.589301E-01,0.000000E+00,0.000000E+00,0.000000E+00,0.000000E+00,0.000000E+00,0.000000E+00,0.000000E+00,0.000000E+00,2.110805E+01,7.994495E+01,2.388811E+01,5.766273E+01
19:34:00,8.011056E+03,1.795333E+03,5.577935E-01,1.585548E-01,0.000000E+00,0.000000E+00,0.000000E+00,0.000000E+00,0.000000E+00,0.000000E+00,0.000000E+00,0.000000E+00,2.110805E+01,7.994495E+01,2.388811E+01,5.768452E+01
19:35:00,8.011056E+03,1.791092E+03,5.577935E-01,1.581802E-01,0.000000E+00,0.000000E+00,0.000000E+00,0.000000E+00,0.000000E+00,0.000000E+00,0.000000E+00,0.000000E+00,2.110805E+01,7.994495E+01,2.388811E+01,5.770628E+01
19:36:00,8.011056E+03,1.786860E+03,5.577935E-01,1.578064E-01,0.000000E+00,0.000000E+00,0.000000E+00,0.000000E+00,0.000000E+00,0.000000E+00,0.000000E+00,0.000000E+00,2.110805E+01,7.994495E+01,2.388811E+01,5.772801E+01
19:37:00,8.011056E+03,1.782637E+03,5.577935E-01,1.574334E-01,0.000000E+00,0.000000E+00,0.000000E+00,0.000000E+00,0.000000E+00,0.000000E+00,0.000000E+00,0.000000E+00,2.110805E+01,7.994495E+01,2.388811E+01,5.774971E+01
19:38:00,8.011056E+03,1.778423E+03,5.577935E-01,1.570613E-01,0.000000E+00,0.000000E+00,0.000000E+00,0.000000E+00,0.000000E+00,0.000000E+00,0.000000E+00,0.000000E+00,2.110805E+01,7.994495E+01,2.388811E+01,5.777138E+01
19:39:00,8.011056E+03,1.774262E+03,5.577935E-01,1.566938E-01,0.000000E+00,0.000000E+00,0.000000E+00,0.000000E+00,0.000000E+00,0.000000E+00,0.000000E+00,0.000000E+00,2.110805E+01,7.994495E+01,2.388811E+01,5.779304E+01
19:40:00,8.011056E+03,1.770114E+03,5.577935E-01,1.563275E-01,0.000000E+00,0.000000E+00,0.000000E+00,0.000000E+00,0.000000E+00,0.000000E+00,0.000000E+00,0.000000E+00,2.110805E+01,7.994495E+01,2.388811E+01,5.781467E+01
19:41:00,8.011056E+03,1.765979E+03,5.577935E-01,1.559623E-01,0.000000E+00,0.000000E+00,0.000000E+00,0.000000E+00,0.000000E+00,0.000000E+00,0.000000E+00,0.000000E+00,2.110805E+01,7.994495E+01,2.388811E+01,5.783629E+01
19:42:00,8.011056E+03,1.761856E+03,5.577935E-01,1.555981E-01,0.000000E+00,0.000000E+00,0.000000E+00,0.000000E+00,0.000000E+00,0.000000E+00,0.000000E+00,0.000000E+00,2.110805E+01,7.994495E+01,2.388811E+01,5.785789E+01
19:43:00,8.011056E+03,1.757744E+03,5.577935E-01,1.552350E-01,0.000000E+00,0.000000E+00,0.000000E+00,0.000000E+00,0.000000E+00,0.000000E+00,0.000000E+00,0.000000E+00,2.110805E+01,7.994495E+01,2.388811E+01,5.787949E+01
19:44:00,8.011056E+03,1.753645E+03,5.577935E-01,1.548729E-01,0.000000E+00,0.000000E+00,0.000000E+00,0.000000E+00,0.000000E+00,0.000000E+00,0.000000E+00,0.000000E+00,2.110805E+01,7.994495E+01,2.388811E+01,5.790108E+01
19:45:00,8.011056E+03,1.749558E+03,5.577935E-01,1.545120E-01,0.000000E+00,0.000000E+00,0.000000E+00,0.000000E+00,0.000000E+00,0.000000E+00,0.000000E+00,0.000000E+00,2.110805E+01,7.994495E+01,2.388811E+01,5.792266E+01
19:46:00,8.011056E+03,1.745483E+03,5.577935E-01,1.541521E-01,0.000000E+00,0.000000E+00,0.000000E+00,0.000000E+00,0.000000E+00,0.000000E+00,0.000000E+00,0.000000E+00,2.110805E+01,7.994495E+01,2.388811E+01,5.794424E+01
19:47:00,8.011056E+03,1.741425E+03,5.577935E-01,1.537937E-01,0.000000E+00,0.000000E+00,0.000000E+00,0.000000E+00,0.000000E+00,0.000000E+00,0.000000E+00,0.000000E+00,2.110805E+01,7.994495E+01,2.388812E+01,5.796583E+01
19:48:00,8.011056E+03,1.737383E+03,5.577935E-01,1.534367E-01,0.000000E+00,0.000000E+00,0.000000E+00,0.000000E+00,0.000000E+00,0.000000E+00,0.000000E+00,0.000000E+00,2.110805E+01,7.994495E+01,2.388812E+01,5.798741E+01
19:49:00,8.011056E+03,1.733358E+03,5.577935E-01,1.530812E-01,0.000000E+00,0.000000E+00,0.000000E+00,0.000000E+00,0.000000E+00,0.000000E+00,0.000000E+00,0.000000E+00,2.110805E+01,7.994495E+01,2.388812E+01,5.800901E+01
19:50:00,8.011056E+03,1.729350E+03,5.577935E-01,1.527273E-01,0.000000E+00,0.000000E+00,0.000000E+00,0.000000E+00,0.000000E+00,0.000000E+00,0.000000E+00,0.000000E+00,2.110805E+01,7.994495E+01,2.388812E+01,5.803060E+01
19:51:00,8.011056E+03,1.725360E+03,5.577935E-01,1.523749E-01,0.000000E+00,0.000000E+00,0.000000E+00,0.000000E+00,0.000000E+00,0.000000E+00,0.000000E+00,0.000000E+00,2.110805E+01,7.994495E+01,2.388812E+01,5.805222E+01
19:52:00,8.011056E+03,1.721389E+03,5.577935E-01,1.520241E-01,0.000000E+00,0.000000E+00,0.000000E+00,0.000000E+00,0.000000E+00,0.000000E+00,0.000000E+00,0.000000E+00,2.110805E+01,7.994495E+01,2.388812E+01,5.807384E+01
19:53:00,8.011056E+03,1.717435E+03,5.577935E-01,1.516750E-01,0.000000E+00,0.000000E+00,0.000000E+00,0.000000E+00,0.000000E+00,0.000000E+00,0.000000E+00,0.000000E+00,2.110805E+01,7.994495E+01,2.388812E+01,5.809547E+01
19:54:00,8.011056E+03,1.713500E+03,5.577935E-01,1.513275E-01,0.000000E+00,0.000000E+00,0.000000E+00,0.000000E+00,0.000000E+00,0.000000E+00,0.000000E+00,0.000000E+00,2.110805E+01,7.994495E+01,2.388812E+01,5.811712E+01
19:55:00,8.011056E+03,1.709584E+03,5.577935E-01,1.509816E-01,0.000000E+00,0.000000E+00,0.000000E+00,0.000000E+00,0.000000E+00,0.000000E+00,0.000000E+00,0.000000E+00,2.110805E+01,7.994495E+01,2.388812E+01,5.813879E+01
19:56:00,8.011056E+03,1.705688E+03,5.577935E-01,1.506375E-01,0.000000E+00,0.000000E+00,0.000000E+00,0.000000E+00,0.000000E+00,0.000000E+00,0.000000E+00,0.000000E+00,2.110805E+01,7.994495E+01,2.388812E+01,5.816047E+01
19:57:00,8.011056E+03,1.701811E+03,5.577935E-01,1.502951E-01,0.000000E+00,0.000000E+00,0.000000E+00,0.000000E+00,0.000000E+00,0.000000E+00,0.000000E+00,0.000000E+00,2.110805E+01,7.994495E+01,2.388812E+01,5.818218E+01
19:58:00,8.011056E+03,1.697953E+03,5.577935E-01,1.499544E-01,0.000000E+00,0.000000E+00,0.000000E+00,0.000000E+00,0.000000E+00,0.000000E+00,0.000000E+00,0.000000E+00,2.110805E+01,7.994495E+01,2.388812E+01,5.820391E+01
19:59:00,8.011056E+03,1.694139E+03,5.577935E-01,1.496175E-01,0.000000E+00,0.000000E+00,0.000000E+00,0.000000E+00,0.000000E+00,0.000000E+00,0.000000E+00,0.000000E+00,2.110805E+01,7.994495E+01,2.388812E+01,5.822566E+01
20:00:00,8.011056E+03,1.690345E+03,5.577935E-01,1.492824E-01,0.000000E+00,0.000000E+00,0.000000E+00,0.000000E+00,0.000000E+00,0.000000E+00,0.000000E+00,0.000000E+00,2.110805E+01,7.994495E+01,2.388813E+01,5.824743E+01
20:01:00,8.011056E+03,1.686566E+03,5.577935E-01,1.489487E-01,0.000000E+00,0.000000E+00,0.000000E+00,0.000000E+00,0.000000E+00,0.000000E+00,0.000000E+00,0.000000E+00,2.110805E+01,7.994495E+01,2.388813E+01,5.826923E+01
20:02:00,8.011056E+03,1.682801E+03,5.577935E-01,1.486162E-01,0.000000E+00,0.000000E+00,0.000000E+00,0.000000E+00,0.000000E+00,0.000000E+00,0.000000E+00,0.000000E+00,2.110805E+01,7.994495E+01,2.388813E+01,5.829102E+01
20:03:00,8.011056E+03,1.679051E+03,5.577935E-01,1.482850E-01,0.000000E+00,0.000000E+00,0.000000E+00,0.000000E+00,0.000000E+00,0.000000E+00,0.000000E+00,0.000000E+00,2.110805E+01,7.994495E+01,2.388813E+01,5.831276E+01
20:04:00,8.011056E+03,1.675315E+03,5.577935E-01,1.479550E-01,0.000000E+00,0.000000E+00,0.000000E+00,0.000000E+00,0.000000E+00,0.000000E+00,0.000000E+00,0.000000E+00,2.110805E+01,7.994495E+01,2.388813E+01,5.833445E+01
20:05:00,8.011056E+03,1.671593E+03,5.577935E-01,1.476263E-01,0.000000E+00,0.000000E+00,0.000000E+00,0.000000E+00,0.000000E+00,0.000000E+00,0.000000E+00,0.000000E+00,2.110805E+01,7.994495E+01,2.388813E+01,5.835610E+01
20:06:00,8.011056E+03,1.667884E+03,5.577935E-01,1.472988E-01,0.000000E+00,0.000000E+00,0.000000E+00,0.000000E+00,0.000000E+00,0.000000E+00,0.000000E+00,0.000000E+00,2.110805E+01,7.994495E+01,2.388813E+01,5.837771E+01
20:07:00,8.011056E+03,1.664190E+03,5.577935E-01,1.469725E-01,0.000000E+00,0.000000E+00,0.000000E+00,0.000000E+00,0.000000E+00,0.000000E+00,0.000000E+00,0.000000E+00,2.110805E+01,7.994495E+01,2.388813E+01,5.839928E+01
20:08:00,8.011056E+03,1.660509E+03,5.577935E-01,1.466474E-01,0.000000E+00,0.000000E+00,0.000000E+00,0.000000E+00,0.000000E+00,0.000000E+00,0.000000E+00,0.000000E+00,2.110805E+01,7.994495E+01,2.388813E+01,5.842081E+01
20:09:00,8.011056E+03,1.656855E+03,5.577935E-01,1.463247E-01,0.000000E+00,0.000000E+00,0.000000E+00,0.000000E+00,0.000000E+00,0.000000E+00,0.000000E+00,0.000000E+00,2.110805E+01,7.994495E+01,2.388813E+01,5.844232E+01
20:10:00,8.011056E+03,1.653214E+03,5.577935E-01,1.460032E-01,0.000000E+00,0.000000E+00,0.000000E+00,0.000000E+00,0.000000E+00,0.000000E+00,0.000000E+00,0.000000E+00,2.110805E+01,7.994495E+01,2.388813E+01,5.846380E+01
20:11:00,8.011056E+03,1.649586E+03,5.577935E-01,1.456827E-01,0.000000E+00,0.000000E+00,0.000000E+00,0.000000E+00,0.000000E+00,0.000000E+00,0.000000E+00,0.000000E+00,2.110805E+01,7.994495E+01,2.388813E+01,5.848526E+01
20:12:00,8.011056E+03,1.645970E+03,5.577935E-01,1.453634E-01,0.000000E+00,0.000000E+00,0.000000E+00,0.000000E+00,0.000000E+00,0.000000E+00,0.000000E+00,0.000000E+00,2.110805E+01,7.994495E+01,2.388813E+01,5.850669E+01
20:13:00,8.011056E+03,1.642367E+03,5.577935E-01,1.450451E-01,0.000000E+00,0.000000E+00,0.000000E+00,0.000000E+00,0.000000E+00,0.000000E+00,0.000000E+00,0.000000E+00,2.110805E+01,7.994495E+01,2.388813E+01,5.852811E+01
20:14:00,8.011056E+03,1.638774E+03,5.577935E-01,1.447279E-01,0.000000E+00,0.000000E+00,0.000000E+00,0.000000E+00,0.000000E+00,0.000000E+00,0.000000E+00,0.000000E+00,2.110805E+01,7.994495E+01,2.388813E+01,5.854951E+01
20:15:00,8.011056E+03,1.635193E+03,5.577935E-01,1.444116E-01,0.000000E+00,0.000000E+00,0.000000E+00,0.000000E+00,0.000000E+00,0.000000E+00,0.000000E+00,0.000000E+00,2.110805E+01,7.994495E+01,2.388814E+01,5.857089E+01
20:16:00,8.011056E+03,1.631681E+03,5.577935E-01,1.441014E-01,0.000000E+00,0.000000E+00,0.000000E+00,0.000000E+00,0.000000E+00,0.000000E+00,0.000000E+00,0.000000E+00,2.110805E+01,7.994495E+01,2.388814E+01,5.859227E+01
20:17:00,8.011056E+03,1.628177E+03,5.577935E-01,1.437920E-01,0.000000E+00,0.000000E+00,0.000000E+00,0.000000E+00,0.000000E+00,0.000000E+00,0.000000E+00,0.000000E+00,2.110805E+01,7.994495E+01,2.388814E+01,5.861363E+01
20:18:00,8.011056E+03,1.624681E+03,5.577935E-01,1.434831E-01,0.000000E+00,0.000000E+00,0.000000E+00,0.000000E+00,0.000000E+00,0.000000E+00,0.000000E+00,0.000000E+00,2.110805E+01,7.994495E+01,2.388814E+01,5.863499E+01
20:19:00,8.011056E+03,1.621190E+03,5.577935E-01,1.431748E-01,0.000000E+00,0.000000E+00,0.000000E+00,0.000000E+00,0.000000E+00,0.000000E+00,0.000000E+00,0.000000E+00,2.110805E+01,7.994495E+01,2.388814E+01,5.865634E+01
20:20:00,8.011056E+03,1.617705E+03,5.577935E-01,1.428671E-01,0.000000E+00,0.000000E+00,0.000000E+00,0.000000E+00,0.000000E+00,0.000000E+00,0.000000E+00,0.000000E+00,2.110805E+01,7.994495E+01,2.388814E+01,5.867769E+01
20:21:00,8.011056E+03,1.614225E+03,5.577935E-01,1.425598E-01,0.000000E+00,0.000000E+00,0.000000E+00,0.000000E+00,0.000000E+00,0.000000E+00,0.000000E+00,0.000000E+00,2.110805E+01,7.994495E+01,2.388814E+01,5.869903E+01
20:22:00,8.011056E+03,1.610751E+03,5.577935E-01,1.422529E-01,0.000000E+00,0.000000E+00,0.000000E+00,0.000000E+00,0.000000E+00,0.000000E+00,0.000000E+00,0.000000E+00,2.110805E+01,7.994495E+01,2.388814E+01,5.872037E+01
20:23:00,8.011056E+03,1.607282E+03,5.577935E-01,1.419465E-01,0.000000E+00,0.000000E+00,0.000000E+00,0.000000E+00,0.000000E+00,0.000000E+00,0.000000E+00,0.000000E+00,2.110805E+01,7.994495E+01,2.388814E+01,5.874172E+01
20:24:00,8.011056E+03,1.603817E+03,5.577935E-01,1.416406E-01,0.000000E+00,0.000000E+00,0.000000E+00,0.000000E+00,0.000000E+00,0.000000E+00,0.000000E+00,0.000000E+00,2.110805E+01,7.994495E+01,2.388814E+01,5.876307E+01
20:25:00,8.011056E+03,1.600358E+03,5.577935E-01,1.413351E-01,0.000000E+00,0.000000E+00,0.000000E+00,0.000000E+00,0.000000E+00,0.000000E+00,0.000000E+00,0.000000E+00,2.110805E+01,7.994495E+01,2.388814E+01,5.878443E+01
20:26:00,8.011056E+03,1.596904E+03,5.577935E-01,1.410300E-01,0.000000E+00,0.000000E+00,0.000000E+00,0.000000E+00,0.000000E+00,0.000000E+00,0.000000E+00,0.000000E+00,2.110805E+01,7.994495E+01,2.388814E+01,5.880578E+01
20:27:00,8.011056E+03,1.593455E+03,5.577935E-01,1.407254E-01,0.000000E+00,0.000000E+00,0.000000E+00,0.000000E+00,0.000000E+00,0.000000E+00,0.000000E+00,0.000000E+00,2.110805E+01,7.994495E+01,2.388814E+01,5.882715E+01
20:28:00,8.011056E+03,1.590012E+03,5.577935E-01,1.404213E-01,0.000000E+00,0.000000E+00,0.000000E+00,0.000000E+00,0.000000E+00,0.000000E+00,0.000000E+00,0.000000E+00,2.110805E+01,7.994495E+01,2.388814E+01,5.884853E+01
20:29:00,8.011056E+03,1.586573E+03,5.577935E-01,1.401176E-01,0.000000E+00,0.000000E+00,0.000000E+00,0.000000E+00,0.000000E+00,0.000000E+00,0.000000E+00,0.000000E+00,2.110805E+01,7.994495E+01,2.388814E+01,5.886991E+01
20:30:00,8.011056E+03,1.583139E+03,5.577935E-01,1.398143E-01,0.000000E+00,0.000000E+00,0.000000E+00,0.000000E+00,0.000000E+00,0.000000E+00,0.000000E+00,0.000000E+00,2.110805E+01,7.994495E+01,2.388815E+01,5.889131E+01
20:31:00,8.011056E+03,1.579711E+03,5.577935E-01,1.395115E-01,0.000000E+00,0.000000E+00,0.000000E+00,0.000000E+00,0.000000E+00,0.000000E+00,0.000000E+00,0.000000E+00,2.110805E+01,7.994495E+01,2.388815E+01,5.891271E+01
20:32:00,8.011056E+03,1.576287E+03,5.577935E-01,1.392092E-01,0.000000E+00,0.000000E+00,0.000000E+00,0.000000E+00,0.000000E+00,0.000000E+00,0.000000E+00,0.000000E+00,2.110805E+01,7.994495E+01,2.388815E+01,5.893413E+01
20:33:00,8.011056E+03,1.572869E+03,5.577935E-01,1.389073E-01,0.000000E+00,0.000000E+00,0.000000E+00,0.000000E+00,0.000000E+00,0.000000E+00,0.000000E+00,0.000000E+00,2.110805E+01,7.994495E+01,2.388815E+01,5.895556E+01
20:34:00,8.011056E+03,1.569457E+03,5.577935E-01,1.386060E-01,0.000000E+00,0.000000E+00,0.000000E+00,0.000000E+00,0.000000E+00,0.000000E+00,0.000000E+00,0.000000E+00,2.110805E+01,7.994495E+01,2.388815E+01,5.897701E+01
20:35:00,8.011056E+03,1.566050E+03,5.577935E-01,1.383050E-01,0.000000E+00,0.000000E+00,0.000000E+00,0.000000E+00,0.000000E+00,0.000000E+00,0.000000E+00,0.000000E+00,2.110805E+01,7.994495E+01,2.388815E+01,5.899847E+01
20:36:00,8.011056E+03,1.562648E+03,5.577935E-01,1.380046E-01,0.000000E+00,0.000000E+00,0.000000E+00,0.000000E+00,0.000000E+00,0.000000E+00,0.000000E+00,0.000000E+00,2.110805E+01,7.994495E+01,2.388815E+01,5.901996E+01
20:37:00,8.011056E+03,1.559252E+03,5.577935E-01,1.377047E-01,0.000000E+00,0.000000E+00,0.000000E+00,0.000000E+00,0.000000E+00,0.000000E+00,0.000000E+00,0.000000E+00,2.110805E+01,7.994495E+01,2.388815E+01,5.904145E+01
20:38:00,8.011056E+03,1.555861E+03,5.577935E-01,1.374052E-01,0.000000E+00,0.000000E+00,0.000000E+00,0.000000E+00,0.000000E+00,0.000000E+00,0.000000E+00,0.000000E+00,2.110805E+01,7.994495E+01,2.388815E+01,5.906297E+01
20:39:00,8.011056E+03,1.552477E+03,5.577935E-01,1.371063E-01,0.000000E+00,0.000000E+00,0.000000E+00,0.000000E+00,0.000000E+00,0.000000E+00,0.000000E+00,0.000000E+00,2.110805E+01,7.994495E+01,2.388815E+01,5.908450E+01
20:40:00,8.011056E+03,1.549098E+03,5.577935E-01,1.368079E-01,0.000000E+00,0.000000E+00,0.000000E+00,0.000000E+00,0.000000E+00,0.000000E+00,0.000000E+00,0.000000E+00,2.110805E+01,7.994495E+01,2.388815E+01,5.910605E+01
20:41:00,8.011056E+03,1.545724E+03,5.577935E-01,1.365099E-01,0.000000E+00,0.000000E+00,0.000000E+00,0.000000E+00,0.000000E+00,0.000000E+00,0.000000E+00,0.000000E+00,2.110805E+01,7.994495E+01,2.388815E+01,5.912762E+01
20:42:00,8.011056E+03,1.542357E+03,5.577935E-01,1.362125E-01,0.000000E+00,0.000000E+00,0.000000E+00,0.000000E+00,0.000000E+00,0.000000E+00,0.000000E+00,0.000000E+00,2.110805E+01,7.994495E+01,2.388815E+01,5.914921E+01
20:43:00,8.011056E+03,1.538995E+03,5.577935E-01,1.359157E-01,0.000000E+00,0.000000E+00,0.000000E+00,0.000000E+00,0.000000E+00,0.000000E+00,0.000000E+00,0.000000E+00,2.110805E+01,7.994495E+01,2.388816E+01,5.917082E+01
20:44:00,8.011056E+03,1.535640E+03,5.577935E-01,1.356193E-01,0.000000E+00,0.000000E+00,0.000000E+00,0.000000E+00,0.000000E+00,0.000000E+00,0.000000E+00,0.000000E+00,2.110805E+01,7.994495E+01,2.388816E+01,5.919246E+01
20:45:00,8.011056E+03,1.532290E+03,5.577935E-01,1.353235E-01,0.000000E+00,0.000000E+00,0.000000E+00,0.000000E+00,0.000000E+00,0.000000E+00,0.000000E+00,0.000000E+00,2.110805E+01,7.994495E+01,2.388816E+01,5.921412E+01
20:46:00,8.011056E+03,1.528947E+03,5.577935E-01,1.350282E-01,0.000000E+00,0.000000E+00,0.000000E+00,0.000000E+00,0.000000E+00,0.000000E+00,0.000000E+00,0.000000E+00,2.110805E+01,7.994495E+01,2.388816E+01,5.923579E+01
20:47:00,8.011056E+03,1.525610E+03,5.577935E-01,1.347335E-01,0.000000E+00,0.000000E+00,0.000000E+00,0.000000E+00,0.000000E+00,0.000000E+00,0.000000E+00,0.000000E+00,2.110805E+01,7.994495E+01,2.388816E+01,5.925749E+01
20:48:00,8.011056E+03,1.522279E+03,5.577935E-01,1.344393E-01,0.000000E+00,0.000000E+00,0.000000E+00,0.000000E+00,0.000000E+00,0.000000E+00,0.000000E+00,0.000000E+00,2.110805E+01,7.994495E+01,2.388816E+01,5.927921E+01
20:49:00,8.011056E+03,1.518954E+03,5.577935E-01,1.341457E-01,0.000000E+00,0.000000E+00,0.000000E+00,0.000000E+00,0.000000E+00,0.000000E+00,0.000000E+00,0.000000E+00,2.110805E+01,7.994495E+01,2.388816E+01,5.930096E+01
20:50:00,8.011056E+03,1.515636E+03,5.577935E-01,1.338527E-01,0.000000E+00,0.000000E+00,0.000000E+00,0.000000E+00,0.000000E+00,0.000000E+00,0.000000E+00,0.000000E+00,2.110805E+01,7.994495E+01,2.388816E+01,5.932273E+01
20:51:00,8.011056E+03,1.512325E+03,5.577935E-01,1.335602E-01,0.000000E+00,0.000000E+00,0.000000E+00,0.000000E+00,0.000000E+00,0.000000E+00,0.000000E+00,0.000000E+00,2.110805E+01,7.994495E+01,2.388816E+01,5.934453E+01
20:52:00,8.011056E+03,1.509020E+03,5.577935E-01,1.332683E-01,0.000000E+00,0.000000E+00,0.000000E+00,0.000000E+00,0.000000E+00,0.000000E+00,0.000000E+00,0.000000E+00,2.110805E+01,7.994495E+01,2.388816E+01,5.936634E+01
20:53:00,8.011056E+03,1.505721E+03,5.577935E-01,1.329770E-01,0.000000E+00,0.000000E+00,0.000000E+00,0.000000E+00,0.000000E+00,0.000000E+00,0.000000E+00,0.000000E+00,2.110805E+01,7.994495E+01,2.388816E+01,5.938819E+01
20:54:00,8.011056E+03,1.502430E+03,5.577935E-01,1.326863E-01,0.000000E+00,0.000000E+00,0.000000E+00,0.000000E+00,0.000000E+00,0.000000E+00,0.000000E+00,0.000000E+00,2.110805E+01,7.994495E+01,2.388816E+01,5.941005E+01
20:55:00,8.011056E+03,1.499145E+03,5.577935E-01,1.323962E-01,0.000000E+00,0.000000E+00,0.000000E+00,0.000000E+00,0.000000E+00,0.000000E+00,0.000000E+00,0.000000E+00,2.110805E+01,7.994495E+01,2.388816E+01,5.943195E+01
20:56:00,8.011056E+03,1.495867E+03,5.577935E-01,1.321067E-01,0.000000E+00,0.000000E+00,0.000000E+00,0.000000E+00,0.000000E+00,0.000000E+00,0.000000E+00,0.000000E+00,2.110805E+01,7.994495E+01,2.388817E+01,5.945387E+01
20:57:00,8.011056E+03,1.492596E+03,5.577935E-01,1.318178E-01,0.000000E+00,0.000000E+00,0.000000E+00,0.000000E+00,0.000000E+00,0.000000E+00,0.000000E+00,0.000000E+00,2.110805E+01,7.994495E+01,2.388817E+01,5.947581E+01
20:58:00,8.011056E+03,1.489331E+03,5.577935E-01,1.315295E-01,0.000000E+00,0.000000E+00,0.000000E+00,0.000000E+00,0.000000E+00,0.000000E+00,0.000000E+00,0.000000E+00,2.110805E+01,7.994495E+01,2.388817E+01,5.949778E+01
20:59:00,8.011056E+03,1.486074E+03,5.577935E-01,1.312418E-01,0.000000E+00,0.000000E+00,0.000000E+00,0.000000E+00,0.000000E+00,0.000000E+00,0.000000E+00,0.000000E+00,2.110805E+01,7.994495E+01,2.388817E+01,5.951977E+01
21:00:00,8.011056E+03,1.482824E+03,5.577935E-01,1.309548E-01,0.000000E+00,0.000000E+00,0.000000E+00,0.000000E+00,0.000000E+00,0.000000E+00,0.000000E+00,0.000000E+00,2.110805E+01,7.994495E+01,2.388817E+01,5.954179E+01
21:01:00,8.011056E+03,1.479576E+03,5.577935E-01,1.306679E-01,0.000000E+00,0.000000E+00,0.000000E+00,0.000000E+00,0.000000E+00,0.000000E+00,0.000000E+00,0.000000E+00,2.110805E+01,7.994495E+01,2.388817E+01,5.956384E+01
21:02:00,8.011056E+03,1.476329E+03,5.577935E-01,1.303811E-01,0.000000E+00,0.000000E+00,0.000000E+00,0.000000E+00,0.000000E+00,0.000000E+00,0.000000E+00,0.000000E+00,2.110805E+01,7.994495E+01,2.388817E+01,5.958591E+01
21:03:00,8.011056E+03,1.473083E+03,5.577935E-01,1.300945E-01,0.000000E+00,0.000000E+00,0.000000E+00,0.000000E+00,0.000000E+00,0.000000E+00,0.000000E+00,0.000000E+00,2.110805E+01,7.994495E+01,2.388817E+01,5.960801E+01
21:04:00,8.011056E+03,1.469840E+03,5.577935E-01,1.298081E-01,0.000000E+00,0.000000E+00,0.000000E+00,0.000000E+00,0.000000E+00,0.000000E+00,0.000000E+00,0.000000E+00,2.110805E+01,7.994495E+01,2.388817E+01,5.963014E+01
21:05:00,8.011056E+03,1.466598E+03,5.577935E-01,1.295218E-01,0.000000E+00,0.000000E+00,0.000000E+00,0.000000E+00,0.000000E+00,0.000000E+00,0.000000E+00,0.000000E+00,2.110805E+01,7.994495E+01,2.388817E+01,5.965229E+01
21:06:00,8.011056E+03,1.463359E+03,5.577935E-01,1.292357E-01,0.000000E+00,0.000000E+00,0.000000E+00,0.000000E+00,0.000000E+00,0.000000E+00,0.000000E+00,0.000000E+00,2.110805E+01,7.994495E+01,2.388817E+01,5.967446E+01
21:07:00,8.011056E+03,1.460121E+03,5.577935E-01,1.289497E-01,0.000000E+00,0.000000E+00,0.000000E+00,0.000000E+00,0.000000E+00,0.000000E+00,0.000000E+00,0.000000E+00,2.110805E+01,7.994495E+01,2.388817E+01,5.969667E+01
21:08:00,8.011056E+03,1.456885E+03,5.577935E-01,1.286639E-01,0.000000E+00,0.000000E+00,0.000000E+00,0.000000E+00,0.000000E+00,0.000000E+00,0.000000E+00,0.000000E+00,2.110805E+01,7.994495E+01,2.388817E+01,5.971890E+01
21:09:00,8.011056E+03,1.453651E+03,5.577935E-01,1.283783E-01,0.000000E+00,0.000000E+00,0.000000E+00,0.000000E+00,0.000000E+00,0.000000E+00,0.000000E+00,0.000000E+00,2.110805E+01,7.994495E+01,2.388818E+01,5.974116E+01
21:10:00,8.011056E+03,1.450420E+03,5.577935E-01,1.280929E-01,0.000000E+00,0.000000E+00,0.000000E+00,0.000000E+00,0.000000E+00,0.000000E+00,0.000000E+00,0.000000E+00,2.110805E+01,7.994495E+01,2.388818E+01,5.976344E+01
21:11:00,8.011056E+03,1.447190E+03,5.577935E-01,1.278077E-01,0.000000E+00,0.000000E+00,0.000000E+00,0.000000E+00,0.000000E+00,0.000000E+00,0.000000E+00,0.000000E+00,2.110805E+01,7.994495E+01,2.388818E+01,5.978575E+01
21:12:00,8.011056E+03,1.443963E+03,5.577935E-01,1.275227E-01,0.000000E+00,0.000000E+00,0.000000E+00,0.000000E+00,0.000000E+00,0.000000E+00,0.000000E+00,0.000000E+00,2.110805E+01,7.994495E+01,2.388818E+01,5.980809E+01
21:13:00,8.011056E+03,1.440738E+03,5.577935E-01,1.272379E-01,0.000000E+00,0.000000E+00,0.000000E+00,0.000000E+00,0.000000E+00,0.000000E+00,0.000000E+00,0.000000E+00,2.110805E+01,7.994495E+01,2.388818E+01,5.983046E+01
21:14:00,8.011056E+03,1.437516E+03,5.577935E-01,1.269533E-01,0.000000E+00,0.000000E+00,0.000000E+00,0.000000E+00,0.000000E+00,0.000000E+00,0.000000E+00,0.000000E+00,2.110805E+01,7.994495E+01,2.388818E+01,5.985285E+01
21:15:00,8.011056E+03,1.434296E+03,5.577935E-01,1.266689E-01,0.000000E+00,0.000000E+00,0.000000E+00,0.000000E+00,0.000000E+00,0.000000E+00,0.000000E+00,0.000000E+00,2.110805E+01,7.994495E+01,2.388818E+01,5.987526E+01
21:16:00,8.011056E+03,1.431078E+03,5.577935E-01,1.263847E-01,0.000000E+00,0.000000E+00,0.000000E+00,0.000000E+00,0.000000E+00,0.000000E+00,0.000000E+00,0.000000E+00,2.110805E+01,7.994495E+01,2.388818E+01,5.989771E+01
21:17:00,8.011056E+03,1.427863E+03,5.577935E-01,1.261008E-01,0.000000E+00,0.000000E+00,0.000000E+00,0.000000E+00,0.000000E+00,0.000000E+00,0.000000E+00,0.000000E+00,2.110805E+01,7.994495E+01,2.388818E+01,5.992018E+01
21:18:00,8.011056E+03,1.424650E+03,5.577935E-01,1.258170E-01,0.000000E+00,0.000000E+00,0.000000E+00,0.000000E+00,0.000000E+00,0.000000E+00,0.000000E+00,0.000000E+00,2.110805E+01,7.994495E+01,2.388818E+01,5.994267E+01
21:19:00,8.011056E+03,1.421440E+03,5.577935E-01,1.255336E-01,0.000000E+00,0.000000E+00,0.000000E+00,0.000000E+00,0.000000E+00,0.000000E+00,0.000000E+00,0.000000E+00,2.110805E+01,7.994495E+01,2.388818E+01,5.996520E+01
21:20:00,8.011056E+03,1.418233E+03,5.577935E-01,1.252503E-01,0.000000E+00,0.000000E+00,0.000000E+00,0.000000E+00,0.000000E+00,0.000000E+00,0.000000E+00,0.000000E+00,2.110805E+01,7.994495E+01,2.388818E+01,5.998775E+01
21:21:00,8.011056E+03,1.415028E+03,5.577935E-01,1.249673E-01,0.000000E+00,0.000000E+00,0.000000E+00,0.000000E+00,0.000000E+00,0.000000E+00,0.000000E+00,0.000000E+00,2.110805E+01,7.994495E+01,2.388819E+01,6.001032E+01
21:22:00,8.011056E+03,1.411826E+03,5.577935E-01,1.246845E-01,0.000000E+00,0.000000E+00,0.000000E+00,0.000000E+00,0.000000E+00,0.000000E+00,0.000000E+00,0.000000E+00,2.110805E+01,7.994495E+01,2.388819E+01,6.003293E+01
21:23:00,8.011056E+03,1.408627E+03,5.577935E-01,1.244020E-01,0.000000E+00,0.000000E+00,0.000000E+00,0.000000E+00,0.000000E+00,0.000000E+00,0.000000E+00,0.000000E+00,2.110805E+01,7.994495E+01,2.388819E+01,6.005555E+01
21:24:00,8.011056E+03,1.405431E+03,5.577935E-01,1.241197E-01,0.000000E+00,0.000000E+00,0.000000E+00,0.000000E+00,0.000000E+00,0.000000E+00,0.000000E+00,0.000000E+00,2.110805E+01,7.994495E+01,2.388819E+01,6.007821E+01
21:25:00,8.011056E+03,1.402238E+03,5.577935E-01,1.238376E-01,0.000000E+00,0.000000E+00,0.000000E+00,0.000000E+00,0.000000E+00,0.000000E+00,0.000000E+00,0.000000E+00,2.110805E+01,7.994495E+01,2.388819E+01,6.010089E+01
21:26:00,8.011056E+03,1.399047E+03,5.577935E-01,1.235559E-01,0.000000E+00,0.000000E+00,0.000000E+00,0.000000E+00,0.000000E+00,0.000000E+00,0.000000E+00,0.000000E+00,2.110805E+01,7.994495E+01,2.388819E+01,6.012360E+01
21:27:00,8.011056E+03,1.395860E+03,5.577935E-01,1.232744E-01,0.000000E+00,0.000000E+00,0.000000E+00,0.000000E+00,0.000000E+00,0.000000E+00,0.000000E+00,0.000000E+00,2.110805E+01,7.994495E+01,2.388819E+01,6.014633E+01
21:28:00,8.011056E+03,1.392676E+03,5.577935E-01,1.229931E-01,0.000000E+00,0.000000E+00,0.000000E+00,0.000000E+00,0.000000E+00,0.000000E+00,0.000000E+00,0.000000E+00,2.110805E+01,7.994495E+01,2.388819E+01,6.016909E+01
21:29:00,8.011056E+03,1.389494E+03,5.577935E-01,1.227122E-01,0.000000E+00,0.000000E+00,0.000000E+00,0.000000E+00,0.000000E+00,0.000000E+00,0.000000E+00,0.000000E+00,2.110805E+01,7.994495E+01,2.388819E+01,6.019188E+01
21:30:00,8.011056E+03,1.386316E+03,5.577935E-01,1.224315E-01,0.000000E+00,0.000000E+00,0.000000E+00,0.000000E+00,0.000000E+00,0.000000E+00,0.000000E+00,0.000000E+00,2.110805E+01,7.994495E+01,2.388819E+01,6.021469E+01
21:31:00,8.011056E+03,1.383141E+03,5.577935E-01,1.221511E-01,0.000000E+00,0.000000E+00,0.000000E+00,0.000000E+00,0.000000E+00,0.000000E+00,0.000000E+00,0.000000E+00,2.110805E+01,7.994495E+01,2.388819E+01,6.023753E+01
21:32:00,8.011056E+03,1.379969E+03,5.577935E-01,1.218709E-01,0.000000E+00,0.000000E+00,0.000000E+00,0.000000E+00,0.000000E+00,0.000000E+00,0.000000E+00,0.000000E+00,2.110805E+01,7.994495E+01,2.388819E+01,6.026039E+01
21:33:00,8.011056E+03,1.376800E+03,5.577935E-01,1.215911E-01,0.000000E+00,0.000000E+00,0.000000E+00,0.000000E+00,0.000000E+00,0.000000E+00,0.000000E+00,0.000000E+00,2.110805E+01,7.994495E+01,2.388819E+01,6.028328E+01
21:34:00,8.011056E+03,1.373635E+03,5.577935E-01,1.213115E-01,0.000000E+00,0.000000E+00,0.000000E+00,0.000000E+00,0.000000E+00,0.000000E+00,0.000000E+00,0.000000E+00,2.110805E+01,7.994495E+01,2.388820E+01,6.030619E+01
21:35:00,8.011056E+03,1.370473E+03,5.577935E-01,1.210322E-01,0.000000E+00,0.000000E+00,0.000000E+00,0.000000E+00,0.000000E+00,0.000000E+00,0.000000E+00,0.000000E+00,2.110805E+01,7.994495E+01,2.388820E+01,6.032913E+01
21:36:00,8.011056E+03,1.367314E+03,5.577935E-01,1.207533E-01,0.000000E+00,0.000000E+00,0.000000E+00,0.000000E+00,0.000000E+00,0.000000E+00,0.000000E+00,0.000000E+00,2.110805E+01,7.994495E+01,2.388820E+01,6.035210E+01
21:37:00,8.011056E+03,1.364158E+03,5.577935E-01,1.204746E-01,0.000000E+00,0.000000E+00,0.000000E+00,0.000000E+00,0.000000E+00,0.000000E+00,0.000000E+00,0.000000E+00,2.110805E+01,7.994495E+01,2.388820E+01,6.037509E+01
21:38:00,8.011056E+03,1.361006E+03,5.577935E-01,1.201962E-01,0.000000E+00,0.000000E+00,0.000000E+00,0.000000E+00,0.000000E+00,0.000000E+00,0.000000E+00,0.000000E+00,2.110805E+01,7.994495E+01,2.388820E+01,6.039810E+01
21:39:00,8.011056E+03,1.357857E+03,5.577935E-01,1.199181E-01,0.000000E+00,0.000000E+00,0.000000E+00,0.000000E+00,0.000000E+00,0.000000E+00,0.000000E+00,0.000000E+00,2.110805E+01,7.994495E+01,2.388820E+01,6.042115E+01
21:40:00,8.011056E+03,1.354712E+03,5.577935E-01,1.196403E-01,0.000000E+00,0.000000E+00,0.000000E+00,0.000000E+00,0.000000E+00,0.000000E+00,0.000000E+00,0.000000E+00,2.110805E+01,7.994495E+01,2.388820E+01,6.044421E+01
21:41:00,8.011056E+03,1.351570E+03,5.577935E-01,1.193629E-01,0.000000E+00,0.000000E+00,0.000000E+00,0.000000E+00,0.000000E+00,0.000000E+00,0.000000E+00,0.000000E+00,2.110805E+01,7.994495E+01,2.388820E+01,6.046730E+01
21:42:00,8.011056E+03,1.348432E+03,5.577935E-01,1.190857E-01,0.000000E+00,0.000000E+00,0.000000E+00,0.000000E+00,0.000000E+00,0.000000E+00,0.000000E+00,0.000000E+00,2.110805E+01,7.994495E+01,2.388820E+01,6.049042E+01
21:43:00,8.011056E+03,1.345297E+03,5.577935E-01,1.188089E-01,0.000000E+00,0.000000E+00,0.000000E+00,0.000000E+00,0.000000E+00,0.000000E+00,0.000000E+00,0.000000E+00,2.110805E+01,7.994495E+01,2.388820E+01,6.051356E+01
21:44:00,8.011056E+03,1.342166E+03,5.577935E-01,1.185323E-01,0.000000E+00,0.000000E+00,0.000000E+00,0.000000E+00,0.000000E+00,0.000000E+00,0.000000E+00,0.000000E+00,2.110805E+01,7.994495E+01,2.388820E+01,6.053673E+01
21:45:00,8.011056E+03,1.339039E+03,5.577935E-01,1.182561E-01,0.000000E+00,0.000000E+00,0.000000E+00,0.000000E+00,0.000000E+00,0.000000E+00,0.000000E+00,0.000000E+00,2.110805E+01,7.994495E+01,2.388820E+01,6.055992E+01
21:46:00,8.011056E+03,1.335915E+03,5.577935E-01,1.179802E-01,0.000000E+00,0.000000E+00,0.000000E+00,0.000000E+00,0.000000E+00,0.000000E+00,0.000000E+00,0.000000E+00,2.110805E+01,7.994495E+01,2.388821E+01,6.058313E+01
21:47:00,8.011056E+03,1.332795E+03,5.577935E-01,1.177046E-01,0.000000E+00,0.000000E+00,0.000000E+00,0.000000E+00,0.000000E+00,0.000000E+00,0.000000E+00,0.000000E+00,2.110805E+01,7.994495E+01,2.388821E+01,6.060638E+01
21:48:00,8.011056E+03,1.329678E+03,5.577935E-01,1.174294E-01,0.000000E+00,0.000000E+00,0.000000E+00,0.000000E+00,0.000000E+00,0.000000E+00,0.000000E+00,0.000000E+00,2.110805E+01,7.994495E+01,2.388821E+01,6.062964E+01
21:49:00,8.011056E+03,1.326565E+03,5.577935E-01,1.171545E-01,0.000000E+00,0.000000E+00,0.000000E+00,0.000000E+00,0.000000E+00,0.000000E+00,0.000000E+00,0.000000E+00,2.110805E+01,7.994495E+01,2.388821E+01,6.065293E+01
21:50:00,8.011056E+03,1.323456E+03,5.577935E-01,1.168799E-01,0.000000E+00,0.000000E+00,0.000000E+00,0.000000E+00,0.000000E+00,0.000000E+00,0.000000E+00,0.000000E+00,2.110805E+01,7.994495E+01,2.388821E+01,6.067624E+01
21:51:00,8.011056E+03,1.320350E+03,5.577935E-01,1.166056E-01,0.000000E+00,0.000000E+00,0.000000E+00,0.000000E+00,0.000000E+00,0.000000E+00,0.000000E+00,0.000000E+00,2.110805E+01,7.994495E+01,2.388821E+01,6.069958E+01
21:52:00,8.011056E+03,1.317249E+03,5.577935E-01,1.163317E-01,0.000000E+00,0.000000E+00,0.000000E+00,0.000000E+00,0.000000E+00,0.000000E+00,0.000000E+00,0.000000E+00,2.110805E+01,7.994495E+01,2.388821E+01,6.072294E+01
21:53:00,8.011056E+03,1.314151E+03,5.577935E-01,1.160581E-01,0.000000E+00,0.000000E+00,0.000000E+00,0.000000E+00,0.000000E+00,0.000000E+00,0.000000E+00,0.000000E+00,2.110805E+01,7.994495E+01,2.388821E+01,6.074632E+01
21:54:00,8.011056E+03,1.311056E+03,5.577935E-01,1.157848E-01,0.000000E+00,0.000000E+00,0.000000E+00,0.000000E+00,0.000000E+00,0.000000E+00,0.000000E+00,0.000000E+00,2.110805E+01,7.994495E+01,2.388821E+01,6.076974E+01
21:55:00,8.011056E+03,1.307966E+03,5.577935E-01,1.155119E-01,0.000000E+00,0.000000E+00,0.000000E+00,0.000000E+00,0.000000E+00,0.000000E+00,0.000000E+00,0.000000E+00,2.110805E+01,7.994495E+01,2.388821E+01,6.079317E+01
21:56:00,8.011056E+03,1.304880E+03,5.577935E-01,1.152393E-01,0.000000E+00,0.000000E+00,0.000000E+00,0.000000E+00,0.000000E+00,0.000000E+00,0.000000E+00,0.000000E+00,2.110805E+01,7.994495E+01,2.388821E+01,6.081663E+01
21:57:00,8.011056E+03,1.301797E+03,5.577935E-01,1.149670E-01,0.000000E+00,0.000000E+00,0.000000E+00,0.000000E+00,0.000000E+00,0.000000E+00,0.000000E+00,0.000000E+00,2.110805E+01,7.994495E+01,2.388821E+01,6.084011E+01
21:58:00,8.011056E+03,1.298718E+03,5.577935E-01,1.146951E-01,0.000000E+00,0.000000E+00,0.000000E+00,0.000000E+00,0.000000E+00,0.000000E+00,0.000000E+00,0.000000E+00,2.110805E+01,7.994495E+01,2.388822E+01,6.086361E+01
21:59:00,8.011056E+03,1.295643E+03,5.577935E-01,1.144235E-01,0.000000E+00,0.000000E+00,0.000000E+00,0.000000E+00,0.000000E+00,0.000000E+00,0.000000E+00,0.000000E+00,2.110805E+01,7.994495E+01,2.388822E+01,6.088714E+01
22:00:00,8.011056E+03,1.292572E+03,5.577935E-01,1.141523E-01,0.000000E+00,0.000000E+00,0.000000E+00,0.000000E+00,0.000000E+00,0.000000E+00,0.000000E+00,0.000000E+00,2.110805E+01,7.994495E+01,2.388822E+01,6.091069E+01
22:01:00,8.011056E+03,1.289511E+03,5.577935E-01,1.138820E-01,0.000000E+00,0.000000E+00,0.000000E+00,0.000000E+00,0.000000E+00,0.000000E+00,0.000000E+00,0.000000E+00,2.110805E+01,7.994495E+01,2.388822E+01,6.093427E+01
22:02:00,8.011056E+03,1.286459E+03,5.577935E-01,1.136124E-01,0.000000E+00,0.000000E+00,0.000000E+00,0.000000E+00,0.000000E+00,0.000000E+00,0.000000E+00,0.000000E+00,2.110805E+01,7.994495E+01,2.388822E+01,6.095782E+01
22:03:00,8.011056E+03,1.283417E+03,5.577935E-01,1.133437E-01,0.000000E+00,0.000000E+00,0.000000E+00,0.000000E+00,0.000000E+00,0.000000E+00,0.000000E+00,0.000000E+00,2.110805E+01,7.994495E+01,2.388822E+01,6.098131E+01
22:04:00,8.011056E+03,1.280384E+03,5.577935E-01,1.130759E-01,0.000000E+00,0.000000E+00,0.000000E+00,0.000000E+00,0.000000E+00,0.000000E+00,0.000000E+00,0.000000E+00,2.110805E+01,7.994495E+01,2.388822E+01,6.100473E+01
22:05:00,8.011056E+03,1.277361E+03,5.577935E-01,1.128089E-01,0.000000E+00,0.000000E+00,0.000000E+00,0.000000E+00,0.000000E+00,0.000000E+00,0.000000E+00,0.000000E+00,2.110805E+01,7.994495E+01,2.388822E+01,6.102809E+01
22:06:00,8.011056E+03,1.274348E+03,5.577935E-01,1.125428E-01,0.000000E+00,0.000000E+00,0.000000E+00,0.000000E+00,0.000000E+00,0.000000E+00,0.000000E+00,0.000000E+00,2.110805E+01,7.994495E+01,2.388822E+01,6.105138E+01
22:07:00,8.011056E+03,1.271344E+03,5.577935E-01,1.122775E-01,0.000000E+00,0.000000E+00,0.000000E+00,0.000000E+00,0.000000E+00,0.000000E+00,0.000000E+00,0.000000E+00,2.110805E+01,7.994495E+01,2.388822E+01,6.107462E+01
22:08:00,8.011056E+03,1.268350E+03,5.577935E-01,1.120131E-01,0.000000E+00,0.000000E+00,0.000000E+00,0.000000E+00,0.000000E+00,0.000000E+00,0.000000E+00,0.000000E+00,2.110805E+01,7.994495E+01,2.388822E+01,6.109780E+01
22:09:00,8.011056E+03,1.265365E+03,5.577935E-01,1.117495E-01,0.000000E+00,0.000000E+00,0.000000E+00,0.000000E+00,0.000000E+00,0.000000E+00,0.000000E+00,0.000000E+00,2.110805E+01,7.994495E+01,2.388822E+01,6.112093E+01
22:10:00,8.011056E+03,1.262390E+03,5.577935E-01,1.114868E-01,0.000000E+00,0.000000E+00,0.000000E+00,0.000000E+00,0.000000E+00,0.000000E+00,0.000000E+00,0.000000E+00,2.110805E+01,7.994495E+01,2.388822E+01,6.114400E+01
22:11:00,8.011056E+03,1.259425E+03,5.577935E-01,1.112249E-01,0.000000E+00,0.000000E+00,0.000000E+00,0.000000E+00,0.000000E+00,0.000000E+00,0.000000E+00,0.000000E+00,2.110805E+01,7.994495E+01,2.388822E+01,6.116703E+01
22:12:00,8.011056E+03,1.256470E+03,5.577935E-01,1.109639E-01,0.000000E+00,0.000000E+00,0.000000E+00,0.000000E+00,0.000000E+00,0.000000E+00,0.000000E+00,0.000000E+00,2.110805E+01,7.994495E+01,2.388823E+01,6.119001E+01
22:13:00,8.011056E+03,1.253524E+03,5.577935E-01,1.107037E-01,0.000000E+00,0.000000E+00,0.000000E+00,0.000000E+00,0.000000E+00,0.000000E+00,0.000000E+00,0.000000E+00,2.110805E+01,7.994495E+01,2.388823E+01,6.121294E+01
22:14:00,8.011056E+03,1.250588E+03,5.577935E-01,1.104444E-01,0.000000E+00,0.000000E+00,0.000000E+00,0.000000E+00,0.000000E+00,0.000000E+00,0.000000E+00,0.000000E+00,2.110805E+01,7.994495E+01,2.388823E+01,6.123583E+01
22:15:00,8.011056E+03,1.247661E+03,5.577935E-01,1.101860E-01,0.000000E+00,0.000000E+00,0.000000E+00,0.000000E+00,0.000000E+00,0.000000E+00,0.000000E+00,0.000000E+00,2.110805E+01,7.994495E+01,2.388823E+01,6.125869E+01
22:16:00,8.011056E+03,1.244745E+03,5.577935E-01,1.099284E-01,0.000000E+00,0.000000E+00,0.000000E+00,0.000000E+00,0.000000E+00,0.000000E+00,0.000000E+00,0.000000E+00,2.110805E+01,7.994495E+01,2.388823E+01,6.128150E+01
22:17:00,8.011056E+03,1.241838E+03,5.577935E-01,1.096716E-01,0.000000E+00,0.000000E+00,0.000000E+00,0.000000E+00,0.000000E+00,0.000000E+00,0.000000E+00,0.000000E+00,2.110805E+01,7.994495E+01,2.388823E+01,6.130427E+01
22:18:00,8.011056E+03,1.238941E+03,5.577935E-01,1.094158E-01,0.000000E+00,0.000000E+00,0.000000E+00,0.000000E+00,0.000000E+00,0.000000E+00,0.000000E+00,0.000000E+00,2.110805E+01,7.994495E+01,2.388823E+01,6.132700E+01
22:19:00,8.011056E+03,1.236053E+03,5.577935E-01,1.091608E-01,0.000000E+00,0.000000E+00,0.000000E+00,0.000000E+00,0.000000E+00,0.000000E+00,0.000000E+00,0.000000E+00,2.110805E+01,7.994495E+01,2.388823E+01,6.134970E+01
22:20:00,8.011056E+03,1.233176E+03,5.577935E-01,1.089066E-01,0.000000E+00,0.000000E+00,0.000000E+00,0.000000E+00,0.000000E+00,0.000000E+00,0.000000E+00,0.000000E+00,2.110805E+01,7.994495E+01,2.388823E+01,6.137237E+01
22:21:00,8.011056E+03,1.230308E+03,5.577935E-01,1.086533E-01,0.000000E+00,0.000000E+00,0.000000E+00,0.000000E+00,0.000000E+00,0.000000E+00,0.000000E+00,0.000000E+00,2.110805E+01,7.994495E+01,2.388823E+01,6.139500E+01
22:22:00,8.011056E+03,1.227450E+03,5.577935E-01,1.084009E-01,0.000000E+00,0.000000E+00,0.000000E+00,0.000000E+00,0.000000E+00,0.000000E+00,0.000000E+00,0.000000E+00,2.110805E+01,7.994495E+01,2.388823E+01,6.141761E+01
22:23:00,8.011056E+03,1.224601E+03,5.577935E-01,1.081494E-01,0.000000E+00,0.000000E+00,0.000000E+00,0.000000E+00,0.000000E+00,0.000000E+00,0.000000E+00,0.000000E+00,2.110805E+01,7.994495E+01,2.388823E+01,6.144018E+01
22:24:00,8.011056E+03,1.221763E+03,5.577935E-01,1.078987E-01,0.000000E+00,0.000000E+00,0.000000E+00,0.000000E+00,0.000000E+00,0.000000E+00,0.000000E+00,0.000000E+00,2.110805E+01,7.994495E+01,2.388823E+01,6.146273E+01
22:25:00,8.011056E+03,1.218934E+03,5.577935E-01,1.076488E-01,0.000000E+00,0.000000E+00,0.000000E+00,0.000000E+00,0.000000E+00,0.000000E+00,0.000000E+00,0.000000E+00,2.110805E+01,7.994495E+01,2.388823E+01,6.148525E+01
22:26:00,8.011056E+03,1.216115E+03,5.577935E-01,1.073999E-01,0.000000E+00,0.000000E+00,0.000000E+00,0.000000E+00,0.000000E+00,0.000000E+00,0.000000E+00,0.000000E+00,2.110805E+01,7.994495E+01,2.388824E+01,6.150775E+01
22:27:00,8.011056E+03,1.213306E+03,5.577935E-01,1.071518E-01,0.000000E+00,0.000000E+00,0.000000E+00,0.000000E+00,0.000000E+00,0.000000E+00,0.000000E+00,0.000000E+00,2.110805E+01,7.994495E+01,2.388824E+01,6.153022E+01
22:28:00,8.011056E+03,1.210506E+03,5.577935E-01,1.069045E-01,0.000000E+00,0.000000E+00,0.000000E+00,0.000000E+00,0.000000E+00,0.000000E+00,0.000000E+00,0.000000E+00,2.110805E+01,7.994495E+01,2.388824E+01,6.155266E+01
22:29:00,8.011056E+03,1.207716E+03,5.577935E-01,1.066581E-01,0.000000E+00,0.000000E+00,0.000000E+00,0.000000E+00,0.000000E+00,0.000000E+00,0.000000E+00,0.000000E+00,2.110805E+01,7.994495E+01,2.388824E+01,6.157509E+01
22:30:00,8.011056E+03,1.204936E+03,5.577935E-01,1.064126E-01,0.000000E+00,0.000000E+00,0.000000E+00,0.000000E+00,0.000000E+00,0.000000E+00,0.000000E+00,0.000000E+00,2.110805E+01,7.994495E+01,2.388824E+01,6.159750E+01
22:31:00,8.011056E+03,1.202166E+03,5.577935E-01,1.061680E-01,0.000000E+00,0.000000E+00,0.000000E+00,0.000000E+00,0.000000E+00,0.000000E+00,0.000000E+00,0.000000E+00,2.110805E+01,7.994495E+01,2.388824E+01,6.161988E+01
22:32:00,8.011056E+03,1.199406E+03,5.577935E-01,1.059242E-01,0.000000E+00,0.000000E+00,0.000000E+00,0.000000E+00,0.000000E+00,0.000000E+00,0.000000E+00,0.000000E+00,2.110805E+01,7.994495E+01,2.388824E+01,6.164224E+01
22:33:00,8.011056E+03,1.196655E+03,5.577935E-01,1.056813E-01,0.000000E+00,0.000000E+00,0.000000E+00,0.000000E+00,0.000000E+00,0.000000E+00,0.000000E+00,0.000000E+00,2.110805E+01,7.994495E+01,2.388824E+01,6.166459E+01
22:34:00,8.011056E+03,1.193914E+03,5.577935E-01,1.054392E-01,0.000000E+00,0.000000E+00,0.000000E+00,0.000000E+00,0.000000E+00,0.000000E+00,0.000000E+00,0.000000E+00,2.110805E+01,7.994495E+01,2.388824E+01,6.168692E+01
22:35:00,8.011056E+03,1.191183E+03,5.577935E-01,1.051980E-01,0.000000E+00,0.000000E+00,0.000000E+00,0.000000E+00,0.000000E+00,0.000000E+00,0.000000E+00,0.000000E+00,2.110805E+01,7.994495E+01,2.388824E+01,6.170923E+01
22:36:00,8.011056E+03,1.188462E+03,5.577935E-01,1.049577E-01,0.000000E+00,0.000000E+00,0.000000E+00,0.000000E+00,0.000000E+00,0.000000E+00,0.000000E+00,0.000000E+00,2.110805E+01,7.994495E+01,2.388824E+01,6.173153E+01
22:37:00,8.011056E+03,1.185751E+03,5.577935E-01,1.047182E-01,0.000000E+00,0.000000E+00,0.000000E+00,0.000000E+00,0.000000E+00,0.000000E+00,0.000000E+00,0.000000E+00,2.110805E+01,7.994495E+01,2.388824E+01,6.175381E+01
22:38:00,8.011056E+03,1.183049E+03,5.577935E-01,1.044796E-01,0.000000E+00,0.000000E+00,0.000000E+00,0.000000E+00,0.000000E+00,0.000000E+00,0.000000E+00,0.000000E+00,2.110805E+01,7.994495E+01,2.388824E+01,6.177608E+01
22:39:00,8.011056E+03,1.180357E+03,5.577935E-01,1.042419E-01,0.000000E+00,0.000000E+00,0.000000E+00,0.000000E+00,0.000000E+00,0.000000E+00,0.000000E+00,0.000000E+00,2.110805E+01,7.994495E+01,2.388824E+01,6.179834E+01
22:40:00,8.011056E+03,1.177675E+03,5.577935E-01,1.040050E-01,0.000000E+00,0.000000E+00,0.000000E+00,0.000000E+00,0.000000E+00,0.000000E+00,0.000000E+00,0.000000E+00,2.110805E+01,7.994495E+01,2.388825E+01,6.182058E+01
22:41:00,8.011056E+03,1.175003E+03,5.577935E-01,1.037690E-01,0.000000E+00,0.000000E+00,0.000000E+00,0.000000E+00,0.000000E+00,0.000000E+00,0.000000E+00,0.000000E+00,2.110805E+01,7.994495E+01,2.388825E+01,6.184281E+01
22:42:00,8.011056E+03,1.172340E+03,5.577935E-01,1.035339E-01,0.000000E+00,0.000000E+00,0.000000E+00,0.000000E+00,0.000000E+00,0.000000E+00,0.000000E+00,0.000000E+00,2.110805E+01,7.994495E+01,2.388825E+01,6.186503E+01
22:43:00,8.011056E+03,1.169688E+03,5.577935E-01,1.032996E-01,0.000000E+00,0.000000E+00,0.000000E+00,0.000000E+00,0.000000E+00,0.000000E+00,0.000000E+00,0.000000E+00,2.110805E+01,7.994495E+01,2.388825E+01,6.188725E+01
22:44:00,8.011056E+03,1.167045E+03,5.577935E-01,1.030662E-01,0.000000E+00,0.000000E+00,0.000000E+00,0.000000E+00,0.000000E+00,0.000000E+00,0.000000E+00,0.000000E+00,2.110805E+01,7.994495E+01,2.388825E+01,6.190945E+01
22:45:00,8.011056E+03,1.164411E+03,5.577935E-01,1.028336E-01,0.000000E+00,0.000000E+00,0.000000E+00,0.000000E+00,0.000000E+00,0.000000E+00,0.000000E+00,0.000000E+00,2.110805E+01,7.994495E+01,2.388825E+01,6.193164E+01
22:46:00,8.011056E+03,1.161788E+03,5.577935E-01,1.026019E-01,0.000000E+00,0.000000E+00,0.000000E+00,0.000000E+00,0.000000E+00,0.000000E+00,0.000000E+00,0.000000E+00,2.110805E+01,7.994495E+01,2.388825E+01,6.195382E+01
22:47:00,8.011056E+03,1.159174E+03,5.577935E-01,1.023711E-01,0.000000E+00,0.000000E+00,0.000000E+00,0.000000E+00,0.000000E+00,0.000000E+00,0.000000E+00,0.000000E+00,2.110805E+01,7.994495E+01,2.388825E+01,6.197600E+01
22:48:00,8.011056E+03,1.156570E+03,5.577935E-01,1.021411E-01,0.000000E+00,0.000000E+00,0.000000E+00,0.000000E+00,0.000000E+00,0.000000E+00,0.000000E+00,0.000000E+00,2.110805E+01,7.994495E+01,2.388825E+01,6.199817E+01
22:49:00,8.011056E+03,1.153976E+03,5.577935E-01,1.019120E-01,0.000000E+00,0.000000E+00,0.000000E+00,0.000000E+00,0.000000E+00,0.000000E+00,0.000000E+00,0.000000E+00,2.110805E+01,7.994495E+01,2.388825E+01,6.202033E+01
22:50:00,8.011056E+03,1.151392E+03,5.577935E-01,1.016837E-01,0.000000E+00,0.000000E+00,0.000000E+00,0.000000E+00,0.000000E+00,0.000000E+00,0.000000E+00,0.000000E+00,2.110805E+01,7.994495E+01,2.388825E+01,6.204248E+01
22:51:00,8.011056E+03,1.148817E+03,5.577935E-01,1.014564E-01,0.000000E+00,0.000000E+00,0.000000E+00,0.000000E+00,0.000000E+00,0.000000E+00,0.000000E+00,0.000000E+00,2.110805E+01,7.994495E+01,2.388825E+01,6.206463E+01
22:52:00,8.011056E+03,1.146252E+03,5.577935E-01,1.012298E-01,0.000000E+00,0.000000E+00,0.000000E+00,0.000000E+00,0.000000E+00,0.000000E+00,0.000000E+00,0.000000E+00,2.110805E+01,7.994495E+01,2.388825E+01,6.208677E+01
22:53:00,8.011056E+03,1.143697E+03,5.577935E-01,1.010042E-01,0.000000E+00,0.000000E+00,0.000000E+00,0.000000E+00,0.000000E+00,0.000000E+00,0.000000E+00,0.000000E+00,2.110805E+01,7.994495E+01,2.388825E+01,6.210891E+01
22:54:00,8.011056E+03,1.141151E+03,5.577935E-01,1.007794E-01,0.000000E+00,0.000000E+00,0.000000E+00,0.000000E+00,0.000000E+00,0.000000E+00,0.000000E+00,0.000000E+00,2.110805E+01,7.994495E+01,2.388826E+01,6.213105E+01
22:55:00,8.011056E+03,1.138616E+03,5.577935E-01,1.005554E-01,0.000000E+00,0.000000E+00,0.000000E+00,0.000000E+00,0.000000E+00,0.000000E+00,0.000000E+00,0.000000E+00,2.110805E+01,7.994495E+01,2.388826E+01,6.215317E+01
22:56:00,8.011056E+03,1.136090E+03,5.577935E-01,1.003323E-01,0.000000E+00,0.000000E+00,0.000000E+00,0.000000E+00,0.000000E+00,0.000000E+00,0.000000E+00,0.000000E+00,2.110805E+01,7.994495E+01,2.388826E+01,6.217530E+01
22:57:00,8.011056E+03,1.133573E+03,5.577935E-01,1.001101E-01,0.000000E+00,0.000000E+00,0.000000E+00,0.000000E+00,0.000000E+00,0.000000E+00,0.000000E+00,0.000000E+00,2.110805E+01,7.994495E+01,2.388826E+01,6.219743E+01
22:58:00,8.011056E+03,1.131067E+03,5.577935E-01,9.988871E-02,0.000000E+00,0.000000E+00,0.000000E+00,0.000000E+00,0.000000E+00,0.000000E+00,0.000000E+00,0.000000E+00,2.110805E+01,7.994495E+01,2.388826E+01,6.221955E+01
22:59:00,8.011056E+03,1.128570E+03,5.577935E-01,9.966820E-02,0.000000E+00,0.000000E+00,0.000000E+00,0.000000E+00,0.000000E+00,0.000000E+00,0.000000E+00,0.000000E+00,2.110805E+01,7.994495E+01,2.388826E+01,6.224166E+01
23:00:00,8.011056E+03,1.126083E+03,5.577935E-01,9.944854E-02,0.000000E+00,0.000000E+00,0.000000E+00,0.000000E+00,0.000000E+00,0.000000E+00,0.000000E+00,0.000000E+00,2.110805E+01,7.994495E+01,2.388826E+01,6.226378E+01
23:01:00,8.011056E+03,1.123599E+03,5.577935E-01,9.922923E-02,0.000000E+00,0.000000E+00,0.000000E+00,0.000000E+00,0.000000E+00,0.000000E+00,0.000000E+00,0.000000E+00,2.110805E+01,7.994495E+01,2.388826E+01,6.228590E+01
23:02:00,8.011056E+03,1.121120E+03,5.577935E-01,9.901028E-02,0.000000E+00,0.000000E+00,0.000000E+00,0.000000E+00,0.000000E+00,0.000000E+00,0.000000E+00,0.000000E+00,2.110805E+01,7.994495E+01,2.388826E+01,6.230801E+01
23:03:00,8.011056E+03,1.118645E+03,5.577935E-01,9.879168E-02,0.000000E+00,0.000000E+00,0.000000E+00,0.000000E+00,0.000000E+00,0.000000E+00,0.000000E+00,0.000000E+00,2.110805E+01,7.994495E+01,2.388826E+01,6.233012E+01
23:04:00,8.011056E+03,1.116174E+03,5.577935E-01,9.857345E-02,0.000000E+00,0.000000E+00,0.000000E+00,0.000000E+00,0.000000E+00,0.000000E+00,0.000000E+00,0.000000E+00,2.110805E+01,7.994495E+01,2.388826E+01,6.235223E+01
23:05:00,8.011056E+03,1.113707E+03,5.577935E-01,9.835556E-02,0.000000E+00,0.000000E+00,0.000000E+00,0.000000E+00,0.000000E+00,0.000000E+00,0.000000E+00,0.000000E+00,2.110805E+01,7.994495E+01,2.388826E+01,6.237435E+01
23:06:00,8.011056E+03,1.111244E+03,5.577935E-01,9.813804E-02,0.000000E+00,0.000000E+00,0.000000E+00,0.000000E+00,0.000000E+00,0.000000E+00,0.000000E+00,0.000000E+00,2.110805E+01,7.994495E+01,2.388826E+01,6.239646E+01
23:07:00,8.011056E+03,1.108785E+03,5.577935E-01,9.792086E-02,0.000000E+00,0.000000E+00,0.000000E+00,0.000000E+00,0.000000E+00,0.000000E+00,0.000000E+00,0.000000E+00,2.110805E+01,7.994495E+01,2.388827E+01,6.241857E+01
23:08:00,8.011056E+03,1.106330E+03,5.577935E-01,9.770404E-02,0.000000E+00,0.000000E+00,0.000000E+00,0.000000E+00,0.000000E+00,0.000000E+00,0.000000E+00,0.000000E+00,2.110805E+01,7.994495E+01,2.388827E+01,6.244068E+01
23:09:00,8.011056E+03,1.103879E+03,5.577935E-01,9.748757E-02,0.000000E+00,0.000000E+00,0.000000E+00,0.000000E+00,0.000000E+00,0.000000E+00,0.000000E+00,0.000000E+00,2.110805E+01,7.994495E+01,2.388827E+01,6.246279E+01
23:10:00,8.011056E+03,1.101432E+03,5.577935E-01,9.727146E-02,0.000000E+00,0.000000E+00,0.000000E+00,0.000000E+00,0.000000E+00,0.000000E+00,0.000000E+00,0.000000E+00,2.110805E+01,7.994495E+01,2.388827E+01,6.248491E+01
23:11:00,8.011056E+03,1.098988E+03,5.577935E-01,9.705569E-02,0.000000E+00,0.000000E+00,0.000000E+00,0.000000E+00,0.000000E+00,0.000000E+00,0.000000E+00,0.000000E+00,2.110805E+01,7.994495E+01,2.388827E+01,6.250702E+01
23:12:00,8.011056E+03,1.096549E+03,5.577935E-01,9.684027E-02,0.000000E+00,0.000000E+00,0.000000E+00,0.000000E+00,0.000000E+00,0.000000E+00,0.000000E+00,0.000000E+00,2.110805E+01,7.994495E+01,2.388827E+01,6.252914E+01
23:13:00,8.011056E+03,1.094114E+03,5.577935E-01,9.662521E-02,0.000000E+00,0.000000E+00,0.000000E+00,0.000000E+00,0.000000E+00,0.000000E+00,0.000000E+00,0.000000E+00,2.110805E+01,7.994495E+01,2.388827E+01,6.255125E+01
23:14:00,8.011056E+03,1.091683E+03,5.577935E-01,9.641049E-02,0.000000E+00,0.000000E+00,0.000000E+00,0.000000E+00,0.000000E+00,0.000000E+00,0.000000E+00,0.000000E+00,2.110805E+01,7.994495E+01,2.388827E+01,6.257338E+01
23:15:00,8.011056E+03,1.089256E+03,5.577935E-01,9.619611E-02,0.000000E+00,0.000000E+00,0.000000E+00,0.000000E+00,0.000000E+00,0.000000E+00,0.000000E+00,0.000000E+00,2.110805E+01,7.994495E+01,2.388827E+01,6.259550E+01
23:16:00,8.011056E+03,1.086832E+03,5.577935E-01,9.598209E-02,0.000000E+00,0.000000E+00,0.000000E+00,0.000000E+00,0.000000E+00,0.000000E+00,0.000000E+00,0.000000E+00,2.110805E+01,7.994495E+01,2.388827E+01,6.261762E+01
23:17:00,8.011056E+03,1.084413E+03,5.577935E-01,9.576841E-02,0.000000E+00,0.000000E+00,0.000000E+00,0.000000E+00,0.000000E+00,0.000000E+00,0.000000E+00,0.000000E+00,2.110805E+01,7.994495E+01,2.388827E+01,6.263975E+01
23:18:00,8.011056E+03,1.081997E+03,5.577935E-01,9.555507E-02,0.000000E+00,0.000000E+00,0.000000E+00,0.000000E+00,0.000000E+00,0.000000E+00,0.000000E+00,0.000000E+00,2.110805E+01,7.994495E+01,2.388827E+01,6.266188E+01
23:19:00,8.011056E+03,1.079585E+03,5.577935E-01,9.534208E-02,0.000000E+00,0.000000E+00,0.000000E+00,0.000000E+00,0.000000E+00,0.000000E+00,0.000000E+00,0.000000E+00,2.110805E+01,7.994495E+01,2.388827E+01,6.268402E+01
23:20:00,8.011056E+03,1.077178E+03,5.577935E-01,9.512943E-02,0.000000E+00,0.000000E+00,0.000000E+00,0.000000E+00,0.000000E+00,0.000000E+00,0.000000E+00,0.000000E+00,2.110805E+01,7.994495E+01,2.388827E+01,6.270615E+01
23:21:00,8.011056E+03,1.074774E+03,5.577935E-01,9.491712E-02,0.000000E+00,0.000000E+00,0.000000E+00,0.000000E+00,0.000000E+00,0.000000E+00,0.000000E+00,0.000000E+00,2.110805E+01,7.994495E+01,2.388828E+01,6.272830E+01
23:22:00,8.011056E+03,1.072373E+03,5.577935E-01,9.470515E-02,0.000000E+00,0.000000E+00,0.000000E+00,0.000000E+00,0.000000E+00,0.000000E+00,0.000000E+00,0.000000E+00,2.110805E+01,7.994495E+01,2.388828E+01,6.275044E+01
23:23:00,8.011056E+03,1.069977E+03,5.577935E-01,9.449353E-02,0.000000E+00,0.000000E+00,0.000000E+00,0.000000E+00,0.000000E+00,0.000000E+00,0.000000E+00,0.000000E+00,2.110805E+01,7.994495E+01,2.388828E+01,6.277259E+01
23:24:00,8.011056E+03,1.067585E+03,5.577935E-01,9.428224E-02,0.000000E+00,0.000000E+00,0.000000E+00,0.000000E+00,0.000000E+00,0.000000E+00,0.000000E+00,0.000000E+00,2.110805E+01,7.994495E+01,2.388828E+01,6.279474E+01
23:25:00,8.011056E+03,1.065196E+03,5.577935E-01,9.407129E-02,0.000000E+00,0.000000E+00,0.000000E+00,0.000000E+00,0.000000E+00,0.000000E+00,0.000000E+00,0.000000E+00,2.110805E+01,7.994495E+01,2.388828E+01,6.281690E+01
23:26:00,8.011056E+03,1.062811E+03,5.577935E-01,9.386068E-02,0.000000E+00,0.000000E+00,0.000000E+00,0.000000E+00,0.000000E+00,0.000000E+00,0.000000E+00,0.000000E+00,2.110805E+01,7.994495E+01,2.388828E+01,6.283906E+01
23:27:00,8.011056E+03,1.060431E+03,5.577935E-01,9.365040E-02,0.000000E+00,0.000000E+00,0.000000E+00,0.000000E+00,0.000000E+00,0.000000E+00,0.000000E+00,0.000000E+00,2.110805E+01,7.994495E+01,2.388828E+01,6.286122E+01
23:28:00,8.011056E+03,1.058053E+03,5.577935E-01,9.344046E-02,0.000000E+00,0.000000E+00,0.000000E+00,0.000000E+00,0.000000E+00,0.000000E+00,0.000000E+00,0.000000E+00,2.110805E+01,7.994495E+01,2.388828E+01,6.288339E+01
23:29:00,8.011056E+03,1.055680E+03,5.577935E-01,9.323085E-02,0.000000E+00,0.000000E+00,0.000000E+00,0.000000E+00,0.000000E+00,0.000000E+00,0.000000E+00,0.000000E+00,2.110805E+01,7.994495E+01,2.388828E+01,6.290557E+01
23:30:00,8.011056E+03,1.053310E+03,5.577935E-01,9.302158E-02,0.000000E+00,0.000000E+00,0.000000E+00,0.000000E+00,0.000000E+00,0.000000E+00,0.000000E+00,0.000000E+00,2.110805E+01,7.994495E+01,2.388828E+01,6.292775E+01
23:31:00,8.011056E+03,1.050945E+03,5.577935E-01,9.281264E-02,0.000000E+00,0.000000E+00,0.000000E+00,0.000000E+00,0.000000E+00,0.000000E+00,0.000000E+00,0.000000E+00,2.110805E+01,7.994495E+01,2.388828E+01,6.294994E+01
23:32:00,8.011056E+03,1.048583E+03,5.577935E-01,9.260403E-02,0.000000E+00,0.000000E+00,0.000000E+00,0.000000E+00,0.000000E+00,0.000000E+00,0.000000E+00,0.000000E+00,2.110805E+01,7.994495E+01,2.388828E+01,6.297213E+01
23:33:00,8.011056E+03,1.046224E+03,5.577935E-01,9.239575E-02,0.000000E+00,0.000000E+00,0.000000E+00,0.000000E+00,0.000000E+00,0.000000E+00,0.000000E+00,0.000000E+00,2.110805E+01,7.994495E+01,2.388828E+01,6.299432E+01
23:34:00,8.011056E+03,1.043870E+03,5.577935E-01,9.218781E-02,0.000000E+00,0.000000E+00,0.000000E+00,0.000000E+00,0.000000E+00,0.000000E+00,0.000000E+00,0.000000E+00,2.110805E+01,7.994495E+01,2.388829E+01,6.301653E+01
23:35:00,8.011056E+03,1.041519E+03,5.577935E-01,9.198019E-02,0.000000E+00,0.000000E+00,0.000000E+00,0.000000E+00,0.000000E+00,0.000000E+00,0.000000E+00,0.000000E+00,2.110805E+01,7.994495E+01,2.388829E+01,6.303874E+01
23:36:00,8.011056E+03,1.039172E+03,5.577935E-01,9.177290E-02,0.000000E+00,0.000000E+00,0.000000E+00,0.000000E+00,0.000000E+00,0.000000E+00,0.000000E+00,0.000000E+00,2.110805E+01,7.994495E+01,2.388829E+01,6.306095E+01
23:37:00,8.011056E+03,1.036828E+03,5.577935E-01,9.156593E-02,0.000000E+00,0.000000E+00,0.000000E+00,0.000000E+00,0.000000E+00,0.000000E+00,0.000000E+00,0.000000E+00,2.110805E+01,7.994495E+01,2.388829E+01,6.308317E+01
23:38:00,8.011056E+03,1.034488E+03,5.577935E-01,9.135929E-02,0.000000E+00,0.000000E+00,0.000000E+00,0.000000E+00,0.000000E+00,0.000000E+00,0.000000E+00,0.000000E+00,2.110805E+01,7.994495E+01,2.388829E+01,6.310539E+01
23:39:00,8.011056E+03,1.032152E+03,5.577935E-01,9.115298E-02,0.000000E+00,0.000000E+00,0.000000E+00,0.000000E+00,0.000000E+00,0.000000E+00,0.000000E+00,0.000000E+00,2.110805E+01,7.994495E+01,2.388829E+01,6.312763E+01
23:40:00,8.011056E+03,1.029820E+03,5.577935E-01,9.094699E-02,0.000000E+00,0.000000E+00,0.000000E+00,0.000000E+00,0.000000E+00,0.000000E+00,0.000000E+00,0.000000E+00,2.110805E+01,7.994495E+01,2.388829E+01,6.314987E+01
23:41:00,8.011056E+03,1.027491E+03,5.577935E-01,9.074133E-02,0.000000E+00,0.000000E+00,0.000000E+00,0.000000E+00,0.000000E+00,0.000000E+00,0.000000E+00,0.000000E+00,2.110805E+01,7.994495E+01,2.388829E+01,6.317211E+01
23:42:00,8.011056E+03,1.025166E+03,5.577935E-01,9.053598E-02,0.000000E+00,0.000000E+00,0.000000E+00,0.000000E+00,0.000000E+00,0.000000E+00,0.000000E+00,0.000000E+00,2.110805E+01,7.994495E+01,2.388829E+01,6.319436E+01
23:43:00,8.011056E+03,1.022845E+03,5.577935E-01,9.033096E-02,0.000000E+00,0.000000E+00,0.000000E+00,0.000000E+00,0.000000E+00,0.000000E+00,0.000000E+00,0.000000E+00,2.110805E+01,7.994495E+01,2.388829E+01,6.321662E+01
23:44:00,8.011056E+03,1.020527E+03,5.577935E-01,9.012625E-02,0.000000E+00,0.000000E+00,0.000000E+00,0.000000E+00,0.000000E+00,0.000000E+00,0.000000E+00,0.000000E+00,2.110805E+01,7.994495E+01,2.388829E+01,6.323889E+01
23:45:00,8.011056E+03,1.018213E+03,5.577935E-01,8.992187E-02,0.000000E+00,0.000000E+00,0.000000E+00,0.000000E+00,0.000000E+00,0.000000E+00,0.000000E+00,0.000000E+00,2.110805E+01,7.994495E+01,2.388829E+01,6.326116E+01
23:46:00,8.011056E+03,1.015902E+03,5.577935E-01,8.971780E-02,0.000000E+00,0.000000E+00,0.000000E+00,0.000000E+00,0.000000E+00,0.000000E+00,0.000000E+00,0.000000E+00,2.110805E+01,7.994495E+01,2.388829E+01,6.328344E+01
23:47:00,8.011056E+03,1.013595E+03,5.577935E-01,8.951405E-02,0.000000E+00,0.000000E+00,0.000000E+00,0.000000E+00,0.000000E+00,0.000000E+00,0.000000E+00,0.000000E+00,2.110805E+01,7.994495E+01,2.388830E+01,6.330573E+01
23:48:00,8.011056E+03,1.011291E+03,5.577935E-01,8.931062E-02,0.000000E+00,0.000000E+00,0.000000E+00,0.000000E+00,0.000000E+00,0.000000E+00,0.000000E+00,0.000000E+00,2.110805E+01,7.994495E+01,2.388830E+01,6.332802E+01
23:49:00,8.011056E+03,1.008991E+03,5.577935E-01,8.910750E-02,0.000000E+00,0.000000E+00,0.000000E+00,0.000000E+00,0.000000E+00,0.000000E+00,0.000000E+00,0.000000E+00,2.110805E+01,7.994495E+01,2.388830E+01,6.335032E+01
23:50:00,8.011056E+03,1.006695E+03,5.577935E-01,8.890470E-02,0.000000E+00,0.000000E+00,0.000000E+00,0.000000E+00,0.000000E+00,0.000000E+00,0.000000E+00,0.000000E+00,2.110805E+01,7.994495E+01,2.388830E+01,6.337263E+01
23:51:00,8.011056E+03,1.004402E+03,5.577935E-01,8.870220E-02,0.000000E+00,0.000000E+00,0.000000E+00,0.000000E+00,0.000000E+00,0.000000E+00,0.000000E+00,0.000000E+00,2.110805E+01,7.994495E+01,2.388830E+01,6.339495E+01
23:52:00,8.011056E+03,1.002113E+03,5.577935E-01,8.850002E-02,0.000000E+00,0.000000E+00,0.000000E+00,0.000000E+00,0.000000E+00,0.000000E+00,0.000000E+00,0.000000E+00,2.110805E+01,7.994495E+01,2.388830E+01,6.341727E+01
23:53:00,8.011056E+03,9.998273E+02,5.577935E-01,8.829815E-02,0.000000E+00,0.000000E+00,0.000000E+00,0.000000E+00,0.000000E+00,0.000000E+00,0.000000E+00,0.000000E+00,2.110805E+01,7.994495E+01,2.388830E+01,6.343960E+01
23:54:00,8.011056E+03,9.975450E+02,5.577935E-01,8.809659E-02,0.000000E+00,0.000000E+00,0.000000E+00,0.000000E+00,0.000000E+00,0.000000E+00,0.000000E+00,0.000000E+00,2.110805E+01,7.994495E+01,2.388830E+01,6.346194E+01
23:55:00,8.011056E+03,9.952663E+02,5.577935E-01,8.789534E-02,0.000000E+00,0.000000E+00,0.000000E+00,0.000000E+00,0.000000E+00,0.000000E+00,0.000000E+00,0.000000E+00,2.110805E+01,7.994495E+01,2.388830E+01,6.348429E+01
23:56:00,8.011056E+03,9.929910E+02,5.577935E-01,8.769440E-02,0.000000E+00,0.000000E+00,0.000000E+00,0.000000E+00,0.000000E+00,0.000000E+00,0.000000E+00,0.000000E+00,2.110805E+01,7.994495E+01,2.388830E+01,6.350665E+01
23:57:00,8.011056E+03,9.907192E+02,5.577935E-01,8.749376E-02,0.000000E+00,0.000000E+00,0.000000E+00,0.000000E+00,0.000000E+00,0.000000E+00,0.000000E+00,0.000000E+00,2.110805E+01,7.994495E+01,2.388830E+01,6.352901E+01
23:58:00,8.011056E+03,9.884508E+02,5.577935E-01,8.729343E-02,0.000000E+00,0.000000E+00,0.000000E+00,0.000000E+00,0.000000E+00,0.000000E+00,0.000000E+00,0.000000E+00,2.110805E+01,7.994495E+01,2.388830E+01,6.355138E+01
23:59:00,8.011056E+03,9.861860E+02,5.577935E-01,8.709341E-02,0.000000E+00,0.000000E+00,0.000000E+00,0.000000E+00,0.000000E+00,0.000000E+00,0.000000E+00,0.000000E+00,2.110805E+01,7.994495E+01,2.388830E+01,6.357376E+01
24:00:00,8.011056E+03,9.839245E+02,5.577935E-01,8.689368E-02,0.000000E+00,0.000000E+00,0.000000E+00,0.000000E+00,0.000000E+00,0.000000E+00,0.000000E+00,0.000000E+00,2.110805E+01,7.994495E+01,2.388831E+01,6.359615E+01
Peak,8.011056E+03,2.287232E+03,5.577935E-01,2.019986E-01,0.000000E+00,0.000000E+00,0.000000E+00,0.000000E+00,0.000000E+00,0.000000E+00,0.000000E+00,0.000000E+00,,,,

Peak Vol Flow (m3/s),,,4.735142E-01,1.714778E-01,,,0.000000E+00,0.000000E+00,,,,,,,,
