Time,LIVINGZONE:CHICAGO MIDWAY AP ANN HTG 99.6% CONDNS DB:Des Heat Load [W],LIVINGZONE:CHICAGO MIDWAY AP ANN CLG .4% CONDNS DB=>MWB:Des Sens Cool Load [W],LIVINGZONE:CHICAGO MIDWAY AP ANN HTG 99.6% CONDNS DB:Des Heat Mass Flow [kg/s],LIVINGZONE:CHICAGO MIDWAY AP ANN CLG .4% CONDNS DB=>MWB:Des Cool Mass Flow [kg/s],LIVINGZONE::Des Latent Heat Load [W],LIVINGZONE::Des Latent Cool Load [W],LIVINGZONE::Des Latent Heat Mass Flow [kg/s],LIVINGZONE::Des Latent Cool Mass Flow [kg/s],LIVINGZONE::Des Heat Load No DOAS [W],LIVINGZONE::Des Sens Cool Load No DOAS [W],LIVINGZONE::Des Latent Heat Load No DOAS [W],LIVINGZONE::Des Latent Cool Load No DOAS [W],LIVINGZONE:CHICAGO MIDWAY AP ANN HTG 99.6% CONDNS DB:Heating Zone Temperature [C],LIVINGZONE:CHICAGO MIDWAY AP ANN HTG 99.6% CONDNS DB:Heating Zone Relative Humidity [%],LIVINGZONE:CHICAGO MIDWAY AP ANN CLG .4% CONDNS DB=>MWB:Cooling Zone Temperature [C],LIVINGZONE:CHICAGO MIDWAY AP ANN CLG .4% CONDNS DB=>MWB:Cooling Zone Relative Humidity [%]
00:01:00,8.014759E+03,1.023009E+03,5.580514E-01,9.034548E-02,0.000000E+00,0.000000E+00,0.000000E+00,0.000000E+00,0.000000E+00,0.000000E+00,0.000000E+00,0.000000E+00,2.110805E+01,7.995130E+01,2.388829E+01,6.322152E+01
00:02:00,8.014759E+03,1.020701E+03,5.580514E-01,9.014166E-02,0.000000E+00,0.000000E+00,0.000000E+00,0.000000E+00,0.000000E+00,0.000000E+00,0.000000E+00,0.000000E+00,2.110805E+01,7.995130E+01,2.388829E+01,6.324369E+01
00:03:00,8.014759E+03,1.018400E+03,5.580514E-01,8.993839E-02,0.000000E+00,0.000000E+00,0.000000E+00,0.000000E+00,0.000000E+00,0.000000E+00,0.000000E+00,0.000000E+00,2.110805E+01,7.995130E+01,2.388829E+01,6.326581E+01
00:04:00,8.014759E+03,1.016104E+03,5.580513E-01,8.973567E-02,0.000000E+00,0.000000E+00,0.000000E+00,0.000000E+00,0.000000E+00,0.000000E+00,0.000000E+00,0.000000E+00,2.110805E+01,7.995130E+01,2.388829E+01,6.328790E+01
00:05:00,8.014759E+03,1.013815E+03,5.580513E-01,8.953349E-02,0.000000E+00,0.000000E+00,0.000000E+00,0.000000E+00,0.000000E+00,0.000000E+00,0.000000E+00,0.000000E+00,2.110805E+01,7.995130E+01,2.388829E+01,6.330994E+01
00:06:00,8.014759E+03,1.011532E+03,5.580513E-01,8.933185E-02,0.000000E+00,0.000000E+00,0.000000E+00,0.000000E+00,0.000000E+00,0.000000E+00,0.000000E+00,0.000000E+00,2.110805E+01,7.995130E+01,2.388830E+01,6.333195E+01
00:07:00,8.014759E+03,1.009255E+03,5.580513E-01,8.913076E-02,0.000000E+00,0.000000E+00,0.000000E+00,0.000000E+00,0.000000E+00,0.000000E+00,0.000000E+00,0.000000E+00,2.110805E+01,7.995130E+01,2.388830E+01,6.335392E+01
00:08:00,8.014758E+03,1.006984E+03,5.580513E-01,8.893021E-02,0.000000E+00,0.000000E+00,0.000000E+00,0.000000E+00,0.000000E+00,0.000000E+00,0.000000E+00,0.000000E+00,2.110805E+01,7.995130E+01,2.388830E+01,6.337586E+01
00:09:00,8.014758E+03,1.004719E+03,5.580513E-01,8.873021E-02,0.000000E+00,0.000000E+00,0.000000E+00,0.000000E+00,0.000000E+00,0.000000E+00,0.000000E+00,0.000000E+00,2.110805E+01,7.995130E+01,2.388830E+01,6.339776E+01
00:10:00,8.014758E+03,1.002461E+03,5.580513E-01,8.853074E-02,0.000000E+00,0.000000E+00,0.000000E+00,0.000000E+00,0.000000E+00,0.000000E+00,0.000000E+00,0.000000E+00,2.110805E+01,7.995130E+01,2.388830E+01,6.341964E+01
00:11:00,8.014758E+03,1.000208E+03,5.580513E-01,8.833181E-02,0.000000E+00,0.000000E+00,0.000000E+00,0.000000E+00,0.000000E+00,0.000000E+00,0.000000E+00,0.000000E+00,2.110805E+01,7.995130E+01,2.388830E+01,6.344148E+01
00:12:00,8.014758E+03,9.979620E+02,5.580513E-01,8.813342E-02,0.000000E+00,0.000000E+00,0.000000E+00,0.000000E+00,0.000000E+00,0.000000E+00,0.000000E+00,0.000000E+00,2.110805E+01,7.995130E+01,2.388830E+01,6.346329E+01
00:13:00,8.014758E+03,9.957217E+02,5.580513E-01,8.793557E-02,0.000000E+00,0.000000E+00,0.000000E+00,0.000000E+00,0.000000E+00,0.000000E+00,0.000000E+00,0.000000E+00,2.110805E+01,7.995130E+01,2.388830E+01,6.348507E+01
00:14:00,8.014758E+03,9.934876E+02,5.580513E-01,8.773826E-02,0.000000E+00,0.000000E+00,0.000000E+00,0.000000E+00,0.000000E+00,0.000000E+00,0.000000E+00,0.000000E+00,2.110805E+01,7.995130E+01,2.388830E+01,6.350683E+01
00:15:00,8.014758E+03,9.912595E+02,5.580513E-01,8.754148E-02,0.000000E+00,0.000000E+00,0.000000E+00,0.000000E+00,0.000000E+00,0.000000E+00,0.000000E+00,0.000000E+00,2.110805E+01,7.995130E+01,2.388830E+01,6.352856E+01
00:16:00,8.014758E+03,9.890374E+02,5.580513E-01,8.734524E-02,0.000000E+00,0.000000E+00,0.000000E+00,0.000000E+00,0.000000E+00,0.000000E+00,0.000000E+00,0.000000E+00,2.110805E+01,7.995130E+01,2.388830E+01,6.355027E+01
00:17:00,8.014758E+03,9.868215E+02,5.580513E-01,8.714954E-02,0.000000E+00,0.000000E+00,0.000000E+00,0.000000E+00,0.000000E+00,0.000000E+00,0.000000E+00,0.000000E+00,2.110805E+01,7.995130E+01,2.388830E+01,6.357195E+01
00:18:00,8.014758E+03,9.846115E+02,5.580513E-01,8.695436E-02,0.000000E+00,0.000000E+00,0.000000E+00,0.000000E+00,0.000000E+00,0.000000E+00,0.000000E+00,0.000000E+00,2.110805E+01,7.995130E+01,2.388830E+01,6.359361E+01
00:19:00,8.014758E+03,9.824076E+02,5.580513E-01,8.675972E-02,0.000000E+00,0.000000E+00,0.000000E+00,0.000000E+00,0.000000E+00,0.000000E+00,0.000000E+00,0.000000E+00,2.110805E+01,7.995130E+01,2.388830E+01,6.361525E+01
00:20:00,8.014758E+03,9.802097E+02,5.580513E-01,8.656561E-02,0.000000E+00,0.000000E+00,0.000000E+00,0.000000E+00,0.000000E+00,0.000000E+00,0.000000E+00,0.000000E+00,2.110805E+01,7.995130E+01,2.388830E+01,6.363686E+01
00:21:00,8.014758E+03,9.780178E+02,5.580513E-01,8.637204E-02,0.000000E+00,0.000000E+00,0.000000E+00,0.000000E+00,0.000000E+00,0.000000E+00,0.000000E+00,0.000000E+00,2.110805E+01,7.995130E+01,2.388831E+01,6.365846E+01
00:22:00,8.014758E+03,9.758319E+02,5.580513E-01,8.617899E-02,0.000000E+00,0.000000E+00,0.000000E+00,0.000000E+00,0.000000E+00,0.000000E+00,0.000000E+00,0.000000E+00,2.110805E+01,7.995130E+01,2.388831E+01,6.368003E+01
00:23:00,8.014758E+03,9.736520E+02,5.580513E-01,8.598647E-02,0.000000E+00,0.000000E+00,0.000000E+00,0.000000E+00,0.000000E+00,0.000000E+00,0.000000E+00,0.000000E+00,2.110805E+01,7.995130E+01,2.388831E+01,6.370159E+01
00:24:00,8.014758E+03,9.714781E+02,5.580513E-01,8.579448E-02,0.000000E+00,0.000000E+00,0.000000E+00,0.000000E+00,0.000000E+00,0.000000E+00,0.000000E+00,0.000000E+00,2.110805E+01,7.995130E+01,2.388831E+01,6.372312E+01
00:25:00,8.014758E+03,9.693102E+02,5.580513E-01,8.560301E-02,0.000000E+00,0.000000E+00,0.000000E+00,0.000000E+00,0.000000E+00,0.000000E+00,0.000000E+00,0.000000E+00,2.110805E+01,7.995130E+01,2.388831E+01,6.374465E+01
00:26:00,8.014758E+03,9.671482E+02,5.580513E-01,8.541207E-02,0.000000E+00,0.000000E+00,0.000000E+00,0.000000E+00,0.000000E+00,0.000000E+00,0.000000E+00,0.000000E+00,2.110805E+01,7.995130E+01,2.388831E+01,6.376615E+01
00:27:00,8.014758E+03,9.649921E+02,5.580513E-01,8.522166E-02,0.000000E+00,0.000000E+00,0.000000E+00,0.000000E+00,0.000000E+00,0.000000E+00,0.000000E+00,0.000000E+00,2.110805E+01,7.995130E+01,2.388831E+01,6.378764E+01
00:28:00,8.014758E+03,9.628420E+02,5.580513E-01,8.503177E-02,0.000000E+00,0.000000E+00,0.000000E+00,0.000000E+00,0.000000E+00,0.000000E+00,0.000000E+00,0.000000E+00,2.110805E+01,7.995130E+01,2.388831E+01,6.380911E+01
00:29:00,8.014758E+03,9.606978E+02,5.580513E-01,8.484240E-02,0.000000E+00,0.000000E+00,0.000000E+00,0.000000E+00,0.000000E+00,0.000000E+00,0.000000E+00,0.000000E+00,2.110805E+01,7.995130E+01,2.388831E+01,6.383057E+01
00:30:00,8.014757E+03,9.585596E+02,5.580513E-01,8.465356E-02,0.000000E+00,0.000000E+00,0.000000E+00,0.000000E+00,0.000000E+00,0.000000E+00,0.000000E+00,0.000000E+00,2.110805E+01,7.995130E+01,2.388831E+01,6.385202E+01
00:31:00,8.014757E+03,9.564272E+02,5.580513E-01,8.446524E-02,0.000000E+00,0.000000E+00,0.000000E+00,0.000000E+00,0.000000E+00,0.000000E+00,0.000000E+00,0.000000E+00,2.110805E+01,7.995130E+01,2.388831E+01,6.387345E+01
00:32:00,8.014757E+03,9.543007E+02,5.580513E-01,8.427744E-02,0.000000E+00,0.000000E+00,0.000000E+00,0.000000E+00,0.000000E+00,0.000000E+00,0.000000E+00,0.000000E+00,2.110805E+01,7.995130E+01,2.388831E+01,6.389487E+01
00:33:00,8.014757E+03,9.521801E+02,5.580513E-01,8.409016E-02,0.000000E+00,0.000000E+00,0.000000E+00,0.000000E+00,0.000000E+00,0.000000E+00,0.000000E+00,0.000000E+00,2.110805E+01,7.995130E+01,2.388831E+01,6.391628E+01
00:34:00,8.014757E+03,9.500654E+02,5.580513E-01,8.390339E-02,0.000000E+00,0.000000E+00,0.000000E+00,0.000000E+00,0.000000E+00,0.000000E+00,0.000000E+00,0.000000E+00,2.110805E+01,7.995130E+01,2.388831E+01,6.393768E+01
00:35:00,8.014757E+03,9.479566E+02,5.580513E-01,8.371715E-02,0.000000E+00,0.000000E+00,0.000000E+00,0.000000E+00,0.000000E+00,0.000000E+00,0.000000E+00,0.000000E+00,2.110805E+01,7.995130E+01,2.388832E+01,6.395906E+01
00:36:00,8.014757E+03,9.458536E+02,5.580512E-01,8.353142E-02,0.000000E+00,0.000000E+00,0.000000E+00,0.000000E+00,0.000000E+00,0.000000E+00,0.000000E+00,0.000000E+00,2.110805E+01,7.995130E+01,2.388832E+01,6.398044E+01
00:37:00,8.014757E+03,9.437564E+02,5.580512E-01,8.334621E-02,0.000000E+00,0.000000E+00,0.000000E+00,0.000000E+00,0.000000E+00,0.000000E+00,0.000000E+00,0.000000E+00,2.110805E+01,7.995130E+01,2.388832E+01,6.400181E+01
00:38:00,8.014757E+03,9.416651E+02,5.580512E-01,8.316151E-02,0.000000E+00,0.000000E+00,0.000000E+00,0.000000E+00,0.000000E+00,0.000000E+00,0.000000E+00,0.000000E+00,2.110805E+01,7.995130E+01,2.388832E+01,6.402317E+01
00:39:00,8.014757E+03,9.395796E+02,5.580512E-01,8.297733E-02,0.000000E+00,0.000000E+00,0.000000E+00,0.000000E+00,0.000000E+00,0.000000E+00,0.000000E+00,0.000000E+00,2.110805E+01,7.995130E+01,2.388832E+01,6.404452E+01
00:40:00,8.014757E+03,9.374999E+02,5.580512E-01,8.279366E-02,0.000000E+00,0.000000E+00,0.000000E+00,0.000000E+00,0.000000E+00,0.000000E+00,0.000000E+00,0.000000E+00,2.110805E+01,7.995130E+01,2.388832E+01,6.406586E+01
00:41:00,8.014757E+03,9.354260E+02,5.580512E-01,8.261050E-02,0.000000E+00,0.000000E+00,0.000000E+00,0.000000E+00,0.000000E+00,0.000000E+00,0.000000E+00,0.000000E+00,2.110805E+01,7.995130E+01,2.388832E+01,6.408720E+01
00:42:00,8.014757E+03,9.333579E+02,5.580512E-01,8.242785E-02,0.000000E+00,0.000000E+00,0.000000E+00,0.000000E+00,0.000000E+00,0.000000E+00,0.000000E+00,0.000000E+00,2.110805E+01,7.995130E+01,2.388832E+01,6.410852E+01
00:43:00,8.014757E+03,9.312956E+02,5.580512E-01,8.224572E-02,0.000000E+00,0.000000E+00,0.000000E+00,0.000000E+00,0.000000E+00,0.000000E+00,0.000000E+00,0.000000E+00,2.110805E+01,7.995130E+01,2.388832E+01,6.412984E+01
00:44:00,8.014757E+03,9.292390E+02,5.580512E-01,8.206409E-02,0.000000E+00,0.000000E+00,0.000000E+00,0.000000E+00,0.000000E+00,0.000000E+00,0.000000E+00,0.000000E+00,2.110805E+01,7.995130E+01,2.388832E+01,6.415116E+01
00:45:00,8.014757E+03,9.271882E+02,5.580512E-01,8.188298E-02,0.000000E+00,0.000000E+00,0.000000E+00,0.000000E+00,0.000000E+00,0.000000E+00,0.000000E+00,0.000000E+00,2.110805E+01,7.995130E+01,2.388832E+01,6.417247E+01
00:46:00,8.014757E+03,9.251432E+02,5.580512E-01,8.170237E-02,0.000000E+00,0.000000E+00,0.000000E+00,0.000000E+00,0.000000E+00,0.000000E+00,0.000000E+00,0.000000E+00,2.110805E+01,7.995130E+01,2.388832E+01,6.419377E+01
00:47:00,8.014757E+03,9.231039E+02,5.580512E-01,8.152226E-02,0.000000E+00,0.000000E+00,0.000000E+00,0.000000E+00,0.000000E+00,0.000000E+00,0.000000E+00,0.000000E+00,2.110805E+01,7.995130E+01,2.388832E+01,6.421507E+01
00:48:00,8.014757E+03,9.210703E+02,5.580512E-01,8.134267E-02,0.000000E+00,0.000000E+00,0.000000E+00,0.000000E+00,0.000000E+00,0.000000E+00,0.000000E+00,0.000000E+00,2.110805E+01,7.995130E+01,2.388832E+01,6.423637E+01
00:49:00,8.014757E+03,9.190425E+02,5.580512E-01,8.116358E-02,0.000000E+00,0.000000E+00,0.000000E+00,0.000000E+00,0.000000E+00,0.000000E+00,0.000000E+00,0.000000E+00,2.110805E+01,7.995130E+01,2.388833E+01,6.425766E+01
00:50:00,8.014757E+03,9.170204E+02,5.580512E-01,8.098499E-02,0.000000E+00,0.000000E+00,0.000000E+00,0.000000E+00,0.000000E+00,0.000000E+00,0.000000E+00,0.000000E+00,2.110805E+01,7.995130E+01,2.388833E+01,6.427895E+01
00:51:00,8.014757E+03,9.150039E+02,5.580512E-01,8.080691E-02,0.000000E+00,0.000000E+00,0.000000E+00,0.000000E+00,0.000000E+00,0.000000E+00,0.000000E+00,0.000000E+00,2.110805E+01,7.995130E+01,2.388833E+01,6.430023E+01
00:52:00,8.014756E+03,9.129932E+02,5.580512E-01,8.062933E-02,0.000000E+00,0.000000E+00,0.000000E+00,0.000000E+00,0.000000E+00,0.000000E+00,0.000000E+00,0.000000E+00,2.110805E+01,7.995130E+01,2.388833E+01,6.432151E+01
00:53:00,8.014756E+03,9.109881E+02,5.580512E-01,8.045225E-02,0.000000E+00,0.000000E+00,0.000000E+00,0.000000E+00,0.000000E+00,0.000000E+00,0.000000E+00,0.000000E+00,2.110805E+01,7.995130E+01,2.388833E+01,6.434279E+01
00:54:00,8.014756E+03,9.089887E+02,5.580512E-01,8.027567E-02,0.000000E+00,0.000000E+00,0.000000E+00,0.000000E+00,0.000000E+00,0.000000E+00,0.000000E+00,0.000000E+00,2.110805E+01,7.995130E+01,2.388833E+01,6.436407E+01
00:55:00,8.014756E+03,9.069950E+02,5.580512E-01,8.009959E-02,0.000000E+00,0.000000E+00,0.000000E+00,0.000000E+00,0.000000E+00,0.000000E+00,0.000000E+00,0.000000E+00,2.110805E+01,7.995130E+01,2.388833E+01,6.438534E+01
00:56:00,8.014756E+03,9.050069E+02,5.580512E-01,7.992401E-02,0.000000E+00,0.000000E+00,0.000000E+00,0.000000E+00,0.000000E+00,0.000000E+00,0.000000E+00,0.000000E+00,2.110805E+01,7.995130E+01,2.388833E+01,6.440661E+01
00:57:00,8.014756E+03,9.030245E+02,5.580512E-01,7.974893E-02,0.000000E+00,0.000000E+00,0.000000E+00,0.000000E+00,0.000000E+00,0.000000E+00,0.000000E+00,0.000000E+00,2.110805E+01,7.995130E+01,2.388833E+01,6.442789E+01
00:58:00,8.014756E+03,9.010477E+02,5.580512E-01,7.957435E-02,0.000000E+00,0.000000E+00,0.000000E+00,0.000000E+00,0.000000E+00,0.000000E+00,0.000000E+00,0.000000E+00,2.110805E+01,7.995130E+01,2.388833E+01,6.444916E+01
00:59:00,8.014756E+03,8.990765E+02,5.580512E-01,7.940027E-02,0.000000E+00,0.000000E+00,0.000000E+00,0.000000E+00,0.000000E+00,0.000000E+00,0.000000E+00,0.000000E+00,2.110805E+01,7.995130E+01,2.388833E+01,6.447043E+01
01:00:00,8.014756E+03,8.971109E+02,5.580512E-01,7.922668E-02,0.000000E+00,0.000000E+00,0.000000E+00,0.000000E+00,0.000000E+00,0.000000E+00,0.000000E+00,0.000000E+00,2.110805E+01,7.995130E+01,2.388833E+01,6.449170E+01
01:01:00,8.014756E+03,8.951540E+02,5.580512E-01,7.905385E-02,0.000000E+00,0.000000E+00,0.000000E+00,0.000000E+00,0.000000E+00,0.000000E+00,0.000000E+00,0.000000E+00,2.110805E+01,7.995130E+01,2.388833E+01,6.451296E+01
01:02:00,8.014756E+03,8.932056E+02,5.580512E-01,7.888177E-02,0.000000E+00,0.000000E+00,0.000000E+00,0.000000E+00,0.000000E+00,0.000000E+00,0.000000E+00,0.000000E+00,2.110805E+01,7.995130E+01,2.388833E+01,6.453418E+01
01:03:00,8.014756E+03,8.912655E+02,5.580512E-01,7.871043E-02,0.000000E+00,0.000000E+00,0.000000E+00,0.000000E+00,0.000000E+00,0.000000E+00,0.000000E+00,0.000000E+00,2.110805E+01,7.995130E+01,2.388834E+01,6.455529E+01
01:04:00,8.014756E+03,8.893339E+02,5.580512E-01,7.853984E-02,0.000000E+00,0.000000E+00,0.000000E+00,0.000000E+00,0.000000E+00,0.000000E+00,0.000000E+00,0.000000E+00,2.110805E+01,7.995130E+01,2.388834E+01,6.457630E+01
01:05:00,8.014756E+03,8.874107E+02,5.580512E-01,7.836999E-02,0.000000E+00,0.000000E+00,0.000000E+00,0.000000E+00,0.000000E+00,0.000000E+00,0.000000E+00,0.000000E+00,2.110805E+01,7.995130E+01,2.388834E+01,6.459719E+01
01:06:00,8.014756E+03,8.854958E+02,5.580512E-01,7.820088E-02,0.000000E+00,0.000000E+00,0.000000E+00,0.000000E+00,0.000000E+00,0.000000E+00,0.000000E+00,0.000000E+00,2.110805E+01,7.995130E+01,2.388834E+01,6.461800E+01
01:07:00,8.014756E+03,8.835894E+02,5.580512E-01,7.803251E-02,0.000000E+00,0.000000E+00,0.000000E+00,0.000000E+00,0.000000E+00,0.000000E+00,0.000000E+00,0.000000E+00,2.110805E+01,7.995130E+01,2.388834E+01,6.463870E+01
01:08:00,8.014756E+03,8.816914E+02,5.580512E-01,7.786489E-02,0.000000E+00,0.000000E+00,0.000000E+00,0.000000E+00,0.000000E+00,0.000000E+00,0.000000E+00,0.000000E+00,2.110805E+01,7.995130E+01,2.388834E+01,6.465931E+01
01:09:00,8.014756E+03,8.798017E+02,5.580512E-01,7.769800E-02,0.000000E+00,0.000000E+00,0.000000E+00,0.000000E+00,0.000000E+00,0.000000E+00,0.000000E+00,0.000000E+00,2.110805E+01,7.995130E+01,2.388834E+01,6.467983E+01
01:10:00,8.014756E+03,8.779204E+02,5.580512E-01,7.753185E-02,0.000000E+00,0.000000E+00,0.000000E+00,0.000000E+00,0.000000E+00,0.000000E+00,0.000000E+00,0.000000E+00,2.110805E+01,7.995130E+01,2.388834E+01,6.470027E+01
01:11:00,8.014756E+03,8.760474E+02,5.580512E-01,7.736644E-02,0.000000E+00,0.000000E+00,0.000000E+00,0.000000E+00,0.000000E+00,0.000000E+00,0.000000E+00,0.000000E+00,2.110805E+01,7.995130E+01,2.388834E+01,6.472061E+01
01:12:00,8.014756E+03,8.741828E+02,5.580512E-01,7.720177E-02,0.000000E+00,0.000000E+00,0.000000E+00,0.000000E+00,0.000000E+00,0.000000E+00,0.000000E+00,0.000000E+00,2.110805E+01,7.995130E+01,2.388834E+01,6.474088E+01
01:13:00,8.014756E+03,8.723266E+02,5.580512E-01,7.703783E-02,0.000000E+00,0.000000E+00,0.000000E+00,0.000000E+00,0.000000E+00,0.000000E+00,0.000000E+00,0.000000E+00,2.110805E+01,7.995130E+01,2.388834E+01,6.476106E+01
01:14:00,8.014756E+03,8.704787E+02,5.580512E-01,7.687463E-02,0.000000E+00,0.000000E+00,0.000000E+00,0.000000E+00,0.000000E+00,0.000000E+00,0.000000E+00,0.000000E+00,2.110805E+01,7.995130E+01,2.388834E+01,6.478116E+01
01:15:00,8.014756E+03,8.686391E+02,5.580512E-01,7.671217E-02,0.000000E+00,0.000000E+00,0.000000E+00,0.000000E+00,0.000000E+00,0.000000E+00,0.000000E+00,0.000000E+00,2.110805E+01,7.995130E+01,2.388834E+01,6.480119E+01
01:16:00,8.014756E+03,8.668078E+02,5.580512E-01,7.655044E-02,0.000000E+00,0.000000E+00,0.000000E+00,0.000000E+00,0.000000E+00,0.000000E+00,0.000000E+00,0.000000E+00,2.110805E+01,7.995130E+01,2.388834E+01,6.482114E+01
01:17:00,8.014756E+03,8.649849E+02,5.580512E-01,7.638944E-02,0.000000E+00,0.000000E+00,0.000000E+00,0.000000E+00,0.000000E+00,0.000000E+00,0.000000E+00,0.000000E+00,2.110805E+01,7.995130E+01,2.388834E+01,6.484103E+01
01:18:00,8.014756E+03,8.631702E+02,5.580512E-01,7.622918E-02,0.000000E+00,0.000000E+00,0.000000E+00,0.000000E+00,0.000000E+00,0.000000E+00,0.000000E+00,0.000000E+00,2.110805E+01,7.995130E+01,2.388834E+01,6.486084E+01
01:19:00,8.014756E+03,8.613639E+02,5.580512E-01,7.606965E-02,0.000000E+00,0.000000E+00,0.000000E+00,0.000000E+00,0.000000E+00,0.000000E+00,0.000000E+00,0.000000E+00,2.110805E+01,7.995130E+01,2.388834E+01,6.488058E+01
01:20:00,8.014756E+03,8.595658E+02,5.580512E-01,7.591085E-02,0.000000E+00,0.000000E+00,0.000000E+00,0.000000E+00,0.000000E+00,0.000000E+00,0.000000E+00,0.000000E+00,2.110805E+01,7.995130E+01,2.388834E+01,6.490026E+01
01:21:00,8.014756E+03,8.577760E+02,5.580512E-01,7.575279E-02,0.000000E+00,0.000000E+00,0.000000E+00,0.000000E+00,0.000000E+00,0.000000E+00,0.000000E+00,0.000000E+00,2.110805E+01,7.995130E+01,2.388834E+01,6.491987E+01
01:22:00,8.014756E+03,8.559945E+02,5.580512E-01,7.559545E-02,0.000000E+00,0.000000E+00,0.000000E+00,0.000000E+00,0.000000E+00,0.000000E+00,0.000000E+00,0.000000E+00,2.110805E+01,7.995130E+01,2.388835E+01,6.493942E+01
01:23:00,8.014756E+03,8.542213E+02,5.580512E-01,7.543885E-02,0.000000E+00,0.000000E+00,0.000000E+00,0.000000E+00,0.000000E+00,0.000000E+00,0.000000E+00,0.000000E+00,2.110805E+01,7.995130E+01,2.388835E+01,6.495891E+01
01:24:00,8.014756E+03,8.524563E+02,5.580512E-01,7.528297E-02,0.000000E+00,0.000000E+00,0.000000E+00,0.000000E+00,0.000000E+00,0.000000E+00,0.000000E+00,0.000000E+00,2.110805E+01,7.995130E+01,2.388835E+01,6.497834E+01
01:25:00,8.014756E+03,8.506995E+02,5.580512E-01,7.512783E-02,0.000000E+00,0.000000E+00,0.000000E+00,0.000000E+00,0.000000E+00,0.000000E+00,0.000000E+00,0.000000E+00,2.110805E+01,7.995130E+01,2.388835E+01,6.499771E+01
01:26:00,8.014756E+03,8.489511E+02,5.580512E-01,7.497341E-02,0.000000E+00,0.000000E+00,0.000000E+00,0.000000E+00,0.000000E+00,0.000000E+00,0.000000E+00,0.000000E+00,2.110805E+01,7.995130E+01,2.388835E+01,6.501703E+01
01:27:00,8.014756E+03,8.472108E+02,5.580512E-01,7.481972E-02,0.000000E+00,0.000000E+00,0.000000E+00,0.000000E+00,0.000000E+00,0.000000E+00,0.000000E+00,0.000000E+00,2.110805E+01,7.995130E+01,2.388835E+01,6.503629E+01
01:28:00,8.014756E+03,8.454788E+02,5.580512E-01,7.466675E-02,0.000000E+00,0.000000E+00,0.000000E+00,0.000000E+00,0.000000E+00,0.000000E+00,0.000000E+00,0.000000E+00,2.110805E+01,7.995130E+01,2.388835E+01,6.505550E+01
01:29:00,8.014756E+03,8.437550E+02,5.580512E-01,7.451451E-02,0.000000E+00,0.000000E+00,0.000000E+00,0.000000E+00,0.000000E+00,0.000000E+00,0.000000E+00,0.000000E+00,2.110805E+01,7.995130E+01,2.388835E+01,6.507466E+01
01:30:00,8.014756E+03,8.420394E+02,5.580512E-01,7.436300E-02,0.000000E+00,0.000000E+00,0.000000E+00,0.000000E+00,0.000000E+00,0.000000E+00,0.000000E+00,0.000000E+00,2.110805E+01,7.995130E+01,2.388835E+01,6.509377E+01
01:31:00,8.014756E+03,8.403320E+02,5.580512E-01,7.421221E-02,0.000000E+00,0.000000E+00,0.000000E+00,0.000000E+00,0.000000E+00,0.000000E+00,0.000000E+00,0.000000E+00,2.110805E+01,7.995130E+01,2.388835E+01,6.511283E+01
01:32:00,8.014756E+03,8.386329E+02,5.580512E-01,7.406215E-02,0.000000E+00,0.000000E+00,0.000000E+00,0.000000E+00,0.000000E+00,0.000000E+00,0.000000E+00,0.000000E+00,2.110805E+01,7.995130E+01,2.388835E+01,6.513184E+01
01:33:00,8.014756E+03,8.369419E+02,5.580512E-01,7.391281E-02,0.000000E+00,0.000000E+00,0.000000E+00,0.000000E+00,0.000000E+00,0.000000E+00,0.000000E+00,0.000000E+00,2.110805E+01,7.995130E+01,2.388835E+01,6.515081E+01
01:34:00,8.014756E+03,8.352591E+02,5.580512E-01,7.376420E-02,0.000000E+00,0.000000E+00,0.000000E+00,0.000000E+00,0.000000E+00,0.000000E+00,0.000000E+00,0.000000E+00,2.110805E+01,7.995130E+01,2.388835E+01,6.516973E+01
01:35:00,8.014756E+03,8.335845E+02,5.580512E-01,7.361630E-02,0.000000E+00,0.000000E+00,0.000000E+00,0.000000E+00,0.000000E+00,0.000000E+00,0.000000E+00,0.000000E+00,2.110805E+01,7.995130E+01,2.388835E+01,6.518861E+01
01:36:00,8.014756E+03,8.319181E+02,5.580512E-01,7.346913E-02,0.000000E+00,0.000000E+00,0.000000E+00,0.000000E+00,0.000000E+00,0.000000E+00,0.000000E+00,0.000000E+00,2.110805E+01,7.995130E+01,2.388835E+01,6.520744E+01
01:37:00,8.014756E+03,8.302598E+02,5.580512E-01,7.332268E-02,0.000000E+00,0.000000E+00,0.000000E+00,0.000000E+00,0.000000E+00,0.000000E+00,0.000000E+00,0.000000E+00,2.110805E+01,7.995130E+01,2.388835E+01,6.522623E+01
01:38:00,8.014756E+03,8.286097E+02,5.580512E-01,7.317696E-02,0.000000E+00,0.000000E+00,0.000000E+00,0.000000E+00,0.000000E+00,0.000000E+00,0.000000E+00,0.000000E+00,2.110805E+01,7.995130E+01,2.388835E+01,6.524499E+01
01:39:00,8.014756E+03,8.269678E+02,5.580512E-01,7.303195E-02,0.000000E+00,0.000000E+00,0.000000E+00,0.000000E+00,0.000000E+00,0.000000E+00,0.000000E+00,0.000000E+00,2.110805E+01,7.995130E+01,2.388835E+01,6.526370E+01
01:40:00,8.014756E+03,8.253340E+02,5.580512E-01,7.288766E-02,0.000000E+00,0.000000E+00,0.000000E+00,0.000000E+00,0.000000E+00,0.000000E+00,0.000000E+00,0.000000E+00,2.110805E+01,7.995130E+01,2.388836E+01,6.528238E+01
01:41:00,8.014756E+03,8.237084E+02,5.580512E-01,7.274409E-02,0.000000E+00,0.000000E+00,0.000000E+00,0.000000E+00,0.000000E+00,0.000000E+00,0.000000E+00,0.000000E+00,2.110805E+01,7.995130E+01,2.388836E+01,6.530102E+01
01:42:00,8.014756E+03,8.220909E+02,5.580512E-01,7.260124E-02,0.000000E+00,0.000000E+00,0.000000E+00,0.000000E+00,0.000000E+00,0.000000E+00,0.000000E+00,0.000000E+00,2.110805E+01,7.995130E+01,2.388836E+01,6.531962E+01
01:43:00,8.014756E+03,8.204815E+02,5.580512E-01,7.245911E-02,0.000000E+00,0.000000E+00,0.000000E+00,0.000000E+00,0.000000E+00,0.000000E+00,0.000000E+00,0.000000E+00,2.110805E+01,7.995130E+01,2.388836E+01,6.533819E+01
01:44:00,8.014756E+03,8.188803E+02,5.580512E-01,7.231770E-02,0.000000E+00,0.000000E+00,0.000000E+00,0.000000E+00,0.000000E+00,0.000000E+00,0.000000E+00,0.000000E+00,2.110805E+01,7.995130E+01,2.388836E+01,6.535673E+01
01:45:00,8.014756E+03,8.172872E+02,5.580512E-01,7.217700E-02,0.000000E+00,0.000000E+00,0.000000E+00,0.000000E+00,0.000000E+00,0.000000E+00,0.000000E+00,0.000000E+00,2.110805E+01,7.995130E+01,2.388836E+01,6.537523E+01
01:46:00,8.014756E+03,8.157022E+02,5.580512E-01,7.203702E-02,0.000000E+00,0.000000E+00,0.000000E+00,0.000000E+00,0.000000E+00,0.000000E+00,0.000000E+00,0.000000E+00,2.110805E+01,7.995130E+01,2.388836E+01,6.539370E+01
01:47:00,8.014756E+03,8.141253E+02,5.580512E-01,7.189776E-02,0.000000E+00,0.000000E+00,0.000000E+00,0.000000E+00,0.000000E+00,0.000000E+00,0.000000E+00,0.000000E+00,2.110805E+01,7.995130E+01,2.388836E+01,6.541213E+01
01:48:00,8.014756E+03,8.125565E+02,5.580512E-01,7.175921E-02,0.000000E+00,0.000000E+00,0.000000E+00,0.000000E+00,0.000000E+00,0.000000E+00,0.000000E+00,0.000000E+00,2.110805E+01,7.995130E+01,2.388836E+01,6.543054E+01
01:49:00,8.014756E+03,8.109958E+02,5.580512E-01,7.162138E-02,0.000000E+00,0.000000E+00,0.000000E+00,0.000000E+00,0.000000E+00,0.000000E+00,0.000000E+00,0.000000E+00,2.110805E+01,7.995130E+01,2.388836E+01,6.544891E+01
01:50:00,8.014756E+03,8.094432E+02,5.580512E-01,7.148426E-02,0.000000E+00,0.000000E+00,0.000000E+00,0.000000E+00,0.000000E+00,0.000000E+00,0.000000E+00,0.000000E+00,2.110805E+01,7.995130E+01,2.388836E+01,6.546726E+01
01:51:00,8.014756E+03,8.078987E+02,5.580512E-01,7.134785E-02,0.000000E+00,0.000000E+00,0.000000E+00,0.000000E+00,0.000000E+00,0.000000E+00,0.000000E+00,0.000000E+00,2.110805E+01,7.995130E+01,2.388836E+01,6.548558E+01
01:52:00,8.014756E+03,8.063623E+02,5.580512E-01,7.121216E-02,0.000000E+00,0.000000E+00,0.000000E+00,0.000000E+00,0.000000E+00,0.000000E+00,0.000000E+00,0.000000E+00,2.110805E+01,7.995130E+01,2.388836E+01,6.550387E+01
01:53:00,8.014756E+03,8.048339E+02,5.580512E-01,7.107719E-02,0.000000E+00,0.000000E+00,0.000000E+00,0.000000E+00,0.000000E+00,0.000000E+00,0.000000E+00,0.000000E+00,2.110805E+01,7.995130E+01,2.388836E+01,6.552213E+01
01:54:00,8.014756E+03,8.033137E+02,5.580512E-01,7.094292E-02,0.000000E+00,0.000000E+00,0.000000E+00,0.000000E+00,0.000000E+00,0.000000E+00,0.000000E+00,0.000000E+00,2.110805E+01,7.995130E+01,2.388836E+01,6.554037E+01
01:55:00,8.014756E+03,8.018015E+02,5.580512E-01,7.080937E-02,0.000000E+00,0.000000E+00,0.000000E+00,0.000000E+00,0.000000E+00,0.000000E+00,0.000000E+00,0.000000E+00,2.110805E+01,7.995130E+01,2.388836E+01,6.555858E+01
01:56:00,8.014756E+03,8.002973E+02,5.580512E-01,7.067653E-02,0.000000E+00,0.000000E+00,0.000000E+00,0.000000E+00,0.000000E+00,0.000000E+00,0.000000E+00,0.000000E+00,2.110805E+01,7.995130E+01,2.388836E+01,6.557677E+01
01:57:00,8.014756E+03,7.988012E+02,5.580512E-01,7.054441E-02,0.000000E+00,0.000000E+00,0.000000E+00,0.000000E+00,0.000000E+00,0.000000E+00,0.000000E+00,0.000000E+00,2.110805E+01,7.995130E+01,2.388837E+01,6.559493E+01
01:58:00,8.014756E+03,7.973132E+02,5.580512E-01,7.041299E-02,0.000000E+00,0.000000E+00,0.000000E+00,0.000000E+00,0.000000E+00,0.000000E+00,0.000000E+00,0.000000E+00,2.110805E+01,7.995130E+01,2.388837E+01,6.561307E+01
01:59:00,8.014756E+03,7.958332E+02,5.580512E-01,7.028229E-02,0.000000E+00,0.000000E+00,0.000000E+00,0.000000E+00,0.000000E+00,0.000000E+00,0.000000E+00,0.000000E+00,2.110805E+01,7.995130E+01,2.388837E+01,6.563118E+01
02:00:00,8.014756E+03,7.943613E+02,5.580512E-01,7.015229E-02,0.000000E+00,0.000000E+00,0.000000E+00,0.000000E+00,0.000000E+00,0.000000E+00,0.000000E+00,0.000000E+00,2.110805E+01,7.995130E+01,2.388837E+01,6.564927E+01
02:01:00,8.014756E+03,7.928945E+02,5.580512E-01,7.002275E-02,0.000000E+00,0.000000E+00,0.000000E+00,0.000000E+00,0.000000E+00,0.000000E+00,0.000000E+00,0.000000E+00,2.110805E+01,7.995130E+01,2.388837E+01,6.566734E+01
02:02:00,8.014756E+03,7.914329E+02,5.580512E-01,6.989367E-02,0.000000E+00,0.000000E+00,0.000000E+00,0.000000E+00,0.000000E+00,0.000000E+00,0.000000E+00,0.000000E+00,2.110805E+01,7.995130E+01,2.388837E+01,6.568536E+01
02:03:00,8.014756E+03,7.899765E+02,5.580512E-01,6.976505E-02,0.000000E+00,0.000000E+00,0.000000E+00,0.000000E+00,0.000000E+00,0.000000E+00,0.000000E+00,0.000000E+00,2.110805E+01,7.995130E+01,2.388837E+01,6.570330E+01
02:04:00,8.014756E+03,7.885253E+02,5.580512E-01,6.963689E-02,0.000000E+00,0.000000E+00,0.000000E+00,0.000000E+00,0.000000E+00,0.000000E+00,0.000000E+00,0.000000E+00,2.110805E+01,7.995130E+01,2.388837E+01,6.572117E+01
02:05:00,8.014756E+03,7.870793E+02,5.580512E-01,6.950918E-02,0.000000E+00,0.000000E+00,0.000000E+00,0.000000E+00,0.000000E+00,0.000000E+00,0.000000E+00,0.000000E+00,2.110805E+01,7.995130E+01,2.388837E+01,6.573896E+01
02:06:00,8.014756E+03,7.856384E+02,5.580512E-01,6.938193E-02,0.000000E+00,0.000000E+00,0.000000E+00,0.000000E+00,0.000000E+00,0.000000E+00,0.000000E+00,0.000000E+00,2.110805E+01,7.995130E+01,2.388837E+01,6.575668E+01
02:07:00,8.014756E+03,7.842028E+02,5.580512E-01,6.925514E-02,0.000000E+00,0.000000E+00,0.000000E+00,0.000000E+00,0.000000E+00,0.000000E+00,0.000000E+00,0.000000E+00,2.110805E+01,7.995130E+01,2.388837E+01,6.577433E+01
02:08:00,8.014756E+03,7.827723E+02,5.580512E-01,6.912881E-02,0.000000E+00,0.000000E+00,0.000000E+00,0.000000E+00,0.000000E+00,0.000000E+00,0.000000E+00,0.000000E+00,2.110805E+01,7.995130E+01,2.388837E+01,6.579191E+01
02:09:00,8.014756E+03,7.813469E+02,5.580512E-01,6.900293E-02,0.000000E+00,0.000000E+00,0.000000E+00,0.000000E+00,0.000000E+00,0.000000E+00,0.000000E+00,0.000000E+00,2.110805E+01,7.995130E+01,2.388837E+01,6.580943E+01
02:10:00,8.014756E+03,7.799267E+02,5.580512E-01,6.887750E-02,0.000000E+00,0.000000E+00,0.000000E+00,0.000000E+00,0.000000E+00,0.000000E+00,0.000000E+00,0.000000E+00,2.110805E+01,7.995130E+01,2.388837E+01,6.582687E+01
02:11:00,8.014756E+03,7.785117E+02,5.580512E-01,6.875253E-02,0.000000E+00,0.000000E+00,0.000000E+00,0.000000E+00,0.000000E+00,0.000000E+00,0.000000E+00,0.000000E+00,2.110805E+01,7.995130E+01,2.388837E+01,6.584426E+01
02:12:00,8.014756E+03,7.771018E+02,5.580512E-01,6.862802E-02,0.000000E+00,0.000000E+00,0.000000E+00,0.000000E+00,0.000000E+00,0.000000E+00,0.000000E+00,0.000000E+00,2.110805E+01,7.995130E+01,2.388837E+01,6.586158E+01
02:13:00,8.014756E+03,7.756971E+02,5.580512E-01,6.850396E-02,0.000000E+00,0.000000E+00,0.000000E+00,0.000000E+00,0.000000E+00,0.000000E+00,0.000000E+00,0.000000E+00,2.110805E+01,7.995130E+01,2.388837E+01,6.587884E+01
02:14:00,8.014756E+03,7.742974E+02,5.580512E-01,6.838035E-02,0.000000E+00,0.000000E+00,0.000000E+00,0.000000E+00,0.000000E+00,0.000000E+00,0.000000E+00,0.000000E+00,2.110805E+01,7.995130E+01,2.388837E+01,6.589604E+01
02:15:00,8.014756E+03,7.729030E+02,5.580512E-01,6.825720E-02,0.000000E+00,0.000000E+00,0.000000E+00,0.000000E+00,0.000000E+00,0.000000E+00,0.000000E+00,0.000000E+00,2.110805E+01,7.995130E+01,2.388837E+01,6.591319E+01
02:16:00,8.014756E+03,7.715136E+02,5.580512E-01,6.813450E-02,0.000000E+00,0.000000E+00,0.000000E+00,0.000000E+00,0.000000E+00,0.000000E+00,0.000000E+00,0.000000E+00,2.110805E+01,7.995130E+01,2.388837E+01,6.593028E+01
02:17:00,8.014756E+03,7.701294E+02,5.580512E-01,6.801225E-02,0.000000E+00,0.000000E+00,0.000000E+00,0.000000E+00,0.000000E+00,0.000000E+00,0.000000E+00,0.000000E+00,2.110805E+01,7.995130E+01,2.388837E+01,6.594731E+01
02:18:00,8.014757E+03,7.687503E+02,5.580512E-01,6.789046E-02,0.000000E+00,0.000000E+00,0.000000E+00,0.000000E+00,0.000000E+00,0.000000E+00,0.000000E+00,0.000000E+00,2.110805E+01,7.995130E+01,2.388838E+01,6.596429E+01
02:19:00,8.014757E+03,7.673763E+02,5.580512E-01,6.776911E-02,0.000000E+00,0.000000E+00,0.000000E+00,0.000000E+00,0.000000E+00,0.000000E+00,0.000000E+00,0.000000E+00,2.110805E+01,7.995130E+01,2.388838E+01,6.598122E+01
02:20:00,8.014757E+03,7.660075E+02,5.580512E-01,6.764822E-02,0.000000E+00,0.000000E+00,0.000000E+00,0.000000E+00,0.000000E+00,0.000000E+00,0.000000E+00,0.000000E+00,2.110805E+01,7.995130E+01,2.388838E+01,6.599809E+01
02:21:00,8.014757E+03,7.646437E+02,5.580512E-01,6.752778E-02,0.000000E+00,0.000000E+00,0.000000E+00,0.000000E+00,0.000000E+00,0.000000E+00,0.000000E+00,0.000000E+00,2.110805E+01,7.995130E+01,2.388838E+01,6.601492E+01
02:22:00,8.014757E+03,7.632851E+02,5.580512E-01,6.740779E-02,0.000000E+00,0.000000E+00,0.000000E+00,0.000000E+00,0.000000E+00,0.000000E+00,0.000000E+00,0.000000E+00,2.110805E+01,7.995130E+01,2.388838E+01,6.603169E+01
02:23:00,8.014757E+03,7.619315E+02,5.580512E-01,6.728825E-02,0.000000E+00,0.000000E+00,0.000000E+00,0.000000E+00,0.000000E+00,0.000000E+00,0.000000E+00,0.000000E+00,2.110805E+01,7.995130E+01,2.388838E+01,6.604842E+01
02:24:00,8.014757E+03,7.605831E+02,5.580512E-01,6.716916E-02,0.000000E+00,0.000000E+00,0.000000E+00,0.000000E+00,0.000000E+00,0.000000E+00,0.000000E+00,0.000000E+00,2.110805E+01,7.995130E+01,2.388838E+01,6.606510E+01
02:25:00,8.014757E+03,7.592397E+02,5.580512E-01,6.705053E-02,0.000000E+00,0.000000E+00,0.000000E+00,0.000000E+00,0.000000E+00,0.000000E+00,0.000000E+00,0.000000E+00,2.110805E+01,7.995130E+01,2.388838E+01,6.608174E+01
02:26:00,8.014757E+03,7.579015E+02,5.580512E-01,6.693234E-02,0.000000E+00,0.000000E+00,0.000000E+00,0.000000E+00,0.000000E+00,0.000000E+00,0.000000E+00,0.000000E+00,2.110805E+01,7.995130E+01,2.388838E+01,6.609833E+01
02:27:00,8.014757E+03,7.565683E+02,5.580512E-01,6.681460E-02,0.000000E+00,0.000000E+00,0.000000E+00,0.000000E+00,0.000000E+00,0.000000E+00,0.000000E+00,0.000000E+00,2.110805E+01,7.995130E+01,2.388838E+01,6.611488E+01
02:28:00,8.014757E+03,7.552402E+02,5.580512E-01,6.669731E-02,0.000000E+00,0.000000E+00,0.000000E+00,0.000000E+00,0.000000E+00,0.000000E+00,0.000000E+00,0.000000E+00,2.110805E+01,7.995130E+01,2.388838E+01,6.613138E+01
02:29:00,8.014757E+03,7.539172E+02,5.580512E-01,6.658047E-02,0.000000E+00,0.000000E+00,0.000000E+00,0.000000E+00,0.000000E+00,0.000000E+00,0.000000E+00,0.000000E+00,2.110805E+01,7.995130E+01,2.388838E+01,6.614784E+01
02:30:00,8.014757E+03,7.525993E+02,5.580512E-01,6.646407E-02,0.000000E+00,0.000000E+00,0.000000E+00,0.000000E+00,0.000000E+00,0.000000E+00,0.000000E+00,0.000000E+00,2.110805E+01,7.995130E+01,2.388838E+01,6.616426E+01
02:31:00,8.014757E+03,7.512864E+02,5.580512E-01,6.634813E-02,0.000000E+00,0.000000E+00,0.000000E+00,0.000000E+00,0.000000E+00,0.000000E+00,0.000000E+00,0.000000E+00,2.110805E+01,7.995130E+01,2.388838E+01,6.618064E+01
02:32:00,8.014757E+03,7.499787E+02,5.580512E-01,6.623263E-02,0.000000E+00,0.000000E+00,0.000000E+00,0.000000E+00,0.000000E+00,0.000000E+00,0.000000E+00,0.000000E+00,2.110805E+01,7.995130E+01,2.388838E+01,6.619698E+01
02:33:00,8.014757E+03,7.486759E+02,5.580512E-01,6.611759E-02,0.000000E+00,0.000000E+00,0.000000E+00,0.000000E+00,0.000000E+00,0.000000E+00,0.000000E+00,0.000000E+00,2.110805E+01,7.995130E+01,2.388838E+01,6.621328E+01
02:34:00,8.014757E+03,7.473783E+02,5.580512E-01,6.600298E-02,0.000000E+00,0.000000E+00,0.000000E+00,0.000000E+00,0.000000E+00,0.000000E+00,0.000000E+00,0.000000E+00,2.110805E+01,7.995130E+01,2.388838E+01,6.622955E+01
02:35:00,8.014757E+03,7.460857E+02,5.580512E-01,6.588883E-02,0.000000E+00,0.000000E+00,0.000000E+00,0.000000E+00,0.000000E+00,0.000000E+00,0.000000E+00,0.000000E+00,2.110805E+01,7.995130E+01,2.388838E+01,6.624578E+01
02:36:00,8.014757E+03,7.447982E+02,5.580512E-01,6.577512E-02,0.000000E+00,0.000000E+00,0.000000E+00,0.000000E+00,0.000000E+00,0.000000E+00,0.000000E+00,0.000000E+00,2.110805E+01,7.995130E+01,2.388838E+01,6.626197E+01
02:37:00,8.014757E+03,7.435158E+02,5.580512E-01,6.566187E-02,0.000000E+00,0.000000E+00,0.000000E+00,0.000000E+00,0.000000E+00,0.000000E+00,0.000000E+00,0.000000E+00,2.110805E+01,7.995130E+01,2.388838E+01,6.627812E+01
02:38:00,8.014757E+03,7.422384E+02,5.580512E-01,6.554905E-02,0.000000E+00,0.000000E+00,0.000000E+00,0.000000E+00,0.000000E+00,0.000000E+00,0.000000E+00,0.000000E+00,2.110805E+01,7.995130E+01,2.388838E+01,6.629424E+01
02:39:00,8.014757E+03,7.409661E+02,5.580512E-01,6.543669E-02,0.000000E+00,0.000000E+00,0.000000E+00,0.000000E+00,0.000000E+00,0.000000E+00,0.000000E+00,0.000000E+00,2.110805E+01,7.995130E+01,2.388839E+01,6.631033E+01
02:40:00,8.014757E+03,7.396988E+02,5.580512E-01,6.532477E-02,0.000000E+00,0.000000E+00,0.000000E+00,0.000000E+00,0.000000E+00,0.000000E+00,0.000000E+00,0.000000E+00,2.110805E+01,7.995130E+01,2.388839E+01,6.632638E+01
02:41:00,8.014757E+03,7.384365E+02,5.580512E-01,6.521329E-02,0.000000E+00,0.000000E+00,0.000000E+00,0.000000E+00,0.000000E+00,0.000000E+00,0.000000E+00,0.000000E+00,2.110805E+01,7.995130E+01,2.388839E+01,6.634240E+01
02:42:00,8.014757E+03,7.371794E+02,5.580512E-01,6.510226E-02,0.000000E+00,0.000000E+00,0.000000E+00,0.000000E+00,0.000000E+00,0.000000E+00,0.000000E+00,0.000000E+00,2.110805E+01,7.995130E+01,2.388839E+01,6.635839E+01
02:43:00,8.014757E+03,7.359272E+02,5.580512E-01,6.499168E-02,0.000000E+00,0.000000E+00,0.000000E+00,0.000000E+00,0.000000E+00,0.000000E+00,0.000000E+00,0.000000E+00,2.110805E+01,7.995130E+01,2.388839E+01,6.637435E+01
02:44:00,8.014757E+03,7.346801E+02,5.580512E-01,6.488155E-02,0.000000E+00,0.000000E+00,0.000000E+00,0.000000E+00,0.000000E+00,0.000000E+00,0.000000E+00,0.000000E+00,2.110805E+01,7.995130E+01,2.388839E+01,6.639027E+01
02:45:00,8.014757E+03,7.334381E+02,5.580512E-01,6.477185E-02,0.000000E+00,0.000000E+00,0.000000E+00,0.000000E+00,0.000000E+00,0.000000E+00,0.000000E+00,0.000000E+00,2.110805E+01,7.995130E+01,2.388839E+01,6.640617E+01
02:46:00,8.014757E+03,7.322011E+02,5.580512E-01,6.466261E-02,0.000000E+00,0.000000E+00,0.000000E+00,0.000000E+00,0.000000E+00,0.000000E+00,0.000000E+00,0.000000E+00,2.110805E+01,7.995130E+01,2.388839E+01,6.642203E+01
02:47:00,8.014757E+03,7.309691E+02,5.580512E-01,6.455381E-02,0.000000E+00,0.000000E+00,0.000000E+00,0.000000E+00,0.000000E+00,0.000000E+00,0.000000E+00,0.000000E+00,2.110805E+01,7.995130E+01,2.388839E+01,6.643786E+01
02:48:00,8.014757E+03,7.297422E+02,5.580512E-01,6.444545E-02,0.000000E+00,0.000000E+00,0.000000E+00,0.000000E+00,0.000000E+00,0.000000E+00,0.000000E+00,0.000000E+00,2.110805E+01,7.995130E+01,2.388839E+01,6.645367E+01
02:49:00,8.014757E+03,7.285203E+02,5.580512E-01,6.433754E-02,0.000000E+00,0.000000E+00,0.000000E+00,0.000000E+00,0.000000E+00,0.000000E+00,0.000000E+00,0.000000E+00,2.110805E+01,7.995130E+01,2.388839E+01,6.646945E+01
02:50:00,8.014757E+03,7.273035E+02,5.580512E-01,6.423008E-02,0.000000E+00,0.000000E+00,0.000000E+00,0.000000E+00,0.000000E+00,0.000000E+00,0.000000E+00,0.000000E+00,2.110805E+01,7.995130E+01,2.388839E+01,6.648520E+01
02:51:00,8.014757E+03,7.260917E+02,5.580512E-01,6.412305E-02,0.000000E+00,0.000000E+00,0.000000E+00,0.000000E+00,0.000000E+00,0.000000E+00,0.000000E+00,0.000000E+00,2.110805E+01,7.995130E+01,2.388839E+01,6.650092E+01
02:52:00,8.014757E+03,7.248849E+02,5.580512E-01,6.401648E-02,0.000000E+00,0.000000E+00,0.000000E+00,0.000000E+00,0.000000E+00,0.000000E+00,0.000000E+00,0.000000E+00,2.110805E+01,7.995130E+01,2.388839E+01,6.651661E+01
02:53:00,8.014757E+03,7.236831E+02,5.580512E-01,6.391035E-02,0.000000E+00,0.000000E+00,0.000000E+00,0.000000E+00,0.000000E+00,0.000000E+00,0.000000E+00,0.000000E+00,2.110805E+01,7.995130E+01,2.388839E+01,6.653228E+01
02:54:00,8.014757E+03,7.224864E+02,5.580512E-01,6.380466E-02,0.000000E+00,0.000000E+00,0.000000E+00,0.000000E+00,0.000000E+00,0.000000E+00,0.000000E+00,0.000000E+00,2.110805E+01,7.995130E+01,2.388839E+01,6.654792E+01
02:55:00,8.014757E+03,7.212948E+02,5.580512E-01,6.369942E-02,0.000000E+00,0.000000E+00,0.000000E+00,0.000000E+00,0.000000E+00,0.000000E+00,0.000000E+00,0.000000E+00,2.110805E+01,7.995130E+01,2.388839E+01,6.656354E+01
02:56:00,8.014757E+03,7.201081E+02,5.580512E-01,6.359462E-02,0.000000E+00,0.000000E+00,0.000000E+00,0.000000E+00,0.000000E+00,0.000000E+00,0.000000E+00,0.000000E+00,2.110805E+01,7.995130E+01,2.388839E+01,6.657913E+01
02:57:00,8.014757E+03,7.189265E+02,5.580512E-01,6.349026E-02,0.000000E+00,0.000000E+00,0.000000E+00,0.000000E+00,0.000000E+00,0.000000E+00,0.000000E+00,0.000000E+00,2.110805E+01,7.995130E+01,2.388839E+01,6.659470E+01
02:58:00,8.014757E+03,7.177499E+02,5.580512E-01,6.338635E-02,0.000000E+00,0.000000E+00,0.000000E+00,0.000000E+00,0.000000E+00,0.000000E+00,0.000000E+00,0.000000E+00,2.110805E+01,7.995130E+01,2.388839E+01,6.661023E+01
02:59:00,8.014757E+03,7.165784E+02,5.580512E-01,6.328289E-02,0.000000E+00,0.000000E+00,0.000000E+00,0.000000E+00,0.000000E+00,0.000000E+00,0.000000E+00,0.000000E+00,2.110805E+01,7.995130E+01,2.388839E+01,6.662575E+01
03:00:00,8.014757E+03,7.154119E+02,5.580512E-01,6.317987E-02,0.000000E+00,0.000000E+00,0.000000E+00,0.000000E+00,0.000000E+00,0.000000E+00,0.000000E+00,0.000000E+00,2.110805E+01,7.995130E+01,2.388840E+01,6.664124E+01
03:01:00,8.014757E+03,7.142475E+02,5.580512E-01,6.307704E-02,0.000000E+00,0.000000E+00,0.000000E+00,0.000000E+00,0.000000E+00,0.000000E+00,0.000000E+00,0.000000E+00,2.110805E+01,7.995130E+01,2.388840E+01,6.665671E+01
03:02:00,8.014757E+03,7.130854E+02,5.580512E-01,6.297440E-02,0.000000E+00,0.000000E+00,0.000000E+00,0.000000E+00,0.000000E+00,0.000000E+00,0.000000E+00,0.000000E+00,2.110805E+01,7.995130E+01,2.388840E+01,6.667215E+01
03:03:00,8.014757E+03,7.119254E+02,5.580512E-01,6.287196E-02,0.000000E+00,0.000000E+00,0.000000E+00,0.000000E+00,0.000000E+00,0.000000E+00,0.000000E+00,0.000000E+00,2.110805E+01,7.995130E+01,2.388840E+01,6.668758E+01
03:04:00,8.014757E+03,7.107676E+02,5.580512E-01,6.276972E-02,0.000000E+00,0.000000E+00,0.000000E+00,0.000000E+00,0.000000E+00,0.000000E+00,0.000000E+00,0.000000E+00,2.110805E+01,7.995130E+01,2.388840E+01,6.670297E+01
03:05:00,8.014757E+03,7.096121E+02,5.580512E-01,6.266766E-02,0.000000E+00,0.000000E+00,0.000000E+00,0.000000E+00,0.000000E+00,0.000000E+00,0.000000E+00,0.000000E+00,2.110805E+01,7.995130E+01,2.388840E+01,6.671835E+01
03:06:00,8.014757E+03,7.084587E+02,5.580512E-01,6.256580E-02,0.000000E+00,0.000000E+00,0.000000E+00,0.000000E+00,0.000000E+00,0.000000E+00,0.000000E+00,0.000000E+00,2.110805E+01,7.995130E+01,2.388840E+01,6.673370E+01
03:07:00,8.014757E+03,7.073076E+02,5.580512E-01,6.246414E-02,0.000000E+00,0.000000E+00,0.000000E+00,0.000000E+00,0.000000E+00,0.000000E+00,0.000000E+00,0.000000E+00,2.110805E+01,7.995130E+01,2.388840E+01,6.674904E+01
03:08:00,8.014757E+03,7.061587E+02,5.580512E-01,6.236267E-02,0.000000E+00,0.000000E+00,0.000000E+00,0.000000E+00,0.000000E+00,0.000000E+00,0.000000E+00,0.000000E+00,2.110805E+01,7.995130E+01,2.388840E+01,6.676434E+01
03:09:00,8.014757E+03,7.050119E+02,5.580512E-01,6.226140E-02,0.000000E+00,0.000000E+00,0.000000E+00,0.000000E+00,0.000000E+00,0.000000E+00,0.000000E+00,0.000000E+00,2.110805E+01,7.995130E+01,2.388840E+01,6.677963E+01
03:10:00,8.014757E+03,7.038674E+02,5.580512E-01,6.216032E-02,0.000000E+00,0.000000E+00,0.000000E+00,0.000000E+00,0.000000E+00,0.000000E+00,0.000000E+00,0.000000E+00,2.110805E+01,7.995130E+01,2.388840E+01,6.679490E+01
03:11:00,8.014757E+03,7.027251E+02,5.580512E-01,6.205944E-02,0.000000E+00,0.000000E+00,0.000000E+00,0.000000E+00,0.000000E+00,0.000000E+00,0.000000E+00,0.000000E+00,2.110805E+01,7.995130E+01,2.388840E+01,6.681014E+01
03:12:00,8.014757E+03,7.015850E+02,5.580512E-01,6.195875E-02,0.000000E+00,0.000000E+00,0.000000E+00,0.000000E+00,0.000000E+00,0.000000E+00,0.000000E+00,0.000000E+00,2.110805E+01,7.995130E+01,2.388840E+01,6.682536E+01
03:13:00,8.014757E+03,7.004471E+02,5.580512E-01,6.185825E-02,0.000000E+00,0.000000E+00,0.000000E+00,0.000000E+00,0.000000E+00,0.000000E+00,0.000000E+00,0.000000E+00,2.110805E+01,7.995130E+01,2.388840E+01,6.684057E+01
03:14:00,8.014757E+03,6.993114E+02,5.580512E-01,6.175796E-02,0.000000E+00,0.000000E+00,0.000000E+00,0.000000E+00,0.000000E+00,0.000000E+00,0.000000E+00,0.000000E+00,2.110805E+01,7.995130E+01,2.388840E+01,6.685575E+01
03:15:00,8.014757E+03,6.981779E+02,5.580512E-01,6.165786E-02,0.000000E+00,0.000000E+00,0.000000E+00,0.000000E+00,0.000000E+00,0.000000E+00,0.000000E+00,0.000000E+00,2.110805E+01,7.995130E+01,2.388840E+01,6.687091E+01
03:16:00,8.014757E+03,6.970467E+02,5.580512E-01,6.155795E-02,0.000000E+00,0.000000E+00,0.000000E+00,0.000000E+00,0.000000E+00,0.000000E+00,0.000000E+00,0.000000E+00,2.110805E+01,7.995130E+01,2.388840E+01,6.688605E+01
03:17:00,8.014757E+03,6.959177E+02,5.580512E-01,6.145825E-02,0.000000E+00,0.000000E+00,0.000000E+00,0.000000E+00,0.000000E+00,0.000000E+00,0.000000E+00,0.000000E+00,2.110805E+01,7.995130E+01,2.388840E+01,6.690117E+01
03:18:00,8.014757E+03,6.947910E+02,5.580512E-01,6.135874E-02,0.000000E+00,0.000000E+00,0.000000E+00,0.000000E+00,0.000000E+00,0.000000E+00,0.000000E+00,0.000000E+00,2.110805E+01,7.995130E+01,2.388840E+01,6.691627E+01
03:19:00,8.014757E+03,6.936665E+02,5.580512E-01,6.125943E-02,0.000000E+00,0.000000E+00,0.000000E+00,0.000000E+00,0.000000E+00,0.000000E+00,0.000000E+00,0.000000E+00,2.110805E+01,7.995130E+01,2.388840E+01,6.693135E+01
03:20:00,8.014757E+03,6.925443E+02,5.580512E-01,6.116032E-02,0.000000E+00,0.000000E+00,0.000000E+00,0.000000E+00,0.000000E+00,0.000000E+00,0.000000E+00,0.000000E+00,2.110805E+01,7.995130E+01,2.388840E+01,6.694640E+01
03:21:00,8.014757E+03,6.914244E+02,5.580512E-01,6.106142E-02,0.000000E+00,0.000000E+00,0.000000E+00,0.000000E+00,0.000000E+00,0.000000E+00,0.000000E+00,0.000000E+00,2.110805E+01,7.995130E+01,2.388841E+01,6.696144E+01
03:22:00,8.014757E+03,6.903067E+02,5.580512E-01,6.096271E-02,0.000000E+00,0.000000E+00,0.000000E+00,0.000000E+00,0.000000E+00,0.000000E+00,0.000000E+00,0.000000E+00,2.110805E+01,7.995130E+01,2.388841E+01,6.697646E+01
03:23:00,8.014757E+03,6.891914E+02,5.580512E-01,6.086421E-02,0.000000E+00,0.000000E+00,0.000000E+00,0.000000E+00,0.000000E+00,0.000000E+00,0.000000E+00,0.000000E+00,2.110805E+01,7.995130E+01,2.388841E+01,6.699146E+01
03:24:00,8.014757E+03,6.880782E+02,5.580512E-01,6.076590E-02,0.000000E+00,0.000000E+00,0.000000E+00,0.000000E+00,0.000000E+00,0.000000E+00,0.000000E+00,0.000000E+00,2.110805E+01,7.995130E+01,2.388841E+01,6.700643E+01
03:25:00,8.014757E+03,6.869674E+02,5.580512E-01,6.066780E-02,0.000000E+00,0.000000E+00,0.000000E+00,0.000000E+00,0.000000E+00,0.000000E+00,0.000000E+00,0.000000E+00,2.110805E+01,7.995130E+01,2.388841E+01,6.702139E+01
03:26:00,8.014757E+03,6.858588E+02,5.580512E-01,6.056989E-02,0.000000E+00,0.000000E+00,0.000000E+00,0.000000E+00,0.000000E+00,0.000000E+00,0.000000E+00,0.000000E+00,2.110805E+01,7.995130E+01,2.388841E+01,6.703632E+01
03:27:00,8.014757E+03,6.847525E+02,5.580512E-01,6.047219E-02,0.000000E+00,0.000000E+00,0.000000E+00,0.000000E+00,0.000000E+00,0.000000E+00,0.000000E+00,0.000000E+00,2.110805E+01,7.995130E+01,2.388841E+01,6.705124E+01
03:28:00,8.014757E+03,6.836484E+02,5.580512E-01,6.037468E-02,0.000000E+00,0.000000E+00,0.000000E+00,0.000000E+00,0.000000E+00,0.000000E+00,0.000000E+00,0.000000E+00,2.110805E+01,7.995130E+01,2.388841E+01,6.706614E+01
03:29:00,8.014757E+03,6.825466E+02,5.580512E-01,6.027738E-02,0.000000E+00,0.000000E+00,0.000000E+00,0.000000E+00,0.000000E+00,0.000000E+00,0.000000E+00,0.000000E+00,2.110805E+01,7.995130E+01,2.388841E+01,6.708102E+01
03:30:00,8.014757E+03,6.814471E+02,5.580512E-01,6.018028E-02,0.000000E+00,0.000000E+00,0.000000E+00,0.000000E+00,0.000000E+00,0.000000E+00,0.000000E+00,0.000000E+00,2.110805E+01,7.995130E+01,2.388841E+01,6.709588E+01
03:31:00,8.014757E+03,6.803499E+02,5.580512E-01,6.008338E-02,0.000000E+00,0.000000E+00,0.000000E+00,0.000000E+00,0.000000E+00,0.000000E+00,0.000000E+00,0.000000E+00,2.110805E+01,7.995130E+01,2.388841E+01,6.711072E+01
03:32:00,8.014757E+03,6.792551E+02,5.580512E-01,5.998669E-02,0.000000E+00,0.000000E+00,0.000000E+00,0.000000E+00,0.000000E+00,0.000000E+00,0.000000E+00,0.000000E+00,2.110805E+01,7.995130E+01,2.388841E+01,6.712554E+01
03:33:00,8.014757E+03,6.781626E+02,5.580512E-01,5.989020E-02,0.000000E+00,0.000000E+00,0.000000E+00,0.000000E+00,0.000000E+00,0.000000E+00,0.000000E+00,0.000000E+00,2.110805E+01,7.995130E+01,2.388841E+01,6.714034E+01
03:34:00,8.014757E+03,6.770725E+02,5.580512E-01,5.979393E-02,0.000000E+00,0.000000E+00,0.000000E+00,0.000000E+00,0.000000E+00,0.000000E+00,0.000000E+00,0.000000E+00,2.110805E+01,7.995130E+01,2.388841E+01,6.715512E+01
03:35:00,8.014757E+03,6.759847E+02,5.580512E-01,5.969787E-02,0.000000E+00,0.000000E+00,0.000000E+00,0.000000E+00,0.000000E+00,0.000000E+00,0.000000E+00,0.000000E+00,2.110805E+01,7.995130E+01,2.388841E+01,6.716988E+01
03:36:00,8.014757E+03,6.748992E+02,5.580512E-01,5.960200E-02,0.000000E+00,0.000000E+00,0.000000E+00,0.000000E+00,0.000000E+00,0.000000E+00,0.000000E+00,0.000000E+00,2.110805E+01,7.995130E+01,2.388841E+01,6.718462E+01
03:37:00,8.014757E+03,6.738160E+02,5.580512E-01,5.950634E-02,0.000000E+00,0.000000E+00,0.000000E+00,0.000000E+00,0.000000E+00,0.000000E+00,0.000000E+00,0.000000E+00,2.110805E+01,7.995130E+01,2.388841E+01,6.719933E+01
03:38:00,8.014757E+03,6.727350E+02,5.580512E-01,5.941087E-02,0.000000E+00,0.000000E+00,0.000000E+00,0.000000E+00,0.000000E+00,0.000000E+00,0.000000E+00,0.000000E+00,2.110805E+01,7.995130E+01,2.388841E+01,6.721404E+01
03:39:00,8.014757E+03,6.716562E+02,5.580512E-01,5.931560E-02,0.000000E+00,0.000000E+00,0.000000E+00,0.000000E+00,0.000000E+00,0.000000E+00,0.000000E+00,0.000000E+00,2.110805E+01,7.995130E+01,2.388841E+01,6.722872E+01
03:40:00,8.014757E+03,6.705797E+02,5.580512E-01,5.922052E-02,0.000000E+00,0.000000E+00,0.000000E+00,0.000000E+00,0.000000E+00,0.000000E+00,0.000000E+00,0.000000E+00,2.110805E+01,7.995130E+01,2.388841E+01,6.724339E+01
03:41:00,8.014757E+03,6.695053E+02,5.580512E-01,5.912564E-02,0.000000E+00,0.000000E+00,0.000000E+00,0.000000E+00,0.000000E+00,0.000000E+00,0.000000E+00,0.000000E+00,2.110805E+01,7.995130E+01,2.388841E+01,6.725804E+01
03:42:00,8.014757E+03,6.684331E+02,5.580512E-01,5.903094E-02,0.000000E+00,0.000000E+00,0.000000E+00,0.000000E+00,0.000000E+00,0.000000E+00,0.000000E+00,0.000000E+00,2.110805E+01,7.995130E+01,2.388842E+01,6.727267E+01
03:43:00,8.014757E+03,6.673630E+02,5.580512E-01,5.893644E-02,0.000000E+00,0.000000E+00,0.000000E+00,0.000000E+00,0.000000E+00,0.000000E+00,0.000000E+00,0.000000E+00,2.110805E+01,7.995130E+01,2.388842E+01,6.728729E+01
03:44:00,8.014757E+03,6.662951E+02,5.580512E-01,5.884213E-02,0.000000E+00,0.000000E+00,0.000000E+00,0.000000E+00,0.000000E+00,0.000000E+00,0.000000E+00,0.000000E+00,2.110805E+01,7.995130E+01,2.388842E+01,6.730190E+01
03:45:00,8.014757E+03,6.652294E+02,5.580512E-01,5.874801E-02,0.000000E+00,0.000000E+00,0.000000E+00,0.000000E+00,0.000000E+00,0.000000E+00,0.000000E+00,0.000000E+00,2.110805E+01,7.995130E+01,2.388842E+01,6.731648E+01
03:46:00,8.014757E+03,6.641658E+02,5.580512E-01,5.865408E-02,0.000000E+00,0.000000E+00,0.000000E+00,0.000000E+00,0.000000E+00,0.000000E+00,0.000000E+00,0.000000E+00,2.110805E+01,7.995130E+01,2.388842E+01,6.733106E+01
03:47:00,8.014757E+03,6.631043E+02,5.580512E-01,5.856033E-02,0.000000E+00,0.000000E+00,0.000000E+00,0.000000E+00,0.000000E+00,0.000000E+00,0.000000E+00,0.000000E+00,2.110805E+01,7.995130E+01,2.388842E+01,6.734561E+01
03:48:00,8.014757E+03,6.620449E+02,5.580512E-01,5.846678E-02,0.000000E+00,0.000000E+00,0.000000E+00,0.000000E+00,0.000000E+00,0.000000E+00,0.000000E+00,0.000000E+00,2.110805E+01,7.995130E+01,2.388842E+01,6.736016E+01
03:49:00,8.014757E+03,6.609877E+02,5.580512E-01,5.837340E-02,0.000000E+00,0.000000E+00,0.000000E+00,0.000000E+00,0.000000E+00,0.000000E+00,0.000000E+00,0.000000E+00,2.110805E+01,7.995130E+01,2.388842E+01,6.737468E+01
03:50:00,8.014757E+03,6.599325E+02,5.580512E-01,5.828022E-02,0.000000E+00,0.000000E+00,0.000000E+00,0.000000E+00,0.000000E+00,0.000000E+00,0.000000E+00,0.000000E+00,2.110805E+01,7.995130E+01,2.388842E+01,6.738920E+01
03:51:00,8.014757E+03,6.588795E+02,5.580512E-01,5.818722E-02,0.000000E+00,0.000000E+00,0.000000E+00,0.000000E+00,0.000000E+00,0.000000E+00,0.000000E+00,0.000000E+00,2.110805E+01,7.995130E+01,2.388842E+01,6.740369E+01
03:52:00,8.014757E+03,6.578285E+02,5.580512E-01,5.809441E-02,0.000000E+00,0.000000E+00,0.000000E+00,0.000000E+00,0.000000E+00,0.000000E+00,0.000000E+00,0.000000E+00,2.110805E+01,7.995130E+01,2.388842E+01,6.741818E+01
03:53:00,8.014757E+03,6.567797E+02,5.580512E-01,5.800178E-02,0.000000E+00,0.000000E+00,0.000000E+00,0.000000E+00,0.000000E+00,0.000000E+00,0.000000E+00,0.000000E+00,2.110805E+01,7.995130E+01,2.388842E+01,6.743265E+01
03:54:00,8.014757E+03,6.557329E+02,5.580512E-01,5.790933E-02,0.000000E+00,0.000000E+00,0.000000E+00,0.000000E+00,0.000000E+00,0.000000E+00,0.000000E+00,0.000000E+00,2.110805E+01,7.995130E+01,2.388842E+01,6.744711E+01
03:55:00,8.014757E+03,6.546882E+02,5.580512E-01,5.781707E-02,0.000000E+00,0.000000E+00,0.000000E+00,0.000000E+00,0.000000E+00,0.000000E+00,0.000000E+00,0.000000E+00,2.110805E+01,7.995130E+01,2.388842E+01,6.746155E+01
03:56:00,8.014757E+03,6.536456E+02,5.580512E-01,5.772499E-02,0.000000E+00,0.000000E+00,0.000000E+00,0.000000E+00,0.000000E+00,0.000000E+00,0.000000E+00,0.000000E+00,2.110805E+01,7.995130E+01,2.388842E+01,6.747598E+01
03:57:00,8.014757E+03,6.526051E+02,5.580512E-01,5.763310E-02,0.000000E+00,0.000000E+00,0.000000E+00,0.000000E+00,0.000000E+00,0.000000E+00,0.000000E+00,0.000000E+00,2.110805E+01,7.995130E+01,2.388842E+01,6.749039E+01
03:58:00,8.014757E+03,6.515666E+02,5.580512E-01,5.754139E-02,0.000000E+00,0.000000E+00,0.000000E+00,0.000000E+00,0.000000E+00,0.000000E+00,0.000000E+00,0.000000E+00,2.110805E+01,7.995130E+01,2.388842E+01,6.750479E+01
03:59:00,8.014757E+03,6.505302E+02,5.580512E-01,5.744986E-02,0.000000E+00,0.000000E+00,0.000000E+00,0.000000E+00,0.000000E+00,0.000000E+00,0.000000E+00,0.000000E+00,2.110805E+01,7.995130E+01,2.388842E+01,6.751918E+01
04:00:00,8.014757E+03,6.494959E+02,5.580512E-01,5.735851E-02,0.000000E+00,0.000000E+00,0.000000E+00,0.000000E+00,0.000000E+00,0.000000E+00,0.000000E+00,0.000000E+00,2.110805E+01,7.995130E+01,2.388842E+01,6.753355E+01
04:01:00,8.014757E+03,6.484665E+02,5.580512E-01,5.726760E-02,0.000000E+00,0.000000E+00,0.000000E+00,0.000000E+00,0.000000E+00,0.000000E+00,0.000000E+00,0.000000E+00,2.110805E+01,7.995130E+01,2.388842E+01,6.754791E+01
04:02:00,8.014757E+03,6.474419E+02,5.580512E-01,5.717712E-02,0.000000E+00,0.000000E+00,0.000000E+00,0.000000E+00,0.000000E+00,0.000000E+00,0.000000E+00,0.000000E+00,2.110805E+01,7.995130E+01,2.388842E+01,6.756222E+01
04:03:00,8.014757E+03,6.464223E+02,5.580512E-01,5.708707E-02,0.000000E+00,0.000000E+00,0.000000E+00,0.000000E+00,0.000000E+00,0.000000E+00,0.000000E+00,0.000000E+00,2.110805E+01,7.995130E+01,2.388842E+01,6.757647E+01
04:04:00,8.014757E+03,6.454075E+02,5.580512E-01,5.699744E-02,0.000000E+00,0.000000E+00,0.000000E+00,0.000000E+00,0.000000E+00,0.000000E+00,0.000000E+00,0.000000E+00,2.110805E+01,7.995130E+01,2.388843E+01,6.759063E+01
04:05:00,8.014757E+03,6.443975E+02,5.580512E-01,5.690825E-02,0.000000E+00,0.000000E+00,0.000000E+00,0.000000E+00,0.000000E+00,0.000000E+00,0.000000E+00,0.000000E+00,2.110805E+01,7.995130E+01,2.388843E+01,6.760473E+01
04:06:00,8.014757E+03,6.433924E+02,5.580512E-01,5.681949E-02,0.000000E+00,0.000000E+00,0.000000E+00,0.000000E+00,0.000000E+00,0.000000E+00,0.000000E+00,0.000000E+00,2.110805E+01,7.995130E+01,2.388843E+01,6.761876E+01
04:07:00,8.014757E+03,6.423922E+02,5.580512E-01,5.673115E-02,0.000000E+00,0.000000E+00,0.000000E+00,0.000000E+00,0.000000E+00,0.000000E+00,0.000000E+00,0.000000E+00,2.110805E+01,7.995130E+01,2.388843E+01,6.763271E+01
04:08:00,8.014757E+03,6.413969E+02,5.580512E-01,5.664325E-02,0.000000E+00,0.000000E+00,0.000000E+00,0.000000E+00,0.000000E+00,0.000000E+00,0.000000E+00,0.000000E+00,2.110805E+01,7.995130E+01,2.388843E+01,6.764660E+01
04:09:00,8.014757E+03,6.404064E+02,5.580512E-01,5.655577E-02,0.000000E+00,0.000000E+00,0.000000E+00,0.000000E+00,0.000000E+00,0.000000E+00,0.000000E+00,0.000000E+00,2.110805E+01,7.995130E+01,2.388843E+01,6.766042E+01
04:10:00,8.014757E+03,6.394207E+02,5.580512E-01,5.646873E-02,0.000000E+00,0.000000E+00,0.000000E+00,0.000000E+00,0.000000E+00,0.000000E+00,0.000000E+00,0.000000E+00,2.110805E+01,7.995130E+01,2.388843E+01,6.767418E+01
04:11:00,8.014757E+03,6.384399E+02,5.580512E-01,5.638211E-02,0.000000E+00,0.000000E+00,0.000000E+00,0.000000E+00,0.000000E+00,0.000000E+00,0.000000E+00,0.000000E+00,2.110805E+01,7.995130E+01,2.388843E+01,6.768787E+01
04:12:00,8.014757E+03,6.374645E+02,5.580512E-01,5.629596E-02,0.000000E+00,0.000000E+00,0.000000E+00,0.000000E+00,0.000000E+00,0.000000E+00,0.000000E+00,0.000000E+00,2.110805E+01,7.995130E+01,2.388843E+01,6.770150E+01
04:13:00,8.014757E+03,6.364936E+02,5.580512E-01,5.621022E-02,0.000000E+00,0.000000E+00,0.000000E+00,0.000000E+00,0.000000E+00,0.000000E+00,0.000000E+00,0.000000E+00,2.110805E+01,7.995130E+01,2.388843E+01,6.771506E+01
04:14:00,8.014757E+03,6.355279E+02,5.580512E-01,5.612493E-02,0.000000E+00,0.000000E+00,0.000000E+00,0.000000E+00,0.000000E+00,0.000000E+00,0.000000E+00,0.000000E+00,2.110805E+01,7.995130E+01,2.388843E+01,6.772856E+01
04:15:00,8.014757E+03,6.345667E+02,5.580512E-01,5.604005E-02,0.000000E+00,0.000000E+00,0.000000E+00,0.000000E+00,0.000000E+00,0.000000E+00,0.000000E+00,0.000000E+00,2.110805E+01,7.995130E+01,2.388843E+01,6.774200E+01
04:16:00,8.014757E+03,6.336107E+02,5.580512E-01,5.595562E-02,0.000000E+00,0.000000E+00,0.000000E+00,0.000000E+00,0.000000E+00,0.000000E+00,0.000000E+00,0.000000E+00,2.110805E+01,7.995130E+01,2.388843E+01,6.775538E+01
04:17:00,8.014757E+03,6.326593E+02,5.580512E-01,5.587159E-02,0.000000E+00,0.000000E+00,0.000000E+00,0.000000E+00,0.000000E+00,0.000000E+00,0.000000E+00,0.000000E+00,2.110805E+01,7.995130E+01,2.388843E+01,6.776871E+01
04:18:00,8.014757E+03,6.317129E+02,5.580512E-01,5.578802E-02,0.000000E+00,0.000000E+00,0.000000E+00,0.000000E+00,0.000000E+00,0.000000E+00,0.000000E+00,0.000000E+00,2.110805E+01,7.995130E+01,2.388843E+01,6.778197E+01
04:19:00,8.014757E+03,6.307712E+02,5.580512E-01,5.570485E-02,0.000000E+00,0.000000E+00,0.000000E+00,0.000000E+00,0.000000E+00,0.000000E+00,0.000000E+00,0.000000E+00,2.110805E+01,7.995130E+01,2.388843E+01,6.779518E+01
04:20:00,8.014757E+03,6.298346E+02,5.580512E-01,5.562214E-02,0.000000E+00,0.000000E+00,0.000000E+00,0.000000E+00,0.000000E+00,0.000000E+00,0.000000E+00,0.000000E+00,2.110805E+01,7.995130E+01,2.388843E+01,6.780833E+01
04:21:00,8.014757E+03,6.289026E+02,5.580512E-01,5.553983E-02,0.000000E+00,0.000000E+00,0.000000E+00,0.000000E+00,0.000000E+00,0.000000E+00,0.000000E+00,0.000000E+00,2.110805E+01,7.995130E+01,2.388843E+01,6.782143E+01
04:22:00,8.014757E+03,6.279758E+02,5.580512E-01,5.545797E-02,0.000000E+00,0.000000E+00,0.000000E+00,0.000000E+00,0.000000E+00,0.000000E+00,0.000000E+00,0.000000E+00,2.110805E+01,7.995130E+01,2.388843E+01,6.783447E+01
04:23:00,8.014757E+03,6.270535E+02,5.580512E-01,5.537652E-02,0.000000E+00,0.000000E+00,0.000000E+00,0.000000E+00,0.000000E+00,0.000000E+00,0.000000E+00,0.000000E+00,2.110805E+01,7.995130E+01,2.388843E+01,6.784746E+01
04:24:00,8.014757E+03,6.261365E+02,5.580512E-01,5.529553E-02,0.000000E+00,0.000000E+00,0.000000E+00,0.000000E+00,0.000000E+00,0.000000E+00,0.000000E+00,0.000000E+00,2.110805E+01,7.995130E+01,2.388843E+01,6.786040E+01
04:25:00,8.014757E+03,6.252241E+02,5.580512E-01,5.521496E-02,0.000000E+00,0.000000E+00,0.000000E+00,0.000000E+00,0.000000E+00,0.000000E+00,0.000000E+00,0.000000E+00,2.110805E+01,7.995130E+01,2.388843E+01,6.787328E+01
04:26:00,8.014757E+03,6.243170E+02,5.580512E-01,5.513484E-02,0.000000E+00,0.000000E+00,0.000000E+00,0.000000E+00,0.000000E+00,0.000000E+00,0.000000E+00,0.000000E+00,2.110805E+01,7.995130E+01,2.388843E+01,6.788611E+01
04:27:00,8.014757E+03,6.234146E+02,5.580512E-01,5.505515E-02,0.000000E+00,0.000000E+00,0.000000E+00,0.000000E+00,0.000000E+00,0.000000E+00,0.000000E+00,0.000000E+00,2.110805E+01,7.995130E+01,2.388843E+01,6.789889E+01
04:28:00,8.014757E+03,6.225174E+02,5.580512E-01,5.497592E-02,0.000000E+00,0.000000E+00,0.000000E+00,0.000000E+00,0.000000E+00,0.000000E+00,0.000000E+00,0.000000E+00,2.110805E+01,7.995130E+01,2.388843E+01,6.791161E+01
04:29:00,8.014757E+03,6.216251E+02,5.580512E-01,5.489711E-02,0.000000E+00,0.000000E+00,0.000000E+00,0.000000E+00,0.000000E+00,0.000000E+00,0.000000E+00,0.000000E+00,2.110805E+01,7.995130E+01,2.388843E+01,6.792429E+01
04:30:00,8.014757E+03,6.207380E+02,5.580512E-01,5.481877E-02,0.000000E+00,0.000000E+00,0.000000E+00,0.000000E+00,0.000000E+00,0.000000E+00,0.000000E+00,0.000000E+00,2.110805E+01,7.995130E+01,2.388843E+01,6.793691E+01
04:31:00,8.014757E+03,6.198559E+02,5.580512E-01,5.474087E-02,0.000000E+00,0.000000E+00,0.000000E+00,0.000000E+00,0.000000E+00,0.000000E+00,0.000000E+00,0.000000E+00,2.110805E+01,7.995130E+01,2.388843E+01,6.794948E+01
04:32:00,8.014757E+03,6.189792E+02,5.580512E-01,5.466344E-02,0.000000E+00,0.000000E+00,0.000000E+00,0.000000E+00,0.000000E+00,0.000000E+00,0.000000E+00,0.000000E+00,2.110805E+01,7.995130E+01,2.388843E+01,6.796200E+01
04:33:00,8.014757E+03,6.181075E+02,5.580512E-01,5.458646E-02,0.000000E+00,0.000000E+00,0.000000E+00,0.000000E+00,0.000000E+00,0.000000E+00,0.000000E+00,0.000000E+00,2.110805E+01,7.995130E+01,2.388843E+01,6.797446E+01
04:34:00,8.014757E+03,6.172411E+02,5.580512E-01,5.450995E-02,0.000000E+00,0.000000E+00,0.000000E+00,0.000000E+00,0.000000E+00,0.000000E+00,0.000000E+00,0.000000E+00,2.110805E+01,7.995130E+01,2.388843E+01,6.798687E+01
04:35:00,8.014757E+03,6.163792E+02,5.580512E-01,5.443383E-02,0.000000E+00,0.000000E+00,0.000000E+00,0.000000E+00,0.000000E+00,0.000000E+00,0.000000E+00,0.000000E+00,2.110805E+01,7.995130E+01,2.388843E+01,6.799922E+01
04:36:00,8.014757E+03,6.155221E+02,5.580512E-01,5.435813E-02,0.000000E+00,0.000000E+00,0.000000E+00,0.000000E+00,0.000000E+00,0.000000E+00,0.000000E+00,0.000000E+00,2.110805E+01,7.995130E+01,2.388844E+01,6.801153E+01
04:37:00,8.014757E+03,6.146691E+02,5.580512E-01,5.428280E-02,0.000000E+00,0.000000E+00,0.000000E+00,0.000000E+00,0.000000E+00,0.000000E+00,0.000000E+00,0.000000E+00,2.110805E+01,7.995130E+01,2.388844E+01,6.802380E+01
04:38:00,8.014757E+03,6.138206E+02,5.580512E-01,5.420787E-02,0.000000E+00,0.000000E+00,0.000000E+00,0.000000E+00,0.000000E+00,0.000000E+00,0.000000E+00,0.000000E+00,2.110805E+01,7.995130E+01,2.388844E+01,6.803604E+01
04:39:00,8.014757E+03,6.130108E+02,5.580512E-01,5.413635E-02,0.000000E+00,0.000000E+00,0.000000E+00,0.000000E+00,0.000000E+00,0.000000E+00,0.000000E+00,0.000000E+00,2.110805E+01,7.995130E+01,2.388844E+01,6.804825E+01
04:40:00,8.014757E+03,6.122124E+02,5.580512E-01,5.406584E-02,0.000000E+00,0.000000E+00,0.000000E+00,0.000000E+00,0.000000E+00,0.000000E+00,0.000000E+00,0.000000E+00,2.110805E+01,7.995130E+01,2.388844E+01,6.806002E+01
04:41:00,8.014757E+03,6.114241E+02,5.580512E-01,5.399622E-02,0.000000E+00,0.000000E+00,0.000000E+00,0.000000E+00,0.000000E+00,0.000000E+00,0.000000E+00,0.000000E+00,2.110805E+01,7.995130E+01,2.388844E+01,6.807142E+01
04:42:00,8.014757E+03,6.106457E+02,5.580512E-01,5.392747E-02,0.000000E+00,0.000000E+00,0.000000E+00,0.000000E+00,0.000000E+00,0.000000E+00,0.000000E+00,0.000000E+00,2.110805E+01,7.995130E+01,2.388844E+01,6.808260E+01
04:43:00,8.014757E+03,6.098775E+02,5.580512E-01,5.385963E-02,0.000000E+00,0.000000E+00,0.000000E+00,0.000000E+00,0.000000E+00,0.000000E+00,0.000000E+00,0.000000E+00,2.110805E+01,7.995130E+01,2.388844E+01,6.809363E+01
04:44:00,8.014757E+03,6.091199E+02,5.580512E-01,5.379273E-02,0.000000E+00,0.000000E+00,0.000000E+00,0.000000E+00,0.000000E+00,0.000000E+00,0.000000E+00,0.000000E+00,2.110805E+01,7.995130E+01,2.388844E+01,6.810455E+01
04:45:00,8.014757E+03,6.083732E+02,5.580512E-01,5.372678E-02,0.000000E+00,0.000000E+00,0.000000E+00,0.000000E+00,0.000000E+00,0.000000E+00,0.000000E+00,0.000000E+00,2.110805E+01,7.995130E+01,2.388844E+01,6.811533E+01
04:46:00,8.014757E+03,6.076449E+02,5.580512E-01,5.366246E-02,0.000000E+00,0.000000E+00,0.000000E+00,0.000000E+00,0.000000E+00,0.000000E+00,0.000000E+00,0.000000E+00,2.110805E+01,7.995130E+01,2.388844E+01,6.812598E+01
04:47:00,8.014757E+03,6.069286E+02,5.580512E-01,5.359920E-02,0.000000E+00,0.000000E+00,0.000000E+00,0.000000E+00,0.000000E+00,0.000000E+00,0.000000E+00,0.000000E+00,2.110805E+01,7.995130E+01,2.388844E+01,6.813642E+01
04:48:00,8.014757E+03,6.062254E+02,5.580512E-01,5.353709E-02,0.000000E+00,0.000000E+00,0.000000E+00,0.000000E+00,0.000000E+00,0.000000E+00,0.000000E+00,0.000000E+00,2.110805E+01,7.995130E+01,2.388844E+01,6.814664E+01
04:49:00,8.014757E+03,6.055355E+02,5.580512E-01,5.347617E-02,0.000000E+00,0.000000E+00,0.000000E+00,0.000000E+00,0.000000E+00,0.000000E+00,0.000000E+00,0.000000E+00,2.110805E+01,7.995130E+01,2.388844E+01,6.815669E+01
04:50:00,8.014757E+03,6.048596E+02,5.580512E-01,5.341648E-02,0.000000E+00,0.000000E+00,0.000000E+00,0.000000E+00,0.000000E+00,0.000000E+00,0.000000E+00,0.000000E+00,2.110805E+01,7.995130E+01,2.388844E+01,6.816655E+01
04:51:00,8.014757E+03,6.041979E+02,5.580512E-01,5.335804E-02,0.000000E+00,0.000000E+00,0.000000E+00,0.000000E+00,0.000000E+00,0.000000E+00,0.000000E+00,0.000000E+00,2.110805E+01,7.995130E+01,2.388844E+01,6.817624E+01
04:52:00,8.014757E+03,6.035509E+02,5.580512E-01,5.330090E-02,0.000000E+00,0.000000E+00,0.000000E+00,0.000000E+00,0.000000E+00,0.000000E+00,0.000000E+00,0.000000E+00,2.110805E+01,7.995130E+01,2.388844E+01,6.818575E+01
04:53:00,8.014757E+03,6.029190E+02,5.580512E-01,5.324509E-02,0.000000E+00,0.000000E+00,0.000000E+00,0.000000E+00,0.000000E+00,0.000000E+00,0.000000E+00,0.000000E+00,2.110805E+01,7.995130E+01,2.388844E+01,6.819506E+01
04:54:00,8.014757E+03,6.023025E+02,5.580512E-01,5.319065E-02,0.000000E+00,0.000000E+00,0.000000E+00,0.000000E+00,0.000000E+00,0.000000E+00,0.000000E+00,0.000000E+00,2.110805E+01,7.995130E+01,2.388844E+01,6.820418E+01
04:55:00,8.014757E+03,6.017018E+02,5.580512E-01,5.313760E-02,0.000000E+00,0.000000E+00,0.000000E+00,0.000000E+00,0.000000E+00,0.000000E+00,0.000000E+00,0.000000E+00,2.110805E+01,7.995130E+01,2.388844E+01,6.821310E+01
04:56:00,8.014757E+03,6.011328E+02,5.580512E-01,5.308735E-02,0.000000E+00,0.000000E+00,0.000000E+00,0.000000E+00,0.000000E+00,0.000000E+00,0.000000E+00,0.000000E+00,2.110805E+01,7.995130E+01,2.388844E+01,6.822182E+01
04:57:00,8.014757E+03,6.005821E+02,5.580512E-01,5.303872E-02,0.000000E+00,0.000000E+00,0.000000E+00,0.000000E+00,0.000000E+00,0.000000E+00,0.000000E+00,0.000000E+00,2.110805E+01,7.995130E+01,2.388844E+01,6.823015E+01
04:58:00,8.014757E+03,6.000497E+02,5.580512E-01,5.299169E-02,0.000000E+00,0.000000E+00,0.000000E+00,0.000000E+00,0.000000E+00,0.000000E+00,0.000000E+00,0.000000E+00,2.110805E+01,7.995130E+01,2.388843E+01,6.823812E+01
04:59:00,8.014757E+03,5.995353E+02,5.580512E-01,5.294627E-02,0.000000E+00,0.000000E+00,0.000000E+00,0.000000E+00,0.000000E+00,0.000000E+00,0.000000E+00,0.000000E+00,2.110805E+01,7.995130E+01,2.388843E+01,6.824582E+01
05:00:00,8.014757E+03,5.990393E+02,5.580512E-01,5.290246E-02,0.000000E+00,0.000000E+00,0.000000E+00,0.000000E+00,0.000000E+00,0.000000E+00,0.000000E+00,0.000000E+00,2.110805E+01,7.995130E+01,2.388843E+01,6.825329E+01
05:01:00,8.014757E+03,5.985704E+02,5.580512E-01,5.286105E-02,0.000000E+00,0.000000E+00,0.000000E+00,0.000000E+00,0.000000E+00,0.000000E+00,0.000000E+00,0.000000E+00,2.110805E+01,7.995130E+01,2.388843E+01,6.826053E+01
05:02:00,8.014757E+03,5.981286E+02,5.580512E-01,5.282204E-02,0.000000E+00,0.000000E+00,0.000000E+00,0.000000E+00,0.000000E+00,0.000000E+00,0.000000E+00,0.000000E+00,2.110805E+01,7.995130E+01,2.388843E+01,6.826740E+01
05:03:00,8.014757E+03,5.977142E+02,5.580512E-01,5.278544E-02,0.000000E+00,0.000000E+00,0.000000E+00,0.000000E+00,0.000000E+00,0.000000E+00,0.000000E+00,0.000000E+00,2.110805E+01,7.995130E+01,2.388843E+01,6.827384E+01
05:04:00,8.014757E+03,5.973272E+02,5.580512E-01,5.275126E-02,0.000000E+00,0.000000E+00,0.000000E+00,0.000000E+00,0.000000E+00,0.000000E+00,0.000000E+00,0.000000E+00,2.110805E+01,7.995130E+01,2.388843E+01,6.827980E+01
05:05:00,8.014757E+03,5.969677E+02,5.580512E-01,5.271951E-02,0.000000E+00,0.000000E+00,0.000000E+00,0.000000E+00,0.000000E+00,0.000000E+00,0.000000E+00,0.000000E+00,2.110805E+01,7.995130E+01,2.388843E+01,6.828529E+01
05:06:00,8.014757E+03,5.966358E+02,5.580512E-01,5.269020E-02,0.000000E+00,0.000000E+00,0.000000E+00,0.000000E+00,0.000000E+00,0.000000E+00,0.000000E+00,0.000000E+00,2.110805E+01,7.995130E+01,2.388843E+01,6.829033E+01
05:07:00,8.014757E+03,5.963316E+02,5.580512E-01,5.266334E-02,0.000000E+00,0.000000E+00,0.000000E+00,0.000000E+00,0.000000E+00,0.000000E+00,0.000000E+00,0.000000E+00,2.110805E+01,7.995130E+01,2.388843E+01,6.829492E+01
05:08:00,8.014757E+03,5.960551E+02,5.580512E-01,5.263892E-02,0.000000E+00,0.000000E+00,0.000000E+00,0.000000E+00,0.000000E+00,0.000000E+00,0.000000E+00,0.000000E+00,2.110805E+01,7.995130E+01,2.388843E+01,6.829908E+01
05:09:00,8.014757E+03,5.958050E+02,5.580512E-01,5.261684E-02,0.000000E+00,0.000000E+00,0.000000E+00,0.000000E+00,0.000000E+00,0.000000E+00,0.000000E+00,0.000000E+00,2.110805E+01,7.995130E+01,2.388843E+01,6.830281E+01
05:10:00,8.014757E+03,5.955802E+02,5.580512E-01,5.259698E-02,0.000000E+00,0.000000E+00,0.000000E+00,0.000000E+00,0.000000E+00,0.000000E+00,0.000000E+00,0.000000E+00,2.110805E+01,7.995130E+01,2.388843E+01,6.830615E+01
05:11:00,8.014757E+03,5.953805E+02,5.580512E-01,5.257934E-02,0.000000E+00,0.000000E+00,0.000000E+00,0.000000E+00,0.000000E+00,0.000000E+00,0.000000E+00,0.000000E+00,2.110805E+01,7.995130E+01,2.388843E+01,6.830911E+01
05:12:00,8.014757E+03,5.952054E+02,5.580512E-01,5.256388E-02,0.000000E+00,0.000000E+00,0.000000E+00,0.000000E+00,0.000000E+00,0.000000E+00,0.000000E+00,0.000000E+00,2.110805E+01,7.995130E+01,2.388843E+01,6.831173E+01
05:13:00,8.014757E+03,5.950557E+02,5.580512E-01,5.255066E-02,0.000000E+00,0.000000E+00,0.000000E+00,0.000000E+00,0.000000E+00,0.000000E+00,0.000000E+00,0.000000E+00,2.110805E+01,7.995130E+01,2.388843E+01,6.831403E+01
05:14:00,8.014757E+03,5.949308E+02,5.580512E-01,5.253963E-02,0.000000E+00,0.000000E+00,0.000000E+00,0.000000E+00,0.000000E+00,0.000000E+00,0.000000E+00,0.000000E+00,2.110805E+01,7.995130E+01,2.388843E+01,6.831599E+01
05:15:00,8.014757E+03,5.948311E+02,5.580512E-01,5.253083E-02,0.000000E+00,0.000000E+00,0.000000E+00,0.000000E+00,0.000000E+00,0.000000E+00,0.000000E+00,0.000000E+00,2.110805E+01,7.995130E+01,2.388842E+01,6.831764E+01
05:16:00,8.014757E+03,5.947886E+02,5.580512E-01,5.252708E-02,0.000000E+00,0.000000E+00,0.000000E+00,0.000000E+00,0.000000E+00,0.000000E+00,0.000000E+00,0.000000E+00,2.110805E+01,7.995130E+01,2.388842E+01,6.831897E+01
05:17:00,8.014757E+03,5.947734E+02,5.580512E-01,5.252573E-02,0.000000E+00,0.000000E+00,0.000000E+00,0.000000E+00,0.000000E+00,0.000000E+00,0.000000E+00,0.000000E+00,2.110805E+01,7.995130E+01,2.388842E+01,6.831963E+01
05:18:00,8.014757E+03,5.947840E+02,5.580512E-01,5.252667E-02,0.000000E+00,0.000000E+00,0.000000E+00,0.000000E+00,0.000000E+00,0.000000E+00,0.000000E+00,0.000000E+00,2.110805E+01,7.995130E+01,2.388842E+01,6.831971E+01
05:19:00,8.014757E+03,5.948205E+02,5.580512E-01,5.252989E-02,0.000000E+00,0.000000E+00,0.000000E+00,0.000000E+00,0.000000E+00,0.000000E+00,0.000000E+00,0.000000E+00,2.110805E+01,7.995130E+01,2.388842E+01,6.831941E+01
05:20:00,8.014757E+03,5.948824E+02,5.580512E-01,5.253536E-02,0.000000E+00,0.000000E+00,0.000000E+00,0.000000E+00,0.000000E+00,0.000000E+00,0.000000E+00,0.000000E+00,2.110805E+01,7.995130E+01,2.388842E+01,6.831882E+01
05:21:00,8.014757E+03,5.949699E+02,5.580512E-01,5.254309E-02,0.000000E+00,0.000000E+00,0.000000E+00,0.000000E+00,0.000000E+00,0.000000E+00,0.000000E+00,0.000000E+00,2.110805E+01,7.995130E+01,2.388842E+01,6.831795E+01
05:22:00,8.014757E+03,5.950825E+02,5.580512E-01,5.255303E-02,0.000000E+00,0.000000E+00,0.000000E+00,0.000000E+00,0.000000E+00,0.000000E+00,0.000000E+00,0.000000E+00,2.110805E+01,7.995130E+01,2.388842E+01,6.831684E+01
05:23:00,8.014757E+03,5.952204E+02,5.580512E-01,5.256521E-02,0.000000E+00,0.000000E+00,0.000000E+00,0.000000E+00,0.000000E+00,0.000000E+00,0.000000E+00,0.000000E+00,2.110805E+01,7.995130E+01,2.388842E+01,6.831547E+01
05:24:00,8.014757E+03,5.953830E+02,5.580512E-01,5.257958E-02,0.000000E+00,0.000000E+00,0.000000E+00,0.000000E+00,0.000000E+00,0.000000E+00,0.000000E+00,0.000000E+00,2.110805E+01,7.995130E+01,2.388842E+01,6.831386E+01
05:25:00,8.014757E+03,5.955708E+02,5.580512E-01,5.259616E-02,0.000000E+00,0.000000E+00,0.000000E+00,0.000000E+00,0.000000E+00,0.000000E+00,0.000000E+00,0.000000E+00,2.110805E+01,7.995130E+01,2.388842E+01,6.831202E+01
05:26:00,8.014757E+03,5.957830E+02,5.580512E-01,5.261490E-02,0.000000E+00,0.000000E+00,0.000000E+00,0.000000E+00,0.000000E+00,0.000000E+00,0.000000E+00,0.000000E+00,2.110805E+01,7.995130E+01,2.388842E+01,6.830994E+01
05:27:00,8.014757E+03,5.960197E+02,5.580512E-01,5.263580E-02,0.000000E+00,0.000000E+00,0.000000E+00,0.000000E+00,0.000000E+00,0.000000E+00,0.000000E+00,0.000000E+00,2.110805E+01,7.995130E+01,2.388842E+01,6.830764E+01
05:28:00,8.014757E+03,5.962807E+02,5.580512E-01,5.265885E-02,0.000000E+00,0.000000E+00,0.000000E+00,0.000000E+00,0.000000E+00,0.000000E+00,0.000000E+00,0.000000E+00,2.110805E+01,7.995130E+01,2.388842E+01,6.830513E+01
05:29:00,8.014757E+03,5.965661E+02,5.580512E-01,5.268406E-02,0.000000E+00,0.000000E+00,0.000000E+00,0.000000E+00,0.000000E+00,0.000000E+00,0.000000E+00,0.000000E+00,2.110805E+01,7.995130E+01,2.388842E+01,6.830242E+01
05:30:00,8.014757E+03,5.968755E+02,5.580512E-01,5.271138E-02,0.000000E+00,0.000000E+00,0.000000E+00,0.000000E+00,0.000000E+00,0.000000E+00,0.000000E+00,0.000000E+00,2.110805E+01,7.995130E+01,2.388841E+01,6.829950E+01
05:31:00,8.014757E+03,5.972089E+02,5.580512E-01,5.274083E-02,0.000000E+00,0.000000E+00,0.000000E+00,0.000000E+00,0.000000E+00,0.000000E+00,0.000000E+00,0.000000E+00,2.110805E+01,7.995130E+01,2.388841E+01,6.829639E+01
05:32:00,8.014757E+03,5.975658E+02,5.580512E-01,5.277236E-02,0.000000E+00,0.000000E+00,0.000000E+00,0.000000E+00,0.000000E+00,0.000000E+00,0.000000E+00,0.000000E+00,2.110805E+01,7.995130E+01,2.388841E+01,6.829310E+01
05:33:00,8.014757E+03,5.979465E+02,5.580512E-01,5.280597E-02,0.000000E+00,0.000000E+00,0.000000E+00,0.000000E+00,0.000000E+00,0.000000E+00,0.000000E+00,0.000000E+00,2.110805E+01,7.995130E+01,2.388841E+01,6.828963E+01
05:34:00,8.014757E+03,5.983502E+02,5.580512E-01,5.284163E-02,0.000000E+00,0.000000E+00,0.000000E+00,0.000000E+00,0.000000E+00,0.000000E+00,0.000000E+00,0.000000E+00,2.110805E+01,7.995130E+01,2.388841E+01,6.828598E+01
05:35:00,8.014757E+03,5.987781E+02,5.580512E-01,5.287942E-02,0.000000E+00,0.000000E+00,0.000000E+00,0.000000E+00,0.000000E+00,0.000000E+00,0.000000E+00,0.000000E+00,2.110805E+01,7.995130E+01,2.388841E+01,6.828217E+01
05:36:00,8.014757E+03,5.992296E+02,5.580512E-01,5.291930E-02,0.000000E+00,0.000000E+00,0.000000E+00,0.000000E+00,0.000000E+00,0.000000E+00,0.000000E+00,0.000000E+00,2.110805E+01,7.995130E+01,2.388841E+01,6.827819E+01
05:37:00,8.014757E+03,5.997053E+02,5.580512E-01,5.296131E-02,0.000000E+00,0.000000E+00,0.000000E+00,0.000000E+00,0.000000E+00,0.000000E+00,0.000000E+00,0.000000E+00,2.110805E+01,7.995130E+01,2.388841E+01,6.827407E+01
05:38:00,8.014757E+03,6.002047E+02,5.580512E-01,5.300541E-02,0.000000E+00,0.000000E+00,0.000000E+00,0.000000E+00,0.000000E+00,0.000000E+00,0.000000E+00,0.000000E+00,2.110805E+01,7.995130E+01,2.388841E+01,6.826979E+01
05:39:00,8.014757E+03,6.006935E+02,5.580512E-01,5.304858E-02,0.000000E+00,0.000000E+00,0.000000E+00,0.000000E+00,0.000000E+00,0.000000E+00,0.000000E+00,0.000000E+00,2.110805E+01,7.995130E+01,2.388841E+01,6.826538E+01
05:40:00,8.014757E+03,6.011990E+02,5.580513E-01,5.309322E-02,0.000000E+00,0.000000E+00,0.000000E+00,0.000000E+00,0.000000E+00,0.000000E+00,0.000000E+00,0.000000E+00,2.110805E+01,7.995130E+01,2.388841E+01,6.826082E+01
05:41:00,8.014757E+03,6.017222E+02,5.580513E-01,5.313943E-02,0.000000E+00,0.000000E+00,0.000000E+00,0.000000E+00,0.000000E+00,0.000000E+00,0.000000E+00,0.000000E+00,2.110805E+01,7.995130E+01,2.388841E+01,6.825614E+01
05:42:00,8.014757E+03,6.022632E+02,5.580513E-01,5.318721E-02,0.000000E+00,0.000000E+00,0.000000E+00,0.000000E+00,0.000000E+00,0.000000E+00,0.000000E+00,0.000000E+00,2.110805E+01,7.995130E+01,2.388841E+01,6.825133E+01
05:43:00,8.014757E+03,6.028218E+02,5.580513E-01,5.323654E-02,0.000000E+00,0.000000E+00,0.000000E+00,0.000000E+00,0.000000E+00,0.000000E+00,0.000000E+00,0.000000E+00,2.110805E+01,7.995130E+01,2.388841E+01,6.824641E+01
05:44:00,8.014757E+03,6.033973E+02,5.580513E-01,5.328737E-02,0.000000E+00,0.000000E+00,0.000000E+00,0.000000E+00,0.000000E+00,0.000000E+00,0.000000E+00,0.000000E+00,2.110805E+01,7.995130E+01,2.388841E+01,6.824136E+01
05:45:00,8.014757E+03,6.039894E+02,5.580513E-01,5.333966E-02,0.000000E+00,0.000000E+00,0.000000E+00,0.000000E+00,0.000000E+00,0.000000E+00,0.000000E+00,0.000000E+00,2.110805E+01,7.995130E+01,2.388841E+01,6.823620E+01
05:46:00,8.014757E+03,6.045904E+02,5.580513E-01,5.339274E-02,0.000000E+00,0.000000E+00,0.000000E+00,0.000000E+00,0.000000E+00,0.000000E+00,0.000000E+00,0.000000E+00,2.110805E+01,7.995130E+01,2.388841E+01,6.823094E+01
05:47:00,8.014757E+03,6.052066E+02,5.580513E-01,5.344716E-02,0.000000E+00,0.000000E+00,0.000000E+00,0.000000E+00,0.000000E+00,0.000000E+00,0.000000E+00,0.000000E+00,2.110805E+01,7.995130E+01,2.388841E+01,6.822558E+01
05:48:00,8.014757E+03,6.058369E+02,5.580513E-01,5.350282E-02,0.000000E+00,0.000000E+00,0.000000E+00,0.000000E+00,0.000000E+00,0.000000E+00,0.000000E+00,0.000000E+00,2.110805E+01,7.995130E+01,2.388841E+01,6.822012E+01
05:49:00,8.014757E+03,6.064809E+02,5.580513E-01,5.355970E-02,0.000000E+00,0.000000E+00,0.000000E+00,0.000000E+00,0.000000E+00,0.000000E+00,0.000000E+00,0.000000E+00,2.110805E+01,7.995130E+01,2.388841E+01,6.821457E+01
05:50:00,8.014757E+03,6.071379E+02,5.580513E-01,5.361772E-02,0.000000E+00,0.000000E+00,0.000000E+00,0.000000E+00,0.000000E+00,0.000000E+00,0.000000E+00,0.000000E+00,2.110805E+01,7.995130E+01,2.388841E+01,6.820893E+01
05:51:00,8.014757E+03,6.078075E+02,5.580513E-01,5.367686E-02,0.000000E+00,0.000000E+00,0.000000E+00,0.000000E+00,0.000000E+00,0.000000E+00,0.000000E+00,0.000000E+00,2.110805E+01,7.995130E+01,2.388841E+01,6.820321E+01
05:52:00,8.014757E+03,6.084892E+02,5.580513E-01,5.373706E-02,0.000000E+00,0.000000E+00,0.000000E+00,0.000000E+00,0.000000E+00,0.000000E+00,0.000000E+00,0.000000E+00,2.110805E+01,7.995130E+01,2.388841E+01,6.819740E+01
05:53:00,8.014757E+03,6.091824E+02,5.580513E-01,5.379829E-02,0.000000E+00,0.000000E+00,0.000000E+00,0.000000E+00,0.000000E+00,0.000000E+00,0.000000E+00,0.000000E+00,2.110805E+01,7.995130E+01,2.388840E+01,6.819152E+01
05:54:00,8.014757E+03,6.098868E+02,5.580513E-01,5.386050E-02,0.000000E+00,0.000000E+00,0.000000E+00,0.000000E+00,0.000000E+00,0.000000E+00,0.000000E+00,0.000000E+00,2.110805E+01,7.995130E+01,2.388840E+01,6.818556E+01
05:55:00,8.014757E+03,6.106019E+02,5.580513E-01,5.392365E-02,0.000000E+00,0.000000E+00,0.000000E+00,0.000000E+00,0.000000E+00,0.000000E+00,0.000000E+00,0.000000E+00,2.110805E+01,7.995130E+01,2.388840E+01,6.817953E+01
05:56:00,8.014757E+03,6.113117E+02,5.580513E-01,5.398633E-02,0.000000E+00,0.000000E+00,0.000000E+00,0.000000E+00,0.000000E+00,0.000000E+00,0.000000E+00,0.000000E+00,2.110805E+01,7.995130E+01,2.388840E+01,6.817344E+01
05:57:00,8.014757E+03,6.120294E+02,5.580513E-01,5.404972E-02,0.000000E+00,0.000000E+00,0.000000E+00,0.000000E+00,0.000000E+00,0.000000E+00,0.000000E+00,0.000000E+00,2.110805E+01,7.995130E+01,2.388840E+01,6.816728E+01
05:58:00,8.014757E+03,6.127551E+02,5.580513E-01,5.411381E-02,0.000000E+00,0.000000E+00,0.000000E+00,0.000000E+00,0.000000E+00,0.000000E+00,0.000000E+00,0.000000E+00,2.110805E+01,7.995130E+01,2.388840E+01,6.816106E+01
05:59:00,8.014757E+03,6.134888E+02,5.580513E-01,5.417861E-02,0.000000E+00,0.000000E+00,0.000000E+00,0.000000E+00,0.000000E+00,0.000000E+00,0.000000E+00,0.000000E+00,2.110805E+01,7.995130E+01,2.388840E+01,6.815478E+01
06:00:00,8.014757E+03,6.142302E+02,5.580513E-01,5.424409E-02,0.000000E+00,0.000000E+00,0.000000E+00,0.000000E+00,0.000000E+00,0.000000E+00,0.000000E+00,0.000000E+00,2.110805E+01,7.995130E+01,2.388840E+01,6.814844E+01
06:01:00,8.014757E+03,6.149821E+02,5.580513E-01,5.431049E-02,0.000000E+00,0.000000E+00,0.000000E+00,0.000000E+00,0.000000E+00,0.000000E+00,0.000000E+00,0.000000E+00,2.110805E+01,7.995130E+01,2.388840E+01,6.814205E+01
06:02:00,8.014757E+03,6.157442E+02,5.580513E-01,5.437779E-02,0.000000E+00,0.000000E+00,0.000000E+00,0.000000E+00,0.000000E+00,0.000000E+00,0.000000E+00,0.000000E+00,2.110805E+01,7.995130E+01,2.388840E+01,6.813544E+01
06:03:00,8.014757E+03,6.165162E+02,5.580513E-01,5.444598E-02,0.000000E+00,0.000000E+00,0.000000E+00,0.000000E+00,0.000000E+00,0.000000E+00,0.000000E+00,0.000000E+00,2.110805E+01,7.995130E+01,2.388840E+01,6.812850E+01
06:04:00,8.014757E+03,6.172980E+02,5.580513E-01,5.451502E-02,0.000000E+00,0.000000E+00,0.000000E+00,0.000000E+00,0.000000E+00,0.000000E+00,0.000000E+00,0.000000E+00,2.110805E+01,7.995130E+01,2.388840E+01,6.812121E+01
06:05:00,8.014757E+03,6.180894E+02,5.580513E-01,5.458491E-02,0.000000E+00,0.000000E+00,0.000000E+00,0.000000E+00,0.000000E+00,0.000000E+00,0.000000E+00,0.000000E+00,2.110805E+01,7.995130E+01,2.388840E+01,6.811357E+01
06:06:00,8.014757E+03,6.188893E+02,5.580513E-01,5.465556E-02,0.000000E+00,0.000000E+00,0.000000E+00,0.000000E+00,0.000000E+00,0.000000E+00,0.000000E+00,0.000000E+00,2.110805E+01,7.995130E+01,2.388840E+01,6.810559E+01
06:07:00,8.014757E+03,6.196984E+02,5.580513E-01,5.472702E-02,0.000000E+00,0.000000E+00,0.000000E+00,0.000000E+00,0.000000E+00,0.000000E+00,0.000000E+00,0.000000E+00,2.110805E+01,7.995130E+01,2.388840E+01,6.809730E+01
06:08:00,8.014757E+03,6.205167E+02,5.580513E-01,5.479929E-02,0.000000E+00,0.000000E+00,0.000000E+00,0.000000E+00,0.000000E+00,0.000000E+00,0.000000E+00,0.000000E+00,2.110805E+01,7.995130E+01,2.388839E+01,6.808870E+01
06:09:00,8.014757E+03,6.213455E+02,5.580513E-01,5.487248E-02,0.000000E+00,0.000000E+00,0.000000E+00,0.000000E+00,0.000000E+00,0.000000E+00,0.000000E+00,0.000000E+00,2.110805E+01,7.995130E+01,2.388839E+01,6.807981E+01
06:10:00,8.014757E+03,6.221857E+02,5.580513E-01,5.494668E-02,0.000000E+00,0.000000E+00,0.000000E+00,0.000000E+00,0.000000E+00,0.000000E+00,0.000000E+00,0.000000E+00,2.110805E+01,7.995130E+01,2.388839E+01,6.807063E+01
06:11:00,8.014757E+03,6.230372E+02,5.580513E-01,5.502189E-02,0.000000E+00,0.000000E+00,0.000000E+00,0.000000E+00,0.000000E+00,0.000000E+00,0.000000E+00,0.000000E+00,2.110805E+01,7.995130E+01,2.388839E+01,6.806116E+01
06:12:00,8.014757E+03,6.239002E+02,5.580513E-01,5.509810E-02,0.000000E+00,0.000000E+00,0.000000E+00,0.000000E+00,0.000000E+00,0.000000E+00,0.000000E+00,0.000000E+00,2.110805E+01,7.995130E+01,2.388839E+01,6.805142E+01
06:13:00,8.014757E+03,6.247745E+02,5.580513E-01,5.517531E-02,0.000000E+00,0.000000E+00,0.000000E+00,0.000000E+00,0.000000E+00,0.000000E+00,0.000000E+00,0.000000E+00,2.110805E+01,7.995130E+01,2.388839E+01,6.804141E+01
06:14:00,8.014757E+03,6.256601E+02,5.580513E-01,5.525353E-02,0.000000E+00,0.000000E+00,0.000000E+00,0.000000E+00,0.000000E+00,0.000000E+00,0.000000E+00,0.000000E+00,2.110805E+01,7.995130E+01,2.388839E+01,6.803114E+01
06:15:00,8.014757E+03,6.265570E+02,5.580513E-01,5.533274E-02,0.000000E+00,0.000000E+00,0.000000E+00,0.000000E+00,0.000000E+00,0.000000E+00,0.000000E+00,0.000000E+00,2.110805E+01,7.995130E+01,2.388839E+01,6.802062E+01
06:16:00,8.014757E+03,6.274329E+02,5.580513E-01,5.541009E-02,0.000000E+00,0.000000E+00,0.000000E+00,0.000000E+00,0.000000E+00,0.000000E+00,0.000000E+00,0.000000E+00,2.110805E+01,7.995130E+01,2.388839E+01,6.800986E+01
06:17:00,8.014757E+03,6.283181E+02,5.580513E-01,5.548827E-02,0.000000E+00,0.000000E+00,0.000000E+00,0.000000E+00,0.000000E+00,0.000000E+00,0.000000E+00,0.000000E+00,2.110805E+01,7.995130E+01,2.388839E+01,6.799886E+01
06:18:00,8.014757E+03,6.292135E+02,5.580513E-01,5.556735E-02,0.000000E+00,0.000000E+00,0.000000E+00,0.000000E+00,0.000000E+00,0.000000E+00,0.000000E+00,0.000000E+00,2.110805E+01,7.995130E+01,2.388839E+01,6.798764E+01
06:19:00,8.014757E+03,6.301195E+02,5.580513E-01,5.564736E-02,0.000000E+00,0.000000E+00,0.000000E+00,0.000000E+00,0.000000E+00,0.000000E+00,0.000000E+00,0.000000E+00,2.110805E+01,7.995130E+01,2.388838E+01,6.797618E+01
06:20:00,8.014757E+03,6.310362E+02,5.580513E-01,5.572832E-02,0.000000E+00,0.000000E+00,0.000000E+00,0.000000E+00,0.000000E+00,0.000000E+00,0.000000E+00,0.000000E+00,2.110805E+01,7.995130E+01,2.388838E+01,6.796450E+01
06:21:00,8.014757E+03,6.319637E+02,5.580513E-01,5.581024E-02,0.000000E+00,0.000000E+00,0.000000E+00,0.000000E+00,0.000000E+00,0.000000E+00,0.000000E+00,0.000000E+00,2.110805E+01,7.995130E+01,2.388838E+01,6.795261E+01
06:22:00,8.014757E+03,6.329022E+02,5.580513E-01,5.589312E-02,0.000000E+00,0.000000E+00,0.000000E+00,0.000000E+00,0.000000E+00,0.000000E+00,0.000000E+00,0.000000E+00,2.110805E+01,7.995130E+01,2.388838E+01,6.794051E+01
06:23:00,8.014757E+03,6.338518E+02,5.580513E-01,5.597698E-02,0.000000E+00,0.000000E+00,0.000000E+00,0.000000E+00,0.000000E+00,0.000000E+00,0.000000E+00,0.000000E+00,2.110805E+01,7.995130E+01,2.388838E+01,6.792821E+01
06:24:00,8.014757E+03,6.348125E+02,5.580513E-01,5.606183E-02,0.000000E+00,0.000000E+00,0.000000E+00,0.000000E+00,0.000000E+00,0.000000E+00,0.000000E+00,0.000000E+00,2.110805E+01,7.995130E+01,2.388838E+01,6.791571E+01
06:25:00,8.014757E+03,6.357846E+02,5.580513E-01,5.614768E-02,0.000000E+00,0.000000E+00,0.000000E+00,0.000000E+00,0.000000E+00,0.000000E+00,0.000000E+00,0.000000E+00,2.110805E+01,7.995130E+01,2.388838E+01,6.790302E+01
06:26:00,8.014757E+03,6.367681E+02,5.580513E-01,5.623454E-02,0.000000E+00,0.000000E+00,0.000000E+00,0.000000E+00,0.000000E+00,0.000000E+00,0.000000E+00,0.000000E+00,2.110805E+01,7.995130E+01,2.388838E+01,6.789013E+01
06:27:00,8.014757E+03,6.378070E+02,5.580513E-01,5.632629E-02,0.000000E+00,0.000000E+00,0.000000E+00,0.000000E+00,0.000000E+00,0.000000E+00,0.000000E+00,0.000000E+00,2.110805E+01,7.995130E+01,2.388838E+01,6.787706E+01
06:28:00,8.014757E+03,6.388592E+02,5.580513E-01,5.641922E-02,0.000000E+00,0.000000E+00,0.000000E+00,0.000000E+00,0.000000E+00,0.000000E+00,0.000000E+00,0.000000E+00,2.110805E+01,7.995130E+01,2.388838E+01,6.786331E+01
06:29:00,8.014757E+03,6.399249E+02,5.580513E-01,5.651333E-02,0.000000E+00,0.000000E+00,0.000000E+00,0.000000E+00,0.000000E+00,0.000000E+00,0.000000E+00,0.000000E+00,2.110805E+01,7.995130E+01,2.388837E+01,6.784904E+01
06:30:00,8.014757E+03,6.410031E+02,5.580513E-01,5.660856E-02,0.000000E+00,0.000000E+00,0.000000E+00,0.000000E+00,0.000000E+00,0.000000E+00,0.000000E+00,0.000000E+00,2.110805E+01,7.995130E+01,2.388837E+01,6.783446E+01
06:31:00,8.014757E+03,6.420942E+02,5.580513E-01,5.670492E-02,0.000000E+00,0.000000E+00,0.000000E+00,0.000000E+00,0.000000E+00,0.000000E+00,0.000000E+00,0.000000E+00,2.110805E+01,7.995130E+01,2.388837E+01,6.781972E+01
06:32:00,8.014757E+03,6.431983E+02,5.580513E-01,5.680242E-02,0.000000E+00,0.000000E+00,0.000000E+00,0.000000E+00,0.000000E+00,0.000000E+00,0.000000E+00,0.000000E+00,2.110805E+01,7.995130E+01,2.388837E+01,6.780482E+01
06:33:00,8.014757E+03,6.443153E+02,5.580513E-01,5.690107E-02,0.000000E+00,0.000000E+00,0.000000E+00,0.000000E+00,0.000000E+00,0.000000E+00,0.000000E+00,0.000000E+00,2.110805E+01,7.995130E+01,2.388837E+01,6.778979E+01
06:34:00,8.014757E+03,6.454454E+02,5.580513E-01,5.700088E-02,0.000000E+00,0.000000E+00,0.000000E+00,0.000000E+00,0.000000E+00,0.000000E+00,0.000000E+00,0.000000E+00,2.110805E+01,7.995130E+01,2.388837E+01,6.777461E+01
06:35:00,8.014757E+03,6.465888E+02,5.580513E-01,5.710186E-02,0.000000E+00,0.000000E+00,0.000000E+00,0.000000E+00,0.000000E+00,0.000000E+00,0.000000E+00,0.000000E+00,2.110805E+01,7.995130E+01,2.388837E+01,6.775930E+01
06:36:00,8.014757E+03,6.477455E+02,5.580513E-01,5.720402E-02,0.000000E+00,0.000000E+00,0.000000E+00,0.000000E+00,0.000000E+00,0.000000E+00,0.000000E+00,0.000000E+00,2.110805E+01,7.995130E+01,2.388837E+01,6.774385E+01
06:37:00,8.014757E+03,6.489158E+02,5.580513E-01,5.730737E-02,0.000000E+00,0.000000E+00,0.000000E+00,0.000000E+00,0.000000E+00,0.000000E+00,0.000000E+00,0.000000E+00,2.110805E+01,7.995130E+01,2.388837E+01,6.772827E+01
06:38:00,8.014757E+03,6.500997E+02,5.580513E-01,5.741193E-02,0.000000E+00,0.000000E+00,0.000000E+00,0.000000E+00,0.000000E+00,0.000000E+00,0.000000E+00,0.000000E+00,2.110805E+01,7.995130E+01,2.388837E+01,6.771255E+01
06:39:00,8.014757E+03,6.512974E+02,5.580513E-01,5.751770E-02,0.000000E+00,0.000000E+00,0.000000E+00,0.000000E+00,0.000000E+00,0.000000E+00,0.000000E+00,0.000000E+00,2.110805E+01,7.995130E+01,2.388837E+01,6.769670E+01
06:40:00,8.014757E+03,6.525091E+02,5.580513E-01,5.762471E-02,0.000000E+00,0.000000E+00,0.000000E+00,0.000000E+00,0.000000E+00,0.000000E+00,0.000000E+00,0.000000E+00,2.110805E+01,7.995130E+01,2.388837E+01,6.768074E+01
06:41:00,8.014757E+03,6.537349E+02,5.580513E-01,5.773297E-02,0.000000E+00,0.000000E+00,0.000000E+00,0.000000E+00,0.000000E+00,0.000000E+00,0.000000E+00,0.000000E+00,2.110805E+01,7.995130E+01,2.388837E+01,6.766464E+01
06:42:00,8.014757E+03,6.549750E+02,5.580513E-01,5.784249E-02,0.000000E+00,0.000000E+00,0.000000E+00,0.000000E+00,0.000000E+00,0.000000E+00,0.000000E+00,0.000000E+00,2.110805E+01,7.995130E+01,2.388836E+01,6.764843E+01
06:43:00,8.014757E+03,6.562295E+02,5.580513E-01,5.795329E-02,0.000000E+00,0.000000E+00,0.000000E+00,0.000000E+00,0.000000E+00,0.000000E+00,0.000000E+00,0.000000E+00,2.110805E+01,7.995130E+01,2.388836E+01,6.763210E+01
06:44:00,8.014757E+03,6.574987E+02,5.580513E-01,5.806537E-02,0.000000E+00,0.000000E+00,0.000000E+00,0.000000E+00,0.000000E+00,0.000000E+00,0.000000E+00,0.000000E+00,2.110805E+01,7.995130E+01,2.388836E+01,6.761565E+01
06:45:00,8.014757E+03,6.587826E+02,5.580513E-01,5.817877E-02,0.000000E+00,0.000000E+00,0.000000E+00,0.000000E+00,0.000000E+00,0.000000E+00,0.000000E+00,0.000000E+00,2.110805E+01,7.995130E+01,2.388836E+01,6.759909E+01
06:46:00,8.014757E+03,6.600815E+02,5.580513E-01,5.829348E-02,0.000000E+00,0.000000E+00,0.000000E+00,0.000000E+00,0.000000E+00,0.000000E+00,0.000000E+00,0.000000E+00,2.110805E+01,7.995130E+01,2.388836E+01,6.758242E+01
06:47:00,8.014757E+03,6.613956E+02,5.580513E-01,5.840953E-02,0.000000E+00,0.000000E+00,0.000000E+00,0.000000E+00,0.000000E+00,0.000000E+00,0.000000E+00,0.000000E+00,2.110805E+01,7.995130E+01,2.388836E+01,6.756563E+01
06:48:00,8.014757E+03,6.627249E+02,5.580513E-01,5.852693E-02,0.000000E+00,0.000000E+00,0.000000E+00,0.000000E+00,0.000000E+00,0.000000E+00,0.000000E+00,0.000000E+00,2.110805E+01,7.995130E+01,2.388836E+01,6.754874E+01
06:49:00,8.014757E+03,6.640696E+02,5.580513E-01,5.864569E-02,0.000000E+00,0.000000E+00,0.000000E+00,0.000000E+00,0.000000E+00,0.000000E+00,0.000000E+00,0.000000E+00,2.110805E+01,7.995130E+01,2.388836E+01,6.753174E+01
06:50:00,8.014757E+03,6.654300E+02,5.580513E-01,5.876583E-02,0.000000E+00,0.000000E+00,0.000000E+00,0.000000E+00,0.000000E+00,0.000000E+00,0.000000E+00,0.000000E+00,2.110805E+01,7.995130E+01,2.388836E+01,6.751463E+01
06:51:00,8.014757E+03,6.668061E+02,5.580513E-01,5.888737E-02,0.000000E+00,0.000000E+00,0.000000E+00,0.000000E+00,0.000000E+00,0.000000E+00,0.000000E+00,0.000000E+00,2.110805E+01,7.995130E+01,2.388836E+01,6.749742E+01
06:52:00,8.014757E+03,6.681983E+02,5.580513E-01,5.901031E-02,0.000000E+00,0.000000E+00,0.000000E+00,0.000000E+00,0.000000E+00,0.000000E+00,0.000000E+00,0.000000E+00,2.110805E+01,7.995130E+01,2.388836E+01,6.748011E+01
06:53:00,8.014757E+03,6.696065E+02,5.580513E-01,5.913469E-02,0.000000E+00,0.000000E+00,0.000000E+00,0.000000E+00,0.000000E+00,0.000000E+00,0.000000E+00,0.000000E+00,2.110805E+01,7.995130E+01,2.388836E+01,6.746269E+01
06:54:00,8.014757E+03,6.710311E+02,5.580513E-01,5.926050E-02,0.000000E+00,0.000000E+00,0.000000E+00,0.000000E+00,0.000000E+00,0.000000E+00,0.000000E+00,0.000000E+00,2.110805E+01,7.995130E+01,2.388836E+01,6.744518E+01
06:55:00,8.014757E+03,6.724722E+02,5.580513E-01,5.938777E-02,0.000000E+00,0.000000E+00,0.000000E+00,0.000000E+00,0.000000E+00,0.000000E+00,0.000000E+00,0.000000E+00,2.110805E+01,7.995130E+01,2.388835E+01,6.742756E+01
06:56:00,8.014757E+03,6.739299E+02,5.580513E-01,5.951651E-02,0.000000E+00,0.000000E+00,0.000000E+00,0.000000E+00,0.000000E+00,0.000000E+00,0.000000E+00,0.000000E+00,2.110805E+01,7.995130E+01,2.388835E+01,6.740984E+01
06:57:00,8.014757E+03,6.754045E+02,5.580513E-01,5.964674E-02,0.000000E+00,0.000000E+00,0.000000E+00,0.000000E+00,0.000000E+00,0.000000E+00,0.000000E+00,0.000000E+00,2.110805E+01,7.995130E+01,2.388835E+01,6.739203E+01
06:58:00,8.014757E+03,6.768962E+02,5.580513E-01,5.977848E-02,0.000000E+00,0.000000E+00,0.000000E+00,0.000000E+00,0.000000E+00,0.000000E+00,0.000000E+00,0.000000E+00,2.110805E+01,7.995130E+01,2.388835E+01,6.737411E+01
06:59:00,8.014757E+03,6.784051E+02,5.580513E-01,5.991174E-02,0.000000E+00,0.000000E+00,0.000000E+00,0.000000E+00,0.000000E+00,0.000000E+00,0.000000E+00,0.000000E+00,2.110805E+01,7.995130E+01,2.388835E+01,6.735611E+01
07:00:00,8.014757E+03,6.799314E+02,5.580513E-01,6.004653E-02,0.000000E+00,0.000000E+00,0.000000E+00,0.000000E+00,0.000000E+00,0.000000E+00,0.000000E+00,0.000000E+00,2.110805E+01,7.995130E+01,2.388835E+01,6.733800E+01
07:01:00,8.014757E+03,6.814897E+02,5.580513E-01,6.018416E-02,0.000000E+00,0.000000E+00,0.000000E+00,0.000000E+00,0.000000E+00,0.000000E+00,0.000000E+00,0.000000E+00,2.110805E+01,7.995130E+01,2.388835E+01,6.731980E+01
07:02:00,8.014757E+03,6.830800E+02,5.580513E-01,6.032461E-02,0.000000E+00,0.000000E+00,0.000000E+00,0.000000E+00,0.000000E+00,0.000000E+00,0.000000E+00,0.000000E+00,2.110805E+01,7.995130E+01,2.388835E+01,6.730117E+01
07:03:00,8.014757E+03,6.847026E+02,5.580513E-01,6.046791E-02,0.000000E+00,0.000000E+00,0.000000E+00,0.000000E+00,0.000000E+00,0.000000E+00,0.000000E+00,0.000000E+00,2.110805E+01,7.995130E+01,2.388835E+01,6.728190E+01
07:04:00,8.014757E+03,6.863576E+02,5.580513E-01,6.061406E-02,0.000000E+00,0.000000E+00,0.000000E+00,0.000000E+00,0.000000E+00,0.000000E+00,0.000000E+00,0.000000E+00,2.110805E+01,7.995130E+01,2.388834E+01,6.726194E+01
07:05:00,8.014757E+03,6.880451E+02,5.580513E-01,6.076310E-02,0.000000E+00,0.000000E+00,0.000000E+00,0.000000E+00,0.000000E+00,0.000000E+00,0.000000E+00,0.000000E+00,2.110805E+01,7.995130E+01,2.388834E+01,6.724130E+01
07:06:00,8.014757E+03,6.897663E+02,5.580513E-01,6.091511E-02,0.000000E+00,0.000000E+00,0.000000E+00,0.000000E+00,0.000000E+00,0.000000E+00,0.000000E+00,0.000000E+00,2.110805E+01,7.995130E+01,2.388834E+01,6.722000E+01
07:07:00,8.014757E+03,6.915204E+02,5.580513E-01,6.107003E-02,0.000000E+00,0.000000E+00,0.000000E+00,0.000000E+00,0.000000E+00,0.000000E+00,0.000000E+00,0.000000E+00,2.110805E+01,7.995130E+01,2.388834E+01,6.719806E+01
07:08:00,8.014757E+03,6.933078E+02,5.580513E-01,6.122788E-02,0.000000E+00,0.000000E+00,0.000000E+00,0.000000E+00,0.000000E+00,0.000000E+00,0.000000E+00,0.000000E+00,2.110805E+01,7.995130E+01,2.388834E+01,6.717551E+01
07:09:00,8.014757E+03,6.951285E+02,5.580513E-01,6.138868E-02,0.000000E+00,0.000000E+00,0.000000E+00,0.000000E+00,0.000000E+00,0.000000E+00,0.000000E+00,0.000000E+00,2.110805E+01,7.995130E+01,2.388833E+01,6.715235E+01
07:10:00,8.014757E+03,6.969828E+02,5.580513E-01,6.155244E-02,0.000000E+00,0.000000E+00,0.000000E+00,0.000000E+00,0.000000E+00,0.000000E+00,0.000000E+00,0.000000E+00,2.110805E+01,7.995130E+01,2.388833E+01,6.712862E+01
07:11:00,8.014757E+03,6.988710E+02,5.580513E-01,6.171920E-02,0.000000E+00,0.000000E+00,0.000000E+00,0.000000E+00,0.000000E+00,0.000000E+00,0.000000E+00,0.000000E+00,2.110805E+01,7.995130E+01,2.388833E+01,6.710430E+01
07:12:00,8.014757E+03,7.007932E+02,5.580513E-01,6.188896E-02,0.000000E+00,0.000000E+00,0.000000E+00,0.000000E+00,0.000000E+00,0.000000E+00,0.000000E+00,0.000000E+00,2.110805E+01,7.995130E+01,2.388833E+01,6.707944E+01
07:13:00,8.014758E+03,7.027498E+02,5.580513E-01,6.206176E-02,0.000000E+00,0.000000E+00,0.000000E+00,0.000000E+00,0.000000E+00,0.000000E+00,0.000000E+00,0.000000E+00,2.110805E+01,7.995130E+01,2.388833E+01,6.705403E+01
07:14:00,8.014758E+03,7.047408E+02,5.580513E-01,6.223759E-02,0.000000E+00,0.000000E+00,0.000000E+00,0.000000E+00,0.000000E+00,0.000000E+00,0.000000E+00,0.000000E+00,2.110805E+01,7.995130E+01,2.388832E+01,6.702809E+01
07:15:00,8.014758E+03,7.067664E+02,5.580513E-01,6.241649E-02,0.000000E+00,0.000000E+00,0.000000E+00,0.000000E+00,0.000000E+00,0.000000E+00,0.000000E+00,0.000000E+00,2.110805E+01,7.995130E+01,2.388832E+01,6.700163E+01
07:16:00,8.014758E+03,7.088268E+02,5.580513E-01,6.259845E-02,0.000000E+00,0.000000E+00,0.000000E+00,0.000000E+00,0.000000E+00,0.000000E+00,0.000000E+00,0.000000E+00,2.110805E+01,7.995130E+01,2.388832E+01,6.697467E+01
07:17:00,8.014758E+03,7.109221E+02,5.580513E-01,6.278350E-02,0.000000E+00,0.000000E+00,0.000000E+00,0.000000E+00,0.000000E+00,0.000000E+00,0.000000E+00,0.000000E+00,2.110805E+01,7.995130E+01,2.388832E+01,6.694721E+01
07:18:00,8.014758E+03,7.130525E+02,5.580513E-01,6.297165E-02,0.000000E+00,0.000000E+00,0.000000E+00,0.000000E+00,0.000000E+00,0.000000E+00,0.000000E+00,0.000000E+00,2.110805E+01,7.995130E+01,2.388832E+01,6.691928E+01
07:19:00,8.014758E+03,7.152182E+02,5.580513E-01,6.316292E-02,0.000000E+00,0.000000E+00,0.000000E+00,0.000000E+00,0.000000E+00,0.000000E+00,0.000000E+00,0.000000E+00,2.110805E+01,7.995130E+01,2.388831E+01,6.689088E+01
07:20:00,8.014758E+03,7.174193E+02,5.580513E-01,6.335731E-02,0.000000E+00,0.000000E+00,0.000000E+00,0.000000E+00,0.000000E+00,0.000000E+00,0.000000E+00,0.000000E+00,2.110805E+01,7.995130E+01,2.388831E+01,6.686203E+01
07:21:00,8.014758E+03,7.196561E+02,5.580513E-01,6.355485E-02,0.000000E+00,0.000000E+00,0.000000E+00,0.000000E+00,0.000000E+00,0.000000E+00,0.000000E+00,0.000000E+00,2.110805E+01,7.995130E+01,2.388831E+01,6.683273E+01
07:22:00,8.014758E+03,7.219286E+02,5.580513E-01,6.375555E-02,0.000000E+00,0.000000E+00,0.000000E+00,0.000000E+00,0.000000E+00,0.000000E+00,0.000000E+00,0.000000E+00,2.110805E+01,7.995130E+01,2.388831E+01,6.680299E+01
07:23:00,8.014758E+03,7.242367E+02,5.580513E-01,6.395940E-02,0.000000E+00,0.000000E+00,0.000000E+00,0.000000E+00,0.000000E+00,0.000000E+00,0.000000E+00,0.000000E+00,2.110805E+01,7.995130E+01,2.388831E+01,6.677283E+01
07:24:00,8.014758E+03,7.265801E+02,5.580513E-01,6.416635E-02,0.000000E+00,0.000000E+00,0.000000E+00,0.000000E+00,0.000000E+00,0.000000E+00,0.000000E+00,0.000000E+00,2.110805E+01,7.995130E+01,2.388830E+01,6.674227E+01
07:25:00,8.014758E+03,7.289589E+02,5.580513E-01,6.437645E-02,0.000000E+00,0.000000E+00,0.000000E+00,0.000000E+00,0.000000E+00,0.000000E+00,0.000000E+00,0.000000E+00,2.110805E+01,7.995130E+01,2.388830E+01,6.671131E+01
07:26:00,8.014758E+03,7.313737E+02,5.580513E-01,6.458971E-02,0.000000E+00,0.000000E+00,0.000000E+00,0.000000E+00,0.000000E+00,0.000000E+00,0.000000E+00,0.000000E+00,2.110805E+01,7.995130E+01,2.388830E+01,6.667997E+01
07:27:00,8.014758E+03,7.337813E+02,5.580513E-01,6.480234E-02,0.000000E+00,0.000000E+00,0.000000E+00,0.000000E+00,0.000000E+00,0.000000E+00,0.000000E+00,0.000000E+00,2.110805E+01,7.995130E+01,2.388830E+01,6.664827E+01
07:28:00,8.014758E+03,7.362239E+02,5.580513E-01,6.501806E-02,0.000000E+00,0.000000E+00,0.000000E+00,0.000000E+00,0.000000E+00,0.000000E+00,0.000000E+00,0.000000E+00,2.110805E+01,7.995130E+01,2.388830E+01,6.661620E+01
07:29:00,8.014758E+03,7.387024E+02,5.580513E-01,6.523695E-02,0.000000E+00,0.000000E+00,0.000000E+00,0.000000E+00,0.000000E+00,0.000000E+00,0.000000E+00,0.000000E+00,2.110805E+01,7.995130E+01,2.388829E+01,6.658376E+01
07:30:00,8.014758E+03,7.412178E+02,5.580513E-01,6.545910E-02,0.000000E+00,0.000000E+00,0.000000E+00,0.000000E+00,0.000000E+00,0.000000E+00,0.000000E+00,0.000000E+00,2.110805E+01,7.995130E+01,2.388829E+01,6.655096E+01
07:31:00,8.014758E+03,7.437702E+02,5.580513E-01,6.568452E-02,0.000000E+00,0.000000E+00,0.000000E+00,0.000000E+00,0.000000E+00,0.000000E+00,0.000000E+00,0.000000E+00,2.110805E+01,7.995130E+01,2.388829E+01,6.651781E+01
07:32:00,8.014758E+03,7.463599E+02,5.580513E-01,6.591323E-02,0.000000E+00,0.000000E+00,0.000000E+00,0.000000E+00,0.000000E+00,0.000000E+00,0.000000E+00,0.000000E+00,2.110805E+01,7.995130E+01,2.388829E+01,6.648430E+01
07:33:00,8.014758E+03,7.489869E+02,5.580513E-01,6.614524E-02,0.000000E+00,0.000000E+00,0.000000E+00,0.000000E+00,0.000000E+00,0.000000E+00,0.000000E+00,0.000000E+00,2.110805E+01,7.995130E+01,2.388829E+01,6.645046E+01
07:34:00,8.014758E+03,7.516516E+02,5.580513E-01,6.638057E-02,0.000000E+00,0.000000E+00,0.000000E+00,0.000000E+00,0.000000E+00,0.000000E+00,0.000000E+00,0.000000E+00,2.110805E+01,7.995130E+01,2.388829E+01,6.641628E+01
07:35:00,8.014758E+03,7.543540E+02,5.580513E-01,6.661925E-02,0.000000E+00,0.000000E+00,0.000000E+00,0.000000E+00,0.000000E+00,0.000000E+00,0.000000E+00,0.000000E+00,2.110805E+01,7.995130E+01,2.388828E+01,6.638178E+01
07:36:00,8.014758E+03,7.570945E+02,5.580513E-01,6.686127E-02,0.000000E+00,0.000000E+00,0.000000E+00,0.000000E+00,0.000000E+00,0.000000E+00,0.000000E+00,0.000000E+00,2.110805E+01,7.995130E+01,2.388828E+01,6.634695E+01
07:37:00,8.014758E+03,7.598732E+02,5.580513E-01,6.710667E-02,0.000000E+00,0.000000E+00,0.000000E+00,0.000000E+00,0.000000E+00,0.000000E+00,0.000000E+00,0.000000E+00,2.110805E+01,7.995130E+01,2.388828E+01,6.631183E+01
07:38:00,8.014758E+03,7.626912E+02,5.580513E-01,6.735555E-02,0.000000E+00,0.000000E+00,0.000000E+00,0.000000E+00,0.000000E+00,0.000000E+00,0.000000E+00,0.000000E+00,2.110805E+01,7.995130E+01,2.388828E+01,6.627640E+01
07:39:00,8.014758E+03,7.655487E+02,5.580513E-01,6.760792E-02,0.000000E+00,0.000000E+00,0.000000E+00,0.000000E+00,0.000000E+00,0.000000E+00,0.000000E+00,0.000000E+00,2.110805E+01,7.995130E+01,2.388828E+01,6.624067E+01
07:40:00,8.014758E+03,7.684459E+02,5.580513E-01,6.786378E-02,0.000000E+00,0.000000E+00,0.000000E+00,0.000000E+00,0.000000E+00,0.000000E+00,0.000000E+00,0.000000E+00,2.110805E+01,7.995130E+01,2.388827E+01,6.620464E+01
07:41:00,8.014758E+03,7.713828E+02,5.580513E-01,6.812316E-02,0.000000E+00,0.000000E+00,0.000000E+00,0.000000E+00,0.000000E+00,0.000000E+00,0.000000E+00,0.000000E+00,2.110805E+01,7.995130E+01,2.388827E+01,6.616831E+01
07:42:00,8.014758E+03,7.743597E+02,5.580513E-01,6.838607E-02,0.000000E+00,0.000000E+00,0.000000E+00,0.000000E+00,0.000000E+00,0.000000E+00,0.000000E+00,0.000000E+00,2.110805E+01,7.995130E+01,2.388827E+01,6.613169E+01
07:43:00,8.014758E+03,7.773765E+02,5.580513E-01,6.865251E-02,0.000000E+00,0.000000E+00,0.000000E+00,0.000000E+00,0.000000E+00,0.000000E+00,0.000000E+00,0.000000E+00,2.110805E+01,7.995130E+01,2.388827E+01,6.609478E+01
07:44:00,8.014758E+03,7.804335E+02,5.580513E-01,6.892249E-02,0.000000E+00,0.000000E+00,0.000000E+00,0.000000E+00,0.000000E+00,0.000000E+00,0.000000E+00,0.000000E+00,2.110805E+01,7.995130E+01,2.388827E+01,6.605760E+01
07:45:00,8.014758E+03,7.835306E+02,5.580513E-01,6.919601E-02,0.000000E+00,0.000000E+00,0.000000E+00,0.000000E+00,0.000000E+00,0.000000E+00,0.000000E+00,0.000000E+00,2.110805E+01,7.995130E+01,2.388827E+01,6.602016E+01
07:46:00,8.014758E+03,7.866680E+02,5.580513E-01,6.947310E-02,0.000000E+00,0.000000E+00,0.000000E+00,0.000000E+00,0.000000E+00,0.000000E+00,0.000000E+00,0.000000E+00,2.110805E+01,7.995130E+01,2.388826E+01,6.598246E+01
07:47:00,8.014758E+03,7.898458E+02,5.580513E-01,6.975375E-02,0.000000E+00,0.000000E+00,0.000000E+00,0.000000E+00,0.000000E+00,0.000000E+00,0.000000E+00,0.000000E+00,2.110805E+01,7.995130E+01,2.388826E+01,6.594450E+01
07:48:00,8.014758E+03,7.930640E+02,5.580513E-01,7.003797E-02,0.000000E+00,0.000000E+00,0.000000E+00,0.000000E+00,0.000000E+00,0.000000E+00,0.000000E+00,0.000000E+00,2.110805E+01,7.995130E+01,2.388826E+01,6.590631E+01
07:49:00,8.014758E+03,7.963227E+02,5.580513E-01,7.032577E-02,0.000000E+00,0.000000E+00,0.000000E+00,0.000000E+00,0.000000E+00,0.000000E+00,0.000000E+00,0.000000E+00,2.110805E+01,7.995130E+01,2.388826E+01,6.586788E+01
07:50:00,8.014758E+03,7.996219E+02,5.580513E-01,7.061714E-02,0.000000E+00,0.000000E+00,0.000000E+00,0.000000E+00,0.000000E+00,0.000000E+00,0.000000E+00,0.000000E+00,2.110805E+01,7.995130E+01,2.388826E+01,6.582922E+01
07:51:00,8.014758E+03,8.029618E+02,5.580513E-01,7.091210E-02,0.000000E+00,0.000000E+00,0.000000E+00,0.000000E+00,0.000000E+00,0.000000E+00,0.000000E+00,0.000000E+00,2.110805E+01,7.995130E+01,2.388825E+01,6.579035E+01
07:52:00,8.014758E+03,8.063423E+02,5.580513E-01,7.121066E-02,0.000000E+00,0.000000E+00,0.000000E+00,0.000000E+00,0.000000E+00,0.000000E+00,0.000000E+00,0.000000E+00,2.110805E+01,7.995130E+01,2.388825E+01,6.575126E+01
07:53:00,8.014758E+03,8.097634E+02,5.580513E-01,7.151280E-02,0.000000E+00,0.000000E+00,0.000000E+00,0.000000E+00,0.000000E+00,0.000000E+00,0.000000E+00,0.000000E+00,2.110805E+01,7.995130E+01,2.388825E+01,6.571196E+01
07:54:00,8.014758E+03,8.132252E+02,5.580513E-01,7.181854E-02,0.000000E+00,0.000000E+00,0.000000E+00,0.000000E+00,0.000000E+00,0.000000E+00,0.000000E+00,0.000000E+00,2.110805E+01,7.995130E+01,2.388825E+01,6.567247E+01
07:55:00,8.014758E+03,8.167279E+02,5.580513E-01,7.212788E-02,0.000000E+00,0.000000E+00,0.000000E+00,0.000000E+00,0.000000E+00,0.000000E+00,0.000000E+00,0.000000E+00,2.110805E+01,7.995130E+01,2.388825E+01,6.563278E+01
07:56:00,8.014758E+03,8.202713E+02,5.580513E-01,7.244082E-02,0.000000E+00,0.000000E+00,0.000000E+00,0.000000E+00,0.000000E+00,0.000000E+00,0.000000E+00,0.000000E+00,2.110805E+01,7.995130E+01,2.388825E+01,6.559292E+01
07:57:00,8.014758E+03,8.238554E+02,5.580513E-01,7.275736E-02,0.000000E+00,0.000000E+00,0.000000E+00,0.000000E+00,0.000000E+00,0.000000E+00,0.000000E+00,0.000000E+00,2.110805E+01,7.995130E+01,2.388824E+01,6.555287E+01
07:58:00,8.014758E+03,8.274804E+02,5.580513E-01,7.307750E-02,0.000000E+00,0.000000E+00,0.000000E+00,0.000000E+00,0.000000E+00,0.000000E+00,0.000000E+00,0.000000E+00,2.110805E+01,7.995130E+01,2.388824E+01,6.551265E+01
07:59:00,8.014758E+03,8.311462E+02,5.580513E-01,7.340126E-02,0.000000E+00,0.000000E+00,0.000000E+00,0.000000E+00,0.000000E+00,0.000000E+00,0.000000E+00,0.000000E+00,2.110805E+01,7.995130E+01,2.388824E+01,6.547226E+01
08:00:00,8.014758E+03,8.348540E+02,5.580513E-01,7.372871E-02,0.000000E+00,0.000000E+00,0.000000E+00,0.000000E+00,0.000000E+00,0.000000E+00,0.000000E+00,0.000000E+00,2.110805E+01,7.995130E+01,2.388824E+01,6.543172E+01
08:01:00,8.014758E+03,8.385838E+02,5.580513E-01,7.405812E-02,0.000000E+00,0.000000E+00,0.000000E+00,0.000000E+00,0.000000E+00,0.000000E+00,0.000000E+00,0.000000E+00,2.110805E+01,7.995130E+01,2.388824E+01,6.539102E+01
08:02:00,8.014758E+03,8.423368E+02,5.580513E-01,7.438957E-02,0.000000E+00,0.000000E+00,0.000000E+00,0.000000E+00,0.000000E+00,0.000000E+00,0.000000E+00,0.000000E+00,2.110805E+01,7.995130E+01,2.388824E+01,6.535005E+01
08:03:00,8.014758E+03,8.461131E+02,5.580513E-01,7.472309E-02,0.000000E+00,0.000000E+00,0.000000E+00,0.000000E+00,0.000000E+00,0.000000E+00,0.000000E+00,0.000000E+00,2.110805E+01,7.995130E+01,2.388823E+01,6.530875E+01
08:04:00,8.014758E+03,8.499133E+02,5.580513E-01,7.505870E-02,0.000000E+00,0.000000E+00,0.000000E+00,0.000000E+00,0.000000E+00,0.000000E+00,0.000000E+00,0.000000E+00,2.110805E+01,7.995130E+01,2.388823E+01,6.526712E+01
08:05:00,8.014758E+03,8.537376E+02,5.580513E-01,7.539645E-02,0.000000E+00,0.000000E+00,0.000000E+00,0.000000E+00,0.000000E+00,0.000000E+00,0.000000E+00,0.000000E+00,2.110805E+01,7.995130E+01,2.388823E+01,6.522514E+01
08:06:00,8.014758E+03,8.575865E+02,5.580513E-01,7.573637E-02,0.000000E+00,0.000000E+00,0.000000E+00,0.000000E+00,0.000000E+00,0.000000E+00,0.000000E+00,0.000000E+00,2.110805E+01,7.995130E+01,2.388823E+01,6.518282E+01
08:07:00,8.014758E+03,8.614602E+02,5.580513E-01,7.607849E-02,0.000000E+00,0.000000E+00,0.000000E+00,0.000000E+00,0.000000E+00,0.000000E+00,0.000000E+00,0.000000E+00,2.110805E+01,7.995130E+01,2.388822E+01,6.514018E+01
08:08:00,8.014758E+03,8.653592E+02,5.580513E-01,7.642283E-02,0.000000E+00,0.000000E+00,0.000000E+00,0.000000E+00,0.000000E+00,0.000000E+00,0.000000E+00,0.000000E+00,2.110805E+01,7.995130E+01,2.388822E+01,6.509723E+01
08:09:00,8.014758E+03,8.692837E+02,5.580513E-01,7.676943E-02,0.000000E+00,0.000000E+00,0.000000E+00,0.000000E+00,0.000000E+00,0.000000E+00,0.000000E+00,0.000000E+00,2.110805E+01,7.995130E+01,2.388822E+01,6.505396E+01
08:10:00,8.014758E+03,8.732340E+02,5.580513E-01,7.711831E-02,0.000000E+00,0.000000E+00,0.000000E+00,0.000000E+00,0.000000E+00,0.000000E+00,0.000000E+00,0.000000E+00,2.110805E+01,7.995130E+01,2.388822E+01,6.501038E+01
08:11:00,8.014758E+03,8.772105E+02,5.580513E-01,7.746950E-02,0.000000E+00,0.000000E+00,0.000000E+00,0.000000E+00,0.000000E+00,0.000000E+00,0.000000E+00,0.000000E+00,2.110805E+01,7.995130E+01,2.388822E+01,6.496649E+01
08:12:00,8.014758E+03,8.812134E+02,5.580513E-01,7.782303E-02,0.000000E+00,0.000000E+00,0.000000E+00,0.000000E+00,0.000000E+00,0.000000E+00,0.000000E+00,0.000000E+00,2.110805E+01,7.995130E+01,2.388821E+01,6.492231E+01
08:13:00,8.014758E+03,8.852431E+02,5.580513E-01,7.817891E-02,0.000000E+00,0.000000E+00,0.000000E+00,0.000000E+00,0.000000E+00,0.000000E+00,0.000000E+00,0.000000E+00,2.110805E+01,7.995130E+01,2.388821E+01,6.487784E+01
08:14:00,8.014758E+03,8.892997E+02,5.580513E-01,7.853718E-02,0.000000E+00,0.000000E+00,0.000000E+00,0.000000E+00,0.000000E+00,0.000000E+00,0.000000E+00,0.000000E+00,2.110805E+01,7.995130E+01,2.388821E+01,6.483308E+01
08:15:00,8.014758E+03,8.933836E+02,5.580513E-01,7.889786E-02,0.000000E+00,0.000000E+00,0.000000E+00,0.000000E+00,0.000000E+00,0.000000E+00,0.000000E+00,0.000000E+00,2.110805E+01,7.995130E+01,2.388821E+01,6.478805E+01
08:16:00,8.014758E+03,8.974950E+02,5.580513E-01,7.926096E-02,0.000000E+00,0.000000E+00,0.000000E+00,0.000000E+00,0.000000E+00,0.000000E+00,0.000000E+00,0.000000E+00,2.110805E+01,7.995130E+01,2.388821E+01,6.474273E+01
08:17:00,8.014758E+03,9.016342E+02,5.580513E-01,7.962653E-02,0.000000E+00,0.000000E+00,0.000000E+00,0.000000E+00,0.000000E+00,0.000000E+00,0.000000E+00,0.000000E+00,2.110805E+01,7.995130E+01,2.388820E+01,6.469715E+01
08:18:00,8.014758E+03,9.058014E+02,5.580513E-01,7.999456E-02,0.000000E+00,0.000000E+00,0.000000E+00,0.000000E+00,0.000000E+00,0.000000E+00,0.000000E+00,0.000000E+00,2.110805E+01,7.995130E+01,2.388820E+01,6.465132E+01
08:19:00,8.014758E+03,9.099969E+02,5.580513E-01,8.036509E-02,0.000000E+00,0.000000E+00,0.000000E+00,0.000000E+00,0.000000E+00,0.000000E+00,0.000000E+00,0.000000E+00,2.110805E+01,7.995130E+01,2.388820E+01,6.460522E+01
08:20:00,8.014758E+03,9.142209E+02,5.580513E-01,8.073814E-02,0.000000E+00,0.000000E+00,0.000000E+00,0.000000E+00,0.000000E+00,0.000000E+00,0.000000E+00,0.000000E+00,2.110805E+01,7.995130E+01,2.388820E+01,6.455887E+01
08:21:00,8.014758E+03,9.184736E+02,5.580513E-01,8.111373E-02,0.000000E+00,0.000000E+00,0.000000E+00,0.000000E+00,0.000000E+00,0.000000E+00,0.000000E+00,0.000000E+00,2.110805E+01,7.995130E+01,2.388820E+01,6.451228E+01
08:22:00,8.014758E+03,9.227552E+02,5.580513E-01,8.149186E-02,0.000000E+00,0.000000E+00,0.000000E+00,0.000000E+00,0.000000E+00,0.000000E+00,0.000000E+00,0.000000E+00,2.110805E+01,7.995130E+01,2.388819E+01,6.446544E+01
08:23:00,8.014758E+03,9.270663E+02,5.580513E-01,8.187261E-02,0.000000E+00,0.000000E+00,0.000000E+00,0.000000E+00,0.000000E+00,0.000000E+00,0.000000E+00,0.000000E+00,2.110805E+01,7.995130E+01,2.388819E+01,6.441838E+01
08:24:00,8.014758E+03,9.314077E+02,5.580513E-01,8.225603E-02,0.000000E+00,0.000000E+00,0.000000E+00,0.000000E+00,0.000000E+00,0.000000E+00,0.000000E+00,0.000000E+00,2.110805E+01,7.995130E+01,2.388819E+01,6.437109E+01
08:25:00,8.014758E+03,9.357794E+02,5.580513E-01,8.264212E-02,0.000000E+00,0.000000E+00,0.000000E+00,0.000000E+00,0.000000E+00,0.000000E+00,0.000000E+00,0.000000E+00,2.110805E+01,7.995130E+01,2.388819E+01,6.432358E+01
08:26:00,8.014758E+03,9.401815E+02,5.580513E-01,8.303090E-02,0.000000E+00,0.000000E+00,0.000000E+00,0.000000E+00,0.000000E+00,0.000000E+00,0.000000E+00,0.000000E+00,2.110805E+01,7.995130E+01,2.388819E+01,6.427585E+01
08:27:00,8.014758E+03,9.446138E+02,5.580513E-01,8.342235E-02,0.000000E+00,0.000000E+00,0.000000E+00,0.000000E+00,0.000000E+00,0.000000E+00,0.000000E+00,0.000000E+00,2.110805E+01,7.995130E+01,2.388818E+01,6.422791E+01
08:28:00,8.014758E+03,9.490763E+02,5.580513E-01,8.381647E-02,0.000000E+00,0.000000E+00,0.000000E+00,0.000000E+00,0.000000E+00,0.000000E+00,0.000000E+00,0.000000E+00,2.110805E+01,7.995130E+01,2.388818E+01,6.417977E+01
08:29:00,8.014758E+03,9.535686E+02,5.580513E-01,8.421321E-02,0.000000E+00,0.000000E+00,0.000000E+00,0.000000E+00,0.000000E+00,0.000000E+00,0.000000E+00,0.000000E+00,2.110805E+01,7.995130E+01,2.388818E+01,6.413143E+01
08:30:00,8.014758E+03,9.580909E+02,5.580513E-01,8.461261E-02,0.000000E+00,0.000000E+00,0.000000E+00,0.000000E+00,0.000000E+00,0.000000E+00,0.000000E+00,0.000000E+00,2.110805E+01,7.995130E+01,2.388818E+01,6.408289E+01
08:31:00,8.014758E+03,9.626435E+02,5.580513E-01,8.501468E-02,0.000000E+00,0.000000E+00,0.000000E+00,0.000000E+00,0.000000E+00,0.000000E+00,0.000000E+00,0.000000E+00,2.110805E+01,7.995130E+01,2.388817E+01,6.403418E+01
08:32:00,8.014758E+03,9.672264E+02,5.580513E-01,8.541943E-02,0.000000E+00,0.000000E+00,0.000000E+00,0.000000E+00,0.000000E+00,0.000000E+00,0.000000E+00,0.000000E+00,2.110805E+01,7.995130E+01,2.388817E+01,6.398528E+01
08:33:00,8.014758E+03,9.718400E+02,5.580513E-01,8.582689E-02,0.000000E+00,0.000000E+00,0.000000E+00,0.000000E+00,0.000000E+00,0.000000E+00,0.000000E+00,0.000000E+00,2.110805E+01,7.995130E+01,2.388817E+01,6.393620E+01
08:34:00,8.014758E+03,9.764842E+02,5.580513E-01,8.623705E-02,0.000000E+00,0.000000E+00,0.000000E+00,0.000000E+00,0.000000E+00,0.000000E+00,0.000000E+00,0.000000E+00,2.110805E+01,7.995130E+01,2.388817E+01,6.388696E+01
08:35:00,8.014758E+03,9.811595E+02,5.580513E-01,8.664996E-02,0.000000E+00,0.000000E+00,0.000000E+00,0.000000E+00,0.000000E+00,0.000000E+00,0.000000E+00,0.000000E+00,2.110805E+01,7.995130E+01,2.388817E+01,6.383754E+01
08:36:00,8.014758E+03,9.858657E+02,5.580513E-01,8.706560E-02,0.000000E+00,0.000000E+00,0.000000E+00,0.000000E+00,0.000000E+00,0.000000E+00,0.000000E+00,0.000000E+00,2.110805E+01,7.995130E+01,2.388816E+01,6.378798E+01
08:37:00,8.014758E+03,9.906031E+02,5.580513E-01,8.748399E-02,0.000000E+00,0.000000E+00,0.000000E+00,0.000000E+00,0.000000E+00,0.000000E+00,0.000000E+00,0.000000E+00,2.110805E+01,7.995130E+01,2.388816E+01,6.373825E+01
08:38:00,8.014758E+03,9.953707E+02,5.580513E-01,8.790505E-02,0.000000E+00,0.000000E+00,0.000000E+00,0.000000E+00,0.000000E+00,0.000000E+00,0.000000E+00,0.000000E+00,2.110805E+01,7.995130E+01,2.388816E+01,6.368838E+01
08:39:00,8.014758E+03,1.000169E+03,5.580513E-01,8.832880E-02,0.000000E+00,0.000000E+00,0.000000E+00,0.000000E+00,0.000000E+00,0.000000E+00,0.000000E+00,0.000000E+00,2.110805E+01,7.995130E+01,2.388816E+01,6.363837E+01
08:40:00,8.014758E+03,1.004997E+03,5.580513E-01,8.875523E-02,0.000000E+00,0.000000E+00,0.000000E+00,0.000000E+00,0.000000E+00,0.000000E+00,0.000000E+00,0.000000E+00,2.110805E+01,7.995130E+01,2.388816E+01,6.358822E+01
08:41:00,8.014758E+03,1.009856E+03,5.580513E-01,8.918439E-02,0.000000E+00,0.000000E+00,0.000000E+00,0.000000E+00,0.000000E+00,0.000000E+00,0.000000E+00,0.000000E+00,2.110805E+01,7.995130E+01,2.388816E+01,6.353794E+01
08:42:00,8.014758E+03,1.014747E+03,5.580513E-01,8.961628E-02,0.000000E+00,0.000000E+00,0.000000E+00,0.000000E+00,0.000000E+00,0.000000E+00,0.000000E+00,0.000000E+00,2.110805E+01,7.995130E+01,2.388815E+01,6.348754E+01
08:43:00,8.014758E+03,1.019668E+03,5.580513E-01,9.005089E-02,0.000000E+00,0.000000E+00,0.000000E+00,0.000000E+00,0.000000E+00,0.000000E+00,0.000000E+00,0.000000E+00,2.110805E+01,7.995130E+01,2.388815E+01,6.343702E+01
08:44:00,8.014758E+03,1.024620E+03,5.580513E-01,9.048827E-02,0.000000E+00,0.000000E+00,0.000000E+00,0.000000E+00,0.000000E+00,0.000000E+00,0.000000E+00,0.000000E+00,2.110805E+01,7.995130E+01,2.388815E+01,6.338638E+01
08:45:00,8.014758E+03,1.029603E+03,5.580513E-01,9.092839E-02,0.000000E+00,0.000000E+00,0.000000E+00,0.000000E+00,0.000000E+00,0.000000E+00,0.000000E+00,0.000000E+00,2.110805E+01,7.995130E+01,2.388815E+01,6.333563E+01
08:46:00,8.014758E+03,1.034618E+03,5.580513E-01,9.137130E-02,0.000000E+00,0.000000E+00,0.000000E+00,0.000000E+00,0.000000E+00,0.000000E+00,0.000000E+00,0.000000E+00,2.110805E+01,7.995130E+01,2.388815E+01,6.328477E+01
08:47:00,8.014758E+03,1.039665E+03,5.580513E-01,9.181697E-02,0.000000E+00,0.000000E+00,0.000000E+00,0.000000E+00,0.000000E+00,0.000000E+00,0.000000E+00,0.000000E+00,2.110805E+01,7.995130E+01,2.388814E+01,6.323382E+01
08:48:00,8.014758E+03,1.044743E+03,5.580513E-01,9.226545E-02,0.000000E+00,0.000000E+00,0.000000E+00,0.000000E+00,0.000000E+00,0.000000E+00,0.000000E+00,0.000000E+00,2.110805E+01,7.995130E+01,2.388814E+01,6.318278E+01
08:49:00,8.014758E+03,1.049852E+03,5.580513E-01,9.271672E-02,0.000000E+00,0.000000E+00,0.000000E+00,0.000000E+00,0.000000E+00,0.000000E+00,0.000000E+00,0.000000E+00,2.110805E+01,7.995130E+01,2.388814E+01,6.313165E+01
08:50:00,8.014758E+03,1.054994E+03,5.580513E-01,9.317083E-02,0.000000E+00,0.000000E+00,0.000000E+00,0.000000E+00,0.000000E+00,0.000000E+00,0.000000E+00,0.000000E+00,2.110805E+01,7.995130E+01,2.388814E+01,6.308044E+01
08:51:00,8.014758E+03,1.060168E+03,5.580513E-01,9.362773E-02,0.000000E+00,0.000000E+00,0.000000E+00,0.000000E+00,0.000000E+00,0.000000E+00,0.000000E+00,0.000000E+00,2.110805E+01,7.995130E+01,2.388814E+01,6.302915E+01
08:52:00,8.014758E+03,1.065373E+03,5.580513E-01,9.408748E-02,0.000000E+00,0.000000E+00,0.000000E+00,0.000000E+00,0.000000E+00,0.000000E+00,0.000000E+00,0.000000E+00,2.110805E+01,7.995130E+01,2.388813E+01,6.297780E+01
08:53:00,8.014758E+03,1.070611E+03,5.580513E-01,9.455008E-02,0.000000E+00,0.000000E+00,0.000000E+00,0.000000E+00,0.000000E+00,0.000000E+00,0.000000E+00,0.000000E+00,2.110805E+01,7.995130E+01,2.388813E+01,6.292638E+01
08:54:00,8.014758E+03,1.075918E+03,5.580513E-01,9.501875E-02,0.000000E+00,0.000000E+00,0.000000E+00,0.000000E+00,0.000000E+00,0.000000E+00,0.000000E+00,0.000000E+00,2.110805E+01,7.995130E+01,2.388813E+01,6.287490E+01
08:55:00,8.014758E+03,1.081258E+03,5.580513E-01,9.549037E-02,0.000000E+00,0.000000E+00,0.000000E+00,0.000000E+00,0.000000E+00,0.000000E+00,0.000000E+00,0.000000E+00,2.110805E+01,7.995130E+01,2.388813E+01,6.282303E+01
08:56:00,8.014758E+03,1.086631E+03,5.580513E-01,9.596493E-02,0.000000E+00,0.000000E+00,0.000000E+00,0.000000E+00,0.000000E+00,0.000000E+00,0.000000E+00,0.000000E+00,2.110805E+01,7.995130E+01,2.388813E+01,6.277088E+01
08:57:00,8.014758E+03,1.092038E+03,5.580513E-01,9.644243E-02,0.000000E+00,0.000000E+00,0.000000E+00,0.000000E+00,0.000000E+00,0.000000E+00,0.000000E+00,0.000000E+00,2.110805E+01,7.995130E+01,2.388812E+01,6.271861E+01
08:58:00,8.014758E+03,1.097478E+03,5.580513E-01,9.692286E-02,0.000000E+00,0.000000E+00,0.000000E+00,0.000000E+00,0.000000E+00,0.000000E+00,0.000000E+00,0.000000E+00,2.110805E+01,7.995130E+01,2.388812E+01,6.266631E+01
08:59:00,8.014758E+03,1.102950E+03,5.580513E-01,9.740619E-02,0.000000E+00,0.000000E+00,0.000000E+00,0.000000E+00,0.000000E+00,0.000000E+00,0.000000E+00,0.000000E+00,2.110805E+01,7.995130E+01,2.388812E+01,6.261400E+01
09:00:00,8.014758E+03,1.108455E+03,5.580513E-01,9.789237E-02,0.000000E+00,0.000000E+00,0.000000E+00,0.000000E+00,0.000000E+00,0.000000E+00,0.000000E+00,0.000000E+00,2.110805E+01,7.995130E+01,2.388812E+01,6.256168E+01
09:01:00,8.014758E+03,1.113977E+03,5.580513E-01,9.838006E-02,0.000000E+00,0.000000E+00,0.000000E+00,0.000000E+00,0.000000E+00,0.000000E+00,0.000000E+00,0.000000E+00,2.110805E+01,7.995130E+01,2.388812E+01,6.250937E+01
09:02:00,8.014758E+03,1.119516E+03,5.580513E-01,9.886923E-02,0.000000E+00,0.000000E+00,0.000000E+00,0.000000E+00,0.000000E+00,0.000000E+00,0.000000E+00,0.000000E+00,2.110805E+01,7.995130E+01,2.388811E+01,6.245711E+01
09:03:00,8.014758E+03,1.125071E+03,5.580513E-01,9.935984E-02,0.000000E+00,0.000000E+00,0.000000E+00,0.000000E+00,0.000000E+00,0.000000E+00,0.000000E+00,0.000000E+00,2.110805E+01,7.995130E+01,2.388811E+01,6.240494E+01
09:04:00,8.014758E+03,1.130643E+03,5.580513E-01,9.985189E-02,0.000000E+00,0.000000E+00,0.000000E+00,0.000000E+00,0.000000E+00,0.000000E+00,0.000000E+00,0.000000E+00,2.110805E+01,7.995130E+01,2.388811E+01,6.235288E+01
09:05:00,8.014758E+03,1.136230E+03,5.580513E-01,1.003453E-01,0.000000E+00,0.000000E+00,0.000000E+00,0.000000E+00,0.000000E+00,0.000000E+00,0.000000E+00,0.000000E+00,2.110805E+01,7.995130E+01,2.388811E+01,6.230093E+01
09:06:00,8.014758E+03,1.141832E+03,5.580513E-01,1.008401E-01,0.000000E+00,0.000000E+00,0.000000E+00,0.000000E+00,0.000000E+00,0.000000E+00,0.000000E+00,0.000000E+00,2.110805E+01,7.995130E+01,2.388811E+01,6.224909E+01
09:07:00,8.014758E+03,1.147450E+03,5.580513E-01,1.013363E-01,0.000000E+00,0.000000E+00,0.000000E+00,0.000000E+00,0.000000E+00,0.000000E+00,0.000000E+00,0.000000E+00,2.110805E+01,7.995130E+01,2.388811E+01,6.219736E+01
09:08:00,8.014758E+03,1.153082E+03,5.580513E-01,1.018337E-01,0.000000E+00,0.000000E+00,0.000000E+00,0.000000E+00,0.000000E+00,0.000000E+00,0.000000E+00,0.000000E+00,2.110805E+01,7.995130E+01,2.388811E+01,6.214574E+01
09:09:00,8.014758E+03,1.158729E+03,5.580513E-01,1.023325E-01,0.000000E+00,0.000000E+00,0.000000E+00,0.000000E+00,0.000000E+00,0.000000E+00,0.000000E+00,0.000000E+00,2.110805E+01,7.995130E+01,2.388810E+01,6.209423E+01
09:10:00,8.014758E+03,1.164391E+03,5.580513E-01,1.028324E-01,0.000000E+00,0.000000E+00,0.000000E+00,0.000000E+00,0.000000E+00,0.000000E+00,0.000000E+00,0.000000E+00,2.110805E+01,7.995130E+01,2.388810E+01,6.204282E+01
09:11:00,8.014758E+03,1.170066E+03,5.580513E-01,1.033337E-01,0.000000E+00,0.000000E+00,0.000000E+00,0.000000E+00,0.000000E+00,0.000000E+00,0.000000E+00,0.000000E+00,2.110805E+01,7.995130E+01,2.388810E+01,6.199154E+01
09:12:00,8.014758E+03,1.175755E+03,5.580513E-01,1.038361E-01,0.000000E+00,0.000000E+00,0.000000E+00,0.000000E+00,0.000000E+00,0.000000E+00,0.000000E+00,0.000000E+00,2.110805E+01,7.995130E+01,2.388810E+01,6.194036E+01
09:13:00,8.014758E+03,1.181457E+03,5.580513E-01,1.043397E-01,0.000000E+00,0.000000E+00,0.000000E+00,0.000000E+00,0.000000E+00,0.000000E+00,0.000000E+00,0.000000E+00,2.110805E+01,7.995130E+01,2.388810E+01,6.188930E+01
09:14:00,8.014758E+03,1.187173E+03,5.580513E-01,1.048445E-01,0.000000E+00,0.000000E+00,0.000000E+00,0.000000E+00,0.000000E+00,0.000000E+00,0.000000E+00,0.000000E+00,2.110805E+01,7.995130E+01,2.388810E+01,6.183835E+01
09:15:00,8.014758E+03,1.192901E+03,5.580513E-01,1.053504E-01,0.000000E+00,0.000000E+00,0.000000E+00,0.000000E+00,0.000000E+00,0.000000E+00,0.000000E+00,0.000000E+00,2.110805E+01,7.995130E+01,2.388810E+01,6.178751E+01
09:16:00,8.014758E+03,1.198642E+03,5.580513E-01,1.058574E-01,0.000000E+00,0.000000E+00,0.000000E+00,0.000000E+00,0.000000E+00,0.000000E+00,0.000000E+00,0.000000E+00,2.110805E+01,7.995130E+01,2.388809E+01,6.173680E+01
09:17:00,8.014758E+03,1.204394E+03,5.580513E-01,1.063655E-01,0.000000E+00,0.000000E+00,0.000000E+00,0.000000E+00,0.000000E+00,0.000000E+00,0.000000E+00,0.000000E+00,2.110805E+01,7.995130E+01,2.388809E+01,6.168620E+01
09:18:00,8.014758E+03,1.210159E+03,5.580513E-01,1.068746E-01,0.000000E+00,0.000000E+00,0.000000E+00,0.000000E+00,0.000000E+00,0.000000E+00,0.000000E+00,0.000000E+00,2.110805E+01,7.995130E+01,2.388809E+01,6.163572E+01
09:19:00,8.014758E+03,1.215936E+03,5.580513E-01,1.073848E-01,0.000000E+00,0.000000E+00,0.000000E+00,0.000000E+00,0.000000E+00,0.000000E+00,0.000000E+00,0.000000E+00,2.110805E+01,7.995130E+01,2.388809E+01,6.158536E+01
09:20:00,8.014758E+03,1.221724E+03,5.580513E-01,1.078960E-01,0.000000E+00,0.000000E+00,0.000000E+00,0.000000E+00,0.000000E+00,0.000000E+00,0.000000E+00,0.000000E+00,2.110805E+01,7.995130E+01,2.388809E+01,6.153512E+01
09:21:00,8.014758E+03,1.227523E+03,5.580513E-01,1.084082E-01,0.000000E+00,0.000000E+00,0.000000E+00,0.000000E+00,0.000000E+00,0.000000E+00,0.000000E+00,0.000000E+00,2.110805E+01,7.995130E+01,2.388809E+01,6.148500E+01
09:22:00,8.014758E+03,1.233333E+03,5.580513E-01,1.089213E-01,0.000000E+00,0.000000E+00,0.000000E+00,0.000000E+00,0.000000E+00,0.000000E+00,0.000000E+00,0.000000E+00,2.110805E+01,7.995130E+01,2.388809E+01,6.143501E+01
09:23:00,8.014758E+03,1.239154E+03,5.580513E-01,1.094354E-01,0.000000E+00,0.000000E+00,0.000000E+00,0.000000E+00,0.000000E+00,0.000000E+00,0.000000E+00,0.000000E+00,2.110805E+01,7.995130E+01,2.388808E+01,6.138514E+01
09:24:00,8.014758E+03,1.244985E+03,5.580513E-01,1.099503E-01,0.000000E+00,0.000000E+00,0.000000E+00,0.000000E+00,0.000000E+00,0.000000E+00,0.000000E+00,0.000000E+00,2.110805E+01,7.995130E+01,2.388808E+01,6.133539E+01
09:25:00,8.014758E+03,1.250826E+03,5.580513E-01,1.104662E-01,0.000000E+00,0.000000E+00,0.000000E+00,0.000000E+00,0.000000E+00,0.000000E+00,0.000000E+00,0.000000E+00,2.110805E+01,7.995130E+01,2.388808E+01,6.128578E+01
09:26:00,8.014758E+03,1.256676E+03,5.580513E-01,1.109829E-01,0.000000E+00,0.000000E+00,0.000000E+00,0.000000E+00,0.000000E+00,0.000000E+00,0.000000E+00,0.000000E+00,2.110805E+01,7.995130E+01,2.388808E+01,6.123628E+01
09:27:00,8.014758E+03,1.262536E+03,5.580513E-01,1.115004E-01,0.000000E+00,0.000000E+00,0.000000E+00,0.000000E+00,0.000000E+00,0.000000E+00,0.000000E+00,0.000000E+00,2.110805E+01,7.995130E+01,2.388808E+01,6.118692E+01
09:28:00,8.014758E+03,1.268405E+03,5.580513E-01,1.120187E-01,0.000000E+00,0.000000E+00,0.000000E+00,0.000000E+00,0.000000E+00,0.000000E+00,0.000000E+00,0.000000E+00,2.110805E+01,7.995130E+01,2.388808E+01,6.113769E+01
09:29:00,8.014758E+03,1.274283E+03,5.580513E-01,1.125378E-01,0.000000E+00,0.000000E+00,0.000000E+00,0.000000E+00,0.000000E+00,0.000000E+00,0.000000E+00,0.000000E+00,2.110805E+01,7.995130E+01,2.388808E+01,6.108859E+01
09:30:00,8.014758E+03,1.280169E+03,5.580513E-01,1.130577E-01,0.000000E+00,0.000000E+00,0.000000E+00,0.000000E+00,0.000000E+00,0.000000E+00,0.000000E+00,0.000000E+00,2.110805E+01,7.995130E+01,2.388807E+01,6.103962E+01
09:31:00,8.014758E+03,1.286064E+03,5.580513E-01,1.135783E-01,0.000000E+00,0.000000E+00,0.000000E+00,0.000000E+00,0.000000E+00,0.000000E+00,0.000000E+00,0.000000E+00,2.110805E+01,7.995130E+01,2.388807E+01,6.099078E+01
09:32:00,8.014758E+03,1.291966E+03,5.580513E-01,1.140996E-01,0.000000E+00,0.000000E+00,0.000000E+00,0.000000E+00,0.000000E+00,0.000000E+00,0.000000E+00,0.000000E+00,2.110805E+01,7.995130E+01,2.388807E+01,6.094209E+01
09:33:00,8.014758E+03,1.297876E+03,5.580513E-01,1.146216E-01,0.000000E+00,0.000000E+00,0.000000E+00,0.000000E+00,0.000000E+00,0.000000E+00,0.000000E+00,0.000000E+00,2.110805E+01,7.995130E+01,2.388807E+01,6.089352E+01
09:34:00,8.014758E+03,1.303794E+03,5.580513E-01,1.151442E-01,0.000000E+00,0.000000E+00,0.000000E+00,0.000000E+00,0.000000E+00,0.000000E+00,0.000000E+00,0.000000E+00,2.110805E+01,7.995130E+01,2.388807E+01,6.084510E+01
09:35:00,8.014758E+03,1.309718E+03,5.580513E-01,1.156674E-01,0.000000E+00,0.000000E+00,0.000000E+00,0.000000E+00,0.000000E+00,0.000000E+00,0.000000E+00,0.000000E+00,2.110805E+01,7.995130E+01,2.388807E+01,6.079681E+01
09:36:00,8.014758E+03,1.315650E+03,5.580513E-01,1.161913E-01,0.000000E+00,0.000000E+00,0.000000E+00,0.000000E+00,0.000000E+00,0.000000E+00,0.000000E+00,0.000000E+00,2.110805E+01,7.995130E+01,2.388807E+01,6.074866E+01
09:37:00,8.014758E+03,1.321588E+03,5.580513E-01,1.167157E-01,0.000000E+00,0.000000E+00,0.000000E+00,0.000000E+00,0.000000E+00,0.000000E+00,0.000000E+00,0.000000E+00,2.110805E+01,7.995130E+01,2.388807E+01,6.070066E+01
09:38:00,8.014758E+03,1.327532E+03,5.580513E-01,1.172407E-01,0.000000E+00,0.000000E+00,0.000000E+00,0.000000E+00,0.000000E+00,0.000000E+00,0.000000E+00,0.000000E+00,2.110805E+01,7.995130E+01,2.388806E+01,6.065279E+01
09:39:00,8.014758E+03,1.333482E+03,5.580513E-01,1.177662E-01,0.000000E+00,0.000000E+00,0.000000E+00,0.000000E+00,0.000000E+00,0.000000E+00,0.000000E+00,0.000000E+00,2.110805E+01,7.995130E+01,2.388806E+01,6.060507E+01
09:40:00,8.014758E+03,1.339439E+03,5.580513E-01,1.182922E-01,0.000000E+00,0.000000E+00,0.000000E+00,0.000000E+00,0.000000E+00,0.000000E+00,0.000000E+00,0.000000E+00,2.110805E+01,7.995130E+01,2.388806E+01,6.055749E+01
09:41:00,8.014758E+03,1.345400E+03,5.580513E-01,1.188187E-01,0.000000E+00,0.000000E+00,0.000000E+00,0.000000E+00,0.000000E+00,0.000000E+00,0.000000E+00,0.000000E+00,2.110805E+01,7.995130E+01,2.388806E+01,6.051006E+01
09:42:00,8.014758E+03,1.351366E+03,5.580513E-01,1.193457E-01,0.000000E+00,0.000000E+00,0.000000E+00,0.000000E+00,0.000000E+00,0.000000E+00,0.000000E+00,0.000000E+00,2.110805E+01,7.995130E+01,2.388806E+01,6.046277E+01
09:43:00,8.014758E+03,1.357338E+03,5.580513E-01,1.198731E-01,0.000000E+00,0.000000E+00,0.000000E+00,0.000000E+00,0.000000E+00,0.000000E+00,0.000000E+00,0.000000E+00,2.110805E+01,7.995130E+01,2.388806E+01,6.041564E+01
09:44:00,8.014758E+03,1.363314E+03,5.580513E-01,1.204008E-01,0.000000E+00,0.000000E+00,0.000000E+00,0.000000E+00,0.000000E+00,0.000000E+00,0.000000E+00,0.000000E+00,2.110805E+01,7.995130E+01,2.388806E+01,6.036865E+01
09:45:00,8.014758E+03,1.369294E+03,5.580513E-01,1.209290E-01,0.000000E+00,0.000000E+00,0.000000E+00,0.000000E+00,0.000000E+00,0.000000E+00,0.000000E+00,0.000000E+00,2.110805E+01,7.995130E+01,2.388805E+01,6.032181E+01
09:46:00,8.014758E+03,1.375278E+03,5.580513E-01,1.214575E-01,0.000000E+00,0.000000E+00,0.000000E+00,0.000000E+00,0.000000E+00,0.000000E+00,0.000000E+00,0.000000E+00,2.110805E+01,7.995130E+01,2.388805E+01,6.027512E+01
09:47:00,8.014758E+03,1.381266E+03,5.580513E-01,1.219863E-01,0.000000E+00,0.000000E+00,0.000000E+00,0.000000E+00,0.000000E+00,0.000000E+00,0.000000E+00,0.000000E+00,2.110805E+01,7.995130E+01,2.388805E+01,6.022858E+01
09:48:00,8.014758E+03,1.387257E+03,5.580513E-01,1.225155E-01,0.000000E+00,0.000000E+00,0.000000E+00,0.000000E+00,0.000000E+00,0.000000E+00,0.000000E+00,0.000000E+00,2.110805E+01,7.995130E+01,2.388805E+01,6.018220E+01
09:49:00,8.014758E+03,1.393252E+03,5.580513E-01,1.230449E-01,0.000000E+00,0.000000E+00,0.000000E+00,0.000000E+00,0.000000E+00,0.000000E+00,0.000000E+00,0.000000E+00,2.110805E+01,7.995130E+01,2.388805E+01,6.013598E+01
09:50:00,8.014758E+03,1.399250E+03,5.580513E-01,1.235747E-01,0.000000E+00,0.000000E+00,0.000000E+00,0.000000E+00,0.000000E+00,0.000000E+00,0.000000E+00,0.000000E+00,2.110805E+01,7.995130E+01,2.388805E+01,6.008991E+01
09:51:00,8.014758E+03,1.405252E+03,5.580513E-01,1.241047E-01,0.000000E+00,0.000000E+00,0.000000E+00,0.000000E+00,0.000000E+00,0.000000E+00,0.000000E+00,0.000000E+00,2.110805E+01,7.995130E+01,2.388805E+01,6.004399E+01
09:52:00,8.014758E+03,1.411255E+03,5.580513E-01,1.246349E-01,0.000000E+00,0.000000E+00,0.000000E+00,0.000000E+00,0.000000E+00,0.000000E+00,0.000000E+00,0.000000E+00,2.110805E+01,7.995130E+01,2.388805E+01,5.999822E+01
09:53:00,8.014758E+03,1.417261E+03,5.580513E-01,1.251654E-01,0.000000E+00,0.000000E+00,0.000000E+00,0.000000E+00,0.000000E+00,0.000000E+00,0.000000E+00,0.000000E+00,2.110805E+01,7.995130E+01,2.388805E+01,5.995262E+01
09:54:00,8.014758E+03,1.423233E+03,5.580513E-01,1.256928E-01,0.000000E+00,0.000000E+00,0.000000E+00,0.000000E+00,0.000000E+00,0.000000E+00,0.000000E+00,0.000000E+00,2.110805E+01,7.995130E+01,2.388804E+01,5.990717E+01
09:55:00,8.014758E+03,1.429206E+03,5.580513E-01,1.262203E-01,0.000000E+00,0.000000E+00,0.000000E+00,0.000000E+00,0.000000E+00,0.000000E+00,0.000000E+00,0.000000E+00,2.110805E+01,7.995130E+01,2.388804E+01,5.986188E+01
09:56:00,8.014758E+03,1.435179E+03,5.580513E-01,1.267478E-01,0.000000E+00,0.000000E+00,0.000000E+00,0.000000E+00,0.000000E+00,0.000000E+00,0.000000E+00,0.000000E+00,2.110805E+01,7.995130E+01,2.388804E+01,5.981676E+01
09:57:00,8.014758E+03,1.441154E+03,5.580513E-01,1.272755E-01,0.000000E+00,0.000000E+00,0.000000E+00,0.000000E+00,0.000000E+00,0.000000E+00,0.000000E+00,0.000000E+00,2.110805E+01,7.995130E+01,2.388804E+01,5.977179E+01
09:58:00,8.014758E+03,1.447129E+03,5.580513E-01,1.278032E-01,0.000000E+00,0.000000E+00,0.000000E+00,0.000000E+00,0.000000E+00,0.000000E+00,0.000000E+00,0.000000E+00,2.110805E+01,7.995130E+01,2.388804E+01,5.972699E+01
09:59:00,8.014758E+03,1.453105E+03,5.580513E-01,1.283310E-01,0.000000E+00,0.000000E+00,0.000000E+00,0.000000E+00,0.000000E+00,0.000000E+00,0.000000E+00,0.000000E+00,2.110805E+01,7.995130E+01,2.388804E+01,5.968235E+01
10:00:00,8.014758E+03,1.459081E+03,5.580513E-01,1.288588E-01,0.000000E+00,0.000000E+00,0.000000E+00,0.000000E+00,0.000000E+00,0.000000E+00,0.000000E+00,0.000000E+00,2.110805E+01,7.995130E+01,2.388804E+01,5.963788E+01
10:01:00,8.014758E+03,1.465058E+03,5.580513E-01,1.293867E-01,0.000000E+00,0.000000E+00,0.000000E+00,0.000000E+00,0.000000E+00,0.000000E+00,0.000000E+00,0.000000E+00,2.110805E+01,7.995130E+01,2.388804E+01,5.959356E+01
10:02:00,8.014758E+03,1.471035E+03,5.580513E-01,1.299146E-01,0.000000E+00,0.000000E+00,0.000000E+00,0.000000E+00,0.000000E+00,0.000000E+00,0.000000E+00,0.000000E+00,2.110805E+01,7.995130E+01,2.388804E+01,5.954946E+01
10:03:00,8.014758E+03,1.477013E+03,5.580513E-01,1.304425E-01,0.000000E+00,0.000000E+00,0.000000E+00,0.000000E+00,0.000000E+00,0.000000E+00,0.000000E+00,0.000000E+00,2.110805E+01,7.995130E+01,2.388803E+01,5.950560E+01
10:04:00,8.014758E+03,1.482990E+03,5.580513E-01,1.309704E-01,0.000000E+00,0.000000E+00,0.000000E+00,0.000000E+00,0.000000E+00,0.000000E+00,0.000000E+00,0.000000E+00,2.110805E+01,7.995130E+01,2.388803E+01,5.946199E+01
10:05:00,8.014758E+03,1.488967E+03,5.580513E-01,1.314982E-01,0.000000E+00,0.000000E+00,0.000000E+00,0.000000E+00,0.000000E+00,0.000000E+00,0.000000E+00,0.000000E+00,2.110805E+01,7.995130E+01,2.388803E+01,5.941862E+01
10:06:00,8.014758E+03,1.494944E+03,5.580513E-01,1.320261E-01,0.000000E+00,0.000000E+00,0.000000E+00,0.000000E+00,0.000000E+00,0.000000E+00,0.000000E+00,0.000000E+00,2.110805E+01,7.995130E+01,2.388803E+01,5.937550E+01
10:07:00,8.014758E+03,1.500919E+03,5.580513E-01,1.325538E-01,0.000000E+00,0.000000E+00,0.000000E+00,0.000000E+00,0.000000E+00,0.000000E+00,0.000000E+00,0.000000E+00,2.110805E+01,7.995130E+01,2.388803E+01,5.933261E+01
10:08:00,8.014758E+03,1.506894E+03,5.580513E-01,1.330815E-01,0.000000E+00,0.000000E+00,0.000000E+00,0.000000E+00,0.000000E+00,0.000000E+00,0.000000E+00,0.000000E+00,2.110805E+01,7.995130E+01,2.388803E+01,5.928997E+01
10:09:00,8.014758E+03,1.512868E+03,5.580513E-01,1.336091E-01,0.000000E+00,0.000000E+00,0.000000E+00,0.000000E+00,0.000000E+00,0.000000E+00,0.000000E+00,0.000000E+00,2.110805E+01,7.995130E+01,2.388803E+01,5.924755E+01
10:10:00,8.014758E+03,1.518840E+03,5.580513E-01,1.341366E-01,0.000000E+00,0.000000E+00,0.000000E+00,0.000000E+00,0.000000E+00,0.000000E+00,0.000000E+00,0.000000E+00,2.110805E+01,7.995130E+01,2.388803E+01,5.920537E+01
10:11:00,8.014758E+03,1.524811E+03,5.580513E-01,1.346639E-01,0.000000E+00,0.000000E+00,0.000000E+00,0.000000E+00,0.000000E+00,0.000000E+00,0.000000E+00,0.000000E+00,2.110805E+01,7.995130E+01,2.388803E+01,5.916341E+01
10:12:00,8.014758E+03,1.530780E+03,5.580513E-01,1.351911E-01,0.000000E+00,0.000000E+00,0.000000E+00,0.000000E+00,0.000000E+00,0.000000E+00,0.000000E+00,0.000000E+00,2.110805E+01,7.995130E+01,2.388803E+01,5.912168E+01
10:13:00,8.014758E+03,1.536747E+03,5.580513E-01,1.357181E-01,0.000000E+00,0.000000E+00,0.000000E+00,0.000000E+00,0.000000E+00,0.000000E+00,0.000000E+00,0.000000E+00,2.110805E+01,7.995130E+01,2.388803E+01,5.908018E+01
10:14:00,8.014758E+03,1.542712E+03,5.580513E-01,1.362449E-01,0.000000E+00,0.000000E+00,0.000000E+00,0.000000E+00,0.000000E+00,0.000000E+00,0.000000E+00,0.000000E+00,2.110805E+01,7.995130E+01,2.388802E+01,5.903890E+01
10:15:00,8.014758E+03,1.548675E+03,5.580513E-01,1.367715E-01,0.000000E+00,0.000000E+00,0.000000E+00,0.000000E+00,0.000000E+00,0.000000E+00,0.000000E+00,0.000000E+00,2.110805E+01,7.995130E+01,2.388802E+01,5.899783E+01
10:16:00,8.014758E+03,1.554635E+03,5.580513E-01,1.372979E-01,0.000000E+00,0.000000E+00,0.000000E+00,0.000000E+00,0.000000E+00,0.000000E+00,0.000000E+00,0.000000E+00,2.110805E+01,7.995130E+01,2.388802E+01,5.895699E+01
10:17:00,8.014758E+03,1.560592E+03,5.580513E-01,1.378240E-01,0.000000E+00,0.000000E+00,0.000000E+00,0.000000E+00,0.000000E+00,0.000000E+00,0.000000E+00,0.000000E+00,2.110805E+01,7.995130E+01,2.388802E+01,5.891635E+01
10:18:00,8.014758E+03,1.566547E+03,5.580513E-01,1.383499E-01,0.000000E+00,0.000000E+00,0.000000E+00,0.000000E+00,0.000000E+00,0.000000E+00,0.000000E+00,0.000000E+00,2.110805E+01,7.995130E+01,2.388802E+01,5.887594E+01
10:19:00,8.014758E+03,1.572498E+03,5.580513E-01,1.388755E-01,0.000000E+00,0.000000E+00,0.000000E+00,0.000000E+00,0.000000E+00,0.000000E+00,0.000000E+00,0.000000E+00,2.110805E+01,7.995130E+01,2.388802E+01,5.883574E+01
10:20:00,8.014758E+03,1.578446E+03,5.580513E-01,1.394008E-01,0.000000E+00,0.000000E+00,0.000000E+00,0.000000E+00,0.000000E+00,0.000000E+00,0.000000E+00,0.000000E+00,2.110805E+01,7.995130E+01,2.388802E+01,5.879575E+01
10:21:00,8.014758E+03,1.584390E+03,5.580513E-01,1.399257E-01,0.000000E+00,0.000000E+00,0.000000E+00,0.000000E+00,0.000000E+00,0.000000E+00,0.000000E+00,0.000000E+00,2.110805E+01,7.995130E+01,2.388802E+01,5.875597E+01
10:22:00,8.014758E+03,1.590330E+03,5.580513E-01,1.404504E-01,0.000000E+00,0.000000E+00,0.000000E+00,0.000000E+00,0.000000E+00,0.000000E+00,0.000000E+00,0.000000E+00,2.110805E+01,7.995130E+01,2.388802E+01,5.871639E+01
10:23:00,8.014758E+03,1.596267E+03,5.580513E-01,1.409747E-01,0.000000E+00,0.000000E+00,0.000000E+00,0.000000E+00,0.000000E+00,0.000000E+00,0.000000E+00,0.000000E+00,2.110805E+01,7.995130E+01,2.388802E+01,5.867702E+01
10:24:00,8.014758E+03,1.602199E+03,5.580513E-01,1.414986E-01,0.000000E+00,0.000000E+00,0.000000E+00,0.000000E+00,0.000000E+00,0.000000E+00,0.000000E+00,0.000000E+00,2.110805E+01,7.995130E+01,2.388802E+01,5.863786E+01
10:25:00,8.014758E+03,1.608127E+03,5.580513E-01,1.420222E-01,0.000000E+00,0.000000E+00,0.000000E+00,0.000000E+00,0.000000E+00,0.000000E+00,0.000000E+00,0.000000E+00,2.110805E+01,7.995130E+01,2.388801E+01,5.859890E+01
10:26:00,8.014758E+03,1.614050E+03,5.580513E-01,1.425453E-01,0.000000E+00,0.000000E+00,0.000000E+00,0.000000E+00,0.000000E+00,0.000000E+00,0.000000E+00,0.000000E+00,2.110805E+01,7.995130E+01,2.388801E+01,5.856014E+01
10:27:00,8.014758E+03,1.619969E+03,5.580513E-01,1.430681E-01,0.000000E+00,0.000000E+00,0.000000E+00,0.000000E+00,0.000000E+00,0.000000E+00,0.000000E+00,0.000000E+00,2.110805E+01,7.995130E+01,2.388801E+01,5.852158E+01
10:28:00,8.014758E+03,1.625883E+03,5.580513E-01,1.435904E-01,0.000000E+00,0.000000E+00,0.000000E+00,0.000000E+00,0.000000E+00,0.000000E+00,0.000000E+00,0.000000E+00,2.110805E+01,7.995130E+01,2.388801E+01,5.848321E+01
10:29:00,8.014758E+03,1.631792E+03,5.580513E-01,1.441122E-01,0.000000E+00,0.000000E+00,0.000000E+00,0.000000E+00,0.000000E+00,0.000000E+00,0.000000E+00,0.000000E+00,2.110805E+01,7.995130E+01,2.388801E+01,5.844505E+01
10:30:00,8.014758E+03,1.637696E+03,5.580513E-01,1.446336E-01,0.000000E+00,0.000000E+00,0.000000E+00,0.000000E+00,0.000000E+00,0.000000E+00,0.000000E+00,0.000000E+00,2.110805E+01,7.995130E+01,2.388801E+01,5.840708E+01
10:31:00,8.014758E+03,1.643594E+03,5.580513E-01,1.451545E-01,0.000000E+00,0.000000E+00,0.000000E+00,0.000000E+00,0.000000E+00,0.000000E+00,0.000000E+00,0.000000E+00,2.110805E+01,7.995130E+01,2.388801E+01,5.836931E+01
10:32:00,8.014758E+03,1.649487E+03,5.580513E-01,1.456750E-01,0.000000E+00,0.000000E+00,0.000000E+00,0.000000E+00,0.000000E+00,0.000000E+00,0.000000E+00,0.000000E+00,2.110805E+01,7.995130E+01,2.388801E+01,5.833173E+01
10:33:00,8.014758E+03,1.655374E+03,5.580513E-01,1.461949E-01,0.000000E+00,0.000000E+00,0.000000E+00,0.000000E+00,0.000000E+00,0.000000E+00,0.000000E+00,0.000000E+00,2.110805E+01,7.995130E+01,2.388801E+01,5.829434E+01
10:34:00,8.014758E+03,1.661255E+03,5.580513E-01,1.467143E-01,0.000000E+00,0.000000E+00,0.000000E+00,0.000000E+00,0.000000E+00,0.000000E+00,0.000000E+00,0.000000E+00,2.110805E+01,7.995130E+01,2.388801E+01,5.825715E+01
10:35:00,8.014758E+03,1.667130E+03,5.580513E-01,1.472332E-01,0.000000E+00,0.000000E+00,0.000000E+00,0.000000E+00,0.000000E+00,0.000000E+00,0.000000E+00,0.000000E+00,2.110805E+01,7.995130E+01,2.388801E+01,5.822014E+01
10:36:00,8.014758E+03,1.672999E+03,5.580513E-01,1.477515E-01,0.000000E+00,0.000000E+00,0.000000E+00,0.000000E+00,0.000000E+00,0.000000E+00,0.000000E+00,0.000000E+00,2.110805E+01,7.995130E+01,2.388801E+01,5.818332E+01
10:37:00,8.014758E+03,1.678861E+03,5.580513E-01,1.482693E-01,0.000000E+00,0.000000E+00,0.000000E+00,0.000000E+00,0.000000E+00,0.000000E+00,0.000000E+00,0.000000E+00,2.110805E+01,7.995130E+01,2.388800E+01,5.814669E+01
10:38:00,8.014758E+03,1.684717E+03,5.580513E-01,1.487864E-01,0.000000E+00,0.000000E+00,0.000000E+00,0.000000E+00,0.000000E+00,0.000000E+00,0.000000E+00,0.000000E+00,2.110805E+01,7.995130E+01,2.388800E+01,5.811024E+01
10:39:00,8.014758E+03,1.690567E+03,5.580513E-01,1.493030E-01,0.000000E+00,0.000000E+00,0.000000E+00,0.000000E+00,0.000000E+00,0.000000E+00,0.000000E+00,0.000000E+00,2.110805E+01,7.995130E+01,2.388800E+01,5.807398E+01
10:40:00,8.014758E+03,1.696409E+03,5.580513E-01,1.498190E-01,0.000000E+00,0.000000E+00,0.000000E+00,0.000000E+00,0.000000E+00,0.000000E+00,0.000000E+00,0.000000E+00,2.110805E+01,7.995130E+01,2.388800E+01,5.803790E+01
10:41:00,8.014758E+03,1.702245E+03,5.580513E-01,1.503344E-01,0.000000E+00,0.000000E+00,0.000000E+00,0.000000E+00,0.000000E+00,0.000000E+00,0.000000E+00,0.000000E+00,2.110805E+01,7.995130E+01,2.388800E+01,5.800201E+01
10:42:00,8.014758E+03,1.708072E+03,5.580513E-01,1.508491E-01,0.000000E+00,0.000000E+00,0.000000E+00,0.000000E+00,0.000000E+00,0.000000E+00,0.000000E+00,0.000000E+00,2.110805E+01,7.995130E+01,2.388800E+01,5.796629E+01
10:43:00,8.014758E+03,1.713893E+03,5.580513E-01,1.513632E-01,0.000000E+00,0.000000E+00,0.000000E+00,0.000000E+00,0.000000E+00,0.000000E+00,0.000000E+00,0.000000E+00,2.110805E+01,7.995130E+01,2.388800E+01,5.793076E+01
10:44:00,8.014758E+03,1.719707E+03,5.580513E-01,1.518766E-01,0.000000E+00,0.000000E+00,0.000000E+00,0.000000E+00,0.000000E+00,0.000000E+00,0.000000E+00,0.000000E+00,2.110805E+01,7.995130E+01,2.388800E+01,5.789541E+01
10:45:00,8.014758E+03,1.725513E+03,5.580513E-01,1.523894E-01,0.000000E+00,0.000000E+00,0.000000E+00,0.000000E+00,0.000000E+00,0.000000E+00,0.000000E+00,0.000000E+00,2.110805E+01,7.995130E+01,2.388800E+01,5.786023E+01
10:46:00,8.014758E+03,1.731310E+03,5.580513E-01,1.529014E-01,0.000000E+00,0.000000E+00,0.000000E+00,0.000000E+00,0.000000E+00,0.000000E+00,0.000000E+00,0.000000E+00,2.110805E+01,7.995130E+01,2.388800E+01,5.782523E+01
10:47:00,8.014758E+03,1.737102E+03,5.580513E-01,1.534129E-01,0.000000E+00,0.000000E+00,0.000000E+00,0.000000E+00,0.000000E+00,0.000000E+00,0.000000E+00,0.000000E+00,2.110805E+01,7.995130E+01,2.388800E+01,5.779041E+01
10:48:00,8.014758E+03,1.742884E+03,5.580513E-01,1.539236E-01,0.000000E+00,0.000000E+00,0.000000E+00,0.000000E+00,0.000000E+00,0.000000E+00,0.000000E+00,0.000000E+00,2.110805E+01,7.995130E+01,2.388800E+01,5.775577E+01
10:49:00,8.014758E+03,1.748658E+03,5.580513E-01,1.544336E-01,0.000000E+00,0.000000E+00,0.000000E+00,0.000000E+00,0.000000E+00,0.000000E+00,0.000000E+00,0.000000E+00,2.110805E+01,7.995130E+01,2.388800E+01,5.772130E+01
10:50:00,8.014758E+03,1.754424E+03,5.580513E-01,1.549428E-01,0.000000E+00,0.000000E+00,0.000000E+00,0.000000E+00,0.000000E+00,0.000000E+00,0.000000E+00,0.000000E+00,2.110805E+01,7.995130E+01,2.388799E+01,5.768700E+01
10:51:00,8.014758E+03,1.760182E+03,5.580513E-01,1.554513E-01,0.000000E+00,0.000000E+00,0.000000E+00,0.000000E+00,0.000000E+00,0.000000E+00,0.000000E+00,0.000000E+00,2.110805E+01,7.995130E+01,2.388799E+01,5.765287E+01
10:52:00,8.014758E+03,1.765931E+03,5.580513E-01,1.559590E-01,0.000000E+00,0.000000E+00,0.000000E+00,0.000000E+00,0.000000E+00,0.000000E+00,0.000000E+00,0.000000E+00,2.110805E+01,7.995130E+01,2.388799E+01,5.761892E+01
10:53:00,8.014758E+03,1.771670E+03,5.580513E-01,1.564659E-01,0.000000E+00,0.000000E+00,0.000000E+00,0.000000E+00,0.000000E+00,0.000000E+00,0.000000E+00,0.000000E+00,2.110805E+01,7.995130E+01,2.388799E+01,5.758513E+01
10:54:00,8.014758E+03,1.777402E+03,5.580513E-01,1.569721E-01,0.000000E+00,0.000000E+00,0.000000E+00,0.000000E+00,0.000000E+00,0.000000E+00,0.000000E+00,0.000000E+00,2.110805E+01,7.995130E+01,2.388799E+01,5.755153E+01
10:55:00,8.014758E+03,1.783123E+03,5.580513E-01,1.574774E-01,0.000000E+00,0.000000E+00,0.000000E+00,0.000000E+00,0.000000E+00,0.000000E+00,0.000000E+00,0.000000E+00,2.110805E+01,7.995130E+01,2.388799E+01,5.751809E+01
10:56:00,8.014758E+03,1.788837E+03,5.580513E-01,1.579820E-01,0.000000E+00,0.000000E+00,0.000000E+00,0.000000E+00,0.000000E+00,0.000000E+00,0.000000E+00,0.000000E+00,2.110805E+01,7.995130E+01,2.388799E+01,5.748482E+01
10:57:00,8.014758E+03,1.794541E+03,5.580513E-01,1.584858E-01,0.000000E+00,0.000000E+00,0.000000E+00,0.000000E+00,0.000000E+00,0.000000E+00,0.000000E+00,0.000000E+00,2.110805E+01,7.995130E+01,2.388799E+01,5.745171E+01
10:58:00,8.014758E+03,1.800236E+03,5.580513E-01,1.589888E-01,0.000000E+00,0.000000E+00,0.000000E+00,0.000000E+00,0.000000E+00,0.000000E+00,0.000000E+00,0.000000E+00,2.110805E+01,7.995130E+01,2.388799E+01,5.741877E+01
10:59:00,8.014758E+03,1.805922E+03,5.580513E-01,1.594909E-01,0.000000E+00,0.000000E+00,0.000000E+00,0.000000E+00,0.000000E+00,0.000000E+00,0.000000E+00,0.000000E+00,2.110805E+01,7.995130E+01,2.388799E+01,5.738599E+01
11:00:00,8.014758E+03,1.811599E+03,5.580513E-01,1.599923E-01,0.000000E+00,0.000000E+00,0.000000E+00,0.000000E+00,0.000000E+00,0.000000E+00,0.000000E+00,0.000000E+00,2.110805E+01,7.995130E+01,2.388799E+01,5.735338E+01
11:01:00,8.014758E+03,1.817257E+03,5.580513E-01,1.604921E-01,0.000000E+00,0.000000E+00,0.000000E+00,0.000000E+00,0.000000E+00,0.000000E+00,0.000000E+00,0.000000E+00,2.110805E+01,7.995130E+01,2.388799E+01,5.732092E+01
11:02:00,8.014758E+03,1.822898E+03,5.580513E-01,1.609902E-01,0.000000E+00,0.000000E+00,0.000000E+00,0.000000E+00,0.000000E+00,0.000000E+00,0.000000E+00,0.000000E+00,2.110805E+01,7.995130E+01,2.388799E+01,5.728873E+01
11:03:00,8.014758E+03,1.828521E+03,5.580513E-01,1.614868E-01,0.000000E+00,0.000000E+00,0.000000E+00,0.000000E+00,0.000000E+00,0.000000E+00,0.000000E+00,0.000000E+00,2.110805E+01,7.995130E+01,2.388799E+01,5.725686E+01
11:04:00,8.014758E+03,1.834126E+03,5.580513E-01,1.619819E-01,0.000000E+00,0.000000E+00,0.000000E+00,0.000000E+00,0.000000E+00,0.000000E+00,0.000000E+00,0.000000E+00,2.110805E+01,7.995130E+01,2.388799E+01,5.722533E+01
11:05:00,8.014758E+03,1.839713E+03,5.580513E-01,1.624753E-01,0.000000E+00,0.000000E+00,0.000000E+00,0.000000E+00,0.000000E+00,0.000000E+00,0.000000E+00,0.000000E+00,2.110805E+01,7.995130E+01,2.388799E+01,5.719414E+01
11:06:00,8.014758E+03,1.845281E+03,5.580513E-01,1.629671E-01,0.000000E+00,0.000000E+00,0.000000E+00,0.000000E+00,0.000000E+00,0.000000E+00,0.000000E+00,0.000000E+00,2.110805E+01,7.995130E+01,2.388798E+01,5.716326E+01
11:07:00,8.014758E+03,1.850832E+03,5.580513E-01,1.634573E-01,0.000000E+00,0.000000E+00,0.000000E+00,0.000000E+00,0.000000E+00,0.000000E+00,0.000000E+00,0.000000E+00,2.110805E+01,7.995130E+01,2.388798E+01,5.713269E+01
11:08:00,8.014758E+03,1.856365E+03,5.580513E-01,1.639459E-01,0.000000E+00,0.000000E+00,0.000000E+00,0.000000E+00,0.000000E+00,0.000000E+00,0.000000E+00,0.000000E+00,2.110805E+01,7.995130E+01,2.388798E+01,5.710242E+01
11:09:00,8.014758E+03,1.861879E+03,5.580513E-01,1.644329E-01,0.000000E+00,0.000000E+00,0.000000E+00,0.000000E+00,0.000000E+00,0.000000E+00,0.000000E+00,0.000000E+00,2.110805E+01,7.995130E+01,2.388798E+01,5.707243E+01
11:10:00,8.014758E+03,1.867375E+03,5.580513E-01,1.649184E-01,0.000000E+00,0.000000E+00,0.000000E+00,0.000000E+00,0.000000E+00,0.000000E+00,0.000000E+00,0.000000E+00,2.110805E+01,7.995130E+01,2.388798E+01,5.704273E+01
11:11:00,8.014758E+03,1.872853E+03,5.580513E-01,1.654022E-01,0.000000E+00,0.000000E+00,0.000000E+00,0.000000E+00,0.000000E+00,0.000000E+00,0.000000E+00,0.000000E+00,2.110805E+01,7.995130E+01,2.388798E+01,5.701330E+01
11:12:00,8.014758E+03,1.878313E+03,5.580513E-01,1.658843E-01,0.000000E+00,0.000000E+00,0.000000E+00,0.000000E+00,0.000000E+00,0.000000E+00,0.000000E+00,0.000000E+00,2.110805E+01,7.995130E+01,2.388798E+01,5.698414E+01
11:13:00,8.014758E+03,1.883754E+03,5.580513E-01,1.663649E-01,0.000000E+00,0.000000E+00,0.000000E+00,0.000000E+00,0.000000E+00,0.000000E+00,0.000000E+00,0.000000E+00,2.110805E+01,7.995130E+01,2.388798E+01,5.695523E+01
11:14:00,8.014758E+03,1.889177E+03,5.580513E-01,1.668438E-01,0.000000E+00,0.000000E+00,0.000000E+00,0.000000E+00,0.000000E+00,0.000000E+00,0.000000E+00,0.000000E+00,2.110805E+01,7.995130E+01,2.388798E+01,5.692658E+01
11:15:00,8.014758E+03,1.894582E+03,5.580513E-01,1.673212E-01,0.000000E+00,0.000000E+00,0.000000E+00,0.000000E+00,0.000000E+00,0.000000E+00,0.000000E+00,0.000000E+00,2.110805E+01,7.995130E+01,2.388798E+01,5.689817E+01
11:16:00,8.014758E+03,1.899968E+03,5.580513E-01,1.677969E-01,0.000000E+00,0.000000E+00,0.000000E+00,0.000000E+00,0.000000E+00,0.000000E+00,0.000000E+00,0.000000E+00,2.110805E+01,7.995130E+01,2.388798E+01,5.687000E+01
11:17:00,8.014758E+03,1.905337E+03,5.580513E-01,1.682710E-01,0.000000E+00,0.000000E+00,0.000000E+00,0.000000E+00,0.000000E+00,0.000000E+00,0.000000E+00,0.000000E+00,2.110805E+01,7.995130E+01,2.388798E+01,5.684206E+01
11:18:00,8.014758E+03,1.910687E+03,5.580513E-01,1.687435E-01,0.000000E+00,0.000000E+00,0.000000E+00,0.000000E+00,0.000000E+00,0.000000E+00,0.000000E+00,0.000000E+00,2.110805E+01,7.995130E+01,2.388798E+01,5.681435E+01
11:19:00,8.014758E+03,1.916019E+03,5.580513E-01,1.692145E-01,0.000000E+00,0.000000E+00,0.000000E+00,0.000000E+00,0.000000E+00,0.000000E+00,0.000000E+00,0.000000E+00,2.110805E+01,7.995130E+01,2.388798E+01,5.678685E+01
11:20:00,8.014758E+03,1.921334E+03,5.580513E-01,1.696838E-01,0.000000E+00,0.000000E+00,0.000000E+00,0.000000E+00,0.000000E+00,0.000000E+00,0.000000E+00,0.000000E+00,2.110805E+01,7.995130E+01,2.388798E+01,5.675956E+01
11:21:00,8.014758E+03,1.926630E+03,5.580513E-01,1.701516E-01,0.000000E+00,0.000000E+00,0.000000E+00,0.000000E+00,0.000000E+00,0.000000E+00,0.000000E+00,0.000000E+00,2.110805E+01,7.995130E+01,2.388798E+01,5.673248E+01
11:22:00,8.014758E+03,1.931909E+03,5.580513E-01,1.706178E-01,0.000000E+00,0.000000E+00,0.000000E+00,0.000000E+00,0.000000E+00,0.000000E+00,0.000000E+00,0.000000E+00,2.110805E+01,7.995130E+01,2.388798E+01,5.670559E+01
11:23:00,8.014758E+03,1.937169E+03,5.580513E-01,1.710824E-01,0.000000E+00,0.000000E+00,0.000000E+00,0.000000E+00,0.000000E+00,0.000000E+00,0.000000E+00,0.000000E+00,2.110805E+01,7.995130E+01,2.388798E+01,5.667891E+01
11:24:00,8.014758E+03,1.942413E+03,5.580513E-01,1.715455E-01,0.000000E+00,0.000000E+00,0.000000E+00,0.000000E+00,0.000000E+00,0.000000E+00,0.000000E+00,0.000000E+00,2.110805E+01,7.995130E+01,2.388798E+01,5.665240E+01
11:25:00,8.014758E+03,1.947639E+03,5.580513E-01,1.720071E-01,0.000000E+00,0.000000E+00,0.000000E+00,0.000000E+00,0.000000E+00,0.000000E+00,0.000000E+00,0.000000E+00,2.110805E+01,7.995130E+01,2.388798E+01,5.662608E+01
11:26:00,8.014758E+03,1.952849E+03,5.580513E-01,1.724672E-01,0.000000E+00,0.000000E+00,0.000000E+00,0.000000E+00,0.000000E+00,0.000000E+00,0.000000E+00,0.000000E+00,2.110805E+01,7.995130E+01,2.388798E+01,5.659993E+01
11:27:00,8.014758E+03,1.958041E+03,5.580513E-01,1.729258E-01,0.000000E+00,0.000000E+00,0.000000E+00,0.000000E+00,0.000000E+00,0.000000E+00,0.000000E+00,0.000000E+00,2.110805E+01,7.995130E+01,2.388798E+01,5.657395E+01
11:28:00,8.014758E+03,1.963218E+03,5.580513E-01,1.733829E-01,0.000000E+00,0.000000E+00,0.000000E+00,0.000000E+00,0.000000E+00,0.000000E+00,0.000000E+00,0.000000E+00,2.110805E+01,7.995130E+01,2.388798E+01,5.654812E+01
11:29:00,8.014758E+03,1.968378E+03,5.580513E-01,1.738387E-01,0.000000E+00,0.000000E+00,0.000000E+00,0.000000E+00,0.000000E+00,0.000000E+00,0.000000E+00,0.000000E+00,2.110805E+01,7.995130E+01,2.388797E+01,5.652245E+01
11:30:00,8.014758E+03,1.973523E+03,5.580513E-01,1.742931E-01,0.000000E+00,0.000000E+00,0.000000E+00,0.000000E+00,0.000000E+00,0.000000E+00,0.000000E+00,0.000000E+00,2.110805E+01,7.995130E+01,2.388797E+01,5.649693E+01
11:31:00,8.014758E+03,1.978652E+03,5.580513E-01,1.747461E-01,0.000000E+00,0.000000E+00,0.000000E+00,0.000000E+00,0.000000E+00,0.000000E+00,0.000000E+00,0.000000E+00,2.110805E+01,7.995130E+01,2.388797E+01,5.647155E+01
11:32:00,8.014758E+03,1.983767E+03,5.580513E-01,1.751978E-01,0.000000E+00,0.000000E+00,0.000000E+00,0.000000E+00,0.000000E+00,0.000000E+00,0.000000E+00,0.000000E+00,2.110805E+01,7.995130E+01,2.388797E+01,5.644630E+01
11:33:00,8.014758E+03,1.988867E+03,5.580513E-01,1.756482E-01,0.000000E+00,0.000000E+00,0.000000E+00,0.000000E+00,0.000000E+00,0.000000E+00,0.000000E+00,0.000000E+00,2.110805E+01,7.995130E+01,2.388797E+01,5.642117E+01
11:34:00,8.014758E+03,1.993954E+03,5.580513E-01,1.760975E-01,0.000000E+00,0.000000E+00,0.000000E+00,0.000000E+00,0.000000E+00,0.000000E+00,0.000000E+00,0.000000E+00,2.110805E+01,7.995130E+01,2.388797E+01,5.639617E+01
11:35:00,8.014758E+03,1.999027E+03,5.580513E-01,1.765455E-01,0.000000E+00,0.000000E+00,0.000000E+00,0.000000E+00,0.000000E+00,0.000000E+00,0.000000E+00,0.000000E+00,2.110805E+01,7.995130E+01,2.388797E+01,5.637127E+01
11:36:00,8.014758E+03,2.004087E+03,5.580513E-01,1.769924E-01,0.000000E+00,0.000000E+00,0.000000E+00,0.000000E+00,0.000000E+00,0.000000E+00,0.000000E+00,0.000000E+00,2.110805E+01,7.995130E+01,2.388797E+01,5.634648E+01
11:37:00,8.014758E+03,2.009134E+03,5.580513E-01,1.774382E-01,0.000000E+00,0.000000E+00,0.000000E+00,0.000000E+00,0.000000E+00,0.000000E+00,0.000000E+00,0.000000E+00,2.110805E+01,7.995130E+01,2.388797E+01,5.632178E+01
11:38:00,8.014758E+03,2.014169E+03,5.580513E-01,1.778828E-01,0.000000E+00,0.000000E+00,0.000000E+00,0.000000E+00,0.000000E+00,0.000000E+00,0.000000E+00,0.000000E+00,2.110805E+01,7.995130E+01,2.388797E+01,5.629718E+01
11:39:00,8.014758E+03,2.019191E+03,5.580513E-01,1.783263E-01,0.000000E+00,0.000000E+00,0.000000E+00,0.000000E+00,0.000000E+00,0.000000E+00,0.000000E+00,0.000000E+00,2.110805E+01,7.995130E+01,2.388797E+01,5.627268E+01
11:40:00,8.014758E+03,2.024200E+03,5.580513E-01,1.787687E-01,0.000000E+00,0.000000E+00,0.000000E+00,0.000000E+00,0.000000E+00,0.000000E+00,0.000000E+00,0.000000E+00,2.110805E+01,7.995130E+01,2.388797E+01,5.624827E+01
11:41:00,8.014758E+03,2.029196E+03,5.580513E-01,1.792100E-01,0.000000E+00,0.000000E+00,0.000000E+00,0.000000E+00,0.000000E+00,0.000000E+00,0.000000E+00,0.000000E+00,2.110805E+01,7.995130E+01,2.388797E+01,5.622395E+01
11:42:00,8.014758E+03,2.034180E+03,5.580513E-01,1.796501E-01,0.000000E+00,0.000000E+00,0.000000E+00,0.000000E+00,0.000000E+00,0.000000E+00,0.000000E+00,0.000000E+00,2.110805E+01,7.995130E+01,2.388797E+01,5.619971E+01
11:43:00,8.014758E+03,2.039150E+03,5.580513E-01,1.800891E-01,0.000000E+00,0.000000E+00,0.000000E+00,0.000000E+00,0.000000E+00,0.000000E+00,0.000000E+00,0.000000E+00,2.110805E+01,7.995130E+01,2.388797E+01,5.617558E+01
11:44:00,8.014758E+03,2.044107E+03,5.580513E-01,1.805269E-01,0.000000E+00,0.000000E+00,0.000000E+00,0.000000E+00,0.000000E+00,0.000000E+00,0.000000E+00,0.000000E+00,2.110805E+01,7.995130E+01,2.388797E+01,5.615154E+01
11:45:00,8.014758E+03,2.049050E+03,5.580513E-01,1.809634E-01,0.000000E+00,0.000000E+00,0.000000E+00,0.000000E+00,0.000000E+00,0.000000E+00,0.000000E+00,0.000000E+00,2.110805E+01,7.995130E+01,2.388797E+01,5.612760E+01
11:46:00,8.014758E+03,2.053977E+03,5.580513E-01,1.813986E-01,0.000000E+00,0.000000E+00,0.000000E+00,0.000000E+00,0.000000E+00,0.000000E+00,0.000000E+00,0.000000E+00,2.110805E+01,7.995130E+01,2.388796E+01,5.610377E+01
11:47:00,8.014758E+03,2.058889E+03,5.580513E-01,1.818324E-01,0.000000E+00,0.000000E+00,0.000000E+00,0.000000E+00,0.000000E+00,0.000000E+00,0.000000E+00,0.000000E+00,2.110805E+01,7.995130E+01,2.388796E+01,5.608004E+01
11:48:00,8.014758E+03,2.063783E+03,5.580513E-01,1.822646E-01,0.000000E+00,0.000000E+00,0.000000E+00,0.000000E+00,0.000000E+00,0.000000E+00,0.000000E+00,0.000000E+00,2.110805E+01,7.995130E+01,2.388796E+01,5.605645E+01
11:49:00,8.014758E+03,2.068660E+03,5.580513E-01,1.826953E-01,0.000000E+00,0.000000E+00,0.000000E+00,0.000000E+00,0.000000E+00,0.000000E+00,0.000000E+00,0.000000E+00,2.110805E+01,7.995130E+01,2.388796E+01,5.603298E+01
11:50:00,8.014758E+03,2.073518E+03,5.580513E-01,1.831244E-01,0.000000E+00,0.000000E+00,0.000000E+00,0.000000E+00,0.000000E+00,0.000000E+00,0.000000E+00,0.000000E+00,2.110805E+01,7.995130E+01,2.388796E+01,5.600967E+01
11:51:00,8.014758E+03,2.078358E+03,5.580513E-01,1.835518E-01,0.000000E+00,0.000000E+00,0.000000E+00,0.000000E+00,0.000000E+00,0.000000E+00,0.000000E+00,0.000000E+00,2.110805E+01,7.995130E+01,2.388796E+01,5.598650E+01
11:52:00,8.014758E+03,2.083178E+03,5.580513E-01,1.839775E-01,0.000000E+00,0.000000E+00,0.000000E+00,0.000000E+00,0.000000E+00,0.000000E+00,0.000000E+00,0.000000E+00,2.110805E+01,7.995130E+01,2.388796E+01,5.596348E+01
11:53:00,8.014758E+03,2.087981E+03,5.580513E-01,1.844017E-01,0.000000E+00,0.000000E+00,0.000000E+00,0.000000E+00,0.000000E+00,0.000000E+00,0.000000E+00,0.000000E+00,2.110805E+01,7.995130E+01,2.388796E+01,5.594061E+01
11:54:00,8.014758E+03,2.092762E+03,5.580513E-01,1.848240E-01,0.000000E+00,0.000000E+00,0.000000E+00,0.000000E+00,0.000000E+00,0.000000E+00,0.000000E+00,0.000000E+00,2.110805E+01,7.995130E+01,2.388796E+01,5.591789E+01
11:55:00,8.014758E+03,2.097525E+03,5.580513E-01,1.852447E-01,0.000000E+00,0.000000E+00,0.000000E+00,0.000000E+00,0.000000E+00,0.000000E+00,0.000000E+00,0.000000E+00,2.110805E+01,7.995130E+01,2.388796E+01,5.589533E+01
11:56:00,8.014758E+03,2.102266E+03,5.580513E-01,1.856634E-01,0.000000E+00,0.000000E+00,0.000000E+00,0.000000E+00,0.000000E+00,0.000000E+00,0.000000E+00,0.000000E+00,2.110805E+01,7.995130E+01,2.388796E+01,5.587292E+01
11:57:00,8.014758E+03,2.106988E+03,5.580513E-01,1.860803E-01,0.000000E+00,0.000000E+00,0.000000E+00,0.000000E+00,0.000000E+00,0.000000E+00,0.000000E+00,0.000000E+00,2.110805E+01,7.995130E+01,2.388796E+01,5.585067E+01
11:58:00,8.014758E+03,2.111687E+03,5.580513E-01,1.864954E-01,0.000000E+00,0.000000E+00,0.000000E+00,0.000000E+00,0.000000E+00,0.000000E+00,0.000000E+00,0.000000E+00,2.110805E+01,7.995130E+01,2.388796E+01,5.582856E+01
11:59:00,8.014758E+03,2.116366E+03,5.580513E-01,1.869086E-01,0.000000E+00,0.000000E+00,0.000000E+00,0.000000E+00,0.000000E+00,0.000000E+00,0.000000E+00,0.000000E+00,2.110805E+01,7.995130E+01,2.388796E+01,5.580662E+01
12:00:00,8.014758E+03,2.121023E+03,5.580513E-01,1.873199E-01,0.000000E+00,0.000000E+00,0.000000E+00,0.000000E+00,0.000000E+00,0.000000E+00,0.000000E+00,0.000000E+00,2.110805E+01,7.995130E+01,2.388796E+01,5.578483E+01
12:01:00,8.014758E+03,2.125667E+03,5.580513E-01,1.877301E-01,0.000000E+00,0.000000E+00,0.000000E+00,0.000000E+00,0.000000E+00,0.000000E+00,0.000000E+00,0.000000E+00,2.110805E+01,7.995130E+01,2.388796E+01,5.576319E+01
12:02:00,8.014758E+03,2.130297E+03,5.580513E-01,1.881390E-01,0.000000E+00,0.000000E+00,0.000000E+00,0.000000E+00,0.000000E+00,0.000000E+00,0.000000E+00,0.000000E+00,2.110805E+01,7.995130E+01,2.388796E+01,5.574175E+01
12:03:00,8.014758E+03,2.134913E+03,5.580513E-01,1.885466E-01,0.000000E+00,0.000000E+00,0.000000E+00,0.000000E+00,0.000000E+00,0.000000E+00,0.000000E+00,0.000000E+00,2.110805E+01,7.995130E+01,2.388796E+01,5.572051E+01
12:04:00,8.014758E+03,2.139515E+03,5.580513E-01,1.889530E-01,0.000000E+00,0.000000E+00,0.000000E+00,0.000000E+00,0.000000E+00,0.000000E+00,0.000000E+00,0.000000E+00,2.110805E+01,7.995130E+01,2.388796E+01,5.569950E+01
12:05:00,8.014758E+03,2.144101E+03,5.580513E-01,1.893581E-01,0.000000E+00,0.000000E+00,0.000000E+00,0.000000E+00,0.000000E+00,0.000000E+00,0.000000E+00,0.000000E+00,2.110805E+01,7.995130E+01,2.388796E+01,5.567870E+01
12:06:00,8.014758E+03,2.148673E+03,5.580513E-01,1.897619E-01,0.000000E+00,0.000000E+00,0.000000E+00,0.000000E+00,0.000000E+00,0.000000E+00,0.000000E+00,0.000000E+00,2.110805E+01,7.995130E+01,2.388796E+01,5.565811E+01
12:07:00,8.014758E+03,2.153230E+03,5.580513E-01,1.901643E-01,0.000000E+00,0.000000E+00,0.000000E+00,0.000000E+00,0.000000E+00,0.000000E+00,0.000000E+00,0.000000E+00,2.110805E+01,7.995130E+01,2.388796E+01,5.563773E+01
12:08:00,8.014758E+03,2.157771E+03,5.580513E-01,1.905654E-01,0.000000E+00,0.000000E+00,0.000000E+00,0.000000E+00,0.000000E+00,0.000000E+00,0.000000E+00,0.000000E+00,2.110805E+01,7.995130E+01,2.388796E+01,5.561755E+01
12:09:00,8.014758E+03,2.162295E+03,5.580513E-01,1.909649E-01,0.000000E+00,0.000000E+00,0.000000E+00,0.000000E+00,0.000000E+00,0.000000E+00,0.000000E+00,0.000000E+00,2.110805E+01,7.995130E+01,2.388796E+01,5.559757E+01
12:10:00,8.014758E+03,2.166800E+03,5.580513E-01,1.913628E-01,0.000000E+00,0.000000E+00,0.000000E+00,0.000000E+00,0.000000E+00,0.000000E+00,0.000000E+00,0.000000E+00,2.110805E+01,7.995130E+01,2.388796E+01,5.557780E+01
12:11:00,8.014758E+03,2.171286E+03,5.580513E-01,1.917590E-01,0.000000E+00,0.000000E+00,0.000000E+00,0.000000E+00,0.000000E+00,0.000000E+00,0.000000E+00,0.000000E+00,2.110805E+01,7.995130E+01,2.388796E+01,5.555824E+01
12:12:00,8.014758E+03,2.175752E+03,5.580513E-01,1.921534E-01,0.000000E+00,0.000000E+00,0.000000E+00,0.000000E+00,0.000000E+00,0.000000E+00,0.000000E+00,0.000000E+00,2.110805E+01,7.995130E+01,2.388796E+01,5.553890E+01
12:13:00,8.014758E+03,2.180195E+03,5.580513E-01,1.925459E-01,0.000000E+00,0.000000E+00,0.000000E+00,0.000000E+00,0.000000E+00,0.000000E+00,0.000000E+00,0.000000E+00,2.110805E+01,7.995130E+01,2.388796E+01,5.551978E+01
12:14:00,8.014758E+03,2.184616E+03,5.580513E-01,1.929363E-01,0.000000E+00,0.000000E+00,0.000000E+00,0.000000E+00,0.000000E+00,0.000000E+00,0.000000E+00,0.000000E+00,2.110805E+01,7.995130E+01,2.388796E+01,5.550089E+01
12:15:00,8.014758E+03,2.189012E+03,5.580513E-01,1.933245E-01,0.000000E+00,0.000000E+00,0.000000E+00,0.000000E+00,0.000000E+00,0.000000E+00,0.000000E+00,0.000000E+00,2.110805E+01,7.995130E+01,2.388796E+01,5.548223E+01
12:16:00,8.014758E+03,2.193383E+03,5.580513E-01,1.937106E-01,0.000000E+00,0.000000E+00,0.000000E+00,0.000000E+00,0.000000E+00,0.000000E+00,0.000000E+00,0.000000E+00,2.110805E+01,7.995130E+01,2.388796E+01,5.546382E+01
12:17:00,8.014758E+03,2.197728E+03,5.580513E-01,1.940943E-01,0.000000E+00,0.000000E+00,0.000000E+00,0.000000E+00,0.000000E+00,0.000000E+00,0.000000E+00,0.000000E+00,2.110805E+01,7.995130E+01,2.388796E+01,5.544565E+01
12:18:00,8.014758E+03,2.202045E+03,5.580513E-01,1.944756E-01,0.000000E+00,0.000000E+00,0.000000E+00,0.000000E+00,0.000000E+00,0.000000E+00,0.000000E+00,0.000000E+00,2.110805E+01,7.995130E+01,2.388796E+01,5.542773E+01
12:19:00,8.014758E+03,2.206335E+03,5.580513E-01,1.948544E-01,0.000000E+00,0.000000E+00,0.000000E+00,0.000000E+00,0.000000E+00,0.000000E+00,0.000000E+00,0.000000E+00,2.110805E+01,7.995130E+01,2.388796E+01,5.541005E+01
12:20:00,8.014758E+03,2.210596E+03,5.580513E-01,1.952307E-01,0.000000E+00,0.000000E+00,0.000000E+00,0.000000E+00,0.000000E+00,0.000000E+00,0.000000E+00,0.000000E+00,2.110805E+01,7.995130E+01,2.388796E+01,5.539262E+01
12:21:00,8.014758E+03,2.214827E+03,5.580513E-01,1.956044E-01,0.000000E+00,0.000000E+00,0.000000E+00,0.000000E+00,0.000000E+00,0.000000E+00,0.000000E+00,0.000000E+00,2.110805E+01,7.995130E+01,2.388796E+01,5.537543E+01
12:22:00,8.014758E+03,2.219027E+03,5.580513E-01,1.959754E-01,0.000000E+00,0.000000E+00,0.000000E+00,0.000000E+00,0.000000E+00,0.000000E+00,0.000000E+00,0.000000E+00,2.110805E+01,7.995130E+01,2.388796E+01,5.535849E+01
12:23:00,8.014758E+03,2.223196E+03,5.580513E-01,1.963436E-01,0.000000E+00,0.000000E+00,0.000000E+00,0.000000E+00,0.000000E+00,0.000000E+00,0.000000E+00,0.000000E+00,2.110805E+01,7.995130E+01,2.388796E+01,5.534179E+01
12:24:00,8.014758E+03,2.227334E+03,5.580513E-01,1.967090E-01,0.000000E+00,0.000000E+00,0.000000E+00,0.000000E+00,0.000000E+00,0.000000E+00,0.000000E+00,0.000000E+00,2.110805E+01,7.995130E+01,2.388796E+01,5.532533E+01
12:25:00,8.014758E+03,2.231439E+03,5.580513E-01,1.970716E-01,0.000000E+00,0.000000E+00,0.000000E+00,0.000000E+00,0.000000E+00,0.000000E+00,0.000000E+00,0.000000E+00,2.110805E+01,7.995130E+01,2.388796E+01,5.530911E+01
12:26:00,8.014758E+03,2.235512E+03,5.580513E-01,1.974313E-01,0.000000E+00,0.000000E+00,0.000000E+00,0.000000E+00,0.000000E+00,0.000000E+00,0.000000E+00,0.000000E+00,2.110805E+01,7.995130E+01,2.388796E+01,5.529311E+01
12:27:00,8.014758E+03,2.239552E+03,5.580513E-01,1.977881E-01,0.000000E+00,0.000000E+00,0.000000E+00,0.000000E+00,0.000000E+00,0.000000E+00,0.000000E+00,0.000000E+00,2.110805E+01,7.995130E+01,2.388796E+01,5.527734E+01
12:28:00,8.014758E+03,2.243558E+03,5.580513E-01,1.981418E-01,0.000000E+00,0.000000E+00,0.000000E+00,0.000000E+00,0.000000E+00,0.000000E+00,0.000000E+00,0.000000E+00,2.110805E+01,7.995130E+01,2.388796E+01,5.526178E+01
12:29:00,8.014758E+03,2.247530E+03,5.580513E-01,1.984927E-01,0.000000E+00,0.000000E+00,0.000000E+00,0.000000E+00,0.000000E+00,0.000000E+00,0.000000E+00,0.000000E+00,2.110805E+01,7.995130E+01,2.388796E+01,5.524644E+01
12:30:00,8.014758E+03,2.251469E+03,5.580513E-01,1.988405E-01,0.000000E+00,0.000000E+00,0.000000E+00,0.000000E+00,0.000000E+00,0.000000E+00,0.000000E+00,0.000000E+00,2.110805E+01,7.995130E+01,2.388795E+01,5.523130E+01
12:31:00,8.014758E+03,2.255372E+03,5.580513E-01,1.991853E-01,0.000000E+00,0.000000E+00,0.000000E+00,0.000000E+00,0.000000E+00,0.000000E+00,0.000000E+00,0.000000E+00,2.110805E+01,7.995130E+01,2.388795E+01,5.521635E+01
12:32:00,8.014758E+03,2.259240E+03,5.580513E-01,1.995269E-01,0.000000E+00,0.000000E+00,0.000000E+00,0.000000E+00,0.000000E+00,0.000000E+00,0.000000E+00,0.000000E+00,2.110805E+01,7.995130E+01,2.388795E+01,5.520158E+01
12:33:00,8.014758E+03,2.263072E+03,5.580513E-01,1.998653E-01,0.000000E+00,0.000000E+00,0.000000E+00,0.000000E+00,0.000000E+00,0.000000E+00,0.000000E+00,0.000000E+00,2.110805E+01,7.995130E+01,2.388795E+01,5.518700E+01
12:34:00,8.014758E+03,2.266866E+03,5.580513E-01,2.002004E-01,0.000000E+00,0.000000E+00,0.000000E+00,0.000000E+00,0.000000E+00,0.000000E+00,0.000000E+00,0.000000E+00,2.110805E+01,7.995130E+01,2.388795E+01,5.517261E+01
12:35:00,8.014758E+03,2.270624E+03,5.580513E-01,2.005322E-01,0.000000E+00,0.000000E+00,0.000000E+00,0.000000E+00,0.000000E+00,0.000000E+00,0.000000E+00,0.000000E+00,2.110805E+01,7.995130E+01,2.388795E+01,5.515838E+01
12:36:00,8.014758E+03,2.274343E+03,5.580513E-01,2.008607E-01,0.000000E+00,0.000000E+00,0.000000E+00,0.000000E+00,0.000000E+00,0.000000E+00,0.000000E+00,0.000000E+00,2.110805E+01,7.995130E+01,2.388795E+01,5.514433E+01
12:37:00,8.014758E+03,2.278024E+03,5.580513E-01,2.011858E-01,0.000000E+00,0.000000E+00,0.000000E+00,0.000000E+00,0.000000E+00,0.000000E+00,0.000000E+00,0.000000E+00,2.110805E+01,7.995130E+01,2.388795E+01,5.513044E+01
12:38:00,8.014758E+03,2.281667E+03,5.580513E-01,2.015076E-01,0.000000E+00,0.000000E+00,0.000000E+00,0.000000E+00,0.000000E+00,0.000000E+00,0.000000E+00,0.000000E+00,2.110805E+01,7.995130E+01,2.388795E+01,5.511671E+01
12:39:00,8.014758E+03,2.285271E+03,5.580513E-01,2.018258E-01,0.000000E+00,0.000000E+00,0.000000E+00,0.000000E+00,0.000000E+00,0.000000E+00,0.000000E+00,0.000000E+00,2.110805E+01,7.995130E+01,2.388795E+01,5.510314E+01
12:40:00,8.014758E+03,2.288835E+03,5.580513E-01,2.021407E-01,0.000000E+00,0.000000E+00,0.000000E+00,0.000000E+00,0.000000E+00,0.000000E+00,0.000000E+00,0.000000E+00,2.110805E+01,7.995130E+01,2.388795E+01,5.508972E+01
12:41:00,8.014758E+03,2.292361E+03,5.580513E-01,2.024521E-01,0.000000E+00,0.000000E+00,0.000000E+00,0.000000E+00,0.000000E+00,0.000000E+00,0.000000E+00,0.000000E+00,2.110805E+01,7.995130E+01,2.388795E+01,5.507645E+01
12:42:00,8.014758E+03,2.295848E+03,5.580513E-01,2.027600E-01,0.000000E+00,0.000000E+00,0.000000E+00,0.000000E+00,0.000000E+00,0.000000E+00,0.000000E+00,0.000000E+00,2.110805E+01,7.995130E+01,2.388795E+01,5.506333E+01
12:43:00,8.014758E+03,2.299296E+03,5.580513E-01,2.030645E-01,0.000000E+00,0.000000E+00,0.000000E+00,0.000000E+00,0.000000E+00,0.000000E+00,0.000000E+00,0.000000E+00,2.110805E+01,7.995130E+01,2.388795E+01,5.505035E+01
12:44:00,8.014758E+03,2.302706E+03,5.580513E-01,2.033656E-01,0.000000E+00,0.000000E+00,0.000000E+00,0.000000E+00,0.000000E+00,0.000000E+00,0.000000E+00,0.000000E+00,2.110805E+01,7.995130E+01,2.388795E+01,5.503751E+01
12:45:00,8.014758E+03,2.306077E+03,5.580513E-01,2.036634E-01,0.000000E+00,0.000000E+00,0.000000E+00,0.000000E+00,0.000000E+00,0.000000E+00,0.000000E+00,0.000000E+00,2.110805E+01,7.995130E+01,2.388795E+01,5.502480E+01
12:46:00,8.014758E+03,2.309410E+03,5.580513E-01,2.039578E-01,0.000000E+00,0.000000E+00,0.000000E+00,0.000000E+00,0.000000E+00,0.000000E+00,0.000000E+00,0.000000E+00,2.110805E+01,7.995130E+01,2.388795E+01,5.501223E+01
12:47:00,8.014758E+03,2.312707E+03,5.580513E-01,2.042490E-01,0.000000E+00,0.000000E+00,0.000000E+00,0.000000E+00,0.000000E+00,0.000000E+00,0.000000E+00,0.000000E+00,2.110805E+01,7.995130E+01,2.388795E+01,5.499978E+01
12:48:00,8.014758E+03,2.315968E+03,5.580513E-01,2.045370E-01,0.000000E+00,0.000000E+00,0.000000E+00,0.000000E+00,0.000000E+00,0.000000E+00,0.000000E+00,0.000000E+00,2.110805E+01,7.995130E+01,2.388795E+01,5.498747E+01
12:49:00,8.014758E+03,2.319195E+03,5.580513E-01,2.048219E-01,0.000000E+00,0.000000E+00,0.000000E+00,0.000000E+00,0.000000E+00,0.000000E+00,0.000000E+00,0.000000E+00,2.110805E+01,7.995130E+01,2.388795E+01,5.497528E+01
12:50:00,8.014758E+03,2.322386E+03,5.580513E-01,2.051037E-01,0.000000E+00,0.000000E+00,0.000000E+00,0.000000E+00,0.000000E+00,0.000000E+00,0.000000E+00,0.000000E+00,2.110805E+01,7.995130E+01,2.388795E+01,5.496321E+01
12:51:00,8.014758E+03,2.325543E+03,5.580513E-01,2.053825E-01,0.000000E+00,0.000000E+00,0.000000E+00,0.000000E+00,0.000000E+00,0.000000E+00,0.000000E+00,0.000000E+00,2.110805E+01,7.995130E+01,2.388795E+01,5.495127E+01
12:52:00,8.014758E+03,2.328665E+03,5.580513E-01,2.056583E-01,0.000000E+00,0.000000E+00,0.000000E+00,0.000000E+00,0.000000E+00,0.000000E+00,0.000000E+00,0.000000E+00,2.110805E+01,7.995130E+01,2.388795E+01,5.493943E+01
12:53:00,8.014758E+03,2.331753E+03,5.580513E-01,2.059311E-01,0.000000E+00,0.000000E+00,0.000000E+00,0.000000E+00,0.000000E+00,0.000000E+00,0.000000E+00,0.000000E+00,2.110805E+01,7.995130E+01,2.388795E+01,5.492772E+01
12:54:00,8.014758E+03,2.334808E+03,5.580513E-01,2.062008E-01,0.000000E+00,0.000000E+00,0.000000E+00,0.000000E+00,0.000000E+00,0.000000E+00,0.000000E+00,0.000000E+00,2.110805E+01,7.995130E+01,2.388795E+01,5.491611E+01
12:55:00,8.014758E+03,2.337828E+03,5.580513E-01,2.064676E-01,0.000000E+00,0.000000E+00,0.000000E+00,0.000000E+00,0.000000E+00,0.000000E+00,0.000000E+00,0.000000E+00,2.110805E+01,7.995130E+01,2.388795E+01,5.490462E+01
12:56:00,8.014758E+03,2.340815E+03,5.580513E-01,2.067314E-01,0.000000E+00,0.000000E+00,0.000000E+00,0.000000E+00,0.000000E+00,0.000000E+00,0.000000E+00,0.000000E+00,2.110805E+01,7.995130E+01,2.388795E+01,5.489323E+01
12:57:00,8.014758E+03,2.343769E+03,5.580513E-01,2.069922E-01,0.000000E+00,0.000000E+00,0.000000E+00,0.000000E+00,0.000000E+00,0.000000E+00,0.000000E+00,0.000000E+00,2.110805E+01,7.995130E+01,2.388795E+01,5.488196E+01
12:58:00,8.014758E+03,2.346689E+03,5.580513E-01,2.072501E-01,0.000000E+00,0.000000E+00,0.000000E+00,0.000000E+00,0.000000E+00,0.000000E+00,0.000000E+00,0.000000E+00,2.110805E+01,7.995130E+01,2.388795E+01,5.487078E+01
12:59:00,8.014758E+03,2.349576E+03,5.580513E-01,2.075051E-01,0.000000E+00,0.000000E+00,0.000000E+00,0.000000E+00,0.000000E+00,0.000000E+00,0.000000E+00,0.000000E+00,2.110805E+01,7.995130E+01,2.388795E+01,5.485971E+01
13:00:00,8.014758E+03,2.352430E+03,5.580513E-01,2.077571E-01,0.000000E+00,0.000000E+00,0.000000E+00,0.000000E+00,0.000000E+00,0.000000E+00,0.000000E+00,0.000000E+00,2.110805E+01,7.995130E+01,2.388795E+01,5.484874E+01
13:01:00,8.014758E+03,2.355247E+03,5.580513E-01,2.080060E-01,0.000000E+00,0.000000E+00,0.000000E+00,0.000000E+00,0.000000E+00,0.000000E+00,0.000000E+00,0.000000E+00,2.110805E+01,7.995130E+01,2.388795E+01,5.483788E+01
13:02:00,8.014758E+03,2.358030E+03,5.580513E-01,2.082517E-01,0.000000E+00,0.000000E+00,0.000000E+00,0.000000E+00,0.000000E+00,0.000000E+00,0.000000E+00,0.000000E+00,2.110805E+01,7.995130E+01,2.388795E+01,5.482716E+01
13:03:00,8.014758E+03,2.360777E+03,5.580513E-01,2.084943E-01,0.000000E+00,0.000000E+00,0.000000E+00,0.000000E+00,0.000000E+00,0.000000E+00,0.000000E+00,0.000000E+00,2.110805E+01,7.995130E+01,2.388795E+01,5.481663E+01
13:04:00,8.014758E+03,2.363489E+03,5.580513E-01,2.087338E-01,0.000000E+00,0.000000E+00,0.000000E+00,0.000000E+00,0.000000E+00,0.000000E+00,0.000000E+00,0.000000E+00,2.110805E+01,7.995130E+01,2.388795E+01,5.480628E+01
13:05:00,8.014758E+03,2.366166E+03,5.580513E-01,2.089702E-01,0.000000E+00,0.000000E+00,0.000000E+00,0.000000E+00,0.000000E+00,0.000000E+00,0.000000E+00,0.000000E+00,2.110805E+01,7.995130E+01,2.388795E+01,5.479612E+01
13:06:00,8.014758E+03,2.368807E+03,5.580513E-01,2.092035E-01,0.000000E+00,0.000000E+00,0.000000E+00,0.000000E+00,0.000000E+00,0.000000E+00,0.000000E+00,0.000000E+00,2.110805E+01,7.995130E+01,2.388795E+01,5.478613E+01
13:07:00,8.014758E+03,2.371414E+03,5.580513E-01,2.094338E-01,0.000000E+00,0.000000E+00,0.000000E+00,0.000000E+00,0.000000E+00,0.000000E+00,0.000000E+00,0.000000E+00,2.110805E+01,7.995130E+01,2.388795E+01,5.477631E+01
13:08:00,8.014758E+03,2.373986E+03,5.580513E-01,2.096609E-01,0.000000E+00,0.000000E+00,0.000000E+00,0.000000E+00,0.000000E+00,0.000000E+00,0.000000E+00,0.000000E+00,2.110805E+01,7.995130E+01,2.388795E+01,5.476665E+01
13:09:00,8.014758E+03,2.376525E+03,5.580513E-01,2.098851E-01,0.000000E+00,0.000000E+00,0.000000E+00,0.000000E+00,0.000000E+00,0.000000E+00,0.000000E+00,0.000000E+00,2.110805E+01,7.995130E+01,2.388795E+01,5.475716E+01
13:10:00,8.014758E+03,2.379031E+03,5.580513E-01,2.101065E-01,0.000000E+00,0.000000E+00,0.000000E+00,0.000000E+00,0.000000E+00,0.000000E+00,0.000000E+00,0.000000E+00,2.110805E+01,7.995130E+01,2.388795E+01,5.474781E+01
13:11:00,8.014758E+03,2.381506E+03,5.580513E-01,2.103250E-01,0.000000E+00,0.000000E+00,0.000000E+00,0.000000E+00,0.000000E+00,0.000000E+00,0.000000E+00,0.000000E+00,2.110805E+01,7.995130E+01,2.388795E+01,5.473862E+01
13:12:00,8.014758E+03,2.383950E+03,5.580513E-01,2.105409E-01,0.000000E+00,0.000000E+00,0.000000E+00,0.000000E+00,0.000000E+00,0.000000E+00,0.000000E+00,0.000000E+00,2.110805E+01,7.995130E+01,2.388795E+01,5.472957E+01
13:13:00,8.014758E+03,2.386365E+03,5.580513E-01,2.107542E-01,0.000000E+00,0.000000E+00,0.000000E+00,0.000000E+00,0.000000E+00,0.000000E+00,0.000000E+00,0.000000E+00,2.110805E+01,7.995130E+01,2.388795E+01,5.472066E+01
13:14:00,8.014758E+03,2.388752E+03,5.580513E-01,2.109650E-01,0.000000E+00,0.000000E+00,0.000000E+00,0.000000E+00,0.000000E+00,0.000000E+00,0.000000E+00,0.000000E+00,2.110805E+01,7.995130E+01,2.388795E+01,5.471189E+01
13:15:00,8.014758E+03,2.391111E+03,5.580513E-01,2.111733E-01,0.000000E+00,0.000000E+00,0.000000E+00,0.000000E+00,0.000000E+00,0.000000E+00,0.000000E+00,0.000000E+00,2.110805E+01,7.995130E+01,2.388795E+01,5.470325E+01
13:16:00,8.014758E+03,2.393443E+03,5.580513E-01,2.113793E-01,0.000000E+00,0.000000E+00,0.000000E+00,0.000000E+00,0.000000E+00,0.000000E+00,0.000000E+00,0.000000E+00,2.110805E+01,7.995130E+01,2.388795E+01,5.469474E+01
13:17:00,8.014758E+03,2.395749E+03,5.580513E-01,2.115830E-01,0.000000E+00,0.000000E+00,0.000000E+00,0.000000E+00,0.000000E+00,0.000000E+00,0.000000E+00,0.000000E+00,2.110805E+01,7.995130E+01,2.388795E+01,5.468636E+01
13:18:00,8.014758E+03,2.398030E+03,5.580513E-01,2.117844E-01,0.000000E+00,0.000000E+00,0.000000E+00,0.000000E+00,0.000000E+00,0.000000E+00,0.000000E+00,0.000000E+00,2.110805E+01,7.995130E+01,2.388795E+01,5.467810E+01
13:19:00,8.014758E+03,2.400286E+03,5.580513E-01,2.119836E-01,0.000000E+00,0.000000E+00,0.000000E+00,0.000000E+00,0.000000E+00,0.000000E+00,0.000000E+00,0.000000E+00,2.110805E+01,7.995130E+01,2.388795E+01,5.466996E+01
13:20:00,8.014758E+03,2.402518E+03,5.580513E-01,2.121807E-01,0.000000E+00,0.000000E+00,0.000000E+00,0.000000E+00,0.000000E+00,0.000000E+00,0.000000E+00,0.000000E+00,2.110805E+01,7.995130E+01,2.388795E+01,5.466194E+01
13:21:00,8.014758E+03,2.404726E+03,5.580513E-01,2.123758E-01,0.000000E+00,0.000000E+00,0.000000E+00,0.000000E+00,0.000000E+00,0.000000E+00,0.000000E+00,0.000000E+00,2.110805E+01,7.995130E+01,2.388795E+01,5.465404E+01
13:22:00,8.014758E+03,2.406912E+03,5.580513E-01,2.125688E-01,0.000000E+00,0.000000E+00,0.000000E+00,0.000000E+00,0.000000E+00,0.000000E+00,0.000000E+00,0.000000E+00,2.110805E+01,7.995130E+01,2.388795E+01,5.464625E+01
13:23:00,8.014758E+03,2.409075E+03,5.580513E-01,2.127598E-01,0.000000E+00,0.000000E+00,0.000000E+00,0.000000E+00,0.000000E+00,0.000000E+00,0.000000E+00,0.000000E+00,2.110805E+01,7.995130E+01,2.388795E+01,5.463856E+01
13:24:00,8.014758E+03,2.411215E+03,5.580513E-01,2.129488E-01,0.000000E+00,0.000000E+00,0.000000E+00,0.000000E+00,0.000000E+00,0.000000E+00,0.000000E+00,0.000000E+00,2.110805E+01,7.995130E+01,2.388795E+01,5.463099E+01
13:25:00,8.014758E+03,2.413332E+03,5.580513E-01,2.131358E-01,0.000000E+00,0.000000E+00,0.000000E+00,0.000000E+00,0.000000E+00,0.000000E+00,0.000000E+00,0.000000E+00,2.110805E+01,7.995130E+01,2.388795E+01,5.462351E+01
13:26:00,8.014758E+03,2.415426E+03,5.580513E-01,2.133208E-01,0.000000E+00,0.000000E+00,0.000000E+00,0.000000E+00,0.000000E+00,0.000000E+00,0.000000E+00,0.000000E+00,2.110805E+01,7.995130E+01,2.388795E+01,5.461614E+01
13:27:00,8.014758E+03,2.417498E+03,5.580513E-01,2.135038E-01,0.000000E+00,0.000000E+00,0.000000E+00,0.000000E+00,0.000000E+00,0.000000E+00,0.000000E+00,0.000000E+00,2.110805E+01,7.995130E+01,2.388795E+01,5.460888E+01
13:28:00,8.014758E+03,2.419549E+03,5.580513E-01,2.136849E-01,0.000000E+00,0.000000E+00,0.000000E+00,0.000000E+00,0.000000E+00,0.000000E+00,0.000000E+00,0.000000E+00,2.110805E+01,7.995130E+01,2.388795E+01,5.460171E+01
13:29:00,8.014758E+03,2.421576E+03,5.580513E-01,2.138639E-01,0.000000E+00,0.000000E+00,0.000000E+00,0.000000E+00,0.000000E+00,0.000000E+00,0.000000E+00,0.000000E+00,2.110805E+01,7.995130E+01,2.388795E+01,5.459464E+01
13:30:00,8.014758E+03,2.423579E+03,5.580513E-01,2.140408E-01,0.000000E+00,0.000000E+00,0.000000E+00,0.000000E+00,0.000000E+00,0.000000E+00,0.000000E+00,0.000000E+00,2.110805E+01,7.995130E+01,2.388795E+01,5.458766E+01
13:31:00,8.014758E+03,2.425560E+03,5.580513E-01,2.142158E-01,0.000000E+00,0.000000E+00,0.000000E+00,0.000000E+00,0.000000E+00,0.000000E+00,0.000000E+00,0.000000E+00,2.110805E+01,7.995130E+01,2.388795E+01,5.458077E+01
13:32:00,8.014758E+03,2.427519E+03,5.580513E-01,2.143887E-01,0.000000E+00,0.000000E+00,0.000000E+00,0.000000E+00,0.000000E+00,0.000000E+00,0.000000E+00,0.000000E+00,2.110805E+01,7.995130E+01,2.388795E+01,5.457398E+01
13:33:00,8.014758E+03,2.429454E+03,5.580513E-01,2.145597E-01,0.000000E+00,0.000000E+00,0.000000E+00,0.000000E+00,0.000000E+00,0.000000E+00,0.000000E+00,0.000000E+00,2.110805E+01,7.995130E+01,2.388795E+01,5.456728E+01
13:34:00,8.014758E+03,2.431367E+03,5.580513E-01,2.147286E-01,0.000000E+00,0.000000E+00,0.000000E+00,0.000000E+00,0.000000E+00,0.000000E+00,0.000000E+00,0.000000E+00,2.110805E+01,7.995130E+01,2.388795E+01,5.456066E+01
13:35:00,8.014758E+03,2.433257E+03,5.580513E-01,2.148955E-01,0.000000E+00,0.000000E+00,0.000000E+00,0.000000E+00,0.000000E+00,0.000000E+00,0.000000E+00,0.000000E+00,2.110805E+01,7.995130E+01,2.388795E+01,5.455413E+01
13:36:00,8.014758E+03,2.435124E+03,5.580513E-01,2.150604E-01,0.000000E+00,0.000000E+00,0.000000E+00,0.000000E+00,0.000000E+00,0.000000E+00,0.000000E+00,0.000000E+00,2.110805E+01,7.995130E+01,2.388795E+01,5.454769E+01
13:37:00,8.014758E+03,2.436968E+03,5.580513E-01,2.152233E-01,0.000000E+00,0.000000E+00,0.000000E+00,0.000000E+00,0.000000E+00,0.000000E+00,0.000000E+00,0.000000E+00,2.110805E+01,7.995130E+01,2.388795E+01,5.454133E+01
13:38:00,8.014758E+03,2.438789E+03,5.580513E-01,2.153841E-01,0.000000E+00,0.000000E+00,0.000000E+00,0.000000E+00,0.000000E+00,0.000000E+00,0.000000E+00,0.000000E+00,2.110805E+01,7.995130E+01,2.388795E+01,5.453505E+01
13:39:00,8.014758E+03,2.440588E+03,5.580513E-01,2.155429E-01,0.000000E+00,0.000000E+00,0.000000E+00,0.000000E+00,0.000000E+00,0.000000E+00,0.000000E+00,0.000000E+00,2.110805E+01,7.995130E+01,2.388795E+01,5.452885E+01
13:40:00,8.014758E+03,2.442363E+03,5.580513E-01,2.156997E-01,0.000000E+00,0.000000E+00,0.000000E+00,0.000000E+00,0.000000E+00,0.000000E+00,0.000000E+00,0.000000E+00,2.110805E+01,7.995130E+01,2.388795E+01,5.452274E+01
13:41:00,8.014758E+03,2.444116E+03,5.580513E-01,2.158545E-01,0.000000E+00,0.000000E+00,0.000000E+00,0.000000E+00,0.000000E+00,0.000000E+00,0.000000E+00,0.000000E+00,2.110805E+01,7.995130E+01,2.388795E+01,5.451670E+01
13:42:00,8.014758E+03,2.445846E+03,5.580513E-01,2.160073E-01,0.000000E+00,0.000000E+00,0.000000E+00,0.000000E+00,0.000000E+00,0.000000E+00,0.000000E+00,0.000000E+00,2.110805E+01,7.995130E+01,2.388795E+01,5.451074E+01
13:43:00,8.014758E+03,2.447552E+03,5.580513E-01,2.161580E-01,0.000000E+00,0.000000E+00,0.000000E+00,0.000000E+00,0.000000E+00,0.000000E+00,0.000000E+00,0.000000E+00,2.110805E+01,7.995130E+01,2.388795E+01,5.450486E+01
13:44:00,8.014758E+03,2.449236E+03,5.580513E-01,2.163067E-01,0.000000E+00,0.000000E+00,0.000000E+00,0.000000E+00,0.000000E+00,0.000000E+00,0.000000E+00,0.000000E+00,2.110805E+01,7.995130E+01,2.388795E+01,5.449906E+01
13:45:00,8.014758E+03,2.450897E+03,5.580513E-01,2.164534E-01,0.000000E+00,0.000000E+00,0.000000E+00,0.000000E+00,0.000000E+00,0.000000E+00,0.000000E+00,0.000000E+00,2.110805E+01,7.995130E+01,2.388795E+01,5.449333E+01
13:46:00,8.014758E+03,2.452534E+03,5.580513E-01,2.165980E-01,0.000000E+00,0.000000E+00,0.000000E+00,0.000000E+00,0.000000E+00,0.000000E+00,0.000000E+00,0.000000E+00,2.110805E+01,7.995130E+01,2.388795E+01,5.448767E+01
13:47:00,8.014758E+03,2.454150E+03,5.580513E-01,2.167407E-01,0.000000E+00,0.000000E+00,0.000000E+00,0.000000E+00,0.000000E+00,0.000000E+00,0.000000E+00,0.000000E+00,2.110805E+01,7.995130E+01,2.388795E+01,5.448210E+01
13:48:00,8.014758E+03,2.455743E+03,5.580513E-01,2.168814E-01,0.000000E+00,0.000000E+00,0.000000E+00,0.000000E+00,0.000000E+00,0.000000E+00,0.000000E+00,0.000000E+00,2.110805E+01,7.995130E+01,2.388795E+01,5.447659E+01
13:49:00,8.014758E+03,2.457312E+03,5.580513E-01,2.170200E-01,0.000000E+00,0.000000E+00,0.000000E+00,0.000000E+00,0.000000E+00,0.000000E+00,0.000000E+00,0.000000E+00,2.110805E+01,7.995130E+01,2.388795E+01,5.447115E+01
13:50:00,8.014758E+03,2.458858E+03,5.580513E-01,2.171565E-01,0.000000E+00,0.000000E+00,0.000000E+00,0.000000E+00,0.000000E+00,0.000000E+00,0.000000E+00,0.000000E+00,2.110805E+01,7.995130E+01,2.388795E+01,5.446579E+01
13:51:00,8.014758E+03,2.460382E+03,5.580513E-01,2.172911E-01,0.000000E+00,0.000000E+00,0.000000E+00,0.000000E+00,0.000000E+00,0.000000E+00,0.000000E+00,0.000000E+00,2.110805E+01,7.995130E+01,2.388795E+01,5.446049E+01
13:52:00,8.014758E+03,2.461882E+03,5.580513E-01,2.174236E-01,0.000000E+00,0.000000E+00,0.000000E+00,0.000000E+00,0.000000E+00,0.000000E+00,0.000000E+00,0.000000E+00,2.110805E+01,7.995130E+01,2.388795E+01,5.445527E+01
13:53:00,8.014758E+03,2.463359E+03,5.580513E-01,2.175540E-01,0.000000E+00,0.000000E+00,0.000000E+00,0.000000E+00,0.000000E+00,0.000000E+00,0.000000E+00,0.000000E+00,2.110805E+01,7.995130E+01,2.388795E+01,5.445012E+01
13:54:00,8.014758E+03,2.464813E+03,5.580513E-01,2.176825E-01,0.000000E+00,0.000000E+00,0.000000E+00,0.000000E+00,0.000000E+00,0.000000E+00,0.000000E+00,0.000000E+00,2.110805E+01,7.995130E+01,2.388795E+01,5.444503E+01
13:55:00,8.014758E+03,2.466245E+03,5.580513E-01,2.178089E-01,0.000000E+00,0.000000E+00,0.000000E+00,0.000000E+00,0.000000E+00,0.000000E+00,0.000000E+00,0.000000E+00,2.110805E+01,7.995130E+01,2.388795E+01,5.444002E+01
13:56:00,8.014758E+03,2.467653E+03,5.580513E-01,2.179332E-01,0.000000E+00,0.000000E+00,0.000000E+00,0.000000E+00,0.000000E+00,0.000000E+00,0.000000E+00,0.000000E+00,2.110805E+01,7.995130E+01,2.388795E+01,5.443507E+01
13:57:00,8.014758E+03,2.469038E+03,5.580513E-01,2.180556E-01,0.000000E+00,0.000000E+00,0.000000E+00,0.000000E+00,0.000000E+00,0.000000E+00,0.000000E+00,0.000000E+00,2.110805E+01,7.995130E+01,2.388795E+01,5.443019E+01
13:58:00,8.014758E+03,2.470400E+03,5.580513E-01,2.181759E-01,0.000000E+00,0.000000E+00,0.000000E+00,0.000000E+00,0.000000E+00,0.000000E+00,0.000000E+00,0.000000E+00,2.110805E+01,7.995130E+01,2.388795E+01,5.442538E+01
13:59:00,8.014758E+03,2.471739E+03,5.580513E-01,2.182941E-01,0.000000E+00,0.000000E+00,0.000000E+00,0.000000E+00,0.000000E+00,0.000000E+00,0.000000E+00,0.000000E+00,2.110805E+01,7.995130E+01,2.388795E+01,5.442063E+01
14:00:00,8.014758E+03,2.473056E+03,5.580513E-01,2.184104E-01,0.000000E+00,0.000000E+00,0.000000E+00,0.000000E+00,0.000000E+00,0.000000E+00,0.000000E+00,0.000000E+00,2.110805E+01,7.995130E+01,2.388795E+01,5.441595E+01
14:01:00,8.014758E+03,2.474343E+03,5.580513E-01,2.185241E-01,0.000000E+00,0.000000E+00,0.000000E+00,0.000000E+00,0.000000E+00,0.000000E+00,0.000000E+00,0.000000E+00,2.110805E+01,7.995130E+01,2.388795E+01,5.441133E+01
14:02:00,8.014758E+03,2.475602E+03,5.580513E-01,2.186353E-01,0.000000E+00,0.000000E+00,0.000000E+00,0.000000E+00,0.000000E+00,0.000000E+00,0.000000E+00,0.000000E+00,2.110805E+01,7.995130E+01,2.388795E+01,5.440686E+01
14:03:00,8.014758E+03,2.476833E+03,5.580513E-01,2.187440E-01,0.000000E+00,0.000000E+00,0.000000E+00,0.000000E+00,0.000000E+00,0.000000E+00,0.000000E+00,0.000000E+00,2.110805E+01,7.995130E+01,2.388795E+01,5.440260E+01
14:04:00,8.014758E+03,2.478034E+03,5.580513E-01,2.188501E-01,0.000000E+00,0.000000E+00,0.000000E+00,0.000000E+00,0.000000E+00,0.000000E+00,0.000000E+00,0.000000E+00,2.110805E+01,7.995130E+01,2.388795E+01,5.439855E+01
14:05:00,8.014758E+03,2.479207E+03,5.580513E-01,2.189537E-01,0.000000E+00,0.000000E+00,0.000000E+00,0.000000E+00,0.000000E+00,0.000000E+00,0.000000E+00,0.000000E+00,2.110805E+01,7.995130E+01,2.388795E+01,5.439470E+01
14:06:00,8.014758E+03,2.480351E+03,5.580513E-01,2.190547E-01,0.000000E+00,0.000000E+00,0.000000E+00,0.000000E+00,0.000000E+00,0.000000E+00,0.000000E+00,0.000000E+00,2.110805E+01,7.995130E+01,2.388795E+01,5.439106E+01
14:07:00,8.014758E+03,2.481467E+03,5.580513E-01,2.191532E-01,0.000000E+00,0.000000E+00,0.000000E+00,0.000000E+00,0.000000E+00,0.000000E+00,0.000000E+00,0.000000E+00,2.110805E+01,7.995130E+01,2.388795E+01,5.438760E+01
14:08:00,8.014758E+03,2.482554E+03,5.580513E-01,2.192492E-01,0.000000E+00,0.000000E+00,0.000000E+00,0.000000E+00,0.000000E+00,0.000000E+00,0.000000E+00,0.000000E+00,2.110805E+01,7.995130E+01,2.388795E+01,5.438432E+01
14:09:00,8.014758E+03,2.483613E+03,5.580513E-01,2.193427E-01,0.000000E+00,0.000000E+00,0.000000E+00,0.000000E+00,0.000000E+00,0.000000E+00,0.000000E+00,0.000000E+00,2.110805E+01,7.995130E+01,2.388795E+01,5.438121E+01
14:10:00,8.014758E+03,2.484643E+03,5.580513E-01,2.194338E-01,0.000000E+00,0.000000E+00,0.000000E+00,0.000000E+00,0.000000E+00,0.000000E+00,0.000000E+00,0.000000E+00,2.110805E+01,7.995130E+01,2.388795E+01,5.437827E+01
14:11:00,8.014758E+03,2.485646E+03,5.580513E-01,2.195223E-01,0.000000E+00,0.000000E+00,0.000000E+00,0.000000E+00,0.000000E+00,0.000000E+00,0.000000E+00,0.000000E+00,2.110805E+01,7.995130E+01,2.388795E+01,5.437549E+01
14:12:00,8.014758E+03,2.486620E+03,5.580513E-01,2.196084E-01,0.000000E+00,0.000000E+00,0.000000E+00,0.000000E+00,0.000000E+00,0.000000E+00,0.000000E+00,0.000000E+00,2.110805E+01,7.995130E+01,2.388795E+01,5.437286E+01
14:13:00,8.014758E+03,2.487567E+03,5.580513E-01,2.196919E-01,0.000000E+00,0.000000E+00,0.000000E+00,0.000000E+00,0.000000E+00,0.000000E+00,0.000000E+00,0.000000E+00,2.110805E+01,7.995130E+01,2.388795E+01,5.437037E+01
14:14:00,8.014758E+03,2.488485E+03,5.580513E-01,2.197731E-01,0.000000E+00,0.000000E+00,0.000000E+00,0.000000E+00,0.000000E+00,0.000000E+00,0.000000E+00,0.000000E+00,2.110805E+01,7.995130E+01,2.388795E+01,5.436803E+01
14:15:00,8.014758E+03,2.489376E+03,5.580513E-01,2.198517E-01,0.000000E+00,0.000000E+00,0.000000E+00,0.000000E+00,0.000000E+00,0.000000E+00,0.000000E+00,0.000000E+00,2.110805E+01,7.995130E+01,2.388795E+01,5.436583E+01
14:16:00,8.014758E+03,2.490239E+03,5.580513E-01,2.199279E-01,0.000000E+00,0.000000E+00,0.000000E+00,0.000000E+00,0.000000E+00,0.000000E+00,0.000000E+00,0.000000E+00,2.110805E+01,7.995130E+01,2.388795E+01,5.436375E+01
14:17:00,8.014758E+03,2.491074E+03,5.580513E-01,2.200017E-01,0.000000E+00,0.000000E+00,0.000000E+00,0.000000E+00,0.000000E+00,0.000000E+00,0.000000E+00,0.000000E+00,2.110805E+01,7.995130E+01,2.388796E+01,5.436180E+01
14:18:00,8.014758E+03,2.491882E+03,5.580513E-01,2.200730E-01,0.000000E+00,0.000000E+00,0.000000E+00,0.000000E+00,0.000000E+00,0.000000E+00,0.000000E+00,0.000000E+00,2.110805E+01,7.995130E+01,2.388796E+01,5.435997E+01
14:19:00,8.014758E+03,2.492662E+03,5.580513E-01,2.201419E-01,0.000000E+00,0.000000E+00,0.000000E+00,0.000000E+00,0.000000E+00,0.000000E+00,0.000000E+00,0.000000E+00,2.110805E+01,7.995130E+01,2.388796E+01,5.435826E+01
14:20:00,8.014758E+03,2.493414E+03,5.580513E-01,2.202083E-01,0.000000E+00,0.000000E+00,0.000000E+00,0.000000E+00,0.000000E+00,0.000000E+00,0.000000E+00,0.000000E+00,2.110805E+01,7.995130E+01,2.388796E+01,5.435667E+01
14:21:00,8.014758E+03,2.494139E+03,5.580513E-01,2.202724E-01,0.000000E+00,0.000000E+00,0.000000E+00,0.000000E+00,0.000000E+00,0.000000E+00,0.000000E+00,0.000000E+00,2.110805E+01,7.995130E+01,2.388796E+01,5.435519E+01
14:22:00,8.014758E+03,2.494836E+03,5.580513E-01,2.203340E-01,0.000000E+00,0.000000E+00,0.000000E+00,0.000000E+00,0.000000E+00,0.000000E+00,0.000000E+00,0.000000E+00,2.110805E+01,7.995130E+01,2.388796E+01,5.435381E+01
14:23:00,8.014758E+03,2.495506E+03,5.580513E-01,2.203931E-01,0.000000E+00,0.000000E+00,0.000000E+00,0.000000E+00,0.000000E+00,0.000000E+00,0.000000E+00,0.000000E+00,2.110805E+01,7.995130E+01,2.388796E+01,5.435254E+01
14:24:00,8.014758E+03,2.496148E+03,5.580513E-01,2.204498E-01,0.000000E+00,0.000000E+00,0.000000E+00,0.000000E+00,0.000000E+00,0.000000E+00,0.000000E+00,0.000000E+00,2.110805E+01,7.995130E+01,2.388796E+01,5.435137E+01
14:25:00,8.014758E+03,2.496763E+03,5.580513E-01,2.205041E-01,0.000000E+00,0.000000E+00,0.000000E+00,0.000000E+00,0.000000E+00,0.000000E+00,0.000000E+00,0.000000E+00,2.110805E+01,7.995130E+01,2.388796E+01,5.435030E+01
14:26:00,8.014758E+03,2.497350E+03,5.580513E-01,2.205560E-01,0.000000E+00,0.000000E+00,0.000000E+00,0.000000E+00,0.000000E+00,0.000000E+00,0.000000E+00,0.000000E+00,2.110805E+01,7.995130E+01,2.388796E+01,5.434932E+01
14:27:00,8.014758E+03,2.497911E+03,5.580513E-01,2.206055E-01,0.000000E+00,0.000000E+00,0.000000E+00,0.000000E+00,0.000000E+00,0.000000E+00,0.000000E+00,0.000000E+00,2.110805E+01,7.995130E+01,2.388796E+01,5.434844E+01
14:28:00,8.014758E+03,2.498443E+03,5.580513E-01,2.206525E-01,0.000000E+00,0.000000E+00,0.000000E+00,0.000000E+00,0.000000E+00,0.000000E+00,0.000000E+00,0.000000E+00,2.110805E+01,7.995130E+01,2.388796E+01,5.434765E+01
14:29:00,8.014758E+03,2.498949E+03,5.580513E-01,2.206972E-01,0.000000E+00,0.000000E+00,0.000000E+00,0.000000E+00,0.000000E+00,0.000000E+00,0.000000E+00,0.000000E+00,2.110805E+01,7.995130E+01,2.388796E+01,5.434695E+01
14:30:00,8.014758E+03,2.499428E+03,5.580513E-01,2.207395E-01,0.000000E+00,0.000000E+00,0.000000E+00,0.000000E+00,0.000000E+00,0.000000E+00,0.000000E+00,0.000000E+00,2.110805E+01,7.995130E+01,2.388796E+01,5.434633E+01
14:31:00,8.014758E+03,2.499880E+03,5.580513E-01,2.207793E-01,0.000000E+00,0.000000E+00,0.000000E+00,0.000000E+00,0.000000E+00,0.000000E+00,0.000000E+00,0.000000E+00,2.110805E+01,7.995130E+01,2.388796E+01,5.434579E+01
14:32:00,8.014758E+03,2.500304E+03,5.580513E-01,2.208168E-01,0.000000E+00,0.000000E+00,0.000000E+00,0.000000E+00,0.000000E+00,0.000000E+00,0.000000E+00,0.000000E+00,2.110805E+01,7.995130E+01,2.388796E+01,5.434534E+01
14:33:00,8.014758E+03,2.500702E+03,5.580513E-01,2.208520E-01,0.000000E+00,0.000000E+00,0.000000E+00,0.000000E+00,0.000000E+00,0.000000E+00,0.000000E+00,0.000000E+00,2.110805E+01,7.995130E+01,2.388796E+01,5.434496E+01
14:34:00,8.014758E+03,2.501073E+03,5.580513E-01,2.208847E-01,0.000000E+00,0.000000E+00,0.000000E+00,0.000000E+00,0.000000E+00,0.000000E+00,0.000000E+00,0.000000E+00,2.110805E+01,7.995130E+01,2.388796E+01,5.434467E+01
14:35:00,8.014758E+03,2.501417E+03,5.580513E-01,2.209151E-01,0.000000E+00,0.000000E+00,0.000000E+00,0.000000E+00,0.000000E+00,0.000000E+00,0.000000E+00,0.000000E+00,2.110805E+01,7.995130E+01,2.388796E+01,5.434444E+01
14:36:00,8.014758E+03,2.501735E+03,5.580513E-01,2.209432E-01,0.000000E+00,0.000000E+00,0.000000E+00,0.000000E+00,0.000000E+00,0.000000E+00,0.000000E+00,0.000000E+00,2.110805E+01,7.995130E+01,2.388796E+01,5.434430E+01
14:37:00,8.014758E+03,2.502026E+03,5.580513E-01,2.209688E-01,0.000000E+00,0.000000E+00,0.000000E+00,0.000000E+00,0.000000E+00,0.000000E+00,0.000000E+00,0.000000E+00,2.110805E+01,7.995130E+01,2.388796E+01,5.434421E+01
14:38:00,8.014758E+03,2.502290E+03,5.580513E-01,2.209922E-01,0.000000E+00,0.000000E+00,0.000000E+00,0.000000E+00,0.000000E+00,0.000000E+00,0.000000E+00,0.000000E+00,2.110805E+01,7.995130E+01,2.388796E+01,5.434421E+01
14:39:00,8.014758E+03,2.502528E+03,5.580513E-01,2.210132E-01,0.000000E+00,0.000000E+00,0.000000E+00,0.000000E+00,0.000000E+00,0.000000E+00,0.000000E+00,0.000000E+00,2.110805E+01,7.995130E+01,2.388796E+01,5.434427E+01
14:40:00,8.014758E+03,2.502739E+03,5.580513E-01,2.210319E-01,0.000000E+00,0.000000E+00,0.000000E+00,0.000000E+00,0.000000E+00,0.000000E+00,0.000000E+00,0.000000E+00,2.110805E+01,7.995130E+01,2.388796E+01,5.434439E+01
14:41:00,8.014758E+03,2.502924E+03,5.580513E-01,2.210482E-01,0.000000E+00,0.000000E+00,0.000000E+00,0.000000E+00,0.000000E+00,0.000000E+00,0.000000E+00,0.000000E+00,2.110805E+01,7.995130E+01,2.388796E+01,5.434459E+01
14:42:00,8.014758E+03,2.503083E+03,5.580513E-01,2.210622E-01,0.000000E+00,0.000000E+00,0.000000E+00,0.000000E+00,0.000000E+00,0.000000E+00,0.000000E+00,0.000000E+00,2.110805E+01,7.995130E+01,2.388796E+01,5.434484E+01
14:43:00,8.014758E+03,2.503216E+03,5.580513E-01,2.210739E-01,0.000000E+00,0.000000E+00,0.000000E+00,0.000000E+00,0.000000E+00,0.000000E+00,0.000000E+00,0.000000E+00,2.110805E+01,7.995130E+01,2.388796E+01,5.434516E+01
14:44:00,8.014758E+03,2.503322E+03,5.580513E-01,2.210833E-01,0.000000E+00,0.000000E+00,0.000000E+00,0.000000E+00,0.000000E+00,0.000000E+00,0.000000E+00,0.000000E+00,2.110805E+01,7.995130E+01,2.388796E+01,5.434554E+01
14:45:00,8.014758E+03,2.503403E+03,5.580513E-01,2.210904E-01,0.000000E+00,0.000000E+00,0.000000E+00,0.000000E+00,0.000000E+00,0.000000E+00,0.000000E+00,0.000000E+00,2.110805E+01,7.995130E+01,2.388796E+01,5.434598E+01
14:46:00,8.014758E+03,2.503457E+03,5.580513E-01,2.210952E-01,0.000000E+00,0.000000E+00,0.000000E+00,0.000000E+00,0.000000E+00,0.000000E+00,0.000000E+00,0.000000E+00,2.110805E+01,7.995130E+01,2.388796E+01,5.434649E+01
14:47:00,8.014758E+03,2.503485E+03,5.580513E-01,2.210977E-01,0.000000E+00,0.000000E+00,0.000000E+00,0.000000E+00,0.000000E+00,0.000000E+00,0.000000E+00,0.000000E+00,2.110805E+01,7.995130E+01,2.388796E+01,5.434705E+01
14:48:00,8.014758E+03,2.503487E+03,5.580513E-01,2.210979E-01,0.000000E+00,0.000000E+00,0.000000E+00,0.000000E+00,0.000000E+00,0.000000E+00,0.000000E+00,0.000000E+00,2.110805E+01,7.995130E+01,2.388796E+01,5.434767E+01
14:49:00,8.014758E+03,2.503463E+03,5.580513E-01,2.210958E-01,0.000000E+00,0.000000E+00,0.000000E+00,0.000000E+00,0.000000E+00,0.000000E+00,0.000000E+00,0.000000E+00,2.110805E+01,7.995130E+01,2.388796E+01,5.434834E+01
14:50:00,8.014758E+03,2.503414E+03,5.580513E-01,2.210914E-01,0.000000E+00,0.000000E+00,0.000000E+00,0.000000E+00,0.000000E+00,0.000000E+00,0.000000E+00,0.000000E+00,2.110805E+01,7.995130E+01,2.388796E+01,5.434908E+01
14:51:00,8.014758E+03,2.503339E+03,5.580513E-01,2.210848E-01,0.000000E+00,0.000000E+00,0.000000E+00,0.000000E+00,0.000000E+00,0.000000E+00,0.000000E+00,0.000000E+00,2.110805E+01,7.995130E+01,2.388796E+01,5.434987E+01
14:52:00,8.014758E+03,2.503238E+03,5.580513E-01,2.210758E-01,0.000000E+00,0.000000E+00,0.000000E+00,0.000000E+00,0.000000E+00,0.000000E+00,0.000000E+00,0.000000E+00,2.110805E+01,7.995130E+01,2.388796E+01,5.435071E+01
14:53:00,8.014758E+03,2.503112E+03,5.580513E-01,2.210647E-01,0.000000E+00,0.000000E+00,0.000000E+00,0.000000E+00,0.000000E+00,0.000000E+00,0.000000E+00,0.000000E+00,2.110805E+01,7.995130E+01,2.388796E+01,5.435161E+01
14:54:00,8.014758E+03,2.502960E+03,5.580513E-01,2.210513E-01,0.000000E+00,0.000000E+00,0.000000E+00,0.000000E+00,0.000000E+00,0.000000E+00,0.000000E+00,0.000000E+00,2.110805E+01,7.995130E+01,2.388796E+01,5.435255E+01
14:55:00,8.014758E+03,2.502783E+03,5.580513E-01,2.210357E-01,0.000000E+00,0.000000E+00,0.000000E+00,0.000000E+00,0.000000E+00,0.000000E+00,0.000000E+00,0.000000E+00,2.110805E+01,7.995130E+01,2.388796E+01,5.435356E+01
14:56:00,8.014758E+03,2.502580E+03,5.580513E-01,2.210178E-01,0.000000E+00,0.000000E+00,0.000000E+00,0.000000E+00,0.000000E+00,0.000000E+00,0.000000E+00,0.000000E+00,2.110805E+01,7.995130E+01,2.388796E+01,5.435461E+01
14:57:00,8.014758E+03,2.502353E+03,5.580513E-01,2.209977E-01,0.000000E+00,0.000000E+00,0.000000E+00,0.000000E+00,0.000000E+00,0.000000E+00,0.000000E+00,0.000000E+00,2.110805E+01,7.995130E+01,2.388796E+01,5.435572E+01
14:58:00,8.014758E+03,2.502100E+03,5.580513E-01,2.209753E-01,0.000000E+00,0.000000E+00,0.000000E+00,0.000000E+00,0.000000E+00,0.000000E+00,0.000000E+00,0.000000E+00,2.110805E+01,7.995130E+01,2.388796E+01,5.435687E+01
14:59:00,8.014758E+03,2.501821E+03,5.580513E-01,2.209507E-01,0.000000E+00,0.000000E+00,0.000000E+00,0.000000E+00,0.000000E+00,0.000000E+00,0.000000E+00,0.000000E+00,2.110805E+01,7.995130E+01,2.388796E+01,5.435807E+01
15:00:00,8.014758E+03,2.501518E+03,5.580513E-01,2.209240E-01,0.000000E+00,0.000000E+00,0.000000E+00,0.000000E+00,0.000000E+00,0.000000E+00,0.000000E+00,0.000000E+00,2.110805E+01,7.995130E+01,2.388796E+01,5.435933E+01
15:01:00,8.014758E+03,2.501186E+03,5.580513E-01,2.208946E-01,0.000000E+00,0.000000E+00,0.000000E+00,0.000000E+00,0.000000E+00,0.000000E+00,0.000000E+00,0.000000E+00,2.110805E+01,7.995130E+01,2.388796E+01,5.436063E+01
15:02:00,8.014758E+03,2.500785E+03,5.580513E-01,2.208592E-01,0.000000E+00,0.000000E+00,0.000000E+00,0.000000E+00,0.000000E+00,0.000000E+00,0.000000E+00,0.000000E+00,2.110805E+01,7.995130E+01,2.388796E+01,5.436209E+01
15:03:00,8.014758E+03,2.500355E+03,5.580513E-01,2.208212E-01,0.000000E+00,0.000000E+00,0.000000E+00,0.000000E+00,0.000000E+00,0.000000E+00,0.000000E+00,0.000000E+00,2.110805E+01,7.995130E+01,2.388797E+01,5.436400E+01
15:04:00,8.014758E+03,2.499895E+03,5.580513E-01,2.207806E-01,0.000000E+00,0.000000E+00,0.000000E+00,0.000000E+00,0.000000E+00,0.000000E+00,0.000000E+00,0.000000E+00,2.110805E+01,7.995130E+01,2.388797E+01,5.436630E+01
15:05:00,8.014758E+03,2.499406E+03,5.580513E-01,2.207374E-01,0.000000E+00,0.000000E+00,0.000000E+00,0.000000E+00,0.000000E+00,0.000000E+00,0.000000E+00,0.000000E+00,2.110805E+01,7.995130E+01,2.388797E+01,5.436887E+01
15:06:00,8.014758E+03,2.498888E+03,5.580513E-01,2.206916E-01,0.000000E+00,0.000000E+00,0.000000E+00,0.000000E+00,0.000000E+00,0.000000E+00,0.000000E+00,0.000000E+00,2.110805E+01,7.995130E+01,2.388797E+01,5.437165E+01
15:07:00,8.014758E+03,2.498341E+03,5.580513E-01,2.206433E-01,0.000000E+00,0.000000E+00,0.000000E+00,0.000000E+00,0.000000E+00,0.000000E+00,0.000000E+00,0.000000E+00,2.110805E+01,7.995130E+01,2.388797E+01,5.437462E+01
15:08:00,8.014758E+03,2.497765E+03,5.580513E-01,2.205925E-01,0.000000E+00,0.000000E+00,0.000000E+00,0.000000E+00,0.000000E+00,0.000000E+00,0.000000E+00,0.000000E+00,2.110805E+01,7.995130E+01,2.388797E+01,5.437776E+01
15:09:00,8.014758E+03,2.497161E+03,5.580513E-01,2.205391E-01,0.000000E+00,0.000000E+00,0.000000E+00,0.000000E+00,0.000000E+00,0.000000E+00,0.000000E+00,0.000000E+00,2.110805E+01,7.995130E+01,2.388797E+01,5.438108E+01
15:10:00,8.014758E+03,2.496528E+03,5.580513E-01,2.204832E-01,0.000000E+00,0.000000E+00,0.000000E+00,0.000000E+00,0.000000E+00,0.000000E+00,0.000000E+00,0.000000E+00,2.110805E+01,7.995130E+01,2.388797E+01,5.438456E+01
15:11:00,8.014758E+03,2.495866E+03,5.580513E-01,2.204247E-01,0.000000E+00,0.000000E+00,0.000000E+00,0.000000E+00,0.000000E+00,0.000000E+00,0.000000E+00,0.000000E+00,2.110805E+01,7.995130E+01,2.388797E+01,5.438820E+01
15:12:00,8.014758E+03,2.495176E+03,5.580513E-01,2.203638E-01,0.000000E+00,0.000000E+00,0.000000E+00,0.000000E+00,0.000000E+00,0.000000E+00,0.000000E+00,0.000000E+00,2.110805E+01,7.995130E+01,2.388797E+01,5.439200E+01
15:13:00,8.014758E+03,2.494457E+03,5.580513E-01,2.203003E-01,0.000000E+00,0.000000E+00,0.000000E+00,0.000000E+00,0.000000E+00,0.000000E+00,0.000000E+00,0.000000E+00,2.110805E+01,7.995130E+01,2.388797E+01,5.439594E+01
15:14:00,8.014758E+03,2.493710E+03,5.580513E-01,2.202343E-01,0.000000E+00,0.000000E+00,0.000000E+00,0.000000E+00,0.000000E+00,0.000000E+00,0.000000E+00,0.000000E+00,2.110805E+01,7.995130E+01,2.388797E+01,5.440003E+01
15:15:00,8.014758E+03,2.492934E+03,5.580513E-01,2.201658E-01,0.000000E+00,0.000000E+00,0.000000E+00,0.000000E+00,0.000000E+00,0.000000E+00,0.000000E+00,0.000000E+00,2.110805E+01,7.995130E+01,2.388797E+01,5.440424E+01
15:16:00,8.014758E+03,2.492131E+03,5.580513E-01,2.200948E-01,0.000000E+00,0.000000E+00,0.000000E+00,0.000000E+00,0.000000E+00,0.000000E+00,0.000000E+00,0.000000E+00,2.110805E+01,7.995130E+01,2.388797E+01,5.440859E+01
15:17:00,8.014758E+03,2.491299E+03,5.580513E-01,2.200213E-01,0.000000E+00,0.000000E+00,0.000000E+00,0.000000E+00,0.000000E+00,0.000000E+00,0.000000E+00,0.000000E+00,2.110805E+01,7.995130E+01,2.388797E+01,5.441307E+01
15:18:00,8.014758E+03,2.490439E+03,5.580513E-01,2.199454E-01,0.000000E+00,0.000000E+00,0.000000E+00,0.000000E+00,0.000000E+00,0.000000E+00,0.000000E+00,0.000000E+00,2.110805E+01,7.995130E+01,2.388797E+01,5.441766E+01
15:19:00,8.014758E+03,2.489552E+03,5.580513E-01,2.198670E-01,0.000000E+00,0.000000E+00,0.000000E+00,0.000000E+00,0.000000E+00,0.000000E+00,0.000000E+00,0.000000E+00,2.110805E+01,7.995130E+01,2.388797E+01,5.442236E+01
15:20:00,8.014758E+03,2.488637E+03,5.580513E-01,2.197862E-01,0.000000E+00,0.000000E+00,0.000000E+00,0.000000E+00,0.000000E+00,0.000000E+00,0.000000E+00,0.000000E+00,2.110805E+01,7.995130E+01,2.388797E+01,5.442718E+01
15:21:00,8.014758E+03,2.487695E+03,5.580513E-01,2.197030E-01,0.000000E+00,0.000000E+00,0.000000E+00,0.000000E+00,0.000000E+00,0.000000E+00,0.000000E+00,0.000000E+00,2.110805E+01,7.995130E+01,2.388797E+01,5.443210E+01
15:22:00,8.014758E+03,2.486725E+03,5.580513E-01,2.196173E-01,0.000000E+00,0.000000E+00,0.000000E+00,0.000000E+00,0.000000E+00,0.000000E+00,0.000000E+00,0.000000E+00,2.110805E+01,7.995130E+01,2.388797E+01,5.443712E+01
15:23:00,8.014758E+03,2.485728E+03,5.580513E-01,2.195293E-01,0.000000E+00,0.000000E+00,0.000000E+00,0.000000E+00,0.000000E+00,0.000000E+00,0.000000E+00,0.000000E+00,2.110805E+01,7.995130E+01,2.388797E+01,5.444223E+01
15:24:00,8.014758E+03,2.484705E+03,5.580513E-01,2.194389E-01,0.000000E+00,0.000000E+00,0.000000E+00,0.000000E+00,0.000000E+00,0.000000E+00,0.000000E+00,0.000000E+00,2.110805E+01,7.995130E+01,2.388797E+01,5.444744E+01
15:25:00,8.014758E+03,2.483655E+03,5.580513E-01,2.193462E-01,0.000000E+00,0.000000E+00,0.000000E+00,0.000000E+00,0.000000E+00,0.000000E+00,0.000000E+00,0.000000E+00,2.110805E+01,7.995130E+01,2.388798E+01,5.445273E+01
15:26:00,8.014758E+03,2.482578E+03,5.580513E-01,2.192511E-01,0.000000E+00,0.000000E+00,0.000000E+00,0.000000E+00,0.000000E+00,0.000000E+00,0.000000E+00,0.000000E+00,2.110805E+01,7.995130E+01,2.388798E+01,5.445811E+01
15:27:00,8.014758E+03,2.481476E+03,5.580513E-01,2.191537E-01,0.000000E+00,0.000000E+00,0.000000E+00,0.000000E+00,0.000000E+00,0.000000E+00,0.000000E+00,0.000000E+00,2.110805E+01,7.995130E+01,2.388798E+01,5.446356E+01
15:28:00,8.014758E+03,2.480347E+03,5.580513E-01,2.190540E-01,0.000000E+00,0.000000E+00,0.000000E+00,0.000000E+00,0.000000E+00,0.000000E+00,0.000000E+00,0.000000E+00,2.110805E+01,7.995130E+01,2.388798E+01,5.446910E+01
15:29:00,8.014758E+03,2.479192E+03,5.580513E-01,2.189521E-01,0.000000E+00,0.000000E+00,0.000000E+00,0.000000E+00,0.000000E+00,0.000000E+00,0.000000E+00,0.000000E+00,2.110805E+01,7.995130E+01,2.388798E+01,5.447470E+01
15:30:00,8.014758E+03,2.478012E+03,5.580513E-01,2.188478E-01,0.000000E+00,0.000000E+00,0.000000E+00,0.000000E+00,0.000000E+00,0.000000E+00,0.000000E+00,0.000000E+00,2.110805E+01,7.995130E+01,2.388798E+01,5.448037E+01
15:31:00,8.014758E+03,2.476806E+03,5.580513E-01,2.187413E-01,0.000000E+00,0.000000E+00,0.000000E+00,0.000000E+00,0.000000E+00,0.000000E+00,0.000000E+00,0.000000E+00,2.110805E+01,7.995130E+01,2.388798E+01,5.448611E+01
15:32:00,8.014758E+03,2.475575E+03,5.580513E-01,2.186326E-01,0.000000E+00,0.000000E+00,0.000000E+00,0.000000E+00,0.000000E+00,0.000000E+00,0.000000E+00,0.000000E+00,2.110805E+01,7.995130E+01,2.388798E+01,5.449191E+01
15:33:00,8.014758E+03,2.474320E+03,5.580513E-01,2.185217E-01,0.000000E+00,0.000000E+00,0.000000E+00,0.000000E+00,0.000000E+00,0.000000E+00,0.000000E+00,0.000000E+00,2.110805E+01,7.995130E+01,2.388798E+01,5.449777E+01
15:34:00,8.014758E+03,2.473039E+03,5.580513E-01,2.184086E-01,0.000000E+00,0.000000E+00,0.000000E+00,0.000000E+00,0.000000E+00,0.000000E+00,0.000000E+00,0.000000E+00,2.110805E+01,7.995130E+01,2.388798E+01,5.450369E+01
15:35:00,8.014758E+03,2.471734E+03,5.580513E-01,2.182933E-01,0.000000E+00,0.000000E+00,0.000000E+00,0.000000E+00,0.000000E+00,0.000000E+00,0.000000E+00,0.000000E+00,2.110805E+01,7.995130E+01,2.388798E+01,5.450966E+01
15:36:00,8.014758E+03,2.470404E+03,5.580513E-01,2.181759E-01,0.000000E+00,0.000000E+00,0.000000E+00,0.000000E+00,0.000000E+00,0.000000E+00,0.000000E+00,0.000000E+00,2.110805E+01,7.995130E+01,2.388798E+01,5.451567E+01
15:37:00,8.014758E+03,2.469051E+03,5.580513E-01,2.180564E-01,0.000000E+00,0.000000E+00,0.000000E+00,0.000000E+00,0.000000E+00,0.000000E+00,0.000000E+00,0.000000E+00,2.110805E+01,7.995130E+01,2.388798E+01,5.452174E+01
15:38:00,8.014758E+03,2.467674E+03,5.580513E-01,2.179347E-01,0.000000E+00,0.000000E+00,0.000000E+00,0.000000E+00,0.000000E+00,0.000000E+00,0.000000E+00,0.000000E+00,2.110805E+01,7.995130E+01,2.388798E+01,5.452785E+01
15:39:00,8.014758E+03,2.466273E+03,5.580513E-01,2.178110E-01,0.000000E+00,0.000000E+00,0.000000E+00,0.000000E+00,0.000000E+00,0.000000E+00,0.000000E+00,0.000000E+00,2.110805E+01,7.995130E+01,2.388798E+01,5.453400E+01
15:40:00,8.014758E+03,2.464851E+03,5.580513E-01,2.176854E-01,0.000000E+00,0.000000E+00,0.000000E+00,0.000000E+00,0.000000E+00,0.000000E+00,0.000000E+00,0.000000E+00,2.110805E+01,7.995130E+01,2.388798E+01,5.454019E+01
15:41:00,8.014758E+03,2.463405E+03,5.580513E-01,2.175577E-01,0.000000E+00,0.000000E+00,0.000000E+00,0.000000E+00,0.000000E+00,0.000000E+00,0.000000E+00,0.000000E+00,2.110805E+01,7.995130E+01,2.388798E+01,5.454640E+01
15:42:00,8.014758E+03,2.461937E+03,5.580513E-01,2.174280E-01,0.000000E+00,0.000000E+00,0.000000E+00,0.000000E+00,0.000000E+00,0.000000E+00,0.000000E+00,0.000000E+00,2.110805E+01,7.995130E+01,2.388798E+01,5.455265E+01
15:43:00,8.014758E+03,2.460446E+03,5.580513E-01,2.172964E-01,0.000000E+00,0.000000E+00,0.000000E+00,0.000000E+00,0.000000E+00,0.000000E+00,0.000000E+00,0.000000E+00,2.110805E+01,7.995130E+01,2.388798E+01,5.455894E+01
15:44:00,8.014758E+03,2.458934E+03,5.580513E-01,2.171628E-01,0.000000E+00,0.000000E+00,0.000000E+00,0.000000E+00,0.000000E+00,0.000000E+00,0.000000E+00,0.000000E+00,2.110805E+01,7.995130E+01,2.388798E+01,5.456524E+01
15:45:00,8.014758E+03,2.457400E+03,5.580513E-01,2.170274E-01,0.000000E+00,0.000000E+00,0.000000E+00,0.000000E+00,0.000000E+00,0.000000E+00,0.000000E+00,0.000000E+00,2.110805E+01,7.995130E+01,2.388798E+01,5.457158E+01
15:46:00,8.014758E+03,2.455845E+03,5.580513E-01,2.168900E-01,0.000000E+00,0.000000E+00,0.000000E+00,0.000000E+00,0.000000E+00,0.000000E+00,0.000000E+00,0.000000E+00,2.110805E+01,7.995130E+01,2.388798E+01,5.457794E+01
15:47:00,8.014758E+03,2.454269E+03,5.580513E-01,2.167508E-01,0.000000E+00,0.000000E+00,0.000000E+00,0.000000E+00,0.000000E+00,0.000000E+00,0.000000E+00,0.000000E+00,2.110805E+01,7.995130E+01,2.388798E+01,5.458432E+01
15:48:00,8.014758E+03,2.452673E+03,5.580513E-01,2.166098E-01,0.000000E+00,0.000000E+00,0.000000E+00,0.000000E+00,0.000000E+00,0.000000E+00,0.000000E+00,0.000000E+00,2.110805E+01,7.995130E+01,2.388798E+01,5.459072E+01
15:49:00,8.014758E+03,2.451056E+03,5.580513E-01,2.164671E-01,0.000000E+00,0.000000E+00,0.000000E+00,0.000000E+00,0.000000E+00,0.000000E+00,0.000000E+00,0.000000E+00,2.110805E+01,7.995130E+01,2.388798E+01,5.459713E+01
15:50:00,8.014758E+03,2.449420E+03,5.580513E-01,2.163226E-01,0.000000E+00,0.000000E+00,0.000000E+00,0.000000E+00,0.000000E+00,0.000000E+00,0.000000E+00,0.000000E+00,2.110805E+01,7.995130E+01,2.388798E+01,5.460356E+01
15:51:00,8.014758E+03,2.447765E+03,5.580513E-01,2.161764E-01,0.000000E+00,0.000000E+00,0.000000E+00,0.000000E+00,0.000000E+00,0.000000E+00,0.000000E+00,0.000000E+00,2.110805E+01,7.995130E+01,2.388798E+01,5.460999E+01
15:52:00,8.014758E+03,2.446091E+03,5.580513E-01,2.160285E-01,0.000000E+00,0.000000E+00,0.000000E+00,0.000000E+00,0.000000E+00,0.000000E+00,0.000000E+00,0.000000E+00,2.110805E+01,7.995130E+01,2.388798E+01,5.461644E+01
15:53:00,8.014758E+03,2.444398E+03,5.580513E-01,2.158790E-01,0.000000E+00,0.000000E+00,0.000000E+00,0.000000E+00,0.000000E+00,0.000000E+00,0.000000E+00,0.000000E+00,2.110805E+01,7.995130E+01,2.388798E+01,5.462289E+01
15:54:00,8.014758E+03,2.442687E+03,5.580513E-01,2.157279E-01,0.000000E+00,0.000000E+00,0.000000E+00,0.000000E+00,0.000000E+00,0.000000E+00,0.000000E+00,0.000000E+00,2.110805E+01,7.995130E+01,2.388798E+01,5.462934E+01
15:55:00,8.014758E+03,2.440960E+03,5.580513E-01,2.155754E-01,0.000000E+00,0.000000E+00,0.000000E+00,0.000000E+00,0.000000E+00,0.000000E+00,0.000000E+00,0.000000E+00,2.110805E+01,7.995130E+01,2.388798E+01,5.463579E+01
15:56:00,8.014758E+03,2.439221E+03,5.580513E-01,2.154218E-01,0.000000E+00,0.000000E+00,0.000000E+00,0.000000E+00,0.000000E+00,0.000000E+00,0.000000E+00,0.000000E+00,2.110805E+01,7.995130E+01,2.388798E+01,5.464223E+01
15:57:00,8.014758E+03,2.437469E+03,5.580513E-01,2.152671E-01,0.000000E+00,0.000000E+00,0.000000E+00,0.000000E+00,0.000000E+00,0.000000E+00,0.000000E+00,0.000000E+00,2.110805E+01,7.995130E+01,2.388798E+01,5.464864E+01
15:58:00,8.014758E+03,2.435706E+03,5.580513E-01,2.151113E-01,0.000000E+00,0.000000E+00,0.000000E+00,0.000000E+00,0.000000E+00,0.000000E+00,0.000000E+00,0.000000E+00,2.110805E+01,7.995130E+01,2.388798E+01,5.465499E+01
15:59:00,8.014758E+03,2.433931E+03,5.580513E-01,2.149546E-01,0.000000E+00,0.000000E+00,0.000000E+00,0.000000E+00,0.000000E+00,0.000000E+00,0.000000E+00,0.000000E+00,2.110805E+01,7.995130E+01,2.388798E+01,5.466129E+01
16:00:00,8.014758E+03,2.432145E+03,5.580513E-01,2.147968E-01,0.000000E+00,0.000000E+00,0.000000E+00,0.000000E+00,0.000000E+00,0.000000E+00,0.000000E+00,0.000000E+00,2.110805E+01,7.995130E+01,2.388798E+01,5.466753E+01
16:01:00,8.014758E+03,2.430360E+03,5.580513E-01,2.146392E-01,0.000000E+00,0.000000E+00,0.000000E+00,0.000000E+00,0.000000E+00,0.000000E+00,0.000000E+00,0.000000E+00,2.110805E+01,7.995130E+01,2.388798E+01,5.467372E+01
16:02:00,8.014758E+03,2.428616E+03,5.580513E-01,2.144851E-01,0.000000E+00,0.000000E+00,0.000000E+00,0.000000E+00,0.000000E+00,0.000000E+00,0.000000E+00,0.000000E+00,2.110805E+01,7.995130E+01,2.388798E+01,5.467989E+01
16:03:00,8.014758E+03,2.426874E+03,5.580513E-01,2.143313E-01,0.000000E+00,0.000000E+00,0.000000E+00,0.000000E+00,0.000000E+00,0.000000E+00,0.000000E+00,0.000000E+00,2.110805E+01,7.995130E+01,2.388798E+01,5.468608E+01
16:04:00,8.014758E+03,2.425135E+03,5.580513E-01,2.141777E-01,0.000000E+00,0.000000E+00,0.000000E+00,0.000000E+00,0.000000E+00,0.000000E+00,0.000000E+00,0.000000E+00,2.110805E+01,7.995130E+01,2.388798E+01,5.469228E+01
16:05:00,8.014758E+03,2.423397E+03,5.580513E-01,2.140242E-01,0.000000E+00,0.000000E+00,0.000000E+00,0.000000E+00,0.000000E+00,0.000000E+00,0.000000E+00,0.000000E+00,2.110805E+01,7.995130E+01,2.388798E+01,5.469851E+01
16:06:00,8.014758E+03,2.421660E+03,5.580513E-01,2.138708E-01,0.000000E+00,0.000000E+00,0.000000E+00,0.000000E+00,0.000000E+00,0.000000E+00,0.000000E+00,0.000000E+00,2.110805E+01,7.995130E+01,2.388799E+01,5.470476E+01
16:07:00,8.014758E+03,2.419925E+03,5.580513E-01,2.137176E-01,0.000000E+00,0.000000E+00,0.000000E+00,0.000000E+00,0.000000E+00,0.000000E+00,0.000000E+00,0.000000E+00,2.110805E+01,7.995130E+01,2.388799E+01,5.471102E+01
16:08:00,8.014758E+03,2.418192E+03,5.580513E-01,2.135645E-01,0.000000E+00,0.000000E+00,0.000000E+00,0.000000E+00,0.000000E+00,0.000000E+00,0.000000E+00,0.000000E+00,2.110805E+01,7.995130E+01,2.388799E+01,5.471732E+01
16:09:00,8.014758E+03,2.416460E+03,5.580513E-01,2.134116E-01,0.000000E+00,0.000000E+00,0.000000E+00,0.000000E+00,0.000000E+00,0.000000E+00,0.000000E+00,0.000000E+00,2.110805E+01,7.995130E+01,2.388799E+01,5.472363E+01
16:10:00,8.014758E+03,2.414732E+03,5.580513E-01,2.132589E-01,0.000000E+00,0.000000E+00,0.000000E+00,0.000000E+00,0.000000E+00,0.000000E+00,0.000000E+00,0.000000E+00,2.110805E+01,7.995130E+01,2.388799E+01,5.472997E+01
16:11:00,8.014758E+03,2.413006E+03,5.580513E-01,2.131065E-01,0.000000E+00,0.000000E+00,0.000000E+00,0.000000E+00,0.000000E+00,0.000000E+00,0.000000E+00,0.000000E+00,2.110805E+01,7.995130E+01,2.388799E+01,5.473631E+01
16:12:00,8.014758E+03,2.411283E+03,5.580513E-01,2.129543E-01,0.000000E+00,0.000000E+00,0.000000E+00,0.000000E+00,0.000000E+00,0.000000E+00,0.000000E+00,0.000000E+00,2.110805E+01,7.995130E+01,2.388799E+01,5.474267E+01
16:13:00,8.014758E+03,2.409562E+03,5.580513E-01,2.128023E-01,0.000000E+00,0.000000E+00,0.000000E+00,0.000000E+00,0.000000E+00,0.000000E+00,0.000000E+00,0.000000E+00,2.110805E+01,7.995130E+01,2.388799E+01,5.474904E+01
16:14:00,8.014758E+03,2.407844E+03,5.580513E-01,2.126506E-01,0.000000E+00,0.000000E+00,0.000000E+00,0.000000E+00,0.000000E+00,0.000000E+00,0.000000E+00,0.000000E+00,2.110805E+01,7.995130E+01,2.388799E+01,5.475542E+01
16:15:00,8.014758E+03,2.406129E+03,5.580513E-01,2.124991E-01,0.000000E+00,0.000000E+00,0.000000E+00,0.000000E+00,0.000000E+00,0.000000E+00,0.000000E+00,0.000000E+00,2.110805E+01,7.995130E+01,2.388799E+01,5.476182E+01
16:16:00,8.014758E+03,2.404417E+03,5.580513E-01,2.123479E-01,0.000000E+00,0.000000E+00,0.000000E+00,0.000000E+00,0.000000E+00,0.000000E+00,0.000000E+00,0.000000E+00,2.110805E+01,7.995130E+01,2.388799E+01,5.476822E+01
16:17:00,8.014758E+03,2.402707E+03,5.580513E-01,2.121969E-01,0.000000E+00,0.000000E+00,0.000000E+00,0.000000E+00,0.000000E+00,0.000000E+00,0.000000E+00,0.000000E+00,2.110805E+01,7.995130E+01,2.388799E+01,5.477465E+01
16:18:00,8.014758E+03,2.401001E+03,5.580513E-01,2.120462E-01,0.000000E+00,0.000000E+00,0.000000E+00,0.000000E+00,0.000000E+00,0.000000E+00,0.000000E+00,0.000000E+00,2.110805E+01,7.995130E+01,2.388799E+01,5.478108E+01
16:19:00,8.014758E+03,2.399298E+03,5.580513E-01,2.118959E-01,0.000000E+00,0.000000E+00,0.000000E+00,0.000000E+00,0.000000E+00,0.000000E+00,0.000000E+00,0.000000E+00,2.110805E+01,7.995130E+01,2.388799E+01,5.478753E+01
16:20:00,8.014758E+03,2.397600E+03,5.580513E-01,2.117459E-01,0.000000E+00,0.000000E+00,0.000000E+00,0.000000E+00,0.000000E+00,0.000000E+00,0.000000E+00,0.000000E+00,2.110805E+01,7.995130E+01,2.388799E+01,5.479397E+01
16:21:00,8.014758E+03,2.395907E+03,5.580513E-01,2.115963E-01,0.000000E+00,0.000000E+00,0.000000E+00,0.000000E+00,0.000000E+00,0.000000E+00,0.000000E+00,0.000000E+00,2.110805E+01,7.995130E+01,2.388799E+01,5.480042E+01
16:22:00,8.014758E+03,2.394218E+03,5.580513E-01,2.114472E-01,0.000000E+00,0.000000E+00,0.000000E+00,0.000000E+00,0.000000E+00,0.000000E+00,0.000000E+00,0.000000E+00,2.110805E+01,7.995130E+01,2.388799E+01,5.480687E+01
16:23:00,8.014758E+03,2.392534E+03,5.580513E-01,2.112984E-01,0.000000E+00,0.000000E+00,0.000000E+00,0.000000E+00,0.000000E+00,0.000000E+00,0.000000E+00,0.000000E+00,2.110805E+01,7.995130E+01,2.388799E+01,5.481331E+01
16:24:00,8.014758E+03,2.390854E+03,5.580513E-01,2.111501E-01,0.000000E+00,0.000000E+00,0.000000E+00,0.000000E+00,0.000000E+00,0.000000E+00,0.000000E+00,0.000000E+00,2.110805E+01,7.995130E+01,2.388799E+01,5.481975E+01
16:25:00,8.014758E+03,2.389180E+03,5.580513E-01,2.110022E-01,0.000000E+00,0.000000E+00,0.000000E+00,0.000000E+00,0.000000E+00,0.000000E+00,0.000000E+00,0.000000E+00,2.110805E+01,7.995130E+01,2.388799E+01,5.482618E+01
16:26:00,8.014758E+03,2.387510E+03,5.580513E-01,2.108547E-01,0.000000E+00,0.000000E+00,0.000000E+00,0.000000E+00,0.000000E+00,0.000000E+00,0.000000E+00,0.000000E+00,2.110805E+01,7.995130E+01,2.388799E+01,5.483261E+01
16:27:00,8.014758E+03,2.385845E+03,5.580513E-01,2.107077E-01,0.000000E+00,0.000000E+00,0.000000E+00,0.000000E+00,0.000000E+00,0.000000E+00,0.000000E+00,0.000000E+00,2.110805E+01,7.995130E+01,2.388799E+01,5.483904E+01
16:28:00,8.014758E+03,2.384185E+03,5.580513E-01,2.105611E-01,0.000000E+00,0.000000E+00,0.000000E+00,0.000000E+00,0.000000E+00,0.000000E+00,0.000000E+00,0.000000E+00,2.110805E+01,7.995130E+01,2.388799E+01,5.484545E+01
16:29:00,8.014758E+03,2.382530E+03,5.580513E-01,2.104149E-01,0.000000E+00,0.000000E+00,0.000000E+00,0.000000E+00,0.000000E+00,0.000000E+00,0.000000E+00,0.000000E+00,2.110805E+01,7.995130E+01,2.388799E+01,5.485187E+01
16:30:00,8.014758E+03,2.380880E+03,5.580513E-01,2.102692E-01,0.000000E+00,0.000000E+00,0.000000E+00,0.000000E+00,0.000000E+00,0.000000E+00,0.000000E+00,0.000000E+00,2.110805E+01,7.995130E+01,2.388799E+01,5.485827E+01
16:31:00,8.014758E+03,2.379235E+03,5.580513E-01,2.101239E-01,0.000000E+00,0.000000E+00,0.000000E+00,0.000000E+00,0.000000E+00,0.000000E+00,0.000000E+00,0.000000E+00,2.110805E+01,7.995130E+01,2.388799E+01,5.486468E+01
16:32:00,8.014758E+03,2.377595E+03,5.580513E-01,2.099791E-01,0.000000E+00,0.000000E+00,0.000000E+00,0.000000E+00,0.000000E+00,0.000000E+00,0.000000E+00,0.000000E+00,2.110805E+01,7.995130E+01,2.388799E+01,5.487108E+01
16:33:00,8.014758E+03,2.375960E+03,5.580513E-01,2.098346E-01,0.000000E+00,0.000000E+00,0.000000E+00,0.000000E+00,0.000000E+00,0.000000E+00,0.000000E+00,0.000000E+00,2.110805E+01,7.995130E+01,2.388799E+01,5.487747E+01
16:34:00,8.014758E+03,2.374330E+03,5.580513E-01,2.096907E-01,0.000000E+00,0.000000E+00,0.000000E+00,0.000000E+00,0.000000E+00,0.000000E+00,0.000000E+00,0.000000E+00,2.110805E+01,7.995130E+01,2.388799E+01,5.488386E+01
16:35:00,8.014758E+03,2.372704E+03,5.580513E-01,2.095471E-01,0.000000E+00,0.000000E+00,0.000000E+00,0.000000E+00,0.000000E+00,0.000000E+00,0.000000E+00,0.000000E+00,2.110805E+01,7.995130E+01,2.388799E+01,5.489024E+01
16:36:00,8.014758E+03,2.371084E+03,5.580513E-01,2.094040E-01,0.000000E+00,0.000000E+00,0.000000E+00,0.000000E+00,0.000000E+00,0.000000E+00,0.000000E+00,0.000000E+00,2.110805E+01,7.995130E+01,2.388799E+01,5.489662E+01
16:37:00,8.014758E+03,2.369468E+03,5.580513E-01,2.092613E-01,0.000000E+00,0.000000E+00,0.000000E+00,0.000000E+00,0.000000E+00,0.000000E+00,0.000000E+00,0.000000E+00,2.110805E+01,7.995130E+01,2.388799E+01,5.490300E+01
16:38:00,8.014758E+03,2.367857E+03,5.580513E-01,2.091190E-01,0.000000E+00,0.000000E+00,0.000000E+00,0.000000E+00,0.000000E+00,0.000000E+00,0.000000E+00,0.000000E+00,2.110805E+01,7.995130E+01,2.388799E+01,5.490937E+01
16:39:00,8.014758E+03,2.366250E+03,5.580513E-01,2.089771E-01,0.000000E+00,0.000000E+00,0.000000E+00,0.000000E+00,0.000000E+00,0.000000E+00,0.000000E+00,0.000000E+00,2.110805E+01,7.995130E+01,2.388799E+01,5.491574E+01
16:40:00,8.014758E+03,2.364647E+03,5.580513E-01,2.088355E-01,0.000000E+00,0.000000E+00,0.000000E+00,0.000000E+00,0.000000E+00,0.000000E+00,0.000000E+00,0.000000E+00,2.110805E+01,7.995130E+01,2.388799E+01,5.492210E+01
16:41:00,8.014758E+03,2.363048E+03,5.580513E-01,2.086943E-01,0.000000E+00,0.000000E+00,0.000000E+00,0.000000E+00,0.000000E+00,0.000000E+00,0.000000E+00,0.000000E+00,2.110805E+01,7.995130E+01,2.388799E+01,5.492847E+01
16:42:00,8.014758E+03,2.361453E+03,5.580513E-01,2.085534E-01,0.000000E+00,0.000000E+00,0.000000E+00,0.000000E+00,0.000000E+00,0.000000E+00,0.000000E+00,0.000000E+00,2.110805E+01,7.995130E+01,2.388799E+01,5.493483E+01
16:43:00,8.014758E+03,2.359863E+03,5.580513E-01,2.084130E-01,0.000000E+00,0.000000E+00,0.000000E+00,0.000000E+00,0.000000E+00,0.000000E+00,0.000000E+00,0.000000E+00,2.110805E+01,7.995130E+01,2.388799E+01,5.494120E+01
16:44:00,8.014758E+03,2.358276E+03,5.580513E-01,2.082728E-01,0.000000E+00,0.000000E+00,0.000000E+00,0.000000E+00,0.000000E+00,0.000000E+00,0.000000E+00,0.000000E+00,2.110805E+01,7.995130E+01,2.388799E+01,5.494756E+01
16:45:00,8.014758E+03,2.356693E+03,5.580513E-01,2.081330E-01,0.000000E+00,0.000000E+00,0.000000E+00,0.000000E+00,0.000000E+00,0.000000E+00,0.000000E+00,0.000000E+00,2.110805E+01,7.995130E+01,2.388799E+01,5.495391E+01
16:46:00,8.014758E+03,2.355113E+03,5.580513E-01,2.079935E-01,0.000000E+00,0.000000E+00,0.000000E+00,0.000000E+00,0.000000E+00,0.000000E+00,0.000000E+00,0.000000E+00,2.110805E+01,7.995130E+01,2.388799E+01,5.496028E+01
16:47:00,8.014759E+03,2.353536E+03,5.580513E-01,2.078542E-01,0.000000E+00,0.000000E+00,0.000000E+00,0.000000E+00,0.000000E+00,0.000000E+00,0.000000E+00,0.000000E+00,2.110805E+01,7.995130E+01,2.388799E+01,5.496664E+01
16:48:00,8.014759E+03,2.351963E+03,5.580513E-01,2.077153E-01,0.000000E+00,0.000000E+00,0.000000E+00,0.000000E+00,0.000000E+00,0.000000E+00,0.000000E+00,0.000000E+00,2.110805E+01,7.995130E+01,2.388799E+01,5.497300E+01
16:49:00,8.014759E+03,2.350392E+03,5.580513E-01,2.075765E-01,0.000000E+00,0.000000E+00,0.000000E+00,0.000000E+00,0.000000E+00,0.000000E+00,0.000000E+00,0.000000E+00,2.110805E+01,7.995130E+01,2.388799E+01,5.497937E+01
16:50:00,8.014759E+03,2.348824E+03,5.580513E-01,2.074380E-01,0.000000E+00,0.000000E+00,0.000000E+00,0.000000E+00,0.000000E+00,0.000000E+00,0.000000E+00,0.000000E+00,2.110805E+01,7.995130E+01,2.388799E+01,5.498573E+01
16:51:00,8.014759E+03,2.347258E+03,5.580513E-01,2.072997E-01,0.000000E+00,0.000000E+00,0.000000E+00,0.000000E+00,0.000000E+00,0.000000E+00,0.000000E+00,0.000000E+00,2.110805E+01,7.995130E+01,2.388799E+01,5.499210E+01
16:52:00,8.014759E+03,2.345694E+03,5.580513E-01,2.071616E-01,0.000000E+00,0.000000E+00,0.000000E+00,0.000000E+00,0.000000E+00,0.000000E+00,0.000000E+00,0.000000E+00,2.110805E+01,7.995130E+01,2.388799E+01,5.499848E+01
16:53:00,8.014759E+03,2.344132E+03,5.580513E-01,2.070236E-01,0.000000E+00,0.000000E+00,0.000000E+00,0.000000E+00,0.000000E+00,0.000000E+00,0.000000E+00,0.000000E+00,2.110805E+01,7.995130E+01,2.388799E+01,5.500486E+01
16:54:00,8.014759E+03,2.342570E+03,5.580513E-01,2.068857E-01,0.000000E+00,0.000000E+00,0.000000E+00,0.000000E+00,0.000000E+00,0.000000E+00,0.000000E+00,0.000000E+00,2.110805E+01,7.995130E+01,2.388799E+01,5.501124E+01
16:55:00,8.014759E+03,2.341009E+03,5.580513E-01,2.067478E-01,0.000000E+00,0.000000E+00,0.000000E+00,0.000000E+00,0.000000E+00,0.000000E+00,0.000000E+00,0.000000E+00,2.110805E+01,7.995130E+01,2.388799E+01,5.501763E+01
16:56:00,8.014759E+03,2.339444E+03,5.580513E-01,2.066096E-01,0.000000E+00,0.000000E+00,0.000000E+00,0.000000E+00,0.000000E+00,0.000000E+00,0.000000E+00,0.000000E+00,2.110805E+01,7.995130E+01,2.388800E+01,5.502403E+01
16:57:00,8.014759E+03,2.337874E+03,5.580513E-01,2.064710E-01,0.000000E+00,0.000000E+00,0.000000E+00,0.000000E+00,0.000000E+00,0.000000E+00,0.000000E+00,0.000000E+00,2.110805E+01,7.995130E+01,2.388800E+01,5.503043E+01
16:58:00,8.014759E+03,2.336300E+03,5.580513E-01,2.063319E-01,0.000000E+00,0.000000E+00,0.000000E+00,0.000000E+00,0.000000E+00,0.000000E+00,0.000000E+00,0.000000E+00,2.110805E+01,7.995130E+01,2.388800E+01,5.503684E+01
16:59:00,8.014759E+03,2.334721E+03,5.580513E-01,2.061925E-01,0.000000E+00,0.000000E+00,0.000000E+00,0.000000E+00,0.000000E+00,0.000000E+00,0.000000E+00,0.000000E+00,2.110805E+01,7.995130E+01,2.388800E+01,5.504326E+01
17:00:00,8.014759E+03,2.333137E+03,5.580513E-01,2.060526E-01,0.000000E+00,0.000000E+00,0.000000E+00,0.000000E+00,0.000000E+00,0.000000E+00,0.000000E+00,0.000000E+00,2.110805E+01,7.995130E+01,2.388800E+01,5.504969E+01
17:01:00,8.014759E+03,2.331549E+03,5.580513E-01,2.059124E-01,0.000000E+00,0.000000E+00,0.000000E+00,0.000000E+00,0.000000E+00,0.000000E+00,0.000000E+00,0.000000E+00,2.110805E+01,7.995130E+01,2.388800E+01,5.505614E+01
17:02:00,8.014759E+03,2.329956E+03,5.580513E-01,2.057716E-01,0.000000E+00,0.000000E+00,0.000000E+00,0.000000E+00,0.000000E+00,0.000000E+00,0.000000E+00,0.000000E+00,2.110805E+01,7.995130E+01,2.388800E+01,5.506263E+01
17:03:00,8.014759E+03,2.328358E+03,5.580513E-01,2.056305E-01,0.000000E+00,0.000000E+00,0.000000E+00,0.000000E+00,0.000000E+00,0.000000E+00,0.000000E+00,0.000000E+00,2.110805E+01,7.995130E+01,2.388800E+01,5.506918E+01
17:04:00,8.014759E+03,2.326755E+03,5.580513E-01,2.054889E-01,0.000000E+00,0.000000E+00,0.000000E+00,0.000000E+00,0.000000E+00,0.000000E+00,0.000000E+00,0.000000E+00,2.110805E+01,7.995130E+01,2.388800E+01,5.507581E+01
17:05:00,8.014759E+03,2.325147E+03,5.580513E-01,2.053470E-01,0.000000E+00,0.000000E+00,0.000000E+00,0.000000E+00,0.000000E+00,0.000000E+00,0.000000E+00,0.000000E+00,2.110805E+01,7.995130E+01,2.388800E+01,5.508252E+01
17:06:00,8.014759E+03,2.323536E+03,5.580513E-01,2.052046E-01,0.000000E+00,0.000000E+00,0.000000E+00,0.000000E+00,0.000000E+00,0.000000E+00,0.000000E+00,0.000000E+00,2.110805E+01,7.995130E+01,2.388800E+01,5.508930E+01
17:07:00,8.014759E+03,2.321919E+03,5.580513E-01,2.050619E-01,0.000000E+00,0.000000E+00,0.000000E+00,0.000000E+00,0.000000E+00,0.000000E+00,0.000000E+00,0.000000E+00,2.110805E+01,7.995130E+01,2.388800E+01,5.509614E+01
17:08:00,8.014759E+03,2.320298E+03,5.580513E-01,2.049187E-01,0.000000E+00,0.000000E+00,0.000000E+00,0.000000E+00,0.000000E+00,0.000000E+00,0.000000E+00,0.000000E+00,2.110805E+01,7.995130E+01,2.388800E+01,5.510305E+01
17:09:00,8.014759E+03,2.318671E+03,5.580513E-01,2.047750E-01,0.000000E+00,0.000000E+00,0.000000E+00,0.000000E+00,0.000000E+00,0.000000E+00,0.000000E+00,0.000000E+00,2.110805E+01,7.995130E+01,2.388800E+01,5.511003E+01
17:10:00,8.014759E+03,2.317039E+03,5.580513E-01,2.046309E-01,0.000000E+00,0.000000E+00,0.000000E+00,0.000000E+00,0.000000E+00,0.000000E+00,0.000000E+00,0.000000E+00,2.110805E+01,7.995130E+01,2.388800E+01,5.511708E+01
17:11:00,8.014759E+03,2.315401E+03,5.580513E-01,2.044862E-01,0.000000E+00,0.000000E+00,0.000000E+00,0.000000E+00,0.000000E+00,0.000000E+00,0.000000E+00,0.000000E+00,2.110805E+01,7.995130E+01,2.388800E+01,5.512418E+01
17:12:00,8.014759E+03,2.313757E+03,5.580513E-01,2.043410E-01,0.000000E+00,0.000000E+00,0.000000E+00,0.000000E+00,0.000000E+00,0.000000E+00,0.000000E+00,0.000000E+00,2.110805E+01,7.995130E+01,2.388800E+01,5.513135E+01
17:13:00,8.014759E+03,2.312107E+03,5.580513E-01,2.041953E-01,0.000000E+00,0.000000E+00,0.000000E+00,0.000000E+00,0.000000E+00,0.000000E+00,0.000000E+00,0.000000E+00,2.110805E+01,7.995130E+01,2.388800E+01,5.513857E+01
17:14:00,8.014759E+03,2.310451E+03,5.580513E-01,2.040491E-01,0.000000E+00,0.000000E+00,0.000000E+00,0.000000E+00,0.000000E+00,0.000000E+00,0.000000E+00,0.000000E+00,2.110805E+01,7.995130E+01,2.388800E+01,5.514586E+01
17:15:00,8.014759E+03,2.308789E+03,5.580513E-01,2.039023E-01,0.000000E+00,0.000000E+00,0.000000E+00,0.000000E+00,0.000000E+00,0.000000E+00,0.000000E+00,0.000000E+00,2.110805E+01,7.995130E+01,2.388800E+01,5.515320E+01
17:16:00,8.014759E+03,2.307121E+03,5.580513E-01,2.037549E-01,0.000000E+00,0.000000E+00,0.000000E+00,0.000000E+00,0.000000E+00,0.000000E+00,0.000000E+00,0.000000E+00,2.110805E+01,7.995130E+01,2.388800E+01,5.516061E+01
17:17:00,8.014759E+03,2.305446E+03,5.580513E-01,2.036070E-01,0.000000E+00,0.000000E+00,0.000000E+00,0.000000E+00,0.000000E+00,0.000000E+00,0.000000E+00,0.000000E+00,2.110805E+01,7.995130E+01,2.388800E+01,5.516807E+01
17:18:00,8.014759E+03,2.303765E+03,5.580513E-01,2.034585E-01,0.000000E+00,0.000000E+00,0.000000E+00,0.000000E+00,0.000000E+00,0.000000E+00,0.000000E+00,0.000000E+00,2.110805E+01,7.995130E+01,2.388800E+01,5.517559E+01
17:19:00,8.014759E+03,2.302075E+03,5.580513E-01,2.033093E-01,0.000000E+00,0.000000E+00,0.000000E+00,0.000000E+00,0.000000E+00,0.000000E+00,0.000000E+00,0.000000E+00,2.110805E+01,7.995130E+01,2.388800E+01,5.518316E+01
17:20:00,8.014759E+03,2.300377E+03,5.580513E-01,2.031593E-01,0.000000E+00,0.000000E+00,0.000000E+00,0.000000E+00,0.000000E+00,0.000000E+00,0.000000E+00,0.000000E+00,2.110805E+01,7.995130E+01,2.388800E+01,5.519079E+01
17:21:00,8.014759E+03,2.298671E+03,5.580513E-01,2.030086E-01,0.000000E+00,0.000000E+00,0.000000E+00,0.000000E+00,0.000000E+00,0.000000E+00,0.000000E+00,0.000000E+00,2.110805E+01,7.995130E+01,2.388800E+01,5.519848E+01
17:22:00,8.014759E+03,2.296956E+03,5.580513E-01,2.028571E-01,0.000000E+00,0.000000E+00,0.000000E+00,0.000000E+00,0.000000E+00,0.000000E+00,0.000000E+00,0.000000E+00,2.110805E+01,7.995130E+01,2.388800E+01,5.520621E+01
17:23:00,8.014759E+03,2.295232E+03,5.580513E-01,2.027049E-01,0.000000E+00,0.000000E+00,0.000000E+00,0.000000E+00,0.000000E+00,0.000000E+00,0.000000E+00,0.000000E+00,2.110805E+01,7.995130E+01,2.388800E+01,5.521401E+01
17:24:00,8.014759E+03,2.293498E+03,5.580513E-01,2.025518E-01,0.000000E+00,0.000000E+00,0.000000E+00,0.000000E+00,0.000000E+00,0.000000E+00,0.000000E+00,0.000000E+00,2.110805E+01,7.995130E+01,2.388800E+01,5.522186E+01
17:25:00,8.014759E+03,2.291755E+03,5.580513E-01,2.023978E-01,0.000000E+00,0.000000E+00,0.000000E+00,0.000000E+00,0.000000E+00,0.000000E+00,0.000000E+00,0.000000E+00,2.110805E+01,7.995130E+01,2.388800E+01,5.522977E+01
17:26:00,8.014759E+03,2.290002E+03,5.580513E-01,2.022430E-01,0.000000E+00,0.000000E+00,0.000000E+00,0.000000E+00,0.000000E+00,0.000000E+00,0.000000E+00,0.000000E+00,2.110805E+01,7.995130E+01,2.388800E+01,5.523773E+01
17:27:00,8.014759E+03,2.288239E+03,5.580513E-01,2.020873E-01,0.000000E+00,0.000000E+00,0.000000E+00,0.000000E+00,0.000000E+00,0.000000E+00,0.000000E+00,0.000000E+00,2.110805E+01,7.995130E+01,2.388801E+01,5.524575E+01
17:28:00,8.014759E+03,2.286411E+03,5.580513E-01,2.019258E-01,0.000000E+00,0.000000E+00,0.000000E+00,0.000000E+00,0.000000E+00,0.000000E+00,0.000000E+00,0.000000E+00,2.110805E+01,7.995130E+01,2.388801E+01,5.525382E+01
17:29:00,8.014759E+03,2.284569E+03,5.580513E-01,2.017631E-01,0.000000E+00,0.000000E+00,0.000000E+00,0.000000E+00,0.000000E+00,0.000000E+00,0.000000E+00,0.000000E+00,2.110805E+01,7.995130E+01,2.388801E+01,5.526228E+01
17:30:00,8.014759E+03,2.282713E+03,5.580513E-01,2.015993E-01,0.000000E+00,0.000000E+00,0.000000E+00,0.000000E+00,0.000000E+00,0.000000E+00,0.000000E+00,0.000000E+00,2.110805E+01,7.995130E+01,2.388801E+01,5.527103E+01
17:31:00,8.014759E+03,2.280845E+03,5.580513E-01,2.014343E-01,0.000000E+00,0.000000E+00,0.000000E+00,0.000000E+00,0.000000E+00,0.000000E+00,0.000000E+00,0.000000E+00,2.110805E+01,7.995130E+01,2.388801E+01,5.527992E+01
17:32:00,8.014759E+03,2.278964E+03,5.580513E-01,2.012681E-01,0.000000E+00,0.000000E+00,0.000000E+00,0.000000E+00,0.000000E+00,0.000000E+00,0.000000E+00,0.000000E+00,2.110805E+01,7.995130E+01,2.388801E+01,5.528886E+01
17:33:00,8.014759E+03,2.277070E+03,5.580513E-01,2.011009E-01,0.000000E+00,0.000000E+00,0.000000E+00,0.000000E+00,0.000000E+00,0.000000E+00,0.000000E+00,0.000000E+00,2.110805E+01,7.995130E+01,2.388801E+01,5.529785E+01
17:34:00,8.014759E+03,2.275163E+03,5.580513E-01,2.009324E-01,0.000000E+00,0.000000E+00,0.000000E+00,0.000000E+00,0.000000E+00,0.000000E+00,0.000000E+00,0.000000E+00,2.110805E+01,7.995130E+01,2.388801E+01,5.530687E+01
17:35:00,8.014759E+03,2.273243E+03,5.580513E-01,2.007628E-01,0.000000E+00,0.000000E+00,0.000000E+00,0.000000E+00,0.000000E+00,0.000000E+00,0.000000E+00,0.000000E+00,2.110805E+01,7.995130E+01,2.388801E+01,5.531594E+01
17:36:00,8.014759E+03,2.271309E+03,5.580513E-01,2.005921E-01,0.000000E+00,0.000000E+00,0.000000E+00,0.000000E+00,0.000000E+00,0.000000E+00,0.000000E+00,0.000000E+00,2.110805E+01,7.995130E+01,2.388801E+01,5.532505E+01
17:37:00,8.014759E+03,2.269362E+03,5.580513E-01,2.004201E-01,0.000000E+00,0.000000E+00,0.000000E+00,0.000000E+00,0.000000E+00,0.000000E+00,0.000000E+00,0.000000E+00,2.110805E+01,7.995130E+01,2.388801E+01,5.533421E+01
17:38:00,8.014759E+03,2.267401E+03,5.580513E-01,2.002469E-01,0.000000E+00,0.000000E+00,0.000000E+00,0.000000E+00,0.000000E+00,0.000000E+00,0.000000E+00,0.000000E+00,2.110805E+01,7.995130E+01,2.388801E+01,5.534341E+01
17:39:00,8.014759E+03,2.265427E+03,5.580513E-01,2.000726E-01,0.000000E+00,0.000000E+00,0.000000E+00,0.000000E+00,0.000000E+00,0.000000E+00,0.000000E+00,0.000000E+00,2.110805E+01,7.995130E+01,2.388801E+01,5.535265E+01
17:40:00,8.014759E+03,2.263438E+03,5.580513E-01,1.998969E-01,0.000000E+00,0.000000E+00,0.000000E+00,0.000000E+00,0.000000E+00,0.000000E+00,0.000000E+00,0.000000E+00,2.110805E+01,7.995130E+01,2.388801E+01,5.536194E+01
17:41:00,8.014759E+03,2.261436E+03,5.580513E-01,1.997201E-01,0.000000E+00,0.000000E+00,0.000000E+00,0.000000E+00,0.000000E+00,0.000000E+00,0.000000E+00,0.000000E+00,2.110805E+01,7.995130E+01,2.388801E+01,5.537128E+01
17:42:00,8.014759E+03,2.259419E+03,5.580513E-01,1.995419E-01,0.000000E+00,0.000000E+00,0.000000E+00,0.000000E+00,0.000000E+00,0.000000E+00,0.000000E+00,0.000000E+00,2.110805E+01,7.995130E+01,2.388801E+01,5.538066E+01
17:43:00,8.014759E+03,2.257387E+03,5.580513E-01,1.993625E-01,0.000000E+00,0.000000E+00,0.000000E+00,0.000000E+00,0.000000E+00,0.000000E+00,0.000000E+00,0.000000E+00,2.110805E+01,7.995130E+01,2.388801E+01,5.539009E+01
17:44:00,8.014759E+03,2.255341E+03,5.580513E-01,1.991818E-01,0.000000E+00,0.000000E+00,0.000000E+00,0.000000E+00,0.000000E+00,0.000000E+00,0.000000E+00,0.000000E+00,2.110805E+01,7.995130E+01,2.388801E+01,5.539957E+01
17:45:00,8.014759E+03,2.253279E+03,5.580513E-01,1.989997E-01,0.000000E+00,0.000000E+00,0.000000E+00,0.000000E+00,0.000000E+00,0.000000E+00,0.000000E+00,0.000000E+00,2.110805E+01,7.995130E+01,2.388801E+01,5.540909E+01
17:46:00,8.014759E+03,2.251202E+03,5.580513E-01,1.988163E-01,0.000000E+00,0.000000E+00,0.000000E+00,0.000000E+00,0.000000E+00,0.000000E+00,0.000000E+00,0.000000E+00,2.110805E+01,7.995130E+01,2.388801E+01,5.541867E+01
17:47:00,8.014759E+03,2.249110E+03,5.580513E-01,1.986315E-01,0.000000E+00,0.000000E+00,0.000000E+00,0.000000E+00,0.000000E+00,0.000000E+00,0.000000E+00,0.000000E+00,2.110805E+01,7.995130E+01,2.388801E+01,5.542830E+01
17:48:00,8.014759E+03,2.247002E+03,5.580513E-01,1.984453E-01,0.000000E+00,0.000000E+00,0.000000E+00,0.000000E+00,0.000000E+00,0.000000E+00,0.000000E+00,0.000000E+00,2.110805E+01,7.995130E+01,2.388801E+01,5.543799E+01
17:49:00,8.014759E+03,2.244879E+03,5.580513E-01,1.982578E-01,0.000000E+00,0.000000E+00,0.000000E+00,0.000000E+00,0.000000E+00,0.000000E+00,0.000000E+00,0.000000E+00,2.110805E+01,7.995130E+01,2.388801E+01,5.544772E+01
17:50:00,8.014759E+03,2.242740E+03,5.580513E-01,1.980689E-01,0.000000E+00,0.000000E+00,0.000000E+00,0.000000E+00,0.000000E+00,0.000000E+00,0.000000E+00,0.000000E+00,2.110805E+01,7.995130E+01,2.388802E+01,5.545752E+01
17:51:00,8.014759E+03,2.240585E+03,5.580513E-01,1.978785E-01,0.000000E+00,0.000000E+00,0.000000E+00,0.000000E+00,0.000000E+00,0.000000E+00,0.000000E+00,0.000000E+00,2.110805E+01,7.995130E+01,2.388802E+01,5.546736E+01
17:52:00,8.014759E+03,2.238413E+03,5.580513E-01,1.976868E-01,0.000000E+00,0.000000E+00,0.000000E+00,0.000000E+00,0.000000E+00,0.000000E+00,0.000000E+00,0.000000E+00,2.110805E+01,7.995130E+01,2.388802E+01,5.547725E+01
17:53:00,8.014759E+03,2.236225E+03,5.580513E-01,1.974935E-01,0.000000E+00,0.000000E+00,0.000000E+00,0.000000E+00,0.000000E+00,0.000000E+00,0.000000E+00,0.000000E+00,2.110805E+01,7.995130E+01,2.388802E+01,5.548721E+01
17:54:00,8.014759E+03,2.234020E+03,5.580513E-01,1.972988E-01,0.000000E+00,0.000000E+00,0.000000E+00,0.000000E+00,0.000000E+00,0.000000E+00,0.000000E+00,0.000000E+00,2.110805E+01,7.995130E+01,2.388802E+01,5.549722E+01
17:55:00,8.014759E+03,2.231798E+03,5.580513E-01,1.971025E-01,0.000000E+00,0.000000E+00,0.000000E+00,0.000000E+00,0.000000E+00,0.000000E+00,0.000000E+00,0.000000E+00,2.110805E+01,7.995130E+01,2.388802E+01,5.550729E+01
17:56:00,8.014759E+03,2.229558E+03,5.580513E-01,1.969047E-01,0.000000E+00,0.000000E+00,0.000000E+00,0.000000E+00,0.000000E+00,0.000000E+00,0.000000E+00,0.000000E+00,2.110805E+01,7.995130E+01,2.388802E+01,5.551742E+01
17:57:00,8.014759E+03,2.227301E+03,5.580513E-01,1.967054E-01,0.000000E+00,0.000000E+00,0.000000E+00,0.000000E+00,0.000000E+00,0.000000E+00,0.000000E+00,0.000000E+00,2.110805E+01,7.995130E+01,2.388802E+01,5.552762E+01
17:58:00,8.014759E+03,2.225026E+03,5.580513E-01,1.965044E-01,0.000000E+00,0.000000E+00,0.000000E+00,0.000000E+00,0.000000E+00,0.000000E+00,0.000000E+00,0.000000E+00,2.110805E+01,7.995130E+01,2.388802E+01,5.553789E+01
17:59:00,8.014759E+03,2.222733E+03,5.580513E-01,1.963019E-01,0.000000E+00,0.000000E+00,0.000000E+00,0.000000E+00,0.000000E+00,0.000000E+00,0.000000E+00,0.000000E+00,2.110805E+01,7.995130E+01,2.388802E+01,5.554822E+01
18:00:00,8.014759E+03,2.220422E+03,5.580513E-01,1.960978E-01,0.000000E+00,0.000000E+00,0.000000E+00,0.000000E+00,0.000000E+00,0.000000E+00,0.000000E+00,0.000000E+00,2.110805E+01,7.995130E+01,2.388802E+01,5.555861E+01
18:01:00,8.014759E+03,2.218084E+03,5.580513E-01,1.958914E-01,0.000000E+00,0.000000E+00,0.000000E+00,0.000000E+00,0.000000E+00,0.000000E+00,0.000000E+00,0.000000E+00,2.110805E+01,7.995130E+01,2.388802E+01,5.556907E+01
18:02:00,8.014759E+03,2.215720E+03,5.580513E-01,1.956825E-01,0.000000E+00,0.000000E+00,0.000000E+00,0.000000E+00,0.000000E+00,0.000000E+00,0.000000E+00,0.000000E+00,2.110805E+01,7.995130E+01,2.388802E+01,5.557970E+01
18:03:00,8.014759E+03,2.213328E+03,5.580513E-01,1.954712E-01,0.000000E+00,0.000000E+00,0.000000E+00,0.000000E+00,0.000000E+00,0.000000E+00,0.000000E+00,0.000000E+00,2.110805E+01,7.995130E+01,2.388802E+01,5.559054E+01
18:04:00,8.014759E+03,2.210908E+03,5.580513E-01,1.952576E-01,0.000000E+00,0.000000E+00,0.000000E+00,0.000000E+00,0.000000E+00,0.000000E+00,0.000000E+00,0.000000E+00,2.110805E+01,7.995130E+01,2.388802E+01,5.560162E+01
18:05:00,8.014759E+03,2.208461E+03,5.580513E-01,1.950415E-01,0.000000E+00,0.000000E+00,0.000000E+00,0.000000E+00,0.000000E+00,0.000000E+00,0.000000E+00,0.000000E+00,2.110805E+01,7.995130E+01,2.388802E+01,5.561293E+01
18:06:00,8.014759E+03,2.205987E+03,5.580513E-01,1.948229E-01,0.000000E+00,0.000000E+00,0.000000E+00,0.000000E+00,0.000000E+00,0.000000E+00,0.000000E+00,0.000000E+00,2.110805E+01,7.995130E+01,2.388802E+01,5.562447E+01
18:07:00,8.014759E+03,2.203484E+03,5.580513E-01,1.946019E-01,0.000000E+00,0.000000E+00,0.000000E+00,0.000000E+00,0.000000E+00,0.000000E+00,0.000000E+00,0.000000E+00,2.110805E+01,7.995130E+01,2.388802E+01,5.563621E+01
18:08:00,8.014759E+03,2.200953E+03,5.580513E-01,1.943783E-01,0.000000E+00,0.000000E+00,0.000000E+00,0.000000E+00,0.000000E+00,0.000000E+00,0.000000E+00,0.000000E+00,2.110805E+01,7.995130E+01,2.388803E+01,5.564817E+01
18:09:00,8.014759E+03,2.198394E+03,5.580513E-01,1.941523E-01,0.000000E+00,0.000000E+00,0.000000E+00,0.000000E+00,0.000000E+00,0.000000E+00,0.000000E+00,0.000000E+00,2.110805E+01,7.995130E+01,2.388803E+01,5.566033E+01
18:10:00,8.014759E+03,2.195806E+03,5.580513E-01,1.939238E-01,0.000000E+00,0.000000E+00,0.000000E+00,0.000000E+00,0.000000E+00,0.000000E+00,0.000000E+00,0.000000E+00,2.110805E+01,7.995130E+01,2.388803E+01,5.567269E+01
18:11:00,8.014759E+03,2.193189E+03,5.580513E-01,1.936926E-01,0.000000E+00,0.000000E+00,0.000000E+00,0.000000E+00,0.000000E+00,0.000000E+00,0.000000E+00,0.000000E+00,2.110805E+01,7.995130E+01,2.388803E+01,5.568526E+01
18:12:00,8.014759E+03,2.190543E+03,5.580513E-01,1.934590E-01,0.000000E+00,0.000000E+00,0.000000E+00,0.000000E+00,0.000000E+00,0.000000E+00,0.000000E+00,0.000000E+00,2.110805E+01,7.995130E+01,2.388803E+01,5.569801E+01
18:13:00,8.014759E+03,2.187868E+03,5.580513E-01,1.932227E-01,0.000000E+00,0.000000E+00,0.000000E+00,0.000000E+00,0.000000E+00,0.000000E+00,0.000000E+00,0.000000E+00,2.110805E+01,7.995130E+01,2.388803E+01,5.571095E+01
18:14:00,8.014759E+03,2.185164E+03,5.580513E-01,1.929838E-01,0.000000E+00,0.000000E+00,0.000000E+00,0.000000E+00,0.000000E+00,0.000000E+00,0.000000E+00,0.000000E+00,2.110805E+01,7.995130E+01,2.388803E+01,5.572409E+01
18:15:00,8.014759E+03,2.182429E+03,5.580513E-01,1.927423E-01,0.000000E+00,0.000000E+00,0.000000E+00,0.000000E+00,0.000000E+00,0.000000E+00,0.000000E+00,0.000000E+00,2.110805E+01,7.995130E+01,2.388803E+01,5.573740E+01
18:16:00,8.014759E+03,2.179665E+03,5.580513E-01,1.924982E-01,0.000000E+00,0.000000E+00,0.000000E+00,0.000000E+00,0.000000E+00,0.000000E+00,0.000000E+00,0.000000E+00,2.110805E+01,7.995130E+01,2.388803E+01,5.575091E+01
18:17:00,8.014759E+03,2.176870E+03,5.580513E-01,1.922514E-01,0.000000E+00,0.000000E+00,0.000000E+00,0.000000E+00,0.000000E+00,0.000000E+00,0.000000E+00,0.000000E+00,2.110805E+01,7.995130E+01,2.388803E+01,5.576459E+01
18:18:00,8.014759E+03,2.174045E+03,5.580513E-01,1.920018E-01,0.000000E+00,0.000000E+00,0.000000E+00,0.000000E+00,0.000000E+00,0.000000E+00,0.000000E+00,0.000000E+00,2.110805E+01,7.995130E+01,2.388803E+01,5.577844E+01
18:19:00,8.014759E+03,2.171189E+03,5.580513E-01,1.917496E-01,0.000000E+00,0.000000E+00,0.000000E+00,0.000000E+00,0.000000E+00,0.000000E+00,0.000000E+00,0.000000E+00,2.110805E+01,7.995130E+01,2.388803E+01,5.579248E+01
18:20:00,8.014759E+03,2.168302E+03,5.580513E-01,1.914947E-01,0.000000E+00,0.000000E+00,0.000000E+00,0.000000E+00,0.000000E+00,0.000000E+00,0.000000E+00,0.000000E+00,2.110805E+01,7.995130E+01,2.388804E+01,5.580669E+01
18:21:00,8.014759E+03,2.165385E+03,5.580513E-01,1.912370E-01,0.000000E+00,0.000000E+00,0.000000E+00,0.000000E+00,0.000000E+00,0.000000E+00,0.000000E+00,0.000000E+00,2.110805E+01,7.995130E+01,2.388804E+01,5.582107E+01
18:22:00,8.014759E+03,2.162436E+03,5.580513E-01,1.909765E-01,0.000000E+00,0.000000E+00,0.000000E+00,0.000000E+00,0.000000E+00,0.000000E+00,0.000000E+00,0.000000E+00,2.110805E+01,7.995130E+01,2.388804E+01,5.583562E+01
18:23:00,8.014759E+03,2.159455E+03,5.580513E-01,1.907133E-01,0.000000E+00,0.000000E+00,0.000000E+00,0.000000E+00,0.000000E+00,0.000000E+00,0.000000E+00,0.000000E+00,2.110805E+01,7.995130E+01,2.388804E+01,5.585034E+01
18:24:00,8.014759E+03,2.156442E+03,5.580513E-01,1.904472E-01,0.000000E+00,0.000000E+00,0.000000E+00,0.000000E+00,0.000000E+00,0.000000E+00,0.000000E+00,0.000000E+00,2.110805E+01,7.995130E+01,2.388804E+01,5.586523E+01
18:25:00,8.014759E+03,2.153398E+03,5.580513E-01,1.901783E-01,0.000000E+00,0.000000E+00,0.000000E+00,0.000000E+00,0.000000E+00,0.000000E+00,0.000000E+00,0.000000E+00,2.110805E+01,7.995130E+01,2.388804E+01,5.588029E+01
18:26:00,8.014759E+03,2.150321E+03,5.580513E-01,1.899066E-01,0.000000E+00,0.000000E+00,0.000000E+00,0.000000E+00,0.000000E+00,0.000000E+00,0.000000E+00,0.000000E+00,2.110805E+01,7.995130E+01,2.388804E+01,5.589552E+01
18:27:00,8.014759E+03,2.147212E+03,5.580513E-01,1.896320E-01,0.000000E+00,0.000000E+00,0.000000E+00,0.000000E+00,0.000000E+00,0.000000E+00,0.000000E+00,0.000000E+00,2.110805E+01,7.995130E+01,2.388804E+01,5.591090E+01
18:28:00,8.014759E+03,2.144125E+03,5.580513E-01,1.893594E-01,0.000000E+00,0.000000E+00,0.000000E+00,0.000000E+00,0.000000E+00,0.000000E+00,0.000000E+00,0.000000E+00,2.110805E+01,7.995130E+01,2.388804E+01,5.592646E+01
18:29:00,8.014759E+03,2.141009E+03,5.580513E-01,1.890841E-01,0.000000E+00,0.000000E+00,0.000000E+00,0.000000E+00,0.000000E+00,0.000000E+00,0.000000E+00,0.000000E+00,2.110805E+01,7.995130E+01,2.388804E+01,5.594218E+01
18:30:00,8.014759E+03,2.137861E+03,5.580513E-01,1.888062E-01,0.000000E+00,0.000000E+00,0.000000E+00,0.000000E+00,0.000000E+00,0.000000E+00,0.000000E+00,0.000000E+00,2.110805E+01,7.995130E+01,2.388804E+01,5.595806E+01
18:31:00,8.014759E+03,2.134683E+03,5.580513E-01,1.885254E-01,0.000000E+00,0.000000E+00,0.000000E+00,0.000000E+00,0.000000E+00,0.000000E+00,0.000000E+00,0.000000E+00,2.110805E+01,7.995130E+01,2.388804E+01,5.597411E+01
18:32:00,8.014759E+03,2.131472E+03,5.580513E-01,1.882419E-01,0.000000E+00,0.000000E+00,0.000000E+00,0.000000E+00,0.000000E+00,0.000000E+00,0.000000E+00,0.000000E+00,2.110805E+01,7.995130E+01,2.388804E+01,5.599032E+01
18:33:00,8.014759E+03,2.128229E+03,5.580513E-01,1.879555E-01,0.000000E+00,0.000000E+00,0.000000E+00,0.000000E+00,0.000000E+00,0.000000E+00,0.000000E+00,0.000000E+00,2.110805E+01,7.995130E+01,2.388805E+01,5.600669E+01
18:34:00,8.014759E+03,2.124954E+03,5.580513E-01,1.876662E-01,0.000000E+00,0.000000E+00,0.000000E+00,0.000000E+00,0.000000E+00,0.000000E+00,0.000000E+00,0.000000E+00,2.110805E+01,7.995130E+01,2.388805E+01,5.602323E+01
18:35:00,8.014759E+03,2.121645E+03,5.580513E-01,1.873740E-01,0.000000E+00,0.000000E+00,0.000000E+00,0.000000E+00,0.000000E+00,0.000000E+00,0.000000E+00,0.000000E+00,2.110805E+01,7.995130E+01,2.388805E+01,5.603993E+01
18:36:00,8.014759E+03,2.118304E+03,5.580513E-01,1.870788E-01,0.000000E+00,0.000000E+00,0.000000E+00,0.000000E+00,0.000000E+00,0.000000E+00,0.000000E+00,0.000000E+00,2.110805E+01,7.995130E+01,2.388805E+01,5.605679E+01
18:37:00,8.014759E+03,2.114928E+03,5.580513E-01,1.867807E-01,0.000000E+00,0.000000E+00,0.000000E+00,0.000000E+00,0.000000E+00,0.000000E+00,0.000000E+00,0.000000E+00,2.110805E+01,7.995130E+01,2.388805E+01,5.607382E+01
18:38:00,8.014759E+03,2.111519E+03,5.580513E-01,1.864796E-01,0.000000E+00,0.000000E+00,0.000000E+00,0.000000E+00,0.000000E+00,0.000000E+00,0.000000E+00,0.000000E+00,2.110805E+01,7.995130E+01,2.388805E+01,5.609100E+01
18:39:00,8.014759E+03,2.108034E+03,5.580513E-01,1.861719E-01,0.000000E+00,0.000000E+00,0.000000E+00,0.000000E+00,0.000000E+00,0.000000E+00,0.000000E+00,0.000000E+00,2.110805E+01,7.995130E+01,2.388805E+01,5.610835E+01
18:40:00,8.014759E+03,2.104512E+03,5.580513E-01,1.858608E-01,0.000000E+00,0.000000E+00,0.000000E+00,0.000000E+00,0.000000E+00,0.000000E+00,0.000000E+00,0.000000E+00,2.110805E+01,7.995130E+01,2.388805E+01,5.612613E+01
18:41:00,8.014759E+03,2.100953E+03,5.580513E-01,1.855465E-01,0.000000E+00,0.000000E+00,0.000000E+00,0.000000E+00,0.000000E+00,0.000000E+00,0.000000E+00,0.000000E+00,2.110805E+01,7.995130E+01,2.388805E+01,5.614427E+01
18:42:00,8.014759E+03,2.097359E+03,5.580513E-01,1.852290E-01,0.000000E+00,0.000000E+00,0.000000E+00,0.000000E+00,0.000000E+00,0.000000E+00,0.000000E+00,0.000000E+00,2.110805E+01,7.995130E+01,2.388805E+01,5.616264E+01
18:43:00,8.014759E+03,2.093729E+03,5.580513E-01,1.849084E-01,0.000000E+00,0.000000E+00,0.000000E+00,0.000000E+00,0.000000E+00,0.000000E+00,0.000000E+00,0.000000E+00,2.110805E+01,7.995130E+01,2.388806E+01,5.618117E+01
18:44:00,8.014759E+03,2.090064E+03,5.580513E-01,1.845847E-01,0.000000E+00,0.000000E+00,0.000000E+00,0.000000E+00,0.000000E+00,0.000000E+00,0.000000E+00,0.000000E+00,2.110805E+01,7.995130E+01,2.388806E+01,5.619986E+01
18:45:00,8.014759E+03,2.086363E+03,5.580513E-01,1.842579E-01,0.000000E+00,0.000000E+00,0.000000E+00,0.000000E+00,0.000000E+00,0.000000E+00,0.000000E+00,0.000000E+00,2.110805E+01,7.995130E+01,2.388806E+01,5.621868E+01
18:46:00,8.014759E+03,2.082626E+03,5.580513E-01,1.839279E-01,0.000000E+00,0.000000E+00,0.000000E+00,0.000000E+00,0.000000E+00,0.000000E+00,0.000000E+00,0.000000E+00,2.110805E+01,7.995130E+01,2.388806E+01,5.623765E+01
18:47:00,8.014759E+03,2.078851E+03,5.580513E-01,1.835944E-01,0.000000E+00,0.000000E+00,0.000000E+00,0.000000E+00,0.000000E+00,0.000000E+00,0.000000E+00,0.000000E+00,2.110805E+01,7.995130E+01,2.388806E+01,5.625676E+01
18:48:00,8.014759E+03,2.075037E+03,5.580513E-01,1.832576E-01,0.000000E+00,0.000000E+00,0.000000E+00,0.000000E+00,0.000000E+00,0.000000E+00,0.000000E+00,0.000000E+00,2.110805E+01,7.995130E+01,2.388806E+01,5.627605E+01
18:49:00,8.014759E+03,2.071183E+03,5.580513E-01,1.829172E-01,0.000000E+00,0.000000E+00,0.000000E+00,0.000000E+00,0.000000E+00,0.000000E+00,0.000000E+00,0.000000E+00,2.110805E+01,7.995130E+01,2.388806E+01,5.629552E+01
18:50:00,8.014759E+03,2.067289E+03,5.580513E-01,1.825733E-01,0.000000E+00,0.000000E+00,0.000000E+00,0.000000E+00,0.000000E+00,0.000000E+00,0.000000E+00,0.000000E+00,2.110805E+01,7.995130E+01,2.388806E+01,5.631517E+01
18:51:00,8.014759E+03,2.063354E+03,5.580513E-01,1.822258E-01,0.000000E+00,0.000000E+00,0.000000E+00,0.000000E+00,0.000000E+00,0.000000E+00,0.000000E+00,0.000000E+00,2.110805E+01,7.995130E+01,2.388806E+01,5.633502E+01
18:52:00,8.014759E+03,2.059380E+03,5.580513E-01,1.818748E-01,0.000000E+00,0.000000E+00,0.000000E+00,0.000000E+00,0.000000E+00,0.000000E+00,0.000000E+00,0.000000E+00,2.110805E+01,7.995130E+01,2.388806E+01,5.635505E+01
18:53:00,8.014759E+03,2.055366E+03,5.580513E-01,1.815203E-01,0.000000E+00,0.000000E+00,0.000000E+00,0.000000E+00,0.000000E+00,0.000000E+00,0.000000E+00,0.000000E+00,2.110805E+01,7.995130E+01,2.388806E+01,5.637527E+01
18:54:00,8.014759E+03,2.051312E+03,5.580513E-01,1.811622E-01,0.000000E+00,0.000000E+00,0.000000E+00,0.000000E+00,0.000000E+00,0.000000E+00,0.000000E+00,0.000000E+00,2.110805E+01,7.995130E+01,2.388807E+01,5.639568E+01
18:55:00,8.014759E+03,2.047218E+03,5.580513E-01,1.808006E-01,0.000000E+00,0.000000E+00,0.000000E+00,0.000000E+00,0.000000E+00,0.000000E+00,0.000000E+00,0.000000E+00,2.110805E+01,7.995130E+01,2.388807E+01,5.641627E+01
18:56:00,8.014759E+03,2.043083E+03,5.580513E-01,1.804355E-01,0.000000E+00,0.000000E+00,0.000000E+00,0.000000E+00,0.000000E+00,0.000000E+00,0.000000E+00,0.000000E+00,2.110805E+01,7.995130E+01,2.388807E+01,5.643705E+01
18:57:00,8.014759E+03,2.038909E+03,5.580513E-01,1.800668E-01,0.000000E+00,0.000000E+00,0.000000E+00,0.000000E+00,0.000000E+00,0.000000E+00,0.000000E+00,0.000000E+00,2.110805E+01,7.995130E+01,2.388807E+01,5.645801E+01
18:58:00,8.014759E+03,2.034695E+03,5.580513E-01,1.796946E-01,0.000000E+00,0.000000E+00,0.000000E+00,0.000000E+00,0.000000E+00,0.000000E+00,0.000000E+00,0.000000E+00,2.110805E+01,7.995130E+01,2.388807E+01,5.647916E+01
18:59:00,8.014759E+03,2.030417E+03,5.580513E-01,1.793168E-01,0.000000E+00,0.000000E+00,0.000000E+00,0.000000E+00,0.000000E+00,0.000000E+00,0.000000E+00,0.000000E+00,2.110805E+01,7.995130E+01,2.388807E+01,5.650048E+01
19:00:00,8.014759E+03,2.026099E+03,5.580513E-01,1.789355E-01,0.000000E+00,0.000000E+00,0.000000E+00,0.000000E+00,0.000000E+00,0.000000E+00,0.000000E+00,0.000000E+00,2.110805E+01,7.995130E+01,2.388807E+01,5.652214E+01
19:01:00,8.014759E+03,2.021766E+03,5.580513E-01,1.785528E-01,0.000000E+00,0.000000E+00,0.000000E+00,0.000000E+00,0.000000E+00,0.000000E+00,0.000000E+00,0.000000E+00,2.110805E+01,7.995130E+01,2.388807E+01,5.654408E+01
19:02:00,8.014759E+03,2.017419E+03,5.580513E-01,1.781689E-01,0.000000E+00,0.000000E+00,0.000000E+00,0.000000E+00,0.000000E+00,0.000000E+00,0.000000E+00,0.000000E+00,2.110805E+01,7.995130E+01,2.388807E+01,5.656614E+01
19:03:00,8.014759E+03,2.013059E+03,5.580513E-01,1.777838E-01,0.000000E+00,0.000000E+00,0.000000E+00,0.000000E+00,0.000000E+00,0.000000E+00,0.000000E+00,0.000000E+00,2.110805E+01,7.995130E+01,2.388808E+01,5.658824E+01
19:04:00,8.014759E+03,2.008684E+03,5.580513E-01,1.773974E-01,0.000000E+00,0.000000E+00,0.000000E+00,0.000000E+00,0.000000E+00,0.000000E+00,0.000000E+00,0.000000E+00,2.110805E+01,7.995130E+01,2.388808E+01,5.661034E+01
19:05:00,8.014759E+03,2.004297E+03,5.580513E-01,1.770099E-01,0.000000E+00,0.000000E+00,0.000000E+00,0.000000E+00,0.000000E+00,0.000000E+00,0.000000E+00,0.000000E+00,2.110805E+01,7.995130E+01,2.388808E+01,5.663246E+01
19:06:00,8.014759E+03,1.999897E+03,5.580513E-01,1.766214E-01,0.000000E+00,0.000000E+00,0.000000E+00,0.000000E+00,0.000000E+00,0.000000E+00,0.000000E+00,0.000000E+00,2.110805E+01,7.995130E+01,2.388808E+01,5.665459E+01
19:07:00,8.014759E+03,1.995485E+03,5.580513E-01,1.762317E-01,0.000000E+00,0.000000E+00,0.000000E+00,0.000000E+00,0.000000E+00,0.000000E+00,0.000000E+00,0.000000E+00,2.110805E+01,7.995130E+01,2.388808E+01,5.667674E+01
19:08:00,8.014759E+03,1.991061E+03,5.580513E-01,1.758410E-01,0.000000E+00,0.000000E+00,0.000000E+00,0.000000E+00,0.000000E+00,0.000000E+00,0.000000E+00,0.000000E+00,2.110805E+01,7.995130E+01,2.388808E+01,5.669890E+01
19:09:00,8.014759E+03,1.986614E+03,5.580513E-01,1.754482E-01,0.000000E+00,0.000000E+00,0.000000E+00,0.000000E+00,0.000000E+00,0.000000E+00,0.000000E+00,0.000000E+00,2.110805E+01,7.995130E+01,2.388808E+01,5.672108E+01
19:10:00,8.014759E+03,1.982155E+03,5.580513E-01,1.750544E-01,0.000000E+00,0.000000E+00,0.000000E+00,0.000000E+00,0.000000E+00,0.000000E+00,0.000000E+00,0.000000E+00,2.110805E+01,7.995130E+01,2.388808E+01,5.674337E+01
19:11:00,8.014759E+03,1.977687E+03,5.580513E-01,1.746598E-01,0.000000E+00,0.000000E+00,0.000000E+00,0.000000E+00,0.000000E+00,0.000000E+00,0.000000E+00,0.000000E+00,2.110805E+01,7.995130E+01,2.388808E+01,5.676573E+01
19:12:00,8.014759E+03,1.973210E+03,5.580513E-01,1.742643E-01,0.000000E+00,0.000000E+00,0.000000E+00,0.000000E+00,0.000000E+00,0.000000E+00,0.000000E+00,0.000000E+00,2.110805E+01,7.995130E+01,2.388808E+01,5.678812E+01
19:13:00,8.014759E+03,1.968724E+03,5.580513E-01,1.738682E-01,0.000000E+00,0.000000E+00,0.000000E+00,0.000000E+00,0.000000E+00,0.000000E+00,0.000000E+00,0.000000E+00,2.110805E+01,7.995130E+01,2.388808E+01,5.681052E+01
19:14:00,8.014759E+03,1.964232E+03,5.580513E-01,1.734715E-01,0.000000E+00,0.000000E+00,0.000000E+00,0.000000E+00,0.000000E+00,0.000000E+00,0.000000E+00,0.000000E+00,2.110805E+01,7.995130E+01,2.388808E+01,5.683291E+01
19:15:00,8.014759E+03,1.959733E+03,5.580513E-01,1.730741E-01,0.000000E+00,0.000000E+00,0.000000E+00,0.000000E+00,0.000000E+00,0.000000E+00,0.000000E+00,0.000000E+00,2.110805E+01,7.995130E+01,2.388808E+01,5.685530E+01
19:16:00,8.014759E+03,1.955162E+03,5.580513E-01,1.726704E-01,0.000000E+00,0.000000E+00,0.000000E+00,0.000000E+00,0.000000E+00,0.000000E+00,0.000000E+00,0.000000E+00,2.110805E+01,7.995130E+01,2.388808E+01,5.687769E+01
19:17:00,8.014759E+03,1.950588E+03,5.580513E-01,1.722664E-01,0.000000E+00,0.000000E+00,0.000000E+00,0.000000E+00,0.000000E+00,0.000000E+00,0.000000E+00,0.000000E+00,2.110805E+01,7.995130E+01,2.388809E+01,5.690051E+01
19:18:00,8.014759E+03,1.946013E+03,5.580513E-01,1.718624E-01,0.000000E+00,0.000000E+00,0.000000E+00,0.000000E+00,0.000000E+00,0.000000E+00,0.000000E+00,0.000000E+00,2.110805E+01,7.995130E+01,2.388809E+01,5.692361E+01
19:19:00,8.014759E+03,1.941439E+03,5.580513E-01,1.714584E-01,0.000000E+00,0.000000E+00,0.000000E+00,0.000000E+00,0.000000E+00,0.000000E+00,0.000000E+00,0.000000E+00,2.110805E+01,7.995130E+01,2.388809E+01,5.694673E+01
19:20:00,8.014759E+03,1.936866E+03,5.580513E-01,1.710546E-01,0.000000E+00,0.000000E+00,0.000000E+00,0.000000E+00,0.000000E+00,0.000000E+00,0.000000E+00,0.000000E+00,2.110805E+01,7.995130E+01,2.388809E+01,5.696977E+01
19:21:00,8.014759E+03,1.932295E+03,5.580513E-01,1.706509E-01,0.000000E+00,0.000000E+00,0.000000E+00,0.000000E+00,0.000000E+00,0.000000E+00,0.000000E+00,0.000000E+00,2.110805E+01,7.995130E+01,2.388809E+01,5.699270E+01
19:22:00,8.014759E+03,1.927727E+03,5.580513E-01,1.702474E-01,0.000000E+00,0.000000E+00,0.000000E+00,0.000000E+00,0.000000E+00,0.000000E+00,0.000000E+00,0.000000E+00,2.110805E+01,7.995130E+01,2.388809E+01,5.701553E+01
19:23:00,8.014759E+03,1.923163E+03,5.580513E-01,1.698443E-01,0.000000E+00,0.000000E+00,0.000000E+00,0.000000E+00,0.000000E+00,0.000000E+00,0.000000E+00,0.000000E+00,2.110805E+01,7.995130E+01,2.388809E+01,5.703827E+01
19:24:00,8.014759E+03,1.918602E+03,5.580513E-01,1.694415E-01,0.000000E+00,0.000000E+00,0.000000E+00,0.000000E+00,0.000000E+00,0.000000E+00,0.000000E+00,0.000000E+00,2.110805E+01,7.995130E+01,2.388809E+01,5.706092E+01
19:25:00,8.014759E+03,1.914045E+03,5.580513E-01,1.690391E-01,0.000000E+00,0.000000E+00,0.000000E+00,0.000000E+00,0.000000E+00,0.000000E+00,0.000000E+00,0.000000E+00,2.110805E+01,7.995130E+01,2.388809E+01,5.708348E+01
19:26:00,8.014759E+03,1.909494E+03,5.580513E-01,1.686371E-01,0.000000E+00,0.000000E+00,0.000000E+00,0.000000E+00,0.000000E+00,0.000000E+00,0.000000E+00,0.000000E+00,2.110805E+01,7.995130E+01,2.388809E+01,5.710596E+01
19:27:00,8.014759E+03,1.904948E+03,5.580513E-01,1.682356E-01,0.000000E+00,0.000000E+00,0.000000E+00,0.000000E+00,0.000000E+00,0.000000E+00,0.000000E+00,0.000000E+00,2.110805E+01,7.995130E+01,2.388809E+01,5.712838E+01
19:28:00,8.014759E+03,1.900407E+03,5.580513E-01,1.678346E-01,0.000000E+00,0.000000E+00,0.000000E+00,0.000000E+00,0.000000E+00,0.000000E+00,0.000000E+00,0.000000E+00,2.110805E+01,7.995130E+01,2.388809E+01,5.715072E+01
19:29:00,8.014759E+03,1.895872E+03,5.580513E-01,1.674341E-01,0.000000E+00,0.000000E+00,0.000000E+00,0.000000E+00,0.000000E+00,0.000000E+00,0.000000E+00,0.000000E+00,2.110805E+01,7.995130E+01,2.388809E+01,5.717299E+01
19:30:00,8.014759E+03,1.891345E+03,5.580513E-01,1.670342E-01,0.000000E+00,0.000000E+00,0.000000E+00,0.000000E+00,0.000000E+00,0.000000E+00,0.000000E+00,0.000000E+00,2.110805E+01,7.995130E+01,2.388809E+01,5.719520E+01
19:31:00,8.014759E+03,1.886824E+03,5.580513E-01,1.666349E-01,0.000000E+00,0.000000E+00,0.000000E+00,0.000000E+00,0.000000E+00,0.000000E+00,0.000000E+00,0.000000E+00,2.110805E+01,7.995130E+01,2.388810E+01,5.721736E+01
19:32:00,8.014759E+03,1.882310E+03,5.580513E-01,1.662363E-01,0.000000E+00,0.000000E+00,0.000000E+00,0.000000E+00,0.000000E+00,0.000000E+00,0.000000E+00,0.000000E+00,2.110805E+01,7.995130E+01,2.388810E+01,5.723947E+01
19:33:00,8.014759E+03,1.877804E+03,5.580513E-01,1.658384E-01,0.000000E+00,0.000000E+00,0.000000E+00,0.000000E+00,0.000000E+00,0.000000E+00,0.000000E+00,0.000000E+00,2.110805E+01,7.995130E+01,2.388810E+01,5.726153E+01
19:34:00,8.014759E+03,1.873307E+03,5.580513E-01,1.654412E-01,0.000000E+00,0.000000E+00,0.000000E+00,0.000000E+00,0.000000E+00,0.000000E+00,0.000000E+00,0.000000E+00,2.110805E+01,7.995130E+01,2.388810E+01,5.728354E+01
19:35:00,8.014759E+03,1.868818E+03,5.580513E-01,1.650447E-01,0.000000E+00,0.000000E+00,0.000000E+00,0.000000E+00,0.000000E+00,0.000000E+00,0.000000E+00,0.000000E+00,2.110805E+01,7.995130E+01,2.388810E+01,5.730552E+01
19:36:00,8.014759E+03,1.864338E+03,5.580513E-01,1.646491E-01,0.000000E+00,0.000000E+00,0.000000E+00,0.000000E+00,0.000000E+00,0.000000E+00,0.000000E+00,0.000000E+00,2.110805E+01,7.995130E+01,2.388810E+01,5.732746E+01
19:37:00,8.014759E+03,1.859868E+03,5.580513E-01,1.642543E-01,0.000000E+00,0.000000E+00,0.000000E+00,0.000000E+00,0.000000E+00,0.000000E+00,0.000000E+00,0.000000E+00,2.110805E+01,7.995130E+01,2.388810E+01,5.734937E+01
19:38:00,8.014759E+03,1.855408E+03,5.580513E-01,1.638603E-01,0.000000E+00,0.000000E+00,0.000000E+00,0.000000E+00,0.000000E+00,0.000000E+00,0.000000E+00,0.000000E+00,2.110805E+01,7.995130E+01,2.388810E+01,5.737125E+01
19:39:00,8.014759E+03,1.850999E+03,5.580513E-01,1.634710E-01,0.000000E+00,0.000000E+00,0.000000E+00,0.000000E+00,0.000000E+00,0.000000E+00,0.000000E+00,0.000000E+00,2.110805E+01,7.995130E+01,2.388810E+01,5.739311E+01
19:40:00,8.014759E+03,1.846605E+03,5.580513E-01,1.630829E-01,0.000000E+00,0.000000E+00,0.000000E+00,0.000000E+00,0.000000E+00,0.000000E+00,0.000000E+00,0.000000E+00,2.110805E+01,7.995130E+01,2.388810E+01,5.741494E+01
19:41:00,8.014759E+03,1.842223E+03,5.580513E-01,1.626959E-01,0.000000E+00,0.000000E+00,0.000000E+00,0.000000E+00,0.000000E+00,0.000000E+00,0.000000E+00,0.000000E+00,2.110805E+01,7.995130E+01,2.388810E+01,5.743676E+01
19:42:00,8.014759E+03,1.837854E+03,5.580513E-01,1.623100E-01,0.000000E+00,0.000000E+00,0.000000E+00,0.000000E+00,0.000000E+00,0.000000E+00,0.000000E+00,0.000000E+00,2.110805E+01,7.995130E+01,2.388810E+01,5.745856E+01
19:43:00,8.014759E+03,1.833497E+03,5.580513E-01,1.619252E-01,0.000000E+00,0.000000E+00,0.000000E+00,0.000000E+00,0.000000E+00,0.000000E+00,0.000000E+00,0.000000E+00,2.110805E+01,7.995130E+01,2.388810E+01,5.748035E+01
19:44:00,8.014759E+03,1.829153E+03,5.580513E-01,1.615416E-01,0.000000E+00,0.000000E+00,0.000000E+00,0.000000E+00,0.000000E+00,0.000000E+00,0.000000E+00,0.000000E+00,2.110805E+01,7.995130E+01,2.388810E+01,5.750214E+01
19:45:00,8.014759E+03,1.824822E+03,5.580513E-01,1.611591E-01,0.000000E+00,0.000000E+00,0.000000E+00,0.000000E+00,0.000000E+00,0.000000E+00,0.000000E+00,0.000000E+00,2.110805E+01,7.995130E+01,2.388810E+01,5.752392E+01
19:46:00,8.014759E+03,1.820504E+03,5.580513E-01,1.607777E-01,0.000000E+00,0.000000E+00,0.000000E+00,0.000000E+00,0.000000E+00,0.000000E+00,0.000000E+00,0.000000E+00,2.110805E+01,7.995130E+01,2.388810E+01,5.754569E+01
19:47:00,8.014759E+03,1.816203E+03,5.580513E-01,1.603979E-01,0.000000E+00,0.000000E+00,0.000000E+00,0.000000E+00,0.000000E+00,0.000000E+00,0.000000E+00,0.000000E+00,2.110805E+01,7.995130E+01,2.388811E+01,5.756746E+01
19:48:00,8.014759E+03,1.811920E+03,5.580513E-01,1.600196E-01,0.000000E+00,0.000000E+00,0.000000E+00,0.000000E+00,0.000000E+00,0.000000E+00,0.000000E+00,0.000000E+00,2.110805E+01,7.995130E+01,2.388811E+01,5.758923E+01
19:49:00,8.014759E+03,1.807654E+03,5.580513E-01,1.596428E-01,0.000000E+00,0.000000E+00,0.000000E+00,0.000000E+00,0.000000E+00,0.000000E+00,0.000000E+00,0.000000E+00,2.110805E+01,7.995130E+01,2.388811E+01,5.761102E+01
19:50:00,8.014759E+03,1.803406E+03,5.580514E-01,1.592676E-01,0.000000E+00,0.000000E+00,0.000000E+00,0.000000E+00,0.000000E+00,0.000000E+00,0.000000E+00,0.000000E+00,2.110805E+01,7.995130E+01,2.388811E+01,5.763280E+01
19:51:00,8.014759E+03,1.799177E+03,5.580514E-01,1.588941E-01,0.000000E+00,0.000000E+00,0.000000E+00,0.000000E+00,0.000000E+00,0.000000E+00,0.000000E+00,0.000000E+00,2.110805E+01,7.995130E+01,2.388811E+01,5.765459E+01
19:52:00,8.014759E+03,1.794966E+03,5.580514E-01,1.585223E-01,0.000000E+00,0.000000E+00,0.000000E+00,0.000000E+00,0.000000E+00,0.000000E+00,0.000000E+00,0.000000E+00,2.110805E+01,7.995130E+01,2.388811E+01,5.767639E+01
19:53:00,8.014759E+03,1.790775E+03,5.580514E-01,1.581522E-01,0.000000E+00,0.000000E+00,0.000000E+00,0.000000E+00,0.000000E+00,0.000000E+00,0.000000E+00,0.000000E+00,2.110805E+01,7.995130E+01,2.388811E+01,5.769821E+01
19:54:00,8.014759E+03,1.786604E+03,5.580514E-01,1.577838E-01,0.000000E+00,0.000000E+00,0.000000E+00,0.000000E+00,0.000000E+00,0.000000E+00,0.000000E+00,0.000000E+00,2.110805E+01,7.995130E+01,2.388811E+01,5.772004E+01
19:55:00,8.014759E+03,1.782453E+03,5.580514E-01,1.574171E-01,0.000000E+00,0.000000E+00,0.000000E+00,0.000000E+00,0.000000E+00,0.000000E+00,0.000000E+00,0.000000E+00,2.110805E+01,7.995130E+01,2.388811E+01,5.774188E+01
19:56:00,8.014759E+03,1.778322E+03,5.580514E-01,1.570523E-01,0.000000E+00,0.000000E+00,0.000000E+00,0.000000E+00,0.000000E+00,0.000000E+00,0.000000E+00,0.000000E+00,2.110805E+01,7.995130E+01,2.388811E+01,5.776374E+01
19:57:00,8.014759E+03,1.774212E+03,5.580514E-01,1.566893E-01,0.000000E+00,0.000000E+00,0.000000E+00,0.000000E+00,0.000000E+00,0.000000E+00,0.000000E+00,0.000000E+00,2.110805E+01,7.995130E+01,2.388811E+01,5.778563E+01
19:58:00,8.014759E+03,1.770122E+03,5.580514E-01,1.563281E-01,0.000000E+00,0.000000E+00,0.000000E+00,0.000000E+00,0.000000E+00,0.000000E+00,0.000000E+00,0.000000E+00,2.110805E+01,7.995130E+01,2.388811E+01,5.780753E+01
19:59:00,8.014759E+03,1.766076E+03,5.580514E-01,1.559708E-01,0.000000E+00,0.000000E+00,0.000000E+00,0.000000E+00,0.000000E+00,0.000000E+00,0.000000E+00,0.000000E+00,2.110805E+01,7.995130E+01,2.388811E+01,5.782945E+01
20:00:00,8.014759E+03,1.762052E+03,5.580514E-01,1.556154E-01,0.000000E+00,0.000000E+00,0.000000E+00,0.000000E+00,0.000000E+00,0.000000E+00,0.000000E+00,0.000000E+00,2.110805E+01,7.995130E+01,2.388812E+01,5.785140E+01
20:01:00,8.014759E+03,1.758045E+03,5.580514E-01,1.552615E-01,0.000000E+00,0.000000E+00,0.000000E+00,0.000000E+00,0.000000E+00,0.000000E+00,0.000000E+00,0.000000E+00,2.110805E+01,7.995130E+01,2.388812E+01,5.787337E+01
20:02:00,8.014759E+03,1.754052E+03,5.580514E-01,1.549089E-01,0.000000E+00,0.000000E+00,0.000000E+00,0.000000E+00,0.000000E+00,0.000000E+00,0.000000E+00,0.000000E+00,2.110805E+01,7.995130E+01,2.388812E+01,5.789533E+01
20:03:00,8.014759E+03,1.750076E+03,5.580514E-01,1.545577E-01,0.000000E+00,0.000000E+00,0.000000E+00,0.000000E+00,0.000000E+00,0.000000E+00,0.000000E+00,0.000000E+00,2.110805E+01,7.995130E+01,2.388812E+01,5.791724E+01
20:04:00,8.014759E+03,1.746114E+03,5.580514E-01,1.542078E-01,0.000000E+00,0.000000E+00,0.000000E+00,0.000000E+00,0.000000E+00,0.000000E+00,0.000000E+00,0.000000E+00,2.110805E+01,7.995130E+01,2.388812E+01,5.793911E+01
20:05:00,8.014759E+03,1.742169E+03,5.580514E-01,1.538593E-01,0.000000E+00,0.000000E+00,0.000000E+00,0.000000E+00,0.000000E+00,0.000000E+00,0.000000E+00,0.000000E+00,2.110805E+01,7.995130E+01,2.388812E+01,5.796093E+01
20:06:00,8.014759E+03,1.738238E+03,5.580514E-01,1.535122E-01,0.000000E+00,0.000000E+00,0.000000E+00,0.000000E+00,0.000000E+00,0.000000E+00,0.000000E+00,0.000000E+00,2.110805E+01,7.995130E+01,2.388812E+01,5.798271E+01
20:07:00,8.014759E+03,1.734322E+03,5.580514E-01,1.531664E-01,0.000000E+00,0.000000E+00,0.000000E+00,0.000000E+00,0.000000E+00,0.000000E+00,0.000000E+00,0.000000E+00,2.110805E+01,7.995130E+01,2.388812E+01,5.800445E+01
20:08:00,8.014759E+03,1.730422E+03,5.580514E-01,1.528219E-01,0.000000E+00,0.000000E+00,0.000000E+00,0.000000E+00,0.000000E+00,0.000000E+00,0.000000E+00,0.000000E+00,2.110805E+01,7.995130E+01,2.388812E+01,5.802616E+01
20:09:00,8.014759E+03,1.726548E+03,5.580514E-01,1.524798E-01,0.000000E+00,0.000000E+00,0.000000E+00,0.000000E+00,0.000000E+00,0.000000E+00,0.000000E+00,0.000000E+00,2.110805E+01,7.995130E+01,2.388812E+01,5.804785E+01
20:10:00,8.014759E+03,1.722690E+03,5.580514E-01,1.521391E-01,0.000000E+00,0.000000E+00,0.000000E+00,0.000000E+00,0.000000E+00,0.000000E+00,0.000000E+00,0.000000E+00,2.110805E+01,7.995130E+01,2.388812E+01,5.806951E+01
20:11:00,8.014759E+03,1.718846E+03,5.580514E-01,1.517996E-01,0.000000E+00,0.000000E+00,0.000000E+00,0.000000E+00,0.000000E+00,0.000000E+00,0.000000E+00,0.000000E+00,2.110805E+01,7.995130E+01,2.388812E+01,5.809114E+01
20:12:00,8.014759E+03,1.715016E+03,5.580514E-01,1.514613E-01,0.000000E+00,0.000000E+00,0.000000E+00,0.000000E+00,0.000000E+00,0.000000E+00,0.000000E+00,0.000000E+00,2.110805E+01,7.995130E+01,2.388812E+01,5.811275E+01
20:13:00,8.014759E+03,1.711198E+03,5.580514E-01,1.511241E-01,0.000000E+00,0.000000E+00,0.000000E+00,0.000000E+00,0.000000E+00,0.000000E+00,0.000000E+00,0.000000E+00,2.110805E+01,7.995130E+01,2.388812E+01,5.813435E+01
20:14:00,8.014759E+03,1.707394E+03,5.580514E-01,1.507881E-01,0.000000E+00,0.000000E+00,0.000000E+00,0.000000E+00,0.000000E+00,0.000000E+00,0.000000E+00,0.000000E+00,2.110805E+01,7.995130E+01,2.388812E+01,5.815593E+01
20:15:00,8.014759E+03,1.703601E+03,5.580514E-01,1.504532E-01,0.000000E+00,0.000000E+00,0.000000E+00,0.000000E+00,0.000000E+00,0.000000E+00,0.000000E+00,0.000000E+00,2.110805E+01,7.995130E+01,2.388812E+01,5.817749E+01
20:16:00,8.014759E+03,1.699887E+03,5.580514E-01,1.501252E-01,0.000000E+00,0.000000E+00,0.000000E+00,0.000000E+00,0.000000E+00,0.000000E+00,0.000000E+00,0.000000E+00,2.110805E+01,7.995130E+01,2.388813E+01,5.819905E+01
20:17:00,8.014759E+03,1.696183E+03,5.580514E-01,1.497980E-01,0.000000E+00,0.000000E+00,0.000000E+00,0.000000E+00,0.000000E+00,0.000000E+00,0.000000E+00,0.000000E+00,2.110805E+01,7.995130E+01,2.388813E+01,5.822060E+01
20:18:00,8.014759E+03,1.692486E+03,5.580514E-01,1.494715E-01,0.000000E+00,0.000000E+00,0.000000E+00,0.000000E+00,0.000000E+00,0.000000E+00,0.000000E+00,0.000000E+00,2.110805E+01,7.995130E+01,2.388813E+01,5.824214E+01
20:19:00,8.014759E+03,1.688797E+03,5.580514E-01,1.491457E-01,0.000000E+00,0.000000E+00,0.000000E+00,0.000000E+00,0.000000E+00,0.000000E+00,0.000000E+00,0.000000E+00,2.110805E+01,7.995130E+01,2.388813E+01,5.826367E+01
20:20:00,8.014759E+03,1.685114E+03,5.580514E-01,1.488204E-01,0.000000E+00,0.000000E+00,0.000000E+00,0.000000E+00,0.000000E+00,0.000000E+00,0.000000E+00,0.000000E+00,2.110805E+01,7.995130E+01,2.388813E+01,5.828521E+01
20:21:00,8.014759E+03,1.681437E+03,5.580514E-01,1.484957E-01,0.000000E+00,0.000000E+00,0.000000E+00,0.000000E+00,0.000000E+00,0.000000E+00,0.000000E+00,0.000000E+00,2.110805E+01,7.995130E+01,2.388813E+01,5.830674E+01
20:22:00,8.014759E+03,1.677766E+03,5.580514E-01,1.481715E-01,0.000000E+00,0.000000E+00,0.000000E+00,0.000000E+00,0.000000E+00,0.000000E+00,0.000000E+00,0.000000E+00,2.110805E+01,7.995130E+01,2.388813E+01,5.832827E+01
20:23:00,8.014759E+03,1.674101E+03,5.580514E-01,1.478478E-01,0.000000E+00,0.000000E+00,0.000000E+00,0.000000E+00,0.000000E+00,0.000000E+00,0.000000E+00,0.000000E+00,2.110805E+01,7.995130E+01,2.388813E+01,5.834981E+01
20:24:00,8.014759E+03,1.670441E+03,5.580514E-01,1.475246E-01,0.000000E+00,0.000000E+00,0.000000E+00,0.000000E+00,0.000000E+00,0.000000E+00,0.000000E+00,0.000000E+00,2.110805E+01,7.995130E+01,2.388813E+01,5.837135E+01
20:25:00,8.014759E+03,1.666787E+03,5.580514E-01,1.472019E-01,0.000000E+00,0.000000E+00,0.000000E+00,0.000000E+00,0.000000E+00,0.000000E+00,0.000000E+00,0.000000E+00,2.110805E+01,7.995130E+01,2.388813E+01,5.839289E+01
20:26:00,8.014759E+03,1.663139E+03,5.580514E-01,1.468797E-01,0.000000E+00,0.000000E+00,0.000000E+00,0.000000E+00,0.000000E+00,0.000000E+00,0.000000E+00,0.000000E+00,2.110805E+01,7.995130E+01,2.388813E+01,5.841444E+01
20:27:00,8.014759E+03,1.659497E+03,5.580514E-01,1.465580E-01,0.000000E+00,0.000000E+00,0.000000E+00,0.000000E+00,0.000000E+00,0.000000E+00,0.000000E+00,0.000000E+00,2.110805E+01,7.995130E+01,2.388813E+01,5.843600E+01
20:28:00,8.014759E+03,1.655860E+03,5.580514E-01,1.462368E-01,0.000000E+00,0.000000E+00,0.000000E+00,0.000000E+00,0.000000E+00,0.000000E+00,0.000000E+00,0.000000E+00,2.110805E+01,7.995130E+01,2.388813E+01,5.845757E+01
20:29:00,8.014759E+03,1.652229E+03,5.580514E-01,1.459161E-01,0.000000E+00,0.000000E+00,0.000000E+00,0.000000E+00,0.000000E+00,0.000000E+00,0.000000E+00,0.000000E+00,2.110805E+01,7.995130E+01,2.388813E+01,5.847914E+01
20:30:00,8.014759E+03,1.648603E+03,5.580514E-01,1.455959E-01,0.000000E+00,0.000000E+00,0.000000E+00,0.000000E+00,0.000000E+00,0.000000E+00,0.000000E+00,0.000000E+00,2.110805E+01,7.995130E+01,2.388814E+01,5.850073E+01
20:31:00,8.014759E+03,1.644984E+03,5.580514E-01,1.452762E-01,0.000000E+00,0.000000E+00,0.000000E+00,0.000000E+00,0.000000E+00,0.000000E+00,0.000000E+00,0.000000E+00,2.110805E+01,7.995130E+01,2.388814E+01,5.852233E+01
20:32:00,8.014759E+03,1.641370E+03,5.580514E-01,1.449570E-01,0.000000E+00,0.000000E+00,0.000000E+00,0.000000E+00,0.000000E+00,0.000000E+00,0.000000E+00,0.000000E+00,2.110805E+01,7.995130E+01,2.388814E+01,5.854394E+01
20:33:00,8.014759E+03,1.637761E+03,5.580514E-01,1.446384E-01,0.000000E+00,0.000000E+00,0.000000E+00,0.000000E+00,0.000000E+00,0.000000E+00,0.000000E+00,0.000000E+00,2.110805E+01,7.995130E+01,2.388814E+01,5.856557E+01
20:34:00,8.014759E+03,1.634159E+03,5.580514E-01,1.443202E-01,0.000000E+00,0.000000E+00,0.000000E+00,0.000000E+00,0.000000E+00,0.000000E+00,0.000000E+00,0.000000E+00,2.110805E+01,7.995130E+01,2.388814E+01,5.858721E+01
20:35:00,8.014759E+03,1.630563E+03,5.580514E-01,1.440026E-01,0.000000E+00,0.000000E+00,0.000000E+00,0.000000E+00,0.000000E+00,0.000000E+00,0.000000E+00,0.000000E+00,2.110805E+01,7.995130E+01,2.388814E+01,5.860887E+01
20:36:00,8.014759E+03,1.626973E+03,5.580514E-01,1.436855E-01,0.000000E+00,0.000000E+00,0.000000E+00,0.000000E+00,0.000000E+00,0.000000E+00,0.000000E+00,0.000000E+00,2.110805E+01,7.995130E+01,2.388814E+01,5.863055E+01
20:37:00,8.014759E+03,1.623388E+03,5.580514E-01,1.433690E-01,0.000000E+00,0.000000E+00,0.000000E+00,0.000000E+00,0.000000E+00,0.000000E+00,0.000000E+00,0.000000E+00,2.110805E+01,7.995130E+01,2.388814E+01,5.865224E+01
20:38:00,8.014759E+03,1.619810E+03,5.580514E-01,1.430530E-01,0.000000E+00,0.000000E+00,0.000000E+00,0.000000E+00,0.000000E+00,0.000000E+00,0.000000E+00,0.000000E+00,2.110805E+01,7.995130E+01,2.388814E+01,5.867395E+01
20:39:00,8.014759E+03,1.616238E+03,5.580514E-01,1.427375E-01,0.000000E+00,0.000000E+00,0.000000E+00,0.000000E+00,0.000000E+00,0.000000E+00,0.000000E+00,0.000000E+00,2.110805E+01,7.995130E+01,2.388814E+01,5.869568E+01
20:40:00,8.014759E+03,1.612672E+03,5.580514E-01,1.424226E-01,0.000000E+00,0.000000E+00,0.000000E+00,0.000000E+00,0.000000E+00,0.000000E+00,0.000000E+00,0.000000E+00,2.110805E+01,7.995130E+01,2.388814E+01,5.871743E+01
20:41:00,8.014759E+03,1.609113E+03,5.580514E-01,1.421082E-01,0.000000E+00,0.000000E+00,0.000000E+00,0.000000E+00,0.000000E+00,0.000000E+00,0.000000E+00,0.000000E+00,2.110805E+01,7.995130E+01,2.388814E+01,5.873920E+01
20:42:00,8.014759E+03,1.605560E+03,5.580514E-01,1.417944E-01,0.000000E+00,0.000000E+00,0.000000E+00,0.000000E+00,0.000000E+00,0.000000E+00,0.000000E+00,0.000000E+00,2.110805E+01,7.995130E+01,2.388814E+01,5.876099E+01
20:43:00,8.014759E+03,1.602013E+03,5.580514E-01,1.414812E-01,0.000000E+00,0.000000E+00,0.000000E+00,0.000000E+00,0.000000E+00,0.000000E+00,0.000000E+00,0.000000E+00,2.110805E+01,7.995130E+01,2.388814E+01,5.878280E+01
20:44:00,8.014759E+03,1.598473E+03,5.580514E-01,1.411686E-01,0.000000E+00,0.000000E+00,0.000000E+00,0.000000E+00,0.000000E+00,0.000000E+00,0.000000E+00,0.000000E+00,2.110805E+01,7.995130E+01,2.388815E+01,5.880463E+01
20:45:00,8.014759E+03,1.594940E+03,5.580514E-01,1.408565E-01,0.000000E+00,0.000000E+00,0.000000E+00,0.000000E+00,0.000000E+00,0.000000E+00,0.000000E+00,0.000000E+00,2.110805E+01,7.995130E+01,2.388815E+01,5.882648E+01
20:46:00,8.014759E+03,1.591413E+03,5.580514E-01,1.405450E-01,0.000000E+00,0.000000E+00,0.000000E+00,0.000000E+00,0.000000E+00,0.000000E+00,0.000000E+00,0.000000E+00,2.110805E+01,7.995130E+01,2.388815E+01,5.884836E+01
20:47:00,8.014759E+03,1.587893E+03,5.580514E-01,1.402341E-01,0.000000E+00,0.000000E+00,0.000000E+00,0.000000E+00,0.000000E+00,0.000000E+00,0.000000E+00,0.000000E+00,2.110805E+01,7.995130E+01,2.388815E+01,5.887026E+01
20:48:00,8.014759E+03,1.584379E+03,5.580514E-01,1.399238E-01,0.000000E+00,0.000000E+00,0.000000E+00,0.000000E+00,0.000000E+00,0.000000E+00,0.000000E+00,0.000000E+00,2.110805E+01,7.995130E+01,2.388815E+01,5.889218E+01
20:49:00,8.014759E+03,1.580873E+03,5.580514E-01,1.396142E-01,0.000000E+00,0.000000E+00,0.000000E+00,0.000000E+00,0.000000E+00,0.000000E+00,0.000000E+00,0.000000E+00,2.110805E+01,7.995130E+01,2.388815E+01,5.891412E+01
20:50:00,8.014759E+03,1.577373E+03,5.580514E-01,1.393051E-01,0.000000E+00,0.000000E+00,0.000000E+00,0.000000E+00,0.000000E+00,0.000000E+00,0.000000E+00,0.000000E+00,2.110805E+01,7.995130E+01,2.388815E+01,5.893610E+01
20:51:00,8.014759E+03,1.573881E+03,5.580514E-01,1.389966E-01,0.000000E+00,0.000000E+00,0.000000E+00,0.000000E+00,0.000000E+00,0.000000E+00,0.000000E+00,0.000000E+00,2.110805E+01,7.995130E+01,2.388815E+01,5.895809E+01
20:52:00,8.014759E+03,1.570395E+03,5.580514E-01,1.386888E-01,0.000000E+00,0.000000E+00,0.000000E+00,0.000000E+00,0.000000E+00,0.000000E+00,0.000000E+00,0.000000E+00,2.110805E+01,7.995130E+01,2.388815E+01,5.898010E+01
20:53:00,8.014759E+03,1.566917E+03,5.580514E-01,1.383816E-01,0.000000E+00,0.000000E+00,0.000000E+00,0.000000E+00,0.000000E+00,0.000000E+00,0.000000E+00,0.000000E+00,2.110805E+01,7.995130E+01,2.388815E+01,5.900215E+01
20:54:00,8.014759E+03,1.563446E+03,5.580514E-01,1.380751E-01,0.000000E+00,0.000000E+00,0.000000E+00,0.000000E+00,0.000000E+00,0.000000E+00,0.000000E+00,0.000000E+00,2.110805E+01,7.995130E+01,2.388815E+01,5.902422E+01
20:55:00,8.014759E+03,1.559982E+03,5.580514E-01,1.377691E-01,0.000000E+00,0.000000E+00,0.000000E+00,0.000000E+00,0.000000E+00,0.000000E+00,0.000000E+00,0.000000E+00,2.110805E+01,7.995130E+01,2.388815E+01,5.904631E+01
20:56:00,8.014759E+03,1.556526E+03,5.580514E-01,1.374639E-01,0.000000E+00,0.000000E+00,0.000000E+00,0.000000E+00,0.000000E+00,0.000000E+00,0.000000E+00,0.000000E+00,2.110805E+01,7.995130E+01,2.388815E+01,5.906842E+01
20:57:00,8.014759E+03,1.553077E+03,5.580514E-01,1.371593E-01,0.000000E+00,0.000000E+00,0.000000E+00,0.000000E+00,0.000000E+00,0.000000E+00,0.000000E+00,0.000000E+00,2.110805E+01,7.995130E+01,2.388816E+01,5.909056E+01
20:58:00,8.014759E+03,1.549635E+03,5.580514E-01,1.368553E-01,0.000000E+00,0.000000E+00,0.000000E+00,0.000000E+00,0.000000E+00,0.000000E+00,0.000000E+00,0.000000E+00,2.110805E+01,7.995130E+01,2.388816E+01,5.911273E+01
20:59:00,8.014759E+03,1.546201E+03,5.580514E-01,1.365520E-01,0.000000E+00,0.000000E+00,0.000000E+00,0.000000E+00,0.000000E+00,0.000000E+00,0.000000E+00,0.000000E+00,2.110805E+01,7.995130E+01,2.388816E+01,5.913492E+01
21:00:00,8.014759E+03,1.542775E+03,5.580514E-01,1.362494E-01,0.000000E+00,0.000000E+00,0.000000E+00,0.000000E+00,0.000000E+00,0.000000E+00,0.000000E+00,0.000000E+00,2.110805E+01,7.995130E+01,2.388816E+01,5.915714E+01
21:01:00,8.014759E+03,1.539351E+03,5.580514E-01,1.359470E-01,0.000000E+00,0.000000E+00,0.000000E+00,0.000000E+00,0.000000E+00,0.000000E+00,0.000000E+00,0.000000E+00,2.110805E+01,7.995130E+01,2.388816E+01,5.917938E+01
21:02:00,8.014759E+03,1.535929E+03,5.580514E-01,1.356448E-01,0.000000E+00,0.000000E+00,0.000000E+00,0.000000E+00,0.000000E+00,0.000000E+00,0.000000E+00,0.000000E+00,2.110805E+01,7.995130E+01,2.388816E+01,5.920165E+01
21:03:00,8.014759E+03,1.532509E+03,5.580514E-01,1.353428E-01,0.000000E+00,0.000000E+00,0.000000E+00,0.000000E+00,0.000000E+00,0.000000E+00,0.000000E+00,0.000000E+00,2.110805E+01,7.995130E+01,2.388816E+01,5.922394E+01
21:04:00,8.014759E+03,1.529091E+03,5.580514E-01,1.350409E-01,0.000000E+00,0.000000E+00,0.000000E+00,0.000000E+00,0.000000E+00,0.000000E+00,0.000000E+00,0.000000E+00,2.110805E+01,7.995130E+01,2.388816E+01,5.924626E+01
21:05:00,8.014759E+03,1.525676E+03,5.580514E-01,1.347393E-01,0.000000E+00,0.000000E+00,0.000000E+00,0.000000E+00,0.000000E+00,0.000000E+00,0.000000E+00,0.000000E+00,2.110805E+01,7.995130E+01,2.388816E+01,5.926861E+01
21:06:00,8.014759E+03,1.522263E+03,5.580514E-01,1.344379E-01,0.000000E+00,0.000000E+00,0.000000E+00,0.000000E+00,0.000000E+00,0.000000E+00,0.000000E+00,0.000000E+00,2.110805E+01,7.995130E+01,2.388816E+01,5.929099E+01
21:07:00,8.014759E+03,1.518853E+03,5.580514E-01,1.341367E-01,0.000000E+00,0.000000E+00,0.000000E+00,0.000000E+00,0.000000E+00,0.000000E+00,0.000000E+00,0.000000E+00,2.110805E+01,7.995130E+01,2.388816E+01,5.931338E+01
21:08:00,8.014759E+03,1.515445E+03,5.580514E-01,1.338358E-01,0.000000E+00,0.000000E+00,0.000000E+00,0.000000E+00,0.000000E+00,0.000000E+00,0.000000E+00,0.000000E+00,2.110805E+01,7.995130E+01,2.388816E+01,5.933581E+01
21:09:00,8.014759E+03,1.512040E+03,5.580514E-01,1.335351E-01,0.000000E+00,0.000000E+00,0.000000E+00,0.000000E+00,0.000000E+00,0.000000E+00,0.000000E+00,0.000000E+00,2.110805E+01,7.995130E+01,2.388816E+01,5.935826E+01
21:10:00,8.014759E+03,1.508638E+03,5.580514E-01,1.332346E-01,0.000000E+00,0.000000E+00,0.000000E+00,0.000000E+00,0.000000E+00,0.000000E+00,0.000000E+00,0.000000E+00,2.110805E+01,7.995130E+01,2.388817E+01,5.938073E+01
21:11:00,8.014759E+03,1.505238E+03,5.580514E-01,1.329343E-01,0.000000E+00,0.000000E+00,0.000000E+00,0.000000E+00,0.000000E+00,0.000000E+00,0.000000E+00,0.000000E+00,2.110805E+01,7.995130E+01,2.388817E+01,5.940323E+01
21:12:00,8.014759E+03,1.501842E+03,5.580514E-01,1.326343E-01,0.000000E+00,0.000000E+00,0.000000E+00,0.000000E+00,0.000000E+00,0.000000E+00,0.000000E+00,0.000000E+00,2.110805E+01,7.995130E+01,2.388817E+01,5.942576E+01
21:13:00,8.014759E+03,1.498448E+03,5.580514E-01,1.323346E-01,0.000000E+00,0.000000E+00,0.000000E+00,0.000000E+00,0.000000E+00,0.000000E+00,0.000000E+00,0.000000E+00,2.110805E+01,7.995130E+01,2.388817E+01,5.944831E+01
21:14:00,8.014759E+03,1.495057E+03,5.580514E-01,1.320351E-01,0.000000E+00,0.000000E+00,0.000000E+00,0.000000E+00,0.000000E+00,0.000000E+00,0.000000E+00,0.000000E+00,2.110805E+01,7.995130E+01,2.388817E+01,5.947089E+01
21:15:00,8.014759E+03,1.491669E+03,5.580514E-01,1.317359E-01,0.000000E+00,0.000000E+00,0.000000E+00,0.000000E+00,0.000000E+00,0.000000E+00,0.000000E+00,0.000000E+00,2.110805E+01,7.995130E+01,2.388817E+01,5.949350E+01
21:16:00,8.014759E+03,1.488284E+03,5.580514E-01,1.314370E-01,0.000000E+00,0.000000E+00,0.000000E+00,0.000000E+00,0.000000E+00,0.000000E+00,0.000000E+00,0.000000E+00,2.110805E+01,7.995130E+01,2.388817E+01,5.951613E+01
21:17:00,8.014759E+03,1.484902E+03,5.580514E-01,1.311383E-01,0.000000E+00,0.000000E+00,0.000000E+00,0.000000E+00,0.000000E+00,0.000000E+00,0.000000E+00,0.000000E+00,2.110805E+01,7.995130E+01,2.388817E+01,5.953878E+01
21:18:00,8.014759E+03,1.481524E+03,5.580514E-01,1.308399E-01,0.000000E+00,0.000000E+00,0.000000E+00,0.000000E+00,0.000000E+00,0.000000E+00,0.000000E+00,0.000000E+00,2.110805E+01,7.995130E+01,2.388817E+01,5.956146E+01
21:19:00,8.014759E+03,1.478148E+03,5.580514E-01,1.305418E-01,0.000000E+00,0.000000E+00,0.000000E+00,0.000000E+00,0.000000E+00,0.000000E+00,0.000000E+00,0.000000E+00,2.110805E+01,7.995130E+01,2.388817E+01,5.958417E+01
21:20:00,8.014759E+03,1.474776E+03,5.580514E-01,1.302440E-01,0.000000E+00,0.000000E+00,0.000000E+00,0.000000E+00,0.000000E+00,0.000000E+00,0.000000E+00,0.000000E+00,2.110805E+01,7.995130E+01,2.388817E+01,5.960690E+01
21:21:00,8.014759E+03,1.471407E+03,5.580514E-01,1.299465E-01,0.000000E+00,0.000000E+00,0.000000E+00,0.000000E+00,0.000000E+00,0.000000E+00,0.000000E+00,0.000000E+00,2.110805E+01,7.995130E+01,2.388817E+01,5.962966E+01
21:22:00,8.014759E+03,1.468042E+03,5.580514E-01,1.296492E-01,0.000000E+00,0.000000E+00,0.000000E+00,0.000000E+00,0.000000E+00,0.000000E+00,0.000000E+00,0.000000E+00,2.110805E+01,7.995130E+01,2.388817E+01,5.965244E+01
21:23:00,8.014759E+03,1.464680E+03,5.580514E-01,1.293523E-01,0.000000E+00,0.000000E+00,0.000000E+00,0.000000E+00,0.000000E+00,0.000000E+00,0.000000E+00,0.000000E+00,2.110805E+01,7.995130E+01,2.388818E+01,5.967525E+01
21:24:00,8.014759E+03,1.461321E+03,5.580514E-01,1.290557E-01,0.000000E+00,0.000000E+00,0.000000E+00,0.000000E+00,0.000000E+00,0.000000E+00,0.000000E+00,0.000000E+00,2.110805E+01,7.995130E+01,2.388818E+01,5.969808E+01
21:25:00,8.014759E+03,1.457966E+03,5.580514E-01,1.287594E-01,0.000000E+00,0.000000E+00,0.000000E+00,0.000000E+00,0.000000E+00,0.000000E+00,0.000000E+00,0.000000E+00,2.110805E+01,7.995130E+01,2.388818E+01,5.972094E+01
21:26:00,8.014759E+03,1.454615E+03,5.580514E-01,1.284634E-01,0.000000E+00,0.000000E+00,0.000000E+00,0.000000E+00,0.000000E+00,0.000000E+00,0.000000E+00,0.000000E+00,2.110805E+01,7.995130E+01,2.388818E+01,5.974382E+01
21:27:00,8.014759E+03,1.451267E+03,5.580514E-01,1.281677E-01,0.000000E+00,0.000000E+00,0.000000E+00,0.000000E+00,0.000000E+00,0.000000E+00,0.000000E+00,0.000000E+00,2.110805E+01,7.995130E+01,2.388818E+01,5.976672E+01
21:28:00,8.014759E+03,1.447923E+03,5.580514E-01,1.278724E-01,0.000000E+00,0.000000E+00,0.000000E+00,0.000000E+00,0.000000E+00,0.000000E+00,0.000000E+00,0.000000E+00,2.110805E+01,7.995130E+01,2.388818E+01,5.978965E+01
21:29:00,8.014759E+03,1.444582E+03,5.580514E-01,1.275774E-01,0.000000E+00,0.000000E+00,0.000000E+00,0.000000E+00,0.000000E+00,0.000000E+00,0.000000E+00,0.000000E+00,2.110805E+01,7.995130E+01,2.388818E+01,5.981261E+01
21:30:00,8.014759E+03,1.441246E+03,5.580514E-01,1.272827E-01,0.000000E+00,0.000000E+00,0.000000E+00,0.000000E+00,0.000000E+00,0.000000E+00,0.000000E+00,0.000000E+00,2.110805E+01,7.995130E+01,2.388818E+01,5.983559E+01
21:31:00,8.014759E+03,1.437913E+03,5.580514E-01,1.269884E-01,0.000000E+00,0.000000E+00,0.000000E+00,0.000000E+00,0.000000E+00,0.000000E+00,0.000000E+00,0.000000E+00,2.110805E+01,7.995130E+01,2.388818E+01,5.985859E+01
21:32:00,8.014759E+03,1.434584E+03,5.580514E-01,1.266944E-01,0.000000E+00,0.000000E+00,0.000000E+00,0.000000E+00,0.000000E+00,0.000000E+00,0.000000E+00,0.000000E+00,2.110805E+01,7.995130E+01,2.388818E+01,5.988162E+01
21:33:00,8.014759E+03,1.431259E+03,5.580514E-01,1.264007E-01,0.000000E+00,0.000000E+00,0.000000E+00,0.000000E+00,0.000000E+00,0.000000E+00,0.000000E+00,0.000000E+00,2.110805E+01,7.995130E+01,2.388818E+01,5.990467E+01
21:34:00,8.014759E+03,1.427938E+03,5.580514E-01,1.261074E-01,0.000000E+00,0.000000E+00,0.000000E+00,0.000000E+00,0.000000E+00,0.000000E+00,0.000000E+00,0.000000E+00,2.110805E+01,7.995130E+01,2.388818E+01,5.992774E+01
21:35:00,8.014759E+03,1.424621E+03,5.580514E-01,1.258144E-01,0.000000E+00,0.000000E+00,0.000000E+00,0.000000E+00,0.000000E+00,0.000000E+00,0.000000E+00,0.000000E+00,2.110805E+01,7.995130E+01,2.388819E+01,5.995084E+01
21:36:00,8.014759E+03,1.421308E+03,5.580514E-01,1.255218E-01,0.000000E+00,0.000000E+00,0.000000E+00,0.000000E+00,0.000000E+00,0.000000E+00,0.000000E+00,0.000000E+00,2.110805E+01,7.995130E+01,2.388819E+01,5.997396E+01
21:37:00,8.014759E+03,1.417999E+03,5.580514E-01,1.252296E-01,0.000000E+00,0.000000E+00,0.000000E+00,0.000000E+00,0.000000E+00,0.000000E+00,0.000000E+00,0.000000E+00,2.110805E+01,7.995130E+01,2.388819E+01,5.999710E+01
21:38:00,8.014759E+03,1.414694E+03,5.580514E-01,1.249377E-01,0.000000E+00,0.000000E+00,0.000000E+00,0.000000E+00,0.000000E+00,0.000000E+00,0.000000E+00,0.000000E+00,2.110805E+01,7.995130E+01,2.388819E+01,6.002027E+01
21:39:00,8.014759E+03,1.411393E+03,5.580514E-01,1.246462E-01,0.000000E+00,0.000000E+00,0.000000E+00,0.000000E+00,0.000000E+00,0.000000E+00,0.000000E+00,0.000000E+00,2.110805E+01,7.995130E+01,2.388819E+01,6.004346E+01
21:40:00,8.014759E+03,1.408097E+03,5.580514E-01,1.243551E-01,0.000000E+00,0.000000E+00,0.000000E+00,0.000000E+00,0.000000E+00,0.000000E+00,0.000000E+00,0.000000E+00,2.110805E+01,7.995130E+01,2.388819E+01,6.006667E+01
21:41:00,8.014759E+03,1.404804E+03,5.580514E-01,1.240643E-01,0.000000E+00,0.000000E+00,0.000000E+00,0.000000E+00,0.000000E+00,0.000000E+00,0.000000E+00,0.000000E+00,2.110805E+01,7.995130E+01,2.388819E+01,6.008991E+01
21:42:00,8.014759E+03,1.401516E+03,5.580514E-01,1.237739E-01,0.000000E+00,0.000000E+00,0.000000E+00,0.000000E+00,0.000000E+00,0.000000E+00,0.000000E+00,0.000000E+00,2.110805E+01,7.995130E+01,2.388819E+01,6.011317E+01
21:43:00,8.014759E+03,1.398232E+03,5.580514E-01,1.234839E-01,0.000000E+00,0.000000E+00,0.000000E+00,0.000000E+00,0.000000E+00,0.000000E+00,0.000000E+00,0.000000E+00,2.110805E+01,7.995130E+01,2.388819E+01,6.013644E+01
21:44:00,8.014759E+03,1.394953E+03,5.580514E-01,1.231943E-01,0.000000E+00,0.000000E+00,0.000000E+00,0.000000E+00,0.000000E+00,0.000000E+00,0.000000E+00,0.000000E+00,2.110805E+01,7.995130E+01,2.388819E+01,6.015975E+01
21:45:00,8.014759E+03,1.391678E+03,5.580514E-01,1.229050E-01,0.000000E+00,0.000000E+00,0.000000E+00,0.000000E+00,0.000000E+00,0.000000E+00,0.000000E+00,0.000000E+00,2.110805E+01,7.995130E+01,2.388819E+01,6.018307E+01
21:46:00,8.014759E+03,1.388407E+03,5.580514E-01,1.226162E-01,0.000000E+00,0.000000E+00,0.000000E+00,0.000000E+00,0.000000E+00,0.000000E+00,0.000000E+00,0.000000E+00,2.110805E+01,7.995130E+01,2.388819E+01,6.020642E+01
21:47:00,8.014759E+03,1.385141E+03,5.580514E-01,1.223277E-01,0.000000E+00,0.000000E+00,0.000000E+00,0.000000E+00,0.000000E+00,0.000000E+00,0.000000E+00,0.000000E+00,2.110805E+01,7.995130E+01,2.388819E+01,6.022978E+01
21:48:00,8.014759E+03,1.381879E+03,5.580514E-01,1.220396E-01,0.000000E+00,0.000000E+00,0.000000E+00,0.000000E+00,0.000000E+00,0.000000E+00,0.000000E+00,0.000000E+00,2.110805E+01,7.995130E+01,2.388820E+01,6.025317E+01
21:49:00,8.014759E+03,1.378622E+03,5.580514E-01,1.217519E-01,0.000000E+00,0.000000E+00,0.000000E+00,0.000000E+00,0.000000E+00,0.000000E+00,0.000000E+00,0.000000E+00,2.110805E+01,7.995130E+01,2.388820E+01,6.027658E+01
21:50:00,8.014759E+03,1.375369E+03,5.580514E-01,1.214647E-01,0.000000E+00,0.000000E+00,0.000000E+00,0.000000E+00,0.000000E+00,0.000000E+00,0.000000E+00,0.000000E+00,2.110805E+01,7.995130E+01,2.388820E+01,6.030002E+01
21:51:00,8.014759E+03,1.372121E+03,5.580514E-01,1.211778E-01,0.000000E+00,0.000000E+00,0.000000E+00,0.000000E+00,0.000000E+00,0.000000E+00,0.000000E+00,0.000000E+00,2.110805E+01,7.995130E+01,2.388820E+01,6.032347E+01
21:52:00,8.014759E+03,1.368877E+03,5.580514E-01,1.208914E-01,0.000000E+00,0.000000E+00,0.000000E+00,0.000000E+00,0.000000E+00,0.000000E+00,0.000000E+00,0.000000E+00,2.110805E+01,7.995130E+01,2.388820E+01,6.034694E+01
21:53:00,8.014759E+03,1.365639E+03,5.580514E-01,1.206053E-01,0.000000E+00,0.000000E+00,0.000000E+00,0.000000E+00,0.000000E+00,0.000000E+00,0.000000E+00,0.000000E+00,2.110805E+01,7.995130E+01,2.388820E+01,6.037043E+01
21:54:00,8.014759E+03,1.362404E+03,5.580514E-01,1.203197E-01,0.000000E+00,0.000000E+00,0.000000E+00,0.000000E+00,0.000000E+00,0.000000E+00,0.000000E+00,0.000000E+00,2.110805E+01,7.995130E+01,2.388820E+01,6.039394E+01
21:55:00,8.014759E+03,1.359175E+03,5.580514E-01,1.200344E-01,0.000000E+00,0.000000E+00,0.000000E+00,0.000000E+00,0.000000E+00,0.000000E+00,0.000000E+00,0.000000E+00,2.110805E+01,7.995130E+01,2.388820E+01,6.041748E+01
21:56:00,8.014759E+03,1.355950E+03,5.580514E-01,1.197496E-01,0.000000E+00,0.000000E+00,0.000000E+00,0.000000E+00,0.000000E+00,0.000000E+00,0.000000E+00,0.000000E+00,2.110805E+01,7.995130E+01,2.388820E+01,6.044103E+01
21:57:00,8.014759E+03,1.352730E+03,5.580514E-01,1.194652E-01,0.000000E+00,0.000000E+00,0.000000E+00,0.000000E+00,0.000000E+00,0.000000E+00,0.000000E+00,0.000000E+00,2.110805E+01,7.995130E+01,2.388820E+01,6.046461E+01
21:58:00,8.014759E+03,1.349514E+03,5.580514E-01,1.191813E-01,0.000000E+00,0.000000E+00,0.000000E+00,0.000000E+00,0.000000E+00,0.000000E+00,0.000000E+00,0.000000E+00,2.110805E+01,7.995130E+01,2.388820E+01,6.048820E+01
21:59:00,8.014759E+03,1.346304E+03,5.580514E-01,1.188977E-01,0.000000E+00,0.000000E+00,0.000000E+00,0.000000E+00,0.000000E+00,0.000000E+00,0.000000E+00,0.000000E+00,2.110805E+01,7.995130E+01,2.388820E+01,6.051181E+01
22:00:00,8.014759E+03,1.343098E+03,5.580514E-01,1.186146E-01,0.000000E+00,0.000000E+00,0.000000E+00,0.000000E+00,0.000000E+00,0.000000E+00,0.000000E+00,0.000000E+00,2.110805E+01,7.995130E+01,2.388820E+01,6.053544E+01
22:01:00,8.014759E+03,1.339903E+03,5.580514E-01,1.183324E-01,0.000000E+00,0.000000E+00,0.000000E+00,0.000000E+00,0.000000E+00,0.000000E+00,0.000000E+00,0.000000E+00,2.110805E+01,7.995130E+01,2.388821E+01,6.055909E+01
22:02:00,8.014759E+03,1.336719E+03,5.580514E-01,1.180512E-01,0.000000E+00,0.000000E+00,0.000000E+00,0.000000E+00,0.000000E+00,0.000000E+00,0.000000E+00,0.000000E+00,2.110805E+01,7.995130E+01,2.388821E+01,6.058271E+01
22:03:00,8.014759E+03,1.333545E+03,5.580514E-01,1.177709E-01,0.000000E+00,0.000000E+00,0.000000E+00,0.000000E+00,0.000000E+00,0.000000E+00,0.000000E+00,0.000000E+00,2.110805E+01,7.995130E+01,2.388821E+01,6.060627E+01
22:04:00,8.014759E+03,1.330381E+03,5.580514E-01,1.174915E-01,0.000000E+00,0.000000E+00,0.000000E+00,0.000000E+00,0.000000E+00,0.000000E+00,0.000000E+00,0.000000E+00,2.110805E+01,7.995130E+01,2.388821E+01,6.062975E+01
22:05:00,8.014759E+03,1.327228E+03,5.580514E-01,1.172130E-01,0.000000E+00,0.000000E+00,0.000000E+00,0.000000E+00,0.000000E+00,0.000000E+00,0.000000E+00,0.000000E+00,2.110805E+01,7.995130E+01,2.388821E+01,6.065317E+01
22:06:00,8.014759E+03,1.324086E+03,5.580514E-01,1.169355E-01,0.000000E+00,0.000000E+00,0.000000E+00,0.000000E+00,0.000000E+00,0.000000E+00,0.000000E+00,0.000000E+00,2.110805E+01,7.995130E+01,2.388821E+01,6.067652E+01
22:07:00,8.014759E+03,1.320955E+03,5.580514E-01,1.166590E-01,0.000000E+00,0.000000E+00,0.000000E+00,0.000000E+00,0.000000E+00,0.000000E+00,0.000000E+00,0.000000E+00,2.110805E+01,7.995130E+01,2.388821E+01,6.069981E+01
22:08:00,8.014759E+03,1.317834E+03,5.580514E-01,1.163834E-01,0.000000E+00,0.000000E+00,0.000000E+00,0.000000E+00,0.000000E+00,0.000000E+00,0.000000E+00,0.000000E+00,2.110805E+01,7.995130E+01,2.388821E+01,6.072304E+01
22:09:00,8.014759E+03,1.314724E+03,5.580514E-01,1.161087E-01,0.000000E+00,0.000000E+00,0.000000E+00,0.000000E+00,0.000000E+00,0.000000E+00,0.000000E+00,0.000000E+00,2.110805E+01,7.995130E+01,2.388821E+01,6.074620E+01
22:10:00,8.014759E+03,1.311625E+03,5.580514E-01,1.158350E-01,0.000000E+00,0.000000E+00,0.000000E+00,0.000000E+00,0.000000E+00,0.000000E+00,0.000000E+00,0.000000E+00,2.110805E+01,7.995130E+01,2.388821E+01,6.076932E+01
22:11:00,8.014759E+03,1.308537E+03,5.580514E-01,1.155623E-01,0.000000E+00,0.000000E+00,0.000000E+00,0.000000E+00,0.000000E+00,0.000000E+00,0.000000E+00,0.000000E+00,2.110805E+01,7.995130E+01,2.388821E+01,6.079238E+01
22:12:00,8.014759E+03,1.305460E+03,5.580514E-01,1.152905E-01,0.000000E+00,0.000000E+00,0.000000E+00,0.000000E+00,0.000000E+00,0.000000E+00,0.000000E+00,0.000000E+00,2.110805E+01,7.995130E+01,2.388821E+01,6.081538E+01
22:13:00,8.014759E+03,1.302393E+03,5.580514E-01,1.150197E-01,0.000000E+00,0.000000E+00,0.000000E+00,0.000000E+00,0.000000E+00,0.000000E+00,0.000000E+00,0.000000E+00,2.110805E+01,7.995130E+01,2.388821E+01,6.083834E+01
22:14:00,8.014759E+03,1.299338E+03,5.580514E-01,1.147498E-01,0.000000E+00,0.000000E+00,0.000000E+00,0.000000E+00,0.000000E+00,0.000000E+00,0.000000E+00,0.000000E+00,2.110805E+01,7.995130E+01,2.388821E+01,6.086124E+01
22:15:00,8.014759E+03,1.296293E+03,5.580514E-01,1.144809E-01,0.000000E+00,0.000000E+00,0.000000E+00,0.000000E+00,0.000000E+00,0.000000E+00,0.000000E+00,0.000000E+00,2.110805E+01,7.995130E+01,2.388821E+01,6.088410E+01
22:16:00,8.014759E+03,1.293260E+03,5.580514E-01,1.142130E-01,0.000000E+00,0.000000E+00,0.000000E+00,0.000000E+00,0.000000E+00,0.000000E+00,0.000000E+00,0.000000E+00,2.110805E+01,7.995130E+01,2.388821E+01,6.090691E+01
22:17:00,8.014759E+03,1.290238E+03,5.580514E-01,1.139461E-01,0.000000E+00,0.000000E+00,0.000000E+00,0.000000E+00,0.000000E+00,0.000000E+00,0.000000E+00,0.000000E+00,2.110805E+01,7.995130E+01,2.388822E+01,6.092968E+01
22:18:00,8.014759E+03,1.287226E+03,5.580514E-01,1.136802E-01,0.000000E+00,0.000000E+00,0.000000E+00,0.000000E+00,0.000000E+00,0.000000E+00,0.000000E+00,0.000000E+00,2.110805E+01,7.995130E+01,2.388822E+01,6.095240E+01
22:19:00,8.014759E+03,1.284227E+03,5.580514E-01,1.134153E-01,0.000000E+00,0.000000E+00,0.000000E+00,0.000000E+00,0.000000E+00,0.000000E+00,0.000000E+00,0.000000E+00,2.110805E+01,7.995130E+01,2.388822E+01,6.097507E+01
22:20:00,8.014759E+03,1.281239E+03,5.580514E-01,1.131514E-01,0.000000E+00,0.000000E+00,0.000000E+00,0.000000E+00,0.000000E+00,0.000000E+00,0.000000E+00,0.000000E+00,2.110805E+01,7.995130E+01,2.388822E+01,6.099770E+01
22:21:00,8.014759E+03,1.278262E+03,5.580514E-01,1.128885E-01,0.000000E+00,0.000000E+00,0.000000E+00,0.000000E+00,0.000000E+00,0.000000E+00,0.000000E+00,0.000000E+00,2.110805E+01,7.995130E+01,2.388822E+01,6.102028E+01
22:22:00,8.014759E+03,1.275297E+03,5.580514E-01,1.126267E-01,0.000000E+00,0.000000E+00,0.000000E+00,0.000000E+00,0.000000E+00,0.000000E+00,0.000000E+00,0.000000E+00,2.110805E+01,7.995130E+01,2.388822E+01,6.104282E+01
22:23:00,8.014759E+03,1.272344E+03,5.580514E-01,1.123658E-01,0.000000E+00,0.000000E+00,0.000000E+00,0.000000E+00,0.000000E+00,0.000000E+00,0.000000E+00,0.000000E+00,2.110805E+01,7.995130E+01,2.388822E+01,6.106532E+01
22:24:00,8.014759E+03,1.269402E+03,5.580514E-01,1.121060E-01,0.000000E+00,0.000000E+00,0.000000E+00,0.000000E+00,0.000000E+00,0.000000E+00,0.000000E+00,0.000000E+00,2.110805E+01,7.995130E+01,2.388822E+01,6.108777E+01
22:25:00,8.014759E+03,1.266471E+03,5.580514E-01,1.118471E-01,0.000000E+00,0.000000E+00,0.000000E+00,0.000000E+00,0.000000E+00,0.000000E+00,0.000000E+00,0.000000E+00,2.110805E+01,7.995130E+01,2.388822E+01,6.111019E+01
22:26:00,8.014759E+03,1.263551E+03,5.580514E-01,1.115893E-01,0.000000E+00,0.000000E+00,0.000000E+00,0.000000E+00,0.000000E+00,0.000000E+00,0.000000E+00,0.000000E+00,2.110805E+01,7.995130E+01,2.388822E+01,6.113257E+01
22:27:00,8.014759E+03,1.260643E+03,5.580514E-01,1.113325E-01,0.000000E+00,0.000000E+00,0.000000E+00,0.000000E+00,0.000000E+00,0.000000E+00,0.000000E+00,0.000000E+00,2.110805E+01,7.995130E+01,2.388822E+01,6.115492E+01
22:28:00,8.014759E+03,1.257747E+03,5.580514E-01,1.110766E-01,0.000000E+00,0.000000E+00,0.000000E+00,0.000000E+00,0.000000E+00,0.000000E+00,0.000000E+00,0.000000E+00,2.110805E+01,7.995130E+01,2.388822E+01,6.117723E+01
22:29:00,8.014759E+03,1.254861E+03,5.580514E-01,1.108218E-01,0.000000E+00,0.000000E+00,0.000000E+00,0.000000E+00,0.000000E+00,0.000000E+00,0.000000E+00,0.000000E+00,2.110805E+01,7.995130E+01,2.388822E+01,6.119951E+01
22:30:00,8.014759E+03,1.251987E+03,5.580514E-01,1.105679E-01,0.000000E+00,0.000000E+00,0.000000E+00,0.000000E+00,0.000000E+00,0.000000E+00,0.000000E+00,0.000000E+00,2.110805E+01,7.995130E+01,2.388822E+01,6.122177E+01
22:31:00,8.014759E+03,1.249124E+03,5.580514E-01,1.103151E-01,0.000000E+00,0.000000E+00,0.000000E+00,0.000000E+00,0.000000E+00,0.000000E+00,0.000000E+00,0.000000E+00,2.110805E+01,7.995130E+01,2.388822E+01,6.124399E+01
22:32:00,8.014759E+03,1.246272E+03,5.580514E-01,1.100632E-01,0.000000E+00,0.000000E+00,0.000000E+00,0.000000E+00,0.000000E+00,0.000000E+00,0.000000E+00,0.000000E+00,2.110805E+01,7.995130E+01,2.388822E+01,6.126619E+01
22:33:00,8.014759E+03,1.243431E+03,5.580514E-01,1.098124E-01,0.000000E+00,0.000000E+00,0.000000E+00,0.000000E+00,0.000000E+00,0.000000E+00,0.000000E+00,0.000000E+00,2.110805E+01,7.995130E+01,2.388823E+01,6.128837E+01
22:34:00,8.014759E+03,1.240602E+03,5.580514E-01,1.095625E-01,0.000000E+00,0.000000E+00,0.000000E+00,0.000000E+00,0.000000E+00,0.000000E+00,0.000000E+00,0.000000E+00,2.110805E+01,7.995130E+01,2.388823E+01,6.131052E+01
22:35:00,8.014759E+03,1.237783E+03,5.580514E-01,1.093135E-01,0.000000E+00,0.000000E+00,0.000000E+00,0.000000E+00,0.000000E+00,0.000000E+00,0.000000E+00,0.000000E+00,2.110805E+01,7.995130E+01,2.388823E+01,6.133265E+01
22:36:00,8.014759E+03,1.234976E+03,5.580514E-01,1.090656E-01,0.000000E+00,0.000000E+00,0.000000E+00,0.000000E+00,0.000000E+00,0.000000E+00,0.000000E+00,0.000000E+00,2.110805E+01,7.995130E+01,2.388823E+01,6.135476E+01
22:37:00,8.014759E+03,1.232180E+03,5.580514E-01,1.088187E-01,0.000000E+00,0.000000E+00,0.000000E+00,0.000000E+00,0.000000E+00,0.000000E+00,0.000000E+00,0.000000E+00,2.110805E+01,7.995130E+01,2.388823E+01,6.137685E+01
22:38:00,8.014759E+03,1.229395E+03,5.580514E-01,1.085727E-01,0.000000E+00,0.000000E+00,0.000000E+00,0.000000E+00,0.000000E+00,0.000000E+00,0.000000E+00,0.000000E+00,2.110805E+01,7.995130E+01,2.388823E+01,6.139892E+01
22:39:00,8.014759E+03,1.226621E+03,5.580514E-01,1.083277E-01,0.000000E+00,0.000000E+00,0.000000E+00,0.000000E+00,0.000000E+00,0.000000E+00,0.000000E+00,0.000000E+00,2.110805E+01,7.995130E+01,2.388823E+01,6.142097E+01
22:40:00,8.014759E+03,1.223857E+03,5.580514E-01,1.080837E-01,0.000000E+00,0.000000E+00,0.000000E+00,0.000000E+00,0.000000E+00,0.000000E+00,0.000000E+00,0.000000E+00,2.110805E+01,7.995130E+01,2.388823E+01,6.144301E+01
22:41:00,8.014759E+03,1.221105E+03,5.580514E-01,1.078406E-01,0.000000E+00,0.000000E+00,0.000000E+00,0.000000E+00,0.000000E+00,0.000000E+00,0.000000E+00,0.000000E+00,2.110805E+01,7.995130E+01,2.388823E+01,6.146503E+01
22:42:00,8.014759E+03,1.218364E+03,5.580514E-01,1.075985E-01,0.000000E+00,0.000000E+00,0.000000E+00,0.000000E+00,0.000000E+00,0.000000E+00,0.000000E+00,0.000000E+00,2.110805E+01,7.995130E+01,2.388823E+01,6.148703E+01
22:43:00,8.014759E+03,1.215634E+03,5.580514E-01,1.073574E-01,0.000000E+00,0.000000E+00,0.000000E+00,0.000000E+00,0.000000E+00,0.000000E+00,0.000000E+00,0.000000E+00,2.110805E+01,7.995130E+01,2.388823E+01,6.150902E+01
22:44:00,8.014759E+03,1.212915E+03,5.580514E-01,1.071173E-01,0.000000E+00,0.000000E+00,0.000000E+00,0.000000E+00,0.000000E+00,0.000000E+00,0.000000E+00,0.000000E+00,2.110805E+01,7.995130E+01,2.388823E+01,6.153100E+01
22:45:00,8.014759E+03,1.210207E+03,5.580514E-01,1.068781E-01,0.000000E+00,0.000000E+00,0.000000E+00,0.000000E+00,0.000000E+00,0.000000E+00,0.000000E+00,0.000000E+00,2.110805E+01,7.995130E+01,2.388823E+01,6.155297E+01
22:46:00,8.014759E+03,1.207509E+03,5.580514E-01,1.066398E-01,0.000000E+00,0.000000E+00,0.000000E+00,0.000000E+00,0.000000E+00,0.000000E+00,0.000000E+00,0.000000E+00,2.110805E+01,7.995130E+01,2.388824E+01,6.157492E+01
22:47:00,8.014759E+03,1.204822E+03,5.580514E-01,1.064026E-01,0.000000E+00,0.000000E+00,0.000000E+00,0.000000E+00,0.000000E+00,0.000000E+00,0.000000E+00,0.000000E+00,2.110805E+01,7.995130E+01,2.388824E+01,6.159687E+01
22:48:00,8.014759E+03,1.202147E+03,5.580514E-01,1.061663E-01,0.000000E+00,0.000000E+00,0.000000E+00,0.000000E+00,0.000000E+00,0.000000E+00,0.000000E+00,0.000000E+00,2.110805E+01,7.995130E+01,2.388824E+01,6.161880E+01
22:49:00,8.014759E+03,1.199482E+03,5.580514E-01,1.059309E-01,0.000000E+00,0.000000E+00,0.000000E+00,0.000000E+00,0.000000E+00,0.000000E+00,0.000000E+00,0.000000E+00,2.110805E+01,7.995130E+01,2.388824E+01,6.164073E+01
22:50:00,8.014759E+03,1.196827E+03,5.580514E-01,1.056965E-01,0.000000E+00,0.000000E+00,0.000000E+00,0.000000E+00,0.000000E+00,0.000000E+00,0.000000E+00,0.000000E+00,2.110805E+01,7.995130E+01,2.388824E+01,6.166264E+01
22:51:00,8.014759E+03,1.194184E+03,5.580514E-01,1.054630E-01,0.000000E+00,0.000000E+00,0.000000E+00,0.000000E+00,0.000000E+00,0.000000E+00,0.000000E+00,0.000000E+00,2.110805E+01,7.995130E+01,2.388824E+01,6.168455E+01
22:52:00,8.014759E+03,1.191551E+03,5.580514E-01,1.052305E-01,0.000000E+00,0.000000E+00,0.000000E+00,0.000000E+00,0.000000E+00,0.000000E+00,0.000000E+00,0.000000E+00,2.110805E+01,7.995130E+01,2.388824E+01,6.170645E+01
22:53:00,8.014759E+03,1.188929E+03,5.580514E-01,1.049989E-01,0.000000E+00,0.000000E+00,0.000000E+00,0.000000E+00,0.000000E+00,0.000000E+00,0.000000E+00,0.000000E+00,2.110805E+01,7.995130E+01,2.388824E+01,6.172835E+01
22:54:00,8.014759E+03,1.186318E+03,5.580514E-01,1.047683E-01,0.000000E+00,0.000000E+00,0.000000E+00,0.000000E+00,0.000000E+00,0.000000E+00,0.000000E+00,0.000000E+00,2.110805E+01,7.995130E+01,2.388824E+01,6.175024E+01
22:55:00,8.014759E+03,1.183717E+03,5.580514E-01,1.045386E-01,0.000000E+00,0.000000E+00,0.000000E+00,0.000000E+00,0.000000E+00,0.000000E+00,0.000000E+00,0.000000E+00,2.110805E+01,7.995130E+01,2.388824E+01,6.177212E+01
22:56:00,8.014759E+03,1.181127E+03,5.580514E-01,1.043098E-01,0.000000E+00,0.000000E+00,0.000000E+00,0.000000E+00,0.000000E+00,0.000000E+00,0.000000E+00,0.000000E+00,2.110805E+01,7.995130E+01,2.388824E+01,6.179400E+01
22:57:00,8.014759E+03,1.178547E+03,5.580514E-01,1.040820E-01,0.000000E+00,0.000000E+00,0.000000E+00,0.000000E+00,0.000000E+00,0.000000E+00,0.000000E+00,0.000000E+00,2.110805E+01,7.995130E+01,2.388824E+01,6.181587E+01
22:58:00,8.014759E+03,1.175978E+03,5.580514E-01,1.038551E-01,0.000000E+00,0.000000E+00,0.000000E+00,0.000000E+00,0.000000E+00,0.000000E+00,0.000000E+00,0.000000E+00,2.110805E+01,7.995130E+01,2.388824E+01,6.183774E+01
22:59:00,8.014759E+03,1.173419E+03,5.580514E-01,1.036292E-01,0.000000E+00,0.000000E+00,0.000000E+00,0.000000E+00,0.000000E+00,0.000000E+00,0.000000E+00,0.000000E+00,2.110805E+01,7.995130E+01,2.388824E+01,6.185961E+01
23:00:00,8.014759E+03,1.170871E+03,5.580514E-01,1.034041E-01,0.000000E+00,0.000000E+00,0.000000E+00,0.000000E+00,0.000000E+00,0.000000E+00,0.000000E+00,0.000000E+00,2.110805E+01,7.995130E+01,2.388825E+01,6.188148E+01
23:01:00,8.014759E+03,1.168328E+03,5.580514E-01,1.031795E-01,0.000000E+00,0.000000E+00,0.000000E+00,0.000000E+00,0.000000E+00,0.000000E+00,0.000000E+00,0.000000E+00,2.110805E+01,7.995130E+01,2.388825E+01,6.190334E+01
23:02:00,8.014759E+03,1.165789E+03,5.580514E-01,1.029553E-01,0.000000E+00,0.000000E+00,0.000000E+00,0.000000E+00,0.000000E+00,0.000000E+00,0.000000E+00,0.000000E+00,2.110805E+01,7.995130E+01,2.388825E+01,6.192520E+01
23:03:00,8.014759E+03,1.163255E+03,5.580514E-01,1.027315E-01,0.000000E+00,0.000000E+00,0.000000E+00,0.000000E+00,0.000000E+00,0.000000E+00,0.000000E+00,0.000000E+00,2.110805E+01,7.995130E+01,2.388825E+01,6.194706E+01
23:04:00,8.014759E+03,1.160726E+03,5.580514E-01,1.025081E-01,0.000000E+00,0.000000E+00,0.000000E+00,0.000000E+00,0.000000E+00,0.000000E+00,0.000000E+00,0.000000E+00,2.110805E+01,7.995130E+01,2.388825E+01,6.196891E+01
23:05:00,8.014759E+03,1.158201E+03,5.580514E-01,1.022852E-01,0.000000E+00,0.000000E+00,0.000000E+00,0.000000E+00,0.000000E+00,0.000000E+00,0.000000E+00,0.000000E+00,2.110805E+01,7.995130E+01,2.388825E+01,6.199077E+01
23:06:00,8.014759E+03,1.155681E+03,5.580514E-01,1.020626E-01,0.000000E+00,0.000000E+00,0.000000E+00,0.000000E+00,0.000000E+00,0.000000E+00,0.000000E+00,0.000000E+00,2.110805E+01,7.995130E+01,2.388825E+01,6.201263E+01
23:07:00,8.014759E+03,1.153166E+03,5.580514E-01,1.018405E-01,0.000000E+00,0.000000E+00,0.000000E+00,0.000000E+00,0.000000E+00,0.000000E+00,0.000000E+00,0.000000E+00,2.110805E+01,7.995130E+01,2.388825E+01,6.203448E+01
23:08:00,8.014759E+03,1.150655E+03,5.580514E-01,1.016187E-01,0.000000E+00,0.000000E+00,0.000000E+00,0.000000E+00,0.000000E+00,0.000000E+00,0.000000E+00,0.000000E+00,2.110805E+01,7.995130E+01,2.388825E+01,6.205634E+01
23:09:00,8.014759E+03,1.148149E+03,5.580514E-01,1.013973E-01,0.000000E+00,0.000000E+00,0.000000E+00,0.000000E+00,0.000000E+00,0.000000E+00,0.000000E+00,0.000000E+00,2.110805E+01,7.995130E+01,2.388825E+01,6.207820E+01
23:10:00,8.014759E+03,1.145647E+03,5.580514E-01,1.011764E-01,0.000000E+00,0.000000E+00,0.000000E+00,0.000000E+00,0.000000E+00,0.000000E+00,0.000000E+00,0.000000E+00,2.110805E+01,7.995130E+01,2.388825E+01,6.210005E+01
23:11:00,8.014759E+03,1.143149E+03,5.580514E-01,1.009558E-01,0.000000E+00,0.000000E+00,0.000000E+00,0.000000E+00,0.000000E+00,0.000000E+00,0.000000E+00,0.000000E+00,2.110805E+01,7.995130E+01,2.388825E+01,6.212191E+01
23:12:00,8.014759E+03,1.140656E+03,5.580514E-01,1.007356E-01,0.000000E+00,0.000000E+00,0.000000E+00,0.000000E+00,0.000000E+00,0.000000E+00,0.000000E+00,0.000000E+00,2.110805E+01,7.995130E+01,2.388825E+01,6.214377E+01
23:13:00,8.014759E+03,1.138167E+03,5.580514E-01,1.005158E-01,0.000000E+00,0.000000E+00,0.000000E+00,0.000000E+00,0.000000E+00,0.000000E+00,0.000000E+00,0.000000E+00,2.110805E+01,7.995130E+01,2.388826E+01,6.216563E+01
23:14:00,8.014759E+03,1.135682E+03,5.580514E-01,1.002963E-01,0.000000E+00,0.000000E+00,0.000000E+00,0.000000E+00,0.000000E+00,0.000000E+00,0.000000E+00,0.000000E+00,2.110805E+01,7.995130E+01,2.388826E+01,6.218750E+01
23:15:00,8.014759E+03,1.133201E+03,5.580514E-01,1.000772E-01,0.000000E+00,0.000000E+00,0.000000E+00,0.000000E+00,0.000000E+00,0.000000E+00,0.000000E+00,0.000000E+00,2.110805E+01,7.995130E+01,2.388826E+01,6.220937E+01
23:16:00,8.014759E+03,1.130725E+03,5.580514E-01,9.985853E-02,0.000000E+00,0.000000E+00,0.000000E+00,0.000000E+00,0.000000E+00,0.000000E+00,0.000000E+00,0.000000E+00,2.110805E+01,7.995130E+01,2.388826E+01,6.223124E+01
23:17:00,8.014759E+03,1.128252E+03,5.580514E-01,9.964015E-02,0.000000E+00,0.000000E+00,0.000000E+00,0.000000E+00,0.000000E+00,0.000000E+00,0.000000E+00,0.000000E+00,2.110805E+01,7.995130E+01,2.388826E+01,6.225311E+01
23:18:00,8.014759E+03,1.125783E+03,5.580514E-01,9.942213E-02,0.000000E+00,0.000000E+00,0.000000E+00,0.000000E+00,0.000000E+00,0.000000E+00,0.000000E+00,0.000000E+00,2.110805E+01,7.995130E+01,2.388826E+01,6.227499E+01
23:19:00,8.014759E+03,1.123318E+03,5.580514E-01,9.920443E-02,0.000000E+00,0.000000E+00,0.000000E+00,0.000000E+00,0.000000E+00,0.000000E+00,0.000000E+00,0.000000E+00,2.110805E+01,7.995130E+01,2.388826E+01,6.229687E+01
23:20:00,8.014759E+03,1.120857E+03,5.580514E-01,9.898704E-02,0.000000E+00,0.000000E+00,0.000000E+00,0.000000E+00,0.000000E+00,0.000000E+00,0.000000E+00,0.000000E+00,2.110805E+01,7.995130E+01,2.388826E+01,6.231875E+01
23:21:00,8.014759E+03,1.118399E+03,5.580514E-01,9.876996E-02,0.000000E+00,0.000000E+00,0.000000E+00,0.000000E+00,0.000000E+00,0.000000E+00,0.000000E+00,0.000000E+00,2.110805E+01,7.995130E+01,2.388826E+01,6.234064E+01
23:22:00,8.014759E+03,1.115944E+03,5.580514E-01,9.855319E-02,0.000000E+00,0.000000E+00,0.000000E+00,0.000000E+00,0.000000E+00,0.000000E+00,0.000000E+00,0.000000E+00,2.110805E+01,7.995130E+01,2.388826E+01,6.236253E+01
23:23:00,8.014759E+03,1.113494E+03,5.580514E-01,9.833673E-02,0.000000E+00,0.000000E+00,0.000000E+00,0.000000E+00,0.000000E+00,0.000000E+00,0.000000E+00,0.000000E+00,2.110805E+01,7.995130E+01,2.388826E+01,6.238443E+01
23:24:00,8.014759E+03,1.111046E+03,5.580514E-01,9.812060E-02,0.000000E+00,0.000000E+00,0.000000E+00,0.000000E+00,0.000000E+00,0.000000E+00,0.000000E+00,0.000000E+00,2.110805E+01,7.995130E+01,2.388826E+01,6.240633E+01
23:25:00,8.014759E+03,1.108603E+03,5.580514E-01,9.790478E-02,0.000000E+00,0.000000E+00,0.000000E+00,0.000000E+00,0.000000E+00,0.000000E+00,0.000000E+00,0.000000E+00,2.110805E+01,7.995130E+01,2.388826E+01,6.242823E+01
23:26:00,8.014759E+03,1.106162E+03,5.580514E-01,9.768928E-02,0.000000E+00,0.000000E+00,0.000000E+00,0.000000E+00,0.000000E+00,0.000000E+00,0.000000E+00,0.000000E+00,2.110805E+01,7.995130E+01,2.388827E+01,6.245014E+01
23:27:00,8.014759E+03,1.103726E+03,5.580514E-01,9.747410E-02,0.000000E+00,0.000000E+00,0.000000E+00,0.000000E+00,0.000000E+00,0.000000E+00,0.000000E+00,0.000000E+00,2.110805E+01,7.995130E+01,2.388827E+01,6.247206E+01
23:28:00,8.014759E+03,1.101293E+03,5.580514E-01,9.725923E-02,0.000000E+00,0.000000E+00,0.000000E+00,0.000000E+00,0.000000E+00,0.000000E+00,0.000000E+00,0.000000E+00,2.110805E+01,7.995130E+01,2.388827E+01,6.249398E+01
23:29:00,8.014759E+03,1.098864E+03,5.580514E-01,9.704469E-02,0.000000E+00,0.000000E+00,0.000000E+00,0.000000E+00,0.000000E+00,0.000000E+00,0.000000E+00,0.000000E+00,2.110805E+01,7.995130E+01,2.388827E+01,6.251591E+01
23:30:00,8.014759E+03,1.096438E+03,5.580514E-01,9.683047E-02,0.000000E+00,0.000000E+00,0.000000E+00,0.000000E+00,0.000000E+00,0.000000E+00,0.000000E+00,0.000000E+00,2.110805E+01,7.995130E+01,2.388827E+01,6.253784E+01
23:31:00,8.014759E+03,1.094016E+03,5.580514E-01,9.661657E-02,0.000000E+00,0.000000E+00,0.000000E+00,0.000000E+00,0.000000E+00,0.000000E+00,0.000000E+00,0.000000E+00,2.110805E+01,7.995130E+01,2.388827E+01,6.255978E+01
23:32:00,8.014759E+03,1.091598E+03,5.580514E-01,9.640298E-02,0.000000E+00,0.000000E+00,0.000000E+00,0.000000E+00,0.000000E+00,0.000000E+00,0.000000E+00,0.000000E+00,2.110805E+01,7.995130E+01,2.388827E+01,6.258173E+01
23:33:00,8.014759E+03,1.089183E+03,5.580514E-01,9.618971E-02,0.000000E+00,0.000000E+00,0.000000E+00,0.000000E+00,0.000000E+00,0.000000E+00,0.000000E+00,0.000000E+00,2.110805E+01,7.995130E+01,2.388827E+01,6.260368E+01
23:34:00,8.014759E+03,1.086772E+03,5.580514E-01,9.597676E-02,0.000000E+00,0.000000E+00,0.000000E+00,0.000000E+00,0.000000E+00,0.000000E+00,0.000000E+00,0.000000E+00,2.110805E+01,7.995130E+01,2.388827E+01,6.262564E+01
23:35:00,8.014759E+03,1.084364E+03,5.580514E-01,9.576413E-02,0.000000E+00,0.000000E+00,0.000000E+00,0.000000E+00,0.000000E+00,0.000000E+00,0.000000E+00,0.000000E+00,2.110805E+01,7.995130E+01,2.388827E+01,6.264760E+01
23:36:00,8.014759E+03,1.081960E+03,5.580514E-01,9.555182E-02,0.000000E+00,0.000000E+00,0.000000E+00,0.000000E+00,0.000000E+00,0.000000E+00,0.000000E+00,0.000000E+00,2.110805E+01,7.995130E+01,2.388827E+01,6.266957E+01
23:37:00,8.014759E+03,1.079560E+03,5.580514E-01,9.533983E-02,0.000000E+00,0.000000E+00,0.000000E+00,0.000000E+00,0.000000E+00,0.000000E+00,0.000000E+00,0.000000E+00,2.110805E+01,7.995130E+01,2.388827E+01,6.269155E+01
23:38:00,8.014759E+03,1.077163E+03,5.580514E-01,9.512815E-02,0.000000E+00,0.000000E+00,0.000000E+00,0.000000E+00,0.000000E+00,0.000000E+00,0.000000E+00,0.000000E+00,2.110805E+01,7.995130E+01,2.388827E+01,6.271354E+01
23:39:00,8.014759E+03,1.074770E+03,5.580514E-01,9.491678E-02,0.000000E+00,0.000000E+00,0.000000E+00,0.000000E+00,0.000000E+00,0.000000E+00,0.000000E+00,0.000000E+00,2.110805E+01,7.995130E+01,2.388827E+01,6.273553E+01
23:40:00,8.014759E+03,1.072380E+03,5.580514E-01,9.470573E-02,0.000000E+00,0.000000E+00,0.000000E+00,0.000000E+00,0.000000E+00,0.000000E+00,0.000000E+00,0.000000E+00,2.110805E+01,7.995130E+01,2.388828E+01,6.275753E+01
23:41:00,8.014759E+03,1.069994E+03,5.580514E-01,9.449500E-02,0.000000E+00,0.000000E+00,0.000000E+00,0.000000E+00,0.000000E+00,0.000000E+00,0.000000E+00,0.000000E+00,2.110805E+01,7.995130E+01,2.388828E+01,6.277953E+01
23:42:00,8.014759E+03,1.067611E+03,5.580514E-01,9.428458E-02,0.000000E+00,0.000000E+00,0.000000E+00,0.000000E+00,0.000000E+00,0.000000E+00,0.000000E+00,0.000000E+00,2.110805E+01,7.995130E+01,2.388828E+01,6.280155E+01
23:43:00,8.014759E+03,1.065232E+03,5.580514E-01,9.407447E-02,0.000000E+00,0.000000E+00,0.000000E+00,0.000000E+00,0.000000E+00,0.000000E+00,0.000000E+00,0.000000E+00,2.110805E+01,7.995130E+01,2.388828E+01,6.282357E+01
23:44:00,8.014759E+03,1.062857E+03,5.580514E-01,9.386468E-02,0.000000E+00,0.000000E+00,0.000000E+00,0.000000E+00,0.000000E+00,0.000000E+00,0.000000E+00,0.000000E+00,2.110805E+01,7.995130E+01,2.388828E+01,6.284560E+01
23:45:00,8.014759E+03,1.060485E+03,5.580514E-01,9.365519E-02,0.000000E+00,0.000000E+00,0.000000E+00,0.000000E+00,0.000000E+00,0.000000E+00,0.000000E+00,0.000000E+00,2.110805E+01,7.995130E+01,2.388828E+01,6.286764E+01
23:46:00,8.014759E+03,1.058116E+03,5.580514E-01,9.344602E-02,0.000000E+00,0.000000E+00,0.000000E+00,0.000000E+00,0.000000E+00,0.000000E+00,0.000000E+00,0.000000E+00,2.110805E+01,7.995130E+01,2.388828E+01,6.288969E+01
23:47:00,8.014759E+03,1.055751E+03,5.580514E-01,9.323716E-02,0.000000E+00,0.000000E+00,0.000000E+00,0.000000E+00,0.000000E+00,0.000000E+00,0.000000E+00,0.000000E+00,2.110805E+01,7.995130E+01,2.388828E+01,6.291174E+01
23:48:00,8.014759E+03,1.053390E+03,5.580514E-01,9.302861E-02,0.000000E+00,0.000000E+00,0.000000E+00,0.000000E+00,0.000000E+00,0.000000E+00,0.000000E+00,0.000000E+00,2.110805E+01,7.995130E+01,2.388828E+01,6.293380E+01
23:49:00,8.014759E+03,1.051032E+03,5.580514E-01,9.282037E-02,0.000000E+00,0.000000E+00,0.000000E+00,0.000000E+00,0.000000E+00,0.000000E+00,0.000000E+00,0.000000E+00,2.110805E+01,7.995130E+01,2.388828E+01,6.295588E+01
23:50:00,8.014759E+03,1.048678E+03,5.580514E-01,9.261243E-02,0.000000E+00,0.000000E+00,0.000000E+00,0.000000E+00,0.000000E+00,0.000000E+00,0.000000E+00,0.000000E+00,2.110805E+01,7.995130E+01,2.388828E+01,6.297795E+01
23:51:00,8.014759E+03,1.046327E+03,5.580514E-01,9.240480E-02,0.000000E+00,0.000000E+00,0.000000E+00,0.000000E+00,0.000000E+00,0.000000E+00,0.000000E+00,0.000000E+00,2.110805E+01,7.995130E+01,2.388828E+01,6.300004E+01
23:52:00,8.014759E+03,1.043979E+03,5.580514E-01,9.219748E-02,0.000000E+00,0.000000E+00,0.000000E+00,0.000000E+00,0.000000E+00,0.000000E+00,0.000000E+00,0.000000E+00,2.110805E+01,7.995130E+01,2.388828E+01,6.302214E+01
23:53:00,8.014759E+03,1.041635E+03,5.580514E-01,9.199047E-02,0.000000E+00,0.000000E+00,0.000000E+00,0.000000E+00,0.000000E+00,0.000000E+00,0.000000E+00,0.000000E+00,2.110805E+01,7.995130E+01,2.388829E+01,6.304424E+01
23:54:00,8.014759E+03,1.039295E+03,5.580514E-01,9.178376E-02,0.000000E+00,0.000000E+00,0.000000E+00,0.000000E+00,0.000000E+00,0.000000E+00,0.000000E+00,0.000000E+00,2.110805E+01,7.995130E+01,2.388829E+01,6.306636E+01
23:55:00,8.014759E+03,1.036957E+03,5.580514E-01,9.157735E-02,0.000000E+00,0.000000E+00,0.000000E+00,0.000000E+00,0.000000E+00,0.000000E+00,0.000000E+00,0.000000E+00,2.110805E+01,7.995130E+01,2.388829E+01,6.308848E+01
23:56:00,8.014759E+03,1.034624E+03,5.580514E-01,9.137125E-02,0.000000E+00,0.000000E+00,0.000000E+00,0.000000E+00,0.000000E+00,0.000000E+00,0.000000E+00,0.000000E+00,2.110805E+01,7.995130E+01,2.388829E+01,6.311062E+01
23:57:00,8.014759E+03,1.032293E+03,5.580514E-01,9.116544E-02,0.000000E+00,0.000000E+00,0.000000E+00,0.000000E+00,0.000000E+00,0.000000E+00,0.000000E+00,0.000000E+00,2.110805E+01,7.995130E+01,2.388829E+01,6.313276E+01
23:58:00,8.014759E+03,1.029967E+03,5.580514E-01,9.095994E-02,0.000000E+00,0.000000E+00,0.000000E+00,0.000000E+00,0.000000E+00,0.000000E+00,0.000000E+00,0.000000E+00,2.110805E+01,7.995130E+01,2.388829E+01,6.315491E+01
23:59:00,8.014759E+03,1.027643E+03,5.580514E-01,9.075474E-02,0.000000E+00,0.000000E+00,0.000000E+00,0.000000E+00,0.000000E+00,0.000000E+00,0.000000E+00,0.000000E+00,2.110805E+01,7.995130E+01,2.388829E+01,6.317707E+01
24:00:00,8.014759E+03,1.025323E+03,5.580514E-01,9.054984E-02,0.000000E+00,0.000000E+00,0.000000E+00,0.000000E+00,0.000000E+00,0.000000E+00,0.000000E+00,0.000000E+00,2.110805E+01,7.995130E+01,2.388829E+01,6.319924E+01
Peak,8.014759E+03,2.503487E+03,5.580514E-01,2.210979E-01,0.000000E+00,0.000000E+00,0.000000E+00,0.000000E+00,0.000000E+00,0.000000E+00,0.000000E+00,0.000000E+00,,,,

Peak Vol Flow (m3/s),,,4.737331E-01,1.876913E-01,,,0.000000E+00,0.000000E+00,,,,,,,,
