Time,LIVINGZONE:CHICAGO MIDWAY AP ANN HTG 99.6% CONDNS DB:Des Heat Load [W],LIVINGZONE:CHICAGO MIDWAY AP ANN CLG .4% CONDNS DB=>MWB:Des Sens Cool Load [W],LIVINGZONE:CHICAGO MIDWAY AP ANN HTG 99.6% CONDNS DB:Des Heat Mass Flow [kg/s],LIVINGZONE:CHICAGO MIDWAY AP ANN CLG .4% CONDNS DB=>MWB:Des Cool Mass Flow [kg/s],LIVINGZONE::Des Latent Heat Load [W],LIVINGZONE::Des Latent Cool Load [W],LIVINGZONE::Des Latent Heat Mass Flow [kg/s],LIVINGZONE::Des Latent Cool Mass Flow [kg/s],LIVINGZONE::Des Heat Load No DOAS [W],LIVINGZONE::Des Sens Cool Load No DOAS [W],LIVINGZONE::Des Latent Heat Load No DOAS [W],LIVINGZONE::Des Latent Cool Load No DOAS [W],LIVINGZONE:CHICAGO MIDWAY AP ANN HTG 99.6% CONDNS DB:Heating Zone Temperature [C],LIVINGZONE:CHICAGO MIDWAY AP ANN HTG 99.6% CONDNS DB:Heating Zone Relative Humidity [%],LIVINGZONE:CHICAGO MIDWAY AP ANN CLG .4% CONDNS DB=>MWB:Cooling Zone Temperature [C],LIVINGZONE:CHICAGO MIDWAY AP ANN CLG .4% CONDNS DB=>MWB:Cooling Zone Relative Humidity [%]
00:01:00,8.015111E+03,1.028527E+03,5.580759E-01,9.083284E-02,0.000000E+00,0.000000E+00,0.000000E+00,0.000000E+00,0.000000E+00,0.000000E+00,0.000000E+00,0.000000E+00,2.110805E+01,7.995190E+01,2.388829E+01,6.316932E+01
00:02:00,8.015111E+03,1.026217E+03,5.580758E-01,9.062877E-02,0.000000E+00,0.000000E+00,0.000000E+00,0.000000E+00,0.000000E+00,0.000000E+00,0.000000E+00,0.000000E+00,2.110805E+01,7.995190E+01,2.388829E+01,6.319142E+01
00:03:00,8.015110E+03,1.023912E+03,5.580758E-01,9.042525E-02,0.000000E+00,0.000000E+00,0.000000E+00,0.000000E+00,0.000000E+00,0.000000E+00,0.000000E+00,0.000000E+00,2.110805E+01,7.995190E+01,2.388829E+01,6.321349E+01
00:04:00,8.015110E+03,1.021614E+03,5.580758E-01,9.022226E-02,0.000000E+00,0.000000E+00,0.000000E+00,0.000000E+00,0.000000E+00,0.000000E+00,0.000000E+00,0.000000E+00,2.110805E+01,7.995190E+01,2.388829E+01,6.323551E+01
00:05:00,8.015110E+03,1.019321E+03,5.580758E-01,9.001980E-02,0.000000E+00,0.000000E+00,0.000000E+00,0.000000E+00,0.000000E+00,0.000000E+00,0.000000E+00,0.000000E+00,2.110805E+01,7.995190E+01,2.388829E+01,6.325750E+01
00:06:00,8.015110E+03,1.017035E+03,5.580758E-01,8.981789E-02,0.000000E+00,0.000000E+00,0.000000E+00,0.000000E+00,0.000000E+00,0.000000E+00,0.000000E+00,0.000000E+00,2.110805E+01,7.995190E+01,2.388829E+01,6.327945E+01
00:07:00,8.015110E+03,1.014755E+03,5.580758E-01,8.961651E-02,0.000000E+00,0.000000E+00,0.000000E+00,0.000000E+00,0.000000E+00,0.000000E+00,0.000000E+00,0.000000E+00,2.110805E+01,7.995190E+01,2.388829E+01,6.330137E+01
00:08:00,8.015110E+03,1.012481E+03,5.580758E-01,8.941567E-02,0.000000E+00,0.000000E+00,0.000000E+00,0.000000E+00,0.000000E+00,0.000000E+00,0.000000E+00,0.000000E+00,2.110805E+01,7.995190E+01,2.388829E+01,6.332325E+01
00:09:00,8.015110E+03,1.010213E+03,5.580758E-01,8.921536E-02,0.000000E+00,0.000000E+00,0.000000E+00,0.000000E+00,0.000000E+00,0.000000E+00,0.000000E+00,0.000000E+00,2.110805E+01,7.995190E+01,2.388830E+01,6.334509E+01
00:10:00,8.015110E+03,1.007951E+03,5.580758E-01,8.901559E-02,0.000000E+00,0.000000E+00,0.000000E+00,0.000000E+00,0.000000E+00,0.000000E+00,0.000000E+00,0.000000E+00,2.110805E+01,7.995190E+01,2.388830E+01,6.336691E+01
00:11:00,8.015110E+03,1.005695E+03,5.580758E-01,8.881635E-02,0.000000E+00,0.000000E+00,0.000000E+00,0.000000E+00,0.000000E+00,0.000000E+00,0.000000E+00,0.000000E+00,2.110805E+01,7.995190E+01,2.388830E+01,6.338869E+01
00:12:00,8.015110E+03,1.003445E+03,5.580758E-01,8.861765E-02,0.000000E+00,0.000000E+00,0.000000E+00,0.000000E+00,0.000000E+00,0.000000E+00,0.000000E+00,0.000000E+00,2.110805E+01,7.995190E+01,2.388830E+01,6.341045E+01
00:13:00,8.015110E+03,1.001201E+03,5.580758E-01,8.841947E-02,0.000000E+00,0.000000E+00,0.000000E+00,0.000000E+00,0.000000E+00,0.000000E+00,0.000000E+00,0.000000E+00,2.110805E+01,7.995190E+01,2.388830E+01,6.343218E+01
00:14:00,8.015110E+03,9.989630E+02,5.580758E-01,8.822183E-02,0.000000E+00,0.000000E+00,0.000000E+00,0.000000E+00,0.000000E+00,0.000000E+00,0.000000E+00,0.000000E+00,2.110805E+01,7.995190E+01,2.388830E+01,6.345388E+01
00:15:00,8.015110E+03,9.967311E+02,5.580758E-01,8.802472E-02,0.000000E+00,0.000000E+00,0.000000E+00,0.000000E+00,0.000000E+00,0.000000E+00,0.000000E+00,0.000000E+00,2.110805E+01,7.995190E+01,2.388830E+01,6.347556E+01
00:16:00,8.015110E+03,9.945053E+02,5.580758E-01,8.782814E-02,0.000000E+00,0.000000E+00,0.000000E+00,0.000000E+00,0.000000E+00,0.000000E+00,0.000000E+00,0.000000E+00,2.110805E+01,7.995190E+01,2.388830E+01,6.349720E+01
00:17:00,8.015110E+03,9.922854E+02,5.580758E-01,8.763209E-02,0.000000E+00,0.000000E+00,0.000000E+00,0.000000E+00,0.000000E+00,0.000000E+00,0.000000E+00,0.000000E+00,2.110805E+01,7.995190E+01,2.388830E+01,6.351883E+01
00:18:00,8.015110E+03,9.900715E+02,5.580758E-01,8.743657E-02,0.000000E+00,0.000000E+00,0.000000E+00,0.000000E+00,0.000000E+00,0.000000E+00,0.000000E+00,0.000000E+00,2.110805E+01,7.995190E+01,2.388830E+01,6.354044E+01
00:19:00,8.015110E+03,9.878635E+02,5.580758E-01,8.724157E-02,0.000000E+00,0.000000E+00,0.000000E+00,0.000000E+00,0.000000E+00,0.000000E+00,0.000000E+00,0.000000E+00,2.110805E+01,7.995190E+01,2.388830E+01,6.356202E+01
00:20:00,8.015110E+03,9.856616E+02,5.580758E-01,8.704710E-02,0.000000E+00,0.000000E+00,0.000000E+00,0.000000E+00,0.000000E+00,0.000000E+00,0.000000E+00,0.000000E+00,2.110805E+01,7.995190E+01,2.388830E+01,6.358358E+01
00:21:00,8.015110E+03,9.834656E+02,5.580758E-01,8.685316E-02,0.000000E+00,0.000000E+00,0.000000E+00,0.000000E+00,0.000000E+00,0.000000E+00,0.000000E+00,0.000000E+00,2.110805E+01,7.995190E+01,2.388830E+01,6.360512E+01
00:22:00,8.015110E+03,9.812755E+02,5.580758E-01,8.665974E-02,0.000000E+00,0.000000E+00,0.000000E+00,0.000000E+00,0.000000E+00,0.000000E+00,0.000000E+00,0.000000E+00,2.110805E+01,7.995190E+01,2.388830E+01,6.362664E+01
00:23:00,8.015110E+03,9.790914E+02,5.580758E-01,8.646685E-02,0.000000E+00,0.000000E+00,0.000000E+00,0.000000E+00,0.000000E+00,0.000000E+00,0.000000E+00,0.000000E+00,2.110805E+01,7.995190E+01,2.388831E+01,6.364814E+01
00:24:00,8.015110E+03,9.769132E+02,5.580758E-01,8.627448E-02,0.000000E+00,0.000000E+00,0.000000E+00,0.000000E+00,0.000000E+00,0.000000E+00,0.000000E+00,0.000000E+00,2.110805E+01,7.995190E+01,2.388831E+01,6.366963E+01
00:25:00,8.015109E+03,9.747409E+02,5.580758E-01,8.608263E-02,0.000000E+00,0.000000E+00,0.000000E+00,0.000000E+00,0.000000E+00,0.000000E+00,0.000000E+00,0.000000E+00,2.110805E+01,7.995190E+01,2.388831E+01,6.369110E+01
00:26:00,8.015109E+03,9.725745E+02,5.580758E-01,8.589131E-02,0.000000E+00,0.000000E+00,0.000000E+00,0.000000E+00,0.000000E+00,0.000000E+00,0.000000E+00,0.000000E+00,2.110805E+01,7.995190E+01,2.388831E+01,6.371255E+01
00:27:00,8.015109E+03,9.704141E+02,5.580758E-01,8.570050E-02,0.000000E+00,0.000000E+00,0.000000E+00,0.000000E+00,0.000000E+00,0.000000E+00,0.000000E+00,0.000000E+00,2.110805E+01,7.995190E+01,2.388831E+01,6.373398E+01
00:28:00,8.015109E+03,9.682595E+02,5.580758E-01,8.551022E-02,0.000000E+00,0.000000E+00,0.000000E+00,0.000000E+00,0.000000E+00,0.000000E+00,0.000000E+00,0.000000E+00,2.110805E+01,7.995190E+01,2.388831E+01,6.375540E+01
00:29:00,8.015109E+03,9.661108E+02,5.580758E-01,8.532045E-02,0.000000E+00,0.000000E+00,0.000000E+00,0.000000E+00,0.000000E+00,0.000000E+00,0.000000E+00,0.000000E+00,2.110805E+01,7.995190E+01,2.388831E+01,6.377682E+01
00:30:00,8.015109E+03,9.639679E+02,5.580758E-01,8.513121E-02,0.000000E+00,0.000000E+00,0.000000E+00,0.000000E+00,0.000000E+00,0.000000E+00,0.000000E+00,0.000000E+00,2.110805E+01,7.995190E+01,2.388831E+01,6.379821E+01
00:31:00,8.015109E+03,9.618310E+02,5.580758E-01,8.494248E-02,0.000000E+00,0.000000E+00,0.000000E+00,0.000000E+00,0.000000E+00,0.000000E+00,0.000000E+00,0.000000E+00,2.110805E+01,7.995190E+01,2.388831E+01,6.381959E+01
00:32:00,8.015109E+03,9.596999E+02,5.580758E-01,8.475427E-02,0.000000E+00,0.000000E+00,0.000000E+00,0.000000E+00,0.000000E+00,0.000000E+00,0.000000E+00,0.000000E+00,2.110805E+01,7.995190E+01,2.388831E+01,6.384096E+01
00:33:00,8.015109E+03,9.575746E+02,5.580757E-01,8.456657E-02,0.000000E+00,0.000000E+00,0.000000E+00,0.000000E+00,0.000000E+00,0.000000E+00,0.000000E+00,0.000000E+00,2.110805E+01,7.995190E+01,2.388831E+01,6.386232E+01
00:34:00,8.015109E+03,9.554551E+02,5.580757E-01,8.437939E-02,0.000000E+00,0.000000E+00,0.000000E+00,0.000000E+00,0.000000E+00,0.000000E+00,0.000000E+00,0.000000E+00,2.110805E+01,7.995190E+01,2.388831E+01,6.388367E+01
00:35:00,8.015109E+03,9.533415E+02,5.580757E-01,8.419272E-02,0.000000E+00,0.000000E+00,0.000000E+00,0.000000E+00,0.000000E+00,0.000000E+00,0.000000E+00,0.000000E+00,2.110805E+01,7.995190E+01,2.388831E+01,6.390500E+01
00:36:00,8.015109E+03,9.512337E+02,5.580757E-01,8.400657E-02,0.000000E+00,0.000000E+00,0.000000E+00,0.000000E+00,0.000000E+00,0.000000E+00,0.000000E+00,0.000000E+00,2.110805E+01,7.995190E+01,2.388831E+01,6.392633E+01
00:37:00,8.015109E+03,9.491317E+02,5.580757E-01,8.382093E-02,0.000000E+00,0.000000E+00,0.000000E+00,0.000000E+00,0.000000E+00,0.000000E+00,0.000000E+00,0.000000E+00,2.110805E+01,7.995190E+01,2.388831E+01,6.394765E+01
00:38:00,8.015109E+03,9.470355E+02,5.580757E-01,8.363580E-02,0.000000E+00,0.000000E+00,0.000000E+00,0.000000E+00,0.000000E+00,0.000000E+00,0.000000E+00,0.000000E+00,2.110805E+01,7.995190E+01,2.388832E+01,6.396896E+01
00:39:00,8.015109E+03,9.449450E+02,5.580757E-01,8.345118E-02,0.000000E+00,0.000000E+00,0.000000E+00,0.000000E+00,0.000000E+00,0.000000E+00,0.000000E+00,0.000000E+00,2.110805E+01,7.995190E+01,2.388832E+01,6.399026E+01
00:40:00,8.015109E+03,9.428604E+02,5.580757E-01,8.326707E-02,0.000000E+00,0.000000E+00,0.000000E+00,0.000000E+00,0.000000E+00,0.000000E+00,0.000000E+00,0.000000E+00,2.110805E+01,7.995190E+01,2.388832E+01,6.401156E+01
00:41:00,8.015109E+03,9.407815E+02,5.580757E-01,8.308348E-02,0.000000E+00,0.000000E+00,0.000000E+00,0.000000E+00,0.000000E+00,0.000000E+00,0.000000E+00,0.000000E+00,2.110805E+01,7.995190E+01,2.388832E+01,6.403285E+01
00:42:00,8.015109E+03,9.387084E+02,5.580757E-01,8.290038E-02,0.000000E+00,0.000000E+00,0.000000E+00,0.000000E+00,0.000000E+00,0.000000E+00,0.000000E+00,0.000000E+00,2.110805E+01,7.995190E+01,2.388832E+01,6.405413E+01
00:43:00,8.015109E+03,9.366410E+02,5.580757E-01,8.271780E-02,0.000000E+00,0.000000E+00,0.000000E+00,0.000000E+00,0.000000E+00,0.000000E+00,0.000000E+00,0.000000E+00,2.110805E+01,7.995190E+01,2.388832E+01,6.407540E+01
00:44:00,8.015109E+03,9.345793E+02,5.580757E-01,8.253572E-02,0.000000E+00,0.000000E+00,0.000000E+00,0.000000E+00,0.000000E+00,0.000000E+00,0.000000E+00,0.000000E+00,2.110805E+01,7.995190E+01,2.388832E+01,6.409667E+01
00:45:00,8.015109E+03,9.325234E+02,5.580757E-01,8.235415E-02,0.000000E+00,0.000000E+00,0.000000E+00,0.000000E+00,0.000000E+00,0.000000E+00,0.000000E+00,0.000000E+00,2.110805E+01,7.995190E+01,2.388832E+01,6.411793E+01
00:46:00,8.015109E+03,9.304731E+02,5.580757E-01,8.217309E-02,0.000000E+00,0.000000E+00,0.000000E+00,0.000000E+00,0.000000E+00,0.000000E+00,0.000000E+00,0.000000E+00,2.110805E+01,7.995190E+01,2.388832E+01,6.413919E+01
00:47:00,8.015108E+03,9.284286E+02,5.580757E-01,8.199252E-02,0.000000E+00,0.000000E+00,0.000000E+00,0.000000E+00,0.000000E+00,0.000000E+00,0.000000E+00,0.000000E+00,2.110805E+01,7.995190E+01,2.388832E+01,6.416044E+01
00:48:00,8.015108E+03,9.263898E+02,5.580757E-01,8.181246E-02,0.000000E+00,0.000000E+00,0.000000E+00,0.000000E+00,0.000000E+00,0.000000E+00,0.000000E+00,0.000000E+00,2.110805E+01,7.995190E+01,2.388832E+01,6.418169E+01
00:49:00,8.015108E+03,9.243567E+02,5.580757E-01,8.163291E-02,0.000000E+00,0.000000E+00,0.000000E+00,0.000000E+00,0.000000E+00,0.000000E+00,0.000000E+00,0.000000E+00,2.110805E+01,7.995190E+01,2.388832E+01,6.420294E+01
00:50:00,8.015108E+03,9.223292E+02,5.580757E-01,8.145385E-02,0.000000E+00,0.000000E+00,0.000000E+00,0.000000E+00,0.000000E+00,0.000000E+00,0.000000E+00,0.000000E+00,2.110805E+01,7.995190E+01,2.388832E+01,6.422419E+01
00:51:00,8.015108E+03,9.203075E+02,5.580757E-01,8.127530E-02,0.000000E+00,0.000000E+00,0.000000E+00,0.000000E+00,0.000000E+00,0.000000E+00,0.000000E+00,0.000000E+00,2.110805E+01,7.995190E+01,2.388833E+01,6.424542E+01
00:52:00,8.015108E+03,9.182913E+02,5.580757E-01,8.109724E-02,0.000000E+00,0.000000E+00,0.000000E+00,0.000000E+00,0.000000E+00,0.000000E+00,0.000000E+00,0.000000E+00,2.110805E+01,7.995190E+01,2.388833E+01,6.426666E+01
00:53:00,8.015108E+03,9.162809E+02,5.580757E-01,8.091968E-02,0.000000E+00,0.000000E+00,0.000000E+00,0.000000E+00,0.000000E+00,0.000000E+00,0.000000E+00,0.000000E+00,2.110805E+01,7.995190E+01,2.388833E+01,6.428790E+01
00:54:00,8.015108E+03,9.142760E+02,5.580757E-01,8.074263E-02,0.000000E+00,0.000000E+00,0.000000E+00,0.000000E+00,0.000000E+00,0.000000E+00,0.000000E+00,0.000000E+00,2.110805E+01,7.995190E+01,2.388833E+01,6.430913E+01
00:55:00,8.015108E+03,9.122769E+02,5.580757E-01,8.056607E-02,0.000000E+00,0.000000E+00,0.000000E+00,0.000000E+00,0.000000E+00,0.000000E+00,0.000000E+00,0.000000E+00,2.110805E+01,7.995190E+01,2.388833E+01,6.433036E+01
00:56:00,8.015108E+03,9.102833E+02,5.580757E-01,8.039000E-02,0.000000E+00,0.000000E+00,0.000000E+00,0.000000E+00,0.000000E+00,0.000000E+00,0.000000E+00,0.000000E+00,2.110805E+01,7.995190E+01,2.388833E+01,6.435159E+01
00:57:00,8.015108E+03,9.082953E+02,5.580757E-01,8.021443E-02,0.000000E+00,0.000000E+00,0.000000E+00,0.000000E+00,0.000000E+00,0.000000E+00,0.000000E+00,0.000000E+00,2.110805E+01,7.995190E+01,2.388833E+01,6.437283E+01
00:58:00,8.015108E+03,9.063130E+02,5.580757E-01,8.003936E-02,0.000000E+00,0.000000E+00,0.000000E+00,0.000000E+00,0.000000E+00,0.000000E+00,0.000000E+00,0.000000E+00,2.110805E+01,7.995190E+01,2.388833E+01,6.439405E+01
00:59:00,8.015108E+03,9.043362E+02,5.580757E-01,7.986478E-02,0.000000E+00,0.000000E+00,0.000000E+00,0.000000E+00,0.000000E+00,0.000000E+00,0.000000E+00,0.000000E+00,2.110805E+01,7.995190E+01,2.388833E+01,6.441528E+01
01:00:00,8.015108E+03,9.023650E+02,5.580757E-01,7.969069E-02,0.000000E+00,0.000000E+00,0.000000E+00,0.000000E+00,0.000000E+00,0.000000E+00,0.000000E+00,0.000000E+00,2.110805E+01,7.995190E+01,2.388833E+01,6.443651E+01
01:01:00,8.015108E+03,9.004025E+02,5.580757E-01,7.951737E-02,0.000000E+00,0.000000E+00,0.000000E+00,0.000000E+00,0.000000E+00,0.000000E+00,0.000000E+00,0.000000E+00,2.110805E+01,7.995190E+01,2.388833E+01,6.445774E+01
01:02:00,8.015108E+03,8.984483E+02,5.580757E-01,7.934479E-02,0.000000E+00,0.000000E+00,0.000000E+00,0.000000E+00,0.000000E+00,0.000000E+00,0.000000E+00,0.000000E+00,2.110805E+01,7.995190E+01,2.388833E+01,6.447891E+01
01:03:00,8.015108E+03,8.965025E+02,5.580757E-01,7.917295E-02,0.000000E+00,0.000000E+00,0.000000E+00,0.000000E+00,0.000000E+00,0.000000E+00,0.000000E+00,0.000000E+00,2.110805E+01,7.995190E+01,2.388833E+01,6.449998E+01
01:04:00,8.015108E+03,8.945652E+02,5.580757E-01,7.900185E-02,0.000000E+00,0.000000E+00,0.000000E+00,0.000000E+00,0.000000E+00,0.000000E+00,0.000000E+00,0.000000E+00,2.110805E+01,7.995190E+01,2.388833E+01,6.452095E+01
01:05:00,8.015108E+03,8.926362E+02,5.580757E-01,7.883149E-02,0.000000E+00,0.000000E+00,0.000000E+00,0.000000E+00,0.000000E+00,0.000000E+00,0.000000E+00,0.000000E+00,2.110805E+01,7.995190E+01,2.388833E+01,6.454181E+01
01:06:00,8.015108E+03,8.907156E+02,5.580757E-01,7.866187E-02,0.000000E+00,0.000000E+00,0.000000E+00,0.000000E+00,0.000000E+00,0.000000E+00,0.000000E+00,0.000000E+00,2.110805E+01,7.995190E+01,2.388833E+01,6.456258E+01
01:07:00,8.015108E+03,8.888033E+02,5.580757E-01,7.849298E-02,0.000000E+00,0.000000E+00,0.000000E+00,0.000000E+00,0.000000E+00,0.000000E+00,0.000000E+00,0.000000E+00,2.110805E+01,7.995190E+01,2.388834E+01,6.458324E+01
01:08:00,8.015108E+03,8.868994E+02,5.580757E-01,7.832484E-02,0.000000E+00,0.000000E+00,0.000000E+00,0.000000E+00,0.000000E+00,0.000000E+00,0.000000E+00,0.000000E+00,2.110805E+01,7.995190E+01,2.388834E+01,6.460382E+01
01:09:00,8.015108E+03,8.850039E+02,5.580757E-01,7.815744E-02,0.000000E+00,0.000000E+00,0.000000E+00,0.000000E+00,0.000000E+00,0.000000E+00,0.000000E+00,0.000000E+00,2.110805E+01,7.995190E+01,2.388834E+01,6.462430E+01
01:10:00,8.015108E+03,8.831167E+02,5.580757E-01,7.799077E-02,0.000000E+00,0.000000E+00,0.000000E+00,0.000000E+00,0.000000E+00,0.000000E+00,0.000000E+00,0.000000E+00,2.110805E+01,7.995190E+01,2.388834E+01,6.464470E+01
01:11:00,8.015108E+03,8.812378E+02,5.580757E-01,7.782483E-02,0.000000E+00,0.000000E+00,0.000000E+00,0.000000E+00,0.000000E+00,0.000000E+00,0.000000E+00,0.000000E+00,2.110805E+01,7.995190E+01,2.388834E+01,6.466501E+01
01:12:00,8.015108E+03,8.793673E+02,5.580757E-01,7.765964E-02,0.000000E+00,0.000000E+00,0.000000E+00,0.000000E+00,0.000000E+00,0.000000E+00,0.000000E+00,0.000000E+00,2.110805E+01,7.995190E+01,2.388834E+01,6.468524E+01
01:13:00,8.015108E+03,8.775051E+02,5.580757E-01,7.749517E-02,0.000000E+00,0.000000E+00,0.000000E+00,0.000000E+00,0.000000E+00,0.000000E+00,0.000000E+00,0.000000E+00,2.110805E+01,7.995190E+01,2.388834E+01,6.470539E+01
01:14:00,8.015108E+03,8.756512E+02,5.580757E-01,7.733144E-02,0.000000E+00,0.000000E+00,0.000000E+00,0.000000E+00,0.000000E+00,0.000000E+00,0.000000E+00,0.000000E+00,2.110805E+01,7.995190E+01,2.388834E+01,6.472546E+01
01:15:00,8.015108E+03,8.738056E+02,5.580757E-01,7.716845E-02,0.000000E+00,0.000000E+00,0.000000E+00,0.000000E+00,0.000000E+00,0.000000E+00,0.000000E+00,0.000000E+00,2.110805E+01,7.995190E+01,2.388834E+01,6.474546E+01
01:16:00,8.015108E+03,8.719683E+02,5.580757E-01,7.700619E-02,0.000000E+00,0.000000E+00,0.000000E+00,0.000000E+00,0.000000E+00,0.000000E+00,0.000000E+00,0.000000E+00,2.110805E+01,7.995190E+01,2.388834E+01,6.476538E+01
01:17:00,8.015108E+03,8.701393E+02,5.580757E-01,7.684466E-02,0.000000E+00,0.000000E+00,0.000000E+00,0.000000E+00,0.000000E+00,0.000000E+00,0.000000E+00,0.000000E+00,2.110805E+01,7.995190E+01,2.388834E+01,6.478523E+01
01:18:00,8.015108E+03,8.683185E+02,5.580757E-01,7.668386E-02,0.000000E+00,0.000000E+00,0.000000E+00,0.000000E+00,0.000000E+00,0.000000E+00,0.000000E+00,0.000000E+00,2.110805E+01,7.995190E+01,2.388834E+01,6.480501E+01
01:19:00,8.015108E+03,8.665061E+02,5.580757E-01,7.652379E-02,0.000000E+00,0.000000E+00,0.000000E+00,0.000000E+00,0.000000E+00,0.000000E+00,0.000000E+00,0.000000E+00,2.110805E+01,7.995190E+01,2.388834E+01,6.482472E+01
01:20:00,8.015108E+03,8.647019E+02,5.580757E-01,7.636445E-02,0.000000E+00,0.000000E+00,0.000000E+00,0.000000E+00,0.000000E+00,0.000000E+00,0.000000E+00,0.000000E+00,2.110805E+01,7.995190E+01,2.388834E+01,6.484437E+01
01:21:00,8.015108E+03,8.629059E+02,5.580757E-01,7.620584E-02,0.000000E+00,0.000000E+00,0.000000E+00,0.000000E+00,0.000000E+00,0.000000E+00,0.000000E+00,0.000000E+00,2.110805E+01,7.995190E+01,2.388834E+01,6.486396E+01
01:22:00,8.015108E+03,8.611182E+02,5.580757E-01,7.604796E-02,0.000000E+00,0.000000E+00,0.000000E+00,0.000000E+00,0.000000E+00,0.000000E+00,0.000000E+00,0.000000E+00,2.110805E+01,7.995190E+01,2.388834E+01,6.488348E+01
01:23:00,8.015108E+03,8.593388E+02,5.580757E-01,7.589080E-02,0.000000E+00,0.000000E+00,0.000000E+00,0.000000E+00,0.000000E+00,0.000000E+00,0.000000E+00,0.000000E+00,2.110805E+01,7.995190E+01,2.388834E+01,6.490294E+01
01:24:00,8.015108E+03,8.575676E+02,5.580757E-01,7.573438E-02,0.000000E+00,0.000000E+00,0.000000E+00,0.000000E+00,0.000000E+00,0.000000E+00,0.000000E+00,0.000000E+00,2.110805E+01,7.995190E+01,2.388834E+01,6.492234E+01
01:25:00,8.015108E+03,8.558046E+02,5.580757E-01,7.557868E-02,0.000000E+00,0.000000E+00,0.000000E+00,0.000000E+00,0.000000E+00,0.000000E+00,0.000000E+00,0.000000E+00,2.110805E+01,7.995190E+01,2.388835E+01,6.494169E+01
01:26:00,8.015108E+03,8.540498E+02,5.580757E-01,7.542371E-02,0.000000E+00,0.000000E+00,0.000000E+00,0.000000E+00,0.000000E+00,0.000000E+00,0.000000E+00,0.000000E+00,2.110805E+01,7.995190E+01,2.388835E+01,6.496098E+01
01:27:00,8.015108E+03,8.523033E+02,5.580757E-01,7.526946E-02,0.000000E+00,0.000000E+00,0.000000E+00,0.000000E+00,0.000000E+00,0.000000E+00,0.000000E+00,0.000000E+00,2.110805E+01,7.995190E+01,2.388835E+01,6.498022E+01
01:28:00,8.015108E+03,8.505650E+02,5.580757E-01,7.511594E-02,0.000000E+00,0.000000E+00,0.000000E+00,0.000000E+00,0.000000E+00,0.000000E+00,0.000000E+00,0.000000E+00,2.110805E+01,7.995190E+01,2.388835E+01,6.499941E+01
01:29:00,8.015108E+03,8.488348E+02,5.580757E-01,7.496314E-02,0.000000E+00,0.000000E+00,0.000000E+00,0.000000E+00,0.000000E+00,0.000000E+00,0.000000E+00,0.000000E+00,2.110805E+01,7.995190E+01,2.388835E+01,6.501854E+01
01:30:00,8.015108E+03,8.471129E+02,5.580757E-01,7.481107E-02,0.000000E+00,0.000000E+00,0.000000E+00,0.000000E+00,0.000000E+00,0.000000E+00,0.000000E+00,0.000000E+00,2.110805E+01,7.995190E+01,2.388835E+01,6.503762E+01
01:31:00,8.015108E+03,8.453991E+02,5.580757E-01,7.465972E-02,0.000000E+00,0.000000E+00,0.000000E+00,0.000000E+00,0.000000E+00,0.000000E+00,0.000000E+00,0.000000E+00,2.110805E+01,7.995190E+01,2.388835E+01,6.505666E+01
01:32:00,8.015108E+03,8.436936E+02,5.580757E-01,7.450909E-02,0.000000E+00,0.000000E+00,0.000000E+00,0.000000E+00,0.000000E+00,0.000000E+00,0.000000E+00,0.000000E+00,2.110805E+01,7.995190E+01,2.388835E+01,6.507565E+01
01:33:00,8.015108E+03,8.419962E+02,5.580757E-01,7.435918E-02,0.000000E+00,0.000000E+00,0.000000E+00,0.000000E+00,0.000000E+00,0.000000E+00,0.000000E+00,0.000000E+00,2.110805E+01,7.995190E+01,2.388835E+01,6.509459E+01
01:34:00,8.015108E+03,8.403070E+02,5.580757E-01,7.421000E-02,0.000000E+00,0.000000E+00,0.000000E+00,0.000000E+00,0.000000E+00,0.000000E+00,0.000000E+00,0.000000E+00,2.110805E+01,7.995190E+01,2.388835E+01,6.511349E+01
01:35:00,8.015108E+03,8.386259E+02,5.580757E-01,7.406154E-02,0.000000E+00,0.000000E+00,0.000000E+00,0.000000E+00,0.000000E+00,0.000000E+00,0.000000E+00,0.000000E+00,2.110805E+01,7.995190E+01,2.388835E+01,6.513235E+01
01:36:00,8.015108E+03,8.369530E+02,5.580757E-01,7.391379E-02,0.000000E+00,0.000000E+00,0.000000E+00,0.000000E+00,0.000000E+00,0.000000E+00,0.000000E+00,0.000000E+00,2.110805E+01,7.995190E+01,2.388835E+01,6.515116E+01
01:37:00,8.015108E+03,8.352882E+02,5.580757E-01,7.376677E-02,0.000000E+00,0.000000E+00,0.000000E+00,0.000000E+00,0.000000E+00,0.000000E+00,0.000000E+00,0.000000E+00,2.110805E+01,7.995190E+01,2.388835E+01,6.516994E+01
01:38:00,8.015108E+03,8.336316E+02,5.580757E-01,7.362046E-02,0.000000E+00,0.000000E+00,0.000000E+00,0.000000E+00,0.000000E+00,0.000000E+00,0.000000E+00,0.000000E+00,2.110805E+01,7.995190E+01,2.388835E+01,6.518867E+01
01:39:00,8.015108E+03,8.319831E+02,5.580757E-01,7.347488E-02,0.000000E+00,0.000000E+00,0.000000E+00,0.000000E+00,0.000000E+00,0.000000E+00,0.000000E+00,0.000000E+00,2.110805E+01,7.995190E+01,2.388835E+01,6.520737E+01
01:40:00,8.015108E+03,8.303428E+02,5.580757E-01,7.333001E-02,0.000000E+00,0.000000E+00,0.000000E+00,0.000000E+00,0.000000E+00,0.000000E+00,0.000000E+00,0.000000E+00,2.110805E+01,7.995190E+01,2.388835E+01,6.522603E+01
01:41:00,8.015108E+03,8.287106E+02,5.580757E-01,7.318586E-02,0.000000E+00,0.000000E+00,0.000000E+00,0.000000E+00,0.000000E+00,0.000000E+00,0.000000E+00,0.000000E+00,2.110805E+01,7.995190E+01,2.388835E+01,6.524465E+01
01:42:00,8.015108E+03,8.270865E+02,5.580757E-01,7.304243E-02,0.000000E+00,0.000000E+00,0.000000E+00,0.000000E+00,0.000000E+00,0.000000E+00,0.000000E+00,0.000000E+00,2.110805E+01,7.995190E+01,2.388835E+01,6.526323E+01
01:43:00,8.015108E+03,8.254705E+02,5.580757E-01,7.289971E-02,0.000000E+00,0.000000E+00,0.000000E+00,0.000000E+00,0.000000E+00,0.000000E+00,0.000000E+00,0.000000E+00,2.110805E+01,7.995190E+01,2.388836E+01,6.528179E+01
01:44:00,8.015108E+03,8.238626E+02,5.580757E-01,7.275771E-02,0.000000E+00,0.000000E+00,0.000000E+00,0.000000E+00,0.000000E+00,0.000000E+00,0.000000E+00,0.000000E+00,2.110805E+01,7.995190E+01,2.388836E+01,6.530031E+01
01:45:00,8.015108E+03,8.222628E+02,5.580757E-01,7.261642E-02,0.000000E+00,0.000000E+00,0.000000E+00,0.000000E+00,0.000000E+00,0.000000E+00,0.000000E+00,0.000000E+00,2.110805E+01,7.995190E+01,2.388836E+01,6.531879E+01
01:46:00,8.015108E+03,8.206711E+02,5.580757E-01,7.247585E-02,0.000000E+00,0.000000E+00,0.000000E+00,0.000000E+00,0.000000E+00,0.000000E+00,0.000000E+00,0.000000E+00,2.110805E+01,7.995190E+01,2.388836E+01,6.533725E+01
01:47:00,8.015108E+03,8.190875E+02,5.580757E-01,7.233600E-02,0.000000E+00,0.000000E+00,0.000000E+00,0.000000E+00,0.000000E+00,0.000000E+00,0.000000E+00,0.000000E+00,2.110805E+01,7.995190E+01,2.388836E+01,6.535567E+01
01:48:00,8.015108E+03,8.175120E+02,5.580757E-01,7.219685E-02,0.000000E+00,0.000000E+00,0.000000E+00,0.000000E+00,0.000000E+00,0.000000E+00,0.000000E+00,0.000000E+00,2.110805E+01,7.995190E+01,2.388836E+01,6.537406E+01
01:49:00,8.015108E+03,8.159446E+02,5.580757E-01,7.205843E-02,0.000000E+00,0.000000E+00,0.000000E+00,0.000000E+00,0.000000E+00,0.000000E+00,0.000000E+00,0.000000E+00,2.110805E+01,7.995190E+01,2.388836E+01,6.539242E+01
01:50:00,8.015108E+03,8.143852E+02,5.580757E-01,7.192071E-02,0.000000E+00,0.000000E+00,0.000000E+00,0.000000E+00,0.000000E+00,0.000000E+00,0.000000E+00,0.000000E+00,2.110805E+01,7.995190E+01,2.388836E+01,6.541076E+01
01:51:00,8.015108E+03,8.128339E+02,5.580757E-01,7.178371E-02,0.000000E+00,0.000000E+00,0.000000E+00,0.000000E+00,0.000000E+00,0.000000E+00,0.000000E+00,0.000000E+00,2.110805E+01,7.995190E+01,2.388836E+01,6.542906E+01
01:52:00,8.015108E+03,8.112907E+02,5.580757E-01,7.164742E-02,0.000000E+00,0.000000E+00,0.000000E+00,0.000000E+00,0.000000E+00,0.000000E+00,0.000000E+00,0.000000E+00,2.110805E+01,7.995190E+01,2.388836E+01,6.544734E+01
01:53:00,8.015108E+03,8.097555E+02,5.580757E-01,7.151184E-02,0.000000E+00,0.000000E+00,0.000000E+00,0.000000E+00,0.000000E+00,0.000000E+00,0.000000E+00,0.000000E+00,2.110805E+01,7.995190E+01,2.388836E+01,6.546560E+01
01:54:00,8.015108E+03,8.082284E+02,5.580757E-01,7.137697E-02,0.000000E+00,0.000000E+00,0.000000E+00,0.000000E+00,0.000000E+00,0.000000E+00,0.000000E+00,0.000000E+00,2.110805E+01,7.995190E+01,2.388836E+01,6.548382E+01
01:55:00,8.015108E+03,8.067093E+02,5.580757E-01,7.124281E-02,0.000000E+00,0.000000E+00,0.000000E+00,0.000000E+00,0.000000E+00,0.000000E+00,0.000000E+00,0.000000E+00,2.110805E+01,7.995190E+01,2.388836E+01,6.550202E+01
01:56:00,8.015108E+03,8.051983E+02,5.580757E-01,7.110936E-02,0.000000E+00,0.000000E+00,0.000000E+00,0.000000E+00,0.000000E+00,0.000000E+00,0.000000E+00,0.000000E+00,2.110805E+01,7.995190E+01,2.388836E+01,6.552020E+01
01:57:00,8.015108E+03,8.036953E+02,5.580757E-01,7.097663E-02,0.000000E+00,0.000000E+00,0.000000E+00,0.000000E+00,0.000000E+00,0.000000E+00,0.000000E+00,0.000000E+00,2.110805E+01,7.995190E+01,2.388836E+01,6.553835E+01
01:58:00,8.015108E+03,8.022003E+02,5.580757E-01,7.084460E-02,0.000000E+00,0.000000E+00,0.000000E+00,0.000000E+00,0.000000E+00,0.000000E+00,0.000000E+00,0.000000E+00,2.110805E+01,7.995190E+01,2.388836E+01,6.555648E+01
01:59:00,8.015108E+03,8.007134E+02,5.580757E-01,7.071328E-02,0.000000E+00,0.000000E+00,0.000000E+00,0.000000E+00,0.000000E+00,0.000000E+00,0.000000E+00,0.000000E+00,2.110805E+01,7.995190E+01,2.388836E+01,6.557459E+01
02:00:00,8.015108E+03,7.992345E+02,5.580757E-01,7.058267E-02,0.000000E+00,0.000000E+00,0.000000E+00,0.000000E+00,0.000000E+00,0.000000E+00,0.000000E+00,0.000000E+00,2.110805E+01,7.995190E+01,2.388836E+01,6.559267E+01
02:01:00,8.015108E+03,7.977607E+02,5.580757E-01,7.045251E-02,0.000000E+00,0.000000E+00,0.000000E+00,0.000000E+00,0.000000E+00,0.000000E+00,0.000000E+00,0.000000E+00,2.110805E+01,7.995190E+01,2.388837E+01,6.561074E+01
02:02:00,8.015108E+03,7.962921E+02,5.580757E-01,7.032281E-02,0.000000E+00,0.000000E+00,0.000000E+00,0.000000E+00,0.000000E+00,0.000000E+00,0.000000E+00,0.000000E+00,2.110805E+01,7.995190E+01,2.388837E+01,6.562874E+01
02:03:00,8.015108E+03,7.948287E+02,5.580757E-01,7.019357E-02,0.000000E+00,0.000000E+00,0.000000E+00,0.000000E+00,0.000000E+00,0.000000E+00,0.000000E+00,0.000000E+00,2.110805E+01,7.995190E+01,2.388837E+01,6.564669E+01
02:04:00,8.015108E+03,7.933704E+02,5.580757E-01,7.006479E-02,0.000000E+00,0.000000E+00,0.000000E+00,0.000000E+00,0.000000E+00,0.000000E+00,0.000000E+00,0.000000E+00,2.110805E+01,7.995190E+01,2.388837E+01,6.566455E+01
02:05:00,8.015108E+03,7.919173E+02,5.580757E-01,6.993646E-02,0.000000E+00,0.000000E+00,0.000000E+00,0.000000E+00,0.000000E+00,0.000000E+00,0.000000E+00,0.000000E+00,2.110805E+01,7.995190E+01,2.388837E+01,6.568234E+01
02:06:00,8.015108E+03,7.904694E+02,5.580757E-01,6.980858E-02,0.000000E+00,0.000000E+00,0.000000E+00,0.000000E+00,0.000000E+00,0.000000E+00,0.000000E+00,0.000000E+00,2.110805E+01,7.995190E+01,2.388837E+01,6.570005E+01
02:07:00,8.015108E+03,7.890266E+02,5.580757E-01,6.968116E-02,0.000000E+00,0.000000E+00,0.000000E+00,0.000000E+00,0.000000E+00,0.000000E+00,0.000000E+00,0.000000E+00,2.110805E+01,7.995190E+01,2.388837E+01,6.571770E+01
02:08:00,8.015108E+03,7.875890E+02,5.580757E-01,6.955420E-02,0.000000E+00,0.000000E+00,0.000000E+00,0.000000E+00,0.000000E+00,0.000000E+00,0.000000E+00,0.000000E+00,2.110805E+01,7.995190E+01,2.388837E+01,6.573527E+01
02:09:00,8.015108E+03,7.861565E+02,5.580757E-01,6.942769E-02,0.000000E+00,0.000000E+00,0.000000E+00,0.000000E+00,0.000000E+00,0.000000E+00,0.000000E+00,0.000000E+00,2.110805E+01,7.995190E+01,2.388837E+01,6.575279E+01
02:10:00,8.015108E+03,7.847292E+02,5.580757E-01,6.930163E-02,0.000000E+00,0.000000E+00,0.000000E+00,0.000000E+00,0.000000E+00,0.000000E+00,0.000000E+00,0.000000E+00,2.110805E+01,7.995190E+01,2.388837E+01,6.577023E+01
02:11:00,8.015108E+03,7.833069E+02,5.580757E-01,6.917603E-02,0.000000E+00,0.000000E+00,0.000000E+00,0.000000E+00,0.000000E+00,0.000000E+00,0.000000E+00,0.000000E+00,2.110805E+01,7.995190E+01,2.388837E+01,6.578762E+01
02:12:00,8.015108E+03,7.818898E+02,5.580757E-01,6.905088E-02,0.000000E+00,0.000000E+00,0.000000E+00,0.000000E+00,0.000000E+00,0.000000E+00,0.000000E+00,0.000000E+00,2.110805E+01,7.995190E+01,2.388837E+01,6.580494E+01
02:13:00,8.015108E+03,7.804779E+02,5.580757E-01,6.892618E-02,0.000000E+00,0.000000E+00,0.000000E+00,0.000000E+00,0.000000E+00,0.000000E+00,0.000000E+00,0.000000E+00,2.110805E+01,7.995190E+01,2.388837E+01,6.582220E+01
02:14:00,8.015108E+03,7.790710E+02,5.580757E-01,6.880193E-02,0.000000E+00,0.000000E+00,0.000000E+00,0.000000E+00,0.000000E+00,0.000000E+00,0.000000E+00,0.000000E+00,2.110805E+01,7.995190E+01,2.388837E+01,6.583941E+01
02:15:00,8.015108E+03,7.776693E+02,5.580757E-01,6.867814E-02,0.000000E+00,0.000000E+00,0.000000E+00,0.000000E+00,0.000000E+00,0.000000E+00,0.000000E+00,0.000000E+00,2.110805E+01,7.995190E+01,2.388837E+01,6.585656E+01
02:16:00,8.015108E+03,7.762726E+02,5.580757E-01,6.855479E-02,0.000000E+00,0.000000E+00,0.000000E+00,0.000000E+00,0.000000E+00,0.000000E+00,0.000000E+00,0.000000E+00,2.110805E+01,7.995190E+01,2.388837E+01,6.587365E+01
02:17:00,8.015108E+03,7.748811E+02,5.580757E-01,6.843190E-02,0.000000E+00,0.000000E+00,0.000000E+00,0.000000E+00,0.000000E+00,0.000000E+00,0.000000E+00,0.000000E+00,2.110805E+01,7.995190E+01,2.388837E+01,6.589068E+01
02:18:00,8.015108E+03,7.734947E+02,5.580757E-01,6.830946E-02,0.000000E+00,0.000000E+00,0.000000E+00,0.000000E+00,0.000000E+00,0.000000E+00,0.000000E+00,0.000000E+00,2.110805E+01,7.995190E+01,2.388837E+01,6.590767E+01
02:19:00,8.015108E+03,7.721134E+02,5.580757E-01,6.818746E-02,0.000000E+00,0.000000E+00,0.000000E+00,0.000000E+00,0.000000E+00,0.000000E+00,0.000000E+00,0.000000E+00,2.110805E+01,7.995190E+01,2.388837E+01,6.592460E+01
02:20:00,8.015108E+03,7.707371E+02,5.580757E-01,6.806592E-02,0.000000E+00,0.000000E+00,0.000000E+00,0.000000E+00,0.000000E+00,0.000000E+00,0.000000E+00,0.000000E+00,2.110805E+01,7.995190E+01,2.388837E+01,6.594148E+01
02:21:00,8.015108E+03,7.693660E+02,5.580757E-01,6.794483E-02,0.000000E+00,0.000000E+00,0.000000E+00,0.000000E+00,0.000000E+00,0.000000E+00,0.000000E+00,0.000000E+00,2.110805E+01,7.995190E+01,2.388837E+01,6.595831E+01
02:22:00,8.015108E+03,7.679999E+02,5.580757E-01,6.782418E-02,0.000000E+00,0.000000E+00,0.000000E+00,0.000000E+00,0.000000E+00,0.000000E+00,0.000000E+00,0.000000E+00,2.110805E+01,7.995190E+01,2.388838E+01,6.597509E+01
02:23:00,8.015108E+03,7.666389E+02,5.580757E-01,6.770399E-02,0.000000E+00,0.000000E+00,0.000000E+00,0.000000E+00,0.000000E+00,0.000000E+00,0.000000E+00,0.000000E+00,2.110805E+01,7.995190E+01,2.388838E+01,6.599183E+01
02:24:00,8.015108E+03,7.652830E+02,5.580757E-01,6.758424E-02,0.000000E+00,0.000000E+00,0.000000E+00,0.000000E+00,0.000000E+00,0.000000E+00,0.000000E+00,0.000000E+00,2.110805E+01,7.995190E+01,2.388838E+01,6.600852E+01
02:25:00,8.015108E+03,7.639322E+02,5.580757E-01,6.746494E-02,0.000000E+00,0.000000E+00,0.000000E+00,0.000000E+00,0.000000E+00,0.000000E+00,0.000000E+00,0.000000E+00,2.110805E+01,7.995190E+01,2.388838E+01,6.602516E+01
02:26:00,8.015108E+03,7.625864E+02,5.580757E-01,6.734609E-02,0.000000E+00,0.000000E+00,0.000000E+00,0.000000E+00,0.000000E+00,0.000000E+00,0.000000E+00,0.000000E+00,2.110805E+01,7.995190E+01,2.388838E+01,6.604176E+01
02:27:00,8.015108E+03,7.612457E+02,5.580757E-01,6.722769E-02,0.000000E+00,0.000000E+00,0.000000E+00,0.000000E+00,0.000000E+00,0.000000E+00,0.000000E+00,0.000000E+00,2.110805E+01,7.995190E+01,2.388838E+01,6.605831E+01
02:28:00,8.015108E+03,7.599101E+02,5.580757E-01,6.710973E-02,0.000000E+00,0.000000E+00,0.000000E+00,0.000000E+00,0.000000E+00,0.000000E+00,0.000000E+00,0.000000E+00,2.110805E+01,7.995190E+01,2.388838E+01,6.607483E+01
02:29:00,8.015108E+03,7.585796E+02,5.580757E-01,6.699222E-02,0.000000E+00,0.000000E+00,0.000000E+00,0.000000E+00,0.000000E+00,0.000000E+00,0.000000E+00,0.000000E+00,2.110805E+01,7.995190E+01,2.388838E+01,6.609130E+01
02:30:00,8.015108E+03,7.572540E+02,5.580757E-01,6.687516E-02,0.000000E+00,0.000000E+00,0.000000E+00,0.000000E+00,0.000000E+00,0.000000E+00,0.000000E+00,0.000000E+00,2.110805E+01,7.995190E+01,2.388838E+01,6.610773E+01
02:31:00,8.015108E+03,7.559336E+02,5.580757E-01,6.675855E-02,0.000000E+00,0.000000E+00,0.000000E+00,0.000000E+00,0.000000E+00,0.000000E+00,0.000000E+00,0.000000E+00,2.110805E+01,7.995190E+01,2.388838E+01,6.612413E+01
02:32:00,8.015108E+03,7.546182E+02,5.580757E-01,6.664238E-02,0.000000E+00,0.000000E+00,0.000000E+00,0.000000E+00,0.000000E+00,0.000000E+00,0.000000E+00,0.000000E+00,2.110805E+01,7.995190E+01,2.388838E+01,6.614048E+01
02:33:00,8.015108E+03,7.533078E+02,5.580757E-01,6.652665E-02,0.000000E+00,0.000000E+00,0.000000E+00,0.000000E+00,0.000000E+00,0.000000E+00,0.000000E+00,0.000000E+00,2.110805E+01,7.995190E+01,2.388838E+01,6.615680E+01
02:34:00,8.015108E+03,7.520025E+02,5.580757E-01,6.641137E-02,0.000000E+00,0.000000E+00,0.000000E+00,0.000000E+00,0.000000E+00,0.000000E+00,0.000000E+00,0.000000E+00,2.110805E+01,7.995190E+01,2.388838E+01,6.617307E+01
02:35:00,8.015108E+03,7.507022E+02,5.580757E-01,6.629654E-02,0.000000E+00,0.000000E+00,0.000000E+00,0.000000E+00,0.000000E+00,0.000000E+00,0.000000E+00,0.000000E+00,2.110805E+01,7.995190E+01,2.388838E+01,6.618932E+01
02:36:00,8.015108E+03,7.494070E+02,5.580757E-01,6.618215E-02,0.000000E+00,0.000000E+00,0.000000E+00,0.000000E+00,0.000000E+00,0.000000E+00,0.000000E+00,0.000000E+00,2.110805E+01,7.995190E+01,2.388838E+01,6.620552E+01
02:37:00,8.015108E+03,7.481168E+02,5.580757E-01,6.606821E-02,0.000000E+00,0.000000E+00,0.000000E+00,0.000000E+00,0.000000E+00,0.000000E+00,0.000000E+00,0.000000E+00,2.110805E+01,7.995190E+01,2.388838E+01,6.622169E+01
02:38:00,8.015108E+03,7.468317E+02,5.580757E-01,6.595471E-02,0.000000E+00,0.000000E+00,0.000000E+00,0.000000E+00,0.000000E+00,0.000000E+00,0.000000E+00,0.000000E+00,2.110805E+01,7.995190E+01,2.388838E+01,6.623783E+01
02:39:00,8.015108E+03,7.455515E+02,5.580757E-01,6.584165E-02,0.000000E+00,0.000000E+00,0.000000E+00,0.000000E+00,0.000000E+00,0.000000E+00,0.000000E+00,0.000000E+00,2.110805E+01,7.995190E+01,2.388838E+01,6.625394E+01
02:40:00,8.015108E+03,7.442764E+02,5.580757E-01,6.572904E-02,0.000000E+00,0.000000E+00,0.000000E+00,0.000000E+00,0.000000E+00,0.000000E+00,0.000000E+00,0.000000E+00,2.110805E+01,7.995190E+01,2.388838E+01,6.627000E+01
02:41:00,8.015108E+03,7.430064E+02,5.580757E-01,6.561688E-02,0.000000E+00,0.000000E+00,0.000000E+00,0.000000E+00,0.000000E+00,0.000000E+00,0.000000E+00,0.000000E+00,2.110805E+01,7.995190E+01,2.388838E+01,6.628604E+01
02:42:00,8.015108E+03,7.417413E+02,5.580757E-01,6.550515E-02,0.000000E+00,0.000000E+00,0.000000E+00,0.000000E+00,0.000000E+00,0.000000E+00,0.000000E+00,0.000000E+00,2.110805E+01,7.995190E+01,2.388838E+01,6.630205E+01
02:43:00,8.015108E+03,7.404813E+02,5.580757E-01,6.539388E-02,0.000000E+00,0.000000E+00,0.000000E+00,0.000000E+00,0.000000E+00,0.000000E+00,0.000000E+00,0.000000E+00,2.110805E+01,7.995190E+01,2.388839E+01,6.631803E+01
02:44:00,8.015108E+03,7.392263E+02,5.580757E-01,6.528304E-02,0.000000E+00,0.000000E+00,0.000000E+00,0.000000E+00,0.000000E+00,0.000000E+00,0.000000E+00,0.000000E+00,2.110805E+01,7.995190E+01,2.388839E+01,6.633397E+01
02:45:00,8.015108E+03,7.379763E+02,5.580757E-01,6.517265E-02,0.000000E+00,0.000000E+00,0.000000E+00,0.000000E+00,0.000000E+00,0.000000E+00,0.000000E+00,0.000000E+00,2.110805E+01,7.995190E+01,2.388839E+01,6.634989E+01
02:46:00,8.015108E+03,7.367313E+02,5.580757E-01,6.506270E-02,0.000000E+00,0.000000E+00,0.000000E+00,0.000000E+00,0.000000E+00,0.000000E+00,0.000000E+00,0.000000E+00,2.110805E+01,7.995190E+01,2.388839E+01,6.636577E+01
02:47:00,8.015108E+03,7.354914E+02,5.580757E-01,6.495319E-02,0.000000E+00,0.000000E+00,0.000000E+00,0.000000E+00,0.000000E+00,0.000000E+00,0.000000E+00,0.000000E+00,2.110805E+01,7.995190E+01,2.388839E+01,6.638163E+01
02:48:00,8.015108E+03,7.342564E+02,5.580757E-01,6.484413E-02,0.000000E+00,0.000000E+00,0.000000E+00,0.000000E+00,0.000000E+00,0.000000E+00,0.000000E+00,0.000000E+00,2.110805E+01,7.995190E+01,2.388839E+01,6.639746E+01
02:49:00,8.015108E+03,7.330265E+02,5.580757E-01,6.473551E-02,0.000000E+00,0.000000E+00,0.000000E+00,0.000000E+00,0.000000E+00,0.000000E+00,0.000000E+00,0.000000E+00,2.110805E+01,7.995190E+01,2.388839E+01,6.641326E+01
02:50:00,8.015108E+03,7.318016E+02,5.580757E-01,6.462733E-02,0.000000E+00,0.000000E+00,0.000000E+00,0.000000E+00,0.000000E+00,0.000000E+00,0.000000E+00,0.000000E+00,2.110805E+01,7.995190E+01,2.388839E+01,6.642904E+01
02:51:00,8.015108E+03,7.305817E+02,5.580757E-01,6.451959E-02,0.000000E+00,0.000000E+00,0.000000E+00,0.000000E+00,0.000000E+00,0.000000E+00,0.000000E+00,0.000000E+00,2.110805E+01,7.995190E+01,2.388839E+01,6.644479E+01
02:52:00,8.015108E+03,7.293668E+02,5.580757E-01,6.441230E-02,0.000000E+00,0.000000E+00,0.000000E+00,0.000000E+00,0.000000E+00,0.000000E+00,0.000000E+00,0.000000E+00,2.110805E+01,7.995190E+01,2.388839E+01,6.646050E+01
02:53:00,8.015108E+03,7.281569E+02,5.580757E-01,6.430544E-02,0.000000E+00,0.000000E+00,0.000000E+00,0.000000E+00,0.000000E+00,0.000000E+00,0.000000E+00,0.000000E+00,2.110805E+01,7.995190E+01,2.388839E+01,6.647620E+01
02:54:00,8.015108E+03,7.269520E+02,5.580757E-01,6.419903E-02,0.000000E+00,0.000000E+00,0.000000E+00,0.000000E+00,0.000000E+00,0.000000E+00,0.000000E+00,0.000000E+00,2.110805E+01,7.995190E+01,2.388839E+01,6.649187E+01
02:55:00,8.015108E+03,7.257521E+02,5.580757E-01,6.409307E-02,0.000000E+00,0.000000E+00,0.000000E+00,0.000000E+00,0.000000E+00,0.000000E+00,0.000000E+00,0.000000E+00,2.110805E+01,7.995190E+01,2.388839E+01,6.650751E+01
02:56:00,8.015108E+03,7.245572E+02,5.580757E-01,6.398754E-02,0.000000E+00,0.000000E+00,0.000000E+00,0.000000E+00,0.000000E+00,0.000000E+00,0.000000E+00,0.000000E+00,2.110805E+01,7.995190E+01,2.388839E+01,6.652313E+01
02:57:00,8.015108E+03,7.233673E+02,5.580757E-01,6.388245E-02,0.000000E+00,0.000000E+00,0.000000E+00,0.000000E+00,0.000000E+00,0.000000E+00,0.000000E+00,0.000000E+00,2.110805E+01,7.995190E+01,2.388839E+01,6.653873E+01
02:58:00,8.015108E+03,7.221824E+02,5.580757E-01,6.377781E-02,0.000000E+00,0.000000E+00,0.000000E+00,0.000000E+00,0.000000E+00,0.000000E+00,0.000000E+00,0.000000E+00,2.110805E+01,7.995190E+01,2.388839E+01,6.655430E+01
02:59:00,8.015108E+03,7.210025E+02,5.580757E-01,6.367361E-02,0.000000E+00,0.000000E+00,0.000000E+00,0.000000E+00,0.000000E+00,0.000000E+00,0.000000E+00,0.000000E+00,2.110805E+01,7.995190E+01,2.388839E+01,6.656985E+01
03:00:00,8.015108E+03,7.198277E+02,5.580757E-01,6.356985E-02,0.000000E+00,0.000000E+00,0.000000E+00,0.000000E+00,0.000000E+00,0.000000E+00,0.000000E+00,0.000000E+00,2.110805E+01,7.995190E+01,2.388839E+01,6.658537E+01
03:01:00,8.015108E+03,7.186549E+02,5.580757E-01,6.346628E-02,0.000000E+00,0.000000E+00,0.000000E+00,0.000000E+00,0.000000E+00,0.000000E+00,0.000000E+00,0.000000E+00,2.110805E+01,7.995190E+01,2.388839E+01,6.660087E+01
03:02:00,8.015108E+03,7.174843E+02,5.580757E-01,6.336290E-02,0.000000E+00,0.000000E+00,0.000000E+00,0.000000E+00,0.000000E+00,0.000000E+00,0.000000E+00,0.000000E+00,2.110805E+01,7.995190E+01,2.388839E+01,6.661635E+01
03:03:00,8.015108E+03,7.163159E+02,5.580757E-01,6.325971E-02,0.000000E+00,0.000000E+00,0.000000E+00,0.000000E+00,0.000000E+00,0.000000E+00,0.000000E+00,0.000000E+00,2.110805E+01,7.995190E+01,2.388840E+01,6.663180E+01
03:04:00,8.015108E+03,7.151496E+02,5.580757E-01,6.315671E-02,0.000000E+00,0.000000E+00,0.000000E+00,0.000000E+00,0.000000E+00,0.000000E+00,0.000000E+00,0.000000E+00,2.110805E+01,7.995190E+01,2.388840E+01,6.664723E+01
03:05:00,8.015108E+03,7.139855E+02,5.580757E-01,6.305390E-02,0.000000E+00,0.000000E+00,0.000000E+00,0.000000E+00,0.000000E+00,0.000000E+00,0.000000E+00,0.000000E+00,2.110805E+01,7.995190E+01,2.388840E+01,6.666265E+01
03:06:00,8.015108E+03,7.128236E+02,5.580757E-01,6.295129E-02,0.000000E+00,0.000000E+00,0.000000E+00,0.000000E+00,0.000000E+00,0.000000E+00,0.000000E+00,0.000000E+00,2.110805E+01,7.995190E+01,2.388840E+01,6.667804E+01
03:07:00,8.015108E+03,7.116638E+02,5.580757E-01,6.284886E-02,0.000000E+00,0.000000E+00,0.000000E+00,0.000000E+00,0.000000E+00,0.000000E+00,0.000000E+00,0.000000E+00,2.110805E+01,7.995190E+01,2.388840E+01,6.669341E+01
03:08:00,8.015108E+03,7.105062E+02,5.580757E-01,6.274663E-02,0.000000E+00,0.000000E+00,0.000000E+00,0.000000E+00,0.000000E+00,0.000000E+00,0.000000E+00,0.000000E+00,2.110805E+01,7.995190E+01,2.388840E+01,6.670875E+01
03:09:00,8.015108E+03,7.093508E+02,5.580757E-01,6.264458E-02,0.000000E+00,0.000000E+00,0.000000E+00,0.000000E+00,0.000000E+00,0.000000E+00,0.000000E+00,0.000000E+00,2.110805E+01,7.995190E+01,2.388840E+01,6.672408E+01
03:10:00,8.015108E+03,7.081975E+02,5.580757E-01,6.254273E-02,0.000000E+00,0.000000E+00,0.000000E+00,0.000000E+00,0.000000E+00,0.000000E+00,0.000000E+00,0.000000E+00,2.110805E+01,7.995190E+01,2.388840E+01,6.673938E+01
03:11:00,8.015108E+03,7.070464E+02,5.580757E-01,6.244107E-02,0.000000E+00,0.000000E+00,0.000000E+00,0.000000E+00,0.000000E+00,0.000000E+00,0.000000E+00,0.000000E+00,2.110805E+01,7.995190E+01,2.388840E+01,6.675467E+01
03:12:00,8.015108E+03,7.058974E+02,5.580757E-01,6.233960E-02,0.000000E+00,0.000000E+00,0.000000E+00,0.000000E+00,0.000000E+00,0.000000E+00,0.000000E+00,0.000000E+00,2.110805E+01,7.995190E+01,2.388840E+01,6.676993E+01
03:13:00,8.015109E+03,7.047507E+02,5.580757E-01,6.223833E-02,0.000000E+00,0.000000E+00,0.000000E+00,0.000000E+00,0.000000E+00,0.000000E+00,0.000000E+00,0.000000E+00,2.110805E+01,7.995190E+01,2.388840E+01,6.678518E+01
03:14:00,8.015109E+03,7.036061E+02,5.580757E-01,6.213724E-02,0.000000E+00,0.000000E+00,0.000000E+00,0.000000E+00,0.000000E+00,0.000000E+00,0.000000E+00,0.000000E+00,2.110805E+01,7.995190E+01,2.388840E+01,6.680040E+01
03:15:00,8.015109E+03,7.024636E+02,5.580757E-01,6.203635E-02,0.000000E+00,0.000000E+00,0.000000E+00,0.000000E+00,0.000000E+00,0.000000E+00,0.000000E+00,0.000000E+00,2.110805E+01,7.995190E+01,2.388840E+01,6.681561E+01
03:16:00,8.015109E+03,7.013234E+02,5.580757E-01,6.193564E-02,0.000000E+00,0.000000E+00,0.000000E+00,0.000000E+00,0.000000E+00,0.000000E+00,0.000000E+00,0.000000E+00,2.110805E+01,7.995190E+01,2.388840E+01,6.683080E+01
03:17:00,8.015109E+03,7.001853E+02,5.580757E-01,6.183513E-02,0.000000E+00,0.000000E+00,0.000000E+00,0.000000E+00,0.000000E+00,0.000000E+00,0.000000E+00,0.000000E+00,2.110805E+01,7.995190E+01,2.388840E+01,6.684596E+01
03:18:00,8.015109E+03,6.990494E+02,5.580757E-01,6.173482E-02,0.000000E+00,0.000000E+00,0.000000E+00,0.000000E+00,0.000000E+00,0.000000E+00,0.000000E+00,0.000000E+00,2.110805E+01,7.995190E+01,2.388840E+01,6.686111E+01
03:19:00,8.015109E+03,6.979157E+02,5.580757E-01,6.163469E-02,0.000000E+00,0.000000E+00,0.000000E+00,0.000000E+00,0.000000E+00,0.000000E+00,0.000000E+00,0.000000E+00,2.110805E+01,7.995190E+01,2.388840E+01,6.687624E+01
03:20:00,8.015109E+03,6.967841E+02,5.580757E-01,6.153476E-02,0.000000E+00,0.000000E+00,0.000000E+00,0.000000E+00,0.000000E+00,0.000000E+00,0.000000E+00,0.000000E+00,2.110805E+01,7.995190E+01,2.388840E+01,6.689135E+01
03:21:00,8.015109E+03,6.956548E+02,5.580757E-01,6.143502E-02,0.000000E+00,0.000000E+00,0.000000E+00,0.000000E+00,0.000000E+00,0.000000E+00,0.000000E+00,0.000000E+00,2.110805E+01,7.995190E+01,2.388840E+01,6.690644E+01
03:22:00,8.015109E+03,6.945276E+02,5.580757E-01,6.133548E-02,0.000000E+00,0.000000E+00,0.000000E+00,0.000000E+00,0.000000E+00,0.000000E+00,0.000000E+00,0.000000E+00,2.110805E+01,7.995190E+01,2.388840E+01,6.692151E+01
03:23:00,8.015109E+03,6.934027E+02,5.580757E-01,6.123613E-02,0.000000E+00,0.000000E+00,0.000000E+00,0.000000E+00,0.000000E+00,0.000000E+00,0.000000E+00,0.000000E+00,2.110805E+01,7.995190E+01,2.388840E+01,6.693656E+01
03:24:00,8.015109E+03,6.922800E+02,5.580757E-01,6.113698E-02,0.000000E+00,0.000000E+00,0.000000E+00,0.000000E+00,0.000000E+00,0.000000E+00,0.000000E+00,0.000000E+00,2.110805E+01,7.995190E+01,2.388841E+01,6.695159E+01
03:25:00,8.015109E+03,6.911595E+02,5.580757E-01,6.103802E-02,0.000000E+00,0.000000E+00,0.000000E+00,0.000000E+00,0.000000E+00,0.000000E+00,0.000000E+00,0.000000E+00,2.110805E+01,7.995190E+01,2.388841E+01,6.696661E+01
03:26:00,8.015109E+03,6.900412E+02,5.580757E-01,6.093926E-02,0.000000E+00,0.000000E+00,0.000000E+00,0.000000E+00,0.000000E+00,0.000000E+00,0.000000E+00,0.000000E+00,2.110805E+01,7.995190E+01,2.388841E+01,6.698160E+01
03:27:00,8.015109E+03,6.889252E+02,5.580757E-01,6.084071E-02,0.000000E+00,0.000000E+00,0.000000E+00,0.000000E+00,0.000000E+00,0.000000E+00,0.000000E+00,0.000000E+00,2.110805E+01,7.995190E+01,2.388841E+01,6.699658E+01
03:28:00,8.015109E+03,6.878115E+02,5.580757E-01,6.074235E-02,0.000000E+00,0.000000E+00,0.000000E+00,0.000000E+00,0.000000E+00,0.000000E+00,0.000000E+00,0.000000E+00,2.110805E+01,7.995190E+01,2.388841E+01,6.701153E+01
03:29:00,8.015109E+03,6.867000E+02,5.580757E-01,6.064419E-02,0.000000E+00,0.000000E+00,0.000000E+00,0.000000E+00,0.000000E+00,0.000000E+00,0.000000E+00,0.000000E+00,2.110805E+01,7.995190E+01,2.388841E+01,6.702647E+01
03:30:00,8.015109E+03,6.855908E+02,5.580757E-01,6.054622E-02,0.000000E+00,0.000000E+00,0.000000E+00,0.000000E+00,0.000000E+00,0.000000E+00,0.000000E+00,0.000000E+00,2.110805E+01,7.995190E+01,2.388841E+01,6.704139E+01
03:31:00,8.015109E+03,6.844838E+02,5.580757E-01,6.044846E-02,0.000000E+00,0.000000E+00,0.000000E+00,0.000000E+00,0.000000E+00,0.000000E+00,0.000000E+00,0.000000E+00,2.110805E+01,7.995190E+01,2.388841E+01,6.705629E+01
03:32:00,8.015109E+03,6.833790E+02,5.580757E-01,6.035089E-02,0.000000E+00,0.000000E+00,0.000000E+00,0.000000E+00,0.000000E+00,0.000000E+00,0.000000E+00,0.000000E+00,2.110805E+01,7.995190E+01,2.388841E+01,6.707117E+01
03:33:00,8.015109E+03,6.822765E+02,5.580757E-01,6.025352E-02,0.000000E+00,0.000000E+00,0.000000E+00,0.000000E+00,0.000000E+00,0.000000E+00,0.000000E+00,0.000000E+00,2.110805E+01,7.995190E+01,2.388841E+01,6.708603E+01
03:34:00,8.015109E+03,6.811762E+02,5.580757E-01,6.015635E-02,0.000000E+00,0.000000E+00,0.000000E+00,0.000000E+00,0.000000E+00,0.000000E+00,0.000000E+00,0.000000E+00,2.110805E+01,7.995190E+01,2.388841E+01,6.710087E+01
03:35:00,8.015109E+03,6.800782E+02,5.580757E-01,6.005939E-02,0.000000E+00,0.000000E+00,0.000000E+00,0.000000E+00,0.000000E+00,0.000000E+00,0.000000E+00,0.000000E+00,2.110805E+01,7.995190E+01,2.388841E+01,6.711570E+01
03:36:00,8.015109E+03,6.789826E+02,5.580757E-01,5.996262E-02,0.000000E+00,0.000000E+00,0.000000E+00,0.000000E+00,0.000000E+00,0.000000E+00,0.000000E+00,0.000000E+00,2.110805E+01,7.995190E+01,2.388841E+01,6.713051E+01
03:37:00,8.015109E+03,6.778892E+02,5.580757E-01,5.986606E-02,0.000000E+00,0.000000E+00,0.000000E+00,0.000000E+00,0.000000E+00,0.000000E+00,0.000000E+00,0.000000E+00,2.110805E+01,7.995190E+01,2.388841E+01,6.714530E+01
03:38:00,8.015109E+03,6.767983E+02,5.580757E-01,5.976972E-02,0.000000E+00,0.000000E+00,0.000000E+00,0.000000E+00,0.000000E+00,0.000000E+00,0.000000E+00,0.000000E+00,2.110805E+01,7.995190E+01,2.388841E+01,6.716007E+01
03:39:00,8.015109E+03,6.757096E+02,5.580757E-01,5.967357E-02,0.000000E+00,0.000000E+00,0.000000E+00,0.000000E+00,0.000000E+00,0.000000E+00,0.000000E+00,0.000000E+00,2.110805E+01,7.995190E+01,2.388841E+01,6.717481E+01
03:40:00,8.015109E+03,6.746232E+02,5.580757E-01,5.957762E-02,0.000000E+00,0.000000E+00,0.000000E+00,0.000000E+00,0.000000E+00,0.000000E+00,0.000000E+00,0.000000E+00,2.110805E+01,7.995190E+01,2.388841E+01,6.718955E+01
03:41:00,8.015109E+03,6.735390E+02,5.580757E-01,5.948187E-02,0.000000E+00,0.000000E+00,0.000000E+00,0.000000E+00,0.000000E+00,0.000000E+00,0.000000E+00,0.000000E+00,2.110805E+01,7.995190E+01,2.388841E+01,6.720426E+01
03:42:00,8.015109E+03,6.724570E+02,5.580757E-01,5.938632E-02,0.000000E+00,0.000000E+00,0.000000E+00,0.000000E+00,0.000000E+00,0.000000E+00,0.000000E+00,0.000000E+00,2.110805E+01,7.995190E+01,2.388841E+01,6.721895E+01
03:43:00,8.015109E+03,6.713772E+02,5.580757E-01,5.929096E-02,0.000000E+00,0.000000E+00,0.000000E+00,0.000000E+00,0.000000E+00,0.000000E+00,0.000000E+00,0.000000E+00,2.110805E+01,7.995190E+01,2.388841E+01,6.723363E+01
03:44:00,8.015109E+03,6.702996E+02,5.580757E-01,5.919579E-02,0.000000E+00,0.000000E+00,0.000000E+00,0.000000E+00,0.000000E+00,0.000000E+00,0.000000E+00,0.000000E+00,2.110805E+01,7.995190E+01,2.388841E+01,6.724829E+01
03:45:00,8.015109E+03,6.692242E+02,5.580757E-01,5.910081E-02,0.000000E+00,0.000000E+00,0.000000E+00,0.000000E+00,0.000000E+00,0.000000E+00,0.000000E+00,0.000000E+00,2.110805E+01,7.995190E+01,2.388841E+01,6.726294E+01
03:46:00,8.015109E+03,6.681509E+02,5.580757E-01,5.900602E-02,0.000000E+00,0.000000E+00,0.000000E+00,0.000000E+00,0.000000E+00,0.000000E+00,0.000000E+00,0.000000E+00,2.110805E+01,7.995190E+01,2.388842E+01,6.727756E+01
03:47:00,8.015109E+03,6.670797E+02,5.580757E-01,5.891142E-02,0.000000E+00,0.000000E+00,0.000000E+00,0.000000E+00,0.000000E+00,0.000000E+00,0.000000E+00,0.000000E+00,2.110805E+01,7.995190E+01,2.388842E+01,6.729218E+01
03:48:00,8.015109E+03,6.660106E+02,5.580757E-01,5.881701E-02,0.000000E+00,0.000000E+00,0.000000E+00,0.000000E+00,0.000000E+00,0.000000E+00,0.000000E+00,0.000000E+00,2.110805E+01,7.995190E+01,2.388842E+01,6.730678E+01
03:49:00,8.015109E+03,6.649437E+02,5.580757E-01,5.872278E-02,0.000000E+00,0.000000E+00,0.000000E+00,0.000000E+00,0.000000E+00,0.000000E+00,0.000000E+00,0.000000E+00,2.110805E+01,7.995190E+01,2.388842E+01,6.732137E+01
03:50:00,8.015109E+03,6.638789E+02,5.580757E-01,5.862874E-02,0.000000E+00,0.000000E+00,0.000000E+00,0.000000E+00,0.000000E+00,0.000000E+00,0.000000E+00,0.000000E+00,2.110805E+01,7.995190E+01,2.388842E+01,6.733594E+01
03:51:00,8.015109E+03,6.628161E+02,5.580757E-01,5.853488E-02,0.000000E+00,0.000000E+00,0.000000E+00,0.000000E+00,0.000000E+00,0.000000E+00,0.000000E+00,0.000000E+00,2.110805E+01,7.995190E+01,2.388842E+01,6.735050E+01
03:52:00,8.015109E+03,6.617555E+02,5.580757E-01,5.844121E-02,0.000000E+00,0.000000E+00,0.000000E+00,0.000000E+00,0.000000E+00,0.000000E+00,0.000000E+00,0.000000E+00,2.110805E+01,7.995190E+01,2.388842E+01,6.736504E+01
03:53:00,8.015109E+03,6.606969E+02,5.580757E-01,5.834773E-02,0.000000E+00,0.000000E+00,0.000000E+00,0.000000E+00,0.000000E+00,0.000000E+00,0.000000E+00,0.000000E+00,2.110805E+01,7.995190E+01,2.388842E+01,6.737957E+01
03:54:00,8.015109E+03,6.596404E+02,5.580757E-01,5.825442E-02,0.000000E+00,0.000000E+00,0.000000E+00,0.000000E+00,0.000000E+00,0.000000E+00,0.000000E+00,0.000000E+00,2.110805E+01,7.995190E+01,2.388842E+01,6.739409E+01
03:55:00,8.015109E+03,6.585859E+02,5.580757E-01,5.816130E-02,0.000000E+00,0.000000E+00,0.000000E+00,0.000000E+00,0.000000E+00,0.000000E+00,0.000000E+00,0.000000E+00,2.110805E+01,7.995190E+01,2.388842E+01,6.740859E+01
03:56:00,8.015109E+03,6.575336E+02,5.580757E-01,5.806836E-02,0.000000E+00,0.000000E+00,0.000000E+00,0.000000E+00,0.000000E+00,0.000000E+00,0.000000E+00,0.000000E+00,2.110805E+01,7.995190E+01,2.388842E+01,6.742308E+01
03:57:00,8.015109E+03,6.564832E+02,5.580757E-01,5.797560E-02,0.000000E+00,0.000000E+00,0.000000E+00,0.000000E+00,0.000000E+00,0.000000E+00,0.000000E+00,0.000000E+00,2.110805E+01,7.995190E+01,2.388842E+01,6.743756E+01
03:58:00,8.015109E+03,6.554350E+02,5.580757E-01,5.788302E-02,0.000000E+00,0.000000E+00,0.000000E+00,0.000000E+00,0.000000E+00,0.000000E+00,0.000000E+00,0.000000E+00,2.110805E+01,7.995190E+01,2.388842E+01,6.745202E+01
03:59:00,8.015109E+03,6.543887E+02,5.580757E-01,5.779062E-02,0.000000E+00,0.000000E+00,0.000000E+00,0.000000E+00,0.000000E+00,0.000000E+00,0.000000E+00,0.000000E+00,2.110805E+01,7.995190E+01,2.388842E+01,6.746647E+01
04:00:00,8.015109E+03,6.533445E+02,5.580757E-01,5.769840E-02,0.000000E+00,0.000000E+00,0.000000E+00,0.000000E+00,0.000000E+00,0.000000E+00,0.000000E+00,0.000000E+00,2.110805E+01,7.995190E+01,2.388842E+01,6.748091E+01
04:01:00,8.015109E+03,6.523053E+02,5.580757E-01,5.760662E-02,0.000000E+00,0.000000E+00,0.000000E+00,0.000000E+00,0.000000E+00,0.000000E+00,0.000000E+00,0.000000E+00,2.110805E+01,7.995190E+01,2.388842E+01,6.749533E+01
04:02:00,8.015109E+03,6.512708E+02,5.580757E-01,5.751527E-02,0.000000E+00,0.000000E+00,0.000000E+00,0.000000E+00,0.000000E+00,0.000000E+00,0.000000E+00,0.000000E+00,2.110805E+01,7.995190E+01,2.388842E+01,6.750971E+01
04:03:00,8.015109E+03,6.502413E+02,5.580757E-01,5.742434E-02,0.000000E+00,0.000000E+00,0.000000E+00,0.000000E+00,0.000000E+00,0.000000E+00,0.000000E+00,0.000000E+00,2.110805E+01,7.995190E+01,2.388842E+01,6.752402E+01
04:04:00,8.015109E+03,6.492166E+02,5.580757E-01,5.733384E-02,0.000000E+00,0.000000E+00,0.000000E+00,0.000000E+00,0.000000E+00,0.000000E+00,0.000000E+00,0.000000E+00,2.110805E+01,7.995190E+01,2.388842E+01,6.753826E+01
04:05:00,8.015109E+03,6.481967E+02,5.580757E-01,5.724378E-02,0.000000E+00,0.000000E+00,0.000000E+00,0.000000E+00,0.000000E+00,0.000000E+00,0.000000E+00,0.000000E+00,2.110805E+01,7.995190E+01,2.388842E+01,6.755242E+01
04:06:00,8.015109E+03,6.471817E+02,5.580757E-01,5.715413E-02,0.000000E+00,0.000000E+00,0.000000E+00,0.000000E+00,0.000000E+00,0.000000E+00,0.000000E+00,0.000000E+00,2.110805E+01,7.995190E+01,2.388842E+01,6.756652E+01
04:07:00,8.015109E+03,6.461715E+02,5.580757E-01,5.706492E-02,0.000000E+00,0.000000E+00,0.000000E+00,0.000000E+00,0.000000E+00,0.000000E+00,0.000000E+00,0.000000E+00,2.110805E+01,7.995190E+01,2.388842E+01,6.758054E+01
04:08:00,8.015109E+03,6.451662E+02,5.580757E-01,5.697613E-02,0.000000E+00,0.000000E+00,0.000000E+00,0.000000E+00,0.000000E+00,0.000000E+00,0.000000E+00,0.000000E+00,2.110805E+01,7.995190E+01,2.388842E+01,6.759450E+01
04:09:00,8.015109E+03,6.441657E+02,5.580757E-01,5.688777E-02,0.000000E+00,0.000000E+00,0.000000E+00,0.000000E+00,0.000000E+00,0.000000E+00,0.000000E+00,0.000000E+00,2.110805E+01,7.995190E+01,2.388843E+01,6.760840E+01
04:10:00,8.015109E+03,6.431705E+02,5.580757E-01,5.679988E-02,0.000000E+00,0.000000E+00,0.000000E+00,0.000000E+00,0.000000E+00,0.000000E+00,0.000000E+00,0.000000E+00,2.110805E+01,7.995190E+01,2.388843E+01,6.762223E+01
04:11:00,8.015109E+03,6.421798E+02,5.580757E-01,5.671239E-02,0.000000E+00,0.000000E+00,0.000000E+00,0.000000E+00,0.000000E+00,0.000000E+00,0.000000E+00,0.000000E+00,2.110805E+01,7.995190E+01,2.388843E+01,6.763599E+01
04:12:00,8.015109E+03,6.411943E+02,5.580757E-01,5.662536E-02,0.000000E+00,0.000000E+00,0.000000E+00,0.000000E+00,0.000000E+00,0.000000E+00,0.000000E+00,0.000000E+00,2.110805E+01,7.995190E+01,2.388843E+01,6.764969E+01
04:13:00,8.015109E+03,6.402133E+02,5.580757E-01,5.653872E-02,0.000000E+00,0.000000E+00,0.000000E+00,0.000000E+00,0.000000E+00,0.000000E+00,0.000000E+00,0.000000E+00,2.110805E+01,7.995190E+01,2.388843E+01,6.766333E+01
04:14:00,8.015109E+03,6.392373E+02,5.580757E-01,5.645253E-02,0.000000E+00,0.000000E+00,0.000000E+00,0.000000E+00,0.000000E+00,0.000000E+00,0.000000E+00,0.000000E+00,2.110805E+01,7.995190E+01,2.388843E+01,6.767690E+01
04:15:00,8.015109E+03,6.382660E+02,5.580757E-01,5.636675E-02,0.000000E+00,0.000000E+00,0.000000E+00,0.000000E+00,0.000000E+00,0.000000E+00,0.000000E+00,0.000000E+00,2.110805E+01,7.995190E+01,2.388843E+01,6.769042E+01
04:16:00,8.015109E+03,6.372997E+02,5.580757E-01,5.628141E-02,0.000000E+00,0.000000E+00,0.000000E+00,0.000000E+00,0.000000E+00,0.000000E+00,0.000000E+00,0.000000E+00,2.110805E+01,7.995190E+01,2.388843E+01,6.770389E+01
04:17:00,8.015109E+03,6.363379E+02,5.580757E-01,5.619647E-02,0.000000E+00,0.000000E+00,0.000000E+00,0.000000E+00,0.000000E+00,0.000000E+00,0.000000E+00,0.000000E+00,2.110805E+01,7.995190E+01,2.388843E+01,6.771729E+01
04:18:00,8.015109E+03,6.353813E+02,5.580757E-01,5.611199E-02,0.000000E+00,0.000000E+00,0.000000E+00,0.000000E+00,0.000000E+00,0.000000E+00,0.000000E+00,0.000000E+00,2.110805E+01,7.995190E+01,2.388843E+01,6.773065E+01
04:19:00,8.015109E+03,6.344292E+02,5.580757E-01,5.602790E-02,0.000000E+00,0.000000E+00,0.000000E+00,0.000000E+00,0.000000E+00,0.000000E+00,0.000000E+00,0.000000E+00,2.110805E+01,7.995190E+01,2.388843E+01,6.774394E+01
04:20:00,8.015109E+03,6.334821E+02,5.580757E-01,5.594426E-02,0.000000E+00,0.000000E+00,0.000000E+00,0.000000E+00,0.000000E+00,0.000000E+00,0.000000E+00,0.000000E+00,2.110805E+01,7.995190E+01,2.388843E+01,6.775718E+01
04:21:00,8.015109E+03,6.325397E+02,5.580757E-01,5.586103E-02,0.000000E+00,0.000000E+00,0.000000E+00,0.000000E+00,0.000000E+00,0.000000E+00,0.000000E+00,0.000000E+00,2.110805E+01,7.995190E+01,2.388843E+01,6.777037E+01
04:22:00,8.015109E+03,6.316022E+02,5.580757E-01,5.577824E-02,0.000000E+00,0.000000E+00,0.000000E+00,0.000000E+00,0.000000E+00,0.000000E+00,0.000000E+00,0.000000E+00,2.110805E+01,7.995190E+01,2.388843E+01,6.778351E+01
04:23:00,8.015109E+03,6.306694E+02,5.580757E-01,5.569586E-02,0.000000E+00,0.000000E+00,0.000000E+00,0.000000E+00,0.000000E+00,0.000000E+00,0.000000E+00,0.000000E+00,2.110805E+01,7.995190E+01,2.388843E+01,6.779660E+01
04:24:00,8.015109E+03,6.297416E+02,5.580757E-01,5.561392E-02,0.000000E+00,0.000000E+00,0.000000E+00,0.000000E+00,0.000000E+00,0.000000E+00,0.000000E+00,0.000000E+00,2.110805E+01,7.995190E+01,2.388843E+01,6.780963E+01
04:25:00,8.015109E+03,6.288184E+02,5.580757E-01,5.553239E-02,0.000000E+00,0.000000E+00,0.000000E+00,0.000000E+00,0.000000E+00,0.000000E+00,0.000000E+00,0.000000E+00,2.110805E+01,7.995190E+01,2.388843E+01,6.782262E+01
04:26:00,8.015109E+03,6.279002E+02,5.580757E-01,5.545130E-02,0.000000E+00,0.000000E+00,0.000000E+00,0.000000E+00,0.000000E+00,0.000000E+00,0.000000E+00,0.000000E+00,2.110805E+01,7.995190E+01,2.388843E+01,6.783555E+01
04:27:00,8.015109E+03,6.269866E+02,5.580757E-01,5.537061E-02,0.000000E+00,0.000000E+00,0.000000E+00,0.000000E+00,0.000000E+00,0.000000E+00,0.000000E+00,0.000000E+00,2.110805E+01,7.995190E+01,2.388843E+01,6.784843E+01
04:28:00,8.015109E+03,6.260781E+02,5.580757E-01,5.529037E-02,0.000000E+00,0.000000E+00,0.000000E+00,0.000000E+00,0.000000E+00,0.000000E+00,0.000000E+00,0.000000E+00,2.110805E+01,7.995190E+01,2.388843E+01,6.786127E+01
04:29:00,8.015109E+03,6.251741E+02,5.580757E-01,5.521054E-02,0.000000E+00,0.000000E+00,0.000000E+00,0.000000E+00,0.000000E+00,0.000000E+00,0.000000E+00,0.000000E+00,2.110805E+01,7.995190E+01,2.388843E+01,6.787406E+01
04:30:00,8.015109E+03,6.242752E+02,5.580757E-01,5.513116E-02,0.000000E+00,0.000000E+00,0.000000E+00,0.000000E+00,0.000000E+00,0.000000E+00,0.000000E+00,0.000000E+00,2.110805E+01,7.995190E+01,2.388843E+01,6.788680E+01
04:31:00,8.015109E+03,6.233810E+02,5.580757E-01,5.505219E-02,0.000000E+00,0.000000E+00,0.000000E+00,0.000000E+00,0.000000E+00,0.000000E+00,0.000000E+00,0.000000E+00,2.110805E+01,7.995190E+01,2.388843E+01,6.789949E+01
04:32:00,8.015109E+03,6.224920E+02,5.580757E-01,5.497367E-02,0.000000E+00,0.000000E+00,0.000000E+00,0.000000E+00,0.000000E+00,0.000000E+00,0.000000E+00,0.000000E+00,2.110805E+01,7.995190E+01,2.388843E+01,6.791213E+01
04:33:00,8.015109E+03,6.216076E+02,5.580757E-01,5.489557E-02,0.000000E+00,0.000000E+00,0.000000E+00,0.000000E+00,0.000000E+00,0.000000E+00,0.000000E+00,0.000000E+00,2.110805E+01,7.995190E+01,2.388843E+01,6.792473E+01
04:34:00,8.015109E+03,6.207284E+02,5.580757E-01,5.481792E-02,0.000000E+00,0.000000E+00,0.000000E+00,0.000000E+00,0.000000E+00,0.000000E+00,0.000000E+00,0.000000E+00,2.110805E+01,7.995190E+01,2.388843E+01,6.793729E+01
04:35:00,8.015109E+03,6.198539E+02,5.580757E-01,5.474069E-02,0.000000E+00,0.000000E+00,0.000000E+00,0.000000E+00,0.000000E+00,0.000000E+00,0.000000E+00,0.000000E+00,2.110805E+01,7.995190E+01,2.388843E+01,6.794979E+01
04:36:00,8.015109E+03,6.189847E+02,5.580757E-01,5.466393E-02,0.000000E+00,0.000000E+00,0.000000E+00,0.000000E+00,0.000000E+00,0.000000E+00,0.000000E+00,0.000000E+00,2.110805E+01,7.995190E+01,2.388843E+01,6.796224E+01
04:37:00,8.015109E+03,6.181202E+02,5.580757E-01,5.458758E-02,0.000000E+00,0.000000E+00,0.000000E+00,0.000000E+00,0.000000E+00,0.000000E+00,0.000000E+00,0.000000E+00,2.110805E+01,7.995190E+01,2.388843E+01,6.797465E+01
04:38:00,8.015109E+03,6.172609E+02,5.580757E-01,5.451169E-02,0.000000E+00,0.000000E+00,0.000000E+00,0.000000E+00,0.000000E+00,0.000000E+00,0.000000E+00,0.000000E+00,2.110805E+01,7.995190E+01,2.388843E+01,6.798701E+01
04:39:00,8.015109E+03,6.164408E+02,5.580757E-01,5.443926E-02,0.000000E+00,0.000000E+00,0.000000E+00,0.000000E+00,0.000000E+00,0.000000E+00,0.000000E+00,0.000000E+00,2.110805E+01,7.995190E+01,2.388843E+01,6.799933E+01
04:40:00,8.015109E+03,6.156322E+02,5.580757E-01,5.436785E-02,0.000000E+00,0.000000E+00,0.000000E+00,0.000000E+00,0.000000E+00,0.000000E+00,0.000000E+00,0.000000E+00,2.110805E+01,7.995190E+01,2.388843E+01,6.801119E+01
04:41:00,8.015109E+03,6.148343E+02,5.580757E-01,5.429739E-02,0.000000E+00,0.000000E+00,0.000000E+00,0.000000E+00,0.000000E+00,0.000000E+00,0.000000E+00,0.000000E+00,2.110805E+01,7.995190E+01,2.388843E+01,6.802268E+01
04:42:00,8.015109E+03,6.140471E+02,5.580757E-01,5.422787E-02,0.000000E+00,0.000000E+00,0.000000E+00,0.000000E+00,0.000000E+00,0.000000E+00,0.000000E+00,0.000000E+00,2.110805E+01,7.995190E+01,2.388843E+01,6.803393E+01
04:43:00,8.015109E+03,6.132708E+02,5.580757E-01,5.415931E-02,0.000000E+00,0.000000E+00,0.000000E+00,0.000000E+00,0.000000E+00,0.000000E+00,0.000000E+00,0.000000E+00,2.110805E+01,7.995190E+01,2.388843E+01,6.804502E+01
04:44:00,8.015109E+03,6.125054E+02,5.580757E-01,5.409172E-02,0.000000E+00,0.000000E+00,0.000000E+00,0.000000E+00,0.000000E+00,0.000000E+00,0.000000E+00,0.000000E+00,2.110805E+01,7.995190E+01,2.388843E+01,6.805598E+01
04:45:00,8.015109E+03,6.117510E+02,5.580757E-01,5.402509E-02,0.000000E+00,0.000000E+00,0.000000E+00,0.000000E+00,0.000000E+00,0.000000E+00,0.000000E+00,0.000000E+00,2.110805E+01,7.995190E+01,2.388843E+01,6.806680E+01
04:46:00,8.015109E+03,6.110149E+02,5.580757E-01,5.396008E-02,0.000000E+00,0.000000E+00,0.000000E+00,0.000000E+00,0.000000E+00,0.000000E+00,0.000000E+00,0.000000E+00,2.110805E+01,7.995190E+01,2.388843E+01,6.807749E+01
04:47:00,8.015109E+03,6.102921E+02,5.580757E-01,5.389625E-02,0.000000E+00,0.000000E+00,0.000000E+00,0.000000E+00,0.000000E+00,0.000000E+00,0.000000E+00,0.000000E+00,2.110805E+01,7.995190E+01,2.388843E+01,6.808795E+01
04:48:00,8.015109E+03,6.095830E+02,5.580757E-01,5.383363E-02,0.000000E+00,0.000000E+00,0.000000E+00,0.000000E+00,0.000000E+00,0.000000E+00,0.000000E+00,0.000000E+00,2.110805E+01,7.995190E+01,2.388843E+01,6.809819E+01
04:49:00,8.015109E+03,6.088878E+02,5.580757E-01,5.377223E-02,0.000000E+00,0.000000E+00,0.000000E+00,0.000000E+00,0.000000E+00,0.000000E+00,0.000000E+00,0.000000E+00,2.110805E+01,7.995190E+01,2.388843E+01,6.810824E+01
04:50:00,8.015109E+03,6.082069E+02,5.580757E-01,5.371210E-02,0.000000E+00,0.000000E+00,0.000000E+00,0.000000E+00,0.000000E+00,0.000000E+00,0.000000E+00,0.000000E+00,2.110805E+01,7.995190E+01,2.388843E+01,6.811810E+01
04:51:00,8.015109E+03,6.075407E+02,5.580757E-01,5.365326E-02,0.000000E+00,0.000000E+00,0.000000E+00,0.000000E+00,0.000000E+00,0.000000E+00,0.000000E+00,0.000000E+00,2.110805E+01,7.995190E+01,2.388843E+01,6.812777E+01
04:52:00,8.015109E+03,6.068896E+02,5.580757E-01,5.359576E-02,0.000000E+00,0.000000E+00,0.000000E+00,0.000000E+00,0.000000E+00,0.000000E+00,0.000000E+00,0.000000E+00,2.110805E+01,7.995190E+01,2.388843E+01,6.813725E+01
04:53:00,8.015109E+03,6.062540E+02,5.580757E-01,5.353963E-02,0.000000E+00,0.000000E+00,0.000000E+00,0.000000E+00,0.000000E+00,0.000000E+00,0.000000E+00,0.000000E+00,2.110805E+01,7.995190E+01,2.388843E+01,6.814654E+01
04:54:00,8.015109E+03,6.056342E+02,5.580757E-01,5.348489E-02,0.000000E+00,0.000000E+00,0.000000E+00,0.000000E+00,0.000000E+00,0.000000E+00,0.000000E+00,0.000000E+00,2.110805E+01,7.995190E+01,2.388843E+01,6.815563E+01
04:55:00,8.015109E+03,6.050305E+02,5.580757E-01,5.343158E-02,0.000000E+00,0.000000E+00,0.000000E+00,0.000000E+00,0.000000E+00,0.000000E+00,0.000000E+00,0.000000E+00,2.110805E+01,7.995190E+01,2.388843E+01,6.816451E+01
04:56:00,8.015109E+03,6.044590E+02,5.580757E-01,5.338110E-02,0.000000E+00,0.000000E+00,0.000000E+00,0.000000E+00,0.000000E+00,0.000000E+00,0.000000E+00,0.000000E+00,2.110805E+01,7.995190E+01,2.388843E+01,6.817319E+01
04:57:00,8.015109E+03,6.039061E+02,5.580757E-01,5.333227E-02,0.000000E+00,0.000000E+00,0.000000E+00,0.000000E+00,0.000000E+00,0.000000E+00,0.000000E+00,0.000000E+00,2.110805E+01,7.995190E+01,2.388843E+01,6.818147E+01
04:58:00,8.015109E+03,6.033716E+02,5.580757E-01,5.328507E-02,0.000000E+00,0.000000E+00,0.000000E+00,0.000000E+00,0.000000E+00,0.000000E+00,0.000000E+00,0.000000E+00,2.110805E+01,7.995190E+01,2.388843E+01,6.818940E+01
04:59:00,8.015109E+03,6.028556E+02,5.580757E-01,5.323950E-02,0.000000E+00,0.000000E+00,0.000000E+00,0.000000E+00,0.000000E+00,0.000000E+00,0.000000E+00,0.000000E+00,2.110805E+01,7.995190E+01,2.388843E+01,6.819705E+01
05:00:00,8.015109E+03,6.023582E+02,5.580757E-01,5.319557E-02,0.000000E+00,0.000000E+00,0.000000E+00,0.000000E+00,0.000000E+00,0.000000E+00,0.000000E+00,0.000000E+00,2.110805E+01,7.995190E+01,2.388843E+01,6.820447E+01
05:01:00,8.015109E+03,6.018882E+02,5.580757E-01,5.315406E-02,0.000000E+00,0.000000E+00,0.000000E+00,0.000000E+00,0.000000E+00,0.000000E+00,0.000000E+00,0.000000E+00,2.110805E+01,7.995190E+01,2.388843E+01,6.821165E+01
05:02:00,8.015109E+03,6.014456E+02,5.580757E-01,5.311498E-02,0.000000E+00,0.000000E+00,0.000000E+00,0.000000E+00,0.000000E+00,0.000000E+00,0.000000E+00,0.000000E+00,2.110805E+01,7.995190E+01,2.388843E+01,6.821848E+01
05:03:00,8.015109E+03,6.010307E+02,5.580757E-01,5.307833E-02,0.000000E+00,0.000000E+00,0.000000E+00,0.000000E+00,0.000000E+00,0.000000E+00,0.000000E+00,0.000000E+00,2.110805E+01,7.995190E+01,2.388843E+01,6.822485E+01
05:04:00,8.015109E+03,6.006434E+02,5.580757E-01,5.304413E-02,0.000000E+00,0.000000E+00,0.000000E+00,0.000000E+00,0.000000E+00,0.000000E+00,0.000000E+00,0.000000E+00,2.110805E+01,7.995190E+01,2.388843E+01,6.823076E+01
05:05:00,8.015109E+03,6.002840E+02,5.580757E-01,5.301239E-02,0.000000E+00,0.000000E+00,0.000000E+00,0.000000E+00,0.000000E+00,0.000000E+00,0.000000E+00,0.000000E+00,2.110805E+01,7.995190E+01,2.388843E+01,6.823620E+01
05:06:00,8.015109E+03,5.999524E+02,5.580757E-01,5.298311E-02,0.000000E+00,0.000000E+00,0.000000E+00,0.000000E+00,0.000000E+00,0.000000E+00,0.000000E+00,0.000000E+00,2.110805E+01,7.995190E+01,2.388843E+01,6.824118E+01
05:07:00,8.015109E+03,5.996489E+02,5.580757E-01,5.295630E-02,0.000000E+00,0.000000E+00,0.000000E+00,0.000000E+00,0.000000E+00,0.000000E+00,0.000000E+00,0.000000E+00,2.110805E+01,7.995190E+01,2.388843E+01,6.824571E+01
05:08:00,8.015109E+03,5.993733E+02,5.580757E-01,5.293196E-02,0.000000E+00,0.000000E+00,0.000000E+00,0.000000E+00,0.000000E+00,0.000000E+00,0.000000E+00,0.000000E+00,2.110805E+01,7.995190E+01,2.388843E+01,6.824981E+01
05:09:00,8.015109E+03,5.991244E+02,5.580757E-01,5.290998E-02,0.000000E+00,0.000000E+00,0.000000E+00,0.000000E+00,0.000000E+00,0.000000E+00,0.000000E+00,0.000000E+00,2.110805E+01,7.995190E+01,2.388843E+01,6.825349E+01
05:10:00,8.015109E+03,5.989005E+02,5.580757E-01,5.289021E-02,0.000000E+00,0.000000E+00,0.000000E+00,0.000000E+00,0.000000E+00,0.000000E+00,0.000000E+00,0.000000E+00,2.110805E+01,7.995190E+01,2.388843E+01,6.825677E+01
05:11:00,8.015109E+03,5.987023E+02,5.580757E-01,5.287271E-02,0.000000E+00,0.000000E+00,0.000000E+00,0.000000E+00,0.000000E+00,0.000000E+00,0.000000E+00,0.000000E+00,2.110805E+01,7.995190E+01,2.388843E+01,6.825967E+01
05:12:00,8.015109E+03,5.985293E+02,5.580757E-01,5.285742E-02,0.000000E+00,0.000000E+00,0.000000E+00,0.000000E+00,0.000000E+00,0.000000E+00,0.000000E+00,0.000000E+00,2.110805E+01,7.995190E+01,2.388842E+01,6.826224E+01
05:13:00,8.015109E+03,5.983819E+02,5.580757E-01,5.284441E-02,0.000000E+00,0.000000E+00,0.000000E+00,0.000000E+00,0.000000E+00,0.000000E+00,0.000000E+00,0.000000E+00,2.110805E+01,7.995190E+01,2.388842E+01,6.826447E+01
05:14:00,8.015109E+03,5.982596E+02,5.580757E-01,5.283361E-02,0.000000E+00,0.000000E+00,0.000000E+00,0.000000E+00,0.000000E+00,0.000000E+00,0.000000E+00,0.000000E+00,2.110805E+01,7.995190E+01,2.388842E+01,6.826638E+01
05:15:00,8.015109E+03,5.981629E+02,5.580757E-01,5.282507E-02,0.000000E+00,0.000000E+00,0.000000E+00,0.000000E+00,0.000000E+00,0.000000E+00,0.000000E+00,0.000000E+00,2.110805E+01,7.995190E+01,2.388842E+01,6.826797E+01
05:16:00,8.015109E+03,5.981234E+02,5.580757E-01,5.282158E-02,0.000000E+00,0.000000E+00,0.000000E+00,0.000000E+00,0.000000E+00,0.000000E+00,0.000000E+00,0.000000E+00,2.110805E+01,7.995190E+01,2.388842E+01,6.826925E+01
05:17:00,8.015109E+03,5.981114E+02,5.580757E-01,5.282052E-02,0.000000E+00,0.000000E+00,0.000000E+00,0.000000E+00,0.000000E+00,0.000000E+00,0.000000E+00,0.000000E+00,2.110805E+01,7.995190E+01,2.388842E+01,6.826985E+01
05:18:00,8.015109E+03,5.981254E+02,5.580757E-01,5.282177E-02,0.000000E+00,0.000000E+00,0.000000E+00,0.000000E+00,0.000000E+00,0.000000E+00,0.000000E+00,0.000000E+00,2.110805E+01,7.995190E+01,2.388842E+01,6.826988E+01
05:19:00,8.015109E+03,5.981658E+02,5.580757E-01,5.282533E-02,0.000000E+00,0.000000E+00,0.000000E+00,0.000000E+00,0.000000E+00,0.000000E+00,0.000000E+00,0.000000E+00,2.110805E+01,7.995190E+01,2.388842E+01,6.826953E+01
05:20:00,8.015109E+03,5.982317E+02,5.580757E-01,5.283115E-02,0.000000E+00,0.000000E+00,0.000000E+00,0.000000E+00,0.000000E+00,0.000000E+00,0.000000E+00,0.000000E+00,2.110805E+01,7.995190E+01,2.388842E+01,6.826889E+01
05:21:00,8.015109E+03,5.983236E+02,5.580757E-01,5.283926E-02,0.000000E+00,0.000000E+00,0.000000E+00,0.000000E+00,0.000000E+00,0.000000E+00,0.000000E+00,0.000000E+00,2.110805E+01,7.995190E+01,2.388842E+01,6.826798E+01
05:22:00,8.015109E+03,5.984407E+02,5.580757E-01,5.284961E-02,0.000000E+00,0.000000E+00,0.000000E+00,0.000000E+00,0.000000E+00,0.000000E+00,0.000000E+00,0.000000E+00,2.110805E+01,7.995190E+01,2.388842E+01,6.826683E+01
05:23:00,8.015109E+03,5.985836E+02,5.580757E-01,5.286223E-02,0.000000E+00,0.000000E+00,0.000000E+00,0.000000E+00,0.000000E+00,0.000000E+00,0.000000E+00,0.000000E+00,2.110805E+01,7.995190E+01,2.388842E+01,6.826541E+01
05:24:00,8.015109E+03,5.987515E+02,5.580757E-01,5.287706E-02,0.000000E+00,0.000000E+00,0.000000E+00,0.000000E+00,0.000000E+00,0.000000E+00,0.000000E+00,0.000000E+00,2.110805E+01,7.995190E+01,2.388842E+01,6.826376E+01
05:25:00,8.015109E+03,5.989449E+02,5.580757E-01,5.289414E-02,0.000000E+00,0.000000E+00,0.000000E+00,0.000000E+00,0.000000E+00,0.000000E+00,0.000000E+00,0.000000E+00,2.110805E+01,7.995190E+01,2.388842E+01,6.826188E+01
05:26:00,8.015109E+03,5.991630E+02,5.580757E-01,5.291340E-02,0.000000E+00,0.000000E+00,0.000000E+00,0.000000E+00,0.000000E+00,0.000000E+00,0.000000E+00,0.000000E+00,2.110805E+01,7.995190E+01,2.388841E+01,6.825976E+01
05:27:00,8.015109E+03,5.994060E+02,5.580757E-01,5.293487E-02,0.000000E+00,0.000000E+00,0.000000E+00,0.000000E+00,0.000000E+00,0.000000E+00,0.000000E+00,0.000000E+00,2.110805E+01,7.995190E+01,2.388841E+01,6.825742E+01
05:28:00,8.015109E+03,5.996737E+02,5.580757E-01,5.295850E-02,0.000000E+00,0.000000E+00,0.000000E+00,0.000000E+00,0.000000E+00,0.000000E+00,0.000000E+00,0.000000E+00,2.110805E+01,7.995190E+01,2.388841E+01,6.825487E+01
05:29:00,8.015109E+03,5.999662E+02,5.580757E-01,5.298434E-02,0.000000E+00,0.000000E+00,0.000000E+00,0.000000E+00,0.000000E+00,0.000000E+00,0.000000E+00,0.000000E+00,2.110805E+01,7.995190E+01,2.388841E+01,6.825212E+01
05:30:00,8.015109E+03,6.002830E+02,5.580757E-01,5.301232E-02,0.000000E+00,0.000000E+00,0.000000E+00,0.000000E+00,0.000000E+00,0.000000E+00,0.000000E+00,0.000000E+00,2.110805E+01,7.995190E+01,2.388841E+01,6.824917E+01
05:31:00,8.015109E+03,6.006243E+02,5.580757E-01,5.304246E-02,0.000000E+00,0.000000E+00,0.000000E+00,0.000000E+00,0.000000E+00,0.000000E+00,0.000000E+00,0.000000E+00,2.110805E+01,7.995190E+01,2.388841E+01,6.824603E+01
05:32:00,8.015109E+03,6.009896E+02,5.580757E-01,5.307473E-02,0.000000E+00,0.000000E+00,0.000000E+00,0.000000E+00,0.000000E+00,0.000000E+00,0.000000E+00,0.000000E+00,2.110805E+01,7.995190E+01,2.388841E+01,6.824270E+01
05:33:00,8.015109E+03,6.013792E+02,5.580757E-01,5.310913E-02,0.000000E+00,0.000000E+00,0.000000E+00,0.000000E+00,0.000000E+00,0.000000E+00,0.000000E+00,0.000000E+00,2.110805E+01,7.995190E+01,2.388841E+01,6.823920E+01
05:34:00,8.015109E+03,6.017923E+02,5.580757E-01,5.314562E-02,0.000000E+00,0.000000E+00,0.000000E+00,0.000000E+00,0.000000E+00,0.000000E+00,0.000000E+00,0.000000E+00,2.110805E+01,7.995190E+01,2.388841E+01,6.823552E+01
05:35:00,8.015109E+03,6.022294E+02,5.580757E-01,5.318421E-02,0.000000E+00,0.000000E+00,0.000000E+00,0.000000E+00,0.000000E+00,0.000000E+00,0.000000E+00,0.000000E+00,2.110805E+01,7.995190E+01,2.388841E+01,6.823168E+01
05:36:00,8.015109E+03,6.026897E+02,5.580757E-01,5.322487E-02,0.000000E+00,0.000000E+00,0.000000E+00,0.000000E+00,0.000000E+00,0.000000E+00,0.000000E+00,0.000000E+00,2.110805E+01,7.995190E+01,2.388841E+01,6.822769E+01
05:37:00,8.015109E+03,6.031736E+02,5.580757E-01,5.326760E-02,0.000000E+00,0.000000E+00,0.000000E+00,0.000000E+00,0.000000E+00,0.000000E+00,0.000000E+00,0.000000E+00,2.110805E+01,7.995190E+01,2.388841E+01,6.822354E+01
05:38:00,8.015109E+03,6.036803E+02,5.580757E-01,5.331236E-02,0.000000E+00,0.000000E+00,0.000000E+00,0.000000E+00,0.000000E+00,0.000000E+00,0.000000E+00,0.000000E+00,2.110805E+01,7.995190E+01,2.388841E+01,6.821924E+01
05:39:00,8.015109E+03,6.041761E+02,5.580757E-01,5.335615E-02,0.000000E+00,0.000000E+00,0.000000E+00,0.000000E+00,0.000000E+00,0.000000E+00,0.000000E+00,0.000000E+00,2.110805E+01,7.995190E+01,2.388841E+01,6.821481E+01
05:40:00,8.015109E+03,6.046883E+02,5.580757E-01,5.340138E-02,0.000000E+00,0.000000E+00,0.000000E+00,0.000000E+00,0.000000E+00,0.000000E+00,0.000000E+00,0.000000E+00,2.110805E+01,7.995190E+01,2.388841E+01,6.821025E+01
05:41:00,8.015109E+03,6.052176E+02,5.580757E-01,5.344813E-02,0.000000E+00,0.000000E+00,0.000000E+00,0.000000E+00,0.000000E+00,0.000000E+00,0.000000E+00,0.000000E+00,2.110805E+01,7.995190E+01,2.388841E+01,6.820555E+01
05:42:00,8.015109E+03,6.057641E+02,5.580757E-01,5.349639E-02,0.000000E+00,0.000000E+00,0.000000E+00,0.000000E+00,0.000000E+00,0.000000E+00,0.000000E+00,0.000000E+00,2.110805E+01,7.995190E+01,2.388841E+01,6.820073E+01
05:43:00,8.015109E+03,6.063274E+02,5.580757E-01,5.354614E-02,0.000000E+00,0.000000E+00,0.000000E+00,0.000000E+00,0.000000E+00,0.000000E+00,0.000000E+00,0.000000E+00,2.110805E+01,7.995190E+01,2.388841E+01,6.819580E+01
05:44:00,8.015109E+03,6.069074E+02,5.580757E-01,5.359736E-02,0.000000E+00,0.000000E+00,0.000000E+00,0.000000E+00,0.000000E+00,0.000000E+00,0.000000E+00,0.000000E+00,2.110805E+01,7.995190E+01,2.388841E+01,6.819075E+01
05:45:00,8.015109E+03,6.075038E+02,5.580757E-01,5.365004E-02,0.000000E+00,0.000000E+00,0.000000E+00,0.000000E+00,0.000000E+00,0.000000E+00,0.000000E+00,0.000000E+00,2.110805E+01,7.995190E+01,2.388841E+01,6.818560E+01
05:46:00,8.015109E+03,6.081095E+02,5.580757E-01,5.370352E-02,0.000000E+00,0.000000E+00,0.000000E+00,0.000000E+00,0.000000E+00,0.000000E+00,0.000000E+00,0.000000E+00,2.110805E+01,7.995190E+01,2.388841E+01,6.818034E+01
05:47:00,8.015109E+03,6.087289E+02,5.580757E-01,5.375823E-02,0.000000E+00,0.000000E+00,0.000000E+00,0.000000E+00,0.000000E+00,0.000000E+00,0.000000E+00,0.000000E+00,2.110805E+01,7.995190E+01,2.388840E+01,6.817499E+01
05:48:00,8.015109E+03,6.093618E+02,5.580757E-01,5.381413E-02,0.000000E+00,0.000000E+00,0.000000E+00,0.000000E+00,0.000000E+00,0.000000E+00,0.000000E+00,0.000000E+00,2.110805E+01,7.995190E+01,2.388840E+01,6.816954E+01
05:49:00,8.015109E+03,6.100079E+02,5.580757E-01,5.387119E-02,0.000000E+00,0.000000E+00,0.000000E+00,0.000000E+00,0.000000E+00,0.000000E+00,0.000000E+00,0.000000E+00,2.110805E+01,7.995190E+01,2.388840E+01,6.816400E+01
05:50:00,8.015109E+03,6.106666E+02,5.580757E-01,5.392936E-02,0.000000E+00,0.000000E+00,0.000000E+00,0.000000E+00,0.000000E+00,0.000000E+00,0.000000E+00,0.000000E+00,2.110805E+01,7.995190E+01,2.388840E+01,6.815837E+01
05:51:00,8.015109E+03,6.113374E+02,5.580757E-01,5.398860E-02,0.000000E+00,0.000000E+00,0.000000E+00,0.000000E+00,0.000000E+00,0.000000E+00,0.000000E+00,0.000000E+00,2.110805E+01,7.995190E+01,2.388840E+01,6.815267E+01
05:52:00,8.015109E+03,6.120198E+02,5.580757E-01,5.404887E-02,0.000000E+00,0.000000E+00,0.000000E+00,0.000000E+00,0.000000E+00,0.000000E+00,0.000000E+00,0.000000E+00,2.110805E+01,7.995190E+01,2.388840E+01,6.814689E+01
05:53:00,8.015109E+03,6.127134E+02,5.580757E-01,5.411013E-02,0.000000E+00,0.000000E+00,0.000000E+00,0.000000E+00,0.000000E+00,0.000000E+00,0.000000E+00,0.000000E+00,2.110805E+01,7.995190E+01,2.388840E+01,6.814103E+01
05:54:00,8.015109E+03,6.134178E+02,5.580757E-01,5.417234E-02,0.000000E+00,0.000000E+00,0.000000E+00,0.000000E+00,0.000000E+00,0.000000E+00,0.000000E+00,0.000000E+00,2.110805E+01,7.995190E+01,2.388840E+01,6.813511E+01
05:55:00,8.015109E+03,6.141326E+02,5.580757E-01,5.423546E-02,0.000000E+00,0.000000E+00,0.000000E+00,0.000000E+00,0.000000E+00,0.000000E+00,0.000000E+00,0.000000E+00,2.110805E+01,7.995190E+01,2.388840E+01,6.812912E+01
05:56:00,8.015109E+03,6.148418E+02,5.580757E-01,5.429809E-02,0.000000E+00,0.000000E+00,0.000000E+00,0.000000E+00,0.000000E+00,0.000000E+00,0.000000E+00,0.000000E+00,2.110805E+01,7.995190E+01,2.388840E+01,6.812306E+01
05:57:00,8.015109E+03,6.155587E+02,5.580757E-01,5.436141E-02,0.000000E+00,0.000000E+00,0.000000E+00,0.000000E+00,0.000000E+00,0.000000E+00,0.000000E+00,0.000000E+00,2.110805E+01,7.995190E+01,2.388840E+01,6.811694E+01
05:58:00,8.015109E+03,6.162834E+02,5.580757E-01,5.442541E-02,0.000000E+00,0.000000E+00,0.000000E+00,0.000000E+00,0.000000E+00,0.000000E+00,0.000000E+00,0.000000E+00,2.110805E+01,7.995190E+01,2.388840E+01,6.811076E+01
05:59:00,8.015109E+03,6.170160E+02,5.580757E-01,5.449011E-02,0.000000E+00,0.000000E+00,0.000000E+00,0.000000E+00,0.000000E+00,0.000000E+00,0.000000E+00,0.000000E+00,2.110805E+01,7.995190E+01,2.388840E+01,6.810452E+01
06:00:00,8.015109E+03,6.177561E+02,5.580757E-01,5.455548E-02,0.000000E+00,0.000000E+00,0.000000E+00,0.000000E+00,0.000000E+00,0.000000E+00,0.000000E+00,0.000000E+00,2.110805E+01,7.995190E+01,2.388840E+01,6.809823E+01
06:01:00,8.015109E+03,6.185065E+02,5.580757E-01,5.462175E-02,0.000000E+00,0.000000E+00,0.000000E+00,0.000000E+00,0.000000E+00,0.000000E+00,0.000000E+00,0.000000E+00,2.110805E+01,7.995190E+01,2.388840E+01,6.809189E+01
06:02:00,8.015109E+03,6.192671E+02,5.580757E-01,5.468892E-02,0.000000E+00,0.000000E+00,0.000000E+00,0.000000E+00,0.000000E+00,0.000000E+00,0.000000E+00,0.000000E+00,2.110805E+01,7.995190E+01,2.388840E+01,6.808532E+01
06:03:00,8.015109E+03,6.200374E+02,5.580757E-01,5.475695E-02,0.000000E+00,0.000000E+00,0.000000E+00,0.000000E+00,0.000000E+00,0.000000E+00,0.000000E+00,0.000000E+00,2.110805E+01,7.995190E+01,2.388840E+01,6.807843E+01
06:04:00,8.015109E+03,6.208175E+02,5.580757E-01,5.482584E-02,0.000000E+00,0.000000E+00,0.000000E+00,0.000000E+00,0.000000E+00,0.000000E+00,0.000000E+00,0.000000E+00,2.110805E+01,7.995190E+01,2.388840E+01,6.807118E+01
06:05:00,8.015109E+03,6.216070E+02,5.580757E-01,5.489558E-02,0.000000E+00,0.000000E+00,0.000000E+00,0.000000E+00,0.000000E+00,0.000000E+00,0.000000E+00,0.000000E+00,2.110805E+01,7.995190E+01,2.388840E+01,6.806358E+01
06:06:00,8.015109E+03,6.224052E+02,5.580757E-01,5.496606E-02,0.000000E+00,0.000000E+00,0.000000E+00,0.000000E+00,0.000000E+00,0.000000E+00,0.000000E+00,0.000000E+00,2.110805E+01,7.995190E+01,2.388839E+01,6.805565E+01
06:07:00,8.015109E+03,6.232125E+02,5.580757E-01,5.503736E-02,0.000000E+00,0.000000E+00,0.000000E+00,0.000000E+00,0.000000E+00,0.000000E+00,0.000000E+00,0.000000E+00,2.110805E+01,7.995190E+01,2.388839E+01,6.804740E+01
06:08:00,8.015109E+03,6.240290E+02,5.580757E-01,5.510947E-02,0.000000E+00,0.000000E+00,0.000000E+00,0.000000E+00,0.000000E+00,0.000000E+00,0.000000E+00,0.000000E+00,2.110805E+01,7.995190E+01,2.388839E+01,6.803884E+01
06:09:00,8.015109E+03,6.248560E+02,5.580757E-01,5.518251E-02,0.000000E+00,0.000000E+00,0.000000E+00,0.000000E+00,0.000000E+00,0.000000E+00,0.000000E+00,0.000000E+00,2.110805E+01,7.995190E+01,2.388839E+01,6.802999E+01
06:10:00,8.015109E+03,6.256946E+02,5.580757E-01,5.525658E-02,0.000000E+00,0.000000E+00,0.000000E+00,0.000000E+00,0.000000E+00,0.000000E+00,0.000000E+00,0.000000E+00,2.110805E+01,7.995190E+01,2.388839E+01,6.802084E+01
06:11:00,8.015109E+03,6.265448E+02,5.580757E-01,5.533166E-02,0.000000E+00,0.000000E+00,0.000000E+00,0.000000E+00,0.000000E+00,0.000000E+00,0.000000E+00,0.000000E+00,2.110805E+01,7.995190E+01,2.388839E+01,6.801141E+01
06:12:00,8.015109E+03,6.274067E+02,5.580757E-01,5.540777E-02,0.000000E+00,0.000000E+00,0.000000E+00,0.000000E+00,0.000000E+00,0.000000E+00,0.000000E+00,0.000000E+00,2.110805E+01,7.995190E+01,2.388839E+01,6.800169E+01
06:13:00,8.015109E+03,6.282801E+02,5.580757E-01,5.548491E-02,0.000000E+00,0.000000E+00,0.000000E+00,0.000000E+00,0.000000E+00,0.000000E+00,0.000000E+00,0.000000E+00,2.110805E+01,7.995190E+01,2.388839E+01,6.799170E+01
06:14:00,8.015109E+03,6.291652E+02,5.580758E-01,5.556308E-02,0.000000E+00,0.000000E+00,0.000000E+00,0.000000E+00,0.000000E+00,0.000000E+00,0.000000E+00,0.000000E+00,2.110805E+01,7.995190E+01,2.388839E+01,6.798145E+01
06:15:00,8.015109E+03,6.300619E+02,5.580758E-01,5.564227E-02,0.000000E+00,0.000000E+00,0.000000E+00,0.000000E+00,0.000000E+00,0.000000E+00,0.000000E+00,0.000000E+00,2.110805E+01,7.995190E+01,2.388839E+01,6.797094E+01
06:16:00,8.015109E+03,6.309379E+02,5.580758E-01,5.571964E-02,0.000000E+00,0.000000E+00,0.000000E+00,0.000000E+00,0.000000E+00,0.000000E+00,0.000000E+00,0.000000E+00,2.110805E+01,7.995190E+01,2.388839E+01,6.796018E+01
06:17:00,8.015109E+03,6.318236E+02,5.580758E-01,5.579786E-02,0.000000E+00,0.000000E+00,0.000000E+00,0.000000E+00,0.000000E+00,0.000000E+00,0.000000E+00,0.000000E+00,2.110805E+01,7.995190E+01,2.388839E+01,6.794918E+01
06:18:00,8.015109E+03,6.327199E+02,5.580758E-01,5.587702E-02,0.000000E+00,0.000000E+00,0.000000E+00,0.000000E+00,0.000000E+00,0.000000E+00,0.000000E+00,0.000000E+00,2.110805E+01,7.995190E+01,2.388838E+01,6.793794E+01
06:19:00,8.015109E+03,6.336270E+02,5.580758E-01,5.595713E-02,0.000000E+00,0.000000E+00,0.000000E+00,0.000000E+00,0.000000E+00,0.000000E+00,0.000000E+00,0.000000E+00,2.110805E+01,7.995190E+01,2.388838E+01,6.792647E+01
06:20:00,8.015109E+03,6.345450E+02,5.580758E-01,5.603820E-02,0.000000E+00,0.000000E+00,0.000000E+00,0.000000E+00,0.000000E+00,0.000000E+00,0.000000E+00,0.000000E+00,2.110805E+01,7.995190E+01,2.388838E+01,6.791477E+01
06:21:00,8.015109E+03,6.354741E+02,5.580758E-01,5.612026E-02,0.000000E+00,0.000000E+00,0.000000E+00,0.000000E+00,0.000000E+00,0.000000E+00,0.000000E+00,0.000000E+00,2.110805E+01,7.995190E+01,2.388838E+01,6.790286E+01
06:22:00,8.015109E+03,6.364144E+02,5.580758E-01,5.620330E-02,0.000000E+00,0.000000E+00,0.000000E+00,0.000000E+00,0.000000E+00,0.000000E+00,0.000000E+00,0.000000E+00,2.110805E+01,7.995190E+01,2.388838E+01,6.789073E+01
06:23:00,8.015109E+03,6.373660E+02,5.580758E-01,5.628734E-02,0.000000E+00,0.000000E+00,0.000000E+00,0.000000E+00,0.000000E+00,0.000000E+00,0.000000E+00,0.000000E+00,2.110805E+01,7.995190E+01,2.388838E+01,6.787840E+01
06:24:00,8.015109E+03,6.383291E+02,5.580758E-01,5.637240E-02,0.000000E+00,0.000000E+00,0.000000E+00,0.000000E+00,0.000000E+00,0.000000E+00,0.000000E+00,0.000000E+00,2.110805E+01,7.995190E+01,2.388838E+01,6.786586E+01
06:25:00,8.015109E+03,6.393037E+02,5.580758E-01,5.645847E-02,0.000000E+00,0.000000E+00,0.000000E+00,0.000000E+00,0.000000E+00,0.000000E+00,0.000000E+00,0.000000E+00,2.110805E+01,7.995190E+01,2.388838E+01,6.785313E+01
06:26:00,8.015109E+03,6.402900E+02,5.580758E-01,5.654558E-02,0.000000E+00,0.000000E+00,0.000000E+00,0.000000E+00,0.000000E+00,0.000000E+00,0.000000E+00,0.000000E+00,2.110805E+01,7.995190E+01,2.388838E+01,6.784020E+01
06:27:00,8.015109E+03,6.413320E+02,5.580758E-01,5.663760E-02,0.000000E+00,0.000000E+00,0.000000E+00,0.000000E+00,0.000000E+00,0.000000E+00,0.000000E+00,0.000000E+00,2.110805E+01,7.995190E+01,2.388838E+01,6.782709E+01
06:28:00,8.015109E+03,6.423876E+02,5.580758E-01,5.673083E-02,0.000000E+00,0.000000E+00,0.000000E+00,0.000000E+00,0.000000E+00,0.000000E+00,0.000000E+00,0.000000E+00,2.110805E+01,7.995190E+01,2.388837E+01,6.781329E+01
06:29:00,8.015109E+03,6.434570E+02,5.580758E-01,5.682527E-02,0.000000E+00,0.000000E+00,0.000000E+00,0.000000E+00,0.000000E+00,0.000000E+00,0.000000E+00,0.000000E+00,2.110805E+01,7.995190E+01,2.388837E+01,6.779896E+01
06:30:00,8.015109E+03,6.445391E+02,5.580758E-01,5.692084E-02,0.000000E+00,0.000000E+00,0.000000E+00,0.000000E+00,0.000000E+00,0.000000E+00,0.000000E+00,0.000000E+00,2.110805E+01,7.995190E+01,2.388837E+01,6.778434E+01
06:31:00,8.015109E+03,6.456344E+02,5.580758E-01,5.701757E-02,0.000000E+00,0.000000E+00,0.000000E+00,0.000000E+00,0.000000E+00,0.000000E+00,0.000000E+00,0.000000E+00,2.110805E+01,7.995190E+01,2.388837E+01,6.776953E+01
06:32:00,8.015109E+03,6.467429E+02,5.580758E-01,5.711547E-02,0.000000E+00,0.000000E+00,0.000000E+00,0.000000E+00,0.000000E+00,0.000000E+00,0.000000E+00,0.000000E+00,2.110805E+01,7.995190E+01,2.388837E+01,6.775458E+01
06:33:00,8.015109E+03,6.478647E+02,5.580758E-01,5.721454E-02,0.000000E+00,0.000000E+00,0.000000E+00,0.000000E+00,0.000000E+00,0.000000E+00,0.000000E+00,0.000000E+00,2.110805E+01,7.995190E+01,2.388837E+01,6.773948E+01
06:34:00,8.015109E+03,6.489998E+02,5.580758E-01,5.731479E-02,0.000000E+00,0.000000E+00,0.000000E+00,0.000000E+00,0.000000E+00,0.000000E+00,0.000000E+00,0.000000E+00,2.110805E+01,7.995190E+01,2.388837E+01,6.772425E+01
06:35:00,8.015109E+03,6.501485E+02,5.580758E-01,5.741624E-02,0.000000E+00,0.000000E+00,0.000000E+00,0.000000E+00,0.000000E+00,0.000000E+00,0.000000E+00,0.000000E+00,2.110805E+01,7.995190E+01,2.388837E+01,6.770887E+01
06:36:00,8.015109E+03,6.513109E+02,5.580758E-01,5.751889E-02,0.000000E+00,0.000000E+00,0.000000E+00,0.000000E+00,0.000000E+00,0.000000E+00,0.000000E+00,0.000000E+00,2.110805E+01,7.995190E+01,2.388837E+01,6.769335E+01
06:37:00,8.015109E+03,6.524871E+02,5.580758E-01,5.762277E-02,0.000000E+00,0.000000E+00,0.000000E+00,0.000000E+00,0.000000E+00,0.000000E+00,0.000000E+00,0.000000E+00,2.110805E+01,7.995190E+01,2.388837E+01,6.767769E+01
06:38:00,8.015109E+03,6.536773E+02,5.580758E-01,5.772788E-02,0.000000E+00,0.000000E+00,0.000000E+00,0.000000E+00,0.000000E+00,0.000000E+00,0.000000E+00,0.000000E+00,2.110805E+01,7.995190E+01,2.388837E+01,6.766191E+01
06:39:00,8.015109E+03,6.548815E+02,5.580758E-01,5.783424E-02,0.000000E+00,0.000000E+00,0.000000E+00,0.000000E+00,0.000000E+00,0.000000E+00,0.000000E+00,0.000000E+00,2.110805E+01,7.995190E+01,2.388837E+01,6.764599E+01
06:40:00,8.015109E+03,6.561001E+02,5.580758E-01,5.794185E-02,0.000000E+00,0.000000E+00,0.000000E+00,0.000000E+00,0.000000E+00,0.000000E+00,0.000000E+00,0.000000E+00,2.110805E+01,7.995190E+01,2.388836E+01,6.762995E+01
06:41:00,8.015109E+03,6.573331E+02,5.580758E-01,5.805075E-02,0.000000E+00,0.000000E+00,0.000000E+00,0.000000E+00,0.000000E+00,0.000000E+00,0.000000E+00,0.000000E+00,2.110805E+01,7.995190E+01,2.388836E+01,6.761378E+01
06:42:00,8.015109E+03,6.585807E+02,5.580758E-01,5.816093E-02,0.000000E+00,0.000000E+00,0.000000E+00,0.000000E+00,0.000000E+00,0.000000E+00,0.000000E+00,0.000000E+00,2.110805E+01,7.995190E+01,2.388836E+01,6.759750E+01
06:43:00,8.015109E+03,6.598431E+02,5.580758E-01,5.827242E-02,0.000000E+00,0.000000E+00,0.000000E+00,0.000000E+00,0.000000E+00,0.000000E+00,0.000000E+00,0.000000E+00,2.110805E+01,7.995190E+01,2.388836E+01,6.758109E+01
06:44:00,8.015109E+03,6.611204E+02,5.580758E-01,5.838522E-02,0.000000E+00,0.000000E+00,0.000000E+00,0.000000E+00,0.000000E+00,0.000000E+00,0.000000E+00,0.000000E+00,2.110805E+01,7.995190E+01,2.388836E+01,6.756456E+01
06:45:00,8.015109E+03,6.624128E+02,5.580758E-01,5.849936E-02,0.000000E+00,0.000000E+00,0.000000E+00,0.000000E+00,0.000000E+00,0.000000E+00,0.000000E+00,0.000000E+00,2.110805E+01,7.995190E+01,2.388836E+01,6.754792E+01
06:46:00,8.015109E+03,6.637204E+02,5.580758E-01,5.861485E-02,0.000000E+00,0.000000E+00,0.000000E+00,0.000000E+00,0.000000E+00,0.000000E+00,0.000000E+00,0.000000E+00,2.110805E+01,7.995190E+01,2.388836E+01,6.753117E+01
06:47:00,8.015109E+03,6.650435E+02,5.580758E-01,5.873170E-02,0.000000E+00,0.000000E+00,0.000000E+00,0.000000E+00,0.000000E+00,0.000000E+00,0.000000E+00,0.000000E+00,2.110805E+01,7.995190E+01,2.388836E+01,6.751431E+01
06:48:00,8.015109E+03,6.663822E+02,5.580758E-01,5.884993E-02,0.000000E+00,0.000000E+00,0.000000E+00,0.000000E+00,0.000000E+00,0.000000E+00,0.000000E+00,0.000000E+00,2.110805E+01,7.995190E+01,2.388836E+01,6.749734E+01
06:49:00,8.015109E+03,6.677368E+02,5.580758E-01,5.896956E-02,0.000000E+00,0.000000E+00,0.000000E+00,0.000000E+00,0.000000E+00,0.000000E+00,0.000000E+00,0.000000E+00,2.110805E+01,7.995190E+01,2.388836E+01,6.748025E+01
06:50:00,8.015109E+03,6.691074E+02,5.580758E-01,5.909060E-02,0.000000E+00,0.000000E+00,0.000000E+00,0.000000E+00,0.000000E+00,0.000000E+00,0.000000E+00,0.000000E+00,2.110805E+01,7.995190E+01,2.388836E+01,6.746307E+01
06:51:00,8.015109E+03,6.704942E+02,5.580758E-01,5.921308E-02,0.000000E+00,0.000000E+00,0.000000E+00,0.000000E+00,0.000000E+00,0.000000E+00,0.000000E+00,0.000000E+00,2.110805E+01,7.995190E+01,2.388836E+01,6.744578E+01
06:52:00,8.015109E+03,6.718973E+02,5.580758E-01,5.933699E-02,0.000000E+00,0.000000E+00,0.000000E+00,0.000000E+00,0.000000E+00,0.000000E+00,0.000000E+00,0.000000E+00,2.110805E+01,7.995190E+01,2.388835E+01,6.742838E+01
06:53:00,8.015109E+03,6.733169E+02,5.580758E-01,5.946237E-02,0.000000E+00,0.000000E+00,0.000000E+00,0.000000E+00,0.000000E+00,0.000000E+00,0.000000E+00,0.000000E+00,2.110805E+01,7.995190E+01,2.388835E+01,6.741089E+01
06:54:00,8.015109E+03,6.747532E+02,5.580758E-01,5.958921E-02,0.000000E+00,0.000000E+00,0.000000E+00,0.000000E+00,0.000000E+00,0.000000E+00,0.000000E+00,0.000000E+00,2.110805E+01,7.995190E+01,2.388835E+01,6.739329E+01
06:55:00,8.015109E+03,6.762062E+02,5.580758E-01,5.971754E-02,0.000000E+00,0.000000E+00,0.000000E+00,0.000000E+00,0.000000E+00,0.000000E+00,0.000000E+00,0.000000E+00,2.110805E+01,7.995190E+01,2.388835E+01,6.737559E+01
06:56:00,8.015109E+03,6.776763E+02,5.580758E-01,5.984737E-02,0.000000E+00,0.000000E+00,0.000000E+00,0.000000E+00,0.000000E+00,0.000000E+00,0.000000E+00,0.000000E+00,2.110805E+01,7.995190E+01,2.388835E+01,6.735779E+01
06:57:00,8.015109E+03,6.791634E+02,5.580758E-01,5.997871E-02,0.000000E+00,0.000000E+00,0.000000E+00,0.000000E+00,0.000000E+00,0.000000E+00,0.000000E+00,0.000000E+00,2.110805E+01,7.995190E+01,2.388835E+01,6.733990E+01
06:58:00,8.015109E+03,6.806679E+02,5.580758E-01,6.011157E-02,0.000000E+00,0.000000E+00,0.000000E+00,0.000000E+00,0.000000E+00,0.000000E+00,0.000000E+00,0.000000E+00,2.110805E+01,7.995190E+01,2.388835E+01,6.732190E+01
06:59:00,8.015109E+03,6.821898E+02,5.580758E-01,6.024598E-02,0.000000E+00,0.000000E+00,0.000000E+00,0.000000E+00,0.000000E+00,0.000000E+00,0.000000E+00,0.000000E+00,2.110805E+01,7.995190E+01,2.388835E+01,6.730381E+01
07:00:00,8.015109E+03,6.837293E+02,5.580758E-01,6.038194E-02,0.000000E+00,0.000000E+00,0.000000E+00,0.000000E+00,0.000000E+00,0.000000E+00,0.000000E+00,0.000000E+00,2.110805E+01,7.995190E+01,2.388835E+01,6.728563E+01
07:01:00,8.015109E+03,6.853011E+02,5.580758E-01,6.052076E-02,0.000000E+00,0.000000E+00,0.000000E+00,0.000000E+00,0.000000E+00,0.000000E+00,0.000000E+00,0.000000E+00,2.110805E+01,7.995190E+01,2.388835E+01,6.726735E+01
07:02:00,8.015109E+03,6.869051E+02,5.580758E-01,6.066242E-02,0.000000E+00,0.000000E+00,0.000000E+00,0.000000E+00,0.000000E+00,0.000000E+00,0.000000E+00,0.000000E+00,2.110805E+01,7.995190E+01,2.388835E+01,6.724864E+01
07:03:00,8.015109E+03,6.885414E+02,5.580758E-01,6.080693E-02,0.000000E+00,0.000000E+00,0.000000E+00,0.000000E+00,0.000000E+00,0.000000E+00,0.000000E+00,0.000000E+00,2.110805E+01,7.995190E+01,2.388834E+01,6.722930E+01
07:04:00,8.015109E+03,6.902104E+02,5.580758E-01,6.095433E-02,0.000000E+00,0.000000E+00,0.000000E+00,0.000000E+00,0.000000E+00,0.000000E+00,0.000000E+00,0.000000E+00,2.110805E+01,7.995190E+01,2.388834E+01,6.720926E+01
07:05:00,8.015109E+03,6.919120E+02,5.580758E-01,6.110461E-02,0.000000E+00,0.000000E+00,0.000000E+00,0.000000E+00,0.000000E+00,0.000000E+00,0.000000E+00,0.000000E+00,2.110805E+01,7.995190E+01,2.388834E+01,6.718854E+01
07:06:00,8.015109E+03,6.936474E+02,5.580758E-01,6.125787E-02,0.000000E+00,0.000000E+00,0.000000E+00,0.000000E+00,0.000000E+00,0.000000E+00,0.000000E+00,0.000000E+00,2.110805E+01,7.995190E+01,2.388834E+01,6.716716E+01
07:07:00,8.015109E+03,6.954158E+02,5.580758E-01,6.141405E-02,0.000000E+00,0.000000E+00,0.000000E+00,0.000000E+00,0.000000E+00,0.000000E+00,0.000000E+00,0.000000E+00,2.110805E+01,7.995190E+01,2.388834E+01,6.714516E+01
07:08:00,8.015109E+03,6.972175E+02,5.580758E-01,6.157317E-02,0.000000E+00,0.000000E+00,0.000000E+00,0.000000E+00,0.000000E+00,0.000000E+00,0.000000E+00,0.000000E+00,2.110805E+01,7.995190E+01,2.388833E+01,6.712254E+01
07:09:00,8.015109E+03,6.990526E+02,5.580758E-01,6.173523E-02,0.000000E+00,0.000000E+00,0.000000E+00,0.000000E+00,0.000000E+00,0.000000E+00,0.000000E+00,0.000000E+00,2.110805E+01,7.995190E+01,2.388833E+01,6.709932E+01
07:10:00,8.015109E+03,7.009212E+02,5.580758E-01,6.190026E-02,0.000000E+00,0.000000E+00,0.000000E+00,0.000000E+00,0.000000E+00,0.000000E+00,0.000000E+00,0.000000E+00,2.110805E+01,7.995190E+01,2.388833E+01,6.707551E+01
07:11:00,8.015109E+03,7.028232E+02,5.580758E-01,6.206824E-02,0.000000E+00,0.000000E+00,0.000000E+00,0.000000E+00,0.000000E+00,0.000000E+00,0.000000E+00,0.000000E+00,2.110805E+01,7.995190E+01,2.388833E+01,6.705114E+01
07:12:00,8.015109E+03,7.047578E+02,5.580758E-01,6.223909E-02,0.000000E+00,0.000000E+00,0.000000E+00,0.000000E+00,0.000000E+00,0.000000E+00,0.000000E+00,0.000000E+00,2.110805E+01,7.995190E+01,2.388833E+01,6.702621E+01
07:13:00,8.015109E+03,7.067251E+02,5.580758E-01,6.241284E-02,0.000000E+00,0.000000E+00,0.000000E+00,0.000000E+00,0.000000E+00,0.000000E+00,0.000000E+00,0.000000E+00,2.110805E+01,7.995190E+01,2.388832E+01,6.700076E+01
07:14:00,8.015109E+03,7.087256E+02,5.580758E-01,6.258951E-02,0.000000E+00,0.000000E+00,0.000000E+00,0.000000E+00,0.000000E+00,0.000000E+00,0.000000E+00,0.000000E+00,2.110805E+01,7.995190E+01,2.388832E+01,6.697481E+01
07:15:00,8.015109E+03,7.107596E+02,5.580758E-01,6.276915E-02,0.000000E+00,0.000000E+00,0.000000E+00,0.000000E+00,0.000000E+00,0.000000E+00,0.000000E+00,0.000000E+00,2.110805E+01,7.995190E+01,2.388832E+01,6.694837E+01
07:16:00,8.015109E+03,7.128275E+02,5.580758E-01,6.295178E-02,0.000000E+00,0.000000E+00,0.000000E+00,0.000000E+00,0.000000E+00,0.000000E+00,0.000000E+00,0.000000E+00,2.110805E+01,7.995190E+01,2.388832E+01,6.692145E+01
07:17:00,8.015109E+03,7.149298E+02,5.580758E-01,6.313744E-02,0.000000E+00,0.000000E+00,0.000000E+00,0.000000E+00,0.000000E+00,0.000000E+00,0.000000E+00,0.000000E+00,2.110805E+01,7.995190E+01,2.388832E+01,6.689405E+01
07:18:00,8.015109E+03,7.170667E+02,5.580758E-01,6.332617E-02,0.000000E+00,0.000000E+00,0.000000E+00,0.000000E+00,0.000000E+00,0.000000E+00,0.000000E+00,0.000000E+00,2.110805E+01,7.995190E+01,2.388831E+01,6.686619E+01
07:19:00,8.015109E+03,7.192389E+02,5.580758E-01,6.351801E-02,0.000000E+00,0.000000E+00,0.000000E+00,0.000000E+00,0.000000E+00,0.000000E+00,0.000000E+00,0.000000E+00,2.110805E+01,7.995190E+01,2.388831E+01,6.683786E+01
07:20:00,8.015109E+03,7.214470E+02,5.580758E-01,6.371301E-02,0.000000E+00,0.000000E+00,0.000000E+00,0.000000E+00,0.000000E+00,0.000000E+00,0.000000E+00,0.000000E+00,2.110805E+01,7.995190E+01,2.388831E+01,6.680908E+01
07:21:00,8.015109E+03,7.236910E+02,5.580758E-01,6.391120E-02,0.000000E+00,0.000000E+00,0.000000E+00,0.000000E+00,0.000000E+00,0.000000E+00,0.000000E+00,0.000000E+00,2.110805E+01,7.995190E+01,2.388831E+01,6.677984E+01
07:22:00,8.015109E+03,7.259713E+02,5.580758E-01,6.411258E-02,0.000000E+00,0.000000E+00,0.000000E+00,0.000000E+00,0.000000E+00,0.000000E+00,0.000000E+00,0.000000E+00,2.110805E+01,7.995190E+01,2.388831E+01,6.675016E+01
07:23:00,8.015109E+03,7.282878E+02,5.580758E-01,6.431717E-02,0.000000E+00,0.000000E+00,0.000000E+00,0.000000E+00,0.000000E+00,0.000000E+00,0.000000E+00,0.000000E+00,2.110805E+01,7.995190E+01,2.388830E+01,6.672004E+01
07:24:00,8.015109E+03,7.306408E+02,5.580758E-01,6.452498E-02,0.000000E+00,0.000000E+00,0.000000E+00,0.000000E+00,0.000000E+00,0.000000E+00,0.000000E+00,0.000000E+00,2.110805E+01,7.995190E+01,2.388830E+01,6.668950E+01
07:25:00,8.015109E+03,7.330304E+02,5.580758E-01,6.473602E-02,0.000000E+00,0.000000E+00,0.000000E+00,0.000000E+00,0.000000E+00,0.000000E+00,0.000000E+00,0.000000E+00,2.110805E+01,7.995190E+01,2.388830E+01,6.665855E+01
07:26:00,8.015109E+03,7.354568E+02,5.580758E-01,6.495031E-02,0.000000E+00,0.000000E+00,0.000000E+00,0.000000E+00,0.000000E+00,0.000000E+00,0.000000E+00,0.000000E+00,2.110805E+01,7.995190E+01,2.388830E+01,6.662719E+01
07:27:00,8.015109E+03,7.378765E+02,5.580758E-01,6.516401E-02,0.000000E+00,0.000000E+00,0.000000E+00,0.000000E+00,0.000000E+00,0.000000E+00,0.000000E+00,0.000000E+00,2.110805E+01,7.995190E+01,2.388830E+01,6.659545E+01
07:28:00,8.015109E+03,7.403314E+02,5.580758E-01,6.538082E-02,0.000000E+00,0.000000E+00,0.000000E+00,0.000000E+00,0.000000E+00,0.000000E+00,0.000000E+00,0.000000E+00,2.110805E+01,7.995190E+01,2.388829E+01,6.656332E+01
07:29:00,8.015109E+03,7.428219E+02,5.580758E-01,6.560077E-02,0.000000E+00,0.000000E+00,0.000000E+00,0.000000E+00,0.000000E+00,0.000000E+00,0.000000E+00,0.000000E+00,2.110805E+01,7.995190E+01,2.388829E+01,6.653082E+01
07:30:00,8.015109E+03,7.453491E+02,5.580758E-01,6.582396E-02,0.000000E+00,0.000000E+00,0.000000E+00,0.000000E+00,0.000000E+00,0.000000E+00,0.000000E+00,0.000000E+00,2.110805E+01,7.995190E+01,2.388829E+01,6.649796E+01
07:31:00,8.015109E+03,7.479130E+02,5.580758E-01,6.605039E-02,0.000000E+00,0.000000E+00,0.000000E+00,0.000000E+00,0.000000E+00,0.000000E+00,0.000000E+00,0.000000E+00,2.110805E+01,7.995190E+01,2.388829E+01,6.646475E+01
07:32:00,8.015109E+03,7.505139E+02,5.580758E-01,6.628010E-02,0.000000E+00,0.000000E+00,0.000000E+00,0.000000E+00,0.000000E+00,0.000000E+00,0.000000E+00,0.000000E+00,2.110805E+01,7.995190E+01,2.388829E+01,6.643119E+01
07:33:00,8.015109E+03,7.531520E+02,5.580758E-01,6.651308E-02,0.000000E+00,0.000000E+00,0.000000E+00,0.000000E+00,0.000000E+00,0.000000E+00,0.000000E+00,0.000000E+00,2.110805E+01,7.995190E+01,2.388829E+01,6.639730E+01
07:34:00,8.015109E+03,7.558275E+02,5.580758E-01,6.674937E-02,0.000000E+00,0.000000E+00,0.000000E+00,0.000000E+00,0.000000E+00,0.000000E+00,0.000000E+00,0.000000E+00,2.110805E+01,7.995190E+01,2.388828E+01,6.636308E+01
07:35:00,8.015109E+03,7.585405E+02,5.580758E-01,6.698898E-02,0.000000E+00,0.000000E+00,0.000000E+00,0.000000E+00,0.000000E+00,0.000000E+00,0.000000E+00,0.000000E+00,2.110805E+01,7.995190E+01,2.388828E+01,6.632854E+01
07:36:00,8.015109E+03,7.612914E+02,5.580758E-01,6.723192E-02,0.000000E+00,0.000000E+00,0.000000E+00,0.000000E+00,0.000000E+00,0.000000E+00,0.000000E+00,0.000000E+00,2.110805E+01,7.995190E+01,2.388828E+01,6.629369E+01
07:37:00,8.015109E+03,7.640803E+02,5.580758E-01,6.747823E-02,0.000000E+00,0.000000E+00,0.000000E+00,0.000000E+00,0.000000E+00,0.000000E+00,0.000000E+00,0.000000E+00,2.110805E+01,7.995190E+01,2.388828E+01,6.625854E+01
07:38:00,8.015109E+03,7.669084E+02,5.580758E-01,6.772800E-02,0.000000E+00,0.000000E+00,0.000000E+00,0.000000E+00,0.000000E+00,0.000000E+00,0.000000E+00,0.000000E+00,2.110805E+01,7.995190E+01,2.388828E+01,6.622310E+01
07:39:00,8.015109E+03,7.697759E+02,5.580758E-01,6.798125E-02,0.000000E+00,0.000000E+00,0.000000E+00,0.000000E+00,0.000000E+00,0.000000E+00,0.000000E+00,0.000000E+00,2.110805E+01,7.995190E+01,2.388827E+01,6.618735E+01
07:40:00,8.015109E+03,7.726830E+02,5.580758E-01,6.823799E-02,0.000000E+00,0.000000E+00,0.000000E+00,0.000000E+00,0.000000E+00,0.000000E+00,0.000000E+00,0.000000E+00,2.110805E+01,7.995190E+01,2.388827E+01,6.615131E+01
07:41:00,8.015109E+03,7.756298E+02,5.580758E-01,6.849824E-02,0.000000E+00,0.000000E+00,0.000000E+00,0.000000E+00,0.000000E+00,0.000000E+00,0.000000E+00,0.000000E+00,2.110805E+01,7.995190E+01,2.388827E+01,6.611496E+01
07:42:00,8.015109E+03,7.786163E+02,5.580758E-01,6.876200E-02,0.000000E+00,0.000000E+00,0.000000E+00,0.000000E+00,0.000000E+00,0.000000E+00,0.000000E+00,0.000000E+00,2.110805E+01,7.995190E+01,2.388827E+01,6.607833E+01
07:43:00,8.015109E+03,7.816428E+02,5.580758E-01,6.902928E-02,0.000000E+00,0.000000E+00,0.000000E+00,0.000000E+00,0.000000E+00,0.000000E+00,0.000000E+00,0.000000E+00,2.110805E+01,7.995190E+01,2.388827E+01,6.604142E+01
07:44:00,8.015109E+03,7.847092E+02,5.580758E-01,6.930010E-02,0.000000E+00,0.000000E+00,0.000000E+00,0.000000E+00,0.000000E+00,0.000000E+00,0.000000E+00,0.000000E+00,2.110805E+01,7.995190E+01,2.388827E+01,6.600424E+01
07:45:00,8.015109E+03,7.878158E+02,5.580758E-01,6.957446E-02,0.000000E+00,0.000000E+00,0.000000E+00,0.000000E+00,0.000000E+00,0.000000E+00,0.000000E+00,0.000000E+00,2.110805E+01,7.995190E+01,2.388826E+01,6.596680E+01
07:46:00,8.015109E+03,7.909625E+02,5.580758E-01,6.985236E-02,0.000000E+00,0.000000E+00,0.000000E+00,0.000000E+00,0.000000E+00,0.000000E+00,0.000000E+00,0.000000E+00,2.110805E+01,7.995190E+01,2.388826E+01,6.592910E+01
07:47:00,8.015109E+03,7.941495E+02,5.580758E-01,7.013383E-02,0.000000E+00,0.000000E+00,0.000000E+00,0.000000E+00,0.000000E+00,0.000000E+00,0.000000E+00,0.000000E+00,2.110805E+01,7.995190E+01,2.388826E+01,6.589115E+01
07:48:00,8.015109E+03,7.973783E+02,5.580758E-01,7.041899E-02,0.000000E+00,0.000000E+00,0.000000E+00,0.000000E+00,0.000000E+00,0.000000E+00,0.000000E+00,0.000000E+00,2.110805E+01,7.995190E+01,2.388826E+01,6.585296E+01
07:49:00,8.015109E+03,8.006509E+02,5.580758E-01,7.070801E-02,0.000000E+00,0.000000E+00,0.000000E+00,0.000000E+00,0.000000E+00,0.000000E+00,0.000000E+00,0.000000E+00,2.110805E+01,7.995190E+01,2.388826E+01,6.581453E+01
07:50:00,8.015109E+03,8.039678E+02,5.580758E-01,7.100095E-02,0.000000E+00,0.000000E+00,0.000000E+00,0.000000E+00,0.000000E+00,0.000000E+00,0.000000E+00,0.000000E+00,2.110805E+01,7.995190E+01,2.388825E+01,6.577582E+01
07:51:00,8.015109E+03,8.073298E+02,5.580758E-01,7.129787E-02,0.000000E+00,0.000000E+00,0.000000E+00,0.000000E+00,0.000000E+00,0.000000E+00,0.000000E+00,0.000000E+00,2.110805E+01,7.995190E+01,2.388825E+01,6.573683E+01
07:52:00,8.015109E+03,8.107372E+02,5.580758E-01,7.159880E-02,0.000000E+00,0.000000E+00,0.000000E+00,0.000000E+00,0.000000E+00,0.000000E+00,0.000000E+00,0.000000E+00,2.110805E+01,7.995190E+01,2.388825E+01,6.569755E+01
07:53:00,8.015109E+03,8.141905E+02,5.580758E-01,7.190378E-02,0.000000E+00,0.000000E+00,0.000000E+00,0.000000E+00,0.000000E+00,0.000000E+00,0.000000E+00,0.000000E+00,2.110805E+01,7.995190E+01,2.388825E+01,6.565798E+01
07:54:00,8.015109E+03,8.176901E+02,5.580758E-01,7.221286E-02,0.000000E+00,0.000000E+00,0.000000E+00,0.000000E+00,0.000000E+00,0.000000E+00,0.000000E+00,0.000000E+00,2.110805E+01,7.995190E+01,2.388825E+01,6.561812E+01
07:55:00,8.015109E+03,8.212367E+02,5.580758E-01,7.252608E-02,0.000000E+00,0.000000E+00,0.000000E+00,0.000000E+00,0.000000E+00,0.000000E+00,0.000000E+00,0.000000E+00,2.110805E+01,7.995190E+01,2.388824E+01,6.557797E+01
07:56:00,8.015109E+03,8.248305E+02,5.580758E-01,7.284347E-02,0.000000E+00,0.000000E+00,0.000000E+00,0.000000E+00,0.000000E+00,0.000000E+00,0.000000E+00,0.000000E+00,2.110805E+01,7.995190E+01,2.388824E+01,6.553753E+01
07:57:00,8.015109E+03,8.284719E+02,5.580758E-01,7.316507E-02,0.000000E+00,0.000000E+00,0.000000E+00,0.000000E+00,0.000000E+00,0.000000E+00,0.000000E+00,0.000000E+00,2.110805E+01,7.995190E+01,2.388824E+01,6.549682E+01
07:58:00,8.015109E+03,8.321616E+02,5.580758E-01,7.349093E-02,0.000000E+00,0.000000E+00,0.000000E+00,0.000000E+00,0.000000E+00,0.000000E+00,0.000000E+00,0.000000E+00,2.110805E+01,7.995190E+01,2.388824E+01,6.545582E+01
07:59:00,8.015109E+03,8.358997E+02,5.580758E-01,7.382107E-02,0.000000E+00,0.000000E+00,0.000000E+00,0.000000E+00,0.000000E+00,0.000000E+00,0.000000E+00,0.000000E+00,2.110805E+01,7.995190E+01,2.388824E+01,6.541455E+01
08:00:00,8.015109E+03,8.396868E+02,5.580758E-01,7.415553E-02,0.000000E+00,0.000000E+00,0.000000E+00,0.000000E+00,0.000000E+00,0.000000E+00,0.000000E+00,0.000000E+00,2.110805E+01,7.995190E+01,2.388823E+01,6.537299E+01
08:01:00,8.015109E+03,8.435000E+02,5.580758E-01,7.449230E-02,0.000000E+00,0.000000E+00,0.000000E+00,0.000000E+00,0.000000E+00,0.000000E+00,0.000000E+00,0.000000E+00,2.110805E+01,7.995190E+01,2.388823E+01,6.533116E+01
08:02:00,8.015109E+03,8.473401E+02,5.580758E-01,7.483144E-02,0.000000E+00,0.000000E+00,0.000000E+00,0.000000E+00,0.000000E+00,0.000000E+00,0.000000E+00,0.000000E+00,2.110805E+01,7.995190E+01,2.388823E+01,6.528900E+01
08:03:00,8.015109E+03,8.512073E+02,5.580758E-01,7.517298E-02,0.000000E+00,0.000000E+00,0.000000E+00,0.000000E+00,0.000000E+00,0.000000E+00,0.000000E+00,0.000000E+00,2.110805E+01,7.995190E+01,2.388823E+01,6.524648E+01
08:04:00,8.015109E+03,8.551021E+02,5.580758E-01,7.551696E-02,0.000000E+00,0.000000E+00,0.000000E+00,0.000000E+00,0.000000E+00,0.000000E+00,0.000000E+00,0.000000E+00,2.110805E+01,7.995190E+01,2.388823E+01,6.520358E+01
08:05:00,8.015109E+03,8.590250E+02,5.580758E-01,7.586341E-02,0.000000E+00,0.000000E+00,0.000000E+00,0.000000E+00,0.000000E+00,0.000000E+00,0.000000E+00,0.000000E+00,2.110805E+01,7.995190E+01,2.388822E+01,6.516031E+01
08:06:00,8.015109E+03,8.629761E+02,5.580758E-01,7.621236E-02,0.000000E+00,0.000000E+00,0.000000E+00,0.000000E+00,0.000000E+00,0.000000E+00,0.000000E+00,0.000000E+00,2.110805E+01,7.995190E+01,2.388822E+01,6.511668E+01
08:07:00,8.015109E+03,8.669559E+02,5.580758E-01,7.656384E-02,0.000000E+00,0.000000E+00,0.000000E+00,0.000000E+00,0.000000E+00,0.000000E+00,0.000000E+00,0.000000E+00,2.110805E+01,7.995190E+01,2.388822E+01,6.507269E+01
08:08:00,8.015109E+03,8.709647E+02,5.580758E-01,7.691789E-02,0.000000E+00,0.000000E+00,0.000000E+00,0.000000E+00,0.000000E+00,0.000000E+00,0.000000E+00,0.000000E+00,2.110805E+01,7.995190E+01,2.388822E+01,6.502836E+01
08:09:00,8.015109E+03,8.750027E+02,5.580758E-01,7.727452E-02,0.000000E+00,0.000000E+00,0.000000E+00,0.000000E+00,0.000000E+00,0.000000E+00,0.000000E+00,0.000000E+00,2.110805E+01,7.995190E+01,2.388822E+01,6.498369E+01
08:10:00,8.015109E+03,8.790705E+02,5.580758E-01,7.763377E-02,0.000000E+00,0.000000E+00,0.000000E+00,0.000000E+00,0.000000E+00,0.000000E+00,0.000000E+00,0.000000E+00,2.110805E+01,7.995190E+01,2.388821E+01,6.493870E+01
08:11:00,8.015109E+03,8.831687E+02,5.580758E-01,7.799571E-02,0.000000E+00,0.000000E+00,0.000000E+00,0.000000E+00,0.000000E+00,0.000000E+00,0.000000E+00,0.000000E+00,2.110805E+01,7.995190E+01,2.388821E+01,6.489337E+01
08:12:00,8.015109E+03,8.872984E+02,5.580758E-01,7.836043E-02,0.000000E+00,0.000000E+00,0.000000E+00,0.000000E+00,0.000000E+00,0.000000E+00,0.000000E+00,0.000000E+00,2.110805E+01,7.995190E+01,2.388821E+01,6.484773E+01
08:13:00,8.015109E+03,8.914600E+02,5.580758E-01,7.872798E-02,0.000000E+00,0.000000E+00,0.000000E+00,0.000000E+00,0.000000E+00,0.000000E+00,0.000000E+00,0.000000E+00,2.110805E+01,7.995190E+01,2.388821E+01,6.480177E+01
08:14:00,8.015109E+03,8.956537E+02,5.580758E-01,7.909834E-02,0.000000E+00,0.000000E+00,0.000000E+00,0.000000E+00,0.000000E+00,0.000000E+00,0.000000E+00,0.000000E+00,2.110805E+01,7.995190E+01,2.388820E+01,6.475551E+01
08:15:00,8.015109E+03,8.998793E+02,5.580758E-01,7.947154E-02,0.000000E+00,0.000000E+00,0.000000E+00,0.000000E+00,0.000000E+00,0.000000E+00,0.000000E+00,0.000000E+00,2.110805E+01,7.995190E+01,2.388820E+01,6.470895E+01
08:16:00,8.015109E+03,9.041372E+02,5.580758E-01,7.984758E-02,0.000000E+00,0.000000E+00,0.000000E+00,0.000000E+00,0.000000E+00,0.000000E+00,0.000000E+00,0.000000E+00,2.110805E+01,7.995190E+01,2.388820E+01,6.466210E+01
08:17:00,8.015109E+03,9.084273E+02,5.580758E-01,8.022647E-02,0.000000E+00,0.000000E+00,0.000000E+00,0.000000E+00,0.000000E+00,0.000000E+00,0.000000E+00,0.000000E+00,2.110805E+01,7.995190E+01,2.388820E+01,6.461496E+01
08:18:00,8.015109E+03,9.127495E+02,5.580758E-01,8.060819E-02,0.000000E+00,0.000000E+00,0.000000E+00,0.000000E+00,0.000000E+00,0.000000E+00,0.000000E+00,0.000000E+00,2.110805E+01,7.995190E+01,2.388820E+01,6.456754E+01
08:19:00,8.015109E+03,9.171039E+02,5.580758E-01,8.099276E-02,0.000000E+00,0.000000E+00,0.000000E+00,0.000000E+00,0.000000E+00,0.000000E+00,0.000000E+00,0.000000E+00,2.110805E+01,7.995190E+01,2.388819E+01,6.451985E+01
08:20:00,8.015109E+03,9.214901E+02,5.580758E-01,8.138014E-02,0.000000E+00,0.000000E+00,0.000000E+00,0.000000E+00,0.000000E+00,0.000000E+00,0.000000E+00,0.000000E+00,2.110805E+01,7.995190E+01,2.388819E+01,6.447190E+01
08:21:00,8.015109E+03,9.259087E+02,5.580758E-01,8.177038E-02,0.000000E+00,0.000000E+00,0.000000E+00,0.000000E+00,0.000000E+00,0.000000E+00,0.000000E+00,0.000000E+00,2.110805E+01,7.995190E+01,2.388819E+01,6.442369E+01
08:22:00,8.015109E+03,9.303597E+02,5.580758E-01,8.216348E-02,0.000000E+00,0.000000E+00,0.000000E+00,0.000000E+00,0.000000E+00,0.000000E+00,0.000000E+00,0.000000E+00,2.110805E+01,7.995190E+01,2.388819E+01,6.437522E+01
08:23:00,8.015109E+03,9.348435E+02,5.580758E-01,8.255947E-02,0.000000E+00,0.000000E+00,0.000000E+00,0.000000E+00,0.000000E+00,0.000000E+00,0.000000E+00,0.000000E+00,2.110805E+01,7.995190E+01,2.388818E+01,6.432651E+01
08:24:00,8.015109E+03,9.393603E+02,5.580758E-01,8.295838E-02,0.000000E+00,0.000000E+00,0.000000E+00,0.000000E+00,0.000000E+00,0.000000E+00,0.000000E+00,0.000000E+00,2.110805E+01,7.995190E+01,2.388818E+01,6.427757E+01
08:25:00,8.015109E+03,9.439102E+02,5.580758E-01,8.336021E-02,0.000000E+00,0.000000E+00,0.000000E+00,0.000000E+00,0.000000E+00,0.000000E+00,0.000000E+00,0.000000E+00,2.110805E+01,7.995190E+01,2.388818E+01,6.422838E+01
08:26:00,8.015109E+03,9.484937E+02,5.580758E-01,8.376501E-02,0.000000E+00,0.000000E+00,0.000000E+00,0.000000E+00,0.000000E+00,0.000000E+00,0.000000E+00,0.000000E+00,2.110805E+01,7.995190E+01,2.388818E+01,6.417897E+01
08:27:00,8.015109E+03,9.531108E+02,5.580758E-01,8.417278E-02,0.000000E+00,0.000000E+00,0.000000E+00,0.000000E+00,0.000000E+00,0.000000E+00,0.000000E+00,0.000000E+00,2.110805E+01,7.995190E+01,2.388818E+01,6.412934E+01
08:28:00,8.015109E+03,9.577619E+02,5.580758E-01,8.458356E-02,0.000000E+00,0.000000E+00,0.000000E+00,0.000000E+00,0.000000E+00,0.000000E+00,0.000000E+00,0.000000E+00,2.110805E+01,7.995190E+01,2.388817E+01,6.407950E+01
08:29:00,8.015109E+03,9.624471E+02,5.580758E-01,8.499734E-02,0.000000E+00,0.000000E+00,0.000000E+00,0.000000E+00,0.000000E+00,0.000000E+00,0.000000E+00,0.000000E+00,2.110805E+01,7.995190E+01,2.388817E+01,6.402945E+01
08:30:00,8.015109E+03,9.671666E+02,5.580758E-01,8.541415E-02,0.000000E+00,0.000000E+00,0.000000E+00,0.000000E+00,0.000000E+00,0.000000E+00,0.000000E+00,0.000000E+00,2.110805E+01,7.995190E+01,2.388817E+01,6.397920E+01
08:31:00,8.015109E+03,9.719208E+02,5.580758E-01,8.583403E-02,0.000000E+00,0.000000E+00,0.000000E+00,0.000000E+00,0.000000E+00,0.000000E+00,0.000000E+00,0.000000E+00,2.110805E+01,7.995190E+01,2.388817E+01,6.392876E+01
08:32:00,8.015109E+03,9.767096E+02,5.580758E-01,8.625696E-02,0.000000E+00,0.000000E+00,0.000000E+00,0.000000E+00,0.000000E+00,0.000000E+00,0.000000E+00,0.000000E+00,2.110805E+01,7.995190E+01,2.388817E+01,6.387813E+01
08:33:00,8.015109E+03,9.815335E+02,5.580758E-01,8.668299E-02,0.000000E+00,0.000000E+00,0.000000E+00,0.000000E+00,0.000000E+00,0.000000E+00,0.000000E+00,0.000000E+00,2.110805E+01,7.995190E+01,2.388816E+01,6.382731E+01
08:34:00,8.015109E+03,9.863924E+02,5.580758E-01,8.711211E-02,0.000000E+00,0.000000E+00,0.000000E+00,0.000000E+00,0.000000E+00,0.000000E+00,0.000000E+00,0.000000E+00,2.110805E+01,7.995190E+01,2.388816E+01,6.377633E+01
08:35:00,8.015109E+03,9.912866E+02,5.580758E-01,8.754436E-02,0.000000E+00,0.000000E+00,0.000000E+00,0.000000E+00,0.000000E+00,0.000000E+00,0.000000E+00,0.000000E+00,2.110805E+01,7.995190E+01,2.388816E+01,6.372517E+01
08:36:00,8.015109E+03,9.962162E+02,5.580758E-01,8.797973E-02,0.000000E+00,0.000000E+00,0.000000E+00,0.000000E+00,0.000000E+00,0.000000E+00,0.000000E+00,0.000000E+00,2.110805E+01,7.995190E+01,2.388816E+01,6.367384E+01
08:37:00,8.015109E+03,1.001181E+03,5.580758E-01,8.841823E-02,0.000000E+00,0.000000E+00,0.000000E+00,0.000000E+00,0.000000E+00,0.000000E+00,0.000000E+00,0.000000E+00,2.110805E+01,7.995190E+01,2.388816E+01,6.362237E+01
08:38:00,8.015109E+03,1.006181E+03,5.580758E-01,8.885978E-02,0.000000E+00,0.000000E+00,0.000000E+00,0.000000E+00,0.000000E+00,0.000000E+00,0.000000E+00,0.000000E+00,2.110805E+01,7.995190E+01,2.388815E+01,6.357073E+01
08:39:00,8.015109E+03,1.011215E+03,5.580758E-01,8.930441E-02,0.000000E+00,0.000000E+00,0.000000E+00,0.000000E+00,0.000000E+00,0.000000E+00,0.000000E+00,0.000000E+00,2.110805E+01,7.995190E+01,2.388815E+01,6.351896E+01
08:40:00,8.015109E+03,1.016284E+03,5.580758E-01,8.975208E-02,0.000000E+00,0.000000E+00,0.000000E+00,0.000000E+00,0.000000E+00,0.000000E+00,0.000000E+00,0.000000E+00,2.110805E+01,7.995190E+01,2.388815E+01,6.346705E+01
08:41:00,8.015110E+03,1.021389E+03,5.580758E-01,9.020289E-02,0.000000E+00,0.000000E+00,0.000000E+00,0.000000E+00,0.000000E+00,0.000000E+00,0.000000E+00,0.000000E+00,2.110805E+01,7.995190E+01,2.388815E+01,6.341501E+01
08:42:00,8.015110E+03,1.026528E+03,5.580758E-01,9.065681E-02,0.000000E+00,0.000000E+00,0.000000E+00,0.000000E+00,0.000000E+00,0.000000E+00,0.000000E+00,0.000000E+00,2.110805E+01,7.995190E+01,2.388815E+01,6.336283E+01
08:43:00,8.015110E+03,1.031703E+03,5.580758E-01,9.111386E-02,0.000000E+00,0.000000E+00,0.000000E+00,0.000000E+00,0.000000E+00,0.000000E+00,0.000000E+00,0.000000E+00,2.110805E+01,7.995190E+01,2.388814E+01,6.331054E+01
08:44:00,8.015110E+03,1.036914E+03,5.580758E-01,9.157406E-02,0.000000E+00,0.000000E+00,0.000000E+00,0.000000E+00,0.000000E+00,0.000000E+00,0.000000E+00,0.000000E+00,2.110805E+01,7.995190E+01,2.388814E+01,6.325813E+01
08:45:00,8.015110E+03,1.042161E+03,5.580758E-01,9.203740E-02,0.000000E+00,0.000000E+00,0.000000E+00,0.000000E+00,0.000000E+00,0.000000E+00,0.000000E+00,0.000000E+00,2.110805E+01,7.995190E+01,2.388814E+01,6.320561E+01
08:46:00,8.015110E+03,1.047443E+03,5.580758E-01,9.250394E-02,0.000000E+00,0.000000E+00,0.000000E+00,0.000000E+00,0.000000E+00,0.000000E+00,0.000000E+00,0.000000E+00,2.110805E+01,7.995190E+01,2.388814E+01,6.315298E+01
08:47:00,8.015110E+03,1.052761E+03,5.580758E-01,9.297364E-02,0.000000E+00,0.000000E+00,0.000000E+00,0.000000E+00,0.000000E+00,0.000000E+00,0.000000E+00,0.000000E+00,2.110805E+01,7.995190E+01,2.388814E+01,6.310026E+01
08:48:00,8.015110E+03,1.058115E+03,5.580758E-01,9.344642E-02,0.000000E+00,0.000000E+00,0.000000E+00,0.000000E+00,0.000000E+00,0.000000E+00,0.000000E+00,0.000000E+00,2.110805E+01,7.995190E+01,2.388813E+01,6.304744E+01
08:49:00,8.015110E+03,1.063501E+03,5.580758E-01,9.392211E-02,0.000000E+00,0.000000E+00,0.000000E+00,0.000000E+00,0.000000E+00,0.000000E+00,0.000000E+00,0.000000E+00,2.110805E+01,7.995190E+01,2.388813E+01,6.299454E+01
08:50:00,8.015110E+03,1.068920E+03,5.580758E-01,9.440070E-02,0.000000E+00,0.000000E+00,0.000000E+00,0.000000E+00,0.000000E+00,0.000000E+00,0.000000E+00,0.000000E+00,2.110805E+01,7.995190E+01,2.388813E+01,6.294156E+01
08:51:00,8.015110E+03,1.074371E+03,5.580758E-01,9.488213E-02,0.000000E+00,0.000000E+00,0.000000E+00,0.000000E+00,0.000000E+00,0.000000E+00,0.000000E+00,0.000000E+00,2.110805E+01,7.995190E+01,2.388813E+01,6.288850E+01
08:52:00,8.015110E+03,1.079854E+03,5.580758E-01,9.536639E-02,0.000000E+00,0.000000E+00,0.000000E+00,0.000000E+00,0.000000E+00,0.000000E+00,0.000000E+00,0.000000E+00,2.110805E+01,7.995190E+01,2.388813E+01,6.283537E+01
08:53:00,8.015110E+03,1.085369E+03,5.580758E-01,9.585347E-02,0.000000E+00,0.000000E+00,0.000000E+00,0.000000E+00,0.000000E+00,0.000000E+00,0.000000E+00,0.000000E+00,2.110805E+01,7.995190E+01,2.388812E+01,6.278217E+01
08:54:00,8.015110E+03,1.090949E+03,5.580758E-01,9.634625E-02,0.000000E+00,0.000000E+00,0.000000E+00,0.000000E+00,0.000000E+00,0.000000E+00,0.000000E+00,0.000000E+00,2.110805E+01,7.995190E+01,2.388812E+01,6.272892E+01
08:55:00,8.015110E+03,1.096560E+03,5.580758E-01,9.684185E-02,0.000000E+00,0.000000E+00,0.000000E+00,0.000000E+00,0.000000E+00,0.000000E+00,0.000000E+00,0.000000E+00,2.110805E+01,7.995190E+01,2.388812E+01,6.267530E+01
08:56:00,8.015110E+03,1.102204E+03,5.580758E-01,9.734026E-02,0.000000E+00,0.000000E+00,0.000000E+00,0.000000E+00,0.000000E+00,0.000000E+00,0.000000E+00,0.000000E+00,2.110805E+01,7.995190E+01,2.388812E+01,6.262143E+01
08:57:00,8.015110E+03,1.107878E+03,5.580758E-01,9.784142E-02,0.000000E+00,0.000000E+00,0.000000E+00,0.000000E+00,0.000000E+00,0.000000E+00,0.000000E+00,0.000000E+00,2.110805E+01,7.995190E+01,2.388811E+01,6.256745E+01
08:58:00,8.015110E+03,1.113584E+03,5.580758E-01,9.834530E-02,0.000000E+00,0.000000E+00,0.000000E+00,0.000000E+00,0.000000E+00,0.000000E+00,0.000000E+00,0.000000E+00,2.110805E+01,7.995190E+01,2.388811E+01,6.251343E+01
08:59:00,8.015110E+03,1.119319E+03,5.580758E-01,9.885186E-02,0.000000E+00,0.000000E+00,0.000000E+00,0.000000E+00,0.000000E+00,0.000000E+00,0.000000E+00,0.000000E+00,2.110805E+01,7.995190E+01,2.388811E+01,6.245940E+01
09:00:00,8.015110E+03,1.125085E+03,5.580758E-01,9.936110E-02,0.000000E+00,0.000000E+00,0.000000E+00,0.000000E+00,0.000000E+00,0.000000E+00,0.000000E+00,0.000000E+00,2.110805E+01,7.995190E+01,2.388811E+01,6.240536E+01
09:01:00,8.015110E+03,1.130870E+03,5.580758E-01,9.987195E-02,0.000000E+00,0.000000E+00,0.000000E+00,0.000000E+00,0.000000E+00,0.000000E+00,0.000000E+00,0.000000E+00,2.110805E+01,7.995190E+01,2.388811E+01,6.235132E+01
09:02:00,8.015110E+03,1.136672E+03,5.580758E-01,1.003844E-01,0.000000E+00,0.000000E+00,0.000000E+00,0.000000E+00,0.000000E+00,0.000000E+00,0.000000E+00,0.000000E+00,2.110805E+01,7.995190E+01,2.388811E+01,6.229733E+01
09:03:00,8.015110E+03,1.142492E+03,5.580758E-01,1.008985E-01,0.000000E+00,0.000000E+00,0.000000E+00,0.000000E+00,0.000000E+00,0.000000E+00,0.000000E+00,0.000000E+00,2.110805E+01,7.995190E+01,2.388810E+01,6.224343E+01
09:04:00,8.015110E+03,1.148330E+03,5.580758E-01,1.014141E-01,0.000000E+00,0.000000E+00,0.000000E+00,0.000000E+00,0.000000E+00,0.000000E+00,0.000000E+00,0.000000E+00,2.110805E+01,7.995190E+01,2.388810E+01,6.218964E+01
09:05:00,8.015110E+03,1.154186E+03,5.580758E-01,1.019312E-01,0.000000E+00,0.000000E+00,0.000000E+00,0.000000E+00,0.000000E+00,0.000000E+00,0.000000E+00,0.000000E+00,2.110805E+01,7.995190E+01,2.388810E+01,6.213595E+01
09:06:00,8.015110E+03,1.160059E+03,5.580758E-01,1.024499E-01,0.000000E+00,0.000000E+00,0.000000E+00,0.000000E+00,0.000000E+00,0.000000E+00,0.000000E+00,0.000000E+00,2.110805E+01,7.995190E+01,2.388810E+01,6.208236E+01
09:07:00,8.015110E+03,1.165948E+03,5.580758E-01,1.029700E-01,0.000000E+00,0.000000E+00,0.000000E+00,0.000000E+00,0.000000E+00,0.000000E+00,0.000000E+00,0.000000E+00,2.110805E+01,7.995190E+01,2.388810E+01,6.202888E+01
09:08:00,8.015110E+03,1.171854E+03,5.580758E-01,1.034916E-01,0.000000E+00,0.000000E+00,0.000000E+00,0.000000E+00,0.000000E+00,0.000000E+00,0.000000E+00,0.000000E+00,2.110805E+01,7.995190E+01,2.388810E+01,6.197551E+01
09:09:00,8.015110E+03,1.177776E+03,5.580758E-01,1.040147E-01,0.000000E+00,0.000000E+00,0.000000E+00,0.000000E+00,0.000000E+00,0.000000E+00,0.000000E+00,0.000000E+00,2.110805E+01,7.995190E+01,2.388809E+01,6.192225E+01
09:10:00,8.015110E+03,1.183714E+03,5.580758E-01,1.045391E-01,0.000000E+00,0.000000E+00,0.000000E+00,0.000000E+00,0.000000E+00,0.000000E+00,0.000000E+00,0.000000E+00,2.110805E+01,7.995190E+01,2.388809E+01,6.186908E+01
09:11:00,8.015110E+03,1.189668E+03,5.580758E-01,1.050649E-01,0.000000E+00,0.000000E+00,0.000000E+00,0.000000E+00,0.000000E+00,0.000000E+00,0.000000E+00,0.000000E+00,2.110805E+01,7.995190E+01,2.388809E+01,6.181603E+01
09:12:00,8.015110E+03,1.195638E+03,5.580758E-01,1.055921E-01,0.000000E+00,0.000000E+00,0.000000E+00,0.000000E+00,0.000000E+00,0.000000E+00,0.000000E+00,0.000000E+00,2.110805E+01,7.995190E+01,2.388809E+01,6.176309E+01
09:13:00,8.015110E+03,1.201622E+03,5.580758E-01,1.061206E-01,0.000000E+00,0.000000E+00,0.000000E+00,0.000000E+00,0.000000E+00,0.000000E+00,0.000000E+00,0.000000E+00,2.110805E+01,7.995190E+01,2.388809E+01,6.171027E+01
09:14:00,8.015110E+03,1.207621E+03,5.580758E-01,1.066505E-01,0.000000E+00,0.000000E+00,0.000000E+00,0.000000E+00,0.000000E+00,0.000000E+00,0.000000E+00,0.000000E+00,2.110805E+01,7.995190E+01,2.388809E+01,6.165756E+01
09:15:00,8.015110E+03,1.213635E+03,5.580758E-01,1.071816E-01,0.000000E+00,0.000000E+00,0.000000E+00,0.000000E+00,0.000000E+00,0.000000E+00,0.000000E+00,0.000000E+00,2.110805E+01,7.995190E+01,2.388809E+01,6.160497E+01
09:16:00,8.015110E+03,1.219662E+03,5.580758E-01,1.077139E-01,0.000000E+00,0.000000E+00,0.000000E+00,0.000000E+00,0.000000E+00,0.000000E+00,0.000000E+00,0.000000E+00,2.110805E+01,7.995190E+01,2.388808E+01,6.155249E+01
09:17:00,8.015110E+03,1.225704E+03,5.580758E-01,1.082475E-01,0.000000E+00,0.000000E+00,0.000000E+00,0.000000E+00,0.000000E+00,0.000000E+00,0.000000E+00,0.000000E+00,2.110805E+01,7.995190E+01,2.388808E+01,6.150013E+01
09:18:00,8.015110E+03,1.231760E+03,5.580758E-01,1.087823E-01,0.000000E+00,0.000000E+00,0.000000E+00,0.000000E+00,0.000000E+00,0.000000E+00,0.000000E+00,0.000000E+00,2.110805E+01,7.995190E+01,2.388808E+01,6.144790E+01
09:19:00,8.015110E+03,1.237828E+03,5.580758E-01,1.093183E-01,0.000000E+00,0.000000E+00,0.000000E+00,0.000000E+00,0.000000E+00,0.000000E+00,0.000000E+00,0.000000E+00,2.110805E+01,7.995190E+01,2.388808E+01,6.139578E+01
09:20:00,8.015110E+03,1.243910E+03,5.580758E-01,1.098554E-01,0.000000E+00,0.000000E+00,0.000000E+00,0.000000E+00,0.000000E+00,0.000000E+00,0.000000E+00,0.000000E+00,2.110805E+01,7.995190E+01,2.388808E+01,6.134379E+01
09:21:00,8.015110E+03,1.250004E+03,5.580758E-01,1.103937E-01,0.000000E+00,0.000000E+00,0.000000E+00,0.000000E+00,0.000000E+00,0.000000E+00,0.000000E+00,0.000000E+00,2.110805E+01,7.995190E+01,2.388808E+01,6.129193E+01
09:22:00,8.015110E+03,1.256111E+03,5.580758E-01,1.109330E-01,0.000000E+00,0.000000E+00,0.000000E+00,0.000000E+00,0.000000E+00,0.000000E+00,0.000000E+00,0.000000E+00,2.110805E+01,7.995190E+01,2.388808E+01,6.124019E+01
09:23:00,8.015110E+03,1.262230E+03,5.580758E-01,1.114734E-01,0.000000E+00,0.000000E+00,0.000000E+00,0.000000E+00,0.000000E+00,0.000000E+00,0.000000E+00,0.000000E+00,2.110805E+01,7.995190E+01,2.388807E+01,6.118858E+01
09:24:00,8.015110E+03,1.268361E+03,5.580758E-01,1.120149E-01,0.000000E+00,0.000000E+00,0.000000E+00,0.000000E+00,0.000000E+00,0.000000E+00,0.000000E+00,0.000000E+00,2.110805E+01,7.995190E+01,2.388807E+01,6.113710E+01
09:25:00,8.015110E+03,1.274504E+03,5.580758E-01,1.125574E-01,0.000000E+00,0.000000E+00,0.000000E+00,0.000000E+00,0.000000E+00,0.000000E+00,0.000000E+00,0.000000E+00,2.110805E+01,7.995190E+01,2.388807E+01,6.108575E+01
09:26:00,8.015110E+03,1.280657E+03,5.580758E-01,1.131008E-01,0.000000E+00,0.000000E+00,0.000000E+00,0.000000E+00,0.000000E+00,0.000000E+00,0.000000E+00,0.000000E+00,2.110805E+01,7.995190E+01,2.388807E+01,6.103453E+01
09:27:00,8.015110E+03,1.286822E+03,5.580758E-01,1.136453E-01,0.000000E+00,0.000000E+00,0.000000E+00,0.000000E+00,0.000000E+00,0.000000E+00,0.000000E+00,0.000000E+00,2.110805E+01,7.995190E+01,2.388807E+01,6.098346E+01
09:28:00,8.015110E+03,1.292997E+03,5.580758E-01,1.141906E-01,0.000000E+00,0.000000E+00,0.000000E+00,0.000000E+00,0.000000E+00,0.000000E+00,0.000000E+00,0.000000E+00,2.110805E+01,7.995190E+01,2.388807E+01,6.093252E+01
09:29:00,8.015110E+03,1.299182E+03,5.580758E-01,1.147369E-01,0.000000E+00,0.000000E+00,0.000000E+00,0.000000E+00,0.000000E+00,0.000000E+00,0.000000E+00,0.000000E+00,2.110805E+01,7.995190E+01,2.388807E+01,6.088172E+01
09:30:00,8.015110E+03,1.305377E+03,5.580758E-01,1.152841E-01,0.000000E+00,0.000000E+00,0.000000E+00,0.000000E+00,0.000000E+00,0.000000E+00,0.000000E+00,0.000000E+00,2.110805E+01,7.995190E+01,2.388806E+01,6.083105E+01
09:31:00,8.015110E+03,1.311582E+03,5.580758E-01,1.158321E-01,0.000000E+00,0.000000E+00,0.000000E+00,0.000000E+00,0.000000E+00,0.000000E+00,0.000000E+00,0.000000E+00,2.110805E+01,7.995190E+01,2.388806E+01,6.078054E+01
09:32:00,8.015110E+03,1.317797E+03,5.580758E-01,1.163809E-01,0.000000E+00,0.000000E+00,0.000000E+00,0.000000E+00,0.000000E+00,0.000000E+00,0.000000E+00,0.000000E+00,2.110805E+01,7.995190E+01,2.388806E+01,6.073016E+01
09:33:00,8.015110E+03,1.324020E+03,5.580758E-01,1.169306E-01,0.000000E+00,0.000000E+00,0.000000E+00,0.000000E+00,0.000000E+00,0.000000E+00,0.000000E+00,0.000000E+00,2.110805E+01,7.995190E+01,2.388806E+01,6.067993E+01
09:34:00,8.015110E+03,1.330253E+03,5.580758E-01,1.174810E-01,0.000000E+00,0.000000E+00,0.000000E+00,0.000000E+00,0.000000E+00,0.000000E+00,0.000000E+00,0.000000E+00,2.110805E+01,7.995190E+01,2.388806E+01,6.062985E+01
09:35:00,8.015110E+03,1.336493E+03,5.580758E-01,1.180322E-01,0.000000E+00,0.000000E+00,0.000000E+00,0.000000E+00,0.000000E+00,0.000000E+00,0.000000E+00,0.000000E+00,2.110805E+01,7.995190E+01,2.388806E+01,6.057992E+01
09:36:00,8.015110E+03,1.342742E+03,5.580758E-01,1.185841E-01,0.000000E+00,0.000000E+00,0.000000E+00,0.000000E+00,0.000000E+00,0.000000E+00,0.000000E+00,0.000000E+00,2.110805E+01,7.995190E+01,2.388806E+01,6.053013E+01
09:37:00,8.015110E+03,1.348999E+03,5.580758E-01,1.191366E-01,0.000000E+00,0.000000E+00,0.000000E+00,0.000000E+00,0.000000E+00,0.000000E+00,0.000000E+00,0.000000E+00,2.110805E+01,7.995190E+01,2.388805E+01,6.048050E+01
09:38:00,8.015110E+03,1.355264E+03,5.580758E-01,1.196899E-01,0.000000E+00,0.000000E+00,0.000000E+00,0.000000E+00,0.000000E+00,0.000000E+00,0.000000E+00,0.000000E+00,2.110805E+01,7.995190E+01,2.388805E+01,6.043102E+01
09:39:00,8.015110E+03,1.361536E+03,5.580758E-01,1.202438E-01,0.000000E+00,0.000000E+00,0.000000E+00,0.000000E+00,0.000000E+00,0.000000E+00,0.000000E+00,0.000000E+00,2.110805E+01,7.995190E+01,2.388805E+01,6.038169E+01
09:40:00,8.015110E+03,1.367815E+03,5.580758E-01,1.207984E-01,0.000000E+00,0.000000E+00,0.000000E+00,0.000000E+00,0.000000E+00,0.000000E+00,0.000000E+00,0.000000E+00,2.110805E+01,7.995190E+01,2.388805E+01,6.033252E+01
09:41:00,8.015110E+03,1.374100E+03,5.580758E-01,1.213535E-01,0.000000E+00,0.000000E+00,0.000000E+00,0.000000E+00,0.000000E+00,0.000000E+00,0.000000E+00,0.000000E+00,2.110805E+01,7.995190E+01,2.388805E+01,6.028351E+01
09:42:00,8.015110E+03,1.380392E+03,5.580758E-01,1.219092E-01,0.000000E+00,0.000000E+00,0.000000E+00,0.000000E+00,0.000000E+00,0.000000E+00,0.000000E+00,0.000000E+00,2.110805E+01,7.995190E+01,2.388805E+01,6.023465E+01
09:43:00,8.015110E+03,1.386690E+03,5.580758E-01,1.224654E-01,0.000000E+00,0.000000E+00,0.000000E+00,0.000000E+00,0.000000E+00,0.000000E+00,0.000000E+00,0.000000E+00,2.110805E+01,7.995190E+01,2.388805E+01,6.018595E+01
09:44:00,8.015110E+03,1.392994E+03,5.580758E-01,1.230222E-01,0.000000E+00,0.000000E+00,0.000000E+00,0.000000E+00,0.000000E+00,0.000000E+00,0.000000E+00,0.000000E+00,2.110805E+01,7.995190E+01,2.388805E+01,6.013742E+01
09:45:00,8.015110E+03,1.399303E+03,5.580758E-01,1.235794E-01,0.000000E+00,0.000000E+00,0.000000E+00,0.000000E+00,0.000000E+00,0.000000E+00,0.000000E+00,0.000000E+00,2.110805E+01,7.995190E+01,2.388804E+01,6.008904E+01
09:46:00,8.015110E+03,1.405618E+03,5.580758E-01,1.241371E-01,0.000000E+00,0.000000E+00,0.000000E+00,0.000000E+00,0.000000E+00,0.000000E+00,0.000000E+00,0.000000E+00,2.110805E+01,7.995190E+01,2.388804E+01,6.004083E+01
09:47:00,8.015110E+03,1.411937E+03,5.580758E-01,1.246952E-01,0.000000E+00,0.000000E+00,0.000000E+00,0.000000E+00,0.000000E+00,0.000000E+00,0.000000E+00,0.000000E+00,2.110805E+01,7.995190E+01,2.388804E+01,5.999279E+01
09:48:00,8.015110E+03,1.418261E+03,5.580758E-01,1.252537E-01,0.000000E+00,0.000000E+00,0.000000E+00,0.000000E+00,0.000000E+00,0.000000E+00,0.000000E+00,0.000000E+00,2.110805E+01,7.995190E+01,2.388804E+01,5.994490E+01
09:49:00,8.015110E+03,1.424590E+03,5.580758E-01,1.258126E-01,0.000000E+00,0.000000E+00,0.000000E+00,0.000000E+00,0.000000E+00,0.000000E+00,0.000000E+00,0.000000E+00,2.110805E+01,7.995190E+01,2.388804E+01,5.989719E+01
09:50:00,8.015110E+03,1.430922E+03,5.580758E-01,1.263719E-01,0.000000E+00,0.000000E+00,0.000000E+00,0.000000E+00,0.000000E+00,0.000000E+00,0.000000E+00,0.000000E+00,2.110805E+01,7.995190E+01,2.388804E+01,5.984964E+01
09:51:00,8.015110E+03,1.437259E+03,5.580758E-01,1.269315E-01,0.000000E+00,0.000000E+00,0.000000E+00,0.000000E+00,0.000000E+00,0.000000E+00,0.000000E+00,0.000000E+00,2.110805E+01,7.995190E+01,2.388804E+01,5.980227E+01
09:52:00,8.015110E+03,1.443598E+03,5.580758E-01,1.274914E-01,0.000000E+00,0.000000E+00,0.000000E+00,0.000000E+00,0.000000E+00,0.000000E+00,0.000000E+00,0.000000E+00,2.110805E+01,7.995190E+01,2.388804E+01,5.975506E+01
09:53:00,8.015110E+03,1.449941E+03,5.580758E-01,1.280516E-01,0.000000E+00,0.000000E+00,0.000000E+00,0.000000E+00,0.000000E+00,0.000000E+00,0.000000E+00,0.000000E+00,2.110805E+01,7.995190E+01,2.388803E+01,5.970802E+01
09:54:00,8.015110E+03,1.456254E+03,5.580758E-01,1.286091E-01,0.000000E+00,0.000000E+00,0.000000E+00,0.000000E+00,0.000000E+00,0.000000E+00,0.000000E+00,0.000000E+00,2.110805E+01,7.995190E+01,2.388803E+01,5.966116E+01
09:55:00,8.015110E+03,1.462568E+03,5.580758E-01,1.291668E-01,0.000000E+00,0.000000E+00,0.000000E+00,0.000000E+00,0.000000E+00,0.000000E+00,0.000000E+00,0.000000E+00,2.110805E+01,7.995190E+01,2.388803E+01,5.961447E+01
09:56:00,8.015110E+03,1.468883E+03,5.580758E-01,1.297245E-01,0.000000E+00,0.000000E+00,0.000000E+00,0.000000E+00,0.000000E+00,0.000000E+00,0.000000E+00,0.000000E+00,2.110805E+01,7.995190E+01,2.388803E+01,5.956795E+01
09:57:00,8.015110E+03,1.475201E+03,5.580758E-01,1.302825E-01,0.000000E+00,0.000000E+00,0.000000E+00,0.000000E+00,0.000000E+00,0.000000E+00,0.000000E+00,0.000000E+00,2.110805E+01,7.995190E+01,2.388803E+01,5.952161E+01
09:58:00,8.015110E+03,1.481519E+03,5.580758E-01,1.308405E-01,0.000000E+00,0.000000E+00,0.000000E+00,0.000000E+00,0.000000E+00,0.000000E+00,0.000000E+00,0.000000E+00,2.110805E+01,7.995190E+01,2.388803E+01,5.947545E+01
09:59:00,8.015110E+03,1.487839E+03,5.580758E-01,1.313987E-01,0.000000E+00,0.000000E+00,0.000000E+00,0.000000E+00,0.000000E+00,0.000000E+00,0.000000E+00,0.000000E+00,2.110805E+01,7.995190E+01,2.388803E+01,5.942946E+01
10:00:00,8.015110E+03,1.494160E+03,5.580758E-01,1.319569E-01,0.000000E+00,0.000000E+00,0.000000E+00,0.000000E+00,0.000000E+00,0.000000E+00,0.000000E+00,0.000000E+00,2.110805E+01,7.995190E+01,2.388803E+01,5.938365E+01
10:01:00,8.015110E+03,1.500482E+03,5.580758E-01,1.325153E-01,0.000000E+00,0.000000E+00,0.000000E+00,0.000000E+00,0.000000E+00,0.000000E+00,0.000000E+00,0.000000E+00,2.110805E+01,7.995190E+01,2.388802E+01,5.933802E+01
10:02:00,8.015110E+03,1.506804E+03,5.580758E-01,1.330736E-01,0.000000E+00,0.000000E+00,0.000000E+00,0.000000E+00,0.000000E+00,0.000000E+00,0.000000E+00,0.000000E+00,2.110805E+01,7.995190E+01,2.388802E+01,5.929261E+01
10:03:00,8.015110E+03,1.513127E+03,5.580758E-01,1.336320E-01,0.000000E+00,0.000000E+00,0.000000E+00,0.000000E+00,0.000000E+00,0.000000E+00,0.000000E+00,0.000000E+00,2.110805E+01,7.995190E+01,2.388802E+01,5.924746E+01
10:04:00,8.015110E+03,1.519450E+03,5.580758E-01,1.341904E-01,0.000000E+00,0.000000E+00,0.000000E+00,0.000000E+00,0.000000E+00,0.000000E+00,0.000000E+00,0.000000E+00,2.110805E+01,7.995190E+01,2.388802E+01,5.920256E+01
10:05:00,8.015110E+03,1.525772E+03,5.580758E-01,1.347488E-01,0.000000E+00,0.000000E+00,0.000000E+00,0.000000E+00,0.000000E+00,0.000000E+00,0.000000E+00,0.000000E+00,2.110805E+01,7.995190E+01,2.388802E+01,5.915793E+01
10:06:00,8.015110E+03,1.532095E+03,5.580758E-01,1.353072E-01,0.000000E+00,0.000000E+00,0.000000E+00,0.000000E+00,0.000000E+00,0.000000E+00,0.000000E+00,0.000000E+00,2.110805E+01,7.995190E+01,2.388802E+01,5.911356E+01
10:07:00,8.015110E+03,1.538416E+03,5.580758E-01,1.358655E-01,0.000000E+00,0.000000E+00,0.000000E+00,0.000000E+00,0.000000E+00,0.000000E+00,0.000000E+00,0.000000E+00,2.110805E+01,7.995190E+01,2.388802E+01,5.906943E+01
10:08:00,8.015110E+03,1.544736E+03,5.580758E-01,1.364237E-01,0.000000E+00,0.000000E+00,0.000000E+00,0.000000E+00,0.000000E+00,0.000000E+00,0.000000E+00,0.000000E+00,2.110805E+01,7.995190E+01,2.388802E+01,5.902556E+01
10:09:00,8.015110E+03,1.551055E+03,5.580758E-01,1.369817E-01,0.000000E+00,0.000000E+00,0.000000E+00,0.000000E+00,0.000000E+00,0.000000E+00,0.000000E+00,0.000000E+00,2.110805E+01,7.995190E+01,2.388802E+01,5.898193E+01
10:10:00,8.015110E+03,1.557373E+03,5.580758E-01,1.375397E-01,0.000000E+00,0.000000E+00,0.000000E+00,0.000000E+00,0.000000E+00,0.000000E+00,0.000000E+00,0.000000E+00,2.110805E+01,7.995190E+01,2.388802E+01,5.893855E+01
10:11:00,8.015110E+03,1.563689E+03,5.580758E-01,1.380975E-01,0.000000E+00,0.000000E+00,0.000000E+00,0.000000E+00,0.000000E+00,0.000000E+00,0.000000E+00,0.000000E+00,2.110805E+01,7.995190E+01,2.388802E+01,5.889542E+01
10:12:00,8.015110E+03,1.570003E+03,5.580758E-01,1.386552E-01,0.000000E+00,0.000000E+00,0.000000E+00,0.000000E+00,0.000000E+00,0.000000E+00,0.000000E+00,0.000000E+00,2.110805E+01,7.995190E+01,2.388801E+01,5.885252E+01
10:13:00,8.015110E+03,1.576315E+03,5.580758E-01,1.392127E-01,0.000000E+00,0.000000E+00,0.000000E+00,0.000000E+00,0.000000E+00,0.000000E+00,0.000000E+00,0.000000E+00,2.110805E+01,7.995190E+01,2.388801E+01,5.880986E+01
10:14:00,8.015110E+03,1.582625E+03,5.580758E-01,1.397699E-01,0.000000E+00,0.000000E+00,0.000000E+00,0.000000E+00,0.000000E+00,0.000000E+00,0.000000E+00,0.000000E+00,2.110805E+01,7.995190E+01,2.388801E+01,5.876743E+01
10:15:00,8.015110E+03,1.588933E+03,5.580758E-01,1.403270E-01,0.000000E+00,0.000000E+00,0.000000E+00,0.000000E+00,0.000000E+00,0.000000E+00,0.000000E+00,0.000000E+00,2.110805E+01,7.995190E+01,2.388801E+01,5.872524E+01
10:16:00,8.015110E+03,1.595237E+03,5.580758E-01,1.408838E-01,0.000000E+00,0.000000E+00,0.000000E+00,0.000000E+00,0.000000E+00,0.000000E+00,0.000000E+00,0.000000E+00,2.110805E+01,7.995190E+01,2.388801E+01,5.868328E+01
10:17:00,8.015110E+03,1.601539E+03,5.580758E-01,1.414403E-01,0.000000E+00,0.000000E+00,0.000000E+00,0.000000E+00,0.000000E+00,0.000000E+00,0.000000E+00,0.000000E+00,2.110805E+01,7.995190E+01,2.388801E+01,5.864155E+01
10:18:00,8.015110E+03,1.607837E+03,5.580758E-01,1.419966E-01,0.000000E+00,0.000000E+00,0.000000E+00,0.000000E+00,0.000000E+00,0.000000E+00,0.000000E+00,0.000000E+00,2.110805E+01,7.995190E+01,2.388801E+01,5.860004E+01
10:19:00,8.015110E+03,1.614132E+03,5.580758E-01,1.425526E-01,0.000000E+00,0.000000E+00,0.000000E+00,0.000000E+00,0.000000E+00,0.000000E+00,0.000000E+00,0.000000E+00,2.110805E+01,7.995190E+01,2.388801E+01,5.855877E+01
10:20:00,8.015110E+03,1.620424E+03,5.580758E-01,1.431082E-01,0.000000E+00,0.000000E+00,0.000000E+00,0.000000E+00,0.000000E+00,0.000000E+00,0.000000E+00,0.000000E+00,2.110805E+01,7.995190E+01,2.388801E+01,5.851772E+01
10:21:00,8.015110E+03,1.626711E+03,5.580758E-01,1.436635E-01,0.000000E+00,0.000000E+00,0.000000E+00,0.000000E+00,0.000000E+00,0.000000E+00,0.000000E+00,0.000000E+00,2.110805E+01,7.995190E+01,2.388801E+01,5.847689E+01
10:22:00,8.015110E+03,1.632994E+03,5.580758E-01,1.442184E-01,0.000000E+00,0.000000E+00,0.000000E+00,0.000000E+00,0.000000E+00,0.000000E+00,0.000000E+00,0.000000E+00,2.110805E+01,7.995190E+01,2.388801E+01,5.843628E+01
10:23:00,8.015110E+03,1.639273E+03,5.580758E-01,1.447730E-01,0.000000E+00,0.000000E+00,0.000000E+00,0.000000E+00,0.000000E+00,0.000000E+00,0.000000E+00,0.000000E+00,2.110805E+01,7.995190E+01,2.388800E+01,5.839589E+01
10:24:00,8.015110E+03,1.645547E+03,5.580758E-01,1.453271E-01,0.000000E+00,0.000000E+00,0.000000E+00,0.000000E+00,0.000000E+00,0.000000E+00,0.000000E+00,0.000000E+00,2.110805E+01,7.995190E+01,2.388800E+01,5.835572E+01
10:25:00,8.015110E+03,1.651817E+03,5.580758E-01,1.458809E-01,0.000000E+00,0.000000E+00,0.000000E+00,0.000000E+00,0.000000E+00,0.000000E+00,0.000000E+00,0.000000E+00,2.110805E+01,7.995190E+01,2.388800E+01,5.831577E+01
10:26:00,8.015110E+03,1.658083E+03,5.580758E-01,1.464342E-01,0.000000E+00,0.000000E+00,0.000000E+00,0.000000E+00,0.000000E+00,0.000000E+00,0.000000E+00,0.000000E+00,2.110805E+01,7.995190E+01,2.388800E+01,5.827604E+01
10:27:00,8.015110E+03,1.664343E+03,5.580758E-01,1.469871E-01,0.000000E+00,0.000000E+00,0.000000E+00,0.000000E+00,0.000000E+00,0.000000E+00,0.000000E+00,0.000000E+00,2.110805E+01,7.995190E+01,2.388800E+01,5.823651E+01
10:28:00,8.015110E+03,1.670598E+03,5.580758E-01,1.475395E-01,0.000000E+00,0.000000E+00,0.000000E+00,0.000000E+00,0.000000E+00,0.000000E+00,0.000000E+00,0.000000E+00,2.110805E+01,7.995190E+01,2.388800E+01,5.819719E+01
10:29:00,8.015110E+03,1.676847E+03,5.580758E-01,1.480914E-01,0.000000E+00,0.000000E+00,0.000000E+00,0.000000E+00,0.000000E+00,0.000000E+00,0.000000E+00,0.000000E+00,2.110805E+01,7.995190E+01,2.388800E+01,5.815809E+01
10:30:00,8.015110E+03,1.683091E+03,5.580758E-01,1.486429E-01,0.000000E+00,0.000000E+00,0.000000E+00,0.000000E+00,0.000000E+00,0.000000E+00,0.000000E+00,0.000000E+00,2.110805E+01,7.995190E+01,2.388800E+01,5.811919E+01
10:31:00,8.015110E+03,1.689330E+03,5.580758E-01,1.491939E-01,0.000000E+00,0.000000E+00,0.000000E+00,0.000000E+00,0.000000E+00,0.000000E+00,0.000000E+00,0.000000E+00,2.110805E+01,7.995190E+01,2.388800E+01,5.808051E+01
10:32:00,8.015110E+03,1.695562E+03,5.580758E-01,1.497443E-01,0.000000E+00,0.000000E+00,0.000000E+00,0.000000E+00,0.000000E+00,0.000000E+00,0.000000E+00,0.000000E+00,2.110805E+01,7.995190E+01,2.388800E+01,5.804202E+01
10:33:00,8.015110E+03,1.701788E+03,5.580758E-01,1.502942E-01,0.000000E+00,0.000000E+00,0.000000E+00,0.000000E+00,0.000000E+00,0.000000E+00,0.000000E+00,0.000000E+00,2.110805E+01,7.995190E+01,2.388800E+01,5.800375E+01
10:34:00,8.015110E+03,1.708008E+03,5.580758E-01,1.508435E-01,0.000000E+00,0.000000E+00,0.000000E+00,0.000000E+00,0.000000E+00,0.000000E+00,0.000000E+00,0.000000E+00,2.110805E+01,7.995190E+01,2.388800E+01,5.796567E+01
10:35:00,8.015110E+03,1.714222E+03,5.580758E-01,1.513922E-01,0.000000E+00,0.000000E+00,0.000000E+00,0.000000E+00,0.000000E+00,0.000000E+00,0.000000E+00,0.000000E+00,2.110805E+01,7.995190E+01,2.388799E+01,5.792780E+01
10:36:00,8.015110E+03,1.720428E+03,5.580758E-01,1.519404E-01,0.000000E+00,0.000000E+00,0.000000E+00,0.000000E+00,0.000000E+00,0.000000E+00,0.000000E+00,0.000000E+00,2.110805E+01,7.995190E+01,2.388799E+01,5.789012E+01
10:37:00,8.015110E+03,1.726628E+03,5.580758E-01,1.524880E-01,0.000000E+00,0.000000E+00,0.000000E+00,0.000000E+00,0.000000E+00,0.000000E+00,0.000000E+00,0.000000E+00,2.110805E+01,7.995190E+01,2.388799E+01,5.785265E+01
10:38:00,8.015110E+03,1.732821E+03,5.580758E-01,1.530349E-01,0.000000E+00,0.000000E+00,0.000000E+00,0.000000E+00,0.000000E+00,0.000000E+00,0.000000E+00,0.000000E+00,2.110805E+01,7.995190E+01,2.388799E+01,5.781538E+01
10:39:00,8.015110E+03,1.739007E+03,5.580758E-01,1.535812E-01,0.000000E+00,0.000000E+00,0.000000E+00,0.000000E+00,0.000000E+00,0.000000E+00,0.000000E+00,0.000000E+00,2.110805E+01,7.995190E+01,2.388799E+01,5.777831E+01
10:40:00,8.015110E+03,1.745185E+03,5.580758E-01,1.541269E-01,0.000000E+00,0.000000E+00,0.000000E+00,0.000000E+00,0.000000E+00,0.000000E+00,0.000000E+00,0.000000E+00,2.110805E+01,7.995190E+01,2.388799E+01,5.774143E+01
10:41:00,8.015110E+03,1.751356E+03,5.580758E-01,1.546719E-01,0.000000E+00,0.000000E+00,0.000000E+00,0.000000E+00,0.000000E+00,0.000000E+00,0.000000E+00,0.000000E+00,2.110805E+01,7.995190E+01,2.388799E+01,5.770474E+01
10:42:00,8.015110E+03,1.757519E+03,5.580758E-01,1.552161E-01,0.000000E+00,0.000000E+00,0.000000E+00,0.000000E+00,0.000000E+00,0.000000E+00,0.000000E+00,0.000000E+00,2.110805E+01,7.995190E+01,2.388799E+01,5.766825E+01
10:43:00,8.015110E+03,1.763674E+03,5.580758E-01,1.557598E-01,0.000000E+00,0.000000E+00,0.000000E+00,0.000000E+00,0.000000E+00,0.000000E+00,0.000000E+00,0.000000E+00,2.110805E+01,7.995190E+01,2.388799E+01,5.763195E+01
10:44:00,8.015110E+03,1.769821E+03,5.580758E-01,1.563027E-01,0.000000E+00,0.000000E+00,0.000000E+00,0.000000E+00,0.000000E+00,0.000000E+00,0.000000E+00,0.000000E+00,2.110805E+01,7.995190E+01,2.388799E+01,5.759585E+01
10:45:00,8.015110E+03,1.775961E+03,5.580758E-01,1.568449E-01,0.000000E+00,0.000000E+00,0.000000E+00,0.000000E+00,0.000000E+00,0.000000E+00,0.000000E+00,0.000000E+00,2.110805E+01,7.995190E+01,2.388799E+01,5.755993E+01
10:46:00,8.015110E+03,1.782091E+03,5.580758E-01,1.573863E-01,0.000000E+00,0.000000E+00,0.000000E+00,0.000000E+00,0.000000E+00,0.000000E+00,0.000000E+00,0.000000E+00,2.110805E+01,7.995190E+01,2.388799E+01,5.752420E+01
10:47:00,8.015110E+03,1.788214E+03,5.580758E-01,1.579271E-01,0.000000E+00,0.000000E+00,0.000000E+00,0.000000E+00,0.000000E+00,0.000000E+00,0.000000E+00,0.000000E+00,2.110805E+01,7.995190E+01,2.388799E+01,5.748866E+01
10:48:00,8.015110E+03,1.794328E+03,5.580758E-01,1.584671E-01,0.000000E+00,0.000000E+00,0.000000E+00,0.000000E+00,0.000000E+00,0.000000E+00,0.000000E+00,0.000000E+00,2.110805E+01,7.995190E+01,2.388798E+01,5.745331E+01
10:49:00,8.015110E+03,1.800434E+03,5.580758E-01,1.590063E-01,0.000000E+00,0.000000E+00,0.000000E+00,0.000000E+00,0.000000E+00,0.000000E+00,0.000000E+00,0.000000E+00,2.110805E+01,7.995190E+01,2.388798E+01,5.741814E+01
10:50:00,8.015110E+03,1.806530E+03,5.580758E-01,1.595447E-01,0.000000E+00,0.000000E+00,0.000000E+00,0.000000E+00,0.000000E+00,0.000000E+00,0.000000E+00,0.000000E+00,2.110805E+01,7.995190E+01,2.388798E+01,5.738315E+01
10:51:00,8.015110E+03,1.812618E+03,5.580758E-01,1.600824E-01,0.000000E+00,0.000000E+00,0.000000E+00,0.000000E+00,0.000000E+00,0.000000E+00,0.000000E+00,0.000000E+00,2.110805E+01,7.995190E+01,2.388798E+01,5.734835E+01
10:52:00,8.015110E+03,1.818696E+03,5.580758E-01,1.606192E-01,0.000000E+00,0.000000E+00,0.000000E+00,0.000000E+00,0.000000E+00,0.000000E+00,0.000000E+00,0.000000E+00,2.110805E+01,7.995190E+01,2.388798E+01,5.731373E+01
10:53:00,8.015110E+03,1.824766E+03,5.580758E-01,1.611552E-01,0.000000E+00,0.000000E+00,0.000000E+00,0.000000E+00,0.000000E+00,0.000000E+00,0.000000E+00,0.000000E+00,2.110805E+01,7.995190E+01,2.388798E+01,5.727929E+01
10:54:00,8.015110E+03,1.830826E+03,5.580758E-01,1.616905E-01,0.000000E+00,0.000000E+00,0.000000E+00,0.000000E+00,0.000000E+00,0.000000E+00,0.000000E+00,0.000000E+00,2.110805E+01,7.995190E+01,2.388798E+01,5.724503E+01
10:55:00,8.015110E+03,1.836874E+03,5.580758E-01,1.622246E-01,0.000000E+00,0.000000E+00,0.000000E+00,0.000000E+00,0.000000E+00,0.000000E+00,0.000000E+00,0.000000E+00,2.110805E+01,7.995190E+01,2.388798E+01,5.721095E+01
10:56:00,8.015110E+03,1.842916E+03,5.580758E-01,1.627583E-01,0.000000E+00,0.000000E+00,0.000000E+00,0.000000E+00,0.000000E+00,0.000000E+00,0.000000E+00,0.000000E+00,2.110805E+01,7.995190E+01,2.388798E+01,5.717706E+01
10:57:00,8.015110E+03,1.848948E+03,5.580758E-01,1.632910E-01,0.000000E+00,0.000000E+00,0.000000E+00,0.000000E+00,0.000000E+00,0.000000E+00,0.000000E+00,0.000000E+00,2.110805E+01,7.995190E+01,2.388798E+01,5.714334E+01
10:58:00,8.015110E+03,1.854969E+03,5.580758E-01,1.638227E-01,0.000000E+00,0.000000E+00,0.000000E+00,0.000000E+00,0.000000E+00,0.000000E+00,0.000000E+00,0.000000E+00,2.110805E+01,7.995190E+01,2.388798E+01,5.710979E+01
10:59:00,8.015110E+03,1.860981E+03,5.580758E-01,1.643537E-01,0.000000E+00,0.000000E+00,0.000000E+00,0.000000E+00,0.000000E+00,0.000000E+00,0.000000E+00,0.000000E+00,2.110805E+01,7.995190E+01,2.388798E+01,5.707642E+01
11:00:00,8.015110E+03,1.866982E+03,5.580758E-01,1.648837E-01,0.000000E+00,0.000000E+00,0.000000E+00,0.000000E+00,0.000000E+00,0.000000E+00,0.000000E+00,0.000000E+00,2.110805E+01,7.995190E+01,2.388798E+01,5.704321E+01
11:01:00,8.015110E+03,1.872965E+03,5.580758E-01,1.654121E-01,0.000000E+00,0.000000E+00,0.000000E+00,0.000000E+00,0.000000E+00,0.000000E+00,0.000000E+00,0.000000E+00,2.110805E+01,7.995190E+01,2.388797E+01,5.701018E+01
11:02:00,8.015110E+03,1.878930E+03,5.580758E-01,1.659389E-01,0.000000E+00,0.000000E+00,0.000000E+00,0.000000E+00,0.000000E+00,0.000000E+00,0.000000E+00,0.000000E+00,2.110805E+01,7.995190E+01,2.388797E+01,5.697742E+01
11:03:00,8.015110E+03,1.884877E+03,5.580758E-01,1.664641E-01,0.000000E+00,0.000000E+00,0.000000E+00,0.000000E+00,0.000000E+00,0.000000E+00,0.000000E+00,0.000000E+00,2.110805E+01,7.995190E+01,2.388797E+01,5.694499E+01
11:04:00,8.015110E+03,1.890805E+03,5.580758E-01,1.669877E-01,0.000000E+00,0.000000E+00,0.000000E+00,0.000000E+00,0.000000E+00,0.000000E+00,0.000000E+00,0.000000E+00,2.110805E+01,7.995190E+01,2.388797E+01,5.691290E+01
11:05:00,8.015110E+03,1.896715E+03,5.580758E-01,1.675096E-01,0.000000E+00,0.000000E+00,0.000000E+00,0.000000E+00,0.000000E+00,0.000000E+00,0.000000E+00,0.000000E+00,2.110805E+01,7.995190E+01,2.388797E+01,5.688115E+01
11:06:00,8.015110E+03,1.902606E+03,5.580758E-01,1.680299E-01,0.000000E+00,0.000000E+00,0.000000E+00,0.000000E+00,0.000000E+00,0.000000E+00,0.000000E+00,0.000000E+00,2.110805E+01,7.995190E+01,2.388797E+01,5.684972E+01
11:07:00,8.015110E+03,1.908479E+03,5.580758E-01,1.685486E-01,0.000000E+00,0.000000E+00,0.000000E+00,0.000000E+00,0.000000E+00,0.000000E+00,0.000000E+00,0.000000E+00,2.110805E+01,7.995190E+01,2.388797E+01,5.681860E+01
11:08:00,8.015110E+03,1.914333E+03,5.580758E-01,1.690656E-01,0.000000E+00,0.000000E+00,0.000000E+00,0.000000E+00,0.000000E+00,0.000000E+00,0.000000E+00,0.000000E+00,2.110805E+01,7.995190E+01,2.388797E+01,5.678778E+01
11:09:00,8.015110E+03,1.920169E+03,5.580758E-01,1.695810E-01,0.000000E+00,0.000000E+00,0.000000E+00,0.000000E+00,0.000000E+00,0.000000E+00,0.000000E+00,0.000000E+00,2.110805E+01,7.995190E+01,2.388797E+01,5.675726E+01
11:10:00,8.015110E+03,1.925986E+03,5.580758E-01,1.700948E-01,0.000000E+00,0.000000E+00,0.000000E+00,0.000000E+00,0.000000E+00,0.000000E+00,0.000000E+00,0.000000E+00,2.110805E+01,7.995190E+01,2.388797E+01,5.672702E+01
11:11:00,8.015110E+03,1.931785E+03,5.580758E-01,1.706069E-01,0.000000E+00,0.000000E+00,0.000000E+00,0.000000E+00,0.000000E+00,0.000000E+00,0.000000E+00,0.000000E+00,2.110805E+01,7.995190E+01,2.388797E+01,5.669705E+01
11:12:00,8.015110E+03,1.937565E+03,5.580758E-01,1.711174E-01,0.000000E+00,0.000000E+00,0.000000E+00,0.000000E+00,0.000000E+00,0.000000E+00,0.000000E+00,0.000000E+00,2.110805E+01,7.995190E+01,2.388797E+01,5.666736E+01
11:13:00,8.015110E+03,1.943326E+03,5.580758E-01,1.716262E-01,0.000000E+00,0.000000E+00,0.000000E+00,0.000000E+00,0.000000E+00,0.000000E+00,0.000000E+00,0.000000E+00,2.110805E+01,7.995190E+01,2.388797E+01,5.663792E+01
11:14:00,8.015110E+03,1.949070E+03,5.580758E-01,1.721335E-01,0.000000E+00,0.000000E+00,0.000000E+00,0.000000E+00,0.000000E+00,0.000000E+00,0.000000E+00,0.000000E+00,2.110805E+01,7.995190E+01,2.388797E+01,5.660874E+01
11:15:00,8.015110E+03,1.954795E+03,5.580758E-01,1.726391E-01,0.000000E+00,0.000000E+00,0.000000E+00,0.000000E+00,0.000000E+00,0.000000E+00,0.000000E+00,0.000000E+00,2.110805E+01,7.995190E+01,2.388797E+01,5.657980E+01
11:16:00,8.015110E+03,1.960502E+03,5.580758E-01,1.731431E-01,0.000000E+00,0.000000E+00,0.000000E+00,0.000000E+00,0.000000E+00,0.000000E+00,0.000000E+00,0.000000E+00,2.110805E+01,7.995190E+01,2.388797E+01,5.655110E+01
11:17:00,8.015110E+03,1.966191E+03,5.580758E-01,1.736456E-01,0.000000E+00,0.000000E+00,0.000000E+00,0.000000E+00,0.000000E+00,0.000000E+00,0.000000E+00,0.000000E+00,2.110805E+01,7.995190E+01,2.388797E+01,5.652263E+01
11:18:00,8.015110E+03,1.971861E+03,5.580758E-01,1.741464E-01,0.000000E+00,0.000000E+00,0.000000E+00,0.000000E+00,0.000000E+00,0.000000E+00,0.000000E+00,0.000000E+00,2.110805E+01,7.995190E+01,2.388797E+01,5.649438E+01
11:19:00,8.015110E+03,1.977514E+03,5.580758E-01,1.746456E-01,0.000000E+00,0.000000E+00,0.000000E+00,0.000000E+00,0.000000E+00,0.000000E+00,0.000000E+00,0.000000E+00,2.110805E+01,7.995190E+01,2.388797E+01,5.646635E+01
11:20:00,8.015110E+03,1.983149E+03,5.580758E-01,1.751433E-01,0.000000E+00,0.000000E+00,0.000000E+00,0.000000E+00,0.000000E+00,0.000000E+00,0.000000E+00,0.000000E+00,2.110805E+01,7.995190E+01,2.388797E+01,5.643854E+01
11:21:00,8.015110E+03,1.988767E+03,5.580758E-01,1.756394E-01,0.000000E+00,0.000000E+00,0.000000E+00,0.000000E+00,0.000000E+00,0.000000E+00,0.000000E+00,0.000000E+00,2.110805E+01,7.995190E+01,2.388797E+01,5.641092E+01
11:22:00,8.015110E+03,1.994367E+03,5.580758E-01,1.761340E-01,0.000000E+00,0.000000E+00,0.000000E+00,0.000000E+00,0.000000E+00,0.000000E+00,0.000000E+00,0.000000E+00,2.110805E+01,7.995190E+01,2.388797E+01,5.638350E+01
11:23:00,8.015110E+03,1.999950E+03,5.580758E-01,1.766271E-01,0.000000E+00,0.000000E+00,0.000000E+00,0.000000E+00,0.000000E+00,0.000000E+00,0.000000E+00,0.000000E+00,2.110805E+01,7.995190E+01,2.388797E+01,5.635627E+01
11:24:00,8.015110E+03,2.005516E+03,5.580758E-01,1.771187E-01,0.000000E+00,0.000000E+00,0.000000E+00,0.000000E+00,0.000000E+00,0.000000E+00,0.000000E+00,0.000000E+00,2.110805E+01,7.995190E+01,2.388797E+01,5.632922E+01
11:25:00,8.015110E+03,2.011065E+03,5.580758E-01,1.776088E-01,0.000000E+00,0.000000E+00,0.000000E+00,0.000000E+00,0.000000E+00,0.000000E+00,0.000000E+00,0.000000E+00,2.110805E+01,7.995190E+01,2.388796E+01,5.630235E+01
11:26:00,8.015110E+03,2.016597E+03,5.580758E-01,1.780973E-01,0.000000E+00,0.000000E+00,0.000000E+00,0.000000E+00,0.000000E+00,0.000000E+00,0.000000E+00,0.000000E+00,2.110805E+01,7.995190E+01,2.388796E+01,5.627566E+01
11:27:00,8.015110E+03,2.022111E+03,5.580758E-01,1.785843E-01,0.000000E+00,0.000000E+00,0.000000E+00,0.000000E+00,0.000000E+00,0.000000E+00,0.000000E+00,0.000000E+00,2.110805E+01,7.995190E+01,2.388796E+01,5.624913E+01
11:28:00,8.015110E+03,2.027608E+03,5.580758E-01,1.790698E-01,0.000000E+00,0.000000E+00,0.000000E+00,0.000000E+00,0.000000E+00,0.000000E+00,0.000000E+00,0.000000E+00,2.110805E+01,7.995190E+01,2.388796E+01,5.622278E+01
11:29:00,8.015110E+03,2.033087E+03,5.580758E-01,1.795537E-01,0.000000E+00,0.000000E+00,0.000000E+00,0.000000E+00,0.000000E+00,0.000000E+00,0.000000E+00,0.000000E+00,2.110805E+01,7.995190E+01,2.388796E+01,5.619659E+01
11:30:00,8.015110E+03,2.038549E+03,5.580758E-01,1.800361E-01,0.000000E+00,0.000000E+00,0.000000E+00,0.000000E+00,0.000000E+00,0.000000E+00,0.000000E+00,0.000000E+00,2.110805E+01,7.995190E+01,2.388796E+01,5.617056E+01
11:31:00,8.015110E+03,2.043993E+03,5.580758E-01,1.805169E-01,0.000000E+00,0.000000E+00,0.000000E+00,0.000000E+00,0.000000E+00,0.000000E+00,0.000000E+00,0.000000E+00,2.110805E+01,7.995190E+01,2.388796E+01,5.614469E+01
11:32:00,8.015110E+03,2.049419E+03,5.580758E-01,1.809961E-01,0.000000E+00,0.000000E+00,0.000000E+00,0.000000E+00,0.000000E+00,0.000000E+00,0.000000E+00,0.000000E+00,2.110805E+01,7.995190E+01,2.388796E+01,5.611899E+01
11:33:00,8.015110E+03,2.054826E+03,5.580758E-01,1.814736E-01,0.000000E+00,0.000000E+00,0.000000E+00,0.000000E+00,0.000000E+00,0.000000E+00,0.000000E+00,0.000000E+00,2.110805E+01,7.995190E+01,2.388796E+01,5.609345E+01
11:34:00,8.015110E+03,2.060214E+03,5.580758E-01,1.819494E-01,0.000000E+00,0.000000E+00,0.000000E+00,0.000000E+00,0.000000E+00,0.000000E+00,0.000000E+00,0.000000E+00,2.110805E+01,7.995190E+01,2.388796E+01,5.606808E+01
11:35:00,8.015110E+03,2.065582E+03,5.580758E-01,1.824236E-01,0.000000E+00,0.000000E+00,0.000000E+00,0.000000E+00,0.000000E+00,0.000000E+00,0.000000E+00,0.000000E+00,2.110805E+01,7.995190E+01,2.388796E+01,5.604287E+01
11:36:00,8.015110E+03,2.070931E+03,5.580758E-01,1.828960E-01,0.000000E+00,0.000000E+00,0.000000E+00,0.000000E+00,0.000000E+00,0.000000E+00,0.000000E+00,0.000000E+00,2.110805E+01,7.995190E+01,2.388796E+01,5.601783E+01
11:37:00,8.015110E+03,2.076259E+03,5.580758E-01,1.833665E-01,0.000000E+00,0.000000E+00,0.000000E+00,0.000000E+00,0.000000E+00,0.000000E+00,0.000000E+00,0.000000E+00,2.110805E+01,7.995190E+01,2.388796E+01,5.599295E+01
11:38:00,8.015110E+03,2.081565E+03,5.580758E-01,1.838352E-01,0.000000E+00,0.000000E+00,0.000000E+00,0.000000E+00,0.000000E+00,0.000000E+00,0.000000E+00,0.000000E+00,2.110805E+01,7.995190E+01,2.388796E+01,5.596826E+01
11:39:00,8.015110E+03,2.086851E+03,5.580758E-01,1.843019E-01,0.000000E+00,0.000000E+00,0.000000E+00,0.000000E+00,0.000000E+00,0.000000E+00,0.000000E+00,0.000000E+00,2.110805E+01,7.995190E+01,2.388796E+01,5.594373E+01
11:40:00,8.015110E+03,2.092114E+03,5.580758E-01,1.847668E-01,0.000000E+00,0.000000E+00,0.000000E+00,0.000000E+00,0.000000E+00,0.000000E+00,0.000000E+00,0.000000E+00,2.110805E+01,7.995190E+01,2.388796E+01,5.591939E+01
11:41:00,8.015110E+03,2.097355E+03,5.580758E-01,1.852297E-01,0.000000E+00,0.000000E+00,0.000000E+00,0.000000E+00,0.000000E+00,0.000000E+00,0.000000E+00,0.000000E+00,2.110805E+01,7.995190E+01,2.388796E+01,5.589522E+01
11:42:00,8.015110E+03,2.102575E+03,5.580758E-01,1.856907E-01,0.000000E+00,0.000000E+00,0.000000E+00,0.000000E+00,0.000000E+00,0.000000E+00,0.000000E+00,0.000000E+00,2.110805E+01,7.995190E+01,2.388796E+01,5.587123E+01
11:43:00,8.015110E+03,2.107771E+03,5.580758E-01,1.861496E-01,0.000000E+00,0.000000E+00,0.000000E+00,0.000000E+00,0.000000E+00,0.000000E+00,0.000000E+00,0.000000E+00,2.110805E+01,7.995190E+01,2.388796E+01,5.584742E+01
11:44:00,8.015110E+03,2.112945E+03,5.580758E-01,1.866065E-01,0.000000E+00,0.000000E+00,0.000000E+00,0.000000E+00,0.000000E+00,0.000000E+00,0.000000E+00,0.000000E+00,2.110805E+01,7.995190E+01,2.388796E+01,5.582378E+01
11:45:00,8.015110E+03,2.118095E+03,5.580758E-01,1.870614E-01,0.000000E+00,0.000000E+00,0.000000E+00,0.000000E+00,0.000000E+00,0.000000E+00,0.000000E+00,0.000000E+00,2.110805E+01,7.995190E+01,2.388796E+01,5.580031E+01
11:46:00,8.015110E+03,2.123222E+03,5.580758E-01,1.875142E-01,0.000000E+00,0.000000E+00,0.000000E+00,0.000000E+00,0.000000E+00,0.000000E+00,0.000000E+00,0.000000E+00,2.110805E+01,7.995190E+01,2.388796E+01,5.577702E+01
11:47:00,8.015110E+03,2.128326E+03,5.580758E-01,1.879649E-01,0.000000E+00,0.000000E+00,0.000000E+00,0.000000E+00,0.000000E+00,0.000000E+00,0.000000E+00,0.000000E+00,2.110805E+01,7.995190E+01,2.388795E+01,5.575390E+01
11:48:00,8.015110E+03,2.133405E+03,5.580758E-01,1.884135E-01,0.000000E+00,0.000000E+00,0.000000E+00,0.000000E+00,0.000000E+00,0.000000E+00,0.000000E+00,0.000000E+00,2.110805E+01,7.995190E+01,2.388795E+01,5.573095E+01
11:49:00,8.015110E+03,2.138460E+03,5.580758E-01,1.888600E-01,0.000000E+00,0.000000E+00,0.000000E+00,0.000000E+00,0.000000E+00,0.000000E+00,0.000000E+00,0.000000E+00,2.110805E+01,7.995190E+01,2.388795E+01,5.570817E+01
11:50:00,8.015110E+03,2.143491E+03,5.580758E-01,1.893043E-01,0.000000E+00,0.000000E+00,0.000000E+00,0.000000E+00,0.000000E+00,0.000000E+00,0.000000E+00,0.000000E+00,2.110805E+01,7.995190E+01,2.388795E+01,5.568557E+01
11:51:00,8.015110E+03,2.148497E+03,5.580758E-01,1.897464E-01,0.000000E+00,0.000000E+00,0.000000E+00,0.000000E+00,0.000000E+00,0.000000E+00,0.000000E+00,0.000000E+00,2.110805E+01,7.995190E+01,2.388795E+01,5.566312E+01
11:52:00,8.015110E+03,2.153478E+03,5.580758E-01,1.901863E-01,0.000000E+00,0.000000E+00,0.000000E+00,0.000000E+00,0.000000E+00,0.000000E+00,0.000000E+00,0.000000E+00,2.110805E+01,7.995190E+01,2.388795E+01,5.564085E+01
11:53:00,8.015110E+03,2.158434E+03,5.580758E-01,1.906240E-01,0.000000E+00,0.000000E+00,0.000000E+00,0.000000E+00,0.000000E+00,0.000000E+00,0.000000E+00,0.000000E+00,2.110805E+01,7.995190E+01,2.388795E+01,5.561874E+01
11:54:00,8.015110E+03,2.163364E+03,5.580758E-01,1.910594E-01,0.000000E+00,0.000000E+00,0.000000E+00,0.000000E+00,0.000000E+00,0.000000E+00,0.000000E+00,0.000000E+00,2.110805E+01,7.995190E+01,2.388795E+01,5.559680E+01
11:55:00,8.015110E+03,2.168271E+03,5.580758E-01,1.914928E-01,0.000000E+00,0.000000E+00,0.000000E+00,0.000000E+00,0.000000E+00,0.000000E+00,0.000000E+00,0.000000E+00,2.110805E+01,7.995190E+01,2.388795E+01,5.557502E+01
11:56:00,8.015110E+03,2.173149E+03,5.580758E-01,1.919236E-01,0.000000E+00,0.000000E+00,0.000000E+00,0.000000E+00,0.000000E+00,0.000000E+00,0.000000E+00,0.000000E+00,2.110805E+01,7.995190E+01,2.388795E+01,5.555341E+01
11:57:00,8.015110E+03,2.178001E+03,5.580758E-01,1.923521E-01,0.000000E+00,0.000000E+00,0.000000E+00,0.000000E+00,0.000000E+00,0.000000E+00,0.000000E+00,0.000000E+00,2.110805E+01,7.995190E+01,2.388795E+01,5.553195E+01
11:58:00,8.015110E+03,2.182828E+03,5.580758E-01,1.927784E-01,0.000000E+00,0.000000E+00,0.000000E+00,0.000000E+00,0.000000E+00,0.000000E+00,0.000000E+00,0.000000E+00,2.110805E+01,7.995190E+01,2.388795E+01,5.551066E+01
11:59:00,8.015110E+03,2.187626E+03,5.580758E-01,1.932022E-01,0.000000E+00,0.000000E+00,0.000000E+00,0.000000E+00,0.000000E+00,0.000000E+00,0.000000E+00,0.000000E+00,2.110805E+01,7.995190E+01,2.388795E+01,5.548953E+01
12:00:00,8.015110E+03,2.192399E+03,5.580758E-01,1.936237E-01,0.000000E+00,0.000000E+00,0.000000E+00,0.000000E+00,0.000000E+00,0.000000E+00,0.000000E+00,0.000000E+00,2.110805E+01,7.995190E+01,2.388795E+01,5.546856E+01
12:01:00,8.015110E+03,2.197152E+03,5.580758E-01,1.940435E-01,0.000000E+00,0.000000E+00,0.000000E+00,0.000000E+00,0.000000E+00,0.000000E+00,0.000000E+00,0.000000E+00,2.110805E+01,7.995190E+01,2.388795E+01,5.544775E+01
12:02:00,8.015110E+03,2.201886E+03,5.580758E-01,1.944615E-01,0.000000E+00,0.000000E+00,0.000000E+00,0.000000E+00,0.000000E+00,0.000000E+00,0.000000E+00,0.000000E+00,2.110805E+01,7.995190E+01,2.388795E+01,5.542713E+01
12:03:00,8.015110E+03,2.206599E+03,5.580758E-01,1.948778E-01,0.000000E+00,0.000000E+00,0.000000E+00,0.000000E+00,0.000000E+00,0.000000E+00,0.000000E+00,0.000000E+00,2.110805E+01,7.995190E+01,2.388795E+01,5.540673E+01
12:04:00,8.015110E+03,2.211293E+03,5.580758E-01,1.952924E-01,0.000000E+00,0.000000E+00,0.000000E+00,0.000000E+00,0.000000E+00,0.000000E+00,0.000000E+00,0.000000E+00,2.110805E+01,7.995190E+01,2.388795E+01,5.538654E+01
12:05:00,8.015110E+03,2.215966E+03,5.580758E-01,1.957051E-01,0.000000E+00,0.000000E+00,0.000000E+00,0.000000E+00,0.000000E+00,0.000000E+00,0.000000E+00,0.000000E+00,2.110805E+01,7.995190E+01,2.388795E+01,5.536658E+01
12:06:00,8.015110E+03,2.220618E+03,5.580758E-01,1.961160E-01,0.000000E+00,0.000000E+00,0.000000E+00,0.000000E+00,0.000000E+00,0.000000E+00,0.000000E+00,0.000000E+00,2.110805E+01,7.995190E+01,2.388795E+01,5.534683E+01
12:07:00,8.015110E+03,2.225250E+03,5.580758E-01,1.965250E-01,0.000000E+00,0.000000E+00,0.000000E+00,0.000000E+00,0.000000E+00,0.000000E+00,0.000000E+00,0.000000E+00,2.110805E+01,7.995190E+01,2.388795E+01,5.532728E+01
12:08:00,8.015110E+03,2.229859E+03,5.580758E-01,1.969321E-01,0.000000E+00,0.000000E+00,0.000000E+00,0.000000E+00,0.000000E+00,0.000000E+00,0.000000E+00,0.000000E+00,2.110805E+01,7.995190E+01,2.388795E+01,5.530794E+01
12:09:00,8.015110E+03,2.234447E+03,5.580758E-01,1.973373E-01,0.000000E+00,0.000000E+00,0.000000E+00,0.000000E+00,0.000000E+00,0.000000E+00,0.000000E+00,0.000000E+00,2.110805E+01,7.995190E+01,2.388795E+01,5.528880E+01
12:10:00,8.015110E+03,2.239014E+03,5.580758E-01,1.977406E-01,0.000000E+00,0.000000E+00,0.000000E+00,0.000000E+00,0.000000E+00,0.000000E+00,0.000000E+00,0.000000E+00,2.110805E+01,7.995190E+01,2.388795E+01,5.526986E+01
12:11:00,8.015110E+03,2.243557E+03,5.580758E-01,1.981419E-01,0.000000E+00,0.000000E+00,0.000000E+00,0.000000E+00,0.000000E+00,0.000000E+00,0.000000E+00,0.000000E+00,2.110805E+01,7.995190E+01,2.388795E+01,5.525110E+01
12:12:00,8.015110E+03,2.248077E+03,5.580758E-01,1.985411E-01,0.000000E+00,0.000000E+00,0.000000E+00,0.000000E+00,0.000000E+00,0.000000E+00,0.000000E+00,0.000000E+00,2.110805E+01,7.995190E+01,2.388795E+01,5.523254E+01
12:13:00,8.015110E+03,2.252575E+03,5.580758E-01,1.989383E-01,0.000000E+00,0.000000E+00,0.000000E+00,0.000000E+00,0.000000E+00,0.000000E+00,0.000000E+00,0.000000E+00,2.110805E+01,7.995190E+01,2.388795E+01,5.521417E+01
12:14:00,8.015110E+03,2.257048E+03,5.580758E-01,1.993334E-01,0.000000E+00,0.000000E+00,0.000000E+00,0.000000E+00,0.000000E+00,0.000000E+00,0.000000E+00,0.000000E+00,2.110805E+01,7.995190E+01,2.388795E+01,5.519599E+01
12:15:00,8.015110E+03,2.261497E+03,5.580758E-01,1.997263E-01,0.000000E+00,0.000000E+00,0.000000E+00,0.000000E+00,0.000000E+00,0.000000E+00,0.000000E+00,0.000000E+00,2.110805E+01,7.995190E+01,2.388795E+01,5.517799E+01
12:16:00,8.015110E+03,2.265922E+03,5.580758E-01,2.001171E-01,0.000000E+00,0.000000E+00,0.000000E+00,0.000000E+00,0.000000E+00,0.000000E+00,0.000000E+00,0.000000E+00,2.110805E+01,7.995190E+01,2.388795E+01,5.516017E+01
12:17:00,8.015110E+03,2.270321E+03,5.580758E-01,2.005056E-01,0.000000E+00,0.000000E+00,0.000000E+00,0.000000E+00,0.000000E+00,0.000000E+00,0.000000E+00,0.000000E+00,2.110805E+01,7.995190E+01,2.388795E+01,5.514252E+01
12:18:00,8.015110E+03,2.274696E+03,5.580758E-01,2.008920E-01,0.000000E+00,0.000000E+00,0.000000E+00,0.000000E+00,0.000000E+00,0.000000E+00,0.000000E+00,0.000000E+00,2.110805E+01,7.995190E+01,2.388795E+01,5.512505E+01
12:19:00,8.015110E+03,2.279044E+03,5.580758E-01,2.012760E-01,0.000000E+00,0.000000E+00,0.000000E+00,0.000000E+00,0.000000E+00,0.000000E+00,0.000000E+00,0.000000E+00,2.110805E+01,7.995190E+01,2.388795E+01,5.510776E+01
12:20:00,8.015110E+03,2.283365E+03,5.580758E-01,2.016576E-01,0.000000E+00,0.000000E+00,0.000000E+00,0.000000E+00,0.000000E+00,0.000000E+00,0.000000E+00,0.000000E+00,2.110805E+01,7.995190E+01,2.388795E+01,5.509064E+01
12:21:00,8.015110E+03,2.287659E+03,5.580758E-01,2.020368E-01,0.000000E+00,0.000000E+00,0.000000E+00,0.000000E+00,0.000000E+00,0.000000E+00,0.000000E+00,0.000000E+00,2.110805E+01,7.995190E+01,2.388795E+01,5.507368E+01
12:22:00,8.015110E+03,2.291924E+03,5.580758E-01,2.024135E-01,0.000000E+00,0.000000E+00,0.000000E+00,0.000000E+00,0.000000E+00,0.000000E+00,0.000000E+00,0.000000E+00,2.110805E+01,7.995190E+01,2.388795E+01,5.505690E+01
12:23:00,8.015110E+03,2.296159E+03,5.580758E-01,2.027875E-01,0.000000E+00,0.000000E+00,0.000000E+00,0.000000E+00,0.000000E+00,0.000000E+00,0.000000E+00,0.000000E+00,2.110805E+01,7.995190E+01,2.388795E+01,5.504030E+01
12:24:00,8.015110E+03,2.300364E+03,5.580758E-01,2.031589E-01,0.000000E+00,0.000000E+00,0.000000E+00,0.000000E+00,0.000000E+00,0.000000E+00,0.000000E+00,0.000000E+00,2.110805E+01,7.995190E+01,2.388795E+01,5.502387E+01
12:25:00,8.015110E+03,2.304537E+03,5.580758E-01,2.035275E-01,0.000000E+00,0.000000E+00,0.000000E+00,0.000000E+00,0.000000E+00,0.000000E+00,0.000000E+00,0.000000E+00,2.110805E+01,7.995190E+01,2.388795E+01,5.500763E+01
12:26:00,8.015110E+03,2.308678E+03,5.580758E-01,2.038932E-01,0.000000E+00,0.000000E+00,0.000000E+00,0.000000E+00,0.000000E+00,0.000000E+00,0.000000E+00,0.000000E+00,2.110805E+01,7.995190E+01,2.388795E+01,5.499156E+01
12:27:00,8.015110E+03,2.312787E+03,5.580758E-01,2.042561E-01,0.000000E+00,0.000000E+00,0.000000E+00,0.000000E+00,0.000000E+00,0.000000E+00,0.000000E+00,0.000000E+00,2.110805E+01,7.995190E+01,2.388794E+01,5.497569E+01
12:28:00,8.015110E+03,2.316861E+03,5.580758E-01,2.046159E-01,0.000000E+00,0.000000E+00,0.000000E+00,0.000000E+00,0.000000E+00,0.000000E+00,0.000000E+00,0.000000E+00,2.110805E+01,7.995190E+01,2.388794E+01,5.495999E+01
12:29:00,8.015110E+03,2.320902E+03,5.580758E-01,2.049728E-01,0.000000E+00,0.000000E+00,0.000000E+00,0.000000E+00,0.000000E+00,0.000000E+00,0.000000E+00,0.000000E+00,2.110805E+01,7.995190E+01,2.388794E+01,5.494450E+01
12:30:00,8.015110E+03,2.324909E+03,5.580758E-01,2.053266E-01,0.000000E+00,0.000000E+00,0.000000E+00,0.000000E+00,0.000000E+00,0.000000E+00,0.000000E+00,0.000000E+00,2.110805E+01,7.995190E+01,2.388794E+01,5.492919E+01
12:31:00,8.015110E+03,2.328881E+03,5.580758E-01,2.056775E-01,0.000000E+00,0.000000E+00,0.000000E+00,0.000000E+00,0.000000E+00,0.000000E+00,0.000000E+00,0.000000E+00,2.110805E+01,7.995190E+01,2.388794E+01,5.491406E+01
12:32:00,8.015110E+03,2.332819E+03,5.580758E-01,2.060252E-01,0.000000E+00,0.000000E+00,0.000000E+00,0.000000E+00,0.000000E+00,0.000000E+00,0.000000E+00,0.000000E+00,2.110805E+01,7.995190E+01,2.388794E+01,5.489912E+01
12:33:00,8.015110E+03,2.336722E+03,5.580758E-01,2.063699E-01,0.000000E+00,0.000000E+00,0.000000E+00,0.000000E+00,0.000000E+00,0.000000E+00,0.000000E+00,0.000000E+00,2.110805E+01,7.995190E+01,2.388794E+01,5.488437E+01
12:34:00,8.015110E+03,2.340589E+03,5.580758E-01,2.067115E-01,0.000000E+00,0.000000E+00,0.000000E+00,0.000000E+00,0.000000E+00,0.000000E+00,0.000000E+00,0.000000E+00,2.110805E+01,7.995190E+01,2.388794E+01,5.486980E+01
12:35:00,8.015110E+03,2.344422E+03,5.580758E-01,2.070500E-01,0.000000E+00,0.000000E+00,0.000000E+00,0.000000E+00,0.000000E+00,0.000000E+00,0.000000E+00,0.000000E+00,2.110805E+01,7.995190E+01,2.388794E+01,5.485542E+01
12:36:00,8.015110E+03,2.348219E+03,5.580758E-01,2.073853E-01,0.000000E+00,0.000000E+00,0.000000E+00,0.000000E+00,0.000000E+00,0.000000E+00,0.000000E+00,0.000000E+00,2.110805E+01,7.995190E+01,2.388794E+01,5.484122E+01
12:37:00,8.015110E+03,2.351983E+03,5.580758E-01,2.077177E-01,0.000000E+00,0.000000E+00,0.000000E+00,0.000000E+00,0.000000E+00,0.000000E+00,0.000000E+00,0.000000E+00,2.110805E+01,7.995190E+01,2.388794E+01,5.482720E+01
12:38:00,8.015110E+03,2.355712E+03,5.580758E-01,2.080471E-01,0.000000E+00,0.000000E+00,0.000000E+00,0.000000E+00,0.000000E+00,0.000000E+00,0.000000E+00,0.000000E+00,2.110805E+01,7.995190E+01,2.388794E+01,5.481335E+01
12:39:00,8.015110E+03,2.359407E+03,5.580758E-01,2.083734E-01,0.000000E+00,0.000000E+00,0.000000E+00,0.000000E+00,0.000000E+00,0.000000E+00,0.000000E+00,0.000000E+00,2.110805E+01,7.995190E+01,2.388794E+01,5.479968E+01
12:40:00,8.015110E+03,2.363068E+03,5.580758E-01,2.086967E-01,0.000000E+00,0.000000E+00,0.000000E+00,0.000000E+00,0.000000E+00,0.000000E+00,0.000000E+00,0.000000E+00,2.110805E+01,7.995190E+01,2.388794E+01,5.478618E+01
12:41:00,8.015110E+03,2.366694E+03,5.580758E-01,2.090170E-01,0.000000E+00,0.000000E+00,0.000000E+00,0.000000E+00,0.000000E+00,0.000000E+00,0.000000E+00,0.000000E+00,2.110805E+01,7.995190E+01,2.388794E+01,5.477284E+01
12:42:00,8.015110E+03,2.370287E+03,5.580758E-01,2.093343E-01,0.000000E+00,0.000000E+00,0.000000E+00,0.000000E+00,0.000000E+00,0.000000E+00,0.000000E+00,0.000000E+00,2.110805E+01,7.995190E+01,2.388794E+01,5.475966E+01
12:43:00,8.015110E+03,2.373846E+03,5.580758E-01,2.096486E-01,0.000000E+00,0.000000E+00,0.000000E+00,0.000000E+00,0.000000E+00,0.000000E+00,0.000000E+00,0.000000E+00,2.110805E+01,7.995190E+01,2.388794E+01,5.474665E+01
12:44:00,8.015110E+03,2.377371E+03,5.580758E-01,2.099600E-01,0.000000E+00,0.000000E+00,0.000000E+00,0.000000E+00,0.000000E+00,0.000000E+00,0.000000E+00,0.000000E+00,2.110805E+01,7.995190E+01,2.388794E+01,5.473379E+01
12:45:00,8.015110E+03,2.380862E+03,5.580758E-01,2.102683E-01,0.000000E+00,0.000000E+00,0.000000E+00,0.000000E+00,0.000000E+00,0.000000E+00,0.000000E+00,0.000000E+00,2.110805E+01,7.995190E+01,2.388794E+01,5.472108E+01
12:46:00,8.015110E+03,2.384319E+03,5.580758E-01,2.105736E-01,0.000000E+00,0.000000E+00,0.000000E+00,0.000000E+00,0.000000E+00,0.000000E+00,0.000000E+00,0.000000E+00,2.110805E+01,7.995190E+01,2.388794E+01,5.470852E+01
12:47:00,8.015110E+03,2.387743E+03,5.580758E-01,2.108760E-01,0.000000E+00,0.000000E+00,0.000000E+00,0.000000E+00,0.000000E+00,0.000000E+00,0.000000E+00,0.000000E+00,2.110805E+01,7.995190E+01,2.388794E+01,5.469610E+01
12:48:00,8.015110E+03,2.391132E+03,5.580758E-01,2.111753E-01,0.000000E+00,0.000000E+00,0.000000E+00,0.000000E+00,0.000000E+00,0.000000E+00,0.000000E+00,0.000000E+00,2.110805E+01,7.995190E+01,2.388794E+01,5.468383E+01
12:49:00,8.015110E+03,2.394489E+03,5.580758E-01,2.114718E-01,0.000000E+00,0.000000E+00,0.000000E+00,0.000000E+00,0.000000E+00,0.000000E+00,0.000000E+00,0.000000E+00,2.110805E+01,7.995190E+01,2.388794E+01,5.467170E+01
12:50:00,8.015110E+03,2.397812E+03,5.580758E-01,2.117652E-01,0.000000E+00,0.000000E+00,0.000000E+00,0.000000E+00,0.000000E+00,0.000000E+00,0.000000E+00,0.000000E+00,2.110805E+01,7.995190E+01,2.388794E+01,5.465971E+01
12:51:00,8.015110E+03,2.401101E+03,5.580758E-01,2.120557E-01,0.000000E+00,0.000000E+00,0.000000E+00,0.000000E+00,0.000000E+00,0.000000E+00,0.000000E+00,0.000000E+00,2.110805E+01,7.995190E+01,2.388794E+01,5.464785E+01
12:52:00,8.015110E+03,2.404356E+03,5.580758E-01,2.123432E-01,0.000000E+00,0.000000E+00,0.000000E+00,0.000000E+00,0.000000E+00,0.000000E+00,0.000000E+00,0.000000E+00,2.110805E+01,7.995190E+01,2.388794E+01,5.463612E+01
12:53:00,8.015110E+03,2.407578E+03,5.580758E-01,2.126278E-01,0.000000E+00,0.000000E+00,0.000000E+00,0.000000E+00,0.000000E+00,0.000000E+00,0.000000E+00,0.000000E+00,2.110805E+01,7.995190E+01,2.388794E+01,5.462452E+01
12:54:00,8.015110E+03,2.410767E+03,5.580758E-01,2.129094E-01,0.000000E+00,0.000000E+00,0.000000E+00,0.000000E+00,0.000000E+00,0.000000E+00,0.000000E+00,0.000000E+00,2.110805E+01,7.995190E+01,2.388794E+01,5.461306E+01
12:55:00,8.015110E+03,2.413922E+03,5.580758E-01,2.131881E-01,0.000000E+00,0.000000E+00,0.000000E+00,0.000000E+00,0.000000E+00,0.000000E+00,0.000000E+00,0.000000E+00,2.110805E+01,7.995190E+01,2.388794E+01,5.460171E+01
12:56:00,8.015110E+03,2.417045E+03,5.580758E-01,2.134638E-01,0.000000E+00,0.000000E+00,0.000000E+00,0.000000E+00,0.000000E+00,0.000000E+00,0.000000E+00,0.000000E+00,2.110805E+01,7.995190E+01,2.388794E+01,5.459049E+01
12:57:00,8.015110E+03,2.420134E+03,5.580758E-01,2.137366E-01,0.000000E+00,0.000000E+00,0.000000E+00,0.000000E+00,0.000000E+00,0.000000E+00,0.000000E+00,0.000000E+00,2.110805E+01,7.995190E+01,2.388794E+01,5.457939E+01
12:58:00,8.015110E+03,2.423190E+03,5.580758E-01,2.140065E-01,0.000000E+00,0.000000E+00,0.000000E+00,0.000000E+00,0.000000E+00,0.000000E+00,0.000000E+00,0.000000E+00,2.110805E+01,7.995190E+01,2.388794E+01,5.456840E+01
12:59:00,8.015110E+03,2.426213E+03,5.580758E-01,2.142735E-01,0.000000E+00,0.000000E+00,0.000000E+00,0.000000E+00,0.000000E+00,0.000000E+00,0.000000E+00,0.000000E+00,2.110805E+01,7.995190E+01,2.388794E+01,5.455754E+01
13:00:00,8.015110E+03,2.429203E+03,5.580758E-01,2.145376E-01,0.000000E+00,0.000000E+00,0.000000E+00,0.000000E+00,0.000000E+00,0.000000E+00,0.000000E+00,0.000000E+00,2.110805E+01,7.995190E+01,2.388794E+01,5.454678E+01
13:01:00,8.015110E+03,2.432157E+03,5.580758E-01,2.147985E-01,0.000000E+00,0.000000E+00,0.000000E+00,0.000000E+00,0.000000E+00,0.000000E+00,0.000000E+00,0.000000E+00,2.110805E+01,7.995190E+01,2.388794E+01,5.453615E+01
13:02:00,8.015110E+03,2.435075E+03,5.580758E-01,2.150562E-01,0.000000E+00,0.000000E+00,0.000000E+00,0.000000E+00,0.000000E+00,0.000000E+00,0.000000E+00,0.000000E+00,2.110805E+01,7.995190E+01,2.388794E+01,5.452567E+01
13:03:00,8.015110E+03,2.437958E+03,5.580758E-01,2.153108E-01,0.000000E+00,0.000000E+00,0.000000E+00,0.000000E+00,0.000000E+00,0.000000E+00,0.000000E+00,0.000000E+00,2.110805E+01,7.995190E+01,2.388794E+01,5.451539E+01
13:04:00,8.015110E+03,2.440805E+03,5.580758E-01,2.155623E-01,0.000000E+00,0.000000E+00,0.000000E+00,0.000000E+00,0.000000E+00,0.000000E+00,0.000000E+00,0.000000E+00,2.110805E+01,7.995190E+01,2.388794E+01,5.450531E+01
13:05:00,8.015110E+03,2.443618E+03,5.580758E-01,2.158107E-01,0.000000E+00,0.000000E+00,0.000000E+00,0.000000E+00,0.000000E+00,0.000000E+00,0.000000E+00,0.000000E+00,2.110805E+01,7.995190E+01,2.388794E+01,5.449543E+01
13:06:00,8.015110E+03,2.446395E+03,5.580758E-01,2.160559E-01,0.000000E+00,0.000000E+00,0.000000E+00,0.000000E+00,0.000000E+00,0.000000E+00,0.000000E+00,0.000000E+00,2.110805E+01,7.995190E+01,2.388794E+01,5.448573E+01
13:07:00,8.015110E+03,2.449136E+03,5.580758E-01,2.162981E-01,0.000000E+00,0.000000E+00,0.000000E+00,0.000000E+00,0.000000E+00,0.000000E+00,0.000000E+00,0.000000E+00,2.110805E+01,7.995190E+01,2.388794E+01,5.447621E+01
13:08:00,8.015110E+03,2.451843E+03,5.580758E-01,2.165371E-01,0.000000E+00,0.000000E+00,0.000000E+00,0.000000E+00,0.000000E+00,0.000000E+00,0.000000E+00,0.000000E+00,2.110805E+01,7.995190E+01,2.388794E+01,5.446686E+01
13:09:00,8.015110E+03,2.454514E+03,5.580758E-01,2.167730E-01,0.000000E+00,0.000000E+00,0.000000E+00,0.000000E+00,0.000000E+00,0.000000E+00,0.000000E+00,0.000000E+00,2.110805E+01,7.995190E+01,2.388794E+01,5.445768E+01
13:10:00,8.015110E+03,2.457151E+03,5.580758E-01,2.170059E-01,0.000000E+00,0.000000E+00,0.000000E+00,0.000000E+00,0.000000E+00,0.000000E+00,0.000000E+00,0.000000E+00,2.110805E+01,7.995190E+01,2.388794E+01,5.444867E+01
13:11:00,8.015110E+03,2.459753E+03,5.580758E-01,2.172357E-01,0.000000E+00,0.000000E+00,0.000000E+00,0.000000E+00,0.000000E+00,0.000000E+00,0.000000E+00,0.000000E+00,2.110805E+01,7.995190E+01,2.388794E+01,5.443981E+01
13:12:00,8.015110E+03,2.462320E+03,5.580758E-01,2.174624E-01,0.000000E+00,0.000000E+00,0.000000E+00,0.000000E+00,0.000000E+00,0.000000E+00,0.000000E+00,0.000000E+00,2.110805E+01,7.995190E+01,2.388794E+01,5.443111E+01
13:13:00,8.015110E+03,2.464853E+03,5.580758E-01,2.176861E-01,0.000000E+00,0.000000E+00,0.000000E+00,0.000000E+00,0.000000E+00,0.000000E+00,0.000000E+00,0.000000E+00,2.110805E+01,7.995190E+01,2.388794E+01,5.442256E+01
13:14:00,8.015110E+03,2.467351E+03,5.580758E-01,2.179067E-01,0.000000E+00,0.000000E+00,0.000000E+00,0.000000E+00,0.000000E+00,0.000000E+00,0.000000E+00,0.000000E+00,2.110805E+01,7.995190E+01,2.388794E+01,5.441416E+01
13:15:00,8.015110E+03,2.469814E+03,5.580758E-01,2.181243E-01,0.000000E+00,0.000000E+00,0.000000E+00,0.000000E+00,0.000000E+00,0.000000E+00,0.000000E+00,0.000000E+00,2.110805E+01,7.995190E+01,2.388794E+01,5.440591E+01
13:16:00,8.015110E+03,2.472243E+03,5.580758E-01,2.183388E-01,0.000000E+00,0.000000E+00,0.000000E+00,0.000000E+00,0.000000E+00,0.000000E+00,0.000000E+00,0.000000E+00,2.110805E+01,7.995190E+01,2.388794E+01,5.439779E+01
13:17:00,8.015110E+03,2.474638E+03,5.580758E-01,2.185503E-01,0.000000E+00,0.000000E+00,0.000000E+00,0.000000E+00,0.000000E+00,0.000000E+00,0.000000E+00,0.000000E+00,2.110805E+01,7.995190E+01,2.388794E+01,5.438981E+01
13:18:00,8.015110E+03,2.476999E+03,5.580758E-01,2.187588E-01,0.000000E+00,0.000000E+00,0.000000E+00,0.000000E+00,0.000000E+00,0.000000E+00,0.000000E+00,0.000000E+00,2.110805E+01,7.995190E+01,2.388794E+01,5.438196E+01
13:19:00,8.015110E+03,2.479325E+03,5.580758E-01,2.189643E-01,0.000000E+00,0.000000E+00,0.000000E+00,0.000000E+00,0.000000E+00,0.000000E+00,0.000000E+00,0.000000E+00,2.110805E+01,7.995190E+01,2.388794E+01,5.437424E+01
13:20:00,8.015110E+03,2.481618E+03,5.580758E-01,2.191668E-01,0.000000E+00,0.000000E+00,0.000000E+00,0.000000E+00,0.000000E+00,0.000000E+00,0.000000E+00,0.000000E+00,2.110805E+01,7.995190E+01,2.388794E+01,5.436665E+01
13:21:00,8.015110E+03,2.483878E+03,5.580758E-01,2.193664E-01,0.000000E+00,0.000000E+00,0.000000E+00,0.000000E+00,0.000000E+00,0.000000E+00,0.000000E+00,0.000000E+00,2.110805E+01,7.995190E+01,2.388794E+01,5.435919E+01
13:22:00,8.015110E+03,2.486106E+03,5.580758E-01,2.195631E-01,0.000000E+00,0.000000E+00,0.000000E+00,0.000000E+00,0.000000E+00,0.000000E+00,0.000000E+00,0.000000E+00,2.110805E+01,7.995190E+01,2.388794E+01,5.435184E+01
13:23:00,8.015110E+03,2.488301E+03,5.580758E-01,2.197570E-01,0.000000E+00,0.000000E+00,0.000000E+00,0.000000E+00,0.000000E+00,0.000000E+00,0.000000E+00,0.000000E+00,2.110805E+01,7.995190E+01,2.388794E+01,5.434462E+01
13:24:00,8.015110E+03,2.490465E+03,5.580758E-01,2.199481E-01,0.000000E+00,0.000000E+00,0.000000E+00,0.000000E+00,0.000000E+00,0.000000E+00,0.000000E+00,0.000000E+00,2.110805E+01,7.995190E+01,2.388794E+01,5.433751E+01
13:25:00,8.015110E+03,2.492598E+03,5.580758E-01,2.201365E-01,0.000000E+00,0.000000E+00,0.000000E+00,0.000000E+00,0.000000E+00,0.000000E+00,0.000000E+00,0.000000E+00,2.110805E+01,7.995190E+01,2.388794E+01,5.433052E+01
13:26:00,8.015110E+03,2.494701E+03,5.580758E-01,2.203222E-01,0.000000E+00,0.000000E+00,0.000000E+00,0.000000E+00,0.000000E+00,0.000000E+00,0.000000E+00,0.000000E+00,2.110805E+01,7.995190E+01,2.388794E+01,5.432364E+01
13:27:00,8.015110E+03,2.496774E+03,5.580758E-01,2.205053E-01,0.000000E+00,0.000000E+00,0.000000E+00,0.000000E+00,0.000000E+00,0.000000E+00,0.000000E+00,0.000000E+00,2.110805E+01,7.995190E+01,2.388794E+01,5.431687E+01
13:28:00,8.015110E+03,2.498819E+03,5.580758E-01,2.206859E-01,0.000000E+00,0.000000E+00,0.000000E+00,0.000000E+00,0.000000E+00,0.000000E+00,0.000000E+00,0.000000E+00,2.110805E+01,7.995190E+01,2.388794E+01,5.431020E+01
13:29:00,8.015110E+03,2.500834E+03,5.580758E-01,2.208639E-01,0.000000E+00,0.000000E+00,0.000000E+00,0.000000E+00,0.000000E+00,0.000000E+00,0.000000E+00,0.000000E+00,2.110805E+01,7.995190E+01,2.388794E+01,5.430365E+01
13:30:00,8.015110E+03,2.502820E+03,5.580758E-01,2.210393E-01,0.000000E+00,0.000000E+00,0.000000E+00,0.000000E+00,0.000000E+00,0.000000E+00,0.000000E+00,0.000000E+00,2.110805E+01,7.995190E+01,2.388794E+01,5.429719E+01
13:31:00,8.015110E+03,2.504778E+03,5.580758E-01,2.212121E-01,0.000000E+00,0.000000E+00,0.000000E+00,0.000000E+00,0.000000E+00,0.000000E+00,0.000000E+00,0.000000E+00,2.110805E+01,7.995190E+01,2.388794E+01,5.429084E+01
13:32:00,8.015110E+03,2.506708E+03,5.580758E-01,2.213826E-01,0.000000E+00,0.000000E+00,0.000000E+00,0.000000E+00,0.000000E+00,0.000000E+00,0.000000E+00,0.000000E+00,2.110805E+01,7.995190E+01,2.388794E+01,5.428460E+01
13:33:00,8.015110E+03,2.508610E+03,5.580758E-01,2.215506E-01,0.000000E+00,0.000000E+00,0.000000E+00,0.000000E+00,0.000000E+00,0.000000E+00,0.000000E+00,0.000000E+00,2.110805E+01,7.995190E+01,2.388794E+01,5.427845E+01
13:34:00,8.015110E+03,2.510485E+03,5.580758E-01,2.217161E-01,0.000000E+00,0.000000E+00,0.000000E+00,0.000000E+00,0.000000E+00,0.000000E+00,0.000000E+00,0.000000E+00,2.110805E+01,7.995190E+01,2.388794E+01,5.427240E+01
13:35:00,8.015110E+03,2.512333E+03,5.580758E-01,2.218794E-01,0.000000E+00,0.000000E+00,0.000000E+00,0.000000E+00,0.000000E+00,0.000000E+00,0.000000E+00,0.000000E+00,2.110805E+01,7.995190E+01,2.388794E+01,5.426645E+01
13:36:00,8.015110E+03,2.514154E+03,5.580758E-01,2.220402E-01,0.000000E+00,0.000000E+00,0.000000E+00,0.000000E+00,0.000000E+00,0.000000E+00,0.000000E+00,0.000000E+00,2.110805E+01,7.995190E+01,2.388794E+01,5.426059E+01
13:37:00,8.015110E+03,2.515948E+03,5.580758E-01,2.221986E-01,0.000000E+00,0.000000E+00,0.000000E+00,0.000000E+00,0.000000E+00,0.000000E+00,0.000000E+00,0.000000E+00,2.110805E+01,7.995190E+01,2.388794E+01,5.425482E+01
13:38:00,8.015110E+03,2.517715E+03,5.580758E-01,2.223547E-01,0.000000E+00,0.000000E+00,0.000000E+00,0.000000E+00,0.000000E+00,0.000000E+00,0.000000E+00,0.000000E+00,2.110805E+01,7.995190E+01,2.388794E+01,5.424915E+01
13:39:00,8.015110E+03,2.519455E+03,5.580758E-01,2.225083E-01,0.000000E+00,0.000000E+00,0.000000E+00,0.000000E+00,0.000000E+00,0.000000E+00,0.000000E+00,0.000000E+00,2.110805E+01,7.995190E+01,2.388794E+01,5.424356E+01
13:40:00,8.015110E+03,2.521168E+03,5.580758E-01,2.226596E-01,0.000000E+00,0.000000E+00,0.000000E+00,0.000000E+00,0.000000E+00,0.000000E+00,0.000000E+00,0.000000E+00,2.110805E+01,7.995190E+01,2.388794E+01,5.423807E+01
13:41:00,8.015110E+03,2.522854E+03,5.580758E-01,2.228085E-01,0.000000E+00,0.000000E+00,0.000000E+00,0.000000E+00,0.000000E+00,0.000000E+00,0.000000E+00,0.000000E+00,2.110805E+01,7.995190E+01,2.388794E+01,5.423267E+01
13:42:00,8.015110E+03,2.524513E+03,5.580758E-01,2.229550E-01,0.000000E+00,0.000000E+00,0.000000E+00,0.000000E+00,0.000000E+00,0.000000E+00,0.000000E+00,0.000000E+00,2.110805E+01,7.995190E+01,2.388794E+01,5.422736E+01
13:43:00,8.015110E+03,2.526144E+03,5.580758E-01,2.230992E-01,0.000000E+00,0.000000E+00,0.000000E+00,0.000000E+00,0.000000E+00,0.000000E+00,0.000000E+00,0.000000E+00,2.110805E+01,7.995190E+01,2.388794E+01,5.422214E+01
13:44:00,8.015110E+03,2.527750E+03,5.580758E-01,2.232410E-01,0.000000E+00,0.000000E+00,0.000000E+00,0.000000E+00,0.000000E+00,0.000000E+00,0.000000E+00,0.000000E+00,2.110805E+01,7.995190E+01,2.388794E+01,5.421701E+01
13:45:00,8.015110E+03,2.529329E+03,5.580758E-01,2.233804E-01,0.000000E+00,0.000000E+00,0.000000E+00,0.000000E+00,0.000000E+00,0.000000E+00,0.000000E+00,0.000000E+00,2.110805E+01,7.995190E+01,2.388794E+01,5.421196E+01
13:46:00,8.015110E+03,2.530883E+03,5.580758E-01,2.235176E-01,0.000000E+00,0.000000E+00,0.000000E+00,0.000000E+00,0.000000E+00,0.000000E+00,0.000000E+00,0.000000E+00,2.110805E+01,7.995190E+01,2.388794E+01,5.420698E+01
13:47:00,8.015110E+03,2.532410E+03,5.580758E-01,2.236525E-01,0.000000E+00,0.000000E+00,0.000000E+00,0.000000E+00,0.000000E+00,0.000000E+00,0.000000E+00,0.000000E+00,2.110805E+01,7.995190E+01,2.388794E+01,5.420209E+01
13:48:00,8.015110E+03,2.533912E+03,5.580758E-01,2.237852E-01,0.000000E+00,0.000000E+00,0.000000E+00,0.000000E+00,0.000000E+00,0.000000E+00,0.000000E+00,0.000000E+00,2.110805E+01,7.995190E+01,2.388794E+01,5.419727E+01
13:49:00,8.015110E+03,2.535388E+03,5.580758E-01,2.239155E-01,0.000000E+00,0.000000E+00,0.000000E+00,0.000000E+00,0.000000E+00,0.000000E+00,0.000000E+00,0.000000E+00,2.110805E+01,7.995190E+01,2.388794E+01,5.419252E+01
13:50:00,8.015110E+03,2.536837E+03,5.580758E-01,2.240435E-01,0.000000E+00,0.000000E+00,0.000000E+00,0.000000E+00,0.000000E+00,0.000000E+00,0.000000E+00,0.000000E+00,2.110805E+01,7.995190E+01,2.388794E+01,5.418785E+01
13:51:00,8.015110E+03,2.538262E+03,5.580758E-01,2.241693E-01,0.000000E+00,0.000000E+00,0.000000E+00,0.000000E+00,0.000000E+00,0.000000E+00,0.000000E+00,0.000000E+00,2.110805E+01,7.995190E+01,2.388794E+01,5.418324E+01
13:52:00,8.015110E+03,2.539661E+03,5.580758E-01,2.242929E-01,0.000000E+00,0.000000E+00,0.000000E+00,0.000000E+00,0.000000E+00,0.000000E+00,0.000000E+00,0.000000E+00,2.110805E+01,7.995190E+01,2.388794E+01,5.417871E+01
13:53:00,8.015110E+03,2.541034E+03,5.580758E-01,2.244141E-01,0.000000E+00,0.000000E+00,0.000000E+00,0.000000E+00,0.000000E+00,0.000000E+00,0.000000E+00,0.000000E+00,2.110805E+01,7.995190E+01,2.388794E+01,5.417425E+01
13:54:00,8.015110E+03,2.542381E+03,5.580758E-01,2.245331E-01,0.000000E+00,0.000000E+00,0.000000E+00,0.000000E+00,0.000000E+00,0.000000E+00,0.000000E+00,0.000000E+00,2.110805E+01,7.995190E+01,2.388794E+01,5.416986E+01
13:55:00,8.015110E+03,2.543704E+03,5.580758E-01,2.246499E-01,0.000000E+00,0.000000E+00,0.000000E+00,0.000000E+00,0.000000E+00,0.000000E+00,0.000000E+00,0.000000E+00,2.110805E+01,7.995190E+01,2.388794E+01,5.416553E+01
13:56:00,8.015110E+03,2.545001E+03,5.580758E-01,2.247644E-01,0.000000E+00,0.000000E+00,0.000000E+00,0.000000E+00,0.000000E+00,0.000000E+00,0.000000E+00,0.000000E+00,2.110805E+01,7.995190E+01,2.388794E+01,5.416127E+01
13:57:00,8.015110E+03,2.546272E+03,5.580758E-01,2.248767E-01,0.000000E+00,0.000000E+00,0.000000E+00,0.000000E+00,0.000000E+00,0.000000E+00,0.000000E+00,0.000000E+00,2.110805E+01,7.995190E+01,2.388794E+01,5.415708E+01
13:58:00,8.015110E+03,2.547518E+03,5.580758E-01,2.249868E-01,0.000000E+00,0.000000E+00,0.000000E+00,0.000000E+00,0.000000E+00,0.000000E+00,0.000000E+00,0.000000E+00,2.110805E+01,7.995190E+01,2.388794E+01,5.415295E+01
13:59:00,8.015110E+03,2.548739E+03,5.580758E-01,2.250946E-01,0.000000E+00,0.000000E+00,0.000000E+00,0.000000E+00,0.000000E+00,0.000000E+00,0.000000E+00,0.000000E+00,2.110805E+01,7.995190E+01,2.388794E+01,5.414889E+01
14:00:00,8.015110E+03,2.549935E+03,5.580758E-01,2.252002E-01,0.000000E+00,0.000000E+00,0.000000E+00,0.000000E+00,0.000000E+00,0.000000E+00,0.000000E+00,0.000000E+00,2.110805E+01,7.995190E+01,2.388794E+01,5.414489E+01
14:01:00,8.015110E+03,2.551101E+03,5.580758E-01,2.253032E-01,0.000000E+00,0.000000E+00,0.000000E+00,0.000000E+00,0.000000E+00,0.000000E+00,0.000000E+00,0.000000E+00,2.110805E+01,7.995190E+01,2.388794E+01,5.414096E+01
14:02:00,8.015110E+03,2.552236E+03,5.580758E-01,2.254034E-01,0.000000E+00,0.000000E+00,0.000000E+00,0.000000E+00,0.000000E+00,0.000000E+00,0.000000E+00,0.000000E+00,2.110805E+01,7.995190E+01,2.388794E+01,5.413717E+01
14:03:00,8.015110E+03,2.553340E+03,5.580758E-01,2.255010E-01,0.000000E+00,0.000000E+00,0.000000E+00,0.000000E+00,0.000000E+00,0.000000E+00,0.000000E+00,0.000000E+00,2.110805E+01,7.995190E+01,2.388795E+01,5.413358E+01
14:04:00,8.015110E+03,2.554414E+03,5.580758E-01,2.255958E-01,0.000000E+00,0.000000E+00,0.000000E+00,0.000000E+00,0.000000E+00,0.000000E+00,0.000000E+00,0.000000E+00,2.110805E+01,7.995190E+01,2.388795E+01,5.413020E+01
14:05:00,8.015110E+03,2.555457E+03,5.580758E-01,2.256879E-01,0.000000E+00,0.000000E+00,0.000000E+00,0.000000E+00,0.000000E+00,0.000000E+00,0.000000E+00,0.000000E+00,2.110805E+01,7.995190E+01,2.388795E+01,5.412702E+01
14:06:00,8.015110E+03,2.556470E+03,5.580758E-01,2.257774E-01,0.000000E+00,0.000000E+00,0.000000E+00,0.000000E+00,0.000000E+00,0.000000E+00,0.000000E+00,0.000000E+00,2.110805E+01,7.995190E+01,2.388795E+01,5.412404E+01
14:07:00,8.015110E+03,2.557453E+03,5.580758E-01,2.258642E-01,0.000000E+00,0.000000E+00,0.000000E+00,0.000000E+00,0.000000E+00,0.000000E+00,0.000000E+00,0.000000E+00,2.110805E+01,7.995190E+01,2.388795E+01,5.412124E+01
14:08:00,8.015110E+03,2.558406E+03,5.580758E-01,2.259483E-01,0.000000E+00,0.000000E+00,0.000000E+00,0.000000E+00,0.000000E+00,0.000000E+00,0.000000E+00,0.000000E+00,2.110805E+01,7.995190E+01,2.388795E+01,5.411862E+01
14:09:00,8.015110E+03,2.559328E+03,5.580758E-01,2.260298E-01,0.000000E+00,0.000000E+00,0.000000E+00,0.000000E+00,0.000000E+00,0.000000E+00,0.000000E+00,0.000000E+00,2.110805E+01,7.995190E+01,2.388795E+01,5.411616E+01
14:10:00,8.015110E+03,2.560220E+03,5.580758E-01,2.261086E-01,0.000000E+00,0.000000E+00,0.000000E+00,0.000000E+00,0.000000E+00,0.000000E+00,0.000000E+00,0.000000E+00,2.110805E+01,7.995190E+01,2.388795E+01,5.411387E+01
14:11:00,8.015110E+03,2.561082E+03,5.580758E-01,2.261847E-01,0.000000E+00,0.000000E+00,0.000000E+00,0.000000E+00,0.000000E+00,0.000000E+00,0.000000E+00,0.000000E+00,2.110805E+01,7.995190E+01,2.388795E+01,5.411174E+01
14:12:00,8.015110E+03,2.561914E+03,5.580758E-01,2.262581E-01,0.000000E+00,0.000000E+00,0.000000E+00,0.000000E+00,0.000000E+00,0.000000E+00,0.000000E+00,0.000000E+00,2.110805E+01,7.995190E+01,2.388795E+01,5.410977E+01
14:13:00,8.015110E+03,2.562715E+03,5.580758E-01,2.263289E-01,0.000000E+00,0.000000E+00,0.000000E+00,0.000000E+00,0.000000E+00,0.000000E+00,0.000000E+00,0.000000E+00,2.110805E+01,7.995190E+01,2.388795E+01,5.410794E+01
14:14:00,8.015110E+03,2.563486E+03,5.580758E-01,2.263970E-01,0.000000E+00,0.000000E+00,0.000000E+00,0.000000E+00,0.000000E+00,0.000000E+00,0.000000E+00,0.000000E+00,2.110805E+01,7.995190E+01,2.388795E+01,5.410626E+01
14:15:00,8.015110E+03,2.564227E+03,5.580758E-01,2.264624E-01,0.000000E+00,0.000000E+00,0.000000E+00,0.000000E+00,0.000000E+00,0.000000E+00,0.000000E+00,0.000000E+00,2.110805E+01,7.995190E+01,2.388795E+01,5.410472E+01
14:16:00,8.015110E+03,2.564938E+03,5.580758E-01,2.265252E-01,0.000000E+00,0.000000E+00,0.000000E+00,0.000000E+00,0.000000E+00,0.000000E+00,0.000000E+00,0.000000E+00,2.110805E+01,7.995190E+01,2.388795E+01,5.410332E+01
14:17:00,8.015110E+03,2.565619E+03,5.580758E-01,2.265854E-01,0.000000E+00,0.000000E+00,0.000000E+00,0.000000E+00,0.000000E+00,0.000000E+00,0.000000E+00,0.000000E+00,2.110805E+01,7.995190E+01,2.388795E+01,5.410205E+01
14:18:00,8.015110E+03,2.566270E+03,5.580758E-01,2.266429E-01,0.000000E+00,0.000000E+00,0.000000E+00,0.000000E+00,0.000000E+00,0.000000E+00,0.000000E+00,0.000000E+00,2.110805E+01,7.995190E+01,2.388795E+01,5.410090E+01
14:19:00,8.015110E+03,2.566891E+03,5.580758E-01,2.266977E-01,0.000000E+00,0.000000E+00,0.000000E+00,0.000000E+00,0.000000E+00,0.000000E+00,0.000000E+00,0.000000E+00,2.110805E+01,7.995190E+01,2.388795E+01,5.409988E+01
14:20:00,8.015110E+03,2.567482E+03,5.580758E-01,2.267499E-01,0.000000E+00,0.000000E+00,0.000000E+00,0.000000E+00,0.000000E+00,0.000000E+00,0.000000E+00,0.000000E+00,2.110805E+01,7.995190E+01,2.388795E+01,5.409899E+01
14:21:00,8.015110E+03,2.568043E+03,5.580758E-01,2.267994E-01,0.000000E+00,0.000000E+00,0.000000E+00,0.000000E+00,0.000000E+00,0.000000E+00,0.000000E+00,0.000000E+00,2.110805E+01,7.995190E+01,2.388795E+01,5.409821E+01
14:22:00,8.015110E+03,2.568574E+03,5.580758E-01,2.268463E-01,0.000000E+00,0.000000E+00,0.000000E+00,0.000000E+00,0.000000E+00,0.000000E+00,0.000000E+00,0.000000E+00,2.110805E+01,7.995190E+01,2.388795E+01,5.409754E+01
14:23:00,8.015110E+03,2.569076E+03,5.580758E-01,2.268906E-01,0.000000E+00,0.000000E+00,0.000000E+00,0.000000E+00,0.000000E+00,0.000000E+00,0.000000E+00,0.000000E+00,2.110805E+01,7.995190E+01,2.388795E+01,5.409699E+01
14:24:00,8.015110E+03,2.569547E+03,5.580758E-01,2.269323E-01,0.000000E+00,0.000000E+00,0.000000E+00,0.000000E+00,0.000000E+00,0.000000E+00,0.000000E+00,0.000000E+00,2.110805E+01,7.995190E+01,2.388795E+01,5.409655E+01
14:25:00,8.015110E+03,2.569989E+03,5.580758E-01,2.269713E-01,0.000000E+00,0.000000E+00,0.000000E+00,0.000000E+00,0.000000E+00,0.000000E+00,0.000000E+00,0.000000E+00,2.110805E+01,7.995190E+01,2.388795E+01,5.409621E+01
14:26:00,8.015110E+03,2.570400E+03,5.580758E-01,2.270075E-01,0.000000E+00,0.000000E+00,0.000000E+00,0.000000E+00,0.000000E+00,0.000000E+00,0.000000E+00,0.000000E+00,2.110805E+01,7.995190E+01,2.388795E+01,5.409598E+01
14:27:00,8.015110E+03,2.570780E+03,5.580758E-01,2.270411E-01,0.000000E+00,0.000000E+00,0.000000E+00,0.000000E+00,0.000000E+00,0.000000E+00,0.000000E+00,0.000000E+00,2.110805E+01,7.995190E+01,2.388795E+01,5.409586E+01
14:28:00,8.015110E+03,2.571131E+03,5.580758E-01,2.270722E-01,0.000000E+00,0.000000E+00,0.000000E+00,0.000000E+00,0.000000E+00,0.000000E+00,0.000000E+00,0.000000E+00,2.110805E+01,7.995190E+01,2.388795E+01,5.409584E+01
14:29:00,8.015110E+03,2.571453E+03,5.580758E-01,2.271006E-01,0.000000E+00,0.000000E+00,0.000000E+00,0.000000E+00,0.000000E+00,0.000000E+00,0.000000E+00,0.000000E+00,2.110805E+01,7.995190E+01,2.388795E+01,5.409592E+01
14:30:00,8.015110E+03,2.571745E+03,5.580758E-01,2.271264E-01,0.000000E+00,0.000000E+00,0.000000E+00,0.000000E+00,0.000000E+00,0.000000E+00,0.000000E+00,0.000000E+00,2.110805E+01,7.995190E+01,2.388795E+01,5.409609E+01
14:31:00,8.015110E+03,2.572008E+03,5.580758E-01,2.271495E-01,0.000000E+00,0.000000E+00,0.000000E+00,0.000000E+00,0.000000E+00,0.000000E+00,0.000000E+00,0.000000E+00,2.110805E+01,7.995190E+01,2.388795E+01,5.409636E+01
14:32:00,8.015110E+03,2.572241E+03,5.580758E-01,2.271702E-01,0.000000E+00,0.000000E+00,0.000000E+00,0.000000E+00,0.000000E+00,0.000000E+00,0.000000E+00,0.000000E+00,2.110805E+01,7.995190E+01,2.388795E+01,5.409671E+01
14:33:00,8.015110E+03,2.572445E+03,5.580758E-01,2.271882E-01,0.000000E+00,0.000000E+00,0.000000E+00,0.000000E+00,0.000000E+00,0.000000E+00,0.000000E+00,0.000000E+00,2.110805E+01,7.995190E+01,2.388795E+01,5.409716E+01
14:34:00,8.015110E+03,2.572620E+03,5.580758E-01,2.272036E-01,0.000000E+00,0.000000E+00,0.000000E+00,0.000000E+00,0.000000E+00,0.000000E+00,0.000000E+00,0.000000E+00,2.110805E+01,7.995190E+01,2.388795E+01,5.409769E+01
14:35:00,8.015110E+03,2.572765E+03,5.580758E-01,2.272164E-01,0.000000E+00,0.000000E+00,0.000000E+00,0.000000E+00,0.000000E+00,0.000000E+00,0.000000E+00,0.000000E+00,2.110805E+01,7.995190E+01,2.388795E+01,5.409830E+01
14:36:00,8.015110E+03,2.572882E+03,5.580758E-01,2.272267E-01,0.000000E+00,0.000000E+00,0.000000E+00,0.000000E+00,0.000000E+00,0.000000E+00,0.000000E+00,0.000000E+00,2.110805E+01,7.995190E+01,2.388795E+01,5.409900E+01
14:37:00,8.015110E+03,2.572969E+03,5.580758E-01,2.272344E-01,0.000000E+00,0.000000E+00,0.000000E+00,0.000000E+00,0.000000E+00,0.000000E+00,0.000000E+00,0.000000E+00,2.110805E+01,7.995190E+01,2.388795E+01,5.409977E+01
14:38:00,8.015110E+03,2.573027E+03,5.580758E-01,2.272395E-01,0.000000E+00,0.000000E+00,0.000000E+00,0.000000E+00,0.000000E+00,0.000000E+00,0.000000E+00,0.000000E+00,2.110805E+01,7.995190E+01,2.388795E+01,5.410063E+01
14:39:00,8.015110E+03,2.573057E+03,5.580758E-01,2.272421E-01,0.000000E+00,0.000000E+00,0.000000E+00,0.000000E+00,0.000000E+00,0.000000E+00,0.000000E+00,0.000000E+00,2.110805E+01,7.995190E+01,2.388795E+01,5.410157E+01
14:40:00,8.015110E+03,2.573057E+03,5.580758E-01,2.272422E-01,0.000000E+00,0.000000E+00,0.000000E+00,0.000000E+00,0.000000E+00,0.000000E+00,0.000000E+00,0.000000E+00,2.110805E+01,7.995190E+01,2.388796E+01,5.410258E+01
14:41:00,8.015110E+03,2.573029E+03,5.580758E-01,2.272397E-01,0.000000E+00,0.000000E+00,0.000000E+00,0.000000E+00,0.000000E+00,0.000000E+00,0.000000E+00,0.000000E+00,2.110805E+01,7.995190E+01,2.388796E+01,5.410367E+01
14:42:00,8.015110E+03,2.572972E+03,5.580758E-01,2.272346E-01,0.000000E+00,0.000000E+00,0.000000E+00,0.000000E+00,0.000000E+00,0.000000E+00,0.000000E+00,0.000000E+00,2.110805E+01,7.995190E+01,2.388796E+01,5.410484E+01
14:43:00,8.015110E+03,2.572886E+03,5.580758E-01,2.272271E-01,0.000000E+00,0.000000E+00,0.000000E+00,0.000000E+00,0.000000E+00,0.000000E+00,0.000000E+00,0.000000E+00,2.110805E+01,7.995190E+01,2.388796E+01,5.410607E+01
14:44:00,8.015110E+03,2.572771E+03,5.580758E-01,2.272169E-01,0.000000E+00,0.000000E+00,0.000000E+00,0.000000E+00,0.000000E+00,0.000000E+00,0.000000E+00,0.000000E+00,2.110805E+01,7.995190E+01,2.388796E+01,5.410739E+01
14:45:00,8.015110E+03,2.572626E+03,5.580758E-01,2.272041E-01,0.000000E+00,0.000000E+00,0.000000E+00,0.000000E+00,0.000000E+00,0.000000E+00,0.000000E+00,0.000000E+00,2.110805E+01,7.995190E+01,2.388796E+01,5.410878E+01
14:46:00,8.015110E+03,2.572452E+03,5.580758E-01,2.271887E-01,0.000000E+00,0.000000E+00,0.000000E+00,0.000000E+00,0.000000E+00,0.000000E+00,0.000000E+00,0.000000E+00,2.110805E+01,7.995190E+01,2.388796E+01,5.411024E+01
14:47:00,8.015110E+03,2.572248E+03,5.580758E-01,2.271707E-01,0.000000E+00,0.000000E+00,0.000000E+00,0.000000E+00,0.000000E+00,0.000000E+00,0.000000E+00,0.000000E+00,2.110805E+01,7.995190E+01,2.388796E+01,5.411178E+01
14:48:00,8.015110E+03,2.572014E+03,5.580758E-01,2.271500E-01,0.000000E+00,0.000000E+00,0.000000E+00,0.000000E+00,0.000000E+00,0.000000E+00,0.000000E+00,0.000000E+00,2.110805E+01,7.995190E+01,2.388796E+01,5.411338E+01
14:49:00,8.015110E+03,2.571751E+03,5.580758E-01,2.271268E-01,0.000000E+00,0.000000E+00,0.000000E+00,0.000000E+00,0.000000E+00,0.000000E+00,0.000000E+00,0.000000E+00,2.110805E+01,7.995190E+01,2.388796E+01,5.411506E+01
14:50:00,8.015110E+03,2.571458E+03,5.580758E-01,2.271009E-01,0.000000E+00,0.000000E+00,0.000000E+00,0.000000E+00,0.000000E+00,0.000000E+00,0.000000E+00,0.000000E+00,2.110805E+01,7.995190E+01,2.388796E+01,5.411681E+01
14:51:00,8.015110E+03,2.571135E+03,5.580758E-01,2.270723E-01,0.000000E+00,0.000000E+00,0.000000E+00,0.000000E+00,0.000000E+00,0.000000E+00,0.000000E+00,0.000000E+00,2.110805E+01,7.995190E+01,2.388796E+01,5.411863E+01
14:52:00,8.015110E+03,2.570782E+03,5.580758E-01,2.270412E-01,0.000000E+00,0.000000E+00,0.000000E+00,0.000000E+00,0.000000E+00,0.000000E+00,0.000000E+00,0.000000E+00,2.110805E+01,7.995190E+01,2.388796E+01,5.412052E+01
14:53:00,8.015110E+03,2.570400E+03,5.580758E-01,2.270075E-01,0.000000E+00,0.000000E+00,0.000000E+00,0.000000E+00,0.000000E+00,0.000000E+00,0.000000E+00,0.000000E+00,2.110805E+01,7.995190E+01,2.388796E+01,5.412247E+01
14:54:00,8.015110E+03,2.569988E+03,5.580758E-01,2.269711E-01,0.000000E+00,0.000000E+00,0.000000E+00,0.000000E+00,0.000000E+00,0.000000E+00,0.000000E+00,0.000000E+00,2.110805E+01,7.995190E+01,2.388796E+01,5.412449E+01
14:55:00,8.015110E+03,2.569547E+03,5.580758E-01,2.269321E-01,0.000000E+00,0.000000E+00,0.000000E+00,0.000000E+00,0.000000E+00,0.000000E+00,0.000000E+00,0.000000E+00,2.110805E+01,7.995190E+01,2.388796E+01,5.412658E+01
14:56:00,8.015110E+03,2.569076E+03,5.580758E-01,2.268905E-01,0.000000E+00,0.000000E+00,0.000000E+00,0.000000E+00,0.000000E+00,0.000000E+00,0.000000E+00,0.000000E+00,2.110805E+01,7.995190E+01,2.388796E+01,5.412873E+01
14:57:00,8.015110E+03,2.568576E+03,5.580758E-01,2.268463E-01,0.000000E+00,0.000000E+00,0.000000E+00,0.000000E+00,0.000000E+00,0.000000E+00,0.000000E+00,0.000000E+00,2.110805E+01,7.995190E+01,2.388796E+01,5.413094E+01
14:58:00,8.015110E+03,2.568046E+03,5.580758E-01,2.267996E-01,0.000000E+00,0.000000E+00,0.000000E+00,0.000000E+00,0.000000E+00,0.000000E+00,0.000000E+00,0.000000E+00,2.110805E+01,7.995190E+01,2.388796E+01,5.413321E+01
14:59:00,8.015110E+03,2.567488E+03,5.580758E-01,2.267502E-01,0.000000E+00,0.000000E+00,0.000000E+00,0.000000E+00,0.000000E+00,0.000000E+00,0.000000E+00,0.000000E+00,2.110805E+01,7.995190E+01,2.388796E+01,5.413555E+01
15:00:00,8.015110E+03,2.566899E+03,5.580758E-01,2.266982E-01,0.000000E+00,0.000000E+00,0.000000E+00,0.000000E+00,0.000000E+00,0.000000E+00,0.000000E+00,0.000000E+00,2.110805E+01,7.995190E+01,2.388796E+01,5.413794E+01
15:01:00,8.015110E+03,2.566279E+03,5.580758E-01,2.266435E-01,0.000000E+00,0.000000E+00,0.000000E+00,0.000000E+00,0.000000E+00,0.000000E+00,0.000000E+00,0.000000E+00,2.110805E+01,7.995190E+01,2.388796E+01,5.414040E+01
15:02:00,8.015110E+03,2.565591E+03,5.580758E-01,2.265827E-01,0.000000E+00,0.000000E+00,0.000000E+00,0.000000E+00,0.000000E+00,0.000000E+00,0.000000E+00,0.000000E+00,2.110805E+01,7.995190E+01,2.388796E+01,5.414301E+01
15:03:00,8.015110E+03,2.564868E+03,5.580758E-01,2.265188E-01,0.000000E+00,0.000000E+00,0.000000E+00,0.000000E+00,0.000000E+00,0.000000E+00,0.000000E+00,0.000000E+00,2.110805E+01,7.995190E+01,2.388796E+01,5.414604E+01
15:04:00,8.015110E+03,2.564112E+03,5.580758E-01,2.264521E-01,0.000000E+00,0.000000E+00,0.000000E+00,0.000000E+00,0.000000E+00,0.000000E+00,0.000000E+00,0.000000E+00,2.110805E+01,7.995190E+01,2.388796E+01,5.414946E+01
15:05:00,8.015110E+03,2.563323E+03,5.580758E-01,2.263824E-01,0.000000E+00,0.000000E+00,0.000000E+00,0.000000E+00,0.000000E+00,0.000000E+00,0.000000E+00,0.000000E+00,2.110805E+01,7.995190E+01,2.388796E+01,5.415314E+01
15:06:00,8.015110E+03,2.562501E+03,5.580758E-01,2.263098E-01,0.000000E+00,0.000000E+00,0.000000E+00,0.000000E+00,0.000000E+00,0.000000E+00,0.000000E+00,0.000000E+00,2.110805E+01,7.995190E+01,2.388796E+01,5.415703E+01
15:07:00,8.015110E+03,2.561646E+03,5.580758E-01,2.262343E-01,0.000000E+00,0.000000E+00,0.000000E+00,0.000000E+00,0.000000E+00,0.000000E+00,0.000000E+00,0.000000E+00,2.110805E+01,7.995190E+01,2.388796E+01,5.416112E+01
15:08:00,8.015110E+03,2.560759E+03,5.580758E-01,2.261559E-01,0.000000E+00,0.000000E+00,0.000000E+00,0.000000E+00,0.000000E+00,0.000000E+00,0.000000E+00,0.000000E+00,2.110805E+01,7.995190E+01,2.388796E+01,5.416539E+01
15:09:00,8.015110E+03,2.559840E+03,5.580758E-01,2.260748E-01,0.000000E+00,0.000000E+00,0.000000E+00,0.000000E+00,0.000000E+00,0.000000E+00,0.000000E+00,0.000000E+00,2.110805E+01,7.995190E+01,2.388796E+01,5.416984E+01
15:10:00,8.015110E+03,2.558889E+03,5.580758E-01,2.259908E-01,0.000000E+00,0.000000E+00,0.000000E+00,0.000000E+00,0.000000E+00,0.000000E+00,0.000000E+00,0.000000E+00,2.110805E+01,7.995190E+01,2.388797E+01,5.417446E+01
15:11:00,8.015110E+03,2.557906E+03,5.580758E-01,2.259040E-01,0.000000E+00,0.000000E+00,0.000000E+00,0.000000E+00,0.000000E+00,0.000000E+00,0.000000E+00,0.000000E+00,2.110805E+01,7.995190E+01,2.388797E+01,5.417924E+01
15:12:00,8.015110E+03,2.556892E+03,5.580758E-01,2.258144E-01,0.000000E+00,0.000000E+00,0.000000E+00,0.000000E+00,0.000000E+00,0.000000E+00,0.000000E+00,0.000000E+00,2.110805E+01,7.995190E+01,2.388797E+01,5.418418E+01
15:13:00,8.015110E+03,2.555846E+03,5.580758E-01,2.257220E-01,0.000000E+00,0.000000E+00,0.000000E+00,0.000000E+00,0.000000E+00,0.000000E+00,0.000000E+00,0.000000E+00,2.110805E+01,7.995190E+01,2.388797E+01,5.418926E+01
15:14:00,8.015110E+03,2.554770E+03,5.580758E-01,2.256269E-01,0.000000E+00,0.000000E+00,0.000000E+00,0.000000E+00,0.000000E+00,0.000000E+00,0.000000E+00,0.000000E+00,2.110805E+01,7.995190E+01,2.388797E+01,5.419449E+01
15:15:00,8.015110E+03,2.553662E+03,5.580758E-01,2.255291E-01,0.000000E+00,0.000000E+00,0.000000E+00,0.000000E+00,0.000000E+00,0.000000E+00,0.000000E+00,0.000000E+00,2.110805E+01,7.995190E+01,2.388797E+01,5.419985E+01
15:16:00,8.015110E+03,2.552524E+03,5.580758E-01,2.254286E-01,0.000000E+00,0.000000E+00,0.000000E+00,0.000000E+00,0.000000E+00,0.000000E+00,0.000000E+00,0.000000E+00,2.110805E+01,7.995190E+01,2.388797E+01,5.420535E+01
15:17:00,8.015110E+03,2.551355E+03,5.580758E-01,2.253253E-01,0.000000E+00,0.000000E+00,0.000000E+00,0.000000E+00,0.000000E+00,0.000000E+00,0.000000E+00,0.000000E+00,2.110805E+01,7.995190E+01,2.388797E+01,5.421097E+01
15:18:00,8.015110E+03,2.550156E+03,5.580758E-01,2.252194E-01,0.000000E+00,0.000000E+00,0.000000E+00,0.000000E+00,0.000000E+00,0.000000E+00,0.000000E+00,0.000000E+00,2.110805E+01,7.995190E+01,2.388797E+01,5.421670E+01
15:19:00,8.015110E+03,2.548927E+03,5.580758E-01,2.251109E-01,0.000000E+00,0.000000E+00,0.000000E+00,0.000000E+00,0.000000E+00,0.000000E+00,0.000000E+00,0.000000E+00,2.110805E+01,7.995190E+01,2.388797E+01,5.422256E+01
15:20:00,8.015110E+03,2.547668E+03,5.580758E-01,2.249997E-01,0.000000E+00,0.000000E+00,0.000000E+00,0.000000E+00,0.000000E+00,0.000000E+00,0.000000E+00,0.000000E+00,2.110805E+01,7.995190E+01,2.388797E+01,5.422853E+01
15:21:00,8.015110E+03,2.546379E+03,5.580758E-01,2.248859E-01,0.000000E+00,0.000000E+00,0.000000E+00,0.000000E+00,0.000000E+00,0.000000E+00,0.000000E+00,0.000000E+00,2.110805E+01,7.995190E+01,2.388797E+01,5.423460E+01
15:22:00,8.015110E+03,2.545061E+03,5.580758E-01,2.247695E-01,0.000000E+00,0.000000E+00,0.000000E+00,0.000000E+00,0.000000E+00,0.000000E+00,0.000000E+00,0.000000E+00,2.110805E+01,7.995190E+01,2.388797E+01,5.424077E+01
15:23:00,8.015110E+03,2.543714E+03,5.580758E-01,2.246505E-01,0.000000E+00,0.000000E+00,0.000000E+00,0.000000E+00,0.000000E+00,0.000000E+00,0.000000E+00,0.000000E+00,2.110805E+01,7.995190E+01,2.388797E+01,5.424704E+01
15:24:00,8.015110E+03,2.542338E+03,5.580758E-01,2.245290E-01,0.000000E+00,0.000000E+00,0.000000E+00,0.000000E+00,0.000000E+00,0.000000E+00,0.000000E+00,0.000000E+00,2.110805E+01,7.995190E+01,2.388797E+01,5.425340E+01
15:25:00,8.015110E+03,2.540934E+03,5.580758E-01,2.244049E-01,0.000000E+00,0.000000E+00,0.000000E+00,0.000000E+00,0.000000E+00,0.000000E+00,0.000000E+00,0.000000E+00,2.110805E+01,7.995190E+01,2.388797E+01,5.425985E+01
15:26:00,8.015110E+03,2.539503E+03,5.580758E-01,2.242786E-01,0.000000E+00,0.000000E+00,0.000000E+00,0.000000E+00,0.000000E+00,0.000000E+00,0.000000E+00,0.000000E+00,2.110805E+01,7.995190E+01,2.388797E+01,5.426638E+01
15:27:00,8.015110E+03,2.538044E+03,5.580758E-01,2.241497E-01,0.000000E+00,0.000000E+00,0.000000E+00,0.000000E+00,0.000000E+00,0.000000E+00,0.000000E+00,0.000000E+00,2.110805E+01,7.995190E+01,2.388797E+01,5.427300E+01
15:28:00,8.015110E+03,2.536557E+03,5.580758E-01,2.240183E-01,0.000000E+00,0.000000E+00,0.000000E+00,0.000000E+00,0.000000E+00,0.000000E+00,0.000000E+00,0.000000E+00,2.110805E+01,7.995190E+01,2.388797E+01,5.427969E+01
15:29:00,8.015110E+03,2.535042E+03,5.580758E-01,2.238846E-01,0.000000E+00,0.000000E+00,0.000000E+00,0.000000E+00,0.000000E+00,0.000000E+00,0.000000E+00,0.000000E+00,2.110805E+01,7.995190E+01,2.388797E+01,5.428646E+01
15:30:00,8.015110E+03,2.533500E+03,5.580758E-01,2.237484E-01,0.000000E+00,0.000000E+00,0.000000E+00,0.000000E+00,0.000000E+00,0.000000E+00,0.000000E+00,0.000000E+00,2.110805E+01,7.995190E+01,2.388797E+01,5.429329E+01
15:31:00,8.015110E+03,2.531932E+03,5.580758E-01,2.236099E-01,0.000000E+00,0.000000E+00,0.000000E+00,0.000000E+00,0.000000E+00,0.000000E+00,0.000000E+00,0.000000E+00,2.110805E+01,7.995190E+01,2.388797E+01,5.430020E+01
15:32:00,8.015110E+03,2.530337E+03,5.580758E-01,2.234690E-01,0.000000E+00,0.000000E+00,0.000000E+00,0.000000E+00,0.000000E+00,0.000000E+00,0.000000E+00,0.000000E+00,2.110805E+01,7.995190E+01,2.388797E+01,5.430716E+01
15:33:00,8.015110E+03,2.528715E+03,5.580758E-01,2.233258E-01,0.000000E+00,0.000000E+00,0.000000E+00,0.000000E+00,0.000000E+00,0.000000E+00,0.000000E+00,0.000000E+00,2.110805E+01,7.995190E+01,2.388797E+01,5.431419E+01
15:34:00,8.015110E+03,2.527067E+03,5.580758E-01,2.231802E-01,0.000000E+00,0.000000E+00,0.000000E+00,0.000000E+00,0.000000E+00,0.000000E+00,0.000000E+00,0.000000E+00,2.110805E+01,7.995190E+01,2.388798E+01,5.432128E+01
15:35:00,8.015110E+03,2.525394E+03,5.580758E-01,2.230324E-01,0.000000E+00,0.000000E+00,0.000000E+00,0.000000E+00,0.000000E+00,0.000000E+00,0.000000E+00,0.000000E+00,2.110805E+01,7.995190E+01,2.388798E+01,5.432842E+01
15:36:00,8.015110E+03,2.523695E+03,5.580758E-01,2.228824E-01,0.000000E+00,0.000000E+00,0.000000E+00,0.000000E+00,0.000000E+00,0.000000E+00,0.000000E+00,0.000000E+00,2.110805E+01,7.995190E+01,2.388798E+01,5.433561E+01
15:37:00,8.015110E+03,2.521971E+03,5.580758E-01,2.227301E-01,0.000000E+00,0.000000E+00,0.000000E+00,0.000000E+00,0.000000E+00,0.000000E+00,0.000000E+00,0.000000E+00,2.110805E+01,7.995190E+01,2.388798E+01,5.434286E+01
15:38:00,8.015110E+03,2.520222E+03,5.580758E-01,2.225757E-01,0.000000E+00,0.000000E+00,0.000000E+00,0.000000E+00,0.000000E+00,0.000000E+00,0.000000E+00,0.000000E+00,2.110805E+01,7.995190E+01,2.388798E+01,5.435015E+01
15:39:00,8.015110E+03,2.518449E+03,5.580758E-01,2.224191E-01,0.000000E+00,0.000000E+00,0.000000E+00,0.000000E+00,0.000000E+00,0.000000E+00,0.000000E+00,0.000000E+00,2.110805E+01,7.995190E+01,2.388798E+01,5.435748E+01
15:40:00,8.015110E+03,2.516652E+03,5.580758E-01,2.222604E-01,0.000000E+00,0.000000E+00,0.000000E+00,0.000000E+00,0.000000E+00,0.000000E+00,0.000000E+00,0.000000E+00,2.110805E+01,7.995190E+01,2.388798E+01,5.436485E+01
15:41:00,8.015110E+03,2.514831E+03,5.580758E-01,2.220996E-01,0.000000E+00,0.000000E+00,0.000000E+00,0.000000E+00,0.000000E+00,0.000000E+00,0.000000E+00,0.000000E+00,2.110805E+01,7.995190E+01,2.388798E+01,5.437226E+01
15:42:00,8.015110E+03,2.512988E+03,5.580758E-01,2.219367E-01,0.000000E+00,0.000000E+00,0.000000E+00,0.000000E+00,0.000000E+00,0.000000E+00,0.000000E+00,0.000000E+00,2.110805E+01,7.995190E+01,2.388798E+01,5.437971E+01
15:43:00,8.015110E+03,2.511121E+03,5.580758E-01,2.217719E-01,0.000000E+00,0.000000E+00,0.000000E+00,0.000000E+00,0.000000E+00,0.000000E+00,0.000000E+00,0.000000E+00,2.110805E+01,7.995190E+01,2.388798E+01,5.438719E+01
15:44:00,8.015110E+03,2.509233E+03,5.580758E-01,2.216051E-01,0.000000E+00,0.000000E+00,0.000000E+00,0.000000E+00,0.000000E+00,0.000000E+00,0.000000E+00,0.000000E+00,2.110805E+01,7.995190E+01,2.388798E+01,5.439469E+01
15:45:00,8.015110E+03,2.507322E+03,5.580758E-01,2.214364E-01,0.000000E+00,0.000000E+00,0.000000E+00,0.000000E+00,0.000000E+00,0.000000E+00,0.000000E+00,0.000000E+00,2.110805E+01,7.995190E+01,2.388798E+01,5.440223E+01
15:46:00,8.015110E+03,2.505391E+03,5.580758E-01,2.212657E-01,0.000000E+00,0.000000E+00,0.000000E+00,0.000000E+00,0.000000E+00,0.000000E+00,0.000000E+00,0.000000E+00,2.110805E+01,7.995190E+01,2.388798E+01,5.440979E+01
15:47:00,8.015110E+03,2.503438E+03,5.580758E-01,2.210933E-01,0.000000E+00,0.000000E+00,0.000000E+00,0.000000E+00,0.000000E+00,0.000000E+00,0.000000E+00,0.000000E+00,2.110805E+01,7.995190E+01,2.388798E+01,5.441738E+01
15:48:00,8.015110E+03,2.501465E+03,5.580758E-01,2.209190E-01,0.000000E+00,0.000000E+00,0.000000E+00,0.000000E+00,0.000000E+00,0.000000E+00,0.000000E+00,0.000000E+00,2.110805E+01,7.995190E+01,2.388798E+01,5.442498E+01
15:49:00,8.015110E+03,2.499471E+03,5.580758E-01,2.207430E-01,0.000000E+00,0.000000E+00,0.000000E+00,0.000000E+00,0.000000E+00,0.000000E+00,0.000000E+00,0.000000E+00,2.110805E+01,7.995190E+01,2.388798E+01,5.443260E+01
15:50:00,8.015110E+03,2.497458E+03,5.580758E-01,2.205652E-01,0.000000E+00,0.000000E+00,0.000000E+00,0.000000E+00,0.000000E+00,0.000000E+00,0.000000E+00,0.000000E+00,2.110805E+01,7.995190E+01,2.388798E+01,5.444024E+01
15:51:00,8.015110E+03,2.495427E+03,5.580758E-01,2.203857E-01,0.000000E+00,0.000000E+00,0.000000E+00,0.000000E+00,0.000000E+00,0.000000E+00,0.000000E+00,0.000000E+00,2.110805E+01,7.995190E+01,2.388798E+01,5.444790E+01
15:52:00,8.015110E+03,2.493377E+03,5.580758E-01,2.202047E-01,0.000000E+00,0.000000E+00,0.000000E+00,0.000000E+00,0.000000E+00,0.000000E+00,0.000000E+00,0.000000E+00,2.110805E+01,7.995190E+01,2.388798E+01,5.445556E+01
15:53:00,8.015110E+03,2.491308E+03,5.580758E-01,2.200220E-01,0.000000E+00,0.000000E+00,0.000000E+00,0.000000E+00,0.000000E+00,0.000000E+00,0.000000E+00,0.000000E+00,2.110805E+01,7.995190E+01,2.388798E+01,5.446322E+01
15:54:00,8.015110E+03,2.489221E+03,5.580758E-01,2.198377E-01,0.000000E+00,0.000000E+00,0.000000E+00,0.000000E+00,0.000000E+00,0.000000E+00,0.000000E+00,0.000000E+00,2.110805E+01,7.995190E+01,2.388798E+01,5.447089E+01
15:55:00,8.015110E+03,2.487116E+03,5.580758E-01,2.196518E-01,0.000000E+00,0.000000E+00,0.000000E+00,0.000000E+00,0.000000E+00,0.000000E+00,0.000000E+00,0.000000E+00,2.110805E+01,7.995190E+01,2.388798E+01,5.447857E+01
15:56:00,8.015110E+03,2.484994E+03,5.580758E-01,2.194643E-01,0.000000E+00,0.000000E+00,0.000000E+00,0.000000E+00,0.000000E+00,0.000000E+00,0.000000E+00,0.000000E+00,2.110805E+01,7.995190E+01,2.388798E+01,5.448625E+01
15:57:00,8.015110E+03,2.482854E+03,5.580758E-01,2.192754E-01,0.000000E+00,0.000000E+00,0.000000E+00,0.000000E+00,0.000000E+00,0.000000E+00,0.000000E+00,0.000000E+00,2.110805E+01,7.995190E+01,2.388798E+01,5.449394E+01
15:58:00,8.015110E+03,2.480699E+03,5.580758E-01,2.190850E-01,0.000000E+00,0.000000E+00,0.000000E+00,0.000000E+00,0.000000E+00,0.000000E+00,0.000000E+00,0.000000E+00,2.110805E+01,7.995190E+01,2.388798E+01,5.450163E+01
15:59:00,8.015110E+03,2.478528E+03,5.580758E-01,2.188933E-01,0.000000E+00,0.000000E+00,0.000000E+00,0.000000E+00,0.000000E+00,0.000000E+00,0.000000E+00,0.000000E+00,2.110805E+01,7.995190E+01,2.388798E+01,5.450931E+01
16:00:00,8.015110E+03,2.476342E+03,5.580758E-01,2.187002E-01,0.000000E+00,0.000000E+00,0.000000E+00,0.000000E+00,0.000000E+00,0.000000E+00,0.000000E+00,0.000000E+00,2.110805E+01,7.995190E+01,2.388798E+01,5.451699E+01
16:01:00,8.015110E+03,2.474152E+03,5.580758E-01,2.185068E-01,0.000000E+00,0.000000E+00,0.000000E+00,0.000000E+00,0.000000E+00,0.000000E+00,0.000000E+00,0.000000E+00,2.110805E+01,7.995190E+01,2.388798E+01,5.452465E+01
16:02:00,8.015110E+03,2.471996E+03,5.580758E-01,2.183163E-01,0.000000E+00,0.000000E+00,0.000000E+00,0.000000E+00,0.000000E+00,0.000000E+00,0.000000E+00,0.000000E+00,2.110805E+01,7.995190E+01,2.388798E+01,5.453234E+01
16:03:00,8.015110E+03,2.469840E+03,5.580758E-01,2.181259E-01,0.000000E+00,0.000000E+00,0.000000E+00,0.000000E+00,0.000000E+00,0.000000E+00,0.000000E+00,0.000000E+00,2.110805E+01,7.995190E+01,2.388798E+01,5.454006E+01
16:04:00,8.015110E+03,2.467683E+03,5.580758E-01,2.179354E-01,0.000000E+00,0.000000E+00,0.000000E+00,0.000000E+00,0.000000E+00,0.000000E+00,0.000000E+00,0.000000E+00,2.110805E+01,7.995190E+01,2.388798E+01,5.454783E+01
16:05:00,8.015110E+03,2.465527E+03,5.580758E-01,2.177450E-01,0.000000E+00,0.000000E+00,0.000000E+00,0.000000E+00,0.000000E+00,0.000000E+00,0.000000E+00,0.000000E+00,2.110805E+01,7.995190E+01,2.388798E+01,5.455564E+01
16:06:00,8.015110E+03,2.463371E+03,5.580758E-01,2.175546E-01,0.000000E+00,0.000000E+00,0.000000E+00,0.000000E+00,0.000000E+00,0.000000E+00,0.000000E+00,0.000000E+00,2.110805E+01,7.995190E+01,2.388798E+01,5.456347E+01
16:07:00,8.015110E+03,2.461216E+03,5.580758E-01,2.173643E-01,0.000000E+00,0.000000E+00,0.000000E+00,0.000000E+00,0.000000E+00,0.000000E+00,0.000000E+00,0.000000E+00,2.110805E+01,7.995190E+01,2.388798E+01,5.457133E+01
16:08:00,8.015110E+03,2.459066E+03,5.580758E-01,2.171744E-01,0.000000E+00,0.000000E+00,0.000000E+00,0.000000E+00,0.000000E+00,0.000000E+00,0.000000E+00,0.000000E+00,2.110805E+01,7.995190E+01,2.388798E+01,5.457920E+01
16:09:00,8.015110E+03,2.456921E+03,5.580758E-01,2.169849E-01,0.000000E+00,0.000000E+00,0.000000E+00,0.000000E+00,0.000000E+00,0.000000E+00,0.000000E+00,0.000000E+00,2.110805E+01,7.995190E+01,2.388799E+01,5.458707E+01
16:10:00,8.015110E+03,2.454781E+03,5.580758E-01,2.167959E-01,0.000000E+00,0.000000E+00,0.000000E+00,0.000000E+00,0.000000E+00,0.000000E+00,0.000000E+00,0.000000E+00,2.110805E+01,7.995190E+01,2.388799E+01,5.459492E+01
16:11:00,8.015110E+03,2.452646E+03,5.580758E-01,2.166074E-01,0.000000E+00,0.000000E+00,0.000000E+00,0.000000E+00,0.000000E+00,0.000000E+00,0.000000E+00,0.000000E+00,2.110805E+01,7.995190E+01,2.388799E+01,5.460274E+01
16:12:00,8.015110E+03,2.450517E+03,5.580758E-01,2.164194E-01,0.000000E+00,0.000000E+00,0.000000E+00,0.000000E+00,0.000000E+00,0.000000E+00,0.000000E+00,0.000000E+00,2.110805E+01,7.995190E+01,2.388799E+01,5.461054E+01
16:13:00,8.015110E+03,2.448394E+03,5.580758E-01,2.162318E-01,0.000000E+00,0.000000E+00,0.000000E+00,0.000000E+00,0.000000E+00,0.000000E+00,0.000000E+00,0.000000E+00,2.110805E+01,7.995190E+01,2.388799E+01,5.461831E+01
16:14:00,8.015110E+03,2.446276E+03,5.580758E-01,2.160448E-01,0.000000E+00,0.000000E+00,0.000000E+00,0.000000E+00,0.000000E+00,0.000000E+00,0.000000E+00,0.000000E+00,2.110805E+01,7.995190E+01,2.388799E+01,5.462606E+01
16:15:00,8.015110E+03,2.444164E+03,5.580758E-01,2.158582E-01,0.000000E+00,0.000000E+00,0.000000E+00,0.000000E+00,0.000000E+00,0.000000E+00,0.000000E+00,0.000000E+00,2.110805E+01,7.995190E+01,2.388799E+01,5.463378E+01
16:16:00,8.015110E+03,2.442057E+03,5.580758E-01,2.156722E-01,0.000000E+00,0.000000E+00,0.000000E+00,0.000000E+00,0.000000E+00,0.000000E+00,0.000000E+00,0.000000E+00,2.110805E+01,7.995190E+01,2.388799E+01,5.464149E+01
16:17:00,8.015110E+03,2.439957E+03,5.580758E-01,2.154867E-01,0.000000E+00,0.000000E+00,0.000000E+00,0.000000E+00,0.000000E+00,0.000000E+00,0.000000E+00,0.000000E+00,2.110805E+01,7.995190E+01,2.388799E+01,5.464917E+01
16:18:00,8.015110E+03,2.437863E+03,5.580758E-01,2.153017E-01,0.000000E+00,0.000000E+00,0.000000E+00,0.000000E+00,0.000000E+00,0.000000E+00,0.000000E+00,0.000000E+00,2.110805E+01,7.995190E+01,2.388799E+01,5.465684E+01
16:19:00,8.015110E+03,2.435776E+03,5.580758E-01,2.151175E-01,0.000000E+00,0.000000E+00,0.000000E+00,0.000000E+00,0.000000E+00,0.000000E+00,0.000000E+00,0.000000E+00,2.110805E+01,7.995190E+01,2.388799E+01,5.466449E+01
16:20:00,8.015110E+03,2.433697E+03,5.580758E-01,2.149339E-01,0.000000E+00,0.000000E+00,0.000000E+00,0.000000E+00,0.000000E+00,0.000000E+00,0.000000E+00,0.000000E+00,2.110805E+01,7.995190E+01,2.388799E+01,5.467211E+01
16:21:00,8.015110E+03,2.431626E+03,5.580758E-01,2.147510E-01,0.000000E+00,0.000000E+00,0.000000E+00,0.000000E+00,0.000000E+00,0.000000E+00,0.000000E+00,0.000000E+00,2.110805E+01,7.995190E+01,2.388799E+01,5.467970E+01
16:22:00,8.015110E+03,2.429564E+03,5.580758E-01,2.145688E-01,0.000000E+00,0.000000E+00,0.000000E+00,0.000000E+00,0.000000E+00,0.000000E+00,0.000000E+00,0.000000E+00,2.110805E+01,7.995190E+01,2.388799E+01,5.468726E+01
16:23:00,8.015110E+03,2.427509E+03,5.580758E-01,2.143873E-01,0.000000E+00,0.000000E+00,0.000000E+00,0.000000E+00,0.000000E+00,0.000000E+00,0.000000E+00,0.000000E+00,2.110805E+01,7.995190E+01,2.388799E+01,5.469479E+01
16:24:00,8.015110E+03,2.425463E+03,5.580758E-01,2.142066E-01,0.000000E+00,0.000000E+00,0.000000E+00,0.000000E+00,0.000000E+00,0.000000E+00,0.000000E+00,0.000000E+00,2.110805E+01,7.995190E+01,2.388799E+01,5.470229E+01
16:25:00,8.015110E+03,2.423425E+03,5.580758E-01,2.140266E-01,0.000000E+00,0.000000E+00,0.000000E+00,0.000000E+00,0.000000E+00,0.000000E+00,0.000000E+00,0.000000E+00,2.110805E+01,7.995190E+01,2.388799E+01,5.470976E+01
16:26:00,8.015110E+03,2.421395E+03,5.580758E-01,2.138474E-01,0.000000E+00,0.000000E+00,0.000000E+00,0.000000E+00,0.000000E+00,0.000000E+00,0.000000E+00,0.000000E+00,2.110805E+01,7.995190E+01,2.388799E+01,5.471720E+01
16:27:00,8.015110E+03,2.419374E+03,5.580758E-01,2.136689E-01,0.000000E+00,0.000000E+00,0.000000E+00,0.000000E+00,0.000000E+00,0.000000E+00,0.000000E+00,0.000000E+00,2.110805E+01,7.995190E+01,2.388799E+01,5.472461E+01
16:28:00,8.015110E+03,2.417362E+03,5.580758E-01,2.134912E-01,0.000000E+00,0.000000E+00,0.000000E+00,0.000000E+00,0.000000E+00,0.000000E+00,0.000000E+00,0.000000E+00,2.110805E+01,7.995190E+01,2.388799E+01,5.473199E+01
16:29:00,8.015110E+03,2.415359E+03,5.580758E-01,2.133142E-01,0.000000E+00,0.000000E+00,0.000000E+00,0.000000E+00,0.000000E+00,0.000000E+00,0.000000E+00,0.000000E+00,2.110805E+01,7.995190E+01,2.388799E+01,5.473935E+01
16:30:00,8.015110E+03,2.413364E+03,5.580758E-01,2.131381E-01,0.000000E+00,0.000000E+00,0.000000E+00,0.000000E+00,0.000000E+00,0.000000E+00,0.000000E+00,0.000000E+00,2.110805E+01,7.995190E+01,2.388799E+01,5.474668E+01
16:31:00,8.015110E+03,2.411378E+03,5.580758E-01,2.129627E-01,0.000000E+00,0.000000E+00,0.000000E+00,0.000000E+00,0.000000E+00,0.000000E+00,0.000000E+00,0.000000E+00,2.110805E+01,7.995190E+01,2.388799E+01,5.475398E+01
16:32:00,8.015110E+03,2.409401E+03,5.580758E-01,2.127881E-01,0.000000E+00,0.000000E+00,0.000000E+00,0.000000E+00,0.000000E+00,0.000000E+00,0.000000E+00,0.000000E+00,2.110805E+01,7.995190E+01,2.388799E+01,5.476125E+01
16:33:00,8.015110E+03,2.407433E+03,5.580758E-01,2.126143E-01,0.000000E+00,0.000000E+00,0.000000E+00,0.000000E+00,0.000000E+00,0.000000E+00,0.000000E+00,0.000000E+00,2.110805E+01,7.995190E+01,2.388799E+01,5.476851E+01
16:34:00,8.015110E+03,2.405474E+03,5.580758E-01,2.124412E-01,0.000000E+00,0.000000E+00,0.000000E+00,0.000000E+00,0.000000E+00,0.000000E+00,0.000000E+00,0.000000E+00,2.110805E+01,7.995190E+01,2.388799E+01,5.477574E+01
16:35:00,8.015110E+03,2.403524E+03,5.580758E-01,2.122690E-01,0.000000E+00,0.000000E+00,0.000000E+00,0.000000E+00,0.000000E+00,0.000000E+00,0.000000E+00,0.000000E+00,2.110805E+01,7.995190E+01,2.388799E+01,5.478295E+01
16:36:00,8.015110E+03,2.401582E+03,5.580758E-01,2.120975E-01,0.000000E+00,0.000000E+00,0.000000E+00,0.000000E+00,0.000000E+00,0.000000E+00,0.000000E+00,0.000000E+00,2.110805E+01,7.995190E+01,2.388799E+01,5.479013E+01
16:37:00,8.015110E+03,2.399649E+03,5.580758E-01,2.119268E-01,0.000000E+00,0.000000E+00,0.000000E+00,0.000000E+00,0.000000E+00,0.000000E+00,0.000000E+00,0.000000E+00,2.110805E+01,7.995190E+01,2.388799E+01,5.479730E+01
16:38:00,8.015110E+03,2.397725E+03,5.580758E-01,2.117569E-01,0.000000E+00,0.000000E+00,0.000000E+00,0.000000E+00,0.000000E+00,0.000000E+00,0.000000E+00,0.000000E+00,2.110805E+01,7.995190E+01,2.388799E+01,5.480444E+01
16:39:00,8.015110E+03,2.395809E+03,5.580758E-01,2.115877E-01,0.000000E+00,0.000000E+00,0.000000E+00,0.000000E+00,0.000000E+00,0.000000E+00,0.000000E+00,0.000000E+00,2.110805E+01,7.995190E+01,2.388799E+01,5.481157E+01
16:40:00,8.015110E+03,2.393902E+03,5.580758E-01,2.114192E-01,0.000000E+00,0.000000E+00,0.000000E+00,0.000000E+00,0.000000E+00,0.000000E+00,0.000000E+00,0.000000E+00,2.110805E+01,7.995190E+01,2.388799E+01,5.481868E+01
16:41:00,8.015110E+03,2.392004E+03,5.580758E-01,2.112516E-01,0.000000E+00,0.000000E+00,0.000000E+00,0.000000E+00,0.000000E+00,0.000000E+00,0.000000E+00,0.000000E+00,2.110805E+01,7.995190E+01,2.388799E+01,5.482577E+01
16:42:00,8.015110E+03,2.390113E+03,5.580758E-01,2.110846E-01,0.000000E+00,0.000000E+00,0.000000E+00,0.000000E+00,0.000000E+00,0.000000E+00,0.000000E+00,0.000000E+00,2.110805E+01,7.995190E+01,2.388799E+01,5.483285E+01
16:43:00,8.015110E+03,2.388231E+03,5.580758E-01,2.109184E-01,0.000000E+00,0.000000E+00,0.000000E+00,0.000000E+00,0.000000E+00,0.000000E+00,0.000000E+00,0.000000E+00,2.110805E+01,7.995190E+01,2.388799E+01,5.483991E+01
16:44:00,8.015110E+03,2.386357E+03,5.580758E-01,2.107528E-01,0.000000E+00,0.000000E+00,0.000000E+00,0.000000E+00,0.000000E+00,0.000000E+00,0.000000E+00,0.000000E+00,2.110805E+01,7.995190E+01,2.388799E+01,5.484696E+01
16:45:00,8.015110E+03,2.384491E+03,5.580758E-01,2.105880E-01,0.000000E+00,0.000000E+00,0.000000E+00,0.000000E+00,0.000000E+00,0.000000E+00,0.000000E+00,0.000000E+00,2.110805E+01,7.995190E+01,2.388799E+01,5.485399E+01
16:46:00,8.015110E+03,2.382632E+03,5.580758E-01,2.104239E-01,0.000000E+00,0.000000E+00,0.000000E+00,0.000000E+00,0.000000E+00,0.000000E+00,0.000000E+00,0.000000E+00,2.110805E+01,7.995190E+01,2.388799E+01,5.486101E+01
16:47:00,8.015110E+03,2.380781E+03,5.580758E-01,2.102604E-01,0.000000E+00,0.000000E+00,0.000000E+00,0.000000E+00,0.000000E+00,0.000000E+00,0.000000E+00,0.000000E+00,2.110805E+01,7.995190E+01,2.388799E+01,5.486802E+01
16:48:00,8.015110E+03,2.378937E+03,5.580758E-01,2.100976E-01,0.000000E+00,0.000000E+00,0.000000E+00,0.000000E+00,0.000000E+00,0.000000E+00,0.000000E+00,0.000000E+00,2.110805E+01,7.995190E+01,2.388799E+01,5.487502E+01
16:49:00,8.015110E+03,2.377101E+03,5.580758E-01,2.099354E-01,0.000000E+00,0.000000E+00,0.000000E+00,0.000000E+00,0.000000E+00,0.000000E+00,0.000000E+00,0.000000E+00,2.110805E+01,7.995190E+01,2.388799E+01,5.488201E+01
16:50:00,8.015110E+03,2.375271E+03,5.580758E-01,2.097738E-01,0.000000E+00,0.000000E+00,0.000000E+00,0.000000E+00,0.000000E+00,0.000000E+00,0.000000E+00,0.000000E+00,2.110805E+01,7.995190E+01,2.388799E+01,5.488899E+01
16:51:00,8.015110E+03,2.373448E+03,5.580758E-01,2.096128E-01,0.000000E+00,0.000000E+00,0.000000E+00,0.000000E+00,0.000000E+00,0.000000E+00,0.000000E+00,0.000000E+00,2.110805E+01,7.995190E+01,2.388799E+01,5.489596E+01
16:52:00,8.015110E+03,2.371631E+03,5.580758E-01,2.094523E-01,0.000000E+00,0.000000E+00,0.000000E+00,0.000000E+00,0.000000E+00,0.000000E+00,0.000000E+00,0.000000E+00,2.110805E+01,7.995190E+01,2.388799E+01,5.490293E+01
16:53:00,8.015110E+03,2.369820E+03,5.580758E-01,2.092923E-01,0.000000E+00,0.000000E+00,0.000000E+00,0.000000E+00,0.000000E+00,0.000000E+00,0.000000E+00,0.000000E+00,2.110805E+01,7.995190E+01,2.388799E+01,5.490988E+01
16:54:00,8.015110E+03,2.368016E+03,5.580758E-01,2.091330E-01,0.000000E+00,0.000000E+00,0.000000E+00,0.000000E+00,0.000000E+00,0.000000E+00,0.000000E+00,0.000000E+00,2.110805E+01,7.995190E+01,2.388799E+01,5.491684E+01
16:55:00,8.015110E+03,2.366217E+03,5.580758E-01,2.089742E-01,0.000000E+00,0.000000E+00,0.000000E+00,0.000000E+00,0.000000E+00,0.000000E+00,0.000000E+00,0.000000E+00,2.110805E+01,7.995190E+01,2.388799E+01,5.492379E+01
16:56:00,8.015110E+03,2.364425E+03,5.580758E-01,2.088159E-01,0.000000E+00,0.000000E+00,0.000000E+00,0.000000E+00,0.000000E+00,0.000000E+00,0.000000E+00,0.000000E+00,2.110805E+01,7.995190E+01,2.388799E+01,5.493074E+01
16:57:00,8.015110E+03,2.362638E+03,5.580758E-01,2.086580E-01,0.000000E+00,0.000000E+00,0.000000E+00,0.000000E+00,0.000000E+00,0.000000E+00,0.000000E+00,0.000000E+00,2.110805E+01,7.995190E+01,2.388799E+01,5.493769E+01
16:58:00,8.015110E+03,2.360855E+03,5.580758E-01,2.085006E-01,0.000000E+00,0.000000E+00,0.000000E+00,0.000000E+00,0.000000E+00,0.000000E+00,0.000000E+00,0.000000E+00,2.110805E+01,7.995190E+01,2.388799E+01,5.494463E+01
16:59:00,8.015110E+03,2.359077E+03,5.580758E-01,2.083435E-01,0.000000E+00,0.000000E+00,0.000000E+00,0.000000E+00,0.000000E+00,0.000000E+00,0.000000E+00,0.000000E+00,2.110805E+01,7.995190E+01,2.388799E+01,5.495158E+01
17:00:00,8.015110E+03,2.357303E+03,5.580758E-01,2.081868E-01,0.000000E+00,0.000000E+00,0.000000E+00,0.000000E+00,0.000000E+00,0.000000E+00,0.000000E+00,0.000000E+00,2.110805E+01,7.995190E+01,2.388799E+01,5.495853E+01
17:01:00,8.015110E+03,2.355532E+03,5.580758E-01,2.080305E-01,0.000000E+00,0.000000E+00,0.000000E+00,0.000000E+00,0.000000E+00,0.000000E+00,0.000000E+00,0.000000E+00,2.110805E+01,7.995190E+01,2.388799E+01,5.496548E+01
17:02:00,8.015110E+03,2.353765E+03,5.580758E-01,2.078744E-01,0.000000E+00,0.000000E+00,0.000000E+00,0.000000E+00,0.000000E+00,0.000000E+00,0.000000E+00,0.000000E+00,2.110805E+01,7.995190E+01,2.388800E+01,5.497246E+01
17:03:00,8.015110E+03,2.352000E+03,5.580758E-01,2.077185E-01,0.000000E+00,0.000000E+00,0.000000E+00,0.000000E+00,0.000000E+00,0.000000E+00,0.000000E+00,0.000000E+00,2.110805E+01,7.995190E+01,2.388800E+01,5.497951E+01
17:04:00,8.015110E+03,2.350237E+03,5.580758E-01,2.075628E-01,0.000000E+00,0.000000E+00,0.000000E+00,0.000000E+00,0.000000E+00,0.000000E+00,0.000000E+00,0.000000E+00,2.110805E+01,7.995190E+01,2.388800E+01,5.498663E+01
17:05:00,8.015110E+03,2.348476E+03,5.580758E-01,2.074073E-01,0.000000E+00,0.000000E+00,0.000000E+00,0.000000E+00,0.000000E+00,0.000000E+00,0.000000E+00,0.000000E+00,2.110805E+01,7.995190E+01,2.388800E+01,5.499381E+01
17:06:00,8.015110E+03,2.346717E+03,5.580758E-01,2.072519E-01,0.000000E+00,0.000000E+00,0.000000E+00,0.000000E+00,0.000000E+00,0.000000E+00,0.000000E+00,0.000000E+00,2.110805E+01,7.995190E+01,2.388800E+01,5.500106E+01
17:07:00,8.015110E+03,2.344958E+03,5.580758E-01,2.070966E-01,0.000000E+00,0.000000E+00,0.000000E+00,0.000000E+00,0.000000E+00,0.000000E+00,0.000000E+00,0.000000E+00,2.110805E+01,7.995190E+01,2.388800E+01,5.500836E+01
17:08:00,8.015110E+03,2.343196E+03,5.580758E-01,2.069409E-01,0.000000E+00,0.000000E+00,0.000000E+00,0.000000E+00,0.000000E+00,0.000000E+00,0.000000E+00,0.000000E+00,2.110805E+01,7.995190E+01,2.388800E+01,5.501573E+01
17:09:00,8.015110E+03,2.341430E+03,5.580758E-01,2.067850E-01,0.000000E+00,0.000000E+00,0.000000E+00,0.000000E+00,0.000000E+00,0.000000E+00,0.000000E+00,0.000000E+00,2.110805E+01,7.995190E+01,2.388800E+01,5.502316E+01
17:10:00,8.015110E+03,2.339661E+03,5.580758E-01,2.066288E-01,0.000000E+00,0.000000E+00,0.000000E+00,0.000000E+00,0.000000E+00,0.000000E+00,0.000000E+00,0.000000E+00,2.110805E+01,7.995190E+01,2.388800E+01,5.503064E+01
17:11:00,8.015110E+03,2.337888E+03,5.580758E-01,2.064722E-01,0.000000E+00,0.000000E+00,0.000000E+00,0.000000E+00,0.000000E+00,0.000000E+00,0.000000E+00,0.000000E+00,2.110805E+01,7.995190E+01,2.388800E+01,5.503817E+01
17:12:00,8.015110E+03,2.336112E+03,5.580758E-01,2.063153E-01,0.000000E+00,0.000000E+00,0.000000E+00,0.000000E+00,0.000000E+00,0.000000E+00,0.000000E+00,0.000000E+00,2.110805E+01,7.995190E+01,2.388800E+01,5.504577E+01
17:13:00,8.015110E+03,2.334331E+03,5.580758E-01,2.061580E-01,0.000000E+00,0.000000E+00,0.000000E+00,0.000000E+00,0.000000E+00,0.000000E+00,0.000000E+00,0.000000E+00,2.110805E+01,7.995190E+01,2.388800E+01,5.505341E+01
17:14:00,8.015110E+03,2.332545E+03,5.580758E-01,2.060003E-01,0.000000E+00,0.000000E+00,0.000000E+00,0.000000E+00,0.000000E+00,0.000000E+00,0.000000E+00,0.000000E+00,2.110805E+01,7.995190E+01,2.388800E+01,5.506111E+01
17:15:00,8.015110E+03,2.330756E+03,5.580758E-01,2.058423E-01,0.000000E+00,0.000000E+00,0.000000E+00,0.000000E+00,0.000000E+00,0.000000E+00,0.000000E+00,0.000000E+00,2.110805E+01,7.995190E+01,2.388800E+01,5.506886E+01
17:16:00,8.015110E+03,2.328961E+03,5.580758E-01,2.056838E-01,0.000000E+00,0.000000E+00,0.000000E+00,0.000000E+00,0.000000E+00,0.000000E+00,0.000000E+00,0.000000E+00,2.110805E+01,7.995190E+01,2.388800E+01,5.507667E+01
17:17:00,8.015110E+03,2.327162E+03,5.580758E-01,2.055249E-01,0.000000E+00,0.000000E+00,0.000000E+00,0.000000E+00,0.000000E+00,0.000000E+00,0.000000E+00,0.000000E+00,2.110805E+01,7.995190E+01,2.388800E+01,5.508452E+01
17:18:00,8.015110E+03,2.325358E+03,5.580758E-01,2.053656E-01,0.000000E+00,0.000000E+00,0.000000E+00,0.000000E+00,0.000000E+00,0.000000E+00,0.000000E+00,0.000000E+00,2.110805E+01,7.995190E+01,2.388800E+01,5.509243E+01
17:19:00,8.015110E+03,2.323547E+03,5.580758E-01,2.052056E-01,0.000000E+00,0.000000E+00,0.000000E+00,0.000000E+00,0.000000E+00,0.000000E+00,0.000000E+00,0.000000E+00,2.110805E+01,7.995190E+01,2.388800E+01,5.510039E+01
17:20:00,8.015110E+03,2.321730E+03,5.580758E-01,2.050451E-01,0.000000E+00,0.000000E+00,0.000000E+00,0.000000E+00,0.000000E+00,0.000000E+00,0.000000E+00,0.000000E+00,2.110805E+01,7.995190E+01,2.388800E+01,5.510839E+01
17:21:00,8.015110E+03,2.319905E+03,5.580758E-01,2.048839E-01,0.000000E+00,0.000000E+00,0.000000E+00,0.000000E+00,0.000000E+00,0.000000E+00,0.000000E+00,0.000000E+00,2.110805E+01,7.995190E+01,2.388800E+01,5.511645E+01
17:22:00,8.015110E+03,2.318073E+03,5.580758E-01,2.047221E-01,0.000000E+00,0.000000E+00,0.000000E+00,0.000000E+00,0.000000E+00,0.000000E+00,0.000000E+00,0.000000E+00,2.110805E+01,7.995190E+01,2.388800E+01,5.512456E+01
17:23:00,8.015110E+03,2.316233E+03,5.580758E-01,2.045596E-01,0.000000E+00,0.000000E+00,0.000000E+00,0.000000E+00,0.000000E+00,0.000000E+00,0.000000E+00,0.000000E+00,2.110805E+01,7.995190E+01,2.388800E+01,5.513272E+01
17:24:00,8.015110E+03,2.314385E+03,5.580758E-01,2.043964E-01,0.000000E+00,0.000000E+00,0.000000E+00,0.000000E+00,0.000000E+00,0.000000E+00,0.000000E+00,0.000000E+00,2.110805E+01,7.995190E+01,2.388800E+01,5.514092E+01
17:25:00,8.015110E+03,2.312529E+03,5.580758E-01,2.042325E-01,0.000000E+00,0.000000E+00,0.000000E+00,0.000000E+00,0.000000E+00,0.000000E+00,0.000000E+00,0.000000E+00,2.110805E+01,7.995190E+01,2.388800E+01,5.514918E+01
17:26:00,8.015110E+03,2.310664E+03,5.580758E-01,2.040678E-01,0.000000E+00,0.000000E+00,0.000000E+00,0.000000E+00,0.000000E+00,0.000000E+00,0.000000E+00,0.000000E+00,2.110805E+01,7.995190E+01,2.388800E+01,5.515749E+01
17:27:00,8.015110E+03,2.308790E+03,5.580758E-01,2.039023E-01,0.000000E+00,0.000000E+00,0.000000E+00,0.000000E+00,0.000000E+00,0.000000E+00,0.000000E+00,0.000000E+00,2.110805E+01,7.995190E+01,2.388800E+01,5.516585E+01
17:28:00,8.015110E+03,2.306853E+03,5.580758E-01,2.037312E-01,0.000000E+00,0.000000E+00,0.000000E+00,0.000000E+00,0.000000E+00,0.000000E+00,0.000000E+00,0.000000E+00,2.110805E+01,7.995190E+01,2.388800E+01,5.517425E+01
17:29:00,8.015110E+03,2.304903E+03,5.580758E-01,2.035590E-01,0.000000E+00,0.000000E+00,0.000000E+00,0.000000E+00,0.000000E+00,0.000000E+00,0.000000E+00,0.000000E+00,2.110805E+01,7.995190E+01,2.388801E+01,5.518305E+01
17:30:00,8.015110E+03,2.302941E+03,5.580758E-01,2.033857E-01,0.000000E+00,0.000000E+00,0.000000E+00,0.000000E+00,0.000000E+00,0.000000E+00,0.000000E+00,0.000000E+00,2.110805E+01,7.995190E+01,2.388801E+01,5.519212E+01
17:31:00,8.015110E+03,2.300967E+03,5.580758E-01,2.032114E-01,0.000000E+00,0.000000E+00,0.000000E+00,0.000000E+00,0.000000E+00,0.000000E+00,0.000000E+00,0.000000E+00,2.110805E+01,7.995190E+01,2.388801E+01,5.520132E+01
17:32:00,8.015110E+03,2.298981E+03,5.580758E-01,2.030360E-01,0.000000E+00,0.000000E+00,0.000000E+00,0.000000E+00,0.000000E+00,0.000000E+00,0.000000E+00,0.000000E+00,2.110805E+01,7.995190E+01,2.388801E+01,5.521058E+01
17:33:00,8.015110E+03,2.296983E+03,5.580758E-01,2.028596E-01,0.000000E+00,0.000000E+00,0.000000E+00,0.000000E+00,0.000000E+00,0.000000E+00,0.000000E+00,0.000000E+00,2.110805E+01,7.995190E+01,2.388801E+01,5.521988E+01
17:34:00,8.015110E+03,2.294974E+03,5.580758E-01,2.026821E-01,0.000000E+00,0.000000E+00,0.000000E+00,0.000000E+00,0.000000E+00,0.000000E+00,0.000000E+00,0.000000E+00,2.110805E+01,7.995190E+01,2.388801E+01,5.522921E+01
17:35:00,8.015110E+03,2.292952E+03,5.580758E-01,2.025036E-01,0.000000E+00,0.000000E+00,0.000000E+00,0.000000E+00,0.000000E+00,0.000000E+00,0.000000E+00,0.000000E+00,2.110805E+01,7.995190E+01,2.388801E+01,5.523858E+01
17:36:00,8.015110E+03,2.290919E+03,5.580758E-01,2.023239E-01,0.000000E+00,0.000000E+00,0.000000E+00,0.000000E+00,0.000000E+00,0.000000E+00,0.000000E+00,0.000000E+00,2.110805E+01,7.995190E+01,2.388801E+01,5.524798E+01
17:37:00,8.015110E+03,2.288873E+03,5.580758E-01,2.021432E-01,0.000000E+00,0.000000E+00,0.000000E+00,0.000000E+00,0.000000E+00,0.000000E+00,0.000000E+00,0.000000E+00,2.110805E+01,7.995190E+01,2.388801E+01,5.525743E+01
17:38:00,8.015110E+03,2.286814E+03,5.580758E-01,2.019614E-01,0.000000E+00,0.000000E+00,0.000000E+00,0.000000E+00,0.000000E+00,0.000000E+00,0.000000E+00,0.000000E+00,2.110805E+01,7.995190E+01,2.388801E+01,5.526692E+01
17:39:00,8.015110E+03,2.284742E+03,5.580758E-01,2.017784E-01,0.000000E+00,0.000000E+00,0.000000E+00,0.000000E+00,0.000000E+00,0.000000E+00,0.000000E+00,0.000000E+00,2.110805E+01,7.995190E+01,2.388801E+01,5.527645E+01
17:40:00,8.015110E+03,2.282658E+03,5.580758E-01,2.015943E-01,0.000000E+00,0.000000E+00,0.000000E+00,0.000000E+00,0.000000E+00,0.000000E+00,0.000000E+00,0.000000E+00,2.110805E+01,7.995190E+01,2.388801E+01,5.528602E+01
17:41:00,8.015110E+03,2.280560E+03,5.580758E-01,2.014091E-01,0.000000E+00,0.000000E+00,0.000000E+00,0.000000E+00,0.000000E+00,0.000000E+00,0.000000E+00,0.000000E+00,2.110805E+01,7.995190E+01,2.388801E+01,5.529563E+01
17:42:00,8.015110E+03,2.278449E+03,5.580758E-01,2.012226E-01,0.000000E+00,0.000000E+00,0.000000E+00,0.000000E+00,0.000000E+00,0.000000E+00,0.000000E+00,0.000000E+00,2.110805E+01,7.995190E+01,2.388801E+01,5.530529E+01
17:43:00,8.015110E+03,2.276324E+03,5.580758E-01,2.010350E-01,0.000000E+00,0.000000E+00,0.000000E+00,0.000000E+00,0.000000E+00,0.000000E+00,0.000000E+00,0.000000E+00,2.110805E+01,7.995190E+01,2.388801E+01,5.531499E+01
17:44:00,8.015110E+03,2.274185E+03,5.580758E-01,2.008461E-01,0.000000E+00,0.000000E+00,0.000000E+00,0.000000E+00,0.000000E+00,0.000000E+00,0.000000E+00,0.000000E+00,2.110805E+01,7.995190E+01,2.388801E+01,5.532474E+01
17:45:00,8.015110E+03,2.272033E+03,5.580758E-01,2.006559E-01,0.000000E+00,0.000000E+00,0.000000E+00,0.000000E+00,0.000000E+00,0.000000E+00,0.000000E+00,0.000000E+00,2.110805E+01,7.995190E+01,2.388801E+01,5.533453E+01
17:46:00,8.015110E+03,2.269865E+03,5.580758E-01,2.004645E-01,0.000000E+00,0.000000E+00,0.000000E+00,0.000000E+00,0.000000E+00,0.000000E+00,0.000000E+00,0.000000E+00,2.110805E+01,7.995190E+01,2.388801E+01,5.534437E+01
17:47:00,8.015110E+03,2.267684E+03,5.580758E-01,2.002718E-01,0.000000E+00,0.000000E+00,0.000000E+00,0.000000E+00,0.000000E+00,0.000000E+00,0.000000E+00,0.000000E+00,2.110805E+01,7.995190E+01,2.388801E+01,5.535426E+01
17:48:00,8.015110E+03,2.265487E+03,5.580758E-01,2.000778E-01,0.000000E+00,0.000000E+00,0.000000E+00,0.000000E+00,0.000000E+00,0.000000E+00,0.000000E+00,0.000000E+00,2.110805E+01,7.995190E+01,2.388801E+01,5.536420E+01
17:49:00,8.015110E+03,2.263275E+03,5.580758E-01,1.998825E-01,0.000000E+00,0.000000E+00,0.000000E+00,0.000000E+00,0.000000E+00,0.000000E+00,0.000000E+00,0.000000E+00,2.110805E+01,7.995190E+01,2.388801E+01,5.537419E+01
17:50:00,8.015110E+03,2.261050E+03,5.580758E-01,1.996859E-01,0.000000E+00,0.000000E+00,0.000000E+00,0.000000E+00,0.000000E+00,0.000000E+00,0.000000E+00,0.000000E+00,2.110805E+01,7.995190E+01,2.388801E+01,5.538423E+01
17:51:00,8.015110E+03,2.258809E+03,5.580758E-01,1.994880E-01,0.000000E+00,0.000000E+00,0.000000E+00,0.000000E+00,0.000000E+00,0.000000E+00,0.000000E+00,0.000000E+00,2.110805E+01,7.995190E+01,2.388801E+01,5.539432E+01
17:52:00,8.015110E+03,2.256552E+03,5.580758E-01,1.992887E-01,0.000000E+00,0.000000E+00,0.000000E+00,0.000000E+00,0.000000E+00,0.000000E+00,0.000000E+00,0.000000E+00,2.110805E+01,7.995190E+01,2.388801E+01,5.540446E+01
17:53:00,8.015110E+03,2.254279E+03,5.580758E-01,1.990880E-01,0.000000E+00,0.000000E+00,0.000000E+00,0.000000E+00,0.000000E+00,0.000000E+00,0.000000E+00,0.000000E+00,2.110805E+01,7.995190E+01,2.388802E+01,5.541465E+01
17:54:00,8.015110E+03,2.251990E+03,5.580758E-01,1.988859E-01,0.000000E+00,0.000000E+00,0.000000E+00,0.000000E+00,0.000000E+00,0.000000E+00,0.000000E+00,0.000000E+00,2.110805E+01,7.995190E+01,2.388802E+01,5.542490E+01
17:55:00,8.015110E+03,2.249685E+03,5.580758E-01,1.986823E-01,0.000000E+00,0.000000E+00,0.000000E+00,0.000000E+00,0.000000E+00,0.000000E+00,0.000000E+00,0.000000E+00,2.110805E+01,7.995190E+01,2.388802E+01,5.543520E+01
17:56:00,8.015110E+03,2.247364E+03,5.580758E-01,1.984772E-01,0.000000E+00,0.000000E+00,0.000000E+00,0.000000E+00,0.000000E+00,0.000000E+00,0.000000E+00,0.000000E+00,2.110805E+01,7.995190E+01,2.388802E+01,5.544557E+01
17:57:00,8.015110E+03,2.245025E+03,5.580758E-01,1.982707E-01,0.000000E+00,0.000000E+00,0.000000E+00,0.000000E+00,0.000000E+00,0.000000E+00,0.000000E+00,0.000000E+00,2.110805E+01,7.995190E+01,2.388802E+01,5.545599E+01
17:58:00,8.015110E+03,2.242670E+03,5.580758E-01,1.980626E-01,0.000000E+00,0.000000E+00,0.000000E+00,0.000000E+00,0.000000E+00,0.000000E+00,0.000000E+00,0.000000E+00,2.110805E+01,7.995190E+01,2.388802E+01,5.546648E+01
17:59:00,8.015110E+03,2.240297E+03,5.580758E-01,1.978531E-01,0.000000E+00,0.000000E+00,0.000000E+00,0.000000E+00,0.000000E+00,0.000000E+00,0.000000E+00,0.000000E+00,2.110805E+01,7.995190E+01,2.388802E+01,5.547704E+01
18:00:00,8.015110E+03,2.237906E+03,5.580758E-01,1.976420E-01,0.000000E+00,0.000000E+00,0.000000E+00,0.000000E+00,0.000000E+00,0.000000E+00,0.000000E+00,0.000000E+00,2.110805E+01,7.995190E+01,2.388802E+01,5.548765E+01
18:01:00,8.015110E+03,2.235490E+03,5.580758E-01,1.974285E-01,0.000000E+00,0.000000E+00,0.000000E+00,0.000000E+00,0.000000E+00,0.000000E+00,0.000000E+00,0.000000E+00,2.110805E+01,7.995190E+01,2.388802E+01,5.549834E+01
18:02:00,8.015110E+03,2.233047E+03,5.580758E-01,1.972128E-01,0.000000E+00,0.000000E+00,0.000000E+00,0.000000E+00,0.000000E+00,0.000000E+00,0.000000E+00,0.000000E+00,2.110805E+01,7.995190E+01,2.388802E+01,5.550918E+01
18:03:00,8.015110E+03,2.230578E+03,5.580758E-01,1.969947E-01,0.000000E+00,0.000000E+00,0.000000E+00,0.000000E+00,0.000000E+00,0.000000E+00,0.000000E+00,0.000000E+00,2.110805E+01,7.995190E+01,2.388802E+01,5.552024E+01
18:04:00,8.015110E+03,2.228081E+03,5.580758E-01,1.967742E-01,0.000000E+00,0.000000E+00,0.000000E+00,0.000000E+00,0.000000E+00,0.000000E+00,0.000000E+00,0.000000E+00,2.110805E+01,7.995190E+01,2.388802E+01,5.553153E+01
18:05:00,8.015110E+03,2.225558E+03,5.580758E-01,1.965514E-01,0.000000E+00,0.000000E+00,0.000000E+00,0.000000E+00,0.000000E+00,0.000000E+00,0.000000E+00,0.000000E+00,2.110805E+01,7.995190E+01,2.388802E+01,5.554304E+01
18:06:00,8.015110E+03,2.223008E+03,5.580758E-01,1.963261E-01,0.000000E+00,0.000000E+00,0.000000E+00,0.000000E+00,0.000000E+00,0.000000E+00,0.000000E+00,0.000000E+00,2.110805E+01,7.995190E+01,2.388802E+01,5.555478E+01
18:07:00,8.015110E+03,2.220430E+03,5.580758E-01,1.960985E-01,0.000000E+00,0.000000E+00,0.000000E+00,0.000000E+00,0.000000E+00,0.000000E+00,0.000000E+00,0.000000E+00,2.110805E+01,7.995190E+01,2.388802E+01,5.556674E+01
18:08:00,8.015110E+03,2.217825E+03,5.580758E-01,1.958684E-01,0.000000E+00,0.000000E+00,0.000000E+00,0.000000E+00,0.000000E+00,0.000000E+00,0.000000E+00,0.000000E+00,2.110805E+01,7.995190E+01,2.388802E+01,5.557889E+01
18:09:00,8.015110E+03,2.215192E+03,5.580758E-01,1.956358E-01,0.000000E+00,0.000000E+00,0.000000E+00,0.000000E+00,0.000000E+00,0.000000E+00,0.000000E+00,0.000000E+00,2.110805E+01,7.995190E+01,2.388802E+01,5.559126E+01
18:10:00,8.015110E+03,2.212530E+03,5.580758E-01,1.954008E-01,0.000000E+00,0.000000E+00,0.000000E+00,0.000000E+00,0.000000E+00,0.000000E+00,0.000000E+00,0.000000E+00,2.110805E+01,7.995190E+01,2.388803E+01,5.560381E+01
18:11:00,8.015110E+03,2.209841E+03,5.580758E-01,1.951633E-01,0.000000E+00,0.000000E+00,0.000000E+00,0.000000E+00,0.000000E+00,0.000000E+00,0.000000E+00,0.000000E+00,2.110805E+01,7.995190E+01,2.388803E+01,5.561657E+01
18:12:00,8.015110E+03,2.207123E+03,5.580758E-01,1.949232E-01,0.000000E+00,0.000000E+00,0.000000E+00,0.000000E+00,0.000000E+00,0.000000E+00,0.000000E+00,0.000000E+00,2.110805E+01,7.995190E+01,2.388803E+01,5.562951E+01
18:13:00,8.015110E+03,2.204376E+03,5.580758E-01,1.946806E-01,0.000000E+00,0.000000E+00,0.000000E+00,0.000000E+00,0.000000E+00,0.000000E+00,0.000000E+00,0.000000E+00,2.110805E+01,7.995190E+01,2.388803E+01,5.564265E+01
18:14:00,8.015110E+03,2.201600E+03,5.580758E-01,1.944355E-01,0.000000E+00,0.000000E+00,0.000000E+00,0.000000E+00,0.000000E+00,0.000000E+00,0.000000E+00,0.000000E+00,2.110805E+01,7.995190E+01,2.388803E+01,5.565596E+01
18:15:00,8.015110E+03,2.198795E+03,5.580758E-01,1.941877E-01,0.000000E+00,0.000000E+00,0.000000E+00,0.000000E+00,0.000000E+00,0.000000E+00,0.000000E+00,0.000000E+00,2.110805E+01,7.995190E+01,2.388803E+01,5.566946E+01
18:16:00,8.015110E+03,2.195961E+03,5.580758E-01,1.939374E-01,0.000000E+00,0.000000E+00,0.000000E+00,0.000000E+00,0.000000E+00,0.000000E+00,0.000000E+00,0.000000E+00,2.110805E+01,7.995190E+01,2.388803E+01,5.568314E+01
18:17:00,8.015110E+03,2.193097E+03,5.580758E-01,1.936845E-01,0.000000E+00,0.000000E+00,0.000000E+00,0.000000E+00,0.000000E+00,0.000000E+00,0.000000E+00,0.000000E+00,2.110805E+01,7.995190E+01,2.388803E+01,5.569700E+01
18:18:00,8.015110E+03,2.190203E+03,5.580758E-01,1.934289E-01,0.000000E+00,0.000000E+00,0.000000E+00,0.000000E+00,0.000000E+00,0.000000E+00,0.000000E+00,0.000000E+00,2.110805E+01,7.995190E+01,2.388803E+01,5.571103E+01
18:19:00,8.015110E+03,2.187279E+03,5.580758E-01,1.931706E-01,0.000000E+00,0.000000E+00,0.000000E+00,0.000000E+00,0.000000E+00,0.000000E+00,0.000000E+00,0.000000E+00,2.110805E+01,7.995190E+01,2.388803E+01,5.572523E+01
18:20:00,8.015110E+03,2.184324E+03,5.580758E-01,1.929097E-01,0.000000E+00,0.000000E+00,0.000000E+00,0.000000E+00,0.000000E+00,0.000000E+00,0.000000E+00,0.000000E+00,2.110805E+01,7.995190E+01,2.388803E+01,5.573961E+01
18:21:00,8.015110E+03,2.181339E+03,5.580758E-01,1.926461E-01,0.000000E+00,0.000000E+00,0.000000E+00,0.000000E+00,0.000000E+00,0.000000E+00,0.000000E+00,0.000000E+00,2.110805E+01,7.995190E+01,2.388803E+01,5.575415E+01
18:22:00,8.015110E+03,2.178324E+03,5.580758E-01,1.923797E-01,0.000000E+00,0.000000E+00,0.000000E+00,0.000000E+00,0.000000E+00,0.000000E+00,0.000000E+00,0.000000E+00,2.110805E+01,7.995190E+01,2.388804E+01,5.576886E+01
18:23:00,8.015110E+03,2.175277E+03,5.580758E-01,1.921106E-01,0.000000E+00,0.000000E+00,0.000000E+00,0.000000E+00,0.000000E+00,0.000000E+00,0.000000E+00,0.000000E+00,2.110805E+01,7.995190E+01,2.388804E+01,5.578374E+01
18:24:00,8.015110E+03,2.172199E+03,5.580758E-01,1.918388E-01,0.000000E+00,0.000000E+00,0.000000E+00,0.000000E+00,0.000000E+00,0.000000E+00,0.000000E+00,0.000000E+00,2.110805E+01,7.995190E+01,2.388804E+01,5.579879E+01
18:25:00,8.015110E+03,2.169089E+03,5.580758E-01,1.915641E-01,0.000000E+00,0.000000E+00,0.000000E+00,0.000000E+00,0.000000E+00,0.000000E+00,0.000000E+00,0.000000E+00,2.110805E+01,7.995190E+01,2.388804E+01,5.581400E+01
18:26:00,8.015110E+03,2.165948E+03,5.580758E-01,1.912867E-01,0.000000E+00,0.000000E+00,0.000000E+00,0.000000E+00,0.000000E+00,0.000000E+00,0.000000E+00,0.000000E+00,2.110805E+01,7.995190E+01,2.388804E+01,5.582937E+01
18:27:00,8.015110E+03,2.162775E+03,5.580758E-01,1.910064E-01,0.000000E+00,0.000000E+00,0.000000E+00,0.000000E+00,0.000000E+00,0.000000E+00,0.000000E+00,0.000000E+00,2.110805E+01,7.995190E+01,2.388804E+01,5.584490E+01
18:28:00,8.015110E+03,2.159624E+03,5.580758E-01,1.907282E-01,0.000000E+00,0.000000E+00,0.000000E+00,0.000000E+00,0.000000E+00,0.000000E+00,0.000000E+00,0.000000E+00,2.110805E+01,7.995190E+01,2.388804E+01,5.586060E+01
18:29:00,8.015110E+03,2.156445E+03,5.580758E-01,1.904474E-01,0.000000E+00,0.000000E+00,0.000000E+00,0.000000E+00,0.000000E+00,0.000000E+00,0.000000E+00,0.000000E+00,2.110805E+01,7.995190E+01,2.388804E+01,5.587646E+01
18:30:00,8.015110E+03,2.153235E+03,5.580758E-01,1.901639E-01,0.000000E+00,0.000000E+00,0.000000E+00,0.000000E+00,0.000000E+00,0.000000E+00,0.000000E+00,0.000000E+00,2.110805E+01,7.995190E+01,2.388804E+01,5.589248E+01
18:31:00,8.015110E+03,2.149994E+03,5.580758E-01,1.898777E-01,0.000000E+00,0.000000E+00,0.000000E+00,0.000000E+00,0.000000E+00,0.000000E+00,0.000000E+00,0.000000E+00,2.110805E+01,7.995190E+01,2.388804E+01,5.590866E+01
18:32:00,8.015110E+03,2.146722E+03,5.580758E-01,1.895887E-01,0.000000E+00,0.000000E+00,0.000000E+00,0.000000E+00,0.000000E+00,0.000000E+00,0.000000E+00,0.000000E+00,2.110805E+01,7.995190E+01,2.388804E+01,5.592500E+01
18:33:00,8.015110E+03,2.143418E+03,5.580758E-01,1.892969E-01,0.000000E+00,0.000000E+00,0.000000E+00,0.000000E+00,0.000000E+00,0.000000E+00,0.000000E+00,0.000000E+00,2.110805E+01,7.995190E+01,2.388804E+01,5.594150E+01
18:34:00,8.015110E+03,2.140082E+03,5.580758E-01,1.890022E-01,0.000000E+00,0.000000E+00,0.000000E+00,0.000000E+00,0.000000E+00,0.000000E+00,0.000000E+00,0.000000E+00,2.110805E+01,7.995190E+01,2.388804E+01,5.595816E+01
18:35:00,8.015110E+03,2.136713E+03,5.580758E-01,1.887047E-01,0.000000E+00,0.000000E+00,0.000000E+00,0.000000E+00,0.000000E+00,0.000000E+00,0.000000E+00,0.000000E+00,2.110805E+01,7.995190E+01,2.388805E+01,5.597499E+01
18:36:00,8.015110E+03,2.133311E+03,5.580758E-01,1.884043E-01,0.000000E+00,0.000000E+00,0.000000E+00,0.000000E+00,0.000000E+00,0.000000E+00,0.000000E+00,0.000000E+00,2.110805E+01,7.995190E+01,2.388805E+01,5.599197E+01
18:37:00,8.015110E+03,2.129877E+03,5.580758E-01,1.881009E-01,0.000000E+00,0.000000E+00,0.000000E+00,0.000000E+00,0.000000E+00,0.000000E+00,0.000000E+00,0.000000E+00,2.110805E+01,7.995190E+01,2.388805E+01,5.600911E+01
18:38:00,8.015110E+03,2.126409E+03,5.580758E-01,1.877947E-01,0.000000E+00,0.000000E+00,0.000000E+00,0.000000E+00,0.000000E+00,0.000000E+00,0.000000E+00,0.000000E+00,2.110805E+01,7.995190E+01,2.388805E+01,5.602641E+01
18:39:00,8.015110E+03,2.122866E+03,5.580758E-01,1.874818E-01,0.000000E+00,0.000000E+00,0.000000E+00,0.000000E+00,0.000000E+00,0.000000E+00,0.000000E+00,0.000000E+00,2.110805E+01,7.995190E+01,2.388805E+01,5.604387E+01
18:40:00,8.015110E+03,2.119286E+03,5.580758E-01,1.871655E-01,0.000000E+00,0.000000E+00,0.000000E+00,0.000000E+00,0.000000E+00,0.000000E+00,0.000000E+00,0.000000E+00,2.110805E+01,7.995190E+01,2.388805E+01,5.606176E+01
18:41:00,8.015110E+03,2.115669E+03,5.580758E-01,1.868462E-01,0.000000E+00,0.000000E+00,0.000000E+00,0.000000E+00,0.000000E+00,0.000000E+00,0.000000E+00,0.000000E+00,2.110805E+01,7.995190E+01,2.388805E+01,5.608000E+01
18:42:00,8.015110E+03,2.112018E+03,5.580758E-01,1.865237E-01,0.000000E+00,0.000000E+00,0.000000E+00,0.000000E+00,0.000000E+00,0.000000E+00,0.000000E+00,0.000000E+00,2.110805E+01,7.995190E+01,2.388805E+01,5.609847E+01
18:43:00,8.015110E+03,2.108332E+03,5.580758E-01,1.861981E-01,0.000000E+00,0.000000E+00,0.000000E+00,0.000000E+00,0.000000E+00,0.000000E+00,0.000000E+00,0.000000E+00,2.110805E+01,7.995190E+01,2.388805E+01,5.611711E+01
18:44:00,8.015110E+03,2.104610E+03,5.580758E-01,1.858694E-01,0.000000E+00,0.000000E+00,0.000000E+00,0.000000E+00,0.000000E+00,0.000000E+00,0.000000E+00,0.000000E+00,2.110805E+01,7.995190E+01,2.388805E+01,5.613588E+01
18:45:00,8.015110E+03,2.100853E+03,5.580758E-01,1.855376E-01,0.000000E+00,0.000000E+00,0.000000E+00,0.000000E+00,0.000000E+00,0.000000E+00,0.000000E+00,0.000000E+00,2.110805E+01,7.995190E+01,2.388806E+01,5.615480E+01
18:46:00,8.015110E+03,2.097062E+03,5.580758E-01,1.852028E-01,0.000000E+00,0.000000E+00,0.000000E+00,0.000000E+00,0.000000E+00,0.000000E+00,0.000000E+00,0.000000E+00,2.110805E+01,7.995190E+01,2.388806E+01,5.617387E+01
18:47:00,8.015110E+03,2.093231E+03,5.580758E-01,1.848645E-01,0.000000E+00,0.000000E+00,0.000000E+00,0.000000E+00,0.000000E+00,0.000000E+00,0.000000E+00,0.000000E+00,2.110805E+01,7.995190E+01,2.388806E+01,5.619308E+01
18:48:00,8.015110E+03,2.089362E+03,5.580758E-01,1.845227E-01,0.000000E+00,0.000000E+00,0.000000E+00,0.000000E+00,0.000000E+00,0.000000E+00,0.000000E+00,0.000000E+00,2.110805E+01,7.995190E+01,2.388806E+01,5.621245E+01
18:49:00,8.015110E+03,2.085454E+03,5.580758E-01,1.841776E-01,0.000000E+00,0.000000E+00,0.000000E+00,0.000000E+00,0.000000E+00,0.000000E+00,0.000000E+00,0.000000E+00,2.110805E+01,7.995190E+01,2.388806E+01,5.623201E+01
18:50:00,8.015110E+03,2.081505E+03,5.580758E-01,1.838288E-01,0.000000E+00,0.000000E+00,0.000000E+00,0.000000E+00,0.000000E+00,0.000000E+00,0.000000E+00,0.000000E+00,2.110805E+01,7.995190E+01,2.388806E+01,5.625175E+01
18:51:00,8.015110E+03,2.077517E+03,5.580758E-01,1.834766E-01,0.000000E+00,0.000000E+00,0.000000E+00,0.000000E+00,0.000000E+00,0.000000E+00,0.000000E+00,0.000000E+00,2.110805E+01,7.995190E+01,2.388806E+01,5.627168E+01
18:52:00,8.015110E+03,2.073490E+03,5.580758E-01,1.831209E-01,0.000000E+00,0.000000E+00,0.000000E+00,0.000000E+00,0.000000E+00,0.000000E+00,0.000000E+00,0.000000E+00,2.110805E+01,7.995190E+01,2.388806E+01,5.629180E+01
18:53:00,8.015110E+03,2.069422E+03,5.580758E-01,1.827617E-01,0.000000E+00,0.000000E+00,0.000000E+00,0.000000E+00,0.000000E+00,0.000000E+00,0.000000E+00,0.000000E+00,2.110805E+01,7.995190E+01,2.388806E+01,5.631210E+01
18:54:00,8.015110E+03,2.065315E+03,5.580758E-01,1.823990E-01,0.000000E+00,0.000000E+00,0.000000E+00,0.000000E+00,0.000000E+00,0.000000E+00,0.000000E+00,0.000000E+00,2.110805E+01,7.995190E+01,2.388806E+01,5.633259E+01
18:55:00,8.015110E+03,2.061169E+03,5.580758E-01,1.820327E-01,0.000000E+00,0.000000E+00,0.000000E+00,0.000000E+00,0.000000E+00,0.000000E+00,0.000000E+00,0.000000E+00,2.110805E+01,7.995190E+01,2.388807E+01,5.635326E+01
18:56:00,8.015110E+03,2.056982E+03,5.580758E-01,1.816630E-01,0.000000E+00,0.000000E+00,0.000000E+00,0.000000E+00,0.000000E+00,0.000000E+00,0.000000E+00,0.000000E+00,2.110805E+01,7.995190E+01,2.388807E+01,5.637412E+01
18:57:00,8.015110E+03,2.052756E+03,5.580758E-01,1.812897E-01,0.000000E+00,0.000000E+00,0.000000E+00,0.000000E+00,0.000000E+00,0.000000E+00,0.000000E+00,0.000000E+00,2.110805E+01,7.995190E+01,2.388807E+01,5.639516E+01
18:58:00,8.015110E+03,2.048489E+03,5.580758E-01,1.809129E-01,0.000000E+00,0.000000E+00,0.000000E+00,0.000000E+00,0.000000E+00,0.000000E+00,0.000000E+00,0.000000E+00,2.110805E+01,7.995190E+01,2.388807E+01,5.641638E+01
18:59:00,8.015110E+03,2.044161E+03,5.580758E-01,1.805306E-01,0.000000E+00,0.000000E+00,0.000000E+00,0.000000E+00,0.000000E+00,0.000000E+00,0.000000E+00,0.000000E+00,2.110805E+01,7.995190E+01,2.388807E+01,5.643777E+01
19:00:00,8.015110E+03,2.039792E+03,5.580758E-01,1.801448E-01,0.000000E+00,0.000000E+00,0.000000E+00,0.000000E+00,0.000000E+00,0.000000E+00,0.000000E+00,0.000000E+00,2.110805E+01,7.995190E+01,2.388807E+01,5.645950E+01
19:01:00,8.015110E+03,2.035408E+03,5.580758E-01,1.797576E-01,0.000000E+00,0.000000E+00,0.000000E+00,0.000000E+00,0.000000E+00,0.000000E+00,0.000000E+00,0.000000E+00,2.110805E+01,7.995190E+01,2.388807E+01,5.648151E+01
19:02:00,8.015110E+03,2.031011E+03,5.580758E-01,1.793693E-01,0.000000E+00,0.000000E+00,0.000000E+00,0.000000E+00,0.000000E+00,0.000000E+00,0.000000E+00,0.000000E+00,2.110805E+01,7.995190E+01,2.388807E+01,5.650364E+01
19:03:00,8.015110E+03,2.026600E+03,5.580758E-01,1.789797E-01,0.000000E+00,0.000000E+00,0.000000E+00,0.000000E+00,0.000000E+00,0.000000E+00,0.000000E+00,0.000000E+00,2.110805E+01,7.995190E+01,2.388807E+01,5.652581E+01
19:04:00,8.015110E+03,2.022177E+03,5.580758E-01,1.785890E-01,0.000000E+00,0.000000E+00,0.000000E+00,0.000000E+00,0.000000E+00,0.000000E+00,0.000000E+00,0.000000E+00,2.110805E+01,7.995190E+01,2.388807E+01,5.654798E+01
19:05:00,8.015110E+03,2.017740E+03,5.580758E-01,1.781972E-01,0.000000E+00,0.000000E+00,0.000000E+00,0.000000E+00,0.000000E+00,0.000000E+00,0.000000E+00,0.000000E+00,2.110805E+01,7.995190E+01,2.388808E+01,5.657016E+01
19:06:00,8.015110E+03,2.013291E+03,5.580758E-01,1.778042E-01,0.000000E+00,0.000000E+00,0.000000E+00,0.000000E+00,0.000000E+00,0.000000E+00,0.000000E+00,0.000000E+00,2.110805E+01,7.995190E+01,2.388808E+01,5.659236E+01
19:07:00,8.015110E+03,2.008830E+03,5.580758E-01,1.774103E-01,0.000000E+00,0.000000E+00,0.000000E+00,0.000000E+00,0.000000E+00,0.000000E+00,0.000000E+00,0.000000E+00,2.110805E+01,7.995190E+01,2.388808E+01,5.661457E+01
19:08:00,8.015110E+03,2.004358E+03,5.580758E-01,1.770153E-01,0.000000E+00,0.000000E+00,0.000000E+00,0.000000E+00,0.000000E+00,0.000000E+00,0.000000E+00,0.000000E+00,2.110805E+01,7.995190E+01,2.388808E+01,5.663680E+01
19:09:00,8.015110E+03,1.999862E+03,5.580758E-01,1.766183E-01,0.000000E+00,0.000000E+00,0.000000E+00,0.000000E+00,0.000000E+00,0.000000E+00,0.000000E+00,0.000000E+00,2.110805E+01,7.995190E+01,2.388808E+01,5.665904E+01
19:10:00,8.015110E+03,1.995356E+03,5.580758E-01,1.762202E-01,0.000000E+00,0.000000E+00,0.000000E+00,0.000000E+00,0.000000E+00,0.000000E+00,0.000000E+00,0.000000E+00,2.110805E+01,7.995190E+01,2.388808E+01,5.668139E+01
19:11:00,8.015110E+03,1.990839E+03,5.580758E-01,1.758214E-01,0.000000E+00,0.000000E+00,0.000000E+00,0.000000E+00,0.000000E+00,0.000000E+00,0.000000E+00,0.000000E+00,2.110805E+01,7.995190E+01,2.388808E+01,5.670382E+01
19:12:00,8.015110E+03,1.986315E+03,5.580758E-01,1.754218E-01,0.000000E+00,0.000000E+00,0.000000E+00,0.000000E+00,0.000000E+00,0.000000E+00,0.000000E+00,0.000000E+00,2.110805E+01,7.995190E+01,2.388808E+01,5.672627E+01
19:13:00,8.015110E+03,1.981782E+03,5.580758E-01,1.750215E-01,0.000000E+00,0.000000E+00,0.000000E+00,0.000000E+00,0.000000E+00,0.000000E+00,0.000000E+00,0.000000E+00,2.110805E+01,7.995190E+01,2.388808E+01,5.674873E+01
19:14:00,8.015110E+03,1.977243E+03,5.580758E-01,1.746206E-01,0.000000E+00,0.000000E+00,0.000000E+00,0.000000E+00,0.000000E+00,0.000000E+00,0.000000E+00,0.000000E+00,2.110805E+01,7.995190E+01,2.388808E+01,5.677119E+01
19:15:00,8.015110E+03,1.972697E+03,5.580758E-01,1.742191E-01,0.000000E+00,0.000000E+00,0.000000E+00,0.000000E+00,0.000000E+00,0.000000E+00,0.000000E+00,0.000000E+00,2.110805E+01,7.995190E+01,2.388808E+01,5.679364E+01
19:16:00,8.015110E+03,1.968078E+03,5.580758E-01,1.738111E-01,0.000000E+00,0.000000E+00,0.000000E+00,0.000000E+00,0.000000E+00,0.000000E+00,0.000000E+00,0.000000E+00,2.110805E+01,7.995190E+01,2.388808E+01,5.681608E+01
19:17:00,8.015110E+03,1.963456E+03,5.580758E-01,1.734029E-01,0.000000E+00,0.000000E+00,0.000000E+00,0.000000E+00,0.000000E+00,0.000000E+00,0.000000E+00,0.000000E+00,2.110805E+01,7.995190E+01,2.388809E+01,5.683898E+01
19:18:00,8.015110E+03,1.958834E+03,5.580758E-01,1.729947E-01,0.000000E+00,0.000000E+00,0.000000E+00,0.000000E+00,0.000000E+00,0.000000E+00,0.000000E+00,0.000000E+00,2.110805E+01,7.995190E+01,2.388809E+01,5.686215E+01
19:19:00,8.015110E+03,1.954213E+03,5.580758E-01,1.725866E-01,0.000000E+00,0.000000E+00,0.000000E+00,0.000000E+00,0.000000E+00,0.000000E+00,0.000000E+00,0.000000E+00,2.110805E+01,7.995190E+01,2.388809E+01,5.688534E+01
19:20:00,8.015110E+03,1.949593E+03,5.580758E-01,1.721786E-01,0.000000E+00,0.000000E+00,0.000000E+00,0.000000E+00,0.000000E+00,0.000000E+00,0.000000E+00,0.000000E+00,2.110805E+01,7.995190E+01,2.388809E+01,5.690845E+01
19:21:00,8.015110E+03,1.944976E+03,5.580758E-01,1.717708E-01,0.000000E+00,0.000000E+00,0.000000E+00,0.000000E+00,0.000000E+00,0.000000E+00,0.000000E+00,0.000000E+00,2.110805E+01,7.995190E+01,2.388809E+01,5.693146E+01
19:22:00,8.015110E+03,1.940361E+03,5.580758E-01,1.713632E-01,0.000000E+00,0.000000E+00,0.000000E+00,0.000000E+00,0.000000E+00,0.000000E+00,0.000000E+00,0.000000E+00,2.110805E+01,7.995190E+01,2.388809E+01,5.695436E+01
19:23:00,8.015110E+03,1.935750E+03,5.580758E-01,1.709560E-01,0.000000E+00,0.000000E+00,0.000000E+00,0.000000E+00,0.000000E+00,0.000000E+00,0.000000E+00,0.000000E+00,2.110805E+01,7.995190E+01,2.388809E+01,5.697716E+01
19:24:00,8.015110E+03,1.931144E+03,5.580758E-01,1.705491E-01,0.000000E+00,0.000000E+00,0.000000E+00,0.000000E+00,0.000000E+00,0.000000E+00,0.000000E+00,0.000000E+00,2.110805E+01,7.995190E+01,2.388809E+01,5.699987E+01
19:25:00,8.015110E+03,1.926541E+03,5.580758E-01,1.701427E-01,0.000000E+00,0.000000E+00,0.000000E+00,0.000000E+00,0.000000E+00,0.000000E+00,0.000000E+00,0.000000E+00,2.110805E+01,7.995190E+01,2.388809E+01,5.702250E+01
19:26:00,8.015110E+03,1.921944E+03,5.580758E-01,1.697367E-01,0.000000E+00,0.000000E+00,0.000000E+00,0.000000E+00,0.000000E+00,0.000000E+00,0.000000E+00,0.000000E+00,2.110805E+01,7.995190E+01,2.388809E+01,5.704505E+01
19:27:00,8.015110E+03,1.917353E+03,5.580758E-01,1.693312E-01,0.000000E+00,0.000000E+00,0.000000E+00,0.000000E+00,0.000000E+00,0.000000E+00,0.000000E+00,0.000000E+00,2.110805E+01,7.995190E+01,2.388809E+01,5.706752E+01
19:28:00,8.015110E+03,1.912767E+03,5.580758E-01,1.689262E-01,0.000000E+00,0.000000E+00,0.000000E+00,0.000000E+00,0.000000E+00,0.000000E+00,0.000000E+00,0.000000E+00,2.110805E+01,7.995190E+01,2.388809E+01,5.708992E+01
19:29:00,8.015110E+03,1.908188E+03,5.580758E-01,1.685218E-01,0.000000E+00,0.000000E+00,0.000000E+00,0.000000E+00,0.000000E+00,0.000000E+00,0.000000E+00,0.000000E+00,2.110805E+01,7.995190E+01,2.388809E+01,5.711225E+01
19:30:00,8.015110E+03,1.903616E+03,5.580758E-01,1.681180E-01,0.000000E+00,0.000000E+00,0.000000E+00,0.000000E+00,0.000000E+00,0.000000E+00,0.000000E+00,0.000000E+00,2.110805E+01,7.995190E+01,2.388809E+01,5.713452E+01
19:31:00,8.015110E+03,1.899051E+03,5.580758E-01,1.677148E-01,0.000000E+00,0.000000E+00,0.000000E+00,0.000000E+00,0.000000E+00,0.000000E+00,0.000000E+00,0.000000E+00,2.110805E+01,7.995190E+01,2.388809E+01,5.715673E+01
19:32:00,8.015110E+03,1.894493E+03,5.580758E-01,1.673123E-01,0.000000E+00,0.000000E+00,0.000000E+00,0.000000E+00,0.000000E+00,0.000000E+00,0.000000E+00,0.000000E+00,2.110805E+01,7.995190E+01,2.388809E+01,5.717889E+01
19:33:00,8.015110E+03,1.889944E+03,5.580758E-01,1.669105E-01,0.000000E+00,0.000000E+00,0.000000E+00,0.000000E+00,0.000000E+00,0.000000E+00,0.000000E+00,0.000000E+00,2.110805E+01,7.995190E+01,2.388809E+01,5.720101E+01
19:34:00,8.015110E+03,1.885403E+03,5.580758E-01,1.665095E-01,0.000000E+00,0.000000E+00,0.000000E+00,0.000000E+00,0.000000E+00,0.000000E+00,0.000000E+00,0.000000E+00,2.110805E+01,7.995190E+01,2.388810E+01,5.722307E+01
19:35:00,8.015110E+03,1.880871E+03,5.580758E-01,1.661092E-01,0.000000E+00,0.000000E+00,0.000000E+00,0.000000E+00,0.000000E+00,0.000000E+00,0.000000E+00,0.000000E+00,2.110805E+01,7.995190E+01,2.388810E+01,5.724510E+01
19:36:00,8.015110E+03,1.876349E+03,5.580758E-01,1.657098E-01,0.000000E+00,0.000000E+00,0.000000E+00,0.000000E+00,0.000000E+00,0.000000E+00,0.000000E+00,0.000000E+00,2.110805E+01,7.995190E+01,2.388810E+01,5.726709E+01
19:37:00,8.015110E+03,1.871836E+03,5.580758E-01,1.653112E-01,0.000000E+00,0.000000E+00,0.000000E+00,0.000000E+00,0.000000E+00,0.000000E+00,0.000000E+00,0.000000E+00,2.110805E+01,7.995190E+01,2.388810E+01,5.728904E+01
19:38:00,8.015110E+03,1.867333E+03,5.580758E-01,1.649135E-01,0.000000E+00,0.000000E+00,0.000000E+00,0.000000E+00,0.000000E+00,0.000000E+00,0.000000E+00,0.000000E+00,2.110805E+01,7.995190E+01,2.388810E+01,5.731097E+01
19:39:00,8.015110E+03,1.862882E+03,5.580758E-01,1.645204E-01,0.000000E+00,0.000000E+00,0.000000E+00,0.000000E+00,0.000000E+00,0.000000E+00,0.000000E+00,0.000000E+00,2.110805E+01,7.995190E+01,2.388810E+01,5.733287E+01
19:40:00,8.015110E+03,1.858445E+03,5.580758E-01,1.641286E-01,0.000000E+00,0.000000E+00,0.000000E+00,0.000000E+00,0.000000E+00,0.000000E+00,0.000000E+00,0.000000E+00,2.110805E+01,7.995190E+01,2.388810E+01,5.735475E+01
19:41:00,8.015110E+03,1.854022E+03,5.580758E-01,1.637379E-01,0.000000E+00,0.000000E+00,0.000000E+00,0.000000E+00,0.000000E+00,0.000000E+00,0.000000E+00,0.000000E+00,2.110805E+01,7.995190E+01,2.388810E+01,5.737661E+01
19:42:00,8.015110E+03,1.849611E+03,5.580758E-01,1.633483E-01,0.000000E+00,0.000000E+00,0.000000E+00,0.000000E+00,0.000000E+00,0.000000E+00,0.000000E+00,0.000000E+00,2.110805E+01,7.995190E+01,2.388810E+01,5.739846E+01
19:43:00,8.015110E+03,1.845213E+03,5.580758E-01,1.629599E-01,0.000000E+00,0.000000E+00,0.000000E+00,0.000000E+00,0.000000E+00,0.000000E+00,0.000000E+00,0.000000E+00,2.110805E+01,7.995190E+01,2.388810E+01,5.742029E+01
19:44:00,8.015110E+03,1.840828E+03,5.580758E-01,1.625726E-01,0.000000E+00,0.000000E+00,0.000000E+00,0.000000E+00,0.000000E+00,0.000000E+00,0.000000E+00,0.000000E+00,2.110805E+01,7.995190E+01,2.388810E+01,5.744211E+01
19:45:00,8.015110E+03,1.836456E+03,5.580758E-01,1.621865E-01,0.000000E+00,0.000000E+00,0.000000E+00,0.000000E+00,0.000000E+00,0.000000E+00,0.000000E+00,0.000000E+00,2.110805E+01,7.995190E+01,2.388810E+01,5.746393E+01
19:46:00,8.015110E+03,1.832098E+03,5.580758E-01,1.618016E-01,0.000000E+00,0.000000E+00,0.000000E+00,0.000000E+00,0.000000E+00,0.000000E+00,0.000000E+00,0.000000E+00,2.110805E+01,7.995190E+01,2.388810E+01,5.748574E+01
19:47:00,8.015110E+03,1.827757E+03,5.580758E-01,1.614182E-01,0.000000E+00,0.000000E+00,0.000000E+00,0.000000E+00,0.000000E+00,0.000000E+00,0.000000E+00,0.000000E+00,2.110805E+01,7.995190E+01,2.388810E+01,5.750755E+01
19:48:00,8.015110E+03,1.823433E+03,5.580758E-01,1.610364E-01,0.000000E+00,0.000000E+00,0.000000E+00,0.000000E+00,0.000000E+00,0.000000E+00,0.000000E+00,0.000000E+00,2.110805E+01,7.995190E+01,2.388810E+01,5.752936E+01
19:49:00,8.015110E+03,1.819128E+03,5.580758E-01,1.606561E-01,0.000000E+00,0.000000E+00,0.000000E+00,0.000000E+00,0.000000E+00,0.000000E+00,0.000000E+00,0.000000E+00,2.110805E+01,7.995190E+01,2.388811E+01,5.755117E+01
19:50:00,8.015110E+03,1.814841E+03,5.580758E-01,1.602775E-01,0.000000E+00,0.000000E+00,0.000000E+00,0.000000E+00,0.000000E+00,0.000000E+00,0.000000E+00,0.000000E+00,2.110805E+01,7.995190E+01,2.388811E+01,5.757299E+01
19:51:00,8.015110E+03,1.810572E+03,5.580758E-01,1.599006E-01,0.000000E+00,0.000000E+00,0.000000E+00,0.000000E+00,0.000000E+00,0.000000E+00,0.000000E+00,0.000000E+00,2.110805E+01,7.995190E+01,2.388811E+01,5.759482E+01
19:52:00,8.015110E+03,1.806323E+03,5.580758E-01,1.595253E-01,0.000000E+00,0.000000E+00,0.000000E+00,0.000000E+00,0.000000E+00,0.000000E+00,0.000000E+00,0.000000E+00,2.110805E+01,7.995190E+01,2.388811E+01,5.761665E+01
19:53:00,8.015110E+03,1.802094E+03,5.580758E-01,1.591518E-01,0.000000E+00,0.000000E+00,0.000000E+00,0.000000E+00,0.000000E+00,0.000000E+00,0.000000E+00,0.000000E+00,2.110805E+01,7.995190E+01,2.388811E+01,5.763850E+01
19:54:00,8.015110E+03,1.797885E+03,5.580758E-01,1.587800E-01,0.000000E+00,0.000000E+00,0.000000E+00,0.000000E+00,0.000000E+00,0.000000E+00,0.000000E+00,0.000000E+00,2.110805E+01,7.995190E+01,2.388811E+01,5.766036E+01
19:55:00,8.015110E+03,1.793696E+03,5.580758E-01,1.584101E-01,0.000000E+00,0.000000E+00,0.000000E+00,0.000000E+00,0.000000E+00,0.000000E+00,0.000000E+00,0.000000E+00,2.110805E+01,7.995190E+01,2.388811E+01,5.768223E+01
19:56:00,8.015110E+03,1.789527E+03,5.580758E-01,1.580419E-01,0.000000E+00,0.000000E+00,0.000000E+00,0.000000E+00,0.000000E+00,0.000000E+00,0.000000E+00,0.000000E+00,2.110805E+01,7.995190E+01,2.388811E+01,5.770412E+01
19:57:00,8.015110E+03,1.785380E+03,5.580758E-01,1.576756E-01,0.000000E+00,0.000000E+00,0.000000E+00,0.000000E+00,0.000000E+00,0.000000E+00,0.000000E+00,0.000000E+00,2.110805E+01,7.995190E+01,2.388811E+01,5.772603E+01
19:58:00,8.015110E+03,1.781253E+03,5.580758E-01,1.573112E-01,0.000000E+00,0.000000E+00,0.000000E+00,0.000000E+00,0.000000E+00,0.000000E+00,0.000000E+00,0.000000E+00,2.110805E+01,7.995190E+01,2.388811E+01,5.774796E+01
19:59:00,8.015110E+03,1.777170E+03,5.580758E-01,1.569506E-01,0.000000E+00,0.000000E+00,0.000000E+00,0.000000E+00,0.000000E+00,0.000000E+00,0.000000E+00,0.000000E+00,2.110805E+01,7.995190E+01,2.388811E+01,5.776991E+01
20:00:00,8.015110E+03,1.773110E+03,5.580758E-01,1.565920E-01,0.000000E+00,0.000000E+00,0.000000E+00,0.000000E+00,0.000000E+00,0.000000E+00,0.000000E+00,0.000000E+00,2.110805E+01,7.995190E+01,2.388811E+01,5.779188E+01
20:01:00,8.015110E+03,1.769067E+03,5.580758E-01,1.562349E-01,0.000000E+00,0.000000E+00,0.000000E+00,0.000000E+00,0.000000E+00,0.000000E+00,0.000000E+00,0.000000E+00,2.110805E+01,7.995190E+01,2.388811E+01,5.781388E+01
20:02:00,8.015110E+03,1.765039E+03,5.580758E-01,1.558791E-01,0.000000E+00,0.000000E+00,0.000000E+00,0.000000E+00,0.000000E+00,0.000000E+00,0.000000E+00,0.000000E+00,2.110805E+01,7.995190E+01,2.388811E+01,5.783586E+01
20:03:00,8.015110E+03,1.761026E+03,5.580758E-01,1.555248E-01,0.000000E+00,0.000000E+00,0.000000E+00,0.000000E+00,0.000000E+00,0.000000E+00,0.000000E+00,0.000000E+00,2.110805E+01,7.995190E+01,2.388812E+01,5.785780E+01
20:04:00,8.015110E+03,1.757030E+03,5.580758E-01,1.551718E-01,0.000000E+00,0.000000E+00,0.000000E+00,0.000000E+00,0.000000E+00,0.000000E+00,0.000000E+00,0.000000E+00,2.110805E+01,7.995190E+01,2.388812E+01,5.787969E+01
20:05:00,8.015110E+03,1.753049E+03,5.580758E-01,1.548203E-01,0.000000E+00,0.000000E+00,0.000000E+00,0.000000E+00,0.000000E+00,0.000000E+00,0.000000E+00,0.000000E+00,2.110805E+01,7.995190E+01,2.388812E+01,5.790153E+01
20:06:00,8.015110E+03,1.749084E+03,5.580758E-01,1.544701E-01,0.000000E+00,0.000000E+00,0.000000E+00,0.000000E+00,0.000000E+00,0.000000E+00,0.000000E+00,0.000000E+00,2.110805E+01,7.995190E+01,2.388812E+01,5.792334E+01
20:07:00,8.015110E+03,1.745134E+03,5.580758E-01,1.541212E-01,0.000000E+00,0.000000E+00,0.000000E+00,0.000000E+00,0.000000E+00,0.000000E+00,0.000000E+00,0.000000E+00,2.110805E+01,7.995190E+01,2.388812E+01,5.794510E+01
20:08:00,8.015110E+03,1.741199E+03,5.580758E-01,1.537737E-01,0.000000E+00,0.000000E+00,0.000000E+00,0.000000E+00,0.000000E+00,0.000000E+00,0.000000E+00,0.000000E+00,2.110805E+01,7.995190E+01,2.388812E+01,5.796684E+01
20:09:00,8.015110E+03,1.737293E+03,5.580758E-01,1.534287E-01,0.000000E+00,0.000000E+00,0.000000E+00,0.000000E+00,0.000000E+00,0.000000E+00,0.000000E+00,0.000000E+00,2.110805E+01,7.995190E+01,2.388812E+01,5.798854E+01
20:10:00,8.015110E+03,1.733401E+03,5.580758E-01,1.530850E-01,0.000000E+00,0.000000E+00,0.000000E+00,0.000000E+00,0.000000E+00,0.000000E+00,0.000000E+00,0.000000E+00,2.110805E+01,7.995190E+01,2.388812E+01,5.801022E+01
20:11:00,8.015110E+03,1.729524E+03,5.580758E-01,1.527426E-01,0.000000E+00,0.000000E+00,0.000000E+00,0.000000E+00,0.000000E+00,0.000000E+00,0.000000E+00,0.000000E+00,2.110805E+01,7.995190E+01,2.388812E+01,5.803188E+01
20:12:00,8.015110E+03,1.725661E+03,5.580758E-01,1.524014E-01,0.000000E+00,0.000000E+00,0.000000E+00,0.000000E+00,0.000000E+00,0.000000E+00,0.000000E+00,0.000000E+00,2.110805E+01,7.995190E+01,2.388812E+01,5.805351E+01
20:13:00,8.015110E+03,1.721811E+03,5.580758E-01,1.520614E-01,0.000000E+00,0.000000E+00,0.000000E+00,0.000000E+00,0.000000E+00,0.000000E+00,0.000000E+00,0.000000E+00,2.110805E+01,7.995190E+01,2.388812E+01,5.807513E+01
20:14:00,8.015110E+03,1.717974E+03,5.580758E-01,1.517225E-01,0.000000E+00,0.000000E+00,0.000000E+00,0.000000E+00,0.000000E+00,0.000000E+00,0.000000E+00,0.000000E+00,2.110805E+01,7.995190E+01,2.388812E+01,5.809673E+01
20:15:00,8.015110E+03,1.714150E+03,5.580758E-01,1.513848E-01,0.000000E+00,0.000000E+00,0.000000E+00,0.000000E+00,0.000000E+00,0.000000E+00,0.000000E+00,0.000000E+00,2.110805E+01,7.995190E+01,2.388812E+01,5.811831E+01
20:16:00,8.015110E+03,1.710405E+03,5.580758E-01,1.510541E-01,0.000000E+00,0.000000E+00,0.000000E+00,0.000000E+00,0.000000E+00,0.000000E+00,0.000000E+00,0.000000E+00,2.110805E+01,7.995190E+01,2.388812E+01,5.813989E+01
20:17:00,8.015110E+03,1.706671E+03,5.580758E-01,1.507243E-01,0.000000E+00,0.000000E+00,0.000000E+00,0.000000E+00,0.000000E+00,0.000000E+00,0.000000E+00,0.000000E+00,2.110805E+01,7.995190E+01,2.388812E+01,5.816145E+01
20:18:00,8.015110E+03,1.702945E+03,5.580758E-01,1.503952E-01,0.000000E+00,0.000000E+00,0.000000E+00,0.000000E+00,0.000000E+00,0.000000E+00,0.000000E+00,0.000000E+00,2.110805E+01,7.995190E+01,2.388813E+01,5.818302E+01
20:19:00,8.015110E+03,1.699225E+03,5.580758E-01,1.500667E-01,0.000000E+00,0.000000E+00,0.000000E+00,0.000000E+00,0.000000E+00,0.000000E+00,0.000000E+00,0.000000E+00,2.110805E+01,7.995190E+01,2.388813E+01,5.820457E+01
20:20:00,8.015110E+03,1.695513E+03,5.580758E-01,1.497388E-01,0.000000E+00,0.000000E+00,0.000000E+00,0.000000E+00,0.000000E+00,0.000000E+00,0.000000E+00,0.000000E+00,2.110805E+01,7.995190E+01,2.388813E+01,5.822612E+01
20:21:00,8.015110E+03,1.691807E+03,5.580758E-01,1.494115E-01,0.000000E+00,0.000000E+00,0.000000E+00,0.000000E+00,0.000000E+00,0.000000E+00,0.000000E+00,0.000000E+00,2.110805E+01,7.995190E+01,2.388813E+01,5.824767E+01
20:22:00,8.015110E+03,1.688107E+03,5.580758E-01,1.490847E-01,0.000000E+00,0.000000E+00,0.000000E+00,0.000000E+00,0.000000E+00,0.000000E+00,0.000000E+00,0.000000E+00,2.110805E+01,7.995190E+01,2.388813E+01,5.826922E+01
20:23:00,8.015110E+03,1.684413E+03,5.580758E-01,1.487585E-01,0.000000E+00,0.000000E+00,0.000000E+00,0.000000E+00,0.000000E+00,0.000000E+00,0.000000E+00,0.000000E+00,2.110805E+01,7.995190E+01,2.388813E+01,5.829077E+01
20:24:00,8.015110E+03,1.680725E+03,5.580758E-01,1.484328E-01,0.000000E+00,0.000000E+00,0.000000E+00,0.000000E+00,0.000000E+00,0.000000E+00,0.000000E+00,0.000000E+00,2.110805E+01,7.995190E+01,2.388813E+01,5.831233E+01
20:25:00,8.015110E+03,1.677042E+03,5.580758E-01,1.481076E-01,0.000000E+00,0.000000E+00,0.000000E+00,0.000000E+00,0.000000E+00,0.000000E+00,0.000000E+00,0.000000E+00,2.110805E+01,7.995190E+01,2.388813E+01,5.833389E+01
20:26:00,8.015110E+03,1.673366E+03,5.580758E-01,1.477829E-01,0.000000E+00,0.000000E+00,0.000000E+00,0.000000E+00,0.000000E+00,0.000000E+00,0.000000E+00,0.000000E+00,2.110805E+01,7.995190E+01,2.388813E+01,5.835546E+01
20:27:00,8.015110E+03,1.669695E+03,5.580758E-01,1.474587E-01,0.000000E+00,0.000000E+00,0.000000E+00,0.000000E+00,0.000000E+00,0.000000E+00,0.000000E+00,0.000000E+00,2.110805E+01,7.995190E+01,2.388813E+01,5.837703E+01
20:28:00,8.015110E+03,1.666030E+03,5.580758E-01,1.471350E-01,0.000000E+00,0.000000E+00,0.000000E+00,0.000000E+00,0.000000E+00,0.000000E+00,0.000000E+00,0.000000E+00,2.110805E+01,7.995190E+01,2.388813E+01,5.839862E+01
20:29:00,8.015110E+03,1.662371E+03,5.580758E-01,1.468118E-01,0.000000E+00,0.000000E+00,0.000000E+00,0.000000E+00,0.000000E+00,0.000000E+00,0.000000E+00,0.000000E+00,2.110805E+01,7.995190E+01,2.388813E+01,5.842021E+01
20:30:00,8.015110E+03,1.658718E+03,5.580758E-01,1.464892E-01,0.000000E+00,0.000000E+00,0.000000E+00,0.000000E+00,0.000000E+00,0.000000E+00,0.000000E+00,0.000000E+00,2.110805E+01,7.995190E+01,2.388813E+01,5.844182E+01
20:31:00,8.015110E+03,1.655070E+03,5.580758E-01,1.461670E-01,0.000000E+00,0.000000E+00,0.000000E+00,0.000000E+00,0.000000E+00,0.000000E+00,0.000000E+00,0.000000E+00,2.110805E+01,7.995190E+01,2.388813E+01,5.846343E+01
20:32:00,8.015110E+03,1.651429E+03,5.580758E-01,1.458454E-01,0.000000E+00,0.000000E+00,0.000000E+00,0.000000E+00,0.000000E+00,0.000000E+00,0.000000E+00,0.000000E+00,2.110805E+01,7.995190E+01,2.388814E+01,5.848506E+01
20:33:00,8.015110E+03,1.647793E+03,5.580758E-01,1.455243E-01,0.000000E+00,0.000000E+00,0.000000E+00,0.000000E+00,0.000000E+00,0.000000E+00,0.000000E+00,0.000000E+00,2.110805E+01,7.995190E+01,2.388814E+01,5.850671E+01
20:34:00,8.015110E+03,1.644163E+03,5.580758E-01,1.452038E-01,0.000000E+00,0.000000E+00,0.000000E+00,0.000000E+00,0.000000E+00,0.000000E+00,0.000000E+00,0.000000E+00,2.110805E+01,7.995190E+01,2.388814E+01,5.852836E+01
20:35:00,8.015110E+03,1.640540E+03,5.580758E-01,1.448838E-01,0.000000E+00,0.000000E+00,0.000000E+00,0.000000E+00,0.000000E+00,0.000000E+00,0.000000E+00,0.000000E+00,2.110805E+01,7.995190E+01,2.388814E+01,5.855004E+01
20:36:00,8.015110E+03,1.636922E+03,5.580758E-01,1.445643E-01,0.000000E+00,0.000000E+00,0.000000E+00,0.000000E+00,0.000000E+00,0.000000E+00,0.000000E+00,0.000000E+00,2.110805E+01,7.995190E+01,2.388814E+01,5.857173E+01
20:37:00,8.015110E+03,1.633311E+03,5.580758E-01,1.442453E-01,0.000000E+00,0.000000E+00,0.000000E+00,0.000000E+00,0.000000E+00,0.000000E+00,0.000000E+00,0.000000E+00,2.110805E+01,7.995190E+01,2.388814E+01,5.859344E+01
20:38:00,8.015110E+03,1.629706E+03,5.580758E-01,1.439270E-01,0.000000E+00,0.000000E+00,0.000000E+00,0.000000E+00,0.000000E+00,0.000000E+00,0.000000E+00,0.000000E+00,2.110805E+01,7.995190E+01,2.388814E+01,5.861516E+01
20:39:00,8.015110E+03,1.626107E+03,5.580758E-01,1.436091E-01,0.000000E+00,0.000000E+00,0.000000E+00,0.000000E+00,0.000000E+00,0.000000E+00,0.000000E+00,0.000000E+00,2.110805E+01,7.995190E+01,2.388814E+01,5.863691E+01
20:40:00,8.015110E+03,1.622515E+03,5.580758E-01,1.432919E-01,0.000000E+00,0.000000E+00,0.000000E+00,0.000000E+00,0.000000E+00,0.000000E+00,0.000000E+00,0.000000E+00,2.110805E+01,7.995190E+01,2.388814E+01,5.865867E+01
20:41:00,8.015110E+03,1.618929E+03,5.580758E-01,1.429752E-01,0.000000E+00,0.000000E+00,0.000000E+00,0.000000E+00,0.000000E+00,0.000000E+00,0.000000E+00,0.000000E+00,2.110805E+01,7.995190E+01,2.388814E+01,5.868046E+01
20:42:00,8.015110E+03,1.615349E+03,5.580758E-01,1.426590E-01,0.000000E+00,0.000000E+00,0.000000E+00,0.000000E+00,0.000000E+00,0.000000E+00,0.000000E+00,0.000000E+00,2.110805E+01,7.995190E+01,2.388814E+01,5.870226E+01
20:43:00,8.015110E+03,1.611776E+03,5.580758E-01,1.423435E-01,0.000000E+00,0.000000E+00,0.000000E+00,0.000000E+00,0.000000E+00,0.000000E+00,0.000000E+00,0.000000E+00,2.110805E+01,7.995190E+01,2.388814E+01,5.872409E+01
20:44:00,8.015110E+03,1.608210E+03,5.580758E-01,1.420285E-01,0.000000E+00,0.000000E+00,0.000000E+00,0.000000E+00,0.000000E+00,0.000000E+00,0.000000E+00,0.000000E+00,2.110805E+01,7.995190E+01,2.388814E+01,5.874594E+01
20:45:00,8.015110E+03,1.604650E+03,5.580758E-01,1.417141E-01,0.000000E+00,0.000000E+00,0.000000E+00,0.000000E+00,0.000000E+00,0.000000E+00,0.000000E+00,0.000000E+00,2.110805E+01,7.995190E+01,2.388814E+01,5.876780E+01
20:46:00,8.015110E+03,1.601097E+03,5.580758E-01,1.414003E-01,0.000000E+00,0.000000E+00,0.000000E+00,0.000000E+00,0.000000E+00,0.000000E+00,0.000000E+00,0.000000E+00,2.110805E+01,7.995190E+01,2.388815E+01,5.878970E+01
20:47:00,8.015110E+03,1.597551E+03,5.580758E-01,1.410871E-01,0.000000E+00,0.000000E+00,0.000000E+00,0.000000E+00,0.000000E+00,0.000000E+00,0.000000E+00,0.000000E+00,2.110805E+01,7.995190E+01,2.388815E+01,5.881161E+01
20:48:00,8.015110E+03,1.594012E+03,5.580758E-01,1.407746E-01,0.000000E+00,0.000000E+00,0.000000E+00,0.000000E+00,0.000000E+00,0.000000E+00,0.000000E+00,0.000000E+00,2.110805E+01,7.995190E+01,2.388815E+01,5.883355E+01
20:49:00,8.015110E+03,1.590480E+03,5.580758E-01,1.404626E-01,0.000000E+00,0.000000E+00,0.000000E+00,0.000000E+00,0.000000E+00,0.000000E+00,0.000000E+00,0.000000E+00,2.110805E+01,7.995190E+01,2.388815E+01,5.885551E+01
20:50:00,8.015110E+03,1.586954E+03,5.580758E-01,1.401512E-01,0.000000E+00,0.000000E+00,0.000000E+00,0.000000E+00,0.000000E+00,0.000000E+00,0.000000E+00,0.000000E+00,2.110805E+01,7.995190E+01,2.388815E+01,5.887749E+01
20:51:00,8.015110E+03,1.583436E+03,5.580758E-01,1.398405E-01,0.000000E+00,0.000000E+00,0.000000E+00,0.000000E+00,0.000000E+00,0.000000E+00,0.000000E+00,0.000000E+00,2.110805E+01,7.995190E+01,2.388815E+01,5.889950E+01
20:52:00,8.015110E+03,1.579925E+03,5.580758E-01,1.395304E-01,0.000000E+00,0.000000E+00,0.000000E+00,0.000000E+00,0.000000E+00,0.000000E+00,0.000000E+00,0.000000E+00,2.110805E+01,7.995190E+01,2.388815E+01,5.892154E+01
20:53:00,8.015110E+03,1.576421E+03,5.580758E-01,1.392210E-01,0.000000E+00,0.000000E+00,0.000000E+00,0.000000E+00,0.000000E+00,0.000000E+00,0.000000E+00,0.000000E+00,2.110805E+01,7.995190E+01,2.388815E+01,5.894359E+01
20:54:00,8.015110E+03,1.572924E+03,5.580758E-01,1.389122E-01,0.000000E+00,0.000000E+00,0.000000E+00,0.000000E+00,0.000000E+00,0.000000E+00,0.000000E+00,0.000000E+00,2.110805E+01,7.995190E+01,2.388815E+01,5.896567E+01
20:55:00,8.015110E+03,1.569435E+03,5.580758E-01,1.386040E-01,0.000000E+00,0.000000E+00,0.000000E+00,0.000000E+00,0.000000E+00,0.000000E+00,0.000000E+00,0.000000E+00,2.110805E+01,7.995190E+01,2.388815E+01,5.898778E+01
20:56:00,8.015110E+03,1.565953E+03,5.580758E-01,1.382965E-01,0.000000E+00,0.000000E+00,0.000000E+00,0.000000E+00,0.000000E+00,0.000000E+00,0.000000E+00,0.000000E+00,2.110805E+01,7.995190E+01,2.388815E+01,5.900992E+01
20:57:00,8.015110E+03,1.562479E+03,5.580758E-01,1.379896E-01,0.000000E+00,0.000000E+00,0.000000E+00,0.000000E+00,0.000000E+00,0.000000E+00,0.000000E+00,0.000000E+00,2.110805E+01,7.995190E+01,2.388815E+01,5.903207E+01
20:58:00,8.015110E+03,1.559012E+03,5.580758E-01,1.376835E-01,0.000000E+00,0.000000E+00,0.000000E+00,0.000000E+00,0.000000E+00,0.000000E+00,0.000000E+00,0.000000E+00,2.110805E+01,7.995190E+01,2.388815E+01,5.905425E+01
20:59:00,8.015110E+03,1.555553E+03,5.580758E-01,1.373780E-01,0.000000E+00,0.000000E+00,0.000000E+00,0.000000E+00,0.000000E+00,0.000000E+00,0.000000E+00,0.000000E+00,2.110805E+01,7.995190E+01,2.388816E+01,5.907646E+01
21:00:00,8.015111E+03,1.552102E+03,5.580758E-01,1.370731E-01,0.000000E+00,0.000000E+00,0.000000E+00,0.000000E+00,0.000000E+00,0.000000E+00,0.000000E+00,0.000000E+00,2.110805E+01,7.995190E+01,2.388816E+01,5.909869E+01
21:01:00,8.015111E+03,1.548652E+03,5.580758E-01,1.367685E-01,0.000000E+00,0.000000E+00,0.000000E+00,0.000000E+00,0.000000E+00,0.000000E+00,0.000000E+00,0.000000E+00,2.110805E+01,7.995190E+01,2.388816E+01,5.912096E+01
21:02:00,8.015111E+03,1.545205E+03,5.580758E-01,1.364641E-01,0.000000E+00,0.000000E+00,0.000000E+00,0.000000E+00,0.000000E+00,0.000000E+00,0.000000E+00,0.000000E+00,2.110805E+01,7.995190E+01,2.388816E+01,5.914324E+01
21:03:00,8.015111E+03,1.541760E+03,5.580758E-01,1.361598E-01,0.000000E+00,0.000000E+00,0.000000E+00,0.000000E+00,0.000000E+00,0.000000E+00,0.000000E+00,0.000000E+00,2.110805E+01,7.995190E+01,2.388816E+01,5.916555E+01
21:04:00,8.015111E+03,1.538318E+03,5.580758E-01,1.358558E-01,0.000000E+00,0.000000E+00,0.000000E+00,0.000000E+00,0.000000E+00,0.000000E+00,0.000000E+00,0.000000E+00,2.110805E+01,7.995190E+01,2.388816E+01,5.918789E+01
21:05:00,8.015111E+03,1.534878E+03,5.580758E-01,1.355520E-01,0.000000E+00,0.000000E+00,0.000000E+00,0.000000E+00,0.000000E+00,0.000000E+00,0.000000E+00,0.000000E+00,2.110805E+01,7.995190E+01,2.388816E+01,5.921025E+01
21:06:00,8.015111E+03,1.531440E+03,5.580758E-01,1.352484E-01,0.000000E+00,0.000000E+00,0.000000E+00,0.000000E+00,0.000000E+00,0.000000E+00,0.000000E+00,0.000000E+00,2.110805E+01,7.995190E+01,2.388816E+01,5.923264E+01
21:07:00,8.015111E+03,1.528005E+03,5.580758E-01,1.349450E-01,0.000000E+00,0.000000E+00,0.000000E+00,0.000000E+00,0.000000E+00,0.000000E+00,0.000000E+00,0.000000E+00,2.110805E+01,7.995190E+01,2.388816E+01,5.925506E+01
21:08:00,8.015111E+03,1.524573E+03,5.580758E-01,1.346419E-01,0.000000E+00,0.000000E+00,0.000000E+00,0.000000E+00,0.000000E+00,0.000000E+00,0.000000E+00,0.000000E+00,2.110805E+01,7.995190E+01,2.388816E+01,5.927750E+01
21:09:00,8.015111E+03,1.521143E+03,5.580758E-01,1.343390E-01,0.000000E+00,0.000000E+00,0.000000E+00,0.000000E+00,0.000000E+00,0.000000E+00,0.000000E+00,0.000000E+00,2.110805E+01,7.995190E+01,2.388816E+01,5.929997E+01
21:10:00,8.015111E+03,1.517716E+03,5.580758E-01,1.340363E-01,0.000000E+00,0.000000E+00,0.000000E+00,0.000000E+00,0.000000E+00,0.000000E+00,0.000000E+00,0.000000E+00,2.110805E+01,7.995190E+01,2.388816E+01,5.932246E+01
21:11:00,8.015111E+03,1.514291E+03,5.580758E-01,1.337339E-01,0.000000E+00,0.000000E+00,0.000000E+00,0.000000E+00,0.000000E+00,0.000000E+00,0.000000E+00,0.000000E+00,2.110805E+01,7.995190E+01,2.388816E+01,5.934498E+01
21:12:00,8.015111E+03,1.510870E+03,5.580758E-01,1.334317E-01,0.000000E+00,0.000000E+00,0.000000E+00,0.000000E+00,0.000000E+00,0.000000E+00,0.000000E+00,0.000000E+00,2.110805E+01,7.995190E+01,2.388817E+01,5.936753E+01
21:13:00,8.015111E+03,1.507452E+03,5.580758E-01,1.331298E-01,0.000000E+00,0.000000E+00,0.000000E+00,0.000000E+00,0.000000E+00,0.000000E+00,0.000000E+00,0.000000E+00,2.110805E+01,7.995190E+01,2.388817E+01,5.939010E+01
21:14:00,8.015111E+03,1.504036E+03,5.580758E-01,1.328281E-01,0.000000E+00,0.000000E+00,0.000000E+00,0.000000E+00,0.000000E+00,0.000000E+00,0.000000E+00,0.000000E+00,2.110805E+01,7.995190E+01,2.388817E+01,5.941270E+01
21:15:00,8.015111E+03,1.500623E+03,5.580758E-01,1.325268E-01,0.000000E+00,0.000000E+00,0.000000E+00,0.000000E+00,0.000000E+00,0.000000E+00,0.000000E+00,0.000000E+00,2.110805E+01,7.995190E+01,2.388817E+01,5.943533E+01
21:16:00,8.015111E+03,1.497214E+03,5.580758E-01,1.322256E-01,0.000000E+00,0.000000E+00,0.000000E+00,0.000000E+00,0.000000E+00,0.000000E+00,0.000000E+00,0.000000E+00,2.110805E+01,7.995190E+01,2.388817E+01,5.945798E+01
21:17:00,8.015111E+03,1.493808E+03,5.580758E-01,1.319248E-01,0.000000E+00,0.000000E+00,0.000000E+00,0.000000E+00,0.000000E+00,0.000000E+00,0.000000E+00,0.000000E+00,2.110805E+01,7.995190E+01,2.388817E+01,5.948065E+01
21:18:00,8.015111E+03,1.490405E+03,5.580758E-01,1.316242E-01,0.000000E+00,0.000000E+00,0.000000E+00,0.000000E+00,0.000000E+00,0.000000E+00,0.000000E+00,0.000000E+00,2.110805E+01,7.995190E+01,2.388817E+01,5.950336E+01
21:19:00,8.015111E+03,1.487005E+03,5.580758E-01,1.313240E-01,0.000000E+00,0.000000E+00,0.000000E+00,0.000000E+00,0.000000E+00,0.000000E+00,0.000000E+00,0.000000E+00,2.110805E+01,7.995190E+01,2.388817E+01,5.952608E+01
21:20:00,8.015111E+03,1.483608E+03,5.580758E-01,1.310240E-01,0.000000E+00,0.000000E+00,0.000000E+00,0.000000E+00,0.000000E+00,0.000000E+00,0.000000E+00,0.000000E+00,2.110805E+01,7.995190E+01,2.388817E+01,5.954884E+01
21:21:00,8.015111E+03,1.480215E+03,5.580758E-01,1.307243E-01,0.000000E+00,0.000000E+00,0.000000E+00,0.000000E+00,0.000000E+00,0.000000E+00,0.000000E+00,0.000000E+00,2.110805E+01,7.995190E+01,2.388817E+01,5.957162E+01
21:22:00,8.015111E+03,1.476825E+03,5.580758E-01,1.304249E-01,0.000000E+00,0.000000E+00,0.000000E+00,0.000000E+00,0.000000E+00,0.000000E+00,0.000000E+00,0.000000E+00,2.110805E+01,7.995190E+01,2.388817E+01,5.959442E+01
21:23:00,8.015111E+03,1.473438E+03,5.580758E-01,1.301258E-01,0.000000E+00,0.000000E+00,0.000000E+00,0.000000E+00,0.000000E+00,0.000000E+00,0.000000E+00,0.000000E+00,2.110805E+01,7.995190E+01,2.388817E+01,5.961725E+01
21:24:00,8.015111E+03,1.470055E+03,5.580758E-01,1.298271E-01,0.000000E+00,0.000000E+00,0.000000E+00,0.000000E+00,0.000000E+00,0.000000E+00,0.000000E+00,0.000000E+00,2.110805E+01,7.995190E+01,2.388817E+01,5.964011E+01
21:25:00,8.015111E+03,1.466676E+03,5.580758E-01,1.295286E-01,0.000000E+00,0.000000E+00,0.000000E+00,0.000000E+00,0.000000E+00,0.000000E+00,0.000000E+00,0.000000E+00,2.110805E+01,7.995190E+01,2.388818E+01,5.966299E+01
21:26:00,8.015111E+03,1.463300E+03,5.580758E-01,1.292304E-01,0.000000E+00,0.000000E+00,0.000000E+00,0.000000E+00,0.000000E+00,0.000000E+00,0.000000E+00,0.000000E+00,2.110805E+01,7.995190E+01,2.388818E+01,5.968589E+01
21:27:00,8.015111E+03,1.459928E+03,5.580758E-01,1.289326E-01,0.000000E+00,0.000000E+00,0.000000E+00,0.000000E+00,0.000000E+00,0.000000E+00,0.000000E+00,0.000000E+00,2.110805E+01,7.995190E+01,2.388818E+01,5.970882E+01
21:28:00,8.015111E+03,1.456559E+03,5.580758E-01,1.286351E-01,0.000000E+00,0.000000E+00,0.000000E+00,0.000000E+00,0.000000E+00,0.000000E+00,0.000000E+00,0.000000E+00,2.110805E+01,7.995190E+01,2.388818E+01,5.973178E+01
21:29:00,8.015111E+03,1.453194E+03,5.580758E-01,1.283379E-01,0.000000E+00,0.000000E+00,0.000000E+00,0.000000E+00,0.000000E+00,0.000000E+00,0.000000E+00,0.000000E+00,2.110805E+01,7.995190E+01,2.388818E+01,5.975476E+01
21:30:00,8.015111E+03,1.449833E+03,5.580758E-01,1.280411E-01,0.000000E+00,0.000000E+00,0.000000E+00,0.000000E+00,0.000000E+00,0.000000E+00,0.000000E+00,0.000000E+00,2.110805E+01,7.995190E+01,2.388818E+01,5.977777E+01
21:31:00,8.015111E+03,1.446476E+03,5.580758E-01,1.277446E-01,0.000000E+00,0.000000E+00,0.000000E+00,0.000000E+00,0.000000E+00,0.000000E+00,0.000000E+00,0.000000E+00,2.110805E+01,7.995190E+01,2.388818E+01,5.980080E+01
21:32:00,8.015111E+03,1.443122E+03,5.580758E-01,1.274484E-01,0.000000E+00,0.000000E+00,0.000000E+00,0.000000E+00,0.000000E+00,0.000000E+00,0.000000E+00,0.000000E+00,2.110805E+01,7.995190E+01,2.388818E+01,5.982385E+01
21:33:00,8.015111E+03,1.439773E+03,5.580758E-01,1.271526E-01,0.000000E+00,0.000000E+00,0.000000E+00,0.000000E+00,0.000000E+00,0.000000E+00,0.000000E+00,0.000000E+00,2.110805E+01,7.995190E+01,2.388818E+01,5.984693E+01
21:34:00,8.015111E+03,1.436427E+03,5.580758E-01,1.268571E-01,0.000000E+00,0.000000E+00,0.000000E+00,0.000000E+00,0.000000E+00,0.000000E+00,0.000000E+00,0.000000E+00,2.110805E+01,7.995190E+01,2.388818E+01,5.987003E+01
21:35:00,8.015111E+03,1.433086E+03,5.580758E-01,1.265620E-01,0.000000E+00,0.000000E+00,0.000000E+00,0.000000E+00,0.000000E+00,0.000000E+00,0.000000E+00,0.000000E+00,2.110805E+01,7.995190E+01,2.388818E+01,5.989316E+01
21:36:00,8.015111E+03,1.429748E+03,5.580758E-01,1.262672E-01,0.000000E+00,0.000000E+00,0.000000E+00,0.000000E+00,0.000000E+00,0.000000E+00,0.000000E+00,0.000000E+00,2.110805E+01,7.995190E+01,2.388818E+01,5.991631E+01
21:37:00,8.015111E+03,1.426414E+03,5.580758E-01,1.259728E-01,0.000000E+00,0.000000E+00,0.000000E+00,0.000000E+00,0.000000E+00,0.000000E+00,0.000000E+00,0.000000E+00,2.110805E+01,7.995190E+01,2.388819E+01,5.993949E+01
21:38:00,8.015111E+03,1.423085E+03,5.580758E-01,1.256788E-01,0.000000E+00,0.000000E+00,0.000000E+00,0.000000E+00,0.000000E+00,0.000000E+00,0.000000E+00,0.000000E+00,2.110805E+01,7.995190E+01,2.388819E+01,5.996269E+01
21:39:00,8.015111E+03,1.419759E+03,5.580758E-01,1.253851E-01,0.000000E+00,0.000000E+00,0.000000E+00,0.000000E+00,0.000000E+00,0.000000E+00,0.000000E+00,0.000000E+00,2.110805E+01,7.995190E+01,2.388819E+01,5.998591E+01
21:40:00,8.015111E+03,1.416438E+03,5.580758E-01,1.250917E-01,0.000000E+00,0.000000E+00,0.000000E+00,0.000000E+00,0.000000E+00,0.000000E+00,0.000000E+00,0.000000E+00,2.110805E+01,7.995190E+01,2.388819E+01,6.000915E+01
21:41:00,8.015111E+03,1.413121E+03,5.580758E-01,1.247988E-01,0.000000E+00,0.000000E+00,0.000000E+00,0.000000E+00,0.000000E+00,0.000000E+00,0.000000E+00,0.000000E+00,2.110805E+01,7.995190E+01,2.388819E+01,6.003242E+01
21:42:00,8.015111E+03,1.409808E+03,5.580758E-01,1.245062E-01,0.000000E+00,0.000000E+00,0.000000E+00,0.000000E+00,0.000000E+00,0.000000E+00,0.000000E+00,0.000000E+00,2.110805E+01,7.995190E+01,2.388819E+01,6.005572E+01
21:43:00,8.015111E+03,1.406500E+03,5.580758E-01,1.242140E-01,0.000000E+00,0.000000E+00,0.000000E+00,0.000000E+00,0.000000E+00,0.000000E+00,0.000000E+00,0.000000E+00,2.110805E+01,7.995190E+01,2.388819E+01,6.007904E+01
21:44:00,8.015111E+03,1.403195E+03,5.580758E-01,1.239222E-01,0.000000E+00,0.000000E+00,0.000000E+00,0.000000E+00,0.000000E+00,0.000000E+00,0.000000E+00,0.000000E+00,2.110805E+01,7.995190E+01,2.388819E+01,6.010237E+01
21:45:00,8.015111E+03,1.399895E+03,5.580758E-01,1.236307E-01,0.000000E+00,0.000000E+00,0.000000E+00,0.000000E+00,0.000000E+00,0.000000E+00,0.000000E+00,0.000000E+00,2.110805E+01,7.995190E+01,2.388819E+01,6.012574E+01
21:46:00,8.015111E+03,1.396600E+03,5.580758E-01,1.233397E-01,0.000000E+00,0.000000E+00,0.000000E+00,0.000000E+00,0.000000E+00,0.000000E+00,0.000000E+00,0.000000E+00,2.110805E+01,7.995190E+01,2.388819E+01,6.014912E+01
21:47:00,8.015111E+03,1.393308E+03,5.580758E-01,1.230490E-01,0.000000E+00,0.000000E+00,0.000000E+00,0.000000E+00,0.000000E+00,0.000000E+00,0.000000E+00,0.000000E+00,2.110805E+01,7.995190E+01,2.388819E+01,6.017253E+01
21:48:00,8.015111E+03,1.390021E+03,5.580758E-01,1.227587E-01,0.000000E+00,0.000000E+00,0.000000E+00,0.000000E+00,0.000000E+00,0.000000E+00,0.000000E+00,0.000000E+00,2.110805E+01,7.995190E+01,2.388819E+01,6.019596E+01
21:49:00,8.015111E+03,1.386739E+03,5.580758E-01,1.224688E-01,0.000000E+00,0.000000E+00,0.000000E+00,0.000000E+00,0.000000E+00,0.000000E+00,0.000000E+00,0.000000E+00,2.110805E+01,7.995190E+01,2.388819E+01,6.021941E+01
21:50:00,8.015111E+03,1.383461E+03,5.580758E-01,1.221793E-01,0.000000E+00,0.000000E+00,0.000000E+00,0.000000E+00,0.000000E+00,0.000000E+00,0.000000E+00,0.000000E+00,2.110805E+01,7.995190E+01,2.388820E+01,6.024289E+01
21:51:00,8.015111E+03,1.380188E+03,5.580758E-01,1.218902E-01,0.000000E+00,0.000000E+00,0.000000E+00,0.000000E+00,0.000000E+00,0.000000E+00,0.000000E+00,0.000000E+00,2.110805E+01,7.995190E+01,2.388820E+01,6.026638E+01
21:52:00,8.015111E+03,1.376919E+03,5.580758E-01,1.216015E-01,0.000000E+00,0.000000E+00,0.000000E+00,0.000000E+00,0.000000E+00,0.000000E+00,0.000000E+00,0.000000E+00,2.110805E+01,7.995190E+01,2.388820E+01,6.028990E+01
21:53:00,8.015111E+03,1.373654E+03,5.580758E-01,1.213132E-01,0.000000E+00,0.000000E+00,0.000000E+00,0.000000E+00,0.000000E+00,0.000000E+00,0.000000E+00,0.000000E+00,2.110805E+01,7.995190E+01,2.388820E+01,6.031344E+01
21:54:00,8.015111E+03,1.370395E+03,5.580758E-01,1.210253E-01,0.000000E+00,0.000000E+00,0.000000E+00,0.000000E+00,0.000000E+00,0.000000E+00,0.000000E+00,0.000000E+00,2.110805E+01,7.995190E+01,2.388820E+01,6.033700E+01
21:55:00,8.015111E+03,1.367139E+03,5.580758E-01,1.207378E-01,0.000000E+00,0.000000E+00,0.000000E+00,0.000000E+00,0.000000E+00,0.000000E+00,0.000000E+00,0.000000E+00,2.110805E+01,7.995190E+01,2.388820E+01,6.036059E+01
21:56:00,8.015111E+03,1.363889E+03,5.580758E-01,1.204508E-01,0.000000E+00,0.000000E+00,0.000000E+00,0.000000E+00,0.000000E+00,0.000000E+00,0.000000E+00,0.000000E+00,2.110805E+01,7.995190E+01,2.388820E+01,6.038419E+01
21:57:00,8.015111E+03,1.360643E+03,5.580758E-01,1.201641E-01,0.000000E+00,0.000000E+00,0.000000E+00,0.000000E+00,0.000000E+00,0.000000E+00,0.000000E+00,0.000000E+00,2.110805E+01,7.995190E+01,2.388820E+01,6.040782E+01
21:58:00,8.015111E+03,1.357401E+03,5.580758E-01,1.198778E-01,0.000000E+00,0.000000E+00,0.000000E+00,0.000000E+00,0.000000E+00,0.000000E+00,0.000000E+00,0.000000E+00,2.110805E+01,7.995190E+01,2.388820E+01,6.043146E+01
21:59:00,8.015111E+03,1.354165E+03,5.580758E-01,1.195920E-01,0.000000E+00,0.000000E+00,0.000000E+00,0.000000E+00,0.000000E+00,0.000000E+00,0.000000E+00,0.000000E+00,2.110805E+01,7.995190E+01,2.388820E+01,6.045513E+01
22:00:00,8.015111E+03,1.350933E+03,5.580758E-01,1.193065E-01,0.000000E+00,0.000000E+00,0.000000E+00,0.000000E+00,0.000000E+00,0.000000E+00,0.000000E+00,0.000000E+00,2.110805E+01,7.995190E+01,2.388820E+01,6.047882E+01
22:01:00,8.015111E+03,1.347712E+03,5.580758E-01,1.190220E-01,0.000000E+00,0.000000E+00,0.000000E+00,0.000000E+00,0.000000E+00,0.000000E+00,0.000000E+00,0.000000E+00,2.110805E+01,7.995190E+01,2.388820E+01,6.050253E+01
22:02:00,8.015111E+03,1.344501E+03,5.580758E-01,1.187385E-01,0.000000E+00,0.000000E+00,0.000000E+00,0.000000E+00,0.000000E+00,0.000000E+00,0.000000E+00,0.000000E+00,2.110805E+01,7.995190E+01,2.388821E+01,6.052621E+01
22:03:00,8.015111E+03,1.341300E+03,5.580758E-01,1.184558E-01,0.000000E+00,0.000000E+00,0.000000E+00,0.000000E+00,0.000000E+00,0.000000E+00,0.000000E+00,0.000000E+00,2.110805E+01,7.995190E+01,2.388821E+01,6.054983E+01
22:04:00,8.015111E+03,1.338110E+03,5.580758E-01,1.181740E-01,0.000000E+00,0.000000E+00,0.000000E+00,0.000000E+00,0.000000E+00,0.000000E+00,0.000000E+00,0.000000E+00,2.110805E+01,7.995190E+01,2.388821E+01,6.057338E+01
22:05:00,8.015111E+03,1.334930E+03,5.580758E-01,1.178932E-01,0.000000E+00,0.000000E+00,0.000000E+00,0.000000E+00,0.000000E+00,0.000000E+00,0.000000E+00,0.000000E+00,2.110805E+01,7.995190E+01,2.388821E+01,6.059687E+01
22:06:00,8.015111E+03,1.331761E+03,5.580758E-01,1.176133E-01,0.000000E+00,0.000000E+00,0.000000E+00,0.000000E+00,0.000000E+00,0.000000E+00,0.000000E+00,0.000000E+00,2.110805E+01,7.995190E+01,2.388821E+01,6.062029E+01
22:07:00,8.015111E+03,1.328602E+03,5.580758E-01,1.173344E-01,0.000000E+00,0.000000E+00,0.000000E+00,0.000000E+00,0.000000E+00,0.000000E+00,0.000000E+00,0.000000E+00,2.110805E+01,7.995190E+01,2.388821E+01,6.064365E+01
22:08:00,8.015111E+03,1.325454E+03,5.580758E-01,1.170563E-01,0.000000E+00,0.000000E+00,0.000000E+00,0.000000E+00,0.000000E+00,0.000000E+00,0.000000E+00,0.000000E+00,2.110805E+01,7.995190E+01,2.388821E+01,6.066695E+01
22:09:00,8.015111E+03,1.322317E+03,5.580758E-01,1.167792E-01,0.000000E+00,0.000000E+00,0.000000E+00,0.000000E+00,0.000000E+00,0.000000E+00,0.000000E+00,0.000000E+00,2.110805E+01,7.995190E+01,2.388821E+01,6.069020E+01
22:10:00,8.015111E+03,1.319189E+03,5.580758E-01,1.165031E-01,0.000000E+00,0.000000E+00,0.000000E+00,0.000000E+00,0.000000E+00,0.000000E+00,0.000000E+00,0.000000E+00,2.110805E+01,7.995190E+01,2.388821E+01,6.071340E+01
22:11:00,8.015111E+03,1.316073E+03,5.580758E-01,1.162278E-01,0.000000E+00,0.000000E+00,0.000000E+00,0.000000E+00,0.000000E+00,0.000000E+00,0.000000E+00,0.000000E+00,2.110805E+01,7.995190E+01,2.388821E+01,6.073654E+01
22:12:00,8.015111E+03,1.312967E+03,5.580758E-01,1.159535E-01,0.000000E+00,0.000000E+00,0.000000E+00,0.000000E+00,0.000000E+00,0.000000E+00,0.000000E+00,0.000000E+00,2.110805E+01,7.995190E+01,2.388821E+01,6.075963E+01
22:13:00,8.015111E+03,1.309872E+03,5.580758E-01,1.156802E-01,0.000000E+00,0.000000E+00,0.000000E+00,0.000000E+00,0.000000E+00,0.000000E+00,0.000000E+00,0.000000E+00,2.110805E+01,7.995190E+01,2.388821E+01,6.078268E+01
22:14:00,8.015111E+03,1.306788E+03,5.580758E-01,1.154078E-01,0.000000E+00,0.000000E+00,0.000000E+00,0.000000E+00,0.000000E+00,0.000000E+00,0.000000E+00,0.000000E+00,2.110805E+01,7.995190E+01,2.388821E+01,6.080568E+01
22:15:00,8.015111E+03,1.303714E+03,5.580758E-01,1.151363E-01,0.000000E+00,0.000000E+00,0.000000E+00,0.000000E+00,0.000000E+00,0.000000E+00,0.000000E+00,0.000000E+00,2.110805E+01,7.995190E+01,2.388821E+01,6.082864E+01
22:16:00,8.015111E+03,1.300650E+03,5.580758E-01,1.148658E-01,0.000000E+00,0.000000E+00,0.000000E+00,0.000000E+00,0.000000E+00,0.000000E+00,0.000000E+00,0.000000E+00,2.110805E+01,7.995190E+01,2.388821E+01,6.085156E+01
22:17:00,8.015111E+03,1.297598E+03,5.580758E-01,1.145962E-01,0.000000E+00,0.000000E+00,0.000000E+00,0.000000E+00,0.000000E+00,0.000000E+00,0.000000E+00,0.000000E+00,2.110805E+01,7.995190E+01,2.388821E+01,6.087443E+01
22:18:00,8.015111E+03,1.294556E+03,5.580759E-01,1.143275E-01,0.000000E+00,0.000000E+00,0.000000E+00,0.000000E+00,0.000000E+00,0.000000E+00,0.000000E+00,0.000000E+00,2.110805E+01,7.995190E+01,2.388822E+01,6.089726E+01
22:19:00,8.015111E+03,1.291525E+03,5.580759E-01,1.140599E-01,0.000000E+00,0.000000E+00,0.000000E+00,0.000000E+00,0.000000E+00,0.000000E+00,0.000000E+00,0.000000E+00,2.110805E+01,7.995190E+01,2.388822E+01,6.092006E+01
22:20:00,8.015111E+03,1.288505E+03,5.580759E-01,1.137931E-01,0.000000E+00,0.000000E+00,0.000000E+00,0.000000E+00,0.000000E+00,0.000000E+00,0.000000E+00,0.000000E+00,2.110805E+01,7.995190E+01,2.388822E+01,6.094282E+01
22:21:00,8.015111E+03,1.285496E+03,5.580759E-01,1.135273E-01,0.000000E+00,0.000000E+00,0.000000E+00,0.000000E+00,0.000000E+00,0.000000E+00,0.000000E+00,0.000000E+00,2.110805E+01,7.995190E+01,2.388822E+01,6.096554E+01
22:22:00,8.015111E+03,1.282497E+03,5.580759E-01,1.132625E-01,0.000000E+00,0.000000E+00,0.000000E+00,0.000000E+00,0.000000E+00,0.000000E+00,0.000000E+00,0.000000E+00,2.110805E+01,7.995190E+01,2.388822E+01,6.098823E+01
22:23:00,8.015111E+03,1.279509E+03,5.580759E-01,1.129986E-01,0.000000E+00,0.000000E+00,0.000000E+00,0.000000E+00,0.000000E+00,0.000000E+00,0.000000E+00,0.000000E+00,2.110805E+01,7.995190E+01,2.388822E+01,6.101089E+01
22:24:00,8.015111E+03,1.276532E+03,5.580759E-01,1.127357E-01,0.000000E+00,0.000000E+00,0.000000E+00,0.000000E+00,0.000000E+00,0.000000E+00,0.000000E+00,0.000000E+00,2.110805E+01,7.995190E+01,2.388822E+01,6.103351E+01
22:25:00,8.015111E+03,1.273566E+03,5.580759E-01,1.124738E-01,0.000000E+00,0.000000E+00,0.000000E+00,0.000000E+00,0.000000E+00,0.000000E+00,0.000000E+00,0.000000E+00,2.110805E+01,7.995190E+01,2.388822E+01,6.105610E+01
22:26:00,8.015111E+03,1.270611E+03,5.580759E-01,1.122128E-01,0.000000E+00,0.000000E+00,0.000000E+00,0.000000E+00,0.000000E+00,0.000000E+00,0.000000E+00,0.000000E+00,2.110805E+01,7.995190E+01,2.388822E+01,6.107867E+01
22:27:00,8.015111E+03,1.267667E+03,5.580759E-01,1.119528E-01,0.000000E+00,0.000000E+00,0.000000E+00,0.000000E+00,0.000000E+00,0.000000E+00,0.000000E+00,0.000000E+00,2.110805E+01,7.995190E+01,2.388822E+01,6.110120E+01
22:28:00,8.015111E+03,1.264734E+03,5.580759E-01,1.116937E-01,0.000000E+00,0.000000E+00,0.000000E+00,0.000000E+00,0.000000E+00,0.000000E+00,0.000000E+00,0.000000E+00,2.110805E+01,7.995190E+01,2.388822E+01,6.112370E+01
22:29:00,8.015111E+03,1.261811E+03,5.580759E-01,1.114356E-01,0.000000E+00,0.000000E+00,0.000000E+00,0.000000E+00,0.000000E+00,0.000000E+00,0.000000E+00,0.000000E+00,2.110805E+01,7.995190E+01,2.388822E+01,6.114618E+01
22:30:00,8.015111E+03,1.258900E+03,5.580759E-01,1.111785E-01,0.000000E+00,0.000000E+00,0.000000E+00,0.000000E+00,0.000000E+00,0.000000E+00,0.000000E+00,0.000000E+00,2.110805E+01,7.995190E+01,2.388822E+01,6.116863E+01
22:31:00,8.015111E+03,1.256000E+03,5.580759E-01,1.109224E-01,0.000000E+00,0.000000E+00,0.000000E+00,0.000000E+00,0.000000E+00,0.000000E+00,0.000000E+00,0.000000E+00,2.110805E+01,7.995190E+01,2.388822E+01,6.119105E+01
22:32:00,8.015111E+03,1.253111E+03,5.580759E-01,1.106672E-01,0.000000E+00,0.000000E+00,0.000000E+00,0.000000E+00,0.000000E+00,0.000000E+00,0.000000E+00,0.000000E+00,2.110805E+01,7.995190E+01,2.388822E+01,6.121346E+01
22:33:00,8.015111E+03,1.250232E+03,5.580759E-01,1.104130E-01,0.000000E+00,0.000000E+00,0.000000E+00,0.000000E+00,0.000000E+00,0.000000E+00,0.000000E+00,0.000000E+00,2.110805E+01,7.995190E+01,2.388823E+01,6.123583E+01
22:34:00,8.015111E+03,1.247365E+03,5.580759E-01,1.101598E-01,0.000000E+00,0.000000E+00,0.000000E+00,0.000000E+00,0.000000E+00,0.000000E+00,0.000000E+00,0.000000E+00,2.110805E+01,7.995190E+01,2.388823E+01,6.125818E+01
22:35:00,8.015111E+03,1.244509E+03,5.580759E-01,1.099076E-01,0.000000E+00,0.000000E+00,0.000000E+00,0.000000E+00,0.000000E+00,0.000000E+00,0.000000E+00,0.000000E+00,2.110805E+01,7.995190E+01,2.388823E+01,6.128051E+01
22:36:00,8.015111E+03,1.241665E+03,5.580759E-01,1.096563E-01,0.000000E+00,0.000000E+00,0.000000E+00,0.000000E+00,0.000000E+00,0.000000E+00,0.000000E+00,0.000000E+00,2.110805E+01,7.995190E+01,2.388823E+01,6.130281E+01
22:37:00,8.015111E+03,1.238831E+03,5.580759E-01,1.094061E-01,0.000000E+00,0.000000E+00,0.000000E+00,0.000000E+00,0.000000E+00,0.000000E+00,0.000000E+00,0.000000E+00,2.110805E+01,7.995190E+01,2.388823E+01,6.132509E+01
22:38:00,8.015111E+03,1.236009E+03,5.580759E-01,1.091569E-01,0.000000E+00,0.000000E+00,0.000000E+00,0.000000E+00,0.000000E+00,0.000000E+00,0.000000E+00,0.000000E+00,2.110805E+01,7.995190E+01,2.388823E+01,6.134734E+01
22:39:00,8.015111E+03,1.233199E+03,5.580759E-01,1.089087E-01,0.000000E+00,0.000000E+00,0.000000E+00,0.000000E+00,0.000000E+00,0.000000E+00,0.000000E+00,0.000000E+00,2.110805E+01,7.995190E+01,2.388823E+01,6.136957E+01
22:40:00,8.015111E+03,1.230400E+03,5.580759E-01,1.086615E-01,0.000000E+00,0.000000E+00,0.000000E+00,0.000000E+00,0.000000E+00,0.000000E+00,0.000000E+00,0.000000E+00,2.110805E+01,7.995190E+01,2.388823E+01,6.139178E+01
22:41:00,8.015111E+03,1.227613E+03,5.580759E-01,1.084153E-01,0.000000E+00,0.000000E+00,0.000000E+00,0.000000E+00,0.000000E+00,0.000000E+00,0.000000E+00,0.000000E+00,2.110805E+01,7.995190E+01,2.388823E+01,6.141396E+01
22:42:00,8.015111E+03,1.224837E+03,5.580759E-01,1.081702E-01,0.000000E+00,0.000000E+00,0.000000E+00,0.000000E+00,0.000000E+00,0.000000E+00,0.000000E+00,0.000000E+00,2.110805E+01,7.995190E+01,2.388823E+01,6.143612E+01
22:43:00,8.015111E+03,1.222073E+03,5.580759E-01,1.079261E-01,0.000000E+00,0.000000E+00,0.000000E+00,0.000000E+00,0.000000E+00,0.000000E+00,0.000000E+00,0.000000E+00,2.110805E+01,7.995190E+01,2.388823E+01,6.145825E+01
22:44:00,8.015111E+03,1.219321E+03,5.580759E-01,1.076830E-01,0.000000E+00,0.000000E+00,0.000000E+00,0.000000E+00,0.000000E+00,0.000000E+00,0.000000E+00,0.000000E+00,2.110805E+01,7.995190E+01,2.388823E+01,6.148035E+01
22:45:00,8.015111E+03,1.216580E+03,5.580759E-01,1.074410E-01,0.000000E+00,0.000000E+00,0.000000E+00,0.000000E+00,0.000000E+00,0.000000E+00,0.000000E+00,0.000000E+00,2.110805E+01,7.995190E+01,2.388823E+01,6.150243E+01
22:46:00,8.015111E+03,1.213851E+03,5.580759E-01,1.071999E-01,0.000000E+00,0.000000E+00,0.000000E+00,0.000000E+00,0.000000E+00,0.000000E+00,0.000000E+00,0.000000E+00,2.110805E+01,7.995190E+01,2.388823E+01,6.152449E+01
22:47:00,8.015111E+03,1.211133E+03,5.580759E-01,1.069599E-01,0.000000E+00,0.000000E+00,0.000000E+00,0.000000E+00,0.000000E+00,0.000000E+00,0.000000E+00,0.000000E+00,2.110805E+01,7.995190E+01,2.388823E+01,6.154653E+01
22:48:00,8.015111E+03,1.208426E+03,5.580759E-01,1.067208E-01,0.000000E+00,0.000000E+00,0.000000E+00,0.000000E+00,0.000000E+00,0.000000E+00,0.000000E+00,0.000000E+00,2.110805E+01,7.995190E+01,2.388823E+01,6.156854E+01
22:49:00,8.015111E+03,1.205731E+03,5.580759E-01,1.064828E-01,0.000000E+00,0.000000E+00,0.000000E+00,0.000000E+00,0.000000E+00,0.000000E+00,0.000000E+00,0.000000E+00,2.110805E+01,7.995190E+01,2.388824E+01,6.159055E+01
22:50:00,8.015111E+03,1.203047E+03,5.580759E-01,1.062458E-01,0.000000E+00,0.000000E+00,0.000000E+00,0.000000E+00,0.000000E+00,0.000000E+00,0.000000E+00,0.000000E+00,2.110805E+01,7.995190E+01,2.388824E+01,6.161253E+01
22:51:00,8.015111E+03,1.200374E+03,5.580759E-01,1.060097E-01,0.000000E+00,0.000000E+00,0.000000E+00,0.000000E+00,0.000000E+00,0.000000E+00,0.000000E+00,0.000000E+00,2.110805E+01,7.995190E+01,2.388824E+01,6.163451E+01
22:52:00,8.015111E+03,1.197713E+03,5.580759E-01,1.057747E-01,0.000000E+00,0.000000E+00,0.000000E+00,0.000000E+00,0.000000E+00,0.000000E+00,0.000000E+00,0.000000E+00,2.110805E+01,7.995190E+01,2.388824E+01,6.165647E+01
22:53:00,8.015111E+03,1.195063E+03,5.580759E-01,1.055406E-01,0.000000E+00,0.000000E+00,0.000000E+00,0.000000E+00,0.000000E+00,0.000000E+00,0.000000E+00,0.000000E+00,2.110805E+01,7.995190E+01,2.388824E+01,6.167841E+01
22:54:00,8.015111E+03,1.192424E+03,5.580759E-01,1.053076E-01,0.000000E+00,0.000000E+00,0.000000E+00,0.000000E+00,0.000000E+00,0.000000E+00,0.000000E+00,0.000000E+00,2.110805E+01,7.995190E+01,2.388824E+01,6.170035E+01
22:55:00,8.015111E+03,1.189796E+03,5.580759E-01,1.050755E-01,0.000000E+00,0.000000E+00,0.000000E+00,0.000000E+00,0.000000E+00,0.000000E+00,0.000000E+00,0.000000E+00,2.110805E+01,7.995190E+01,2.388824E+01,6.172227E+01
22:56:00,8.015111E+03,1.187180E+03,5.580759E-01,1.048444E-01,0.000000E+00,0.000000E+00,0.000000E+00,0.000000E+00,0.000000E+00,0.000000E+00,0.000000E+00,0.000000E+00,2.110805E+01,7.995190E+01,2.388824E+01,6.174419E+01
22:57:00,8.015111E+03,1.184574E+03,5.580759E-01,1.046143E-01,0.000000E+00,0.000000E+00,0.000000E+00,0.000000E+00,0.000000E+00,0.000000E+00,0.000000E+00,0.000000E+00,2.110805E+01,7.995190E+01,2.388824E+01,6.176609E+01
22:58:00,8.015111E+03,1.181980E+03,5.580759E-01,1.043852E-01,0.000000E+00,0.000000E+00,0.000000E+00,0.000000E+00,0.000000E+00,0.000000E+00,0.000000E+00,0.000000E+00,2.110805E+01,7.995190E+01,2.388824E+01,6.178798E+01
22:59:00,8.015111E+03,1.179396E+03,5.580759E-01,1.041570E-01,0.000000E+00,0.000000E+00,0.000000E+00,0.000000E+00,0.000000E+00,0.000000E+00,0.000000E+00,0.000000E+00,2.110805E+01,7.995190E+01,2.388824E+01,6.180987E+01
23:00:00,8.015111E+03,1.176824E+03,5.580759E-01,1.039299E-01,0.000000E+00,0.000000E+00,0.000000E+00,0.000000E+00,0.000000E+00,0.000000E+00,0.000000E+00,0.000000E+00,2.110805E+01,7.995190E+01,2.388824E+01,6.183175E+01
23:01:00,8.015111E+03,1.174257E+03,5.580759E-01,1.037031E-01,0.000000E+00,0.000000E+00,0.000000E+00,0.000000E+00,0.000000E+00,0.000000E+00,0.000000E+00,0.000000E+00,2.110805E+01,7.995190E+01,2.388824E+01,6.185363E+01
23:02:00,8.015111E+03,1.171695E+03,5.580759E-01,1.034769E-01,0.000000E+00,0.000000E+00,0.000000E+00,0.000000E+00,0.000000E+00,0.000000E+00,0.000000E+00,0.000000E+00,2.110805E+01,7.995190E+01,2.388825E+01,6.187549E+01
23:03:00,8.015111E+03,1.169139E+03,5.580759E-01,1.032511E-01,0.000000E+00,0.000000E+00,0.000000E+00,0.000000E+00,0.000000E+00,0.000000E+00,0.000000E+00,0.000000E+00,2.110805E+01,7.995190E+01,2.388825E+01,6.189735E+01
23:04:00,8.015111E+03,1.166588E+03,5.580759E-01,1.030258E-01,0.000000E+00,0.000000E+00,0.000000E+00,0.000000E+00,0.000000E+00,0.000000E+00,0.000000E+00,0.000000E+00,2.110805E+01,7.995190E+01,2.388825E+01,6.191921E+01
23:05:00,8.015111E+03,1.164042E+03,5.580759E-01,1.028009E-01,0.000000E+00,0.000000E+00,0.000000E+00,0.000000E+00,0.000000E+00,0.000000E+00,0.000000E+00,0.000000E+00,2.110805E+01,7.995190E+01,2.388825E+01,6.194107E+01
23:06:00,8.015111E+03,1.161501E+03,5.580759E-01,1.025765E-01,0.000000E+00,0.000000E+00,0.000000E+00,0.000000E+00,0.000000E+00,0.000000E+00,0.000000E+00,0.000000E+00,2.110805E+01,7.995190E+01,2.388825E+01,6.196292E+01
23:07:00,8.015111E+03,1.158965E+03,5.580759E-01,1.023526E-01,0.000000E+00,0.000000E+00,0.000000E+00,0.000000E+00,0.000000E+00,0.000000E+00,0.000000E+00,0.000000E+00,2.110805E+01,7.995190E+01,2.388825E+01,6.198476E+01
23:08:00,8.015111E+03,1.156434E+03,5.580759E-01,1.021291E-01,0.000000E+00,0.000000E+00,0.000000E+00,0.000000E+00,0.000000E+00,0.000000E+00,0.000000E+00,0.000000E+00,2.110805E+01,7.995190E+01,2.388825E+01,6.200661E+01
23:09:00,8.015111E+03,1.153909E+03,5.580759E-01,1.019061E-01,0.000000E+00,0.000000E+00,0.000000E+00,0.000000E+00,0.000000E+00,0.000000E+00,0.000000E+00,0.000000E+00,2.110805E+01,7.995190E+01,2.388825E+01,6.202845E+01
23:10:00,8.015111E+03,1.151389E+03,5.580759E-01,1.016835E-01,0.000000E+00,0.000000E+00,0.000000E+00,0.000000E+00,0.000000E+00,0.000000E+00,0.000000E+00,0.000000E+00,2.110805E+01,7.995190E+01,2.388825E+01,6.205029E+01
23:11:00,8.015111E+03,1.148873E+03,5.580759E-01,1.014613E-01,0.000000E+00,0.000000E+00,0.000000E+00,0.000000E+00,0.000000E+00,0.000000E+00,0.000000E+00,0.000000E+00,2.110805E+01,7.995190E+01,2.388825E+01,6.207213E+01
23:12:00,8.015111E+03,1.146363E+03,5.580759E-01,1.012396E-01,0.000000E+00,0.000000E+00,0.000000E+00,0.000000E+00,0.000000E+00,0.000000E+00,0.000000E+00,0.000000E+00,2.110805E+01,7.995190E+01,2.388825E+01,6.209397E+01
23:13:00,8.015111E+03,1.143857E+03,5.580759E-01,1.010183E-01,0.000000E+00,0.000000E+00,0.000000E+00,0.000000E+00,0.000000E+00,0.000000E+00,0.000000E+00,0.000000E+00,2.110805E+01,7.995190E+01,2.388825E+01,6.211581E+01
23:14:00,8.015111E+03,1.141357E+03,5.580759E-01,1.007975E-01,0.000000E+00,0.000000E+00,0.000000E+00,0.000000E+00,0.000000E+00,0.000000E+00,0.000000E+00,0.000000E+00,2.110805E+01,7.995190E+01,2.388825E+01,6.213765E+01
23:15:00,8.015111E+03,1.138861E+03,5.580759E-01,1.005771E-01,0.000000E+00,0.000000E+00,0.000000E+00,0.000000E+00,0.000000E+00,0.000000E+00,0.000000E+00,0.000000E+00,2.110805E+01,7.995190E+01,2.388825E+01,6.215949E+01
23:16:00,8.015111E+03,1.136370E+03,5.580759E-01,1.003571E-01,0.000000E+00,0.000000E+00,0.000000E+00,0.000000E+00,0.000000E+00,0.000000E+00,0.000000E+00,0.000000E+00,2.110805E+01,7.995190E+01,2.388826E+01,6.218133E+01
23:17:00,8.015111E+03,1.133884E+03,5.580759E-01,1.001375E-01,0.000000E+00,0.000000E+00,0.000000E+00,0.000000E+00,0.000000E+00,0.000000E+00,0.000000E+00,0.000000E+00,2.110805E+01,7.995190E+01,2.388826E+01,6.220317E+01
23:18:00,8.015111E+03,1.131403E+03,5.580759E-01,9.991840E-02,0.000000E+00,0.000000E+00,0.000000E+00,0.000000E+00,0.000000E+00,0.000000E+00,0.000000E+00,0.000000E+00,2.110805E+01,7.995190E+01,2.388826E+01,6.222501E+01
23:19:00,8.015111E+03,1.128926E+03,5.580759E-01,9.969968E-02,0.000000E+00,0.000000E+00,0.000000E+00,0.000000E+00,0.000000E+00,0.000000E+00,0.000000E+00,0.000000E+00,2.110805E+01,7.995190E+01,2.388826E+01,6.224686E+01
23:20:00,8.015111E+03,1.126454E+03,5.580759E-01,9.948137E-02,0.000000E+00,0.000000E+00,0.000000E+00,0.000000E+00,0.000000E+00,0.000000E+00,0.000000E+00,0.000000E+00,2.110805E+01,7.995190E+01,2.388826E+01,6.226871E+01
23:21:00,8.015111E+03,1.123987E+03,5.580759E-01,9.926347E-02,0.000000E+00,0.000000E+00,0.000000E+00,0.000000E+00,0.000000E+00,0.000000E+00,0.000000E+00,0.000000E+00,2.110805E+01,7.995190E+01,2.388826E+01,6.229055E+01
23:22:00,8.015111E+03,1.121524E+03,5.580759E-01,9.904598E-02,0.000000E+00,0.000000E+00,0.000000E+00,0.000000E+00,0.000000E+00,0.000000E+00,0.000000E+00,0.000000E+00,2.110805E+01,7.995190E+01,2.388826E+01,6.231241E+01
23:23:00,8.015111E+03,1.119066E+03,5.580759E-01,9.882889E-02,0.000000E+00,0.000000E+00,0.000000E+00,0.000000E+00,0.000000E+00,0.000000E+00,0.000000E+00,0.000000E+00,2.110805E+01,7.995190E+01,2.388826E+01,6.233426E+01
23:24:00,8.015111E+03,1.116613E+03,5.580759E-01,9.861220E-02,0.000000E+00,0.000000E+00,0.000000E+00,0.000000E+00,0.000000E+00,0.000000E+00,0.000000E+00,0.000000E+00,2.110805E+01,7.995190E+01,2.388826E+01,6.235612E+01
23:25:00,8.015111E+03,1.114164E+03,5.580759E-01,9.839591E-02,0.000000E+00,0.000000E+00,0.000000E+00,0.000000E+00,0.000000E+00,0.000000E+00,0.000000E+00,0.000000E+00,2.110805E+01,7.995190E+01,2.388826E+01,6.237799E+01
23:26:00,8.015111E+03,1.111719E+03,5.580759E-01,9.818001E-02,0.000000E+00,0.000000E+00,0.000000E+00,0.000000E+00,0.000000E+00,0.000000E+00,0.000000E+00,0.000000E+00,2.110805E+01,7.995190E+01,2.388826E+01,6.239985E+01
23:27:00,8.015111E+03,1.109279E+03,5.580759E-01,9.796449E-02,0.000000E+00,0.000000E+00,0.000000E+00,0.000000E+00,0.000000E+00,0.000000E+00,0.000000E+00,0.000000E+00,2.110805E+01,7.995190E+01,2.388826E+01,6.242172E+01
23:28:00,8.015111E+03,1.106843E+03,5.580759E-01,9.774936E-02,0.000000E+00,0.000000E+00,0.000000E+00,0.000000E+00,0.000000E+00,0.000000E+00,0.000000E+00,0.000000E+00,2.110805E+01,7.995190E+01,2.388826E+01,6.244360E+01
23:29:00,8.015111E+03,1.104411E+03,5.580759E-01,9.753461E-02,0.000000E+00,0.000000E+00,0.000000E+00,0.000000E+00,0.000000E+00,0.000000E+00,0.000000E+00,0.000000E+00,2.110805E+01,7.995190E+01,2.388827E+01,6.246548E+01
23:30:00,8.015111E+03,1.101984E+03,5.580759E-01,9.732023E-02,0.000000E+00,0.000000E+00,0.000000E+00,0.000000E+00,0.000000E+00,0.000000E+00,0.000000E+00,0.000000E+00,2.110805E+01,7.995190E+01,2.388827E+01,6.248736E+01
23:31:00,8.015111E+03,1.099560E+03,5.580759E-01,9.710622E-02,0.000000E+00,0.000000E+00,0.000000E+00,0.000000E+00,0.000000E+00,0.000000E+00,0.000000E+00,0.000000E+00,2.110805E+01,7.995190E+01,2.388827E+01,6.250925E+01
23:32:00,8.015111E+03,1.097141E+03,5.580759E-01,9.689258E-02,0.000000E+00,0.000000E+00,0.000000E+00,0.000000E+00,0.000000E+00,0.000000E+00,0.000000E+00,0.000000E+00,2.110805E+01,7.995190E+01,2.388827E+01,6.253115E+01
23:33:00,8.015111E+03,1.094726E+03,5.580759E-01,9.667929E-02,0.000000E+00,0.000000E+00,0.000000E+00,0.000000E+00,0.000000E+00,0.000000E+00,0.000000E+00,0.000000E+00,2.110805E+01,7.995190E+01,2.388827E+01,6.255305E+01
23:34:00,8.015111E+03,1.092315E+03,5.580759E-01,9.646636E-02,0.000000E+00,0.000000E+00,0.000000E+00,0.000000E+00,0.000000E+00,0.000000E+00,0.000000E+00,0.000000E+00,2.110805E+01,7.995190E+01,2.388827E+01,6.257496E+01
23:35:00,8.015111E+03,1.089908E+03,5.580759E-01,9.625378E-02,0.000000E+00,0.000000E+00,0.000000E+00,0.000000E+00,0.000000E+00,0.000000E+00,0.000000E+00,0.000000E+00,2.110805E+01,7.995190E+01,2.388827E+01,6.259687E+01
23:36:00,8.015111E+03,1.087505E+03,5.580759E-01,9.604154E-02,0.000000E+00,0.000000E+00,0.000000E+00,0.000000E+00,0.000000E+00,0.000000E+00,0.000000E+00,0.000000E+00,2.110805E+01,7.995190E+01,2.388827E+01,6.261879E+01
23:37:00,8.015111E+03,1.085106E+03,5.580759E-01,9.582964E-02,0.000000E+00,0.000000E+00,0.000000E+00,0.000000E+00,0.000000E+00,0.000000E+00,0.000000E+00,0.000000E+00,2.110805E+01,7.995190E+01,2.388827E+01,6.264071E+01
23:38:00,8.015111E+03,1.082710E+03,5.580759E-01,9.561806E-02,0.000000E+00,0.000000E+00,0.000000E+00,0.000000E+00,0.000000E+00,0.000000E+00,0.000000E+00,0.000000E+00,2.110805E+01,7.995190E+01,2.388827E+01,6.266264E+01
23:39:00,8.015111E+03,1.080318E+03,5.580759E-01,9.540679E-02,0.000000E+00,0.000000E+00,0.000000E+00,0.000000E+00,0.000000E+00,0.000000E+00,0.000000E+00,0.000000E+00,2.110805E+01,7.995190E+01,2.388827E+01,6.268458E+01
23:40:00,8.015111E+03,1.077929E+03,5.580759E-01,9.519581E-02,0.000000E+00,0.000000E+00,0.000000E+00,0.000000E+00,0.000000E+00,0.000000E+00,0.000000E+00,0.000000E+00,2.110805E+01,7.995190E+01,2.388827E+01,6.270653E+01
23:41:00,8.015111E+03,1.075543E+03,5.580759E-01,9.498512E-02,0.000000E+00,0.000000E+00,0.000000E+00,0.000000E+00,0.000000E+00,0.000000E+00,0.000000E+00,0.000000E+00,2.110805E+01,7.995190E+01,2.388827E+01,6.272848E+01
23:42:00,8.015111E+03,1.073161E+03,5.580759E-01,9.477471E-02,0.000000E+00,0.000000E+00,0.000000E+00,0.000000E+00,0.000000E+00,0.000000E+00,0.000000E+00,0.000000E+00,2.110805E+01,7.995190E+01,2.388828E+01,6.275044E+01
23:43:00,8.015111E+03,1.070782E+03,5.580759E-01,9.456459E-02,0.000000E+00,0.000000E+00,0.000000E+00,0.000000E+00,0.000000E+00,0.000000E+00,0.000000E+00,0.000000E+00,2.110805E+01,7.995190E+01,2.388828E+01,6.277241E+01
23:44:00,8.015111E+03,1.068406E+03,5.580759E-01,9.435476E-02,0.000000E+00,0.000000E+00,0.000000E+00,0.000000E+00,0.000000E+00,0.000000E+00,0.000000E+00,0.000000E+00,2.110805E+01,7.995190E+01,2.388828E+01,6.279438E+01
23:45:00,8.015111E+03,1.066033E+03,5.580759E-01,9.414523E-02,0.000000E+00,0.000000E+00,0.000000E+00,0.000000E+00,0.000000E+00,0.000000E+00,0.000000E+00,0.000000E+00,2.110805E+01,7.995190E+01,2.388828E+01,6.281636E+01
23:46:00,8.015111E+03,1.063664E+03,5.580759E-01,9.393598E-02,0.000000E+00,0.000000E+00,0.000000E+00,0.000000E+00,0.000000E+00,0.000000E+00,0.000000E+00,0.000000E+00,2.110805E+01,7.995190E+01,2.388828E+01,6.283835E+01
23:47:00,8.015111E+03,1.061298E+03,5.580759E-01,9.372703E-02,0.000000E+00,0.000000E+00,0.000000E+00,0.000000E+00,0.000000E+00,0.000000E+00,0.000000E+00,0.000000E+00,2.110805E+01,7.995190E+01,2.388828E+01,6.286035E+01
23:48:00,8.015111E+03,1.058936E+03,5.580759E-01,9.351838E-02,0.000000E+00,0.000000E+00,0.000000E+00,0.000000E+00,0.000000E+00,0.000000E+00,0.000000E+00,0.000000E+00,2.110805E+01,7.995190E+01,2.388828E+01,6.288236E+01
23:49:00,8.015111E+03,1.056576E+03,5.580759E-01,9.331002E-02,0.000000E+00,0.000000E+00,0.000000E+00,0.000000E+00,0.000000E+00,0.000000E+00,0.000000E+00,0.000000E+00,2.110805E+01,7.995190E+01,2.388828E+01,6.290437E+01
23:50:00,8.015111E+03,1.054220E+03,5.580759E-01,9.310196E-02,0.000000E+00,0.000000E+00,0.000000E+00,0.000000E+00,0.000000E+00,0.000000E+00,0.000000E+00,0.000000E+00,2.110805E+01,7.995190E+01,2.388828E+01,6.292639E+01
23:51:00,8.015111E+03,1.051868E+03,5.580759E-01,9.289418E-02,0.000000E+00,0.000000E+00,0.000000E+00,0.000000E+00,0.000000E+00,0.000000E+00,0.000000E+00,0.000000E+00,2.110805E+01,7.995190E+01,2.388828E+01,6.294842E+01
23:52:00,8.015111E+03,1.049519E+03,5.580759E-01,9.268671E-02,0.000000E+00,0.000000E+00,0.000000E+00,0.000000E+00,0.000000E+00,0.000000E+00,0.000000E+00,0.000000E+00,2.110805E+01,7.995190E+01,2.388828E+01,6.297046E+01
23:53:00,8.015111E+03,1.047173E+03,5.580759E-01,9.247953E-02,0.000000E+00,0.000000E+00,0.000000E+00,0.000000E+00,0.000000E+00,0.000000E+00,0.000000E+00,0.000000E+00,2.110805E+01,7.995190E+01,2.388828E+01,6.299251E+01
23:54:00,8.015111E+03,1.044830E+03,5.580759E-01,9.227264E-02,0.000000E+00,0.000000E+00,0.000000E+00,0.000000E+00,0.000000E+00,0.000000E+00,0.000000E+00,0.000000E+00,2.110805E+01,7.995190E+01,2.388828E+01,6.301457E+01
23:55:00,8.015111E+03,1.042491E+03,5.580759E-01,9.206604E-02,0.000000E+00,0.000000E+00,0.000000E+00,0.000000E+00,0.000000E+00,0.000000E+00,0.000000E+00,0.000000E+00,2.110805E+01,7.995190E+01,2.388829E+01,6.303663E+01
23:56:00,8.015111E+03,1.040155E+03,5.580759E-01,9.185974E-02,0.000000E+00,0.000000E+00,0.000000E+00,0.000000E+00,0.000000E+00,0.000000E+00,0.000000E+00,0.000000E+00,2.110805E+01,7.995190E+01,2.388829E+01,6.305871E+01
23:57:00,8.015111E+03,1.037822E+03,5.580759E-01,9.165373E-02,0.000000E+00,0.000000E+00,0.000000E+00,0.000000E+00,0.000000E+00,0.000000E+00,0.000000E+00,0.000000E+00,2.110805E+01,7.995190E+01,2.388829E+01,6.308079E+01
23:58:00,8.015111E+03,1.035493E+03,5.580759E-01,9.144801E-02,0.000000E+00,0.000000E+00,0.000000E+00,0.000000E+00,0.000000E+00,0.000000E+00,0.000000E+00,0.000000E+00,2.110805E+01,7.995190E+01,2.388829E+01,6.310288E+01
23:59:00,8.015111E+03,1.033167E+03,5.580759E-01,9.124258E-02,0.000000E+00,0.000000E+00,0.000000E+00,0.000000E+00,0.000000E+00,0.000000E+00,0.000000E+00,0.000000E+00,2.110805E+01,7.995190E+01,2.388829E+01,6.312499E+01
24:00:00,8.015111E+03,1.030844E+03,5.580759E-01,9.103745E-02,0.000000E+00,0.000000E+00,0.000000E+00,0.000000E+00,0.000000E+00,0.000000E+00,0.000000E+00,0.000000E+00,2.110805E+01,7.995190E+01,2.388829E+01,6.314710E+01
Peak,8.015111E+03,2.573057E+03,5.580759E-01,2.272422E-01,0.000000E+00,0.000000E+00,0.000000E+00,0.000000E+00,0.000000E+00,0.000000E+00,0.000000E+00,0.000000E+00,,,,

Peak Vol Flow (m3/s),,,4.737539E-01,1.929072E-01,,,0.000000E+00,0.000000E+00,,,,,,,,
