Time,LIVINGZONE:CHICAGO MIDWAY AP ANN HTG 99.6% CONDNS DB:Des Heat Load [W],LIVINGZONE:CHICAGO MIDWAY AP ANN CLG .4% CONDNS DB=>MWB:Des Sens Cool Load [W],LIVINGZONE:CHICAGO MIDWAY AP ANN HTG 99.6% CONDNS DB:Des Heat Mass Flow [kg/s],LIVINGZONE:CHICAGO MIDWAY AP ANN CLG .4% CONDNS DB=>MWB:Des Cool Mass Flow [kg/s],LIVINGZONE::Des Latent Heat Load [W],LIVINGZONE::Des Latent Cool Load [W],LIVINGZONE::Des Latent Heat Mass Flow [kg/s],LIVINGZONE::Des Latent Cool Mass Flow [kg/s],LIVINGZONE::Des Heat Load No DOAS [W],LIVINGZONE::Des Sens Cool Load No DOAS [W],LIVINGZONE::Des Latent Heat Load No DOAS [W],LIVINGZONE::Des Latent Cool Load No DOAS [W],LIVINGZONE:CHICAGO MIDWAY AP ANN HTG 99.6% CONDNS DB:Heating Zone Temperature [C],LIVINGZONE:CHICAGO MIDWAY AP ANN HTG 99.6% CONDNS DB:Heating Zone Relative Humidity [%],LIVINGZONE:CHICAGO MIDWAY AP ANN CLG .4% CONDNS DB=>MWB:Cooling Zone Temperature [C],LIVINGZONE:CHICAGO MIDWAY AP ANN CLG .4% CONDNS DB=>MWB:Cooling Zone Relative Humidity [%]
00:01:00,8.014351E+03,1.018187E+03,5.580229E-01,8.991963E-02,0.000000E+00,0.000000E+00,0.000000E+00,0.000000E+00,0.000000E+00,0.000000E+00,0.000000E+00,0.000000E+00,2.110805E+01,7.995060E+01,2.388829E+01,6.326712E+01
00:02:00,8.014351E+03,1.015883E+03,5.580229E-01,8.971613E-02,0.000000E+00,0.000000E+00,0.000000E+00,0.000000E+00,0.000000E+00,0.000000E+00,0.000000E+00,0.000000E+00,2.110805E+01,7.995060E+01,2.388829E+01,6.328934E+01
00:03:00,8.014351E+03,1.013585E+03,5.580229E-01,8.951318E-02,0.000000E+00,0.000000E+00,0.000000E+00,0.000000E+00,0.000000E+00,0.000000E+00,0.000000E+00,0.000000E+00,2.110805E+01,7.995060E+01,2.388830E+01,6.331151E+01
00:04:00,8.014351E+03,1.011293E+03,5.580229E-01,8.931078E-02,0.000000E+00,0.000000E+00,0.000000E+00,0.000000E+00,0.000000E+00,0.000000E+00,0.000000E+00,0.000000E+00,2.110805E+01,7.995060E+01,2.388830E+01,6.333365E+01
00:05:00,8.014351E+03,1.009008E+03,5.580229E-01,8.910893E-02,0.000000E+00,0.000000E+00,0.000000E+00,0.000000E+00,0.000000E+00,0.000000E+00,0.000000E+00,0.000000E+00,2.110805E+01,7.995060E+01,2.388830E+01,6.335574E+01
00:06:00,8.014350E+03,1.006728E+03,5.580229E-01,8.890763E-02,0.000000E+00,0.000000E+00,0.000000E+00,0.000000E+00,0.000000E+00,0.000000E+00,0.000000E+00,0.000000E+00,2.110805E+01,7.995060E+01,2.388830E+01,6.337780E+01
00:07:00,8.014350E+03,1.004455E+03,5.580229E-01,8.870687E-02,0.000000E+00,0.000000E+00,0.000000E+00,0.000000E+00,0.000000E+00,0.000000E+00,0.000000E+00,0.000000E+00,2.110805E+01,7.995060E+01,2.388830E+01,6.339982E+01
00:08:00,8.014350E+03,1.002188E+03,5.580229E-01,8.850666E-02,0.000000E+00,0.000000E+00,0.000000E+00,0.000000E+00,0.000000E+00,0.000000E+00,0.000000E+00,0.000000E+00,2.110805E+01,7.995060E+01,2.388830E+01,6.342181E+01
00:09:00,8.014350E+03,9.999273E+02,5.580229E-01,8.830700E-02,0.000000E+00,0.000000E+00,0.000000E+00,0.000000E+00,0.000000E+00,0.000000E+00,0.000000E+00,0.000000E+00,2.110805E+01,7.995060E+01,2.388830E+01,6.344376E+01
00:10:00,8.014350E+03,9.976727E+02,5.580229E-01,8.810788E-02,0.000000E+00,0.000000E+00,0.000000E+00,0.000000E+00,0.000000E+00,0.000000E+00,0.000000E+00,0.000000E+00,2.110805E+01,7.995060E+01,2.388830E+01,6.346568E+01
00:11:00,8.014350E+03,9.954242E+02,5.580229E-01,8.790930E-02,0.000000E+00,0.000000E+00,0.000000E+00,0.000000E+00,0.000000E+00,0.000000E+00,0.000000E+00,0.000000E+00,2.110805E+01,7.995060E+01,2.388830E+01,6.348757E+01
00:12:00,8.014350E+03,9.931819E+02,5.580229E-01,8.771126E-02,0.000000E+00,0.000000E+00,0.000000E+00,0.000000E+00,0.000000E+00,0.000000E+00,0.000000E+00,0.000000E+00,2.110805E+01,7.995060E+01,2.388830E+01,6.350943E+01
00:13:00,8.014350E+03,9.909457E+02,5.580229E-01,8.751377E-02,0.000000E+00,0.000000E+00,0.000000E+00,0.000000E+00,0.000000E+00,0.000000E+00,0.000000E+00,0.000000E+00,2.110805E+01,7.995060E+01,2.388830E+01,6.353126E+01
00:14:00,8.014350E+03,9.887155E+02,5.580229E-01,8.731681E-02,0.000000E+00,0.000000E+00,0.000000E+00,0.000000E+00,0.000000E+00,0.000000E+00,0.000000E+00,0.000000E+00,2.110805E+01,7.995060E+01,2.388830E+01,6.355307E+01
00:15:00,8.014350E+03,9.864916E+02,5.580229E-01,8.712040E-02,0.000000E+00,0.000000E+00,0.000000E+00,0.000000E+00,0.000000E+00,0.000000E+00,0.000000E+00,0.000000E+00,2.110805E+01,7.995060E+01,2.388830E+01,6.357484E+01
00:16:00,8.014350E+03,9.842737E+02,5.580229E-01,8.692452E-02,0.000000E+00,0.000000E+00,0.000000E+00,0.000000E+00,0.000000E+00,0.000000E+00,0.000000E+00,0.000000E+00,2.110805E+01,7.995060E+01,2.388830E+01,6.359659E+01
00:17:00,8.014350E+03,9.820618E+02,5.580229E-01,8.672919E-02,0.000000E+00,0.000000E+00,0.000000E+00,0.000000E+00,0.000000E+00,0.000000E+00,0.000000E+00,0.000000E+00,2.110805E+01,7.995060E+01,2.388830E+01,6.361832E+01
00:18:00,8.014350E+03,9.798561E+02,5.580229E-01,8.653438E-02,0.000000E+00,0.000000E+00,0.000000E+00,0.000000E+00,0.000000E+00,0.000000E+00,0.000000E+00,0.000000E+00,2.110805E+01,7.995060E+01,2.388831E+01,6.364003E+01
00:19:00,8.014350E+03,9.776564E+02,5.580229E-01,8.634012E-02,0.000000E+00,0.000000E+00,0.000000E+00,0.000000E+00,0.000000E+00,0.000000E+00,0.000000E+00,0.000000E+00,2.110805E+01,7.995060E+01,2.388831E+01,6.366171E+01
00:20:00,8.014350E+03,9.754628E+02,5.580229E-01,8.614638E-02,0.000000E+00,0.000000E+00,0.000000E+00,0.000000E+00,0.000000E+00,0.000000E+00,0.000000E+00,0.000000E+00,2.110805E+01,7.995060E+01,2.388831E+01,6.368337E+01
00:21:00,8.014350E+03,9.732752E+02,5.580229E-01,8.595318E-02,0.000000E+00,0.000000E+00,0.000000E+00,0.000000E+00,0.000000E+00,0.000000E+00,0.000000E+00,0.000000E+00,2.110805E+01,7.995060E+01,2.388831E+01,6.370501E+01
00:22:00,8.014350E+03,9.710936E+02,5.580229E-01,8.576052E-02,0.000000E+00,0.000000E+00,0.000000E+00,0.000000E+00,0.000000E+00,0.000000E+00,0.000000E+00,0.000000E+00,2.110805E+01,7.995060E+01,2.388831E+01,6.372663E+01
00:23:00,8.014350E+03,9.689181E+02,5.580229E-01,8.556838E-02,0.000000E+00,0.000000E+00,0.000000E+00,0.000000E+00,0.000000E+00,0.000000E+00,0.000000E+00,0.000000E+00,2.110805E+01,7.995060E+01,2.388831E+01,6.374822E+01
00:24:00,8.014350E+03,9.667486E+02,5.580229E-01,8.537678E-02,0.000000E+00,0.000000E+00,0.000000E+00,0.000000E+00,0.000000E+00,0.000000E+00,0.000000E+00,0.000000E+00,2.110805E+01,7.995060E+01,2.388831E+01,6.376981E+01
00:25:00,8.014350E+03,9.645850E+02,5.580229E-01,8.518571E-02,0.000000E+00,0.000000E+00,0.000000E+00,0.000000E+00,0.000000E+00,0.000000E+00,0.000000E+00,0.000000E+00,2.110805E+01,7.995060E+01,2.388831E+01,6.379137E+01
00:26:00,8.014350E+03,9.624275E+02,5.580229E-01,8.499516E-02,0.000000E+00,0.000000E+00,0.000000E+00,0.000000E+00,0.000000E+00,0.000000E+00,0.000000E+00,0.000000E+00,2.110805E+01,7.995060E+01,2.388831E+01,6.381292E+01
00:27:00,8.014350E+03,9.602759E+02,5.580229E-01,8.480514E-02,0.000000E+00,0.000000E+00,0.000000E+00,0.000000E+00,0.000000E+00,0.000000E+00,0.000000E+00,0.000000E+00,2.110805E+01,7.995060E+01,2.388831E+01,6.383445E+01
00:28:00,8.014349E+03,9.581303E+02,5.580229E-01,8.461565E-02,0.000000E+00,0.000000E+00,0.000000E+00,0.000000E+00,0.000000E+00,0.000000E+00,0.000000E+00,0.000000E+00,2.110805E+01,7.995060E+01,2.388831E+01,6.385597E+01
00:29:00,8.014349E+03,9.559907E+02,5.580229E-01,8.442669E-02,0.000000E+00,0.000000E+00,0.000000E+00,0.000000E+00,0.000000E+00,0.000000E+00,0.000000E+00,0.000000E+00,2.110805E+01,7.995060E+01,2.388831E+01,6.387747E+01
00:30:00,8.014349E+03,9.538570E+02,5.580229E-01,8.423824E-02,0.000000E+00,0.000000E+00,0.000000E+00,0.000000E+00,0.000000E+00,0.000000E+00,0.000000E+00,0.000000E+00,2.110805E+01,7.995060E+01,2.388831E+01,6.389896E+01
00:31:00,8.014349E+03,9.517292E+02,5.580229E-01,8.405033E-02,0.000000E+00,0.000000E+00,0.000000E+00,0.000000E+00,0.000000E+00,0.000000E+00,0.000000E+00,0.000000E+00,2.110805E+01,7.995060E+01,2.388831E+01,6.392043E+01
00:32:00,8.014349E+03,9.496073E+02,5.580228E-01,8.386293E-02,0.000000E+00,0.000000E+00,0.000000E+00,0.000000E+00,0.000000E+00,0.000000E+00,0.000000E+00,0.000000E+00,2.110805E+01,7.995060E+01,2.388832E+01,6.394189E+01
00:33:00,8.014349E+03,9.474914E+02,5.580228E-01,8.367606E-02,0.000000E+00,0.000000E+00,0.000000E+00,0.000000E+00,0.000000E+00,0.000000E+00,0.000000E+00,0.000000E+00,2.110805E+01,7.995060E+01,2.388832E+01,6.396334E+01
00:34:00,8.014349E+03,9.453813E+02,5.580228E-01,8.348971E-02,0.000000E+00,0.000000E+00,0.000000E+00,0.000000E+00,0.000000E+00,0.000000E+00,0.000000E+00,0.000000E+00,2.110805E+01,7.995060E+01,2.388832E+01,6.398478E+01
00:35:00,8.014349E+03,9.432772E+02,5.580228E-01,8.330388E-02,0.000000E+00,0.000000E+00,0.000000E+00,0.000000E+00,0.000000E+00,0.000000E+00,0.000000E+00,0.000000E+00,2.110805E+01,7.995060E+01,2.388832E+01,6.400621E+01
00:36:00,8.014349E+03,9.411789E+02,5.580228E-01,8.311857E-02,0.000000E+00,0.000000E+00,0.000000E+00,0.000000E+00,0.000000E+00,0.000000E+00,0.000000E+00,0.000000E+00,2.110805E+01,7.995060E+01,2.388832E+01,6.402763E+01
00:37:00,8.014349E+03,9.390865E+02,5.580228E-01,8.293378E-02,0.000000E+00,0.000000E+00,0.000000E+00,0.000000E+00,0.000000E+00,0.000000E+00,0.000000E+00,0.000000E+00,2.110805E+01,7.995060E+01,2.388832E+01,6.404903E+01
00:38:00,8.014349E+03,9.369999E+02,5.580228E-01,8.274950E-02,0.000000E+00,0.000000E+00,0.000000E+00,0.000000E+00,0.000000E+00,0.000000E+00,0.000000E+00,0.000000E+00,2.110805E+01,7.995060E+01,2.388832E+01,6.407043E+01
00:39:00,8.014349E+03,9.349192E+02,5.580228E-01,8.256574E-02,0.000000E+00,0.000000E+00,0.000000E+00,0.000000E+00,0.000000E+00,0.000000E+00,0.000000E+00,0.000000E+00,2.110805E+01,7.995060E+01,2.388832E+01,6.409182E+01
00:40:00,8.014349E+03,9.328443E+02,5.580228E-01,8.238250E-02,0.000000E+00,0.000000E+00,0.000000E+00,0.000000E+00,0.000000E+00,0.000000E+00,0.000000E+00,0.000000E+00,2.110805E+01,7.995060E+01,2.388832E+01,6.411320E+01
00:41:00,8.014349E+03,9.307753E+02,5.580228E-01,8.219977E-02,0.000000E+00,0.000000E+00,0.000000E+00,0.000000E+00,0.000000E+00,0.000000E+00,0.000000E+00,0.000000E+00,2.110805E+01,7.995060E+01,2.388832E+01,6.413457E+01
00:42:00,8.014349E+03,9.287121E+02,5.580228E-01,8.201755E-02,0.000000E+00,0.000000E+00,0.000000E+00,0.000000E+00,0.000000E+00,0.000000E+00,0.000000E+00,0.000000E+00,2.110805E+01,7.995060E+01,2.388832E+01,6.415594E+01
00:43:00,8.014349E+03,9.266546E+02,5.580228E-01,8.183585E-02,0.000000E+00,0.000000E+00,0.000000E+00,0.000000E+00,0.000000E+00,0.000000E+00,0.000000E+00,0.000000E+00,2.110805E+01,7.995060E+01,2.388832E+01,6.417730E+01
00:44:00,8.014349E+03,9.246030E+02,5.580228E-01,8.165466E-02,0.000000E+00,0.000000E+00,0.000000E+00,0.000000E+00,0.000000E+00,0.000000E+00,0.000000E+00,0.000000E+00,2.110805E+01,7.995060E+01,2.388832E+01,6.419865E+01
00:45:00,8.014349E+03,9.225571E+02,5.580228E-01,8.147398E-02,0.000000E+00,0.000000E+00,0.000000E+00,0.000000E+00,0.000000E+00,0.000000E+00,0.000000E+00,0.000000E+00,2.110805E+01,7.995060E+01,2.388832E+01,6.422000E+01
00:46:00,8.014349E+03,9.205171E+02,5.580228E-01,8.129380E-02,0.000000E+00,0.000000E+00,0.000000E+00,0.000000E+00,0.000000E+00,0.000000E+00,0.000000E+00,0.000000E+00,2.110805E+01,7.995060E+01,2.388833E+01,6.424134E+01
00:47:00,8.014349E+03,9.184827E+02,5.580228E-01,8.111414E-02,0.000000E+00,0.000000E+00,0.000000E+00,0.000000E+00,0.000000E+00,0.000000E+00,0.000000E+00,0.000000E+00,2.110805E+01,7.995060E+01,2.388833E+01,6.426267E+01
00:48:00,8.014349E+03,9.164542E+02,5.580228E-01,8.093499E-02,0.000000E+00,0.000000E+00,0.000000E+00,0.000000E+00,0.000000E+00,0.000000E+00,0.000000E+00,0.000000E+00,2.110805E+01,7.995060E+01,2.388833E+01,6.428401E+01
00:49:00,8.014349E+03,9.144314E+02,5.580228E-01,8.075634E-02,0.000000E+00,0.000000E+00,0.000000E+00,0.000000E+00,0.000000E+00,0.000000E+00,0.000000E+00,0.000000E+00,2.110805E+01,7.995060E+01,2.388833E+01,6.430533E+01
00:50:00,8.014349E+03,9.124143E+02,5.580228E-01,8.057820E-02,0.000000E+00,0.000000E+00,0.000000E+00,0.000000E+00,0.000000E+00,0.000000E+00,0.000000E+00,0.000000E+00,2.110805E+01,7.995060E+01,2.388833E+01,6.432666E+01
00:51:00,8.014348E+03,9.104029E+02,5.580228E-01,8.040057E-02,0.000000E+00,0.000000E+00,0.000000E+00,0.000000E+00,0.000000E+00,0.000000E+00,0.000000E+00,0.000000E+00,2.110805E+01,7.995060E+01,2.388833E+01,6.434797E+01
00:52:00,8.014348E+03,9.083973E+02,5.580228E-01,8.022343E-02,0.000000E+00,0.000000E+00,0.000000E+00,0.000000E+00,0.000000E+00,0.000000E+00,0.000000E+00,0.000000E+00,2.110805E+01,7.995060E+01,2.388833E+01,6.436929E+01
00:53:00,8.014348E+03,9.063973E+02,5.580228E-01,8.004681E-02,0.000000E+00,0.000000E+00,0.000000E+00,0.000000E+00,0.000000E+00,0.000000E+00,0.000000E+00,0.000000E+00,2.110805E+01,7.995060E+01,2.388833E+01,6.439061E+01
00:54:00,8.014348E+03,9.044031E+02,5.580228E-01,7.987068E-02,0.000000E+00,0.000000E+00,0.000000E+00,0.000000E+00,0.000000E+00,0.000000E+00,0.000000E+00,0.000000E+00,2.110805E+01,7.995060E+01,2.388833E+01,6.441192E+01
00:55:00,8.014348E+03,9.024145E+02,5.580228E-01,7.969506E-02,0.000000E+00,0.000000E+00,0.000000E+00,0.000000E+00,0.000000E+00,0.000000E+00,0.000000E+00,0.000000E+00,2.110805E+01,7.995060E+01,2.388833E+01,6.443322E+01
00:56:00,8.014348E+03,9.004316E+02,5.580228E-01,7.951994E-02,0.000000E+00,0.000000E+00,0.000000E+00,0.000000E+00,0.000000E+00,0.000000E+00,0.000000E+00,0.000000E+00,2.110805E+01,7.995060E+01,2.388833E+01,6.445453E+01
00:57:00,8.014348E+03,8.984544E+02,5.580228E-01,7.934532E-02,0.000000E+00,0.000000E+00,0.000000E+00,0.000000E+00,0.000000E+00,0.000000E+00,0.000000E+00,0.000000E+00,2.110805E+01,7.995060E+01,2.388833E+01,6.447584E+01
00:58:00,8.014348E+03,8.964828E+02,5.580228E-01,7.917120E-02,0.000000E+00,0.000000E+00,0.000000E+00,0.000000E+00,0.000000E+00,0.000000E+00,0.000000E+00,0.000000E+00,2.110805E+01,7.995060E+01,2.388833E+01,6.449714E+01
00:59:00,8.014348E+03,8.945168E+02,5.580228E-01,7.899757E-02,0.000000E+00,0.000000E+00,0.000000E+00,0.000000E+00,0.000000E+00,0.000000E+00,0.000000E+00,0.000000E+00,2.110805E+01,7.995060E+01,2.388833E+01,6.451844E+01
01:00:00,8.014348E+03,8.925565E+02,5.580228E-01,7.882445E-02,0.000000E+00,0.000000E+00,0.000000E+00,0.000000E+00,0.000000E+00,0.000000E+00,0.000000E+00,0.000000E+00,2.110805E+01,7.995060E+01,2.388834E+01,6.453974E+01
01:01:00,8.014348E+03,8.906049E+02,5.580228E-01,7.865209E-02,0.000000E+00,0.000000E+00,0.000000E+00,0.000000E+00,0.000000E+00,0.000000E+00,0.000000E+00,0.000000E+00,2.110805E+01,7.995060E+01,2.388834E+01,6.456105E+01
01:02:00,8.014348E+03,8.886617E+02,5.580228E-01,7.848048E-02,0.000000E+00,0.000000E+00,0.000000E+00,0.000000E+00,0.000000E+00,0.000000E+00,0.000000E+00,0.000000E+00,2.110805E+01,7.995060E+01,2.388834E+01,6.458229E+01
01:03:00,8.014348E+03,8.867270E+02,5.580228E-01,7.830961E-02,0.000000E+00,0.000000E+00,0.000000E+00,0.000000E+00,0.000000E+00,0.000000E+00,0.000000E+00,0.000000E+00,2.110805E+01,7.995060E+01,2.388834E+01,6.460343E+01
01:04:00,8.014348E+03,8.848007E+02,5.580228E-01,7.813949E-02,0.000000E+00,0.000000E+00,0.000000E+00,0.000000E+00,0.000000E+00,0.000000E+00,0.000000E+00,0.000000E+00,2.110805E+01,7.995060E+01,2.388834E+01,6.462447E+01
01:05:00,8.014348E+03,8.828829E+02,5.580228E-01,7.797011E-02,0.000000E+00,0.000000E+00,0.000000E+00,0.000000E+00,0.000000E+00,0.000000E+00,0.000000E+00,0.000000E+00,2.110805E+01,7.995060E+01,2.388834E+01,6.464540E+01
01:06:00,8.014348E+03,8.809734E+02,5.580228E-01,7.780148E-02,0.000000E+00,0.000000E+00,0.000000E+00,0.000000E+00,0.000000E+00,0.000000E+00,0.000000E+00,0.000000E+00,2.110805E+01,7.995060E+01,2.388834E+01,6.466623E+01
01:07:00,8.014348E+03,8.790724E+02,5.580228E-01,7.763359E-02,0.000000E+00,0.000000E+00,0.000000E+00,0.000000E+00,0.000000E+00,0.000000E+00,0.000000E+00,0.000000E+00,2.110805E+01,7.995060E+01,2.388834E+01,6.468696E+01
01:08:00,8.014348E+03,8.771798E+02,5.580228E-01,7.746644E-02,0.000000E+00,0.000000E+00,0.000000E+00,0.000000E+00,0.000000E+00,0.000000E+00,0.000000E+00,0.000000E+00,2.110805E+01,7.995060E+01,2.388834E+01,6.470760E+01
01:09:00,8.014348E+03,8.752955E+02,5.580228E-01,7.730003E-02,0.000000E+00,0.000000E+00,0.000000E+00,0.000000E+00,0.000000E+00,0.000000E+00,0.000000E+00,0.000000E+00,2.110805E+01,7.995060E+01,2.388834E+01,6.472815E+01
01:10:00,8.014348E+03,8.734197E+02,5.580228E-01,7.713437E-02,0.000000E+00,0.000000E+00,0.000000E+00,0.000000E+00,0.000000E+00,0.000000E+00,0.000000E+00,0.000000E+00,2.110805E+01,7.995060E+01,2.388834E+01,6.474861E+01
01:11:00,8.014348E+03,8.715522E+02,5.580228E-01,7.696944E-02,0.000000E+00,0.000000E+00,0.000000E+00,0.000000E+00,0.000000E+00,0.000000E+00,0.000000E+00,0.000000E+00,2.110805E+01,7.995060E+01,2.388834E+01,6.476898E+01
01:12:00,8.014348E+03,8.696931E+02,5.580228E-01,7.680525E-02,0.000000E+00,0.000000E+00,0.000000E+00,0.000000E+00,0.000000E+00,0.000000E+00,0.000000E+00,0.000000E+00,2.110805E+01,7.995060E+01,2.388834E+01,6.478927E+01
01:13:00,8.014348E+03,8.678424E+02,5.580228E-01,7.664180E-02,0.000000E+00,0.000000E+00,0.000000E+00,0.000000E+00,0.000000E+00,0.000000E+00,0.000000E+00,0.000000E+00,2.110805E+01,7.995060E+01,2.388834E+01,6.480948E+01
01:14:00,8.014348E+03,8.660000E+02,5.580228E-01,7.647909E-02,0.000000E+00,0.000000E+00,0.000000E+00,0.000000E+00,0.000000E+00,0.000000E+00,0.000000E+00,0.000000E+00,2.110805E+01,7.995060E+01,2.388834E+01,6.482961E+01
01:15:00,8.014348E+03,8.641660E+02,5.580228E-01,7.631712E-02,0.000000E+00,0.000000E+00,0.000000E+00,0.000000E+00,0.000000E+00,0.000000E+00,0.000000E+00,0.000000E+00,2.110805E+01,7.995060E+01,2.388834E+01,6.484966E+01
01:16:00,8.014348E+03,8.623402E+02,5.580228E-01,7.615588E-02,0.000000E+00,0.000000E+00,0.000000E+00,0.000000E+00,0.000000E+00,0.000000E+00,0.000000E+00,0.000000E+00,2.110805E+01,7.995060E+01,2.388834E+01,6.486964E+01
01:17:00,8.014348E+03,8.605229E+02,5.580228E-01,7.599538E-02,0.000000E+00,0.000000E+00,0.000000E+00,0.000000E+00,0.000000E+00,0.000000E+00,0.000000E+00,0.000000E+00,2.110805E+01,7.995060E+01,2.388834E+01,6.488955E+01
01:18:00,8.014348E+03,8.587138E+02,5.580228E-01,7.583561E-02,0.000000E+00,0.000000E+00,0.000000E+00,0.000000E+00,0.000000E+00,0.000000E+00,0.000000E+00,0.000000E+00,2.110805E+01,7.995060E+01,2.388834E+01,6.490938E+01
01:19:00,8.014348E+03,8.569131E+02,5.580228E-01,7.567658E-02,0.000000E+00,0.000000E+00,0.000000E+00,0.000000E+00,0.000000E+00,0.000000E+00,0.000000E+00,0.000000E+00,2.110805E+01,7.995060E+01,2.388835E+01,6.492915E+01
01:20:00,8.014348E+03,8.551206E+02,5.580228E-01,7.551828E-02,0.000000E+00,0.000000E+00,0.000000E+00,0.000000E+00,0.000000E+00,0.000000E+00,0.000000E+00,0.000000E+00,2.110805E+01,7.995060E+01,2.388835E+01,6.494885E+01
01:21:00,8.014348E+03,8.533365E+02,5.580228E-01,7.536071E-02,0.000000E+00,0.000000E+00,0.000000E+00,0.000000E+00,0.000000E+00,0.000000E+00,0.000000E+00,0.000000E+00,2.110805E+01,7.995060E+01,2.388835E+01,6.496849E+01
01:22:00,8.014348E+03,8.515607E+02,5.580228E-01,7.520387E-02,0.000000E+00,0.000000E+00,0.000000E+00,0.000000E+00,0.000000E+00,0.000000E+00,0.000000E+00,0.000000E+00,2.110805E+01,7.995060E+01,2.388835E+01,6.498806E+01
01:23:00,8.014348E+03,8.497931E+02,5.580228E-01,7.504777E-02,0.000000E+00,0.000000E+00,0.000000E+00,0.000000E+00,0.000000E+00,0.000000E+00,0.000000E+00,0.000000E+00,2.110805E+01,7.995060E+01,2.388835E+01,6.500757E+01
01:24:00,8.014348E+03,8.480338E+02,5.580228E-01,7.489240E-02,0.000000E+00,0.000000E+00,0.000000E+00,0.000000E+00,0.000000E+00,0.000000E+00,0.000000E+00,0.000000E+00,2.110805E+01,7.995060E+01,2.388835E+01,6.502702E+01
01:25:00,8.014348E+03,8.462828E+02,5.580228E-01,7.473776E-02,0.000000E+00,0.000000E+00,0.000000E+00,0.000000E+00,0.000000E+00,0.000000E+00,0.000000E+00,0.000000E+00,2.110805E+01,7.995060E+01,2.388835E+01,6.504641E+01
01:26:00,8.014348E+03,8.445400E+02,5.580228E-01,7.458384E-02,0.000000E+00,0.000000E+00,0.000000E+00,0.000000E+00,0.000000E+00,0.000000E+00,0.000000E+00,0.000000E+00,2.110805E+01,7.995060E+01,2.388835E+01,6.506575E+01
01:27:00,8.014348E+03,8.428055E+02,5.580228E-01,7.443066E-02,0.000000E+00,0.000000E+00,0.000000E+00,0.000000E+00,0.000000E+00,0.000000E+00,0.000000E+00,0.000000E+00,2.110805E+01,7.995060E+01,2.388835E+01,6.508503E+01
01:28:00,8.014348E+03,8.410793E+02,5.580228E-01,7.427821E-02,0.000000E+00,0.000000E+00,0.000000E+00,0.000000E+00,0.000000E+00,0.000000E+00,0.000000E+00,0.000000E+00,2.110805E+01,7.995060E+01,2.388835E+01,6.510426E+01
01:29:00,8.014348E+03,8.393613E+02,5.580228E-01,7.412648E-02,0.000000E+00,0.000000E+00,0.000000E+00,0.000000E+00,0.000000E+00,0.000000E+00,0.000000E+00,0.000000E+00,2.110805E+01,7.995060E+01,2.388835E+01,6.512343E+01
01:30:00,8.014348E+03,8.376515E+02,5.580228E-01,7.397548E-02,0.000000E+00,0.000000E+00,0.000000E+00,0.000000E+00,0.000000E+00,0.000000E+00,0.000000E+00,0.000000E+00,2.110805E+01,7.995060E+01,2.388835E+01,6.514256E+01
01:31:00,8.014348E+03,8.359499E+02,5.580228E-01,7.382521E-02,0.000000E+00,0.000000E+00,0.000000E+00,0.000000E+00,0.000000E+00,0.000000E+00,0.000000E+00,0.000000E+00,2.110805E+01,7.995060E+01,2.388835E+01,6.516164E+01
01:32:00,8.014348E+03,8.342566E+02,5.580228E-01,7.367566E-02,0.000000E+00,0.000000E+00,0.000000E+00,0.000000E+00,0.000000E+00,0.000000E+00,0.000000E+00,0.000000E+00,2.110805E+01,7.995060E+01,2.388835E+01,6.518066E+01
01:33:00,8.014348E+03,8.325715E+02,5.580228E-01,7.352683E-02,0.000000E+00,0.000000E+00,0.000000E+00,0.000000E+00,0.000000E+00,0.000000E+00,0.000000E+00,0.000000E+00,2.110805E+01,7.995060E+01,2.388835E+01,6.519965E+01
01:34:00,8.014348E+03,8.308945E+02,5.580228E-01,7.337874E-02,0.000000E+00,0.000000E+00,0.000000E+00,0.000000E+00,0.000000E+00,0.000000E+00,0.000000E+00,0.000000E+00,2.110805E+01,7.995060E+01,2.388835E+01,6.521858E+01
01:35:00,8.014348E+03,8.292258E+02,5.580228E-01,7.323136E-02,0.000000E+00,0.000000E+00,0.000000E+00,0.000000E+00,0.000000E+00,0.000000E+00,0.000000E+00,0.000000E+00,2.110805E+01,7.995060E+01,2.388835E+01,6.523747E+01
01:36:00,8.014348E+03,8.275653E+02,5.580228E-01,7.308471E-02,0.000000E+00,0.000000E+00,0.000000E+00,0.000000E+00,0.000000E+00,0.000000E+00,0.000000E+00,0.000000E+00,2.110805E+01,7.995060E+01,2.388835E+01,6.525633E+01
01:37:00,8.014348E+03,8.259129E+02,5.580228E-01,7.293879E-02,0.000000E+00,0.000000E+00,0.000000E+00,0.000000E+00,0.000000E+00,0.000000E+00,0.000000E+00,0.000000E+00,2.110805E+01,7.995060E+01,2.388836E+01,6.527513E+01
01:38:00,8.014348E+03,8.242688E+02,5.580228E-01,7.279358E-02,0.000000E+00,0.000000E+00,0.000000E+00,0.000000E+00,0.000000E+00,0.000000E+00,0.000000E+00,0.000000E+00,2.110805E+01,7.995060E+01,2.388836E+01,6.529390E+01
01:39:00,8.014348E+03,8.226328E+02,5.580228E-01,7.264910E-02,0.000000E+00,0.000000E+00,0.000000E+00,0.000000E+00,0.000000E+00,0.000000E+00,0.000000E+00,0.000000E+00,2.110805E+01,7.995060E+01,2.388836E+01,6.531263E+01
01:40:00,8.014348E+03,8.210050E+02,5.580228E-01,7.250534E-02,0.000000E+00,0.000000E+00,0.000000E+00,0.000000E+00,0.000000E+00,0.000000E+00,0.000000E+00,0.000000E+00,2.110805E+01,7.995060E+01,2.388836E+01,6.533132E+01
01:41:00,8.014348E+03,8.193853E+02,5.580228E-01,7.236230E-02,0.000000E+00,0.000000E+00,0.000000E+00,0.000000E+00,0.000000E+00,0.000000E+00,0.000000E+00,0.000000E+00,2.110805E+01,7.995060E+01,2.388836E+01,6.534997E+01
01:42:00,8.014348E+03,8.177738E+02,5.580228E-01,7.221997E-02,0.000000E+00,0.000000E+00,0.000000E+00,0.000000E+00,0.000000E+00,0.000000E+00,0.000000E+00,0.000000E+00,2.110805E+01,7.995060E+01,2.388836E+01,6.536858E+01
01:43:00,8.014348E+03,8.161704E+02,5.580228E-01,7.207837E-02,0.000000E+00,0.000000E+00,0.000000E+00,0.000000E+00,0.000000E+00,0.000000E+00,0.000000E+00,0.000000E+00,2.110805E+01,7.995060E+01,2.388836E+01,6.538716E+01
01:44:00,8.014348E+03,8.145752E+02,5.580228E-01,7.193749E-02,0.000000E+00,0.000000E+00,0.000000E+00,0.000000E+00,0.000000E+00,0.000000E+00,0.000000E+00,0.000000E+00,2.110805E+01,7.995060E+01,2.388836E+01,6.540571E+01
01:45:00,8.014348E+03,8.129881E+02,5.580228E-01,7.179733E-02,0.000000E+00,0.000000E+00,0.000000E+00,0.000000E+00,0.000000E+00,0.000000E+00,0.000000E+00,0.000000E+00,2.110805E+01,7.995060E+01,2.388836E+01,6.542422E+01
01:46:00,8.014348E+03,8.114092E+02,5.580228E-01,7.165788E-02,0.000000E+00,0.000000E+00,0.000000E+00,0.000000E+00,0.000000E+00,0.000000E+00,0.000000E+00,0.000000E+00,2.110805E+01,7.995060E+01,2.388836E+01,6.544270E+01
01:47:00,8.014348E+03,8.098384E+02,5.580228E-01,7.151915E-02,0.000000E+00,0.000000E+00,0.000000E+00,0.000000E+00,0.000000E+00,0.000000E+00,0.000000E+00,0.000000E+00,2.110805E+01,7.995060E+01,2.388836E+01,6.546114E+01
01:48:00,8.014348E+03,8.082757E+02,5.580228E-01,7.138114E-02,0.000000E+00,0.000000E+00,0.000000E+00,0.000000E+00,0.000000E+00,0.000000E+00,0.000000E+00,0.000000E+00,2.110805E+01,7.995060E+01,2.388836E+01,6.547956E+01
01:49:00,8.014348E+03,8.067211E+02,5.580228E-01,7.124385E-02,0.000000E+00,0.000000E+00,0.000000E+00,0.000000E+00,0.000000E+00,0.000000E+00,0.000000E+00,0.000000E+00,2.110805E+01,7.995060E+01,2.388836E+01,6.549794E+01
01:50:00,8.014348E+03,8.051746E+02,5.580228E-01,7.110727E-02,0.000000E+00,0.000000E+00,0.000000E+00,0.000000E+00,0.000000E+00,0.000000E+00,0.000000E+00,0.000000E+00,2.110805E+01,7.995060E+01,2.388836E+01,6.551630E+01
01:51:00,8.014348E+03,8.036362E+02,5.580228E-01,7.097141E-02,0.000000E+00,0.000000E+00,0.000000E+00,0.000000E+00,0.000000E+00,0.000000E+00,0.000000E+00,0.000000E+00,2.110805E+01,7.995060E+01,2.388836E+01,6.553462E+01
01:52:00,8.014348E+03,8.021060E+02,5.580228E-01,7.083626E-02,0.000000E+00,0.000000E+00,0.000000E+00,0.000000E+00,0.000000E+00,0.000000E+00,0.000000E+00,0.000000E+00,2.110805E+01,7.995060E+01,2.388836E+01,6.555292E+01
01:53:00,8.014348E+03,8.005838E+02,5.580228E-01,7.070183E-02,0.000000E+00,0.000000E+00,0.000000E+00,0.000000E+00,0.000000E+00,0.000000E+00,0.000000E+00,0.000000E+00,2.110805E+01,7.995060E+01,2.388836E+01,6.557119E+01
01:54:00,8.014348E+03,7.990697E+02,5.580228E-01,7.056811E-02,0.000000E+00,0.000000E+00,0.000000E+00,0.000000E+00,0.000000E+00,0.000000E+00,0.000000E+00,0.000000E+00,2.110805E+01,7.995060E+01,2.388837E+01,6.558943E+01
01:55:00,8.014348E+03,7.975637E+02,5.580228E-01,7.043511E-02,0.000000E+00,0.000000E+00,0.000000E+00,0.000000E+00,0.000000E+00,0.000000E+00,0.000000E+00,0.000000E+00,2.110805E+01,7.995060E+01,2.388837E+01,6.560765E+01
01:56:00,8.014348E+03,7.960657E+02,5.580228E-01,7.030282E-02,0.000000E+00,0.000000E+00,0.000000E+00,0.000000E+00,0.000000E+00,0.000000E+00,0.000000E+00,0.000000E+00,2.110805E+01,7.995060E+01,2.388837E+01,6.562584E+01
01:57:00,8.014348E+03,7.945759E+02,5.580228E-01,7.017124E-02,0.000000E+00,0.000000E+00,0.000000E+00,0.000000E+00,0.000000E+00,0.000000E+00,0.000000E+00,0.000000E+00,2.110805E+01,7.995060E+01,2.388837E+01,6.564401E+01
01:58:00,8.014348E+03,7.930941E+02,5.580228E-01,7.004038E-02,0.000000E+00,0.000000E+00,0.000000E+00,0.000000E+00,0.000000E+00,0.000000E+00,0.000000E+00,0.000000E+00,2.110805E+01,7.995060E+01,2.388837E+01,6.566215E+01
01:59:00,8.014348E+03,7.916203E+02,5.580228E-01,6.991022E-02,0.000000E+00,0.000000E+00,0.000000E+00,0.000000E+00,0.000000E+00,0.000000E+00,0.000000E+00,0.000000E+00,2.110805E+01,7.995060E+01,2.388837E+01,6.568027E+01
02:00:00,8.014348E+03,7.901547E+02,5.580228E-01,6.978078E-02,0.000000E+00,0.000000E+00,0.000000E+00,0.000000E+00,0.000000E+00,0.000000E+00,0.000000E+00,0.000000E+00,2.110805E+01,7.995060E+01,2.388837E+01,6.569836E+01
02:01:00,8.014348E+03,7.886942E+02,5.580228E-01,6.965180E-02,0.000000E+00,0.000000E+00,0.000000E+00,0.000000E+00,0.000000E+00,0.000000E+00,0.000000E+00,0.000000E+00,2.110805E+01,7.995060E+01,2.388837E+01,6.571643E+01
02:02:00,8.014348E+03,7.872389E+02,5.580228E-01,6.952328E-02,0.000000E+00,0.000000E+00,0.000000E+00,0.000000E+00,0.000000E+00,0.000000E+00,0.000000E+00,0.000000E+00,2.110805E+01,7.995060E+01,2.388837E+01,6.573445E+01
02:03:00,8.014348E+03,7.857888E+02,5.580228E-01,6.939521E-02,0.000000E+00,0.000000E+00,0.000000E+00,0.000000E+00,0.000000E+00,0.000000E+00,0.000000E+00,0.000000E+00,2.110805E+01,7.995060E+01,2.388837E+01,6.575240E+01
02:04:00,8.014348E+03,7.843440E+02,5.580228E-01,6.926761E-02,0.000000E+00,0.000000E+00,0.000000E+00,0.000000E+00,0.000000E+00,0.000000E+00,0.000000E+00,0.000000E+00,2.110805E+01,7.995060E+01,2.388837E+01,6.577027E+01
02:05:00,8.014348E+03,7.829043E+02,5.580228E-01,6.914047E-02,0.000000E+00,0.000000E+00,0.000000E+00,0.000000E+00,0.000000E+00,0.000000E+00,0.000000E+00,0.000000E+00,2.110805E+01,7.995060E+01,2.388837E+01,6.578806E+01
02:06:00,8.014348E+03,7.814698E+02,5.580228E-01,6.901378E-02,0.000000E+00,0.000000E+00,0.000000E+00,0.000000E+00,0.000000E+00,0.000000E+00,0.000000E+00,0.000000E+00,2.110805E+01,7.995060E+01,2.388837E+01,6.580578E+01
02:07:00,8.014348E+03,7.800405E+02,5.580228E-01,6.888755E-02,0.000000E+00,0.000000E+00,0.000000E+00,0.000000E+00,0.000000E+00,0.000000E+00,0.000000E+00,0.000000E+00,2.110805E+01,7.995060E+01,2.388837E+01,6.582343E+01
02:08:00,8.014348E+03,7.786164E+02,5.580228E-01,6.876178E-02,0.000000E+00,0.000000E+00,0.000000E+00,0.000000E+00,0.000000E+00,0.000000E+00,0.000000E+00,0.000000E+00,2.110805E+01,7.995060E+01,2.388837E+01,6.584101E+01
02:09:00,8.014348E+03,7.771975E+02,5.580228E-01,6.863647E-02,0.000000E+00,0.000000E+00,0.000000E+00,0.000000E+00,0.000000E+00,0.000000E+00,0.000000E+00,0.000000E+00,2.110805E+01,7.995060E+01,2.388837E+01,6.585852E+01
02:10:00,8.014348E+03,7.757838E+02,5.580228E-01,6.851161E-02,0.000000E+00,0.000000E+00,0.000000E+00,0.000000E+00,0.000000E+00,0.000000E+00,0.000000E+00,0.000000E+00,2.110805E+01,7.995060E+01,2.388837E+01,6.587597E+01
02:11:00,8.014348E+03,7.743752E+02,5.580228E-01,6.838721E-02,0.000000E+00,0.000000E+00,0.000000E+00,0.000000E+00,0.000000E+00,0.000000E+00,0.000000E+00,0.000000E+00,2.110805E+01,7.995060E+01,2.388837E+01,6.589335E+01
02:12:00,8.014348E+03,7.729717E+02,5.580228E-01,6.826327E-02,0.000000E+00,0.000000E+00,0.000000E+00,0.000000E+00,0.000000E+00,0.000000E+00,0.000000E+00,0.000000E+00,2.110805E+01,7.995060E+01,2.388837E+01,6.591067E+01
02:13:00,8.014348E+03,7.715735E+02,5.580228E-01,6.813978E-02,0.000000E+00,0.000000E+00,0.000000E+00,0.000000E+00,0.000000E+00,0.000000E+00,0.000000E+00,0.000000E+00,2.110805E+01,7.995060E+01,2.388837E+01,6.592793E+01
02:14:00,8.014348E+03,7.701804E+02,5.580228E-01,6.801675E-02,0.000000E+00,0.000000E+00,0.000000E+00,0.000000E+00,0.000000E+00,0.000000E+00,0.000000E+00,0.000000E+00,2.110805E+01,7.995060E+01,2.388838E+01,6.594513E+01
02:15:00,8.014348E+03,7.687924E+02,5.580228E-01,6.789417E-02,0.000000E+00,0.000000E+00,0.000000E+00,0.000000E+00,0.000000E+00,0.000000E+00,0.000000E+00,0.000000E+00,2.110805E+01,7.995060E+01,2.388838E+01,6.596227E+01
02:16:00,8.014348E+03,7.674096E+02,5.580228E-01,6.777205E-02,0.000000E+00,0.000000E+00,0.000000E+00,0.000000E+00,0.000000E+00,0.000000E+00,0.000000E+00,0.000000E+00,2.110805E+01,7.995060E+01,2.388838E+01,6.597935E+01
02:17:00,8.014348E+03,7.660320E+02,5.580228E-01,6.765038E-02,0.000000E+00,0.000000E+00,0.000000E+00,0.000000E+00,0.000000E+00,0.000000E+00,0.000000E+00,0.000000E+00,2.110805E+01,7.995060E+01,2.388838E+01,6.599638E+01
02:18:00,8.014348E+03,7.646594E+02,5.580228E-01,6.752917E-02,0.000000E+00,0.000000E+00,0.000000E+00,0.000000E+00,0.000000E+00,0.000000E+00,0.000000E+00,0.000000E+00,2.110805E+01,7.995060E+01,2.388838E+01,6.601335E+01
02:19:00,8.014348E+03,7.632920E+02,5.580228E-01,6.740841E-02,0.000000E+00,0.000000E+00,0.000000E+00,0.000000E+00,0.000000E+00,0.000000E+00,0.000000E+00,0.000000E+00,2.110805E+01,7.995060E+01,2.388838E+01,6.603027E+01
02:20:00,8.014348E+03,7.619298E+02,5.580228E-01,6.728810E-02,0.000000E+00,0.000000E+00,0.000000E+00,0.000000E+00,0.000000E+00,0.000000E+00,0.000000E+00,0.000000E+00,2.110805E+01,7.995060E+01,2.388838E+01,6.604714E+01
02:21:00,8.014348E+03,7.605727E+02,5.580228E-01,6.716824E-02,0.000000E+00,0.000000E+00,0.000000E+00,0.000000E+00,0.000000E+00,0.000000E+00,0.000000E+00,0.000000E+00,2.110805E+01,7.995060E+01,2.388838E+01,6.606395E+01
02:22:00,8.014348E+03,7.592206E+02,5.580228E-01,6.704884E-02,0.000000E+00,0.000000E+00,0.000000E+00,0.000000E+00,0.000000E+00,0.000000E+00,0.000000E+00,0.000000E+00,2.110805E+01,7.995060E+01,2.388838E+01,6.608072E+01
02:23:00,8.014348E+03,7.578738E+02,5.580228E-01,6.692989E-02,0.000000E+00,0.000000E+00,0.000000E+00,0.000000E+00,0.000000E+00,0.000000E+00,0.000000E+00,0.000000E+00,2.110805E+01,7.995060E+01,2.388838E+01,6.609744E+01
02:24:00,8.014348E+03,7.565320E+02,5.580228E-01,6.681139E-02,0.000000E+00,0.000000E+00,0.000000E+00,0.000000E+00,0.000000E+00,0.000000E+00,0.000000E+00,0.000000E+00,2.110805E+01,7.995060E+01,2.388838E+01,6.611411E+01
02:25:00,8.014348E+03,7.551953E+02,5.580228E-01,6.669335E-02,0.000000E+00,0.000000E+00,0.000000E+00,0.000000E+00,0.000000E+00,0.000000E+00,0.000000E+00,0.000000E+00,2.110805E+01,7.995060E+01,2.388838E+01,6.613073E+01
02:26:00,8.014348E+03,7.538638E+02,5.580228E-01,6.657575E-02,0.000000E+00,0.000000E+00,0.000000E+00,0.000000E+00,0.000000E+00,0.000000E+00,0.000000E+00,0.000000E+00,2.110805E+01,7.995060E+01,2.388838E+01,6.614732E+01
02:27:00,8.014348E+03,7.525373E+02,5.580228E-01,6.645860E-02,0.000000E+00,0.000000E+00,0.000000E+00,0.000000E+00,0.000000E+00,0.000000E+00,0.000000E+00,0.000000E+00,2.110805E+01,7.995060E+01,2.388838E+01,6.616385E+01
02:28:00,8.014348E+03,7.512160E+02,5.580228E-01,6.634191E-02,0.000000E+00,0.000000E+00,0.000000E+00,0.000000E+00,0.000000E+00,0.000000E+00,0.000000E+00,0.000000E+00,2.110805E+01,7.995060E+01,2.388838E+01,6.618034E+01
02:29:00,8.014348E+03,7.498998E+02,5.580228E-01,6.622567E-02,0.000000E+00,0.000000E+00,0.000000E+00,0.000000E+00,0.000000E+00,0.000000E+00,0.000000E+00,0.000000E+00,2.110805E+01,7.995060E+01,2.388838E+01,6.619679E+01
02:30:00,8.014348E+03,7.485886E+02,5.580228E-01,6.610987E-02,0.000000E+00,0.000000E+00,0.000000E+00,0.000000E+00,0.000000E+00,0.000000E+00,0.000000E+00,0.000000E+00,2.110805E+01,7.995060E+01,2.388838E+01,6.621320E+01
02:31:00,8.014348E+03,7.472826E+02,5.580228E-01,6.599453E-02,0.000000E+00,0.000000E+00,0.000000E+00,0.000000E+00,0.000000E+00,0.000000E+00,0.000000E+00,0.000000E+00,2.110805E+01,7.995060E+01,2.388838E+01,6.622956E+01
02:32:00,8.014349E+03,7.459816E+02,5.580228E-01,6.587964E-02,0.000000E+00,0.000000E+00,0.000000E+00,0.000000E+00,0.000000E+00,0.000000E+00,0.000000E+00,0.000000E+00,2.110805E+01,7.995060E+01,2.388838E+01,6.624589E+01
02:33:00,8.014349E+03,7.446858E+02,5.580228E-01,6.576519E-02,0.000000E+00,0.000000E+00,0.000000E+00,0.000000E+00,0.000000E+00,0.000000E+00,0.000000E+00,0.000000E+00,2.110805E+01,7.995060E+01,2.388838E+01,6.626218E+01
02:34:00,8.014349E+03,7.433950E+02,5.580228E-01,6.565120E-02,0.000000E+00,0.000000E+00,0.000000E+00,0.000000E+00,0.000000E+00,0.000000E+00,0.000000E+00,0.000000E+00,2.110805E+01,7.995060E+01,2.388838E+01,6.627843E+01
02:35:00,8.014349E+03,7.421093E+02,5.580228E-01,6.553765E-02,0.000000E+00,0.000000E+00,0.000000E+00,0.000000E+00,0.000000E+00,0.000000E+00,0.000000E+00,0.000000E+00,2.110805E+01,7.995060E+01,2.388839E+01,6.629464E+01
02:36:00,8.014349E+03,7.408287E+02,5.580228E-01,6.542456E-02,0.000000E+00,0.000000E+00,0.000000E+00,0.000000E+00,0.000000E+00,0.000000E+00,0.000000E+00,0.000000E+00,2.110805E+01,7.995060E+01,2.388839E+01,6.631081E+01
02:37:00,8.014349E+03,7.395532E+02,5.580228E-01,6.531191E-02,0.000000E+00,0.000000E+00,0.000000E+00,0.000000E+00,0.000000E+00,0.000000E+00,0.000000E+00,0.000000E+00,2.110805E+01,7.995060E+01,2.388839E+01,6.632695E+01
02:38:00,8.014349E+03,7.382827E+02,5.580228E-01,6.519971E-02,0.000000E+00,0.000000E+00,0.000000E+00,0.000000E+00,0.000000E+00,0.000000E+00,0.000000E+00,0.000000E+00,2.110805E+01,7.995060E+01,2.388839E+01,6.634305E+01
02:39:00,8.014349E+03,7.370174E+02,5.580228E-01,6.508796E-02,0.000000E+00,0.000000E+00,0.000000E+00,0.000000E+00,0.000000E+00,0.000000E+00,0.000000E+00,0.000000E+00,2.110805E+01,7.995060E+01,2.388839E+01,6.635912E+01
02:40:00,8.014349E+03,7.357571E+02,5.580228E-01,6.497666E-02,0.000000E+00,0.000000E+00,0.000000E+00,0.000000E+00,0.000000E+00,0.000000E+00,0.000000E+00,0.000000E+00,2.110805E+01,7.995060E+01,2.388839E+01,6.637516E+01
02:41:00,8.014349E+03,7.345019E+02,5.580228E-01,6.486580E-02,0.000000E+00,0.000000E+00,0.000000E+00,0.000000E+00,0.000000E+00,0.000000E+00,0.000000E+00,0.000000E+00,2.110805E+01,7.995060E+01,2.388839E+01,6.639115E+01
02:42:00,8.014349E+03,7.332517E+02,5.580228E-01,6.475539E-02,0.000000E+00,0.000000E+00,0.000000E+00,0.000000E+00,0.000000E+00,0.000000E+00,0.000000E+00,0.000000E+00,2.110805E+01,7.995060E+01,2.388839E+01,6.640712E+01
02:43:00,8.014349E+03,7.320066E+02,5.580228E-01,6.464543E-02,0.000000E+00,0.000000E+00,0.000000E+00,0.000000E+00,0.000000E+00,0.000000E+00,0.000000E+00,0.000000E+00,2.110805E+01,7.995060E+01,2.388839E+01,6.642306E+01
02:44:00,8.014349E+03,7.307666E+02,5.580228E-01,6.453592E-02,0.000000E+00,0.000000E+00,0.000000E+00,0.000000E+00,0.000000E+00,0.000000E+00,0.000000E+00,0.000000E+00,2.110805E+01,7.995060E+01,2.388839E+01,6.643896E+01
02:45:00,8.014349E+03,7.295317E+02,5.580228E-01,6.442686E-02,0.000000E+00,0.000000E+00,0.000000E+00,0.000000E+00,0.000000E+00,0.000000E+00,0.000000E+00,0.000000E+00,2.110805E+01,7.995060E+01,2.388839E+01,6.645483E+01
02:46:00,8.014349E+03,7.283018E+02,5.580228E-01,6.431824E-02,0.000000E+00,0.000000E+00,0.000000E+00,0.000000E+00,0.000000E+00,0.000000E+00,0.000000E+00,0.000000E+00,2.110805E+01,7.995060E+01,2.388839E+01,6.647068E+01
02:47:00,8.014349E+03,7.270770E+02,5.580228E-01,6.421007E-02,0.000000E+00,0.000000E+00,0.000000E+00,0.000000E+00,0.000000E+00,0.000000E+00,0.000000E+00,0.000000E+00,2.110805E+01,7.995060E+01,2.388839E+01,6.648649E+01
02:48:00,8.014349E+03,7.258572E+02,5.580228E-01,6.410235E-02,0.000000E+00,0.000000E+00,0.000000E+00,0.000000E+00,0.000000E+00,0.000000E+00,0.000000E+00,0.000000E+00,2.110805E+01,7.995060E+01,2.388839E+01,6.650227E+01
02:49:00,8.014349E+03,7.246425E+02,5.580228E-01,6.399507E-02,0.000000E+00,0.000000E+00,0.000000E+00,0.000000E+00,0.000000E+00,0.000000E+00,0.000000E+00,0.000000E+00,2.110805E+01,7.995060E+01,2.388839E+01,6.651802E+01
02:50:00,8.014349E+03,7.234329E+02,5.580228E-01,6.388824E-02,0.000000E+00,0.000000E+00,0.000000E+00,0.000000E+00,0.000000E+00,0.000000E+00,0.000000E+00,0.000000E+00,2.110805E+01,7.995060E+01,2.388839E+01,6.653375E+01
02:51:00,8.014349E+03,7.222283E+02,5.580228E-01,6.378186E-02,0.000000E+00,0.000000E+00,0.000000E+00,0.000000E+00,0.000000E+00,0.000000E+00,0.000000E+00,0.000000E+00,2.110805E+01,7.995060E+01,2.388839E+01,6.654944E+01
02:52:00,8.014349E+03,7.210288E+02,5.580228E-01,6.367593E-02,0.000000E+00,0.000000E+00,0.000000E+00,0.000000E+00,0.000000E+00,0.000000E+00,0.000000E+00,0.000000E+00,2.110805E+01,7.995060E+01,2.388839E+01,6.656511E+01
02:53:00,8.014349E+03,7.198343E+02,5.580228E-01,6.357044E-02,0.000000E+00,0.000000E+00,0.000000E+00,0.000000E+00,0.000000E+00,0.000000E+00,0.000000E+00,0.000000E+00,2.110805E+01,7.995060E+01,2.388839E+01,6.658075E+01
02:54:00,8.014349E+03,7.186450E+02,5.580228E-01,6.346540E-02,0.000000E+00,0.000000E+00,0.000000E+00,0.000000E+00,0.000000E+00,0.000000E+00,0.000000E+00,0.000000E+00,2.110805E+01,7.995060E+01,2.388839E+01,6.659637E+01
02:55:00,8.014349E+03,7.174606E+02,5.580228E-01,6.336080E-02,0.000000E+00,0.000000E+00,0.000000E+00,0.000000E+00,0.000000E+00,0.000000E+00,0.000000E+00,0.000000E+00,2.110805E+01,7.995060E+01,2.388839E+01,6.661196E+01
02:56:00,8.014349E+03,7.162813E+02,5.580228E-01,6.325666E-02,0.000000E+00,0.000000E+00,0.000000E+00,0.000000E+00,0.000000E+00,0.000000E+00,0.000000E+00,0.000000E+00,2.110805E+01,7.995060E+01,2.388840E+01,6.662752E+01
02:57:00,8.014349E+03,7.151071E+02,5.580228E-01,6.315296E-02,0.000000E+00,0.000000E+00,0.000000E+00,0.000000E+00,0.000000E+00,0.000000E+00,0.000000E+00,0.000000E+00,2.110805E+01,7.995060E+01,2.388840E+01,6.664305E+01
02:58:00,8.014349E+03,7.139380E+02,5.580228E-01,6.304970E-02,0.000000E+00,0.000000E+00,0.000000E+00,0.000000E+00,0.000000E+00,0.000000E+00,0.000000E+00,0.000000E+00,2.110805E+01,7.995060E+01,2.388840E+01,6.665857E+01
02:59:00,8.014349E+03,7.127739E+02,5.580228E-01,6.294690E-02,0.000000E+00,0.000000E+00,0.000000E+00,0.000000E+00,0.000000E+00,0.000000E+00,0.000000E+00,0.000000E+00,2.110805E+01,7.995060E+01,2.388840E+01,6.667405E+01
03:00:00,8.014349E+03,7.116149E+02,5.580228E-01,6.284454E-02,0.000000E+00,0.000000E+00,0.000000E+00,0.000000E+00,0.000000E+00,0.000000E+00,0.000000E+00,0.000000E+00,2.110805E+01,7.995060E+01,2.388840E+01,6.668951E+01
03:01:00,8.014349E+03,7.104580E+02,5.580228E-01,6.274237E-02,0.000000E+00,0.000000E+00,0.000000E+00,0.000000E+00,0.000000E+00,0.000000E+00,0.000000E+00,0.000000E+00,2.110805E+01,7.995060E+01,2.388840E+01,6.670495E+01
03:02:00,8.014349E+03,7.093034E+02,5.580228E-01,6.264040E-02,0.000000E+00,0.000000E+00,0.000000E+00,0.000000E+00,0.000000E+00,0.000000E+00,0.000000E+00,0.000000E+00,2.110805E+01,7.995060E+01,2.388840E+01,6.672036E+01
03:03:00,8.014349E+03,7.081511E+02,5.580228E-01,6.253863E-02,0.000000E+00,0.000000E+00,0.000000E+00,0.000000E+00,0.000000E+00,0.000000E+00,0.000000E+00,0.000000E+00,2.110805E+01,7.995060E+01,2.388840E+01,6.673575E+01
03:04:00,8.014349E+03,7.070009E+02,5.580228E-01,6.243706E-02,0.000000E+00,0.000000E+00,0.000000E+00,0.000000E+00,0.000000E+00,0.000000E+00,0.000000E+00,0.000000E+00,2.110805E+01,7.995060E+01,2.388840E+01,6.675111E+01
03:05:00,8.014349E+03,7.058530E+02,5.580228E-01,6.233568E-02,0.000000E+00,0.000000E+00,0.000000E+00,0.000000E+00,0.000000E+00,0.000000E+00,0.000000E+00,0.000000E+00,2.110805E+01,7.995060E+01,2.388840E+01,6.676645E+01
03:06:00,8.014349E+03,7.047074E+02,5.580228E-01,6.223450E-02,0.000000E+00,0.000000E+00,0.000000E+00,0.000000E+00,0.000000E+00,0.000000E+00,0.000000E+00,0.000000E+00,2.110805E+01,7.995060E+01,2.388840E+01,6.678177E+01
03:07:00,8.014349E+03,7.035640E+02,5.580228E-01,6.213352E-02,0.000000E+00,0.000000E+00,0.000000E+00,0.000000E+00,0.000000E+00,0.000000E+00,0.000000E+00,0.000000E+00,2.110805E+01,7.995060E+01,2.388840E+01,6.679706E+01
03:08:00,8.014349E+03,7.024228E+02,5.580228E-01,6.203274E-02,0.000000E+00,0.000000E+00,0.000000E+00,0.000000E+00,0.000000E+00,0.000000E+00,0.000000E+00,0.000000E+00,2.110805E+01,7.995060E+01,2.388840E+01,6.681234E+01
03:09:00,8.014349E+03,7.012839E+02,5.580228E-01,6.193215E-02,0.000000E+00,0.000000E+00,0.000000E+00,0.000000E+00,0.000000E+00,0.000000E+00,0.000000E+00,0.000000E+00,2.110805E+01,7.995060E+01,2.388840E+01,6.682759E+01
03:10:00,8.014349E+03,7.001472E+02,5.580228E-01,6.183177E-02,0.000000E+00,0.000000E+00,0.000000E+00,0.000000E+00,0.000000E+00,0.000000E+00,0.000000E+00,0.000000E+00,2.110805E+01,7.995060E+01,2.388840E+01,6.684281E+01
03:11:00,8.014349E+03,6.990128E+02,5.580228E-01,6.173158E-02,0.000000E+00,0.000000E+00,0.000000E+00,0.000000E+00,0.000000E+00,0.000000E+00,0.000000E+00,0.000000E+00,2.110805E+01,7.995060E+01,2.388840E+01,6.685802E+01
03:12:00,8.014349E+03,6.978806E+02,5.580228E-01,6.163160E-02,0.000000E+00,0.000000E+00,0.000000E+00,0.000000E+00,0.000000E+00,0.000000E+00,0.000000E+00,0.000000E+00,2.110805E+01,7.995060E+01,2.388840E+01,6.687320E+01
03:13:00,8.014349E+03,6.967507E+02,5.580228E-01,6.153181E-02,0.000000E+00,0.000000E+00,0.000000E+00,0.000000E+00,0.000000E+00,0.000000E+00,0.000000E+00,0.000000E+00,2.110805E+01,7.995060E+01,2.388840E+01,6.688836E+01
03:14:00,8.014349E+03,6.956231E+02,5.580228E-01,6.143223E-02,0.000000E+00,0.000000E+00,0.000000E+00,0.000000E+00,0.000000E+00,0.000000E+00,0.000000E+00,0.000000E+00,2.110805E+01,7.995060E+01,2.388840E+01,6.690350E+01
03:15:00,8.014349E+03,6.944978E+02,5.580228E-01,6.133285E-02,0.000000E+00,0.000000E+00,0.000000E+00,0.000000E+00,0.000000E+00,0.000000E+00,0.000000E+00,0.000000E+00,2.110805E+01,7.995060E+01,2.388840E+01,6.691862E+01
03:16:00,8.014349E+03,6.933748E+02,5.580228E-01,6.123367E-02,0.000000E+00,0.000000E+00,0.000000E+00,0.000000E+00,0.000000E+00,0.000000E+00,0.000000E+00,0.000000E+00,2.110805E+01,7.995060E+01,2.388840E+01,6.693371E+01
03:17:00,8.014349E+03,6.922541E+02,5.580228E-01,6.113470E-02,0.000000E+00,0.000000E+00,0.000000E+00,0.000000E+00,0.000000E+00,0.000000E+00,0.000000E+00,0.000000E+00,2.110805E+01,7.995060E+01,2.388840E+01,6.694878E+01
03:18:00,8.014349E+03,6.911357E+02,5.580228E-01,6.103592E-02,0.000000E+00,0.000000E+00,0.000000E+00,0.000000E+00,0.000000E+00,0.000000E+00,0.000000E+00,0.000000E+00,2.110805E+01,7.995060E+01,2.388841E+01,6.696384E+01
03:19:00,8.014349E+03,6.900196E+02,5.580228E-01,6.093735E-02,0.000000E+00,0.000000E+00,0.000000E+00,0.000000E+00,0.000000E+00,0.000000E+00,0.000000E+00,0.000000E+00,2.110805E+01,7.995060E+01,2.388841E+01,6.697886E+01
03:20:00,8.014349E+03,6.889057E+02,5.580228E-01,6.083898E-02,0.000000E+00,0.000000E+00,0.000000E+00,0.000000E+00,0.000000E+00,0.000000E+00,0.000000E+00,0.000000E+00,2.110805E+01,7.995060E+01,2.388841E+01,6.699387E+01
03:21:00,8.014349E+03,6.877941E+02,5.580228E-01,6.074081E-02,0.000000E+00,0.000000E+00,0.000000E+00,0.000000E+00,0.000000E+00,0.000000E+00,0.000000E+00,0.000000E+00,2.110805E+01,7.995060E+01,2.388841E+01,6.700886E+01
03:22:00,8.014349E+03,6.866848E+02,5.580228E-01,6.064284E-02,0.000000E+00,0.000000E+00,0.000000E+00,0.000000E+00,0.000000E+00,0.000000E+00,0.000000E+00,0.000000E+00,2.110805E+01,7.995060E+01,2.388841E+01,6.702383E+01
03:23:00,8.014349E+03,6.855778E+02,5.580228E-01,6.054508E-02,0.000000E+00,0.000000E+00,0.000000E+00,0.000000E+00,0.000000E+00,0.000000E+00,0.000000E+00,0.000000E+00,2.110805E+01,7.995060E+01,2.388841E+01,6.703877E+01
03:24:00,8.014349E+03,6.844731E+02,5.580228E-01,6.044751E-02,0.000000E+00,0.000000E+00,0.000000E+00,0.000000E+00,0.000000E+00,0.000000E+00,0.000000E+00,0.000000E+00,2.110805E+01,7.995060E+01,2.388841E+01,6.705370E+01
03:25:00,8.014349E+03,6.833706E+02,5.580228E-01,6.035015E-02,0.000000E+00,0.000000E+00,0.000000E+00,0.000000E+00,0.000000E+00,0.000000E+00,0.000000E+00,0.000000E+00,2.110805E+01,7.995060E+01,2.388841E+01,6.706860E+01
03:26:00,8.014349E+03,6.822705E+02,5.580228E-01,6.025299E-02,0.000000E+00,0.000000E+00,0.000000E+00,0.000000E+00,0.000000E+00,0.000000E+00,0.000000E+00,0.000000E+00,2.110805E+01,7.995060E+01,2.388841E+01,6.708349E+01
03:27:00,8.014349E+03,6.811726E+02,5.580228E-01,6.015603E-02,0.000000E+00,0.000000E+00,0.000000E+00,0.000000E+00,0.000000E+00,0.000000E+00,0.000000E+00,0.000000E+00,2.110805E+01,7.995060E+01,2.388841E+01,6.709836E+01
03:28:00,8.014349E+03,6.800771E+02,5.580228E-01,6.005928E-02,0.000000E+00,0.000000E+00,0.000000E+00,0.000000E+00,0.000000E+00,0.000000E+00,0.000000E+00,0.000000E+00,2.110805E+01,7.995060E+01,2.388841E+01,6.711320E+01
03:29:00,8.014349E+03,6.789839E+02,5.580228E-01,5.996274E-02,0.000000E+00,0.000000E+00,0.000000E+00,0.000000E+00,0.000000E+00,0.000000E+00,0.000000E+00,0.000000E+00,2.110805E+01,7.995060E+01,2.388841E+01,6.712803E+01
03:30:00,8.014349E+03,6.778932E+02,5.580228E-01,5.986641E-02,0.000000E+00,0.000000E+00,0.000000E+00,0.000000E+00,0.000000E+00,0.000000E+00,0.000000E+00,0.000000E+00,2.110805E+01,7.995060E+01,2.388841E+01,6.714284E+01
03:31:00,8.014349E+03,6.768049E+02,5.580228E-01,5.977030E-02,0.000000E+00,0.000000E+00,0.000000E+00,0.000000E+00,0.000000E+00,0.000000E+00,0.000000E+00,0.000000E+00,2.110805E+01,7.995060E+01,2.388841E+01,6.715762E+01
03:32:00,8.014349E+03,6.757189E+02,5.580228E-01,5.967439E-02,0.000000E+00,0.000000E+00,0.000000E+00,0.000000E+00,0.000000E+00,0.000000E+00,0.000000E+00,0.000000E+00,2.110805E+01,7.995060E+01,2.388841E+01,6.717238E+01
03:33:00,8.014349E+03,6.746352E+02,5.580228E-01,5.957868E-02,0.000000E+00,0.000000E+00,0.000000E+00,0.000000E+00,0.000000E+00,0.000000E+00,0.000000E+00,0.000000E+00,2.110805E+01,7.995060E+01,2.388841E+01,6.718712E+01
03:34:00,8.014349E+03,6.735538E+02,5.580228E-01,5.948318E-02,0.000000E+00,0.000000E+00,0.000000E+00,0.000000E+00,0.000000E+00,0.000000E+00,0.000000E+00,0.000000E+00,2.110805E+01,7.995060E+01,2.388841E+01,6.720184E+01
03:35:00,8.014349E+03,6.724746E+02,5.580228E-01,5.938787E-02,0.000000E+00,0.000000E+00,0.000000E+00,0.000000E+00,0.000000E+00,0.000000E+00,0.000000E+00,0.000000E+00,2.110805E+01,7.995060E+01,2.388841E+01,6.721655E+01
03:36:00,8.014349E+03,6.713977E+02,5.580228E-01,5.929277E-02,0.000000E+00,0.000000E+00,0.000000E+00,0.000000E+00,0.000000E+00,0.000000E+00,0.000000E+00,0.000000E+00,2.110805E+01,7.995060E+01,2.388841E+01,6.723123E+01
03:37:00,8.014349E+03,6.703230E+02,5.580228E-01,5.919786E-02,0.000000E+00,0.000000E+00,0.000000E+00,0.000000E+00,0.000000E+00,0.000000E+00,0.000000E+00,0.000000E+00,2.110805E+01,7.995060E+01,2.388841E+01,6.724590E+01
03:38:00,8.014349E+03,6.692506E+02,5.580228E-01,5.910314E-02,0.000000E+00,0.000000E+00,0.000000E+00,0.000000E+00,0.000000E+00,0.000000E+00,0.000000E+00,0.000000E+00,2.110805E+01,7.995060E+01,2.388841E+01,6.726054E+01
03:39:00,8.014349E+03,6.681803E+02,5.580228E-01,5.900862E-02,0.000000E+00,0.000000E+00,0.000000E+00,0.000000E+00,0.000000E+00,0.000000E+00,0.000000E+00,0.000000E+00,2.110805E+01,7.995060E+01,2.388842E+01,6.727518E+01
03:40:00,8.014349E+03,6.671123E+02,5.580228E-01,5.891430E-02,0.000000E+00,0.000000E+00,0.000000E+00,0.000000E+00,0.000000E+00,0.000000E+00,0.000000E+00,0.000000E+00,2.110805E+01,7.995060E+01,2.388842E+01,6.728979E+01
03:41:00,8.014349E+03,6.660464E+02,5.580228E-01,5.882017E-02,0.000000E+00,0.000000E+00,0.000000E+00,0.000000E+00,0.000000E+00,0.000000E+00,0.000000E+00,0.000000E+00,2.110805E+01,7.995060E+01,2.388842E+01,6.730439E+01
03:42:00,8.014349E+03,6.649827E+02,5.580228E-01,5.872622E-02,0.000000E+00,0.000000E+00,0.000000E+00,0.000000E+00,0.000000E+00,0.000000E+00,0.000000E+00,0.000000E+00,2.110805E+01,7.995060E+01,2.388842E+01,6.731897E+01
03:43:00,8.014349E+03,6.639212E+02,5.580228E-01,5.863248E-02,0.000000E+00,0.000000E+00,0.000000E+00,0.000000E+00,0.000000E+00,0.000000E+00,0.000000E+00,0.000000E+00,2.110805E+01,7.995060E+01,2.388842E+01,6.733354E+01
03:44:00,8.014349E+03,6.628618E+02,5.580228E-01,5.853892E-02,0.000000E+00,0.000000E+00,0.000000E+00,0.000000E+00,0.000000E+00,0.000000E+00,0.000000E+00,0.000000E+00,2.110805E+01,7.995060E+01,2.388842E+01,6.734809E+01
03:45:00,8.014349E+03,6.618045E+02,5.580228E-01,5.844555E-02,0.000000E+00,0.000000E+00,0.000000E+00,0.000000E+00,0.000000E+00,0.000000E+00,0.000000E+00,0.000000E+00,2.110805E+01,7.995060E+01,2.388842E+01,6.736262E+01
03:46:00,8.014349E+03,6.607495E+02,5.580228E-01,5.835237E-02,0.000000E+00,0.000000E+00,0.000000E+00,0.000000E+00,0.000000E+00,0.000000E+00,0.000000E+00,0.000000E+00,2.110805E+01,7.995060E+01,2.388842E+01,6.737714E+01
03:47:00,8.014349E+03,6.596965E+02,5.580228E-01,5.825938E-02,0.000000E+00,0.000000E+00,0.000000E+00,0.000000E+00,0.000000E+00,0.000000E+00,0.000000E+00,0.000000E+00,2.110805E+01,7.995060E+01,2.388842E+01,6.739165E+01
03:48:00,8.014349E+03,6.586457E+02,5.580228E-01,5.816658E-02,0.000000E+00,0.000000E+00,0.000000E+00,0.000000E+00,0.000000E+00,0.000000E+00,0.000000E+00,0.000000E+00,2.110805E+01,7.995060E+01,2.388842E+01,6.740613E+01
03:49:00,8.014349E+03,6.575970E+02,5.580228E-01,5.807396E-02,0.000000E+00,0.000000E+00,0.000000E+00,0.000000E+00,0.000000E+00,0.000000E+00,0.000000E+00,0.000000E+00,2.110805E+01,7.995060E+01,2.388842E+01,6.742061E+01
03:50:00,8.014349E+03,6.565505E+02,5.580228E-01,5.798154E-02,0.000000E+00,0.000000E+00,0.000000E+00,0.000000E+00,0.000000E+00,0.000000E+00,0.000000E+00,0.000000E+00,2.110805E+01,7.995060E+01,2.388842E+01,6.743507E+01
03:51:00,8.014349E+03,6.555060E+02,5.580228E-01,5.788930E-02,0.000000E+00,0.000000E+00,0.000000E+00,0.000000E+00,0.000000E+00,0.000000E+00,0.000000E+00,0.000000E+00,2.110805E+01,7.995060E+01,2.388842E+01,6.744951E+01
03:52:00,8.014349E+03,6.544638E+02,5.580228E-01,5.779725E-02,0.000000E+00,0.000000E+00,0.000000E+00,0.000000E+00,0.000000E+00,0.000000E+00,0.000000E+00,0.000000E+00,2.110805E+01,7.995060E+01,2.388842E+01,6.746394E+01
03:53:00,8.014349E+03,6.534236E+02,5.580228E-01,5.770538E-02,0.000000E+00,0.000000E+00,0.000000E+00,0.000000E+00,0.000000E+00,0.000000E+00,0.000000E+00,0.000000E+00,2.110805E+01,7.995060E+01,2.388842E+01,6.747835E+01
03:54:00,8.014349E+03,6.523855E+02,5.580228E-01,5.761371E-02,0.000000E+00,0.000000E+00,0.000000E+00,0.000000E+00,0.000000E+00,0.000000E+00,0.000000E+00,0.000000E+00,2.110805E+01,7.995060E+01,2.388842E+01,6.749275E+01
03:55:00,8.014349E+03,6.513495E+02,5.580228E-01,5.752221E-02,0.000000E+00,0.000000E+00,0.000000E+00,0.000000E+00,0.000000E+00,0.000000E+00,0.000000E+00,0.000000E+00,2.110805E+01,7.995060E+01,2.388842E+01,6.750714E+01
03:56:00,8.014349E+03,6.503156E+02,5.580228E-01,5.743091E-02,0.000000E+00,0.000000E+00,0.000000E+00,0.000000E+00,0.000000E+00,0.000000E+00,0.000000E+00,0.000000E+00,2.110805E+01,7.995060E+01,2.388842E+01,6.752150E+01
03:57:00,8.014349E+03,6.492838E+02,5.580228E-01,5.733978E-02,0.000000E+00,0.000000E+00,0.000000E+00,0.000000E+00,0.000000E+00,0.000000E+00,0.000000E+00,0.000000E+00,2.110805E+01,7.995060E+01,2.388842E+01,6.753586E+01
03:58:00,8.014349E+03,6.482541E+02,5.580228E-01,5.724884E-02,0.000000E+00,0.000000E+00,0.000000E+00,0.000000E+00,0.000000E+00,0.000000E+00,0.000000E+00,0.000000E+00,2.110805E+01,7.995060E+01,2.388842E+01,6.755020E+01
03:59:00,8.014349E+03,6.472265E+02,5.580228E-01,5.715809E-02,0.000000E+00,0.000000E+00,0.000000E+00,0.000000E+00,0.000000E+00,0.000000E+00,0.000000E+00,0.000000E+00,2.110805E+01,7.995060E+01,2.388842E+01,6.756452E+01
04:00:00,8.014349E+03,6.462009E+02,5.580228E-01,5.706751E-02,0.000000E+00,0.000000E+00,0.000000E+00,0.000000E+00,0.000000E+00,0.000000E+00,0.000000E+00,0.000000E+00,2.110805E+01,7.995060E+01,2.388843E+01,6.757883E+01
04:01:00,8.014349E+03,6.451803E+02,5.580228E-01,5.697738E-02,0.000000E+00,0.000000E+00,0.000000E+00,0.000000E+00,0.000000E+00,0.000000E+00,0.000000E+00,0.000000E+00,2.110805E+01,7.995060E+01,2.388843E+01,6.759313E+01
04:02:00,8.014349E+03,6.441645E+02,5.580228E-01,5.688767E-02,0.000000E+00,0.000000E+00,0.000000E+00,0.000000E+00,0.000000E+00,0.000000E+00,0.000000E+00,0.000000E+00,2.110805E+01,7.995060E+01,2.388843E+01,6.760738E+01
04:03:00,8.014349E+03,6.431537E+02,5.580228E-01,5.679840E-02,0.000000E+00,0.000000E+00,0.000000E+00,0.000000E+00,0.000000E+00,0.000000E+00,0.000000E+00,0.000000E+00,2.110805E+01,7.995060E+01,2.388843E+01,6.762156E+01
04:04:00,8.014349E+03,6.421478E+02,5.580228E-01,5.670957E-02,0.000000E+00,0.000000E+00,0.000000E+00,0.000000E+00,0.000000E+00,0.000000E+00,0.000000E+00,0.000000E+00,2.110805E+01,7.995060E+01,2.388843E+01,6.763566E+01
04:05:00,8.014349E+03,6.411467E+02,5.580228E-01,5.662116E-02,0.000000E+00,0.000000E+00,0.000000E+00,0.000000E+00,0.000000E+00,0.000000E+00,0.000000E+00,0.000000E+00,2.110805E+01,7.995060E+01,2.388843E+01,6.764969E+01
04:06:00,8.014349E+03,6.401506E+02,5.580228E-01,5.653319E-02,0.000000E+00,0.000000E+00,0.000000E+00,0.000000E+00,0.000000E+00,0.000000E+00,0.000000E+00,0.000000E+00,2.110805E+01,7.995060E+01,2.388843E+01,6.766365E+01
04:07:00,8.014349E+03,6.391594E+02,5.580228E-01,5.644565E-02,0.000000E+00,0.000000E+00,0.000000E+00,0.000000E+00,0.000000E+00,0.000000E+00,0.000000E+00,0.000000E+00,2.110805E+01,7.995060E+01,2.388843E+01,6.767754E+01
04:08:00,8.014349E+03,6.381730E+02,5.580228E-01,5.635854E-02,0.000000E+00,0.000000E+00,0.000000E+00,0.000000E+00,0.000000E+00,0.000000E+00,0.000000E+00,0.000000E+00,2.110805E+01,7.995060E+01,2.388843E+01,6.769135E+01
04:09:00,8.014349E+03,6.371916E+02,5.580228E-01,5.627186E-02,0.000000E+00,0.000000E+00,0.000000E+00,0.000000E+00,0.000000E+00,0.000000E+00,0.000000E+00,0.000000E+00,2.110805E+01,7.995060E+01,2.388843E+01,6.770511E+01
04:10:00,8.014349E+03,6.362150E+02,5.580228E-01,5.618562E-02,0.000000E+00,0.000000E+00,0.000000E+00,0.000000E+00,0.000000E+00,0.000000E+00,0.000000E+00,0.000000E+00,2.110805E+01,7.995060E+01,2.388843E+01,6.771879E+01
04:11:00,8.014349E+03,6.352434E+02,5.580228E-01,5.609981E-02,0.000000E+00,0.000000E+00,0.000000E+00,0.000000E+00,0.000000E+00,0.000000E+00,0.000000E+00,0.000000E+00,2.110805E+01,7.995060E+01,2.388843E+01,6.773241E+01
04:12:00,8.014349E+03,6.342767E+02,5.580228E-01,5.601443E-02,0.000000E+00,0.000000E+00,0.000000E+00,0.000000E+00,0.000000E+00,0.000000E+00,0.000000E+00,0.000000E+00,2.110805E+01,7.995060E+01,2.388843E+01,6.774596E+01
04:13:00,8.014349E+03,6.333148E+02,5.580228E-01,5.592949E-02,0.000000E+00,0.000000E+00,0.000000E+00,0.000000E+00,0.000000E+00,0.000000E+00,0.000000E+00,0.000000E+00,2.110805E+01,7.995060E+01,2.388843E+01,6.775946E+01
04:14:00,8.014349E+03,6.323584E+02,5.580228E-01,5.584502E-02,0.000000E+00,0.000000E+00,0.000000E+00,0.000000E+00,0.000000E+00,0.000000E+00,0.000000E+00,0.000000E+00,2.110805E+01,7.995060E+01,2.388843E+01,6.777288E+01
04:15:00,8.014349E+03,6.314065E+02,5.580228E-01,5.576096E-02,0.000000E+00,0.000000E+00,0.000000E+00,0.000000E+00,0.000000E+00,0.000000E+00,0.000000E+00,0.000000E+00,2.110805E+01,7.995060E+01,2.388843E+01,6.778624E+01
04:16:00,8.014349E+03,6.304598E+02,5.580228E-01,5.567735E-02,0.000000E+00,0.000000E+00,0.000000E+00,0.000000E+00,0.000000E+00,0.000000E+00,0.000000E+00,0.000000E+00,2.110805E+01,7.995060E+01,2.388843E+01,6.779954E+01
04:17:00,8.014349E+03,6.295178E+02,5.580228E-01,5.559416E-02,0.000000E+00,0.000000E+00,0.000000E+00,0.000000E+00,0.000000E+00,0.000000E+00,0.000000E+00,0.000000E+00,2.110805E+01,7.995060E+01,2.388843E+01,6.781278E+01
04:18:00,8.014349E+03,6.285810E+02,5.580228E-01,5.551142E-02,0.000000E+00,0.000000E+00,0.000000E+00,0.000000E+00,0.000000E+00,0.000000E+00,0.000000E+00,0.000000E+00,2.110805E+01,7.995060E+01,2.388843E+01,6.782596E+01
04:19:00,8.014349E+03,6.276490E+02,5.580228E-01,5.542911E-02,0.000000E+00,0.000000E+00,0.000000E+00,0.000000E+00,0.000000E+00,0.000000E+00,0.000000E+00,0.000000E+00,2.110805E+01,7.995060E+01,2.388843E+01,6.783908E+01
04:20:00,8.014349E+03,6.267221E+02,5.580228E-01,5.534726E-02,0.000000E+00,0.000000E+00,0.000000E+00,0.000000E+00,0.000000E+00,0.000000E+00,0.000000E+00,0.000000E+00,2.110805E+01,7.995060E+01,2.388843E+01,6.785214E+01
04:21:00,8.014349E+03,6.258001E+02,5.580228E-01,5.526583E-02,0.000000E+00,0.000000E+00,0.000000E+00,0.000000E+00,0.000000E+00,0.000000E+00,0.000000E+00,0.000000E+00,2.110805E+01,7.995060E+01,2.388843E+01,6.786514E+01
04:22:00,8.014349E+03,6.248834E+02,5.580228E-01,5.518487E-02,0.000000E+00,0.000000E+00,0.000000E+00,0.000000E+00,0.000000E+00,0.000000E+00,0.000000E+00,0.000000E+00,2.110805E+01,7.995060E+01,2.388843E+01,6.787809E+01
04:23:00,8.014349E+03,6.239715E+02,5.580228E-01,5.510433E-02,0.000000E+00,0.000000E+00,0.000000E+00,0.000000E+00,0.000000E+00,0.000000E+00,0.000000E+00,0.000000E+00,2.110805E+01,7.995060E+01,2.388843E+01,6.789098E+01
04:24:00,8.014349E+03,6.230650E+02,5.580228E-01,5.502427E-02,0.000000E+00,0.000000E+00,0.000000E+00,0.000000E+00,0.000000E+00,0.000000E+00,0.000000E+00,0.000000E+00,2.110805E+01,7.995060E+01,2.388843E+01,6.790381E+01
04:25:00,8.014349E+03,6.221634E+02,5.580228E-01,5.494465E-02,0.000000E+00,0.000000E+00,0.000000E+00,0.000000E+00,0.000000E+00,0.000000E+00,0.000000E+00,0.000000E+00,2.110805E+01,7.995060E+01,2.388843E+01,6.791659E+01
04:26:00,8.014349E+03,6.212672E+02,5.580228E-01,5.486551E-02,0.000000E+00,0.000000E+00,0.000000E+00,0.000000E+00,0.000000E+00,0.000000E+00,0.000000E+00,0.000000E+00,2.110805E+01,7.995060E+01,2.388843E+01,6.792931E+01
04:27:00,8.014349E+03,6.203762E+02,5.580228E-01,5.478682E-02,0.000000E+00,0.000000E+00,0.000000E+00,0.000000E+00,0.000000E+00,0.000000E+00,0.000000E+00,0.000000E+00,2.110805E+01,7.995060E+01,2.388843E+01,6.794196E+01
04:28:00,8.014349E+03,6.194907E+02,5.580228E-01,5.470862E-02,0.000000E+00,0.000000E+00,0.000000E+00,0.000000E+00,0.000000E+00,0.000000E+00,0.000000E+00,0.000000E+00,2.110805E+01,7.995060E+01,2.388843E+01,6.795457E+01
04:29:00,8.014349E+03,6.186100E+02,5.580228E-01,5.463084E-02,0.000000E+00,0.000000E+00,0.000000E+00,0.000000E+00,0.000000E+00,0.000000E+00,0.000000E+00,0.000000E+00,2.110805E+01,7.995060E+01,2.388843E+01,6.796711E+01
04:30:00,8.014349E+03,6.177341E+02,5.580228E-01,5.455348E-02,0.000000E+00,0.000000E+00,0.000000E+00,0.000000E+00,0.000000E+00,0.000000E+00,0.000000E+00,0.000000E+00,2.110805E+01,7.995060E+01,2.388843E+01,6.797960E+01
04:31:00,8.014349E+03,6.168622E+02,5.580228E-01,5.447648E-02,0.000000E+00,0.000000E+00,0.000000E+00,0.000000E+00,0.000000E+00,0.000000E+00,0.000000E+00,0.000000E+00,2.110805E+01,7.995060E+01,2.388844E+01,6.799205E+01
04:32:00,8.014349E+03,6.159950E+02,5.580228E-01,5.439989E-02,0.000000E+00,0.000000E+00,0.000000E+00,0.000000E+00,0.000000E+00,0.000000E+00,0.000000E+00,0.000000E+00,2.110805E+01,7.995060E+01,2.388844E+01,6.800445E+01
04:33:00,8.014349E+03,6.151317E+02,5.580228E-01,5.432365E-02,0.000000E+00,0.000000E+00,0.000000E+00,0.000000E+00,0.000000E+00,0.000000E+00,0.000000E+00,0.000000E+00,2.110805E+01,7.995060E+01,2.388844E+01,6.801681E+01
04:34:00,8.014349E+03,6.142728E+02,5.580228E-01,5.424780E-02,0.000000E+00,0.000000E+00,0.000000E+00,0.000000E+00,0.000000E+00,0.000000E+00,0.000000E+00,0.000000E+00,2.110805E+01,7.995060E+01,2.388844E+01,6.802915E+01
04:35:00,8.014349E+03,6.134178E+02,5.580228E-01,5.417229E-02,0.000000E+00,0.000000E+00,0.000000E+00,0.000000E+00,0.000000E+00,0.000000E+00,0.000000E+00,0.000000E+00,2.110805E+01,7.995060E+01,2.388844E+01,6.804145E+01
04:36:00,8.014349E+03,6.125671E+02,5.580228E-01,5.409716E-02,0.000000E+00,0.000000E+00,0.000000E+00,0.000000E+00,0.000000E+00,0.000000E+00,0.000000E+00,0.000000E+00,2.110805E+01,7.995060E+01,2.388844E+01,6.805372E+01
04:37:00,8.014349E+03,6.117202E+02,5.580228E-01,5.402237E-02,0.000000E+00,0.000000E+00,0.000000E+00,0.000000E+00,0.000000E+00,0.000000E+00,0.000000E+00,0.000000E+00,2.110805E+01,7.995060E+01,2.388844E+01,6.806597E+01
04:38:00,8.014349E+03,6.108774E+02,5.580228E-01,5.394794E-02,0.000000E+00,0.000000E+00,0.000000E+00,0.000000E+00,0.000000E+00,0.000000E+00,0.000000E+00,0.000000E+00,2.110805E+01,7.995060E+01,2.388844E+01,6.807820E+01
04:39:00,8.014349E+03,6.100733E+02,5.580228E-01,5.387693E-02,0.000000E+00,0.000000E+00,0.000000E+00,0.000000E+00,0.000000E+00,0.000000E+00,0.000000E+00,0.000000E+00,2.110805E+01,7.995060E+01,2.388844E+01,6.809040E+01
04:40:00,8.014349E+03,6.092801E+02,5.580228E-01,5.380687E-02,0.000000E+00,0.000000E+00,0.000000E+00,0.000000E+00,0.000000E+00,0.000000E+00,0.000000E+00,0.000000E+00,2.110805E+01,7.995060E+01,2.388844E+01,6.810217E+01
04:41:00,8.014349E+03,6.084967E+02,5.580228E-01,5.373769E-02,0.000000E+00,0.000000E+00,0.000000E+00,0.000000E+00,0.000000E+00,0.000000E+00,0.000000E+00,0.000000E+00,2.110805E+01,7.995060E+01,2.388844E+01,6.811357E+01
04:42:00,8.014349E+03,6.077230E+02,5.580228E-01,5.366936E-02,0.000000E+00,0.000000E+00,0.000000E+00,0.000000E+00,0.000000E+00,0.000000E+00,0.000000E+00,0.000000E+00,2.110805E+01,7.995060E+01,2.388844E+01,6.812476E+01
04:43:00,8.014349E+03,6.069594E+02,5.580228E-01,5.360192E-02,0.000000E+00,0.000000E+00,0.000000E+00,0.000000E+00,0.000000E+00,0.000000E+00,0.000000E+00,0.000000E+00,2.110805E+01,7.995060E+01,2.388844E+01,6.813580E+01
04:44:00,8.014349E+03,6.062061E+02,5.580228E-01,5.353540E-02,0.000000E+00,0.000000E+00,0.000000E+00,0.000000E+00,0.000000E+00,0.000000E+00,0.000000E+00,0.000000E+00,2.110805E+01,7.995060E+01,2.388844E+01,6.814672E+01
04:45:00,8.014349E+03,6.054635E+02,5.580228E-01,5.346981E-02,0.000000E+00,0.000000E+00,0.000000E+00,0.000000E+00,0.000000E+00,0.000000E+00,0.000000E+00,0.000000E+00,2.110805E+01,7.995060E+01,2.388844E+01,6.815752E+01
04:46:00,8.014349E+03,6.047394E+02,5.580228E-01,5.340586E-02,0.000000E+00,0.000000E+00,0.000000E+00,0.000000E+00,0.000000E+00,0.000000E+00,0.000000E+00,0.000000E+00,2.110805E+01,7.995060E+01,2.388844E+01,6.816819E+01
04:47:00,8.014349E+03,6.040273E+02,5.580228E-01,5.334297E-02,0.000000E+00,0.000000E+00,0.000000E+00,0.000000E+00,0.000000E+00,0.000000E+00,0.000000E+00,0.000000E+00,2.110805E+01,7.995060E+01,2.388844E+01,6.817863E+01
04:48:00,8.014349E+03,6.033274E+02,5.580228E-01,5.328116E-02,0.000000E+00,0.000000E+00,0.000000E+00,0.000000E+00,0.000000E+00,0.000000E+00,0.000000E+00,0.000000E+00,2.110805E+01,7.995060E+01,2.388844E+01,6.818887E+01
04:49:00,8.014349E+03,6.026406E+02,5.580228E-01,5.322051E-02,0.000000E+00,0.000000E+00,0.000000E+00,0.000000E+00,0.000000E+00,0.000000E+00,0.000000E+00,0.000000E+00,2.110805E+01,7.995060E+01,2.388844E+01,6.819893E+01
04:50:00,8.014349E+03,6.019673E+02,5.580228E-01,5.316105E-02,0.000000E+00,0.000000E+00,0.000000E+00,0.000000E+00,0.000000E+00,0.000000E+00,0.000000E+00,0.000000E+00,2.110805E+01,7.995060E+01,2.388844E+01,6.820882E+01
04:51:00,8.014349E+03,6.013080E+02,5.580228E-01,5.310282E-02,0.000000E+00,0.000000E+00,0.000000E+00,0.000000E+00,0.000000E+00,0.000000E+00,0.000000E+00,0.000000E+00,2.110805E+01,7.995060E+01,2.388844E+01,6.821854E+01
04:52:00,8.014349E+03,6.006631E+02,5.580228E-01,5.304586E-02,0.000000E+00,0.000000E+00,0.000000E+00,0.000000E+00,0.000000E+00,0.000000E+00,0.000000E+00,0.000000E+00,2.110805E+01,7.995060E+01,2.388844E+01,6.822808E+01
04:53:00,8.014349E+03,6.000329E+02,5.580228E-01,5.299021E-02,0.000000E+00,0.000000E+00,0.000000E+00,0.000000E+00,0.000000E+00,0.000000E+00,0.000000E+00,0.000000E+00,2.110805E+01,7.995060E+01,2.388844E+01,6.823743E+01
04:54:00,8.014349E+03,5.994178E+02,5.580228E-01,5.293589E-02,0.000000E+00,0.000000E+00,0.000000E+00,0.000000E+00,0.000000E+00,0.000000E+00,0.000000E+00,0.000000E+00,2.110805E+01,7.995060E+01,2.388844E+01,6.824658E+01
04:55:00,8.014349E+03,5.988183E+02,5.580228E-01,5.288294E-02,0.000000E+00,0.000000E+00,0.000000E+00,0.000000E+00,0.000000E+00,0.000000E+00,0.000000E+00,0.000000E+00,2.110805E+01,7.995060E+01,2.388844E+01,6.825555E+01
04:56:00,8.014349E+03,5.982502E+02,5.580228E-01,5.283277E-02,0.000000E+00,0.000000E+00,0.000000E+00,0.000000E+00,0.000000E+00,0.000000E+00,0.000000E+00,0.000000E+00,2.110805E+01,7.995060E+01,2.388844E+01,6.826431E+01
04:57:00,8.014349E+03,5.977002E+02,5.580228E-01,5.278420E-02,0.000000E+00,0.000000E+00,0.000000E+00,0.000000E+00,0.000000E+00,0.000000E+00,0.000000E+00,0.000000E+00,2.110805E+01,7.995060E+01,2.388844E+01,6.827268E+01
04:58:00,8.014349E+03,5.971682E+02,5.580228E-01,5.273722E-02,0.000000E+00,0.000000E+00,0.000000E+00,0.000000E+00,0.000000E+00,0.000000E+00,0.000000E+00,0.000000E+00,2.110805E+01,7.995060E+01,2.388844E+01,6.828070E+01
04:59:00,8.014349E+03,5.966541E+02,5.580228E-01,5.269181E-02,0.000000E+00,0.000000E+00,0.000000E+00,0.000000E+00,0.000000E+00,0.000000E+00,0.000000E+00,0.000000E+00,2.110805E+01,7.995060E+01,2.388844E+01,6.828845E+01
05:00:00,8.014349E+03,5.961580E+02,5.580228E-01,5.264800E-02,0.000000E+00,0.000000E+00,0.000000E+00,0.000000E+00,0.000000E+00,0.000000E+00,0.000000E+00,0.000000E+00,2.110805E+01,7.995060E+01,2.388844E+01,6.829596E+01
05:01:00,8.014349E+03,5.956888E+02,5.580228E-01,5.260657E-02,0.000000E+00,0.000000E+00,0.000000E+00,0.000000E+00,0.000000E+00,0.000000E+00,0.000000E+00,0.000000E+00,2.110805E+01,7.995060E+01,2.388844E+01,6.830325E+01
05:02:00,8.014349E+03,5.952466E+02,5.580228E-01,5.256751E-02,0.000000E+00,0.000000E+00,0.000000E+00,0.000000E+00,0.000000E+00,0.000000E+00,0.000000E+00,0.000000E+00,2.110805E+01,7.995060E+01,2.388844E+01,6.831018E+01
05:03:00,8.014349E+03,5.948314E+02,5.580228E-01,5.253085E-02,0.000000E+00,0.000000E+00,0.000000E+00,0.000000E+00,0.000000E+00,0.000000E+00,0.000000E+00,0.000000E+00,2.110805E+01,7.995060E+01,2.388843E+01,6.831665E+01
05:04:00,8.014349E+03,5.944434E+02,5.580228E-01,5.249658E-02,0.000000E+00,0.000000E+00,0.000000E+00,0.000000E+00,0.000000E+00,0.000000E+00,0.000000E+00,0.000000E+00,2.110805E+01,7.995060E+01,2.388843E+01,6.832266E+01
05:05:00,8.014349E+03,5.940827E+02,5.580228E-01,5.246472E-02,0.000000E+00,0.000000E+00,0.000000E+00,0.000000E+00,0.000000E+00,0.000000E+00,0.000000E+00,0.000000E+00,2.110805E+01,7.995060E+01,2.388843E+01,6.832821E+01
05:06:00,8.014349E+03,5.937493E+02,5.580228E-01,5.243529E-02,0.000000E+00,0.000000E+00,0.000000E+00,0.000000E+00,0.000000E+00,0.000000E+00,0.000000E+00,0.000000E+00,2.110805E+01,7.995060E+01,2.388843E+01,6.833329E+01
05:07:00,8.014349E+03,5.934434E+02,5.580228E-01,5.240827E-02,0.000000E+00,0.000000E+00,0.000000E+00,0.000000E+00,0.000000E+00,0.000000E+00,0.000000E+00,0.000000E+00,2.110805E+01,7.995060E+01,2.388843E+01,6.833793E+01
05:08:00,8.014349E+03,5.931650E+02,5.580228E-01,5.238368E-02,0.000000E+00,0.000000E+00,0.000000E+00,0.000000E+00,0.000000E+00,0.000000E+00,0.000000E+00,0.000000E+00,2.110805E+01,7.995060E+01,2.388843E+01,6.834214E+01
05:09:00,8.014349E+03,5.929127E+02,5.580228E-01,5.236140E-02,0.000000E+00,0.000000E+00,0.000000E+00,0.000000E+00,0.000000E+00,0.000000E+00,0.000000E+00,0.000000E+00,2.110805E+01,7.995060E+01,2.388843E+01,6.834592E+01
05:10:00,8.014349E+03,5.926854E+02,5.580228E-01,5.234132E-02,0.000000E+00,0.000000E+00,0.000000E+00,0.000000E+00,0.000000E+00,0.000000E+00,0.000000E+00,0.000000E+00,2.110805E+01,7.995060E+01,2.388843E+01,6.834930E+01
05:11:00,8.014349E+03,5.924829E+02,5.580228E-01,5.232344E-02,0.000000E+00,0.000000E+00,0.000000E+00,0.000000E+00,0.000000E+00,0.000000E+00,0.000000E+00,0.000000E+00,2.110805E+01,7.995060E+01,2.388843E+01,6.835232E+01
05:12:00,8.014349E+03,5.923053E+02,5.580228E-01,5.230776E-02,0.000000E+00,0.000000E+00,0.000000E+00,0.000000E+00,0.000000E+00,0.000000E+00,0.000000E+00,0.000000E+00,2.110805E+01,7.995060E+01,2.388843E+01,6.835499E+01
05:13:00,8.014349E+03,5.921525E+02,5.580228E-01,5.229427E-02,0.000000E+00,0.000000E+00,0.000000E+00,0.000000E+00,0.000000E+00,0.000000E+00,0.000000E+00,0.000000E+00,2.110805E+01,7.995060E+01,2.388843E+01,6.835732E+01
05:14:00,8.014349E+03,5.920241E+02,5.580228E-01,5.228292E-02,0.000000E+00,0.000000E+00,0.000000E+00,0.000000E+00,0.000000E+00,0.000000E+00,0.000000E+00,0.000000E+00,2.110805E+01,7.995060E+01,2.388843E+01,6.835933E+01
05:15:00,8.014349E+03,5.919206E+02,5.580228E-01,5.227378E-02,0.000000E+00,0.000000E+00,0.000000E+00,0.000000E+00,0.000000E+00,0.000000E+00,0.000000E+00,0.000000E+00,2.110805E+01,7.995060E+01,2.388843E+01,6.836103E+01
05:16:00,8.014349E+03,5.918741E+02,5.580228E-01,5.226968E-02,0.000000E+00,0.000000E+00,0.000000E+00,0.000000E+00,0.000000E+00,0.000000E+00,0.000000E+00,0.000000E+00,2.110805E+01,7.995060E+01,2.388843E+01,6.836241E+01
05:17:00,8.014349E+03,5.918547E+02,5.580228E-01,5.226797E-02,0.000000E+00,0.000000E+00,0.000000E+00,0.000000E+00,0.000000E+00,0.000000E+00,0.000000E+00,0.000000E+00,2.110805E+01,7.995060E+01,2.388842E+01,6.836311E+01
05:18:00,8.014349E+03,5.918607E+02,5.580228E-01,5.226850E-02,0.000000E+00,0.000000E+00,0.000000E+00,0.000000E+00,0.000000E+00,0.000000E+00,0.000000E+00,0.000000E+00,2.110805E+01,7.995060E+01,2.388842E+01,6.836324E+01
05:19:00,8.014349E+03,5.918924E+02,5.580228E-01,5.227130E-02,0.000000E+00,0.000000E+00,0.000000E+00,0.000000E+00,0.000000E+00,0.000000E+00,0.000000E+00,0.000000E+00,2.110805E+01,7.995060E+01,2.388842E+01,6.836297E+01
05:20:00,8.014349E+03,5.919491E+02,5.580228E-01,5.227631E-02,0.000000E+00,0.000000E+00,0.000000E+00,0.000000E+00,0.000000E+00,0.000000E+00,0.000000E+00,0.000000E+00,2.110805E+01,7.995060E+01,2.388842E+01,6.836242E+01
05:21:00,8.014349E+03,5.920311E+02,5.580228E-01,5.228355E-02,0.000000E+00,0.000000E+00,0.000000E+00,0.000000E+00,0.000000E+00,0.000000E+00,0.000000E+00,0.000000E+00,2.110805E+01,7.995060E+01,2.388842E+01,6.836159E+01
05:22:00,8.014349E+03,5.921378E+02,5.580228E-01,5.229297E-02,0.000000E+00,0.000000E+00,0.000000E+00,0.000000E+00,0.000000E+00,0.000000E+00,0.000000E+00,0.000000E+00,2.110805E+01,7.995060E+01,2.388842E+01,6.836052E+01
05:23:00,8.014349E+03,5.922695E+02,5.580228E-01,5.230460E-02,0.000000E+00,0.000000E+00,0.000000E+00,0.000000E+00,0.000000E+00,0.000000E+00,0.000000E+00,0.000000E+00,2.110805E+01,7.995060E+01,2.388842E+01,6.835919E+01
05:24:00,8.014349E+03,5.924255E+02,5.580228E-01,5.231838E-02,0.000000E+00,0.000000E+00,0.000000E+00,0.000000E+00,0.000000E+00,0.000000E+00,0.000000E+00,0.000000E+00,2.110805E+01,7.995060E+01,2.388842E+01,6.835762E+01
05:25:00,8.014349E+03,5.926061E+02,5.580228E-01,5.233433E-02,0.000000E+00,0.000000E+00,0.000000E+00,0.000000E+00,0.000000E+00,0.000000E+00,0.000000E+00,0.000000E+00,2.110805E+01,7.995060E+01,2.388842E+01,6.835581E+01
05:26:00,8.014349E+03,5.928107E+02,5.580228E-01,5.235240E-02,0.000000E+00,0.000000E+00,0.000000E+00,0.000000E+00,0.000000E+00,0.000000E+00,0.000000E+00,0.000000E+00,2.110805E+01,7.995060E+01,2.388842E+01,6.835377E+01
05:27:00,8.014349E+03,5.930393E+02,5.580228E-01,5.237259E-02,0.000000E+00,0.000000E+00,0.000000E+00,0.000000E+00,0.000000E+00,0.000000E+00,0.000000E+00,0.000000E+00,2.110805E+01,7.995060E+01,2.388842E+01,6.835151E+01
05:28:00,8.014349E+03,5.932915E+02,5.580228E-01,5.239486E-02,0.000000E+00,0.000000E+00,0.000000E+00,0.000000E+00,0.000000E+00,0.000000E+00,0.000000E+00,0.000000E+00,2.110805E+01,7.995060E+01,2.388842E+01,6.834903E+01
05:29:00,8.014349E+03,5.935680E+02,5.580228E-01,5.241928E-02,0.000000E+00,0.000000E+00,0.000000E+00,0.000000E+00,0.000000E+00,0.000000E+00,0.000000E+00,0.000000E+00,2.110805E+01,7.995060E+01,2.388842E+01,6.834636E+01
05:30:00,8.014349E+03,5.938686E+02,5.580228E-01,5.244583E-02,0.000000E+00,0.000000E+00,0.000000E+00,0.000000E+00,0.000000E+00,0.000000E+00,0.000000E+00,0.000000E+00,2.110805E+01,7.995060E+01,2.388842E+01,6.834348E+01
05:31:00,8.014349E+03,5.941937E+02,5.580228E-01,5.247454E-02,0.000000E+00,0.000000E+00,0.000000E+00,0.000000E+00,0.000000E+00,0.000000E+00,0.000000E+00,0.000000E+00,2.110805E+01,7.995060E+01,2.388842E+01,6.834041E+01
05:32:00,8.014349E+03,5.945429E+02,5.580228E-01,5.250538E-02,0.000000E+00,0.000000E+00,0.000000E+00,0.000000E+00,0.000000E+00,0.000000E+00,0.000000E+00,0.000000E+00,2.110805E+01,7.995060E+01,2.388842E+01,6.833716E+01
05:33:00,8.014349E+03,5.949167E+02,5.580228E-01,5.253839E-02,0.000000E+00,0.000000E+00,0.000000E+00,0.000000E+00,0.000000E+00,0.000000E+00,0.000000E+00,0.000000E+00,2.110805E+01,7.995060E+01,2.388841E+01,6.833372E+01
05:34:00,8.014349E+03,5.953145E+02,5.580228E-01,5.257353E-02,0.000000E+00,0.000000E+00,0.000000E+00,0.000000E+00,0.000000E+00,0.000000E+00,0.000000E+00,0.000000E+00,2.110805E+01,7.995060E+01,2.388841E+01,6.833012E+01
05:35:00,8.014349E+03,5.957368E+02,5.580228E-01,5.261082E-02,0.000000E+00,0.000000E+00,0.000000E+00,0.000000E+00,0.000000E+00,0.000000E+00,0.000000E+00,0.000000E+00,2.110805E+01,7.995060E+01,2.388841E+01,6.832635E+01
05:36:00,8.014349E+03,5.961830E+02,5.580228E-01,5.265024E-02,0.000000E+00,0.000000E+00,0.000000E+00,0.000000E+00,0.000000E+00,0.000000E+00,0.000000E+00,0.000000E+00,2.110805E+01,7.995060E+01,2.388841E+01,6.832242E+01
05:37:00,8.014349E+03,5.966537E+02,5.580228E-01,5.269180E-02,0.000000E+00,0.000000E+00,0.000000E+00,0.000000E+00,0.000000E+00,0.000000E+00,0.000000E+00,0.000000E+00,2.110805E+01,7.995060E+01,2.388841E+01,6.831833E+01
05:38:00,8.014349E+03,5.971482E+02,5.580228E-01,5.273547E-02,0.000000E+00,0.000000E+00,0.000000E+00,0.000000E+00,0.000000E+00,0.000000E+00,0.000000E+00,0.000000E+00,2.110805E+01,7.995060E+01,2.388841E+01,6.831410E+01
05:39:00,8.014349E+03,5.976319E+02,5.580228E-01,5.277819E-02,0.000000E+00,0.000000E+00,0.000000E+00,0.000000E+00,0.000000E+00,0.000000E+00,0.000000E+00,0.000000E+00,2.110805E+01,7.995060E+01,2.388841E+01,6.830973E+01
05:40:00,8.014349E+03,5.981326E+02,5.580228E-01,5.282241E-02,0.000000E+00,0.000000E+00,0.000000E+00,0.000000E+00,0.000000E+00,0.000000E+00,0.000000E+00,0.000000E+00,2.110805E+01,7.995060E+01,2.388841E+01,6.830521E+01
05:41:00,8.014349E+03,5.986510E+02,5.580228E-01,5.286820E-02,0.000000E+00,0.000000E+00,0.000000E+00,0.000000E+00,0.000000E+00,0.000000E+00,0.000000E+00,0.000000E+00,2.110805E+01,7.995060E+01,2.388841E+01,6.830057E+01
05:42:00,8.014349E+03,5.991874E+02,5.580228E-01,5.291557E-02,0.000000E+00,0.000000E+00,0.000000E+00,0.000000E+00,0.000000E+00,0.000000E+00,0.000000E+00,0.000000E+00,2.110805E+01,7.995060E+01,2.388841E+01,6.829581E+01
05:43:00,8.014349E+03,5.997412E+02,5.580228E-01,5.296448E-02,0.000000E+00,0.000000E+00,0.000000E+00,0.000000E+00,0.000000E+00,0.000000E+00,0.000000E+00,0.000000E+00,2.110805E+01,7.995060E+01,2.388841E+01,6.829092E+01
05:44:00,8.014349E+03,6.003119E+02,5.580228E-01,5.301488E-02,0.000000E+00,0.000000E+00,0.000000E+00,0.000000E+00,0.000000E+00,0.000000E+00,0.000000E+00,0.000000E+00,2.110805E+01,7.995060E+01,2.388841E+01,6.828592E+01
05:45:00,8.014349E+03,6.008993E+02,5.580228E-01,5.306676E-02,0.000000E+00,0.000000E+00,0.000000E+00,0.000000E+00,0.000000E+00,0.000000E+00,0.000000E+00,0.000000E+00,2.110805E+01,7.995060E+01,2.388841E+01,6.828081E+01
05:46:00,8.014349E+03,6.014953E+02,5.580228E-01,5.311939E-02,0.000000E+00,0.000000E+00,0.000000E+00,0.000000E+00,0.000000E+00,0.000000E+00,0.000000E+00,0.000000E+00,2.110805E+01,7.995060E+01,2.388841E+01,6.827559E+01
05:47:00,8.014349E+03,6.021062E+02,5.580228E-01,5.317335E-02,0.000000E+00,0.000000E+00,0.000000E+00,0.000000E+00,0.000000E+00,0.000000E+00,0.000000E+00,0.000000E+00,2.110805E+01,7.995060E+01,2.388841E+01,6.827026E+01
05:48:00,8.014349E+03,6.027319E+02,5.580228E-01,5.322860E-02,0.000000E+00,0.000000E+00,0.000000E+00,0.000000E+00,0.000000E+00,0.000000E+00,0.000000E+00,0.000000E+00,2.110805E+01,7.995060E+01,2.388841E+01,6.826485E+01
05:49:00,8.014349E+03,6.033712E+02,5.580228E-01,5.328507E-02,0.000000E+00,0.000000E+00,0.000000E+00,0.000000E+00,0.000000E+00,0.000000E+00,0.000000E+00,0.000000E+00,2.110805E+01,7.995060E+01,2.388841E+01,6.825934E+01
05:50:00,8.014349E+03,6.040237E+02,5.580228E-01,5.334269E-02,0.000000E+00,0.000000E+00,0.000000E+00,0.000000E+00,0.000000E+00,0.000000E+00,0.000000E+00,0.000000E+00,2.110805E+01,7.995060E+01,2.388841E+01,6.825375E+01
05:51:00,8.014349E+03,6.046889E+02,5.580228E-01,5.340144E-02,0.000000E+00,0.000000E+00,0.000000E+00,0.000000E+00,0.000000E+00,0.000000E+00,0.000000E+00,0.000000E+00,2.110805E+01,7.995060E+01,2.388841E+01,6.824807E+01
05:52:00,8.014349E+03,6.053661E+02,5.580228E-01,5.346125E-02,0.000000E+00,0.000000E+00,0.000000E+00,0.000000E+00,0.000000E+00,0.000000E+00,0.000000E+00,0.000000E+00,2.110805E+01,7.995060E+01,2.388841E+01,6.824230E+01
05:53:00,8.014349E+03,6.060551E+02,5.580228E-01,5.352210E-02,0.000000E+00,0.000000E+00,0.000000E+00,0.000000E+00,0.000000E+00,0.000000E+00,0.000000E+00,0.000000E+00,2.110805E+01,7.995060E+01,2.388841E+01,6.823647E+01
05:54:00,8.014349E+03,6.067552E+02,5.580228E-01,5.358393E-02,0.000000E+00,0.000000E+00,0.000000E+00,0.000000E+00,0.000000E+00,0.000000E+00,0.000000E+00,0.000000E+00,2.110805E+01,7.995060E+01,2.388841E+01,6.823055E+01
05:55:00,8.014349E+03,6.074661E+02,5.580228E-01,5.364671E-02,0.000000E+00,0.000000E+00,0.000000E+00,0.000000E+00,0.000000E+00,0.000000E+00,0.000000E+00,0.000000E+00,2.110805E+01,7.995060E+01,2.388841E+01,6.822457E+01
05:56:00,8.014349E+03,6.081717E+02,5.580228E-01,5.370903E-02,0.000000E+00,0.000000E+00,0.000000E+00,0.000000E+00,0.000000E+00,0.000000E+00,0.000000E+00,0.000000E+00,2.110805E+01,7.995060E+01,2.388841E+01,6.821852E+01
05:57:00,8.014349E+03,6.088852E+02,5.580228E-01,5.377204E-02,0.000000E+00,0.000000E+00,0.000000E+00,0.000000E+00,0.000000E+00,0.000000E+00,0.000000E+00,0.000000E+00,2.110805E+01,7.995060E+01,2.388841E+01,6.821240E+01
05:58:00,8.014349E+03,6.096068E+02,5.580228E-01,5.383577E-02,0.000000E+00,0.000000E+00,0.000000E+00,0.000000E+00,0.000000E+00,0.000000E+00,0.000000E+00,0.000000E+00,2.110805E+01,7.995060E+01,2.388840E+01,6.820623E+01
05:59:00,8.014349E+03,6.103364E+02,5.580228E-01,5.390020E-02,0.000000E+00,0.000000E+00,0.000000E+00,0.000000E+00,0.000000E+00,0.000000E+00,0.000000E+00,0.000000E+00,2.110805E+01,7.995060E+01,2.388840E+01,6.819999E+01
06:00:00,8.014349E+03,6.110737E+02,5.580228E-01,5.396532E-02,0.000000E+00,0.000000E+00,0.000000E+00,0.000000E+00,0.000000E+00,0.000000E+00,0.000000E+00,0.000000E+00,2.110805E+01,7.995060E+01,2.388840E+01,6.819370E+01
06:01:00,8.014349E+03,6.118215E+02,5.580228E-01,5.403137E-02,0.000000E+00,0.000000E+00,0.000000E+00,0.000000E+00,0.000000E+00,0.000000E+00,0.000000E+00,0.000000E+00,2.110805E+01,7.995060E+01,2.388840E+01,6.818735E+01
06:02:00,8.014349E+03,6.125796E+02,5.580228E-01,5.409832E-02,0.000000E+00,0.000000E+00,0.000000E+00,0.000000E+00,0.000000E+00,0.000000E+00,0.000000E+00,0.000000E+00,2.110805E+01,7.995060E+01,2.388840E+01,6.818078E+01
06:03:00,8.014349E+03,6.133477E+02,5.580228E-01,5.416615E-02,0.000000E+00,0.000000E+00,0.000000E+00,0.000000E+00,0.000000E+00,0.000000E+00,0.000000E+00,0.000000E+00,2.110805E+01,7.995060E+01,2.388840E+01,6.817389E+01
06:04:00,8.014349E+03,6.141256E+02,5.580228E-01,5.423485E-02,0.000000E+00,0.000000E+00,0.000000E+00,0.000000E+00,0.000000E+00,0.000000E+00,0.000000E+00,0.000000E+00,2.110805E+01,7.995060E+01,2.388840E+01,6.816663E+01
06:05:00,8.014349E+03,6.149131E+02,5.580228E-01,5.430440E-02,0.000000E+00,0.000000E+00,0.000000E+00,0.000000E+00,0.000000E+00,0.000000E+00,0.000000E+00,0.000000E+00,2.110805E+01,7.995060E+01,2.388840E+01,6.815902E+01
06:06:00,8.014349E+03,6.157092E+02,5.580228E-01,5.437471E-02,0.000000E+00,0.000000E+00,0.000000E+00,0.000000E+00,0.000000E+00,0.000000E+00,0.000000E+00,0.000000E+00,2.110805E+01,7.995060E+01,2.388840E+01,6.815108E+01
06:07:00,8.014349E+03,6.165147E+02,5.580228E-01,5.444584E-02,0.000000E+00,0.000000E+00,0.000000E+00,0.000000E+00,0.000000E+00,0.000000E+00,0.000000E+00,0.000000E+00,2.110805E+01,7.995060E+01,2.388840E+01,6.814282E+01
06:08:00,8.014349E+03,6.173294E+02,5.580228E-01,5.451780E-02,0.000000E+00,0.000000E+00,0.000000E+00,0.000000E+00,0.000000E+00,0.000000E+00,0.000000E+00,0.000000E+00,2.110805E+01,7.995060E+01,2.388840E+01,6.813426E+01
06:09:00,8.014349E+03,6.181547E+02,5.580228E-01,5.459068E-02,0.000000E+00,0.000000E+00,0.000000E+00,0.000000E+00,0.000000E+00,0.000000E+00,0.000000E+00,0.000000E+00,2.110805E+01,7.995060E+01,2.388840E+01,6.812539E+01
06:10:00,8.014349E+03,6.189916E+02,5.580228E-01,5.466459E-02,0.000000E+00,0.000000E+00,0.000000E+00,0.000000E+00,0.000000E+00,0.000000E+00,0.000000E+00,0.000000E+00,2.110805E+01,7.995060E+01,2.388840E+01,6.811623E+01
06:11:00,8.014349E+03,6.198401E+02,5.580228E-01,5.473953E-02,0.000000E+00,0.000000E+00,0.000000E+00,0.000000E+00,0.000000E+00,0.000000E+00,0.000000E+00,0.000000E+00,2.110805E+01,7.995060E+01,2.388839E+01,6.810678E+01
06:12:00,8.014349E+03,6.207004E+02,5.580228E-01,5.481551E-02,0.000000E+00,0.000000E+00,0.000000E+00,0.000000E+00,0.000000E+00,0.000000E+00,0.000000E+00,0.000000E+00,2.110805E+01,7.995060E+01,2.388839E+01,6.809705E+01
06:13:00,8.014349E+03,6.215723E+02,5.580228E-01,5.489251E-02,0.000000E+00,0.000000E+00,0.000000E+00,0.000000E+00,0.000000E+00,0.000000E+00,0.000000E+00,0.000000E+00,2.110805E+01,7.995060E+01,2.388839E+01,6.808705E+01
06:14:00,8.014349E+03,6.224558E+02,5.580228E-01,5.497054E-02,0.000000E+00,0.000000E+00,0.000000E+00,0.000000E+00,0.000000E+00,0.000000E+00,0.000000E+00,0.000000E+00,2.110805E+01,7.995060E+01,2.388839E+01,6.807679E+01
06:15:00,8.014349E+03,6.233509E+02,5.580228E-01,5.504959E-02,0.000000E+00,0.000000E+00,0.000000E+00,0.000000E+00,0.000000E+00,0.000000E+00,0.000000E+00,0.000000E+00,2.110805E+01,7.995060E+01,2.388839E+01,6.806626E+01
06:16:00,8.014349E+03,6.242251E+02,5.580228E-01,5.512679E-02,0.000000E+00,0.000000E+00,0.000000E+00,0.000000E+00,0.000000E+00,0.000000E+00,0.000000E+00,0.000000E+00,2.110805E+01,7.995060E+01,2.388839E+01,6.805549E+01
06:17:00,8.014349E+03,6.251087E+02,5.580228E-01,5.520483E-02,0.000000E+00,0.000000E+00,0.000000E+00,0.000000E+00,0.000000E+00,0.000000E+00,0.000000E+00,0.000000E+00,2.110805E+01,7.995060E+01,2.388839E+01,6.804447E+01
06:18:00,8.014349E+03,6.260027E+02,5.580228E-01,5.528379E-02,0.000000E+00,0.000000E+00,0.000000E+00,0.000000E+00,0.000000E+00,0.000000E+00,0.000000E+00,0.000000E+00,2.110805E+01,7.995060E+01,2.388839E+01,6.803322E+01
06:19:00,8.014349E+03,6.269075E+02,5.580228E-01,5.536369E-02,0.000000E+00,0.000000E+00,0.000000E+00,0.000000E+00,0.000000E+00,0.000000E+00,0.000000E+00,0.000000E+00,2.110805E+01,7.995060E+01,2.388839E+01,6.802174E+01
06:20:00,8.014349E+03,6.278231E+02,5.580228E-01,5.544455E-02,0.000000E+00,0.000000E+00,0.000000E+00,0.000000E+00,0.000000E+00,0.000000E+00,0.000000E+00,0.000000E+00,2.110805E+01,7.995060E+01,2.388839E+01,6.801003E+01
06:21:00,8.014349E+03,6.287495E+02,5.580228E-01,5.552637E-02,0.000000E+00,0.000000E+00,0.000000E+00,0.000000E+00,0.000000E+00,0.000000E+00,0.000000E+00,0.000000E+00,2.110805E+01,7.995060E+01,2.388839E+01,6.799811E+01
06:22:00,8.014349E+03,6.296870E+02,5.580228E-01,5.560917E-02,0.000000E+00,0.000000E+00,0.000000E+00,0.000000E+00,0.000000E+00,0.000000E+00,0.000000E+00,0.000000E+00,2.110805E+01,7.995060E+01,2.388838E+01,6.798598E+01
06:23:00,8.014349E+03,6.306355E+02,5.580228E-01,5.569294E-02,0.000000E+00,0.000000E+00,0.000000E+00,0.000000E+00,0.000000E+00,0.000000E+00,0.000000E+00,0.000000E+00,2.110805E+01,7.995060E+01,2.388838E+01,6.797364E+01
06:24:00,8.014349E+03,6.315953E+02,5.580228E-01,5.577770E-02,0.000000E+00,0.000000E+00,0.000000E+00,0.000000E+00,0.000000E+00,0.000000E+00,0.000000E+00,0.000000E+00,2.110805E+01,7.995060E+01,2.388838E+01,6.796111E+01
06:25:00,8.014349E+03,6.325662E+02,5.580228E-01,5.586345E-02,0.000000E+00,0.000000E+00,0.000000E+00,0.000000E+00,0.000000E+00,0.000000E+00,0.000000E+00,0.000000E+00,2.110805E+01,7.995060E+01,2.388838E+01,6.794838E+01
06:26:00,8.014349E+03,6.335485E+02,5.580228E-01,5.595020E-02,0.000000E+00,0.000000E+00,0.000000E+00,0.000000E+00,0.000000E+00,0.000000E+00,0.000000E+00,0.000000E+00,2.110805E+01,7.995060E+01,2.388838E+01,6.793547E+01
06:27:00,8.014349E+03,6.345856E+02,5.580228E-01,5.604179E-02,0.000000E+00,0.000000E+00,0.000000E+00,0.000000E+00,0.000000E+00,0.000000E+00,0.000000E+00,0.000000E+00,2.110805E+01,7.995060E+01,2.388838E+01,6.792238E+01
06:28:00,8.014349E+03,6.356355E+02,5.580228E-01,5.613451E-02,0.000000E+00,0.000000E+00,0.000000E+00,0.000000E+00,0.000000E+00,0.000000E+00,0.000000E+00,0.000000E+00,2.110805E+01,7.995060E+01,2.388838E+01,6.790860E+01
06:29:00,8.014349E+03,6.366986E+02,5.580228E-01,5.622840E-02,0.000000E+00,0.000000E+00,0.000000E+00,0.000000E+00,0.000000E+00,0.000000E+00,0.000000E+00,0.000000E+00,2.110805E+01,7.995060E+01,2.388838E+01,6.789432E+01
06:30:00,8.014349E+03,6.377740E+02,5.580228E-01,5.632337E-02,0.000000E+00,0.000000E+00,0.000000E+00,0.000000E+00,0.000000E+00,0.000000E+00,0.000000E+00,0.000000E+00,2.110805E+01,7.995060E+01,2.388838E+01,6.787975E+01
06:31:00,8.014349E+03,6.388620E+02,5.580228E-01,5.641946E-02,0.000000E+00,0.000000E+00,0.000000E+00,0.000000E+00,0.000000E+00,0.000000E+00,0.000000E+00,0.000000E+00,2.110805E+01,7.995060E+01,2.388837E+01,6.786500E+01
06:32:00,8.014349E+03,6.399626E+02,5.580228E-01,5.651667E-02,0.000000E+00,0.000000E+00,0.000000E+00,0.000000E+00,0.000000E+00,0.000000E+00,0.000000E+00,0.000000E+00,2.110805E+01,7.995060E+01,2.388837E+01,6.785012E+01
06:33:00,8.014349E+03,6.410761E+02,5.580228E-01,5.661501E-02,0.000000E+00,0.000000E+00,0.000000E+00,0.000000E+00,0.000000E+00,0.000000E+00,0.000000E+00,0.000000E+00,2.110805E+01,7.995060E+01,2.388837E+01,6.783511E+01
06:34:00,8.014349E+03,6.422025E+02,5.580229E-01,5.671448E-02,0.000000E+00,0.000000E+00,0.000000E+00,0.000000E+00,0.000000E+00,0.000000E+00,0.000000E+00,0.000000E+00,2.110805E+01,7.995060E+01,2.388837E+01,6.781996E+01
06:35:00,8.014349E+03,6.433420E+02,5.580229E-01,5.681511E-02,0.000000E+00,0.000000E+00,0.000000E+00,0.000000E+00,0.000000E+00,0.000000E+00,0.000000E+00,0.000000E+00,2.110805E+01,7.995060E+01,2.388837E+01,6.780468E+01
06:36:00,8.014349E+03,6.444946E+02,5.580229E-01,5.691691E-02,0.000000E+00,0.000000E+00,0.000000E+00,0.000000E+00,0.000000E+00,0.000000E+00,0.000000E+00,0.000000E+00,2.110805E+01,7.995060E+01,2.388837E+01,6.778925E+01
06:37:00,8.014349E+03,6.456605E+02,5.580229E-01,5.701988E-02,0.000000E+00,0.000000E+00,0.000000E+00,0.000000E+00,0.000000E+00,0.000000E+00,0.000000E+00,0.000000E+00,2.110805E+01,7.995060E+01,2.388837E+01,6.777371E+01
06:38:00,8.014349E+03,6.468399E+02,5.580229E-01,5.712404E-02,0.000000E+00,0.000000E+00,0.000000E+00,0.000000E+00,0.000000E+00,0.000000E+00,0.000000E+00,0.000000E+00,2.110805E+01,7.995060E+01,2.388837E+01,6.775803E+01
06:39:00,8.014349E+03,6.480330E+02,5.580229E-01,5.722940E-02,0.000000E+00,0.000000E+00,0.000000E+00,0.000000E+00,0.000000E+00,0.000000E+00,0.000000E+00,0.000000E+00,2.110805E+01,7.995060E+01,2.388837E+01,6.774223E+01
06:40:00,8.014349E+03,6.492398E+02,5.580229E-01,5.733598E-02,0.000000E+00,0.000000E+00,0.000000E+00,0.000000E+00,0.000000E+00,0.000000E+00,0.000000E+00,0.000000E+00,2.110805E+01,7.995060E+01,2.388837E+01,6.772630E+01
06:41:00,8.014349E+03,6.504606E+02,5.580229E-01,5.744380E-02,0.000000E+00,0.000000E+00,0.000000E+00,0.000000E+00,0.000000E+00,0.000000E+00,0.000000E+00,0.000000E+00,2.110805E+01,7.995060E+01,2.388837E+01,6.771025E+01
06:42:00,8.014349E+03,6.516954E+02,5.580229E-01,5.755286E-02,0.000000E+00,0.000000E+00,0.000000E+00,0.000000E+00,0.000000E+00,0.000000E+00,0.000000E+00,0.000000E+00,2.110805E+01,7.995060E+01,2.388837E+01,6.769409E+01
06:43:00,8.014349E+03,6.529446E+02,5.580229E-01,5.766318E-02,0.000000E+00,0.000000E+00,0.000000E+00,0.000000E+00,0.000000E+00,0.000000E+00,0.000000E+00,0.000000E+00,2.110805E+01,7.995060E+01,2.388837E+01,6.767781E+01
06:44:00,8.014349E+03,6.542082E+02,5.580229E-01,5.777477E-02,0.000000E+00,0.000000E+00,0.000000E+00,0.000000E+00,0.000000E+00,0.000000E+00,0.000000E+00,0.000000E+00,2.110805E+01,7.995060E+01,2.388836E+01,6.766142E+01
06:45:00,8.014349E+03,6.554864E+02,5.580229E-01,5.788766E-02,0.000000E+00,0.000000E+00,0.000000E+00,0.000000E+00,0.000000E+00,0.000000E+00,0.000000E+00,0.000000E+00,2.110805E+01,7.995060E+01,2.388836E+01,6.764492E+01
06:46:00,8.014349E+03,6.567795E+02,5.580229E-01,5.800186E-02,0.000000E+00,0.000000E+00,0.000000E+00,0.000000E+00,0.000000E+00,0.000000E+00,0.000000E+00,0.000000E+00,2.110805E+01,7.995060E+01,2.388836E+01,6.762830E+01
06:47:00,8.014349E+03,6.580875E+02,5.580229E-01,5.811737E-02,0.000000E+00,0.000000E+00,0.000000E+00,0.000000E+00,0.000000E+00,0.000000E+00,0.000000E+00,0.000000E+00,2.110805E+01,7.995060E+01,2.388836E+01,6.761158E+01
06:48:00,8.014349E+03,6.594106E+02,5.580229E-01,5.823423E-02,0.000000E+00,0.000000E+00,0.000000E+00,0.000000E+00,0.000000E+00,0.000000E+00,0.000000E+00,0.000000E+00,2.110805E+01,7.995060E+01,2.388836E+01,6.759475E+01
06:49:00,8.014349E+03,6.607491E+02,5.580229E-01,5.835244E-02,0.000000E+00,0.000000E+00,0.000000E+00,0.000000E+00,0.000000E+00,0.000000E+00,0.000000E+00,0.000000E+00,2.110805E+01,7.995060E+01,2.388836E+01,6.757781E+01
06:50:00,8.014349E+03,6.621031E+02,5.580229E-01,5.847202E-02,0.000000E+00,0.000000E+00,0.000000E+00,0.000000E+00,0.000000E+00,0.000000E+00,0.000000E+00,0.000000E+00,2.110805E+01,7.995060E+01,2.388836E+01,6.756077E+01
06:51:00,8.014349E+03,6.634727E+02,5.580229E-01,5.859298E-02,0.000000E+00,0.000000E+00,0.000000E+00,0.000000E+00,0.000000E+00,0.000000E+00,0.000000E+00,0.000000E+00,2.110805E+01,7.995060E+01,2.388836E+01,6.754363E+01
06:52:00,8.014349E+03,6.648582E+02,5.580229E-01,5.871534E-02,0.000000E+00,0.000000E+00,0.000000E+00,0.000000E+00,0.000000E+00,0.000000E+00,0.000000E+00,0.000000E+00,2.110805E+01,7.995060E+01,2.388836E+01,6.752638E+01
06:53:00,8.014349E+03,6.662597E+02,5.580229E-01,5.883911E-02,0.000000E+00,0.000000E+00,0.000000E+00,0.000000E+00,0.000000E+00,0.000000E+00,0.000000E+00,0.000000E+00,2.110805E+01,7.995060E+01,2.388836E+01,6.750903E+01
06:54:00,8.014349E+03,6.676774E+02,5.580229E-01,5.896431E-02,0.000000E+00,0.000000E+00,0.000000E+00,0.000000E+00,0.000000E+00,0.000000E+00,0.000000E+00,0.000000E+00,2.110805E+01,7.995060E+01,2.388836E+01,6.749159E+01
06:55:00,8.014349E+03,6.691114E+02,5.580229E-01,5.909096E-02,0.000000E+00,0.000000E+00,0.000000E+00,0.000000E+00,0.000000E+00,0.000000E+00,0.000000E+00,0.000000E+00,2.110805E+01,7.995060E+01,2.388836E+01,6.747404E+01
06:56:00,8.014349E+03,6.705619E+02,5.580229E-01,5.921906E-02,0.000000E+00,0.000000E+00,0.000000E+00,0.000000E+00,0.000000E+00,0.000000E+00,0.000000E+00,0.000000E+00,2.110805E+01,7.995060E+01,2.388836E+01,6.745640E+01
06:57:00,8.014349E+03,6.720292E+02,5.580229E-01,5.934865E-02,0.000000E+00,0.000000E+00,0.000000E+00,0.000000E+00,0.000000E+00,0.000000E+00,0.000000E+00,0.000000E+00,2.110805E+01,7.995060E+01,2.388835E+01,6.743866E+01
06:58:00,8.014349E+03,6.735134E+02,5.580229E-01,5.947972E-02,0.000000E+00,0.000000E+00,0.000000E+00,0.000000E+00,0.000000E+00,0.000000E+00,0.000000E+00,0.000000E+00,2.110805E+01,7.995060E+01,2.388835E+01,6.742081E+01
06:59:00,8.014349E+03,6.750146E+02,5.580229E-01,5.961230E-02,0.000000E+00,0.000000E+00,0.000000E+00,0.000000E+00,0.000000E+00,0.000000E+00,0.000000E+00,0.000000E+00,2.110805E+01,7.995060E+01,2.388835E+01,6.740288E+01
07:00:00,8.014349E+03,6.765331E+02,5.580229E-01,5.974641E-02,0.000000E+00,0.000000E+00,0.000000E+00,0.000000E+00,0.000000E+00,0.000000E+00,0.000000E+00,0.000000E+00,2.110805E+01,7.995060E+01,2.388835E+01,6.738485E+01
07:01:00,8.014349E+03,6.780835E+02,5.580229E-01,5.988333E-02,0.000000E+00,0.000000E+00,0.000000E+00,0.000000E+00,0.000000E+00,0.000000E+00,0.000000E+00,0.000000E+00,2.110805E+01,7.995060E+01,2.388835E+01,6.736672E+01
07:02:00,8.014349E+03,6.796657E+02,5.580229E-01,6.002307E-02,0.000000E+00,0.000000E+00,0.000000E+00,0.000000E+00,0.000000E+00,0.000000E+00,0.000000E+00,0.000000E+00,2.110805E+01,7.995060E+01,2.388835E+01,6.734817E+01
07:03:00,8.014349E+03,6.812799E+02,5.580229E-01,6.016563E-02,0.000000E+00,0.000000E+00,0.000000E+00,0.000000E+00,0.000000E+00,0.000000E+00,0.000000E+00,0.000000E+00,2.110805E+01,7.995060E+01,2.388835E+01,6.732898E+01
07:04:00,8.014349E+03,6.829264E+02,5.580229E-01,6.031104E-02,0.000000E+00,0.000000E+00,0.000000E+00,0.000000E+00,0.000000E+00,0.000000E+00,0.000000E+00,0.000000E+00,2.110805E+01,7.995060E+01,2.388834E+01,6.730909E+01
07:05:00,8.014349E+03,6.846052E+02,5.580229E-01,6.045931E-02,0.000000E+00,0.000000E+00,0.000000E+00,0.000000E+00,0.000000E+00,0.000000E+00,0.000000E+00,0.000000E+00,2.110805E+01,7.995060E+01,2.388834E+01,6.728852E+01
07:06:00,8.014349E+03,6.863175E+02,5.580229E-01,6.061053E-02,0.000000E+00,0.000000E+00,0.000000E+00,0.000000E+00,0.000000E+00,0.000000E+00,0.000000E+00,0.000000E+00,2.110805E+01,7.995060E+01,2.388834E+01,6.726729E+01
07:07:00,8.014349E+03,6.880626E+02,5.580229E-01,6.076465E-02,0.000000E+00,0.000000E+00,0.000000E+00,0.000000E+00,0.000000E+00,0.000000E+00,0.000000E+00,0.000000E+00,2.110805E+01,7.995060E+01,2.388834E+01,6.724542E+01
07:08:00,8.014349E+03,6.898406E+02,5.580229E-01,6.092167E-02,0.000000E+00,0.000000E+00,0.000000E+00,0.000000E+00,0.000000E+00,0.000000E+00,0.000000E+00,0.000000E+00,2.110805E+01,7.995060E+01,2.388834E+01,6.722294E+01
07:09:00,8.014349E+03,6.916517E+02,5.580229E-01,6.108162E-02,0.000000E+00,0.000000E+00,0.000000E+00,0.000000E+00,0.000000E+00,0.000000E+00,0.000000E+00,0.000000E+00,2.110805E+01,7.995060E+01,2.388833E+01,6.719985E+01
07:10:00,8.014349E+03,6.934960E+02,5.580229E-01,6.124451E-02,0.000000E+00,0.000000E+00,0.000000E+00,0.000000E+00,0.000000E+00,0.000000E+00,0.000000E+00,0.000000E+00,2.110805E+01,7.995060E+01,2.388833E+01,6.717618E+01
07:11:00,8.014349E+03,6.953740E+02,5.580229E-01,6.141036E-02,0.000000E+00,0.000000E+00,0.000000E+00,0.000000E+00,0.000000E+00,0.000000E+00,0.000000E+00,0.000000E+00,2.110805E+01,7.995060E+01,2.388833E+01,6.715193E+01
07:12:00,8.014349E+03,6.972855E+02,5.580229E-01,6.157917E-02,0.000000E+00,0.000000E+00,0.000000E+00,0.000000E+00,0.000000E+00,0.000000E+00,0.000000E+00,0.000000E+00,2.110805E+01,7.995060E+01,2.388833E+01,6.712713E+01
07:13:00,8.014349E+03,6.992308E+02,5.580229E-01,6.175098E-02,0.000000E+00,0.000000E+00,0.000000E+00,0.000000E+00,0.000000E+00,0.000000E+00,0.000000E+00,0.000000E+00,2.110805E+01,7.995060E+01,2.388833E+01,6.710178E+01
07:14:00,8.014349E+03,7.012102E+02,5.580229E-01,6.192579E-02,0.000000E+00,0.000000E+00,0.000000E+00,0.000000E+00,0.000000E+00,0.000000E+00,0.000000E+00,0.000000E+00,2.110805E+01,7.995060E+01,2.388832E+01,6.707590E+01
07:15:00,8.014349E+03,7.032238E+02,5.580229E-01,6.210363E-02,0.000000E+00,0.000000E+00,0.000000E+00,0.000000E+00,0.000000E+00,0.000000E+00,0.000000E+00,0.000000E+00,2.110805E+01,7.995060E+01,2.388832E+01,6.704951E+01
07:16:00,8.014349E+03,7.052719E+02,5.580229E-01,6.228450E-02,0.000000E+00,0.000000E+00,0.000000E+00,0.000000E+00,0.000000E+00,0.000000E+00,0.000000E+00,0.000000E+00,2.110805E+01,7.995060E+01,2.388832E+01,6.702260E+01
07:17:00,8.014349E+03,7.073545E+02,5.580229E-01,6.246843E-02,0.000000E+00,0.000000E+00,0.000000E+00,0.000000E+00,0.000000E+00,0.000000E+00,0.000000E+00,0.000000E+00,2.110805E+01,7.995060E+01,2.388832E+01,6.699521E+01
07:18:00,8.014349E+03,7.094719E+02,5.580229E-01,6.265543E-02,0.000000E+00,0.000000E+00,0.000000E+00,0.000000E+00,0.000000E+00,0.000000E+00,0.000000E+00,0.000000E+00,2.110805E+01,7.995060E+01,2.388832E+01,6.696733E+01
07:19:00,8.014349E+03,7.116244E+02,5.580229E-01,6.284553E-02,0.000000E+00,0.000000E+00,0.000000E+00,0.000000E+00,0.000000E+00,0.000000E+00,0.000000E+00,0.000000E+00,2.110805E+01,7.995060E+01,2.388832E+01,6.693899E+01
07:20:00,8.014349E+03,7.138120E+02,5.580229E-01,6.303873E-02,0.000000E+00,0.000000E+00,0.000000E+00,0.000000E+00,0.000000E+00,0.000000E+00,0.000000E+00,0.000000E+00,2.110805E+01,7.995060E+01,2.388831E+01,6.691019E+01
07:21:00,8.014349E+03,7.160351E+02,5.580229E-01,6.323506E-02,0.000000E+00,0.000000E+00,0.000000E+00,0.000000E+00,0.000000E+00,0.000000E+00,0.000000E+00,0.000000E+00,2.110805E+01,7.995060E+01,2.388831E+01,6.688093E+01
07:22:00,8.014349E+03,7.182938E+02,5.580229E-01,6.343454E-02,0.000000E+00,0.000000E+00,0.000000E+00,0.000000E+00,0.000000E+00,0.000000E+00,0.000000E+00,0.000000E+00,2.110805E+01,7.995060E+01,2.388831E+01,6.685125E+01
07:23:00,8.014349E+03,7.205883E+02,5.580229E-01,6.363719E-02,0.000000E+00,0.000000E+00,0.000000E+00,0.000000E+00,0.000000E+00,0.000000E+00,0.000000E+00,0.000000E+00,2.110805E+01,7.995060E+01,2.388831E+01,6.682114E+01
07:24:00,8.014349E+03,7.229189E+02,5.580229E-01,6.384302E-02,0.000000E+00,0.000000E+00,0.000000E+00,0.000000E+00,0.000000E+00,0.000000E+00,0.000000E+00,0.000000E+00,2.110805E+01,7.995060E+01,2.388831E+01,6.679061E+01
07:25:00,8.014349E+03,7.252858E+02,5.580229E-01,6.405205E-02,0.000000E+00,0.000000E+00,0.000000E+00,0.000000E+00,0.000000E+00,0.000000E+00,0.000000E+00,0.000000E+00,2.110805E+01,7.995060E+01,2.388830E+01,6.675968E+01
07:26:00,8.014349E+03,7.276893E+02,5.580229E-01,6.426432E-02,0.000000E+00,0.000000E+00,0.000000E+00,0.000000E+00,0.000000E+00,0.000000E+00,0.000000E+00,0.000000E+00,2.110805E+01,7.995060E+01,2.388830E+01,6.672835E+01
07:27:00,8.014349E+03,7.300863E+02,5.580229E-01,6.447601E-02,0.000000E+00,0.000000E+00,0.000000E+00,0.000000E+00,0.000000E+00,0.000000E+00,0.000000E+00,0.000000E+00,2.110805E+01,7.995060E+01,2.388830E+01,6.669664E+01
07:28:00,8.014349E+03,7.325188E+02,5.580229E-01,6.469084E-02,0.000000E+00,0.000000E+00,0.000000E+00,0.000000E+00,0.000000E+00,0.000000E+00,0.000000E+00,0.000000E+00,2.110805E+01,7.995060E+01,2.388830E+01,6.666455E+01
07:29:00,8.014349E+03,7.349870E+02,5.580229E-01,6.490882E-02,0.000000E+00,0.000000E+00,0.000000E+00,0.000000E+00,0.000000E+00,0.000000E+00,0.000000E+00,0.000000E+00,2.110805E+01,7.995060E+01,2.388830E+01,6.663210E+01
07:30:00,8.014349E+03,7.374919E+02,5.580229E-01,6.513005E-02,0.000000E+00,0.000000E+00,0.000000E+00,0.000000E+00,0.000000E+00,0.000000E+00,0.000000E+00,0.000000E+00,2.110805E+01,7.995060E+01,2.388829E+01,6.659928E+01
07:31:00,8.014349E+03,7.400336E+02,5.580229E-01,6.535452E-02,0.000000E+00,0.000000E+00,0.000000E+00,0.000000E+00,0.000000E+00,0.000000E+00,0.000000E+00,0.000000E+00,2.110805E+01,7.995060E+01,2.388829E+01,6.656612E+01
07:32:00,8.014349E+03,7.426124E+02,5.580229E-01,6.558227E-02,0.000000E+00,0.000000E+00,0.000000E+00,0.000000E+00,0.000000E+00,0.000000E+00,0.000000E+00,0.000000E+00,2.110805E+01,7.995060E+01,2.388829E+01,6.653261E+01
07:33:00,8.014349E+03,7.452281E+02,5.580229E-01,6.581328E-02,0.000000E+00,0.000000E+00,0.000000E+00,0.000000E+00,0.000000E+00,0.000000E+00,0.000000E+00,0.000000E+00,2.110805E+01,7.995060E+01,2.388829E+01,6.649877E+01
07:34:00,8.014349E+03,7.478809E+02,5.580229E-01,6.604756E-02,0.000000E+00,0.000000E+00,0.000000E+00,0.000000E+00,0.000000E+00,0.000000E+00,0.000000E+00,0.000000E+00,2.110805E+01,7.995060E+01,2.388829E+01,6.646460E+01
07:35:00,8.014350E+03,7.505715E+02,5.580229E-01,6.628519E-02,0.000000E+00,0.000000E+00,0.000000E+00,0.000000E+00,0.000000E+00,0.000000E+00,0.000000E+00,0.000000E+00,2.110805E+01,7.995060E+01,2.388829E+01,6.643013E+01
07:36:00,8.014350E+03,7.533004E+02,5.580229E-01,6.652619E-02,0.000000E+00,0.000000E+00,0.000000E+00,0.000000E+00,0.000000E+00,0.000000E+00,0.000000E+00,0.000000E+00,2.110805E+01,7.995060E+01,2.388828E+01,6.639534E+01
07:37:00,8.014350E+03,7.560677E+02,5.580229E-01,6.677059E-02,0.000000E+00,0.000000E+00,0.000000E+00,0.000000E+00,0.000000E+00,0.000000E+00,0.000000E+00,0.000000E+00,2.110805E+01,7.995060E+01,2.388828E+01,6.636025E+01
07:38:00,8.014350E+03,7.588745E+02,5.580229E-01,6.701848E-02,0.000000E+00,0.000000E+00,0.000000E+00,0.000000E+00,0.000000E+00,0.000000E+00,0.000000E+00,0.000000E+00,2.110805E+01,7.995060E+01,2.388828E+01,6.632485E+01
07:39:00,8.014350E+03,7.617209E+02,5.580229E-01,6.726986E-02,0.000000E+00,0.000000E+00,0.000000E+00,0.000000E+00,0.000000E+00,0.000000E+00,0.000000E+00,0.000000E+00,2.110805E+01,7.995060E+01,2.388828E+01,6.628914E+01
07:40:00,8.014350E+03,7.646071E+02,5.580229E-01,6.752476E-02,0.000000E+00,0.000000E+00,0.000000E+00,0.000000E+00,0.000000E+00,0.000000E+00,0.000000E+00,0.000000E+00,2.110805E+01,7.995060E+01,2.388828E+01,6.625312E+01
07:41:00,8.014350E+03,7.675331E+02,5.580229E-01,6.778318E-02,0.000000E+00,0.000000E+00,0.000000E+00,0.000000E+00,0.000000E+00,0.000000E+00,0.000000E+00,0.000000E+00,2.110805E+01,7.995060E+01,2.388827E+01,6.621681E+01
07:42:00,8.014350E+03,7.704992E+02,5.580229E-01,6.804513E-02,0.000000E+00,0.000000E+00,0.000000E+00,0.000000E+00,0.000000E+00,0.000000E+00,0.000000E+00,0.000000E+00,2.110805E+01,7.995060E+01,2.388827E+01,6.618020E+01
07:43:00,8.014350E+03,7.735054E+02,5.580229E-01,6.831062E-02,0.000000E+00,0.000000E+00,0.000000E+00,0.000000E+00,0.000000E+00,0.000000E+00,0.000000E+00,0.000000E+00,2.110805E+01,7.995060E+01,2.388827E+01,6.614331E+01
07:44:00,8.014350E+03,7.765518E+02,5.580229E-01,6.857967E-02,0.000000E+00,0.000000E+00,0.000000E+00,0.000000E+00,0.000000E+00,0.000000E+00,0.000000E+00,0.000000E+00,2.110805E+01,7.995060E+01,2.388827E+01,6.610614E+01
07:45:00,8.014350E+03,7.796385E+02,5.580229E-01,6.885228E-02,0.000000E+00,0.000000E+00,0.000000E+00,0.000000E+00,0.000000E+00,0.000000E+00,0.000000E+00,0.000000E+00,2.110805E+01,7.995060E+01,2.388827E+01,6.606871E+01
07:46:00,8.014350E+03,7.827655E+02,5.580229E-01,6.912845E-02,0.000000E+00,0.000000E+00,0.000000E+00,0.000000E+00,0.000000E+00,0.000000E+00,0.000000E+00,0.000000E+00,2.110805E+01,7.995060E+01,2.388827E+01,6.603102E+01
07:47:00,8.014350E+03,7.859331E+02,5.580229E-01,6.940820E-02,0.000000E+00,0.000000E+00,0.000000E+00,0.000000E+00,0.000000E+00,0.000000E+00,0.000000E+00,0.000000E+00,2.110805E+01,7.995060E+01,2.388826E+01,6.599307E+01
07:48:00,8.014350E+03,7.891412E+02,5.580229E-01,6.969152E-02,0.000000E+00,0.000000E+00,0.000000E+00,0.000000E+00,0.000000E+00,0.000000E+00,0.000000E+00,0.000000E+00,2.110805E+01,7.995060E+01,2.388826E+01,6.595488E+01
07:49:00,8.014350E+03,7.923899E+02,5.580229E-01,6.997843E-02,0.000000E+00,0.000000E+00,0.000000E+00,0.000000E+00,0.000000E+00,0.000000E+00,0.000000E+00,0.000000E+00,2.110805E+01,7.995060E+01,2.388826E+01,6.591645E+01
07:50:00,8.014350E+03,7.956792E+02,5.580229E-01,7.026893E-02,0.000000E+00,0.000000E+00,0.000000E+00,0.000000E+00,0.000000E+00,0.000000E+00,0.000000E+00,0.000000E+00,2.110805E+01,7.995060E+01,2.388826E+01,6.587779E+01
07:51:00,8.014350E+03,7.990092E+02,5.580229E-01,7.056303E-02,0.000000E+00,0.000000E+00,0.000000E+00,0.000000E+00,0.000000E+00,0.000000E+00,0.000000E+00,0.000000E+00,2.110805E+01,7.995060E+01,2.388826E+01,6.583891E+01
07:52:00,8.014350E+03,8.023801E+02,5.580229E-01,7.086073E-02,0.000000E+00,0.000000E+00,0.000000E+00,0.000000E+00,0.000000E+00,0.000000E+00,0.000000E+00,0.000000E+00,2.110805E+01,7.995060E+01,2.388825E+01,6.579981E+01
07:53:00,8.014350E+03,8.057916E+02,5.580229E-01,7.116203E-02,0.000000E+00,0.000000E+00,0.000000E+00,0.000000E+00,0.000000E+00,0.000000E+00,0.000000E+00,0.000000E+00,2.110805E+01,7.995060E+01,2.388825E+01,6.576051E+01
07:54:00,8.014350E+03,8.092440E+02,5.580229E-01,7.146693E-02,0.000000E+00,0.000000E+00,0.000000E+00,0.000000E+00,0.000000E+00,0.000000E+00,0.000000E+00,0.000000E+00,2.110805E+01,7.995060E+01,2.388825E+01,6.572100E+01
07:55:00,8.014350E+03,8.127373E+02,5.580229E-01,7.177544E-02,0.000000E+00,0.000000E+00,0.000000E+00,0.000000E+00,0.000000E+00,0.000000E+00,0.000000E+00,0.000000E+00,2.110805E+01,7.995060E+01,2.388825E+01,6.568131E+01
07:56:00,8.014350E+03,8.162715E+02,5.580229E-01,7.208757E-02,0.000000E+00,0.000000E+00,0.000000E+00,0.000000E+00,0.000000E+00,0.000000E+00,0.000000E+00,0.000000E+00,2.110805E+01,7.995060E+01,2.388825E+01,6.564142E+01
07:57:00,8.014350E+03,8.198464E+02,5.580229E-01,7.240330E-02,0.000000E+00,0.000000E+00,0.000000E+00,0.000000E+00,0.000000E+00,0.000000E+00,0.000000E+00,0.000000E+00,2.110805E+01,7.995060E+01,2.388825E+01,6.560135E+01
07:58:00,8.014350E+03,8.234624E+02,5.580229E-01,7.272265E-02,0.000000E+00,0.000000E+00,0.000000E+00,0.000000E+00,0.000000E+00,0.000000E+00,0.000000E+00,0.000000E+00,2.110805E+01,7.995060E+01,2.388824E+01,6.556111E+01
07:59:00,8.014350E+03,8.271194E+02,5.580229E-01,7.304562E-02,0.000000E+00,0.000000E+00,0.000000E+00,0.000000E+00,0.000000E+00,0.000000E+00,0.000000E+00,0.000000E+00,2.110805E+01,7.995060E+01,2.388824E+01,6.552071E+01
08:00:00,8.014350E+03,8.308172E+02,5.580229E-01,7.337220E-02,0.000000E+00,0.000000E+00,0.000000E+00,0.000000E+00,0.000000E+00,0.000000E+00,0.000000E+00,0.000000E+00,2.110805E+01,7.995060E+01,2.388824E+01,6.548014E+01
08:01:00,8.014350E+03,8.345326E+02,5.580229E-01,7.370034E-02,0.000000E+00,0.000000E+00,0.000000E+00,0.000000E+00,0.000000E+00,0.000000E+00,0.000000E+00,0.000000E+00,2.110805E+01,7.995060E+01,2.388824E+01,6.543941E+01
08:02:00,8.014350E+03,8.382660E+02,5.580229E-01,7.403006E-02,0.000000E+00,0.000000E+00,0.000000E+00,0.000000E+00,0.000000E+00,0.000000E+00,0.000000E+00,0.000000E+00,2.110805E+01,7.995060E+01,2.388824E+01,6.539848E+01
08:03:00,8.014350E+03,8.420177E+02,5.580229E-01,7.436139E-02,0.000000E+00,0.000000E+00,0.000000E+00,0.000000E+00,0.000000E+00,0.000000E+00,0.000000E+00,0.000000E+00,2.110805E+01,7.995060E+01,2.388824E+01,6.535731E+01
08:04:00,8.014350E+03,8.457872E+02,5.580229E-01,7.469430E-02,0.000000E+00,0.000000E+00,0.000000E+00,0.000000E+00,0.000000E+00,0.000000E+00,0.000000E+00,0.000000E+00,2.110805E+01,7.995060E+01,2.388823E+01,6.531589E+01
08:05:00,8.014350E+03,8.495746E+02,5.580229E-01,7.502879E-02,0.000000E+00,0.000000E+00,0.000000E+00,0.000000E+00,0.000000E+00,0.000000E+00,0.000000E+00,0.000000E+00,2.110805E+01,7.995060E+01,2.388823E+01,6.527424E+01
08:06:00,8.014350E+03,8.533803E+02,5.580229E-01,7.536490E-02,0.000000E+00,0.000000E+00,0.000000E+00,0.000000E+00,0.000000E+00,0.000000E+00,0.000000E+00,0.000000E+00,2.110805E+01,7.995060E+01,2.388823E+01,6.523235E+01
08:07:00,8.014350E+03,8.572038E+02,5.580229E-01,7.570258E-02,0.000000E+00,0.000000E+00,0.000000E+00,0.000000E+00,0.000000E+00,0.000000E+00,0.000000E+00,0.000000E+00,2.110805E+01,7.995060E+01,2.388823E+01,6.519025E+01
08:08:00,8.014350E+03,8.610451E+02,5.580229E-01,7.604183E-02,0.000000E+00,0.000000E+00,0.000000E+00,0.000000E+00,0.000000E+00,0.000000E+00,0.000000E+00,0.000000E+00,2.110805E+01,7.995060E+01,2.388823E+01,6.514795E+01
08:09:00,8.014350E+03,8.649044E+02,5.580229E-01,7.638267E-02,0.000000E+00,0.000000E+00,0.000000E+00,0.000000E+00,0.000000E+00,0.000000E+00,0.000000E+00,0.000000E+00,2.110805E+01,7.995060E+01,2.388822E+01,6.510544E+01
08:10:00,8.014350E+03,8.687816E+02,5.580229E-01,7.672509E-02,0.000000E+00,0.000000E+00,0.000000E+00,0.000000E+00,0.000000E+00,0.000000E+00,0.000000E+00,0.000000E+00,2.110805E+01,7.995060E+01,2.388822E+01,6.506274E+01
08:11:00,8.014350E+03,8.726763E+02,5.580229E-01,7.706906E-02,0.000000E+00,0.000000E+00,0.000000E+00,0.000000E+00,0.000000E+00,0.000000E+00,0.000000E+00,0.000000E+00,2.110805E+01,7.995060E+01,2.388822E+01,6.501987E+01
08:12:00,8.014350E+03,8.765889E+02,5.580229E-01,7.741461E-02,0.000000E+00,0.000000E+00,0.000000E+00,0.000000E+00,0.000000E+00,0.000000E+00,0.000000E+00,0.000000E+00,2.110805E+01,7.995060E+01,2.388822E+01,6.497682E+01
08:13:00,8.014350E+03,8.805193E+02,5.580229E-01,7.776172E-02,0.000000E+00,0.000000E+00,0.000000E+00,0.000000E+00,0.000000E+00,0.000000E+00,0.000000E+00,0.000000E+00,2.110805E+01,7.995060E+01,2.388822E+01,6.493360E+01
08:14:00,8.014350E+03,8.844672E+02,5.580229E-01,7.811039E-02,0.000000E+00,0.000000E+00,0.000000E+00,0.000000E+00,0.000000E+00,0.000000E+00,0.000000E+00,0.000000E+00,2.110805E+01,7.995060E+01,2.388821E+01,6.489022E+01
08:15:00,8.014350E+03,8.884386E+02,5.580229E-01,7.846113E-02,0.000000E+00,0.000000E+00,0.000000E+00,0.000000E+00,0.000000E+00,0.000000E+00,0.000000E+00,0.000000E+00,2.110805E+01,7.995060E+01,2.388821E+01,6.484670E+01
08:16:00,8.014350E+03,8.924336E+02,5.580229E-01,7.881395E-02,0.000000E+00,0.000000E+00,0.000000E+00,0.000000E+00,0.000000E+00,0.000000E+00,0.000000E+00,0.000000E+00,2.110805E+01,7.995060E+01,2.388821E+01,6.480297E+01
08:17:00,8.014350E+03,8.964523E+02,5.580229E-01,7.916888E-02,0.000000E+00,0.000000E+00,0.000000E+00,0.000000E+00,0.000000E+00,0.000000E+00,0.000000E+00,0.000000E+00,2.110805E+01,7.995060E+01,2.388821E+01,6.475900E+01
08:18:00,8.014350E+03,9.004951E+02,5.580229E-01,7.952593E-02,0.000000E+00,0.000000E+00,0.000000E+00,0.000000E+00,0.000000E+00,0.000000E+00,0.000000E+00,0.000000E+00,2.110805E+01,7.995060E+01,2.388821E+01,6.471479E+01
08:19:00,8.014350E+03,9.045624E+02,5.580229E-01,7.988514E-02,0.000000E+00,0.000000E+00,0.000000E+00,0.000000E+00,0.000000E+00,0.000000E+00,0.000000E+00,0.000000E+00,2.110805E+01,7.995060E+01,2.388821E+01,6.467033E+01
08:20:00,8.014350E+03,9.086542E+02,5.580229E-01,8.024651E-02,0.000000E+00,0.000000E+00,0.000000E+00,0.000000E+00,0.000000E+00,0.000000E+00,0.000000E+00,0.000000E+00,2.110805E+01,7.995060E+01,2.388820E+01,6.462564E+01
08:21:00,8.014350E+03,9.127707E+02,5.580229E-01,8.061007E-02,0.000000E+00,0.000000E+00,0.000000E+00,0.000000E+00,0.000000E+00,0.000000E+00,0.000000E+00,0.000000E+00,2.110805E+01,7.995060E+01,2.388820E+01,6.458072E+01
08:22:00,8.014350E+03,9.169123E+02,5.580229E-01,8.097584E-02,0.000000E+00,0.000000E+00,0.000000E+00,0.000000E+00,0.000000E+00,0.000000E+00,0.000000E+00,0.000000E+00,2.110805E+01,7.995060E+01,2.388820E+01,6.453558E+01
08:23:00,8.014350E+03,9.210790E+02,5.580229E-01,8.134383E-02,0.000000E+00,0.000000E+00,0.000000E+00,0.000000E+00,0.000000E+00,0.000000E+00,0.000000E+00,0.000000E+00,2.110805E+01,7.995060E+01,2.388820E+01,6.449021E+01
08:24:00,8.014350E+03,9.252711E+02,5.580229E-01,8.171406E-02,0.000000E+00,0.000000E+00,0.000000E+00,0.000000E+00,0.000000E+00,0.000000E+00,0.000000E+00,0.000000E+00,2.110805E+01,7.995060E+01,2.388820E+01,6.444463E+01
08:25:00,8.014350E+03,9.294886E+02,5.580229E-01,8.208653E-02,0.000000E+00,0.000000E+00,0.000000E+00,0.000000E+00,0.000000E+00,0.000000E+00,0.000000E+00,0.000000E+00,2.110805E+01,7.995060E+01,2.388819E+01,6.439885E+01
08:26:00,8.014350E+03,9.337318E+02,5.580229E-01,8.246128E-02,0.000000E+00,0.000000E+00,0.000000E+00,0.000000E+00,0.000000E+00,0.000000E+00,0.000000E+00,0.000000E+00,2.110805E+01,7.995060E+01,2.388819E+01,6.435286E+01
08:27:00,8.014350E+03,9.380008E+02,5.580229E-01,8.283831E-02,0.000000E+00,0.000000E+00,0.000000E+00,0.000000E+00,0.000000E+00,0.000000E+00,0.000000E+00,0.000000E+00,2.110805E+01,7.995060E+01,2.388819E+01,6.430667E+01
08:28:00,8.014350E+03,9.422958E+02,5.580229E-01,8.321763E-02,0.000000E+00,0.000000E+00,0.000000E+00,0.000000E+00,0.000000E+00,0.000000E+00,0.000000E+00,0.000000E+00,2.110805E+01,7.995060E+01,2.388819E+01,6.426029E+01
08:29:00,8.014350E+03,9.466168E+02,5.580229E-01,8.359925E-02,0.000000E+00,0.000000E+00,0.000000E+00,0.000000E+00,0.000000E+00,0.000000E+00,0.000000E+00,0.000000E+00,2.110805E+01,7.995060E+01,2.388819E+01,6.421372E+01
08:30:00,8.014350E+03,9.509641E+02,5.580229E-01,8.398319E-02,0.000000E+00,0.000000E+00,0.000000E+00,0.000000E+00,0.000000E+00,0.000000E+00,0.000000E+00,0.000000E+00,2.110805E+01,7.995060E+01,2.388818E+01,6.416697E+01
08:31:00,8.014350E+03,9.553377E+02,5.580229E-01,8.436945E-02,0.000000E+00,0.000000E+00,0.000000E+00,0.000000E+00,0.000000E+00,0.000000E+00,0.000000E+00,0.000000E+00,2.110805E+01,7.995060E+01,2.388818E+01,6.412005E+01
08:32:00,8.014350E+03,9.597378E+02,5.580229E-01,8.475805E-02,0.000000E+00,0.000000E+00,0.000000E+00,0.000000E+00,0.000000E+00,0.000000E+00,0.000000E+00,0.000000E+00,2.110805E+01,7.995060E+01,2.388818E+01,6.407295E+01
08:33:00,8.014350E+03,9.641648E+02,5.580229E-01,8.514903E-02,0.000000E+00,0.000000E+00,0.000000E+00,0.000000E+00,0.000000E+00,0.000000E+00,0.000000E+00,0.000000E+00,2.110805E+01,7.995060E+01,2.388818E+01,6.402569E+01
08:34:00,8.014350E+03,9.686188E+02,5.580229E-01,8.554240E-02,0.000000E+00,0.000000E+00,0.000000E+00,0.000000E+00,0.000000E+00,0.000000E+00,0.000000E+00,0.000000E+00,2.110805E+01,7.995060E+01,2.388818E+01,6.397826E+01
08:35:00,8.014350E+03,9.730994E+02,5.580229E-01,8.593811E-02,0.000000E+00,0.000000E+00,0.000000E+00,0.000000E+00,0.000000E+00,0.000000E+00,0.000000E+00,0.000000E+00,2.110805E+01,7.995060E+01,2.388817E+01,6.393068E+01
08:36:00,8.014350E+03,9.776065E+02,5.580229E-01,8.633617E-02,0.000000E+00,0.000000E+00,0.000000E+00,0.000000E+00,0.000000E+00,0.000000E+00,0.000000E+00,0.000000E+00,2.110805E+01,7.995060E+01,2.388817E+01,6.388295E+01
08:37:00,8.014350E+03,9.821402E+02,5.580229E-01,8.673657E-02,0.000000E+00,0.000000E+00,0.000000E+00,0.000000E+00,0.000000E+00,0.000000E+00,0.000000E+00,0.000000E+00,2.110805E+01,7.995060E+01,2.388817E+01,6.383507E+01
08:38:00,8.014350E+03,9.866996E+02,5.580229E-01,8.713924E-02,0.000000E+00,0.000000E+00,0.000000E+00,0.000000E+00,0.000000E+00,0.000000E+00,0.000000E+00,0.000000E+00,2.110805E+01,7.995060E+01,2.388817E+01,6.378706E+01
08:39:00,8.014350E+03,9.912848E+02,5.580229E-01,8.754419E-02,0.000000E+00,0.000000E+00,0.000000E+00,0.000000E+00,0.000000E+00,0.000000E+00,0.000000E+00,0.000000E+00,2.110805E+01,7.995060E+01,2.388817E+01,6.373891E+01
08:40:00,8.014350E+03,9.958959E+02,5.580229E-01,8.795143E-02,0.000000E+00,0.000000E+00,0.000000E+00,0.000000E+00,0.000000E+00,0.000000E+00,0.000000E+00,0.000000E+00,2.110805E+01,7.995060E+01,2.388816E+01,6.369063E+01
08:41:00,8.014350E+03,1.000533E+03,5.580229E-01,8.836099E-02,0.000000E+00,0.000000E+00,0.000000E+00,0.000000E+00,0.000000E+00,0.000000E+00,0.000000E+00,0.000000E+00,2.110805E+01,7.995060E+01,2.388816E+01,6.364223E+01
08:42:00,8.014350E+03,1.005197E+03,5.580229E-01,8.877286E-02,0.000000E+00,0.000000E+00,0.000000E+00,0.000000E+00,0.000000E+00,0.000000E+00,0.000000E+00,0.000000E+00,2.110805E+01,7.995060E+01,2.388816E+01,6.359371E+01
08:43:00,8.014350E+03,1.009887E+03,5.580229E-01,8.918704E-02,0.000000E+00,0.000000E+00,0.000000E+00,0.000000E+00,0.000000E+00,0.000000E+00,0.000000E+00,0.000000E+00,2.110805E+01,7.995060E+01,2.388816E+01,6.354508E+01
08:44:00,8.014350E+03,1.014603E+03,5.580229E-01,8.960357E-02,0.000000E+00,0.000000E+00,0.000000E+00,0.000000E+00,0.000000E+00,0.000000E+00,0.000000E+00,0.000000E+00,2.110805E+01,7.995060E+01,2.388816E+01,6.349634E+01
08:45:00,8.014350E+03,1.019345E+03,5.580229E-01,9.002243E-02,0.000000E+00,0.000000E+00,0.000000E+00,0.000000E+00,0.000000E+00,0.000000E+00,0.000000E+00,0.000000E+00,2.110805E+01,7.995060E+01,2.388816E+01,6.344748E+01
08:46:00,8.014350E+03,1.024115E+03,5.580229E-01,9.044365E-02,0.000000E+00,0.000000E+00,0.000000E+00,0.000000E+00,0.000000E+00,0.000000E+00,0.000000E+00,0.000000E+00,2.110805E+01,7.995060E+01,2.388815E+01,6.339854E+01
08:47:00,8.014350E+03,1.028911E+03,5.580229E-01,9.086722E-02,0.000000E+00,0.000000E+00,0.000000E+00,0.000000E+00,0.000000E+00,0.000000E+00,0.000000E+00,0.000000E+00,2.110805E+01,7.995060E+01,2.388815E+01,6.334950E+01
08:48:00,8.014350E+03,1.033734E+03,5.580229E-01,9.129317E-02,0.000000E+00,0.000000E+00,0.000000E+00,0.000000E+00,0.000000E+00,0.000000E+00,0.000000E+00,0.000000E+00,2.110805E+01,7.995060E+01,2.388815E+01,6.330038E+01
08:49:00,8.014350E+03,1.038584E+03,5.580229E-01,9.172151E-02,0.000000E+00,0.000000E+00,0.000000E+00,0.000000E+00,0.000000E+00,0.000000E+00,0.000000E+00,0.000000E+00,2.110805E+01,7.995060E+01,2.388815E+01,6.325117E+01
08:50:00,8.014350E+03,1.043461E+03,5.580229E-01,9.215224E-02,0.000000E+00,0.000000E+00,0.000000E+00,0.000000E+00,0.000000E+00,0.000000E+00,0.000000E+00,0.000000E+00,2.110805E+01,7.995060E+01,2.388815E+01,6.320188E+01
08:51:00,8.014350E+03,1.048365E+03,5.580229E-01,9.258535E-02,0.000000E+00,0.000000E+00,0.000000E+00,0.000000E+00,0.000000E+00,0.000000E+00,0.000000E+00,0.000000E+00,2.110805E+01,7.995060E+01,2.388814E+01,6.315252E+01
08:52:00,8.014350E+03,1.053296E+03,5.580229E-01,9.302088E-02,0.000000E+00,0.000000E+00,0.000000E+00,0.000000E+00,0.000000E+00,0.000000E+00,0.000000E+00,0.000000E+00,2.110805E+01,7.995060E+01,2.388814E+01,6.310309E+01
08:53:00,8.014350E+03,1.058255E+03,5.580229E-01,9.345884E-02,0.000000E+00,0.000000E+00,0.000000E+00,0.000000E+00,0.000000E+00,0.000000E+00,0.000000E+00,0.000000E+00,2.110805E+01,7.995060E+01,2.388814E+01,6.305359E+01
08:54:00,8.014350E+03,1.063281E+03,5.580229E-01,9.390270E-02,0.000000E+00,0.000000E+00,0.000000E+00,0.000000E+00,0.000000E+00,0.000000E+00,0.000000E+00,0.000000E+00,2.110805E+01,7.995060E+01,2.388814E+01,6.300404E+01
08:55:00,8.014350E+03,1.068336E+03,5.580229E-01,9.434910E-02,0.000000E+00,0.000000E+00,0.000000E+00,0.000000E+00,0.000000E+00,0.000000E+00,0.000000E+00,0.000000E+00,2.110805E+01,7.995060E+01,2.388814E+01,6.295406E+01
08:56:00,8.014350E+03,1.073419E+03,5.580229E-01,9.479802E-02,0.000000E+00,0.000000E+00,0.000000E+00,0.000000E+00,0.000000E+00,0.000000E+00,0.000000E+00,0.000000E+00,2.110805E+01,7.995060E+01,2.388813E+01,6.290378E+01
08:57:00,8.014350E+03,1.078530E+03,5.580229E-01,9.524947E-02,0.000000E+00,0.000000E+00,0.000000E+00,0.000000E+00,0.000000E+00,0.000000E+00,0.000000E+00,0.000000E+00,2.110805E+01,7.995060E+01,2.388813E+01,6.285338E+01
08:58:00,8.014350E+03,1.083670E+03,5.580229E-01,9.570343E-02,0.000000E+00,0.000000E+00,0.000000E+00,0.000000E+00,0.000000E+00,0.000000E+00,0.000000E+00,0.000000E+00,2.110805E+01,7.995060E+01,2.388813E+01,6.280293E+01
08:59:00,8.014350E+03,1.088839E+03,5.580229E-01,9.615990E-02,0.000000E+00,0.000000E+00,0.000000E+00,0.000000E+00,0.000000E+00,0.000000E+00,0.000000E+00,0.000000E+00,2.110805E+01,7.995060E+01,2.388813E+01,6.275248E+01
09:00:00,8.014350E+03,1.094036E+03,5.580229E-01,9.661889E-02,0.000000E+00,0.000000E+00,0.000000E+00,0.000000E+00,0.000000E+00,0.000000E+00,0.000000E+00,0.000000E+00,2.110805E+01,7.995060E+01,2.388813E+01,6.270201E+01
09:01:00,8.014350E+03,1.099250E+03,5.580229E-01,9.707940E-02,0.000000E+00,0.000000E+00,0.000000E+00,0.000000E+00,0.000000E+00,0.000000E+00,0.000000E+00,0.000000E+00,2.110805E+01,7.995060E+01,2.388813E+01,6.265154E+01
09:02:00,8.014350E+03,1.104482E+03,5.580229E-01,9.754144E-02,0.000000E+00,0.000000E+00,0.000000E+00,0.000000E+00,0.000000E+00,0.000000E+00,0.000000E+00,0.000000E+00,2.110805E+01,7.995060E+01,2.388812E+01,6.260111E+01
09:03:00,8.014350E+03,1.109731E+03,5.580229E-01,9.800500E-02,0.000000E+00,0.000000E+00,0.000000E+00,0.000000E+00,0.000000E+00,0.000000E+00,0.000000E+00,0.000000E+00,2.110805E+01,7.995060E+01,2.388812E+01,6.255078E+01
09:04:00,8.014350E+03,1.114997E+03,5.580229E-01,9.847011E-02,0.000000E+00,0.000000E+00,0.000000E+00,0.000000E+00,0.000000E+00,0.000000E+00,0.000000E+00,0.000000E+00,2.110805E+01,7.995060E+01,2.388812E+01,6.250054E+01
09:05:00,8.014350E+03,1.120281E+03,5.580229E-01,9.893679E-02,0.000000E+00,0.000000E+00,0.000000E+00,0.000000E+00,0.000000E+00,0.000000E+00,0.000000E+00,0.000000E+00,2.110805E+01,7.995060E+01,2.388812E+01,6.245040E+01
09:06:00,8.014350E+03,1.125582E+03,5.580229E-01,9.940498E-02,0.000000E+00,0.000000E+00,0.000000E+00,0.000000E+00,0.000000E+00,0.000000E+00,0.000000E+00,0.000000E+00,2.110805E+01,7.995060E+01,2.388812E+01,6.240036E+01
09:07:00,8.014350E+03,1.130901E+03,5.580229E-01,9.987475E-02,0.000000E+00,0.000000E+00,0.000000E+00,0.000000E+00,0.000000E+00,0.000000E+00,0.000000E+00,0.000000E+00,2.110805E+01,7.995060E+01,2.388812E+01,6.235042E+01
09:08:00,8.014350E+03,1.136239E+03,5.580229E-01,1.003461E-01,0.000000E+00,0.000000E+00,0.000000E+00,0.000000E+00,0.000000E+00,0.000000E+00,0.000000E+00,0.000000E+00,2.110805E+01,7.995060E+01,2.388811E+01,6.230059E+01
09:09:00,8.014350E+03,1.141593E+03,5.580229E-01,1.008190E-01,0.000000E+00,0.000000E+00,0.000000E+00,0.000000E+00,0.000000E+00,0.000000E+00,0.000000E+00,0.000000E+00,2.110805E+01,7.995060E+01,2.388811E+01,6.225084E+01
09:10:00,8.014350E+03,1.146966E+03,5.580229E-01,1.012935E-01,0.000000E+00,0.000000E+00,0.000000E+00,0.000000E+00,0.000000E+00,0.000000E+00,0.000000E+00,0.000000E+00,2.110805E+01,7.995060E+01,2.388811E+01,6.220120E+01
09:11:00,8.014350E+03,1.152357E+03,5.580229E-01,1.017696E-01,0.000000E+00,0.000000E+00,0.000000E+00,0.000000E+00,0.000000E+00,0.000000E+00,0.000000E+00,0.000000E+00,2.110805E+01,7.995060E+01,2.388811E+01,6.215166E+01
09:12:00,8.014350E+03,1.157766E+03,5.580229E-01,1.022473E-01,0.000000E+00,0.000000E+00,0.000000E+00,0.000000E+00,0.000000E+00,0.000000E+00,0.000000E+00,0.000000E+00,2.110805E+01,7.995060E+01,2.388811E+01,6.210221E+01
09:13:00,8.014350E+03,1.163193E+03,5.580229E-01,1.027266E-01,0.000000E+00,0.000000E+00,0.000000E+00,0.000000E+00,0.000000E+00,0.000000E+00,0.000000E+00,0.000000E+00,2.110805E+01,7.995060E+01,2.388811E+01,6.205287E+01
09:14:00,8.014350E+03,1.168638E+03,5.580229E-01,1.032075E-01,0.000000E+00,0.000000E+00,0.000000E+00,0.000000E+00,0.000000E+00,0.000000E+00,0.000000E+00,0.000000E+00,2.110805E+01,7.995060E+01,2.388811E+01,6.200363E+01
09:15:00,8.014350E+03,1.174095E+03,5.580229E-01,1.036895E-01,0.000000E+00,0.000000E+00,0.000000E+00,0.000000E+00,0.000000E+00,0.000000E+00,0.000000E+00,0.000000E+00,2.110805E+01,7.995060E+01,2.388810E+01,6.195449E+01
09:16:00,8.014350E+03,1.179565E+03,5.580229E-01,1.041726E-01,0.000000E+00,0.000000E+00,0.000000E+00,0.000000E+00,0.000000E+00,0.000000E+00,0.000000E+00,0.000000E+00,2.110805E+01,7.995060E+01,2.388810E+01,6.190545E+01
09:17:00,8.014350E+03,1.185047E+03,5.580229E-01,1.046568E-01,0.000000E+00,0.000000E+00,0.000000E+00,0.000000E+00,0.000000E+00,0.000000E+00,0.000000E+00,0.000000E+00,2.110805E+01,7.995060E+01,2.388810E+01,6.185651E+01
09:18:00,8.014350E+03,1.190541E+03,5.580229E-01,1.051419E-01,0.000000E+00,0.000000E+00,0.000000E+00,0.000000E+00,0.000000E+00,0.000000E+00,0.000000E+00,0.000000E+00,2.110805E+01,7.995060E+01,2.388810E+01,6.180768E+01
09:19:00,8.014350E+03,1.196046E+03,5.580229E-01,1.056281E-01,0.000000E+00,0.000000E+00,0.000000E+00,0.000000E+00,0.000000E+00,0.000000E+00,0.000000E+00,0.000000E+00,2.110805E+01,7.995060E+01,2.388810E+01,6.175894E+01
09:20:00,8.014350E+03,1.201562E+03,5.580229E-01,1.061153E-01,0.000000E+00,0.000000E+00,0.000000E+00,0.000000E+00,0.000000E+00,0.000000E+00,0.000000E+00,0.000000E+00,2.110805E+01,7.995060E+01,2.388810E+01,6.171032E+01
09:21:00,8.014350E+03,1.207089E+03,5.580229E-01,1.066034E-01,0.000000E+00,0.000000E+00,0.000000E+00,0.000000E+00,0.000000E+00,0.000000E+00,0.000000E+00,0.000000E+00,2.110805E+01,7.995060E+01,2.388810E+01,6.166180E+01
09:22:00,8.014350E+03,1.212627E+03,5.580229E-01,1.070925E-01,0.000000E+00,0.000000E+00,0.000000E+00,0.000000E+00,0.000000E+00,0.000000E+00,0.000000E+00,0.000000E+00,2.110805E+01,7.995060E+01,2.388809E+01,6.161339E+01
09:23:00,8.014350E+03,1.218175E+03,5.580229E-01,1.075825E-01,0.000000E+00,0.000000E+00,0.000000E+00,0.000000E+00,0.000000E+00,0.000000E+00,0.000000E+00,0.000000E+00,2.110805E+01,7.995060E+01,2.388809E+01,6.156508E+01
09:24:00,8.014350E+03,1.223733E+03,5.580229E-01,1.080734E-01,0.000000E+00,0.000000E+00,0.000000E+00,0.000000E+00,0.000000E+00,0.000000E+00,0.000000E+00,0.000000E+00,2.110805E+01,7.995060E+01,2.388809E+01,6.151688E+01
09:25:00,8.014350E+03,1.229302E+03,5.580229E-01,1.085652E-01,0.000000E+00,0.000000E+00,0.000000E+00,0.000000E+00,0.000000E+00,0.000000E+00,0.000000E+00,0.000000E+00,2.110805E+01,7.995060E+01,2.388809E+01,6.146879E+01
09:26:00,8.014350E+03,1.234880E+03,5.580229E-01,1.090579E-01,0.000000E+00,0.000000E+00,0.000000E+00,0.000000E+00,0.000000E+00,0.000000E+00,0.000000E+00,0.000000E+00,2.110805E+01,7.995060E+01,2.388809E+01,6.142081E+01
09:27:00,8.014350E+03,1.240467E+03,5.580229E-01,1.095513E-01,0.000000E+00,0.000000E+00,0.000000E+00,0.000000E+00,0.000000E+00,0.000000E+00,0.000000E+00,0.000000E+00,2.110805E+01,7.995060E+01,2.388809E+01,6.137293E+01
09:28:00,8.014350E+03,1.246064E+03,5.580229E-01,1.100456E-01,0.000000E+00,0.000000E+00,0.000000E+00,0.000000E+00,0.000000E+00,0.000000E+00,0.000000E+00,0.000000E+00,2.110805E+01,7.995060E+01,2.388809E+01,6.132517E+01
09:29:00,8.014350E+03,1.251670E+03,5.580229E-01,1.105407E-01,0.000000E+00,0.000000E+00,0.000000E+00,0.000000E+00,0.000000E+00,0.000000E+00,0.000000E+00,0.000000E+00,2.110805E+01,7.995060E+01,2.388809E+01,6.127753E+01
09:30:00,8.014350E+03,1.257285E+03,5.580229E-01,1.110366E-01,0.000000E+00,0.000000E+00,0.000000E+00,0.000000E+00,0.000000E+00,0.000000E+00,0.000000E+00,0.000000E+00,2.110805E+01,7.995060E+01,2.388808E+01,6.122999E+01
09:31:00,8.014350E+03,1.262907E+03,5.580229E-01,1.115332E-01,0.000000E+00,0.000000E+00,0.000000E+00,0.000000E+00,0.000000E+00,0.000000E+00,0.000000E+00,0.000000E+00,2.110805E+01,7.995060E+01,2.388808E+01,6.118258E+01
09:32:00,8.014350E+03,1.268539E+03,5.580229E-01,1.120305E-01,0.000000E+00,0.000000E+00,0.000000E+00,0.000000E+00,0.000000E+00,0.000000E+00,0.000000E+00,0.000000E+00,2.110805E+01,7.995060E+01,2.388808E+01,6.113528E+01
09:33:00,8.014350E+03,1.274178E+03,5.580229E-01,1.125286E-01,0.000000E+00,0.000000E+00,0.000000E+00,0.000000E+00,0.000000E+00,0.000000E+00,0.000000E+00,0.000000E+00,2.110805E+01,7.995060E+01,2.388808E+01,6.108810E+01
09:34:00,8.014350E+03,1.279825E+03,5.580229E-01,1.130273E-01,0.000000E+00,0.000000E+00,0.000000E+00,0.000000E+00,0.000000E+00,0.000000E+00,0.000000E+00,0.000000E+00,2.110805E+01,7.995060E+01,2.388808E+01,6.104104E+01
09:35:00,8.014350E+03,1.285479E+03,5.580229E-01,1.135267E-01,0.000000E+00,0.000000E+00,0.000000E+00,0.000000E+00,0.000000E+00,0.000000E+00,0.000000E+00,0.000000E+00,2.110805E+01,7.995060E+01,2.388808E+01,6.099410E+01
09:36:00,8.014350E+03,1.291141E+03,5.580229E-01,1.140267E-01,0.000000E+00,0.000000E+00,0.000000E+00,0.000000E+00,0.000000E+00,0.000000E+00,0.000000E+00,0.000000E+00,2.110805E+01,7.995060E+01,2.388808E+01,6.094728E+01
09:37:00,8.014350E+03,1.296810E+03,5.580229E-01,1.145274E-01,0.000000E+00,0.000000E+00,0.000000E+00,0.000000E+00,0.000000E+00,0.000000E+00,0.000000E+00,0.000000E+00,2.110805E+01,7.995060E+01,2.388807E+01,6.090058E+01
09:38:00,8.014350E+03,1.302486E+03,5.580229E-01,1.150286E-01,0.000000E+00,0.000000E+00,0.000000E+00,0.000000E+00,0.000000E+00,0.000000E+00,0.000000E+00,0.000000E+00,2.110805E+01,7.995060E+01,2.388807E+01,6.085401E+01
09:39:00,8.014350E+03,1.308168E+03,5.580229E-01,1.155305E-01,0.000000E+00,0.000000E+00,0.000000E+00,0.000000E+00,0.000000E+00,0.000000E+00,0.000000E+00,0.000000E+00,2.110805E+01,7.995060E+01,2.388807E+01,6.080756E+01
09:40:00,8.014350E+03,1.313857E+03,5.580229E-01,1.160329E-01,0.000000E+00,0.000000E+00,0.000000E+00,0.000000E+00,0.000000E+00,0.000000E+00,0.000000E+00,0.000000E+00,2.110805E+01,7.995060E+01,2.388807E+01,6.076124E+01
09:41:00,8.014350E+03,1.319551E+03,5.580229E-01,1.165358E-01,0.000000E+00,0.000000E+00,0.000000E+00,0.000000E+00,0.000000E+00,0.000000E+00,0.000000E+00,0.000000E+00,2.110805E+01,7.995060E+01,2.388807E+01,6.071504E+01
09:42:00,8.014350E+03,1.325252E+03,5.580229E-01,1.170393E-01,0.000000E+00,0.000000E+00,0.000000E+00,0.000000E+00,0.000000E+00,0.000000E+00,0.000000E+00,0.000000E+00,2.110805E+01,7.995060E+01,2.388807E+01,6.066898E+01
09:43:00,8.014350E+03,1.330959E+03,5.580229E-01,1.175433E-01,0.000000E+00,0.000000E+00,0.000000E+00,0.000000E+00,0.000000E+00,0.000000E+00,0.000000E+00,0.000000E+00,2.110805E+01,7.995060E+01,2.388807E+01,6.062304E+01
09:44:00,8.014350E+03,1.336670E+03,5.580229E-01,1.180477E-01,0.000000E+00,0.000000E+00,0.000000E+00,0.000000E+00,0.000000E+00,0.000000E+00,0.000000E+00,0.000000E+00,2.110805E+01,7.995060E+01,2.388807E+01,6.057723E+01
09:45:00,8.014350E+03,1.342387E+03,5.580229E-01,1.185527E-01,0.000000E+00,0.000000E+00,0.000000E+00,0.000000E+00,0.000000E+00,0.000000E+00,0.000000E+00,0.000000E+00,2.110805E+01,7.995060E+01,2.388806E+01,6.053156E+01
09:46:00,8.014350E+03,1.348109E+03,5.580229E-01,1.190580E-01,0.000000E+00,0.000000E+00,0.000000E+00,0.000000E+00,0.000000E+00,0.000000E+00,0.000000E+00,0.000000E+00,2.110805E+01,7.995060E+01,2.388806E+01,6.048602E+01
09:47:00,8.014350E+03,1.353836E+03,5.580229E-01,1.195638E-01,0.000000E+00,0.000000E+00,0.000000E+00,0.000000E+00,0.000000E+00,0.000000E+00,0.000000E+00,0.000000E+00,2.110805E+01,7.995060E+01,2.388806E+01,6.044060E+01
09:48:00,8.014350E+03,1.359567E+03,5.580229E-01,1.200700E-01,0.000000E+00,0.000000E+00,0.000000E+00,0.000000E+00,0.000000E+00,0.000000E+00,0.000000E+00,0.000000E+00,2.110805E+01,7.995060E+01,2.388806E+01,6.039533E+01
09:49:00,8.014350E+03,1.365303E+03,5.580229E-01,1.205765E-01,0.000000E+00,0.000000E+00,0.000000E+00,0.000000E+00,0.000000E+00,0.000000E+00,0.000000E+00,0.000000E+00,2.110805E+01,7.995060E+01,2.388806E+01,6.035019E+01
09:50:00,8.014350E+03,1.371043E+03,5.580229E-01,1.210834E-01,0.000000E+00,0.000000E+00,0.000000E+00,0.000000E+00,0.000000E+00,0.000000E+00,0.000000E+00,0.000000E+00,2.110805E+01,7.995060E+01,2.388806E+01,6.030519E+01
09:51:00,8.014350E+03,1.376787E+03,5.580229E-01,1.215907E-01,0.000000E+00,0.000000E+00,0.000000E+00,0.000000E+00,0.000000E+00,0.000000E+00,0.000000E+00,0.000000E+00,2.110805E+01,7.995060E+01,2.388806E+01,6.026033E+01
09:52:00,8.014350E+03,1.382534E+03,5.580229E-01,1.220983E-01,0.000000E+00,0.000000E+00,0.000000E+00,0.000000E+00,0.000000E+00,0.000000E+00,0.000000E+00,0.000000E+00,2.110805E+01,7.995060E+01,2.388806E+01,6.021560E+01
09:53:00,8.014350E+03,1.388285E+03,5.580229E-01,1.226062E-01,0.000000E+00,0.000000E+00,0.000000E+00,0.000000E+00,0.000000E+00,0.000000E+00,0.000000E+00,0.000000E+00,2.110805E+01,7.995060E+01,2.388805E+01,6.017102E+01
09:54:00,8.014350E+03,1.393999E+03,5.580229E-01,1.231109E-01,0.000000E+00,0.000000E+00,0.000000E+00,0.000000E+00,0.000000E+00,0.000000E+00,0.000000E+00,0.000000E+00,2.110805E+01,7.995060E+01,2.388805E+01,6.012657E+01
09:55:00,8.014350E+03,1.399716E+03,5.580229E-01,1.236158E-01,0.000000E+00,0.000000E+00,0.000000E+00,0.000000E+00,0.000000E+00,0.000000E+00,0.000000E+00,0.000000E+00,2.110805E+01,7.995060E+01,2.388805E+01,6.008227E+01
09:56:00,8.014350E+03,1.405434E+03,5.580229E-01,1.241208E-01,0.000000E+00,0.000000E+00,0.000000E+00,0.000000E+00,0.000000E+00,0.000000E+00,0.000000E+00,0.000000E+00,2.110805E+01,7.995060E+01,2.388805E+01,6.003811E+01
09:57:00,8.014350E+03,1.411154E+03,5.580229E-01,1.246260E-01,0.000000E+00,0.000000E+00,0.000000E+00,0.000000E+00,0.000000E+00,0.000000E+00,0.000000E+00,0.000000E+00,2.110805E+01,7.995060E+01,2.388805E+01,5.999409E+01
09:58:00,8.014350E+03,1.416876E+03,5.580229E-01,1.251313E-01,0.000000E+00,0.000000E+00,0.000000E+00,0.000000E+00,0.000000E+00,0.000000E+00,0.000000E+00,0.000000E+00,2.110805E+01,7.995060E+01,2.388805E+01,5.995022E+01
09:59:00,8.014350E+03,1.422600E+03,5.580229E-01,1.256368E-01,0.000000E+00,0.000000E+00,0.000000E+00,0.000000E+00,0.000000E+00,0.000000E+00,0.000000E+00,0.000000E+00,2.110805E+01,7.995060E+01,2.388805E+01,5.990649E+01
10:00:00,8.014350E+03,1.428325E+03,5.580229E-01,1.261425E-01,0.000000E+00,0.000000E+00,0.000000E+00,0.000000E+00,0.000000E+00,0.000000E+00,0.000000E+00,0.000000E+00,2.110805E+01,7.995060E+01,2.388805E+01,5.986291E+01
10:01:00,8.014350E+03,1.434052E+03,5.580229E-01,1.266483E-01,0.000000E+00,0.000000E+00,0.000000E+00,0.000000E+00,0.000000E+00,0.000000E+00,0.000000E+00,0.000000E+00,2.110805E+01,7.995060E+01,2.388805E+01,5.981947E+01
10:02:00,8.014350E+03,1.439780E+03,5.580229E-01,1.271541E-01,0.000000E+00,0.000000E+00,0.000000E+00,0.000000E+00,0.000000E+00,0.000000E+00,0.000000E+00,0.000000E+00,2.110805E+01,7.995060E+01,2.388804E+01,5.977623E+01
10:03:00,8.014350E+03,1.445509E+03,5.580229E-01,1.276601E-01,0.000000E+00,0.000000E+00,0.000000E+00,0.000000E+00,0.000000E+00,0.000000E+00,0.000000E+00,0.000000E+00,2.110805E+01,7.995060E+01,2.388804E+01,5.973322E+01
10:04:00,8.014350E+03,1.451239E+03,5.580229E-01,1.281662E-01,0.000000E+00,0.000000E+00,0.000000E+00,0.000000E+00,0.000000E+00,0.000000E+00,0.000000E+00,0.000000E+00,2.110805E+01,7.995060E+01,2.388804E+01,5.969043E+01
10:05:00,8.014350E+03,1.456969E+03,5.580229E-01,1.286723E-01,0.000000E+00,0.000000E+00,0.000000E+00,0.000000E+00,0.000000E+00,0.000000E+00,0.000000E+00,0.000000E+00,2.110805E+01,7.995060E+01,2.388804E+01,5.964788E+01
10:06:00,8.014350E+03,1.462701E+03,5.580229E-01,1.291784E-01,0.000000E+00,0.000000E+00,0.000000E+00,0.000000E+00,0.000000E+00,0.000000E+00,0.000000E+00,0.000000E+00,2.110805E+01,7.995060E+01,2.388804E+01,5.960555E+01
10:07:00,8.014350E+03,1.468432E+03,5.580229E-01,1.296846E-01,0.000000E+00,0.000000E+00,0.000000E+00,0.000000E+00,0.000000E+00,0.000000E+00,0.000000E+00,0.000000E+00,2.110805E+01,7.995060E+01,2.388804E+01,5.956345E+01
10:08:00,8.014350E+03,1.474163E+03,5.580229E-01,1.301907E-01,0.000000E+00,0.000000E+00,0.000000E+00,0.000000E+00,0.000000E+00,0.000000E+00,0.000000E+00,0.000000E+00,2.110805E+01,7.995060E+01,2.388804E+01,5.952157E+01
10:09:00,8.014350E+03,1.479894E+03,5.580229E-01,1.306969E-01,0.000000E+00,0.000000E+00,0.000000E+00,0.000000E+00,0.000000E+00,0.000000E+00,0.000000E+00,0.000000E+00,2.110805E+01,7.995060E+01,2.388804E+01,5.947991E+01
10:10:00,8.014350E+03,1.485625E+03,5.580229E-01,1.312030E-01,0.000000E+00,0.000000E+00,0.000000E+00,0.000000E+00,0.000000E+00,0.000000E+00,0.000000E+00,0.000000E+00,2.110805E+01,7.995060E+01,2.388804E+01,5.943846E+01
10:11:00,8.014350E+03,1.491354E+03,5.580229E-01,1.317091E-01,0.000000E+00,0.000000E+00,0.000000E+00,0.000000E+00,0.000000E+00,0.000000E+00,0.000000E+00,0.000000E+00,2.110805E+01,7.995060E+01,2.388804E+01,5.939722E+01
10:12:00,8.014350E+03,1.497084E+03,5.580229E-01,1.322151E-01,0.000000E+00,0.000000E+00,0.000000E+00,0.000000E+00,0.000000E+00,0.000000E+00,0.000000E+00,0.000000E+00,2.110805E+01,7.995060E+01,2.388804E+01,5.935620E+01
10:13:00,8.014350E+03,1.502812E+03,5.580229E-01,1.327210E-01,0.000000E+00,0.000000E+00,0.000000E+00,0.000000E+00,0.000000E+00,0.000000E+00,0.000000E+00,0.000000E+00,2.110805E+01,7.995060E+01,2.388803E+01,5.931538E+01
10:14:00,8.014350E+03,1.508539E+03,5.580229E-01,1.332267E-01,0.000000E+00,0.000000E+00,0.000000E+00,0.000000E+00,0.000000E+00,0.000000E+00,0.000000E+00,0.000000E+00,2.110805E+01,7.995060E+01,2.388803E+01,5.927478E+01
10:15:00,8.014350E+03,1.514264E+03,5.580229E-01,1.337324E-01,0.000000E+00,0.000000E+00,0.000000E+00,0.000000E+00,0.000000E+00,0.000000E+00,0.000000E+00,0.000000E+00,2.110805E+01,7.995060E+01,2.388803E+01,5.923438E+01
10:16:00,8.014350E+03,1.519988E+03,5.580229E-01,1.342379E-01,0.000000E+00,0.000000E+00,0.000000E+00,0.000000E+00,0.000000E+00,0.000000E+00,0.000000E+00,0.000000E+00,2.110805E+01,7.995060E+01,2.388803E+01,5.919418E+01
10:17:00,8.014350E+03,1.525710E+03,5.580229E-01,1.347432E-01,0.000000E+00,0.000000E+00,0.000000E+00,0.000000E+00,0.000000E+00,0.000000E+00,0.000000E+00,0.000000E+00,2.110805E+01,7.995060E+01,2.388803E+01,5.915418E+01
10:18:00,8.014350E+03,1.531429E+03,5.580229E-01,1.352484E-01,0.000000E+00,0.000000E+00,0.000000E+00,0.000000E+00,0.000000E+00,0.000000E+00,0.000000E+00,0.000000E+00,2.110805E+01,7.995060E+01,2.388803E+01,5.911439E+01
10:19:00,8.014350E+03,1.537147E+03,5.580229E-01,1.357534E-01,0.000000E+00,0.000000E+00,0.000000E+00,0.000000E+00,0.000000E+00,0.000000E+00,0.000000E+00,0.000000E+00,2.110805E+01,7.995060E+01,2.388803E+01,5.907479E+01
10:20:00,8.014350E+03,1.542862E+03,5.580229E-01,1.362581E-01,0.000000E+00,0.000000E+00,0.000000E+00,0.000000E+00,0.000000E+00,0.000000E+00,0.000000E+00,0.000000E+00,2.110805E+01,7.995060E+01,2.388803E+01,5.903539E+01
10:21:00,8.014350E+03,1.548574E+03,5.580229E-01,1.367626E-01,0.000000E+00,0.000000E+00,0.000000E+00,0.000000E+00,0.000000E+00,0.000000E+00,0.000000E+00,0.000000E+00,2.110805E+01,7.995060E+01,2.388803E+01,5.899618E+01
10:22:00,8.014350E+03,1.554284E+03,5.580229E-01,1.372669E-01,0.000000E+00,0.000000E+00,0.000000E+00,0.000000E+00,0.000000E+00,0.000000E+00,0.000000E+00,0.000000E+00,2.110805E+01,7.995060E+01,2.388803E+01,5.895717E+01
10:23:00,8.014350E+03,1.559990E+03,5.580229E-01,1.377708E-01,0.000000E+00,0.000000E+00,0.000000E+00,0.000000E+00,0.000000E+00,0.000000E+00,0.000000E+00,0.000000E+00,2.110805E+01,7.995060E+01,2.388803E+01,5.891835E+01
10:24:00,8.014350E+03,1.565693E+03,5.580229E-01,1.382745E-01,0.000000E+00,0.000000E+00,0.000000E+00,0.000000E+00,0.000000E+00,0.000000E+00,0.000000E+00,0.000000E+00,2.110805E+01,7.995060E+01,2.388802E+01,5.887973E+01
10:25:00,8.014350E+03,1.571393E+03,5.580229E-01,1.387779E-01,0.000000E+00,0.000000E+00,0.000000E+00,0.000000E+00,0.000000E+00,0.000000E+00,0.000000E+00,0.000000E+00,2.110805E+01,7.995060E+01,2.388802E+01,5.884129E+01
10:26:00,8.014350E+03,1.577089E+03,5.580229E-01,1.392809E-01,0.000000E+00,0.000000E+00,0.000000E+00,0.000000E+00,0.000000E+00,0.000000E+00,0.000000E+00,0.000000E+00,2.110805E+01,7.995060E+01,2.388802E+01,5.880305E+01
10:27:00,8.014350E+03,1.582781E+03,5.580229E-01,1.397836E-01,0.000000E+00,0.000000E+00,0.000000E+00,0.000000E+00,0.000000E+00,0.000000E+00,0.000000E+00,0.000000E+00,2.110805E+01,7.995060E+01,2.388802E+01,5.876499E+01
10:28:00,8.014350E+03,1.588469E+03,5.580229E-01,1.402860E-01,0.000000E+00,0.000000E+00,0.000000E+00,0.000000E+00,0.000000E+00,0.000000E+00,0.000000E+00,0.000000E+00,2.110805E+01,7.995060E+01,2.388802E+01,5.872711E+01
10:29:00,8.014350E+03,1.594153E+03,5.580229E-01,1.407880E-01,0.000000E+00,0.000000E+00,0.000000E+00,0.000000E+00,0.000000E+00,0.000000E+00,0.000000E+00,0.000000E+00,2.110805E+01,7.995060E+01,2.388802E+01,5.868942E+01
10:30:00,8.014350E+03,1.599832E+03,5.580229E-01,1.412895E-01,0.000000E+00,0.000000E+00,0.000000E+00,0.000000E+00,0.000000E+00,0.000000E+00,0.000000E+00,0.000000E+00,2.110805E+01,7.995060E+01,2.388802E+01,5.865192E+01
10:31:00,8.014350E+03,1.605507E+03,5.580229E-01,1.417907E-01,0.000000E+00,0.000000E+00,0.000000E+00,0.000000E+00,0.000000E+00,0.000000E+00,0.000000E+00,0.000000E+00,2.110805E+01,7.995060E+01,2.388802E+01,5.861459E+01
10:32:00,8.014350E+03,1.611177E+03,5.580229E-01,1.422915E-01,0.000000E+00,0.000000E+00,0.000000E+00,0.000000E+00,0.000000E+00,0.000000E+00,0.000000E+00,0.000000E+00,2.110805E+01,7.995060E+01,2.388802E+01,5.857745E+01
10:33:00,8.014350E+03,1.616843E+03,5.580229E-01,1.427919E-01,0.000000E+00,0.000000E+00,0.000000E+00,0.000000E+00,0.000000E+00,0.000000E+00,0.000000E+00,0.000000E+00,2.110805E+01,7.995060E+01,2.388802E+01,5.854049E+01
10:34:00,8.014350E+03,1.622503E+03,5.580229E-01,1.432918E-01,0.000000E+00,0.000000E+00,0.000000E+00,0.000000E+00,0.000000E+00,0.000000E+00,0.000000E+00,0.000000E+00,2.110805E+01,7.995060E+01,2.388802E+01,5.850371E+01
10:35:00,8.014350E+03,1.628158E+03,5.580229E-01,1.437913E-01,0.000000E+00,0.000000E+00,0.000000E+00,0.000000E+00,0.000000E+00,0.000000E+00,0.000000E+00,0.000000E+00,2.110805E+01,7.995060E+01,2.388802E+01,5.846711E+01
10:36:00,8.014350E+03,1.633808E+03,5.580229E-01,1.442902E-01,0.000000E+00,0.000000E+00,0.000000E+00,0.000000E+00,0.000000E+00,0.000000E+00,0.000000E+00,0.000000E+00,2.110805E+01,7.995060E+01,2.388801E+01,5.843068E+01
10:37:00,8.014350E+03,1.639452E+03,5.580229E-01,1.447887E-01,0.000000E+00,0.000000E+00,0.000000E+00,0.000000E+00,0.000000E+00,0.000000E+00,0.000000E+00,0.000000E+00,2.110805E+01,7.995060E+01,2.388801E+01,5.839444E+01
10:38:00,8.014350E+03,1.645091E+03,5.580229E-01,1.452867E-01,0.000000E+00,0.000000E+00,0.000000E+00,0.000000E+00,0.000000E+00,0.000000E+00,0.000000E+00,0.000000E+00,2.110805E+01,7.995060E+01,2.388801E+01,5.835837E+01
10:39:00,8.014350E+03,1.650723E+03,5.580229E-01,1.457842E-01,0.000000E+00,0.000000E+00,0.000000E+00,0.000000E+00,0.000000E+00,0.000000E+00,0.000000E+00,0.000000E+00,2.110805E+01,7.995060E+01,2.388801E+01,5.832247E+01
10:40:00,8.014350E+03,1.656350E+03,5.580229E-01,1.462811E-01,0.000000E+00,0.000000E+00,0.000000E+00,0.000000E+00,0.000000E+00,0.000000E+00,0.000000E+00,0.000000E+00,2.110805E+01,7.995060E+01,2.388801E+01,5.828674E+01
10:41:00,8.014350E+03,1.661970E+03,5.580229E-01,1.467774E-01,0.000000E+00,0.000000E+00,0.000000E+00,0.000000E+00,0.000000E+00,0.000000E+00,0.000000E+00,0.000000E+00,2.110805E+01,7.995060E+01,2.388801E+01,5.825119E+01
10:42:00,8.014350E+03,1.667584E+03,5.580229E-01,1.472732E-01,0.000000E+00,0.000000E+00,0.000000E+00,0.000000E+00,0.000000E+00,0.000000E+00,0.000000E+00,0.000000E+00,2.110805E+01,7.995060E+01,2.388801E+01,5.821582E+01
10:43:00,8.014350E+03,1.673191E+03,5.580229E-01,1.477684E-01,0.000000E+00,0.000000E+00,0.000000E+00,0.000000E+00,0.000000E+00,0.000000E+00,0.000000E+00,0.000000E+00,2.110805E+01,7.995060E+01,2.388801E+01,5.818061E+01
10:44:00,8.014350E+03,1.678791E+03,5.580229E-01,1.482630E-01,0.000000E+00,0.000000E+00,0.000000E+00,0.000000E+00,0.000000E+00,0.000000E+00,0.000000E+00,0.000000E+00,2.110805E+01,7.995060E+01,2.388801E+01,5.814558E+01
10:45:00,8.014350E+03,1.684385E+03,5.580229E-01,1.487570E-01,0.000000E+00,0.000000E+00,0.000000E+00,0.000000E+00,0.000000E+00,0.000000E+00,0.000000E+00,0.000000E+00,2.110805E+01,7.995060E+01,2.388801E+01,5.811072E+01
10:46:00,8.014350E+03,1.689971E+03,5.580229E-01,1.492504E-01,0.000000E+00,0.000000E+00,0.000000E+00,0.000000E+00,0.000000E+00,0.000000E+00,0.000000E+00,0.000000E+00,2.110805E+01,7.995060E+01,2.388801E+01,5.807602E+01
10:47:00,8.014350E+03,1.695550E+03,5.580229E-01,1.497432E-01,0.000000E+00,0.000000E+00,0.000000E+00,0.000000E+00,0.000000E+00,0.000000E+00,0.000000E+00,0.000000E+00,2.110805E+01,7.995060E+01,2.388801E+01,5.804150E+01
10:48:00,8.014350E+03,1.701121E+03,5.580229E-01,1.502351E-01,0.000000E+00,0.000000E+00,0.000000E+00,0.000000E+00,0.000000E+00,0.000000E+00,0.000000E+00,0.000000E+00,2.110805E+01,7.995060E+01,2.388800E+01,5.800714E+01
10:49:00,8.014350E+03,1.706685E+03,5.580229E-01,1.507265E-01,0.000000E+00,0.000000E+00,0.000000E+00,0.000000E+00,0.000000E+00,0.000000E+00,0.000000E+00,0.000000E+00,2.110805E+01,7.995060E+01,2.388800E+01,5.797297E+01
10:50:00,8.014350E+03,1.712240E+03,5.580229E-01,1.512171E-01,0.000000E+00,0.000000E+00,0.000000E+00,0.000000E+00,0.000000E+00,0.000000E+00,0.000000E+00,0.000000E+00,2.110805E+01,7.995060E+01,2.388800E+01,5.793895E+01
10:51:00,8.014350E+03,1.717788E+03,5.580229E-01,1.517071E-01,0.000000E+00,0.000000E+00,0.000000E+00,0.000000E+00,0.000000E+00,0.000000E+00,0.000000E+00,0.000000E+00,2.110805E+01,7.995060E+01,2.388800E+01,5.790511E+01
10:52:00,8.014350E+03,1.723327E+03,5.580229E-01,1.521963E-01,0.000000E+00,0.000000E+00,0.000000E+00,0.000000E+00,0.000000E+00,0.000000E+00,0.000000E+00,0.000000E+00,2.110805E+01,7.995060E+01,2.388800E+01,5.787143E+01
10:53:00,8.014350E+03,1.728858E+03,5.580229E-01,1.526848E-01,0.000000E+00,0.000000E+00,0.000000E+00,0.000000E+00,0.000000E+00,0.000000E+00,0.000000E+00,0.000000E+00,2.110805E+01,7.995060E+01,2.388800E+01,5.783792E+01
10:54:00,8.014350E+03,1.734381E+03,5.580229E-01,1.531725E-01,0.000000E+00,0.000000E+00,0.000000E+00,0.000000E+00,0.000000E+00,0.000000E+00,0.000000E+00,0.000000E+00,2.110805E+01,7.995060E+01,2.388800E+01,5.780457E+01
10:55:00,8.014350E+03,1.739894E+03,5.580229E-01,1.536594E-01,0.000000E+00,0.000000E+00,0.000000E+00,0.000000E+00,0.000000E+00,0.000000E+00,0.000000E+00,0.000000E+00,2.110805E+01,7.995060E+01,2.388800E+01,5.777139E+01
10:56:00,8.014350E+03,1.745399E+03,5.580229E-01,1.541457E-01,0.000000E+00,0.000000E+00,0.000000E+00,0.000000E+00,0.000000E+00,0.000000E+00,0.000000E+00,0.000000E+00,2.110805E+01,7.995060E+01,2.388800E+01,5.773839E+01
10:57:00,8.014350E+03,1.750895E+03,5.580229E-01,1.546311E-01,0.000000E+00,0.000000E+00,0.000000E+00,0.000000E+00,0.000000E+00,0.000000E+00,0.000000E+00,0.000000E+00,2.110805E+01,7.995060E+01,2.388800E+01,5.770553E+01
10:58:00,8.014350E+03,1.756382E+03,5.580229E-01,1.551157E-01,0.000000E+00,0.000000E+00,0.000000E+00,0.000000E+00,0.000000E+00,0.000000E+00,0.000000E+00,0.000000E+00,2.110805E+01,7.995060E+01,2.388800E+01,5.767285E+01
10:59:00,8.014350E+03,1.761860E+03,5.580229E-01,1.555994E-01,0.000000E+00,0.000000E+00,0.000000E+00,0.000000E+00,0.000000E+00,0.000000E+00,0.000000E+00,0.000000E+00,2.110805E+01,7.995060E+01,2.388800E+01,5.764032E+01
11:00:00,8.014350E+03,1.767329E+03,5.580229E-01,1.560824E-01,0.000000E+00,0.000000E+00,0.000000E+00,0.000000E+00,0.000000E+00,0.000000E+00,0.000000E+00,0.000000E+00,2.110805E+01,7.995060E+01,2.388800E+01,5.760795E+01
11:01:00,8.014350E+03,1.772778E+03,5.580229E-01,1.565638E-01,0.000000E+00,0.000000E+00,0.000000E+00,0.000000E+00,0.000000E+00,0.000000E+00,0.000000E+00,0.000000E+00,2.110805E+01,7.995060E+01,2.388800E+01,5.757575E+01
11:02:00,8.014350E+03,1.778210E+03,5.580229E-01,1.570435E-01,0.000000E+00,0.000000E+00,0.000000E+00,0.000000E+00,0.000000E+00,0.000000E+00,0.000000E+00,0.000000E+00,2.110805E+01,7.995060E+01,2.388800E+01,5.754381E+01
11:03:00,8.014350E+03,1.783624E+03,5.580229E-01,1.575216E-01,0.000000E+00,0.000000E+00,0.000000E+00,0.000000E+00,0.000000E+00,0.000000E+00,0.000000E+00,0.000000E+00,2.110805E+01,7.995060E+01,2.388799E+01,5.751220E+01
11:04:00,8.014350E+03,1.789019E+03,5.580229E-01,1.579981E-01,0.000000E+00,0.000000E+00,0.000000E+00,0.000000E+00,0.000000E+00,0.000000E+00,0.000000E+00,0.000000E+00,2.110805E+01,7.995060E+01,2.388799E+01,5.748094E+01
11:05:00,8.014350E+03,1.794396E+03,5.580229E-01,1.584729E-01,0.000000E+00,0.000000E+00,0.000000E+00,0.000000E+00,0.000000E+00,0.000000E+00,0.000000E+00,0.000000E+00,2.110805E+01,7.995060E+01,2.388799E+01,5.745002E+01
11:06:00,8.014350E+03,1.799754E+03,5.580229E-01,1.589462E-01,0.000000E+00,0.000000E+00,0.000000E+00,0.000000E+00,0.000000E+00,0.000000E+00,0.000000E+00,0.000000E+00,2.110805E+01,7.995060E+01,2.388799E+01,5.741941E+01
11:07:00,8.014350E+03,1.805093E+03,5.580229E-01,1.594177E-01,0.000000E+00,0.000000E+00,0.000000E+00,0.000000E+00,0.000000E+00,0.000000E+00,0.000000E+00,0.000000E+00,2.110805E+01,7.995060E+01,2.388799E+01,5.738913E+01
11:08:00,8.014350E+03,1.810412E+03,5.580229E-01,1.598875E-01,0.000000E+00,0.000000E+00,0.000000E+00,0.000000E+00,0.000000E+00,0.000000E+00,0.000000E+00,0.000000E+00,2.110805E+01,7.995060E+01,2.388799E+01,5.735915E+01
11:09:00,8.014350E+03,1.815713E+03,5.580229E-01,1.603556E-01,0.000000E+00,0.000000E+00,0.000000E+00,0.000000E+00,0.000000E+00,0.000000E+00,0.000000E+00,0.000000E+00,2.110805E+01,7.995060E+01,2.388799E+01,5.732948E+01
11:10:00,8.014350E+03,1.820994E+03,5.580229E-01,1.608220E-01,0.000000E+00,0.000000E+00,0.000000E+00,0.000000E+00,0.000000E+00,0.000000E+00,0.000000E+00,0.000000E+00,2.110805E+01,7.995060E+01,2.388799E+01,5.730009E+01
11:11:00,8.014350E+03,1.826255E+03,5.580229E-01,1.612867E-01,0.000000E+00,0.000000E+00,0.000000E+00,0.000000E+00,0.000000E+00,0.000000E+00,0.000000E+00,0.000000E+00,2.110805E+01,7.995060E+01,2.388799E+01,5.727099E+01
11:12:00,8.014350E+03,1.831497E+03,5.580229E-01,1.617496E-01,0.000000E+00,0.000000E+00,0.000000E+00,0.000000E+00,0.000000E+00,0.000000E+00,0.000000E+00,0.000000E+00,2.110805E+01,7.995060E+01,2.388799E+01,5.724218E+01
11:13:00,8.014350E+03,1.836719E+03,5.580229E-01,1.622108E-01,0.000000E+00,0.000000E+00,0.000000E+00,0.000000E+00,0.000000E+00,0.000000E+00,0.000000E+00,0.000000E+00,2.110805E+01,7.995060E+01,2.388799E+01,5.721363E+01
11:14:00,8.014350E+03,1.841920E+03,5.580229E-01,1.626702E-01,0.000000E+00,0.000000E+00,0.000000E+00,0.000000E+00,0.000000E+00,0.000000E+00,0.000000E+00,0.000000E+00,2.110805E+01,7.995060E+01,2.388799E+01,5.718535E+01
11:15:00,8.014350E+03,1.847102E+03,5.580229E-01,1.631278E-01,0.000000E+00,0.000000E+00,0.000000E+00,0.000000E+00,0.000000E+00,0.000000E+00,0.000000E+00,0.000000E+00,2.110805E+01,7.995060E+01,2.388799E+01,5.715733E+01
11:16:00,8.014350E+03,1.852263E+03,5.580229E-01,1.635836E-01,0.000000E+00,0.000000E+00,0.000000E+00,0.000000E+00,0.000000E+00,0.000000E+00,0.000000E+00,0.000000E+00,2.110805E+01,7.995060E+01,2.388799E+01,5.712956E+01
11:17:00,8.014350E+03,1.857404E+03,5.580229E-01,1.640377E-01,0.000000E+00,0.000000E+00,0.000000E+00,0.000000E+00,0.000000E+00,0.000000E+00,0.000000E+00,0.000000E+00,2.110805E+01,7.995060E+01,2.388799E+01,5.710205E+01
11:18:00,8.014350E+03,1.862525E+03,5.580229E-01,1.644899E-01,0.000000E+00,0.000000E+00,0.000000E+00,0.000000E+00,0.000000E+00,0.000000E+00,0.000000E+00,0.000000E+00,2.110805E+01,7.995060E+01,2.388799E+01,5.707477E+01
11:19:00,8.014350E+03,1.867626E+03,5.580229E-01,1.649404E-01,0.000000E+00,0.000000E+00,0.000000E+00,0.000000E+00,0.000000E+00,0.000000E+00,0.000000E+00,0.000000E+00,2.110805E+01,7.995060E+01,2.388799E+01,5.704773E+01
11:20:00,8.014350E+03,1.872707E+03,5.580229E-01,1.653892E-01,0.000000E+00,0.000000E+00,0.000000E+00,0.000000E+00,0.000000E+00,0.000000E+00,0.000000E+00,0.000000E+00,2.110805E+01,7.995060E+01,2.388799E+01,5.702091E+01
11:21:00,8.014350E+03,1.877768E+03,5.580229E-01,1.658362E-01,0.000000E+00,0.000000E+00,0.000000E+00,0.000000E+00,0.000000E+00,0.000000E+00,0.000000E+00,0.000000E+00,2.110805E+01,7.995060E+01,2.388799E+01,5.699431E+01
11:22:00,8.014350E+03,1.882810E+03,5.580229E-01,1.662814E-01,0.000000E+00,0.000000E+00,0.000000E+00,0.000000E+00,0.000000E+00,0.000000E+00,0.000000E+00,0.000000E+00,2.110805E+01,7.995060E+01,2.388799E+01,5.696792E+01
11:23:00,8.014350E+03,1.887831E+03,5.580229E-01,1.667249E-01,0.000000E+00,0.000000E+00,0.000000E+00,0.000000E+00,0.000000E+00,0.000000E+00,0.000000E+00,0.000000E+00,2.110805E+01,7.995060E+01,2.388799E+01,5.694173E+01
11:24:00,8.014350E+03,1.892833E+03,5.580229E-01,1.671667E-01,0.000000E+00,0.000000E+00,0.000000E+00,0.000000E+00,0.000000E+00,0.000000E+00,0.000000E+00,0.000000E+00,2.110805E+01,7.995060E+01,2.388799E+01,5.691574E+01
11:25:00,8.014350E+03,1.897815E+03,5.580229E-01,1.676067E-01,0.000000E+00,0.000000E+00,0.000000E+00,0.000000E+00,0.000000E+00,0.000000E+00,0.000000E+00,0.000000E+00,2.110805E+01,7.995060E+01,2.388799E+01,5.688995E+01
11:26:00,8.014350E+03,1.902778E+03,5.580229E-01,1.680450E-01,0.000000E+00,0.000000E+00,0.000000E+00,0.000000E+00,0.000000E+00,0.000000E+00,0.000000E+00,0.000000E+00,2.110805E+01,7.995060E+01,2.388799E+01,5.686435E+01
11:27:00,8.014350E+03,1.907720E+03,5.580229E-01,1.684815E-01,0.000000E+00,0.000000E+00,0.000000E+00,0.000000E+00,0.000000E+00,0.000000E+00,0.000000E+00,0.000000E+00,2.110805E+01,7.995060E+01,2.388799E+01,5.683893E+01
11:28:00,8.014350E+03,1.912643E+03,5.580229E-01,1.689162E-01,0.000000E+00,0.000000E+00,0.000000E+00,0.000000E+00,0.000000E+00,0.000000E+00,0.000000E+00,0.000000E+00,2.110805E+01,7.995060E+01,2.388799E+01,5.681369E+01
11:29:00,8.014350E+03,1.917546E+03,5.580229E-01,1.693493E-01,0.000000E+00,0.000000E+00,0.000000E+00,0.000000E+00,0.000000E+00,0.000000E+00,0.000000E+00,0.000000E+00,2.110805E+01,7.995060E+01,2.388798E+01,5.678862E+01
11:30:00,8.014350E+03,1.922430E+03,5.580229E-01,1.697806E-01,0.000000E+00,0.000000E+00,0.000000E+00,0.000000E+00,0.000000E+00,0.000000E+00,0.000000E+00,0.000000E+00,2.110805E+01,7.995060E+01,2.388798E+01,5.676373E+01
11:31:00,8.014350E+03,1.927295E+03,5.580229E-01,1.702102E-01,0.000000E+00,0.000000E+00,0.000000E+00,0.000000E+00,0.000000E+00,0.000000E+00,0.000000E+00,0.000000E+00,2.110805E+01,7.995060E+01,2.388798E+01,5.673899E+01
11:32:00,8.014350E+03,1.932140E+03,5.580229E-01,1.706381E-01,0.000000E+00,0.000000E+00,0.000000E+00,0.000000E+00,0.000000E+00,0.000000E+00,0.000000E+00,0.000000E+00,2.110805E+01,7.995060E+01,2.388798E+01,5.671442E+01
11:33:00,8.014350E+03,1.936965E+03,5.580229E-01,1.710643E-01,0.000000E+00,0.000000E+00,0.000000E+00,0.000000E+00,0.000000E+00,0.000000E+00,0.000000E+00,0.000000E+00,2.110805E+01,7.995060E+01,2.388798E+01,5.669000E+01
11:34:00,8.014350E+03,1.941772E+03,5.580229E-01,1.714889E-01,0.000000E+00,0.000000E+00,0.000000E+00,0.000000E+00,0.000000E+00,0.000000E+00,0.000000E+00,0.000000E+00,2.110805E+01,7.995060E+01,2.388798E+01,5.666573E+01
11:35:00,8.014350E+03,1.946560E+03,5.580229E-01,1.719117E-01,0.000000E+00,0.000000E+00,0.000000E+00,0.000000E+00,0.000000E+00,0.000000E+00,0.000000E+00,0.000000E+00,2.110805E+01,7.995060E+01,2.388798E+01,5.664161E+01
11:36:00,8.014350E+03,1.951330E+03,5.580229E-01,1.723330E-01,0.000000E+00,0.000000E+00,0.000000E+00,0.000000E+00,0.000000E+00,0.000000E+00,0.000000E+00,0.000000E+00,2.110805E+01,7.995060E+01,2.388798E+01,5.661763E+01
11:37:00,8.014350E+03,1.956082E+03,5.580229E-01,1.727527E-01,0.000000E+00,0.000000E+00,0.000000E+00,0.000000E+00,0.000000E+00,0.000000E+00,0.000000E+00,0.000000E+00,2.110805E+01,7.995060E+01,2.388798E+01,5.659378E+01
11:38:00,8.014350E+03,1.960816E+03,5.580229E-01,1.731708E-01,0.000000E+00,0.000000E+00,0.000000E+00,0.000000E+00,0.000000E+00,0.000000E+00,0.000000E+00,0.000000E+00,2.110805E+01,7.995060E+01,2.388798E+01,5.657006E+01
11:39:00,8.014350E+03,1.965533E+03,5.580229E-01,1.735874E-01,0.000000E+00,0.000000E+00,0.000000E+00,0.000000E+00,0.000000E+00,0.000000E+00,0.000000E+00,0.000000E+00,2.110805E+01,7.995060E+01,2.388798E+01,5.654646E+01
11:40:00,8.014350E+03,1.970233E+03,5.580229E-01,1.740025E-01,0.000000E+00,0.000000E+00,0.000000E+00,0.000000E+00,0.000000E+00,0.000000E+00,0.000000E+00,0.000000E+00,2.110805E+01,7.995060E+01,2.388798E+01,5.652297E+01
11:41:00,8.014350E+03,1.974917E+03,5.580229E-01,1.744161E-01,0.000000E+00,0.000000E+00,0.000000E+00,0.000000E+00,0.000000E+00,0.000000E+00,0.000000E+00,0.000000E+00,2.110805E+01,7.995060E+01,2.388798E+01,5.649959E+01
11:42:00,8.014350E+03,1.979587E+03,5.580229E-01,1.748285E-01,0.000000E+00,0.000000E+00,0.000000E+00,0.000000E+00,0.000000E+00,0.000000E+00,0.000000E+00,0.000000E+00,2.110805E+01,7.995060E+01,2.388798E+01,5.647631E+01
11:43:00,8.014350E+03,1.984241E+03,5.580229E-01,1.752396E-01,0.000000E+00,0.000000E+00,0.000000E+00,0.000000E+00,0.000000E+00,0.000000E+00,0.000000E+00,0.000000E+00,2.110805E+01,7.995060E+01,2.388798E+01,5.645311E+01
11:44:00,8.014350E+03,1.988883E+03,5.580229E-01,1.756495E-01,0.000000E+00,0.000000E+00,0.000000E+00,0.000000E+00,0.000000E+00,0.000000E+00,0.000000E+00,0.000000E+00,2.110805E+01,7.995060E+01,2.388798E+01,5.643000E+01
11:45:00,8.014350E+03,1.993512E+03,5.580229E-01,1.760584E-01,0.000000E+00,0.000000E+00,0.000000E+00,0.000000E+00,0.000000E+00,0.000000E+00,0.000000E+00,0.000000E+00,2.110805E+01,7.995060E+01,2.388798E+01,5.640695E+01
11:46:00,8.014350E+03,1.998129E+03,5.580229E-01,1.764661E-01,0.000000E+00,0.000000E+00,0.000000E+00,0.000000E+00,0.000000E+00,0.000000E+00,0.000000E+00,0.000000E+00,2.110805E+01,7.995060E+01,2.388798E+01,5.638396E+01
11:47:00,8.014350E+03,2.002735E+03,5.580229E-01,1.768729E-01,0.000000E+00,0.000000E+00,0.000000E+00,0.000000E+00,0.000000E+00,0.000000E+00,0.000000E+00,0.000000E+00,2.110805E+01,7.995060E+01,2.388798E+01,5.636101E+01
11:48:00,8.014350E+03,2.007331E+03,5.580229E-01,1.772789E-01,0.000000E+00,0.000000E+00,0.000000E+00,0.000000E+00,0.000000E+00,0.000000E+00,0.000000E+00,0.000000E+00,2.110805E+01,7.995060E+01,2.388797E+01,5.633811E+01
11:49:00,8.014350E+03,2.011915E+03,5.580229E-01,1.776837E-01,0.000000E+00,0.000000E+00,0.000000E+00,0.000000E+00,0.000000E+00,0.000000E+00,0.000000E+00,0.000000E+00,2.110805E+01,7.995060E+01,2.388797E+01,5.631524E+01
11:50:00,8.014350E+03,2.016490E+03,5.580229E-01,1.780878E-01,0.000000E+00,0.000000E+00,0.000000E+00,0.000000E+00,0.000000E+00,0.000000E+00,0.000000E+00,0.000000E+00,2.110805E+01,7.995060E+01,2.388797E+01,5.629242E+01
11:51:00,8.014350E+03,2.021053E+03,5.580229E-01,1.784908E-01,0.000000E+00,0.000000E+00,0.000000E+00,0.000000E+00,0.000000E+00,0.000000E+00,0.000000E+00,0.000000E+00,2.110805E+01,7.995060E+01,2.388797E+01,5.626964E+01
11:52:00,8.014350E+03,2.025607E+03,5.580229E-01,1.788929E-01,0.000000E+00,0.000000E+00,0.000000E+00,0.000000E+00,0.000000E+00,0.000000E+00,0.000000E+00,0.000000E+00,2.110805E+01,7.995060E+01,2.388797E+01,5.624690E+01
11:53:00,8.014350E+03,2.030147E+03,5.580229E-01,1.792939E-01,0.000000E+00,0.000000E+00,0.000000E+00,0.000000E+00,0.000000E+00,0.000000E+00,0.000000E+00,0.000000E+00,2.110805E+01,7.995060E+01,2.388797E+01,5.622420E+01
11:54:00,8.014350E+03,2.034675E+03,5.580229E-01,1.796938E-01,0.000000E+00,0.000000E+00,0.000000E+00,0.000000E+00,0.000000E+00,0.000000E+00,0.000000E+00,0.000000E+00,2.110805E+01,7.995060E+01,2.388797E+01,5.620157E+01
11:55:00,8.014350E+03,2.039187E+03,5.580229E-01,1.800923E-01,0.000000E+00,0.000000E+00,0.000000E+00,0.000000E+00,0.000000E+00,0.000000E+00,0.000000E+00,0.000000E+00,2.110805E+01,7.995060E+01,2.388797E+01,5.617901E+01
11:56:00,8.014350E+03,2.043682E+03,5.580229E-01,1.804892E-01,0.000000E+00,0.000000E+00,0.000000E+00,0.000000E+00,0.000000E+00,0.000000E+00,0.000000E+00,0.000000E+00,2.110805E+01,7.995060E+01,2.388797E+01,5.615654E+01
11:57:00,8.014350E+03,2.048161E+03,5.580229E-01,1.808848E-01,0.000000E+00,0.000000E+00,0.000000E+00,0.000000E+00,0.000000E+00,0.000000E+00,0.000000E+00,0.000000E+00,2.110805E+01,7.995060E+01,2.388797E+01,5.613419E+01
11:58:00,8.014350E+03,2.052622E+03,5.580229E-01,1.812788E-01,0.000000E+00,0.000000E+00,0.000000E+00,0.000000E+00,0.000000E+00,0.000000E+00,0.000000E+00,0.000000E+00,2.110805E+01,7.995060E+01,2.388797E+01,5.611196E+01
11:59:00,8.014350E+03,2.057065E+03,5.580229E-01,1.816712E-01,0.000000E+00,0.000000E+00,0.000000E+00,0.000000E+00,0.000000E+00,0.000000E+00,0.000000E+00,0.000000E+00,2.110805E+01,7.995060E+01,2.388797E+01,5.608985E+01
12:00:00,8.014350E+03,2.061489E+03,5.580229E-01,1.820620E-01,0.000000E+00,0.000000E+00,0.000000E+00,0.000000E+00,0.000000E+00,0.000000E+00,0.000000E+00,0.000000E+00,2.110805E+01,7.995060E+01,2.388797E+01,5.606788E+01
12:01:00,8.014350E+03,2.065904E+03,5.580229E-01,1.824519E-01,0.000000E+00,0.000000E+00,0.000000E+00,0.000000E+00,0.000000E+00,0.000000E+00,0.000000E+00,0.000000E+00,2.110805E+01,7.995060E+01,2.388797E+01,5.604604E+01
12:02:00,8.014350E+03,2.070307E+03,5.580229E-01,1.828407E-01,0.000000E+00,0.000000E+00,0.000000E+00,0.000000E+00,0.000000E+00,0.000000E+00,0.000000E+00,0.000000E+00,2.110805E+01,7.995060E+01,2.388797E+01,5.602437E+01
12:03:00,8.014350E+03,2.074695E+03,5.580229E-01,1.832283E-01,0.000000E+00,0.000000E+00,0.000000E+00,0.000000E+00,0.000000E+00,0.000000E+00,0.000000E+00,0.000000E+00,2.110805E+01,7.995060E+01,2.388797E+01,5.600292E+01
12:04:00,8.014350E+03,2.079066E+03,5.580229E-01,1.836143E-01,0.000000E+00,0.000000E+00,0.000000E+00,0.000000E+00,0.000000E+00,0.000000E+00,0.000000E+00,0.000000E+00,2.110805E+01,7.995060E+01,2.388797E+01,5.598170E+01
12:05:00,8.014350E+03,2.083420E+03,5.580229E-01,1.839989E-01,0.000000E+00,0.000000E+00,0.000000E+00,0.000000E+00,0.000000E+00,0.000000E+00,0.000000E+00,0.000000E+00,2.110805E+01,7.995060E+01,2.388797E+01,5.596074E+01
12:06:00,8.014350E+03,2.087754E+03,5.580229E-01,1.843816E-01,0.000000E+00,0.000000E+00,0.000000E+00,0.000000E+00,0.000000E+00,0.000000E+00,0.000000E+00,0.000000E+00,2.110805E+01,7.995060E+01,2.388797E+01,5.594005E+01
12:07:00,8.014350E+03,2.092069E+03,5.580229E-01,1.847627E-01,0.000000E+00,0.000000E+00,0.000000E+00,0.000000E+00,0.000000E+00,0.000000E+00,0.000000E+00,0.000000E+00,2.110805E+01,7.995060E+01,2.388797E+01,5.591963E+01
12:08:00,8.014350E+03,2.096361E+03,5.580229E-01,1.851418E-01,0.000000E+00,0.000000E+00,0.000000E+00,0.000000E+00,0.000000E+00,0.000000E+00,0.000000E+00,0.000000E+00,2.110805E+01,7.995060E+01,2.388797E+01,5.589949E+01
12:09:00,8.014350E+03,2.100632E+03,5.580229E-01,1.855189E-01,0.000000E+00,0.000000E+00,0.000000E+00,0.000000E+00,0.000000E+00,0.000000E+00,0.000000E+00,0.000000E+00,2.110805E+01,7.995060E+01,2.388797E+01,5.587965E+01
12:10:00,8.014350E+03,2.104879E+03,5.580229E-01,1.858940E-01,0.000000E+00,0.000000E+00,0.000000E+00,0.000000E+00,0.000000E+00,0.000000E+00,0.000000E+00,0.000000E+00,2.110805E+01,7.995060E+01,2.388797E+01,5.586009E+01
12:11:00,8.014350E+03,2.109101E+03,5.580229E-01,1.862669E-01,0.000000E+00,0.000000E+00,0.000000E+00,0.000000E+00,0.000000E+00,0.000000E+00,0.000000E+00,0.000000E+00,2.110805E+01,7.995060E+01,2.388797E+01,5.584082E+01
12:12:00,8.014350E+03,2.113299E+03,5.580229E-01,1.866377E-01,0.000000E+00,0.000000E+00,0.000000E+00,0.000000E+00,0.000000E+00,0.000000E+00,0.000000E+00,0.000000E+00,2.110805E+01,7.995060E+01,2.388797E+01,5.582184E+01
12:13:00,8.014350E+03,2.117473E+03,5.580229E-01,1.870063E-01,0.000000E+00,0.000000E+00,0.000000E+00,0.000000E+00,0.000000E+00,0.000000E+00,0.000000E+00,0.000000E+00,2.110805E+01,7.995060E+01,2.388797E+01,5.580315E+01
12:14:00,8.014350E+03,2.121623E+03,5.580229E-01,1.873728E-01,0.000000E+00,0.000000E+00,0.000000E+00,0.000000E+00,0.000000E+00,0.000000E+00,0.000000E+00,0.000000E+00,2.110805E+01,7.995060E+01,2.388797E+01,5.578474E+01
12:15:00,8.014350E+03,2.125748E+03,5.580229E-01,1.877371E-01,0.000000E+00,0.000000E+00,0.000000E+00,0.000000E+00,0.000000E+00,0.000000E+00,0.000000E+00,0.000000E+00,2.110805E+01,7.995060E+01,2.388797E+01,5.576659E+01
12:16:00,8.014350E+03,2.129849E+03,5.580229E-01,1.880993E-01,0.000000E+00,0.000000E+00,0.000000E+00,0.000000E+00,0.000000E+00,0.000000E+00,0.000000E+00,0.000000E+00,2.110805E+01,7.995060E+01,2.388797E+01,5.574871E+01
12:17:00,8.014350E+03,2.133926E+03,5.580229E-01,1.884594E-01,0.000000E+00,0.000000E+00,0.000000E+00,0.000000E+00,0.000000E+00,0.000000E+00,0.000000E+00,0.000000E+00,2.110805E+01,7.995060E+01,2.388797E+01,5.573108E+01
12:18:00,8.014350E+03,2.137978E+03,5.580229E-01,1.888173E-01,0.000000E+00,0.000000E+00,0.000000E+00,0.000000E+00,0.000000E+00,0.000000E+00,0.000000E+00,0.000000E+00,2.110805E+01,7.995060E+01,2.388797E+01,5.571368E+01
12:19:00,8.014350E+03,2.142006E+03,5.580229E-01,1.891730E-01,0.000000E+00,0.000000E+00,0.000000E+00,0.000000E+00,0.000000E+00,0.000000E+00,0.000000E+00,0.000000E+00,2.110805E+01,7.995060E+01,2.388797E+01,5.569652E+01
12:20:00,8.014350E+03,2.146009E+03,5.580229E-01,1.895265E-01,0.000000E+00,0.000000E+00,0.000000E+00,0.000000E+00,0.000000E+00,0.000000E+00,0.000000E+00,0.000000E+00,2.110805E+01,7.995060E+01,2.388797E+01,5.567957E+01
12:21:00,8.014350E+03,2.149987E+03,5.580229E-01,1.898779E-01,0.000000E+00,0.000000E+00,0.000000E+00,0.000000E+00,0.000000E+00,0.000000E+00,0.000000E+00,0.000000E+00,2.110805E+01,7.995060E+01,2.388797E+01,5.566284E+01
12:22:00,8.014350E+03,2.153940E+03,5.580229E-01,1.902270E-01,0.000000E+00,0.000000E+00,0.000000E+00,0.000000E+00,0.000000E+00,0.000000E+00,0.000000E+00,0.000000E+00,2.110805E+01,7.995060E+01,2.388797E+01,5.564632E+01
12:23:00,8.014350E+03,2.157868E+03,5.580229E-01,1.905739E-01,0.000000E+00,0.000000E+00,0.000000E+00,0.000000E+00,0.000000E+00,0.000000E+00,0.000000E+00,0.000000E+00,2.110805E+01,7.995060E+01,2.388797E+01,5.562999E+01
12:24:00,8.014350E+03,2.161771E+03,5.580229E-01,1.909186E-01,0.000000E+00,0.000000E+00,0.000000E+00,0.000000E+00,0.000000E+00,0.000000E+00,0.000000E+00,0.000000E+00,2.110805E+01,7.995060E+01,2.388797E+01,5.561386E+01
12:25:00,8.014350E+03,2.165649E+03,5.580229E-01,1.912611E-01,0.000000E+00,0.000000E+00,0.000000E+00,0.000000E+00,0.000000E+00,0.000000E+00,0.000000E+00,0.000000E+00,2.110805E+01,7.995060E+01,2.388797E+01,5.559791E+01
12:26:00,8.014350E+03,2.169502E+03,5.580229E-01,1.916014E-01,0.000000E+00,0.000000E+00,0.000000E+00,0.000000E+00,0.000000E+00,0.000000E+00,0.000000E+00,0.000000E+00,2.110805E+01,7.995060E+01,2.388797E+01,5.558214E+01
12:27:00,8.014350E+03,2.173329E+03,5.580229E-01,1.919393E-01,0.000000E+00,0.000000E+00,0.000000E+00,0.000000E+00,0.000000E+00,0.000000E+00,0.000000E+00,0.000000E+00,2.110805E+01,7.995060E+01,2.388797E+01,5.556655E+01
12:28:00,8.014350E+03,2.177129E+03,5.580229E-01,1.922750E-01,0.000000E+00,0.000000E+00,0.000000E+00,0.000000E+00,0.000000E+00,0.000000E+00,0.000000E+00,0.000000E+00,2.110805E+01,7.995060E+01,2.388796E+01,5.555113E+01
12:29:00,8.014350E+03,2.180904E+03,5.580229E-01,1.926084E-01,0.000000E+00,0.000000E+00,0.000000E+00,0.000000E+00,0.000000E+00,0.000000E+00,0.000000E+00,0.000000E+00,2.110805E+01,7.995060E+01,2.388796E+01,5.553588E+01
12:30:00,8.014350E+03,2.184653E+03,5.580229E-01,1.929395E-01,0.000000E+00,0.000000E+00,0.000000E+00,0.000000E+00,0.000000E+00,0.000000E+00,0.000000E+00,0.000000E+00,2.110805E+01,7.995060E+01,2.388796E+01,5.552078E+01
12:31:00,8.014350E+03,2.188375E+03,5.580229E-01,1.932682E-01,0.000000E+00,0.000000E+00,0.000000E+00,0.000000E+00,0.000000E+00,0.000000E+00,0.000000E+00,0.000000E+00,2.110805E+01,7.995060E+01,2.388796E+01,5.550585E+01
12:32:00,8.014350E+03,2.192071E+03,5.580229E-01,1.935946E-01,0.000000E+00,0.000000E+00,0.000000E+00,0.000000E+00,0.000000E+00,0.000000E+00,0.000000E+00,0.000000E+00,2.110805E+01,7.995060E+01,2.388796E+01,5.549106E+01
12:33:00,8.014350E+03,2.195740E+03,5.580229E-01,1.939186E-01,0.000000E+00,0.000000E+00,0.000000E+00,0.000000E+00,0.000000E+00,0.000000E+00,0.000000E+00,0.000000E+00,2.110805E+01,7.995060E+01,2.388796E+01,5.547643E+01
12:34:00,8.014350E+03,2.199381E+03,5.580229E-01,1.942402E-01,0.000000E+00,0.000000E+00,0.000000E+00,0.000000E+00,0.000000E+00,0.000000E+00,0.000000E+00,0.000000E+00,2.110805E+01,7.995060E+01,2.388796E+01,5.546194E+01
12:35:00,8.014350E+03,2.202995E+03,5.580229E-01,1.945594E-01,0.000000E+00,0.000000E+00,0.000000E+00,0.000000E+00,0.000000E+00,0.000000E+00,0.000000E+00,0.000000E+00,2.110805E+01,7.995060E+01,2.388796E+01,5.544760E+01
12:36:00,8.014350E+03,2.206580E+03,5.580229E-01,1.948760E-01,0.000000E+00,0.000000E+00,0.000000E+00,0.000000E+00,0.000000E+00,0.000000E+00,0.000000E+00,0.000000E+00,2.110805E+01,7.995060E+01,2.388796E+01,5.543339E+01
12:37:00,8.014350E+03,2.210136E+03,5.580229E-01,1.951901E-01,0.000000E+00,0.000000E+00,0.000000E+00,0.000000E+00,0.000000E+00,0.000000E+00,0.000000E+00,0.000000E+00,2.110805E+01,7.995060E+01,2.388796E+01,5.541932E+01
12:38:00,8.014350E+03,2.213664E+03,5.580229E-01,1.955016E-01,0.000000E+00,0.000000E+00,0.000000E+00,0.000000E+00,0.000000E+00,0.000000E+00,0.000000E+00,0.000000E+00,2.110805E+01,7.995060E+01,2.388796E+01,5.540539E+01
12:39:00,8.014350E+03,2.217161E+03,5.580229E-01,1.958105E-01,0.000000E+00,0.000000E+00,0.000000E+00,0.000000E+00,0.000000E+00,0.000000E+00,0.000000E+00,0.000000E+00,2.110805E+01,7.995060E+01,2.388796E+01,5.539159E+01
12:40:00,8.014350E+03,2.220629E+03,5.580229E-01,1.961168E-01,0.000000E+00,0.000000E+00,0.000000E+00,0.000000E+00,0.000000E+00,0.000000E+00,0.000000E+00,0.000000E+00,2.110805E+01,7.995060E+01,2.388796E+01,5.537792E+01
12:41:00,8.014350E+03,2.224066E+03,5.580229E-01,1.964203E-01,0.000000E+00,0.000000E+00,0.000000E+00,0.000000E+00,0.000000E+00,0.000000E+00,0.000000E+00,0.000000E+00,2.110805E+01,7.995060E+01,2.388796E+01,5.536437E+01
12:42:00,8.014350E+03,2.227472E+03,5.580229E-01,1.967211E-01,0.000000E+00,0.000000E+00,0.000000E+00,0.000000E+00,0.000000E+00,0.000000E+00,0.000000E+00,0.000000E+00,2.110805E+01,7.995060E+01,2.388796E+01,5.535093E+01
12:43:00,8.014350E+03,2.230846E+03,5.580229E-01,1.970191E-01,0.000000E+00,0.000000E+00,0.000000E+00,0.000000E+00,0.000000E+00,0.000000E+00,0.000000E+00,0.000000E+00,2.110805E+01,7.995060E+01,2.388796E+01,5.533760E+01
12:44:00,8.014350E+03,2.234186E+03,5.580229E-01,1.973141E-01,0.000000E+00,0.000000E+00,0.000000E+00,0.000000E+00,0.000000E+00,0.000000E+00,0.000000E+00,0.000000E+00,2.110805E+01,7.995060E+01,2.388796E+01,5.532439E+01
12:45:00,8.014350E+03,2.237492E+03,5.580229E-01,1.976061E-01,0.000000E+00,0.000000E+00,0.000000E+00,0.000000E+00,0.000000E+00,0.000000E+00,0.000000E+00,0.000000E+00,2.110805E+01,7.995060E+01,2.388796E+01,5.531128E+01
12:46:00,8.014350E+03,2.240763E+03,5.580229E-01,1.978949E-01,0.000000E+00,0.000000E+00,0.000000E+00,0.000000E+00,0.000000E+00,0.000000E+00,0.000000E+00,0.000000E+00,2.110805E+01,7.995060E+01,2.388796E+01,5.529828E+01
12:47:00,8.014350E+03,2.243998E+03,5.580229E-01,1.981807E-01,0.000000E+00,0.000000E+00,0.000000E+00,0.000000E+00,0.000000E+00,0.000000E+00,0.000000E+00,0.000000E+00,2.110805E+01,7.995060E+01,2.388796E+01,5.528538E+01
12:48:00,8.014350E+03,2.247197E+03,5.580229E-01,1.984632E-01,0.000000E+00,0.000000E+00,0.000000E+00,0.000000E+00,0.000000E+00,0.000000E+00,0.000000E+00,0.000000E+00,2.110805E+01,7.995060E+01,2.388796E+01,5.527258E+01
12:49:00,8.014350E+03,2.250360E+03,5.580229E-01,1.987426E-01,0.000000E+00,0.000000E+00,0.000000E+00,0.000000E+00,0.000000E+00,0.000000E+00,0.000000E+00,0.000000E+00,2.110805E+01,7.995060E+01,2.388796E+01,5.525988E+01
12:50:00,8.014350E+03,2.253486E+03,5.580229E-01,1.990186E-01,0.000000E+00,0.000000E+00,0.000000E+00,0.000000E+00,0.000000E+00,0.000000E+00,0.000000E+00,0.000000E+00,2.110805E+01,7.995060E+01,2.388796E+01,5.524728E+01
12:51:00,8.014350E+03,2.256576E+03,5.580229E-01,1.992915E-01,0.000000E+00,0.000000E+00,0.000000E+00,0.000000E+00,0.000000E+00,0.000000E+00,0.000000E+00,0.000000E+00,2.110805E+01,7.995060E+01,2.388796E+01,5.523478E+01
12:52:00,8.014350E+03,2.259629E+03,5.580229E-01,1.995611E-01,0.000000E+00,0.000000E+00,0.000000E+00,0.000000E+00,0.000000E+00,0.000000E+00,0.000000E+00,0.000000E+00,2.110805E+01,7.995060E+01,2.388796E+01,5.522237E+01
12:53:00,8.014350E+03,2.262646E+03,5.580229E-01,1.998276E-01,0.000000E+00,0.000000E+00,0.000000E+00,0.000000E+00,0.000000E+00,0.000000E+00,0.000000E+00,0.000000E+00,2.110805E+01,7.995060E+01,2.388796E+01,5.521006E+01
12:54:00,8.014350E+03,2.265630E+03,5.580229E-01,2.000911E-01,0.000000E+00,0.000000E+00,0.000000E+00,0.000000E+00,0.000000E+00,0.000000E+00,0.000000E+00,0.000000E+00,2.110805E+01,7.995060E+01,2.388796E+01,5.519784E+01
12:55:00,8.014350E+03,2.268581E+03,5.580229E-01,2.003518E-01,0.000000E+00,0.000000E+00,0.000000E+00,0.000000E+00,0.000000E+00,0.000000E+00,0.000000E+00,0.000000E+00,2.110805E+01,7.995060E+01,2.388796E+01,5.518571E+01
12:56:00,8.014350E+03,2.271501E+03,5.580229E-01,2.006097E-01,0.000000E+00,0.000000E+00,0.000000E+00,0.000000E+00,0.000000E+00,0.000000E+00,0.000000E+00,0.000000E+00,2.110805E+01,7.995060E+01,2.388796E+01,5.517367E+01
12:57:00,8.014350E+03,2.274391E+03,5.580229E-01,2.008648E-01,0.000000E+00,0.000000E+00,0.000000E+00,0.000000E+00,0.000000E+00,0.000000E+00,0.000000E+00,0.000000E+00,2.110805E+01,7.995060E+01,2.388796E+01,5.516173E+01
12:58:00,8.014350E+03,2.277249E+03,5.580229E-01,2.011173E-01,0.000000E+00,0.000000E+00,0.000000E+00,0.000000E+00,0.000000E+00,0.000000E+00,0.000000E+00,0.000000E+00,2.110805E+01,7.995060E+01,2.388796E+01,5.514987E+01
12:59:00,8.014350E+03,2.280077E+03,5.580229E-01,2.013671E-01,0.000000E+00,0.000000E+00,0.000000E+00,0.000000E+00,0.000000E+00,0.000000E+00,0.000000E+00,0.000000E+00,2.110805E+01,7.995060E+01,2.388796E+01,5.513810E+01
13:00:00,8.014350E+03,2.282876E+03,5.580229E-01,2.016142E-01,0.000000E+00,0.000000E+00,0.000000E+00,0.000000E+00,0.000000E+00,0.000000E+00,0.000000E+00,0.000000E+00,2.110805E+01,7.995060E+01,2.388796E+01,5.512642E+01
13:01:00,8.014350E+03,2.285641E+03,5.580229E-01,2.018585E-01,0.000000E+00,0.000000E+00,0.000000E+00,0.000000E+00,0.000000E+00,0.000000E+00,0.000000E+00,0.000000E+00,2.110805E+01,7.995060E+01,2.388796E+01,5.511483E+01
13:02:00,8.014350E+03,2.288377E+03,5.580229E-01,2.021001E-01,0.000000E+00,0.000000E+00,0.000000E+00,0.000000E+00,0.000000E+00,0.000000E+00,0.000000E+00,0.000000E+00,2.110805E+01,7.995060E+01,2.388796E+01,5.510337E+01
13:03:00,8.014350E+03,2.291084E+03,5.580229E-01,2.023392E-01,0.000000E+00,0.000000E+00,0.000000E+00,0.000000E+00,0.000000E+00,0.000000E+00,0.000000E+00,0.000000E+00,2.110805E+01,7.995060E+01,2.388796E+01,5.509209E+01
13:04:00,8.014350E+03,2.293765E+03,5.580229E-01,2.025759E-01,0.000000E+00,0.000000E+00,0.000000E+00,0.000000E+00,0.000000E+00,0.000000E+00,0.000000E+00,0.000000E+00,2.110805E+01,7.995060E+01,2.388796E+01,5.508098E+01
13:05:00,8.014350E+03,2.296421E+03,5.580229E-01,2.028105E-01,0.000000E+00,0.000000E+00,0.000000E+00,0.000000E+00,0.000000E+00,0.000000E+00,0.000000E+00,0.000000E+00,2.110805E+01,7.995060E+01,2.388796E+01,5.507005E+01
13:06:00,8.014350E+03,2.299053E+03,5.580229E-01,2.030430E-01,0.000000E+00,0.000000E+00,0.000000E+00,0.000000E+00,0.000000E+00,0.000000E+00,0.000000E+00,0.000000E+00,2.110805E+01,7.995060E+01,2.388796E+01,5.505929E+01
13:07:00,8.014350E+03,2.301663E+03,5.580229E-01,2.032734E-01,0.000000E+00,0.000000E+00,0.000000E+00,0.000000E+00,0.000000E+00,0.000000E+00,0.000000E+00,0.000000E+00,2.110805E+01,7.995060E+01,2.388796E+01,5.504868E+01
13:08:00,8.014350E+03,2.304251E+03,5.580229E-01,2.035020E-01,0.000000E+00,0.000000E+00,0.000000E+00,0.000000E+00,0.000000E+00,0.000000E+00,0.000000E+00,0.000000E+00,2.110805E+01,7.995060E+01,2.388796E+01,5.503824E+01
13:09:00,8.014350E+03,2.306818E+03,5.580229E-01,2.037288E-01,0.000000E+00,0.000000E+00,0.000000E+00,0.000000E+00,0.000000E+00,0.000000E+00,0.000000E+00,0.000000E+00,2.110805E+01,7.995060E+01,2.388796E+01,5.502794E+01
13:10:00,8.014350E+03,2.309366E+03,5.580229E-01,2.039537E-01,0.000000E+00,0.000000E+00,0.000000E+00,0.000000E+00,0.000000E+00,0.000000E+00,0.000000E+00,0.000000E+00,2.110805E+01,7.995060E+01,2.388796E+01,5.501779E+01
13:11:00,8.014350E+03,2.311894E+03,5.580229E-01,2.041770E-01,0.000000E+00,0.000000E+00,0.000000E+00,0.000000E+00,0.000000E+00,0.000000E+00,0.000000E+00,0.000000E+00,2.110805E+01,7.995060E+01,2.388796E+01,5.500778E+01
13:12:00,8.014350E+03,2.314404E+03,5.580229E-01,2.043987E-01,0.000000E+00,0.000000E+00,0.000000E+00,0.000000E+00,0.000000E+00,0.000000E+00,0.000000E+00,0.000000E+00,2.110805E+01,7.995060E+01,2.388796E+01,5.499792E+01
13:13:00,8.014350E+03,2.316894E+03,5.580229E-01,2.046186E-01,0.000000E+00,0.000000E+00,0.000000E+00,0.000000E+00,0.000000E+00,0.000000E+00,0.000000E+00,0.000000E+00,2.110805E+01,7.995060E+01,2.388796E+01,5.498819E+01
13:14:00,8.014350E+03,2.319366E+03,5.580229E-01,2.048369E-01,0.000000E+00,0.000000E+00,0.000000E+00,0.000000E+00,0.000000E+00,0.000000E+00,0.000000E+00,0.000000E+00,2.110805E+01,7.995060E+01,2.388796E+01,5.497859E+01
13:15:00,8.014350E+03,2.321818E+03,5.580229E-01,2.050535E-01,0.000000E+00,0.000000E+00,0.000000E+00,0.000000E+00,0.000000E+00,0.000000E+00,0.000000E+00,0.000000E+00,2.110805E+01,7.995060E+01,2.388796E+01,5.496912E+01
13:16:00,8.014350E+03,2.324251E+03,5.580229E-01,2.052683E-01,0.000000E+00,0.000000E+00,0.000000E+00,0.000000E+00,0.000000E+00,0.000000E+00,0.000000E+00,0.000000E+00,2.110805E+01,7.995060E+01,2.388796E+01,5.495978E+01
13:17:00,8.014350E+03,2.326664E+03,5.580229E-01,2.054814E-01,0.000000E+00,0.000000E+00,0.000000E+00,0.000000E+00,0.000000E+00,0.000000E+00,0.000000E+00,0.000000E+00,2.110805E+01,7.995060E+01,2.388796E+01,5.495056E+01
13:18:00,8.014350E+03,2.329057E+03,5.580229E-01,2.056928E-01,0.000000E+00,0.000000E+00,0.000000E+00,0.000000E+00,0.000000E+00,0.000000E+00,0.000000E+00,0.000000E+00,2.110805E+01,7.995060E+01,2.388796E+01,5.494147E+01
13:19:00,8.014350E+03,2.331430E+03,5.580229E-01,2.059024E-01,0.000000E+00,0.000000E+00,0.000000E+00,0.000000E+00,0.000000E+00,0.000000E+00,0.000000E+00,0.000000E+00,2.110805E+01,7.995060E+01,2.388796E+01,5.493248E+01
13:20:00,8.014350E+03,2.333783E+03,5.580229E-01,2.061102E-01,0.000000E+00,0.000000E+00,0.000000E+00,0.000000E+00,0.000000E+00,0.000000E+00,0.000000E+00,0.000000E+00,2.110805E+01,7.995060E+01,2.388796E+01,5.492362E+01
13:21:00,8.014350E+03,2.336115E+03,5.580229E-01,2.063162E-01,0.000000E+00,0.000000E+00,0.000000E+00,0.000000E+00,0.000000E+00,0.000000E+00,0.000000E+00,0.000000E+00,2.110805E+01,7.995060E+01,2.388796E+01,5.491487E+01
13:22:00,8.014350E+03,2.338428E+03,5.580229E-01,2.065204E-01,0.000000E+00,0.000000E+00,0.000000E+00,0.000000E+00,0.000000E+00,0.000000E+00,0.000000E+00,0.000000E+00,2.110805E+01,7.995060E+01,2.388796E+01,5.490623E+01
13:23:00,8.014350E+03,2.340720E+03,5.580229E-01,2.067228E-01,0.000000E+00,0.000000E+00,0.000000E+00,0.000000E+00,0.000000E+00,0.000000E+00,0.000000E+00,0.000000E+00,2.110805E+01,7.995060E+01,2.388796E+01,5.489769E+01
13:24:00,8.014350E+03,2.342991E+03,5.580229E-01,2.069234E-01,0.000000E+00,0.000000E+00,0.000000E+00,0.000000E+00,0.000000E+00,0.000000E+00,0.000000E+00,0.000000E+00,2.110805E+01,7.995060E+01,2.388796E+01,5.488926E+01
13:25:00,8.014350E+03,2.345242E+03,5.580229E-01,2.071222E-01,0.000000E+00,0.000000E+00,0.000000E+00,0.000000E+00,0.000000E+00,0.000000E+00,0.000000E+00,0.000000E+00,2.110805E+01,7.995060E+01,2.388796E+01,5.488093E+01
13:26:00,8.014350E+03,2.347472E+03,5.580229E-01,2.073192E-01,0.000000E+00,0.000000E+00,0.000000E+00,0.000000E+00,0.000000E+00,0.000000E+00,0.000000E+00,0.000000E+00,2.110805E+01,7.995060E+01,2.388796E+01,5.487270E+01
13:27:00,8.014350E+03,2.349682E+03,5.580229E-01,2.075143E-01,0.000000E+00,0.000000E+00,0.000000E+00,0.000000E+00,0.000000E+00,0.000000E+00,0.000000E+00,0.000000E+00,2.110805E+01,7.995060E+01,2.388796E+01,5.486457E+01
13:28:00,8.014350E+03,2.351871E+03,5.580229E-01,2.077077E-01,0.000000E+00,0.000000E+00,0.000000E+00,0.000000E+00,0.000000E+00,0.000000E+00,0.000000E+00,0.000000E+00,2.110805E+01,7.995060E+01,2.388796E+01,5.485654E+01
13:29:00,8.014350E+03,2.354040E+03,5.580229E-01,2.078992E-01,0.000000E+00,0.000000E+00,0.000000E+00,0.000000E+00,0.000000E+00,0.000000E+00,0.000000E+00,0.000000E+00,2.110805E+01,7.995060E+01,2.388796E+01,5.484860E+01
13:30:00,8.014350E+03,2.356187E+03,5.580229E-01,2.080888E-01,0.000000E+00,0.000000E+00,0.000000E+00,0.000000E+00,0.000000E+00,0.000000E+00,0.000000E+00,0.000000E+00,2.110805E+01,7.995060E+01,2.388796E+01,5.484076E+01
13:31:00,8.014350E+03,2.358313E+03,5.580229E-01,2.082766E-01,0.000000E+00,0.000000E+00,0.000000E+00,0.000000E+00,0.000000E+00,0.000000E+00,0.000000E+00,0.000000E+00,2.110805E+01,7.995060E+01,2.388796E+01,5.483300E+01
13:32:00,8.014350E+03,2.360419E+03,5.580229E-01,2.084626E-01,0.000000E+00,0.000000E+00,0.000000E+00,0.000000E+00,0.000000E+00,0.000000E+00,0.000000E+00,0.000000E+00,2.110805E+01,7.995060E+01,2.388796E+01,5.482534E+01
13:33:00,8.014350E+03,2.362504E+03,5.580229E-01,2.086467E-01,0.000000E+00,0.000000E+00,0.000000E+00,0.000000E+00,0.000000E+00,0.000000E+00,0.000000E+00,0.000000E+00,2.110805E+01,7.995060E+01,2.388796E+01,5.481777E+01
13:34:00,8.014350E+03,2.364568E+03,5.580229E-01,2.088290E-01,0.000000E+00,0.000000E+00,0.000000E+00,0.000000E+00,0.000000E+00,0.000000E+00,0.000000E+00,0.000000E+00,2.110805E+01,7.995060E+01,2.388796E+01,5.481028E+01
13:35:00,8.014350E+03,2.366611E+03,5.580229E-01,2.090094E-01,0.000000E+00,0.000000E+00,0.000000E+00,0.000000E+00,0.000000E+00,0.000000E+00,0.000000E+00,0.000000E+00,2.110805E+01,7.995060E+01,2.388796E+01,5.480289E+01
13:36:00,8.014350E+03,2.368633E+03,5.580229E-01,2.091881E-01,0.000000E+00,0.000000E+00,0.000000E+00,0.000000E+00,0.000000E+00,0.000000E+00,0.000000E+00,0.000000E+00,2.110805E+01,7.995060E+01,2.388796E+01,5.479557E+01
13:37:00,8.014350E+03,2.370635E+03,5.580229E-01,2.093648E-01,0.000000E+00,0.000000E+00,0.000000E+00,0.000000E+00,0.000000E+00,0.000000E+00,0.000000E+00,0.000000E+00,2.110805E+01,7.995060E+01,2.388796E+01,5.478834E+01
13:38:00,8.014350E+03,2.372615E+03,5.580229E-01,2.095398E-01,0.000000E+00,0.000000E+00,0.000000E+00,0.000000E+00,0.000000E+00,0.000000E+00,0.000000E+00,0.000000E+00,2.110805E+01,7.995060E+01,2.388796E+01,5.478119E+01
13:39:00,8.014350E+03,2.374575E+03,5.580229E-01,2.097128E-01,0.000000E+00,0.000000E+00,0.000000E+00,0.000000E+00,0.000000E+00,0.000000E+00,0.000000E+00,0.000000E+00,2.110805E+01,7.995060E+01,2.388796E+01,5.477412E+01
13:40:00,8.014350E+03,2.376513E+03,5.580229E-01,2.098840E-01,0.000000E+00,0.000000E+00,0.000000E+00,0.000000E+00,0.000000E+00,0.000000E+00,0.000000E+00,0.000000E+00,2.110805E+01,7.995060E+01,2.388796E+01,5.476713E+01
13:41:00,8.014350E+03,2.378429E+03,5.580229E-01,2.100532E-01,0.000000E+00,0.000000E+00,0.000000E+00,0.000000E+00,0.000000E+00,0.000000E+00,0.000000E+00,0.000000E+00,2.110805E+01,7.995060E+01,2.388796E+01,5.476022E+01
13:42:00,8.014350E+03,2.380324E+03,5.580229E-01,2.102205E-01,0.000000E+00,0.000000E+00,0.000000E+00,0.000000E+00,0.000000E+00,0.000000E+00,0.000000E+00,0.000000E+00,2.110805E+01,7.995060E+01,2.388796E+01,5.475339E+01
13:43:00,8.014350E+03,2.382196E+03,5.580229E-01,2.103859E-01,0.000000E+00,0.000000E+00,0.000000E+00,0.000000E+00,0.000000E+00,0.000000E+00,0.000000E+00,0.000000E+00,2.110805E+01,7.995060E+01,2.388796E+01,5.474663E+01
13:44:00,8.014350E+03,2.384047E+03,5.580229E-01,2.105493E-01,0.000000E+00,0.000000E+00,0.000000E+00,0.000000E+00,0.000000E+00,0.000000E+00,0.000000E+00,0.000000E+00,2.110805E+01,7.995060E+01,2.388796E+01,5.473995E+01
13:45:00,8.014350E+03,2.385875E+03,5.580229E-01,2.107108E-01,0.000000E+00,0.000000E+00,0.000000E+00,0.000000E+00,0.000000E+00,0.000000E+00,0.000000E+00,0.000000E+00,2.110805E+01,7.995060E+01,2.388796E+01,5.473335E+01
13:46:00,8.014350E+03,2.387681E+03,5.580229E-01,2.108703E-01,0.000000E+00,0.000000E+00,0.000000E+00,0.000000E+00,0.000000E+00,0.000000E+00,0.000000E+00,0.000000E+00,2.110805E+01,7.995060E+01,2.388796E+01,5.472682E+01
13:47:00,8.014350E+03,2.389466E+03,5.580229E-01,2.110279E-01,0.000000E+00,0.000000E+00,0.000000E+00,0.000000E+00,0.000000E+00,0.000000E+00,0.000000E+00,0.000000E+00,2.110805E+01,7.995060E+01,2.388796E+01,5.472036E+01
13:48:00,8.014350E+03,2.391228E+03,5.580229E-01,2.111835E-01,0.000000E+00,0.000000E+00,0.000000E+00,0.000000E+00,0.000000E+00,0.000000E+00,0.000000E+00,0.000000E+00,2.110805E+01,7.995060E+01,2.388796E+01,5.471398E+01
13:49:00,8.014350E+03,2.392968E+03,5.580229E-01,2.113372E-01,0.000000E+00,0.000000E+00,0.000000E+00,0.000000E+00,0.000000E+00,0.000000E+00,0.000000E+00,0.000000E+00,2.110805E+01,7.995060E+01,2.388796E+01,5.470767E+01
13:50:00,8.014350E+03,2.394686E+03,5.580229E-01,2.114889E-01,0.000000E+00,0.000000E+00,0.000000E+00,0.000000E+00,0.000000E+00,0.000000E+00,0.000000E+00,0.000000E+00,2.110805E+01,7.995060E+01,2.388796E+01,5.470143E+01
13:51:00,8.014350E+03,2.396382E+03,5.580229E-01,2.116387E-01,0.000000E+00,0.000000E+00,0.000000E+00,0.000000E+00,0.000000E+00,0.000000E+00,0.000000E+00,0.000000E+00,2.110805E+01,7.995060E+01,2.388796E+01,5.469526E+01
13:52:00,8.014350E+03,2.398056E+03,5.580229E-01,2.117865E-01,0.000000E+00,0.000000E+00,0.000000E+00,0.000000E+00,0.000000E+00,0.000000E+00,0.000000E+00,0.000000E+00,2.110805E+01,7.995060E+01,2.388796E+01,5.468916E+01
13:53:00,8.014350E+03,2.399707E+03,5.580229E-01,2.119324E-01,0.000000E+00,0.000000E+00,0.000000E+00,0.000000E+00,0.000000E+00,0.000000E+00,0.000000E+00,0.000000E+00,2.110805E+01,7.995060E+01,2.388796E+01,5.468313E+01
13:54:00,8.014350E+03,2.401336E+03,5.580229E-01,2.120763E-01,0.000000E+00,0.000000E+00,0.000000E+00,0.000000E+00,0.000000E+00,0.000000E+00,0.000000E+00,0.000000E+00,2.110805E+01,7.995060E+01,2.388796E+01,5.467716E+01
13:55:00,8.014350E+03,2.402943E+03,5.580229E-01,2.122182E-01,0.000000E+00,0.000000E+00,0.000000E+00,0.000000E+00,0.000000E+00,0.000000E+00,0.000000E+00,0.000000E+00,2.110805E+01,7.995060E+01,2.388796E+01,5.467127E+01
13:56:00,8.014350E+03,2.404528E+03,5.580229E-01,2.123582E-01,0.000000E+00,0.000000E+00,0.000000E+00,0.000000E+00,0.000000E+00,0.000000E+00,0.000000E+00,0.000000E+00,2.110805E+01,7.995060E+01,2.388796E+01,5.466544E+01
13:57:00,8.014350E+03,2.406090E+03,5.580229E-01,2.124962E-01,0.000000E+00,0.000000E+00,0.000000E+00,0.000000E+00,0.000000E+00,0.000000E+00,0.000000E+00,0.000000E+00,2.110805E+01,7.995060E+01,2.388796E+01,5.465968E+01
13:58:00,8.014350E+03,2.407631E+03,5.580229E-01,2.126322E-01,0.000000E+00,0.000000E+00,0.000000E+00,0.000000E+00,0.000000E+00,0.000000E+00,0.000000E+00,0.000000E+00,2.110805E+01,7.995060E+01,2.388796E+01,5.465399E+01
13:59:00,8.014350E+03,2.409149E+03,5.580229E-01,2.127662E-01,0.000000E+00,0.000000E+00,0.000000E+00,0.000000E+00,0.000000E+00,0.000000E+00,0.000000E+00,0.000000E+00,2.110805E+01,7.995060E+01,2.388796E+01,5.464836E+01
14:00:00,8.014350E+03,2.410644E+03,5.580229E-01,2.128984E-01,0.000000E+00,0.000000E+00,0.000000E+00,0.000000E+00,0.000000E+00,0.000000E+00,0.000000E+00,0.000000E+00,2.110805E+01,7.995060E+01,2.388796E+01,5.464280E+01
14:01:00,8.014350E+03,2.412113E+03,5.580229E-01,2.130280E-01,0.000000E+00,0.000000E+00,0.000000E+00,0.000000E+00,0.000000E+00,0.000000E+00,0.000000E+00,0.000000E+00,2.110805E+01,7.995060E+01,2.388796E+01,5.463730E+01
14:02:00,8.014350E+03,2.413553E+03,5.580229E-01,2.131552E-01,0.000000E+00,0.000000E+00,0.000000E+00,0.000000E+00,0.000000E+00,0.000000E+00,0.000000E+00,0.000000E+00,2.110805E+01,7.995060E+01,2.388796E+01,5.463195E+01
14:03:00,8.014350E+03,2.414966E+03,5.580229E-01,2.132800E-01,0.000000E+00,0.000000E+00,0.000000E+00,0.000000E+00,0.000000E+00,0.000000E+00,0.000000E+00,0.000000E+00,2.110805E+01,7.995060E+01,2.388796E+01,5.462681E+01
14:04:00,8.014350E+03,2.416351E+03,5.580229E-01,2.134023E-01,0.000000E+00,0.000000E+00,0.000000E+00,0.000000E+00,0.000000E+00,0.000000E+00,0.000000E+00,0.000000E+00,2.110805E+01,7.995060E+01,2.388796E+01,5.462188E+01
14:05:00,8.014350E+03,2.417708E+03,5.580229E-01,2.135222E-01,0.000000E+00,0.000000E+00,0.000000E+00,0.000000E+00,0.000000E+00,0.000000E+00,0.000000E+00,0.000000E+00,2.110805E+01,7.995060E+01,2.388796E+01,5.461715E+01
14:06:00,8.014350E+03,2.419038E+03,5.580229E-01,2.136396E-01,0.000000E+00,0.000000E+00,0.000000E+00,0.000000E+00,0.000000E+00,0.000000E+00,0.000000E+00,0.000000E+00,2.110805E+01,7.995060E+01,2.388796E+01,5.461263E+01
14:07:00,8.014350E+03,2.420340E+03,5.580229E-01,2.137546E-01,0.000000E+00,0.000000E+00,0.000000E+00,0.000000E+00,0.000000E+00,0.000000E+00,0.000000E+00,0.000000E+00,2.110805E+01,7.995060E+01,2.388796E+01,5.460829E+01
14:08:00,8.014350E+03,2.421614E+03,5.580229E-01,2.138672E-01,0.000000E+00,0.000000E+00,0.000000E+00,0.000000E+00,0.000000E+00,0.000000E+00,0.000000E+00,0.000000E+00,2.110805E+01,7.995060E+01,2.388796E+01,5.460414E+01
14:09:00,8.014350E+03,2.422861E+03,5.580229E-01,2.139773E-01,0.000000E+00,0.000000E+00,0.000000E+00,0.000000E+00,0.000000E+00,0.000000E+00,0.000000E+00,0.000000E+00,2.110805E+01,7.995060E+01,2.388796E+01,5.460015E+01
14:10:00,8.014350E+03,2.424080E+03,5.580229E-01,2.140849E-01,0.000000E+00,0.000000E+00,0.000000E+00,0.000000E+00,0.000000E+00,0.000000E+00,0.000000E+00,0.000000E+00,2.110805E+01,7.995060E+01,2.388796E+01,5.459634E+01
14:11:00,8.014350E+03,2.425271E+03,5.580229E-01,2.141901E-01,0.000000E+00,0.000000E+00,0.000000E+00,0.000000E+00,0.000000E+00,0.000000E+00,0.000000E+00,0.000000E+00,2.110805E+01,7.995060E+01,2.388796E+01,5.459269E+01
14:12:00,8.014350E+03,2.426435E+03,5.580229E-01,2.142929E-01,0.000000E+00,0.000000E+00,0.000000E+00,0.000000E+00,0.000000E+00,0.000000E+00,0.000000E+00,0.000000E+00,2.110805E+01,7.995060E+01,2.388796E+01,5.458920E+01
14:13:00,8.014350E+03,2.427571E+03,5.580229E-01,2.143933E-01,0.000000E+00,0.000000E+00,0.000000E+00,0.000000E+00,0.000000E+00,0.000000E+00,0.000000E+00,0.000000E+00,2.110805E+01,7.995060E+01,2.388796E+01,5.458586E+01
14:14:00,8.014350E+03,2.428680E+03,5.580229E-01,2.144912E-01,0.000000E+00,0.000000E+00,0.000000E+00,0.000000E+00,0.000000E+00,0.000000E+00,0.000000E+00,0.000000E+00,2.110805E+01,7.995060E+01,2.388796E+01,5.458267E+01
14:15:00,8.014350E+03,2.429761E+03,5.580229E-01,2.145867E-01,0.000000E+00,0.000000E+00,0.000000E+00,0.000000E+00,0.000000E+00,0.000000E+00,0.000000E+00,0.000000E+00,2.110805E+01,7.995060E+01,2.388796E+01,5.457962E+01
14:16:00,8.014350E+03,2.430815E+03,5.580229E-01,2.146797E-01,0.000000E+00,0.000000E+00,0.000000E+00,0.000000E+00,0.000000E+00,0.000000E+00,0.000000E+00,0.000000E+00,2.110805E+01,7.995060E+01,2.388796E+01,5.457670E+01
14:17:00,8.014350E+03,2.431841E+03,5.580229E-01,2.147704E-01,0.000000E+00,0.000000E+00,0.000000E+00,0.000000E+00,0.000000E+00,0.000000E+00,0.000000E+00,0.000000E+00,2.110805E+01,7.995060E+01,2.388796E+01,5.457392E+01
14:18:00,8.014350E+03,2.432840E+03,5.580229E-01,2.148586E-01,0.000000E+00,0.000000E+00,0.000000E+00,0.000000E+00,0.000000E+00,0.000000E+00,0.000000E+00,0.000000E+00,2.110805E+01,7.995060E+01,2.388796E+01,5.457127E+01
14:19:00,8.014350E+03,2.433812E+03,5.580229E-01,2.149444E-01,0.000000E+00,0.000000E+00,0.000000E+00,0.000000E+00,0.000000E+00,0.000000E+00,0.000000E+00,0.000000E+00,2.110805E+01,7.995060E+01,2.388796E+01,5.456874E+01
14:20:00,8.014350E+03,2.434756E+03,5.580229E-01,2.150278E-01,0.000000E+00,0.000000E+00,0.000000E+00,0.000000E+00,0.000000E+00,0.000000E+00,0.000000E+00,0.000000E+00,2.110805E+01,7.995060E+01,2.388796E+01,5.456633E+01
14:21:00,8.014350E+03,2.435673E+03,5.580229E-01,2.151088E-01,0.000000E+00,0.000000E+00,0.000000E+00,0.000000E+00,0.000000E+00,0.000000E+00,0.000000E+00,0.000000E+00,2.110805E+01,7.995060E+01,2.388796E+01,5.456404E+01
14:22:00,8.014350E+03,2.436562E+03,5.580229E-01,2.151873E-01,0.000000E+00,0.000000E+00,0.000000E+00,0.000000E+00,0.000000E+00,0.000000E+00,0.000000E+00,0.000000E+00,2.110805E+01,7.995060E+01,2.388796E+01,5.456186E+01
14:23:00,8.014350E+03,2.437424E+03,5.580229E-01,2.152634E-01,0.000000E+00,0.000000E+00,0.000000E+00,0.000000E+00,0.000000E+00,0.000000E+00,0.000000E+00,0.000000E+00,2.110805E+01,7.995060E+01,2.388796E+01,5.455979E+01
14:24:00,8.014350E+03,2.438258E+03,5.580229E-01,2.153371E-01,0.000000E+00,0.000000E+00,0.000000E+00,0.000000E+00,0.000000E+00,0.000000E+00,0.000000E+00,0.000000E+00,2.110805E+01,7.995060E+01,2.388796E+01,5.455783E+01
14:25:00,8.014350E+03,2.439066E+03,5.580229E-01,2.154084E-01,0.000000E+00,0.000000E+00,0.000000E+00,0.000000E+00,0.000000E+00,0.000000E+00,0.000000E+00,0.000000E+00,2.110805E+01,7.995060E+01,2.388796E+01,5.455598E+01
14:26:00,8.014350E+03,2.439846E+03,5.580229E-01,2.154773E-01,0.000000E+00,0.000000E+00,0.000000E+00,0.000000E+00,0.000000E+00,0.000000E+00,0.000000E+00,0.000000E+00,2.110805E+01,7.995060E+01,2.388796E+01,5.455422E+01
14:27:00,8.014350E+03,2.440599E+03,5.580229E-01,2.155438E-01,0.000000E+00,0.000000E+00,0.000000E+00,0.000000E+00,0.000000E+00,0.000000E+00,0.000000E+00,0.000000E+00,2.110805E+01,7.995060E+01,2.388796E+01,5.455257E+01
14:28:00,8.014350E+03,2.441325E+03,5.580229E-01,2.156079E-01,0.000000E+00,0.000000E+00,0.000000E+00,0.000000E+00,0.000000E+00,0.000000E+00,0.000000E+00,0.000000E+00,2.110805E+01,7.995060E+01,2.388796E+01,5.455101E+01
14:29:00,8.014350E+03,2.442023E+03,5.580229E-01,2.156696E-01,0.000000E+00,0.000000E+00,0.000000E+00,0.000000E+00,0.000000E+00,0.000000E+00,0.000000E+00,0.000000E+00,2.110805E+01,7.995060E+01,2.388796E+01,5.454954E+01
14:30:00,8.014350E+03,2.442695E+03,5.580229E-01,2.157289E-01,0.000000E+00,0.000000E+00,0.000000E+00,0.000000E+00,0.000000E+00,0.000000E+00,0.000000E+00,0.000000E+00,2.110805E+01,7.995060E+01,2.388796E+01,5.454817E+01
14:31:00,8.014350E+03,2.443340E+03,5.580229E-01,2.157859E-01,0.000000E+00,0.000000E+00,0.000000E+00,0.000000E+00,0.000000E+00,0.000000E+00,0.000000E+00,0.000000E+00,2.110805E+01,7.995060E+01,2.388796E+01,5.454688E+01
14:32:00,8.014350E+03,2.443957E+03,5.580229E-01,2.158404E-01,0.000000E+00,0.000000E+00,0.000000E+00,0.000000E+00,0.000000E+00,0.000000E+00,0.000000E+00,0.000000E+00,2.110805E+01,7.995060E+01,2.388796E+01,5.454567E+01
14:33:00,8.014350E+03,2.444547E+03,5.580229E-01,2.158925E-01,0.000000E+00,0.000000E+00,0.000000E+00,0.000000E+00,0.000000E+00,0.000000E+00,0.000000E+00,0.000000E+00,2.110805E+01,7.995060E+01,2.388796E+01,5.454456E+01
14:34:00,8.014350E+03,2.445110E+03,5.580229E-01,2.159422E-01,0.000000E+00,0.000000E+00,0.000000E+00,0.000000E+00,0.000000E+00,0.000000E+00,0.000000E+00,0.000000E+00,2.110805E+01,7.995060E+01,2.388796E+01,5.454352E+01
14:35:00,8.014350E+03,2.445646E+03,5.580229E-01,2.159895E-01,0.000000E+00,0.000000E+00,0.000000E+00,0.000000E+00,0.000000E+00,0.000000E+00,0.000000E+00,0.000000E+00,2.110805E+01,7.995060E+01,2.388796E+01,5.454257E+01
14:36:00,8.014350E+03,2.446154E+03,5.580229E-01,2.160344E-01,0.000000E+00,0.000000E+00,0.000000E+00,0.000000E+00,0.000000E+00,0.000000E+00,0.000000E+00,0.000000E+00,2.110805E+01,7.995060E+01,2.388796E+01,5.454170E+01
14:37:00,8.014350E+03,2.446636E+03,5.580229E-01,2.160770E-01,0.000000E+00,0.000000E+00,0.000000E+00,0.000000E+00,0.000000E+00,0.000000E+00,0.000000E+00,0.000000E+00,2.110805E+01,7.995060E+01,2.388796E+01,5.454091E+01
14:38:00,8.014350E+03,2.447092E+03,5.580229E-01,2.161172E-01,0.000000E+00,0.000000E+00,0.000000E+00,0.000000E+00,0.000000E+00,0.000000E+00,0.000000E+00,0.000000E+00,2.110805E+01,7.995060E+01,2.388796E+01,5.454019E+01
14:39:00,8.014350E+03,2.447521E+03,5.580229E-01,2.161551E-01,0.000000E+00,0.000000E+00,0.000000E+00,0.000000E+00,0.000000E+00,0.000000E+00,0.000000E+00,0.000000E+00,2.110805E+01,7.995060E+01,2.388796E+01,5.453954E+01
14:40:00,8.014350E+03,2.447924E+03,5.580229E-01,2.161907E-01,0.000000E+00,0.000000E+00,0.000000E+00,0.000000E+00,0.000000E+00,0.000000E+00,0.000000E+00,0.000000E+00,2.110805E+01,7.995060E+01,2.388796E+01,5.453896E+01
14:41:00,8.014350E+03,2.448301E+03,5.580229E-01,2.162240E-01,0.000000E+00,0.000000E+00,0.000000E+00,0.000000E+00,0.000000E+00,0.000000E+00,0.000000E+00,0.000000E+00,2.110805E+01,7.995060E+01,2.388796E+01,5.453845E+01
14:42:00,8.014350E+03,2.448651E+03,5.580229E-01,2.162549E-01,0.000000E+00,0.000000E+00,0.000000E+00,0.000000E+00,0.000000E+00,0.000000E+00,0.000000E+00,0.000000E+00,2.110805E+01,7.995060E+01,2.388796E+01,5.453800E+01
14:43:00,8.014350E+03,2.448975E+03,5.580229E-01,2.162836E-01,0.000000E+00,0.000000E+00,0.000000E+00,0.000000E+00,0.000000E+00,0.000000E+00,0.000000E+00,0.000000E+00,2.110805E+01,7.995060E+01,2.388796E+01,5.453762E+01
14:44:00,8.014350E+03,2.449274E+03,5.580229E-01,2.163099E-01,0.000000E+00,0.000000E+00,0.000000E+00,0.000000E+00,0.000000E+00,0.000000E+00,0.000000E+00,0.000000E+00,2.110805E+01,7.995060E+01,2.388796E+01,5.453730E+01
14:45:00,8.014350E+03,2.449546E+03,5.580229E-01,2.163340E-01,0.000000E+00,0.000000E+00,0.000000E+00,0.000000E+00,0.000000E+00,0.000000E+00,0.000000E+00,0.000000E+00,2.110805E+01,7.995060E+01,2.388796E+01,5.453704E+01
14:46:00,8.014350E+03,2.449793E+03,5.580229E-01,2.163557E-01,0.000000E+00,0.000000E+00,0.000000E+00,0.000000E+00,0.000000E+00,0.000000E+00,0.000000E+00,0.000000E+00,2.110805E+01,7.995060E+01,2.388796E+01,5.453683E+01
14:47:00,8.014350E+03,2.450014E+03,5.580229E-01,2.163752E-01,0.000000E+00,0.000000E+00,0.000000E+00,0.000000E+00,0.000000E+00,0.000000E+00,0.000000E+00,0.000000E+00,2.110805E+01,7.995060E+01,2.388796E+01,5.453669E+01
14:48:00,8.014350E+03,2.450209E+03,5.580229E-01,2.163925E-01,0.000000E+00,0.000000E+00,0.000000E+00,0.000000E+00,0.000000E+00,0.000000E+00,0.000000E+00,0.000000E+00,2.110805E+01,7.995060E+01,2.388796E+01,5.453660E+01
14:49:00,8.014350E+03,2.450378E+03,5.580229E-01,2.164074E-01,0.000000E+00,0.000000E+00,0.000000E+00,0.000000E+00,0.000000E+00,0.000000E+00,0.000000E+00,0.000000E+00,2.110805E+01,7.995060E+01,2.388796E+01,5.453657E+01
14:50:00,8.014350E+03,2.450522E+03,5.580229E-01,2.164202E-01,0.000000E+00,0.000000E+00,0.000000E+00,0.000000E+00,0.000000E+00,0.000000E+00,0.000000E+00,0.000000E+00,2.110805E+01,7.995060E+01,2.388797E+01,5.453659E+01
14:51:00,8.014350E+03,2.450641E+03,5.580229E-01,2.164306E-01,0.000000E+00,0.000000E+00,0.000000E+00,0.000000E+00,0.000000E+00,0.000000E+00,0.000000E+00,0.000000E+00,2.110805E+01,7.995060E+01,2.388797E+01,5.453667E+01
14:52:00,8.014350E+03,2.450734E+03,5.580229E-01,2.164389E-01,0.000000E+00,0.000000E+00,0.000000E+00,0.000000E+00,0.000000E+00,0.000000E+00,0.000000E+00,0.000000E+00,2.110805E+01,7.995060E+01,2.388797E+01,5.453680E+01
14:53:00,8.014350E+03,2.450803E+03,5.580229E-01,2.164449E-01,0.000000E+00,0.000000E+00,0.000000E+00,0.000000E+00,0.000000E+00,0.000000E+00,0.000000E+00,0.000000E+00,2.110805E+01,7.995060E+01,2.388797E+01,5.453698E+01
14:54:00,8.014350E+03,2.450846E+03,5.580229E-01,2.164487E-01,0.000000E+00,0.000000E+00,0.000000E+00,0.000000E+00,0.000000E+00,0.000000E+00,0.000000E+00,0.000000E+00,2.110805E+01,7.995060E+01,2.388797E+01,5.453721E+01
14:55:00,8.014350E+03,2.450864E+03,5.580229E-01,2.164503E-01,0.000000E+00,0.000000E+00,0.000000E+00,0.000000E+00,0.000000E+00,0.000000E+00,0.000000E+00,0.000000E+00,2.110805E+01,7.995060E+01,2.388797E+01,5.453749E+01
14:56:00,8.014350E+03,2.450857E+03,5.580229E-01,2.164497E-01,0.000000E+00,0.000000E+00,0.000000E+00,0.000000E+00,0.000000E+00,0.000000E+00,0.000000E+00,0.000000E+00,2.110805E+01,7.995060E+01,2.388797E+01,5.453782E+01
14:57:00,8.014350E+03,2.450826E+03,5.580229E-01,2.164469E-01,0.000000E+00,0.000000E+00,0.000000E+00,0.000000E+00,0.000000E+00,0.000000E+00,0.000000E+00,0.000000E+00,2.110805E+01,7.995060E+01,2.388797E+01,5.453819E+01
14:58:00,8.014350E+03,2.450770E+03,5.580229E-01,2.164420E-01,0.000000E+00,0.000000E+00,0.000000E+00,0.000000E+00,0.000000E+00,0.000000E+00,0.000000E+00,0.000000E+00,2.110805E+01,7.995060E+01,2.388797E+01,5.453861E+01
14:59:00,8.014350E+03,2.450689E+03,5.580229E-01,2.164348E-01,0.000000E+00,0.000000E+00,0.000000E+00,0.000000E+00,0.000000E+00,0.000000E+00,0.000000E+00,0.000000E+00,2.110805E+01,7.995060E+01,2.388797E+01,5.453908E+01
15:00:00,8.014350E+03,2.450583E+03,5.580229E-01,2.164255E-01,0.000000E+00,0.000000E+00,0.000000E+00,0.000000E+00,0.000000E+00,0.000000E+00,0.000000E+00,0.000000E+00,2.110805E+01,7.995060E+01,2.388797E+01,5.453959E+01
15:01:00,8.014350E+03,2.450450E+03,5.580229E-01,2.164137E-01,0.000000E+00,0.000000E+00,0.000000E+00,0.000000E+00,0.000000E+00,0.000000E+00,0.000000E+00,0.000000E+00,2.110805E+01,7.995060E+01,2.388797E+01,5.454015E+01
15:02:00,8.014350E+03,2.450246E+03,5.580229E-01,2.163957E-01,0.000000E+00,0.000000E+00,0.000000E+00,0.000000E+00,0.000000E+00,0.000000E+00,0.000000E+00,0.000000E+00,2.110805E+01,7.995060E+01,2.388797E+01,5.454085E+01
15:03:00,8.014350E+03,2.450012E+03,5.580229E-01,2.163751E-01,0.000000E+00,0.000000E+00,0.000000E+00,0.000000E+00,0.000000E+00,0.000000E+00,0.000000E+00,0.000000E+00,2.110805E+01,7.995060E+01,2.388797E+01,5.454203E+01
15:04:00,8.014350E+03,2.449750E+03,5.580229E-01,2.163519E-01,0.000000E+00,0.000000E+00,0.000000E+00,0.000000E+00,0.000000E+00,0.000000E+00,0.000000E+00,0.000000E+00,2.110805E+01,7.995060E+01,2.388797E+01,5.454360E+01
15:05:00,8.014350E+03,2.449459E+03,5.580229E-01,2.163262E-01,0.000000E+00,0.000000E+00,0.000000E+00,0.000000E+00,0.000000E+00,0.000000E+00,0.000000E+00,0.000000E+00,2.110805E+01,7.995060E+01,2.388797E+01,5.454544E+01
15:06:00,8.014350E+03,2.449140E+03,5.580229E-01,2.162981E-01,0.000000E+00,0.000000E+00,0.000000E+00,0.000000E+00,0.000000E+00,0.000000E+00,0.000000E+00,0.000000E+00,2.110805E+01,7.995060E+01,2.388797E+01,5.454748E+01
15:07:00,8.014350E+03,2.448794E+03,5.580229E-01,2.162674E-01,0.000000E+00,0.000000E+00,0.000000E+00,0.000000E+00,0.000000E+00,0.000000E+00,0.000000E+00,0.000000E+00,2.110805E+01,7.995060E+01,2.388797E+01,5.454971E+01
15:08:00,8.014350E+03,2.448419E+03,5.580229E-01,2.162343E-01,0.000000E+00,0.000000E+00,0.000000E+00,0.000000E+00,0.000000E+00,0.000000E+00,0.000000E+00,0.000000E+00,2.110805E+01,7.995060E+01,2.388797E+01,5.455211E+01
15:09:00,8.014350E+03,2.448017E+03,5.580229E-01,2.161989E-01,0.000000E+00,0.000000E+00,0.000000E+00,0.000000E+00,0.000000E+00,0.000000E+00,0.000000E+00,0.000000E+00,2.110805E+01,7.995060E+01,2.388797E+01,5.455467E+01
15:10:00,8.014350E+03,2.447588E+03,5.580229E-01,2.161610E-01,0.000000E+00,0.000000E+00,0.000000E+00,0.000000E+00,0.000000E+00,0.000000E+00,0.000000E+00,0.000000E+00,2.110805E+01,7.995060E+01,2.388797E+01,5.455739E+01
15:11:00,8.014350E+03,2.447132E+03,5.580229E-01,2.161207E-01,0.000000E+00,0.000000E+00,0.000000E+00,0.000000E+00,0.000000E+00,0.000000E+00,0.000000E+00,0.000000E+00,2.110805E+01,7.995060E+01,2.388797E+01,5.456026E+01
15:12:00,8.014350E+03,2.446649E+03,5.580229E-01,2.160780E-01,0.000000E+00,0.000000E+00,0.000000E+00,0.000000E+00,0.000000E+00,0.000000E+00,0.000000E+00,0.000000E+00,2.110805E+01,7.995060E+01,2.388797E+01,5.456327E+01
15:13:00,8.014350E+03,2.446139E+03,5.580229E-01,2.160330E-01,0.000000E+00,0.000000E+00,0.000000E+00,0.000000E+00,0.000000E+00,0.000000E+00,0.000000E+00,0.000000E+00,2.110805E+01,7.995060E+01,2.388797E+01,5.456643E+01
15:14:00,8.014350E+03,2.445603E+03,5.580229E-01,2.159856E-01,0.000000E+00,0.000000E+00,0.000000E+00,0.000000E+00,0.000000E+00,0.000000E+00,0.000000E+00,0.000000E+00,2.110805E+01,7.995060E+01,2.388797E+01,5.456971E+01
15:15:00,8.014350E+03,2.445040E+03,5.580229E-01,2.159359E-01,0.000000E+00,0.000000E+00,0.000000E+00,0.000000E+00,0.000000E+00,0.000000E+00,0.000000E+00,0.000000E+00,2.110805E+01,7.995060E+01,2.388797E+01,5.457312E+01
15:16:00,8.014350E+03,2.444451E+03,5.580229E-01,2.158839E-01,0.000000E+00,0.000000E+00,0.000000E+00,0.000000E+00,0.000000E+00,0.000000E+00,0.000000E+00,0.000000E+00,2.110805E+01,7.995060E+01,2.388797E+01,5.457666E+01
15:17:00,8.014350E+03,2.443836E+03,5.580229E-01,2.158296E-01,0.000000E+00,0.000000E+00,0.000000E+00,0.000000E+00,0.000000E+00,0.000000E+00,0.000000E+00,0.000000E+00,2.110805E+01,7.995060E+01,2.388797E+01,5.458030E+01
15:18:00,8.014350E+03,2.443196E+03,5.580229E-01,2.157730E-01,0.000000E+00,0.000000E+00,0.000000E+00,0.000000E+00,0.000000E+00,0.000000E+00,0.000000E+00,0.000000E+00,2.110805E+01,7.995060E+01,2.388798E+01,5.458406E+01
15:19:00,8.014350E+03,2.442529E+03,5.580229E-01,2.157141E-01,0.000000E+00,0.000000E+00,0.000000E+00,0.000000E+00,0.000000E+00,0.000000E+00,0.000000E+00,0.000000E+00,2.110805E+01,7.995060E+01,2.388798E+01,5.458793E+01
15:20:00,8.014350E+03,2.441838E+03,5.580229E-01,2.156530E-01,0.000000E+00,0.000000E+00,0.000000E+00,0.000000E+00,0.000000E+00,0.000000E+00,0.000000E+00,0.000000E+00,2.110805E+01,7.995060E+01,2.388798E+01,5.459189E+01
15:21:00,8.014350E+03,2.441122E+03,5.580229E-01,2.155898E-01,0.000000E+00,0.000000E+00,0.000000E+00,0.000000E+00,0.000000E+00,0.000000E+00,0.000000E+00,0.000000E+00,2.110805E+01,7.995060E+01,2.388798E+01,5.459595E+01
15:22:00,8.014350E+03,2.440380E+03,5.580229E-01,2.155243E-01,0.000000E+00,0.000000E+00,0.000000E+00,0.000000E+00,0.000000E+00,0.000000E+00,0.000000E+00,0.000000E+00,2.110805E+01,7.995060E+01,2.388798E+01,5.460009E+01
15:23:00,8.014350E+03,2.439614E+03,5.580229E-01,2.154567E-01,0.000000E+00,0.000000E+00,0.000000E+00,0.000000E+00,0.000000E+00,0.000000E+00,0.000000E+00,0.000000E+00,2.110805E+01,7.995060E+01,2.388798E+01,5.460432E+01
15:24:00,8.014350E+03,2.438824E+03,5.580229E-01,2.153868E-01,0.000000E+00,0.000000E+00,0.000000E+00,0.000000E+00,0.000000E+00,0.000000E+00,0.000000E+00,0.000000E+00,2.110805E+01,7.995060E+01,2.388798E+01,5.460863E+01
15:25:00,8.014350E+03,2.438008E+03,5.580229E-01,2.153148E-01,0.000000E+00,0.000000E+00,0.000000E+00,0.000000E+00,0.000000E+00,0.000000E+00,0.000000E+00,0.000000E+00,2.110805E+01,7.995060E+01,2.388798E+01,5.461303E+01
15:26:00,8.014350E+03,2.437169E+03,5.580229E-01,2.152407E-01,0.000000E+00,0.000000E+00,0.000000E+00,0.000000E+00,0.000000E+00,0.000000E+00,0.000000E+00,0.000000E+00,2.110805E+01,7.995060E+01,2.388798E+01,5.461749E+01
15:27:00,8.014350E+03,2.436305E+03,5.580229E-01,2.151644E-01,0.000000E+00,0.000000E+00,0.000000E+00,0.000000E+00,0.000000E+00,0.000000E+00,0.000000E+00,0.000000E+00,2.110805E+01,7.995060E+01,2.388798E+01,5.462204E+01
15:28:00,8.014350E+03,2.435418E+03,5.580229E-01,2.150860E-01,0.000000E+00,0.000000E+00,0.000000E+00,0.000000E+00,0.000000E+00,0.000000E+00,0.000000E+00,0.000000E+00,2.110805E+01,7.995060E+01,2.388798E+01,5.462665E+01
15:29:00,8.014350E+03,2.434507E+03,5.580229E-01,2.150056E-01,0.000000E+00,0.000000E+00,0.000000E+00,0.000000E+00,0.000000E+00,0.000000E+00,0.000000E+00,0.000000E+00,2.110805E+01,7.995060E+01,2.388798E+01,5.463133E+01
15:30:00,8.014350E+03,2.433573E+03,5.580229E-01,2.149231E-01,0.000000E+00,0.000000E+00,0.000000E+00,0.000000E+00,0.000000E+00,0.000000E+00,0.000000E+00,0.000000E+00,2.110805E+01,7.995060E+01,2.388798E+01,5.463607E+01
15:31:00,8.014350E+03,2.432615E+03,5.580229E-01,2.148385E-01,0.000000E+00,0.000000E+00,0.000000E+00,0.000000E+00,0.000000E+00,0.000000E+00,0.000000E+00,0.000000E+00,2.110805E+01,7.995060E+01,2.388798E+01,5.464087E+01
15:32:00,8.014350E+03,2.431635E+03,5.580229E-01,2.147519E-01,0.000000E+00,0.000000E+00,0.000000E+00,0.000000E+00,0.000000E+00,0.000000E+00,0.000000E+00,0.000000E+00,2.110805E+01,7.995060E+01,2.388798E+01,5.464572E+01
15:33:00,8.014350E+03,2.430632E+03,5.580229E-01,2.146634E-01,0.000000E+00,0.000000E+00,0.000000E+00,0.000000E+00,0.000000E+00,0.000000E+00,0.000000E+00,0.000000E+00,2.110805E+01,7.995060E+01,2.388798E+01,5.465063E+01
15:34:00,8.014350E+03,2.429608E+03,5.580229E-01,2.145729E-01,0.000000E+00,0.000000E+00,0.000000E+00,0.000000E+00,0.000000E+00,0.000000E+00,0.000000E+00,0.000000E+00,2.110805E+01,7.995060E+01,2.388798E+01,5.465559E+01
15:35:00,8.014350E+03,2.428562E+03,5.580229E-01,2.144805E-01,0.000000E+00,0.000000E+00,0.000000E+00,0.000000E+00,0.000000E+00,0.000000E+00,0.000000E+00,0.000000E+00,2.110805E+01,7.995060E+01,2.388798E+01,5.466060E+01
15:36:00,8.014350E+03,2.427493E+03,5.580229E-01,2.143861E-01,0.000000E+00,0.000000E+00,0.000000E+00,0.000000E+00,0.000000E+00,0.000000E+00,0.000000E+00,0.000000E+00,2.110805E+01,7.995060E+01,2.388798E+01,5.466564E+01
15:37:00,8.014350E+03,2.426403E+03,5.580229E-01,2.142899E-01,0.000000E+00,0.000000E+00,0.000000E+00,0.000000E+00,0.000000E+00,0.000000E+00,0.000000E+00,0.000000E+00,2.110805E+01,7.995060E+01,2.388798E+01,5.467074E+01
15:38:00,8.014350E+03,2.425292E+03,5.580229E-01,2.141917E-01,0.000000E+00,0.000000E+00,0.000000E+00,0.000000E+00,0.000000E+00,0.000000E+00,0.000000E+00,0.000000E+00,2.110805E+01,7.995060E+01,2.388798E+01,5.467587E+01
15:39:00,8.014350E+03,2.424160E+03,5.580229E-01,2.140917E-01,0.000000E+00,0.000000E+00,0.000000E+00,0.000000E+00,0.000000E+00,0.000000E+00,0.000000E+00,0.000000E+00,2.110805E+01,7.995060E+01,2.388798E+01,5.468104E+01
15:40:00,8.014350E+03,2.423006E+03,5.580229E-01,2.139898E-01,0.000000E+00,0.000000E+00,0.000000E+00,0.000000E+00,0.000000E+00,0.000000E+00,0.000000E+00,0.000000E+00,2.110805E+01,7.995060E+01,2.388798E+01,5.468623E+01
15:41:00,8.014350E+03,2.421835E+03,5.580229E-01,2.138864E-01,0.000000E+00,0.000000E+00,0.000000E+00,0.000000E+00,0.000000E+00,0.000000E+00,0.000000E+00,0.000000E+00,2.110805E+01,7.995060E+01,2.388798E+01,5.469146E+01
15:42:00,8.014350E+03,2.420650E+03,5.580229E-01,2.137817E-01,0.000000E+00,0.000000E+00,0.000000E+00,0.000000E+00,0.000000E+00,0.000000E+00,0.000000E+00,0.000000E+00,2.110805E+01,7.995060E+01,2.388798E+01,5.469671E+01
15:43:00,8.014350E+03,2.419450E+03,5.580229E-01,2.136758E-01,0.000000E+00,0.000000E+00,0.000000E+00,0.000000E+00,0.000000E+00,0.000000E+00,0.000000E+00,0.000000E+00,2.110805E+01,7.995060E+01,2.388798E+01,5.470193E+01
15:44:00,8.014350E+03,2.418237E+03,5.580229E-01,2.135686E-01,0.000000E+00,0.000000E+00,0.000000E+00,0.000000E+00,0.000000E+00,0.000000E+00,0.000000E+00,0.000000E+00,2.110805E+01,7.995060E+01,2.388798E+01,5.470711E+01
15:45:00,8.014350E+03,2.417011E+03,5.580229E-01,2.134603E-01,0.000000E+00,0.000000E+00,0.000000E+00,0.000000E+00,0.000000E+00,0.000000E+00,0.000000E+00,0.000000E+00,2.110805E+01,7.995060E+01,2.388798E+01,5.471224E+01
15:46:00,8.014350E+03,2.415771E+03,5.580229E-01,2.133508E-01,0.000000E+00,0.000000E+00,0.000000E+00,0.000000E+00,0.000000E+00,0.000000E+00,0.000000E+00,0.000000E+00,2.110805E+01,7.995060E+01,2.388798E+01,5.471734E+01
15:47:00,8.014350E+03,2.414517E+03,5.580229E-01,2.132401E-01,0.000000E+00,0.000000E+00,0.000000E+00,0.000000E+00,0.000000E+00,0.000000E+00,0.000000E+00,0.000000E+00,2.110805E+01,7.995060E+01,2.388798E+01,5.472240E+01
15:48:00,8.014350E+03,2.413251E+03,5.580229E-01,2.131282E-01,0.000000E+00,0.000000E+00,0.000000E+00,0.000000E+00,0.000000E+00,0.000000E+00,0.000000E+00,0.000000E+00,2.110805E+01,7.995060E+01,2.388798E+01,5.472742E+01
15:49:00,8.014350E+03,2.411971E+03,5.580229E-01,2.130152E-01,0.000000E+00,0.000000E+00,0.000000E+00,0.000000E+00,0.000000E+00,0.000000E+00,0.000000E+00,0.000000E+00,2.110805E+01,7.995060E+01,2.388798E+01,5.473241E+01
15:50:00,8.014350E+03,2.410678E+03,5.580229E-01,2.129010E-01,0.000000E+00,0.000000E+00,0.000000E+00,0.000000E+00,0.000000E+00,0.000000E+00,0.000000E+00,0.000000E+00,2.110805E+01,7.995060E+01,2.388798E+01,5.473738E+01
15:51:00,8.014350E+03,2.409372E+03,5.580229E-01,2.127857E-01,0.000000E+00,0.000000E+00,0.000000E+00,0.000000E+00,0.000000E+00,0.000000E+00,0.000000E+00,0.000000E+00,2.110805E+01,7.995060E+01,2.388798E+01,5.474231E+01
15:52:00,8.014350E+03,2.408054E+03,5.580229E-01,2.126692E-01,0.000000E+00,0.000000E+00,0.000000E+00,0.000000E+00,0.000000E+00,0.000000E+00,0.000000E+00,0.000000E+00,2.110805E+01,7.995060E+01,2.388798E+01,5.474722E+01
15:53:00,8.014350E+03,2.406722E+03,5.580229E-01,2.125516E-01,0.000000E+00,0.000000E+00,0.000000E+00,0.000000E+00,0.000000E+00,0.000000E+00,0.000000E+00,0.000000E+00,2.110805E+01,7.995060E+01,2.388798E+01,5.475211E+01
15:54:00,8.014350E+03,2.405377E+03,5.580229E-01,2.124328E-01,0.000000E+00,0.000000E+00,0.000000E+00,0.000000E+00,0.000000E+00,0.000000E+00,0.000000E+00,0.000000E+00,2.110805E+01,7.995060E+01,2.388798E+01,5.475697E+01
15:55:00,8.014350E+03,2.404019E+03,5.580229E-01,2.123129E-01,0.000000E+00,0.000000E+00,0.000000E+00,0.000000E+00,0.000000E+00,0.000000E+00,0.000000E+00,0.000000E+00,2.110805E+01,7.995060E+01,2.388798E+01,5.476182E+01
15:56:00,8.014350E+03,2.402649E+03,5.580229E-01,2.121918E-01,0.000000E+00,0.000000E+00,0.000000E+00,0.000000E+00,0.000000E+00,0.000000E+00,0.000000E+00,0.000000E+00,2.110805E+01,7.995060E+01,2.388798E+01,5.476665E+01
15:57:00,8.014350E+03,2.401266E+03,5.580229E-01,2.120697E-01,0.000000E+00,0.000000E+00,0.000000E+00,0.000000E+00,0.000000E+00,0.000000E+00,0.000000E+00,0.000000E+00,2.110805E+01,7.995060E+01,2.388798E+01,5.477147E+01
15:58:00,8.014350E+03,2.399870E+03,5.580229E-01,2.119464E-01,0.000000E+00,0.000000E+00,0.000000E+00,0.000000E+00,0.000000E+00,0.000000E+00,0.000000E+00,0.000000E+00,2.110805E+01,7.995060E+01,2.388798E+01,5.477627E+01
15:59:00,8.014350E+03,2.398461E+03,5.580229E-01,2.118220E-01,0.000000E+00,0.000000E+00,0.000000E+00,0.000000E+00,0.000000E+00,0.000000E+00,0.000000E+00,0.000000E+00,2.110805E+01,7.995060E+01,2.388798E+01,5.478106E+01
16:00:00,8.014350E+03,2.397040E+03,5.580229E-01,2.116965E-01,0.000000E+00,0.000000E+00,0.000000E+00,0.000000E+00,0.000000E+00,0.000000E+00,0.000000E+00,0.000000E+00,2.110805E+01,7.995060E+01,2.388798E+01,5.478584E+01
16:01:00,8.014350E+03,2.395619E+03,5.580229E-01,2.115709E-01,0.000000E+00,0.000000E+00,0.000000E+00,0.000000E+00,0.000000E+00,0.000000E+00,0.000000E+00,0.000000E+00,2.110805E+01,7.995060E+01,2.388798E+01,5.479062E+01
16:02:00,8.014350E+03,2.394239E+03,5.580229E-01,2.114491E-01,0.000000E+00,0.000000E+00,0.000000E+00,0.000000E+00,0.000000E+00,0.000000E+00,0.000000E+00,0.000000E+00,2.110805E+01,7.995060E+01,2.388798E+01,5.479541E+01
16:03:00,8.014350E+03,2.392861E+03,5.580229E-01,2.113274E-01,0.000000E+00,0.000000E+00,0.000000E+00,0.000000E+00,0.000000E+00,0.000000E+00,0.000000E+00,0.000000E+00,2.110805E+01,7.995060E+01,2.388798E+01,5.480027E+01
16:04:00,8.014350E+03,2.391483E+03,5.580229E-01,2.112057E-01,0.000000E+00,0.000000E+00,0.000000E+00,0.000000E+00,0.000000E+00,0.000000E+00,0.000000E+00,0.000000E+00,2.110805E+01,7.995060E+01,2.388798E+01,5.480518E+01
16:05:00,8.014350E+03,2.390105E+03,5.580229E-01,2.110840E-01,0.000000E+00,0.000000E+00,0.000000E+00,0.000000E+00,0.000000E+00,0.000000E+00,0.000000E+00,0.000000E+00,2.110805E+01,7.995060E+01,2.388799E+01,5.481014E+01
16:06:00,8.014350E+03,2.388728E+03,5.580229E-01,2.109624E-01,0.000000E+00,0.000000E+00,0.000000E+00,0.000000E+00,0.000000E+00,0.000000E+00,0.000000E+00,0.000000E+00,2.110805E+01,7.995060E+01,2.388799E+01,5.481516E+01
16:07:00,8.014350E+03,2.387351E+03,5.580229E-01,2.108407E-01,0.000000E+00,0.000000E+00,0.000000E+00,0.000000E+00,0.000000E+00,0.000000E+00,0.000000E+00,0.000000E+00,2.110805E+01,7.995060E+01,2.388799E+01,5.482023E+01
16:08:00,8.014350E+03,2.385973E+03,5.580229E-01,2.107191E-01,0.000000E+00,0.000000E+00,0.000000E+00,0.000000E+00,0.000000E+00,0.000000E+00,0.000000E+00,0.000000E+00,2.110805E+01,7.995060E+01,2.388799E+01,5.482535E+01
16:09:00,8.014350E+03,2.384595E+03,5.580229E-01,2.105974E-01,0.000000E+00,0.000000E+00,0.000000E+00,0.000000E+00,0.000000E+00,0.000000E+00,0.000000E+00,0.000000E+00,2.110805E+01,7.995060E+01,2.388799E+01,5.483052E+01
16:10:00,8.014350E+03,2.383218E+03,5.580229E-01,2.104757E-01,0.000000E+00,0.000000E+00,0.000000E+00,0.000000E+00,0.000000E+00,0.000000E+00,0.000000E+00,0.000000E+00,2.110805E+01,7.995060E+01,2.388799E+01,5.483574E+01
16:11:00,8.014350E+03,2.381840E+03,5.580229E-01,2.103540E-01,0.000000E+00,0.000000E+00,0.000000E+00,0.000000E+00,0.000000E+00,0.000000E+00,0.000000E+00,0.000000E+00,2.110805E+01,7.995060E+01,2.388799E+01,5.484100E+01
16:12:00,8.014350E+03,2.380461E+03,5.580229E-01,2.102323E-01,0.000000E+00,0.000000E+00,0.000000E+00,0.000000E+00,0.000000E+00,0.000000E+00,0.000000E+00,0.000000E+00,2.110805E+01,7.995060E+01,2.388799E+01,5.484631E+01
16:13:00,8.014350E+03,2.379083E+03,5.580229E-01,2.101105E-01,0.000000E+00,0.000000E+00,0.000000E+00,0.000000E+00,0.000000E+00,0.000000E+00,0.000000E+00,0.000000E+00,2.110805E+01,7.995060E+01,2.388799E+01,5.485166E+01
16:14:00,8.014350E+03,2.377703E+03,5.580229E-01,2.099887E-01,0.000000E+00,0.000000E+00,0.000000E+00,0.000000E+00,0.000000E+00,0.000000E+00,0.000000E+00,0.000000E+00,2.110805E+01,7.995060E+01,2.388799E+01,5.485706E+01
16:15:00,8.014350E+03,2.376323E+03,5.580229E-01,2.098668E-01,0.000000E+00,0.000000E+00,0.000000E+00,0.000000E+00,0.000000E+00,0.000000E+00,0.000000E+00,0.000000E+00,2.110805E+01,7.995060E+01,2.388799E+01,5.486250E+01
16:16:00,8.014350E+03,2.374943E+03,5.580229E-01,2.097449E-01,0.000000E+00,0.000000E+00,0.000000E+00,0.000000E+00,0.000000E+00,0.000000E+00,0.000000E+00,0.000000E+00,2.110805E+01,7.995060E+01,2.388799E+01,5.486798E+01
16:17:00,8.014350E+03,2.373562E+03,5.580229E-01,2.096229E-01,0.000000E+00,0.000000E+00,0.000000E+00,0.000000E+00,0.000000E+00,0.000000E+00,0.000000E+00,0.000000E+00,2.110805E+01,7.995060E+01,2.388799E+01,5.487351E+01
16:18:00,8.014350E+03,2.372182E+03,5.580229E-01,2.095010E-01,0.000000E+00,0.000000E+00,0.000000E+00,0.000000E+00,0.000000E+00,0.000000E+00,0.000000E+00,0.000000E+00,2.110805E+01,7.995060E+01,2.388799E+01,5.487907E+01
16:19:00,8.014350E+03,2.370803E+03,5.580229E-01,2.093792E-01,0.000000E+00,0.000000E+00,0.000000E+00,0.000000E+00,0.000000E+00,0.000000E+00,0.000000E+00,0.000000E+00,2.110805E+01,7.995060E+01,2.388799E+01,5.488467E+01
16:20:00,8.014350E+03,2.369425E+03,5.580229E-01,2.092575E-01,0.000000E+00,0.000000E+00,0.000000E+00,0.000000E+00,0.000000E+00,0.000000E+00,0.000000E+00,0.000000E+00,2.110805E+01,7.995060E+01,2.388799E+01,5.489028E+01
16:21:00,8.014350E+03,2.368047E+03,5.580229E-01,2.091358E-01,0.000000E+00,0.000000E+00,0.000000E+00,0.000000E+00,0.000000E+00,0.000000E+00,0.000000E+00,0.000000E+00,2.110805E+01,7.995060E+01,2.388799E+01,5.489592E+01
16:22:00,8.014350E+03,2.366671E+03,5.580229E-01,2.090143E-01,0.000000E+00,0.000000E+00,0.000000E+00,0.000000E+00,0.000000E+00,0.000000E+00,0.000000E+00,0.000000E+00,2.110805E+01,7.995060E+01,2.388799E+01,5.490158E+01
16:23:00,8.014350E+03,2.365296E+03,5.580229E-01,2.088929E-01,0.000000E+00,0.000000E+00,0.000000E+00,0.000000E+00,0.000000E+00,0.000000E+00,0.000000E+00,0.000000E+00,2.110805E+01,7.995060E+01,2.388799E+01,5.490725E+01
16:24:00,8.014350E+03,2.363923E+03,5.580229E-01,2.087716E-01,0.000000E+00,0.000000E+00,0.000000E+00,0.000000E+00,0.000000E+00,0.000000E+00,0.000000E+00,0.000000E+00,2.110805E+01,7.995060E+01,2.388799E+01,5.491293E+01
16:25:00,8.014350E+03,2.362551E+03,5.580229E-01,2.086504E-01,0.000000E+00,0.000000E+00,0.000000E+00,0.000000E+00,0.000000E+00,0.000000E+00,0.000000E+00,0.000000E+00,2.110805E+01,7.995060E+01,2.388799E+01,5.491863E+01
16:26:00,8.014350E+03,2.361181E+03,5.580229E-01,2.085294E-01,0.000000E+00,0.000000E+00,0.000000E+00,0.000000E+00,0.000000E+00,0.000000E+00,0.000000E+00,0.000000E+00,2.110805E+01,7.995060E+01,2.388799E+01,5.492434E+01
16:27:00,8.014350E+03,2.359812E+03,5.580229E-01,2.084085E-01,0.000000E+00,0.000000E+00,0.000000E+00,0.000000E+00,0.000000E+00,0.000000E+00,0.000000E+00,0.000000E+00,2.110805E+01,7.995060E+01,2.388799E+01,5.493006E+01
16:28:00,8.014350E+03,2.358445E+03,5.580229E-01,2.082878E-01,0.000000E+00,0.000000E+00,0.000000E+00,0.000000E+00,0.000000E+00,0.000000E+00,0.000000E+00,0.000000E+00,2.110805E+01,7.995060E+01,2.388799E+01,5.493579E+01
16:29:00,8.014350E+03,2.357079E+03,5.580229E-01,2.081671E-01,0.000000E+00,0.000000E+00,0.000000E+00,0.000000E+00,0.000000E+00,0.000000E+00,0.000000E+00,0.000000E+00,2.110805E+01,7.995060E+01,2.388799E+01,5.494154E+01
16:30:00,8.014350E+03,2.355715E+03,5.580229E-01,2.080467E-01,0.000000E+00,0.000000E+00,0.000000E+00,0.000000E+00,0.000000E+00,0.000000E+00,0.000000E+00,0.000000E+00,2.110805E+01,7.995060E+01,2.388799E+01,5.494728E+01
16:31:00,8.014350E+03,2.354352E+03,5.580229E-01,2.079263E-01,0.000000E+00,0.000000E+00,0.000000E+00,0.000000E+00,0.000000E+00,0.000000E+00,0.000000E+00,0.000000E+00,2.110805E+01,7.995060E+01,2.388799E+01,5.495305E+01
16:32:00,8.014350E+03,2.352990E+03,5.580229E-01,2.078061E-01,0.000000E+00,0.000000E+00,0.000000E+00,0.000000E+00,0.000000E+00,0.000000E+00,0.000000E+00,0.000000E+00,2.110805E+01,7.995060E+01,2.388799E+01,5.495882E+01
16:33:00,8.014350E+03,2.351630E+03,5.580229E-01,2.076859E-01,0.000000E+00,0.000000E+00,0.000000E+00,0.000000E+00,0.000000E+00,0.000000E+00,0.000000E+00,0.000000E+00,2.110805E+01,7.995060E+01,2.388799E+01,5.496460E+01
16:34:00,8.014350E+03,2.350272E+03,5.580229E-01,2.075659E-01,0.000000E+00,0.000000E+00,0.000000E+00,0.000000E+00,0.000000E+00,0.000000E+00,0.000000E+00,0.000000E+00,2.110805E+01,7.995060E+01,2.388799E+01,5.497038E+01
16:35:00,8.014350E+03,2.348914E+03,5.580229E-01,2.074460E-01,0.000000E+00,0.000000E+00,0.000000E+00,0.000000E+00,0.000000E+00,0.000000E+00,0.000000E+00,0.000000E+00,2.110805E+01,7.995060E+01,2.388799E+01,5.497617E+01
16:36:00,8.014350E+03,2.347558E+03,5.580229E-01,2.073263E-01,0.000000E+00,0.000000E+00,0.000000E+00,0.000000E+00,0.000000E+00,0.000000E+00,0.000000E+00,0.000000E+00,2.110805E+01,7.995060E+01,2.388799E+01,5.498198E+01
16:37:00,8.014350E+03,2.346202E+03,5.580229E-01,2.072066E-01,0.000000E+00,0.000000E+00,0.000000E+00,0.000000E+00,0.000000E+00,0.000000E+00,0.000000E+00,0.000000E+00,2.110805E+01,7.995060E+01,2.388799E+01,5.498779E+01
16:38:00,8.014350E+03,2.344848E+03,5.580229E-01,2.070869E-01,0.000000E+00,0.000000E+00,0.000000E+00,0.000000E+00,0.000000E+00,0.000000E+00,0.000000E+00,0.000000E+00,2.110805E+01,7.995060E+01,2.388799E+01,5.499361E+01
16:39:00,8.014350E+03,2.343494E+03,5.580229E-01,2.069674E-01,0.000000E+00,0.000000E+00,0.000000E+00,0.000000E+00,0.000000E+00,0.000000E+00,0.000000E+00,0.000000E+00,2.110805E+01,7.995060E+01,2.388799E+01,5.499943E+01
16:40:00,8.014350E+03,2.342141E+03,5.580229E-01,2.068478E-01,0.000000E+00,0.000000E+00,0.000000E+00,0.000000E+00,0.000000E+00,0.000000E+00,0.000000E+00,0.000000E+00,2.110805E+01,7.995060E+01,2.388799E+01,5.500527E+01
16:41:00,8.014350E+03,2.340785E+03,5.580229E-01,2.067281E-01,0.000000E+00,0.000000E+00,0.000000E+00,0.000000E+00,0.000000E+00,0.000000E+00,0.000000E+00,0.000000E+00,2.110805E+01,7.995060E+01,2.388799E+01,5.501111E+01
16:42:00,8.014350E+03,2.339424E+03,5.580229E-01,2.066079E-01,0.000000E+00,0.000000E+00,0.000000E+00,0.000000E+00,0.000000E+00,0.000000E+00,0.000000E+00,0.000000E+00,2.110805E+01,7.995060E+01,2.388799E+01,5.501696E+01
16:43:00,8.014350E+03,2.338056E+03,5.580229E-01,2.064871E-01,0.000000E+00,0.000000E+00,0.000000E+00,0.000000E+00,0.000000E+00,0.000000E+00,0.000000E+00,0.000000E+00,2.110805E+01,7.995060E+01,2.388799E+01,5.502282E+01
16:44:00,8.014350E+03,2.336682E+03,5.580229E-01,2.063658E-01,0.000000E+00,0.000000E+00,0.000000E+00,0.000000E+00,0.000000E+00,0.000000E+00,0.000000E+00,0.000000E+00,2.110805E+01,7.995060E+01,2.388799E+01,5.502868E+01
16:45:00,8.014350E+03,2.335302E+03,5.580229E-01,2.062439E-01,0.000000E+00,0.000000E+00,0.000000E+00,0.000000E+00,0.000000E+00,0.000000E+00,0.000000E+00,0.000000E+00,2.110805E+01,7.995060E+01,2.388799E+01,5.503456E+01
16:46:00,8.014350E+03,2.333916E+03,5.580229E-01,2.061215E-01,0.000000E+00,0.000000E+00,0.000000E+00,0.000000E+00,0.000000E+00,0.000000E+00,0.000000E+00,0.000000E+00,2.110805E+01,7.995060E+01,2.388799E+01,5.504045E+01
16:47:00,8.014350E+03,2.332524E+03,5.580229E-01,2.059985E-01,0.000000E+00,0.000000E+00,0.000000E+00,0.000000E+00,0.000000E+00,0.000000E+00,0.000000E+00,0.000000E+00,2.110805E+01,7.995060E+01,2.388799E+01,5.504634E+01
16:48:00,8.014350E+03,2.331125E+03,5.580229E-01,2.058750E-01,0.000000E+00,0.000000E+00,0.000000E+00,0.000000E+00,0.000000E+00,0.000000E+00,0.000000E+00,0.000000E+00,2.110805E+01,7.995060E+01,2.388799E+01,5.505225E+01
16:49:00,8.014350E+03,2.329720E+03,5.580229E-01,2.057509E-01,0.000000E+00,0.000000E+00,0.000000E+00,0.000000E+00,0.000000E+00,0.000000E+00,0.000000E+00,0.000000E+00,2.110805E+01,7.995060E+01,2.388799E+01,5.505816E+01
16:50:00,8.014350E+03,2.328309E+03,5.580229E-01,2.056262E-01,0.000000E+00,0.000000E+00,0.000000E+00,0.000000E+00,0.000000E+00,0.000000E+00,0.000000E+00,0.000000E+00,2.110805E+01,7.995060E+01,2.388800E+01,5.506408E+01
16:51:00,8.014350E+03,2.326892E+03,5.580229E-01,2.055011E-01,0.000000E+00,0.000000E+00,0.000000E+00,0.000000E+00,0.000000E+00,0.000000E+00,0.000000E+00,0.000000E+00,2.110805E+01,7.995060E+01,2.388800E+01,5.507002E+01
16:52:00,8.014350E+03,2.325468E+03,5.580229E-01,2.053754E-01,0.000000E+00,0.000000E+00,0.000000E+00,0.000000E+00,0.000000E+00,0.000000E+00,0.000000E+00,0.000000E+00,2.110805E+01,7.995060E+01,2.388800E+01,5.507597E+01
16:53:00,8.014350E+03,2.324039E+03,5.580229E-01,2.052491E-01,0.000000E+00,0.000000E+00,0.000000E+00,0.000000E+00,0.000000E+00,0.000000E+00,0.000000E+00,0.000000E+00,2.110805E+01,7.995060E+01,2.388800E+01,5.508193E+01
16:54:00,8.014350E+03,2.322603E+03,5.580229E-01,2.051223E-01,0.000000E+00,0.000000E+00,0.000000E+00,0.000000E+00,0.000000E+00,0.000000E+00,0.000000E+00,0.000000E+00,2.110805E+01,7.995060E+01,2.388800E+01,5.508789E+01
16:55:00,8.014350E+03,2.321161E+03,5.580229E-01,2.049949E-01,0.000000E+00,0.000000E+00,0.000000E+00,0.000000E+00,0.000000E+00,0.000000E+00,0.000000E+00,0.000000E+00,2.110805E+01,7.995060E+01,2.388800E+01,5.509388E+01
16:56:00,8.014350E+03,2.319713E+03,5.580229E-01,2.048670E-01,0.000000E+00,0.000000E+00,0.000000E+00,0.000000E+00,0.000000E+00,0.000000E+00,0.000000E+00,0.000000E+00,2.110805E+01,7.995060E+01,2.388800E+01,5.509987E+01
16:57:00,8.014350E+03,2.318259E+03,5.580229E-01,2.047386E-01,0.000000E+00,0.000000E+00,0.000000E+00,0.000000E+00,0.000000E+00,0.000000E+00,0.000000E+00,0.000000E+00,2.110805E+01,7.995060E+01,2.388800E+01,5.510589E+01
16:58:00,8.014350E+03,2.316798E+03,5.580229E-01,2.046096E-01,0.000000E+00,0.000000E+00,0.000000E+00,0.000000E+00,0.000000E+00,0.000000E+00,0.000000E+00,0.000000E+00,2.110805E+01,7.995060E+01,2.388800E+01,5.511191E+01
16:59:00,8.014350E+03,2.315331E+03,5.580229E-01,2.044801E-01,0.000000E+00,0.000000E+00,0.000000E+00,0.000000E+00,0.000000E+00,0.000000E+00,0.000000E+00,0.000000E+00,2.110805E+01,7.995060E+01,2.388800E+01,5.511795E+01
17:00:00,8.014350E+03,2.313859E+03,5.580229E-01,2.043500E-01,0.000000E+00,0.000000E+00,0.000000E+00,0.000000E+00,0.000000E+00,0.000000E+00,0.000000E+00,0.000000E+00,2.110805E+01,7.995060E+01,2.388800E+01,5.512400E+01
17:01:00,8.014350E+03,2.312380E+03,5.580229E-01,2.042194E-01,0.000000E+00,0.000000E+00,0.000000E+00,0.000000E+00,0.000000E+00,0.000000E+00,0.000000E+00,0.000000E+00,2.110805E+01,7.995060E+01,2.388800E+01,5.513008E+01
17:02:00,8.014350E+03,2.310894E+03,5.580229E-01,2.040882E-01,0.000000E+00,0.000000E+00,0.000000E+00,0.000000E+00,0.000000E+00,0.000000E+00,0.000000E+00,0.000000E+00,2.110805E+01,7.995060E+01,2.388800E+01,5.513620E+01
17:03:00,8.014350E+03,2.309403E+03,5.580229E-01,2.039565E-01,0.000000E+00,0.000000E+00,0.000000E+00,0.000000E+00,0.000000E+00,0.000000E+00,0.000000E+00,0.000000E+00,2.110805E+01,7.995060E+01,2.388800E+01,5.514240E+01
17:04:00,8.014350E+03,2.307905E+03,5.580229E-01,2.038242E-01,0.000000E+00,0.000000E+00,0.000000E+00,0.000000E+00,0.000000E+00,0.000000E+00,0.000000E+00,0.000000E+00,2.110805E+01,7.995060E+01,2.388800E+01,5.514868E+01
17:05:00,8.014350E+03,2.306401E+03,5.580229E-01,2.036913E-01,0.000000E+00,0.000000E+00,0.000000E+00,0.000000E+00,0.000000E+00,0.000000E+00,0.000000E+00,0.000000E+00,2.110805E+01,7.995060E+01,2.388800E+01,5.515504E+01
17:06:00,8.014350E+03,2.304890E+03,5.580229E-01,2.035579E-01,0.000000E+00,0.000000E+00,0.000000E+00,0.000000E+00,0.000000E+00,0.000000E+00,0.000000E+00,0.000000E+00,2.110805E+01,7.995060E+01,2.388800E+01,5.516148E+01
17:07:00,8.014350E+03,2.303373E+03,5.580229E-01,2.034239E-01,0.000000E+00,0.000000E+00,0.000000E+00,0.000000E+00,0.000000E+00,0.000000E+00,0.000000E+00,0.000000E+00,2.110805E+01,7.995060E+01,2.388800E+01,5.516799E+01
17:08:00,8.014350E+03,2.301849E+03,5.580229E-01,2.032894E-01,0.000000E+00,0.000000E+00,0.000000E+00,0.000000E+00,0.000000E+00,0.000000E+00,0.000000E+00,0.000000E+00,2.110805E+01,7.995060E+01,2.388800E+01,5.517457E+01
17:09:00,8.014350E+03,2.300319E+03,5.580229E-01,2.031542E-01,0.000000E+00,0.000000E+00,0.000000E+00,0.000000E+00,0.000000E+00,0.000000E+00,0.000000E+00,0.000000E+00,2.110805E+01,7.995060E+01,2.388800E+01,5.518122E+01
17:10:00,8.014350E+03,2.298783E+03,5.580229E-01,2.030185E-01,0.000000E+00,0.000000E+00,0.000000E+00,0.000000E+00,0.000000E+00,0.000000E+00,0.000000E+00,0.000000E+00,2.110805E+01,7.995060E+01,2.388800E+01,5.518794E+01
17:11:00,8.014350E+03,2.297240E+03,5.580229E-01,2.028822E-01,0.000000E+00,0.000000E+00,0.000000E+00,0.000000E+00,0.000000E+00,0.000000E+00,0.000000E+00,0.000000E+00,2.110805E+01,7.995060E+01,2.388800E+01,5.519473E+01
17:12:00,8.014350E+03,2.295690E+03,5.580229E-01,2.027454E-01,0.000000E+00,0.000000E+00,0.000000E+00,0.000000E+00,0.000000E+00,0.000000E+00,0.000000E+00,0.000000E+00,2.110805E+01,7.995060E+01,2.388800E+01,5.520159E+01
17:13:00,8.014350E+03,2.294133E+03,5.580229E-01,2.026079E-01,0.000000E+00,0.000000E+00,0.000000E+00,0.000000E+00,0.000000E+00,0.000000E+00,0.000000E+00,0.000000E+00,2.110805E+01,7.995060E+01,2.388800E+01,5.520850E+01
17:14:00,8.014350E+03,2.292570E+03,5.580229E-01,2.024698E-01,0.000000E+00,0.000000E+00,0.000000E+00,0.000000E+00,0.000000E+00,0.000000E+00,0.000000E+00,0.000000E+00,2.110805E+01,7.995060E+01,2.388800E+01,5.521549E+01
17:15:00,8.014350E+03,2.291000E+03,5.580229E-01,2.023312E-01,0.000000E+00,0.000000E+00,0.000000E+00,0.000000E+00,0.000000E+00,0.000000E+00,0.000000E+00,0.000000E+00,2.110805E+01,7.995060E+01,2.388800E+01,5.522254E+01
17:16:00,8.014350E+03,2.289423E+03,5.580229E-01,2.021919E-01,0.000000E+00,0.000000E+00,0.000000E+00,0.000000E+00,0.000000E+00,0.000000E+00,0.000000E+00,0.000000E+00,2.110805E+01,7.995060E+01,2.388800E+01,5.522965E+01
17:17:00,8.014350E+03,2.287839E+03,5.580229E-01,2.020520E-01,0.000000E+00,0.000000E+00,0.000000E+00,0.000000E+00,0.000000E+00,0.000000E+00,0.000000E+00,0.000000E+00,2.110805E+01,7.995060E+01,2.388800E+01,5.523682E+01
17:18:00,8.014350E+03,2.286246E+03,5.580229E-01,2.019113E-01,0.000000E+00,0.000000E+00,0.000000E+00,0.000000E+00,0.000000E+00,0.000000E+00,0.000000E+00,0.000000E+00,2.110805E+01,7.995060E+01,2.388800E+01,5.524405E+01
17:19:00,8.014350E+03,2.284645E+03,5.580229E-01,2.017699E-01,0.000000E+00,0.000000E+00,0.000000E+00,0.000000E+00,0.000000E+00,0.000000E+00,0.000000E+00,0.000000E+00,2.110805E+01,7.995060E+01,2.388800E+01,5.525134E+01
17:20:00,8.014350E+03,2.283035E+03,5.580229E-01,2.016277E-01,0.000000E+00,0.000000E+00,0.000000E+00,0.000000E+00,0.000000E+00,0.000000E+00,0.000000E+00,0.000000E+00,2.110805E+01,7.995060E+01,2.388800E+01,5.525870E+01
17:21:00,8.014350E+03,2.281415E+03,5.580229E-01,2.014846E-01,0.000000E+00,0.000000E+00,0.000000E+00,0.000000E+00,0.000000E+00,0.000000E+00,0.000000E+00,0.000000E+00,2.110805E+01,7.995060E+01,2.388800E+01,5.526611E+01
17:22:00,8.014350E+03,2.279785E+03,5.580229E-01,2.013407E-01,0.000000E+00,0.000000E+00,0.000000E+00,0.000000E+00,0.000000E+00,0.000000E+00,0.000000E+00,0.000000E+00,2.110805E+01,7.995060E+01,2.388800E+01,5.527358E+01
17:23:00,8.014350E+03,2.278145E+03,5.580229E-01,2.011959E-01,0.000000E+00,0.000000E+00,0.000000E+00,0.000000E+00,0.000000E+00,0.000000E+00,0.000000E+00,0.000000E+00,2.110805E+01,7.995060E+01,2.388801E+01,5.528111E+01
17:24:00,8.014350E+03,2.276495E+03,5.580229E-01,2.010501E-01,0.000000E+00,0.000000E+00,0.000000E+00,0.000000E+00,0.000000E+00,0.000000E+00,0.000000E+00,0.000000E+00,2.110805E+01,7.995060E+01,2.388801E+01,5.528870E+01
17:25:00,8.014350E+03,2.274835E+03,5.580229E-01,2.009035E-01,0.000000E+00,0.000000E+00,0.000000E+00,0.000000E+00,0.000000E+00,0.000000E+00,0.000000E+00,0.000000E+00,2.110805E+01,7.995060E+01,2.388801E+01,5.529635E+01
17:26:00,8.014350E+03,2.273164E+03,5.580229E-01,2.007559E-01,0.000000E+00,0.000000E+00,0.000000E+00,0.000000E+00,0.000000E+00,0.000000E+00,0.000000E+00,0.000000E+00,2.110805E+01,7.995060E+01,2.388801E+01,5.530406E+01
17:27:00,8.014350E+03,2.271482E+03,5.580229E-01,2.006074E-01,0.000000E+00,0.000000E+00,0.000000E+00,0.000000E+00,0.000000E+00,0.000000E+00,0.000000E+00,0.000000E+00,2.110805E+01,7.995060E+01,2.388801E+01,5.531182E+01
17:28:00,8.014350E+03,2.269734E+03,5.580229E-01,2.004530E-01,0.000000E+00,0.000000E+00,0.000000E+00,0.000000E+00,0.000000E+00,0.000000E+00,0.000000E+00,0.000000E+00,2.110805E+01,7.995060E+01,2.388801E+01,5.531964E+01
17:29:00,8.014350E+03,2.267971E+03,5.580229E-01,2.002973E-01,0.000000E+00,0.000000E+00,0.000000E+00,0.000000E+00,0.000000E+00,0.000000E+00,0.000000E+00,0.000000E+00,2.110805E+01,7.995060E+01,2.388801E+01,5.532787E+01
17:30:00,8.014350E+03,2.266194E+03,5.580229E-01,2.001403E-01,0.000000E+00,0.000000E+00,0.000000E+00,0.000000E+00,0.000000E+00,0.000000E+00,0.000000E+00,0.000000E+00,2.110805E+01,7.995060E+01,2.388801E+01,5.533638E+01
17:31:00,8.014350E+03,2.264403E+03,5.580229E-01,1.999822E-01,0.000000E+00,0.000000E+00,0.000000E+00,0.000000E+00,0.000000E+00,0.000000E+00,0.000000E+00,0.000000E+00,2.110805E+01,7.995060E+01,2.388801E+01,5.534503E+01
17:32:00,8.014350E+03,2.262599E+03,5.580229E-01,1.998228E-01,0.000000E+00,0.000000E+00,0.000000E+00,0.000000E+00,0.000000E+00,0.000000E+00,0.000000E+00,0.000000E+00,2.110805E+01,7.995060E+01,2.388801E+01,5.535375E+01
17:33:00,8.014350E+03,2.260781E+03,5.580229E-01,1.996623E-01,0.000000E+00,0.000000E+00,0.000000E+00,0.000000E+00,0.000000E+00,0.000000E+00,0.000000E+00,0.000000E+00,2.110805E+01,7.995060E+01,2.388801E+01,5.536251E+01
17:34:00,8.014350E+03,2.258949E+03,5.580229E-01,1.995005E-01,0.000000E+00,0.000000E+00,0.000000E+00,0.000000E+00,0.000000E+00,0.000000E+00,0.000000E+00,0.000000E+00,2.110805E+01,7.995060E+01,2.388801E+01,5.537131E+01
17:35:00,8.014350E+03,2.257103E+03,5.580229E-01,1.993375E-01,0.000000E+00,0.000000E+00,0.000000E+00,0.000000E+00,0.000000E+00,0.000000E+00,0.000000E+00,0.000000E+00,2.110805E+01,7.995060E+01,2.388801E+01,5.538016E+01
17:36:00,8.014350E+03,2.255244E+03,5.580229E-01,1.991732E-01,0.000000E+00,0.000000E+00,0.000000E+00,0.000000E+00,0.000000E+00,0.000000E+00,0.000000E+00,0.000000E+00,2.110805E+01,7.995060E+01,2.388801E+01,5.538905E+01
17:37:00,8.014350E+03,2.253370E+03,5.580229E-01,1.990077E-01,0.000000E+00,0.000000E+00,0.000000E+00,0.000000E+00,0.000000E+00,0.000000E+00,0.000000E+00,0.000000E+00,2.110805E+01,7.995060E+01,2.388801E+01,5.539799E+01
17:38:00,8.014350E+03,2.251482E+03,5.580229E-01,1.988410E-01,0.000000E+00,0.000000E+00,0.000000E+00,0.000000E+00,0.000000E+00,0.000000E+00,0.000000E+00,0.000000E+00,2.110805E+01,7.995060E+01,2.388801E+01,5.540697E+01
17:39:00,8.014350E+03,2.249579E+03,5.580229E-01,1.986730E-01,0.000000E+00,0.000000E+00,0.000000E+00,0.000000E+00,0.000000E+00,0.000000E+00,0.000000E+00,0.000000E+00,2.110805E+01,7.995060E+01,2.388801E+01,5.541601E+01
17:40:00,8.014350E+03,2.247662E+03,5.580229E-01,1.985036E-01,0.000000E+00,0.000000E+00,0.000000E+00,0.000000E+00,0.000000E+00,0.000000E+00,0.000000E+00,0.000000E+00,2.110805E+01,7.995060E+01,2.388801E+01,5.542509E+01
17:41:00,8.014350E+03,2.245730E+03,5.580229E-01,1.983330E-01,0.000000E+00,0.000000E+00,0.000000E+00,0.000000E+00,0.000000E+00,0.000000E+00,0.000000E+00,0.000000E+00,2.110805E+01,7.995060E+01,2.388801E+01,5.543421E+01
17:42:00,8.014350E+03,2.243783E+03,5.580229E-01,1.981610E-01,0.000000E+00,0.000000E+00,0.000000E+00,0.000000E+00,0.000000E+00,0.000000E+00,0.000000E+00,0.000000E+00,2.110805E+01,7.995060E+01,2.388801E+01,5.544339E+01
17:43:00,8.014350E+03,2.241820E+03,5.580229E-01,1.979877E-01,0.000000E+00,0.000000E+00,0.000000E+00,0.000000E+00,0.000000E+00,0.000000E+00,0.000000E+00,0.000000E+00,2.110805E+01,7.995060E+01,2.388801E+01,5.545262E+01
17:44:00,8.014351E+03,2.239842E+03,5.580229E-01,1.978130E-01,0.000000E+00,0.000000E+00,0.000000E+00,0.000000E+00,0.000000E+00,0.000000E+00,0.000000E+00,0.000000E+00,2.110805E+01,7.995060E+01,2.388801E+01,5.546190E+01
17:45:00,8.014351E+03,2.237849E+03,5.580229E-01,1.976369E-01,0.000000E+00,0.000000E+00,0.000000E+00,0.000000E+00,0.000000E+00,0.000000E+00,0.000000E+00,0.000000E+00,2.110805E+01,7.995060E+01,2.388801E+01,5.547123E+01
17:46:00,8.014351E+03,2.235840E+03,5.580229E-01,1.974595E-01,0.000000E+00,0.000000E+00,0.000000E+00,0.000000E+00,0.000000E+00,0.000000E+00,0.000000E+00,0.000000E+00,2.110805E+01,7.995060E+01,2.388801E+01,5.548062E+01
17:47:00,8.014351E+03,2.233814E+03,5.580229E-01,1.972806E-01,0.000000E+00,0.000000E+00,0.000000E+00,0.000000E+00,0.000000E+00,0.000000E+00,0.000000E+00,0.000000E+00,2.110805E+01,7.995060E+01,2.388802E+01,5.549006E+01
17:48:00,8.014351E+03,2.231772E+03,5.580229E-01,1.971003E-01,0.000000E+00,0.000000E+00,0.000000E+00,0.000000E+00,0.000000E+00,0.000000E+00,0.000000E+00,0.000000E+00,2.110805E+01,7.995060E+01,2.388802E+01,5.549955E+01
17:49:00,8.014351E+03,2.229714E+03,5.580229E-01,1.969185E-01,0.000000E+00,0.000000E+00,0.000000E+00,0.000000E+00,0.000000E+00,0.000000E+00,0.000000E+00,0.000000E+00,2.110805E+01,7.995060E+01,2.388802E+01,5.550910E+01
17:50:00,8.014351E+03,2.227640E+03,5.580229E-01,1.967353E-01,0.000000E+00,0.000000E+00,0.000000E+00,0.000000E+00,0.000000E+00,0.000000E+00,0.000000E+00,0.000000E+00,2.110805E+01,7.995060E+01,2.388802E+01,5.551871E+01
17:51:00,8.014351E+03,2.225550E+03,5.580229E-01,1.965507E-01,0.000000E+00,0.000000E+00,0.000000E+00,0.000000E+00,0.000000E+00,0.000000E+00,0.000000E+00,0.000000E+00,2.110805E+01,7.995060E+01,2.388802E+01,5.552837E+01
17:52:00,8.014351E+03,2.223442E+03,5.580229E-01,1.963646E-01,0.000000E+00,0.000000E+00,0.000000E+00,0.000000E+00,0.000000E+00,0.000000E+00,0.000000E+00,0.000000E+00,2.110805E+01,7.995060E+01,2.388802E+01,5.553808E+01
17:53:00,8.014351E+03,2.221318E+03,5.580229E-01,1.961769E-01,0.000000E+00,0.000000E+00,0.000000E+00,0.000000E+00,0.000000E+00,0.000000E+00,0.000000E+00,0.000000E+00,2.110805E+01,7.995060E+01,2.388802E+01,5.554785E+01
17:54:00,8.014351E+03,2.219176E+03,5.580229E-01,1.959877E-01,0.000000E+00,0.000000E+00,0.000000E+00,0.000000E+00,0.000000E+00,0.000000E+00,0.000000E+00,0.000000E+00,2.110805E+01,7.995060E+01,2.388802E+01,5.555769E+01
17:55:00,8.014351E+03,2.217016E+03,5.580229E-01,1.957970E-01,0.000000E+00,0.000000E+00,0.000000E+00,0.000000E+00,0.000000E+00,0.000000E+00,0.000000E+00,0.000000E+00,2.110805E+01,7.995060E+01,2.388802E+01,5.556758E+01
17:56:00,8.014351E+03,2.214838E+03,5.580229E-01,1.956047E-01,0.000000E+00,0.000000E+00,0.000000E+00,0.000000E+00,0.000000E+00,0.000000E+00,0.000000E+00,0.000000E+00,2.110805E+01,7.995060E+01,2.388802E+01,5.557755E+01
17:57:00,8.014351E+03,2.212643E+03,5.580229E-01,1.954108E-01,0.000000E+00,0.000000E+00,0.000000E+00,0.000000E+00,0.000000E+00,0.000000E+00,0.000000E+00,0.000000E+00,2.110805E+01,7.995060E+01,2.388802E+01,5.558757E+01
17:58:00,8.014351E+03,2.210429E+03,5.580229E-01,1.952153E-01,0.000000E+00,0.000000E+00,0.000000E+00,0.000000E+00,0.000000E+00,0.000000E+00,0.000000E+00,0.000000E+00,2.110805E+01,7.995060E+01,2.388802E+01,5.559766E+01
17:59:00,8.014351E+03,2.208197E+03,5.580229E-01,1.950181E-01,0.000000E+00,0.000000E+00,0.000000E+00,0.000000E+00,0.000000E+00,0.000000E+00,0.000000E+00,0.000000E+00,2.110805E+01,7.995060E+01,2.388802E+01,5.560782E+01
18:00:00,8.014351E+03,2.205946E+03,5.580229E-01,1.948194E-01,0.000000E+00,0.000000E+00,0.000000E+00,0.000000E+00,0.000000E+00,0.000000E+00,0.000000E+00,0.000000E+00,2.110805E+01,7.995060E+01,2.388802E+01,5.561805E+01
18:01:00,8.014351E+03,2.203668E+03,5.580229E-01,1.946182E-01,0.000000E+00,0.000000E+00,0.000000E+00,0.000000E+00,0.000000E+00,0.000000E+00,0.000000E+00,0.000000E+00,2.110805E+01,7.995060E+01,2.388802E+01,5.562834E+01
18:02:00,8.014351E+03,2.201363E+03,5.580229E-01,1.944146E-01,0.000000E+00,0.000000E+00,0.000000E+00,0.000000E+00,0.000000E+00,0.000000E+00,0.000000E+00,0.000000E+00,2.110805E+01,7.995060E+01,2.388802E+01,5.563880E+01
18:03:00,8.014351E+03,2.199030E+03,5.580229E-01,1.942085E-01,0.000000E+00,0.000000E+00,0.000000E+00,0.000000E+00,0.000000E+00,0.000000E+00,0.000000E+00,0.000000E+00,2.110805E+01,7.995060E+01,2.388802E+01,5.564948E+01
18:04:00,8.014351E+03,2.196670E+03,5.580229E-01,1.940001E-01,0.000000E+00,0.000000E+00,0.000000E+00,0.000000E+00,0.000000E+00,0.000000E+00,0.000000E+00,0.000000E+00,2.110805E+01,7.995060E+01,2.388802E+01,5.566040E+01
18:05:00,8.014351E+03,2.194281E+03,5.580229E-01,1.937891E-01,0.000000E+00,0.000000E+00,0.000000E+00,0.000000E+00,0.000000E+00,0.000000E+00,0.000000E+00,0.000000E+00,2.110805E+01,7.995060E+01,2.388802E+01,5.567154E+01
18:06:00,8.014351E+03,2.191864E+03,5.580229E-01,1.935757E-01,0.000000E+00,0.000000E+00,0.000000E+00,0.000000E+00,0.000000E+00,0.000000E+00,0.000000E+00,0.000000E+00,2.110805E+01,7.995060E+01,2.388803E+01,5.568292E+01
18:07:00,8.014351E+03,2.189419E+03,5.580229E-01,1.933597E-01,0.000000E+00,0.000000E+00,0.000000E+00,0.000000E+00,0.000000E+00,0.000000E+00,0.000000E+00,0.000000E+00,2.110805E+01,7.995060E+01,2.388803E+01,5.569451E+01
18:08:00,8.014351E+03,2.186946E+03,5.580229E-01,1.931412E-01,0.000000E+00,0.000000E+00,0.000000E+00,0.000000E+00,0.000000E+00,0.000000E+00,0.000000E+00,0.000000E+00,2.110805E+01,7.995060E+01,2.388803E+01,5.570631E+01
18:09:00,8.014351E+03,2.184443E+03,5.580229E-01,1.929202E-01,0.000000E+00,0.000000E+00,0.000000E+00,0.000000E+00,0.000000E+00,0.000000E+00,0.000000E+00,0.000000E+00,2.110805E+01,7.995060E+01,2.388803E+01,5.571832E+01
18:10:00,8.014351E+03,2.181911E+03,5.580229E-01,1.926966E-01,0.000000E+00,0.000000E+00,0.000000E+00,0.000000E+00,0.000000E+00,0.000000E+00,0.000000E+00,0.000000E+00,2.110805E+01,7.995060E+01,2.388803E+01,5.573053E+01
18:11:00,8.014351E+03,2.179350E+03,5.580229E-01,1.924704E-01,0.000000E+00,0.000000E+00,0.000000E+00,0.000000E+00,0.000000E+00,0.000000E+00,0.000000E+00,0.000000E+00,2.110805E+01,7.995060E+01,2.388803E+01,5.574295E+01
18:12:00,8.014351E+03,2.176760E+03,5.580229E-01,1.922417E-01,0.000000E+00,0.000000E+00,0.000000E+00,0.000000E+00,0.000000E+00,0.000000E+00,0.000000E+00,0.000000E+00,2.110805E+01,7.995060E+01,2.388803E+01,5.575556E+01
18:13:00,8.014351E+03,2.174140E+03,5.580229E-01,1.920103E-01,0.000000E+00,0.000000E+00,0.000000E+00,0.000000E+00,0.000000E+00,0.000000E+00,0.000000E+00,0.000000E+00,2.110805E+01,7.995060E+01,2.388803E+01,5.576836E+01
18:14:00,8.014351E+03,2.171490E+03,5.580229E-01,1.917762E-01,0.000000E+00,0.000000E+00,0.000000E+00,0.000000E+00,0.000000E+00,0.000000E+00,0.000000E+00,0.000000E+00,2.110805E+01,7.995060E+01,2.388803E+01,5.578136E+01
18:15:00,8.014351E+03,2.168810E+03,5.580229E-01,1.915395E-01,0.000000E+00,0.000000E+00,0.000000E+00,0.000000E+00,0.000000E+00,0.000000E+00,0.000000E+00,0.000000E+00,2.110805E+01,7.995060E+01,2.388803E+01,5.579454E+01
18:16:00,8.014351E+03,2.166099E+03,5.580229E-01,1.913001E-01,0.000000E+00,0.000000E+00,0.000000E+00,0.000000E+00,0.000000E+00,0.000000E+00,0.000000E+00,0.000000E+00,2.110805E+01,7.995060E+01,2.388803E+01,5.580790E+01
18:17:00,8.014351E+03,2.163358E+03,5.580229E-01,1.910580E-01,0.000000E+00,0.000000E+00,0.000000E+00,0.000000E+00,0.000000E+00,0.000000E+00,0.000000E+00,0.000000E+00,2.110805E+01,7.995060E+01,2.388803E+01,5.582145E+01
18:18:00,8.014351E+03,2.160586E+03,5.580229E-01,1.908132E-01,0.000000E+00,0.000000E+00,0.000000E+00,0.000000E+00,0.000000E+00,0.000000E+00,0.000000E+00,0.000000E+00,2.110805E+01,7.995060E+01,2.388803E+01,5.583518E+01
18:19:00,8.014351E+03,2.157783E+03,5.580229E-01,1.905656E-01,0.000000E+00,0.000000E+00,0.000000E+00,0.000000E+00,0.000000E+00,0.000000E+00,0.000000E+00,0.000000E+00,2.110805E+01,7.995060E+01,2.388804E+01,5.584909E+01
18:20:00,8.014351E+03,2.154949E+03,5.580229E-01,1.903153E-01,0.000000E+00,0.000000E+00,0.000000E+00,0.000000E+00,0.000000E+00,0.000000E+00,0.000000E+00,0.000000E+00,2.110805E+01,7.995060E+01,2.388804E+01,5.586317E+01
18:21:00,8.014351E+03,2.152083E+03,5.580229E-01,1.900622E-01,0.000000E+00,0.000000E+00,0.000000E+00,0.000000E+00,0.000000E+00,0.000000E+00,0.000000E+00,0.000000E+00,2.110805E+01,7.995060E+01,2.388804E+01,5.587743E+01
18:22:00,8.014351E+03,2.149185E+03,5.580229E-01,1.898063E-01,0.000000E+00,0.000000E+00,0.000000E+00,0.000000E+00,0.000000E+00,0.000000E+00,0.000000E+00,0.000000E+00,2.110805E+01,7.995060E+01,2.388804E+01,5.589186E+01
18:23:00,8.014351E+03,2.146256E+03,5.580229E-01,1.895475E-01,0.000000E+00,0.000000E+00,0.000000E+00,0.000000E+00,0.000000E+00,0.000000E+00,0.000000E+00,0.000000E+00,2.110805E+01,7.995060E+01,2.388804E+01,5.590646E+01
18:24:00,8.014351E+03,2.143294E+03,5.580229E-01,1.892860E-01,0.000000E+00,0.000000E+00,0.000000E+00,0.000000E+00,0.000000E+00,0.000000E+00,0.000000E+00,0.000000E+00,2.110805E+01,7.995060E+01,2.388804E+01,5.592124E+01
18:25:00,8.014351E+03,2.140300E+03,5.580229E-01,1.890215E-01,0.000000E+00,0.000000E+00,0.000000E+00,0.000000E+00,0.000000E+00,0.000000E+00,0.000000E+00,0.000000E+00,2.110805E+01,7.995060E+01,2.388804E+01,5.593619E+01
18:26:00,8.014351E+03,2.137273E+03,5.580229E-01,1.887542E-01,0.000000E+00,0.000000E+00,0.000000E+00,0.000000E+00,0.000000E+00,0.000000E+00,0.000000E+00,0.000000E+00,2.110805E+01,7.995060E+01,2.388804E+01,5.595130E+01
18:27:00,8.014351E+03,2.134214E+03,5.580229E-01,1.884840E-01,0.000000E+00,0.000000E+00,0.000000E+00,0.000000E+00,0.000000E+00,0.000000E+00,0.000000E+00,0.000000E+00,2.110805E+01,7.995060E+01,2.388804E+01,5.596658E+01
18:28:00,8.014351E+03,2.131177E+03,5.580229E-01,1.882158E-01,0.000000E+00,0.000000E+00,0.000000E+00,0.000000E+00,0.000000E+00,0.000000E+00,0.000000E+00,0.000000E+00,2.110805E+01,7.995060E+01,2.388804E+01,5.598203E+01
18:29:00,8.014351E+03,2.128110E+03,5.580229E-01,1.879449E-01,0.000000E+00,0.000000E+00,0.000000E+00,0.000000E+00,0.000000E+00,0.000000E+00,0.000000E+00,0.000000E+00,2.110805E+01,7.995060E+01,2.388804E+01,5.599764E+01
18:30:00,8.014351E+03,2.125012E+03,5.580229E-01,1.876713E-01,0.000000E+00,0.000000E+00,0.000000E+00,0.000000E+00,0.000000E+00,0.000000E+00,0.000000E+00,0.000000E+00,2.110805E+01,7.995060E+01,2.388804E+01,5.601342E+01
18:31:00,8.014351E+03,2.121882E+03,5.580229E-01,1.873949E-01,0.000000E+00,0.000000E+00,0.000000E+00,0.000000E+00,0.000000E+00,0.000000E+00,0.000000E+00,0.000000E+00,2.110805E+01,7.995060E+01,2.388805E+01,5.602937E+01
18:32:00,8.014351E+03,2.118719E+03,5.580229E-01,1.871156E-01,0.000000E+00,0.000000E+00,0.000000E+00,0.000000E+00,0.000000E+00,0.000000E+00,0.000000E+00,0.000000E+00,2.110805E+01,7.995060E+01,2.388805E+01,5.604548E+01
18:33:00,8.014351E+03,2.115525E+03,5.580229E-01,1.868334E-01,0.000000E+00,0.000000E+00,0.000000E+00,0.000000E+00,0.000000E+00,0.000000E+00,0.000000E+00,0.000000E+00,2.110805E+01,7.995060E+01,2.388805E+01,5.606176E+01
18:34:00,8.014351E+03,2.112297E+03,5.580229E-01,1.865484E-01,0.000000E+00,0.000000E+00,0.000000E+00,0.000000E+00,0.000000E+00,0.000000E+00,0.000000E+00,0.000000E+00,2.110805E+01,7.995060E+01,2.388805E+01,5.607820E+01
18:35:00,8.014351E+03,2.109036E+03,5.580229E-01,1.862604E-01,0.000000E+00,0.000000E+00,0.000000E+00,0.000000E+00,0.000000E+00,0.000000E+00,0.000000E+00,0.000000E+00,2.110805E+01,7.995060E+01,2.388805E+01,5.609481E+01
18:36:00,8.014351E+03,2.105741E+03,5.580229E-01,1.859694E-01,0.000000E+00,0.000000E+00,0.000000E+00,0.000000E+00,0.000000E+00,0.000000E+00,0.000000E+00,0.000000E+00,2.110805E+01,7.995060E+01,2.388805E+01,5.611158E+01
18:37:00,8.014351E+03,2.102413E+03,5.580229E-01,1.856754E-01,0.000000E+00,0.000000E+00,0.000000E+00,0.000000E+00,0.000000E+00,0.000000E+00,0.000000E+00,0.000000E+00,2.110805E+01,7.995060E+01,2.388805E+01,5.612851E+01
18:38:00,8.014351E+03,2.099050E+03,5.580229E-01,1.853784E-01,0.000000E+00,0.000000E+00,0.000000E+00,0.000000E+00,0.000000E+00,0.000000E+00,0.000000E+00,0.000000E+00,2.110805E+01,7.995060E+01,2.388805E+01,5.614561E+01
18:39:00,8.014351E+03,2.095612E+03,5.580229E-01,1.850747E-01,0.000000E+00,0.000000E+00,0.000000E+00,0.000000E+00,0.000000E+00,0.000000E+00,0.000000E+00,0.000000E+00,2.110805E+01,7.995060E+01,2.388805E+01,5.616287E+01
18:40:00,8.014351E+03,2.092135E+03,5.580229E-01,1.847677E-01,0.000000E+00,0.000000E+00,0.000000E+00,0.000000E+00,0.000000E+00,0.000000E+00,0.000000E+00,0.000000E+00,2.110805E+01,7.995060E+01,2.388805E+01,5.618057E+01
18:41:00,8.014351E+03,2.088621E+03,5.580229E-01,1.844574E-01,0.000000E+00,0.000000E+00,0.000000E+00,0.000000E+00,0.000000E+00,0.000000E+00,0.000000E+00,0.000000E+00,2.110805E+01,7.995060E+01,2.388805E+01,5.619863E+01
18:42:00,8.014351E+03,2.085072E+03,5.580229E-01,1.841439E-01,0.000000E+00,0.000000E+00,0.000000E+00,0.000000E+00,0.000000E+00,0.000000E+00,0.000000E+00,0.000000E+00,2.110805E+01,7.995060E+01,2.388806E+01,5.621692E+01
18:43:00,8.014351E+03,2.081488E+03,5.580229E-01,1.838273E-01,0.000000E+00,0.000000E+00,0.000000E+00,0.000000E+00,0.000000E+00,0.000000E+00,0.000000E+00,0.000000E+00,2.110805E+01,7.995060E+01,2.388806E+01,5.623539E+01
18:44:00,8.014351E+03,2.077867E+03,5.580229E-01,1.835076E-01,0.000000E+00,0.000000E+00,0.000000E+00,0.000000E+00,0.000000E+00,0.000000E+00,0.000000E+00,0.000000E+00,2.110805E+01,7.995060E+01,2.388806E+01,5.625399E+01
18:45:00,8.014351E+03,2.074211E+03,5.580229E-01,1.831846E-01,0.000000E+00,0.000000E+00,0.000000E+00,0.000000E+00,0.000000E+00,0.000000E+00,0.000000E+00,0.000000E+00,2.110805E+01,7.995060E+01,2.388806E+01,5.627274E+01
18:46:00,8.014351E+03,2.070518E+03,5.580229E-01,1.828585E-01,0.000000E+00,0.000000E+00,0.000000E+00,0.000000E+00,0.000000E+00,0.000000E+00,0.000000E+00,0.000000E+00,2.110805E+01,7.995060E+01,2.388806E+01,5.629164E+01
18:47:00,8.014351E+03,2.066787E+03,5.580229E-01,1.825290E-01,0.000000E+00,0.000000E+00,0.000000E+00,0.000000E+00,0.000000E+00,0.000000E+00,0.000000E+00,0.000000E+00,2.110805E+01,7.995060E+01,2.388806E+01,5.631069E+01
18:48:00,8.014351E+03,2.063017E+03,5.580229E-01,1.821960E-01,0.000000E+00,0.000000E+00,0.000000E+00,0.000000E+00,0.000000E+00,0.000000E+00,0.000000E+00,0.000000E+00,2.110805E+01,7.995060E+01,2.388806E+01,5.632990E+01
18:49:00,8.014351E+03,2.059207E+03,5.580229E-01,1.818595E-01,0.000000E+00,0.000000E+00,0.000000E+00,0.000000E+00,0.000000E+00,0.000000E+00,0.000000E+00,0.000000E+00,2.110805E+01,7.995060E+01,2.388806E+01,5.634930E+01
18:50:00,8.014351E+03,2.055356E+03,5.580229E-01,1.815194E-01,0.000000E+00,0.000000E+00,0.000000E+00,0.000000E+00,0.000000E+00,0.000000E+00,0.000000E+00,0.000000E+00,2.110805E+01,7.995060E+01,2.388806E+01,5.636889E+01
18:51:00,8.014351E+03,2.051465E+03,5.580229E-01,1.811757E-01,0.000000E+00,0.000000E+00,0.000000E+00,0.000000E+00,0.000000E+00,0.000000E+00,0.000000E+00,0.000000E+00,2.110805E+01,7.995060E+01,2.388806E+01,5.638866E+01
18:52:00,8.014351E+03,2.047534E+03,5.580229E-01,1.808285E-01,0.000000E+00,0.000000E+00,0.000000E+00,0.000000E+00,0.000000E+00,0.000000E+00,0.000000E+00,0.000000E+00,2.110805E+01,7.995060E+01,2.388807E+01,5.640863E+01
18:53:00,8.014351E+03,2.043562E+03,5.580229E-01,1.804778E-01,0.000000E+00,0.000000E+00,0.000000E+00,0.000000E+00,0.000000E+00,0.000000E+00,0.000000E+00,0.000000E+00,2.110805E+01,7.995060E+01,2.388807E+01,5.642879E+01
18:54:00,8.014351E+03,2.039551E+03,5.580229E-01,1.801235E-01,0.000000E+00,0.000000E+00,0.000000E+00,0.000000E+00,0.000000E+00,0.000000E+00,0.000000E+00,0.000000E+00,2.110805E+01,7.995060E+01,2.388807E+01,5.644913E+01
18:55:00,8.014351E+03,2.035499E+03,5.580229E-01,1.797657E-01,0.000000E+00,0.000000E+00,0.000000E+00,0.000000E+00,0.000000E+00,0.000000E+00,0.000000E+00,0.000000E+00,2.110805E+01,7.995060E+01,2.388807E+01,5.646966E+01
18:56:00,8.014351E+03,2.031407E+03,5.580229E-01,1.794042E-01,0.000000E+00,0.000000E+00,0.000000E+00,0.000000E+00,0.000000E+00,0.000000E+00,0.000000E+00,0.000000E+00,2.110805E+01,7.995060E+01,2.388807E+01,5.649038E+01
18:57:00,8.014351E+03,2.027274E+03,5.580229E-01,1.790393E-01,0.000000E+00,0.000000E+00,0.000000E+00,0.000000E+00,0.000000E+00,0.000000E+00,0.000000E+00,0.000000E+00,2.110805E+01,7.995060E+01,2.388807E+01,5.651128E+01
18:58:00,8.014351E+03,2.023102E+03,5.580229E-01,1.786707E-01,0.000000E+00,0.000000E+00,0.000000E+00,0.000000E+00,0.000000E+00,0.000000E+00,0.000000E+00,0.000000E+00,2.110805E+01,7.995060E+01,2.388807E+01,5.653236E+01
18:59:00,8.014351E+03,2.018866E+03,5.580229E-01,1.782966E-01,0.000000E+00,0.000000E+00,0.000000E+00,0.000000E+00,0.000000E+00,0.000000E+00,0.000000E+00,0.000000E+00,2.110805E+01,7.995060E+01,2.388807E+01,5.655363E+01
19:00:00,8.014351E+03,2.014589E+03,5.580229E-01,1.779189E-01,0.000000E+00,0.000000E+00,0.000000E+00,0.000000E+00,0.000000E+00,0.000000E+00,0.000000E+00,0.000000E+00,2.110805E+01,7.995060E+01,2.388807E+01,5.657523E+01
19:01:00,8.014351E+03,2.010297E+03,5.580229E-01,1.775398E-01,0.000000E+00,0.000000E+00,0.000000E+00,0.000000E+00,0.000000E+00,0.000000E+00,0.000000E+00,0.000000E+00,2.110805E+01,7.995060E+01,2.388808E+01,5.659711E+01
19:02:00,8.014351E+03,2.005990E+03,5.580229E-01,1.771595E-01,0.000000E+00,0.000000E+00,0.000000E+00,0.000000E+00,0.000000E+00,0.000000E+00,0.000000E+00,0.000000E+00,2.110805E+01,7.995060E+01,2.388808E+01,5.661911E+01
19:03:00,8.014351E+03,2.001670E+03,5.580229E-01,1.767780E-01,0.000000E+00,0.000000E+00,0.000000E+00,0.000000E+00,0.000000E+00,0.000000E+00,0.000000E+00,0.000000E+00,2.110805E+01,7.995060E+01,2.388808E+01,5.664116E+01
19:04:00,8.014351E+03,1.997336E+03,5.580229E-01,1.763952E-01,0.000000E+00,0.000000E+00,0.000000E+00,0.000000E+00,0.000000E+00,0.000000E+00,0.000000E+00,0.000000E+00,2.110805E+01,7.995060E+01,2.388808E+01,5.666321E+01
19:05:00,8.014351E+03,1.992989E+03,5.580229E-01,1.760113E-01,0.000000E+00,0.000000E+00,0.000000E+00,0.000000E+00,0.000000E+00,0.000000E+00,0.000000E+00,0.000000E+00,2.110805E+01,7.995060E+01,2.388808E+01,5.668527E+01
19:06:00,8.014351E+03,1.988629E+03,5.580229E-01,1.756262E-01,0.000000E+00,0.000000E+00,0.000000E+00,0.000000E+00,0.000000E+00,0.000000E+00,0.000000E+00,0.000000E+00,2.110805E+01,7.995060E+01,2.388808E+01,5.670735E+01
19:07:00,8.014351E+03,1.984257E+03,5.580229E-01,1.752401E-01,0.000000E+00,0.000000E+00,0.000000E+00,0.000000E+00,0.000000E+00,0.000000E+00,0.000000E+00,0.000000E+00,2.110805E+01,7.995060E+01,2.388808E+01,5.672944E+01
19:08:00,8.014351E+03,1.979873E+03,5.580229E-01,1.748529E-01,0.000000E+00,0.000000E+00,0.000000E+00,0.000000E+00,0.000000E+00,0.000000E+00,0.000000E+00,0.000000E+00,2.110805E+01,7.995060E+01,2.388808E+01,5.675155E+01
19:09:00,8.014351E+03,1.975465E+03,5.580229E-01,1.744636E-01,0.000000E+00,0.000000E+00,0.000000E+00,0.000000E+00,0.000000E+00,0.000000E+00,0.000000E+00,0.000000E+00,2.110805E+01,7.995060E+01,2.388808E+01,5.677368E+01
19:10:00,8.014351E+03,1.971046E+03,5.580229E-01,1.740733E-01,0.000000E+00,0.000000E+00,0.000000E+00,0.000000E+00,0.000000E+00,0.000000E+00,0.000000E+00,0.000000E+00,2.110805E+01,7.995060E+01,2.388808E+01,5.679591E+01
19:11:00,8.014351E+03,1.966617E+03,5.580229E-01,1.736821E-01,0.000000E+00,0.000000E+00,0.000000E+00,0.000000E+00,0.000000E+00,0.000000E+00,0.000000E+00,0.000000E+00,2.110805E+01,7.995060E+01,2.388808E+01,5.681821E+01
19:12:00,8.014351E+03,1.962179E+03,5.580229E-01,1.732902E-01,0.000000E+00,0.000000E+00,0.000000E+00,0.000000E+00,0.000000E+00,0.000000E+00,0.000000E+00,0.000000E+00,2.110805E+01,7.995060E+01,2.388808E+01,5.684055E+01
19:13:00,8.014351E+03,1.957733E+03,5.580229E-01,1.728975E-01,0.000000E+00,0.000000E+00,0.000000E+00,0.000000E+00,0.000000E+00,0.000000E+00,0.000000E+00,0.000000E+00,2.110805E+01,7.995060E+01,2.388808E+01,5.686290E+01
19:14:00,8.014351E+03,1.953280E+03,5.580229E-01,1.725042E-01,0.000000E+00,0.000000E+00,0.000000E+00,0.000000E+00,0.000000E+00,0.000000E+00,0.000000E+00,0.000000E+00,2.110805E+01,7.995060E+01,2.388808E+01,5.688524E+01
19:15:00,8.014351E+03,1.948820E+03,5.580229E-01,1.721103E-01,0.000000E+00,0.000000E+00,0.000000E+00,0.000000E+00,0.000000E+00,0.000000E+00,0.000000E+00,0.000000E+00,2.110805E+01,7.995060E+01,2.388809E+01,5.690757E+01
19:16:00,8.014351E+03,1.944289E+03,5.580229E-01,1.717101E-01,0.000000E+00,0.000000E+00,0.000000E+00,0.000000E+00,0.000000E+00,0.000000E+00,0.000000E+00,0.000000E+00,2.110805E+01,7.995060E+01,2.388809E+01,5.692990E+01
19:17:00,8.014351E+03,1.939755E+03,5.580229E-01,1.713097E-01,0.000000E+00,0.000000E+00,0.000000E+00,0.000000E+00,0.000000E+00,0.000000E+00,0.000000E+00,0.000000E+00,2.110805E+01,7.995060E+01,2.388809E+01,5.695267E+01
19:18:00,8.014351E+03,1.935221E+03,5.580229E-01,1.709092E-01,0.000000E+00,0.000000E+00,0.000000E+00,0.000000E+00,0.000000E+00,0.000000E+00,0.000000E+00,0.000000E+00,2.110805E+01,7.995060E+01,2.388809E+01,5.697569E+01
19:19:00,8.014351E+03,1.930686E+03,5.580229E-01,1.705088E-01,0.000000E+00,0.000000E+00,0.000000E+00,0.000000E+00,0.000000E+00,0.000000E+00,0.000000E+00,0.000000E+00,2.110805E+01,7.995060E+01,2.388809E+01,5.699875E+01
19:20:00,8.014351E+03,1.926153E+03,5.580229E-01,1.701085E-01,0.000000E+00,0.000000E+00,0.000000E+00,0.000000E+00,0.000000E+00,0.000000E+00,0.000000E+00,0.000000E+00,2.110805E+01,7.995060E+01,2.388809E+01,5.702172E+01
19:21:00,8.014351E+03,1.921622E+03,5.580229E-01,1.697083E-01,0.000000E+00,0.000000E+00,0.000000E+00,0.000000E+00,0.000000E+00,0.000000E+00,0.000000E+00,0.000000E+00,2.110805E+01,7.995060E+01,2.388809E+01,5.704459E+01
19:22:00,8.014351E+03,1.917094E+03,5.580229E-01,1.693083E-01,0.000000E+00,0.000000E+00,0.000000E+00,0.000000E+00,0.000000E+00,0.000000E+00,0.000000E+00,0.000000E+00,2.110805E+01,7.995060E+01,2.388809E+01,5.706735E+01
19:23:00,8.014351E+03,1.912569E+03,5.580229E-01,1.689087E-01,0.000000E+00,0.000000E+00,0.000000E+00,0.000000E+00,0.000000E+00,0.000000E+00,0.000000E+00,0.000000E+00,2.110805E+01,7.995060E+01,2.388809E+01,5.709003E+01
19:24:00,8.014351E+03,1.908047E+03,5.580229E-01,1.685093E-01,0.000000E+00,0.000000E+00,0.000000E+00,0.000000E+00,0.000000E+00,0.000000E+00,0.000000E+00,0.000000E+00,2.110805E+01,7.995060E+01,2.388809E+01,5.711261E+01
19:25:00,8.014351E+03,1.903530E+03,5.580229E-01,1.681103E-01,0.000000E+00,0.000000E+00,0.000000E+00,0.000000E+00,0.000000E+00,0.000000E+00,0.000000E+00,0.000000E+00,2.110805E+01,7.995060E+01,2.388809E+01,5.713511E+01
19:26:00,8.014351E+03,1.899017E+03,5.580229E-01,1.677118E-01,0.000000E+00,0.000000E+00,0.000000E+00,0.000000E+00,0.000000E+00,0.000000E+00,0.000000E+00,0.000000E+00,2.110805E+01,7.995060E+01,2.388809E+01,5.715754E+01
19:27:00,8.014351E+03,1.894509E+03,5.580229E-01,1.673137E-01,0.000000E+00,0.000000E+00,0.000000E+00,0.000000E+00,0.000000E+00,0.000000E+00,0.000000E+00,0.000000E+00,2.110805E+01,7.995060E+01,2.388809E+01,5.717989E+01
19:28:00,8.014351E+03,1.890007E+03,5.580229E-01,1.669161E-01,0.000000E+00,0.000000E+00,0.000000E+00,0.000000E+00,0.000000E+00,0.000000E+00,0.000000E+00,0.000000E+00,2.110805E+01,7.995060E+01,2.388809E+01,5.720218E+01
19:29:00,8.014351E+03,1.885511E+03,5.580229E-01,1.665190E-01,0.000000E+00,0.000000E+00,0.000000E+00,0.000000E+00,0.000000E+00,0.000000E+00,0.000000E+00,0.000000E+00,2.110805E+01,7.995060E+01,2.388810E+01,5.722439E+01
19:30:00,8.014351E+03,1.881021E+03,5.580229E-01,1.661224E-01,0.000000E+00,0.000000E+00,0.000000E+00,0.000000E+00,0.000000E+00,0.000000E+00,0.000000E+00,0.000000E+00,2.110805E+01,7.995060E+01,2.388810E+01,5.724655E+01
19:31:00,8.014351E+03,1.876538E+03,5.580229E-01,1.657265E-01,0.000000E+00,0.000000E+00,0.000000E+00,0.000000E+00,0.000000E+00,0.000000E+00,0.000000E+00,0.000000E+00,2.110805E+01,7.995060E+01,2.388810E+01,5.726866E+01
19:32:00,8.014351E+03,1.872062E+03,5.580229E-01,1.653312E-01,0.000000E+00,0.000000E+00,0.000000E+00,0.000000E+00,0.000000E+00,0.000000E+00,0.000000E+00,0.000000E+00,2.110805E+01,7.995060E+01,2.388810E+01,5.729072E+01
19:33:00,8.014351E+03,1.867594E+03,5.580229E-01,1.649366E-01,0.000000E+00,0.000000E+00,0.000000E+00,0.000000E+00,0.000000E+00,0.000000E+00,0.000000E+00,0.000000E+00,2.110805E+01,7.995060E+01,2.388810E+01,5.731272E+01
19:34:00,8.014351E+03,1.863134E+03,5.580229E-01,1.645427E-01,0.000000E+00,0.000000E+00,0.000000E+00,0.000000E+00,0.000000E+00,0.000000E+00,0.000000E+00,0.000000E+00,2.110805E+01,7.995060E+01,2.388810E+01,5.733469E+01
19:35:00,8.014351E+03,1.858682E+03,5.580229E-01,1.641495E-01,0.000000E+00,0.000000E+00,0.000000E+00,0.000000E+00,0.000000E+00,0.000000E+00,0.000000E+00,0.000000E+00,2.110805E+01,7.995060E+01,2.388810E+01,5.735662E+01
19:36:00,8.014351E+03,1.854239E+03,5.580229E-01,1.637571E-01,0.000000E+00,0.000000E+00,0.000000E+00,0.000000E+00,0.000000E+00,0.000000E+00,0.000000E+00,0.000000E+00,2.110805E+01,7.995060E+01,2.388810E+01,5.737852E+01
19:37:00,8.014351E+03,1.849805E+03,5.580229E-01,1.633655E-01,0.000000E+00,0.000000E+00,0.000000E+00,0.000000E+00,0.000000E+00,0.000000E+00,0.000000E+00,0.000000E+00,2.110805E+01,7.995060E+01,2.388810E+01,5.740038E+01
19:38:00,8.014351E+03,1.845381E+03,5.580229E-01,1.629748E-01,0.000000E+00,0.000000E+00,0.000000E+00,0.000000E+00,0.000000E+00,0.000000E+00,0.000000E+00,0.000000E+00,2.110805E+01,7.995060E+01,2.388810E+01,5.742222E+01
19:39:00,8.014351E+03,1.841009E+03,5.580229E-01,1.625887E-01,0.000000E+00,0.000000E+00,0.000000E+00,0.000000E+00,0.000000E+00,0.000000E+00,0.000000E+00,0.000000E+00,2.110805E+01,7.995060E+01,2.388810E+01,5.744403E+01
19:40:00,8.014351E+03,1.836651E+03,5.580229E-01,1.622038E-01,0.000000E+00,0.000000E+00,0.000000E+00,0.000000E+00,0.000000E+00,0.000000E+00,0.000000E+00,0.000000E+00,2.110805E+01,7.995060E+01,2.388810E+01,5.746583E+01
19:41:00,8.014351E+03,1.832306E+03,5.580229E-01,1.618200E-01,0.000000E+00,0.000000E+00,0.000000E+00,0.000000E+00,0.000000E+00,0.000000E+00,0.000000E+00,0.000000E+00,2.110805E+01,7.995060E+01,2.388810E+01,5.748760E+01
19:42:00,8.014351E+03,1.827972E+03,5.580229E-01,1.614373E-01,0.000000E+00,0.000000E+00,0.000000E+00,0.000000E+00,0.000000E+00,0.000000E+00,0.000000E+00,0.000000E+00,2.110805E+01,7.995060E+01,2.388810E+01,5.750937E+01
19:43:00,8.014351E+03,1.823651E+03,5.580229E-01,1.610556E-01,0.000000E+00,0.000000E+00,0.000000E+00,0.000000E+00,0.000000E+00,0.000000E+00,0.000000E+00,0.000000E+00,2.110805E+01,7.995060E+01,2.388810E+01,5.753112E+01
19:44:00,8.014351E+03,1.819342E+03,5.580229E-01,1.606751E-01,0.000000E+00,0.000000E+00,0.000000E+00,0.000000E+00,0.000000E+00,0.000000E+00,0.000000E+00,0.000000E+00,2.110805E+01,7.995060E+01,2.388810E+01,5.755287E+01
19:45:00,8.014351E+03,1.815047E+03,5.580229E-01,1.602957E-01,0.000000E+00,0.000000E+00,0.000000E+00,0.000000E+00,0.000000E+00,0.000000E+00,0.000000E+00,0.000000E+00,2.110805E+01,7.995060E+01,2.388811E+01,5.757461E+01
19:46:00,8.014351E+03,1.810764E+03,5.580229E-01,1.599175E-01,0.000000E+00,0.000000E+00,0.000000E+00,0.000000E+00,0.000000E+00,0.000000E+00,0.000000E+00,0.000000E+00,2.110805E+01,7.995060E+01,2.388811E+01,5.759635E+01
19:47:00,8.014351E+03,1.806497E+03,5.580229E-01,1.595407E-01,0.000000E+00,0.000000E+00,0.000000E+00,0.000000E+00,0.000000E+00,0.000000E+00,0.000000E+00,0.000000E+00,2.110805E+01,7.995060E+01,2.388811E+01,5.761808E+01
19:48:00,8.014351E+03,1.802248E+03,5.580229E-01,1.591654E-01,0.000000E+00,0.000000E+00,0.000000E+00,0.000000E+00,0.000000E+00,0.000000E+00,0.000000E+00,0.000000E+00,2.110805E+01,7.995060E+01,2.388811E+01,5.763982E+01
19:49:00,8.014351E+03,1.798016E+03,5.580229E-01,1.587917E-01,0.000000E+00,0.000000E+00,0.000000E+00,0.000000E+00,0.000000E+00,0.000000E+00,0.000000E+00,0.000000E+00,2.110805E+01,7.995060E+01,2.388811E+01,5.766157E+01
19:50:00,8.014351E+03,1.793802E+03,5.580229E-01,1.584195E-01,0.000000E+00,0.000000E+00,0.000000E+00,0.000000E+00,0.000000E+00,0.000000E+00,0.000000E+00,0.000000E+00,2.110805E+01,7.995060E+01,2.388811E+01,5.768332E+01
19:51:00,8.014351E+03,1.789607E+03,5.580229E-01,1.580490E-01,0.000000E+00,0.000000E+00,0.000000E+00,0.000000E+00,0.000000E+00,0.000000E+00,0.000000E+00,0.000000E+00,2.110805E+01,7.995060E+01,2.388811E+01,5.770508E+01
19:52:00,8.014351E+03,1.785430E+03,5.580229E-01,1.576801E-01,0.000000E+00,0.000000E+00,0.000000E+00,0.000000E+00,0.000000E+00,0.000000E+00,0.000000E+00,0.000000E+00,2.110805E+01,7.995060E+01,2.388811E+01,5.772685E+01
19:53:00,8.014351E+03,1.781272E+03,5.580229E-01,1.573129E-01,0.000000E+00,0.000000E+00,0.000000E+00,0.000000E+00,0.000000E+00,0.000000E+00,0.000000E+00,0.000000E+00,2.110805E+01,7.995060E+01,2.388811E+01,5.774864E+01
19:54:00,8.014351E+03,1.777134E+03,5.580229E-01,1.569474E-01,0.000000E+00,0.000000E+00,0.000000E+00,0.000000E+00,0.000000E+00,0.000000E+00,0.000000E+00,0.000000E+00,2.110805E+01,7.995060E+01,2.388811E+01,5.777044E+01
19:55:00,8.014351E+03,1.773016E+03,5.580229E-01,1.565837E-01,0.000000E+00,0.000000E+00,0.000000E+00,0.000000E+00,0.000000E+00,0.000000E+00,0.000000E+00,0.000000E+00,2.110805E+01,7.995060E+01,2.388811E+01,5.779226E+01
19:56:00,8.014351E+03,1.768917E+03,5.580229E-01,1.562217E-01,0.000000E+00,0.000000E+00,0.000000E+00,0.000000E+00,0.000000E+00,0.000000E+00,0.000000E+00,0.000000E+00,2.110805E+01,7.995060E+01,2.388811E+01,5.781409E+01
19:57:00,8.014351E+03,1.764839E+03,5.580229E-01,1.558615E-01,0.000000E+00,0.000000E+00,0.000000E+00,0.000000E+00,0.000000E+00,0.000000E+00,0.000000E+00,0.000000E+00,2.110805E+01,7.995060E+01,2.388811E+01,5.783594E+01
19:58:00,8.014351E+03,1.760781E+03,5.580229E-01,1.555031E-01,0.000000E+00,0.000000E+00,0.000000E+00,0.000000E+00,0.000000E+00,0.000000E+00,0.000000E+00,0.000000E+00,2.110805E+01,7.995060E+01,2.388811E+01,5.785782E+01
19:59:00,8.014351E+03,1.756767E+03,5.580229E-01,1.551486E-01,0.000000E+00,0.000000E+00,0.000000E+00,0.000000E+00,0.000000E+00,0.000000E+00,0.000000E+00,0.000000E+00,2.110805E+01,7.995060E+01,2.388812E+01,5.787972E+01
20:00:00,8.014351E+03,1.752775E+03,5.580229E-01,1.547960E-01,0.000000E+00,0.000000E+00,0.000000E+00,0.000000E+00,0.000000E+00,0.000000E+00,0.000000E+00,0.000000E+00,2.110805E+01,7.995060E+01,2.388812E+01,5.790164E+01
20:01:00,8.014351E+03,1.748798E+03,5.580229E-01,1.544448E-01,0.000000E+00,0.000000E+00,0.000000E+00,0.000000E+00,0.000000E+00,0.000000E+00,0.000000E+00,0.000000E+00,2.110805E+01,7.995060E+01,2.388812E+01,5.792359E+01
20:02:00,8.014351E+03,1.744837E+03,5.580229E-01,1.540950E-01,0.000000E+00,0.000000E+00,0.000000E+00,0.000000E+00,0.000000E+00,0.000000E+00,0.000000E+00,0.000000E+00,2.110805E+01,7.995060E+01,2.388812E+01,5.794552E+01
20:03:00,8.014351E+03,1.740891E+03,5.580229E-01,1.537465E-01,0.000000E+00,0.000000E+00,0.000000E+00,0.000000E+00,0.000000E+00,0.000000E+00,0.000000E+00,0.000000E+00,2.110805E+01,7.995060E+01,2.388812E+01,5.796741E+01
20:04:00,8.014351E+03,1.736960E+03,5.580229E-01,1.533993E-01,0.000000E+00,0.000000E+00,0.000000E+00,0.000000E+00,0.000000E+00,0.000000E+00,0.000000E+00,0.000000E+00,2.110805E+01,7.995060E+01,2.388812E+01,5.798925E+01
20:05:00,8.014351E+03,1.733044E+03,5.580229E-01,1.530535E-01,0.000000E+00,0.000000E+00,0.000000E+00,0.000000E+00,0.000000E+00,0.000000E+00,0.000000E+00,0.000000E+00,2.110805E+01,7.995060E+01,2.388812E+01,5.801105E+01
20:06:00,8.014351E+03,1.729144E+03,5.580229E-01,1.527090E-01,0.000000E+00,0.000000E+00,0.000000E+00,0.000000E+00,0.000000E+00,0.000000E+00,0.000000E+00,0.000000E+00,2.110805E+01,7.995060E+01,2.388812E+01,5.803281E+01
20:07:00,8.014351E+03,1.725258E+03,5.580229E-01,1.523658E-01,0.000000E+00,0.000000E+00,0.000000E+00,0.000000E+00,0.000000E+00,0.000000E+00,0.000000E+00,0.000000E+00,2.110805E+01,7.995060E+01,2.388812E+01,5.805453E+01
20:08:00,8.014351E+03,1.721386E+03,5.580229E-01,1.520239E-01,0.000000E+00,0.000000E+00,0.000000E+00,0.000000E+00,0.000000E+00,0.000000E+00,0.000000E+00,0.000000E+00,2.110805E+01,7.995060E+01,2.388812E+01,5.807622E+01
20:09:00,8.014351E+03,1.717542E+03,5.580229E-01,1.516844E-01,0.000000E+00,0.000000E+00,0.000000E+00,0.000000E+00,0.000000E+00,0.000000E+00,0.000000E+00,0.000000E+00,2.110805E+01,7.995060E+01,2.388812E+01,5.809788E+01
20:10:00,8.014351E+03,1.713713E+03,5.580229E-01,1.513462E-01,0.000000E+00,0.000000E+00,0.000000E+00,0.000000E+00,0.000000E+00,0.000000E+00,0.000000E+00,0.000000E+00,2.110805E+01,7.995060E+01,2.388812E+01,5.811952E+01
20:11:00,8.014351E+03,1.709897E+03,5.580229E-01,1.510092E-01,0.000000E+00,0.000000E+00,0.000000E+00,0.000000E+00,0.000000E+00,0.000000E+00,0.000000E+00,0.000000E+00,2.110805E+01,7.995060E+01,2.388812E+01,5.814113E+01
20:12:00,8.014351E+03,1.706095E+03,5.580229E-01,1.506734E-01,0.000000E+00,0.000000E+00,0.000000E+00,0.000000E+00,0.000000E+00,0.000000E+00,0.000000E+00,0.000000E+00,2.110805E+01,7.995060E+01,2.388812E+01,5.816273E+01
20:13:00,8.014351E+03,1.702306E+03,5.580229E-01,1.503388E-01,0.000000E+00,0.000000E+00,0.000000E+00,0.000000E+00,0.000000E+00,0.000000E+00,0.000000E+00,0.000000E+00,2.110805E+01,7.995060E+01,2.388812E+01,5.818430E+01
20:14:00,8.014351E+03,1.698529E+03,5.580229E-01,1.500052E-01,0.000000E+00,0.000000E+00,0.000000E+00,0.000000E+00,0.000000E+00,0.000000E+00,0.000000E+00,0.000000E+00,2.110805E+01,7.995060E+01,2.388813E+01,5.820586E+01
20:15:00,8.014351E+03,1.694764E+03,5.580229E-01,1.496727E-01,0.000000E+00,0.000000E+00,0.000000E+00,0.000000E+00,0.000000E+00,0.000000E+00,0.000000E+00,0.000000E+00,2.110805E+01,7.995060E+01,2.388813E+01,5.822741E+01
20:16:00,8.014351E+03,1.691076E+03,5.580229E-01,1.493470E-01,0.000000E+00,0.000000E+00,0.000000E+00,0.000000E+00,0.000000E+00,0.000000E+00,0.000000E+00,0.000000E+00,2.110805E+01,7.995060E+01,2.388813E+01,5.824894E+01
20:17:00,8.014351E+03,1.687397E+03,5.580229E-01,1.490221E-01,0.000000E+00,0.000000E+00,0.000000E+00,0.000000E+00,0.000000E+00,0.000000E+00,0.000000E+00,0.000000E+00,2.110805E+01,7.995060E+01,2.388813E+01,5.827047E+01
20:18:00,8.014351E+03,1.683726E+03,5.580229E-01,1.486978E-01,0.000000E+00,0.000000E+00,0.000000E+00,0.000000E+00,0.000000E+00,0.000000E+00,0.000000E+00,0.000000E+00,2.110805E+01,7.995060E+01,2.388813E+01,5.829199E+01
20:19:00,8.014351E+03,1.680061E+03,5.580229E-01,1.483742E-01,0.000000E+00,0.000000E+00,0.000000E+00,0.000000E+00,0.000000E+00,0.000000E+00,0.000000E+00,0.000000E+00,2.110805E+01,7.995060E+01,2.388813E+01,5.831351E+01
20:20:00,8.014351E+03,1.676403E+03,5.580229E-01,1.480511E-01,0.000000E+00,0.000000E+00,0.000000E+00,0.000000E+00,0.000000E+00,0.000000E+00,0.000000E+00,0.000000E+00,2.110805E+01,7.995060E+01,2.388813E+01,5.833502E+01
20:21:00,8.014351E+03,1.672751E+03,5.580229E-01,1.477286E-01,0.000000E+00,0.000000E+00,0.000000E+00,0.000000E+00,0.000000E+00,0.000000E+00,0.000000E+00,0.000000E+00,2.110805E+01,7.995060E+01,2.388813E+01,5.835654E+01
20:22:00,8.014351E+03,1.669105E+03,5.580229E-01,1.474066E-01,0.000000E+00,0.000000E+00,0.000000E+00,0.000000E+00,0.000000E+00,0.000000E+00,0.000000E+00,0.000000E+00,2.110805E+01,7.995060E+01,2.388813E+01,5.837805E+01
20:23:00,8.014351E+03,1.665464E+03,5.580229E-01,1.470850E-01,0.000000E+00,0.000000E+00,0.000000E+00,0.000000E+00,0.000000E+00,0.000000E+00,0.000000E+00,0.000000E+00,2.110805E+01,7.995060E+01,2.388813E+01,5.839957E+01
20:24:00,8.014351E+03,1.661829E+03,5.580229E-01,1.467640E-01,0.000000E+00,0.000000E+00,0.000000E+00,0.000000E+00,0.000000E+00,0.000000E+00,0.000000E+00,0.000000E+00,2.110805E+01,7.995060E+01,2.388813E+01,5.842109E+01
20:25:00,8.014351E+03,1.658200E+03,5.580229E-01,1.464435E-01,0.000000E+00,0.000000E+00,0.000000E+00,0.000000E+00,0.000000E+00,0.000000E+00,0.000000E+00,0.000000E+00,2.110805E+01,7.995060E+01,2.388813E+01,5.844261E+01
20:26:00,8.014351E+03,1.654576E+03,5.580229E-01,1.461234E-01,0.000000E+00,0.000000E+00,0.000000E+00,0.000000E+00,0.000000E+00,0.000000E+00,0.000000E+00,0.000000E+00,2.110805E+01,7.995060E+01,2.388813E+01,5.846415E+01
20:27:00,8.014351E+03,1.650958E+03,5.580229E-01,1.458038E-01,0.000000E+00,0.000000E+00,0.000000E+00,0.000000E+00,0.000000E+00,0.000000E+00,0.000000E+00,0.000000E+00,2.110805E+01,7.995060E+01,2.388813E+01,5.848568E+01
20:28:00,8.014351E+03,1.647345E+03,5.580229E-01,1.454848E-01,0.000000E+00,0.000000E+00,0.000000E+00,0.000000E+00,0.000000E+00,0.000000E+00,0.000000E+00,0.000000E+00,2.110805E+01,7.995060E+01,2.388814E+01,5.850723E+01
20:29:00,8.014351E+03,1.643737E+03,5.580229E-01,1.451662E-01,0.000000E+00,0.000000E+00,0.000000E+00,0.000000E+00,0.000000E+00,0.000000E+00,0.000000E+00,0.000000E+00,2.110805E+01,7.995060E+01,2.388814E+01,5.852879E+01
20:30:00,8.014351E+03,1.640136E+03,5.580229E-01,1.448481E-01,0.000000E+00,0.000000E+00,0.000000E+00,0.000000E+00,0.000000E+00,0.000000E+00,0.000000E+00,0.000000E+00,2.110805E+01,7.995060E+01,2.388814E+01,5.855036E+01
20:31:00,8.014351E+03,1.636540E+03,5.580229E-01,1.445305E-01,0.000000E+00,0.000000E+00,0.000000E+00,0.000000E+00,0.000000E+00,0.000000E+00,0.000000E+00,0.000000E+00,2.110805E+01,7.995060E+01,2.388814E+01,5.857194E+01
20:32:00,8.014351E+03,1.632949E+03,5.580229E-01,1.442134E-01,0.000000E+00,0.000000E+00,0.000000E+00,0.000000E+00,0.000000E+00,0.000000E+00,0.000000E+00,0.000000E+00,2.110805E+01,7.995060E+01,2.388814E+01,5.859354E+01
20:33:00,8.014351E+03,1.629365E+03,5.580229E-01,1.438968E-01,0.000000E+00,0.000000E+00,0.000000E+00,0.000000E+00,0.000000E+00,0.000000E+00,0.000000E+00,0.000000E+00,2.110805E+01,7.995060E+01,2.388814E+01,5.861515E+01
20:34:00,8.014351E+03,1.625786E+03,5.580229E-01,1.435807E-01,0.000000E+00,0.000000E+00,0.000000E+00,0.000000E+00,0.000000E+00,0.000000E+00,0.000000E+00,0.000000E+00,2.110805E+01,7.995060E+01,2.388814E+01,5.863678E+01
20:35:00,8.014351E+03,1.622213E+03,5.580229E-01,1.432652E-01,0.000000E+00,0.000000E+00,0.000000E+00,0.000000E+00,0.000000E+00,0.000000E+00,0.000000E+00,0.000000E+00,2.110805E+01,7.995060E+01,2.388814E+01,5.865842E+01
20:36:00,8.014351E+03,1.618646E+03,5.580229E-01,1.429501E-01,0.000000E+00,0.000000E+00,0.000000E+00,0.000000E+00,0.000000E+00,0.000000E+00,0.000000E+00,0.000000E+00,2.110805E+01,7.995060E+01,2.388814E+01,5.868007E+01
20:37:00,8.014351E+03,1.615084E+03,5.580229E-01,1.426356E-01,0.000000E+00,0.000000E+00,0.000000E+00,0.000000E+00,0.000000E+00,0.000000E+00,0.000000E+00,0.000000E+00,2.110805E+01,7.995060E+01,2.388814E+01,5.870175E+01
20:38:00,8.014351E+03,1.611529E+03,5.580229E-01,1.423216E-01,0.000000E+00,0.000000E+00,0.000000E+00,0.000000E+00,0.000000E+00,0.000000E+00,0.000000E+00,0.000000E+00,2.110805E+01,7.995060E+01,2.388814E+01,5.872344E+01
20:39:00,8.014351E+03,1.607980E+03,5.580229E-01,1.420082E-01,0.000000E+00,0.000000E+00,0.000000E+00,0.000000E+00,0.000000E+00,0.000000E+00,0.000000E+00,0.000000E+00,2.110805E+01,7.995060E+01,2.388814E+01,5.874515E+01
20:40:00,8.014351E+03,1.604438E+03,5.580229E-01,1.416953E-01,0.000000E+00,0.000000E+00,0.000000E+00,0.000000E+00,0.000000E+00,0.000000E+00,0.000000E+00,0.000000E+00,2.110805E+01,7.995060E+01,2.388814E+01,5.876688E+01
20:41:00,8.014351E+03,1.600901E+03,5.580229E-01,1.413830E-01,0.000000E+00,0.000000E+00,0.000000E+00,0.000000E+00,0.000000E+00,0.000000E+00,0.000000E+00,0.000000E+00,2.110805E+01,7.995060E+01,2.388814E+01,5.878864E+01
20:42:00,8.014351E+03,1.597371E+03,5.580229E-01,1.410712E-01,0.000000E+00,0.000000E+00,0.000000E+00,0.000000E+00,0.000000E+00,0.000000E+00,0.000000E+00,0.000000E+00,2.110805E+01,7.995060E+01,2.388815E+01,5.881041E+01
20:43:00,8.014351E+03,1.593847E+03,5.580229E-01,1.407600E-01,0.000000E+00,0.000000E+00,0.000000E+00,0.000000E+00,0.000000E+00,0.000000E+00,0.000000E+00,0.000000E+00,2.110805E+01,7.995060E+01,2.388815E+01,5.883220E+01
20:44:00,8.014351E+03,1.590329E+03,5.580229E-01,1.404493E-01,0.000000E+00,0.000000E+00,0.000000E+00,0.000000E+00,0.000000E+00,0.000000E+00,0.000000E+00,0.000000E+00,2.110805E+01,7.995060E+01,2.388815E+01,5.885401E+01
20:45:00,8.014351E+03,1.586818E+03,5.580229E-01,1.401392E-01,0.000000E+00,0.000000E+00,0.000000E+00,0.000000E+00,0.000000E+00,0.000000E+00,0.000000E+00,0.000000E+00,2.110805E+01,7.995060E+01,2.388815E+01,5.887585E+01
20:46:00,8.014351E+03,1.583314E+03,5.580229E-01,1.398297E-01,0.000000E+00,0.000000E+00,0.000000E+00,0.000000E+00,0.000000E+00,0.000000E+00,0.000000E+00,0.000000E+00,2.110805E+01,7.995060E+01,2.388815E+01,5.889771E+01
20:47:00,8.014351E+03,1.579816E+03,5.580229E-01,1.395208E-01,0.000000E+00,0.000000E+00,0.000000E+00,0.000000E+00,0.000000E+00,0.000000E+00,0.000000E+00,0.000000E+00,2.110805E+01,7.995060E+01,2.388815E+01,5.891959E+01
20:48:00,8.014351E+03,1.576325E+03,5.580229E-01,1.392125E-01,0.000000E+00,0.000000E+00,0.000000E+00,0.000000E+00,0.000000E+00,0.000000E+00,0.000000E+00,0.000000E+00,2.110805E+01,7.995060E+01,2.388815E+01,5.894149E+01
20:49:00,8.014351E+03,1.572841E+03,5.580229E-01,1.389048E-01,0.000000E+00,0.000000E+00,0.000000E+00,0.000000E+00,0.000000E+00,0.000000E+00,0.000000E+00,0.000000E+00,2.110805E+01,7.995060E+01,2.388815E+01,5.896342E+01
20:50:00,8.014351E+03,1.569364E+03,5.580229E-01,1.385977E-01,0.000000E+00,0.000000E+00,0.000000E+00,0.000000E+00,0.000000E+00,0.000000E+00,0.000000E+00,0.000000E+00,2.110805E+01,7.995060E+01,2.388815E+01,5.898537E+01
20:51:00,8.014351E+03,1.565894E+03,5.580229E-01,1.382912E-01,0.000000E+00,0.000000E+00,0.000000E+00,0.000000E+00,0.000000E+00,0.000000E+00,0.000000E+00,0.000000E+00,2.110805E+01,7.995060E+01,2.388815E+01,5.900735E+01
20:52:00,8.014351E+03,1.562430E+03,5.580229E-01,1.379854E-01,0.000000E+00,0.000000E+00,0.000000E+00,0.000000E+00,0.000000E+00,0.000000E+00,0.000000E+00,0.000000E+00,2.110805E+01,7.995060E+01,2.388815E+01,5.902934E+01
20:53:00,8.014351E+03,1.558974E+03,5.580229E-01,1.376801E-01,0.000000E+00,0.000000E+00,0.000000E+00,0.000000E+00,0.000000E+00,0.000000E+00,0.000000E+00,0.000000E+00,2.110805E+01,7.995060E+01,2.388815E+01,5.905137E+01
20:54:00,8.014351E+03,1.555525E+03,5.580229E-01,1.373755E-01,0.000000E+00,0.000000E+00,0.000000E+00,0.000000E+00,0.000000E+00,0.000000E+00,0.000000E+00,0.000000E+00,2.110805E+01,7.995060E+01,2.388815E+01,5.907341E+01
20:55:00,8.014351E+03,1.552083E+03,5.580229E-01,1.370716E-01,0.000000E+00,0.000000E+00,0.000000E+00,0.000000E+00,0.000000E+00,0.000000E+00,0.000000E+00,0.000000E+00,2.110805E+01,7.995060E+01,2.388816E+01,5.909548E+01
20:56:00,8.014351E+03,1.548649E+03,5.580229E-01,1.367682E-01,0.000000E+00,0.000000E+00,0.000000E+00,0.000000E+00,0.000000E+00,0.000000E+00,0.000000E+00,0.000000E+00,2.110805E+01,7.995060E+01,2.388816E+01,5.911758E+01
20:57:00,8.014351E+03,1.545222E+03,5.580229E-01,1.364656E-01,0.000000E+00,0.000000E+00,0.000000E+00,0.000000E+00,0.000000E+00,0.000000E+00,0.000000E+00,0.000000E+00,2.110805E+01,7.995060E+01,2.388816E+01,5.913970E+01
20:58:00,8.014351E+03,1.541802E+03,5.580229E-01,1.361636E-01,0.000000E+00,0.000000E+00,0.000000E+00,0.000000E+00,0.000000E+00,0.000000E+00,0.000000E+00,0.000000E+00,2.110805E+01,7.995060E+01,2.388816E+01,5.916185E+01
20:59:00,8.014351E+03,1.538390E+03,5.580229E-01,1.358622E-01,0.000000E+00,0.000000E+00,0.000000E+00,0.000000E+00,0.000000E+00,0.000000E+00,0.000000E+00,0.000000E+00,2.110805E+01,7.995060E+01,2.388816E+01,5.918402E+01
21:00:00,8.014351E+03,1.534986E+03,5.580229E-01,1.355616E-01,0.000000E+00,0.000000E+00,0.000000E+00,0.000000E+00,0.000000E+00,0.000000E+00,0.000000E+00,0.000000E+00,2.110805E+01,7.995060E+01,2.388816E+01,5.920622E+01
21:01:00,8.014351E+03,1.531584E+03,5.580229E-01,1.352611E-01,0.000000E+00,0.000000E+00,0.000000E+00,0.000000E+00,0.000000E+00,0.000000E+00,0.000000E+00,0.000000E+00,2.110805E+01,7.995060E+01,2.388816E+01,5.922844E+01
21:02:00,8.014351E+03,1.528183E+03,5.580229E-01,1.349608E-01,0.000000E+00,0.000000E+00,0.000000E+00,0.000000E+00,0.000000E+00,0.000000E+00,0.000000E+00,0.000000E+00,2.110805E+01,7.995060E+01,2.388816E+01,5.925069E+01
21:03:00,8.014351E+03,1.524785E+03,5.580229E-01,1.346607E-01,0.000000E+00,0.000000E+00,0.000000E+00,0.000000E+00,0.000000E+00,0.000000E+00,0.000000E+00,0.000000E+00,2.110805E+01,7.995060E+01,2.388816E+01,5.927296E+01
21:04:00,8.014351E+03,1.521390E+03,5.580229E-01,1.343608E-01,0.000000E+00,0.000000E+00,0.000000E+00,0.000000E+00,0.000000E+00,0.000000E+00,0.000000E+00,0.000000E+00,2.110805E+01,7.995060E+01,2.388816E+01,5.929526E+01
21:05:00,8.014351E+03,1.517996E+03,5.580229E-01,1.340611E-01,0.000000E+00,0.000000E+00,0.000000E+00,0.000000E+00,0.000000E+00,0.000000E+00,0.000000E+00,0.000000E+00,2.110805E+01,7.995060E+01,2.388816E+01,5.931758E+01
21:06:00,8.014351E+03,1.514605E+03,5.580229E-01,1.337616E-01,0.000000E+00,0.000000E+00,0.000000E+00,0.000000E+00,0.000000E+00,0.000000E+00,0.000000E+00,0.000000E+00,2.110805E+01,7.995060E+01,2.388816E+01,5.933994E+01
21:07:00,8.014351E+03,1.511217E+03,5.580229E-01,1.334623E-01,0.000000E+00,0.000000E+00,0.000000E+00,0.000000E+00,0.000000E+00,0.000000E+00,0.000000E+00,0.000000E+00,2.110805E+01,7.995060E+01,2.388816E+01,5.936231E+01
21:08:00,8.014351E+03,1.507831E+03,5.580229E-01,1.331633E-01,0.000000E+00,0.000000E+00,0.000000E+00,0.000000E+00,0.000000E+00,0.000000E+00,0.000000E+00,0.000000E+00,2.110805E+01,7.995060E+01,2.388817E+01,5.938471E+01
21:09:00,8.014351E+03,1.504448E+03,5.580229E-01,1.328645E-01,0.000000E+00,0.000000E+00,0.000000E+00,0.000000E+00,0.000000E+00,0.000000E+00,0.000000E+00,0.000000E+00,2.110805E+01,7.995060E+01,2.388817E+01,5.940714E+01
21:10:00,8.014351E+03,1.501067E+03,5.580229E-01,1.325659E-01,0.000000E+00,0.000000E+00,0.000000E+00,0.000000E+00,0.000000E+00,0.000000E+00,0.000000E+00,0.000000E+00,2.110805E+01,7.995060E+01,2.388817E+01,5.942959E+01
21:11:00,8.014351E+03,1.497689E+03,5.580229E-01,1.322676E-01,0.000000E+00,0.000000E+00,0.000000E+00,0.000000E+00,0.000000E+00,0.000000E+00,0.000000E+00,0.000000E+00,2.110805E+01,7.995060E+01,2.388817E+01,5.945207E+01
21:12:00,8.014351E+03,1.494314E+03,5.580229E-01,1.319695E-01,0.000000E+00,0.000000E+00,0.000000E+00,0.000000E+00,0.000000E+00,0.000000E+00,0.000000E+00,0.000000E+00,2.110805E+01,7.995060E+01,2.388817E+01,5.947457E+01
21:13:00,8.014351E+03,1.490942E+03,5.580229E-01,1.316717E-01,0.000000E+00,0.000000E+00,0.000000E+00,0.000000E+00,0.000000E+00,0.000000E+00,0.000000E+00,0.000000E+00,2.110805E+01,7.995060E+01,2.388817E+01,5.949710E+01
21:14:00,8.014351E+03,1.487573E+03,5.580229E-01,1.313742E-01,0.000000E+00,0.000000E+00,0.000000E+00,0.000000E+00,0.000000E+00,0.000000E+00,0.000000E+00,0.000000E+00,2.110805E+01,7.995060E+01,2.388817E+01,5.951965E+01
21:15:00,8.014351E+03,1.484207E+03,5.580229E-01,1.310769E-01,0.000000E+00,0.000000E+00,0.000000E+00,0.000000E+00,0.000000E+00,0.000000E+00,0.000000E+00,0.000000E+00,2.110805E+01,7.995060E+01,2.388817E+01,5.954222E+01
21:16:00,8.014351E+03,1.480844E+03,5.580229E-01,1.307799E-01,0.000000E+00,0.000000E+00,0.000000E+00,0.000000E+00,0.000000E+00,0.000000E+00,0.000000E+00,0.000000E+00,2.110805E+01,7.995060E+01,2.388817E+01,5.956483E+01
21:17:00,8.014351E+03,1.477484E+03,5.580229E-01,1.304831E-01,0.000000E+00,0.000000E+00,0.000000E+00,0.000000E+00,0.000000E+00,0.000000E+00,0.000000E+00,0.000000E+00,2.110805E+01,7.995060E+01,2.388817E+01,5.958746E+01
21:18:00,8.014351E+03,1.474127E+03,5.580229E-01,1.301866E-01,0.000000E+00,0.000000E+00,0.000000E+00,0.000000E+00,0.000000E+00,0.000000E+00,0.000000E+00,0.000000E+00,2.110805E+01,7.995060E+01,2.388817E+01,5.961011E+01
21:19:00,8.014351E+03,1.470773E+03,5.580229E-01,1.298905E-01,0.000000E+00,0.000000E+00,0.000000E+00,0.000000E+00,0.000000E+00,0.000000E+00,0.000000E+00,0.000000E+00,2.110805E+01,7.995060E+01,2.388817E+01,5.963279E+01
21:20:00,8.014351E+03,1.467423E+03,5.580229E-01,1.295946E-01,0.000000E+00,0.000000E+00,0.000000E+00,0.000000E+00,0.000000E+00,0.000000E+00,0.000000E+00,0.000000E+00,2.110805E+01,7.995060E+01,2.388817E+01,5.965549E+01
21:21:00,8.014351E+03,1.464076E+03,5.580229E-01,1.292990E-01,0.000000E+00,0.000000E+00,0.000000E+00,0.000000E+00,0.000000E+00,0.000000E+00,0.000000E+00,0.000000E+00,2.110805E+01,7.995060E+01,2.388818E+01,5.967822E+01
21:22:00,8.014351E+03,1.460732E+03,5.580229E-01,1.290037E-01,0.000000E+00,0.000000E+00,0.000000E+00,0.000000E+00,0.000000E+00,0.000000E+00,0.000000E+00,0.000000E+00,2.110805E+01,7.995060E+01,2.388818E+01,5.970097E+01
21:23:00,8.014351E+03,1.457392E+03,5.580229E-01,1.287087E-01,0.000000E+00,0.000000E+00,0.000000E+00,0.000000E+00,0.000000E+00,0.000000E+00,0.000000E+00,0.000000E+00,2.110805E+01,7.995060E+01,2.388818E+01,5.972375E+01
21:24:00,8.014351E+03,1.454055E+03,5.580229E-01,1.284140E-01,0.000000E+00,0.000000E+00,0.000000E+00,0.000000E+00,0.000000E+00,0.000000E+00,0.000000E+00,0.000000E+00,2.110805E+01,7.995060E+01,2.388818E+01,5.974654E+01
21:25:00,8.014351E+03,1.450722E+03,5.580229E-01,1.281197E-01,0.000000E+00,0.000000E+00,0.000000E+00,0.000000E+00,0.000000E+00,0.000000E+00,0.000000E+00,0.000000E+00,2.110805E+01,7.995060E+01,2.388818E+01,5.976937E+01
21:26:00,8.014351E+03,1.447393E+03,5.580229E-01,1.278256E-01,0.000000E+00,0.000000E+00,0.000000E+00,0.000000E+00,0.000000E+00,0.000000E+00,0.000000E+00,0.000000E+00,2.110805E+01,7.995060E+01,2.388818E+01,5.979221E+01
21:27:00,8.014351E+03,1.444067E+03,5.580229E-01,1.275319E-01,0.000000E+00,0.000000E+00,0.000000E+00,0.000000E+00,0.000000E+00,0.000000E+00,0.000000E+00,0.000000E+00,2.110805E+01,7.995060E+01,2.388818E+01,5.981509E+01
21:28:00,8.014351E+03,1.440745E+03,5.580229E-01,1.272385E-01,0.000000E+00,0.000000E+00,0.000000E+00,0.000000E+00,0.000000E+00,0.000000E+00,0.000000E+00,0.000000E+00,2.110805E+01,7.995060E+01,2.388818E+01,5.983798E+01
21:29:00,8.014351E+03,1.437427E+03,5.580229E-01,1.269454E-01,0.000000E+00,0.000000E+00,0.000000E+00,0.000000E+00,0.000000E+00,0.000000E+00,0.000000E+00,0.000000E+00,2.110805E+01,7.995060E+01,2.388818E+01,5.986090E+01
21:30:00,8.014351E+03,1.434113E+03,5.580229E-01,1.266527E-01,0.000000E+00,0.000000E+00,0.000000E+00,0.000000E+00,0.000000E+00,0.000000E+00,0.000000E+00,0.000000E+00,2.110805E+01,7.995060E+01,2.388818E+01,5.988384E+01
21:31:00,8.014351E+03,1.430802E+03,5.580229E-01,1.263603E-01,0.000000E+00,0.000000E+00,0.000000E+00,0.000000E+00,0.000000E+00,0.000000E+00,0.000000E+00,0.000000E+00,2.110805E+01,7.995060E+01,2.388818E+01,5.990681E+01
21:32:00,8.014351E+03,1.427495E+03,5.580229E-01,1.260683E-01,0.000000E+00,0.000000E+00,0.000000E+00,0.000000E+00,0.000000E+00,0.000000E+00,0.000000E+00,0.000000E+00,2.110805E+01,7.995060E+01,2.388818E+01,5.992979E+01
21:33:00,8.014351E+03,1.424193E+03,5.580229E-01,1.257766E-01,0.000000E+00,0.000000E+00,0.000000E+00,0.000000E+00,0.000000E+00,0.000000E+00,0.000000E+00,0.000000E+00,2.110805E+01,7.995060E+01,2.388818E+01,5.995281E+01
21:34:00,8.014351E+03,1.420894E+03,5.580229E-01,1.254853E-01,0.000000E+00,0.000000E+00,0.000000E+00,0.000000E+00,0.000000E+00,0.000000E+00,0.000000E+00,0.000000E+00,2.110805E+01,7.995060E+01,2.388819E+01,5.997584E+01
21:35:00,8.014351E+03,1.417600E+03,5.580229E-01,1.251943E-01,0.000000E+00,0.000000E+00,0.000000E+00,0.000000E+00,0.000000E+00,0.000000E+00,0.000000E+00,0.000000E+00,2.110805E+01,7.995060E+01,2.388819E+01,5.999889E+01
21:36:00,8.014351E+03,1.414309E+03,5.580229E-01,1.249037E-01,0.000000E+00,0.000000E+00,0.000000E+00,0.000000E+00,0.000000E+00,0.000000E+00,0.000000E+00,0.000000E+00,2.110805E+01,7.995060E+01,2.388819E+01,6.002197E+01
21:37:00,8.014351E+03,1.411023E+03,5.580229E-01,1.246135E-01,0.000000E+00,0.000000E+00,0.000000E+00,0.000000E+00,0.000000E+00,0.000000E+00,0.000000E+00,0.000000E+00,2.110805E+01,7.995060E+01,2.388819E+01,6.004507E+01
21:38:00,8.014351E+03,1.407741E+03,5.580229E-01,1.243236E-01,0.000000E+00,0.000000E+00,0.000000E+00,0.000000E+00,0.000000E+00,0.000000E+00,0.000000E+00,0.000000E+00,2.110805E+01,7.995060E+01,2.388819E+01,6.006819E+01
21:39:00,8.014351E+03,1.404463E+03,5.580229E-01,1.240341E-01,0.000000E+00,0.000000E+00,0.000000E+00,0.000000E+00,0.000000E+00,0.000000E+00,0.000000E+00,0.000000E+00,2.110805E+01,7.995060E+01,2.388819E+01,6.009134E+01
21:40:00,8.014351E+03,1.401189E+03,5.580229E-01,1.237450E-01,0.000000E+00,0.000000E+00,0.000000E+00,0.000000E+00,0.000000E+00,0.000000E+00,0.000000E+00,0.000000E+00,2.110805E+01,7.995060E+01,2.388819E+01,6.011450E+01
21:41:00,8.014351E+03,1.397920E+03,5.580229E-01,1.234563E-01,0.000000E+00,0.000000E+00,0.000000E+00,0.000000E+00,0.000000E+00,0.000000E+00,0.000000E+00,0.000000E+00,2.110805E+01,7.995060E+01,2.388819E+01,6.013769E+01
21:42:00,8.014351E+03,1.394655E+03,5.580229E-01,1.231679E-01,0.000000E+00,0.000000E+00,0.000000E+00,0.000000E+00,0.000000E+00,0.000000E+00,0.000000E+00,0.000000E+00,2.110805E+01,7.995060E+01,2.388819E+01,6.016089E+01
21:43:00,8.014351E+03,1.391394E+03,5.580229E-01,1.228800E-01,0.000000E+00,0.000000E+00,0.000000E+00,0.000000E+00,0.000000E+00,0.000000E+00,0.000000E+00,0.000000E+00,2.110805E+01,7.995060E+01,2.388819E+01,6.018412E+01
21:44:00,8.014351E+03,1.388138E+03,5.580229E-01,1.225924E-01,0.000000E+00,0.000000E+00,0.000000E+00,0.000000E+00,0.000000E+00,0.000000E+00,0.000000E+00,0.000000E+00,2.110805E+01,7.995060E+01,2.388819E+01,6.020737E+01
21:45:00,8.014351E+03,1.384887E+03,5.580229E-01,1.223053E-01,0.000000E+00,0.000000E+00,0.000000E+00,0.000000E+00,0.000000E+00,0.000000E+00,0.000000E+00,0.000000E+00,2.110805E+01,7.995060E+01,2.388819E+01,6.023064E+01
21:46:00,8.014351E+03,1.381640E+03,5.580229E-01,1.220185E-01,0.000000E+00,0.000000E+00,0.000000E+00,0.000000E+00,0.000000E+00,0.000000E+00,0.000000E+00,0.000000E+00,2.110805E+01,7.995060E+01,2.388819E+01,6.025392E+01
21:47:00,8.014351E+03,1.378398E+03,5.580229E-01,1.217321E-01,0.000000E+00,0.000000E+00,0.000000E+00,0.000000E+00,0.000000E+00,0.000000E+00,0.000000E+00,0.000000E+00,2.110805E+01,7.995060E+01,2.388820E+01,6.027723E+01
21:48:00,8.014351E+03,1.375160E+03,5.580229E-01,1.214462E-01,0.000000E+00,0.000000E+00,0.000000E+00,0.000000E+00,0.000000E+00,0.000000E+00,0.000000E+00,0.000000E+00,2.110805E+01,7.995060E+01,2.388820E+01,6.030056E+01
21:49:00,8.014351E+03,1.371927E+03,5.580229E-01,1.211607E-01,0.000000E+00,0.000000E+00,0.000000E+00,0.000000E+00,0.000000E+00,0.000000E+00,0.000000E+00,0.000000E+00,2.110805E+01,7.995060E+01,2.388820E+01,6.032390E+01
21:50:00,8.014351E+03,1.368699E+03,5.580229E-01,1.208756E-01,0.000000E+00,0.000000E+00,0.000000E+00,0.000000E+00,0.000000E+00,0.000000E+00,0.000000E+00,0.000000E+00,2.110805E+01,7.995060E+01,2.388820E+01,6.034727E+01
21:51:00,8.014351E+03,1.365475E+03,5.580229E-01,1.205909E-01,0.000000E+00,0.000000E+00,0.000000E+00,0.000000E+00,0.000000E+00,0.000000E+00,0.000000E+00,0.000000E+00,2.110805E+01,7.995060E+01,2.388820E+01,6.037065E+01
21:52:00,8.014351E+03,1.362256E+03,5.580229E-01,1.203066E-01,0.000000E+00,0.000000E+00,0.000000E+00,0.000000E+00,0.000000E+00,0.000000E+00,0.000000E+00,0.000000E+00,2.110805E+01,7.995060E+01,2.388820E+01,6.039405E+01
21:53:00,8.014351E+03,1.359042E+03,5.580229E-01,1.200228E-01,0.000000E+00,0.000000E+00,0.000000E+00,0.000000E+00,0.000000E+00,0.000000E+00,0.000000E+00,0.000000E+00,2.110805E+01,7.995060E+01,2.388820E+01,6.041747E+01
21:54:00,8.014351E+03,1.355834E+03,5.580229E-01,1.197394E-01,0.000000E+00,0.000000E+00,0.000000E+00,0.000000E+00,0.000000E+00,0.000000E+00,0.000000E+00,0.000000E+00,2.110805E+01,7.995060E+01,2.388820E+01,6.044091E+01
21:55:00,8.014351E+03,1.352630E+03,5.580229E-01,1.194564E-01,0.000000E+00,0.000000E+00,0.000000E+00,0.000000E+00,0.000000E+00,0.000000E+00,0.000000E+00,0.000000E+00,2.110805E+01,7.995060E+01,2.388820E+01,6.046436E+01
21:56:00,8.014351E+03,1.349431E+03,5.580229E-01,1.191739E-01,0.000000E+00,0.000000E+00,0.000000E+00,0.000000E+00,0.000000E+00,0.000000E+00,0.000000E+00,0.000000E+00,2.110805E+01,7.995060E+01,2.388820E+01,6.048783E+01
21:57:00,8.014351E+03,1.346237E+03,5.580229E-01,1.188918E-01,0.000000E+00,0.000000E+00,0.000000E+00,0.000000E+00,0.000000E+00,0.000000E+00,0.000000E+00,0.000000E+00,2.110805E+01,7.995060E+01,2.388820E+01,6.051131E+01
21:58:00,8.014351E+03,1.343048E+03,5.580229E-01,1.186102E-01,0.000000E+00,0.000000E+00,0.000000E+00,0.000000E+00,0.000000E+00,0.000000E+00,0.000000E+00,0.000000E+00,2.110805E+01,7.995060E+01,2.388820E+01,6.053482E+01
21:59:00,8.014351E+03,1.339865E+03,5.580229E-01,1.183291E-01,0.000000E+00,0.000000E+00,0.000000E+00,0.000000E+00,0.000000E+00,0.000000E+00,0.000000E+00,0.000000E+00,2.110805E+01,7.995060E+01,2.388820E+01,6.055833E+01
22:00:00,8.014351E+03,1.336687E+03,5.580229E-01,1.180484E-01,0.000000E+00,0.000000E+00,0.000000E+00,0.000000E+00,0.000000E+00,0.000000E+00,0.000000E+00,0.000000E+00,2.110805E+01,7.995060E+01,2.388820E+01,6.058186E+01
22:01:00,8.014351E+03,1.333521E+03,5.580229E-01,1.177688E-01,0.000000E+00,0.000000E+00,0.000000E+00,0.000000E+00,0.000000E+00,0.000000E+00,0.000000E+00,0.000000E+00,2.110805E+01,7.995060E+01,2.388821E+01,6.060540E+01
22:02:00,8.014351E+03,1.330365E+03,5.580229E-01,1.174901E-01,0.000000E+00,0.000000E+00,0.000000E+00,0.000000E+00,0.000000E+00,0.000000E+00,0.000000E+00,0.000000E+00,2.110805E+01,7.995060E+01,2.388821E+01,6.062890E+01
22:03:00,8.014351E+03,1.327221E+03,5.580229E-01,1.172124E-01,0.000000E+00,0.000000E+00,0.000000E+00,0.000000E+00,0.000000E+00,0.000000E+00,0.000000E+00,0.000000E+00,2.110805E+01,7.995060E+01,2.388821E+01,6.065233E+01
22:04:00,8.014351E+03,1.324088E+03,5.580229E-01,1.169357E-01,0.000000E+00,0.000000E+00,0.000000E+00,0.000000E+00,0.000000E+00,0.000000E+00,0.000000E+00,0.000000E+00,2.110805E+01,7.995060E+01,2.388821E+01,6.067568E+01
22:05:00,8.014351E+03,1.320966E+03,5.580229E-01,1.166600E-01,0.000000E+00,0.000000E+00,0.000000E+00,0.000000E+00,0.000000E+00,0.000000E+00,0.000000E+00,0.000000E+00,2.110805E+01,7.995060E+01,2.388821E+01,6.069895E+01
22:06:00,8.014351E+03,1.317856E+03,5.580229E-01,1.163853E-01,0.000000E+00,0.000000E+00,0.000000E+00,0.000000E+00,0.000000E+00,0.000000E+00,0.000000E+00,0.000000E+00,2.110805E+01,7.995060E+01,2.388821E+01,6.072215E+01
22:07:00,8.014351E+03,1.314756E+03,5.580229E-01,1.161115E-01,0.000000E+00,0.000000E+00,0.000000E+00,0.000000E+00,0.000000E+00,0.000000E+00,0.000000E+00,0.000000E+00,2.110805E+01,7.995060E+01,2.388821E+01,6.074528E+01
22:08:00,8.014351E+03,1.311667E+03,5.580229E-01,1.158387E-01,0.000000E+00,0.000000E+00,0.000000E+00,0.000000E+00,0.000000E+00,0.000000E+00,0.000000E+00,0.000000E+00,2.110805E+01,7.995060E+01,2.388821E+01,6.076835E+01
22:09:00,8.014351E+03,1.308590E+03,5.580229E-01,1.155669E-01,0.000000E+00,0.000000E+00,0.000000E+00,0.000000E+00,0.000000E+00,0.000000E+00,0.000000E+00,0.000000E+00,2.110805E+01,7.995060E+01,2.388821E+01,6.079135E+01
22:10:00,8.014351E+03,1.305523E+03,5.580229E-01,1.152961E-01,0.000000E+00,0.000000E+00,0.000000E+00,0.000000E+00,0.000000E+00,0.000000E+00,0.000000E+00,0.000000E+00,2.110805E+01,7.995060E+01,2.388821E+01,6.081430E+01
22:11:00,8.014351E+03,1.302467E+03,5.580229E-01,1.150262E-01,0.000000E+00,0.000000E+00,0.000000E+00,0.000000E+00,0.000000E+00,0.000000E+00,0.000000E+00,0.000000E+00,2.110805E+01,7.995060E+01,2.388821E+01,6.083720E+01
22:12:00,8.014351E+03,1.299423E+03,5.580229E-01,1.147574E-01,0.000000E+00,0.000000E+00,0.000000E+00,0.000000E+00,0.000000E+00,0.000000E+00,0.000000E+00,0.000000E+00,2.110805E+01,7.995060E+01,2.388821E+01,6.086003E+01
22:13:00,8.014351E+03,1.296389E+03,5.580229E-01,1.144895E-01,0.000000E+00,0.000000E+00,0.000000E+00,0.000000E+00,0.000000E+00,0.000000E+00,0.000000E+00,0.000000E+00,2.110805E+01,7.995060E+01,2.388821E+01,6.088282E+01
22:14:00,8.014351E+03,1.293367E+03,5.580229E-01,1.142225E-01,0.000000E+00,0.000000E+00,0.000000E+00,0.000000E+00,0.000000E+00,0.000000E+00,0.000000E+00,0.000000E+00,2.110805E+01,7.995060E+01,2.388821E+01,6.090556E+01
22:15:00,8.014351E+03,1.290355E+03,5.580229E-01,1.139565E-01,0.000000E+00,0.000000E+00,0.000000E+00,0.000000E+00,0.000000E+00,0.000000E+00,0.000000E+00,0.000000E+00,2.110805E+01,7.995060E+01,2.388821E+01,6.092825E+01
22:16:00,8.014351E+03,1.287355E+03,5.580229E-01,1.136916E-01,0.000000E+00,0.000000E+00,0.000000E+00,0.000000E+00,0.000000E+00,0.000000E+00,0.000000E+00,0.000000E+00,2.110805E+01,7.995060E+01,2.388822E+01,6.095090E+01
22:17:00,8.014351E+03,1.284365E+03,5.580229E-01,1.134275E-01,0.000000E+00,0.000000E+00,0.000000E+00,0.000000E+00,0.000000E+00,0.000000E+00,0.000000E+00,0.000000E+00,2.110805E+01,7.995060E+01,2.388822E+01,6.097350E+01
22:18:00,8.014351E+03,1.281387E+03,5.580229E-01,1.131645E-01,0.000000E+00,0.000000E+00,0.000000E+00,0.000000E+00,0.000000E+00,0.000000E+00,0.000000E+00,0.000000E+00,2.110805E+01,7.995060E+01,2.388822E+01,6.099607E+01
22:19:00,8.014351E+03,1.278419E+03,5.580229E-01,1.129024E-01,0.000000E+00,0.000000E+00,0.000000E+00,0.000000E+00,0.000000E+00,0.000000E+00,0.000000E+00,0.000000E+00,2.110805E+01,7.995060E+01,2.388822E+01,6.101859E+01
22:20:00,8.014351E+03,1.275462E+03,5.580229E-01,1.126412E-01,0.000000E+00,0.000000E+00,0.000000E+00,0.000000E+00,0.000000E+00,0.000000E+00,0.000000E+00,0.000000E+00,2.110805E+01,7.995060E+01,2.388822E+01,6.104108E+01
22:21:00,8.014351E+03,1.272516E+03,5.580229E-01,1.123811E-01,0.000000E+00,0.000000E+00,0.000000E+00,0.000000E+00,0.000000E+00,0.000000E+00,0.000000E+00,0.000000E+00,2.110805E+01,7.995060E+01,2.388822E+01,6.106353E+01
22:22:00,8.014351E+03,1.269581E+03,5.580229E-01,1.121219E-01,0.000000E+00,0.000000E+00,0.000000E+00,0.000000E+00,0.000000E+00,0.000000E+00,0.000000E+00,0.000000E+00,2.110805E+01,7.995060E+01,2.388822E+01,6.108595E+01
22:23:00,8.014351E+03,1.266657E+03,5.580229E-01,1.118636E-01,0.000000E+00,0.000000E+00,0.000000E+00,0.000000E+00,0.000000E+00,0.000000E+00,0.000000E+00,0.000000E+00,2.110805E+01,7.995060E+01,2.388822E+01,6.110834E+01
22:24:00,8.014351E+03,1.263744E+03,5.580229E-01,1.116063E-01,0.000000E+00,0.000000E+00,0.000000E+00,0.000000E+00,0.000000E+00,0.000000E+00,0.000000E+00,0.000000E+00,2.110805E+01,7.995060E+01,2.388822E+01,6.113069E+01
22:25:00,8.014351E+03,1.260842E+03,5.580229E-01,1.113500E-01,0.000000E+00,0.000000E+00,0.000000E+00,0.000000E+00,0.000000E+00,0.000000E+00,0.000000E+00,0.000000E+00,2.110805E+01,7.995060E+01,2.388822E+01,6.115302E+01
22:26:00,8.014351E+03,1.257950E+03,5.580229E-01,1.110946E-01,0.000000E+00,0.000000E+00,0.000000E+00,0.000000E+00,0.000000E+00,0.000000E+00,0.000000E+00,0.000000E+00,2.110805E+01,7.995060E+01,2.388822E+01,6.117532E+01
22:27:00,8.014351E+03,1.255070E+03,5.580229E-01,1.108402E-01,0.000000E+00,0.000000E+00,0.000000E+00,0.000000E+00,0.000000E+00,0.000000E+00,0.000000E+00,0.000000E+00,2.110805E+01,7.995060E+01,2.388822E+01,6.119759E+01
22:28:00,8.014351E+03,1.252200E+03,5.580229E-01,1.105868E-01,0.000000E+00,0.000000E+00,0.000000E+00,0.000000E+00,0.000000E+00,0.000000E+00,0.000000E+00,0.000000E+00,2.110805E+01,7.995060E+01,2.388822E+01,6.121984E+01
22:29:00,8.014351E+03,1.249341E+03,5.580229E-01,1.103343E-01,0.000000E+00,0.000000E+00,0.000000E+00,0.000000E+00,0.000000E+00,0.000000E+00,0.000000E+00,0.000000E+00,2.110805E+01,7.995060E+01,2.388822E+01,6.124206E+01
22:30:00,8.014351E+03,1.246492E+03,5.580229E-01,1.100827E-01,0.000000E+00,0.000000E+00,0.000000E+00,0.000000E+00,0.000000E+00,0.000000E+00,0.000000E+00,0.000000E+00,2.110805E+01,7.995060E+01,2.388823E+01,6.126426E+01
22:31:00,8.014351E+03,1.243655E+03,5.580229E-01,1.098321E-01,0.000000E+00,0.000000E+00,0.000000E+00,0.000000E+00,0.000000E+00,0.000000E+00,0.000000E+00,0.000000E+00,2.110805E+01,7.995060E+01,2.388823E+01,6.128644E+01
22:32:00,8.014351E+03,1.240828E+03,5.580229E-01,1.095824E-01,0.000000E+00,0.000000E+00,0.000000E+00,0.000000E+00,0.000000E+00,0.000000E+00,0.000000E+00,0.000000E+00,2.110805E+01,7.995060E+01,2.388823E+01,6.130859E+01
22:33:00,8.014351E+03,1.238011E+03,5.580229E-01,1.093337E-01,0.000000E+00,0.000000E+00,0.000000E+00,0.000000E+00,0.000000E+00,0.000000E+00,0.000000E+00,0.000000E+00,2.110805E+01,7.995060E+01,2.388823E+01,6.133073E+01
22:34:00,8.014351E+03,1.235206E+03,5.580229E-01,1.090859E-01,0.000000E+00,0.000000E+00,0.000000E+00,0.000000E+00,0.000000E+00,0.000000E+00,0.000000E+00,0.000000E+00,2.110805E+01,7.995060E+01,2.388823E+01,6.135285E+01
22:35:00,8.014351E+03,1.232411E+03,5.580229E-01,1.088391E-01,0.000000E+00,0.000000E+00,0.000000E+00,0.000000E+00,0.000000E+00,0.000000E+00,0.000000E+00,0.000000E+00,2.110805E+01,7.995060E+01,2.388823E+01,6.137495E+01
22:36:00,8.014351E+03,1.229627E+03,5.580229E-01,1.085932E-01,0.000000E+00,0.000000E+00,0.000000E+00,0.000000E+00,0.000000E+00,0.000000E+00,0.000000E+00,0.000000E+00,2.110805E+01,7.995060E+01,2.388823E+01,6.139703E+01
22:37:00,8.014351E+03,1.226853E+03,5.580229E-01,1.083483E-01,0.000000E+00,0.000000E+00,0.000000E+00,0.000000E+00,0.000000E+00,0.000000E+00,0.000000E+00,0.000000E+00,2.110805E+01,7.995060E+01,2.388823E+01,6.141911E+01
22:38:00,8.014351E+03,1.224090E+03,5.580229E-01,1.081042E-01,0.000000E+00,0.000000E+00,0.000000E+00,0.000000E+00,0.000000E+00,0.000000E+00,0.000000E+00,0.000000E+00,2.110805E+01,7.995060E+01,2.388823E+01,6.144116E+01
22:39:00,8.014351E+03,1.221338E+03,5.580229E-01,1.078612E-01,0.000000E+00,0.000000E+00,0.000000E+00,0.000000E+00,0.000000E+00,0.000000E+00,0.000000E+00,0.000000E+00,2.110805E+01,7.995060E+01,2.388823E+01,6.146320E+01
22:40:00,8.014351E+03,1.218596E+03,5.580229E-01,1.076190E-01,0.000000E+00,0.000000E+00,0.000000E+00,0.000000E+00,0.000000E+00,0.000000E+00,0.000000E+00,0.000000E+00,2.110805E+01,7.995060E+01,2.388823E+01,6.148523E+01
22:41:00,8.014351E+03,1.215865E+03,5.580229E-01,1.073778E-01,0.000000E+00,0.000000E+00,0.000000E+00,0.000000E+00,0.000000E+00,0.000000E+00,0.000000E+00,0.000000E+00,2.110805E+01,7.995060E+01,2.388823E+01,6.150724E+01
22:42:00,8.014351E+03,1.213144E+03,5.580229E-01,1.071375E-01,0.000000E+00,0.000000E+00,0.000000E+00,0.000000E+00,0.000000E+00,0.000000E+00,0.000000E+00,0.000000E+00,2.110805E+01,7.995060E+01,2.388823E+01,6.152925E+01
22:43:00,8.014351E+03,1.210433E+03,5.580229E-01,1.068981E-01,0.000000E+00,0.000000E+00,0.000000E+00,0.000000E+00,0.000000E+00,0.000000E+00,0.000000E+00,0.000000E+00,2.110805E+01,7.995060E+01,2.388823E+01,6.155124E+01
22:44:00,8.014351E+03,1.207733E+03,5.580229E-01,1.066597E-01,0.000000E+00,0.000000E+00,0.000000E+00,0.000000E+00,0.000000E+00,0.000000E+00,0.000000E+00,0.000000E+00,2.110805E+01,7.995060E+01,2.388824E+01,6.157322E+01
22:45:00,8.014351E+03,1.205044E+03,5.580229E-01,1.064221E-01,0.000000E+00,0.000000E+00,0.000000E+00,0.000000E+00,0.000000E+00,0.000000E+00,0.000000E+00,0.000000E+00,2.110805E+01,7.995060E+01,2.388824E+01,6.159519E+01
22:46:00,8.014351E+03,1.202365E+03,5.580229E-01,1.061855E-01,0.000000E+00,0.000000E+00,0.000000E+00,0.000000E+00,0.000000E+00,0.000000E+00,0.000000E+00,0.000000E+00,2.110805E+01,7.995060E+01,2.388824E+01,6.161716E+01
22:47:00,8.014351E+03,1.199696E+03,5.580229E-01,1.059498E-01,0.000000E+00,0.000000E+00,0.000000E+00,0.000000E+00,0.000000E+00,0.000000E+00,0.000000E+00,0.000000E+00,2.110805E+01,7.995060E+01,2.388824E+01,6.163912E+01
22:48:00,8.014351E+03,1.197037E+03,5.580229E-01,1.057150E-01,0.000000E+00,0.000000E+00,0.000000E+00,0.000000E+00,0.000000E+00,0.000000E+00,0.000000E+00,0.000000E+00,2.110805E+01,7.995060E+01,2.388824E+01,6.166106E+01
22:49:00,8.014351E+03,1.194389E+03,5.580229E-01,1.054811E-01,0.000000E+00,0.000000E+00,0.000000E+00,0.000000E+00,0.000000E+00,0.000000E+00,0.000000E+00,0.000000E+00,2.110805E+01,7.995060E+01,2.388824E+01,6.168301E+01
22:50:00,8.014351E+03,1.191751E+03,5.580229E-01,1.052481E-01,0.000000E+00,0.000000E+00,0.000000E+00,0.000000E+00,0.000000E+00,0.000000E+00,0.000000E+00,0.000000E+00,2.110805E+01,7.995060E+01,2.388824E+01,6.170494E+01
22:51:00,8.014351E+03,1.189123E+03,5.580229E-01,1.050160E-01,0.000000E+00,0.000000E+00,0.000000E+00,0.000000E+00,0.000000E+00,0.000000E+00,0.000000E+00,0.000000E+00,2.110805E+01,7.995060E+01,2.388824E+01,6.172687E+01
22:52:00,8.014351E+03,1.186505E+03,5.580229E-01,1.047849E-01,0.000000E+00,0.000000E+00,0.000000E+00,0.000000E+00,0.000000E+00,0.000000E+00,0.000000E+00,0.000000E+00,2.110805E+01,7.995060E+01,2.388824E+01,6.174880E+01
22:53:00,8.014351E+03,1.183898E+03,5.580229E-01,1.045546E-01,0.000000E+00,0.000000E+00,0.000000E+00,0.000000E+00,0.000000E+00,0.000000E+00,0.000000E+00,0.000000E+00,2.110805E+01,7.995060E+01,2.388824E+01,6.177072E+01
22:54:00,8.014351E+03,1.181300E+03,5.580229E-01,1.043252E-01,0.000000E+00,0.000000E+00,0.000000E+00,0.000000E+00,0.000000E+00,0.000000E+00,0.000000E+00,0.000000E+00,2.110805E+01,7.995060E+01,2.388824E+01,6.179263E+01
22:55:00,8.014351E+03,1.178712E+03,5.580229E-01,1.040966E-01,0.000000E+00,0.000000E+00,0.000000E+00,0.000000E+00,0.000000E+00,0.000000E+00,0.000000E+00,0.000000E+00,2.110805E+01,7.995060E+01,2.388824E+01,6.181455E+01
22:56:00,8.014351E+03,1.176135E+03,5.580229E-01,1.038690E-01,0.000000E+00,0.000000E+00,0.000000E+00,0.000000E+00,0.000000E+00,0.000000E+00,0.000000E+00,0.000000E+00,2.110805E+01,7.995060E+01,2.388824E+01,6.183645E+01
22:57:00,8.014351E+03,1.173567E+03,5.580229E-01,1.036422E-01,0.000000E+00,0.000000E+00,0.000000E+00,0.000000E+00,0.000000E+00,0.000000E+00,0.000000E+00,0.000000E+00,2.110805E+01,7.995060E+01,2.388824E+01,6.185836E+01
22:58:00,8.014351E+03,1.171009E+03,5.580229E-01,1.034163E-01,0.000000E+00,0.000000E+00,0.000000E+00,0.000000E+00,0.000000E+00,0.000000E+00,0.000000E+00,0.000000E+00,2.110805E+01,7.995060E+01,2.388825E+01,6.188026E+01
22:59:00,8.014351E+03,1.168461E+03,5.580229E-01,1.031912E-01,0.000000E+00,0.000000E+00,0.000000E+00,0.000000E+00,0.000000E+00,0.000000E+00,0.000000E+00,0.000000E+00,2.110805E+01,7.995060E+01,2.388825E+01,6.190216E+01
23:00:00,8.014351E+03,1.165922E+03,5.580229E-01,1.029670E-01,0.000000E+00,0.000000E+00,0.000000E+00,0.000000E+00,0.000000E+00,0.000000E+00,0.000000E+00,0.000000E+00,2.110805E+01,7.995060E+01,2.388825E+01,6.192406E+01
23:01:00,8.014351E+03,1.163387E+03,5.580229E-01,1.027431E-01,0.000000E+00,0.000000E+00,0.000000E+00,0.000000E+00,0.000000E+00,0.000000E+00,0.000000E+00,0.000000E+00,2.110805E+01,7.995060E+01,2.388825E+01,6.194596E+01
23:02:00,8.014351E+03,1.160856E+03,5.580229E-01,1.025196E-01,0.000000E+00,0.000000E+00,0.000000E+00,0.000000E+00,0.000000E+00,0.000000E+00,0.000000E+00,0.000000E+00,2.110805E+01,7.995060E+01,2.388825E+01,6.196786E+01
23:03:00,8.014351E+03,1.158328E+03,5.580229E-01,1.022963E-01,0.000000E+00,0.000000E+00,0.000000E+00,0.000000E+00,0.000000E+00,0.000000E+00,0.000000E+00,0.000000E+00,2.110805E+01,7.995060E+01,2.388825E+01,6.198975E+01
23:04:00,8.014351E+03,1.155804E+03,5.580229E-01,1.020735E-01,0.000000E+00,0.000000E+00,0.000000E+00,0.000000E+00,0.000000E+00,0.000000E+00,0.000000E+00,0.000000E+00,2.110805E+01,7.995060E+01,2.388825E+01,6.201165E+01
23:05:00,8.014351E+03,1.153284E+03,5.580229E-01,1.018509E-01,0.000000E+00,0.000000E+00,0.000000E+00,0.000000E+00,0.000000E+00,0.000000E+00,0.000000E+00,0.000000E+00,2.110805E+01,7.995060E+01,2.388825E+01,6.203355E+01
23:06:00,8.014351E+03,1.150768E+03,5.580229E-01,1.016287E-01,0.000000E+00,0.000000E+00,0.000000E+00,0.000000E+00,0.000000E+00,0.000000E+00,0.000000E+00,0.000000E+00,2.110805E+01,7.995060E+01,2.388825E+01,6.205545E+01
23:07:00,8.014351E+03,1.148256E+03,5.580229E-01,1.014068E-01,0.000000E+00,0.000000E+00,0.000000E+00,0.000000E+00,0.000000E+00,0.000000E+00,0.000000E+00,0.000000E+00,2.110805E+01,7.995060E+01,2.388825E+01,6.207734E+01
23:08:00,8.014351E+03,1.145748E+03,5.580229E-01,1.011853E-01,0.000000E+00,0.000000E+00,0.000000E+00,0.000000E+00,0.000000E+00,0.000000E+00,0.000000E+00,0.000000E+00,2.110805E+01,7.995060E+01,2.388825E+01,6.209925E+01
23:09:00,8.014351E+03,1.143243E+03,5.580229E-01,1.009641E-01,0.000000E+00,0.000000E+00,0.000000E+00,0.000000E+00,0.000000E+00,0.000000E+00,0.000000E+00,0.000000E+00,2.110805E+01,7.995060E+01,2.388825E+01,6.212115E+01
23:10:00,8.014351E+03,1.140743E+03,5.580229E-01,1.007433E-01,0.000000E+00,0.000000E+00,0.000000E+00,0.000000E+00,0.000000E+00,0.000000E+00,0.000000E+00,0.000000E+00,2.110805E+01,7.995060E+01,2.388825E+01,6.214305E+01
23:11:00,8.014351E+03,1.138246E+03,5.580229E-01,1.005228E-01,0.000000E+00,0.000000E+00,0.000000E+00,0.000000E+00,0.000000E+00,0.000000E+00,0.000000E+00,0.000000E+00,2.110805E+01,7.995060E+01,2.388826E+01,6.216495E+01
23:12:00,8.014351E+03,1.135753E+03,5.580229E-01,1.003026E-01,0.000000E+00,0.000000E+00,0.000000E+00,0.000000E+00,0.000000E+00,0.000000E+00,0.000000E+00,0.000000E+00,2.110805E+01,7.995060E+01,2.388826E+01,6.218686E+01
23:13:00,8.014351E+03,1.133264E+03,5.580229E-01,1.000828E-01,0.000000E+00,0.000000E+00,0.000000E+00,0.000000E+00,0.000000E+00,0.000000E+00,0.000000E+00,0.000000E+00,2.110805E+01,7.995060E+01,2.388826E+01,6.220877E+01
23:14:00,8.014351E+03,1.130779E+03,5.580229E-01,9.986329E-02,0.000000E+00,0.000000E+00,0.000000E+00,0.000000E+00,0.000000E+00,0.000000E+00,0.000000E+00,0.000000E+00,2.110805E+01,7.995060E+01,2.388826E+01,6.223068E+01
23:15:00,8.014351E+03,1.128297E+03,5.580229E-01,9.964415E-02,0.000000E+00,0.000000E+00,0.000000E+00,0.000000E+00,0.000000E+00,0.000000E+00,0.000000E+00,0.000000E+00,2.110805E+01,7.995060E+01,2.388826E+01,6.225260E+01
23:16:00,8.014351E+03,1.125820E+03,5.580229E-01,9.942534E-02,0.000000E+00,0.000000E+00,0.000000E+00,0.000000E+00,0.000000E+00,0.000000E+00,0.000000E+00,0.000000E+00,2.110805E+01,7.995060E+01,2.388826E+01,6.227451E+01
23:17:00,8.014351E+03,1.123346E+03,5.580229E-01,9.920687E-02,0.000000E+00,0.000000E+00,0.000000E+00,0.000000E+00,0.000000E+00,0.000000E+00,0.000000E+00,0.000000E+00,2.110805E+01,7.995060E+01,2.388826E+01,6.229643E+01
23:18:00,8.014351E+03,1.120876E+03,5.580229E-01,9.898875E-02,0.000000E+00,0.000000E+00,0.000000E+00,0.000000E+00,0.000000E+00,0.000000E+00,0.000000E+00,0.000000E+00,2.110805E+01,7.995060E+01,2.388826E+01,6.231836E+01
23:19:00,8.014351E+03,1.118410E+03,5.580229E-01,9.877096E-02,0.000000E+00,0.000000E+00,0.000000E+00,0.000000E+00,0.000000E+00,0.000000E+00,0.000000E+00,0.000000E+00,2.110805E+01,7.995060E+01,2.388826E+01,6.234029E+01
23:20:00,8.014351E+03,1.115948E+03,5.580229E-01,9.855351E-02,0.000000E+00,0.000000E+00,0.000000E+00,0.000000E+00,0.000000E+00,0.000000E+00,0.000000E+00,0.000000E+00,2.110805E+01,7.995060E+01,2.388826E+01,6.236222E+01
23:21:00,8.014351E+03,1.113490E+03,5.580229E-01,9.833639E-02,0.000000E+00,0.000000E+00,0.000000E+00,0.000000E+00,0.000000E+00,0.000000E+00,0.000000E+00,0.000000E+00,2.110805E+01,7.995060E+01,2.388826E+01,6.238416E+01
23:22:00,8.014351E+03,1.111035E+03,5.580229E-01,9.811961E-02,0.000000E+00,0.000000E+00,0.000000E+00,0.000000E+00,0.000000E+00,0.000000E+00,0.000000E+00,0.000000E+00,2.110805E+01,7.995060E+01,2.388826E+01,6.240611E+01
23:23:00,8.014351E+03,1.108584E+03,5.580229E-01,9.790317E-02,0.000000E+00,0.000000E+00,0.000000E+00,0.000000E+00,0.000000E+00,0.000000E+00,0.000000E+00,0.000000E+00,2.110805E+01,7.995060E+01,2.388826E+01,6.242805E+01
23:24:00,8.014351E+03,1.106137E+03,5.580229E-01,9.768706E-02,0.000000E+00,0.000000E+00,0.000000E+00,0.000000E+00,0.000000E+00,0.000000E+00,0.000000E+00,0.000000E+00,2.110805E+01,7.995060E+01,2.388827E+01,6.245000E+01
23:25:00,8.014351E+03,1.103694E+03,5.580229E-01,9.747129E-02,0.000000E+00,0.000000E+00,0.000000E+00,0.000000E+00,0.000000E+00,0.000000E+00,0.000000E+00,0.000000E+00,2.110805E+01,7.995060E+01,2.388827E+01,6.247196E+01
23:26:00,8.014351E+03,1.101255E+03,5.580229E-01,9.725585E-02,0.000000E+00,0.000000E+00,0.000000E+00,0.000000E+00,0.000000E+00,0.000000E+00,0.000000E+00,0.000000E+00,2.110805E+01,7.995060E+01,2.388827E+01,6.249392E+01
23:27:00,8.014351E+03,1.098819E+03,5.580229E-01,9.704074E-02,0.000000E+00,0.000000E+00,0.000000E+00,0.000000E+00,0.000000E+00,0.000000E+00,0.000000E+00,0.000000E+00,2.110805E+01,7.995060E+01,2.388827E+01,6.251589E+01
23:28:00,8.014351E+03,1.096387E+03,5.580229E-01,9.682596E-02,0.000000E+00,0.000000E+00,0.000000E+00,0.000000E+00,0.000000E+00,0.000000E+00,0.000000E+00,0.000000E+00,2.110805E+01,7.995060E+01,2.388827E+01,6.253786E+01
23:29:00,8.014351E+03,1.093959E+03,5.580229E-01,9.661152E-02,0.000000E+00,0.000000E+00,0.000000E+00,0.000000E+00,0.000000E+00,0.000000E+00,0.000000E+00,0.000000E+00,2.110805E+01,7.995060E+01,2.388827E+01,6.255984E+01
23:30:00,8.014351E+03,1.091535E+03,5.580229E-01,9.639741E-02,0.000000E+00,0.000000E+00,0.000000E+00,0.000000E+00,0.000000E+00,0.000000E+00,0.000000E+00,0.000000E+00,2.110805E+01,7.995060E+01,2.388827E+01,6.258183E+01
23:31:00,8.014351E+03,1.089114E+03,5.580229E-01,9.618363E-02,0.000000E+00,0.000000E+00,0.000000E+00,0.000000E+00,0.000000E+00,0.000000E+00,0.000000E+00,0.000000E+00,2.110805E+01,7.995060E+01,2.388827E+01,6.260382E+01
23:32:00,8.014351E+03,1.086697E+03,5.580229E-01,9.597017E-02,0.000000E+00,0.000000E+00,0.000000E+00,0.000000E+00,0.000000E+00,0.000000E+00,0.000000E+00,0.000000E+00,2.110805E+01,7.995060E+01,2.388827E+01,6.262582E+01
23:33:00,8.014351E+03,1.084284E+03,5.580229E-01,9.575705E-02,0.000000E+00,0.000000E+00,0.000000E+00,0.000000E+00,0.000000E+00,0.000000E+00,0.000000E+00,0.000000E+00,2.110805E+01,7.995060E+01,2.388827E+01,6.264782E+01
23:34:00,8.014351E+03,1.081874E+03,5.580229E-01,9.554425E-02,0.000000E+00,0.000000E+00,0.000000E+00,0.000000E+00,0.000000E+00,0.000000E+00,0.000000E+00,0.000000E+00,2.110805E+01,7.995060E+01,2.388827E+01,6.266983E+01
23:35:00,8.014351E+03,1.079469E+03,5.580229E-01,9.533178E-02,0.000000E+00,0.000000E+00,0.000000E+00,0.000000E+00,0.000000E+00,0.000000E+00,0.000000E+00,0.000000E+00,2.110805E+01,7.995060E+01,2.388827E+01,6.269185E+01
23:36:00,8.014351E+03,1.077067E+03,5.580229E-01,9.511964E-02,0.000000E+00,0.000000E+00,0.000000E+00,0.000000E+00,0.000000E+00,0.000000E+00,0.000000E+00,0.000000E+00,2.110805E+01,7.995060E+01,2.388827E+01,6.271387E+01
23:37:00,8.014351E+03,1.074668E+03,5.580229E-01,9.490782E-02,0.000000E+00,0.000000E+00,0.000000E+00,0.000000E+00,0.000000E+00,0.000000E+00,0.000000E+00,0.000000E+00,2.110805E+01,7.995060E+01,2.388828E+01,6.273590E+01
23:38:00,8.014351E+03,1.072273E+03,5.580229E-01,9.469633E-02,0.000000E+00,0.000000E+00,0.000000E+00,0.000000E+00,0.000000E+00,0.000000E+00,0.000000E+00,0.000000E+00,2.110805E+01,7.995060E+01,2.388828E+01,6.275794E+01
23:39:00,8.014351E+03,1.069882E+03,5.580229E-01,9.448516E-02,0.000000E+00,0.000000E+00,0.000000E+00,0.000000E+00,0.000000E+00,0.000000E+00,0.000000E+00,0.000000E+00,2.110805E+01,7.995060E+01,2.388828E+01,6.277998E+01
23:40:00,8.014351E+03,1.067495E+03,5.580229E-01,9.427431E-02,0.000000E+00,0.000000E+00,0.000000E+00,0.000000E+00,0.000000E+00,0.000000E+00,0.000000E+00,0.000000E+00,2.110805E+01,7.995060E+01,2.388828E+01,6.280203E+01
23:41:00,8.014351E+03,1.065111E+03,5.580229E-01,9.406378E-02,0.000000E+00,0.000000E+00,0.000000E+00,0.000000E+00,0.000000E+00,0.000000E+00,0.000000E+00,0.000000E+00,2.110805E+01,7.995060E+01,2.388828E+01,6.282409E+01
23:42:00,8.014351E+03,1.062731E+03,5.580229E-01,9.385358E-02,0.000000E+00,0.000000E+00,0.000000E+00,0.000000E+00,0.000000E+00,0.000000E+00,0.000000E+00,0.000000E+00,2.110805E+01,7.995060E+01,2.388828E+01,6.284616E+01
23:43:00,8.014351E+03,1.060355E+03,5.580229E-01,9.364369E-02,0.000000E+00,0.000000E+00,0.000000E+00,0.000000E+00,0.000000E+00,0.000000E+00,0.000000E+00,0.000000E+00,2.110805E+01,7.995060E+01,2.388828E+01,6.286824E+01
23:44:00,8.014351E+03,1.057982E+03,5.580229E-01,9.343413E-02,0.000000E+00,0.000000E+00,0.000000E+00,0.000000E+00,0.000000E+00,0.000000E+00,0.000000E+00,0.000000E+00,2.110805E+01,7.995060E+01,2.388828E+01,6.289032E+01
23:45:00,8.014351E+03,1.055612E+03,5.580229E-01,9.322488E-02,0.000000E+00,0.000000E+00,0.000000E+00,0.000000E+00,0.000000E+00,0.000000E+00,0.000000E+00,0.000000E+00,2.110805E+01,7.995060E+01,2.388828E+01,6.291241E+01
23:46:00,8.014351E+03,1.053247E+03,5.580229E-01,9.301595E-02,0.000000E+00,0.000000E+00,0.000000E+00,0.000000E+00,0.000000E+00,0.000000E+00,0.000000E+00,0.000000E+00,2.110805E+01,7.995060E+01,2.388828E+01,6.293451E+01
23:47:00,8.014351E+03,1.050884E+03,5.580229E-01,9.280733E-02,0.000000E+00,0.000000E+00,0.000000E+00,0.000000E+00,0.000000E+00,0.000000E+00,0.000000E+00,0.000000E+00,2.110805E+01,7.995060E+01,2.388828E+01,6.295661E+01
23:48:00,8.014351E+03,1.048526E+03,5.580229E-01,9.259903E-02,0.000000E+00,0.000000E+00,0.000000E+00,0.000000E+00,0.000000E+00,0.000000E+00,0.000000E+00,0.000000E+00,2.110805E+01,7.995060E+01,2.388828E+01,6.297873E+01
23:49:00,8.014351E+03,1.046171E+03,5.580229E-01,9.239105E-02,0.000000E+00,0.000000E+00,0.000000E+00,0.000000E+00,0.000000E+00,0.000000E+00,0.000000E+00,0.000000E+00,2.110805E+01,7.995060E+01,2.388828E+01,6.300085E+01
23:50:00,8.014351E+03,1.043819E+03,5.580229E-01,9.218338E-02,0.000000E+00,0.000000E+00,0.000000E+00,0.000000E+00,0.000000E+00,0.000000E+00,0.000000E+00,0.000000E+00,2.110805E+01,7.995060E+01,2.388829E+01,6.302298E+01
23:51:00,8.014351E+03,1.041472E+03,5.580229E-01,9.197602E-02,0.000000E+00,0.000000E+00,0.000000E+00,0.000000E+00,0.000000E+00,0.000000E+00,0.000000E+00,0.000000E+00,2.110805E+01,7.995060E+01,2.388829E+01,6.304512E+01
23:52:00,8.014351E+03,1.039127E+03,5.580229E-01,9.176897E-02,0.000000E+00,0.000000E+00,0.000000E+00,0.000000E+00,0.000000E+00,0.000000E+00,0.000000E+00,0.000000E+00,2.110805E+01,7.995060E+01,2.388829E+01,6.306727E+01
23:53:00,8.014351E+03,1.036786E+03,5.580229E-01,9.156223E-02,0.000000E+00,0.000000E+00,0.000000E+00,0.000000E+00,0.000000E+00,0.000000E+00,0.000000E+00,0.000000E+00,2.110805E+01,7.995060E+01,2.388829E+01,6.308943E+01
23:54:00,8.014351E+03,1.034449E+03,5.580229E-01,9.135580E-02,0.000000E+00,0.000000E+00,0.000000E+00,0.000000E+00,0.000000E+00,0.000000E+00,0.000000E+00,0.000000E+00,2.110805E+01,7.995060E+01,2.388829E+01,6.311160E+01
23:55:00,8.014351E+03,1.032115E+03,5.580229E-01,9.114968E-02,0.000000E+00,0.000000E+00,0.000000E+00,0.000000E+00,0.000000E+00,0.000000E+00,0.000000E+00,0.000000E+00,2.110805E+01,7.995060E+01,2.388829E+01,6.313377E+01
23:56:00,8.014351E+03,1.029785E+03,5.580229E-01,9.094387E-02,0.000000E+00,0.000000E+00,0.000000E+00,0.000000E+00,0.000000E+00,0.000000E+00,0.000000E+00,0.000000E+00,2.110805E+01,7.995060E+01,2.388829E+01,6.315596E+01
23:57:00,8.014351E+03,1.027458E+03,5.580229E-01,9.073837E-02,0.000000E+00,0.000000E+00,0.000000E+00,0.000000E+00,0.000000E+00,0.000000E+00,0.000000E+00,0.000000E+00,2.110805E+01,7.995060E+01,2.388829E+01,6.317815E+01
23:58:00,8.014351E+03,1.025134E+03,5.580229E-01,9.053317E-02,0.000000E+00,0.000000E+00,0.000000E+00,0.000000E+00,0.000000E+00,0.000000E+00,0.000000E+00,0.000000E+00,2.110805E+01,7.995060E+01,2.388829E+01,6.320035E+01
23:59:00,8.014351E+03,1.022814E+03,5.580229E-01,9.032827E-02,0.000000E+00,0.000000E+00,0.000000E+00,0.000000E+00,0.000000E+00,0.000000E+00,0.000000E+00,0.000000E+00,2.110805E+01,7.995060E+01,2.388829E+01,6.322257E+01
24:00:00,8.014351E+03,1.020498E+03,5.580229E-01,9.012368E-02,0.000000E+00,0.000000E+00,0.000000E+00,0.000000E+00,0.000000E+00,0.000000E+00,0.000000E+00,0.000000E+00,2.110805E+01,7.995060E+01,2.388829E+01,6.324479E+01
Peak,8.014351E+03,2.450864E+03,5.580229E-01,2.164503E-01,0.000000E+00,0.000000E+00,0.000000E+00,0.000000E+00,0.000000E+00,0.000000E+00,0.000000E+00,0.000000E+00,,,,

Peak Vol Flow (m3/s),,,4.737089E-01,1.837459E-01,,,0.000000E+00,0.000000E+00,,,,,,,,
