Time,LIVINGZONE:CHICAGO MIDWAY AP ANN HTG 99.6% CONDNS DB:Des Heat Load [W],LIVINGZONE:CHICAGO MIDWAY AP ANN CLG .4% CONDNS DB=>MWB:Des Sens Cool Load [W],LIVINGZONE:CHICAGO MIDWAY AP ANN HTG 99.6% CONDNS DB:Des Heat Mass Flow [kg/s],LIVINGZONE:CHICAGO MIDWAY AP ANN CLG .4% CONDNS DB=>MWB:Des Cool Mass Flow [kg/s],LIVINGZONE::Des Latent Heat Load [W],LIVINGZONE::Des Latent Cool Load [W],LIVINGZONE::Des Latent Heat Mass Flow [kg/s],LIVINGZONE::Des Latent Cool Mass Flow [kg/s],LIVINGZONE::Des Heat Load No DOAS [W],LIVINGZONE::Des Sens Cool Load No DOAS [W],LIVINGZONE::Des Latent Heat Load No DOAS [W],LIVINGZONE::Des Latent Cool Load No DOAS [W],LIVINGZONE:CHICAGO MIDWAY AP ANN HTG 99.6% CONDNS DB:Heating Zone Temperature [C],LIVINGZONE:CHICAGO MIDWAY AP ANN HTG 99.6% CONDNS DB:Heating Zone Relative Humidity [%],LIVINGZONE:CHICAGO MIDWAY AP ANN CLG .4% CONDNS DB=>MWB:Cooling Zone Temperature [C],LIVINGZONE:CHICAGO MIDWAY AP ANN CLG .4% CONDNS DB=>MWB:Cooling Zone Relative Humidity [%]
00:01:00,8.010806E+03,9.844743E+02,5.577761E-01,8.694224E-02,0.000000E+00,0.000000E+00,0.000000E+00,0.000000E+00,0.000000E+00,0.000000E+00,0.000000E+00,0.000000E+00,2.110805E+01,7.994452E+01,2.388831E+01,6.359123E+01
00:02:00,8.010806E+03,9.822201E+02,5.577761E-01,8.674316E-02,0.000000E+00,0.000000E+00,0.000000E+00,0.000000E+00,0.000000E+00,0.000000E+00,0.000000E+00,0.000000E+00,2.110805E+01,7.994452E+01,2.388831E+01,6.361360E+01
00:03:00,8.010806E+03,9.799722E+02,5.577761E-01,8.654464E-02,0.000000E+00,0.000000E+00,0.000000E+00,0.000000E+00,0.000000E+00,0.000000E+00,0.000000E+00,0.000000E+00,2.110805E+01,7.994452E+01,2.388831E+01,6.363593E+01
00:04:00,8.010806E+03,9.777305E+02,5.577761E-01,8.634666E-02,0.000000E+00,0.000000E+00,0.000000E+00,0.000000E+00,0.000000E+00,0.000000E+00,0.000000E+00,0.000000E+00,2.110805E+01,7.994452E+01,2.388831E+01,6.365823E+01
00:05:00,8.010806E+03,9.754951E+02,5.577761E-01,8.614923E-02,0.000000E+00,0.000000E+00,0.000000E+00,0.000000E+00,0.000000E+00,0.000000E+00,0.000000E+00,0.000000E+00,2.110805E+01,7.994452E+01,2.388831E+01,6.368048E+01
00:06:00,8.010806E+03,9.732658E+02,5.577761E-01,8.595235E-02,0.000000E+00,0.000000E+00,0.000000E+00,0.000000E+00,0.000000E+00,0.000000E+00,0.000000E+00,0.000000E+00,2.110805E+01,7.994452E+01,2.388831E+01,6.370269E+01
00:07:00,8.010806E+03,9.710427E+02,5.577761E-01,8.575602E-02,0.000000E+00,0.000000E+00,0.000000E+00,0.000000E+00,0.000000E+00,0.000000E+00,0.000000E+00,0.000000E+00,2.110805E+01,7.994452E+01,2.388831E+01,6.372486E+01
00:08:00,8.010806E+03,9.688258E+02,5.577761E-01,8.556023E-02,0.000000E+00,0.000000E+00,0.000000E+00,0.000000E+00,0.000000E+00,0.000000E+00,0.000000E+00,0.000000E+00,2.110805E+01,7.994452E+01,2.388831E+01,6.374699E+01
00:09:00,8.010806E+03,9.666151E+02,5.577761E-01,8.536499E-02,0.000000E+00,0.000000E+00,0.000000E+00,0.000000E+00,0.000000E+00,0.000000E+00,0.000000E+00,0.000000E+00,2.110805E+01,7.994452E+01,2.388831E+01,6.376909E+01
00:10:00,8.010806E+03,9.644106E+02,5.577761E-01,8.517029E-02,0.000000E+00,0.000000E+00,0.000000E+00,0.000000E+00,0.000000E+00,0.000000E+00,0.000000E+00,0.000000E+00,2.110805E+01,7.994452E+01,2.388831E+01,6.379116E+01
00:11:00,8.010806E+03,9.622122E+02,5.577761E-01,8.497614E-02,0.000000E+00,0.000000E+00,0.000000E+00,0.000000E+00,0.000000E+00,0.000000E+00,0.000000E+00,0.000000E+00,2.110805E+01,7.994452E+01,2.388831E+01,6.381320E+01
00:12:00,8.010805E+03,9.600199E+02,5.577761E-01,8.478253E-02,0.000000E+00,0.000000E+00,0.000000E+00,0.000000E+00,0.000000E+00,0.000000E+00,0.000000E+00,0.000000E+00,2.110805E+01,7.994452E+01,2.388831E+01,6.383520E+01
00:13:00,8.010805E+03,9.578338E+02,5.577761E-01,8.458946E-02,0.000000E+00,0.000000E+00,0.000000E+00,0.000000E+00,0.000000E+00,0.000000E+00,0.000000E+00,0.000000E+00,2.110805E+01,7.994452E+01,2.388831E+01,6.385717E+01
00:14:00,8.010805E+03,9.556538E+02,5.577761E-01,8.439693E-02,0.000000E+00,0.000000E+00,0.000000E+00,0.000000E+00,0.000000E+00,0.000000E+00,0.000000E+00,0.000000E+00,2.110805E+01,7.994452E+01,2.388831E+01,6.387911E+01
00:15:00,8.010805E+03,9.534799E+02,5.577761E-01,8.420494E-02,0.000000E+00,0.000000E+00,0.000000E+00,0.000000E+00,0.000000E+00,0.000000E+00,0.000000E+00,0.000000E+00,2.110805E+01,7.994452E+01,2.388832E+01,6.390103E+01
00:16:00,8.010805E+03,9.513121E+02,5.577761E-01,8.401349E-02,0.000000E+00,0.000000E+00,0.000000E+00,0.000000E+00,0.000000E+00,0.000000E+00,0.000000E+00,0.000000E+00,2.110805E+01,7.994452E+01,2.388832E+01,6.392292E+01
00:17:00,8.010805E+03,9.491504E+02,5.577761E-01,8.382258E-02,0.000000E+00,0.000000E+00,0.000000E+00,0.000000E+00,0.000000E+00,0.000000E+00,0.000000E+00,0.000000E+00,2.110805E+01,7.994452E+01,2.388832E+01,6.394478E+01
00:18:00,8.010805E+03,9.469948E+02,5.577761E-01,8.363220E-02,0.000000E+00,0.000000E+00,0.000000E+00,0.000000E+00,0.000000E+00,0.000000E+00,0.000000E+00,0.000000E+00,2.110805E+01,7.994452E+01,2.388832E+01,6.396662E+01
00:19:00,8.010805E+03,9.448452E+02,5.577761E-01,8.344236E-02,0.000000E+00,0.000000E+00,0.000000E+00,0.000000E+00,0.000000E+00,0.000000E+00,0.000000E+00,0.000000E+00,2.110805E+01,7.994452E+01,2.388832E+01,6.398843E+01
00:20:00,8.010805E+03,9.427017E+02,5.577761E-01,8.325305E-02,0.000000E+00,0.000000E+00,0.000000E+00,0.000000E+00,0.000000E+00,0.000000E+00,0.000000E+00,0.000000E+00,2.110805E+01,7.994452E+01,2.388832E+01,6.401022E+01
00:21:00,8.010805E+03,9.405642E+02,5.577761E-01,8.306428E-02,0.000000E+00,0.000000E+00,0.000000E+00,0.000000E+00,0.000000E+00,0.000000E+00,0.000000E+00,0.000000E+00,2.110805E+01,7.994452E+01,2.388832E+01,6.403199E+01
00:22:00,8.010805E+03,9.384328E+02,5.577761E-01,8.287604E-02,0.000000E+00,0.000000E+00,0.000000E+00,0.000000E+00,0.000000E+00,0.000000E+00,0.000000E+00,0.000000E+00,2.110805E+01,7.994452E+01,2.388832E+01,6.405374E+01
00:23:00,8.010805E+03,9.363074E+02,5.577761E-01,8.268833E-02,0.000000E+00,0.000000E+00,0.000000E+00,0.000000E+00,0.000000E+00,0.000000E+00,0.000000E+00,0.000000E+00,2.110805E+01,7.994452E+01,2.388832E+01,6.407546E+01
00:24:00,8.010805E+03,9.341880E+02,5.577761E-01,8.250116E-02,0.000000E+00,0.000000E+00,0.000000E+00,0.000000E+00,0.000000E+00,0.000000E+00,0.000000E+00,0.000000E+00,2.110805E+01,7.994452E+01,2.388832E+01,6.409717E+01
00:25:00,8.010805E+03,9.320746E+02,5.577761E-01,8.231451E-02,0.000000E+00,0.000000E+00,0.000000E+00,0.000000E+00,0.000000E+00,0.000000E+00,0.000000E+00,0.000000E+00,2.110805E+01,7.994452E+01,2.388832E+01,6.411885E+01
00:26:00,8.010805E+03,9.299672E+02,5.577761E-01,8.212839E-02,0.000000E+00,0.000000E+00,0.000000E+00,0.000000E+00,0.000000E+00,0.000000E+00,0.000000E+00,0.000000E+00,2.110805E+01,7.994452E+01,2.388832E+01,6.414052E+01
00:27:00,8.010805E+03,9.278657E+02,5.577761E-01,8.194280E-02,0.000000E+00,0.000000E+00,0.000000E+00,0.000000E+00,0.000000E+00,0.000000E+00,0.000000E+00,0.000000E+00,2.110805E+01,7.994452E+01,2.388832E+01,6.416217E+01
00:28:00,8.010805E+03,9.257702E+02,5.577761E-01,8.175774E-02,0.000000E+00,0.000000E+00,0.000000E+00,0.000000E+00,0.000000E+00,0.000000E+00,0.000000E+00,0.000000E+00,2.110805E+01,7.994452E+01,2.388832E+01,6.418380E+01
00:29:00,8.010805E+03,9.236807E+02,5.577761E-01,8.157320E-02,0.000000E+00,0.000000E+00,0.000000E+00,0.000000E+00,0.000000E+00,0.000000E+00,0.000000E+00,0.000000E+00,2.110805E+01,7.994452E+01,2.388832E+01,6.420542E+01
00:30:00,8.010805E+03,9.215972E+02,5.577761E-01,8.138919E-02,0.000000E+00,0.000000E+00,0.000000E+00,0.000000E+00,0.000000E+00,0.000000E+00,0.000000E+00,0.000000E+00,2.110805E+01,7.994452E+01,2.388833E+01,6.422702E+01
00:31:00,8.010805E+03,9.195195E+02,5.577760E-01,8.120570E-02,0.000000E+00,0.000000E+00,0.000000E+00,0.000000E+00,0.000000E+00,0.000000E+00,0.000000E+00,0.000000E+00,2.110805E+01,7.994452E+01,2.388833E+01,6.424861E+01
00:32:00,8.010805E+03,9.174478E+02,5.577760E-01,8.102274E-02,0.000000E+00,0.000000E+00,0.000000E+00,0.000000E+00,0.000000E+00,0.000000E+00,0.000000E+00,0.000000E+00,2.110805E+01,7.994452E+01,2.388833E+01,6.427018E+01
00:33:00,8.010805E+03,9.153820E+02,5.577760E-01,8.084029E-02,0.000000E+00,0.000000E+00,0.000000E+00,0.000000E+00,0.000000E+00,0.000000E+00,0.000000E+00,0.000000E+00,2.110805E+01,7.994452E+01,2.388833E+01,6.429173E+01
00:34:00,8.010804E+03,9.133221E+02,5.577760E-01,8.065837E-02,0.000000E+00,0.000000E+00,0.000000E+00,0.000000E+00,0.000000E+00,0.000000E+00,0.000000E+00,0.000000E+00,2.110805E+01,7.994452E+01,2.388833E+01,6.431328E+01
00:35:00,8.010804E+03,9.112681E+02,5.577760E-01,8.047697E-02,0.000000E+00,0.000000E+00,0.000000E+00,0.000000E+00,0.000000E+00,0.000000E+00,0.000000E+00,0.000000E+00,2.110805E+01,7.994452E+01,2.388833E+01,6.433481E+01
00:36:00,8.010804E+03,9.092200E+02,5.577760E-01,8.029609E-02,0.000000E+00,0.000000E+00,0.000000E+00,0.000000E+00,0.000000E+00,0.000000E+00,0.000000E+00,0.000000E+00,2.110805E+01,7.994452E+01,2.388833E+01,6.435633E+01
00:37:00,8.010804E+03,9.071777E+02,5.577760E-01,8.011573E-02,0.000000E+00,0.000000E+00,0.000000E+00,0.000000E+00,0.000000E+00,0.000000E+00,0.000000E+00,0.000000E+00,2.110805E+01,7.994452E+01,2.388833E+01,6.437784E+01
00:38:00,8.010804E+03,9.051414E+02,5.577760E-01,7.993588E-02,0.000000E+00,0.000000E+00,0.000000E+00,0.000000E+00,0.000000E+00,0.000000E+00,0.000000E+00,0.000000E+00,2.110805E+01,7.994452E+01,2.388833E+01,6.439934E+01
00:39:00,8.010804E+03,9.031108E+02,5.577760E-01,7.975655E-02,0.000000E+00,0.000000E+00,0.000000E+00,0.000000E+00,0.000000E+00,0.000000E+00,0.000000E+00,0.000000E+00,2.110805E+01,7.994452E+01,2.388833E+01,6.442083E+01
00:40:00,8.010804E+03,9.010861E+02,5.577760E-01,7.957774E-02,0.000000E+00,0.000000E+00,0.000000E+00,0.000000E+00,0.000000E+00,0.000000E+00,0.000000E+00,0.000000E+00,2.110805E+01,7.994452E+01,2.388833E+01,6.444231E+01
00:41:00,8.010804E+03,8.990672E+02,5.577760E-01,7.939944E-02,0.000000E+00,0.000000E+00,0.000000E+00,0.000000E+00,0.000000E+00,0.000000E+00,0.000000E+00,0.000000E+00,2.110805E+01,7.994452E+01,2.388833E+01,6.446377E+01
00:42:00,8.010804E+03,8.970542E+02,5.577760E-01,7.922166E-02,0.000000E+00,0.000000E+00,0.000000E+00,0.000000E+00,0.000000E+00,0.000000E+00,0.000000E+00,0.000000E+00,2.110805E+01,7.994452E+01,2.388833E+01,6.448524E+01
00:43:00,8.010804E+03,8.950470E+02,5.577760E-01,7.904439E-02,0.000000E+00,0.000000E+00,0.000000E+00,0.000000E+00,0.000000E+00,0.000000E+00,0.000000E+00,0.000000E+00,2.110805E+01,7.994452E+01,2.388833E+01,6.450669E+01
00:44:00,8.010804E+03,8.930455E+02,5.577760E-01,7.886763E-02,0.000000E+00,0.000000E+00,0.000000E+00,0.000000E+00,0.000000E+00,0.000000E+00,0.000000E+00,0.000000E+00,2.110805E+01,7.994452E+01,2.388834E+01,6.452813E+01
00:45:00,8.010804E+03,8.910499E+02,5.577760E-01,7.869138E-02,0.000000E+00,0.000000E+00,0.000000E+00,0.000000E+00,0.000000E+00,0.000000E+00,0.000000E+00,0.000000E+00,2.110805E+01,7.994452E+01,2.388834E+01,6.454957E+01
00:46:00,8.010804E+03,8.890600E+02,5.577760E-01,7.851565E-02,0.000000E+00,0.000000E+00,0.000000E+00,0.000000E+00,0.000000E+00,0.000000E+00,0.000000E+00,0.000000E+00,2.110805E+01,7.994452E+01,2.388834E+01,6.457100E+01
00:47:00,8.010804E+03,8.870759E+02,5.577760E-01,7.834042E-02,0.000000E+00,0.000000E+00,0.000000E+00,0.000000E+00,0.000000E+00,0.000000E+00,0.000000E+00,0.000000E+00,2.110805E+01,7.994452E+01,2.388834E+01,6.459242E+01
00:48:00,8.010804E+03,8.850976E+02,5.577760E-01,7.816570E-02,0.000000E+00,0.000000E+00,0.000000E+00,0.000000E+00,0.000000E+00,0.000000E+00,0.000000E+00,0.000000E+00,2.110805E+01,7.994452E+01,2.388834E+01,6.461383E+01
00:49:00,8.010804E+03,8.831250E+02,5.577760E-01,7.799149E-02,0.000000E+00,0.000000E+00,0.000000E+00,0.000000E+00,0.000000E+00,0.000000E+00,0.000000E+00,0.000000E+00,2.110805E+01,7.994452E+01,2.388834E+01,6.463524E+01
00:50:00,8.010804E+03,8.811581E+02,5.577760E-01,7.781779E-02,0.000000E+00,0.000000E+00,0.000000E+00,0.000000E+00,0.000000E+00,0.000000E+00,0.000000E+00,0.000000E+00,2.110805E+01,7.994452E+01,2.388834E+01,6.465665E+01
00:51:00,8.010804E+03,8.791970E+02,5.577760E-01,7.764459E-02,0.000000E+00,0.000000E+00,0.000000E+00,0.000000E+00,0.000000E+00,0.000000E+00,0.000000E+00,0.000000E+00,2.110805E+01,7.994452E+01,2.388834E+01,6.467805E+01
00:52:00,8.010804E+03,8.772416E+02,5.577760E-01,7.747190E-02,0.000000E+00,0.000000E+00,0.000000E+00,0.000000E+00,0.000000E+00,0.000000E+00,0.000000E+00,0.000000E+00,2.110805E+01,7.994452E+01,2.388834E+01,6.469944E+01
00:53:00,8.010804E+03,8.752919E+02,5.577760E-01,7.729971E-02,0.000000E+00,0.000000E+00,0.000000E+00,0.000000E+00,0.000000E+00,0.000000E+00,0.000000E+00,0.000000E+00,2.110805E+01,7.994452E+01,2.388834E+01,6.472083E+01
00:54:00,8.010804E+03,8.733479E+02,5.577760E-01,7.712802E-02,0.000000E+00,0.000000E+00,0.000000E+00,0.000000E+00,0.000000E+00,0.000000E+00,0.000000E+00,0.000000E+00,2.110805E+01,7.994452E+01,2.388834E+01,6.474222E+01
00:55:00,8.010804E+03,8.714096E+02,5.577760E-01,7.695684E-02,0.000000E+00,0.000000E+00,0.000000E+00,0.000000E+00,0.000000E+00,0.000000E+00,0.000000E+00,0.000000E+00,2.110805E+01,7.994452E+01,2.388834E+01,6.476360E+01
00:56:00,8.010804E+03,8.694770E+02,5.577760E-01,7.678616E-02,0.000000E+00,0.000000E+00,0.000000E+00,0.000000E+00,0.000000E+00,0.000000E+00,0.000000E+00,0.000000E+00,2.110805E+01,7.994452E+01,2.388834E+01,6.478497E+01
00:57:00,8.010803E+03,8.675501E+02,5.577760E-01,7.661598E-02,0.000000E+00,0.000000E+00,0.000000E+00,0.000000E+00,0.000000E+00,0.000000E+00,0.000000E+00,0.000000E+00,2.110805E+01,7.994452E+01,2.388834E+01,6.480635E+01
00:58:00,8.010803E+03,8.656288E+02,5.577760E-01,7.644631E-02,0.000000E+00,0.000000E+00,0.000000E+00,0.000000E+00,0.000000E+00,0.000000E+00,0.000000E+00,0.000000E+00,2.110805E+01,7.994452E+01,2.388835E+01,6.482772E+01
00:59:00,8.010803E+03,8.637132E+02,5.577760E-01,7.627713E-02,0.000000E+00,0.000000E+00,0.000000E+00,0.000000E+00,0.000000E+00,0.000000E+00,0.000000E+00,0.000000E+00,2.110805E+01,7.994452E+01,2.388835E+01,6.484909E+01
01:00:00,8.010803E+03,8.618032E+02,5.577760E-01,7.610845E-02,0.000000E+00,0.000000E+00,0.000000E+00,0.000000E+00,0.000000E+00,0.000000E+00,0.000000E+00,0.000000E+00,2.110805E+01,7.994452E+01,2.388835E+01,6.487045E+01
01:01:00,8.010803E+03,8.599019E+02,5.577760E-01,7.594053E-02,0.000000E+00,0.000000E+00,0.000000E+00,0.000000E+00,0.000000E+00,0.000000E+00,0.000000E+00,0.000000E+00,2.110805E+01,7.994452E+01,2.388835E+01,6.489182E+01
01:02:00,8.010803E+03,8.580091E+02,5.577760E-01,7.577337E-02,0.000000E+00,0.000000E+00,0.000000E+00,0.000000E+00,0.000000E+00,0.000000E+00,0.000000E+00,0.000000E+00,2.110805E+01,7.994452E+01,2.388835E+01,6.491312E+01
01:03:00,8.010803E+03,8.561247E+02,5.577760E-01,7.560695E-02,0.000000E+00,0.000000E+00,0.000000E+00,0.000000E+00,0.000000E+00,0.000000E+00,0.000000E+00,0.000000E+00,2.110805E+01,7.994452E+01,2.388835E+01,6.493432E+01
01:04:00,8.010803E+03,8.542488E+02,5.577760E-01,7.544128E-02,0.000000E+00,0.000000E+00,0.000000E+00,0.000000E+00,0.000000E+00,0.000000E+00,0.000000E+00,0.000000E+00,2.110805E+01,7.994452E+01,2.388835E+01,6.495542E+01
01:05:00,8.010803E+03,8.523813E+02,5.577760E-01,7.527635E-02,0.000000E+00,0.000000E+00,0.000000E+00,0.000000E+00,0.000000E+00,0.000000E+00,0.000000E+00,0.000000E+00,2.110805E+01,7.994452E+01,2.388835E+01,6.497640E+01
01:06:00,8.010803E+03,8.505223E+02,5.577760E-01,7.511217E-02,0.000000E+00,0.000000E+00,0.000000E+00,0.000000E+00,0.000000E+00,0.000000E+00,0.000000E+00,0.000000E+00,2.110805E+01,7.994452E+01,2.388835E+01,6.499728E+01
01:07:00,8.010803E+03,8.486717E+02,5.577760E-01,7.494873E-02,0.000000E+00,0.000000E+00,0.000000E+00,0.000000E+00,0.000000E+00,0.000000E+00,0.000000E+00,0.000000E+00,2.110805E+01,7.994452E+01,2.388835E+01,6.501806E+01
01:08:00,8.010803E+03,8.468294E+02,5.577760E-01,7.478603E-02,0.000000E+00,0.000000E+00,0.000000E+00,0.000000E+00,0.000000E+00,0.000000E+00,0.000000E+00,0.000000E+00,2.110805E+01,7.994452E+01,2.388835E+01,6.503874E+01
01:09:00,8.010803E+03,8.449956E+02,5.577760E-01,7.462408E-02,0.000000E+00,0.000000E+00,0.000000E+00,0.000000E+00,0.000000E+00,0.000000E+00,0.000000E+00,0.000000E+00,2.110805E+01,7.994452E+01,2.388835E+01,6.505933E+01
01:10:00,8.010803E+03,8.431702E+02,5.577760E-01,7.446286E-02,0.000000E+00,0.000000E+00,0.000000E+00,0.000000E+00,0.000000E+00,0.000000E+00,0.000000E+00,0.000000E+00,2.110805E+01,7.994452E+01,2.388835E+01,6.507983E+01
01:11:00,8.010803E+03,8.413532E+02,5.577760E-01,7.430239E-02,0.000000E+00,0.000000E+00,0.000000E+00,0.000000E+00,0.000000E+00,0.000000E+00,0.000000E+00,0.000000E+00,2.110805E+01,7.994452E+01,2.388835E+01,6.510023E+01
01:12:00,8.010803E+03,8.395445E+02,5.577760E-01,7.414266E-02,0.000000E+00,0.000000E+00,0.000000E+00,0.000000E+00,0.000000E+00,0.000000E+00,0.000000E+00,0.000000E+00,2.110805E+01,7.994452E+01,2.388835E+01,6.512055E+01
01:13:00,8.010803E+03,8.377443E+02,5.577760E-01,7.398367E-02,0.000000E+00,0.000000E+00,0.000000E+00,0.000000E+00,0.000000E+00,0.000000E+00,0.000000E+00,0.000000E+00,2.110805E+01,7.994452E+01,2.388835E+01,6.514079E+01
01:14:00,8.010803E+03,8.359524E+02,5.577760E-01,7.382542E-02,0.000000E+00,0.000000E+00,0.000000E+00,0.000000E+00,0.000000E+00,0.000000E+00,0.000000E+00,0.000000E+00,2.110805E+01,7.994452E+01,2.388835E+01,6.516094E+01
01:15:00,8.010803E+03,8.341688E+02,5.577760E-01,7.366790E-02,0.000000E+00,0.000000E+00,0.000000E+00,0.000000E+00,0.000000E+00,0.000000E+00,0.000000E+00,0.000000E+00,2.110805E+01,7.994452E+01,2.388835E+01,6.518102E+01
01:16:00,8.010803E+03,8.323936E+02,5.577760E-01,7.351113E-02,0.000000E+00,0.000000E+00,0.000000E+00,0.000000E+00,0.000000E+00,0.000000E+00,0.000000E+00,0.000000E+00,2.110805E+01,7.994452E+01,2.388836E+01,6.520102E+01
01:17:00,8.010803E+03,8.306268E+02,5.577760E-01,7.335509E-02,0.000000E+00,0.000000E+00,0.000000E+00,0.000000E+00,0.000000E+00,0.000000E+00,0.000000E+00,0.000000E+00,2.110805E+01,7.994452E+01,2.388836E+01,6.522094E+01
01:18:00,8.010803E+03,8.288683E+02,5.577760E-01,7.319978E-02,0.000000E+00,0.000000E+00,0.000000E+00,0.000000E+00,0.000000E+00,0.000000E+00,0.000000E+00,0.000000E+00,2.110805E+01,7.994452E+01,2.388836E+01,6.524078E+01
01:19:00,8.010803E+03,8.271181E+02,5.577760E-01,7.304521E-02,0.000000E+00,0.000000E+00,0.000000E+00,0.000000E+00,0.000000E+00,0.000000E+00,0.000000E+00,0.000000E+00,2.110805E+01,7.994452E+01,2.388836E+01,6.526056E+01
01:20:00,8.010803E+03,8.253762E+02,5.577760E-01,7.289138E-02,0.000000E+00,0.000000E+00,0.000000E+00,0.000000E+00,0.000000E+00,0.000000E+00,0.000000E+00,0.000000E+00,2.110805E+01,7.994452E+01,2.388836E+01,6.528027E+01
01:21:00,8.010803E+03,8.236427E+02,5.577760E-01,7.273828E-02,0.000000E+00,0.000000E+00,0.000000E+00,0.000000E+00,0.000000E+00,0.000000E+00,0.000000E+00,0.000000E+00,2.110805E+01,7.994452E+01,2.388836E+01,6.529991E+01
01:22:00,8.010803E+03,8.219175E+02,5.577760E-01,7.258592E-02,0.000000E+00,0.000000E+00,0.000000E+00,0.000000E+00,0.000000E+00,0.000000E+00,0.000000E+00,0.000000E+00,2.110805E+01,7.994452E+01,2.388836E+01,6.531948E+01
01:23:00,8.010803E+03,8.202005E+02,5.577760E-01,7.243429E-02,0.000000E+00,0.000000E+00,0.000000E+00,0.000000E+00,0.000000E+00,0.000000E+00,0.000000E+00,0.000000E+00,2.110805E+01,7.994452E+01,2.388836E+01,6.533899E+01
01:24:00,8.010803E+03,8.184919E+02,5.577760E-01,7.228339E-02,0.000000E+00,0.000000E+00,0.000000E+00,0.000000E+00,0.000000E+00,0.000000E+00,0.000000E+00,0.000000E+00,2.110805E+01,7.994452E+01,2.388836E+01,6.535844E+01
01:25:00,8.010803E+03,8.167916E+02,5.577760E-01,7.213322E-02,0.000000E+00,0.000000E+00,0.000000E+00,0.000000E+00,0.000000E+00,0.000000E+00,0.000000E+00,0.000000E+00,2.110805E+01,7.994452E+01,2.388836E+01,6.537782E+01
01:26:00,8.010803E+03,8.150995E+02,5.577760E-01,7.198379E-02,0.000000E+00,0.000000E+00,0.000000E+00,0.000000E+00,0.000000E+00,0.000000E+00,0.000000E+00,0.000000E+00,2.110805E+01,7.994452E+01,2.388836E+01,6.539715E+01
01:27:00,8.010803E+03,8.134157E+02,5.577760E-01,7.183508E-02,0.000000E+00,0.000000E+00,0.000000E+00,0.000000E+00,0.000000E+00,0.000000E+00,0.000000E+00,0.000000E+00,2.110805E+01,7.994452E+01,2.388836E+01,6.541641E+01
01:28:00,8.010803E+03,8.117402E+02,5.577760E-01,7.168711E-02,0.000000E+00,0.000000E+00,0.000000E+00,0.000000E+00,0.000000E+00,0.000000E+00,0.000000E+00,0.000000E+00,2.110805E+01,7.994452E+01,2.388836E+01,6.543563E+01
01:29:00,8.010804E+03,8.100730E+02,5.577760E-01,7.153987E-02,0.000000E+00,0.000000E+00,0.000000E+00,0.000000E+00,0.000000E+00,0.000000E+00,0.000000E+00,0.000000E+00,2.110805E+01,7.994452E+01,2.388836E+01,6.545478E+01
01:30:00,8.010804E+03,8.084140E+02,5.577760E-01,7.139335E-02,0.000000E+00,0.000000E+00,0.000000E+00,0.000000E+00,0.000000E+00,0.000000E+00,0.000000E+00,0.000000E+00,2.110805E+01,7.994452E+01,2.388836E+01,6.547389E+01
01:31:00,8.010804E+03,8.067632E+02,5.577760E-01,7.124757E-02,0.000000E+00,0.000000E+00,0.000000E+00,0.000000E+00,0.000000E+00,0.000000E+00,0.000000E+00,0.000000E+00,2.110805E+01,7.994452E+01,2.388836E+01,6.549294E+01
01:32:00,8.010804E+03,8.051207E+02,5.577760E-01,7.110251E-02,0.000000E+00,0.000000E+00,0.000000E+00,0.000000E+00,0.000000E+00,0.000000E+00,0.000000E+00,0.000000E+00,2.110805E+01,7.994452E+01,2.388836E+01,6.551194E+01
01:33:00,8.010804E+03,8.034865E+02,5.577760E-01,7.095818E-02,0.000000E+00,0.000000E+00,0.000000E+00,0.000000E+00,0.000000E+00,0.000000E+00,0.000000E+00,0.000000E+00,2.110805E+01,7.994452E+01,2.388836E+01,6.553089E+01
01:34:00,8.010804E+03,8.018604E+02,5.577760E-01,7.081457E-02,0.000000E+00,0.000000E+00,0.000000E+00,0.000000E+00,0.000000E+00,0.000000E+00,0.000000E+00,0.000000E+00,2.110805E+01,7.994452E+01,2.388837E+01,6.554979E+01
01:35:00,8.010804E+03,8.002426E+02,5.577760E-01,7.067170E-02,0.000000E+00,0.000000E+00,0.000000E+00,0.000000E+00,0.000000E+00,0.000000E+00,0.000000E+00,0.000000E+00,2.110805E+01,7.994452E+01,2.388837E+01,6.556865E+01
01:36:00,8.010804E+03,7.986330E+02,5.577760E-01,7.052955E-02,0.000000E+00,0.000000E+00,0.000000E+00,0.000000E+00,0.000000E+00,0.000000E+00,0.000000E+00,0.000000E+00,2.110805E+01,7.994452E+01,2.388837E+01,6.558746E+01
01:37:00,8.010804E+03,7.970317E+02,5.577760E-01,7.038812E-02,0.000000E+00,0.000000E+00,0.000000E+00,0.000000E+00,0.000000E+00,0.000000E+00,0.000000E+00,0.000000E+00,2.110805E+01,7.994452E+01,2.388837E+01,6.560622E+01
01:38:00,8.010804E+03,7.954385E+02,5.577760E-01,7.024742E-02,0.000000E+00,0.000000E+00,0.000000E+00,0.000000E+00,0.000000E+00,0.000000E+00,0.000000E+00,0.000000E+00,2.110805E+01,7.994452E+01,2.388837E+01,6.562495E+01
01:39:00,8.010804E+03,7.938535E+02,5.577760E-01,7.010745E-02,0.000000E+00,0.000000E+00,0.000000E+00,0.000000E+00,0.000000E+00,0.000000E+00,0.000000E+00,0.000000E+00,2.110805E+01,7.994452E+01,2.388837E+01,6.564363E+01
01:40:00,8.010804E+03,7.922768E+02,5.577760E-01,6.996819E-02,0.000000E+00,0.000000E+00,0.000000E+00,0.000000E+00,0.000000E+00,0.000000E+00,0.000000E+00,0.000000E+00,2.110805E+01,7.994452E+01,2.388837E+01,6.566227E+01
01:41:00,8.010804E+03,7.907082E+02,5.577760E-01,6.982967E-02,0.000000E+00,0.000000E+00,0.000000E+00,0.000000E+00,0.000000E+00,0.000000E+00,0.000000E+00,0.000000E+00,2.110805E+01,7.994452E+01,2.388837E+01,6.568086E+01
01:42:00,8.010804E+03,7.891478E+02,5.577760E-01,6.969186E-02,0.000000E+00,0.000000E+00,0.000000E+00,0.000000E+00,0.000000E+00,0.000000E+00,0.000000E+00,0.000000E+00,2.110805E+01,7.994452E+01,2.388837E+01,6.569942E+01
01:43:00,8.010804E+03,7.875957E+02,5.577760E-01,6.955478E-02,0.000000E+00,0.000000E+00,0.000000E+00,0.000000E+00,0.000000E+00,0.000000E+00,0.000000E+00,0.000000E+00,2.110805E+01,7.994452E+01,2.388837E+01,6.571794E+01
01:44:00,8.010804E+03,7.860516E+02,5.577760E-01,6.941842E-02,0.000000E+00,0.000000E+00,0.000000E+00,0.000000E+00,0.000000E+00,0.000000E+00,0.000000E+00,0.000000E+00,2.110805E+01,7.994452E+01,2.388837E+01,6.573642E+01
01:45:00,8.010804E+03,7.845158E+02,5.577760E-01,6.928278E-02,0.000000E+00,0.000000E+00,0.000000E+00,0.000000E+00,0.000000E+00,0.000000E+00,0.000000E+00,0.000000E+00,2.110805E+01,7.994452E+01,2.388837E+01,6.575487E+01
01:46:00,8.010804E+03,7.829881E+02,5.577760E-01,6.914786E-02,0.000000E+00,0.000000E+00,0.000000E+00,0.000000E+00,0.000000E+00,0.000000E+00,0.000000E+00,0.000000E+00,2.110805E+01,7.994452E+01,2.388837E+01,6.577328E+01
01:47:00,8.010804E+03,7.814686E+02,5.577760E-01,6.901367E-02,0.000000E+00,0.000000E+00,0.000000E+00,0.000000E+00,0.000000E+00,0.000000E+00,0.000000E+00,0.000000E+00,2.110805E+01,7.994452E+01,2.388837E+01,6.579166E+01
01:48:00,8.010804E+03,7.799572E+02,5.577760E-01,6.888019E-02,0.000000E+00,0.000000E+00,0.000000E+00,0.000000E+00,0.000000E+00,0.000000E+00,0.000000E+00,0.000000E+00,2.110805E+01,7.994452E+01,2.388837E+01,6.581000E+01
01:49:00,8.010804E+03,7.784540E+02,5.577760E-01,6.874744E-02,0.000000E+00,0.000000E+00,0.000000E+00,0.000000E+00,0.000000E+00,0.000000E+00,0.000000E+00,0.000000E+00,2.110805E+01,7.994452E+01,2.388837E+01,6.582830E+01
01:50:00,8.010804E+03,7.769590E+02,5.577760E-01,6.861540E-02,0.000000E+00,0.000000E+00,0.000000E+00,0.000000E+00,0.000000E+00,0.000000E+00,0.000000E+00,0.000000E+00,2.110805E+01,7.994452E+01,2.388837E+01,6.584658E+01
01:51:00,8.010804E+03,7.754721E+02,5.577760E-01,6.848408E-02,0.000000E+00,0.000000E+00,0.000000E+00,0.000000E+00,0.000000E+00,0.000000E+00,0.000000E+00,0.000000E+00,2.110805E+01,7.994452E+01,2.388837E+01,6.586482E+01
01:52:00,8.010804E+03,7.739933E+02,5.577760E-01,6.835349E-02,0.000000E+00,0.000000E+00,0.000000E+00,0.000000E+00,0.000000E+00,0.000000E+00,0.000000E+00,0.000000E+00,2.110805E+01,7.994452E+01,2.388838E+01,6.588303E+01
01:53:00,8.010804E+03,7.725227E+02,5.577760E-01,6.822361E-02,0.000000E+00,0.000000E+00,0.000000E+00,0.000000E+00,0.000000E+00,0.000000E+00,0.000000E+00,0.000000E+00,2.110805E+01,7.994452E+01,2.388838E+01,6.590121E+01
01:54:00,8.010804E+03,7.710602E+02,5.577760E-01,6.809445E-02,0.000000E+00,0.000000E+00,0.000000E+00,0.000000E+00,0.000000E+00,0.000000E+00,0.000000E+00,0.000000E+00,2.110805E+01,7.994452E+01,2.388838E+01,6.591937E+01
01:55:00,8.010804E+03,7.696058E+02,5.577760E-01,6.796601E-02,0.000000E+00,0.000000E+00,0.000000E+00,0.000000E+00,0.000000E+00,0.000000E+00,0.000000E+00,0.000000E+00,2.110805E+01,7.994452E+01,2.388838E+01,6.593749E+01
01:56:00,8.010804E+03,7.681596E+02,5.577760E-01,6.783828E-02,0.000000E+00,0.000000E+00,0.000000E+00,0.000000E+00,0.000000E+00,0.000000E+00,0.000000E+00,0.000000E+00,2.110805E+01,7.994452E+01,2.388838E+01,6.595558E+01
01:57:00,8.010804E+03,7.667215E+02,5.577760E-01,6.771127E-02,0.000000E+00,0.000000E+00,0.000000E+00,0.000000E+00,0.000000E+00,0.000000E+00,0.000000E+00,0.000000E+00,2.110805E+01,7.994452E+01,2.388838E+01,6.597365E+01
01:58:00,8.010804E+03,7.652915E+02,5.577760E-01,6.758498E-02,0.000000E+00,0.000000E+00,0.000000E+00,0.000000E+00,0.000000E+00,0.000000E+00,0.000000E+00,0.000000E+00,2.110805E+01,7.994452E+01,2.388838E+01,6.599169E+01
01:59:00,8.010804E+03,7.638696E+02,5.577760E-01,6.745941E-02,0.000000E+00,0.000000E+00,0.000000E+00,0.000000E+00,0.000000E+00,0.000000E+00,0.000000E+00,0.000000E+00,2.110805E+01,7.994452E+01,2.388838E+01,6.600970E+01
02:00:00,8.010804E+03,7.624558E+02,5.577760E-01,6.733455E-02,0.000000E+00,0.000000E+00,0.000000E+00,0.000000E+00,0.000000E+00,0.000000E+00,0.000000E+00,0.000000E+00,2.110805E+01,7.994452E+01,2.388838E+01,6.602769E+01
02:01:00,8.010804E+03,7.610473E+02,5.577760E-01,6.721016E-02,0.000000E+00,0.000000E+00,0.000000E+00,0.000000E+00,0.000000E+00,0.000000E+00,0.000000E+00,0.000000E+00,2.110805E+01,7.994452E+01,2.388838E+01,6.604565E+01
02:02:00,8.010804E+03,7.596440E+02,5.577760E-01,6.708623E-02,0.000000E+00,0.000000E+00,0.000000E+00,0.000000E+00,0.000000E+00,0.000000E+00,0.000000E+00,0.000000E+00,2.110805E+01,7.994452E+01,2.388838E+01,6.606356E+01
02:03:00,8.010804E+03,7.582460E+02,5.577760E-01,6.696276E-02,0.000000E+00,0.000000E+00,0.000000E+00,0.000000E+00,0.000000E+00,0.000000E+00,0.000000E+00,0.000000E+00,2.110805E+01,7.994452E+01,2.388838E+01,6.608139E+01
02:04:00,8.010804E+03,7.568533E+02,5.577760E-01,6.683976E-02,0.000000E+00,0.000000E+00,0.000000E+00,0.000000E+00,0.000000E+00,0.000000E+00,0.000000E+00,0.000000E+00,2.110805E+01,7.994452E+01,2.388838E+01,6.609914E+01
02:05:00,8.010804E+03,7.554658E+02,5.577760E-01,6.671723E-02,0.000000E+00,0.000000E+00,0.000000E+00,0.000000E+00,0.000000E+00,0.000000E+00,0.000000E+00,0.000000E+00,2.110805E+01,7.994452E+01,2.388838E+01,6.611680E+01
02:06:00,8.010804E+03,7.540836E+02,5.577760E-01,6.659516E-02,0.000000E+00,0.000000E+00,0.000000E+00,0.000000E+00,0.000000E+00,0.000000E+00,0.000000E+00,0.000000E+00,2.110805E+01,7.994452E+01,2.388838E+01,6.613439E+01
02:07:00,8.010804E+03,7.527066E+02,5.577760E-01,6.647355E-02,0.000000E+00,0.000000E+00,0.000000E+00,0.000000E+00,0.000000E+00,0.000000E+00,0.000000E+00,0.000000E+00,2.110805E+01,7.994452E+01,2.388838E+01,6.615191E+01
02:08:00,8.010804E+03,7.513349E+02,5.577760E-01,6.635241E-02,0.000000E+00,0.000000E+00,0.000000E+00,0.000000E+00,0.000000E+00,0.000000E+00,0.000000E+00,0.000000E+00,2.110805E+01,7.994452E+01,2.388838E+01,6.616936E+01
02:09:00,8.010804E+03,7.499684E+02,5.577760E-01,6.623173E-02,0.000000E+00,0.000000E+00,0.000000E+00,0.000000E+00,0.000000E+00,0.000000E+00,0.000000E+00,0.000000E+00,2.110805E+01,7.994452E+01,2.388838E+01,6.618673E+01
02:10:00,8.010804E+03,7.486072E+02,5.577760E-01,6.611151E-02,0.000000E+00,0.000000E+00,0.000000E+00,0.000000E+00,0.000000E+00,0.000000E+00,0.000000E+00,0.000000E+00,2.110805E+01,7.994452E+01,2.388838E+01,6.620403E+01
02:11:00,8.010804E+03,7.472512E+02,5.577760E-01,6.599175E-02,0.000000E+00,0.000000E+00,0.000000E+00,0.000000E+00,0.000000E+00,0.000000E+00,0.000000E+00,0.000000E+00,2.110805E+01,7.994452E+01,2.388838E+01,6.622127E+01
02:12:00,8.010804E+03,7.459004E+02,5.577760E-01,6.587246E-02,0.000000E+00,0.000000E+00,0.000000E+00,0.000000E+00,0.000000E+00,0.000000E+00,0.000000E+00,0.000000E+00,2.110805E+01,7.994452E+01,2.388839E+01,6.623844E+01
02:13:00,8.010804E+03,7.445549E+02,5.577760E-01,6.575363E-02,0.000000E+00,0.000000E+00,0.000000E+00,0.000000E+00,0.000000E+00,0.000000E+00,0.000000E+00,0.000000E+00,2.110805E+01,7.994452E+01,2.388839E+01,6.625554E+01
02:14:00,8.010804E+03,7.432146E+02,5.577760E-01,6.563526E-02,0.000000E+00,0.000000E+00,0.000000E+00,0.000000E+00,0.000000E+00,0.000000E+00,0.000000E+00,0.000000E+00,2.110805E+01,7.994452E+01,2.388839E+01,6.627258E+01
02:15:00,8.010804E+03,7.418796E+02,5.577760E-01,6.551736E-02,0.000000E+00,0.000000E+00,0.000000E+00,0.000000E+00,0.000000E+00,0.000000E+00,0.000000E+00,0.000000E+00,2.110805E+01,7.994452E+01,2.388839E+01,6.628956E+01
02:16:00,8.010804E+03,7.405497E+02,5.577760E-01,6.539991E-02,0.000000E+00,0.000000E+00,0.000000E+00,0.000000E+00,0.000000E+00,0.000000E+00,0.000000E+00,0.000000E+00,2.110805E+01,7.994452E+01,2.388839E+01,6.630648E+01
02:17:00,8.010804E+03,7.392251E+02,5.577760E-01,6.528293E-02,0.000000E+00,0.000000E+00,0.000000E+00,0.000000E+00,0.000000E+00,0.000000E+00,0.000000E+00,0.000000E+00,2.110805E+01,7.994452E+01,2.388839E+01,6.632334E+01
02:18:00,8.010804E+03,7.379057E+02,5.577760E-01,6.516641E-02,0.000000E+00,0.000000E+00,0.000000E+00,0.000000E+00,0.000000E+00,0.000000E+00,0.000000E+00,0.000000E+00,2.110805E+01,7.994452E+01,2.388839E+01,6.634014E+01
02:19:00,8.010804E+03,7.365915E+02,5.577760E-01,6.505035E-02,0.000000E+00,0.000000E+00,0.000000E+00,0.000000E+00,0.000000E+00,0.000000E+00,0.000000E+00,0.000000E+00,2.110805E+01,7.994452E+01,2.388839E+01,6.635688E+01
02:20:00,8.010804E+03,7.352826E+02,5.577760E-01,6.493475E-02,0.000000E+00,0.000000E+00,0.000000E+00,0.000000E+00,0.000000E+00,0.000000E+00,0.000000E+00,0.000000E+00,2.110805E+01,7.994452E+01,2.388839E+01,6.637357E+01
02:21:00,8.010804E+03,7.339788E+02,5.577760E-01,6.481961E-02,0.000000E+00,0.000000E+00,0.000000E+00,0.000000E+00,0.000000E+00,0.000000E+00,0.000000E+00,0.000000E+00,2.110805E+01,7.994452E+01,2.388839E+01,6.639021E+01
02:22:00,8.010804E+03,7.326803E+02,5.577760E-01,6.470493E-02,0.000000E+00,0.000000E+00,0.000000E+00,0.000000E+00,0.000000E+00,0.000000E+00,0.000000E+00,0.000000E+00,2.110805E+01,7.994452E+01,2.388839E+01,6.640678E+01
02:23:00,8.010804E+03,7.313870E+02,5.577760E-01,6.459071E-02,0.000000E+00,0.000000E+00,0.000000E+00,0.000000E+00,0.000000E+00,0.000000E+00,0.000000E+00,0.000000E+00,2.110805E+01,7.994452E+01,2.388839E+01,6.642331E+01
02:24:00,8.010804E+03,7.300989E+02,5.577760E-01,6.447695E-02,0.000000E+00,0.000000E+00,0.000000E+00,0.000000E+00,0.000000E+00,0.000000E+00,0.000000E+00,0.000000E+00,2.110805E+01,7.994452E+01,2.388839E+01,6.643979E+01
02:25:00,8.010804E+03,7.288161E+02,5.577760E-01,6.436366E-02,0.000000E+00,0.000000E+00,0.000000E+00,0.000000E+00,0.000000E+00,0.000000E+00,0.000000E+00,0.000000E+00,2.110805E+01,7.994452E+01,2.388839E+01,6.645622E+01
02:26:00,8.010804E+03,7.275384E+02,5.577760E-01,6.425082E-02,0.000000E+00,0.000000E+00,0.000000E+00,0.000000E+00,0.000000E+00,0.000000E+00,0.000000E+00,0.000000E+00,2.110805E+01,7.994452E+01,2.388839E+01,6.647259E+01
02:27:00,8.010804E+03,7.262660E+02,5.577760E-01,6.413844E-02,0.000000E+00,0.000000E+00,0.000000E+00,0.000000E+00,0.000000E+00,0.000000E+00,0.000000E+00,0.000000E+00,2.110805E+01,7.994452E+01,2.388839E+01,6.648892E+01
02:28:00,8.010804E+03,7.249988E+02,5.577760E-01,6.402653E-02,0.000000E+00,0.000000E+00,0.000000E+00,0.000000E+00,0.000000E+00,0.000000E+00,0.000000E+00,0.000000E+00,2.110805E+01,7.994452E+01,2.388839E+01,6.650520E+01
02:29:00,8.010804E+03,7.237367E+02,5.577760E-01,6.391508E-02,0.000000E+00,0.000000E+00,0.000000E+00,0.000000E+00,0.000000E+00,0.000000E+00,0.000000E+00,0.000000E+00,2.110805E+01,7.994452E+01,2.388839E+01,6.652144E+01
02:30:00,8.010804E+03,7.224799E+02,5.577760E-01,6.380408E-02,0.000000E+00,0.000000E+00,0.000000E+00,0.000000E+00,0.000000E+00,0.000000E+00,0.000000E+00,0.000000E+00,2.110805E+01,7.994452E+01,2.388839E+01,6.653763E+01
02:31:00,8.010804E+03,7.212284E+02,5.577760E-01,6.369355E-02,0.000000E+00,0.000000E+00,0.000000E+00,0.000000E+00,0.000000E+00,0.000000E+00,0.000000E+00,0.000000E+00,2.110805E+01,7.994452E+01,2.388839E+01,6.655377E+01
02:32:00,8.010804E+03,7.199820E+02,5.577760E-01,6.358348E-02,0.000000E+00,0.000000E+00,0.000000E+00,0.000000E+00,0.000000E+00,0.000000E+00,0.000000E+00,0.000000E+00,2.110805E+01,7.994452E+01,2.388839E+01,6.656987E+01
02:33:00,8.010804E+03,7.187409E+02,5.577760E-01,6.347387E-02,0.000000E+00,0.000000E+00,0.000000E+00,0.000000E+00,0.000000E+00,0.000000E+00,0.000000E+00,0.000000E+00,2.110805E+01,7.994452E+01,2.388839E+01,6.658593E+01
02:34:00,8.010804E+03,7.175050E+02,5.577760E-01,6.336472E-02,0.000000E+00,0.000000E+00,0.000000E+00,0.000000E+00,0.000000E+00,0.000000E+00,0.000000E+00,0.000000E+00,2.110805E+01,7.994452E+01,2.388840E+01,6.660194E+01
02:35:00,8.010804E+03,7.162743E+02,5.577760E-01,6.325603E-02,0.000000E+00,0.000000E+00,0.000000E+00,0.000000E+00,0.000000E+00,0.000000E+00,0.000000E+00,0.000000E+00,2.110805E+01,7.994452E+01,2.388840E+01,6.661791E+01
02:36:00,8.010804E+03,7.150488E+02,5.577760E-01,6.314780E-02,0.000000E+00,0.000000E+00,0.000000E+00,0.000000E+00,0.000000E+00,0.000000E+00,0.000000E+00,0.000000E+00,2.110805E+01,7.994452E+01,2.388840E+01,6.663385E+01
02:37:00,8.010804E+03,7.138286E+02,5.577760E-01,6.304004E-02,0.000000E+00,0.000000E+00,0.000000E+00,0.000000E+00,0.000000E+00,0.000000E+00,0.000000E+00,0.000000E+00,2.110805E+01,7.994452E+01,2.388840E+01,6.664974E+01
02:38:00,8.010804E+03,7.126136E+02,5.577760E-01,6.293274E-02,0.000000E+00,0.000000E+00,0.000000E+00,0.000000E+00,0.000000E+00,0.000000E+00,0.000000E+00,0.000000E+00,2.110805E+01,7.994452E+01,2.388840E+01,6.666559E+01
02:39:00,8.010804E+03,7.114039E+02,5.577760E-01,6.282590E-02,0.000000E+00,0.000000E+00,0.000000E+00,0.000000E+00,0.000000E+00,0.000000E+00,0.000000E+00,0.000000E+00,2.110805E+01,7.994452E+01,2.388840E+01,6.668140E+01
02:40:00,8.010804E+03,7.101995E+02,5.577760E-01,6.271953E-02,0.000000E+00,0.000000E+00,0.000000E+00,0.000000E+00,0.000000E+00,0.000000E+00,0.000000E+00,0.000000E+00,2.110805E+01,7.994452E+01,2.388840E+01,6.669717E+01
02:41:00,8.010804E+03,7.090003E+02,5.577760E-01,6.261363E-02,0.000000E+00,0.000000E+00,0.000000E+00,0.000000E+00,0.000000E+00,0.000000E+00,0.000000E+00,0.000000E+00,2.110805E+01,7.994452E+01,2.388840E+01,6.671290E+01
02:42:00,8.010804E+03,7.078063E+02,5.577760E-01,6.250818E-02,0.000000E+00,0.000000E+00,0.000000E+00,0.000000E+00,0.000000E+00,0.000000E+00,0.000000E+00,0.000000E+00,2.110805E+01,7.994452E+01,2.388840E+01,6.672860E+01
02:43:00,8.010804E+03,7.066176E+02,5.577760E-01,6.240320E-02,0.000000E+00,0.000000E+00,0.000000E+00,0.000000E+00,0.000000E+00,0.000000E+00,0.000000E+00,0.000000E+00,2.110805E+01,7.994452E+01,2.388840E+01,6.674426E+01
02:44:00,8.010804E+03,7.054342E+02,5.577760E-01,6.229869E-02,0.000000E+00,0.000000E+00,0.000000E+00,0.000000E+00,0.000000E+00,0.000000E+00,0.000000E+00,0.000000E+00,2.110805E+01,7.994452E+01,2.388840E+01,6.675988E+01
02:45:00,8.010804E+03,7.042559E+02,5.577760E-01,6.219463E-02,0.000000E+00,0.000000E+00,0.000000E+00,0.000000E+00,0.000000E+00,0.000000E+00,0.000000E+00,0.000000E+00,2.110805E+01,7.994452E+01,2.388840E+01,6.677546E+01
02:46:00,8.010804E+03,7.030829E+02,5.577760E-01,6.209104E-02,0.000000E+00,0.000000E+00,0.000000E+00,0.000000E+00,0.000000E+00,0.000000E+00,0.000000E+00,0.000000E+00,2.110805E+01,7.994452E+01,2.388840E+01,6.679102E+01
02:47:00,8.010804E+03,7.019152E+02,5.577760E-01,6.198790E-02,0.000000E+00,0.000000E+00,0.000000E+00,0.000000E+00,0.000000E+00,0.000000E+00,0.000000E+00,0.000000E+00,2.110805E+01,7.994452E+01,2.388840E+01,6.680653E+01
02:48:00,8.010804E+03,7.007526E+02,5.577760E-01,6.188523E-02,0.000000E+00,0.000000E+00,0.000000E+00,0.000000E+00,0.000000E+00,0.000000E+00,0.000000E+00,0.000000E+00,2.110805E+01,7.994452E+01,2.388840E+01,6.682201E+01
02:49:00,8.010804E+03,6.995952E+02,5.577760E-01,6.178302E-02,0.000000E+00,0.000000E+00,0.000000E+00,0.000000E+00,0.000000E+00,0.000000E+00,0.000000E+00,0.000000E+00,2.110805E+01,7.994452E+01,2.388840E+01,6.683746E+01
02:50:00,8.010804E+03,6.984431E+02,5.577760E-01,6.168127E-02,0.000000E+00,0.000000E+00,0.000000E+00,0.000000E+00,0.000000E+00,0.000000E+00,0.000000E+00,0.000000E+00,2.110805E+01,7.994452E+01,2.388840E+01,6.685288E+01
02:51:00,8.010804E+03,6.972962E+02,5.577760E-01,6.157998E-02,0.000000E+00,0.000000E+00,0.000000E+00,0.000000E+00,0.000000E+00,0.000000E+00,0.000000E+00,0.000000E+00,2.110805E+01,7.994452E+01,2.388840E+01,6.686826E+01
02:52:00,8.010804E+03,6.961545E+02,5.577760E-01,6.147915E-02,0.000000E+00,0.000000E+00,0.000000E+00,0.000000E+00,0.000000E+00,0.000000E+00,0.000000E+00,0.000000E+00,2.110805E+01,7.994452E+01,2.388840E+01,6.688362E+01
02:53:00,8.010804E+03,6.950180E+02,5.577760E-01,6.137879E-02,0.000000E+00,0.000000E+00,0.000000E+00,0.000000E+00,0.000000E+00,0.000000E+00,0.000000E+00,0.000000E+00,2.110805E+01,7.994452E+01,2.388840E+01,6.689894E+01
02:54:00,8.010804E+03,6.938868E+02,5.577760E-01,6.127888E-02,0.000000E+00,0.000000E+00,0.000000E+00,0.000000E+00,0.000000E+00,0.000000E+00,0.000000E+00,0.000000E+00,2.110805E+01,7.994452E+01,2.388840E+01,6.691423E+01
02:55:00,8.010804E+03,6.927608E+02,5.577760E-01,6.117944E-02,0.000000E+00,0.000000E+00,0.000000E+00,0.000000E+00,0.000000E+00,0.000000E+00,0.000000E+00,0.000000E+00,2.110805E+01,7.994452E+01,2.388840E+01,6.692949E+01
02:56:00,8.010804E+03,6.916400E+02,5.577760E-01,6.108045E-02,0.000000E+00,0.000000E+00,0.000000E+00,0.000000E+00,0.000000E+00,0.000000E+00,0.000000E+00,0.000000E+00,2.110805E+01,7.994452E+01,2.388841E+01,6.694472E+01
02:57:00,8.010804E+03,6.905244E+02,5.577760E-01,6.098193E-02,0.000000E+00,0.000000E+00,0.000000E+00,0.000000E+00,0.000000E+00,0.000000E+00,0.000000E+00,0.000000E+00,2.110805E+01,7.994452E+01,2.388841E+01,6.695992E+01
02:58:00,8.010804E+03,6.894141E+02,5.577760E-01,6.088388E-02,0.000000E+00,0.000000E+00,0.000000E+00,0.000000E+00,0.000000E+00,0.000000E+00,0.000000E+00,0.000000E+00,2.110805E+01,7.994452E+01,2.388841E+01,6.697509E+01
02:59:00,8.010804E+03,6.883090E+02,5.577760E-01,6.078628E-02,0.000000E+00,0.000000E+00,0.000000E+00,0.000000E+00,0.000000E+00,0.000000E+00,0.000000E+00,0.000000E+00,2.110805E+01,7.994452E+01,2.388841E+01,6.699023E+01
03:00:00,8.010804E+03,6.872092E+02,5.577760E-01,6.068915E-02,0.000000E+00,0.000000E+00,0.000000E+00,0.000000E+00,0.000000E+00,0.000000E+00,0.000000E+00,0.000000E+00,2.110805E+01,7.994452E+01,2.388841E+01,6.700534E+01
03:01:00,8.010804E+03,6.861117E+02,5.577760E-01,6.059223E-02,0.000000E+00,0.000000E+00,0.000000E+00,0.000000E+00,0.000000E+00,0.000000E+00,0.000000E+00,0.000000E+00,2.110805E+01,7.994452E+01,2.388841E+01,6.702042E+01
03:02:00,8.010804E+03,6.850168E+02,5.577760E-01,6.049553E-02,0.000000E+00,0.000000E+00,0.000000E+00,0.000000E+00,0.000000E+00,0.000000E+00,0.000000E+00,0.000000E+00,2.110805E+01,7.994452E+01,2.388841E+01,6.703547E+01
03:03:00,8.010804E+03,6.839242E+02,5.577760E-01,6.039904E-02,0.000000E+00,0.000000E+00,0.000000E+00,0.000000E+00,0.000000E+00,0.000000E+00,0.000000E+00,0.000000E+00,2.110805E+01,7.994452E+01,2.388841E+01,6.705050E+01
03:04:00,8.010804E+03,6.828342E+02,5.577760E-01,6.030277E-02,0.000000E+00,0.000000E+00,0.000000E+00,0.000000E+00,0.000000E+00,0.000000E+00,0.000000E+00,0.000000E+00,2.110805E+01,7.994452E+01,2.388841E+01,6.706549E+01
03:05:00,8.010804E+03,6.817466E+02,5.577760E-01,6.020672E-02,0.000000E+00,0.000000E+00,0.000000E+00,0.000000E+00,0.000000E+00,0.000000E+00,0.000000E+00,0.000000E+00,2.110805E+01,7.994452E+01,2.388841E+01,6.708046E+01
03:06:00,8.010804E+03,6.806616E+02,5.577760E-01,6.011090E-02,0.000000E+00,0.000000E+00,0.000000E+00,0.000000E+00,0.000000E+00,0.000000E+00,0.000000E+00,0.000000E+00,2.110805E+01,7.994452E+01,2.388841E+01,6.709540E+01
03:07:00,8.010804E+03,6.795792E+02,5.577760E-01,6.001531E-02,0.000000E+00,0.000000E+00,0.000000E+00,0.000000E+00,0.000000E+00,0.000000E+00,0.000000E+00,0.000000E+00,2.110805E+01,7.994452E+01,2.388841E+01,6.711031E+01
03:08:00,8.010804E+03,6.784992E+02,5.577760E-01,5.991993E-02,0.000000E+00,0.000000E+00,0.000000E+00,0.000000E+00,0.000000E+00,0.000000E+00,0.000000E+00,0.000000E+00,2.110805E+01,7.994452E+01,2.388841E+01,6.712519E+01
03:09:00,8.010804E+03,6.774218E+02,5.577760E-01,5.982478E-02,0.000000E+00,0.000000E+00,0.000000E+00,0.000000E+00,0.000000E+00,0.000000E+00,0.000000E+00,0.000000E+00,2.110805E+01,7.994452E+01,2.388841E+01,6.714004E+01
03:10:00,8.010804E+03,6.763468E+02,5.577760E-01,5.972984E-02,0.000000E+00,0.000000E+00,0.000000E+00,0.000000E+00,0.000000E+00,0.000000E+00,0.000000E+00,0.000000E+00,2.110805E+01,7.994452E+01,2.388841E+01,6.715486E+01
03:11:00,8.010804E+03,6.752742E+02,5.577760E-01,5.963511E-02,0.000000E+00,0.000000E+00,0.000000E+00,0.000000E+00,0.000000E+00,0.000000E+00,0.000000E+00,0.000000E+00,2.110805E+01,7.994452E+01,2.388841E+01,6.716966E+01
03:12:00,8.010804E+03,6.742040E+02,5.577760E-01,5.954060E-02,0.000000E+00,0.000000E+00,0.000000E+00,0.000000E+00,0.000000E+00,0.000000E+00,0.000000E+00,0.000000E+00,2.110805E+01,7.994452E+01,2.388841E+01,6.718443E+01
03:13:00,8.010804E+03,6.731362E+02,5.577760E-01,5.944630E-02,0.000000E+00,0.000000E+00,0.000000E+00,0.000000E+00,0.000000E+00,0.000000E+00,0.000000E+00,0.000000E+00,2.110805E+01,7.994452E+01,2.388841E+01,6.719917E+01
03:14:00,8.010804E+03,6.720708E+02,5.577760E-01,5.935221E-02,0.000000E+00,0.000000E+00,0.000000E+00,0.000000E+00,0.000000E+00,0.000000E+00,0.000000E+00,0.000000E+00,2.110805E+01,7.994452E+01,2.388841E+01,6.721389E+01
03:15:00,8.010804E+03,6.710078E+02,5.577760E-01,5.925833E-02,0.000000E+00,0.000000E+00,0.000000E+00,0.000000E+00,0.000000E+00,0.000000E+00,0.000000E+00,0.000000E+00,2.110805E+01,7.994452E+01,2.388841E+01,6.722859E+01
03:16:00,8.010804E+03,6.699471E+02,5.577760E-01,5.916465E-02,0.000000E+00,0.000000E+00,0.000000E+00,0.000000E+00,0.000000E+00,0.000000E+00,0.000000E+00,0.000000E+00,2.110805E+01,7.994452E+01,2.388841E+01,6.724326E+01
03:17:00,8.010804E+03,6.688888E+02,5.577760E-01,5.907119E-02,0.000000E+00,0.000000E+00,0.000000E+00,0.000000E+00,0.000000E+00,0.000000E+00,0.000000E+00,0.000000E+00,2.110805E+01,7.994452E+01,2.388841E+01,6.725791E+01
03:18:00,8.010804E+03,6.678329E+02,5.577760E-01,5.897794E-02,0.000000E+00,0.000000E+00,0.000000E+00,0.000000E+00,0.000000E+00,0.000000E+00,0.000000E+00,0.000000E+00,2.110805E+01,7.994452E+01,2.388842E+01,6.727253E+01
03:19:00,8.010804E+03,6.667793E+02,5.577760E-01,5.888489E-02,0.000000E+00,0.000000E+00,0.000000E+00,0.000000E+00,0.000000E+00,0.000000E+00,0.000000E+00,0.000000E+00,2.110805E+01,7.994452E+01,2.388842E+01,6.728713E+01
03:20:00,8.010804E+03,6.657281E+02,5.577760E-01,5.879205E-02,0.000000E+00,0.000000E+00,0.000000E+00,0.000000E+00,0.000000E+00,0.000000E+00,0.000000E+00,0.000000E+00,2.110805E+01,7.994452E+01,2.388842E+01,6.730171E+01
03:21:00,8.010804E+03,6.646792E+02,5.577760E-01,5.869942E-02,0.000000E+00,0.000000E+00,0.000000E+00,0.000000E+00,0.000000E+00,0.000000E+00,0.000000E+00,0.000000E+00,2.110805E+01,7.994452E+01,2.388842E+01,6.731627E+01
03:22:00,8.010804E+03,6.636326E+02,5.577760E-01,5.860699E-02,0.000000E+00,0.000000E+00,0.000000E+00,0.000000E+00,0.000000E+00,0.000000E+00,0.000000E+00,0.000000E+00,2.110805E+01,7.994452E+01,2.388842E+01,6.733080E+01
03:23:00,8.010804E+03,6.625884E+02,5.577760E-01,5.851477E-02,0.000000E+00,0.000000E+00,0.000000E+00,0.000000E+00,0.000000E+00,0.000000E+00,0.000000E+00,0.000000E+00,2.110805E+01,7.994452E+01,2.388842E+01,6.734531E+01
03:24:00,8.010804E+03,6.615465E+02,5.577760E-01,5.842276E-02,0.000000E+00,0.000000E+00,0.000000E+00,0.000000E+00,0.000000E+00,0.000000E+00,0.000000E+00,0.000000E+00,2.110805E+01,7.994452E+01,2.388842E+01,6.735980E+01
03:25:00,8.010804E+03,6.605069E+02,5.577760E-01,5.833095E-02,0.000000E+00,0.000000E+00,0.000000E+00,0.000000E+00,0.000000E+00,0.000000E+00,0.000000E+00,0.000000E+00,2.110805E+01,7.994452E+01,2.388842E+01,6.737427E+01
03:26:00,8.010804E+03,6.594697E+02,5.577760E-01,5.823934E-02,0.000000E+00,0.000000E+00,0.000000E+00,0.000000E+00,0.000000E+00,0.000000E+00,0.000000E+00,0.000000E+00,2.110805E+01,7.994452E+01,2.388842E+01,6.738871E+01
03:27:00,8.010804E+03,6.584347E+02,5.577760E-01,5.814794E-02,0.000000E+00,0.000000E+00,0.000000E+00,0.000000E+00,0.000000E+00,0.000000E+00,0.000000E+00,0.000000E+00,2.110805E+01,7.994452E+01,2.388842E+01,6.740313E+01
03:28:00,8.010804E+03,6.574020E+02,5.577760E-01,5.805674E-02,0.000000E+00,0.000000E+00,0.000000E+00,0.000000E+00,0.000000E+00,0.000000E+00,0.000000E+00,0.000000E+00,2.110805E+01,7.994452E+01,2.388842E+01,6.741754E+01
03:29:00,8.010804E+03,6.563717E+02,5.577760E-01,5.796574E-02,0.000000E+00,0.000000E+00,0.000000E+00,0.000000E+00,0.000000E+00,0.000000E+00,0.000000E+00,0.000000E+00,2.110805E+01,7.994452E+01,2.388842E+01,6.743192E+01
03:30:00,8.010804E+03,6.553436E+02,5.577760E-01,5.787495E-02,0.000000E+00,0.000000E+00,0.000000E+00,0.000000E+00,0.000000E+00,0.000000E+00,0.000000E+00,0.000000E+00,2.110805E+01,7.994452E+01,2.388842E+01,6.744628E+01
03:31:00,8.010804E+03,6.543178E+02,5.577760E-01,5.778436E-02,0.000000E+00,0.000000E+00,0.000000E+00,0.000000E+00,0.000000E+00,0.000000E+00,0.000000E+00,0.000000E+00,2.110805E+01,7.994452E+01,2.388842E+01,6.746062E+01
03:32:00,8.010804E+03,6.532944E+02,5.577760E-01,5.769397E-02,0.000000E+00,0.000000E+00,0.000000E+00,0.000000E+00,0.000000E+00,0.000000E+00,0.000000E+00,0.000000E+00,2.110805E+01,7.994452E+01,2.388842E+01,6.747494E+01
03:33:00,8.010804E+03,6.522732E+02,5.577760E-01,5.760379E-02,0.000000E+00,0.000000E+00,0.000000E+00,0.000000E+00,0.000000E+00,0.000000E+00,0.000000E+00,0.000000E+00,2.110805E+01,7.994452E+01,2.388842E+01,6.748924E+01
03:34:00,8.010804E+03,6.512543E+02,5.577760E-01,5.751381E-02,0.000000E+00,0.000000E+00,0.000000E+00,0.000000E+00,0.000000E+00,0.000000E+00,0.000000E+00,0.000000E+00,2.110805E+01,7.994452E+01,2.388842E+01,6.750351E+01
03:35:00,8.010804E+03,6.502378E+02,5.577760E-01,5.742403E-02,0.000000E+00,0.000000E+00,0.000000E+00,0.000000E+00,0.000000E+00,0.000000E+00,0.000000E+00,0.000000E+00,2.110805E+01,7.994452E+01,2.388842E+01,6.751777E+01
03:36:00,8.010804E+03,6.492235E+02,5.577760E-01,5.733445E-02,0.000000E+00,0.000000E+00,0.000000E+00,0.000000E+00,0.000000E+00,0.000000E+00,0.000000E+00,0.000000E+00,2.110805E+01,7.994452E+01,2.388842E+01,6.753201E+01
03:37:00,8.010804E+03,6.482115E+02,5.577760E-01,5.724508E-02,0.000000E+00,0.000000E+00,0.000000E+00,0.000000E+00,0.000000E+00,0.000000E+00,0.000000E+00,0.000000E+00,2.110805E+01,7.994452E+01,2.388842E+01,6.754622E+01
03:38:00,8.010804E+03,6.472018E+02,5.577760E-01,5.715591E-02,0.000000E+00,0.000000E+00,0.000000E+00,0.000000E+00,0.000000E+00,0.000000E+00,0.000000E+00,0.000000E+00,2.110805E+01,7.994452E+01,2.388842E+01,6.756041E+01
03:39:00,8.010804E+03,6.461945E+02,5.577760E-01,5.706695E-02,0.000000E+00,0.000000E+00,0.000000E+00,0.000000E+00,0.000000E+00,0.000000E+00,0.000000E+00,0.000000E+00,2.110805E+01,7.994452E+01,2.388842E+01,6.757458E+01
03:40:00,8.010804E+03,6.451894E+02,5.577760E-01,5.697818E-02,0.000000E+00,0.000000E+00,0.000000E+00,0.000000E+00,0.000000E+00,0.000000E+00,0.000000E+00,0.000000E+00,2.110805E+01,7.994452E+01,2.388842E+01,6.758874E+01
03:41:00,8.010804E+03,6.441866E+02,5.577760E-01,5.688962E-02,0.000000E+00,0.000000E+00,0.000000E+00,0.000000E+00,0.000000E+00,0.000000E+00,0.000000E+00,0.000000E+00,2.110805E+01,7.994452E+01,2.388843E+01,6.760286E+01
03:42:00,8.010804E+03,6.431862E+02,5.577760E-01,5.680127E-02,0.000000E+00,0.000000E+00,0.000000E+00,0.000000E+00,0.000000E+00,0.000000E+00,0.000000E+00,0.000000E+00,2.110805E+01,7.994452E+01,2.388843E+01,6.761697E+01
03:43:00,8.010804E+03,6.421881E+02,5.577760E-01,5.671313E-02,0.000000E+00,0.000000E+00,0.000000E+00,0.000000E+00,0.000000E+00,0.000000E+00,0.000000E+00,0.000000E+00,2.110805E+01,7.994452E+01,2.388843E+01,6.763105E+01
03:44:00,8.010804E+03,6.411925E+02,5.577760E-01,5.662520E-02,0.000000E+00,0.000000E+00,0.000000E+00,0.000000E+00,0.000000E+00,0.000000E+00,0.000000E+00,0.000000E+00,2.110805E+01,7.994452E+01,2.388843E+01,6.764512E+01
03:45:00,8.010804E+03,6.401992E+02,5.577760E-01,5.653748E-02,0.000000E+00,0.000000E+00,0.000000E+00,0.000000E+00,0.000000E+00,0.000000E+00,0.000000E+00,0.000000E+00,2.110805E+01,7.994452E+01,2.388843E+01,6.765916E+01
03:46:00,8.010804E+03,6.392084E+02,5.577760E-01,5.644998E-02,0.000000E+00,0.000000E+00,0.000000E+00,0.000000E+00,0.000000E+00,0.000000E+00,0.000000E+00,0.000000E+00,2.110805E+01,7.994452E+01,2.388843E+01,6.767318E+01
03:47:00,8.010804E+03,6.382202E+02,5.577760E-01,5.636270E-02,0.000000E+00,0.000000E+00,0.000000E+00,0.000000E+00,0.000000E+00,0.000000E+00,0.000000E+00,0.000000E+00,2.110805E+01,7.994452E+01,2.388843E+01,6.768717E+01
03:48:00,8.010804E+03,6.372344E+02,5.577760E-01,5.627564E-02,0.000000E+00,0.000000E+00,0.000000E+00,0.000000E+00,0.000000E+00,0.000000E+00,0.000000E+00,0.000000E+00,2.110805E+01,7.994452E+01,2.388843E+01,6.770114E+01
03:49:00,8.010804E+03,6.362512E+02,5.577760E-01,5.618881E-02,0.000000E+00,0.000000E+00,0.000000E+00,0.000000E+00,0.000000E+00,0.000000E+00,0.000000E+00,0.000000E+00,2.110805E+01,7.994452E+01,2.388843E+01,6.771508E+01
03:50:00,8.010804E+03,6.352706E+02,5.577760E-01,5.610221E-02,0.000000E+00,0.000000E+00,0.000000E+00,0.000000E+00,0.000000E+00,0.000000E+00,0.000000E+00,0.000000E+00,2.110805E+01,7.994452E+01,2.388843E+01,6.772900E+01
03:51:00,8.010804E+03,6.342928E+02,5.577760E-01,5.601586E-02,0.000000E+00,0.000000E+00,0.000000E+00,0.000000E+00,0.000000E+00,0.000000E+00,0.000000E+00,0.000000E+00,2.110805E+01,7.994452E+01,2.388843E+01,6.774289E+01
03:52:00,8.010804E+03,6.333178E+02,5.577760E-01,5.592975E-02,0.000000E+00,0.000000E+00,0.000000E+00,0.000000E+00,0.000000E+00,0.000000E+00,0.000000E+00,0.000000E+00,2.110805E+01,7.994452E+01,2.388843E+01,6.775676E+01
03:53:00,8.010804E+03,6.323455E+02,5.577760E-01,5.584388E-02,0.000000E+00,0.000000E+00,0.000000E+00,0.000000E+00,0.000000E+00,0.000000E+00,0.000000E+00,0.000000E+00,2.110805E+01,7.994452E+01,2.388843E+01,6.777059E+01
03:54:00,8.010804E+03,6.313752E+02,5.577760E-01,5.575819E-02,0.000000E+00,0.000000E+00,0.000000E+00,0.000000E+00,0.000000E+00,0.000000E+00,0.000000E+00,0.000000E+00,2.110805E+01,7.994452E+01,2.388843E+01,6.778440E+01
03:55:00,8.010804E+03,6.304069E+02,5.577760E-01,5.567268E-02,0.000000E+00,0.000000E+00,0.000000E+00,0.000000E+00,0.000000E+00,0.000000E+00,0.000000E+00,0.000000E+00,2.110805E+01,7.994452E+01,2.388843E+01,6.779818E+01
03:56:00,8.010804E+03,6.294404E+02,5.577760E-01,5.558732E-02,0.000000E+00,0.000000E+00,0.000000E+00,0.000000E+00,0.000000E+00,0.000000E+00,0.000000E+00,0.000000E+00,2.110805E+01,7.994452E+01,2.388843E+01,6.781195E+01
03:57:00,8.010804E+03,6.284755E+02,5.577760E-01,5.550211E-02,0.000000E+00,0.000000E+00,0.000000E+00,0.000000E+00,0.000000E+00,0.000000E+00,0.000000E+00,0.000000E+00,2.110805E+01,7.994452E+01,2.388843E+01,6.782571E+01
03:58:00,8.010804E+03,6.275122E+02,5.577760E-01,5.541703E-02,0.000000E+00,0.000000E+00,0.000000E+00,0.000000E+00,0.000000E+00,0.000000E+00,0.000000E+00,0.000000E+00,2.110805E+01,7.994452E+01,2.388843E+01,6.783946E+01
03:59:00,8.010804E+03,6.265503E+02,5.577760E-01,5.533208E-02,0.000000E+00,0.000000E+00,0.000000E+00,0.000000E+00,0.000000E+00,0.000000E+00,0.000000E+00,0.000000E+00,2.110805E+01,7.994452E+01,2.388843E+01,6.785321E+01
04:00:00,8.010804E+03,6.255898E+02,5.577760E-01,5.524725E-02,0.000000E+00,0.000000E+00,0.000000E+00,0.000000E+00,0.000000E+00,0.000000E+00,0.000000E+00,0.000000E+00,2.110805E+01,7.994452E+01,2.388843E+01,6.786696E+01
04:01:00,8.010804E+03,6.246334E+02,5.577760E-01,5.516279E-02,0.000000E+00,0.000000E+00,0.000000E+00,0.000000E+00,0.000000E+00,0.000000E+00,0.000000E+00,0.000000E+00,2.110805E+01,7.994452E+01,2.388843E+01,6.788070E+01
04:02:00,8.010804E+03,6.236810E+02,5.577760E-01,5.507868E-02,0.000000E+00,0.000000E+00,0.000000E+00,0.000000E+00,0.000000E+00,0.000000E+00,0.000000E+00,0.000000E+00,2.110805E+01,7.994452E+01,2.388843E+01,6.789441E+01
04:03:00,8.010804E+03,6.227326E+02,5.577760E-01,5.499492E-02,0.000000E+00,0.000000E+00,0.000000E+00,0.000000E+00,0.000000E+00,0.000000E+00,0.000000E+00,0.000000E+00,2.110805E+01,7.994452E+01,2.388844E+01,6.790806E+01
04:04:00,8.010804E+03,6.217881E+02,5.577760E-01,5.491151E-02,0.000000E+00,0.000000E+00,0.000000E+00,0.000000E+00,0.000000E+00,0.000000E+00,0.000000E+00,0.000000E+00,2.110805E+01,7.994452E+01,2.388844E+01,6.792166E+01
04:05:00,8.010804E+03,6.208473E+02,5.577760E-01,5.482842E-02,0.000000E+00,0.000000E+00,0.000000E+00,0.000000E+00,0.000000E+00,0.000000E+00,0.000000E+00,0.000000E+00,2.110805E+01,7.994452E+01,2.388844E+01,6.793519E+01
04:06:00,8.010804E+03,6.199103E+02,5.577760E-01,5.474567E-02,0.000000E+00,0.000000E+00,0.000000E+00,0.000000E+00,0.000000E+00,0.000000E+00,0.000000E+00,0.000000E+00,2.110805E+01,7.994452E+01,2.388844E+01,6.794867E+01
04:07:00,8.010804E+03,6.189768E+02,5.577760E-01,5.466323E-02,0.000000E+00,0.000000E+00,0.000000E+00,0.000000E+00,0.000000E+00,0.000000E+00,0.000000E+00,0.000000E+00,2.110805E+01,7.994452E+01,2.388844E+01,6.796210E+01
04:08:00,8.010804E+03,6.180470E+02,5.577760E-01,5.458111E-02,0.000000E+00,0.000000E+00,0.000000E+00,0.000000E+00,0.000000E+00,0.000000E+00,0.000000E+00,0.000000E+00,2.110805E+01,7.994452E+01,2.388844E+01,6.797548E+01
04:09:00,8.010804E+03,6.171208E+02,5.577760E-01,5.449932E-02,0.000000E+00,0.000000E+00,0.000000E+00,0.000000E+00,0.000000E+00,0.000000E+00,0.000000E+00,0.000000E+00,2.110805E+01,7.994452E+01,2.388844E+01,6.798881E+01
04:10:00,8.010804E+03,6.161983E+02,5.577760E-01,5.441785E-02,0.000000E+00,0.000000E+00,0.000000E+00,0.000000E+00,0.000000E+00,0.000000E+00,0.000000E+00,0.000000E+00,2.110805E+01,7.994452E+01,2.388844E+01,6.800209E+01
04:11:00,8.010804E+03,6.152794E+02,5.577760E-01,5.433670E-02,0.000000E+00,0.000000E+00,0.000000E+00,0.000000E+00,0.000000E+00,0.000000E+00,0.000000E+00,0.000000E+00,2.110805E+01,7.994452E+01,2.388844E+01,6.801532E+01
04:12:00,8.010804E+03,6.143641E+02,5.577760E-01,5.425586E-02,0.000000E+00,0.000000E+00,0.000000E+00,0.000000E+00,0.000000E+00,0.000000E+00,0.000000E+00,0.000000E+00,2.110805E+01,7.994452E+01,2.388844E+01,6.802851E+01
04:13:00,8.010804E+03,6.134524E+02,5.577760E-01,5.417534E-02,0.000000E+00,0.000000E+00,0.000000E+00,0.000000E+00,0.000000E+00,0.000000E+00,0.000000E+00,0.000000E+00,2.110805E+01,7.994452E+01,2.388844E+01,6.804166E+01
04:14:00,8.010804E+03,6.125447E+02,5.577760E-01,5.409518E-02,0.000000E+00,0.000000E+00,0.000000E+00,0.000000E+00,0.000000E+00,0.000000E+00,0.000000E+00,0.000000E+00,2.110805E+01,7.994452E+01,2.388844E+01,6.805476E+01
04:15:00,8.010804E+03,6.116403E+02,5.577760E-01,5.401531E-02,0.000000E+00,0.000000E+00,0.000000E+00,0.000000E+00,0.000000E+00,0.000000E+00,0.000000E+00,0.000000E+00,2.110805E+01,7.994452E+01,2.388844E+01,6.806782E+01
04:16:00,8.010804E+03,6.107397E+02,5.577760E-01,5.393578E-02,0.000000E+00,0.000000E+00,0.000000E+00,0.000000E+00,0.000000E+00,0.000000E+00,0.000000E+00,0.000000E+00,2.110805E+01,7.994452E+01,2.388844E+01,6.808084E+01
04:17:00,8.010804E+03,6.098425E+02,5.577760E-01,5.385654E-02,0.000000E+00,0.000000E+00,0.000000E+00,0.000000E+00,0.000000E+00,0.000000E+00,0.000000E+00,0.000000E+00,2.110805E+01,7.994452E+01,2.388844E+01,6.809381E+01
04:18:00,8.010804E+03,6.089490E+02,5.577760E-01,5.377763E-02,0.000000E+00,0.000000E+00,0.000000E+00,0.000000E+00,0.000000E+00,0.000000E+00,0.000000E+00,0.000000E+00,2.110805E+01,7.994452E+01,2.388844E+01,6.810675E+01
04:19:00,8.010804E+03,6.080588E+02,5.577760E-01,5.369901E-02,0.000000E+00,0.000000E+00,0.000000E+00,0.000000E+00,0.000000E+00,0.000000E+00,0.000000E+00,0.000000E+00,2.110805E+01,7.994452E+01,2.388844E+01,6.811965E+01
04:20:00,8.010804E+03,6.071724E+02,5.577760E-01,5.362073E-02,0.000000E+00,0.000000E+00,0.000000E+00,0.000000E+00,0.000000E+00,0.000000E+00,0.000000E+00,0.000000E+00,2.110805E+01,7.994452E+01,2.388844E+01,6.813251E+01
04:21:00,8.010804E+03,6.062893E+02,5.577760E-01,5.354274E-02,0.000000E+00,0.000000E+00,0.000000E+00,0.000000E+00,0.000000E+00,0.000000E+00,0.000000E+00,0.000000E+00,2.110805E+01,7.994452E+01,2.388844E+01,6.814533E+01
04:22:00,8.010804E+03,6.054101E+02,5.577760E-01,5.346509E-02,0.000000E+00,0.000000E+00,0.000000E+00,0.000000E+00,0.000000E+00,0.000000E+00,0.000000E+00,0.000000E+00,2.110805E+01,7.994452E+01,2.388844E+01,6.815812E+01
04:23:00,8.010804E+03,6.045342E+02,5.577760E-01,5.338774E-02,0.000000E+00,0.000000E+00,0.000000E+00,0.000000E+00,0.000000E+00,0.000000E+00,0.000000E+00,0.000000E+00,2.110805E+01,7.994452E+01,2.388844E+01,6.817087E+01
04:24:00,8.010804E+03,6.036623E+02,5.577760E-01,5.331073E-02,0.000000E+00,0.000000E+00,0.000000E+00,0.000000E+00,0.000000E+00,0.000000E+00,0.000000E+00,0.000000E+00,2.110805E+01,7.994452E+01,2.388844E+01,6.818358E+01
04:25:00,8.010804E+03,6.027938E+02,5.577760E-01,5.323404E-02,0.000000E+00,0.000000E+00,0.000000E+00,0.000000E+00,0.000000E+00,0.000000E+00,0.000000E+00,0.000000E+00,2.110805E+01,7.994452E+01,2.388844E+01,6.819626E+01
04:26:00,8.010804E+03,6.019295E+02,5.577760E-01,5.315771E-02,0.000000E+00,0.000000E+00,0.000000E+00,0.000000E+00,0.000000E+00,0.000000E+00,0.000000E+00,0.000000E+00,2.110805E+01,7.994452E+01,2.388844E+01,6.820890E+01
04:27:00,8.010804E+03,6.010688E+02,5.577760E-01,5.308169E-02,0.000000E+00,0.000000E+00,0.000000E+00,0.000000E+00,0.000000E+00,0.000000E+00,0.000000E+00,0.000000E+00,2.110805E+01,7.994452E+01,2.388844E+01,6.822149E+01
04:28:00,8.010804E+03,6.002120E+02,5.577760E-01,5.300603E-02,0.000000E+00,0.000000E+00,0.000000E+00,0.000000E+00,0.000000E+00,0.000000E+00,0.000000E+00,0.000000E+00,2.110805E+01,7.994452E+01,2.388844E+01,6.823405E+01
04:29:00,8.010804E+03,5.993585E+02,5.577760E-01,5.293065E-02,0.000000E+00,0.000000E+00,0.000000E+00,0.000000E+00,0.000000E+00,0.000000E+00,0.000000E+00,0.000000E+00,2.110805E+01,7.994452E+01,2.388844E+01,6.824657E+01
04:30:00,8.010804E+03,5.985087E+02,5.577760E-01,5.285560E-02,0.000000E+00,0.000000E+00,0.000000E+00,0.000000E+00,0.000000E+00,0.000000E+00,0.000000E+00,0.000000E+00,2.110805E+01,7.994452E+01,2.388845E+01,6.825905E+01
04:31:00,8.010804E+03,5.976620E+02,5.577760E-01,5.278082E-02,0.000000E+00,0.000000E+00,0.000000E+00,0.000000E+00,0.000000E+00,0.000000E+00,0.000000E+00,0.000000E+00,2.110805E+01,7.994452E+01,2.388845E+01,6.827150E+01
04:32:00,8.010804E+03,5.968188E+02,5.577760E-01,5.270636E-02,0.000000E+00,0.000000E+00,0.000000E+00,0.000000E+00,0.000000E+00,0.000000E+00,0.000000E+00,0.000000E+00,2.110805E+01,7.994452E+01,2.388845E+01,6.828392E+01
04:33:00,8.010804E+03,5.959786E+02,5.577760E-01,5.263216E-02,0.000000E+00,0.000000E+00,0.000000E+00,0.000000E+00,0.000000E+00,0.000000E+00,0.000000E+00,0.000000E+00,2.110805E+01,7.994452E+01,2.388845E+01,6.829631E+01
04:34:00,8.010804E+03,5.951419E+02,5.577760E-01,5.255826E-02,0.000000E+00,0.000000E+00,0.000000E+00,0.000000E+00,0.000000E+00,0.000000E+00,0.000000E+00,0.000000E+00,2.110805E+01,7.994452E+01,2.388845E+01,6.830867E+01
04:35:00,8.010804E+03,5.943079E+02,5.577760E-01,5.248461E-02,0.000000E+00,0.000000E+00,0.000000E+00,0.000000E+00,0.000000E+00,0.000000E+00,0.000000E+00,0.000000E+00,2.110805E+01,7.994452E+01,2.388845E+01,6.832102E+01
04:36:00,8.010804E+03,5.934770E+02,5.577760E-01,5.241122E-02,0.000000E+00,0.000000E+00,0.000000E+00,0.000000E+00,0.000000E+00,0.000000E+00,0.000000E+00,0.000000E+00,2.110805E+01,7.994452E+01,2.388845E+01,6.833333E+01
04:37:00,8.010804E+03,5.926486E+02,5.577760E-01,5.233807E-02,0.000000E+00,0.000000E+00,0.000000E+00,0.000000E+00,0.000000E+00,0.000000E+00,0.000000E+00,0.000000E+00,2.110805E+01,7.994452E+01,2.388845E+01,6.834563E+01
04:38:00,8.010804E+03,5.918231E+02,5.577760E-01,5.226517E-02,0.000000E+00,0.000000E+00,0.000000E+00,0.000000E+00,0.000000E+00,0.000000E+00,0.000000E+00,0.000000E+00,2.110805E+01,7.994452E+01,2.388845E+01,6.835791E+01
04:39:00,8.010804E+03,5.910360E+02,5.577760E-01,5.219565E-02,0.000000E+00,0.000000E+00,0.000000E+00,0.000000E+00,0.000000E+00,0.000000E+00,0.000000E+00,0.000000E+00,2.110805E+01,7.994452E+01,2.388845E+01,6.837018E+01
04:40:00,8.010804E+03,5.902589E+02,5.577760E-01,5.212702E-02,0.000000E+00,0.000000E+00,0.000000E+00,0.000000E+00,0.000000E+00,0.000000E+00,0.000000E+00,0.000000E+00,2.110805E+01,7.994452E+01,2.388845E+01,6.838200E+01
04:41:00,8.010804E+03,5.894900E+02,5.577760E-01,5.205912E-02,0.000000E+00,0.000000E+00,0.000000E+00,0.000000E+00,0.000000E+00,0.000000E+00,0.000000E+00,0.000000E+00,2.110805E+01,7.994452E+01,2.388845E+01,6.839345E+01
04:42:00,8.010804E+03,5.887281E+02,5.577760E-01,5.199183E-02,0.000000E+00,0.000000E+00,0.000000E+00,0.000000E+00,0.000000E+00,0.000000E+00,0.000000E+00,0.000000E+00,2.110805E+01,7.994452E+01,2.388845E+01,6.840469E+01
04:43:00,8.010804E+03,5.879742E+02,5.577760E-01,5.192525E-02,0.000000E+00,0.000000E+00,0.000000E+00,0.000000E+00,0.000000E+00,0.000000E+00,0.000000E+00,0.000000E+00,2.110805E+01,7.994452E+01,2.388845E+01,6.841580E+01
04:44:00,8.010804E+03,5.872288E+02,5.577760E-01,5.185942E-02,0.000000E+00,0.000000E+00,0.000000E+00,0.000000E+00,0.000000E+00,0.000000E+00,0.000000E+00,0.000000E+00,2.110805E+01,7.994452E+01,2.388845E+01,6.842682E+01
04:45:00,8.010804E+03,5.864924E+02,5.577760E-01,5.179438E-02,0.000000E+00,0.000000E+00,0.000000E+00,0.000000E+00,0.000000E+00,0.000000E+00,0.000000E+00,0.000000E+00,2.110805E+01,7.994452E+01,2.388845E+01,6.843774E+01
04:46:00,8.010804E+03,5.857731E+02,5.577760E-01,5.173086E-02,0.000000E+00,0.000000E+00,0.000000E+00,0.000000E+00,0.000000E+00,0.000000E+00,0.000000E+00,0.000000E+00,2.110805E+01,7.994452E+01,2.388845E+01,6.844854E+01
04:47:00,8.010804E+03,5.850647E+02,5.577760E-01,5.166830E-02,0.000000E+00,0.000000E+00,0.000000E+00,0.000000E+00,0.000000E+00,0.000000E+00,0.000000E+00,0.000000E+00,2.110805E+01,7.994452E+01,2.388845E+01,6.845911E+01
04:48:00,8.010804E+03,5.843676E+02,5.577760E-01,5.160673E-02,0.000000E+00,0.000000E+00,0.000000E+00,0.000000E+00,0.000000E+00,0.000000E+00,0.000000E+00,0.000000E+00,2.110805E+01,7.994452E+01,2.388845E+01,6.846948E+01
04:49:00,8.010804E+03,5.836817E+02,5.577760E-01,5.154616E-02,0.000000E+00,0.000000E+00,0.000000E+00,0.000000E+00,0.000000E+00,0.000000E+00,0.000000E+00,0.000000E+00,2.110805E+01,7.994452E+01,2.388845E+01,6.847966E+01
04:50:00,8.010804E+03,5.830074E+02,5.577760E-01,5.148661E-02,0.000000E+00,0.000000E+00,0.000000E+00,0.000000E+00,0.000000E+00,0.000000E+00,0.000000E+00,0.000000E+00,2.110805E+01,7.994452E+01,2.388845E+01,6.848968E+01
04:51:00,8.010804E+03,5.823450E+02,5.577760E-01,5.142811E-02,0.000000E+00,0.000000E+00,0.000000E+00,0.000000E+00,0.000000E+00,0.000000E+00,0.000000E+00,0.000000E+00,2.110805E+01,7.994452E+01,2.388845E+01,6.849953E+01
04:52:00,8.010804E+03,5.816945E+02,5.577760E-01,5.137066E-02,0.000000E+00,0.000000E+00,0.000000E+00,0.000000E+00,0.000000E+00,0.000000E+00,0.000000E+00,0.000000E+00,2.110805E+01,7.994452E+01,2.388845E+01,6.850920E+01
04:53:00,8.010804E+03,5.810564E+02,5.577760E-01,5.131431E-02,0.000000E+00,0.000000E+00,0.000000E+00,0.000000E+00,0.000000E+00,0.000000E+00,0.000000E+00,0.000000E+00,2.110805E+01,7.994452E+01,2.388845E+01,6.851871E+01
04:54:00,8.010804E+03,5.804315E+02,5.577760E-01,5.125913E-02,0.000000E+00,0.000000E+00,0.000000E+00,0.000000E+00,0.000000E+00,0.000000E+00,0.000000E+00,0.000000E+00,2.110805E+01,7.994452E+01,2.388845E+01,6.852803E+01
04:55:00,8.010804E+03,5.798201E+02,5.577760E-01,5.120513E-02,0.000000E+00,0.000000E+00,0.000000E+00,0.000000E+00,0.000000E+00,0.000000E+00,0.000000E+00,0.000000E+00,2.110805E+01,7.994452E+01,2.388845E+01,6.853717E+01
04:56:00,8.010804E+03,5.792376E+02,5.577760E-01,5.115368E-02,0.000000E+00,0.000000E+00,0.000000E+00,0.000000E+00,0.000000E+00,0.000000E+00,0.000000E+00,0.000000E+00,2.110805E+01,7.994452E+01,2.388845E+01,6.854614E+01
04:57:00,8.010804E+03,5.786705E+02,5.577760E-01,5.110360E-02,0.000000E+00,0.000000E+00,0.000000E+00,0.000000E+00,0.000000E+00,0.000000E+00,0.000000E+00,0.000000E+00,2.110805E+01,7.994452E+01,2.388845E+01,6.855474E+01
04:58:00,8.010804E+03,5.781196E+02,5.577760E-01,5.105495E-02,0.000000E+00,0.000000E+00,0.000000E+00,0.000000E+00,0.000000E+00,0.000000E+00,0.000000E+00,0.000000E+00,2.110805E+01,7.994452E+01,2.388845E+01,6.856304E+01
04:59:00,8.010804E+03,5.775850E+02,5.577760E-01,5.100774E-02,0.000000E+00,0.000000E+00,0.000000E+00,0.000000E+00,0.000000E+00,0.000000E+00,0.000000E+00,0.000000E+00,2.110805E+01,7.994452E+01,2.388845E+01,6.857109E+01
05:00:00,8.010804E+03,5.770672E+02,5.577760E-01,5.096200E-02,0.000000E+00,0.000000E+00,0.000000E+00,0.000000E+00,0.000000E+00,0.000000E+00,0.000000E+00,0.000000E+00,2.110805E+01,7.994452E+01,2.388845E+01,6.857892E+01
05:01:00,8.010804E+03,5.765748E+02,5.577760E-01,5.091852E-02,0.000000E+00,0.000000E+00,0.000000E+00,0.000000E+00,0.000000E+00,0.000000E+00,0.000000E+00,0.000000E+00,2.110805E+01,7.994452E+01,2.388845E+01,6.858655E+01
05:02:00,8.010804E+03,5.761081E+02,5.577760E-01,5.087730E-02,0.000000E+00,0.000000E+00,0.000000E+00,0.000000E+00,0.000000E+00,0.000000E+00,0.000000E+00,0.000000E+00,2.110805E+01,7.994452E+01,2.388845E+01,6.859383E+01
05:03:00,8.010804E+03,5.756673E+02,5.577760E-01,5.083838E-02,0.000000E+00,0.000000E+00,0.000000E+00,0.000000E+00,0.000000E+00,0.000000E+00,0.000000E+00,0.000000E+00,2.110805E+01,7.994452E+01,2.388845E+01,6.860067E+01
05:04:00,8.010804E+03,5.752527E+02,5.577760E-01,5.080176E-02,0.000000E+00,0.000000E+00,0.000000E+00,0.000000E+00,0.000000E+00,0.000000E+00,0.000000E+00,0.000000E+00,2.110805E+01,7.994452E+01,2.388845E+01,6.860706E+01
05:05:00,8.010804E+03,5.748643E+02,5.577760E-01,5.076746E-02,0.000000E+00,0.000000E+00,0.000000E+00,0.000000E+00,0.000000E+00,0.000000E+00,0.000000E+00,0.000000E+00,2.110805E+01,7.994452E+01,2.388844E+01,6.861299E+01
05:06:00,8.010804E+03,5.745024E+02,5.577760E-01,5.073550E-02,0.000000E+00,0.000000E+00,0.000000E+00,0.000000E+00,0.000000E+00,0.000000E+00,0.000000E+00,0.000000E+00,2.110805E+01,7.994452E+01,2.388844E+01,6.861847E+01
05:07:00,8.010804E+03,5.741671E+02,5.577760E-01,5.070589E-02,0.000000E+00,0.000000E+00,0.000000E+00,0.000000E+00,0.000000E+00,0.000000E+00,0.000000E+00,0.000000E+00,2.110805E+01,7.994452E+01,2.388844E+01,6.862352E+01
05:08:00,8.010804E+03,5.738585E+02,5.577760E-01,5.067863E-02,0.000000E+00,0.000000E+00,0.000000E+00,0.000000E+00,0.000000E+00,0.000000E+00,0.000000E+00,0.000000E+00,2.110805E+01,7.994452E+01,2.388844E+01,6.862815E+01
05:09:00,8.010804E+03,5.735753E+02,5.577760E-01,5.065362E-02,0.000000E+00,0.000000E+00,0.000000E+00,0.000000E+00,0.000000E+00,0.000000E+00,0.000000E+00,0.000000E+00,2.110805E+01,7.994452E+01,2.388844E+01,6.863235E+01
05:10:00,8.010804E+03,5.733164E+02,5.577760E-01,5.063076E-02,0.000000E+00,0.000000E+00,0.000000E+00,0.000000E+00,0.000000E+00,0.000000E+00,0.000000E+00,0.000000E+00,2.110805E+01,7.994452E+01,2.388844E+01,6.863616E+01
05:11:00,8.010804E+03,5.730819E+02,5.577760E-01,5.061005E-02,0.000000E+00,0.000000E+00,0.000000E+00,0.000000E+00,0.000000E+00,0.000000E+00,0.000000E+00,0.000000E+00,2.110805E+01,7.994452E+01,2.388844E+01,6.863961E+01
05:12:00,8.010804E+03,5.728716E+02,5.577760E-01,5.059148E-02,0.000000E+00,0.000000E+00,0.000000E+00,0.000000E+00,0.000000E+00,0.000000E+00,0.000000E+00,0.000000E+00,2.110805E+01,7.994452E+01,2.388844E+01,6.864271E+01
05:13:00,8.010804E+03,5.726856E+02,5.577760E-01,5.057505E-02,0.000000E+00,0.000000E+00,0.000000E+00,0.000000E+00,0.000000E+00,0.000000E+00,0.000000E+00,0.000000E+00,2.110805E+01,7.994452E+01,2.388844E+01,6.864550E+01
05:14:00,8.010804E+03,5.725235E+02,5.577760E-01,5.056074E-02,0.000000E+00,0.000000E+00,0.000000E+00,0.000000E+00,0.000000E+00,0.000000E+00,0.000000E+00,0.000000E+00,2.110805E+01,7.994452E+01,2.388844E+01,6.864796E+01
05:15:00,8.010804E+03,5.723860E+02,5.577760E-01,5.054859E-02,0.000000E+00,0.000000E+00,0.000000E+00,0.000000E+00,0.000000E+00,0.000000E+00,0.000000E+00,0.000000E+00,2.110805E+01,7.994452E+01,2.388844E+01,6.865010E+01
05:16:00,8.010804E+03,5.723058E+02,5.577760E-01,5.054151E-02,0.000000E+00,0.000000E+00,0.000000E+00,0.000000E+00,0.000000E+00,0.000000E+00,0.000000E+00,0.000000E+00,2.110805E+01,7.994452E+01,2.388844E+01,6.865194E+01
05:17:00,8.010804E+03,5.722527E+02,5.577760E-01,5.053682E-02,0.000000E+00,0.000000E+00,0.000000E+00,0.000000E+00,0.000000E+00,0.000000E+00,0.000000E+00,0.000000E+00,2.110805E+01,7.994452E+01,2.388844E+01,6.865308E+01
05:18:00,8.010804E+03,5.722247E+02,5.577760E-01,5.053435E-02,0.000000E+00,0.000000E+00,0.000000E+00,0.000000E+00,0.000000E+00,0.000000E+00,0.000000E+00,0.000000E+00,2.110805E+01,7.994452E+01,2.388844E+01,6.865364E+01
05:19:00,8.010804E+03,5.722225E+02,5.577760E-01,5.053415E-02,0.000000E+00,0.000000E+00,0.000000E+00,0.000000E+00,0.000000E+00,0.000000E+00,0.000000E+00,0.000000E+00,2.110805E+01,7.994452E+01,2.388843E+01,6.865381E+01
05:20:00,8.010804E+03,5.722454E+02,5.577760E-01,5.053618E-02,0.000000E+00,0.000000E+00,0.000000E+00,0.000000E+00,0.000000E+00,0.000000E+00,0.000000E+00,0.000000E+00,2.110805E+01,7.994452E+01,2.388843E+01,6.865368E+01
05:21:00,8.010804E+03,5.722936E+02,5.577760E-01,5.054044E-02,0.000000E+00,0.000000E+00,0.000000E+00,0.000000E+00,0.000000E+00,0.000000E+00,0.000000E+00,0.000000E+00,2.110805E+01,7.994452E+01,2.388843E+01,6.865328E+01
05:22:00,8.010804E+03,5.723666E+02,5.577760E-01,5.054688E-02,0.000000E+00,0.000000E+00,0.000000E+00,0.000000E+00,0.000000E+00,0.000000E+00,0.000000E+00,0.000000E+00,2.110805E+01,7.994452E+01,2.388843E+01,6.865262E+01
05:23:00,8.010804E+03,5.724646E+02,5.577760E-01,5.055554E-02,0.000000E+00,0.000000E+00,0.000000E+00,0.000000E+00,0.000000E+00,0.000000E+00,0.000000E+00,0.000000E+00,2.110805E+01,7.994452E+01,2.388843E+01,6.865170E+01
05:24:00,8.010804E+03,5.725870E+02,5.577760E-01,5.056635E-02,0.000000E+00,0.000000E+00,0.000000E+00,0.000000E+00,0.000000E+00,0.000000E+00,0.000000E+00,0.000000E+00,2.110805E+01,7.994452E+01,2.388843E+01,6.865054E+01
05:25:00,8.010804E+03,5.727341E+02,5.577760E-01,5.057934E-02,0.000000E+00,0.000000E+00,0.000000E+00,0.000000E+00,0.000000E+00,0.000000E+00,0.000000E+00,0.000000E+00,2.110805E+01,7.994452E+01,2.388843E+01,6.864913E+01
05:26:00,8.010804E+03,5.729052E+02,5.577760E-01,5.059445E-02,0.000000E+00,0.000000E+00,0.000000E+00,0.000000E+00,0.000000E+00,0.000000E+00,0.000000E+00,0.000000E+00,2.110805E+01,7.994452E+01,2.388843E+01,6.864749E+01
05:27:00,8.010804E+03,5.731005E+02,5.577760E-01,5.061170E-02,0.000000E+00,0.000000E+00,0.000000E+00,0.000000E+00,0.000000E+00,0.000000E+00,0.000000E+00,0.000000E+00,2.110805E+01,7.994452E+01,2.388843E+01,6.864562E+01
05:28:00,8.010804E+03,5.733199E+02,5.577760E-01,5.063107E-02,0.000000E+00,0.000000E+00,0.000000E+00,0.000000E+00,0.000000E+00,0.000000E+00,0.000000E+00,0.000000E+00,2.110805E+01,7.994452E+01,2.388843E+01,6.864353E+01
05:29:00,8.010804E+03,5.735637E+02,5.577760E-01,5.065261E-02,0.000000E+00,0.000000E+00,0.000000E+00,0.000000E+00,0.000000E+00,0.000000E+00,0.000000E+00,0.000000E+00,2.110805E+01,7.994452E+01,2.388843E+01,6.864124E+01
05:30:00,8.010804E+03,5.738316E+02,5.577760E-01,5.067627E-02,0.000000E+00,0.000000E+00,0.000000E+00,0.000000E+00,0.000000E+00,0.000000E+00,0.000000E+00,0.000000E+00,2.110805E+01,7.994452E+01,2.388843E+01,6.863874E+01
05:31:00,8.010804E+03,5.741240E+02,5.577760E-01,5.070209E-02,0.000000E+00,0.000000E+00,0.000000E+00,0.000000E+00,0.000000E+00,0.000000E+00,0.000000E+00,0.000000E+00,2.110805E+01,7.994452E+01,2.388843E+01,6.863603E+01
05:32:00,8.010804E+03,5.744404E+02,5.577760E-01,5.073003E-02,0.000000E+00,0.000000E+00,0.000000E+00,0.000000E+00,0.000000E+00,0.000000E+00,0.000000E+00,0.000000E+00,2.110805E+01,7.994452E+01,2.388843E+01,6.863314E+01
05:33:00,8.010804E+03,5.747811E+02,5.577760E-01,5.076012E-02,0.000000E+00,0.000000E+00,0.000000E+00,0.000000E+00,0.000000E+00,0.000000E+00,0.000000E+00,0.000000E+00,2.110805E+01,7.994452E+01,2.388843E+01,6.863005E+01
05:34:00,8.010804E+03,5.751456E+02,5.577760E-01,5.079232E-02,0.000000E+00,0.000000E+00,0.000000E+00,0.000000E+00,0.000000E+00,0.000000E+00,0.000000E+00,0.000000E+00,2.110805E+01,7.994452E+01,2.388843E+01,6.862679E+01
05:35:00,8.010804E+03,5.755345E+02,5.577760E-01,5.082667E-02,0.000000E+00,0.000000E+00,0.000000E+00,0.000000E+00,0.000000E+00,0.000000E+00,0.000000E+00,0.000000E+00,2.110805E+01,7.994452E+01,2.388843E+01,6.862335E+01
05:36:00,8.010804E+03,5.759474E+02,5.577760E-01,5.086313E-02,0.000000E+00,0.000000E+00,0.000000E+00,0.000000E+00,0.000000E+00,0.000000E+00,0.000000E+00,0.000000E+00,2.110805E+01,7.994452E+01,2.388843E+01,6.861975E+01
05:37:00,8.010804E+03,5.763846E+02,5.577760E-01,5.090174E-02,0.000000E+00,0.000000E+00,0.000000E+00,0.000000E+00,0.000000E+00,0.000000E+00,0.000000E+00,0.000000E+00,2.110805E+01,7.994452E+01,2.388843E+01,6.861598E+01
05:38:00,8.010804E+03,5.768456E+02,5.577760E-01,5.094246E-02,0.000000E+00,0.000000E+00,0.000000E+00,0.000000E+00,0.000000E+00,0.000000E+00,0.000000E+00,0.000000E+00,2.110805E+01,7.994452E+01,2.388842E+01,6.861206E+01
05:39:00,8.010804E+03,5.772950E+02,5.577760E-01,5.098214E-02,0.000000E+00,0.000000E+00,0.000000E+00,0.000000E+00,0.000000E+00,0.000000E+00,0.000000E+00,0.000000E+00,2.110805E+01,7.994452E+01,2.388842E+01,6.860799E+01
05:40:00,8.010804E+03,5.777609E+02,5.577760E-01,5.102329E-02,0.000000E+00,0.000000E+00,0.000000E+00,0.000000E+00,0.000000E+00,0.000000E+00,0.000000E+00,0.000000E+00,2.110805E+01,7.994452E+01,2.388842E+01,6.860377E+01
05:41:00,8.010804E+03,5.782450E+02,5.577760E-01,5.106604E-02,0.000000E+00,0.000000E+00,0.000000E+00,0.000000E+00,0.000000E+00,0.000000E+00,0.000000E+00,0.000000E+00,2.110805E+01,7.994452E+01,2.388842E+01,6.859941E+01
05:42:00,8.010804E+03,5.787484E+02,5.577760E-01,5.111050E-02,0.000000E+00,0.000000E+00,0.000000E+00,0.000000E+00,0.000000E+00,0.000000E+00,0.000000E+00,0.000000E+00,2.110805E+01,7.994452E+01,2.388842E+01,6.859492E+01
05:43:00,8.010804E+03,5.792699E+02,5.577760E-01,5.115656E-02,0.000000E+00,0.000000E+00,0.000000E+00,0.000000E+00,0.000000E+00,0.000000E+00,0.000000E+00,0.000000E+00,2.110805E+01,7.994452E+01,2.388842E+01,6.859030E+01
05:44:00,8.010804E+03,5.798089E+02,5.577760E-01,5.120416E-02,0.000000E+00,0.000000E+00,0.000000E+00,0.000000E+00,0.000000E+00,0.000000E+00,0.000000E+00,0.000000E+00,2.110805E+01,7.994452E+01,2.388842E+01,6.858555E+01
05:45:00,8.010804E+03,5.803649E+02,5.577760E-01,5.125326E-02,0.000000E+00,0.000000E+00,0.000000E+00,0.000000E+00,0.000000E+00,0.000000E+00,0.000000E+00,0.000000E+00,2.110805E+01,7.994452E+01,2.388842E+01,6.858069E+01
05:46:00,8.010804E+03,5.809294E+02,5.577760E-01,5.130312E-02,0.000000E+00,0.000000E+00,0.000000E+00,0.000000E+00,0.000000E+00,0.000000E+00,0.000000E+00,0.000000E+00,2.110805E+01,7.994452E+01,2.388842E+01,6.857571E+01
05:47:00,8.010804E+03,5.815085E+02,5.577760E-01,5.135426E-02,0.000000E+00,0.000000E+00,0.000000E+00,0.000000E+00,0.000000E+00,0.000000E+00,0.000000E+00,0.000000E+00,2.110805E+01,7.994452E+01,2.388842E+01,6.857062E+01
05:48:00,8.010804E+03,5.821019E+02,5.577760E-01,5.140667E-02,0.000000E+00,0.000000E+00,0.000000E+00,0.000000E+00,0.000000E+00,0.000000E+00,0.000000E+00,0.000000E+00,2.110805E+01,7.994452E+01,2.388842E+01,6.856542E+01
05:49:00,8.010804E+03,5.827094E+02,5.577760E-01,5.146032E-02,0.000000E+00,0.000000E+00,0.000000E+00,0.000000E+00,0.000000E+00,0.000000E+00,0.000000E+00,0.000000E+00,2.110805E+01,7.994452E+01,2.388842E+01,6.856012E+01
05:50:00,8.010804E+03,5.833303E+02,5.577760E-01,5.151516E-02,0.000000E+00,0.000000E+00,0.000000E+00,0.000000E+00,0.000000E+00,0.000000E+00,0.000000E+00,0.000000E+00,2.110805E+01,7.994452E+01,2.388842E+01,6.855473E+01
05:51:00,8.010804E+03,5.839643E+02,5.577760E-01,5.157115E-02,0.000000E+00,0.000000E+00,0.000000E+00,0.000000E+00,0.000000E+00,0.000000E+00,0.000000E+00,0.000000E+00,2.110805E+01,7.994452E+01,2.388842E+01,6.854924E+01
05:52:00,8.010804E+03,5.846110E+02,5.577760E-01,5.162827E-02,0.000000E+00,0.000000E+00,0.000000E+00,0.000000E+00,0.000000E+00,0.000000E+00,0.000000E+00,0.000000E+00,2.110805E+01,7.994452E+01,2.388842E+01,6.854367E+01
05:53:00,8.010804E+03,5.852701E+02,5.577760E-01,5.168647E-02,0.000000E+00,0.000000E+00,0.000000E+00,0.000000E+00,0.000000E+00,0.000000E+00,0.000000E+00,0.000000E+00,2.110805E+01,7.994452E+01,2.388842E+01,6.853801E+01
05:54:00,8.010805E+03,5.859411E+02,5.577760E-01,5.174573E-02,0.000000E+00,0.000000E+00,0.000000E+00,0.000000E+00,0.000000E+00,0.000000E+00,0.000000E+00,0.000000E+00,2.110805E+01,7.994452E+01,2.388842E+01,6.853227E+01
05:55:00,8.010805E+03,5.866239E+02,5.577760E-01,5.180603E-02,0.000000E+00,0.000000E+00,0.000000E+00,0.000000E+00,0.000000E+00,0.000000E+00,0.000000E+00,0.000000E+00,2.110805E+01,7.994452E+01,2.388842E+01,6.852645E+01
05:56:00,8.010805E+03,5.873031E+02,5.577760E-01,5.186602E-02,0.000000E+00,0.000000E+00,0.000000E+00,0.000000E+00,0.000000E+00,0.000000E+00,0.000000E+00,0.000000E+00,2.110805E+01,7.994452E+01,2.388842E+01,6.852056E+01
05:57:00,8.010805E+03,5.879922E+02,5.577760E-01,5.192687E-02,0.000000E+00,0.000000E+00,0.000000E+00,0.000000E+00,0.000000E+00,0.000000E+00,0.000000E+00,0.000000E+00,2.110805E+01,7.994452E+01,2.388842E+01,6.851460E+01
05:58:00,8.010805E+03,5.886902E+02,5.577760E-01,5.198852E-02,0.000000E+00,0.000000E+00,0.000000E+00,0.000000E+00,0.000000E+00,0.000000E+00,0.000000E+00,0.000000E+00,2.110805E+01,7.994452E+01,2.388842E+01,6.850857E+01
05:59:00,8.010805E+03,5.893972E+02,5.577760E-01,5.205095E-02,0.000000E+00,0.000000E+00,0.000000E+00,0.000000E+00,0.000000E+00,0.000000E+00,0.000000E+00,0.000000E+00,2.110805E+01,7.994452E+01,2.388842E+01,6.850248E+01
06:00:00,8.010805E+03,5.901126E+02,5.577760E-01,5.211414E-02,0.000000E+00,0.000000E+00,0.000000E+00,0.000000E+00,0.000000E+00,0.000000E+00,0.000000E+00,0.000000E+00,2.110805E+01,7.994452E+01,2.388842E+01,6.849633E+01
06:01:00,8.010805E+03,5.908392E+02,5.577760E-01,5.217831E-02,0.000000E+00,0.000000E+00,0.000000E+00,0.000000E+00,0.000000E+00,0.000000E+00,0.000000E+00,0.000000E+00,2.110805E+01,7.994452E+01,2.388842E+01,6.849013E+01
06:02:00,8.010805E+03,5.915766E+02,5.577760E-01,5.224343E-02,0.000000E+00,0.000000E+00,0.000000E+00,0.000000E+00,0.000000E+00,0.000000E+00,0.000000E+00,0.000000E+00,2.110805E+01,7.994452E+01,2.388841E+01,6.848370E+01
06:03:00,8.010805E+03,5.923244E+02,5.577760E-01,5.230948E-02,0.000000E+00,0.000000E+00,0.000000E+00,0.000000E+00,0.000000E+00,0.000000E+00,0.000000E+00,0.000000E+00,2.110805E+01,7.994452E+01,2.388841E+01,6.847694E+01
06:04:00,8.010805E+03,5.930826E+02,5.577760E-01,5.237643E-02,0.000000E+00,0.000000E+00,0.000000E+00,0.000000E+00,0.000000E+00,0.000000E+00,0.000000E+00,0.000000E+00,2.110805E+01,7.994452E+01,2.388841E+01,6.846982E+01
06:05:00,8.010805E+03,5.938509E+02,5.577760E-01,5.244429E-02,0.000000E+00,0.000000E+00,0.000000E+00,0.000000E+00,0.000000E+00,0.000000E+00,0.000000E+00,0.000000E+00,2.110805E+01,7.994452E+01,2.388841E+01,6.846235E+01
06:06:00,8.010805E+03,5.946284E+02,5.577760E-01,5.251295E-02,0.000000E+00,0.000000E+00,0.000000E+00,0.000000E+00,0.000000E+00,0.000000E+00,0.000000E+00,0.000000E+00,2.110805E+01,7.994452E+01,2.388841E+01,6.845454E+01
06:07:00,8.010805E+03,5.954157E+02,5.577760E-01,5.258249E-02,0.000000E+00,0.000000E+00,0.000000E+00,0.000000E+00,0.000000E+00,0.000000E+00,0.000000E+00,0.000000E+00,2.110805E+01,7.994452E+01,2.388841E+01,6.844642E+01
06:08:00,8.010805E+03,5.962128E+02,5.577760E-01,5.265289E-02,0.000000E+00,0.000000E+00,0.000000E+00,0.000000E+00,0.000000E+00,0.000000E+00,0.000000E+00,0.000000E+00,2.110805E+01,7.994452E+01,2.388841E+01,6.843799E+01
06:09:00,8.010805E+03,5.970210E+02,5.577760E-01,5.272426E-02,0.000000E+00,0.000000E+00,0.000000E+00,0.000000E+00,0.000000E+00,0.000000E+00,0.000000E+00,0.000000E+00,2.110805E+01,7.994452E+01,2.388841E+01,6.842924E+01
06:10:00,8.010805E+03,5.978414E+02,5.577760E-01,5.279672E-02,0.000000E+00,0.000000E+00,0.000000E+00,0.000000E+00,0.000000E+00,0.000000E+00,0.000000E+00,0.000000E+00,2.110805E+01,7.994452E+01,2.388841E+01,6.842020E+01
06:11:00,8.010805E+03,5.986740E+02,5.577760E-01,5.287024E-02,0.000000E+00,0.000000E+00,0.000000E+00,0.000000E+00,0.000000E+00,0.000000E+00,0.000000E+00,0.000000E+00,2.110805E+01,7.994452E+01,2.388841E+01,6.841087E+01
06:12:00,8.010805E+03,5.995188E+02,5.577760E-01,5.294485E-02,0.000000E+00,0.000000E+00,0.000000E+00,0.000000E+00,0.000000E+00,0.000000E+00,0.000000E+00,0.000000E+00,2.110805E+01,7.994452E+01,2.388841E+01,6.840125E+01
06:13:00,8.010805E+03,6.003758E+02,5.577760E-01,5.302054E-02,0.000000E+00,0.000000E+00,0.000000E+00,0.000000E+00,0.000000E+00,0.000000E+00,0.000000E+00,0.000000E+00,2.110805E+01,7.994452E+01,2.388840E+01,6.839136E+01
06:14:00,8.010805E+03,6.012449E+02,5.577760E-01,5.309730E-02,0.000000E+00,0.000000E+00,0.000000E+00,0.000000E+00,0.000000E+00,0.000000E+00,0.000000E+00,0.000000E+00,2.110805E+01,7.994452E+01,2.388840E+01,6.838119E+01
06:15:00,8.010805E+03,6.021262E+02,5.577760E-01,5.317513E-02,0.000000E+00,0.000000E+00,0.000000E+00,0.000000E+00,0.000000E+00,0.000000E+00,0.000000E+00,0.000000E+00,2.110805E+01,7.994452E+01,2.388840E+01,6.837076E+01
06:16:00,8.010805E+03,6.029864E+02,5.577760E-01,5.325109E-02,0.000000E+00,0.000000E+00,0.000000E+00,0.000000E+00,0.000000E+00,0.000000E+00,0.000000E+00,0.000000E+00,2.110805E+01,7.994452E+01,2.388840E+01,6.836007E+01
06:17:00,8.010805E+03,6.038561E+02,5.577760E-01,5.332791E-02,0.000000E+00,0.000000E+00,0.000000E+00,0.000000E+00,0.000000E+00,0.000000E+00,0.000000E+00,0.000000E+00,2.110805E+01,7.994452E+01,2.388840E+01,6.834913E+01
06:18:00,8.010805E+03,6.047369E+02,5.577760E-01,5.340570E-02,0.000000E+00,0.000000E+00,0.000000E+00,0.000000E+00,0.000000E+00,0.000000E+00,0.000000E+00,0.000000E+00,2.110805E+01,7.994452E+01,2.388840E+01,6.833796E+01
06:19:00,8.010805E+03,6.056286E+02,5.577760E-01,5.348444E-02,0.000000E+00,0.000000E+00,0.000000E+00,0.000000E+00,0.000000E+00,0.000000E+00,0.000000E+00,0.000000E+00,2.110805E+01,7.994452E+01,2.388840E+01,6.832654E+01
06:20:00,8.010805E+03,6.065312E+02,5.577760E-01,5.356416E-02,0.000000E+00,0.000000E+00,0.000000E+00,0.000000E+00,0.000000E+00,0.000000E+00,0.000000E+00,0.000000E+00,2.110805E+01,7.994452E+01,2.388840E+01,6.831489E+01
06:21:00,8.010805E+03,6.074451E+02,5.577760E-01,5.364487E-02,0.000000E+00,0.000000E+00,0.000000E+00,0.000000E+00,0.000000E+00,0.000000E+00,0.000000E+00,0.000000E+00,2.110805E+01,7.994452E+01,2.388840E+01,6.830302E+01
06:22:00,8.010805E+03,6.083704E+02,5.577760E-01,5.372658E-02,0.000000E+00,0.000000E+00,0.000000E+00,0.000000E+00,0.000000E+00,0.000000E+00,0.000000E+00,0.000000E+00,2.110805E+01,7.994452E+01,2.388840E+01,6.829093E+01
06:23:00,8.010805E+03,6.093070E+02,5.577760E-01,5.380931E-02,0.000000E+00,0.000000E+00,0.000000E+00,0.000000E+00,0.000000E+00,0.000000E+00,0.000000E+00,0.000000E+00,2.110805E+01,7.994452E+01,2.388840E+01,6.827863E+01
06:24:00,8.010805E+03,6.102553E+02,5.577760E-01,5.389305E-02,0.000000E+00,0.000000E+00,0.000000E+00,0.000000E+00,0.000000E+00,0.000000E+00,0.000000E+00,0.000000E+00,2.110805E+01,7.994452E+01,2.388839E+01,6.826612E+01
06:25:00,8.010805E+03,6.112151E+02,5.577760E-01,5.397782E-02,0.000000E+00,0.000000E+00,0.000000E+00,0.000000E+00,0.000000E+00,0.000000E+00,0.000000E+00,0.000000E+00,2.110805E+01,7.994452E+01,2.388839E+01,6.825341E+01
06:26:00,8.010805E+03,6.121867E+02,5.577760E-01,5.406362E-02,0.000000E+00,0.000000E+00,0.000000E+00,0.000000E+00,0.000000E+00,0.000000E+00,0.000000E+00,0.000000E+00,2.110805E+01,7.994452E+01,2.388839E+01,6.824051E+01
06:27:00,8.010805E+03,6.132151E+02,5.577760E-01,5.415445E-02,0.000000E+00,0.000000E+00,0.000000E+00,0.000000E+00,0.000000E+00,0.000000E+00,0.000000E+00,0.000000E+00,2.110805E+01,7.994452E+01,2.388839E+01,6.822741E+01
06:28:00,8.010805E+03,6.142577E+02,5.577760E-01,5.424653E-02,0.000000E+00,0.000000E+00,0.000000E+00,0.000000E+00,0.000000E+00,0.000000E+00,0.000000E+00,0.000000E+00,2.110805E+01,7.994452E+01,2.388839E+01,6.821359E+01
06:29:00,8.010805E+03,6.153141E+02,5.577760E-01,5.433982E-02,0.000000E+00,0.000000E+00,0.000000E+00,0.000000E+00,0.000000E+00,0.000000E+00,0.000000E+00,0.000000E+00,2.110805E+01,7.994452E+01,2.388839E+01,6.819923E+01
06:30:00,8.010805E+03,6.163833E+02,5.577760E-01,5.443426E-02,0.000000E+00,0.000000E+00,0.000000E+00,0.000000E+00,0.000000E+00,0.000000E+00,0.000000E+00,0.000000E+00,2.110805E+01,7.994452E+01,2.388839E+01,6.818456E+01
06:31:00,8.010805E+03,6.174657E+02,5.577760E-01,5.452984E-02,0.000000E+00,0.000000E+00,0.000000E+00,0.000000E+00,0.000000E+00,0.000000E+00,0.000000E+00,0.000000E+00,2.110805E+01,7.994452E+01,2.388839E+01,6.816969E+01
06:32:00,8.010805E+03,6.185610E+02,5.577760E-01,5.462657E-02,0.000000E+00,0.000000E+00,0.000000E+00,0.000000E+00,0.000000E+00,0.000000E+00,0.000000E+00,0.000000E+00,2.110805E+01,7.994452E+01,2.388839E+01,6.815468E+01
06:33:00,8.010805E+03,6.196693E+02,5.577760E-01,5.472446E-02,0.000000E+00,0.000000E+00,0.000000E+00,0.000000E+00,0.000000E+00,0.000000E+00,0.000000E+00,0.000000E+00,2.110805E+01,7.994452E+01,2.388838E+01,6.813952E+01
06:34:00,8.010805E+03,6.207907E+02,5.577760E-01,5.482349E-02,0.000000E+00,0.000000E+00,0.000000E+00,0.000000E+00,0.000000E+00,0.000000E+00,0.000000E+00,0.000000E+00,2.110805E+01,7.994452E+01,2.388838E+01,6.812422E+01
06:35:00,8.010805E+03,6.219250E+02,5.577760E-01,5.492367E-02,0.000000E+00,0.000000E+00,0.000000E+00,0.000000E+00,0.000000E+00,0.000000E+00,0.000000E+00,0.000000E+00,2.110805E+01,7.994452E+01,2.388838E+01,6.810878E+01
06:36:00,8.010805E+03,6.230724E+02,5.577760E-01,5.502500E-02,0.000000E+00,0.000000E+00,0.000000E+00,0.000000E+00,0.000000E+00,0.000000E+00,0.000000E+00,0.000000E+00,2.110805E+01,7.994452E+01,2.388838E+01,6.809320E+01
06:37:00,8.010805E+03,6.242332E+02,5.577760E-01,5.512752E-02,0.000000E+00,0.000000E+00,0.000000E+00,0.000000E+00,0.000000E+00,0.000000E+00,0.000000E+00,0.000000E+00,2.110805E+01,7.994452E+01,2.388838E+01,6.807748E+01
06:38:00,8.010805E+03,6.254074E+02,5.577760E-01,5.523122E-02,0.000000E+00,0.000000E+00,0.000000E+00,0.000000E+00,0.000000E+00,0.000000E+00,0.000000E+00,0.000000E+00,2.110805E+01,7.994452E+01,2.388838E+01,6.806165E+01
06:39:00,8.010805E+03,6.265954E+02,5.577760E-01,5.533614E-02,0.000000E+00,0.000000E+00,0.000000E+00,0.000000E+00,0.000000E+00,0.000000E+00,0.000000E+00,0.000000E+00,2.110805E+01,7.994452E+01,2.388838E+01,6.804568E+01
06:40:00,8.010805E+03,6.277973E+02,5.577760E-01,5.544228E-02,0.000000E+00,0.000000E+00,0.000000E+00,0.000000E+00,0.000000E+00,0.000000E+00,0.000000E+00,0.000000E+00,2.110805E+01,7.994452E+01,2.388838E+01,6.802958E+01
06:41:00,8.010805E+03,6.290131E+02,5.577760E-01,5.554966E-02,0.000000E+00,0.000000E+00,0.000000E+00,0.000000E+00,0.000000E+00,0.000000E+00,0.000000E+00,0.000000E+00,2.110805E+01,7.994452E+01,2.388838E+01,6.801336E+01
06:42:00,8.010805E+03,6.302432E+02,5.577760E-01,5.565829E-02,0.000000E+00,0.000000E+00,0.000000E+00,0.000000E+00,0.000000E+00,0.000000E+00,0.000000E+00,0.000000E+00,2.110805E+01,7.994452E+01,2.388838E+01,6.799701E+01
06:43:00,8.010805E+03,6.314875E+02,5.577760E-01,5.576819E-02,0.000000E+00,0.000000E+00,0.000000E+00,0.000000E+00,0.000000E+00,0.000000E+00,0.000000E+00,0.000000E+00,2.110805E+01,7.994452E+01,2.388838E+01,6.798055E+01
06:44:00,8.010805E+03,6.327464E+02,5.577760E-01,5.587937E-02,0.000000E+00,0.000000E+00,0.000000E+00,0.000000E+00,0.000000E+00,0.000000E+00,0.000000E+00,0.000000E+00,2.110805E+01,7.994452E+01,2.388838E+01,6.796396E+01
06:45:00,8.010805E+03,6.340200E+02,5.577760E-01,5.599185E-02,0.000000E+00,0.000000E+00,0.000000E+00,0.000000E+00,0.000000E+00,0.000000E+00,0.000000E+00,0.000000E+00,2.110805E+01,7.994452E+01,2.388837E+01,6.794726E+01
06:46:00,8.010805E+03,6.353084E+02,5.577760E-01,5.610563E-02,0.000000E+00,0.000000E+00,0.000000E+00,0.000000E+00,0.000000E+00,0.000000E+00,0.000000E+00,0.000000E+00,2.110805E+01,7.994452E+01,2.388837E+01,6.793044E+01
06:47:00,8.010805E+03,6.366118E+02,5.577760E-01,5.622074E-02,0.000000E+00,0.000000E+00,0.000000E+00,0.000000E+00,0.000000E+00,0.000000E+00,0.000000E+00,0.000000E+00,2.110805E+01,7.994452E+01,2.388837E+01,6.791351E+01
06:48:00,8.010805E+03,6.379304E+02,5.577761E-01,5.633720E-02,0.000000E+00,0.000000E+00,0.000000E+00,0.000000E+00,0.000000E+00,0.000000E+00,0.000000E+00,0.000000E+00,2.110805E+01,7.994452E+01,2.388837E+01,6.789647E+01
06:49:00,8.010805E+03,6.392643E+02,5.577761E-01,5.645500E-02,0.000000E+00,0.000000E+00,0.000000E+00,0.000000E+00,0.000000E+00,0.000000E+00,0.000000E+00,0.000000E+00,2.110805E+01,7.994452E+01,2.388837E+01,6.787931E+01
06:50:00,8.010805E+03,6.406138E+02,5.577761E-01,5.657418E-02,0.000000E+00,0.000000E+00,0.000000E+00,0.000000E+00,0.000000E+00,0.000000E+00,0.000000E+00,0.000000E+00,2.110805E+01,7.994452E+01,2.388837E+01,6.786204E+01
06:51:00,8.010805E+03,6.419789E+02,5.577761E-01,5.669475E-02,0.000000E+00,0.000000E+00,0.000000E+00,0.000000E+00,0.000000E+00,0.000000E+00,0.000000E+00,0.000000E+00,2.110805E+01,7.994452E+01,2.388837E+01,6.784467E+01
06:52:00,8.010805E+03,6.433600E+02,5.577761E-01,5.681671E-02,0.000000E+00,0.000000E+00,0.000000E+00,0.000000E+00,0.000000E+00,0.000000E+00,0.000000E+00,0.000000E+00,2.110805E+01,7.994452E+01,2.388837E+01,6.782719E+01
06:53:00,8.010805E+03,6.447571E+02,5.577761E-01,5.694010E-02,0.000000E+00,0.000000E+00,0.000000E+00,0.000000E+00,0.000000E+00,0.000000E+00,0.000000E+00,0.000000E+00,2.110805E+01,7.994452E+01,2.388837E+01,6.780960E+01
06:54:00,8.010805E+03,6.461704E+02,5.577761E-01,5.706491E-02,0.000000E+00,0.000000E+00,0.000000E+00,0.000000E+00,0.000000E+00,0.000000E+00,0.000000E+00,0.000000E+00,2.110805E+01,7.994452E+01,2.388837E+01,6.779191E+01
06:55:00,8.010805E+03,6.476001E+02,5.577761E-01,5.719118E-02,0.000000E+00,0.000000E+00,0.000000E+00,0.000000E+00,0.000000E+00,0.000000E+00,0.000000E+00,0.000000E+00,2.110805E+01,7.994452E+01,2.388837E+01,6.777412E+01
06:56:00,8.010805E+03,6.490464E+02,5.577761E-01,5.731891E-02,0.000000E+00,0.000000E+00,0.000000E+00,0.000000E+00,0.000000E+00,0.000000E+00,0.000000E+00,0.000000E+00,2.110805E+01,7.994452E+01,2.388837E+01,6.775622E+01
06:57:00,8.010805E+03,6.505095E+02,5.577761E-01,5.744812E-02,0.000000E+00,0.000000E+00,0.000000E+00,0.000000E+00,0.000000E+00,0.000000E+00,0.000000E+00,0.000000E+00,2.110805E+01,7.994452E+01,2.388836E+01,6.773823E+01
06:58:00,8.010805E+03,6.519895E+02,5.577761E-01,5.757884E-02,0.000000E+00,0.000000E+00,0.000000E+00,0.000000E+00,0.000000E+00,0.000000E+00,0.000000E+00,0.000000E+00,2.110805E+01,7.994452E+01,2.388836E+01,6.772013E+01
06:59:00,8.010805E+03,6.534868E+02,5.577761E-01,5.771107E-02,0.000000E+00,0.000000E+00,0.000000E+00,0.000000E+00,0.000000E+00,0.000000E+00,0.000000E+00,0.000000E+00,2.110805E+01,7.994452E+01,2.388836E+01,6.770194E+01
07:00:00,8.010805E+03,6.550014E+02,5.577761E-01,5.784483E-02,0.000000E+00,0.000000E+00,0.000000E+00,0.000000E+00,0.000000E+00,0.000000E+00,0.000000E+00,0.000000E+00,2.110805E+01,7.994452E+01,2.388836E+01,6.768365E+01
07:01:00,8.010805E+03,6.565480E+02,5.577761E-01,5.798142E-02,0.000000E+00,0.000000E+00,0.000000E+00,0.000000E+00,0.000000E+00,0.000000E+00,0.000000E+00,0.000000E+00,2.110805E+01,7.994452E+01,2.388836E+01,6.766526E+01
07:02:00,8.010805E+03,6.581267E+02,5.577761E-01,5.812084E-02,0.000000E+00,0.000000E+00,0.000000E+00,0.000000E+00,0.000000E+00,0.000000E+00,0.000000E+00,0.000000E+00,2.110805E+01,7.994452E+01,2.388836E+01,6.764644E+01
07:03:00,8.010805E+03,6.597377E+02,5.577761E-01,5.826312E-02,0.000000E+00,0.000000E+00,0.000000E+00,0.000000E+00,0.000000E+00,0.000000E+00,0.000000E+00,0.000000E+00,2.110805E+01,7.994452E+01,2.388836E+01,6.762698E+01
07:04:00,8.010805E+03,6.613809E+02,5.577761E-01,5.840824E-02,0.000000E+00,0.000000E+00,0.000000E+00,0.000000E+00,0.000000E+00,0.000000E+00,0.000000E+00,0.000000E+00,2.110805E+01,7.994452E+01,2.388835E+01,6.760682E+01
07:05:00,8.010805E+03,6.630566E+02,5.577761E-01,5.855623E-02,0.000000E+00,0.000000E+00,0.000000E+00,0.000000E+00,0.000000E+00,0.000000E+00,0.000000E+00,0.000000E+00,2.110805E+01,7.994452E+01,2.388835E+01,6.758597E+01
07:06:00,8.010805E+03,6.647656E+02,5.577761E-01,5.870716E-02,0.000000E+00,0.000000E+00,0.000000E+00,0.000000E+00,0.000000E+00,0.000000E+00,0.000000E+00,0.000000E+00,2.110805E+01,7.994452E+01,2.388835E+01,6.756445E+01
07:07:00,8.010805E+03,6.665073E+02,5.577761E-01,5.886098E-02,0.000000E+00,0.000000E+00,0.000000E+00,0.000000E+00,0.000000E+00,0.000000E+00,0.000000E+00,0.000000E+00,2.110805E+01,7.994452E+01,2.388835E+01,6.754230E+01
07:08:00,8.010805E+03,6.682816E+02,5.577761E-01,5.901768E-02,0.000000E+00,0.000000E+00,0.000000E+00,0.000000E+00,0.000000E+00,0.000000E+00,0.000000E+00,0.000000E+00,2.110805E+01,7.994452E+01,2.388835E+01,6.751953E+01
07:09:00,8.010805E+03,6.700887E+02,5.577761E-01,5.917727E-02,0.000000E+00,0.000000E+00,0.000000E+00,0.000000E+00,0.000000E+00,0.000000E+00,0.000000E+00,0.000000E+00,2.110805E+01,7.994452E+01,2.388834E+01,6.749615E+01
07:10:00,8.010805E+03,6.719286E+02,5.577761E-01,5.933976E-02,0.000000E+00,0.000000E+00,0.000000E+00,0.000000E+00,0.000000E+00,0.000000E+00,0.000000E+00,0.000000E+00,2.110805E+01,7.994452E+01,2.388834E+01,6.747219E+01
07:11:00,8.010805E+03,6.738014E+02,5.577761E-01,5.950517E-02,0.000000E+00,0.000000E+00,0.000000E+00,0.000000E+00,0.000000E+00,0.000000E+00,0.000000E+00,0.000000E+00,2.110805E+01,7.994452E+01,2.388834E+01,6.744766E+01
07:12:00,8.010805E+03,6.757071E+02,5.577761E-01,5.967347E-02,0.000000E+00,0.000000E+00,0.000000E+00,0.000000E+00,0.000000E+00,0.000000E+00,0.000000E+00,0.000000E+00,2.110805E+01,7.994452E+01,2.388834E+01,6.742257E+01
07:13:00,8.010805E+03,6.776458E+02,5.577761E-01,5.984469E-02,0.000000E+00,0.000000E+00,0.000000E+00,0.000000E+00,0.000000E+00,0.000000E+00,0.000000E+00,0.000000E+00,2.110805E+01,7.994452E+01,2.388834E+01,6.739695E+01
07:14:00,8.010805E+03,6.796173E+02,5.577761E-01,6.001881E-02,0.000000E+00,0.000000E+00,0.000000E+00,0.000000E+00,0.000000E+00,0.000000E+00,0.000000E+00,0.000000E+00,2.110805E+01,7.994452E+01,2.388833E+01,6.737081E+01
07:15:00,8.010805E+03,6.816215E+02,5.577761E-01,6.019580E-02,0.000000E+00,0.000000E+00,0.000000E+00,0.000000E+00,0.000000E+00,0.000000E+00,0.000000E+00,0.000000E+00,2.110805E+01,7.994452E+01,2.388833E+01,6.734416E+01
07:16:00,8.010805E+03,6.836582E+02,5.577761E-01,6.037568E-02,0.000000E+00,0.000000E+00,0.000000E+00,0.000000E+00,0.000000E+00,0.000000E+00,0.000000E+00,0.000000E+00,2.110805E+01,7.994452E+01,2.388833E+01,6.731702E+01
07:17:00,8.010805E+03,6.857280E+02,5.577761E-01,6.055848E-02,0.000000E+00,0.000000E+00,0.000000E+00,0.000000E+00,0.000000E+00,0.000000E+00,0.000000E+00,0.000000E+00,2.110805E+01,7.994452E+01,2.388833E+01,6.728942E+01
07:18:00,8.010805E+03,6.878311E+02,5.577761E-01,6.074422E-02,0.000000E+00,0.000000E+00,0.000000E+00,0.000000E+00,0.000000E+00,0.000000E+00,0.000000E+00,0.000000E+00,2.110805E+01,7.994452E+01,2.388833E+01,6.726136E+01
07:19:00,8.010805E+03,6.899678E+02,5.577761E-01,6.093291E-02,0.000000E+00,0.000000E+00,0.000000E+00,0.000000E+00,0.000000E+00,0.000000E+00,0.000000E+00,0.000000E+00,2.110805E+01,7.994452E+01,2.388832E+01,6.723284E+01
07:20:00,8.010805E+03,6.921381E+02,5.577761E-01,6.112459E-02,0.000000E+00,0.000000E+00,0.000000E+00,0.000000E+00,0.000000E+00,0.000000E+00,0.000000E+00,0.000000E+00,2.110805E+01,7.994452E+01,2.388832E+01,6.720389E+01
07:21:00,8.010805E+03,6.943423E+02,5.577761E-01,6.131925E-02,0.000000E+00,0.000000E+00,0.000000E+00,0.000000E+00,0.000000E+00,0.000000E+00,0.000000E+00,0.000000E+00,2.110805E+01,7.994452E+01,2.388832E+01,6.717451E+01
07:22:00,8.010805E+03,6.965805E+02,5.577761E-01,6.151693E-02,0.000000E+00,0.000000E+00,0.000000E+00,0.000000E+00,0.000000E+00,0.000000E+00,0.000000E+00,0.000000E+00,2.110805E+01,7.994452E+01,2.388832E+01,6.714471E+01
07:23:00,8.010805E+03,6.988529E+02,5.577761E-01,6.171761E-02,0.000000E+00,0.000000E+00,0.000000E+00,0.000000E+00,0.000000E+00,0.000000E+00,0.000000E+00,0.000000E+00,2.110805E+01,7.994452E+01,2.388832E+01,6.711450E+01
07:24:00,8.010805E+03,7.011589E+02,5.577761E-01,6.192127E-02,0.000000E+00,0.000000E+00,0.000000E+00,0.000000E+00,0.000000E+00,0.000000E+00,0.000000E+00,0.000000E+00,2.110805E+01,7.994452E+01,2.388831E+01,6.708389E+01
07:25:00,8.010805E+03,7.034990E+02,5.577761E-01,6.212794E-02,0.000000E+00,0.000000E+00,0.000000E+00,0.000000E+00,0.000000E+00,0.000000E+00,0.000000E+00,0.000000E+00,2.110805E+01,7.994452E+01,2.388831E+01,6.705290E+01
07:26:00,8.010805E+03,7.058736E+02,5.577761E-01,6.233765E-02,0.000000E+00,0.000000E+00,0.000000E+00,0.000000E+00,0.000000E+00,0.000000E+00,0.000000E+00,0.000000E+00,2.110805E+01,7.994452E+01,2.388831E+01,6.702154E+01
07:27:00,8.010805E+03,7.082383E+02,5.577761E-01,6.254650E-02,0.000000E+00,0.000000E+00,0.000000E+00,0.000000E+00,0.000000E+00,0.000000E+00,0.000000E+00,0.000000E+00,2.110805E+01,7.994452E+01,2.388831E+01,6.698981E+01
07:28:00,8.010805E+03,7.106362E+02,5.577761E-01,6.275827E-02,0.000000E+00,0.000000E+00,0.000000E+00,0.000000E+00,0.000000E+00,0.000000E+00,0.000000E+00,0.000000E+00,2.110805E+01,7.994452E+01,2.388831E+01,6.695773E+01
07:29:00,8.010805E+03,7.130684E+02,5.577761E-01,6.297307E-02,0.000000E+00,0.000000E+00,0.000000E+00,0.000000E+00,0.000000E+00,0.000000E+00,0.000000E+00,0.000000E+00,2.110805E+01,7.994452E+01,2.388831E+01,6.692528E+01
07:30:00,8.010805E+03,7.155362E+02,5.577761E-01,6.319102E-02,0.000000E+00,0.000000E+00,0.000000E+00,0.000000E+00,0.000000E+00,0.000000E+00,0.000000E+00,0.000000E+00,2.110805E+01,7.994452E+01,2.388830E+01,6.689247E+01
07:31:00,8.010805E+03,7.180396E+02,5.577761E-01,6.341211E-02,0.000000E+00,0.000000E+00,0.000000E+00,0.000000E+00,0.000000E+00,0.000000E+00,0.000000E+00,0.000000E+00,2.110805E+01,7.994452E+01,2.388830E+01,6.685931E+01
07:32:00,8.010805E+03,7.205791E+02,5.577761E-01,6.363639E-02,0.000000E+00,0.000000E+00,0.000000E+00,0.000000E+00,0.000000E+00,0.000000E+00,0.000000E+00,0.000000E+00,2.110805E+01,7.994452E+01,2.388830E+01,6.682581E+01
07:33:00,8.010805E+03,7.231549E+02,5.577761E-01,6.386387E-02,0.000000E+00,0.000000E+00,0.000000E+00,0.000000E+00,0.000000E+00,0.000000E+00,0.000000E+00,0.000000E+00,2.110805E+01,7.994452E+01,2.388830E+01,6.679196E+01
07:34:00,8.010805E+03,7.257673E+02,5.577761E-01,6.409459E-02,0.000000E+00,0.000000E+00,0.000000E+00,0.000000E+00,0.000000E+00,0.000000E+00,0.000000E+00,0.000000E+00,2.110805E+01,7.994452E+01,2.388830E+01,6.675778E+01
07:35:00,8.010805E+03,7.284167E+02,5.577761E-01,6.432857E-02,0.000000E+00,0.000000E+00,0.000000E+00,0.000000E+00,0.000000E+00,0.000000E+00,0.000000E+00,0.000000E+00,2.110805E+01,7.994452E+01,2.388829E+01,6.672327E+01
07:36:00,8.010805E+03,7.311033E+02,5.577761E-01,6.456584E-02,0.000000E+00,0.000000E+00,0.000000E+00,0.000000E+00,0.000000E+00,0.000000E+00,0.000000E+00,0.000000E+00,2.110805E+01,7.994452E+01,2.388829E+01,6.668845E+01
07:37:00,8.010805E+03,7.338272E+02,5.577761E-01,6.480641E-02,0.000000E+00,0.000000E+00,0.000000E+00,0.000000E+00,0.000000E+00,0.000000E+00,0.000000E+00,0.000000E+00,2.110805E+01,7.994452E+01,2.388829E+01,6.665332E+01
07:38:00,8.010805E+03,7.365894E+02,5.577761E-01,6.505036E-02,0.000000E+00,0.000000E+00,0.000000E+00,0.000000E+00,0.000000E+00,0.000000E+00,0.000000E+00,0.000000E+00,2.110805E+01,7.994452E+01,2.388829E+01,6.661789E+01
07:39:00,8.010805E+03,7.393902E+02,5.577761E-01,6.529772E-02,0.000000E+00,0.000000E+00,0.000000E+00,0.000000E+00,0.000000E+00,0.000000E+00,0.000000E+00,0.000000E+00,2.110805E+01,7.994452E+01,2.388829E+01,6.658214E+01
07:40:00,8.010805E+03,7.422297E+02,5.577761E-01,6.554849E-02,0.000000E+00,0.000000E+00,0.000000E+00,0.000000E+00,0.000000E+00,0.000000E+00,0.000000E+00,0.000000E+00,2.110805E+01,7.994452E+01,2.388829E+01,6.654610E+01
07:41:00,8.010805E+03,7.451079E+02,5.577761E-01,6.580268E-02,0.000000E+00,0.000000E+00,0.000000E+00,0.000000E+00,0.000000E+00,0.000000E+00,0.000000E+00,0.000000E+00,2.110805E+01,7.994452E+01,2.388828E+01,6.650974E+01
07:42:00,8.010805E+03,7.480251E+02,5.577761E-01,6.606031E-02,0.000000E+00,0.000000E+00,0.000000E+00,0.000000E+00,0.000000E+00,0.000000E+00,0.000000E+00,0.000000E+00,2.110805E+01,7.994452E+01,2.388828E+01,6.647309E+01
07:43:00,8.010805E+03,7.509812E+02,5.577761E-01,6.632139E-02,0.000000E+00,0.000000E+00,0.000000E+00,0.000000E+00,0.000000E+00,0.000000E+00,0.000000E+00,0.000000E+00,2.110805E+01,7.994452E+01,2.388828E+01,6.643616E+01
07:44:00,8.010805E+03,7.539765E+02,5.577761E-01,6.658592E-02,0.000000E+00,0.000000E+00,0.000000E+00,0.000000E+00,0.000000E+00,0.000000E+00,0.000000E+00,0.000000E+00,2.110805E+01,7.994452E+01,2.388828E+01,6.639895E+01
07:45:00,8.010805E+03,7.570111E+02,5.577761E-01,6.685392E-02,0.000000E+00,0.000000E+00,0.000000E+00,0.000000E+00,0.000000E+00,0.000000E+00,0.000000E+00,0.000000E+00,2.110805E+01,7.994452E+01,2.388828E+01,6.636146E+01
07:46:00,8.010805E+03,7.600849E+02,5.577761E-01,6.712539E-02,0.000000E+00,0.000000E+00,0.000000E+00,0.000000E+00,0.000000E+00,0.000000E+00,0.000000E+00,0.000000E+00,2.110805E+01,7.994452E+01,2.388827E+01,6.632372E+01
07:47:00,8.010805E+03,7.631982E+02,5.577761E-01,6.740035E-02,0.000000E+00,0.000000E+00,0.000000E+00,0.000000E+00,0.000000E+00,0.000000E+00,0.000000E+00,0.000000E+00,2.110805E+01,7.994452E+01,2.388827E+01,6.628571E+01
07:48:00,8.010805E+03,7.663510E+02,5.577761E-01,6.767879E-02,0.000000E+00,0.000000E+00,0.000000E+00,0.000000E+00,0.000000E+00,0.000000E+00,0.000000E+00,0.000000E+00,2.110805E+01,7.994452E+01,2.388827E+01,6.624746E+01
07:49:00,8.010805E+03,7.695434E+02,5.577761E-01,6.796073E-02,0.000000E+00,0.000000E+00,0.000000E+00,0.000000E+00,0.000000E+00,0.000000E+00,0.000000E+00,0.000000E+00,2.110805E+01,7.994452E+01,2.388827E+01,6.620896E+01
07:50:00,8.010805E+03,7.727754E+02,5.577761E-01,6.824617E-02,0.000000E+00,0.000000E+00,0.000000E+00,0.000000E+00,0.000000E+00,0.000000E+00,0.000000E+00,0.000000E+00,2.110805E+01,7.994452E+01,2.388827E+01,6.617023E+01
07:51:00,8.010805E+03,7.760472E+02,5.577761E-01,6.853513E-02,0.000000E+00,0.000000E+00,0.000000E+00,0.000000E+00,0.000000E+00,0.000000E+00,0.000000E+00,0.000000E+00,2.110805E+01,7.994452E+01,2.388827E+01,6.613127E+01
07:52:00,8.010805E+03,7.793589E+02,5.577761E-01,6.882760E-02,0.000000E+00,0.000000E+00,0.000000E+00,0.000000E+00,0.000000E+00,0.000000E+00,0.000000E+00,0.000000E+00,2.110805E+01,7.994452E+01,2.388826E+01,6.609209E+01
07:53:00,8.010805E+03,7.827103E+02,5.577761E-01,6.912359E-02,0.000000E+00,0.000000E+00,0.000000E+00,0.000000E+00,0.000000E+00,0.000000E+00,0.000000E+00,0.000000E+00,2.110805E+01,7.994452E+01,2.388826E+01,6.605270E+01
07:54:00,8.010805E+03,7.861017E+02,5.577761E-01,6.942310E-02,0.000000E+00,0.000000E+00,0.000000E+00,0.000000E+00,0.000000E+00,0.000000E+00,0.000000E+00,0.000000E+00,2.110805E+01,7.994452E+01,2.388826E+01,6.601310E+01
07:55:00,8.010805E+03,7.895332E+02,5.577761E-01,6.972616E-02,0.000000E+00,0.000000E+00,0.000000E+00,0.000000E+00,0.000000E+00,0.000000E+00,0.000000E+00,0.000000E+00,2.110805E+01,7.994452E+01,2.388826E+01,6.597330E+01
07:56:00,8.010805E+03,7.930047E+02,5.577761E-01,7.003275E-02,0.000000E+00,0.000000E+00,0.000000E+00,0.000000E+00,0.000000E+00,0.000000E+00,0.000000E+00,0.000000E+00,2.110805E+01,7.994452E+01,2.388826E+01,6.593330E+01
07:57:00,8.010805E+03,7.965162E+02,5.577761E-01,7.034287E-02,0.000000E+00,0.000000E+00,0.000000E+00,0.000000E+00,0.000000E+00,0.000000E+00,0.000000E+00,0.000000E+00,2.110805E+01,7.994452E+01,2.388826E+01,6.589311E+01
07:58:00,8.010805E+03,8.000679E+02,5.577761E-01,7.065655E-02,0.000000E+00,0.000000E+00,0.000000E+00,0.000000E+00,0.000000E+00,0.000000E+00,0.000000E+00,0.000000E+00,2.110805E+01,7.994452E+01,2.388825E+01,6.585275E+01
07:59:00,8.010805E+03,8.036599E+02,5.577761E-01,7.097378E-02,0.000000E+00,0.000000E+00,0.000000E+00,0.000000E+00,0.000000E+00,0.000000E+00,0.000000E+00,0.000000E+00,2.110805E+01,7.994452E+01,2.388825E+01,6.581221E+01
08:00:00,8.010805E+03,8.072920E+02,5.577761E-01,7.129456E-02,0.000000E+00,0.000000E+00,0.000000E+00,0.000000E+00,0.000000E+00,0.000000E+00,0.000000E+00,0.000000E+00,2.110805E+01,7.994452E+01,2.388825E+01,6.577151E+01
08:01:00,8.010805E+03,8.109411E+02,5.577761E-01,7.161683E-02,0.000000E+00,0.000000E+00,0.000000E+00,0.000000E+00,0.000000E+00,0.000000E+00,0.000000E+00,0.000000E+00,2.110805E+01,7.994452E+01,2.388825E+01,6.573064E+01
08:02:00,8.010805E+03,8.146075E+02,5.577761E-01,7.194063E-02,0.000000E+00,0.000000E+00,0.000000E+00,0.000000E+00,0.000000E+00,0.000000E+00,0.000000E+00,0.000000E+00,2.110805E+01,7.994452E+01,2.388825E+01,6.568955E+01
08:03:00,8.010805E+03,8.182916E+02,5.577761E-01,7.226600E-02,0.000000E+00,0.000000E+00,0.000000E+00,0.000000E+00,0.000000E+00,0.000000E+00,0.000000E+00,0.000000E+00,2.110805E+01,7.994452E+01,2.388824E+01,6.564822E+01
08:04:00,8.010805E+03,8.219931E+02,5.577761E-01,7.259291E-02,0.000000E+00,0.000000E+00,0.000000E+00,0.000000E+00,0.000000E+00,0.000000E+00,0.000000E+00,0.000000E+00,2.110805E+01,7.994452E+01,2.388824E+01,6.560662E+01
08:05:00,8.010805E+03,8.257120E+02,5.577761E-01,7.292135E-02,0.000000E+00,0.000000E+00,0.000000E+00,0.000000E+00,0.000000E+00,0.000000E+00,0.000000E+00,0.000000E+00,2.110805E+01,7.994452E+01,2.388824E+01,6.556479E+01
08:06:00,8.010805E+03,8.294488E+02,5.577761E-01,7.325136E-02,0.000000E+00,0.000000E+00,0.000000E+00,0.000000E+00,0.000000E+00,0.000000E+00,0.000000E+00,0.000000E+00,2.110805E+01,7.994452E+01,2.388824E+01,6.552271E+01
08:07:00,8.010805E+03,8.332031E+02,5.577761E-01,7.358293E-02,0.000000E+00,0.000000E+00,0.000000E+00,0.000000E+00,0.000000E+00,0.000000E+00,0.000000E+00,0.000000E+00,2.110805E+01,7.994452E+01,2.388824E+01,6.548041E+01
08:08:00,8.010805E+03,8.369748E+02,5.577761E-01,7.391604E-02,0.000000E+00,0.000000E+00,0.000000E+00,0.000000E+00,0.000000E+00,0.000000E+00,0.000000E+00,0.000000E+00,2.110805E+01,7.994452E+01,2.388824E+01,6.543790E+01
08:09:00,8.010805E+03,8.407645E+02,5.577761E-01,7.425073E-02,0.000000E+00,0.000000E+00,0.000000E+00,0.000000E+00,0.000000E+00,0.000000E+00,0.000000E+00,0.000000E+00,2.110805E+01,7.994452E+01,2.388823E+01,6.539517E+01
08:10:00,8.010805E+03,8.445719E+02,5.577761E-01,7.458699E-02,0.000000E+00,0.000000E+00,0.000000E+00,0.000000E+00,0.000000E+00,0.000000E+00,0.000000E+00,0.000000E+00,2.110805E+01,7.994452E+01,2.388823E+01,6.535225E+01
08:11:00,8.010805E+03,8.483969E+02,5.577761E-01,7.492480E-02,0.000000E+00,0.000000E+00,0.000000E+00,0.000000E+00,0.000000E+00,0.000000E+00,0.000000E+00,0.000000E+00,2.110805E+01,7.994452E+01,2.388823E+01,6.530913E+01
08:12:00,8.010805E+03,8.522399E+02,5.577761E-01,7.526420E-02,0.000000E+00,0.000000E+00,0.000000E+00,0.000000E+00,0.000000E+00,0.000000E+00,0.000000E+00,0.000000E+00,2.110805E+01,7.994452E+01,2.388823E+01,6.526584E+01
08:13:00,8.010805E+03,8.561010E+02,5.577761E-01,7.560520E-02,0.000000E+00,0.000000E+00,0.000000E+00,0.000000E+00,0.000000E+00,0.000000E+00,0.000000E+00,0.000000E+00,2.110805E+01,7.994452E+01,2.388823E+01,6.522237E+01
08:14:00,8.010805E+03,8.599799E+02,5.577761E-01,7.594777E-02,0.000000E+00,0.000000E+00,0.000000E+00,0.000000E+00,0.000000E+00,0.000000E+00,0.000000E+00,0.000000E+00,2.110805E+01,7.994452E+01,2.388822E+01,6.517874E+01
08:15:00,8.010805E+03,8.638776E+02,5.577761E-01,7.629200E-02,0.000000E+00,0.000000E+00,0.000000E+00,0.000000E+00,0.000000E+00,0.000000E+00,0.000000E+00,0.000000E+00,2.110805E+01,7.994452E+01,2.388822E+01,6.513494E+01
08:16:00,8.010805E+03,8.677940E+02,5.577761E-01,7.663788E-02,0.000000E+00,0.000000E+00,0.000000E+00,0.000000E+00,0.000000E+00,0.000000E+00,0.000000E+00,0.000000E+00,2.110805E+01,7.994452E+01,2.388822E+01,6.509100E+01
08:17:00,8.010805E+03,8.717283E+02,5.577761E-01,7.698535E-02,0.000000E+00,0.000000E+00,0.000000E+00,0.000000E+00,0.000000E+00,0.000000E+00,0.000000E+00,0.000000E+00,2.110805E+01,7.994452E+01,2.388822E+01,6.504691E+01
08:18:00,8.010805E+03,8.756810E+02,5.577761E-01,7.733444E-02,0.000000E+00,0.000000E+00,0.000000E+00,0.000000E+00,0.000000E+00,0.000000E+00,0.000000E+00,0.000000E+00,2.110805E+01,7.994452E+01,2.388822E+01,6.500269E+01
08:19:00,8.010805E+03,8.796517E+02,5.577761E-01,7.768511E-02,0.000000E+00,0.000000E+00,0.000000E+00,0.000000E+00,0.000000E+00,0.000000E+00,0.000000E+00,0.000000E+00,2.110805E+01,7.994452E+01,2.388822E+01,6.495833E+01
08:20:00,8.010805E+03,8.836400E+02,5.577761E-01,7.803735E-02,0.000000E+00,0.000000E+00,0.000000E+00,0.000000E+00,0.000000E+00,0.000000E+00,0.000000E+00,0.000000E+00,2.110805E+01,7.994452E+01,2.388821E+01,6.491386E+01
08:21:00,8.010805E+03,8.876464E+02,5.577761E-01,7.839119E-02,0.000000E+00,0.000000E+00,0.000000E+00,0.000000E+00,0.000000E+00,0.000000E+00,0.000000E+00,0.000000E+00,2.110805E+01,7.994452E+01,2.388821E+01,6.486927E+01
08:22:00,8.010805E+03,8.916705E+02,5.577761E-01,7.874658E-02,0.000000E+00,0.000000E+00,0.000000E+00,0.000000E+00,0.000000E+00,0.000000E+00,0.000000E+00,0.000000E+00,2.110805E+01,7.994452E+01,2.388821E+01,6.482457E+01
08:23:00,8.010805E+03,8.957122E+02,5.577761E-01,7.910353E-02,0.000000E+00,0.000000E+00,0.000000E+00,0.000000E+00,0.000000E+00,0.000000E+00,0.000000E+00,0.000000E+00,2.110805E+01,7.994452E+01,2.388821E+01,6.477977E+01
08:24:00,8.010805E+03,8.997724E+02,5.577761E-01,7.946211E-02,0.000000E+00,0.000000E+00,0.000000E+00,0.000000E+00,0.000000E+00,0.000000E+00,0.000000E+00,0.000000E+00,2.110805E+01,7.994452E+01,2.388821E+01,6.473488E+01
08:25:00,8.010805E+03,9.038505E+02,5.577761E-01,7.982227E-02,0.000000E+00,0.000000E+00,0.000000E+00,0.000000E+00,0.000000E+00,0.000000E+00,0.000000E+00,0.000000E+00,2.110805E+01,7.994452E+01,2.388820E+01,6.468990E+01
08:26:00,8.010805E+03,9.079462E+02,5.577761E-01,8.018400E-02,0.000000E+00,0.000000E+00,0.000000E+00,0.000000E+00,0.000000E+00,0.000000E+00,0.000000E+00,0.000000E+00,2.110805E+01,7.994452E+01,2.388820E+01,6.464483E+01
08:27:00,8.010805E+03,9.120589E+02,5.577761E-01,8.054721E-02,0.000000E+00,0.000000E+00,0.000000E+00,0.000000E+00,0.000000E+00,0.000000E+00,0.000000E+00,0.000000E+00,2.110805E+01,7.994452E+01,2.388820E+01,6.459969E+01
08:28:00,8.010805E+03,9.161885E+02,5.577761E-01,8.091193E-02,0.000000E+00,0.000000E+00,0.000000E+00,0.000000E+00,0.000000E+00,0.000000E+00,0.000000E+00,0.000000E+00,2.110805E+01,7.994452E+01,2.388820E+01,6.455447E+01
08:29:00,8.010805E+03,9.203343E+02,5.577761E-01,8.127807E-02,0.000000E+00,0.000000E+00,0.000000E+00,0.000000E+00,0.000000E+00,0.000000E+00,0.000000E+00,0.000000E+00,2.110805E+01,7.994452E+01,2.388820E+01,6.450919E+01
08:30:00,8.010805E+03,9.244960E+02,5.577761E-01,8.164562E-02,0.000000E+00,0.000000E+00,0.000000E+00,0.000000E+00,0.000000E+00,0.000000E+00,0.000000E+00,0.000000E+00,2.110805E+01,7.994452E+01,2.388820E+01,6.446385E+01
08:31:00,8.010805E+03,9.286736E+02,5.577761E-01,8.201457E-02,0.000000E+00,0.000000E+00,0.000000E+00,0.000000E+00,0.000000E+00,0.000000E+00,0.000000E+00,0.000000E+00,2.110805E+01,7.994452E+01,2.388819E+01,6.441846E+01
08:32:00,8.010805E+03,9.328666E+02,5.577761E-01,8.238489E-02,0.000000E+00,0.000000E+00,0.000000E+00,0.000000E+00,0.000000E+00,0.000000E+00,0.000000E+00,0.000000E+00,2.110805E+01,7.994452E+01,2.388819E+01,6.437302E+01
08:33:00,8.010805E+03,9.370755E+02,5.577761E-01,8.275660E-02,0.000000E+00,0.000000E+00,0.000000E+00,0.000000E+00,0.000000E+00,0.000000E+00,0.000000E+00,0.000000E+00,2.110805E+01,7.994452E+01,2.388819E+01,6.432754E+01
08:34:00,8.010805E+03,9.412998E+02,5.577761E-01,8.312968E-02,0.000000E+00,0.000000E+00,0.000000E+00,0.000000E+00,0.000000E+00,0.000000E+00,0.000000E+00,0.000000E+00,2.110805E+01,7.994452E+01,2.388819E+01,6.428202E+01
08:35:00,8.010805E+03,9.455394E+02,5.577761E-01,8.350411E-02,0.000000E+00,0.000000E+00,0.000000E+00,0.000000E+00,0.000000E+00,0.000000E+00,0.000000E+00,0.000000E+00,2.110805E+01,7.994452E+01,2.388819E+01,6.423646E+01
08:36:00,8.010805E+03,9.497941E+02,5.577761E-01,8.387987E-02,0.000000E+00,0.000000E+00,0.000000E+00,0.000000E+00,0.000000E+00,0.000000E+00,0.000000E+00,0.000000E+00,2.110805E+01,7.994452E+01,2.388819E+01,6.419088E+01
08:37:00,8.010805E+03,9.540637E+02,5.577761E-01,8.425694E-02,0.000000E+00,0.000000E+00,0.000000E+00,0.000000E+00,0.000000E+00,0.000000E+00,0.000000E+00,0.000000E+00,2.110805E+01,7.994452E+01,2.388819E+01,6.414527E+01
08:38:00,8.010805E+03,9.583470E+02,5.577761E-01,8.463524E-02,0.000000E+00,0.000000E+00,0.000000E+00,0.000000E+00,0.000000E+00,0.000000E+00,0.000000E+00,0.000000E+00,2.110805E+01,7.994452E+01,2.388818E+01,6.409964E+01
08:39:00,8.010805E+03,9.626439E+02,5.577761E-01,8.501472E-02,0.000000E+00,0.000000E+00,0.000000E+00,0.000000E+00,0.000000E+00,0.000000E+00,0.000000E+00,0.000000E+00,2.110805E+01,7.994452E+01,2.388818E+01,6.405400E+01
08:40:00,8.010805E+03,9.669544E+02,5.577761E-01,8.539541E-02,0.000000E+00,0.000000E+00,0.000000E+00,0.000000E+00,0.000000E+00,0.000000E+00,0.000000E+00,0.000000E+00,2.110805E+01,7.994452E+01,2.388818E+01,6.400835E+01
08:41:00,8.010805E+03,9.712782E+02,5.577761E-01,8.577727E-02,0.000000E+00,0.000000E+00,0.000000E+00,0.000000E+00,0.000000E+00,0.000000E+00,0.000000E+00,0.000000E+00,2.110805E+01,7.994452E+01,2.388818E+01,6.396269E+01
08:42:00,8.010805E+03,9.756151E+02,5.577761E-01,8.616030E-02,0.000000E+00,0.000000E+00,0.000000E+00,0.000000E+00,0.000000E+00,0.000000E+00,0.000000E+00,0.000000E+00,2.110805E+01,7.994452E+01,2.388818E+01,6.391703E+01
08:43:00,8.010805E+03,9.799650E+02,5.577761E-01,8.654447E-02,0.000000E+00,0.000000E+00,0.000000E+00,0.000000E+00,0.000000E+00,0.000000E+00,0.000000E+00,0.000000E+00,2.110805E+01,7.994452E+01,2.388818E+01,6.387138E+01
08:44:00,8.010805E+03,9.843278E+02,5.577761E-01,8.692978E-02,0.000000E+00,0.000000E+00,0.000000E+00,0.000000E+00,0.000000E+00,0.000000E+00,0.000000E+00,0.000000E+00,2.110805E+01,7.994452E+01,2.388817E+01,6.382573E+01
08:45:00,8.010805E+03,9.887033E+02,5.577761E-01,8.731621E-02,0.000000E+00,0.000000E+00,0.000000E+00,0.000000E+00,0.000000E+00,0.000000E+00,0.000000E+00,0.000000E+00,2.110805E+01,7.994452E+01,2.388817E+01,6.378010E+01
08:46:00,8.010805E+03,9.930915E+02,5.577761E-01,8.770376E-02,0.000000E+00,0.000000E+00,0.000000E+00,0.000000E+00,0.000000E+00,0.000000E+00,0.000000E+00,0.000000E+00,2.110805E+01,7.994452E+01,2.388817E+01,6.373448E+01
08:47:00,8.010805E+03,9.974919E+02,5.577761E-01,8.809239E-02,0.000000E+00,0.000000E+00,0.000000E+00,0.000000E+00,0.000000E+00,0.000000E+00,0.000000E+00,0.000000E+00,2.110805E+01,7.994452E+01,2.388817E+01,6.368888E+01
08:48:00,8.010805E+03,1.001905E+03,5.577761E-01,8.848212E-02,0.000000E+00,0.000000E+00,0.000000E+00,0.000000E+00,0.000000E+00,0.000000E+00,0.000000E+00,0.000000E+00,2.110805E+01,7.994452E+01,2.388817E+01,6.364331E+01
08:49:00,8.010805E+03,1.006330E+03,5.577761E-01,8.887292E-02,0.000000E+00,0.000000E+00,0.000000E+00,0.000000E+00,0.000000E+00,0.000000E+00,0.000000E+00,0.000000E+00,2.110805E+01,7.994452E+01,2.388817E+01,6.359777E+01
08:50:00,8.010805E+03,1.010767E+03,5.577761E-01,8.926478E-02,0.000000E+00,0.000000E+00,0.000000E+00,0.000000E+00,0.000000E+00,0.000000E+00,0.000000E+00,0.000000E+00,2.110805E+01,7.994452E+01,2.388817E+01,6.355225E+01
08:51:00,8.010805E+03,1.015215E+03,5.577761E-01,8.965768E-02,0.000000E+00,0.000000E+00,0.000000E+00,0.000000E+00,0.000000E+00,0.000000E+00,0.000000E+00,0.000000E+00,2.110805E+01,7.994452E+01,2.388816E+01,6.350678E+01
08:52:00,8.010805E+03,1.019676E+03,5.577761E-01,9.005163E-02,0.000000E+00,0.000000E+00,0.000000E+00,0.000000E+00,0.000000E+00,0.000000E+00,0.000000E+00,0.000000E+00,2.110805E+01,7.994452E+01,2.388816E+01,6.346134E+01
08:53:00,8.010805E+03,1.024149E+03,5.577761E-01,9.044663E-02,0.000000E+00,0.000000E+00,0.000000E+00,0.000000E+00,0.000000E+00,0.000000E+00,0.000000E+00,0.000000E+00,2.110805E+01,7.994452E+01,2.388816E+01,6.341595E+01
08:54:00,8.010805E+03,1.028671E+03,5.577761E-01,9.084607E-02,0.000000E+00,0.000000E+00,0.000000E+00,0.000000E+00,0.000000E+00,0.000000E+00,0.000000E+00,0.000000E+00,2.110805E+01,7.994452E+01,2.388816E+01,6.337059E+01
08:55:00,8.010805E+03,1.033207E+03,5.577761E-01,9.124662E-02,0.000000E+00,0.000000E+00,0.000000E+00,0.000000E+00,0.000000E+00,0.000000E+00,0.000000E+00,0.000000E+00,2.110805E+01,7.994452E+01,2.388816E+01,6.332492E+01
08:56:00,8.010805E+03,1.037755E+03,5.577761E-01,9.164834E-02,0.000000E+00,0.000000E+00,0.000000E+00,0.000000E+00,0.000000E+00,0.000000E+00,0.000000E+00,0.000000E+00,2.110805E+01,7.994452E+01,2.388816E+01,6.327905E+01
08:57:00,8.010805E+03,1.042316E+03,5.577761E-01,9.205115E-02,0.000000E+00,0.000000E+00,0.000000E+00,0.000000E+00,0.000000E+00,0.000000E+00,0.000000E+00,0.000000E+00,2.110805E+01,7.994452E+01,2.388815E+01,6.323314E+01
08:58:00,8.010805E+03,1.046890E+03,5.577761E-01,9.245505E-02,0.000000E+00,0.000000E+00,0.000000E+00,0.000000E+00,0.000000E+00,0.000000E+00,0.000000E+00,0.000000E+00,2.110805E+01,7.994452E+01,2.388815E+01,6.318728E+01
08:59:00,8.010805E+03,1.051475E+03,5.577761E-01,9.286000E-02,0.000000E+00,0.000000E+00,0.000000E+00,0.000000E+00,0.000000E+00,0.000000E+00,0.000000E+00,0.000000E+00,2.110805E+01,7.994452E+01,2.388815E+01,6.314149E+01
09:00:00,8.010805E+03,1.056072E+03,5.577761E-01,9.326601E-02,0.000000E+00,0.000000E+00,0.000000E+00,0.000000E+00,0.000000E+00,0.000000E+00,0.000000E+00,0.000000E+00,2.110805E+01,7.994452E+01,2.388815E+01,6.309578E+01
09:01:00,8.010805E+03,1.060670E+03,5.577761E-01,9.367207E-02,0.000000E+00,0.000000E+00,0.000000E+00,0.000000E+00,0.000000E+00,0.000000E+00,0.000000E+00,0.000000E+00,2.110805E+01,7.994452E+01,2.388815E+01,6.305015E+01
09:02:00,8.010805E+03,1.065268E+03,5.577761E-01,9.407817E-02,0.000000E+00,0.000000E+00,0.000000E+00,0.000000E+00,0.000000E+00,0.000000E+00,0.000000E+00,0.000000E+00,2.110805E+01,7.994452E+01,2.388815E+01,6.300464E+01
09:03:00,8.010805E+03,1.069866E+03,5.577761E-01,9.448427E-02,0.000000E+00,0.000000E+00,0.000000E+00,0.000000E+00,0.000000E+00,0.000000E+00,0.000000E+00,0.000000E+00,2.110805E+01,7.994452E+01,2.388815E+01,6.295931E+01
09:04:00,8.010805E+03,1.074465E+03,5.577761E-01,9.489040E-02,0.000000E+00,0.000000E+00,0.000000E+00,0.000000E+00,0.000000E+00,0.000000E+00,0.000000E+00,0.000000E+00,2.110805E+01,7.994452E+01,2.388815E+01,6.291415E+01
09:05:00,8.010805E+03,1.079064E+03,5.577761E-01,9.529656E-02,0.000000E+00,0.000000E+00,0.000000E+00,0.000000E+00,0.000000E+00,0.000000E+00,0.000000E+00,0.000000E+00,2.110805E+01,7.994452E+01,2.388814E+01,6.286917E+01
09:06:00,8.010805E+03,1.083662E+03,5.577761E-01,9.570269E-02,0.000000E+00,0.000000E+00,0.000000E+00,0.000000E+00,0.000000E+00,0.000000E+00,0.000000E+00,0.000000E+00,2.110805E+01,7.994452E+01,2.388814E+01,6.282436E+01
09:07:00,8.010805E+03,1.088261E+03,5.577761E-01,9.610883E-02,0.000000E+00,0.000000E+00,0.000000E+00,0.000000E+00,0.000000E+00,0.000000E+00,0.000000E+00,0.000000E+00,2.110805E+01,7.994452E+01,2.388814E+01,6.277973E+01
09:08:00,8.010805E+03,1.092859E+03,5.577761E-01,9.651497E-02,0.000000E+00,0.000000E+00,0.000000E+00,0.000000E+00,0.000000E+00,0.000000E+00,0.000000E+00,0.000000E+00,2.110805E+01,7.994452E+01,2.388814E+01,6.273527E+01
09:09:00,8.010805E+03,1.097458E+03,5.577761E-01,9.692108E-02,0.000000E+00,0.000000E+00,0.000000E+00,0.000000E+00,0.000000E+00,0.000000E+00,0.000000E+00,0.000000E+00,2.110805E+01,7.994452E+01,2.388814E+01,6.269098E+01
09:10:00,8.010805E+03,1.102056E+03,5.577761E-01,9.732716E-02,0.000000E+00,0.000000E+00,0.000000E+00,0.000000E+00,0.000000E+00,0.000000E+00,0.000000E+00,0.000000E+00,2.110805E+01,7.994452E+01,2.388814E+01,6.264686E+01
09:11:00,8.010805E+03,1.106654E+03,5.577761E-01,9.773324E-02,0.000000E+00,0.000000E+00,0.000000E+00,0.000000E+00,0.000000E+00,0.000000E+00,0.000000E+00,0.000000E+00,2.110805E+01,7.994452E+01,2.388814E+01,6.260290E+01
09:12:00,8.010805E+03,1.111251E+03,5.577761E-01,9.813926E-02,0.000000E+00,0.000000E+00,0.000000E+00,0.000000E+00,0.000000E+00,0.000000E+00,0.000000E+00,0.000000E+00,2.110805E+01,7.994452E+01,2.388814E+01,6.255911E+01
09:13:00,8.010805E+03,1.115848E+03,5.577761E-01,9.854524E-02,0.000000E+00,0.000000E+00,0.000000E+00,0.000000E+00,0.000000E+00,0.000000E+00,0.000000E+00,0.000000E+00,2.110805E+01,7.994452E+01,2.388813E+01,6.251547E+01
09:14:00,8.010805E+03,1.120444E+03,5.577761E-01,9.895120E-02,0.000000E+00,0.000000E+00,0.000000E+00,0.000000E+00,0.000000E+00,0.000000E+00,0.000000E+00,0.000000E+00,2.110805E+01,7.994452E+01,2.388813E+01,6.247201E+01
09:15:00,8.010805E+03,1.125040E+03,5.577761E-01,9.935708E-02,0.000000E+00,0.000000E+00,0.000000E+00,0.000000E+00,0.000000E+00,0.000000E+00,0.000000E+00,0.000000E+00,2.110805E+01,7.994452E+01,2.388813E+01,6.242870E+01
09:16:00,8.010805E+03,1.129635E+03,5.577761E-01,9.976291E-02,0.000000E+00,0.000000E+00,0.000000E+00,0.000000E+00,0.000000E+00,0.000000E+00,0.000000E+00,0.000000E+00,2.110805E+01,7.994452E+01,2.388813E+01,6.238556E+01
09:17:00,8.010805E+03,1.134230E+03,5.577761E-01,1.001687E-01,0.000000E+00,0.000000E+00,0.000000E+00,0.000000E+00,0.000000E+00,0.000000E+00,0.000000E+00,0.000000E+00,2.110805E+01,7.994452E+01,2.388813E+01,6.234257E+01
09:18:00,8.010805E+03,1.138824E+03,5.577761E-01,1.005744E-01,0.000000E+00,0.000000E+00,0.000000E+00,0.000000E+00,0.000000E+00,0.000000E+00,0.000000E+00,0.000000E+00,2.110805E+01,7.994452E+01,2.388813E+01,6.229973E+01
09:19:00,8.010805E+03,1.143417E+03,5.577761E-01,1.009800E-01,0.000000E+00,0.000000E+00,0.000000E+00,0.000000E+00,0.000000E+00,0.000000E+00,0.000000E+00,0.000000E+00,2.110805E+01,7.994452E+01,2.388813E+01,6.225706E+01
09:20:00,8.010805E+03,1.148009E+03,5.577761E-01,1.013856E-01,0.000000E+00,0.000000E+00,0.000000E+00,0.000000E+00,0.000000E+00,0.000000E+00,0.000000E+00,0.000000E+00,2.110805E+01,7.994452E+01,2.388813E+01,6.221454E+01
09:21:00,8.010805E+03,1.152600E+03,5.577761E-01,1.017911E-01,0.000000E+00,0.000000E+00,0.000000E+00,0.000000E+00,0.000000E+00,0.000000E+00,0.000000E+00,0.000000E+00,2.110805E+01,7.994452E+01,2.388813E+01,6.217217E+01
09:22:00,8.010805E+03,1.157190E+03,5.577761E-01,1.021965E-01,0.000000E+00,0.000000E+00,0.000000E+00,0.000000E+00,0.000000E+00,0.000000E+00,0.000000E+00,0.000000E+00,2.110805E+01,7.994452E+01,2.388813E+01,6.212996E+01
09:23:00,8.010805E+03,1.161779E+03,5.577761E-01,1.026018E-01,0.000000E+00,0.000000E+00,0.000000E+00,0.000000E+00,0.000000E+00,0.000000E+00,0.000000E+00,0.000000E+00,2.110805E+01,7.994452E+01,2.388812E+01,6.208789E+01
09:24:00,8.010805E+03,1.166367E+03,5.577761E-01,1.030070E-01,0.000000E+00,0.000000E+00,0.000000E+00,0.000000E+00,0.000000E+00,0.000000E+00,0.000000E+00,0.000000E+00,2.110805E+01,7.994452E+01,2.388812E+01,6.204598E+01
09:25:00,8.010805E+03,1.170954E+03,5.577761E-01,1.034121E-01,0.000000E+00,0.000000E+00,0.000000E+00,0.000000E+00,0.000000E+00,0.000000E+00,0.000000E+00,0.000000E+00,2.110805E+01,7.994452E+01,2.388812E+01,6.200421E+01
09:26:00,8.010805E+03,1.175540E+03,5.577761E-01,1.038171E-01,0.000000E+00,0.000000E+00,0.000000E+00,0.000000E+00,0.000000E+00,0.000000E+00,0.000000E+00,0.000000E+00,2.110805E+01,7.994452E+01,2.388812E+01,6.196260E+01
09:27:00,8.010805E+03,1.180125E+03,5.577761E-01,1.042220E-01,0.000000E+00,0.000000E+00,0.000000E+00,0.000000E+00,0.000000E+00,0.000000E+00,0.000000E+00,0.000000E+00,2.110805E+01,7.994452E+01,2.388812E+01,6.192113E+01
09:28:00,8.010805E+03,1.184708E+03,5.577761E-01,1.046268E-01,0.000000E+00,0.000000E+00,0.000000E+00,0.000000E+00,0.000000E+00,0.000000E+00,0.000000E+00,0.000000E+00,2.110805E+01,7.994452E+01,2.388812E+01,6.187980E+01
09:29:00,8.010805E+03,1.189290E+03,5.577761E-01,1.050314E-01,0.000000E+00,0.000000E+00,0.000000E+00,0.000000E+00,0.000000E+00,0.000000E+00,0.000000E+00,0.000000E+00,2.110805E+01,7.994452E+01,2.388812E+01,6.183863E+01
09:30:00,8.010805E+03,1.193870E+03,5.577761E-01,1.054360E-01,0.000000E+00,0.000000E+00,0.000000E+00,0.000000E+00,0.000000E+00,0.000000E+00,0.000000E+00,0.000000E+00,2.110805E+01,7.994452E+01,2.388812E+01,6.179759E+01
09:31:00,8.010805E+03,1.198450E+03,5.577761E-01,1.058404E-01,0.000000E+00,0.000000E+00,0.000000E+00,0.000000E+00,0.000000E+00,0.000000E+00,0.000000E+00,0.000000E+00,2.110805E+01,7.994452E+01,2.388812E+01,6.175670E+01
09:32:00,8.010805E+03,1.203028E+03,5.577761E-01,1.062447E-01,0.000000E+00,0.000000E+00,0.000000E+00,0.000000E+00,0.000000E+00,0.000000E+00,0.000000E+00,0.000000E+00,2.110805E+01,7.994452E+01,2.388811E+01,6.171595E+01
09:33:00,8.010805E+03,1.207604E+03,5.577761E-01,1.066489E-01,0.000000E+00,0.000000E+00,0.000000E+00,0.000000E+00,0.000000E+00,0.000000E+00,0.000000E+00,0.000000E+00,2.110805E+01,7.994452E+01,2.388811E+01,6.167535E+01
09:34:00,8.010805E+03,1.212179E+03,5.577761E-01,1.070529E-01,0.000000E+00,0.000000E+00,0.000000E+00,0.000000E+00,0.000000E+00,0.000000E+00,0.000000E+00,0.000000E+00,2.110805E+01,7.994452E+01,2.388811E+01,6.163488E+01
09:35:00,8.010805E+03,1.216752E+03,5.577761E-01,1.074568E-01,0.000000E+00,0.000000E+00,0.000000E+00,0.000000E+00,0.000000E+00,0.000000E+00,0.000000E+00,0.000000E+00,2.110805E+01,7.994452E+01,2.388811E+01,6.159455E+01
09:36:00,8.010805E+03,1.221323E+03,5.577761E-01,1.078605E-01,0.000000E+00,0.000000E+00,0.000000E+00,0.000000E+00,0.000000E+00,0.000000E+00,0.000000E+00,0.000000E+00,2.110805E+01,7.994452E+01,2.388811E+01,6.155437E+01
09:37:00,8.010805E+03,1.225893E+03,5.577761E-01,1.082641E-01,0.000000E+00,0.000000E+00,0.000000E+00,0.000000E+00,0.000000E+00,0.000000E+00,0.000000E+00,0.000000E+00,2.110805E+01,7.994452E+01,2.388811E+01,6.151432E+01
09:38:00,8.010805E+03,1.230461E+03,5.577761E-01,1.086675E-01,0.000000E+00,0.000000E+00,0.000000E+00,0.000000E+00,0.000000E+00,0.000000E+00,0.000000E+00,0.000000E+00,2.110805E+01,7.994452E+01,2.388811E+01,6.147441E+01
09:39:00,8.010805E+03,1.235027E+03,5.577761E-01,1.090708E-01,0.000000E+00,0.000000E+00,0.000000E+00,0.000000E+00,0.000000E+00,0.000000E+00,0.000000E+00,0.000000E+00,2.110805E+01,7.994452E+01,2.388811E+01,6.143463E+01
09:40:00,8.010805E+03,1.239592E+03,5.577761E-01,1.094739E-01,0.000000E+00,0.000000E+00,0.000000E+00,0.000000E+00,0.000000E+00,0.000000E+00,0.000000E+00,0.000000E+00,2.110805E+01,7.994452E+01,2.388811E+01,6.139499E+01
09:41:00,8.010805E+03,1.244154E+03,5.577761E-01,1.098769E-01,0.000000E+00,0.000000E+00,0.000000E+00,0.000000E+00,0.000000E+00,0.000000E+00,0.000000E+00,0.000000E+00,2.110805E+01,7.994452E+01,2.388810E+01,6.135549E+01
09:42:00,8.010805E+03,1.248715E+03,5.577761E-01,1.102797E-01,0.000000E+00,0.000000E+00,0.000000E+00,0.000000E+00,0.000000E+00,0.000000E+00,0.000000E+00,0.000000E+00,2.110805E+01,7.994452E+01,2.388810E+01,6.131612E+01
09:43:00,8.010805E+03,1.253274E+03,5.577761E-01,1.106823E-01,0.000000E+00,0.000000E+00,0.000000E+00,0.000000E+00,0.000000E+00,0.000000E+00,0.000000E+00,0.000000E+00,2.110805E+01,7.994452E+01,2.388810E+01,6.127689E+01
09:44:00,8.010805E+03,1.257831E+03,5.577761E-01,1.110848E-01,0.000000E+00,0.000000E+00,0.000000E+00,0.000000E+00,0.000000E+00,0.000000E+00,0.000000E+00,0.000000E+00,2.110805E+01,7.994452E+01,2.388810E+01,6.123779E+01
09:45:00,8.010805E+03,1.262386E+03,5.577761E-01,1.114871E-01,0.000000E+00,0.000000E+00,0.000000E+00,0.000000E+00,0.000000E+00,0.000000E+00,0.000000E+00,0.000000E+00,2.110805E+01,7.994452E+01,2.388810E+01,6.119882E+01
09:46:00,8.010805E+03,1.266940E+03,5.577761E-01,1.118892E-01,0.000000E+00,0.000000E+00,0.000000E+00,0.000000E+00,0.000000E+00,0.000000E+00,0.000000E+00,0.000000E+00,2.110805E+01,7.994452E+01,2.388810E+01,6.115998E+01
09:47:00,8.010805E+03,1.271491E+03,5.577761E-01,1.122912E-01,0.000000E+00,0.000000E+00,0.000000E+00,0.000000E+00,0.000000E+00,0.000000E+00,0.000000E+00,0.000000E+00,2.110805E+01,7.994452E+01,2.388810E+01,6.112127E+01
09:48:00,8.010805E+03,1.276040E+03,5.577761E-01,1.126930E-01,0.000000E+00,0.000000E+00,0.000000E+00,0.000000E+00,0.000000E+00,0.000000E+00,0.000000E+00,0.000000E+00,2.110805E+01,7.994452E+01,2.388810E+01,6.108270E+01
09:49:00,8.010805E+03,1.280588E+03,5.577761E-01,1.130946E-01,0.000000E+00,0.000000E+00,0.000000E+00,0.000000E+00,0.000000E+00,0.000000E+00,0.000000E+00,0.000000E+00,2.110805E+01,7.994452E+01,2.388810E+01,6.104425E+01
09:50:00,8.010805E+03,1.285133E+03,5.577761E-01,1.134961E-01,0.000000E+00,0.000000E+00,0.000000E+00,0.000000E+00,0.000000E+00,0.000000E+00,0.000000E+00,0.000000E+00,2.110805E+01,7.994452E+01,2.388810E+01,6.100594E+01
09:51:00,8.010805E+03,1.289677E+03,5.577761E-01,1.138973E-01,0.000000E+00,0.000000E+00,0.000000E+00,0.000000E+00,0.000000E+00,0.000000E+00,0.000000E+00,0.000000E+00,2.110805E+01,7.994452E+01,2.388809E+01,6.096775E+01
09:52:00,8.010805E+03,1.294219E+03,5.577761E-01,1.142984E-01,0.000000E+00,0.000000E+00,0.000000E+00,0.000000E+00,0.000000E+00,0.000000E+00,0.000000E+00,0.000000E+00,2.110805E+01,7.994452E+01,2.388809E+01,6.092969E+01
09:53:00,8.010805E+03,1.298758E+03,5.577761E-01,1.146993E-01,0.000000E+00,0.000000E+00,0.000000E+00,0.000000E+00,0.000000E+00,0.000000E+00,0.000000E+00,0.000000E+00,2.110805E+01,7.994452E+01,2.388809E+01,6.089176E+01
09:54:00,8.010805E+03,1.303257E+03,5.577761E-01,1.150966E-01,0.000000E+00,0.000000E+00,0.000000E+00,0.000000E+00,0.000000E+00,0.000000E+00,0.000000E+00,0.000000E+00,2.110805E+01,7.994452E+01,2.388809E+01,6.085396E+01
09:55:00,8.010805E+03,1.307752E+03,5.577761E-01,1.154937E-01,0.000000E+00,0.000000E+00,0.000000E+00,0.000000E+00,0.000000E+00,0.000000E+00,0.000000E+00,0.000000E+00,2.110805E+01,7.994452E+01,2.388809E+01,6.081628E+01
09:56:00,8.010805E+03,1.312243E+03,5.577761E-01,1.158903E-01,0.000000E+00,0.000000E+00,0.000000E+00,0.000000E+00,0.000000E+00,0.000000E+00,0.000000E+00,0.000000E+00,2.110805E+01,7.994452E+01,2.388809E+01,6.077873E+01
09:57:00,8.010805E+03,1.316732E+03,5.577761E-01,1.162867E-01,0.000000E+00,0.000000E+00,0.000000E+00,0.000000E+00,0.000000E+00,0.000000E+00,0.000000E+00,0.000000E+00,2.110805E+01,7.994452E+01,2.388809E+01,6.074131E+01
09:58:00,8.010805E+03,1.321217E+03,5.577761E-01,1.166828E-01,0.000000E+00,0.000000E+00,0.000000E+00,0.000000E+00,0.000000E+00,0.000000E+00,0.000000E+00,0.000000E+00,2.110805E+01,7.994452E+01,2.388809E+01,6.070401E+01
09:59:00,8.010805E+03,1.325698E+03,5.577761E-01,1.170786E-01,0.000000E+00,0.000000E+00,0.000000E+00,0.000000E+00,0.000000E+00,0.000000E+00,0.000000E+00,0.000000E+00,2.110805E+01,7.994452E+01,2.388809E+01,6.066683E+01
10:00:00,8.010805E+03,1.330177E+03,5.577761E-01,1.174742E-01,0.000000E+00,0.000000E+00,0.000000E+00,0.000000E+00,0.000000E+00,0.000000E+00,0.000000E+00,0.000000E+00,2.110805E+01,7.994452E+01,2.388809E+01,6.062978E+01
10:01:00,8.010805E+03,1.334652E+03,5.577761E-01,1.178694E-01,0.000000E+00,0.000000E+00,0.000000E+00,0.000000E+00,0.000000E+00,0.000000E+00,0.000000E+00,0.000000E+00,2.110805E+01,7.994452E+01,2.388809E+01,6.059285E+01
10:02:00,8.010805E+03,1.339124E+03,5.577761E-01,1.182644E-01,0.000000E+00,0.000000E+00,0.000000E+00,0.000000E+00,0.000000E+00,0.000000E+00,0.000000E+00,0.000000E+00,2.110805E+01,7.994452E+01,2.388808E+01,6.055610E+01
10:03:00,8.010805E+03,1.343593E+03,5.577761E-01,1.186591E-01,0.000000E+00,0.000000E+00,0.000000E+00,0.000000E+00,0.000000E+00,0.000000E+00,0.000000E+00,0.000000E+00,2.110805E+01,7.994452E+01,2.388808E+01,6.051954E+01
10:04:00,8.010805E+03,1.348059E+03,5.577761E-01,1.190535E-01,0.000000E+00,0.000000E+00,0.000000E+00,0.000000E+00,0.000000E+00,0.000000E+00,0.000000E+00,0.000000E+00,2.110805E+01,7.994452E+01,2.388808E+01,6.048320E+01
10:05:00,8.010805E+03,1.352522E+03,5.577761E-01,1.194476E-01,0.000000E+00,0.000000E+00,0.000000E+00,0.000000E+00,0.000000E+00,0.000000E+00,0.000000E+00,0.000000E+00,2.110805E+01,7.994452E+01,2.388808E+01,6.044707E+01
10:06:00,8.010805E+03,1.356981E+03,5.577761E-01,1.198414E-01,0.000000E+00,0.000000E+00,0.000000E+00,0.000000E+00,0.000000E+00,0.000000E+00,0.000000E+00,0.000000E+00,2.110805E+01,7.994452E+01,2.388808E+01,6.041113E+01
10:07:00,8.010805E+03,1.361437E+03,5.577761E-01,1.202350E-01,0.000000E+00,0.000000E+00,0.000000E+00,0.000000E+00,0.000000E+00,0.000000E+00,0.000000E+00,0.000000E+00,2.110805E+01,7.994452E+01,2.388808E+01,6.037539E+01
10:08:00,8.010805E+03,1.365890E+03,5.577761E-01,1.206282E-01,0.000000E+00,0.000000E+00,0.000000E+00,0.000000E+00,0.000000E+00,0.000000E+00,0.000000E+00,0.000000E+00,2.110805E+01,7.994452E+01,2.388808E+01,6.033984E+01
10:09:00,8.010805E+03,1.370339E+03,5.577761E-01,1.210212E-01,0.000000E+00,0.000000E+00,0.000000E+00,0.000000E+00,0.000000E+00,0.000000E+00,0.000000E+00,0.000000E+00,2.110805E+01,7.994452E+01,2.388808E+01,6.030449E+01
10:10:00,8.010805E+03,1.374785E+03,5.577761E-01,1.214138E-01,0.000000E+00,0.000000E+00,0.000000E+00,0.000000E+00,0.000000E+00,0.000000E+00,0.000000E+00,0.000000E+00,2.110805E+01,7.994452E+01,2.388808E+01,6.026931E+01
10:11:00,8.010805E+03,1.379228E+03,5.577761E-01,1.218062E-01,0.000000E+00,0.000000E+00,0.000000E+00,0.000000E+00,0.000000E+00,0.000000E+00,0.000000E+00,0.000000E+00,2.110805E+01,7.994452E+01,2.388808E+01,6.023433E+01
10:12:00,8.010805E+03,1.383667E+03,5.577761E-01,1.221982E-01,0.000000E+00,0.000000E+00,0.000000E+00,0.000000E+00,0.000000E+00,0.000000E+00,0.000000E+00,0.000000E+00,2.110805E+01,7.994452E+01,2.388808E+01,6.019952E+01
10:13:00,8.010805E+03,1.388102E+03,5.577761E-01,1.225900E-01,0.000000E+00,0.000000E+00,0.000000E+00,0.000000E+00,0.000000E+00,0.000000E+00,0.000000E+00,0.000000E+00,2.110805E+01,7.994452E+01,2.388808E+01,6.016488E+01
10:14:00,8.010805E+03,1.392534E+03,5.577761E-01,1.229814E-01,0.000000E+00,0.000000E+00,0.000000E+00,0.000000E+00,0.000000E+00,0.000000E+00,0.000000E+00,0.000000E+00,2.110805E+01,7.994452E+01,2.388808E+01,6.013042E+01
10:15:00,8.010805E+03,1.396962E+03,5.577761E-01,1.233725E-01,0.000000E+00,0.000000E+00,0.000000E+00,0.000000E+00,0.000000E+00,0.000000E+00,0.000000E+00,0.000000E+00,2.110805E+01,7.994452E+01,2.388807E+01,6.009613E+01
10:16:00,8.010805E+03,1.401387E+03,5.577761E-01,1.237632E-01,0.000000E+00,0.000000E+00,0.000000E+00,0.000000E+00,0.000000E+00,0.000000E+00,0.000000E+00,0.000000E+00,2.110805E+01,7.994452E+01,2.388807E+01,6.006201E+01
10:17:00,8.010805E+03,1.405808E+03,5.577761E-01,1.241537E-01,0.000000E+00,0.000000E+00,0.000000E+00,0.000000E+00,0.000000E+00,0.000000E+00,0.000000E+00,0.000000E+00,2.110805E+01,7.994452E+01,2.388807E+01,6.002806E+01
10:18:00,8.010805E+03,1.410225E+03,5.577761E-01,1.245438E-01,0.000000E+00,0.000000E+00,0.000000E+00,0.000000E+00,0.000000E+00,0.000000E+00,0.000000E+00,0.000000E+00,2.110805E+01,7.994452E+01,2.388807E+01,5.999426E+01
10:19:00,8.010805E+03,1.414639E+03,5.577761E-01,1.249336E-01,0.000000E+00,0.000000E+00,0.000000E+00,0.000000E+00,0.000000E+00,0.000000E+00,0.000000E+00,0.000000E+00,2.110805E+01,7.994452E+01,2.388807E+01,5.996063E+01
10:20:00,8.010805E+03,1.419049E+03,5.577761E-01,1.253231E-01,0.000000E+00,0.000000E+00,0.000000E+00,0.000000E+00,0.000000E+00,0.000000E+00,0.000000E+00,0.000000E+00,2.110805E+01,7.994452E+01,2.388807E+01,5.992716E+01
10:21:00,8.010805E+03,1.423455E+03,5.577761E-01,1.257122E-01,0.000000E+00,0.000000E+00,0.000000E+00,0.000000E+00,0.000000E+00,0.000000E+00,0.000000E+00,0.000000E+00,2.110805E+01,7.994452E+01,2.388807E+01,5.989384E+01
10:22:00,8.010805E+03,1.427857E+03,5.577761E-01,1.261010E-01,0.000000E+00,0.000000E+00,0.000000E+00,0.000000E+00,0.000000E+00,0.000000E+00,0.000000E+00,0.000000E+00,2.110805E+01,7.994452E+01,2.388807E+01,5.986067E+01
10:23:00,8.010805E+03,1.432255E+03,5.577761E-01,1.264894E-01,0.000000E+00,0.000000E+00,0.000000E+00,0.000000E+00,0.000000E+00,0.000000E+00,0.000000E+00,0.000000E+00,2.110805E+01,7.994452E+01,2.388807E+01,5.982766E+01
10:24:00,8.010805E+03,1.436649E+03,5.577761E-01,1.268775E-01,0.000000E+00,0.000000E+00,0.000000E+00,0.000000E+00,0.000000E+00,0.000000E+00,0.000000E+00,0.000000E+00,2.110805E+01,7.994452E+01,2.388807E+01,5.979479E+01
10:25:00,8.010805E+03,1.441039E+03,5.577761E-01,1.272652E-01,0.000000E+00,0.000000E+00,0.000000E+00,0.000000E+00,0.000000E+00,0.000000E+00,0.000000E+00,0.000000E+00,2.110805E+01,7.994452E+01,2.388807E+01,5.976208E+01
10:26:00,8.010805E+03,1.445425E+03,5.577761E-01,1.276525E-01,0.000000E+00,0.000000E+00,0.000000E+00,0.000000E+00,0.000000E+00,0.000000E+00,0.000000E+00,0.000000E+00,2.110805E+01,7.994452E+01,2.388807E+01,5.972950E+01
10:27:00,8.010805E+03,1.449807E+03,5.577761E-01,1.280395E-01,0.000000E+00,0.000000E+00,0.000000E+00,0.000000E+00,0.000000E+00,0.000000E+00,0.000000E+00,0.000000E+00,2.110805E+01,7.994452E+01,2.388807E+01,5.969707E+01
10:28:00,8.010805E+03,1.454185E+03,5.577761E-01,1.284262E-01,0.000000E+00,0.000000E+00,0.000000E+00,0.000000E+00,0.000000E+00,0.000000E+00,0.000000E+00,0.000000E+00,2.110805E+01,7.994452E+01,2.388806E+01,5.966478E+01
10:29:00,8.010805E+03,1.458558E+03,5.577761E-01,1.288125E-01,0.000000E+00,0.000000E+00,0.000000E+00,0.000000E+00,0.000000E+00,0.000000E+00,0.000000E+00,0.000000E+00,2.110805E+01,7.994452E+01,2.388806E+01,5.963263E+01
10:30:00,8.010805E+03,1.462928E+03,5.577761E-01,1.291984E-01,0.000000E+00,0.000000E+00,0.000000E+00,0.000000E+00,0.000000E+00,0.000000E+00,0.000000E+00,0.000000E+00,2.110805E+01,7.994452E+01,2.388806E+01,5.960062E+01
10:31:00,8.010805E+03,1.467293E+03,5.577761E-01,1.295839E-01,0.000000E+00,0.000000E+00,0.000000E+00,0.000000E+00,0.000000E+00,0.000000E+00,0.000000E+00,0.000000E+00,2.110805E+01,7.994452E+01,2.388806E+01,5.956874E+01
10:32:00,8.010805E+03,1.471654E+03,5.577761E-01,1.299690E-01,0.000000E+00,0.000000E+00,0.000000E+00,0.000000E+00,0.000000E+00,0.000000E+00,0.000000E+00,0.000000E+00,2.110805E+01,7.994452E+01,2.388806E+01,5.953700E+01
10:33:00,8.010805E+03,1.476010E+03,5.577761E-01,1.303538E-01,0.000000E+00,0.000000E+00,0.000000E+00,0.000000E+00,0.000000E+00,0.000000E+00,0.000000E+00,0.000000E+00,2.110805E+01,7.994452E+01,2.388806E+01,5.950539E+01
10:34:00,8.010805E+03,1.480363E+03,5.577761E-01,1.307381E-01,0.000000E+00,0.000000E+00,0.000000E+00,0.000000E+00,0.000000E+00,0.000000E+00,0.000000E+00,0.000000E+00,2.110805E+01,7.994452E+01,2.388806E+01,5.947391E+01
10:35:00,8.010805E+03,1.484710E+03,5.577761E-01,1.311221E-01,0.000000E+00,0.000000E+00,0.000000E+00,0.000000E+00,0.000000E+00,0.000000E+00,0.000000E+00,0.000000E+00,2.110805E+01,7.994452E+01,2.388806E+01,5.944256E+01
10:36:00,8.010805E+03,1.489053E+03,5.577761E-01,1.315057E-01,0.000000E+00,0.000000E+00,0.000000E+00,0.000000E+00,0.000000E+00,0.000000E+00,0.000000E+00,0.000000E+00,2.110805E+01,7.994452E+01,2.388806E+01,5.941134E+01
10:37:00,8.010805E+03,1.493392E+03,5.577761E-01,1.318889E-01,0.000000E+00,0.000000E+00,0.000000E+00,0.000000E+00,0.000000E+00,0.000000E+00,0.000000E+00,0.000000E+00,2.110805E+01,7.994452E+01,2.388806E+01,5.938024E+01
10:38:00,8.010805E+03,1.497726E+03,5.577761E-01,1.322717E-01,0.000000E+00,0.000000E+00,0.000000E+00,0.000000E+00,0.000000E+00,0.000000E+00,0.000000E+00,0.000000E+00,2.110805E+01,7.994452E+01,2.388806E+01,5.934927E+01
10:39:00,8.010805E+03,1.502056E+03,5.577761E-01,1.326540E-01,0.000000E+00,0.000000E+00,0.000000E+00,0.000000E+00,0.000000E+00,0.000000E+00,0.000000E+00,0.000000E+00,2.110805E+01,7.994452E+01,2.388806E+01,5.931843E+01
10:40:00,8.010805E+03,1.506380E+03,5.577761E-01,1.330360E-01,0.000000E+00,0.000000E+00,0.000000E+00,0.000000E+00,0.000000E+00,0.000000E+00,0.000000E+00,0.000000E+00,2.110805E+01,7.994452E+01,2.388806E+01,5.928771E+01
10:41:00,8.010805E+03,1.510701E+03,5.577761E-01,1.334175E-01,0.000000E+00,0.000000E+00,0.000000E+00,0.000000E+00,0.000000E+00,0.000000E+00,0.000000E+00,0.000000E+00,2.110805E+01,7.994452E+01,2.388805E+01,5.925711E+01
10:42:00,8.010805E+03,1.515017E+03,5.577761E-01,1.337987E-01,0.000000E+00,0.000000E+00,0.000000E+00,0.000000E+00,0.000000E+00,0.000000E+00,0.000000E+00,0.000000E+00,2.110805E+01,7.994452E+01,2.388805E+01,5.922663E+01
10:43:00,8.010805E+03,1.519327E+03,5.577761E-01,1.341794E-01,0.000000E+00,0.000000E+00,0.000000E+00,0.000000E+00,0.000000E+00,0.000000E+00,0.000000E+00,0.000000E+00,2.110805E+01,7.994452E+01,2.388805E+01,5.919627E+01
10:44:00,8.010805E+03,1.523633E+03,5.577761E-01,1.345597E-01,0.000000E+00,0.000000E+00,0.000000E+00,0.000000E+00,0.000000E+00,0.000000E+00,0.000000E+00,0.000000E+00,2.110805E+01,7.994452E+01,2.388805E+01,5.916602E+01
10:45:00,8.010805E+03,1.527934E+03,5.577761E-01,1.349396E-01,0.000000E+00,0.000000E+00,0.000000E+00,0.000000E+00,0.000000E+00,0.000000E+00,0.000000E+00,0.000000E+00,2.110805E+01,7.994452E+01,2.388805E+01,5.913590E+01
10:46:00,8.010805E+03,1.532230E+03,5.577761E-01,1.353190E-01,0.000000E+00,0.000000E+00,0.000000E+00,0.000000E+00,0.000000E+00,0.000000E+00,0.000000E+00,0.000000E+00,2.110805E+01,7.994452E+01,2.388805E+01,5.910589E+01
10:47:00,8.010805E+03,1.536522E+03,5.577761E-01,1.356980E-01,0.000000E+00,0.000000E+00,0.000000E+00,0.000000E+00,0.000000E+00,0.000000E+00,0.000000E+00,0.000000E+00,2.110805E+01,7.994452E+01,2.388805E+01,5.907599E+01
10:48:00,8.010805E+03,1.540808E+03,5.577761E-01,1.360765E-01,0.000000E+00,0.000000E+00,0.000000E+00,0.000000E+00,0.000000E+00,0.000000E+00,0.000000E+00,0.000000E+00,2.110805E+01,7.994452E+01,2.388805E+01,5.904621E+01
10:49:00,8.010805E+03,1.545089E+03,5.577761E-01,1.364546E-01,0.000000E+00,0.000000E+00,0.000000E+00,0.000000E+00,0.000000E+00,0.000000E+00,0.000000E+00,0.000000E+00,2.110805E+01,7.994452E+01,2.388805E+01,5.901654E+01
10:50:00,8.010805E+03,1.549365E+03,5.577761E-01,1.368323E-01,0.000000E+00,0.000000E+00,0.000000E+00,0.000000E+00,0.000000E+00,0.000000E+00,0.000000E+00,0.000000E+00,2.110805E+01,7.994452E+01,2.388805E+01,5.898699E+01
10:51:00,8.010805E+03,1.553636E+03,5.577761E-01,1.372095E-01,0.000000E+00,0.000000E+00,0.000000E+00,0.000000E+00,0.000000E+00,0.000000E+00,0.000000E+00,0.000000E+00,2.110805E+01,7.994452E+01,2.388805E+01,5.895754E+01
10:52:00,8.010805E+03,1.557902E+03,5.577761E-01,1.375862E-01,0.000000E+00,0.000000E+00,0.000000E+00,0.000000E+00,0.000000E+00,0.000000E+00,0.000000E+00,0.000000E+00,2.110805E+01,7.994452E+01,2.388805E+01,5.892820E+01
10:53:00,8.010805E+03,1.562162E+03,5.577761E-01,1.379625E-01,0.000000E+00,0.000000E+00,0.000000E+00,0.000000E+00,0.000000E+00,0.000000E+00,0.000000E+00,0.000000E+00,2.110805E+01,7.994452E+01,2.388805E+01,5.889898E+01
10:54:00,8.010805E+03,1.566418E+03,5.577761E-01,1.383383E-01,0.000000E+00,0.000000E+00,0.000000E+00,0.000000E+00,0.000000E+00,0.000000E+00,0.000000E+00,0.000000E+00,2.110805E+01,7.994452E+01,2.388805E+01,5.886986E+01
10:55:00,8.010805E+03,1.570668E+03,5.577761E-01,1.387136E-01,0.000000E+00,0.000000E+00,0.000000E+00,0.000000E+00,0.000000E+00,0.000000E+00,0.000000E+00,0.000000E+00,2.110805E+01,7.994452E+01,2.388804E+01,5.884085E+01
10:56:00,8.010805E+03,1.574912E+03,5.577761E-01,1.390885E-01,0.000000E+00,0.000000E+00,0.000000E+00,0.000000E+00,0.000000E+00,0.000000E+00,0.000000E+00,0.000000E+00,2.110805E+01,7.994452E+01,2.388804E+01,5.881195E+01
10:57:00,8.010805E+03,1.579155E+03,5.577761E-01,1.394632E-01,0.000000E+00,0.000000E+00,0.000000E+00,0.000000E+00,0.000000E+00,0.000000E+00,0.000000E+00,0.000000E+00,2.110805E+01,7.994452E+01,2.388804E+01,5.878316E+01
10:58:00,8.010805E+03,1.583396E+03,5.577761E-01,1.398378E-01,0.000000E+00,0.000000E+00,0.000000E+00,0.000000E+00,0.000000E+00,0.000000E+00,0.000000E+00,0.000000E+00,2.110805E+01,7.994452E+01,2.388804E+01,5.875444E+01
10:59:00,8.010805E+03,1.587635E+03,5.577761E-01,1.402121E-01,0.000000E+00,0.000000E+00,0.000000E+00,0.000000E+00,0.000000E+00,0.000000E+00,0.000000E+00,0.000000E+00,2.110805E+01,7.994452E+01,2.388804E+01,5.872578E+01
11:00:00,8.010805E+03,1.591872E+03,5.577761E-01,1.405864E-01,0.000000E+00,0.000000E+00,0.000000E+00,0.000000E+00,0.000000E+00,0.000000E+00,0.000000E+00,0.000000E+00,2.110805E+01,7.994452E+01,2.388804E+01,5.869718E+01
11:01:00,8.010805E+03,1.596099E+03,5.577761E-01,1.409597E-01,0.000000E+00,0.000000E+00,0.000000E+00,0.000000E+00,0.000000E+00,0.000000E+00,0.000000E+00,0.000000E+00,2.110805E+01,7.994452E+01,2.388804E+01,5.866863E+01
11:02:00,8.010805E+03,1.600316E+03,5.577761E-01,1.413321E-01,0.000000E+00,0.000000E+00,0.000000E+00,0.000000E+00,0.000000E+00,0.000000E+00,0.000000E+00,0.000000E+00,2.110805E+01,7.994452E+01,2.388804E+01,5.864025E+01
11:03:00,8.010805E+03,1.604522E+03,5.577761E-01,1.417036E-01,0.000000E+00,0.000000E+00,0.000000E+00,0.000000E+00,0.000000E+00,0.000000E+00,0.000000E+00,0.000000E+00,2.110805E+01,7.994452E+01,2.388804E+01,5.861211E+01
11:04:00,8.010805E+03,1.608718E+03,5.577761E-01,1.420742E-01,0.000000E+00,0.000000E+00,0.000000E+00,0.000000E+00,0.000000E+00,0.000000E+00,0.000000E+00,0.000000E+00,2.110805E+01,7.994452E+01,2.388804E+01,5.858422E+01
11:05:00,8.010805E+03,1.612904E+03,5.577761E-01,1.424439E-01,0.000000E+00,0.000000E+00,0.000000E+00,0.000000E+00,0.000000E+00,0.000000E+00,0.000000E+00,0.000000E+00,2.110805E+01,7.994452E+01,2.388804E+01,5.855659E+01
11:06:00,8.010805E+03,1.617080E+03,5.577761E-01,1.428126E-01,0.000000E+00,0.000000E+00,0.000000E+00,0.000000E+00,0.000000E+00,0.000000E+00,0.000000E+00,0.000000E+00,2.110805E+01,7.994452E+01,2.388804E+01,5.852919E+01
11:07:00,8.010805E+03,1.621244E+03,5.577761E-01,1.431804E-01,0.000000E+00,0.000000E+00,0.000000E+00,0.000000E+00,0.000000E+00,0.000000E+00,0.000000E+00,0.000000E+00,2.110805E+01,7.994452E+01,2.388804E+01,5.850202E+01
11:08:00,8.010805E+03,1.625398E+03,5.577761E-01,1.435473E-01,0.000000E+00,0.000000E+00,0.000000E+00,0.000000E+00,0.000000E+00,0.000000E+00,0.000000E+00,0.000000E+00,2.110805E+01,7.994452E+01,2.388804E+01,5.847509E+01
11:09:00,8.010805E+03,1.629542E+03,5.577761E-01,1.439133E-01,0.000000E+00,0.000000E+00,0.000000E+00,0.000000E+00,0.000000E+00,0.000000E+00,0.000000E+00,0.000000E+00,2.110805E+01,7.994452E+01,2.388804E+01,5.844837E+01
11:10:00,8.010805E+03,1.633675E+03,5.577761E-01,1.442783E-01,0.000000E+00,0.000000E+00,0.000000E+00,0.000000E+00,0.000000E+00,0.000000E+00,0.000000E+00,0.000000E+00,2.110805E+01,7.994452E+01,2.388804E+01,5.842186E+01
11:11:00,8.010805E+03,1.637797E+03,5.577761E-01,1.446423E-01,0.000000E+00,0.000000E+00,0.000000E+00,0.000000E+00,0.000000E+00,0.000000E+00,0.000000E+00,0.000000E+00,2.110805E+01,7.994452E+01,2.388804E+01,5.839557E+01
11:12:00,8.010805E+03,1.641909E+03,5.577761E-01,1.450055E-01,0.000000E+00,0.000000E+00,0.000000E+00,0.000000E+00,0.000000E+00,0.000000E+00,0.000000E+00,0.000000E+00,2.110805E+01,7.994452E+01,2.388804E+01,5.836947E+01
11:13:00,8.010805E+03,1.646009E+03,5.577761E-01,1.453676E-01,0.000000E+00,0.000000E+00,0.000000E+00,0.000000E+00,0.000000E+00,0.000000E+00,0.000000E+00,0.000000E+00,2.110805E+01,7.994452E+01,2.388803E+01,5.834357E+01
11:14:00,8.010805E+03,1.650098E+03,5.577761E-01,1.457287E-01,0.000000E+00,0.000000E+00,0.000000E+00,0.000000E+00,0.000000E+00,0.000000E+00,0.000000E+00,0.000000E+00,2.110805E+01,7.994452E+01,2.388803E+01,5.831787E+01
11:15:00,8.010805E+03,1.654177E+03,5.577761E-01,1.460889E-01,0.000000E+00,0.000000E+00,0.000000E+00,0.000000E+00,0.000000E+00,0.000000E+00,0.000000E+00,0.000000E+00,2.110805E+01,7.994452E+01,2.388803E+01,5.829236E+01
11:16:00,8.010805E+03,1.658244E+03,5.577761E-01,1.464481E-01,0.000000E+00,0.000000E+00,0.000000E+00,0.000000E+00,0.000000E+00,0.000000E+00,0.000000E+00,0.000000E+00,2.110805E+01,7.994452E+01,2.388803E+01,5.826703E+01
11:17:00,8.010805E+03,1.662299E+03,5.577761E-01,1.468063E-01,0.000000E+00,0.000000E+00,0.000000E+00,0.000000E+00,0.000000E+00,0.000000E+00,0.000000E+00,0.000000E+00,2.110805E+01,7.994452E+01,2.388803E+01,5.824188E+01
11:18:00,8.010805E+03,1.666344E+03,5.577761E-01,1.471635E-01,0.000000E+00,0.000000E+00,0.000000E+00,0.000000E+00,0.000000E+00,0.000000E+00,0.000000E+00,0.000000E+00,2.110805E+01,7.994452E+01,2.388803E+01,5.821692E+01
11:19:00,8.010805E+03,1.670377E+03,5.577761E-01,1.475197E-01,0.000000E+00,0.000000E+00,0.000000E+00,0.000000E+00,0.000000E+00,0.000000E+00,0.000000E+00,0.000000E+00,2.110805E+01,7.994452E+01,2.388803E+01,5.819212E+01
11:20:00,8.010805E+03,1.674399E+03,5.577761E-01,1.478749E-01,0.000000E+00,0.000000E+00,0.000000E+00,0.000000E+00,0.000000E+00,0.000000E+00,0.000000E+00,0.000000E+00,2.110805E+01,7.994452E+01,2.388803E+01,5.816749E+01
11:21:00,8.010805E+03,1.678409E+03,5.577761E-01,1.482291E-01,0.000000E+00,0.000000E+00,0.000000E+00,0.000000E+00,0.000000E+00,0.000000E+00,0.000000E+00,0.000000E+00,2.110805E+01,7.994452E+01,2.388803E+01,5.814303E+01
11:22:00,8.010805E+03,1.682407E+03,5.577761E-01,1.485822E-01,0.000000E+00,0.000000E+00,0.000000E+00,0.000000E+00,0.000000E+00,0.000000E+00,0.000000E+00,0.000000E+00,2.110805E+01,7.994452E+01,2.388803E+01,5.811873E+01
11:23:00,8.010805E+03,1.686393E+03,5.577761E-01,1.489342E-01,0.000000E+00,0.000000E+00,0.000000E+00,0.000000E+00,0.000000E+00,0.000000E+00,0.000000E+00,0.000000E+00,2.110805E+01,7.994452E+01,2.388803E+01,5.809460E+01
11:24:00,8.010805E+03,1.690368E+03,5.577761E-01,1.492852E-01,0.000000E+00,0.000000E+00,0.000000E+00,0.000000E+00,0.000000E+00,0.000000E+00,0.000000E+00,0.000000E+00,2.110805E+01,7.994452E+01,2.388803E+01,5.807062E+01
11:25:00,8.010805E+03,1.694330E+03,5.577761E-01,1.496352E-01,0.000000E+00,0.000000E+00,0.000000E+00,0.000000E+00,0.000000E+00,0.000000E+00,0.000000E+00,0.000000E+00,2.110805E+01,7.994452E+01,2.388803E+01,5.804679E+01
11:26:00,8.010805E+03,1.698281E+03,5.577761E-01,1.499841E-01,0.000000E+00,0.000000E+00,0.000000E+00,0.000000E+00,0.000000E+00,0.000000E+00,0.000000E+00,0.000000E+00,2.110805E+01,7.994452E+01,2.388803E+01,5.802312E+01
11:27:00,8.010805E+03,1.702219E+03,5.577761E-01,1.503319E-01,0.000000E+00,0.000000E+00,0.000000E+00,0.000000E+00,0.000000E+00,0.000000E+00,0.000000E+00,0.000000E+00,2.110805E+01,7.994452E+01,2.388803E+01,5.799959E+01
11:28:00,8.010805E+03,1.706145E+03,5.577761E-01,1.506787E-01,0.000000E+00,0.000000E+00,0.000000E+00,0.000000E+00,0.000000E+00,0.000000E+00,0.000000E+00,0.000000E+00,2.110805E+01,7.994452E+01,2.388803E+01,5.797621E+01
11:29:00,8.010805E+03,1.710059E+03,5.577761E-01,1.510243E-01,0.000000E+00,0.000000E+00,0.000000E+00,0.000000E+00,0.000000E+00,0.000000E+00,0.000000E+00,0.000000E+00,2.110805E+01,7.994452E+01,2.388803E+01,5.795296E+01
11:30:00,8.010805E+03,1.713959E+03,5.577761E-01,1.513688E-01,0.000000E+00,0.000000E+00,0.000000E+00,0.000000E+00,0.000000E+00,0.000000E+00,0.000000E+00,0.000000E+00,2.110805E+01,7.994452E+01,2.388803E+01,5.792987E+01
11:31:00,8.010805E+03,1.717846E+03,5.577761E-01,1.517121E-01,0.000000E+00,0.000000E+00,0.000000E+00,0.000000E+00,0.000000E+00,0.000000E+00,0.000000E+00,0.000000E+00,2.110805E+01,7.994452E+01,2.388803E+01,5.790691E+01
11:32:00,8.010805E+03,1.721720E+03,5.577761E-01,1.520542E-01,0.000000E+00,0.000000E+00,0.000000E+00,0.000000E+00,0.000000E+00,0.000000E+00,0.000000E+00,0.000000E+00,2.110805E+01,7.994452E+01,2.388803E+01,5.788409E+01
11:33:00,8.010805E+03,1.725581E+03,5.577761E-01,1.523952E-01,0.000000E+00,0.000000E+00,0.000000E+00,0.000000E+00,0.000000E+00,0.000000E+00,0.000000E+00,0.000000E+00,2.110805E+01,7.994452E+01,2.388803E+01,5.786142E+01
11:34:00,8.010805E+03,1.729427E+03,5.577761E-01,1.527349E-01,0.000000E+00,0.000000E+00,0.000000E+00,0.000000E+00,0.000000E+00,0.000000E+00,0.000000E+00,0.000000E+00,2.110805E+01,7.994452E+01,2.388803E+01,5.783889E+01
11:35:00,8.010805E+03,1.733259E+03,5.577761E-01,1.530733E-01,0.000000E+00,0.000000E+00,0.000000E+00,0.000000E+00,0.000000E+00,0.000000E+00,0.000000E+00,0.000000E+00,2.110805E+01,7.994452E+01,2.388802E+01,5.781651E+01
11:36:00,8.010805E+03,1.737077E+03,5.577761E-01,1.534105E-01,0.000000E+00,0.000000E+00,0.000000E+00,0.000000E+00,0.000000E+00,0.000000E+00,0.000000E+00,0.000000E+00,2.110805E+01,7.994452E+01,2.388802E+01,5.779426E+01
11:37:00,8.010805E+03,1.740880E+03,5.577761E-01,1.537463E-01,0.000000E+00,0.000000E+00,0.000000E+00,0.000000E+00,0.000000E+00,0.000000E+00,0.000000E+00,0.000000E+00,2.110805E+01,7.994452E+01,2.388802E+01,5.777216E+01
11:38:00,8.010805E+03,1.744668E+03,5.577761E-01,1.540809E-01,0.000000E+00,0.000000E+00,0.000000E+00,0.000000E+00,0.000000E+00,0.000000E+00,0.000000E+00,0.000000E+00,2.110805E+01,7.994452E+01,2.388802E+01,5.775020E+01
11:39:00,8.010805E+03,1.748441E+03,5.577761E-01,1.544142E-01,0.000000E+00,0.000000E+00,0.000000E+00,0.000000E+00,0.000000E+00,0.000000E+00,0.000000E+00,0.000000E+00,2.110805E+01,7.994452E+01,2.388802E+01,5.772838E+01
11:40:00,8.010805E+03,1.752199E+03,5.577761E-01,1.547460E-01,0.000000E+00,0.000000E+00,0.000000E+00,0.000000E+00,0.000000E+00,0.000000E+00,0.000000E+00,0.000000E+00,2.110805E+01,7.994452E+01,2.388802E+01,5.770669E+01
11:41:00,8.010805E+03,1.755942E+03,5.577761E-01,1.550766E-01,0.000000E+00,0.000000E+00,0.000000E+00,0.000000E+00,0.000000E+00,0.000000E+00,0.000000E+00,0.000000E+00,2.110805E+01,7.994452E+01,2.388802E+01,5.768514E+01
11:42:00,8.010805E+03,1.759668E+03,5.577761E-01,1.554057E-01,0.000000E+00,0.000000E+00,0.000000E+00,0.000000E+00,0.000000E+00,0.000000E+00,0.000000E+00,0.000000E+00,2.110805E+01,7.994452E+01,2.388802E+01,5.766373E+01
11:43:00,8.010805E+03,1.763380E+03,5.577761E-01,1.557335E-01,0.000000E+00,0.000000E+00,0.000000E+00,0.000000E+00,0.000000E+00,0.000000E+00,0.000000E+00,0.000000E+00,2.110805E+01,7.994452E+01,2.388802E+01,5.764245E+01
11:44:00,8.010805E+03,1.767077E+03,5.577761E-01,1.560600E-01,0.000000E+00,0.000000E+00,0.000000E+00,0.000000E+00,0.000000E+00,0.000000E+00,0.000000E+00,0.000000E+00,2.110805E+01,7.994452E+01,2.388802E+01,5.762130E+01
11:45:00,8.010805E+03,1.770760E+03,5.577761E-01,1.563853E-01,0.000000E+00,0.000000E+00,0.000000E+00,0.000000E+00,0.000000E+00,0.000000E+00,0.000000E+00,0.000000E+00,2.110805E+01,7.994452E+01,2.388802E+01,5.760028E+01
11:46:00,8.010805E+03,1.774431E+03,5.577761E-01,1.567095E-01,0.000000E+00,0.000000E+00,0.000000E+00,0.000000E+00,0.000000E+00,0.000000E+00,0.000000E+00,0.000000E+00,2.110805E+01,7.994452E+01,2.388802E+01,5.757936E+01
11:47:00,8.010805E+03,1.778087E+03,5.577761E-01,1.570324E-01,0.000000E+00,0.000000E+00,0.000000E+00,0.000000E+00,0.000000E+00,0.000000E+00,0.000000E+00,0.000000E+00,2.110805E+01,7.994452E+01,2.388802E+01,5.755853E+01
11:48:00,8.010805E+03,1.781729E+03,5.577761E-01,1.573541E-01,0.000000E+00,0.000000E+00,0.000000E+00,0.000000E+00,0.000000E+00,0.000000E+00,0.000000E+00,0.000000E+00,2.110805E+01,7.994452E+01,2.388802E+01,5.753779E+01
11:49:00,8.010805E+03,1.785357E+03,5.577761E-01,1.576745E-01,0.000000E+00,0.000000E+00,0.000000E+00,0.000000E+00,0.000000E+00,0.000000E+00,0.000000E+00,0.000000E+00,2.110805E+01,7.994452E+01,2.388802E+01,5.751715E+01
11:50:00,8.010805E+03,1.788971E+03,5.577761E-01,1.579936E-01,0.000000E+00,0.000000E+00,0.000000E+00,0.000000E+00,0.000000E+00,0.000000E+00,0.000000E+00,0.000000E+00,2.110805E+01,7.994452E+01,2.388802E+01,5.749661E+01
11:51:00,8.010805E+03,1.792569E+03,5.577761E-01,1.583114E-01,0.000000E+00,0.000000E+00,0.000000E+00,0.000000E+00,0.000000E+00,0.000000E+00,0.000000E+00,0.000000E+00,2.110805E+01,7.994452E+01,2.388802E+01,5.747618E+01
11:52:00,8.010805E+03,1.796153E+03,5.577761E-01,1.586279E-01,0.000000E+00,0.000000E+00,0.000000E+00,0.000000E+00,0.000000E+00,0.000000E+00,0.000000E+00,0.000000E+00,2.110805E+01,7.994452E+01,2.388802E+01,5.745584E+01
11:53:00,8.010805E+03,1.799721E+03,5.577761E-01,1.589431E-01,0.000000E+00,0.000000E+00,0.000000E+00,0.000000E+00,0.000000E+00,0.000000E+00,0.000000E+00,0.000000E+00,2.110805E+01,7.994452E+01,2.388802E+01,5.743560E+01
11:54:00,8.010805E+03,1.803275E+03,5.577761E-01,1.592569E-01,0.000000E+00,0.000000E+00,0.000000E+00,0.000000E+00,0.000000E+00,0.000000E+00,0.000000E+00,0.000000E+00,2.110805E+01,7.994452E+01,2.388802E+01,5.741547E+01
11:55:00,8.010805E+03,1.806814E+03,5.577761E-01,1.595694E-01,0.000000E+00,0.000000E+00,0.000000E+00,0.000000E+00,0.000000E+00,0.000000E+00,0.000000E+00,0.000000E+00,2.110805E+01,7.994452E+01,2.388802E+01,5.739543E+01
11:56:00,8.010805E+03,1.810337E+03,5.577761E-01,1.598806E-01,0.000000E+00,0.000000E+00,0.000000E+00,0.000000E+00,0.000000E+00,0.000000E+00,0.000000E+00,0.000000E+00,2.110805E+01,7.994452E+01,2.388802E+01,5.737549E+01
11:57:00,8.010805E+03,1.813841E+03,5.577761E-01,1.601901E-01,0.000000E+00,0.000000E+00,0.000000E+00,0.000000E+00,0.000000E+00,0.000000E+00,0.000000E+00,0.000000E+00,2.110805E+01,7.994452E+01,2.388802E+01,5.735564E+01
11:58:00,8.010805E+03,1.817327E+03,5.577761E-01,1.604979E-01,0.000000E+00,0.000000E+00,0.000000E+00,0.000000E+00,0.000000E+00,0.000000E+00,0.000000E+00,0.000000E+00,2.110805E+01,7.994452E+01,2.388802E+01,5.733589E+01
11:59:00,8.010805E+03,1.820793E+03,5.577761E-01,1.608041E-01,0.000000E+00,0.000000E+00,0.000000E+00,0.000000E+00,0.000000E+00,0.000000E+00,0.000000E+00,0.000000E+00,2.110805E+01,7.994452E+01,2.388801E+01,5.731624E+01
12:00:00,8.010805E+03,1.824240E+03,5.577761E-01,1.611085E-01,0.000000E+00,0.000000E+00,0.000000E+00,0.000000E+00,0.000000E+00,0.000000E+00,0.000000E+00,0.000000E+00,2.110805E+01,7.994452E+01,2.388801E+01,5.729668E+01
12:01:00,8.010805E+03,1.827676E+03,5.577761E-01,1.614119E-01,0.000000E+00,0.000000E+00,0.000000E+00,0.000000E+00,0.000000E+00,0.000000E+00,0.000000E+00,0.000000E+00,2.110805E+01,7.994452E+01,2.388801E+01,5.727722E+01
12:02:00,8.010805E+03,1.831100E+03,5.577761E-01,1.617144E-01,0.000000E+00,0.000000E+00,0.000000E+00,0.000000E+00,0.000000E+00,0.000000E+00,0.000000E+00,0.000000E+00,2.110805E+01,7.994452E+01,2.388801E+01,5.725789E+01
12:03:00,8.010805E+03,1.834514E+03,5.577761E-01,1.620158E-01,0.000000E+00,0.000000E+00,0.000000E+00,0.000000E+00,0.000000E+00,0.000000E+00,0.000000E+00,0.000000E+00,2.110805E+01,7.994452E+01,2.388801E+01,5.723872E+01
12:04:00,8.010805E+03,1.837916E+03,5.577761E-01,1.623163E-01,0.000000E+00,0.000000E+00,0.000000E+00,0.000000E+00,0.000000E+00,0.000000E+00,0.000000E+00,0.000000E+00,2.110805E+01,7.994452E+01,2.388801E+01,5.721971E+01
12:05:00,8.010805E+03,1.841306E+03,5.577761E-01,1.626157E-01,0.000000E+00,0.000000E+00,0.000000E+00,0.000000E+00,0.000000E+00,0.000000E+00,0.000000E+00,0.000000E+00,2.110805E+01,7.994452E+01,2.388801E+01,5.720086E+01
12:06:00,8.010805E+03,1.844685E+03,5.577761E-01,1.629141E-01,0.000000E+00,0.000000E+00,0.000000E+00,0.000000E+00,0.000000E+00,0.000000E+00,0.000000E+00,0.000000E+00,2.110805E+01,7.994452E+01,2.388801E+01,5.718217E+01
12:07:00,8.010805E+03,1.848052E+03,5.577761E-01,1.632115E-01,0.000000E+00,0.000000E+00,0.000000E+00,0.000000E+00,0.000000E+00,0.000000E+00,0.000000E+00,0.000000E+00,2.110805E+01,7.994452E+01,2.388801E+01,5.716363E+01
12:08:00,8.010805E+03,1.851407E+03,5.577761E-01,1.635078E-01,0.000000E+00,0.000000E+00,0.000000E+00,0.000000E+00,0.000000E+00,0.000000E+00,0.000000E+00,0.000000E+00,2.110805E+01,7.994452E+01,2.388801E+01,5.714524E+01
12:09:00,8.010805E+03,1.854750E+03,5.577761E-01,1.638030E-01,0.000000E+00,0.000000E+00,0.000000E+00,0.000000E+00,0.000000E+00,0.000000E+00,0.000000E+00,0.000000E+00,2.110805E+01,7.994452E+01,2.388801E+01,5.712700E+01
12:10:00,8.010805E+03,1.858079E+03,5.577761E-01,1.640970E-01,0.000000E+00,0.000000E+00,0.000000E+00,0.000000E+00,0.000000E+00,0.000000E+00,0.000000E+00,0.000000E+00,2.110805E+01,7.994452E+01,2.388801E+01,5.710890E+01
12:11:00,8.010805E+03,1.861393E+03,5.577761E-01,1.643897E-01,0.000000E+00,0.000000E+00,0.000000E+00,0.000000E+00,0.000000E+00,0.000000E+00,0.000000E+00,0.000000E+00,2.110805E+01,7.994452E+01,2.388801E+01,5.709096E+01
12:12:00,8.010805E+03,1.864694E+03,5.577761E-01,1.646813E-01,0.000000E+00,0.000000E+00,0.000000E+00,0.000000E+00,0.000000E+00,0.000000E+00,0.000000E+00,0.000000E+00,2.110805E+01,7.994452E+01,2.388801E+01,5.707318E+01
12:13:00,8.010805E+03,1.867984E+03,5.577761E-01,1.649718E-01,0.000000E+00,0.000000E+00,0.000000E+00,0.000000E+00,0.000000E+00,0.000000E+00,0.000000E+00,0.000000E+00,2.110805E+01,7.994452E+01,2.388801E+01,5.705555E+01
12:14:00,8.010805E+03,1.871261E+03,5.577761E-01,1.652613E-01,0.000000E+00,0.000000E+00,0.000000E+00,0.000000E+00,0.000000E+00,0.000000E+00,0.000000E+00,0.000000E+00,2.110805E+01,7.994452E+01,2.388801E+01,5.703805E+01
12:15:00,8.010805E+03,1.874527E+03,5.577761E-01,1.655497E-01,0.000000E+00,0.000000E+00,0.000000E+00,0.000000E+00,0.000000E+00,0.000000E+00,0.000000E+00,0.000000E+00,2.110805E+01,7.994452E+01,2.388801E+01,5.702068E+01
12:16:00,8.010805E+03,1.877781E+03,5.577761E-01,1.658371E-01,0.000000E+00,0.000000E+00,0.000000E+00,0.000000E+00,0.000000E+00,0.000000E+00,0.000000E+00,0.000000E+00,2.110805E+01,7.994452E+01,2.388801E+01,5.700343E+01
12:17:00,8.010805E+03,1.881025E+03,5.577761E-01,1.661236E-01,0.000000E+00,0.000000E+00,0.000000E+00,0.000000E+00,0.000000E+00,0.000000E+00,0.000000E+00,0.000000E+00,2.110805E+01,7.994452E+01,2.388801E+01,5.698629E+01
12:18:00,8.010805E+03,1.884257E+03,5.577761E-01,1.664090E-01,0.000000E+00,0.000000E+00,0.000000E+00,0.000000E+00,0.000000E+00,0.000000E+00,0.000000E+00,0.000000E+00,2.110805E+01,7.994452E+01,2.388801E+01,5.696925E+01
12:19:00,8.010805E+03,1.887478E+03,5.577761E-01,1.666935E-01,0.000000E+00,0.000000E+00,0.000000E+00,0.000000E+00,0.000000E+00,0.000000E+00,0.000000E+00,0.000000E+00,2.110805E+01,7.994452E+01,2.388801E+01,5.695231E+01
12:20:00,8.010805E+03,1.890689E+03,5.577761E-01,1.669771E-01,0.000000E+00,0.000000E+00,0.000000E+00,0.000000E+00,0.000000E+00,0.000000E+00,0.000000E+00,0.000000E+00,2.110805E+01,7.994452E+01,2.388801E+01,5.693547E+01
12:21:00,8.010805E+03,1.893889E+03,5.577761E-01,1.672597E-01,0.000000E+00,0.000000E+00,0.000000E+00,0.000000E+00,0.000000E+00,0.000000E+00,0.000000E+00,0.000000E+00,2.110805E+01,7.994452E+01,2.388801E+01,5.691872E+01
12:22:00,8.010805E+03,1.897078E+03,5.577761E-01,1.675414E-01,0.000000E+00,0.000000E+00,0.000000E+00,0.000000E+00,0.000000E+00,0.000000E+00,0.000000E+00,0.000000E+00,2.110805E+01,7.994452E+01,2.388801E+01,5.690206E+01
12:23:00,8.010805E+03,1.900257E+03,5.577761E-01,1.678221E-01,0.000000E+00,0.000000E+00,0.000000E+00,0.000000E+00,0.000000E+00,0.000000E+00,0.000000E+00,0.000000E+00,2.110805E+01,7.994452E+01,2.388801E+01,5.688549E+01
12:24:00,8.010805E+03,1.903426E+03,5.577761E-01,1.681020E-01,0.000000E+00,0.000000E+00,0.000000E+00,0.000000E+00,0.000000E+00,0.000000E+00,0.000000E+00,0.000000E+00,2.110805E+01,7.994452E+01,2.388801E+01,5.686901E+01
12:25:00,8.010805E+03,1.906584E+03,5.577761E-01,1.683809E-01,0.000000E+00,0.000000E+00,0.000000E+00,0.000000E+00,0.000000E+00,0.000000E+00,0.000000E+00,0.000000E+00,2.110805E+01,7.994452E+01,2.388801E+01,5.685260E+01
12:26:00,8.010805E+03,1.909731E+03,5.577761E-01,1.686589E-01,0.000000E+00,0.000000E+00,0.000000E+00,0.000000E+00,0.000000E+00,0.000000E+00,0.000000E+00,0.000000E+00,2.110805E+01,7.994452E+01,2.388801E+01,5.683628E+01
12:27:00,8.010805E+03,1.912868E+03,5.577761E-01,1.689359E-01,0.000000E+00,0.000000E+00,0.000000E+00,0.000000E+00,0.000000E+00,0.000000E+00,0.000000E+00,0.000000E+00,2.110805E+01,7.994452E+01,2.388801E+01,5.682004E+01
12:28:00,8.010805E+03,1.915993E+03,5.577761E-01,1.692119E-01,0.000000E+00,0.000000E+00,0.000000E+00,0.000000E+00,0.000000E+00,0.000000E+00,0.000000E+00,0.000000E+00,2.110805E+01,7.994452E+01,2.388801E+01,5.680388E+01
12:29:00,8.010805E+03,1.919109E+03,5.577761E-01,1.694870E-01,0.000000E+00,0.000000E+00,0.000000E+00,0.000000E+00,0.000000E+00,0.000000E+00,0.000000E+00,0.000000E+00,2.110805E+01,7.994452E+01,2.388801E+01,5.678781E+01
12:30:00,8.010805E+03,1.922215E+03,5.577761E-01,1.697613E-01,0.000000E+00,0.000000E+00,0.000000E+00,0.000000E+00,0.000000E+00,0.000000E+00,0.000000E+00,0.000000E+00,2.110805E+01,7.994452E+01,2.388800E+01,5.677181E+01
12:31:00,8.010805E+03,1.925311E+03,5.577761E-01,1.700348E-01,0.000000E+00,0.000000E+00,0.000000E+00,0.000000E+00,0.000000E+00,0.000000E+00,0.000000E+00,0.000000E+00,2.110805E+01,7.994452E+01,2.388800E+01,5.675589E+01
12:32:00,8.010805E+03,1.928397E+03,5.577761E-01,1.703073E-01,0.000000E+00,0.000000E+00,0.000000E+00,0.000000E+00,0.000000E+00,0.000000E+00,0.000000E+00,0.000000E+00,2.110805E+01,7.994452E+01,2.388800E+01,5.674004E+01
12:33:00,8.010805E+03,1.931473E+03,5.577761E-01,1.705791E-01,0.000000E+00,0.000000E+00,0.000000E+00,0.000000E+00,0.000000E+00,0.000000E+00,0.000000E+00,0.000000E+00,2.110805E+01,7.994452E+01,2.388800E+01,5.672426E+01
12:34:00,8.010805E+03,1.934541E+03,5.577761E-01,1.708500E-01,0.000000E+00,0.000000E+00,0.000000E+00,0.000000E+00,0.000000E+00,0.000000E+00,0.000000E+00,0.000000E+00,2.110805E+01,7.994452E+01,2.388800E+01,5.670856E+01
12:35:00,8.010805E+03,1.937599E+03,5.577761E-01,1.711201E-01,0.000000E+00,0.000000E+00,0.000000E+00,0.000000E+00,0.000000E+00,0.000000E+00,0.000000E+00,0.000000E+00,2.110805E+01,7.994452E+01,2.388800E+01,5.669293E+01
12:36:00,8.010805E+03,1.940649E+03,5.577761E-01,1.713894E-01,0.000000E+00,0.000000E+00,0.000000E+00,0.000000E+00,0.000000E+00,0.000000E+00,0.000000E+00,0.000000E+00,2.110805E+01,7.994452E+01,2.388800E+01,5.667736E+01
12:37:00,8.010805E+03,1.943690E+03,5.577761E-01,1.716579E-01,0.000000E+00,0.000000E+00,0.000000E+00,0.000000E+00,0.000000E+00,0.000000E+00,0.000000E+00,0.000000E+00,2.110805E+01,7.994452E+01,2.388800E+01,5.666187E+01
12:38:00,8.010805E+03,1.946722E+03,5.577761E-01,1.719258E-01,0.000000E+00,0.000000E+00,0.000000E+00,0.000000E+00,0.000000E+00,0.000000E+00,0.000000E+00,0.000000E+00,2.110805E+01,7.994452E+01,2.388800E+01,5.664645E+01
12:39:00,8.010805E+03,1.949746E+03,5.577761E-01,1.721928E-01,0.000000E+00,0.000000E+00,0.000000E+00,0.000000E+00,0.000000E+00,0.000000E+00,0.000000E+00,0.000000E+00,2.110805E+01,7.994452E+01,2.388800E+01,5.663109E+01
12:40:00,8.010805E+03,1.952761E+03,5.577761E-01,1.724591E-01,0.000000E+00,0.000000E+00,0.000000E+00,0.000000E+00,0.000000E+00,0.000000E+00,0.000000E+00,0.000000E+00,2.110805E+01,7.994452E+01,2.388800E+01,5.661581E+01
12:41:00,8.010805E+03,1.955768E+03,5.577761E-01,1.727247E-01,0.000000E+00,0.000000E+00,0.000000E+00,0.000000E+00,0.000000E+00,0.000000E+00,0.000000E+00,0.000000E+00,2.110805E+01,7.994452E+01,2.388800E+01,5.660058E+01
12:42:00,8.010805E+03,1.958766E+03,5.577761E-01,1.729895E-01,0.000000E+00,0.000000E+00,0.000000E+00,0.000000E+00,0.000000E+00,0.000000E+00,0.000000E+00,0.000000E+00,2.110805E+01,7.994452E+01,2.388800E+01,5.658543E+01
12:43:00,8.010805E+03,1.961756E+03,5.577761E-01,1.732536E-01,0.000000E+00,0.000000E+00,0.000000E+00,0.000000E+00,0.000000E+00,0.000000E+00,0.000000E+00,0.000000E+00,2.110805E+01,7.994452E+01,2.388800E+01,5.657033E+01
12:44:00,8.010805E+03,1.964738E+03,5.577761E-01,1.735169E-01,0.000000E+00,0.000000E+00,0.000000E+00,0.000000E+00,0.000000E+00,0.000000E+00,0.000000E+00,0.000000E+00,2.110805E+01,7.994452E+01,2.388800E+01,5.655530E+01
12:45:00,8.010805E+03,1.967708E+03,5.577761E-01,1.737791E-01,0.000000E+00,0.000000E+00,0.000000E+00,0.000000E+00,0.000000E+00,0.000000E+00,0.000000E+00,0.000000E+00,2.110805E+01,7.994452E+01,2.388800E+01,5.654034E+01
12:46:00,8.010805E+03,1.970666E+03,5.577761E-01,1.740405E-01,0.000000E+00,0.000000E+00,0.000000E+00,0.000000E+00,0.000000E+00,0.000000E+00,0.000000E+00,0.000000E+00,2.110805E+01,7.994452E+01,2.388800E+01,5.652544E+01
12:47:00,8.010805E+03,1.973614E+03,5.577761E-01,1.743008E-01,0.000000E+00,0.000000E+00,0.000000E+00,0.000000E+00,0.000000E+00,0.000000E+00,0.000000E+00,0.000000E+00,2.110805E+01,7.994452E+01,2.388800E+01,5.651060E+01
12:48:00,8.010805E+03,1.976552E+03,5.577761E-01,1.745603E-01,0.000000E+00,0.000000E+00,0.000000E+00,0.000000E+00,0.000000E+00,0.000000E+00,0.000000E+00,0.000000E+00,2.110805E+01,7.994452E+01,2.388800E+01,5.649583E+01
12:49:00,8.010805E+03,1.979480E+03,5.577761E-01,1.748188E-01,0.000000E+00,0.000000E+00,0.000000E+00,0.000000E+00,0.000000E+00,0.000000E+00,0.000000E+00,0.000000E+00,2.110805E+01,7.994452E+01,2.388800E+01,5.648112E+01
12:50:00,8.010805E+03,1.982398E+03,5.577761E-01,1.750766E-01,0.000000E+00,0.000000E+00,0.000000E+00,0.000000E+00,0.000000E+00,0.000000E+00,0.000000E+00,0.000000E+00,2.110805E+01,7.994452E+01,2.388800E+01,5.646648E+01
12:51:00,8.010805E+03,1.985305E+03,5.577761E-01,1.753333E-01,0.000000E+00,0.000000E+00,0.000000E+00,0.000000E+00,0.000000E+00,0.000000E+00,0.000000E+00,0.000000E+00,2.110805E+01,7.994452E+01,2.388800E+01,5.645190E+01
12:52:00,8.010805E+03,1.988203E+03,5.577761E-01,1.755893E-01,0.000000E+00,0.000000E+00,0.000000E+00,0.000000E+00,0.000000E+00,0.000000E+00,0.000000E+00,0.000000E+00,2.110805E+01,7.994452E+01,2.388800E+01,5.643738E+01
12:53:00,8.010805E+03,1.991091E+03,5.577761E-01,1.758444E-01,0.000000E+00,0.000000E+00,0.000000E+00,0.000000E+00,0.000000E+00,0.000000E+00,0.000000E+00,0.000000E+00,2.110805E+01,7.994452E+01,2.388800E+01,5.642292E+01
12:54:00,8.010805E+03,1.993969E+03,5.577761E-01,1.760985E-01,0.000000E+00,0.000000E+00,0.000000E+00,0.000000E+00,0.000000E+00,0.000000E+00,0.000000E+00,0.000000E+00,2.110805E+01,7.994452E+01,2.388800E+01,5.640852E+01
12:55:00,8.010805E+03,1.996837E+03,5.577761E-01,1.763518E-01,0.000000E+00,0.000000E+00,0.000000E+00,0.000000E+00,0.000000E+00,0.000000E+00,0.000000E+00,0.000000E+00,2.110805E+01,7.994452E+01,2.388800E+01,5.639418E+01
12:56:00,8.010805E+03,1.999695E+03,5.577761E-01,1.766042E-01,0.000000E+00,0.000000E+00,0.000000E+00,0.000000E+00,0.000000E+00,0.000000E+00,0.000000E+00,0.000000E+00,2.110805E+01,7.994452E+01,2.388800E+01,5.637990E+01
12:57:00,8.010805E+03,2.002543E+03,5.577761E-01,1.768558E-01,0.000000E+00,0.000000E+00,0.000000E+00,0.000000E+00,0.000000E+00,0.000000E+00,0.000000E+00,0.000000E+00,2.110805E+01,7.994452E+01,2.388800E+01,5.636569E+01
12:58:00,8.010805E+03,2.005381E+03,5.577761E-01,1.771064E-01,0.000000E+00,0.000000E+00,0.000000E+00,0.000000E+00,0.000000E+00,0.000000E+00,0.000000E+00,0.000000E+00,2.110805E+01,7.994452E+01,2.388800E+01,5.635153E+01
12:59:00,8.010805E+03,2.008211E+03,5.577761E-01,1.773563E-01,0.000000E+00,0.000000E+00,0.000000E+00,0.000000E+00,0.000000E+00,0.000000E+00,0.000000E+00,0.000000E+00,2.110805E+01,7.994452E+01,2.388799E+01,5.633743E+01
13:00:00,8.010805E+03,2.011035E+03,5.577761E-01,1.776057E-01,0.000000E+00,0.000000E+00,0.000000E+00,0.000000E+00,0.000000E+00,0.000000E+00,0.000000E+00,0.000000E+00,2.110805E+01,7.994452E+01,2.388799E+01,5.632338E+01
13:01:00,8.010805E+03,2.013849E+03,5.577761E-01,1.778543E-01,0.000000E+00,0.000000E+00,0.000000E+00,0.000000E+00,0.000000E+00,0.000000E+00,0.000000E+00,0.000000E+00,2.110805E+01,7.994452E+01,2.388799E+01,5.630937E+01
13:02:00,8.010805E+03,2.016655E+03,5.577761E-01,1.781021E-01,0.000000E+00,0.000000E+00,0.000000E+00,0.000000E+00,0.000000E+00,0.000000E+00,0.000000E+00,0.000000E+00,2.110805E+01,7.994452E+01,2.388799E+01,5.629543E+01
13:03:00,8.010805E+03,2.019453E+03,5.577761E-01,1.783491E-01,0.000000E+00,0.000000E+00,0.000000E+00,0.000000E+00,0.000000E+00,0.000000E+00,0.000000E+00,0.000000E+00,2.110805E+01,7.994452E+01,2.388799E+01,5.628159E+01
13:04:00,8.010805E+03,2.022242E+03,5.577761E-01,1.785955E-01,0.000000E+00,0.000000E+00,0.000000E+00,0.000000E+00,0.000000E+00,0.000000E+00,0.000000E+00,0.000000E+00,2.110805E+01,7.994452E+01,2.388799E+01,5.626787E+01
13:05:00,8.010805E+03,2.025022E+03,5.577761E-01,1.788410E-01,0.000000E+00,0.000000E+00,0.000000E+00,0.000000E+00,0.000000E+00,0.000000E+00,0.000000E+00,0.000000E+00,2.110805E+01,7.994452E+01,2.388799E+01,5.625426E+01
13:06:00,8.010805E+03,2.027795E+03,5.577761E-01,1.790859E-01,0.000000E+00,0.000000E+00,0.000000E+00,0.000000E+00,0.000000E+00,0.000000E+00,0.000000E+00,0.000000E+00,2.110805E+01,7.994452E+01,2.388799E+01,5.624076E+01
13:07:00,8.010805E+03,2.030559E+03,5.577761E-01,1.793300E-01,0.000000E+00,0.000000E+00,0.000000E+00,0.000000E+00,0.000000E+00,0.000000E+00,0.000000E+00,0.000000E+00,2.110805E+01,7.994452E+01,2.388799E+01,5.622737E+01
13:08:00,8.010805E+03,2.033315E+03,5.577761E-01,1.795735E-01,0.000000E+00,0.000000E+00,0.000000E+00,0.000000E+00,0.000000E+00,0.000000E+00,0.000000E+00,0.000000E+00,2.110805E+01,7.994452E+01,2.388799E+01,5.621407E+01
13:09:00,8.010805E+03,2.036064E+03,5.577761E-01,1.798163E-01,0.000000E+00,0.000000E+00,0.000000E+00,0.000000E+00,0.000000E+00,0.000000E+00,0.000000E+00,0.000000E+00,2.110805E+01,7.994452E+01,2.388799E+01,5.620087E+01
13:10:00,8.010805E+03,2.038807E+03,5.577761E-01,1.800585E-01,0.000000E+00,0.000000E+00,0.000000E+00,0.000000E+00,0.000000E+00,0.000000E+00,0.000000E+00,0.000000E+00,2.110805E+01,7.994452E+01,2.388799E+01,5.618776E+01
13:11:00,8.010805E+03,2.041545E+03,5.577761E-01,1.803002E-01,0.000000E+00,0.000000E+00,0.000000E+00,0.000000E+00,0.000000E+00,0.000000E+00,0.000000E+00,0.000000E+00,2.110805E+01,7.994452E+01,2.388799E+01,5.617475E+01
13:12:00,8.010805E+03,2.044275E+03,5.577761E-01,1.805414E-01,0.000000E+00,0.000000E+00,0.000000E+00,0.000000E+00,0.000000E+00,0.000000E+00,0.000000E+00,0.000000E+00,2.110805E+01,7.994452E+01,2.388799E+01,5.616183E+01
13:13:00,8.010805E+03,2.046998E+03,5.577761E-01,1.807818E-01,0.000000E+00,0.000000E+00,0.000000E+00,0.000000E+00,0.000000E+00,0.000000E+00,0.000000E+00,0.000000E+00,2.110805E+01,7.994452E+01,2.388799E+01,5.614899E+01
13:14:00,8.010805E+03,2.049712E+03,5.577761E-01,1.810216E-01,0.000000E+00,0.000000E+00,0.000000E+00,0.000000E+00,0.000000E+00,0.000000E+00,0.000000E+00,0.000000E+00,2.110805E+01,7.994452E+01,2.388799E+01,5.613624E+01
13:15:00,8.010805E+03,2.052419E+03,5.577761E-01,1.812606E-01,0.000000E+00,0.000000E+00,0.000000E+00,0.000000E+00,0.000000E+00,0.000000E+00,0.000000E+00,0.000000E+00,2.110805E+01,7.994452E+01,2.388799E+01,5.612357E+01
13:16:00,8.010805E+03,2.055117E+03,5.577761E-01,1.814989E-01,0.000000E+00,0.000000E+00,0.000000E+00,0.000000E+00,0.000000E+00,0.000000E+00,0.000000E+00,0.000000E+00,2.110805E+01,7.994452E+01,2.388799E+01,5.611098E+01
13:17:00,8.010805E+03,2.057806E+03,5.577761E-01,1.817365E-01,0.000000E+00,0.000000E+00,0.000000E+00,0.000000E+00,0.000000E+00,0.000000E+00,0.000000E+00,0.000000E+00,2.110805E+01,7.994452E+01,2.388799E+01,5.609846E+01
13:18:00,8.010805E+03,2.060487E+03,5.577761E-01,1.819732E-01,0.000000E+00,0.000000E+00,0.000000E+00,0.000000E+00,0.000000E+00,0.000000E+00,0.000000E+00,0.000000E+00,2.110805E+01,7.994452E+01,2.388799E+01,5.608602E+01
13:19:00,8.010805E+03,2.063159E+03,5.577761E-01,1.822092E-01,0.000000E+00,0.000000E+00,0.000000E+00,0.000000E+00,0.000000E+00,0.000000E+00,0.000000E+00,0.000000E+00,2.110805E+01,7.994452E+01,2.388799E+01,5.607366E+01
13:20:00,8.010805E+03,2.065822E+03,5.577761E-01,1.824444E-01,0.000000E+00,0.000000E+00,0.000000E+00,0.000000E+00,0.000000E+00,0.000000E+00,0.000000E+00,0.000000E+00,2.110805E+01,7.994452E+01,2.388799E+01,5.606136E+01
13:21:00,8.010805E+03,2.068476E+03,5.577761E-01,1.826788E-01,0.000000E+00,0.000000E+00,0.000000E+00,0.000000E+00,0.000000E+00,0.000000E+00,0.000000E+00,0.000000E+00,2.110805E+01,7.994452E+01,2.388799E+01,5.604913E+01
13:22:00,8.010805E+03,2.071121E+03,5.577761E-01,1.829123E-01,0.000000E+00,0.000000E+00,0.000000E+00,0.000000E+00,0.000000E+00,0.000000E+00,0.000000E+00,0.000000E+00,2.110805E+01,7.994452E+01,2.388799E+01,5.603698E+01
13:23:00,8.010805E+03,2.073756E+03,5.577761E-01,1.831451E-01,0.000000E+00,0.000000E+00,0.000000E+00,0.000000E+00,0.000000E+00,0.000000E+00,0.000000E+00,0.000000E+00,2.110805E+01,7.994452E+01,2.388799E+01,5.602489E+01
13:24:00,8.010805E+03,2.076382E+03,5.577761E-01,1.833770E-01,0.000000E+00,0.000000E+00,0.000000E+00,0.000000E+00,0.000000E+00,0.000000E+00,0.000000E+00,0.000000E+00,2.110805E+01,7.994452E+01,2.388799E+01,5.601286E+01
13:25:00,8.010805E+03,2.078999E+03,5.577761E-01,1.836082E-01,0.000000E+00,0.000000E+00,0.000000E+00,0.000000E+00,0.000000E+00,0.000000E+00,0.000000E+00,0.000000E+00,2.110805E+01,7.994452E+01,2.388799E+01,5.600090E+01
13:26:00,8.010805E+03,2.081607E+03,5.577761E-01,1.838385E-01,0.000000E+00,0.000000E+00,0.000000E+00,0.000000E+00,0.000000E+00,0.000000E+00,0.000000E+00,0.000000E+00,2.110805E+01,7.994452E+01,2.388799E+01,5.598900E+01
13:27:00,8.010805E+03,2.084206E+03,5.577761E-01,1.840680E-01,0.000000E+00,0.000000E+00,0.000000E+00,0.000000E+00,0.000000E+00,0.000000E+00,0.000000E+00,0.000000E+00,2.110805E+01,7.994452E+01,2.388799E+01,5.597717E+01
13:28:00,8.010805E+03,2.086798E+03,5.577761E-01,1.842969E-01,0.000000E+00,0.000000E+00,0.000000E+00,0.000000E+00,0.000000E+00,0.000000E+00,0.000000E+00,0.000000E+00,2.110805E+01,7.994452E+01,2.388799E+01,5.596539E+01
13:29:00,8.010805E+03,2.089379E+03,5.577761E-01,1.845249E-01,0.000000E+00,0.000000E+00,0.000000E+00,0.000000E+00,0.000000E+00,0.000000E+00,0.000000E+00,0.000000E+00,2.110805E+01,7.994452E+01,2.388799E+01,5.595368E+01
13:30:00,8.010805E+03,2.091951E+03,5.577761E-01,1.847520E-01,0.000000E+00,0.000000E+00,0.000000E+00,0.000000E+00,0.000000E+00,0.000000E+00,0.000000E+00,0.000000E+00,2.110805E+01,7.994452E+01,2.388799E+01,5.594202E+01
13:31:00,8.010805E+03,2.094513E+03,5.577761E-01,1.849783E-01,0.000000E+00,0.000000E+00,0.000000E+00,0.000000E+00,0.000000E+00,0.000000E+00,0.000000E+00,0.000000E+00,2.110805E+01,7.994452E+01,2.388799E+01,5.593042E+01
13:32:00,8.010805E+03,2.097067E+03,5.577761E-01,1.852039E-01,0.000000E+00,0.000000E+00,0.000000E+00,0.000000E+00,0.000000E+00,0.000000E+00,0.000000E+00,0.000000E+00,2.110805E+01,7.994452E+01,2.388799E+01,5.591887E+01
13:33:00,8.010805E+03,2.099612E+03,5.577761E-01,1.854286E-01,0.000000E+00,0.000000E+00,0.000000E+00,0.000000E+00,0.000000E+00,0.000000E+00,0.000000E+00,0.000000E+00,2.110805E+01,7.994452E+01,2.388799E+01,5.590738E+01
13:34:00,8.010805E+03,2.102148E+03,5.577761E-01,1.856526E-01,0.000000E+00,0.000000E+00,0.000000E+00,0.000000E+00,0.000000E+00,0.000000E+00,0.000000E+00,0.000000E+00,2.110805E+01,7.994452E+01,2.388799E+01,5.589594E+01
13:35:00,8.010805E+03,2.104674E+03,5.577761E-01,1.858757E-01,0.000000E+00,0.000000E+00,0.000000E+00,0.000000E+00,0.000000E+00,0.000000E+00,0.000000E+00,0.000000E+00,2.110805E+01,7.994452E+01,2.388799E+01,5.588456E+01
13:36:00,8.010805E+03,2.107192E+03,5.577761E-01,1.860980E-01,0.000000E+00,0.000000E+00,0.000000E+00,0.000000E+00,0.000000E+00,0.000000E+00,0.000000E+00,0.000000E+00,2.110805E+01,7.994452E+01,2.388799E+01,5.587323E+01
13:37:00,8.010805E+03,2.109700E+03,5.577761E-01,1.863195E-01,0.000000E+00,0.000000E+00,0.000000E+00,0.000000E+00,0.000000E+00,0.000000E+00,0.000000E+00,0.000000E+00,2.110805E+01,7.994452E+01,2.388799E+01,5.586195E+01
13:38:00,8.010805E+03,2.112198E+03,5.577761E-01,1.865402E-01,0.000000E+00,0.000000E+00,0.000000E+00,0.000000E+00,0.000000E+00,0.000000E+00,0.000000E+00,0.000000E+00,2.110805E+01,7.994452E+01,2.388799E+01,5.585073E+01
13:39:00,8.010805E+03,2.114688E+03,5.577761E-01,1.867601E-01,0.000000E+00,0.000000E+00,0.000000E+00,0.000000E+00,0.000000E+00,0.000000E+00,0.000000E+00,0.000000E+00,2.110805E+01,7.994452E+01,2.388798E+01,5.583955E+01
13:40:00,8.010805E+03,2.117169E+03,5.577761E-01,1.869792E-01,0.000000E+00,0.000000E+00,0.000000E+00,0.000000E+00,0.000000E+00,0.000000E+00,0.000000E+00,0.000000E+00,2.110805E+01,7.994452E+01,2.388798E+01,5.582842E+01
13:41:00,8.010805E+03,2.119641E+03,5.577761E-01,1.871975E-01,0.000000E+00,0.000000E+00,0.000000E+00,0.000000E+00,0.000000E+00,0.000000E+00,0.000000E+00,0.000000E+00,2.110805E+01,7.994452E+01,2.388798E+01,5.581734E+01
13:42:00,8.010805E+03,2.122103E+03,5.577761E-01,1.874150E-01,0.000000E+00,0.000000E+00,0.000000E+00,0.000000E+00,0.000000E+00,0.000000E+00,0.000000E+00,0.000000E+00,2.110805E+01,7.994452E+01,2.388798E+01,5.580632E+01
13:43:00,8.010805E+03,2.124557E+03,5.577761E-01,1.876317E-01,0.000000E+00,0.000000E+00,0.000000E+00,0.000000E+00,0.000000E+00,0.000000E+00,0.000000E+00,0.000000E+00,2.110805E+01,7.994452E+01,2.388798E+01,5.579533E+01
13:44:00,8.010805E+03,2.127000E+03,5.577761E-01,1.878475E-01,0.000000E+00,0.000000E+00,0.000000E+00,0.000000E+00,0.000000E+00,0.000000E+00,0.000000E+00,0.000000E+00,2.110805E+01,7.994452E+01,2.388798E+01,5.578440E+01
13:45:00,8.010805E+03,2.129436E+03,5.577761E-01,1.880626E-01,0.000000E+00,0.000000E+00,0.000000E+00,0.000000E+00,0.000000E+00,0.000000E+00,0.000000E+00,0.000000E+00,2.110805E+01,7.994452E+01,2.388798E+01,5.577351E+01
13:46:00,8.010805E+03,2.131862E+03,5.577761E-01,1.882769E-01,0.000000E+00,0.000000E+00,0.000000E+00,0.000000E+00,0.000000E+00,0.000000E+00,0.000000E+00,0.000000E+00,2.110805E+01,7.994452E+01,2.388798E+01,5.576267E+01
13:47:00,8.010806E+03,2.134280E+03,5.577761E-01,1.884904E-01,0.000000E+00,0.000000E+00,0.000000E+00,0.000000E+00,0.000000E+00,0.000000E+00,0.000000E+00,0.000000E+00,2.110805E+01,7.994452E+01,2.388798E+01,5.575187E+01
13:48:00,8.010806E+03,2.136688E+03,5.577761E-01,1.887031E-01,0.000000E+00,0.000000E+00,0.000000E+00,0.000000E+00,0.000000E+00,0.000000E+00,0.000000E+00,0.000000E+00,2.110805E+01,7.994452E+01,2.388798E+01,5.574113E+01
13:49:00,8.010806E+03,2.139088E+03,5.577761E-01,1.889150E-01,0.000000E+00,0.000000E+00,0.000000E+00,0.000000E+00,0.000000E+00,0.000000E+00,0.000000E+00,0.000000E+00,2.110805E+01,7.994452E+01,2.388798E+01,5.573042E+01
13:50:00,8.010806E+03,2.141478E+03,5.577761E-01,1.891261E-01,0.000000E+00,0.000000E+00,0.000000E+00,0.000000E+00,0.000000E+00,0.000000E+00,0.000000E+00,0.000000E+00,2.110805E+01,7.994452E+01,2.388798E+01,5.571976E+01
13:51:00,8.010806E+03,2.143860E+03,5.577761E-01,1.893365E-01,0.000000E+00,0.000000E+00,0.000000E+00,0.000000E+00,0.000000E+00,0.000000E+00,0.000000E+00,0.000000E+00,2.110805E+01,7.994452E+01,2.388798E+01,5.570915E+01
13:52:00,8.010806E+03,2.146233E+03,5.577761E-01,1.895460E-01,0.000000E+00,0.000000E+00,0.000000E+00,0.000000E+00,0.000000E+00,0.000000E+00,0.000000E+00,0.000000E+00,2.110805E+01,7.994452E+01,2.388798E+01,5.569858E+01
13:53:00,8.010806E+03,2.148596E+03,5.577761E-01,1.897548E-01,0.000000E+00,0.000000E+00,0.000000E+00,0.000000E+00,0.000000E+00,0.000000E+00,0.000000E+00,0.000000E+00,2.110805E+01,7.994452E+01,2.388798E+01,5.568806E+01
13:54:00,8.010806E+03,2.150951E+03,5.577761E-01,1.899627E-01,0.000000E+00,0.000000E+00,0.000000E+00,0.000000E+00,0.000000E+00,0.000000E+00,0.000000E+00,0.000000E+00,2.110805E+01,7.994452E+01,2.388798E+01,5.567758E+01
13:55:00,8.010806E+03,2.153297E+03,5.577761E-01,1.901699E-01,0.000000E+00,0.000000E+00,0.000000E+00,0.000000E+00,0.000000E+00,0.000000E+00,0.000000E+00,0.000000E+00,2.110805E+01,7.994452E+01,2.388798E+01,5.566714E+01
13:56:00,8.010806E+03,2.155634E+03,5.577761E-01,1.903763E-01,0.000000E+00,0.000000E+00,0.000000E+00,0.000000E+00,0.000000E+00,0.000000E+00,0.000000E+00,0.000000E+00,2.110805E+01,7.994452E+01,2.388798E+01,5.565674E+01
13:57:00,8.010806E+03,2.157962E+03,5.577761E-01,1.905819E-01,0.000000E+00,0.000000E+00,0.000000E+00,0.000000E+00,0.000000E+00,0.000000E+00,0.000000E+00,0.000000E+00,2.110805E+01,7.994452E+01,2.388798E+01,5.564640E+01
13:58:00,8.010806E+03,2.160281E+03,5.577761E-01,1.907868E-01,0.000000E+00,0.000000E+00,0.000000E+00,0.000000E+00,0.000000E+00,0.000000E+00,0.000000E+00,0.000000E+00,2.110805E+01,7.994452E+01,2.388798E+01,5.563609E+01
13:59:00,8.010806E+03,2.162590E+03,5.577761E-01,1.909907E-01,0.000000E+00,0.000000E+00,0.000000E+00,0.000000E+00,0.000000E+00,0.000000E+00,0.000000E+00,0.000000E+00,2.110805E+01,7.994452E+01,2.388798E+01,5.562582E+01
14:00:00,8.010806E+03,2.164886E+03,5.577761E-01,1.911935E-01,0.000000E+00,0.000000E+00,0.000000E+00,0.000000E+00,0.000000E+00,0.000000E+00,0.000000E+00,0.000000E+00,2.110805E+01,7.994452E+01,2.388798E+01,5.561560E+01
14:01:00,8.010806E+03,2.167165E+03,5.577761E-01,1.913947E-01,0.000000E+00,0.000000E+00,0.000000E+00,0.000000E+00,0.000000E+00,0.000000E+00,0.000000E+00,0.000000E+00,2.110805E+01,7.994452E+01,2.388798E+01,5.560543E+01
14:02:00,8.010806E+03,2.169424E+03,5.577761E-01,1.915943E-01,0.000000E+00,0.000000E+00,0.000000E+00,0.000000E+00,0.000000E+00,0.000000E+00,0.000000E+00,0.000000E+00,2.110805E+01,7.994452E+01,2.388798E+01,5.559538E+01
14:03:00,8.010806E+03,2.171666E+03,5.577761E-01,1.917922E-01,0.000000E+00,0.000000E+00,0.000000E+00,0.000000E+00,0.000000E+00,0.000000E+00,0.000000E+00,0.000000E+00,2.110805E+01,7.994452E+01,2.388798E+01,5.558552E+01
14:04:00,8.010806E+03,2.173889E+03,5.577761E-01,1.919886E-01,0.000000E+00,0.000000E+00,0.000000E+00,0.000000E+00,0.000000E+00,0.000000E+00,0.000000E+00,0.000000E+00,2.110805E+01,7.994452E+01,2.388798E+01,5.557587E+01
14:05:00,8.010806E+03,2.176094E+03,5.577761E-01,1.921833E-01,0.000000E+00,0.000000E+00,0.000000E+00,0.000000E+00,0.000000E+00,0.000000E+00,0.000000E+00,0.000000E+00,2.110805E+01,7.994452E+01,2.388798E+01,5.556642E+01
14:06:00,8.010806E+03,2.178279E+03,5.577761E-01,1.923763E-01,0.000000E+00,0.000000E+00,0.000000E+00,0.000000E+00,0.000000E+00,0.000000E+00,0.000000E+00,0.000000E+00,2.110805E+01,7.994452E+01,2.388798E+01,5.555715E+01
14:07:00,8.010806E+03,2.180446E+03,5.577761E-01,1.925677E-01,0.000000E+00,0.000000E+00,0.000000E+00,0.000000E+00,0.000000E+00,0.000000E+00,0.000000E+00,0.000000E+00,2.110805E+01,7.994452E+01,2.388798E+01,5.554806E+01
14:08:00,8.010806E+03,2.182595E+03,5.577761E-01,1.927575E-01,0.000000E+00,0.000000E+00,0.000000E+00,0.000000E+00,0.000000E+00,0.000000E+00,0.000000E+00,0.000000E+00,2.110805E+01,7.994452E+01,2.388798E+01,5.553915E+01
14:09:00,8.010806E+03,2.184725E+03,5.577761E-01,1.929456E-01,0.000000E+00,0.000000E+00,0.000000E+00,0.000000E+00,0.000000E+00,0.000000E+00,0.000000E+00,0.000000E+00,2.110805E+01,7.994452E+01,2.388798E+01,5.553039E+01
14:10:00,8.010806E+03,2.186836E+03,5.577761E-01,1.931320E-01,0.000000E+00,0.000000E+00,0.000000E+00,0.000000E+00,0.000000E+00,0.000000E+00,0.000000E+00,0.000000E+00,2.110805E+01,7.994452E+01,2.388798E+01,5.552180E+01
14:11:00,8.010806E+03,2.188928E+03,5.577761E-01,1.933168E-01,0.000000E+00,0.000000E+00,0.000000E+00,0.000000E+00,0.000000E+00,0.000000E+00,0.000000E+00,0.000000E+00,2.110805E+01,7.994452E+01,2.388798E+01,5.551335E+01
14:12:00,8.010806E+03,2.191001E+03,5.577761E-01,1.934999E-01,0.000000E+00,0.000000E+00,0.000000E+00,0.000000E+00,0.000000E+00,0.000000E+00,0.000000E+00,0.000000E+00,2.110805E+01,7.994452E+01,2.388798E+01,5.550506E+01
14:13:00,8.010806E+03,2.193055E+03,5.577761E-01,1.936813E-01,0.000000E+00,0.000000E+00,0.000000E+00,0.000000E+00,0.000000E+00,0.000000E+00,0.000000E+00,0.000000E+00,2.110805E+01,7.994452E+01,2.388798E+01,5.549691E+01
14:14:00,8.010806E+03,2.195090E+03,5.577761E-01,1.938610E-01,0.000000E+00,0.000000E+00,0.000000E+00,0.000000E+00,0.000000E+00,0.000000E+00,0.000000E+00,0.000000E+00,2.110805E+01,7.994452E+01,2.388798E+01,5.548890E+01
14:15:00,8.010806E+03,2.197106E+03,5.577761E-01,1.940390E-01,0.000000E+00,0.000000E+00,0.000000E+00,0.000000E+00,0.000000E+00,0.000000E+00,0.000000E+00,0.000000E+00,2.110805E+01,7.994452E+01,2.388798E+01,5.548102E+01
14:16:00,8.010806E+03,2.199102E+03,5.577761E-01,1.942154E-01,0.000000E+00,0.000000E+00,0.000000E+00,0.000000E+00,0.000000E+00,0.000000E+00,0.000000E+00,0.000000E+00,2.110805E+01,7.994452E+01,2.388798E+01,5.547326E+01
14:17:00,8.010806E+03,2.201079E+03,5.577761E-01,1.943900E-01,0.000000E+00,0.000000E+00,0.000000E+00,0.000000E+00,0.000000E+00,0.000000E+00,0.000000E+00,0.000000E+00,2.110805E+01,7.994452E+01,2.388798E+01,5.546564E+01
14:18:00,8.010806E+03,2.203037E+03,5.577761E-01,1.945628E-01,0.000000E+00,0.000000E+00,0.000000E+00,0.000000E+00,0.000000E+00,0.000000E+00,0.000000E+00,0.000000E+00,2.110805E+01,7.994452E+01,2.388798E+01,5.545813E+01
14:19:00,8.010806E+03,2.204975E+03,5.577761E-01,1.947340E-01,0.000000E+00,0.000000E+00,0.000000E+00,0.000000E+00,0.000000E+00,0.000000E+00,0.000000E+00,0.000000E+00,2.110805E+01,7.994452E+01,2.388798E+01,5.545074E+01
14:20:00,8.010806E+03,2.206893E+03,5.577761E-01,1.949034E-01,0.000000E+00,0.000000E+00,0.000000E+00,0.000000E+00,0.000000E+00,0.000000E+00,0.000000E+00,0.000000E+00,2.110805E+01,7.994452E+01,2.388798E+01,5.544347E+01
14:21:00,8.010806E+03,2.208792E+03,5.577761E-01,1.950711E-01,0.000000E+00,0.000000E+00,0.000000E+00,0.000000E+00,0.000000E+00,0.000000E+00,0.000000E+00,0.000000E+00,2.110805E+01,7.994452E+01,2.388798E+01,5.543630E+01
14:22:00,8.010806E+03,2.210671E+03,5.577761E-01,1.952371E-01,0.000000E+00,0.000000E+00,0.000000E+00,0.000000E+00,0.000000E+00,0.000000E+00,0.000000E+00,0.000000E+00,2.110805E+01,7.994452E+01,2.388798E+01,5.542924E+01
14:23:00,8.010806E+03,2.212531E+03,5.577761E-01,1.954013E-01,0.000000E+00,0.000000E+00,0.000000E+00,0.000000E+00,0.000000E+00,0.000000E+00,0.000000E+00,0.000000E+00,2.110805E+01,7.994452E+01,2.388798E+01,5.542228E+01
14:24:00,8.010806E+03,2.214370E+03,5.577761E-01,1.955638E-01,0.000000E+00,0.000000E+00,0.000000E+00,0.000000E+00,0.000000E+00,0.000000E+00,0.000000E+00,0.000000E+00,2.110805E+01,7.994452E+01,2.388798E+01,5.541542E+01
14:25:00,8.010806E+03,2.216190E+03,5.577761E-01,1.957245E-01,0.000000E+00,0.000000E+00,0.000000E+00,0.000000E+00,0.000000E+00,0.000000E+00,0.000000E+00,0.000000E+00,2.110805E+01,7.994452E+01,2.388798E+01,5.540866E+01
14:26:00,8.010806E+03,2.217990E+03,5.577761E-01,1.958834E-01,0.000000E+00,0.000000E+00,0.000000E+00,0.000000E+00,0.000000E+00,0.000000E+00,0.000000E+00,0.000000E+00,2.110805E+01,7.994452E+01,2.388798E+01,5.540199E+01
14:27:00,8.010806E+03,2.219769E+03,5.577761E-01,1.960406E-01,0.000000E+00,0.000000E+00,0.000000E+00,0.000000E+00,0.000000E+00,0.000000E+00,0.000000E+00,0.000000E+00,2.110805E+01,7.994452E+01,2.388798E+01,5.539542E+01
14:28:00,8.010806E+03,2.221529E+03,5.577761E-01,1.961960E-01,0.000000E+00,0.000000E+00,0.000000E+00,0.000000E+00,0.000000E+00,0.000000E+00,0.000000E+00,0.000000E+00,2.110805E+01,7.994452E+01,2.388798E+01,5.538893E+01
14:29:00,8.010806E+03,2.223269E+03,5.577761E-01,1.963497E-01,0.000000E+00,0.000000E+00,0.000000E+00,0.000000E+00,0.000000E+00,0.000000E+00,0.000000E+00,0.000000E+00,2.110805E+01,7.994452E+01,2.388798E+01,5.538253E+01
14:30:00,8.010806E+03,2.224988E+03,5.577761E-01,1.965015E-01,0.000000E+00,0.000000E+00,0.000000E+00,0.000000E+00,0.000000E+00,0.000000E+00,0.000000E+00,0.000000E+00,2.110805E+01,7.994452E+01,2.388798E+01,5.537621E+01
14:31:00,8.010806E+03,2.226688E+03,5.577761E-01,1.966516E-01,0.000000E+00,0.000000E+00,0.000000E+00,0.000000E+00,0.000000E+00,0.000000E+00,0.000000E+00,0.000000E+00,2.110805E+01,7.994452E+01,2.388798E+01,5.536998E+01
14:32:00,8.010806E+03,2.228367E+03,5.577761E-01,1.967999E-01,0.000000E+00,0.000000E+00,0.000000E+00,0.000000E+00,0.000000E+00,0.000000E+00,0.000000E+00,0.000000E+00,2.110805E+01,7.994452E+01,2.388798E+01,5.536382E+01
14:33:00,8.010806E+03,2.230025E+03,5.577761E-01,1.969464E-01,0.000000E+00,0.000000E+00,0.000000E+00,0.000000E+00,0.000000E+00,0.000000E+00,0.000000E+00,0.000000E+00,2.110805E+01,7.994452E+01,2.388798E+01,5.535775E+01
14:34:00,8.010806E+03,2.231664E+03,5.577761E-01,1.970911E-01,0.000000E+00,0.000000E+00,0.000000E+00,0.000000E+00,0.000000E+00,0.000000E+00,0.000000E+00,0.000000E+00,2.110805E+01,7.994452E+01,2.388798E+01,5.535174E+01
14:35:00,8.010806E+03,2.233282E+03,5.577761E-01,1.972340E-01,0.000000E+00,0.000000E+00,0.000000E+00,0.000000E+00,0.000000E+00,0.000000E+00,0.000000E+00,0.000000E+00,2.110805E+01,7.994452E+01,2.388798E+01,5.534582E+01
14:36:00,8.010806E+03,2.234879E+03,5.577761E-01,1.973751E-01,0.000000E+00,0.000000E+00,0.000000E+00,0.000000E+00,0.000000E+00,0.000000E+00,0.000000E+00,0.000000E+00,2.110805E+01,7.994452E+01,2.388798E+01,5.533996E+01
14:37:00,8.010806E+03,2.236457E+03,5.577761E-01,1.975144E-01,0.000000E+00,0.000000E+00,0.000000E+00,0.000000E+00,0.000000E+00,0.000000E+00,0.000000E+00,0.000000E+00,2.110805E+01,7.994452E+01,2.388798E+01,5.533417E+01
14:38:00,8.010806E+03,2.238014E+03,5.577761E-01,1.976519E-01,0.000000E+00,0.000000E+00,0.000000E+00,0.000000E+00,0.000000E+00,0.000000E+00,0.000000E+00,0.000000E+00,2.110805E+01,7.994452E+01,2.388798E+01,5.532845E+01
14:39:00,8.010806E+03,2.239550E+03,5.577761E-01,1.977876E-01,0.000000E+00,0.000000E+00,0.000000E+00,0.000000E+00,0.000000E+00,0.000000E+00,0.000000E+00,0.000000E+00,2.110805E+01,7.994452E+01,2.388798E+01,5.532280E+01
14:40:00,8.010806E+03,2.241066E+03,5.577761E-01,1.979214E-01,0.000000E+00,0.000000E+00,0.000000E+00,0.000000E+00,0.000000E+00,0.000000E+00,0.000000E+00,0.000000E+00,2.110805E+01,7.994452E+01,2.388798E+01,5.531722E+01
14:41:00,8.010806E+03,2.242560E+03,5.577761E-01,1.980534E-01,0.000000E+00,0.000000E+00,0.000000E+00,0.000000E+00,0.000000E+00,0.000000E+00,0.000000E+00,0.000000E+00,2.110805E+01,7.994452E+01,2.388798E+01,5.531169E+01
14:42:00,8.010806E+03,2.244035E+03,5.577761E-01,1.981836E-01,0.000000E+00,0.000000E+00,0.000000E+00,0.000000E+00,0.000000E+00,0.000000E+00,0.000000E+00,0.000000E+00,2.110805E+01,7.994452E+01,2.388798E+01,5.530623E+01
14:43:00,8.010806E+03,2.245488E+03,5.577761E-01,1.983120E-01,0.000000E+00,0.000000E+00,0.000000E+00,0.000000E+00,0.000000E+00,0.000000E+00,0.000000E+00,0.000000E+00,2.110805E+01,7.994452E+01,2.388798E+01,5.530084E+01
14:44:00,8.010806E+03,2.246920E+03,5.577761E-01,1.984385E-01,0.000000E+00,0.000000E+00,0.000000E+00,0.000000E+00,0.000000E+00,0.000000E+00,0.000000E+00,0.000000E+00,2.110805E+01,7.994452E+01,2.388798E+01,5.529550E+01
14:45:00,8.010806E+03,2.248331E+03,5.577761E-01,1.985631E-01,0.000000E+00,0.000000E+00,0.000000E+00,0.000000E+00,0.000000E+00,0.000000E+00,0.000000E+00,0.000000E+00,2.110805E+01,7.994452E+01,2.388798E+01,5.529022E+01
14:46:00,8.010806E+03,2.249722E+03,5.577761E-01,1.986859E-01,0.000000E+00,0.000000E+00,0.000000E+00,0.000000E+00,0.000000E+00,0.000000E+00,0.000000E+00,0.000000E+00,2.110805E+01,7.994452E+01,2.388798E+01,5.528500E+01
14:47:00,8.010806E+03,2.251091E+03,5.577761E-01,1.988068E-01,0.000000E+00,0.000000E+00,0.000000E+00,0.000000E+00,0.000000E+00,0.000000E+00,0.000000E+00,0.000000E+00,2.110805E+01,7.994452E+01,2.388798E+01,5.527984E+01
14:48:00,8.010806E+03,2.252439E+03,5.577761E-01,1.989258E-01,0.000000E+00,0.000000E+00,0.000000E+00,0.000000E+00,0.000000E+00,0.000000E+00,0.000000E+00,0.000000E+00,2.110805E+01,7.994452E+01,2.388798E+01,5.527474E+01
14:49:00,8.010806E+03,2.253765E+03,5.577761E-01,1.990430E-01,0.000000E+00,0.000000E+00,0.000000E+00,0.000000E+00,0.000000E+00,0.000000E+00,0.000000E+00,0.000000E+00,2.110805E+01,7.994452E+01,2.388798E+01,5.526970E+01
14:50:00,8.010806E+03,2.255071E+03,5.577761E-01,1.991583E-01,0.000000E+00,0.000000E+00,0.000000E+00,0.000000E+00,0.000000E+00,0.000000E+00,0.000000E+00,0.000000E+00,2.110805E+01,7.994452E+01,2.388798E+01,5.526471E+01
14:51:00,8.010806E+03,2.256354E+03,5.577761E-01,1.992717E-01,0.000000E+00,0.000000E+00,0.000000E+00,0.000000E+00,0.000000E+00,0.000000E+00,0.000000E+00,0.000000E+00,2.110805E+01,7.994452E+01,2.388798E+01,5.525978E+01
14:52:00,8.010806E+03,2.257617E+03,5.577761E-01,1.993832E-01,0.000000E+00,0.000000E+00,0.000000E+00,0.000000E+00,0.000000E+00,0.000000E+00,0.000000E+00,0.000000E+00,2.110805E+01,7.994452E+01,2.388798E+01,5.525490E+01
14:53:00,8.010806E+03,2.258857E+03,5.577761E-01,1.994927E-01,0.000000E+00,0.000000E+00,0.000000E+00,0.000000E+00,0.000000E+00,0.000000E+00,0.000000E+00,0.000000E+00,2.110805E+01,7.994452E+01,2.388798E+01,5.525008E+01
14:54:00,8.010806E+03,2.260077E+03,5.577761E-01,1.996004E-01,0.000000E+00,0.000000E+00,0.000000E+00,0.000000E+00,0.000000E+00,0.000000E+00,0.000000E+00,0.000000E+00,2.110805E+01,7.994452E+01,2.388798E+01,5.524531E+01
14:55:00,8.010806E+03,2.261274E+03,5.577761E-01,1.997062E-01,0.000000E+00,0.000000E+00,0.000000E+00,0.000000E+00,0.000000E+00,0.000000E+00,0.000000E+00,0.000000E+00,2.110805E+01,7.994452E+01,2.388798E+01,5.524060E+01
14:56:00,8.010806E+03,2.262450E+03,5.577761E-01,1.998100E-01,0.000000E+00,0.000000E+00,0.000000E+00,0.000000E+00,0.000000E+00,0.000000E+00,0.000000E+00,0.000000E+00,2.110805E+01,7.994452E+01,2.388798E+01,5.523594E+01
14:57:00,8.010806E+03,2.263604E+03,5.577761E-01,1.999119E-01,0.000000E+00,0.000000E+00,0.000000E+00,0.000000E+00,0.000000E+00,0.000000E+00,0.000000E+00,0.000000E+00,2.110805E+01,7.994452E+01,2.388798E+01,5.523133E+01
14:58:00,8.010806E+03,2.264735E+03,5.577761E-01,2.000119E-01,0.000000E+00,0.000000E+00,0.000000E+00,0.000000E+00,0.000000E+00,0.000000E+00,0.000000E+00,0.000000E+00,2.110805E+01,7.994452E+01,2.388798E+01,5.522678E+01
14:59:00,8.010806E+03,2.265845E+03,5.577761E-01,2.001099E-01,0.000000E+00,0.000000E+00,0.000000E+00,0.000000E+00,0.000000E+00,0.000000E+00,0.000000E+00,0.000000E+00,2.110805E+01,7.994452E+01,2.388798E+01,5.522228E+01
15:00:00,8.010806E+03,2.266933E+03,5.577761E-01,2.002059E-01,0.000000E+00,0.000000E+00,0.000000E+00,0.000000E+00,0.000000E+00,0.000000E+00,0.000000E+00,0.000000E+00,2.110805E+01,7.994452E+01,2.388798E+01,5.521783E+01
15:01:00,8.010806E+03,2.267995E+03,5.577761E-01,2.002997E-01,0.000000E+00,0.000000E+00,0.000000E+00,0.000000E+00,0.000000E+00,0.000000E+00,0.000000E+00,0.000000E+00,2.110805E+01,7.994452E+01,2.388798E+01,5.521343E+01
15:02:00,8.010806E+03,2.268989E+03,5.577761E-01,2.003876E-01,0.000000E+00,0.000000E+00,0.000000E+00,0.000000E+00,0.000000E+00,0.000000E+00,0.000000E+00,0.000000E+00,2.110805E+01,7.994452E+01,2.388798E+01,5.520920E+01
15:03:00,8.010806E+03,2.269956E+03,5.577761E-01,2.004729E-01,0.000000E+00,0.000000E+00,0.000000E+00,0.000000E+00,0.000000E+00,0.000000E+00,0.000000E+00,0.000000E+00,2.110805E+01,7.994452E+01,2.388798E+01,5.520545E+01
15:04:00,8.010806E+03,2.270896E+03,5.577761E-01,2.005559E-01,0.000000E+00,0.000000E+00,0.000000E+00,0.000000E+00,0.000000E+00,0.000000E+00,0.000000E+00,0.000000E+00,2.110805E+01,7.994452E+01,2.388798E+01,5.520212E+01
15:05:00,8.010806E+03,2.271808E+03,5.577761E-01,2.006365E-01,0.000000E+00,0.000000E+00,0.000000E+00,0.000000E+00,0.000000E+00,0.000000E+00,0.000000E+00,0.000000E+00,2.110805E+01,7.994452E+01,2.388798E+01,5.519909E+01
15:06:00,8.010806E+03,2.272694E+03,5.577761E-01,2.007147E-01,0.000000E+00,0.000000E+00,0.000000E+00,0.000000E+00,0.000000E+00,0.000000E+00,0.000000E+00,0.000000E+00,2.110805E+01,7.994452E+01,2.388798E+01,5.519628E+01
15:07:00,8.010806E+03,2.273553E+03,5.577761E-01,2.007906E-01,0.000000E+00,0.000000E+00,0.000000E+00,0.000000E+00,0.000000E+00,0.000000E+00,0.000000E+00,0.000000E+00,2.110805E+01,7.994452E+01,2.388798E+01,5.519367E+01
15:08:00,8.010806E+03,2.274385E+03,5.577761E-01,2.008641E-01,0.000000E+00,0.000000E+00,0.000000E+00,0.000000E+00,0.000000E+00,0.000000E+00,0.000000E+00,0.000000E+00,2.110805E+01,7.994452E+01,2.388798E+01,5.519125E+01
15:09:00,8.010806E+03,2.275191E+03,5.577761E-01,2.009352E-01,0.000000E+00,0.000000E+00,0.000000E+00,0.000000E+00,0.000000E+00,0.000000E+00,0.000000E+00,0.000000E+00,2.110805E+01,7.994452E+01,2.388798E+01,5.518901E+01
15:10:00,8.010806E+03,2.275970E+03,5.577761E-01,2.010041E-01,0.000000E+00,0.000000E+00,0.000000E+00,0.000000E+00,0.000000E+00,0.000000E+00,0.000000E+00,0.000000E+00,2.110805E+01,7.994452E+01,2.388798E+01,5.518695E+01
15:11:00,8.010806E+03,2.276723E+03,5.577761E-01,2.010706E-01,0.000000E+00,0.000000E+00,0.000000E+00,0.000000E+00,0.000000E+00,0.000000E+00,0.000000E+00,0.000000E+00,2.110805E+01,7.994452E+01,2.388798E+01,5.518506E+01
15:12:00,8.010806E+03,2.277450E+03,5.577761E-01,2.011347E-01,0.000000E+00,0.000000E+00,0.000000E+00,0.000000E+00,0.000000E+00,0.000000E+00,0.000000E+00,0.000000E+00,2.110805E+01,7.994452E+01,2.388798E+01,5.518333E+01
15:13:00,8.010806E+03,2.278150E+03,5.577761E-01,2.011965E-01,0.000000E+00,0.000000E+00,0.000000E+00,0.000000E+00,0.000000E+00,0.000000E+00,0.000000E+00,0.000000E+00,2.110805E+01,7.994452E+01,2.388798E+01,5.518176E+01
15:14:00,8.010806E+03,2.278823E+03,5.577761E-01,2.012560E-01,0.000000E+00,0.000000E+00,0.000000E+00,0.000000E+00,0.000000E+00,0.000000E+00,0.000000E+00,0.000000E+00,2.110805E+01,7.994452E+01,2.388798E+01,5.518034E+01
15:15:00,8.010806E+03,2.279469E+03,5.577761E-01,2.013131E-01,0.000000E+00,0.000000E+00,0.000000E+00,0.000000E+00,0.000000E+00,0.000000E+00,0.000000E+00,0.000000E+00,2.110805E+01,7.994452E+01,2.388798E+01,5.517907E+01
15:16:00,8.010806E+03,2.280089E+03,5.577761E-01,2.013678E-01,0.000000E+00,0.000000E+00,0.000000E+00,0.000000E+00,0.000000E+00,0.000000E+00,0.000000E+00,0.000000E+00,2.110805E+01,7.994452E+01,2.388798E+01,5.517794E+01
15:17:00,8.010806E+03,2.280682E+03,5.577761E-01,2.014202E-01,0.000000E+00,0.000000E+00,0.000000E+00,0.000000E+00,0.000000E+00,0.000000E+00,0.000000E+00,0.000000E+00,2.110805E+01,7.994452E+01,2.388798E+01,5.517694E+01
15:18:00,8.010806E+03,2.281248E+03,5.577761E-01,2.014702E-01,0.000000E+00,0.000000E+00,0.000000E+00,0.000000E+00,0.000000E+00,0.000000E+00,0.000000E+00,0.000000E+00,2.110805E+01,7.994452E+01,2.388798E+01,5.517608E+01
15:19:00,8.010806E+03,2.281788E+03,5.577761E-01,2.015178E-01,0.000000E+00,0.000000E+00,0.000000E+00,0.000000E+00,0.000000E+00,0.000000E+00,0.000000E+00,0.000000E+00,2.110805E+01,7.994452E+01,2.388798E+01,5.517535E+01
15:20:00,8.010806E+03,2.282300E+03,5.577761E-01,2.015631E-01,0.000000E+00,0.000000E+00,0.000000E+00,0.000000E+00,0.000000E+00,0.000000E+00,0.000000E+00,0.000000E+00,2.110805E+01,7.994452E+01,2.388798E+01,5.517474E+01
15:21:00,8.010806E+03,2.282786E+03,5.577761E-01,2.016060E-01,0.000000E+00,0.000000E+00,0.000000E+00,0.000000E+00,0.000000E+00,0.000000E+00,0.000000E+00,0.000000E+00,2.110805E+01,7.994452E+01,2.388798E+01,5.517425E+01
15:22:00,8.010806E+03,2.283245E+03,5.577761E-01,2.016465E-01,0.000000E+00,0.000000E+00,0.000000E+00,0.000000E+00,0.000000E+00,0.000000E+00,0.000000E+00,0.000000E+00,2.110805E+01,7.994452E+01,2.388799E+01,5.517387E+01
15:23:00,8.010806E+03,2.283677E+03,5.577761E-01,2.016847E-01,0.000000E+00,0.000000E+00,0.000000E+00,0.000000E+00,0.000000E+00,0.000000E+00,0.000000E+00,0.000000E+00,2.110805E+01,7.994452E+01,2.388799E+01,5.517361E+01
15:24:00,8.010806E+03,2.284082E+03,5.577761E-01,2.017204E-01,0.000000E+00,0.000000E+00,0.000000E+00,0.000000E+00,0.000000E+00,0.000000E+00,0.000000E+00,0.000000E+00,2.110805E+01,7.994452E+01,2.388799E+01,5.517345E+01
15:25:00,8.010806E+03,2.284460E+03,5.577761E-01,2.017538E-01,0.000000E+00,0.000000E+00,0.000000E+00,0.000000E+00,0.000000E+00,0.000000E+00,0.000000E+00,0.000000E+00,2.110805E+01,7.994452E+01,2.388799E+01,5.517341E+01
15:26:00,8.010806E+03,2.284811E+03,5.577761E-01,2.017848E-01,0.000000E+00,0.000000E+00,0.000000E+00,0.000000E+00,0.000000E+00,0.000000E+00,0.000000E+00,0.000000E+00,2.110805E+01,7.994452E+01,2.388799E+01,5.517346E+01
15:27:00,8.010806E+03,2.285134E+03,5.577761E-01,2.018134E-01,0.000000E+00,0.000000E+00,0.000000E+00,0.000000E+00,0.000000E+00,0.000000E+00,0.000000E+00,0.000000E+00,2.110805E+01,7.994452E+01,2.388799E+01,5.517362E+01
15:28:00,8.010806E+03,2.285431E+03,5.577761E-01,2.018396E-01,0.000000E+00,0.000000E+00,0.000000E+00,0.000000E+00,0.000000E+00,0.000000E+00,0.000000E+00,0.000000E+00,2.110805E+01,7.994452E+01,2.388799E+01,5.517387E+01
15:29:00,8.010806E+03,2.285700E+03,5.577761E-01,2.018633E-01,0.000000E+00,0.000000E+00,0.000000E+00,0.000000E+00,0.000000E+00,0.000000E+00,0.000000E+00,0.000000E+00,2.110805E+01,7.994452E+01,2.388799E+01,5.517422E+01
15:30:00,8.010806E+03,2.285942E+03,5.577761E-01,2.018847E-01,0.000000E+00,0.000000E+00,0.000000E+00,0.000000E+00,0.000000E+00,0.000000E+00,0.000000E+00,0.000000E+00,2.110805E+01,7.994452E+01,2.388799E+01,5.517466E+01
15:31:00,8.010806E+03,2.286156E+03,5.577761E-01,2.019036E-01,0.000000E+00,0.000000E+00,0.000000E+00,0.000000E+00,0.000000E+00,0.000000E+00,0.000000E+00,0.000000E+00,2.110805E+01,7.994452E+01,2.388799E+01,5.517520E+01
15:32:00,8.010806E+03,2.286344E+03,5.577761E-01,2.019202E-01,0.000000E+00,0.000000E+00,0.000000E+00,0.000000E+00,0.000000E+00,0.000000E+00,0.000000E+00,0.000000E+00,2.110805E+01,7.994452E+01,2.388799E+01,5.517582E+01
15:33:00,8.010806E+03,2.286503E+03,5.577761E-01,2.019343E-01,0.000000E+00,0.000000E+00,0.000000E+00,0.000000E+00,0.000000E+00,0.000000E+00,0.000000E+00,0.000000E+00,2.110805E+01,7.994452E+01,2.388799E+01,5.517652E+01
15:34:00,8.010806E+03,2.286636E+03,5.577761E-01,2.019459E-01,0.000000E+00,0.000000E+00,0.000000E+00,0.000000E+00,0.000000E+00,0.000000E+00,0.000000E+00,0.000000E+00,2.110805E+01,7.994452E+01,2.388799E+01,5.517731E+01
15:35:00,8.010806E+03,2.286740E+03,5.577761E-01,2.019552E-01,0.000000E+00,0.000000E+00,0.000000E+00,0.000000E+00,0.000000E+00,0.000000E+00,0.000000E+00,0.000000E+00,2.110805E+01,7.994452E+01,2.388799E+01,5.517818E+01
15:36:00,8.010806E+03,2.286817E+03,5.577761E-01,2.019620E-01,0.000000E+00,0.000000E+00,0.000000E+00,0.000000E+00,0.000000E+00,0.000000E+00,0.000000E+00,0.000000E+00,2.110805E+01,7.994452E+01,2.388799E+01,5.517913E+01
15:37:00,8.010806E+03,2.286867E+03,5.577761E-01,2.019664E-01,0.000000E+00,0.000000E+00,0.000000E+00,0.000000E+00,0.000000E+00,0.000000E+00,0.000000E+00,0.000000E+00,2.110805E+01,7.994452E+01,2.388799E+01,5.518017E+01
15:38:00,8.010806E+03,2.286888E+03,5.577761E-01,2.019683E-01,0.000000E+00,0.000000E+00,0.000000E+00,0.000000E+00,0.000000E+00,0.000000E+00,0.000000E+00,0.000000E+00,2.110805E+01,7.994452E+01,2.388799E+01,5.518127E+01
15:39:00,8.010806E+03,2.286882E+03,5.577761E-01,2.019677E-01,0.000000E+00,0.000000E+00,0.000000E+00,0.000000E+00,0.000000E+00,0.000000E+00,0.000000E+00,0.000000E+00,2.110805E+01,7.994452E+01,2.388799E+01,5.518245E+01
15:40:00,8.010806E+03,2.286849E+03,5.577761E-01,2.019647E-01,0.000000E+00,0.000000E+00,0.000000E+00,0.000000E+00,0.000000E+00,0.000000E+00,0.000000E+00,0.000000E+00,2.110805E+01,7.994452E+01,2.388799E+01,5.518371E+01
15:41:00,8.010806E+03,2.286787E+03,5.577761E-01,2.019593E-01,0.000000E+00,0.000000E+00,0.000000E+00,0.000000E+00,0.000000E+00,0.000000E+00,0.000000E+00,0.000000E+00,2.110805E+01,7.994452E+01,2.388799E+01,5.518504E+01
15:42:00,8.010806E+03,2.286697E+03,5.577761E-01,2.019514E-01,0.000000E+00,0.000000E+00,0.000000E+00,0.000000E+00,0.000000E+00,0.000000E+00,0.000000E+00,0.000000E+00,2.110805E+01,7.994452E+01,2.388799E+01,5.518644E+01
15:43:00,8.010806E+03,2.286580E+03,5.577761E-01,2.019410E-01,0.000000E+00,0.000000E+00,0.000000E+00,0.000000E+00,0.000000E+00,0.000000E+00,0.000000E+00,0.000000E+00,2.110805E+01,7.994452E+01,2.388799E+01,5.518791E+01
15:44:00,8.010806E+03,2.286435E+03,5.577761E-01,2.019282E-01,0.000000E+00,0.000000E+00,0.000000E+00,0.000000E+00,0.000000E+00,0.000000E+00,0.000000E+00,0.000000E+00,2.110805E+01,7.994452E+01,2.388799E+01,5.518944E+01
15:45:00,8.010806E+03,2.286262E+03,5.577761E-01,2.019129E-01,0.000000E+00,0.000000E+00,0.000000E+00,0.000000E+00,0.000000E+00,0.000000E+00,0.000000E+00,0.000000E+00,2.110805E+01,7.994452E+01,2.388799E+01,5.519105E+01
15:46:00,8.010806E+03,2.286062E+03,5.577761E-01,2.018952E-01,0.000000E+00,0.000000E+00,0.000000E+00,0.000000E+00,0.000000E+00,0.000000E+00,0.000000E+00,0.000000E+00,2.110805E+01,7.994452E+01,2.388799E+01,5.519272E+01
15:47:00,8.010806E+03,2.285833E+03,5.577761E-01,2.018750E-01,0.000000E+00,0.000000E+00,0.000000E+00,0.000000E+00,0.000000E+00,0.000000E+00,0.000000E+00,0.000000E+00,2.110805E+01,7.994452E+01,2.388799E+01,5.519445E+01
15:48:00,8.010806E+03,2.285576E+03,5.577761E-01,2.018524E-01,0.000000E+00,0.000000E+00,0.000000E+00,0.000000E+00,0.000000E+00,0.000000E+00,0.000000E+00,0.000000E+00,2.110805E+01,7.994452E+01,2.388799E+01,5.519625E+01
15:49:00,8.010806E+03,2.285292E+03,5.577761E-01,2.018273E-01,0.000000E+00,0.000000E+00,0.000000E+00,0.000000E+00,0.000000E+00,0.000000E+00,0.000000E+00,0.000000E+00,2.110805E+01,7.994452E+01,2.388799E+01,5.519811E+01
15:50:00,8.010806E+03,2.284980E+03,5.577761E-01,2.017997E-01,0.000000E+00,0.000000E+00,0.000000E+00,0.000000E+00,0.000000E+00,0.000000E+00,0.000000E+00,0.000000E+00,2.110805E+01,7.994452E+01,2.388799E+01,5.520004E+01
15:51:00,8.010806E+03,2.284640E+03,5.577761E-01,2.017697E-01,0.000000E+00,0.000000E+00,0.000000E+00,0.000000E+00,0.000000E+00,0.000000E+00,0.000000E+00,0.000000E+00,2.110805E+01,7.994452E+01,2.388799E+01,5.520202E+01
15:52:00,8.010806E+03,2.284272E+03,5.577761E-01,2.017372E-01,0.000000E+00,0.000000E+00,0.000000E+00,0.000000E+00,0.000000E+00,0.000000E+00,0.000000E+00,0.000000E+00,2.110805E+01,7.994452E+01,2.388799E+01,5.520407E+01
15:53:00,8.010806E+03,2.283877E+03,5.577761E-01,2.017022E-01,0.000000E+00,0.000000E+00,0.000000E+00,0.000000E+00,0.000000E+00,0.000000E+00,0.000000E+00,0.000000E+00,2.110805E+01,7.994452E+01,2.388799E+01,5.520617E+01
15:54:00,8.010806E+03,2.283453E+03,5.577761E-01,2.016648E-01,0.000000E+00,0.000000E+00,0.000000E+00,0.000000E+00,0.000000E+00,0.000000E+00,0.000000E+00,0.000000E+00,2.110805E+01,7.994452E+01,2.388799E+01,5.520833E+01
15:55:00,8.010806E+03,2.283002E+03,5.577761E-01,2.016250E-01,0.000000E+00,0.000000E+00,0.000000E+00,0.000000E+00,0.000000E+00,0.000000E+00,0.000000E+00,0.000000E+00,2.110805E+01,7.994452E+01,2.388799E+01,5.521055E+01
15:56:00,8.010806E+03,2.282523E+03,5.577761E-01,2.015827E-01,0.000000E+00,0.000000E+00,0.000000E+00,0.000000E+00,0.000000E+00,0.000000E+00,0.000000E+00,0.000000E+00,2.110805E+01,7.994452E+01,2.388799E+01,5.521283E+01
15:57:00,8.010806E+03,2.282016E+03,5.577761E-01,2.015379E-01,0.000000E+00,0.000000E+00,0.000000E+00,0.000000E+00,0.000000E+00,0.000000E+00,0.000000E+00,0.000000E+00,2.110805E+01,7.994452E+01,2.388799E+01,5.521516E+01
15:58:00,8.010806E+03,2.281482E+03,5.577761E-01,2.014907E-01,0.000000E+00,0.000000E+00,0.000000E+00,0.000000E+00,0.000000E+00,0.000000E+00,0.000000E+00,0.000000E+00,2.110805E+01,7.994452E+01,2.388799E+01,5.521755E+01
15:59:00,8.010806E+03,2.280920E+03,5.577761E-01,2.014411E-01,0.000000E+00,0.000000E+00,0.000000E+00,0.000000E+00,0.000000E+00,0.000000E+00,0.000000E+00,0.000000E+00,2.110805E+01,7.994452E+01,2.388799E+01,5.521999E+01
16:00:00,8.010806E+03,2.280330E+03,5.577761E-01,2.013890E-01,0.000000E+00,0.000000E+00,0.000000E+00,0.000000E+00,0.000000E+00,0.000000E+00,0.000000E+00,0.000000E+00,2.110805E+01,7.994452E+01,2.388799E+01,5.522249E+01
16:01:00,8.010806E+03,2.279724E+03,5.577761E-01,2.013355E-01,0.000000E+00,0.000000E+00,0.000000E+00,0.000000E+00,0.000000E+00,0.000000E+00,0.000000E+00,0.000000E+00,2.110805E+01,7.994452E+01,2.388799E+01,5.522503E+01
16:02:00,8.010806E+03,2.279145E+03,5.577761E-01,2.012843E-01,0.000000E+00,0.000000E+00,0.000000E+00,0.000000E+00,0.000000E+00,0.000000E+00,0.000000E+00,0.000000E+00,2.110805E+01,7.994452E+01,2.388799E+01,5.522767E+01
16:03:00,8.010806E+03,2.278551E+03,5.577761E-01,2.012319E-01,0.000000E+00,0.000000E+00,0.000000E+00,0.000000E+00,0.000000E+00,0.000000E+00,0.000000E+00,0.000000E+00,2.110805E+01,7.994452E+01,2.388799E+01,5.523041E+01
16:04:00,8.010806E+03,2.277943E+03,5.577761E-01,2.011781E-01,0.000000E+00,0.000000E+00,0.000000E+00,0.000000E+00,0.000000E+00,0.000000E+00,0.000000E+00,0.000000E+00,2.110805E+01,7.994452E+01,2.388799E+01,5.523327E+01
16:05:00,8.010806E+03,2.277319E+03,5.577761E-01,2.011231E-01,0.000000E+00,0.000000E+00,0.000000E+00,0.000000E+00,0.000000E+00,0.000000E+00,0.000000E+00,0.000000E+00,2.110805E+01,7.994452E+01,2.388799E+01,5.523624E+01
16:06:00,8.010806E+03,2.276680E+03,5.577761E-01,2.010666E-01,0.000000E+00,0.000000E+00,0.000000E+00,0.000000E+00,0.000000E+00,0.000000E+00,0.000000E+00,0.000000E+00,2.110805E+01,7.994452E+01,2.388799E+01,5.523933E+01
16:07:00,8.010806E+03,2.276025E+03,5.577761E-01,2.010088E-01,0.000000E+00,0.000000E+00,0.000000E+00,0.000000E+00,0.000000E+00,0.000000E+00,0.000000E+00,0.000000E+00,2.110805E+01,7.994452E+01,2.388799E+01,5.524252E+01
16:08:00,8.010806E+03,2.275355E+03,5.577761E-01,2.009496E-01,0.000000E+00,0.000000E+00,0.000000E+00,0.000000E+00,0.000000E+00,0.000000E+00,0.000000E+00,0.000000E+00,2.110805E+01,7.994452E+01,2.388799E+01,5.524582E+01
16:09:00,8.010806E+03,2.274669E+03,5.577761E-01,2.008890E-01,0.000000E+00,0.000000E+00,0.000000E+00,0.000000E+00,0.000000E+00,0.000000E+00,0.000000E+00,0.000000E+00,2.110805E+01,7.994452E+01,2.388799E+01,5.524922E+01
16:10:00,8.010806E+03,2.273968E+03,5.577761E-01,2.008271E-01,0.000000E+00,0.000000E+00,0.000000E+00,0.000000E+00,0.000000E+00,0.000000E+00,0.000000E+00,0.000000E+00,2.110805E+01,7.994452E+01,2.388799E+01,5.525272E+01
16:11:00,8.010806E+03,2.273252E+03,5.577761E-01,2.007639E-01,0.000000E+00,0.000000E+00,0.000000E+00,0.000000E+00,0.000000E+00,0.000000E+00,0.000000E+00,0.000000E+00,2.110805E+01,7.994452E+01,2.388799E+01,5.525630E+01
16:12:00,8.010806E+03,2.272522E+03,5.577761E-01,2.006993E-01,0.000000E+00,0.000000E+00,0.000000E+00,0.000000E+00,0.000000E+00,0.000000E+00,0.000000E+00,0.000000E+00,2.110805E+01,7.994452E+01,2.388800E+01,5.525996E+01
16:13:00,8.010806E+03,2.271776E+03,5.577761E-01,2.006335E-01,0.000000E+00,0.000000E+00,0.000000E+00,0.000000E+00,0.000000E+00,0.000000E+00,0.000000E+00,0.000000E+00,2.110805E+01,7.994452E+01,2.388800E+01,5.526371E+01
16:14:00,8.010806E+03,2.271015E+03,5.577761E-01,2.005663E-01,0.000000E+00,0.000000E+00,0.000000E+00,0.000000E+00,0.000000E+00,0.000000E+00,0.000000E+00,0.000000E+00,2.110805E+01,7.994452E+01,2.388800E+01,5.526754E+01
16:15:00,8.010806E+03,2.270240E+03,5.577761E-01,2.004978E-01,0.000000E+00,0.000000E+00,0.000000E+00,0.000000E+00,0.000000E+00,0.000000E+00,0.000000E+00,0.000000E+00,2.110805E+01,7.994452E+01,2.388800E+01,5.527145E+01
16:16:00,8.010806E+03,2.269450E+03,5.577761E-01,2.004280E-01,0.000000E+00,0.000000E+00,0.000000E+00,0.000000E+00,0.000000E+00,0.000000E+00,0.000000E+00,0.000000E+00,2.110805E+01,7.994452E+01,2.388800E+01,5.527543E+01
16:17:00,8.010806E+03,2.268645E+03,5.577761E-01,2.003569E-01,0.000000E+00,0.000000E+00,0.000000E+00,0.000000E+00,0.000000E+00,0.000000E+00,0.000000E+00,0.000000E+00,2.110805E+01,7.994452E+01,2.388800E+01,5.527948E+01
16:18:00,8.010806E+03,2.267826E+03,5.577761E-01,2.002846E-01,0.000000E+00,0.000000E+00,0.000000E+00,0.000000E+00,0.000000E+00,0.000000E+00,0.000000E+00,0.000000E+00,2.110805E+01,7.994452E+01,2.388800E+01,5.528361E+01
16:19:00,8.010806E+03,2.266993E+03,5.577761E-01,2.002110E-01,0.000000E+00,0.000000E+00,0.000000E+00,0.000000E+00,0.000000E+00,0.000000E+00,0.000000E+00,0.000000E+00,2.110805E+01,7.994452E+01,2.388800E+01,5.528780E+01
16:20:00,8.010806E+03,2.266147E+03,5.577761E-01,2.001363E-01,0.000000E+00,0.000000E+00,0.000000E+00,0.000000E+00,0.000000E+00,0.000000E+00,0.000000E+00,0.000000E+00,2.110805E+01,7.994452E+01,2.388800E+01,5.529205E+01
16:21:00,8.010806E+03,2.265289E+03,5.577761E-01,2.000605E-01,0.000000E+00,0.000000E+00,0.000000E+00,0.000000E+00,0.000000E+00,0.000000E+00,0.000000E+00,0.000000E+00,2.110805E+01,7.994452E+01,2.388800E+01,5.529635E+01
16:22:00,8.010806E+03,2.264417E+03,5.577761E-01,1.999836E-01,0.000000E+00,0.000000E+00,0.000000E+00,0.000000E+00,0.000000E+00,0.000000E+00,0.000000E+00,0.000000E+00,2.110805E+01,7.994452E+01,2.388800E+01,5.530070E+01
16:23:00,8.010806E+03,2.263533E+03,5.577761E-01,1.999055E-01,0.000000E+00,0.000000E+00,0.000000E+00,0.000000E+00,0.000000E+00,0.000000E+00,0.000000E+00,0.000000E+00,2.110805E+01,7.994452E+01,2.388800E+01,5.530509E+01
16:24:00,8.010806E+03,2.262637E+03,5.577761E-01,1.998263E-01,0.000000E+00,0.000000E+00,0.000000E+00,0.000000E+00,0.000000E+00,0.000000E+00,0.000000E+00,0.000000E+00,2.110805E+01,7.994452E+01,2.388800E+01,5.530953E+01
16:25:00,8.010806E+03,2.261729E+03,5.577761E-01,1.997461E-01,0.000000E+00,0.000000E+00,0.000000E+00,0.000000E+00,0.000000E+00,0.000000E+00,0.000000E+00,0.000000E+00,2.110805E+01,7.994452E+01,2.388800E+01,5.531401E+01
16:26:00,8.010806E+03,2.260808E+03,5.577761E-01,1.996648E-01,0.000000E+00,0.000000E+00,0.000000E+00,0.000000E+00,0.000000E+00,0.000000E+00,0.000000E+00,0.000000E+00,2.110805E+01,7.994452E+01,2.388800E+01,5.531853E+01
16:27:00,8.010806E+03,2.259876E+03,5.577761E-01,1.995825E-01,0.000000E+00,0.000000E+00,0.000000E+00,0.000000E+00,0.000000E+00,0.000000E+00,0.000000E+00,0.000000E+00,2.110805E+01,7.994452E+01,2.388800E+01,5.532308E+01
16:28:00,8.010806E+03,2.258932E+03,5.577761E-01,1.994991E-01,0.000000E+00,0.000000E+00,0.000000E+00,0.000000E+00,0.000000E+00,0.000000E+00,0.000000E+00,0.000000E+00,2.110805E+01,7.994452E+01,2.388800E+01,5.532767E+01
16:29:00,8.010806E+03,2.257977E+03,5.577761E-01,1.994148E-01,0.000000E+00,0.000000E+00,0.000000E+00,0.000000E+00,0.000000E+00,0.000000E+00,0.000000E+00,0.000000E+00,2.110805E+01,7.994452E+01,2.388800E+01,5.533230E+01
16:30:00,8.010806E+03,2.257010E+03,5.577761E-01,1.993294E-01,0.000000E+00,0.000000E+00,0.000000E+00,0.000000E+00,0.000000E+00,0.000000E+00,0.000000E+00,0.000000E+00,2.110805E+01,7.994452E+01,2.388800E+01,5.533696E+01
16:31:00,8.010806E+03,2.256032E+03,5.577761E-01,1.992430E-01,0.000000E+00,0.000000E+00,0.000000E+00,0.000000E+00,0.000000E+00,0.000000E+00,0.000000E+00,0.000000E+00,2.110805E+01,7.994452E+01,2.388800E+01,5.534165E+01
16:32:00,8.010806E+03,2.255043E+03,5.577761E-01,1.991557E-01,0.000000E+00,0.000000E+00,0.000000E+00,0.000000E+00,0.000000E+00,0.000000E+00,0.000000E+00,0.000000E+00,2.110805E+01,7.994452E+01,2.388800E+01,5.534637E+01
16:33:00,8.010806E+03,2.254044E+03,5.577761E-01,1.990674E-01,0.000000E+00,0.000000E+00,0.000000E+00,0.000000E+00,0.000000E+00,0.000000E+00,0.000000E+00,0.000000E+00,2.110805E+01,7.994452E+01,2.388800E+01,5.535113E+01
16:34:00,8.010806E+03,2.253033E+03,5.577761E-01,1.989781E-01,0.000000E+00,0.000000E+00,0.000000E+00,0.000000E+00,0.000000E+00,0.000000E+00,0.000000E+00,0.000000E+00,2.110805E+01,7.994452E+01,2.388800E+01,5.535591E+01
16:35:00,8.010806E+03,2.252012E+03,5.577761E-01,1.988879E-01,0.000000E+00,0.000000E+00,0.000000E+00,0.000000E+00,0.000000E+00,0.000000E+00,0.000000E+00,0.000000E+00,2.110805E+01,7.994452E+01,2.388800E+01,5.536072E+01
16:36:00,8.010806E+03,2.250980E+03,5.577761E-01,1.987968E-01,0.000000E+00,0.000000E+00,0.000000E+00,0.000000E+00,0.000000E+00,0.000000E+00,0.000000E+00,0.000000E+00,2.110805E+01,7.994452E+01,2.388800E+01,5.536556E+01
16:37:00,8.010806E+03,2.249938E+03,5.577761E-01,1.987047E-01,0.000000E+00,0.000000E+00,0.000000E+00,0.000000E+00,0.000000E+00,0.000000E+00,0.000000E+00,0.000000E+00,2.110805E+01,7.994452E+01,2.388800E+01,5.537042E+01
16:38:00,8.010806E+03,2.248885E+03,5.577761E-01,1.986118E-01,0.000000E+00,0.000000E+00,0.000000E+00,0.000000E+00,0.000000E+00,0.000000E+00,0.000000E+00,0.000000E+00,2.110805E+01,7.994452E+01,2.388800E+01,5.537532E+01
16:39:00,8.010806E+03,2.247823E+03,5.577761E-01,1.985180E-01,0.000000E+00,0.000000E+00,0.000000E+00,0.000000E+00,0.000000E+00,0.000000E+00,0.000000E+00,0.000000E+00,2.110805E+01,7.994452E+01,2.388800E+01,5.538024E+01
16:40:00,8.010806E+03,2.246750E+03,5.577761E-01,1.984232E-01,0.000000E+00,0.000000E+00,0.000000E+00,0.000000E+00,0.000000E+00,0.000000E+00,0.000000E+00,0.000000E+00,2.110805E+01,7.994452E+01,2.388800E+01,5.538518E+01
16:41:00,8.010806E+03,2.245668E+03,5.577761E-01,1.983276E-01,0.000000E+00,0.000000E+00,0.000000E+00,0.000000E+00,0.000000E+00,0.000000E+00,0.000000E+00,0.000000E+00,2.110805E+01,7.994452E+01,2.388800E+01,5.539015E+01
16:42:00,8.010806E+03,2.244576E+03,5.577761E-01,1.982312E-01,0.000000E+00,0.000000E+00,0.000000E+00,0.000000E+00,0.000000E+00,0.000000E+00,0.000000E+00,0.000000E+00,2.110805E+01,7.994452E+01,2.388800E+01,5.539514E+01
16:43:00,8.010806E+03,2.243474E+03,5.577761E-01,1.981339E-01,0.000000E+00,0.000000E+00,0.000000E+00,0.000000E+00,0.000000E+00,0.000000E+00,0.000000E+00,0.000000E+00,2.110805E+01,7.994452E+01,2.388800E+01,5.540016E+01
16:44:00,8.010806E+03,2.242363E+03,5.577761E-01,1.980357E-01,0.000000E+00,0.000000E+00,0.000000E+00,0.000000E+00,0.000000E+00,0.000000E+00,0.000000E+00,0.000000E+00,2.110805E+01,7.994452E+01,2.388800E+01,5.540520E+01
16:45:00,8.010806E+03,2.241242E+03,5.577761E-01,1.979367E-01,0.000000E+00,0.000000E+00,0.000000E+00,0.000000E+00,0.000000E+00,0.000000E+00,0.000000E+00,0.000000E+00,2.110805E+01,7.994452E+01,2.388800E+01,5.541027E+01
16:46:00,8.010806E+03,2.240112E+03,5.577761E-01,1.978369E-01,0.000000E+00,0.000000E+00,0.000000E+00,0.000000E+00,0.000000E+00,0.000000E+00,0.000000E+00,0.000000E+00,2.110805E+01,7.994452E+01,2.388800E+01,5.541536E+01
16:47:00,8.010806E+03,2.238973E+03,5.577761E-01,1.977363E-01,0.000000E+00,0.000000E+00,0.000000E+00,0.000000E+00,0.000000E+00,0.000000E+00,0.000000E+00,0.000000E+00,2.110805E+01,7.994452E+01,2.388800E+01,5.542048E+01
16:48:00,8.010806E+03,2.237824E+03,5.577761E-01,1.976349E-01,0.000000E+00,0.000000E+00,0.000000E+00,0.000000E+00,0.000000E+00,0.000000E+00,0.000000E+00,0.000000E+00,2.110805E+01,7.994452E+01,2.388800E+01,5.542561E+01
16:49:00,8.010806E+03,2.236666E+03,5.577761E-01,1.975326E-01,0.000000E+00,0.000000E+00,0.000000E+00,0.000000E+00,0.000000E+00,0.000000E+00,0.000000E+00,0.000000E+00,2.110805E+01,7.994452E+01,2.388800E+01,5.543078E+01
16:50:00,8.010806E+03,2.235500E+03,5.577761E-01,1.974296E-01,0.000000E+00,0.000000E+00,0.000000E+00,0.000000E+00,0.000000E+00,0.000000E+00,0.000000E+00,0.000000E+00,2.110805E+01,7.994452E+01,2.388800E+01,5.543596E+01
16:51:00,8.010806E+03,2.234324E+03,5.577761E-01,1.973257E-01,0.000000E+00,0.000000E+00,0.000000E+00,0.000000E+00,0.000000E+00,0.000000E+00,0.000000E+00,0.000000E+00,2.110805E+01,7.994452E+01,2.388800E+01,5.544117E+01
16:52:00,8.010806E+03,2.233139E+03,5.577761E-01,1.972211E-01,0.000000E+00,0.000000E+00,0.000000E+00,0.000000E+00,0.000000E+00,0.000000E+00,0.000000E+00,0.000000E+00,2.110805E+01,7.994452E+01,2.388800E+01,5.544641E+01
16:53:00,8.010806E+03,2.231946E+03,5.577761E-01,1.971157E-01,0.000000E+00,0.000000E+00,0.000000E+00,0.000000E+00,0.000000E+00,0.000000E+00,0.000000E+00,0.000000E+00,2.110805E+01,7.994452E+01,2.388800E+01,5.545166E+01
16:54:00,8.010806E+03,2.230744E+03,5.577761E-01,1.970096E-01,0.000000E+00,0.000000E+00,0.000000E+00,0.000000E+00,0.000000E+00,0.000000E+00,0.000000E+00,0.000000E+00,2.110805E+01,7.994452E+01,2.388800E+01,5.545695E+01
16:55:00,8.010806E+03,2.229533E+03,5.577761E-01,1.969026E-01,0.000000E+00,0.000000E+00,0.000000E+00,0.000000E+00,0.000000E+00,0.000000E+00,0.000000E+00,0.000000E+00,2.110805E+01,7.994452E+01,2.388800E+01,5.546226E+01
16:56:00,8.010806E+03,2.228314E+03,5.577761E-01,1.967949E-01,0.000000E+00,0.000000E+00,0.000000E+00,0.000000E+00,0.000000E+00,0.000000E+00,0.000000E+00,0.000000E+00,2.110805E+01,7.994452E+01,2.388800E+01,5.546759E+01
16:57:00,8.010806E+03,2.227086E+03,5.577761E-01,1.966865E-01,0.000000E+00,0.000000E+00,0.000000E+00,0.000000E+00,0.000000E+00,0.000000E+00,0.000000E+00,0.000000E+00,2.110805E+01,7.994452E+01,2.388800E+01,5.547294E+01
16:58:00,8.010806E+03,2.225849E+03,5.577761E-01,1.965773E-01,0.000000E+00,0.000000E+00,0.000000E+00,0.000000E+00,0.000000E+00,0.000000E+00,0.000000E+00,0.000000E+00,2.110805E+01,7.994452E+01,2.388800E+01,5.547833E+01
16:59:00,8.010806E+03,2.224604E+03,5.577761E-01,1.964673E-01,0.000000E+00,0.000000E+00,0.000000E+00,0.000000E+00,0.000000E+00,0.000000E+00,0.000000E+00,0.000000E+00,2.110805E+01,7.994452E+01,2.388800E+01,5.548373E+01
17:00:00,8.010806E+03,2.223351E+03,5.577761E-01,1.963566E-01,0.000000E+00,0.000000E+00,0.000000E+00,0.000000E+00,0.000000E+00,0.000000E+00,0.000000E+00,0.000000E+00,2.110805E+01,7.994452E+01,2.388801E+01,5.548917E+01
17:01:00,8.010806E+03,2.222089E+03,5.577761E-01,1.962451E-01,0.000000E+00,0.000000E+00,0.000000E+00,0.000000E+00,0.000000E+00,0.000000E+00,0.000000E+00,0.000000E+00,2.110805E+01,7.994452E+01,2.388801E+01,5.549463E+01
17:02:00,8.010806E+03,2.220818E+03,5.577761E-01,1.961329E-01,0.000000E+00,0.000000E+00,0.000000E+00,0.000000E+00,0.000000E+00,0.000000E+00,0.000000E+00,0.000000E+00,2.110805E+01,7.994452E+01,2.388801E+01,5.550015E+01
17:03:00,8.010806E+03,2.219539E+03,5.577761E-01,1.960200E-01,0.000000E+00,0.000000E+00,0.000000E+00,0.000000E+00,0.000000E+00,0.000000E+00,0.000000E+00,0.000000E+00,2.110805E+01,7.994452E+01,2.388801E+01,5.550576E+01
17:04:00,8.010806E+03,2.218252E+03,5.577761E-01,1.959063E-01,0.000000E+00,0.000000E+00,0.000000E+00,0.000000E+00,0.000000E+00,0.000000E+00,0.000000E+00,0.000000E+00,2.110805E+01,7.994452E+01,2.388801E+01,5.551146E+01
17:05:00,8.010806E+03,2.216957E+03,5.577761E-01,1.957920E-01,0.000000E+00,0.000000E+00,0.000000E+00,0.000000E+00,0.000000E+00,0.000000E+00,0.000000E+00,0.000000E+00,2.110805E+01,7.994452E+01,2.388801E+01,5.551726E+01
17:06:00,8.010806E+03,2.215655E+03,5.577761E-01,1.956769E-01,0.000000E+00,0.000000E+00,0.000000E+00,0.000000E+00,0.000000E+00,0.000000E+00,0.000000E+00,0.000000E+00,2.110805E+01,7.994452E+01,2.388801E+01,5.552314E+01
17:07:00,8.010806E+03,2.214345E+03,5.577761E-01,1.955612E-01,0.000000E+00,0.000000E+00,0.000000E+00,0.000000E+00,0.000000E+00,0.000000E+00,0.000000E+00,0.000000E+00,2.110805E+01,7.994452E+01,2.388801E+01,5.552910E+01
17:08:00,8.010806E+03,2.213026E+03,5.577761E-01,1.954447E-01,0.000000E+00,0.000000E+00,0.000000E+00,0.000000E+00,0.000000E+00,0.000000E+00,0.000000E+00,0.000000E+00,2.110805E+01,7.994452E+01,2.388801E+01,5.553515E+01
17:09:00,8.010806E+03,2.211699E+03,5.577761E-01,1.953275E-01,0.000000E+00,0.000000E+00,0.000000E+00,0.000000E+00,0.000000E+00,0.000000E+00,0.000000E+00,0.000000E+00,2.110805E+01,7.994452E+01,2.388801E+01,5.554127E+01
17:10:00,8.010806E+03,2.210363E+03,5.577761E-01,1.952096E-01,0.000000E+00,0.000000E+00,0.000000E+00,0.000000E+00,0.000000E+00,0.000000E+00,0.000000E+00,0.000000E+00,2.110805E+01,7.994452E+01,2.388801E+01,5.554748E+01
17:11:00,8.010806E+03,2.209019E+03,5.577761E-01,1.950908E-01,0.000000E+00,0.000000E+00,0.000000E+00,0.000000E+00,0.000000E+00,0.000000E+00,0.000000E+00,0.000000E+00,2.110805E+01,7.994452E+01,2.388801E+01,5.555376E+01
17:12:00,8.010806E+03,2.207666E+03,5.577761E-01,1.949713E-01,0.000000E+00,0.000000E+00,0.000000E+00,0.000000E+00,0.000000E+00,0.000000E+00,0.000000E+00,0.000000E+00,2.110805E+01,7.994452E+01,2.388801E+01,5.556012E+01
17:13:00,8.010806E+03,2.206304E+03,5.577761E-01,1.948510E-01,0.000000E+00,0.000000E+00,0.000000E+00,0.000000E+00,0.000000E+00,0.000000E+00,0.000000E+00,0.000000E+00,2.110805E+01,7.994452E+01,2.388801E+01,5.556655E+01
17:14:00,8.010806E+03,2.204933E+03,5.577761E-01,1.947299E-01,0.000000E+00,0.000000E+00,0.000000E+00,0.000000E+00,0.000000E+00,0.000000E+00,0.000000E+00,0.000000E+00,2.110805E+01,7.994452E+01,2.388801E+01,5.557306E+01
17:15:00,8.010806E+03,2.203553E+03,5.577761E-01,1.946081E-01,0.000000E+00,0.000000E+00,0.000000E+00,0.000000E+00,0.000000E+00,0.000000E+00,0.000000E+00,0.000000E+00,2.110805E+01,7.994452E+01,2.388801E+01,5.557964E+01
17:16:00,8.010806E+03,2.202164E+03,5.577761E-01,1.944854E-01,0.000000E+00,0.000000E+00,0.000000E+00,0.000000E+00,0.000000E+00,0.000000E+00,0.000000E+00,0.000000E+00,2.110805E+01,7.994452E+01,2.388801E+01,5.558628E+01
17:17:00,8.010806E+03,2.200766E+03,5.577761E-01,1.943619E-01,0.000000E+00,0.000000E+00,0.000000E+00,0.000000E+00,0.000000E+00,0.000000E+00,0.000000E+00,0.000000E+00,2.110805E+01,7.994452E+01,2.388801E+01,5.559300E+01
17:18:00,8.010806E+03,2.199358E+03,5.577761E-01,1.942376E-01,0.000000E+00,0.000000E+00,0.000000E+00,0.000000E+00,0.000000E+00,0.000000E+00,0.000000E+00,0.000000E+00,2.110805E+01,7.994452E+01,2.388801E+01,5.559979E+01
17:19:00,8.010806E+03,2.197941E+03,5.577761E-01,1.941124E-01,0.000000E+00,0.000000E+00,0.000000E+00,0.000000E+00,0.000000E+00,0.000000E+00,0.000000E+00,0.000000E+00,2.110805E+01,7.994452E+01,2.388801E+01,5.560665E+01
17:20:00,8.010806E+03,2.196512E+03,5.577761E-01,1.939862E-01,0.000000E+00,0.000000E+00,0.000000E+00,0.000000E+00,0.000000E+00,0.000000E+00,0.000000E+00,0.000000E+00,2.110805E+01,7.994452E+01,2.388801E+01,5.561357E+01
17:21:00,8.010806E+03,2.195072E+03,5.577761E-01,1.938591E-01,0.000000E+00,0.000000E+00,0.000000E+00,0.000000E+00,0.000000E+00,0.000000E+00,0.000000E+00,0.000000E+00,2.110805E+01,7.994452E+01,2.388801E+01,5.562056E+01
17:22:00,8.010806E+03,2.193621E+03,5.577761E-01,1.937309E-01,0.000000E+00,0.000000E+00,0.000000E+00,0.000000E+00,0.000000E+00,0.000000E+00,0.000000E+00,0.000000E+00,2.110805E+01,7.994452E+01,2.388801E+01,5.562762E+01
17:23:00,8.010806E+03,2.192159E+03,5.577761E-01,1.936018E-01,0.000000E+00,0.000000E+00,0.000000E+00,0.000000E+00,0.000000E+00,0.000000E+00,0.000000E+00,0.000000E+00,2.110805E+01,7.994452E+01,2.388801E+01,5.563475E+01
17:24:00,8.010806E+03,2.190685E+03,5.577761E-01,1.934716E-01,0.000000E+00,0.000000E+00,0.000000E+00,0.000000E+00,0.000000E+00,0.000000E+00,0.000000E+00,0.000000E+00,2.110805E+01,7.994452E+01,2.388801E+01,5.564194E+01
17:25:00,8.010806E+03,2.189200E+03,5.577761E-01,1.933404E-01,0.000000E+00,0.000000E+00,0.000000E+00,0.000000E+00,0.000000E+00,0.000000E+00,0.000000E+00,0.000000E+00,2.110805E+01,7.994452E+01,2.388801E+01,5.564920E+01
17:26:00,8.010806E+03,2.187702E+03,5.577761E-01,1.932082E-01,0.000000E+00,0.000000E+00,0.000000E+00,0.000000E+00,0.000000E+00,0.000000E+00,0.000000E+00,0.000000E+00,2.110805E+01,7.994452E+01,2.388801E+01,5.565652E+01
17:27:00,8.010806E+03,2.186192E+03,5.577761E-01,1.930748E-01,0.000000E+00,0.000000E+00,0.000000E+00,0.000000E+00,0.000000E+00,0.000000E+00,0.000000E+00,0.000000E+00,2.110805E+01,7.994452E+01,2.388801E+01,5.566391E+01
17:28:00,8.010806E+03,2.184614E+03,5.577761E-01,1.929354E-01,0.000000E+00,0.000000E+00,0.000000E+00,0.000000E+00,0.000000E+00,0.000000E+00,0.000000E+00,0.000000E+00,2.110805E+01,7.994452E+01,2.388801E+01,5.567136E+01
17:29:00,8.010806E+03,2.183020E+03,5.577761E-01,1.927947E-01,0.000000E+00,0.000000E+00,0.000000E+00,0.000000E+00,0.000000E+00,0.000000E+00,0.000000E+00,0.000000E+00,2.110805E+01,7.994452E+01,2.388802E+01,5.567923E+01
17:30:00,8.010806E+03,2.181412E+03,5.577761E-01,1.926526E-01,0.000000E+00,0.000000E+00,0.000000E+00,0.000000E+00,0.000000E+00,0.000000E+00,0.000000E+00,0.000000E+00,2.110805E+01,7.994452E+01,2.388802E+01,5.568741E+01
17:31:00,8.010806E+03,2.179788E+03,5.577761E-01,1.925092E-01,0.000000E+00,0.000000E+00,0.000000E+00,0.000000E+00,0.000000E+00,0.000000E+00,0.000000E+00,0.000000E+00,2.110805E+01,7.994452E+01,2.388802E+01,5.569573E+01
17:32:00,8.010806E+03,2.178150E+03,5.577761E-01,1.923645E-01,0.000000E+00,0.000000E+00,0.000000E+00,0.000000E+00,0.000000E+00,0.000000E+00,0.000000E+00,0.000000E+00,2.110805E+01,7.994452E+01,2.388802E+01,5.570412E+01
17:33:00,8.010806E+03,2.176497E+03,5.577761E-01,1.922185E-01,0.000000E+00,0.000000E+00,0.000000E+00,0.000000E+00,0.000000E+00,0.000000E+00,0.000000E+00,0.000000E+00,2.110805E+01,7.994452E+01,2.388802E+01,5.571256E+01
17:34:00,8.010806E+03,2.174829E+03,5.577761E-01,1.920712E-01,0.000000E+00,0.000000E+00,0.000000E+00,0.000000E+00,0.000000E+00,0.000000E+00,0.000000E+00,0.000000E+00,2.110805E+01,7.994452E+01,2.388802E+01,5.572104E+01
17:35:00,8.010806E+03,2.173147E+03,5.577761E-01,1.919226E-01,0.000000E+00,0.000000E+00,0.000000E+00,0.000000E+00,0.000000E+00,0.000000E+00,0.000000E+00,0.000000E+00,2.110805E+01,7.994452E+01,2.388802E+01,5.572958E+01
17:36:00,8.010806E+03,2.171449E+03,5.577761E-01,1.917727E-01,0.000000E+00,0.000000E+00,0.000000E+00,0.000000E+00,0.000000E+00,0.000000E+00,0.000000E+00,0.000000E+00,2.110805E+01,7.994452E+01,2.388802E+01,5.573816E+01
17:37:00,8.010806E+03,2.169737E+03,5.577761E-01,1.916215E-01,0.000000E+00,0.000000E+00,0.000000E+00,0.000000E+00,0.000000E+00,0.000000E+00,0.000000E+00,0.000000E+00,2.110805E+01,7.994452E+01,2.388802E+01,5.574680E+01
17:38:00,8.010806E+03,2.168009E+03,5.577761E-01,1.914689E-01,0.000000E+00,0.000000E+00,0.000000E+00,0.000000E+00,0.000000E+00,0.000000E+00,0.000000E+00,0.000000E+00,2.110805E+01,7.994452E+01,2.388802E+01,5.575548E+01
17:39:00,8.010806E+03,2.166266E+03,5.577761E-01,1.913150E-01,0.000000E+00,0.000000E+00,0.000000E+00,0.000000E+00,0.000000E+00,0.000000E+00,0.000000E+00,0.000000E+00,2.110805E+01,7.994452E+01,2.388802E+01,5.576422E+01
17:40:00,8.010806E+03,2.164508E+03,5.577761E-01,1.911597E-01,0.000000E+00,0.000000E+00,0.000000E+00,0.000000E+00,0.000000E+00,0.000000E+00,0.000000E+00,0.000000E+00,2.110805E+01,7.994452E+01,2.388802E+01,5.577301E+01
17:41:00,8.010806E+03,2.162734E+03,5.577761E-01,1.910030E-01,0.000000E+00,0.000000E+00,0.000000E+00,0.000000E+00,0.000000E+00,0.000000E+00,0.000000E+00,0.000000E+00,2.110805E+01,7.994452E+01,2.388802E+01,5.578186E+01
17:42:00,8.010806E+03,2.160944E+03,5.577761E-01,1.908449E-01,0.000000E+00,0.000000E+00,0.000000E+00,0.000000E+00,0.000000E+00,0.000000E+00,0.000000E+00,0.000000E+00,2.110805E+01,7.994452E+01,2.388802E+01,5.579075E+01
17:43:00,8.010806E+03,2.159138E+03,5.577761E-01,1.906854E-01,0.000000E+00,0.000000E+00,0.000000E+00,0.000000E+00,0.000000E+00,0.000000E+00,0.000000E+00,0.000000E+00,2.110805E+01,7.994452E+01,2.388802E+01,5.579970E+01
17:44:00,8.010806E+03,2.157316E+03,5.577761E-01,1.905245E-01,0.000000E+00,0.000000E+00,0.000000E+00,0.000000E+00,0.000000E+00,0.000000E+00,0.000000E+00,0.000000E+00,2.110805E+01,7.994452E+01,2.388802E+01,5.580870E+01
17:45:00,8.010806E+03,2.155477E+03,5.577761E-01,1.903621E-01,0.000000E+00,0.000000E+00,0.000000E+00,0.000000E+00,0.000000E+00,0.000000E+00,0.000000E+00,0.000000E+00,2.110805E+01,7.994452E+01,2.388802E+01,5.581777E+01
17:46:00,8.010806E+03,2.153623E+03,5.577761E-01,1.901983E-01,0.000000E+00,0.000000E+00,0.000000E+00,0.000000E+00,0.000000E+00,0.000000E+00,0.000000E+00,0.000000E+00,2.110805E+01,7.994452E+01,2.388802E+01,5.582688E+01
17:47:00,8.010806E+03,2.151751E+03,5.577761E-01,1.900330E-01,0.000000E+00,0.000000E+00,0.000000E+00,0.000000E+00,0.000000E+00,0.000000E+00,0.000000E+00,0.000000E+00,2.110805E+01,7.994452E+01,2.388802E+01,5.583606E+01
17:48:00,8.010806E+03,2.149863E+03,5.577761E-01,1.898662E-01,0.000000E+00,0.000000E+00,0.000000E+00,0.000000E+00,0.000000E+00,0.000000E+00,0.000000E+00,0.000000E+00,2.110805E+01,7.994452E+01,2.388802E+01,5.584529E+01
17:49:00,8.010806E+03,2.147957E+03,5.577761E-01,1.896979E-01,0.000000E+00,0.000000E+00,0.000000E+00,0.000000E+00,0.000000E+00,0.000000E+00,0.000000E+00,0.000000E+00,2.110805E+01,7.994452E+01,2.388802E+01,5.585458E+01
17:50:00,8.010806E+03,2.146036E+03,5.577761E-01,1.895282E-01,0.000000E+00,0.000000E+00,0.000000E+00,0.000000E+00,0.000000E+00,0.000000E+00,0.000000E+00,0.000000E+00,2.110805E+01,7.994452E+01,2.388802E+01,5.586394E+01
17:51:00,8.010806E+03,2.144097E+03,5.577761E-01,1.893570E-01,0.000000E+00,0.000000E+00,0.000000E+00,0.000000E+00,0.000000E+00,0.000000E+00,0.000000E+00,0.000000E+00,2.110805E+01,7.994452E+01,2.388802E+01,5.587335E+01
17:52:00,8.010806E+03,2.142140E+03,5.577761E-01,1.891842E-01,0.000000E+00,0.000000E+00,0.000000E+00,0.000000E+00,0.000000E+00,0.000000E+00,0.000000E+00,0.000000E+00,2.110805E+01,7.994452E+01,2.388802E+01,5.588282E+01
17:53:00,8.010806E+03,2.140166E+03,5.577761E-01,1.890099E-01,0.000000E+00,0.000000E+00,0.000000E+00,0.000000E+00,0.000000E+00,0.000000E+00,0.000000E+00,0.000000E+00,2.110805E+01,7.994452E+01,2.388803E+01,5.589234E+01
17:54:00,8.010806E+03,2.138175E+03,5.577761E-01,1.888340E-01,0.000000E+00,0.000000E+00,0.000000E+00,0.000000E+00,0.000000E+00,0.000000E+00,0.000000E+00,0.000000E+00,2.110805E+01,7.994452E+01,2.388803E+01,5.590193E+01
17:55:00,8.010806E+03,2.136165E+03,5.577761E-01,1.886564E-01,0.000000E+00,0.000000E+00,0.000000E+00,0.000000E+00,0.000000E+00,0.000000E+00,0.000000E+00,0.000000E+00,2.110805E+01,7.994452E+01,2.388803E+01,5.591159E+01
17:56:00,8.010806E+03,2.134136E+03,5.577761E-01,1.884773E-01,0.000000E+00,0.000000E+00,0.000000E+00,0.000000E+00,0.000000E+00,0.000000E+00,0.000000E+00,0.000000E+00,2.110805E+01,7.994452E+01,2.388803E+01,5.592132E+01
17:57:00,8.010806E+03,2.132090E+03,5.577761E-01,1.882966E-01,0.000000E+00,0.000000E+00,0.000000E+00,0.000000E+00,0.000000E+00,0.000000E+00,0.000000E+00,0.000000E+00,2.110805E+01,7.994452E+01,2.388803E+01,5.593111E+01
17:58:00,8.010806E+03,2.130024E+03,5.577761E-01,1.881142E-01,0.000000E+00,0.000000E+00,0.000000E+00,0.000000E+00,0.000000E+00,0.000000E+00,0.000000E+00,0.000000E+00,2.110805E+01,7.994452E+01,2.388803E+01,5.594098E+01
17:59:00,8.010806E+03,2.127940E+03,5.577761E-01,1.879301E-01,0.000000E+00,0.000000E+00,0.000000E+00,0.000000E+00,0.000000E+00,0.000000E+00,0.000000E+00,0.000000E+00,2.110805E+01,7.994452E+01,2.388803E+01,5.595091E+01
18:00:00,8.010806E+03,2.125837E+03,5.577761E-01,1.877444E-01,0.000000E+00,0.000000E+00,0.000000E+00,0.000000E+00,0.000000E+00,0.000000E+00,0.000000E+00,0.000000E+00,2.110805E+01,7.994452E+01,2.388803E+01,5.596091E+01
18:01:00,8.010806E+03,2.123707E+03,5.577761E-01,1.875562E-01,0.000000E+00,0.000000E+00,0.000000E+00,0.000000E+00,0.000000E+00,0.000000E+00,0.000000E+00,0.000000E+00,2.110805E+01,7.994452E+01,2.388803E+01,5.597099E+01
18:02:00,8.010806E+03,2.121549E+03,5.577761E-01,1.873656E-01,0.000000E+00,0.000000E+00,0.000000E+00,0.000000E+00,0.000000E+00,0.000000E+00,0.000000E+00,0.000000E+00,2.110805E+01,7.994452E+01,2.388803E+01,5.598123E+01
18:03:00,8.010806E+03,2.119363E+03,5.577761E-01,1.871725E-01,0.000000E+00,0.000000E+00,0.000000E+00,0.000000E+00,0.000000E+00,0.000000E+00,0.000000E+00,0.000000E+00,2.110805E+01,7.994452E+01,2.388803E+01,5.599171E+01
18:04:00,8.010806E+03,2.117149E+03,5.577761E-01,1.869770E-01,0.000000E+00,0.000000E+00,0.000000E+00,0.000000E+00,0.000000E+00,0.000000E+00,0.000000E+00,0.000000E+00,2.110805E+01,7.994452E+01,2.388803E+01,5.600242E+01
18:05:00,8.010806E+03,2.114907E+03,5.577761E-01,1.867790E-01,0.000000E+00,0.000000E+00,0.000000E+00,0.000000E+00,0.000000E+00,0.000000E+00,0.000000E+00,0.000000E+00,2.110805E+01,7.994452E+01,2.388803E+01,5.601337E+01
18:06:00,8.010806E+03,2.112637E+03,5.577761E-01,1.865785E-01,0.000000E+00,0.000000E+00,0.000000E+00,0.000000E+00,0.000000E+00,0.000000E+00,0.000000E+00,0.000000E+00,2.110805E+01,7.994452E+01,2.388803E+01,5.602456E+01
18:07:00,8.010806E+03,2.110338E+03,5.577761E-01,1.863755E-01,0.000000E+00,0.000000E+00,0.000000E+00,0.000000E+00,0.000000E+00,0.000000E+00,0.000000E+00,0.000000E+00,2.110805E+01,7.994452E+01,2.388803E+01,5.603596E+01
18:08:00,8.010806E+03,2.108011E+03,5.577761E-01,1.861699E-01,0.000000E+00,0.000000E+00,0.000000E+00,0.000000E+00,0.000000E+00,0.000000E+00,0.000000E+00,0.000000E+00,2.110805E+01,7.994452E+01,2.388803E+01,5.604758E+01
18:09:00,8.010806E+03,2.105654E+03,5.577761E-01,1.859618E-01,0.000000E+00,0.000000E+00,0.000000E+00,0.000000E+00,0.000000E+00,0.000000E+00,0.000000E+00,0.000000E+00,2.110805E+01,7.994452E+01,2.388803E+01,5.605942E+01
18:10:00,8.010806E+03,2.103269E+03,5.577761E-01,1.857512E-01,0.000000E+00,0.000000E+00,0.000000E+00,0.000000E+00,0.000000E+00,0.000000E+00,0.000000E+00,0.000000E+00,2.110805E+01,7.994452E+01,2.388804E+01,5.607146E+01
18:11:00,8.010806E+03,2.100855E+03,5.577761E-01,1.855379E-01,0.000000E+00,0.000000E+00,0.000000E+00,0.000000E+00,0.000000E+00,0.000000E+00,0.000000E+00,0.000000E+00,2.110805E+01,7.994452E+01,2.388804E+01,5.608371E+01
18:12:00,8.010806E+03,2.098411E+03,5.577761E-01,1.853221E-01,0.000000E+00,0.000000E+00,0.000000E+00,0.000000E+00,0.000000E+00,0.000000E+00,0.000000E+00,0.000000E+00,2.110805E+01,7.994452E+01,2.388804E+01,5.609616E+01
18:13:00,8.010806E+03,2.095937E+03,5.577761E-01,1.851036E-01,0.000000E+00,0.000000E+00,0.000000E+00,0.000000E+00,0.000000E+00,0.000000E+00,0.000000E+00,0.000000E+00,2.110805E+01,7.994452E+01,2.388804E+01,5.610880E+01
18:14:00,8.010806E+03,2.093434E+03,5.577761E-01,1.848825E-01,0.000000E+00,0.000000E+00,0.000000E+00,0.000000E+00,0.000000E+00,0.000000E+00,0.000000E+00,0.000000E+00,2.110805E+01,7.994452E+01,2.388804E+01,5.612164E+01
18:15:00,8.010806E+03,2.090901E+03,5.577761E-01,1.846588E-01,0.000000E+00,0.000000E+00,0.000000E+00,0.000000E+00,0.000000E+00,0.000000E+00,0.000000E+00,0.000000E+00,2.110805E+01,7.994452E+01,2.388804E+01,5.613467E+01
18:16:00,8.010806E+03,2.088337E+03,5.577761E-01,1.844324E-01,0.000000E+00,0.000000E+00,0.000000E+00,0.000000E+00,0.000000E+00,0.000000E+00,0.000000E+00,0.000000E+00,2.110805E+01,7.994452E+01,2.388804E+01,5.614789E+01
18:17:00,8.010806E+03,2.085744E+03,5.577761E-01,1.842033E-01,0.000000E+00,0.000000E+00,0.000000E+00,0.000000E+00,0.000000E+00,0.000000E+00,0.000000E+00,0.000000E+00,2.110805E+01,7.994452E+01,2.388804E+01,5.616130E+01
18:18:00,8.010806E+03,2.083119E+03,5.577761E-01,1.839715E-01,0.000000E+00,0.000000E+00,0.000000E+00,0.000000E+00,0.000000E+00,0.000000E+00,0.000000E+00,0.000000E+00,2.110805E+01,7.994452E+01,2.388804E+01,5.617489E+01
18:19:00,8.010806E+03,2.080464E+03,5.577761E-01,1.837371E-01,0.000000E+00,0.000000E+00,0.000000E+00,0.000000E+00,0.000000E+00,0.000000E+00,0.000000E+00,0.000000E+00,2.110805E+01,7.994452E+01,2.388804E+01,5.618866E+01
18:20:00,8.010806E+03,2.077778E+03,5.577761E-01,1.834998E-01,0.000000E+00,0.000000E+00,0.000000E+00,0.000000E+00,0.000000E+00,0.000000E+00,0.000000E+00,0.000000E+00,2.110805E+01,7.994452E+01,2.388804E+01,5.620261E+01
18:21:00,8.010806E+03,2.075061E+03,5.577761E-01,1.832599E-01,0.000000E+00,0.000000E+00,0.000000E+00,0.000000E+00,0.000000E+00,0.000000E+00,0.000000E+00,0.000000E+00,2.110805E+01,7.994452E+01,2.388804E+01,5.621673E+01
18:22:00,8.010806E+03,2.072313E+03,5.577761E-01,1.830171E-01,0.000000E+00,0.000000E+00,0.000000E+00,0.000000E+00,0.000000E+00,0.000000E+00,0.000000E+00,0.000000E+00,2.110805E+01,7.994452E+01,2.388805E+01,5.623104E+01
18:23:00,8.010806E+03,2.069533E+03,5.577761E-01,1.827716E-01,0.000000E+00,0.000000E+00,0.000000E+00,0.000000E+00,0.000000E+00,0.000000E+00,0.000000E+00,0.000000E+00,2.110805E+01,7.994452E+01,2.388805E+01,5.624552E+01
18:24:00,8.010806E+03,2.066721E+03,5.577761E-01,1.825233E-01,0.000000E+00,0.000000E+00,0.000000E+00,0.000000E+00,0.000000E+00,0.000000E+00,0.000000E+00,0.000000E+00,2.110805E+01,7.994452E+01,2.388805E+01,5.626017E+01
18:25:00,8.010806E+03,2.063877E+03,5.577761E-01,1.822721E-01,0.000000E+00,0.000000E+00,0.000000E+00,0.000000E+00,0.000000E+00,0.000000E+00,0.000000E+00,0.000000E+00,2.110805E+01,7.994452E+01,2.388805E+01,5.627499E+01
18:26:00,8.010806E+03,2.061002E+03,5.577761E-01,1.820182E-01,0.000000E+00,0.000000E+00,0.000000E+00,0.000000E+00,0.000000E+00,0.000000E+00,0.000000E+00,0.000000E+00,2.110805E+01,7.994452E+01,2.388805E+01,5.628999E+01
18:27:00,8.010806E+03,2.058094E+03,5.577761E-01,1.817613E-01,0.000000E+00,0.000000E+00,0.000000E+00,0.000000E+00,0.000000E+00,0.000000E+00,0.000000E+00,0.000000E+00,2.110805E+01,7.994452E+01,2.388805E+01,5.630515E+01
18:28:00,8.010806E+03,2.055209E+03,5.577761E-01,1.815066E-01,0.000000E+00,0.000000E+00,0.000000E+00,0.000000E+00,0.000000E+00,0.000000E+00,0.000000E+00,0.000000E+00,2.110805E+01,7.994452E+01,2.388805E+01,5.632048E+01
18:29:00,8.010806E+03,2.052295E+03,5.577761E-01,1.812492E-01,0.000000E+00,0.000000E+00,0.000000E+00,0.000000E+00,0.000000E+00,0.000000E+00,0.000000E+00,0.000000E+00,2.110805E+01,7.994452E+01,2.388805E+01,5.633598E+01
18:30:00,8.010806E+03,2.049350E+03,5.577761E-01,1.809891E-01,0.000000E+00,0.000000E+00,0.000000E+00,0.000000E+00,0.000000E+00,0.000000E+00,0.000000E+00,0.000000E+00,2.110805E+01,7.994452E+01,2.388805E+01,5.635165E+01
18:31:00,8.010806E+03,2.046374E+03,5.577761E-01,1.807263E-01,0.000000E+00,0.000000E+00,0.000000E+00,0.000000E+00,0.000000E+00,0.000000E+00,0.000000E+00,0.000000E+00,2.110805E+01,7.994452E+01,2.388805E+01,5.636749E+01
18:32:00,8.010806E+03,2.043367E+03,5.577761E-01,1.804606E-01,0.000000E+00,0.000000E+00,0.000000E+00,0.000000E+00,0.000000E+00,0.000000E+00,0.000000E+00,0.000000E+00,2.110805E+01,7.994452E+01,2.388805E+01,5.638349E+01
18:33:00,8.010806E+03,2.040327E+03,5.577761E-01,1.801922E-01,0.000000E+00,0.000000E+00,0.000000E+00,0.000000E+00,0.000000E+00,0.000000E+00,0.000000E+00,0.000000E+00,2.110805E+01,7.994452E+01,2.388805E+01,5.639966E+01
18:34:00,8.010806E+03,2.037255E+03,5.577761E-01,1.799208E-01,0.000000E+00,0.000000E+00,0.000000E+00,0.000000E+00,0.000000E+00,0.000000E+00,0.000000E+00,0.000000E+00,2.110805E+01,7.994452E+01,2.388806E+01,5.641599E+01
18:35:00,8.010806E+03,2.034150E+03,5.577761E-01,1.796466E-01,0.000000E+00,0.000000E+00,0.000000E+00,0.000000E+00,0.000000E+00,0.000000E+00,0.000000E+00,0.000000E+00,2.110805E+01,7.994452E+01,2.388806E+01,5.643249E+01
18:36:00,8.010806E+03,2.031012E+03,5.577761E-01,1.793695E-01,0.000000E+00,0.000000E+00,0.000000E+00,0.000000E+00,0.000000E+00,0.000000E+00,0.000000E+00,0.000000E+00,2.110805E+01,7.994452E+01,2.388806E+01,5.644915E+01
18:37:00,8.010806E+03,2.027841E+03,5.577761E-01,1.790894E-01,0.000000E+00,0.000000E+00,0.000000E+00,0.000000E+00,0.000000E+00,0.000000E+00,0.000000E+00,0.000000E+00,2.110805E+01,7.994452E+01,2.388806E+01,5.646599E+01
18:38:00,8.010806E+03,2.024637E+03,5.577761E-01,1.788064E-01,0.000000E+00,0.000000E+00,0.000000E+00,0.000000E+00,0.000000E+00,0.000000E+00,0.000000E+00,0.000000E+00,2.110805E+01,7.994452E+01,2.388806E+01,5.648298E+01
18:39:00,8.010806E+03,2.021356E+03,5.577761E-01,1.785167E-01,0.000000E+00,0.000000E+00,0.000000E+00,0.000000E+00,0.000000E+00,0.000000E+00,0.000000E+00,0.000000E+00,2.110805E+01,7.994452E+01,2.388806E+01,5.650014E+01
18:40:00,8.010806E+03,2.018038E+03,5.577761E-01,1.782237E-01,0.000000E+00,0.000000E+00,0.000000E+00,0.000000E+00,0.000000E+00,0.000000E+00,0.000000E+00,0.000000E+00,2.110805E+01,7.994452E+01,2.388806E+01,5.651775E+01
18:41:00,8.010806E+03,2.014685E+03,5.577761E-01,1.779275E-01,0.000000E+00,0.000000E+00,0.000000E+00,0.000000E+00,0.000000E+00,0.000000E+00,0.000000E+00,0.000000E+00,2.110805E+01,7.994452E+01,2.388806E+01,5.653572E+01
18:42:00,8.010806E+03,2.011297E+03,5.577761E-01,1.776283E-01,0.000000E+00,0.000000E+00,0.000000E+00,0.000000E+00,0.000000E+00,0.000000E+00,0.000000E+00,0.000000E+00,2.110805E+01,7.994452E+01,2.388806E+01,5.655393E+01
18:43:00,8.010806E+03,2.007873E+03,5.577761E-01,1.773259E-01,0.000000E+00,0.000000E+00,0.000000E+00,0.000000E+00,0.000000E+00,0.000000E+00,0.000000E+00,0.000000E+00,2.110805E+01,7.994452E+01,2.388806E+01,5.657231E+01
18:44:00,8.010806E+03,2.004415E+03,5.577761E-01,1.770205E-01,0.000000E+00,0.000000E+00,0.000000E+00,0.000000E+00,0.000000E+00,0.000000E+00,0.000000E+00,0.000000E+00,2.110805E+01,7.994452E+01,2.388806E+01,5.659083E+01
18:45:00,8.010806E+03,2.000923E+03,5.577761E-01,1.767121E-01,0.000000E+00,0.000000E+00,0.000000E+00,0.000000E+00,0.000000E+00,0.000000E+00,0.000000E+00,0.000000E+00,2.110805E+01,7.994452E+01,2.388807E+01,5.660949E+01
18:46:00,8.010806E+03,1.997395E+03,5.577761E-01,1.764005E-01,0.000000E+00,0.000000E+00,0.000000E+00,0.000000E+00,0.000000E+00,0.000000E+00,0.000000E+00,0.000000E+00,2.110805E+01,7.994452E+01,2.388807E+01,5.662830E+01
18:47:00,8.010806E+03,1.993829E+03,5.577761E-01,1.760856E-01,0.000000E+00,0.000000E+00,0.000000E+00,0.000000E+00,0.000000E+00,0.000000E+00,0.000000E+00,0.000000E+00,2.110805E+01,7.994452E+01,2.388807E+01,5.664726E+01
18:48:00,8.010806E+03,1.990225E+03,5.577761E-01,1.757673E-01,0.000000E+00,0.000000E+00,0.000000E+00,0.000000E+00,0.000000E+00,0.000000E+00,0.000000E+00,0.000000E+00,2.110805E+01,7.994452E+01,2.388807E+01,5.666638E+01
18:49:00,8.010806E+03,1.986583E+03,5.577761E-01,1.754456E-01,0.000000E+00,0.000000E+00,0.000000E+00,0.000000E+00,0.000000E+00,0.000000E+00,0.000000E+00,0.000000E+00,2.110805E+01,7.994452E+01,2.388807E+01,5.668568E+01
18:50:00,8.010806E+03,1.982901E+03,5.577761E-01,1.751204E-01,0.000000E+00,0.000000E+00,0.000000E+00,0.000000E+00,0.000000E+00,0.000000E+00,0.000000E+00,0.000000E+00,2.110805E+01,7.994452E+01,2.388807E+01,5.670518E+01
18:51:00,8.010806E+03,1.979180E+03,5.577761E-01,1.747918E-01,0.000000E+00,0.000000E+00,0.000000E+00,0.000000E+00,0.000000E+00,0.000000E+00,0.000000E+00,0.000000E+00,2.110805E+01,7.994452E+01,2.388807E+01,5.672486E+01
18:52:00,8.010806E+03,1.975420E+03,5.577761E-01,1.744597E-01,0.000000E+00,0.000000E+00,0.000000E+00,0.000000E+00,0.000000E+00,0.000000E+00,0.000000E+00,0.000000E+00,2.110805E+01,7.994452E+01,2.388807E+01,5.674473E+01
18:53:00,8.010806E+03,1.971621E+03,5.577761E-01,1.741242E-01,0.000000E+00,0.000000E+00,0.000000E+00,0.000000E+00,0.000000E+00,0.000000E+00,0.000000E+00,0.000000E+00,2.110805E+01,7.994452E+01,2.388807E+01,5.676478E+01
18:54:00,8.010806E+03,1.967783E+03,5.577761E-01,1.737852E-01,0.000000E+00,0.000000E+00,0.000000E+00,0.000000E+00,0.000000E+00,0.000000E+00,0.000000E+00,0.000000E+00,2.110805E+01,7.994452E+01,2.388807E+01,5.678502E+01
18:55:00,8.010806E+03,1.963906E+03,5.577761E-01,1.734428E-01,0.000000E+00,0.000000E+00,0.000000E+00,0.000000E+00,0.000000E+00,0.000000E+00,0.000000E+00,0.000000E+00,2.110805E+01,7.994452E+01,2.388808E+01,5.680545E+01
18:56:00,8.010806E+03,1.959990E+03,5.577761E-01,1.730970E-01,0.000000E+00,0.000000E+00,0.000000E+00,0.000000E+00,0.000000E+00,0.000000E+00,0.000000E+00,0.000000E+00,2.110805E+01,7.994452E+01,2.388808E+01,5.682606E+01
18:57:00,8.010806E+03,1.956036E+03,5.577761E-01,1.727477E-01,0.000000E+00,0.000000E+00,0.000000E+00,0.000000E+00,0.000000E+00,0.000000E+00,0.000000E+00,0.000000E+00,2.110805E+01,7.994452E+01,2.388808E+01,5.684685E+01
18:58:00,8.010806E+03,1.952042E+03,5.577761E-01,1.723950E-01,0.000000E+00,0.000000E+00,0.000000E+00,0.000000E+00,0.000000E+00,0.000000E+00,0.000000E+00,0.000000E+00,2.110805E+01,7.994452E+01,2.388808E+01,5.686782E+01
18:59:00,8.010806E+03,1.947986E+03,5.577761E-01,1.720368E-01,0.000000E+00,0.000000E+00,0.000000E+00,0.000000E+00,0.000000E+00,0.000000E+00,0.000000E+00,0.000000E+00,2.110805E+01,7.994452E+01,2.388808E+01,5.688897E+01
19:00:00,8.010806E+03,1.943890E+03,5.577761E-01,1.716751E-01,0.000000E+00,0.000000E+00,0.000000E+00,0.000000E+00,0.000000E+00,0.000000E+00,0.000000E+00,0.000000E+00,2.110805E+01,7.994452E+01,2.388808E+01,5.691046E+01
19:01:00,8.010806E+03,1.939782E+03,5.577761E-01,1.713122E-01,0.000000E+00,0.000000E+00,0.000000E+00,0.000000E+00,0.000000E+00,0.000000E+00,0.000000E+00,0.000000E+00,2.110805E+01,7.994452E+01,2.388808E+01,5.693222E+01
19:02:00,8.010806E+03,1.935660E+03,5.577761E-01,1.709481E-01,0.000000E+00,0.000000E+00,0.000000E+00,0.000000E+00,0.000000E+00,0.000000E+00,0.000000E+00,0.000000E+00,2.110805E+01,7.994452E+01,2.388808E+01,5.695412E+01
19:03:00,8.010806E+03,1.931525E+03,5.577761E-01,1.705830E-01,0.000000E+00,0.000000E+00,0.000000E+00,0.000000E+00,0.000000E+00,0.000000E+00,0.000000E+00,0.000000E+00,2.110805E+01,7.994452E+01,2.388808E+01,5.697604E+01
19:04:00,8.010806E+03,1.927378E+03,5.577761E-01,1.702167E-01,0.000000E+00,0.000000E+00,0.000000E+00,0.000000E+00,0.000000E+00,0.000000E+00,0.000000E+00,0.000000E+00,2.110805E+01,7.994452E+01,2.388808E+01,5.699796E+01
19:05:00,8.010806E+03,1.923220E+03,5.577761E-01,1.698494E-01,0.000000E+00,0.000000E+00,0.000000E+00,0.000000E+00,0.000000E+00,0.000000E+00,0.000000E+00,0.000000E+00,2.110805E+01,7.994452E+01,2.388809E+01,5.701989E+01
19:06:00,8.010806E+03,1.919049E+03,5.577761E-01,1.694811E-01,0.000000E+00,0.000000E+00,0.000000E+00,0.000000E+00,0.000000E+00,0.000000E+00,0.000000E+00,0.000000E+00,2.110805E+01,7.994452E+01,2.388809E+01,5.704182E+01
19:07:00,8.010806E+03,1.914868E+03,5.577761E-01,1.691119E-01,0.000000E+00,0.000000E+00,0.000000E+00,0.000000E+00,0.000000E+00,0.000000E+00,0.000000E+00,0.000000E+00,2.110805E+01,7.994452E+01,2.388809E+01,5.706377E+01
19:08:00,8.010806E+03,1.910677E+03,5.577761E-01,1.687417E-01,0.000000E+00,0.000000E+00,0.000000E+00,0.000000E+00,0.000000E+00,0.000000E+00,0.000000E+00,0.000000E+00,2.110805E+01,7.994452E+01,2.388809E+01,5.708572E+01
19:09:00,8.010806E+03,1.906462E+03,5.577761E-01,1.683695E-01,0.000000E+00,0.000000E+00,0.000000E+00,0.000000E+00,0.000000E+00,0.000000E+00,0.000000E+00,0.000000E+00,2.110805E+01,7.994452E+01,2.388809E+01,5.710769E+01
19:10:00,8.010806E+03,1.902238E+03,5.577761E-01,1.679964E-01,0.000000E+00,0.000000E+00,0.000000E+00,0.000000E+00,0.000000E+00,0.000000E+00,0.000000E+00,0.000000E+00,2.110805E+01,7.994452E+01,2.388809E+01,5.712976E+01
19:11:00,8.010806E+03,1.898005E+03,5.577761E-01,1.676225E-01,0.000000E+00,0.000000E+00,0.000000E+00,0.000000E+00,0.000000E+00,0.000000E+00,0.000000E+00,0.000000E+00,2.110805E+01,7.994452E+01,2.388809E+01,5.715190E+01
19:12:00,8.010806E+03,1.893764E+03,5.577761E-01,1.672480E-01,0.000000E+00,0.000000E+00,0.000000E+00,0.000000E+00,0.000000E+00,0.000000E+00,0.000000E+00,0.000000E+00,2.110805E+01,7.994452E+01,2.388809E+01,5.717407E+01
19:13:00,8.010806E+03,1.889517E+03,5.577761E-01,1.668728E-01,0.000000E+00,0.000000E+00,0.000000E+00,0.000000E+00,0.000000E+00,0.000000E+00,0.000000E+00,0.000000E+00,2.110805E+01,7.994452E+01,2.388809E+01,5.719623E+01
19:14:00,8.010806E+03,1.885263E+03,5.577761E-01,1.664971E-01,0.000000E+00,0.000000E+00,0.000000E+00,0.000000E+00,0.000000E+00,0.000000E+00,0.000000E+00,0.000000E+00,2.110805E+01,7.994452E+01,2.388809E+01,5.721839E+01
19:15:00,8.010806E+03,1.881003E+03,5.577761E-01,1.661210E-01,0.000000E+00,0.000000E+00,0.000000E+00,0.000000E+00,0.000000E+00,0.000000E+00,0.000000E+00,0.000000E+00,2.110805E+01,7.994452E+01,2.388809E+01,5.724053E+01
19:16:00,8.010806E+03,1.876682E+03,5.577761E-01,1.657393E-01,0.000000E+00,0.000000E+00,0.000000E+00,0.000000E+00,0.000000E+00,0.000000E+00,0.000000E+00,0.000000E+00,2.110805E+01,7.994452E+01,2.388809E+01,5.726267E+01
19:17:00,8.010806E+03,1.872358E+03,5.577761E-01,1.653574E-01,0.000000E+00,0.000000E+00,0.000000E+00,0.000000E+00,0.000000E+00,0.000000E+00,0.000000E+00,0.000000E+00,2.110805E+01,7.994452E+01,2.388810E+01,5.728519E+01
19:18:00,8.010806E+03,1.868034E+03,5.577761E-01,1.649756E-01,0.000000E+00,0.000000E+00,0.000000E+00,0.000000E+00,0.000000E+00,0.000000E+00,0.000000E+00,0.000000E+00,2.110805E+01,7.994452E+01,2.388810E+01,5.730795E+01
19:19:00,8.010806E+03,1.863711E+03,5.577761E-01,1.645938E-01,0.000000E+00,0.000000E+00,0.000000E+00,0.000000E+00,0.000000E+00,0.000000E+00,0.000000E+00,0.000000E+00,2.110805E+01,7.994452E+01,2.388810E+01,5.733071E+01
19:20:00,8.010806E+03,1.859390E+03,5.577761E-01,1.642122E-01,0.000000E+00,0.000000E+00,0.000000E+00,0.000000E+00,0.000000E+00,0.000000E+00,0.000000E+00,0.000000E+00,2.110805E+01,7.994452E+01,2.388810E+01,5.735341E+01
19:21:00,8.010806E+03,1.855072E+03,5.577761E-01,1.638307E-01,0.000000E+00,0.000000E+00,0.000000E+00,0.000000E+00,0.000000E+00,0.000000E+00,0.000000E+00,0.000000E+00,2.110805E+01,7.994452E+01,2.388810E+01,5.737599E+01
19:22:00,8.010806E+03,1.850756E+03,5.577761E-01,1.634496E-01,0.000000E+00,0.000000E+00,0.000000E+00,0.000000E+00,0.000000E+00,0.000000E+00,0.000000E+00,0.000000E+00,2.110805E+01,7.994452E+01,2.388810E+01,5.739848E+01
19:23:00,8.010806E+03,1.846444E+03,5.577761E-01,1.630687E-01,0.000000E+00,0.000000E+00,0.000000E+00,0.000000E+00,0.000000E+00,0.000000E+00,0.000000E+00,0.000000E+00,2.110805E+01,7.994452E+01,2.388810E+01,5.742088E+01
19:24:00,8.010806E+03,1.842136E+03,5.577761E-01,1.626882E-01,0.000000E+00,0.000000E+00,0.000000E+00,0.000000E+00,0.000000E+00,0.000000E+00,0.000000E+00,0.000000E+00,2.110805E+01,7.994452E+01,2.388810E+01,5.744319E+01
19:25:00,8.010806E+03,1.837832E+03,5.577761E-01,1.623081E-01,0.000000E+00,0.000000E+00,0.000000E+00,0.000000E+00,0.000000E+00,0.000000E+00,0.000000E+00,0.000000E+00,2.110805E+01,7.994452E+01,2.388810E+01,5.746543E+01
19:26:00,8.010806E+03,1.833533E+03,5.577761E-01,1.619285E-01,0.000000E+00,0.000000E+00,0.000000E+00,0.000000E+00,0.000000E+00,0.000000E+00,0.000000E+00,0.000000E+00,2.110805E+01,7.994452E+01,2.388810E+01,5.748759E+01
19:27:00,8.010806E+03,1.829239E+03,5.577761E-01,1.615492E-01,0.000000E+00,0.000000E+00,0.000000E+00,0.000000E+00,0.000000E+00,0.000000E+00,0.000000E+00,0.000000E+00,2.110805E+01,7.994452E+01,2.388810E+01,5.750968E+01
19:28:00,8.010806E+03,1.824951E+03,5.577761E-01,1.611705E-01,0.000000E+00,0.000000E+00,0.000000E+00,0.000000E+00,0.000000E+00,0.000000E+00,0.000000E+00,0.000000E+00,2.110805E+01,7.994452E+01,2.388810E+01,5.753171E+01
19:29:00,8.010806E+03,1.820669E+03,5.577761E-01,1.607923E-01,0.000000E+00,0.000000E+00,0.000000E+00,0.000000E+00,0.000000E+00,0.000000E+00,0.000000E+00,0.000000E+00,2.110805E+01,7.994452E+01,2.388810E+01,5.755368E+01
19:30:00,8.010806E+03,1.816393E+03,5.577761E-01,1.604147E-01,0.000000E+00,0.000000E+00,0.000000E+00,0.000000E+00,0.000000E+00,0.000000E+00,0.000000E+00,0.000000E+00,2.110805E+01,7.994452E+01,2.388810E+01,5.757559E+01
19:31:00,8.010806E+03,1.812124E+03,5.577761E-01,1.600377E-01,0.000000E+00,0.000000E+00,0.000000E+00,0.000000E+00,0.000000E+00,0.000000E+00,0.000000E+00,0.000000E+00,2.110805E+01,7.994452E+01,2.388810E+01,5.759745E+01
19:32:00,8.010806E+03,1.807863E+03,5.577761E-01,1.596613E-01,0.000000E+00,0.000000E+00,0.000000E+00,0.000000E+00,0.000000E+00,0.000000E+00,0.000000E+00,0.000000E+00,2.110805E+01,7.994452E+01,2.388810E+01,5.761925E+01
19:33:00,8.010806E+03,1.803609E+03,5.577761E-01,1.592856E-01,0.000000E+00,0.000000E+00,0.000000E+00,0.000000E+00,0.000000E+00,0.000000E+00,0.000000E+00,0.000000E+00,2.110805E+01,7.994452E+01,2.388811E+01,5.764102E+01
19:34:00,8.010806E+03,1.799363E+03,5.577761E-01,1.589106E-01,0.000000E+00,0.000000E+00,0.000000E+00,0.000000E+00,0.000000E+00,0.000000E+00,0.000000E+00,0.000000E+00,2.110805E+01,7.994452E+01,2.388811E+01,5.766275E+01
19:35:00,8.010806E+03,1.795125E+03,5.577761E-01,1.585363E-01,0.000000E+00,0.000000E+00,0.000000E+00,0.000000E+00,0.000000E+00,0.000000E+00,0.000000E+00,0.000000E+00,2.110805E+01,7.994452E+01,2.388811E+01,5.768444E+01
19:36:00,8.010806E+03,1.790896E+03,5.577761E-01,1.581628E-01,0.000000E+00,0.000000E+00,0.000000E+00,0.000000E+00,0.000000E+00,0.000000E+00,0.000000E+00,0.000000E+00,2.110805E+01,7.994452E+01,2.388811E+01,5.770610E+01
19:37:00,8.010806E+03,1.786675E+03,5.577761E-01,1.577901E-01,0.000000E+00,0.000000E+00,0.000000E+00,0.000000E+00,0.000000E+00,0.000000E+00,0.000000E+00,0.000000E+00,2.110805E+01,7.994452E+01,2.388811E+01,5.772773E+01
19:38:00,8.010806E+03,1.782465E+03,5.577761E-01,1.574182E-01,0.000000E+00,0.000000E+00,0.000000E+00,0.000000E+00,0.000000E+00,0.000000E+00,0.000000E+00,0.000000E+00,2.110805E+01,7.994452E+01,2.388811E+01,5.774934E+01
19:39:00,8.010806E+03,1.778306E+03,5.577761E-01,1.570510E-01,0.000000E+00,0.000000E+00,0.000000E+00,0.000000E+00,0.000000E+00,0.000000E+00,0.000000E+00,0.000000E+00,2.110805E+01,7.994452E+01,2.388811E+01,5.777093E+01
19:40:00,8.010806E+03,1.774162E+03,5.577761E-01,1.566849E-01,0.000000E+00,0.000000E+00,0.000000E+00,0.000000E+00,0.000000E+00,0.000000E+00,0.000000E+00,0.000000E+00,2.110805E+01,7.994452E+01,2.388811E+01,5.779250E+01
19:41:00,8.010806E+03,1.770029E+03,5.577761E-01,1.563200E-01,0.000000E+00,0.000000E+00,0.000000E+00,0.000000E+00,0.000000E+00,0.000000E+00,0.000000E+00,0.000000E+00,2.110805E+01,7.994452E+01,2.388811E+01,5.781405E+01
19:42:00,8.010806E+03,1.765908E+03,5.577761E-01,1.559560E-01,0.000000E+00,0.000000E+00,0.000000E+00,0.000000E+00,0.000000E+00,0.000000E+00,0.000000E+00,0.000000E+00,2.110805E+01,7.994452E+01,2.388811E+01,5.783560E+01
19:43:00,8.010806E+03,1.761799E+03,5.577761E-01,1.555931E-01,0.000000E+00,0.000000E+00,0.000000E+00,0.000000E+00,0.000000E+00,0.000000E+00,0.000000E+00,0.000000E+00,2.110805E+01,7.994452E+01,2.388811E+01,5.785713E+01
19:44:00,8.010806E+03,1.757702E+03,5.577761E-01,1.552313E-01,0.000000E+00,0.000000E+00,0.000000E+00,0.000000E+00,0.000000E+00,0.000000E+00,0.000000E+00,0.000000E+00,2.110805E+01,7.994452E+01,2.388811E+01,5.787866E+01
19:45:00,8.010806E+03,1.753618E+03,5.577761E-01,1.548705E-01,0.000000E+00,0.000000E+00,0.000000E+00,0.000000E+00,0.000000E+00,0.000000E+00,0.000000E+00,0.000000E+00,2.110805E+01,7.994452E+01,2.388811E+01,5.790019E+01
19:46:00,8.010806E+03,1.749545E+03,5.577761E-01,1.545109E-01,0.000000E+00,0.000000E+00,0.000000E+00,0.000000E+00,0.000000E+00,0.000000E+00,0.000000E+00,0.000000E+00,2.110805E+01,7.994452E+01,2.388811E+01,5.792171E+01
19:47:00,8.010806E+03,1.745489E+03,5.577761E-01,1.541526E-01,0.000000E+00,0.000000E+00,0.000000E+00,0.000000E+00,0.000000E+00,0.000000E+00,0.000000E+00,0.000000E+00,2.110805E+01,7.994452E+01,2.388811E+01,5.794324E+01
19:48:00,8.010806E+03,1.741449E+03,5.577761E-01,1.537958E-01,0.000000E+00,0.000000E+00,0.000000E+00,0.000000E+00,0.000000E+00,0.000000E+00,0.000000E+00,0.000000E+00,2.110805E+01,7.994452E+01,2.388812E+01,5.796477E+01
19:49:00,8.010806E+03,1.737426E+03,5.577761E-01,1.534405E-01,0.000000E+00,0.000000E+00,0.000000E+00,0.000000E+00,0.000000E+00,0.000000E+00,0.000000E+00,0.000000E+00,2.110805E+01,7.994452E+01,2.388812E+01,5.798631E+01
19:50:00,8.010806E+03,1.733420E+03,5.577761E-01,1.530867E-01,0.000000E+00,0.000000E+00,0.000000E+00,0.000000E+00,0.000000E+00,0.000000E+00,0.000000E+00,0.000000E+00,2.110805E+01,7.994452E+01,2.388812E+01,5.800785E+01
19:51:00,8.010806E+03,1.729431E+03,5.577761E-01,1.527344E-01,0.000000E+00,0.000000E+00,0.000000E+00,0.000000E+00,0.000000E+00,0.000000E+00,0.000000E+00,0.000000E+00,2.110805E+01,7.994452E+01,2.388812E+01,5.802941E+01
19:52:00,8.010806E+03,1.725461E+03,5.577761E-01,1.523838E-01,0.000000E+00,0.000000E+00,0.000000E+00,0.000000E+00,0.000000E+00,0.000000E+00,0.000000E+00,0.000000E+00,2.110805E+01,7.994452E+01,2.388812E+01,5.805097E+01
19:53:00,8.010806E+03,1.721508E+03,5.577761E-01,1.520347E-01,0.000000E+00,0.000000E+00,0.000000E+00,0.000000E+00,0.000000E+00,0.000000E+00,0.000000E+00,0.000000E+00,2.110805E+01,7.994452E+01,2.388812E+01,5.807256E+01
19:54:00,8.010806E+03,1.717574E+03,5.577761E-01,1.516873E-01,0.000000E+00,0.000000E+00,0.000000E+00,0.000000E+00,0.000000E+00,0.000000E+00,0.000000E+00,0.000000E+00,2.110805E+01,7.994452E+01,2.388812E+01,5.809415E+01
19:55:00,8.010806E+03,1.713659E+03,5.577761E-01,1.513415E-01,0.000000E+00,0.000000E+00,0.000000E+00,0.000000E+00,0.000000E+00,0.000000E+00,0.000000E+00,0.000000E+00,2.110805E+01,7.994452E+01,2.388812E+01,5.811577E+01
19:56:00,8.010806E+03,1.709763E+03,5.577761E-01,1.509974E-01,0.000000E+00,0.000000E+00,0.000000E+00,0.000000E+00,0.000000E+00,0.000000E+00,0.000000E+00,0.000000E+00,2.110805E+01,7.994452E+01,2.388812E+01,5.813741E+01
19:57:00,8.010806E+03,1.705887E+03,5.577761E-01,1.506551E-01,0.000000E+00,0.000000E+00,0.000000E+00,0.000000E+00,0.000000E+00,0.000000E+00,0.000000E+00,0.000000E+00,2.110805E+01,7.994452E+01,2.388812E+01,5.815906E+01
19:58:00,8.010806E+03,1.702030E+03,5.577761E-01,1.503144E-01,0.000000E+00,0.000000E+00,0.000000E+00,0.000000E+00,0.000000E+00,0.000000E+00,0.000000E+00,0.000000E+00,2.110805E+01,7.994452E+01,2.388812E+01,5.818074E+01
19:59:00,8.010806E+03,1.698215E+03,5.577761E-01,1.499776E-01,0.000000E+00,0.000000E+00,0.000000E+00,0.000000E+00,0.000000E+00,0.000000E+00,0.000000E+00,0.000000E+00,2.110805E+01,7.994452E+01,2.388812E+01,5.820244E+01
20:00:00,8.010806E+03,1.694422E+03,5.577761E-01,1.496425E-01,0.000000E+00,0.000000E+00,0.000000E+00,0.000000E+00,0.000000E+00,0.000000E+00,0.000000E+00,0.000000E+00,2.110805E+01,7.994452E+01,2.388812E+01,5.822417E+01
20:01:00,8.010806E+03,1.690643E+03,5.577761E-01,1.493088E-01,0.000000E+00,0.000000E+00,0.000000E+00,0.000000E+00,0.000000E+00,0.000000E+00,0.000000E+00,0.000000E+00,2.110805E+01,7.994452E+01,2.388813E+01,5.824593E+01
20:02:00,8.010806E+03,1.686878E+03,5.577761E-01,1.489763E-01,0.000000E+00,0.000000E+00,0.000000E+00,0.000000E+00,0.000000E+00,0.000000E+00,0.000000E+00,0.000000E+00,2.110805E+01,7.994452E+01,2.388813E+01,5.826766E+01
20:03:00,8.010806E+03,1.683128E+03,5.577761E-01,1.486451E-01,0.000000E+00,0.000000E+00,0.000000E+00,0.000000E+00,0.000000E+00,0.000000E+00,0.000000E+00,0.000000E+00,2.110805E+01,7.994452E+01,2.388813E+01,5.828936E+01
20:04:00,8.010806E+03,1.679391E+03,5.577761E-01,1.483151E-01,0.000000E+00,0.000000E+00,0.000000E+00,0.000000E+00,0.000000E+00,0.000000E+00,0.000000E+00,0.000000E+00,2.110805E+01,7.994452E+01,2.388813E+01,5.831101E+01
20:05:00,8.010806E+03,1.675669E+03,5.577761E-01,1.479863E-01,0.000000E+00,0.000000E+00,0.000000E+00,0.000000E+00,0.000000E+00,0.000000E+00,0.000000E+00,0.000000E+00,2.110805E+01,7.994452E+01,2.388813E+01,5.833261E+01
20:06:00,8.010806E+03,1.671960E+03,5.577761E-01,1.476587E-01,0.000000E+00,0.000000E+00,0.000000E+00,0.000000E+00,0.000000E+00,0.000000E+00,0.000000E+00,0.000000E+00,2.110805E+01,7.994452E+01,2.388813E+01,5.835418E+01
20:07:00,8.010806E+03,1.668265E+03,5.577761E-01,1.473324E-01,0.000000E+00,0.000000E+00,0.000000E+00,0.000000E+00,0.000000E+00,0.000000E+00,0.000000E+00,0.000000E+00,2.110805E+01,7.994452E+01,2.388813E+01,5.837570E+01
20:08:00,8.010806E+03,1.664583E+03,5.577761E-01,1.470072E-01,0.000000E+00,0.000000E+00,0.000000E+00,0.000000E+00,0.000000E+00,0.000000E+00,0.000000E+00,0.000000E+00,2.110805E+01,7.994452E+01,2.388813E+01,5.839719E+01
20:09:00,8.010806E+03,1.660927E+03,5.577761E-01,1.466843E-01,0.000000E+00,0.000000E+00,0.000000E+00,0.000000E+00,0.000000E+00,0.000000E+00,0.000000E+00,0.000000E+00,2.110805E+01,7.994452E+01,2.388813E+01,5.841866E+01
20:10:00,8.010806E+03,1.657285E+03,5.577761E-01,1.463627E-01,0.000000E+00,0.000000E+00,0.000000E+00,0.000000E+00,0.000000E+00,0.000000E+00,0.000000E+00,0.000000E+00,2.110805E+01,7.994452E+01,2.388813E+01,5.844010E+01
20:11:00,8.010806E+03,1.653656E+03,5.577761E-01,1.460422E-01,0.000000E+00,0.000000E+00,0.000000E+00,0.000000E+00,0.000000E+00,0.000000E+00,0.000000E+00,0.000000E+00,2.110805E+01,7.994452E+01,2.388813E+01,5.846151E+01
20:12:00,8.010806E+03,1.650039E+03,5.577761E-01,1.457227E-01,0.000000E+00,0.000000E+00,0.000000E+00,0.000000E+00,0.000000E+00,0.000000E+00,0.000000E+00,0.000000E+00,2.110805E+01,7.994452E+01,2.388813E+01,5.848291E+01
20:13:00,8.010806E+03,1.646433E+03,5.577761E-01,1.454043E-01,0.000000E+00,0.000000E+00,0.000000E+00,0.000000E+00,0.000000E+00,0.000000E+00,0.000000E+00,0.000000E+00,2.110805E+01,7.994452E+01,2.388813E+01,5.850429E+01
20:14:00,8.010806E+03,1.642839E+03,5.577761E-01,1.450868E-01,0.000000E+00,0.000000E+00,0.000000E+00,0.000000E+00,0.000000E+00,0.000000E+00,0.000000E+00,0.000000E+00,2.110805E+01,7.994452E+01,2.388813E+01,5.852565E+01
20:15:00,8.010806E+03,1.639255E+03,5.577761E-01,1.447703E-01,0.000000E+00,0.000000E+00,0.000000E+00,0.000000E+00,0.000000E+00,0.000000E+00,0.000000E+00,0.000000E+00,2.110805E+01,7.994452E+01,2.388813E+01,5.854699E+01
20:16:00,8.010806E+03,1.635740E+03,5.577761E-01,1.444599E-01,0.000000E+00,0.000000E+00,0.000000E+00,0.000000E+00,0.000000E+00,0.000000E+00,0.000000E+00,0.000000E+00,2.110805E+01,7.994452E+01,2.388813E+01,5.856833E+01
20:17:00,8.010806E+03,1.632233E+03,5.577761E-01,1.441502E-01,0.000000E+00,0.000000E+00,0.000000E+00,0.000000E+00,0.000000E+00,0.000000E+00,0.000000E+00,0.000000E+00,2.110805E+01,7.994452E+01,2.388814E+01,5.858966E+01
20:18:00,8.010806E+03,1.628733E+03,5.577761E-01,1.438410E-01,0.000000E+00,0.000000E+00,0.000000E+00,0.000000E+00,0.000000E+00,0.000000E+00,0.000000E+00,0.000000E+00,2.110805E+01,7.994452E+01,2.388814E+01,5.861098E+01
20:19:00,8.010806E+03,1.625238E+03,5.577761E-01,1.435324E-01,0.000000E+00,0.000000E+00,0.000000E+00,0.000000E+00,0.000000E+00,0.000000E+00,0.000000E+00,0.000000E+00,2.110805E+01,7.994452E+01,2.388814E+01,5.863229E+01
20:20:00,8.010806E+03,1.621749E+03,5.577761E-01,1.432243E-01,0.000000E+00,0.000000E+00,0.000000E+00,0.000000E+00,0.000000E+00,0.000000E+00,0.000000E+00,0.000000E+00,2.110805E+01,7.994452E+01,2.388814E+01,5.865360E+01
20:21:00,8.010806E+03,1.618266E+03,5.577761E-01,1.429166E-01,0.000000E+00,0.000000E+00,0.000000E+00,0.000000E+00,0.000000E+00,0.000000E+00,0.000000E+00,0.000000E+00,2.110805E+01,7.994452E+01,2.388814E+01,5.867491E+01
20:22:00,8.010806E+03,1.614788E+03,5.577761E-01,1.426094E-01,0.000000E+00,0.000000E+00,0.000000E+00,0.000000E+00,0.000000E+00,0.000000E+00,0.000000E+00,0.000000E+00,2.110805E+01,7.994452E+01,2.388814E+01,5.869622E+01
20:23:00,8.010806E+03,1.611314E+03,5.577761E-01,1.423027E-01,0.000000E+00,0.000000E+00,0.000000E+00,0.000000E+00,0.000000E+00,0.000000E+00,0.000000E+00,0.000000E+00,2.110805E+01,7.994452E+01,2.388814E+01,5.871754E+01
20:24:00,8.010806E+03,1.607846E+03,5.577761E-01,1.419964E-01,0.000000E+00,0.000000E+00,0.000000E+00,0.000000E+00,0.000000E+00,0.000000E+00,0.000000E+00,0.000000E+00,2.110805E+01,7.994452E+01,2.388814E+01,5.873885E+01
20:25:00,8.010806E+03,1.604383E+03,5.577761E-01,1.416905E-01,0.000000E+00,0.000000E+00,0.000000E+00,0.000000E+00,0.000000E+00,0.000000E+00,0.000000E+00,0.000000E+00,2.110805E+01,7.994452E+01,2.388814E+01,5.876017E+01
20:26:00,8.010806E+03,1.600925E+03,5.577761E-01,1.413851E-01,0.000000E+00,0.000000E+00,0.000000E+00,0.000000E+00,0.000000E+00,0.000000E+00,0.000000E+00,0.000000E+00,2.110805E+01,7.994452E+01,2.388814E+01,5.878150E+01
20:27:00,8.010806E+03,1.597472E+03,5.577761E-01,1.410801E-01,0.000000E+00,0.000000E+00,0.000000E+00,0.000000E+00,0.000000E+00,0.000000E+00,0.000000E+00,0.000000E+00,2.110805E+01,7.994452E+01,2.388814E+01,5.880284E+01
20:28:00,8.010806E+03,1.594023E+03,5.577761E-01,1.407756E-01,0.000000E+00,0.000000E+00,0.000000E+00,0.000000E+00,0.000000E+00,0.000000E+00,0.000000E+00,0.000000E+00,2.110805E+01,7.994452E+01,2.388814E+01,5.882418E+01
20:29:00,8.010806E+03,1.590580E+03,5.577761E-01,1.404715E-01,0.000000E+00,0.000000E+00,0.000000E+00,0.000000E+00,0.000000E+00,0.000000E+00,0.000000E+00,0.000000E+00,2.110805E+01,7.994452E+01,2.388814E+01,5.884553E+01
20:30:00,8.010806E+03,1.587142E+03,5.577761E-01,1.401679E-01,0.000000E+00,0.000000E+00,0.000000E+00,0.000000E+00,0.000000E+00,0.000000E+00,0.000000E+00,0.000000E+00,2.110805E+01,7.994452E+01,2.388814E+01,5.886689E+01
20:31:00,8.010806E+03,1.583709E+03,5.577761E-01,1.398647E-01,0.000000E+00,0.000000E+00,0.000000E+00,0.000000E+00,0.000000E+00,0.000000E+00,0.000000E+00,0.000000E+00,2.110805E+01,7.994452E+01,2.388815E+01,5.888827E+01
20:32:00,8.010806E+03,1.580281E+03,5.577761E-01,1.395619E-01,0.000000E+00,0.000000E+00,0.000000E+00,0.000000E+00,0.000000E+00,0.000000E+00,0.000000E+00,0.000000E+00,2.110805E+01,7.994452E+01,2.388815E+01,5.890966E+01
20:33:00,8.010806E+03,1.576859E+03,5.577761E-01,1.392596E-01,0.000000E+00,0.000000E+00,0.000000E+00,0.000000E+00,0.000000E+00,0.000000E+00,0.000000E+00,0.000000E+00,2.110805E+01,7.994452E+01,2.388815E+01,5.893106E+01
20:34:00,8.010806E+03,1.573441E+03,5.577761E-01,1.389578E-01,0.000000E+00,0.000000E+00,0.000000E+00,0.000000E+00,0.000000E+00,0.000000E+00,0.000000E+00,0.000000E+00,2.110805E+01,7.994452E+01,2.388815E+01,5.895248E+01
20:35:00,8.010806E+03,1.570029E+03,5.577761E-01,1.386565E-01,0.000000E+00,0.000000E+00,0.000000E+00,0.000000E+00,0.000000E+00,0.000000E+00,0.000000E+00,0.000000E+00,2.110805E+01,7.994452E+01,2.388815E+01,5.897391E+01
20:36:00,8.010806E+03,1.566623E+03,5.577761E-01,1.383557E-01,0.000000E+00,0.000000E+00,0.000000E+00,0.000000E+00,0.000000E+00,0.000000E+00,0.000000E+00,0.000000E+00,2.110805E+01,7.994452E+01,2.388815E+01,5.899536E+01
20:37:00,8.010806E+03,1.563222E+03,5.577761E-01,1.380553E-01,0.000000E+00,0.000000E+00,0.000000E+00,0.000000E+00,0.000000E+00,0.000000E+00,0.000000E+00,0.000000E+00,2.110805E+01,7.994452E+01,2.388815E+01,5.901683E+01
20:38:00,8.010806E+03,1.559826E+03,5.577761E-01,1.377554E-01,0.000000E+00,0.000000E+00,0.000000E+00,0.000000E+00,0.000000E+00,0.000000E+00,0.000000E+00,0.000000E+00,2.110805E+01,7.994452E+01,2.388815E+01,5.903832E+01
20:39:00,8.010806E+03,1.556437E+03,5.577761E-01,1.374560E-01,0.000000E+00,0.000000E+00,0.000000E+00,0.000000E+00,0.000000E+00,0.000000E+00,0.000000E+00,0.000000E+00,2.110805E+01,7.994452E+01,2.388815E+01,5.905982E+01
20:40:00,8.010806E+03,1.553052E+03,5.577761E-01,1.371572E-01,0.000000E+00,0.000000E+00,0.000000E+00,0.000000E+00,0.000000E+00,0.000000E+00,0.000000E+00,0.000000E+00,2.110805E+01,7.994452E+01,2.388815E+01,5.908135E+01
20:41:00,8.010806E+03,1.549674E+03,5.577761E-01,1.368588E-01,0.000000E+00,0.000000E+00,0.000000E+00,0.000000E+00,0.000000E+00,0.000000E+00,0.000000E+00,0.000000E+00,2.110805E+01,7.994452E+01,2.388815E+01,5.910289E+01
20:42:00,8.010806E+03,1.546301E+03,5.577761E-01,1.365609E-01,0.000000E+00,0.000000E+00,0.000000E+00,0.000000E+00,0.000000E+00,0.000000E+00,0.000000E+00,0.000000E+00,2.110805E+01,7.994452E+01,2.388815E+01,5.912446E+01
20:43:00,8.010806E+03,1.542935E+03,5.577761E-01,1.362636E-01,0.000000E+00,0.000000E+00,0.000000E+00,0.000000E+00,0.000000E+00,0.000000E+00,0.000000E+00,0.000000E+00,2.110805E+01,7.994452E+01,2.388815E+01,5.914604E+01
20:44:00,8.010806E+03,1.539574E+03,5.577761E-01,1.359668E-01,0.000000E+00,0.000000E+00,0.000000E+00,0.000000E+00,0.000000E+00,0.000000E+00,0.000000E+00,0.000000E+00,2.110805E+01,7.994452E+01,2.388816E+01,5.916765E+01
20:45:00,8.010806E+03,1.536219E+03,5.577761E-01,1.356705E-01,0.000000E+00,0.000000E+00,0.000000E+00,0.000000E+00,0.000000E+00,0.000000E+00,0.000000E+00,0.000000E+00,2.110805E+01,7.994452E+01,2.388816E+01,5.918928E+01
20:46:00,8.010806E+03,1.532871E+03,5.577761E-01,1.353748E-01,0.000000E+00,0.000000E+00,0.000000E+00,0.000000E+00,0.000000E+00,0.000000E+00,0.000000E+00,0.000000E+00,2.110805E+01,7.994452E+01,2.388816E+01,5.921093E+01
20:47:00,8.010806E+03,1.529528E+03,5.577761E-01,1.350796E-01,0.000000E+00,0.000000E+00,0.000000E+00,0.000000E+00,0.000000E+00,0.000000E+00,0.000000E+00,0.000000E+00,2.110805E+01,7.994452E+01,2.388816E+01,5.923260E+01
20:48:00,8.010806E+03,1.526192E+03,5.577761E-01,1.347849E-01,0.000000E+00,0.000000E+00,0.000000E+00,0.000000E+00,0.000000E+00,0.000000E+00,0.000000E+00,0.000000E+00,2.110805E+01,7.994452E+01,2.388816E+01,5.925430E+01
20:49:00,8.010806E+03,1.522862E+03,5.577761E-01,1.344909E-01,0.000000E+00,0.000000E+00,0.000000E+00,0.000000E+00,0.000000E+00,0.000000E+00,0.000000E+00,0.000000E+00,2.110805E+01,7.994452E+01,2.388816E+01,5.927602E+01
20:50:00,8.010806E+03,1.519539E+03,5.577761E-01,1.341973E-01,0.000000E+00,0.000000E+00,0.000000E+00,0.000000E+00,0.000000E+00,0.000000E+00,0.000000E+00,0.000000E+00,2.110805E+01,7.994452E+01,2.388816E+01,5.929777E+01
20:51:00,8.010806E+03,1.516222E+03,5.577761E-01,1.339044E-01,0.000000E+00,0.000000E+00,0.000000E+00,0.000000E+00,0.000000E+00,0.000000E+00,0.000000E+00,0.000000E+00,2.110805E+01,7.994452E+01,2.388816E+01,5.931954E+01
20:52:00,8.010806E+03,1.512911E+03,5.577761E-01,1.336120E-01,0.000000E+00,0.000000E+00,0.000000E+00,0.000000E+00,0.000000E+00,0.000000E+00,0.000000E+00,0.000000E+00,2.110805E+01,7.994452E+01,2.388816E+01,5.934133E+01
20:53:00,8.010806E+03,1.509607E+03,5.577761E-01,1.333202E-01,0.000000E+00,0.000000E+00,0.000000E+00,0.000000E+00,0.000000E+00,0.000000E+00,0.000000E+00,0.000000E+00,2.110805E+01,7.994452E+01,2.388816E+01,5.936315E+01
20:54:00,8.010806E+03,1.506310E+03,5.577761E-01,1.330290E-01,0.000000E+00,0.000000E+00,0.000000E+00,0.000000E+00,0.000000E+00,0.000000E+00,0.000000E+00,0.000000E+00,2.110805E+01,7.994452E+01,2.388816E+01,5.938499E+01
20:55:00,8.010806E+03,1.503020E+03,5.577761E-01,1.327384E-01,0.000000E+00,0.000000E+00,0.000000E+00,0.000000E+00,0.000000E+00,0.000000E+00,0.000000E+00,0.000000E+00,2.110805E+01,7.994452E+01,2.388816E+01,5.940687E+01
20:56:00,8.010806E+03,1.499736E+03,5.577761E-01,1.324484E-01,0.000000E+00,0.000000E+00,0.000000E+00,0.000000E+00,0.000000E+00,0.000000E+00,0.000000E+00,0.000000E+00,2.110805E+01,7.994452E+01,2.388816E+01,5.942876E+01
20:57:00,8.010806E+03,1.496459E+03,5.577761E-01,1.321590E-01,0.000000E+00,0.000000E+00,0.000000E+00,0.000000E+00,0.000000E+00,0.000000E+00,0.000000E+00,0.000000E+00,2.110805E+01,7.994452E+01,2.388817E+01,5.945068E+01
20:58:00,8.010806E+03,1.493189E+03,5.577761E-01,1.318702E-01,0.000000E+00,0.000000E+00,0.000000E+00,0.000000E+00,0.000000E+00,0.000000E+00,0.000000E+00,0.000000E+00,2.110805E+01,7.994452E+01,2.388817E+01,5.947263E+01
20:59:00,8.010806E+03,1.489926E+03,5.577761E-01,1.315820E-01,0.000000E+00,0.000000E+00,0.000000E+00,0.000000E+00,0.000000E+00,0.000000E+00,0.000000E+00,0.000000E+00,2.110805E+01,7.994452E+01,2.388817E+01,5.949460E+01
21:00:00,8.010806E+03,1.486671E+03,5.577761E-01,1.312945E-01,0.000000E+00,0.000000E+00,0.000000E+00,0.000000E+00,0.000000E+00,0.000000E+00,0.000000E+00,0.000000E+00,2.110805E+01,7.994452E+01,2.388817E+01,5.951659E+01
21:01:00,8.010806E+03,1.483416E+03,5.577761E-01,1.310071E-01,0.000000E+00,0.000000E+00,0.000000E+00,0.000000E+00,0.000000E+00,0.000000E+00,0.000000E+00,0.000000E+00,2.110805E+01,7.994452E+01,2.388817E+01,5.953862E+01
21:02:00,8.010806E+03,1.480164E+03,5.577761E-01,1.307198E-01,0.000000E+00,0.000000E+00,0.000000E+00,0.000000E+00,0.000000E+00,0.000000E+00,0.000000E+00,0.000000E+00,2.110805E+01,7.994452E+01,2.388817E+01,5.956067E+01
21:03:00,8.010806E+03,1.476913E+03,5.577761E-01,1.304327E-01,0.000000E+00,0.000000E+00,0.000000E+00,0.000000E+00,0.000000E+00,0.000000E+00,0.000000E+00,0.000000E+00,2.110805E+01,7.994452E+01,2.388817E+01,5.958275E+01
21:04:00,8.010806E+03,1.473663E+03,5.577761E-01,1.301457E-01,0.000000E+00,0.000000E+00,0.000000E+00,0.000000E+00,0.000000E+00,0.000000E+00,0.000000E+00,0.000000E+00,2.110805E+01,7.994452E+01,2.388817E+01,5.960485E+01
21:05:00,8.010806E+03,1.470416E+03,5.577761E-01,1.298589E-01,0.000000E+00,0.000000E+00,0.000000E+00,0.000000E+00,0.000000E+00,0.000000E+00,0.000000E+00,0.000000E+00,2.110805E+01,7.994452E+01,2.388817E+01,5.962698E+01
21:06:00,8.010806E+03,1.467170E+03,5.577761E-01,1.295723E-01,0.000000E+00,0.000000E+00,0.000000E+00,0.000000E+00,0.000000E+00,0.000000E+00,0.000000E+00,0.000000E+00,2.110805E+01,7.994452E+01,2.388817E+01,5.964914E+01
21:07:00,8.010806E+03,1.463927E+03,5.577761E-01,1.292858E-01,0.000000E+00,0.000000E+00,0.000000E+00,0.000000E+00,0.000000E+00,0.000000E+00,0.000000E+00,0.000000E+00,2.110805E+01,7.994452E+01,2.388817E+01,5.967132E+01
21:08:00,8.010806E+03,1.460685E+03,5.577761E-01,1.289995E-01,0.000000E+00,0.000000E+00,0.000000E+00,0.000000E+00,0.000000E+00,0.000000E+00,0.000000E+00,0.000000E+00,2.110805E+01,7.994452E+01,2.388817E+01,5.969353E+01
21:09:00,8.010806E+03,1.457445E+03,5.577761E-01,1.287134E-01,0.000000E+00,0.000000E+00,0.000000E+00,0.000000E+00,0.000000E+00,0.000000E+00,0.000000E+00,0.000000E+00,2.110805E+01,7.994452E+01,2.388817E+01,5.971577E+01
21:10:00,8.010806E+03,1.454208E+03,5.577761E-01,1.284275E-01,0.000000E+00,0.000000E+00,0.000000E+00,0.000000E+00,0.000000E+00,0.000000E+00,0.000000E+00,0.000000E+00,2.110805E+01,7.994452E+01,2.388818E+01,5.973803E+01
21:11:00,8.010806E+03,1.450972E+03,5.577761E-01,1.281418E-01,0.000000E+00,0.000000E+00,0.000000E+00,0.000000E+00,0.000000E+00,0.000000E+00,0.000000E+00,0.000000E+00,2.110805E+01,7.994452E+01,2.388818E+01,5.976032E+01
21:12:00,8.010806E+03,1.447739E+03,5.577761E-01,1.278562E-01,0.000000E+00,0.000000E+00,0.000000E+00,0.000000E+00,0.000000E+00,0.000000E+00,0.000000E+00,0.000000E+00,2.110805E+01,7.994452E+01,2.388818E+01,5.978264E+01
21:13:00,8.010806E+03,1.444508E+03,5.577761E-01,1.275709E-01,0.000000E+00,0.000000E+00,0.000000E+00,0.000000E+00,0.000000E+00,0.000000E+00,0.000000E+00,0.000000E+00,2.110805E+01,7.994452E+01,2.388818E+01,5.980498E+01
21:14:00,8.010806E+03,1.441280E+03,5.577761E-01,1.272857E-01,0.000000E+00,0.000000E+00,0.000000E+00,0.000000E+00,0.000000E+00,0.000000E+00,0.000000E+00,0.000000E+00,2.110805E+01,7.994452E+01,2.388818E+01,5.982735E+01
21:15:00,8.010806E+03,1.438054E+03,5.577761E-01,1.270008E-01,0.000000E+00,0.000000E+00,0.000000E+00,0.000000E+00,0.000000E+00,0.000000E+00,0.000000E+00,0.000000E+00,2.110805E+01,7.994452E+01,2.388818E+01,5.984975E+01
21:16:00,8.010806E+03,1.434830E+03,5.577761E-01,1.267161E-01,0.000000E+00,0.000000E+00,0.000000E+00,0.000000E+00,0.000000E+00,0.000000E+00,0.000000E+00,0.000000E+00,2.110805E+01,7.994452E+01,2.388818E+01,5.987217E+01
21:17:00,8.010806E+03,1.431609E+03,5.577761E-01,1.264316E-01,0.000000E+00,0.000000E+00,0.000000E+00,0.000000E+00,0.000000E+00,0.000000E+00,0.000000E+00,0.000000E+00,2.110805E+01,7.994452E+01,2.388818E+01,5.989462E+01
21:18:00,8.010806E+03,1.428390E+03,5.577761E-01,1.261474E-01,0.000000E+00,0.000000E+00,0.000000E+00,0.000000E+00,0.000000E+00,0.000000E+00,0.000000E+00,0.000000E+00,2.110805E+01,7.994452E+01,2.388818E+01,5.991710E+01
21:19:00,8.010806E+03,1.425174E+03,5.577761E-01,1.258633E-01,0.000000E+00,0.000000E+00,0.000000E+00,0.000000E+00,0.000000E+00,0.000000E+00,0.000000E+00,0.000000E+00,2.110805E+01,7.994452E+01,2.388818E+01,5.993961E+01
21:20:00,8.010806E+03,1.421961E+03,5.577761E-01,1.255795E-01,0.000000E+00,0.000000E+00,0.000000E+00,0.000000E+00,0.000000E+00,0.000000E+00,0.000000E+00,0.000000E+00,2.110805E+01,7.994452E+01,2.388818E+01,5.996214E+01
21:21:00,8.010806E+03,1.418750E+03,5.577761E-01,1.252960E-01,0.000000E+00,0.000000E+00,0.000000E+00,0.000000E+00,0.000000E+00,0.000000E+00,0.000000E+00,0.000000E+00,2.110805E+01,7.994452E+01,2.388818E+01,5.998470E+01
21:22:00,8.010806E+03,1.415542E+03,5.577761E-01,1.250127E-01,0.000000E+00,0.000000E+00,0.000000E+00,0.000000E+00,0.000000E+00,0.000000E+00,0.000000E+00,0.000000E+00,2.110805E+01,7.994452E+01,2.388818E+01,6.000728E+01
21:23:00,8.010806E+03,1.412337E+03,5.577761E-01,1.247296E-01,0.000000E+00,0.000000E+00,0.000000E+00,0.000000E+00,0.000000E+00,0.000000E+00,0.000000E+00,0.000000E+00,2.110805E+01,7.994452E+01,2.388819E+01,6.002989E+01
21:24:00,8.010806E+03,1.409135E+03,5.577761E-01,1.244468E-01,0.000000E+00,0.000000E+00,0.000000E+00,0.000000E+00,0.000000E+00,0.000000E+00,0.000000E+00,0.000000E+00,2.110805E+01,7.994452E+01,2.388819E+01,6.005252E+01
21:25:00,8.010806E+03,1.405935E+03,5.577761E-01,1.241642E-01,0.000000E+00,0.000000E+00,0.000000E+00,0.000000E+00,0.000000E+00,0.000000E+00,0.000000E+00,0.000000E+00,2.110805E+01,7.994452E+01,2.388819E+01,6.007519E+01
21:26:00,8.010806E+03,1.402739E+03,5.577761E-01,1.238819E-01,0.000000E+00,0.000000E+00,0.000000E+00,0.000000E+00,0.000000E+00,0.000000E+00,0.000000E+00,0.000000E+00,2.110805E+01,7.994452E+01,2.388819E+01,6.009788E+01
21:27:00,8.010806E+03,1.399545E+03,5.577761E-01,1.235999E-01,0.000000E+00,0.000000E+00,0.000000E+00,0.000000E+00,0.000000E+00,0.000000E+00,0.000000E+00,0.000000E+00,2.110805E+01,7.994452E+01,2.388819E+01,6.012059E+01
21:28:00,8.010806E+03,1.396355E+03,5.577761E-01,1.233181E-01,0.000000E+00,0.000000E+00,0.000000E+00,0.000000E+00,0.000000E+00,0.000000E+00,0.000000E+00,0.000000E+00,2.110805E+01,7.994452E+01,2.388819E+01,6.014333E+01
21:29:00,8.010806E+03,1.393167E+03,5.577761E-01,1.230366E-01,0.000000E+00,0.000000E+00,0.000000E+00,0.000000E+00,0.000000E+00,0.000000E+00,0.000000E+00,0.000000E+00,2.110805E+01,7.994452E+01,2.388819E+01,6.016610E+01
21:30:00,8.010806E+03,1.389983E+03,5.577761E-01,1.227553E-01,0.000000E+00,0.000000E+00,0.000000E+00,0.000000E+00,0.000000E+00,0.000000E+00,0.000000E+00,0.000000E+00,2.110805E+01,7.994452E+01,2.388819E+01,6.018889E+01
21:31:00,8.010806E+03,1.386802E+03,5.577761E-01,1.224744E-01,0.000000E+00,0.000000E+00,0.000000E+00,0.000000E+00,0.000000E+00,0.000000E+00,0.000000E+00,0.000000E+00,2.110805E+01,7.994452E+01,2.388819E+01,6.021171E+01
21:32:00,8.010806E+03,1.383624E+03,5.577761E-01,1.221937E-01,0.000000E+00,0.000000E+00,0.000000E+00,0.000000E+00,0.000000E+00,0.000000E+00,0.000000E+00,0.000000E+00,2.110805E+01,7.994452E+01,2.388819E+01,6.023456E+01
21:33:00,8.010806E+03,1.380449E+03,5.577761E-01,1.219133E-01,0.000000E+00,0.000000E+00,0.000000E+00,0.000000E+00,0.000000E+00,0.000000E+00,0.000000E+00,0.000000E+00,2.110805E+01,7.994452E+01,2.388819E+01,6.025743E+01
21:34:00,8.010806E+03,1.377277E+03,5.577761E-01,1.216332E-01,0.000000E+00,0.000000E+00,0.000000E+00,0.000000E+00,0.000000E+00,0.000000E+00,0.000000E+00,0.000000E+00,2.110805E+01,7.994452E+01,2.388819E+01,6.028033E+01
21:35:00,8.010806E+03,1.374109E+03,5.577761E-01,1.213534E-01,0.000000E+00,0.000000E+00,0.000000E+00,0.000000E+00,0.000000E+00,0.000000E+00,0.000000E+00,0.000000E+00,2.110805E+01,7.994452E+01,2.388820E+01,6.030325E+01
21:36:00,8.010806E+03,1.370944E+03,5.577761E-01,1.210739E-01,0.000000E+00,0.000000E+00,0.000000E+00,0.000000E+00,0.000000E+00,0.000000E+00,0.000000E+00,0.000000E+00,2.110805E+01,7.994452E+01,2.388820E+01,6.032620E+01
21:37:00,8.010806E+03,1.367782E+03,5.577761E-01,1.207947E-01,0.000000E+00,0.000000E+00,0.000000E+00,0.000000E+00,0.000000E+00,0.000000E+00,0.000000E+00,0.000000E+00,2.110805E+01,7.994452E+01,2.388820E+01,6.034917E+01
21:38:00,8.010806E+03,1.364624E+03,5.577761E-01,1.205157E-01,0.000000E+00,0.000000E+00,0.000000E+00,0.000000E+00,0.000000E+00,0.000000E+00,0.000000E+00,0.000000E+00,2.110805E+01,7.994452E+01,2.388820E+01,6.037217E+01
21:39:00,8.010806E+03,1.361469E+03,5.577761E-01,1.202371E-01,0.000000E+00,0.000000E+00,0.000000E+00,0.000000E+00,0.000000E+00,0.000000E+00,0.000000E+00,0.000000E+00,2.110805E+01,7.994452E+01,2.388820E+01,6.039520E+01
21:40:00,8.010806E+03,1.358318E+03,5.577761E-01,1.199588E-01,0.000000E+00,0.000000E+00,0.000000E+00,0.000000E+00,0.000000E+00,0.000000E+00,0.000000E+00,0.000000E+00,2.110805E+01,7.994452E+01,2.388820E+01,6.041824E+01
21:41:00,8.010806E+03,1.355170E+03,5.577761E-01,1.196808E-01,0.000000E+00,0.000000E+00,0.000000E+00,0.000000E+00,0.000000E+00,0.000000E+00,0.000000E+00,0.000000E+00,2.110805E+01,7.994452E+01,2.388820E+01,6.044132E+01
21:42:00,8.010806E+03,1.352026E+03,5.577761E-01,1.194031E-01,0.000000E+00,0.000000E+00,0.000000E+00,0.000000E+00,0.000000E+00,0.000000E+00,0.000000E+00,0.000000E+00,2.110805E+01,7.994452E+01,2.388820E+01,6.046442E+01
21:43:00,8.010806E+03,1.348885E+03,5.577761E-01,1.191257E-01,0.000000E+00,0.000000E+00,0.000000E+00,0.000000E+00,0.000000E+00,0.000000E+00,0.000000E+00,0.000000E+00,2.110805E+01,7.994452E+01,2.388820E+01,6.048754E+01
21:44:00,8.010806E+03,1.345747E+03,5.577761E-01,1.188486E-01,0.000000E+00,0.000000E+00,0.000000E+00,0.000000E+00,0.000000E+00,0.000000E+00,0.000000E+00,0.000000E+00,2.110805E+01,7.994452E+01,2.388820E+01,6.051069E+01
21:45:00,8.010806E+03,1.342614E+03,5.577761E-01,1.185718E-01,0.000000E+00,0.000000E+00,0.000000E+00,0.000000E+00,0.000000E+00,0.000000E+00,0.000000E+00,0.000000E+00,2.110805E+01,7.994452E+01,2.388820E+01,6.053386E+01
21:46:00,8.010806E+03,1.339484E+03,5.577761E-01,1.182954E-01,0.000000E+00,0.000000E+00,0.000000E+00,0.000000E+00,0.000000E+00,0.000000E+00,0.000000E+00,0.000000E+00,2.110805E+01,7.994452E+01,2.388820E+01,6.055706E+01
21:47:00,8.010806E+03,1.336357E+03,5.577761E-01,1.180193E-01,0.000000E+00,0.000000E+00,0.000000E+00,0.000000E+00,0.000000E+00,0.000000E+00,0.000000E+00,0.000000E+00,2.110805E+01,7.994452E+01,2.388821E+01,6.058029E+01
21:48:00,8.010806E+03,1.333234E+03,5.577761E-01,1.177435E-01,0.000000E+00,0.000000E+00,0.000000E+00,0.000000E+00,0.000000E+00,0.000000E+00,0.000000E+00,0.000000E+00,2.110805E+01,7.994452E+01,2.388821E+01,6.060354E+01
21:49:00,8.010806E+03,1.330115E+03,5.577761E-01,1.174680E-01,0.000000E+00,0.000000E+00,0.000000E+00,0.000000E+00,0.000000E+00,0.000000E+00,0.000000E+00,0.000000E+00,2.110805E+01,7.994452E+01,2.388821E+01,6.062681E+01
21:50:00,8.010806E+03,1.327000E+03,5.577761E-01,1.171929E-01,0.000000E+00,0.000000E+00,0.000000E+00,0.000000E+00,0.000000E+00,0.000000E+00,0.000000E+00,0.000000E+00,2.110805E+01,7.994452E+01,2.388821E+01,6.065010E+01
21:51:00,8.010806E+03,1.323888E+03,5.577761E-01,1.169181E-01,0.000000E+00,0.000000E+00,0.000000E+00,0.000000E+00,0.000000E+00,0.000000E+00,0.000000E+00,0.000000E+00,2.110805E+01,7.994452E+01,2.388821E+01,6.067342E+01
21:52:00,8.010806E+03,1.320780E+03,5.577761E-01,1.166436E-01,0.000000E+00,0.000000E+00,0.000000E+00,0.000000E+00,0.000000E+00,0.000000E+00,0.000000E+00,0.000000E+00,2.110805E+01,7.994452E+01,2.388821E+01,6.069677E+01
21:53:00,8.010806E+03,1.317676E+03,5.577761E-01,1.163694E-01,0.000000E+00,0.000000E+00,0.000000E+00,0.000000E+00,0.000000E+00,0.000000E+00,0.000000E+00,0.000000E+00,2.110805E+01,7.994452E+01,2.388821E+01,6.072014E+01
21:54:00,8.010806E+03,1.314576E+03,5.577761E-01,1.160956E-01,0.000000E+00,0.000000E+00,0.000000E+00,0.000000E+00,0.000000E+00,0.000000E+00,0.000000E+00,0.000000E+00,2.110805E+01,7.994452E+01,2.388821E+01,6.074353E+01
21:55:00,8.010806E+03,1.311479E+03,5.577761E-01,1.158222E-01,0.000000E+00,0.000000E+00,0.000000E+00,0.000000E+00,0.000000E+00,0.000000E+00,0.000000E+00,0.000000E+00,2.110805E+01,7.994452E+01,2.388821E+01,6.076695E+01
21:56:00,8.010806E+03,1.308387E+03,5.577761E-01,1.155490E-01,0.000000E+00,0.000000E+00,0.000000E+00,0.000000E+00,0.000000E+00,0.000000E+00,0.000000E+00,0.000000E+00,2.110805E+01,7.994452E+01,2.388821E+01,6.079039E+01
21:57:00,8.010806E+03,1.305298E+03,5.577761E-01,1.152762E-01,0.000000E+00,0.000000E+00,0.000000E+00,0.000000E+00,0.000000E+00,0.000000E+00,0.000000E+00,0.000000E+00,2.110805E+01,7.994452E+01,2.388821E+01,6.081386E+01
21:58:00,8.010806E+03,1.302213E+03,5.577761E-01,1.150038E-01,0.000000E+00,0.000000E+00,0.000000E+00,0.000000E+00,0.000000E+00,0.000000E+00,0.000000E+00,0.000000E+00,2.110805E+01,7.994452E+01,2.388821E+01,6.083735E+01
21:59:00,8.010806E+03,1.299132E+03,5.577761E-01,1.147317E-01,0.000000E+00,0.000000E+00,0.000000E+00,0.000000E+00,0.000000E+00,0.000000E+00,0.000000E+00,0.000000E+00,2.110805E+01,7.994452E+01,2.388822E+01,6.086086E+01
22:00:00,8.010806E+03,1.296055E+03,5.577761E-01,1.144599E-01,0.000000E+00,0.000000E+00,0.000000E+00,0.000000E+00,0.000000E+00,0.000000E+00,0.000000E+00,0.000000E+00,2.110805E+01,7.994452E+01,2.388822E+01,6.088439E+01
22:01:00,8.010806E+03,1.292987E+03,5.577761E-01,1.141890E-01,0.000000E+00,0.000000E+00,0.000000E+00,0.000000E+00,0.000000E+00,0.000000E+00,0.000000E+00,0.000000E+00,2.110805E+01,7.994452E+01,2.388822E+01,6.090795E+01
22:02:00,8.010806E+03,1.289930E+03,5.577761E-01,1.139189E-01,0.000000E+00,0.000000E+00,0.000000E+00,0.000000E+00,0.000000E+00,0.000000E+00,0.000000E+00,0.000000E+00,2.110805E+01,7.994452E+01,2.388822E+01,6.093149E+01
22:03:00,8.010806E+03,1.286881E+03,5.577761E-01,1.136497E-01,0.000000E+00,0.000000E+00,0.000000E+00,0.000000E+00,0.000000E+00,0.000000E+00,0.000000E+00,0.000000E+00,2.110805E+01,7.994452E+01,2.388822E+01,6.095496E+01
22:04:00,8.010806E+03,1.283842E+03,5.577761E-01,1.133813E-01,0.000000E+00,0.000000E+00,0.000000E+00,0.000000E+00,0.000000E+00,0.000000E+00,0.000000E+00,0.000000E+00,2.110805E+01,7.994452E+01,2.388822E+01,6.097837E+01
22:05:00,8.010806E+03,1.280813E+03,5.577761E-01,1.131138E-01,0.000000E+00,0.000000E+00,0.000000E+00,0.000000E+00,0.000000E+00,0.000000E+00,0.000000E+00,0.000000E+00,2.110805E+01,7.994452E+01,2.388822E+01,6.100171E+01
22:06:00,8.010806E+03,1.277794E+03,5.577761E-01,1.128471E-01,0.000000E+00,0.000000E+00,0.000000E+00,0.000000E+00,0.000000E+00,0.000000E+00,0.000000E+00,0.000000E+00,2.110805E+01,7.994452E+01,2.388822E+01,6.102499E+01
22:07:00,8.010806E+03,1.274784E+03,5.577761E-01,1.125813E-01,0.000000E+00,0.000000E+00,0.000000E+00,0.000000E+00,0.000000E+00,0.000000E+00,0.000000E+00,0.000000E+00,2.110805E+01,7.994452E+01,2.388822E+01,6.104821E+01
22:08:00,8.010806E+03,1.271784E+03,5.577761E-01,1.123163E-01,0.000000E+00,0.000000E+00,0.000000E+00,0.000000E+00,0.000000E+00,0.000000E+00,0.000000E+00,0.000000E+00,2.110805E+01,7.994452E+01,2.388822E+01,6.107138E+01
22:09:00,8.010806E+03,1.268793E+03,5.577761E-01,1.120522E-01,0.000000E+00,0.000000E+00,0.000000E+00,0.000000E+00,0.000000E+00,0.000000E+00,0.000000E+00,0.000000E+00,2.110805E+01,7.994452E+01,2.388822E+01,6.109449E+01
22:10:00,8.010806E+03,1.265812E+03,5.577761E-01,1.117890E-01,0.000000E+00,0.000000E+00,0.000000E+00,0.000000E+00,0.000000E+00,0.000000E+00,0.000000E+00,0.000000E+00,2.110805E+01,7.994452E+01,2.388822E+01,6.111755E+01
22:11:00,8.010806E+03,1.262841E+03,5.577761E-01,1.115266E-01,0.000000E+00,0.000000E+00,0.000000E+00,0.000000E+00,0.000000E+00,0.000000E+00,0.000000E+00,0.000000E+00,2.110805E+01,7.994452E+01,2.388822E+01,6.114056E+01
22:12:00,8.010806E+03,1.259879E+03,5.577761E-01,1.112650E-01,0.000000E+00,0.000000E+00,0.000000E+00,0.000000E+00,0.000000E+00,0.000000E+00,0.000000E+00,0.000000E+00,2.110805E+01,7.994452E+01,2.388822E+01,6.116353E+01
22:13:00,8.010806E+03,1.256928E+03,5.577761E-01,1.110043E-01,0.000000E+00,0.000000E+00,0.000000E+00,0.000000E+00,0.000000E+00,0.000000E+00,0.000000E+00,0.000000E+00,2.110805E+01,7.994452E+01,2.388823E+01,6.118645E+01
22:14:00,8.010806E+03,1.253986E+03,5.577761E-01,1.107445E-01,0.000000E+00,0.000000E+00,0.000000E+00,0.000000E+00,0.000000E+00,0.000000E+00,0.000000E+00,0.000000E+00,2.110805E+01,7.994452E+01,2.388823E+01,6.120933E+01
22:15:00,8.010806E+03,1.251053E+03,5.577761E-01,1.104855E-01,0.000000E+00,0.000000E+00,0.000000E+00,0.000000E+00,0.000000E+00,0.000000E+00,0.000000E+00,0.000000E+00,2.110805E+01,7.994452E+01,2.388823E+01,6.123217E+01
22:16:00,8.010806E+03,1.248131E+03,5.577761E-01,1.102274E-01,0.000000E+00,0.000000E+00,0.000000E+00,0.000000E+00,0.000000E+00,0.000000E+00,0.000000E+00,0.000000E+00,2.110805E+01,7.994452E+01,2.388823E+01,6.125496E+01
22:17:00,8.010806E+03,1.245218E+03,5.577761E-01,1.099701E-01,0.000000E+00,0.000000E+00,0.000000E+00,0.000000E+00,0.000000E+00,0.000000E+00,0.000000E+00,0.000000E+00,2.110805E+01,7.994452E+01,2.388823E+01,6.127772E+01
22:18:00,8.010806E+03,1.242315E+03,5.577761E-01,1.097137E-01,0.000000E+00,0.000000E+00,0.000000E+00,0.000000E+00,0.000000E+00,0.000000E+00,0.000000E+00,0.000000E+00,2.110805E+01,7.994452E+01,2.388823E+01,6.130044E+01
22:19:00,8.010806E+03,1.239421E+03,5.577761E-01,1.094582E-01,0.000000E+00,0.000000E+00,0.000000E+00,0.000000E+00,0.000000E+00,0.000000E+00,0.000000E+00,0.000000E+00,2.110805E+01,7.994452E+01,2.388823E+01,6.132313E+01
22:20:00,8.010806E+03,1.236538E+03,5.577761E-01,1.092035E-01,0.000000E+00,0.000000E+00,0.000000E+00,0.000000E+00,0.000000E+00,0.000000E+00,0.000000E+00,0.000000E+00,2.110805E+01,7.994452E+01,2.388823E+01,6.134578E+01
22:21:00,8.010806E+03,1.233664E+03,5.577761E-01,1.089497E-01,0.000000E+00,0.000000E+00,0.000000E+00,0.000000E+00,0.000000E+00,0.000000E+00,0.000000E+00,0.000000E+00,2.110805E+01,7.994452E+01,2.388823E+01,6.136840E+01
22:22:00,8.010806E+03,1.230800E+03,5.577761E-01,1.086968E-01,0.000000E+00,0.000000E+00,0.000000E+00,0.000000E+00,0.000000E+00,0.000000E+00,0.000000E+00,0.000000E+00,2.110805E+01,7.994452E+01,2.388823E+01,6.139099E+01
22:23:00,8.010806E+03,1.227945E+03,5.577761E-01,1.084447E-01,0.000000E+00,0.000000E+00,0.000000E+00,0.000000E+00,0.000000E+00,0.000000E+00,0.000000E+00,0.000000E+00,2.110805E+01,7.994452E+01,2.388823E+01,6.141356E+01
22:24:00,8.010806E+03,1.225101E+03,5.577761E-01,1.081935E-01,0.000000E+00,0.000000E+00,0.000000E+00,0.000000E+00,0.000000E+00,0.000000E+00,0.000000E+00,0.000000E+00,2.110805E+01,7.994452E+01,2.388823E+01,6.143609E+01
22:25:00,8.010806E+03,1.222266E+03,5.577761E-01,1.079431E-01,0.000000E+00,0.000000E+00,0.000000E+00,0.000000E+00,0.000000E+00,0.000000E+00,0.000000E+00,0.000000E+00,2.110805E+01,7.994452E+01,2.388823E+01,6.145860E+01
22:26:00,8.010806E+03,1.219441E+03,5.577761E-01,1.076936E-01,0.000000E+00,0.000000E+00,0.000000E+00,0.000000E+00,0.000000E+00,0.000000E+00,0.000000E+00,0.000000E+00,2.110805E+01,7.994452E+01,2.388823E+01,6.148109E+01
22:27:00,8.010806E+03,1.216626E+03,5.577761E-01,1.074450E-01,0.000000E+00,0.000000E+00,0.000000E+00,0.000000E+00,0.000000E+00,0.000000E+00,0.000000E+00,0.000000E+00,2.110805E+01,7.994452E+01,2.388823E+01,6.150354E+01
22:28:00,8.010806E+03,1.213820E+03,5.577761E-01,1.071972E-01,0.000000E+00,0.000000E+00,0.000000E+00,0.000000E+00,0.000000E+00,0.000000E+00,0.000000E+00,0.000000E+00,2.110805E+01,7.994452E+01,2.388824E+01,6.152598E+01
22:29:00,8.010806E+03,1.211025E+03,5.577761E-01,1.069503E-01,0.000000E+00,0.000000E+00,0.000000E+00,0.000000E+00,0.000000E+00,0.000000E+00,0.000000E+00,0.000000E+00,2.110805E+01,7.994452E+01,2.388824E+01,6.154839E+01
22:30:00,8.010806E+03,1.208239E+03,5.577761E-01,1.067043E-01,0.000000E+00,0.000000E+00,0.000000E+00,0.000000E+00,0.000000E+00,0.000000E+00,0.000000E+00,0.000000E+00,2.110805E+01,7.994452E+01,2.388824E+01,6.157079E+01
22:31:00,8.010806E+03,1.205463E+03,5.577761E-01,1.064591E-01,0.000000E+00,0.000000E+00,0.000000E+00,0.000000E+00,0.000000E+00,0.000000E+00,0.000000E+00,0.000000E+00,2.110805E+01,7.994452E+01,2.388824E+01,6.159316E+01
22:32:00,8.010806E+03,1.202697E+03,5.577761E-01,1.062148E-01,0.000000E+00,0.000000E+00,0.000000E+00,0.000000E+00,0.000000E+00,0.000000E+00,0.000000E+00,0.000000E+00,2.110805E+01,7.994452E+01,2.388824E+01,6.161551E+01
22:33:00,8.010806E+03,1.199940E+03,5.577761E-01,1.059714E-01,0.000000E+00,0.000000E+00,0.000000E+00,0.000000E+00,0.000000E+00,0.000000E+00,0.000000E+00,0.000000E+00,2.110805E+01,7.994452E+01,2.388824E+01,6.163784E+01
22:34:00,8.010806E+03,1.197193E+03,5.577761E-01,1.057288E-01,0.000000E+00,0.000000E+00,0.000000E+00,0.000000E+00,0.000000E+00,0.000000E+00,0.000000E+00,0.000000E+00,2.110805E+01,7.994452E+01,2.388824E+01,6.166017E+01
22:35:00,8.010806E+03,1.194457E+03,5.577761E-01,1.054871E-01,0.000000E+00,0.000000E+00,0.000000E+00,0.000000E+00,0.000000E+00,0.000000E+00,0.000000E+00,0.000000E+00,2.110805E+01,7.994452E+01,2.388824E+01,6.168247E+01
22:36:00,8.010806E+03,1.191730E+03,5.577761E-01,1.052462E-01,0.000000E+00,0.000000E+00,0.000000E+00,0.000000E+00,0.000000E+00,0.000000E+00,0.000000E+00,0.000000E+00,2.110805E+01,7.994452E+01,2.388824E+01,6.170475E+01
22:37:00,8.010806E+03,1.189012E+03,5.577761E-01,1.050063E-01,0.000000E+00,0.000000E+00,0.000000E+00,0.000000E+00,0.000000E+00,0.000000E+00,0.000000E+00,0.000000E+00,2.110805E+01,7.994452E+01,2.388824E+01,6.172702E+01
22:38:00,8.010806E+03,1.186305E+03,5.577761E-01,1.047671E-01,0.000000E+00,0.000000E+00,0.000000E+00,0.000000E+00,0.000000E+00,0.000000E+00,0.000000E+00,0.000000E+00,2.110805E+01,7.994452E+01,2.388824E+01,6.174928E+01
22:39:00,8.010806E+03,1.183607E+03,5.577761E-01,1.045289E-01,0.000000E+00,0.000000E+00,0.000000E+00,0.000000E+00,0.000000E+00,0.000000E+00,0.000000E+00,0.000000E+00,2.110805E+01,7.994452E+01,2.388824E+01,6.177153E+01
22:40:00,8.010806E+03,1.180919E+03,5.577761E-01,1.042915E-01,0.000000E+00,0.000000E+00,0.000000E+00,0.000000E+00,0.000000E+00,0.000000E+00,0.000000E+00,0.000000E+00,2.110805E+01,7.994452E+01,2.388824E+01,6.179376E+01
22:41:00,8.010806E+03,1.178241E+03,5.577761E-01,1.040550E-01,0.000000E+00,0.000000E+00,0.000000E+00,0.000000E+00,0.000000E+00,0.000000E+00,0.000000E+00,0.000000E+00,2.110805E+01,7.994452E+01,2.388824E+01,6.181598E+01
22:42:00,8.010806E+03,1.175573E+03,5.577761E-01,1.038193E-01,0.000000E+00,0.000000E+00,0.000000E+00,0.000000E+00,0.000000E+00,0.000000E+00,0.000000E+00,0.000000E+00,2.110805E+01,7.994452E+01,2.388825E+01,6.183819E+01
22:43:00,8.010806E+03,1.172914E+03,5.577761E-01,1.035845E-01,0.000000E+00,0.000000E+00,0.000000E+00,0.000000E+00,0.000000E+00,0.000000E+00,0.000000E+00,0.000000E+00,2.110805E+01,7.994452E+01,2.388825E+01,6.186039E+01
22:44:00,8.010806E+03,1.170265E+03,5.577761E-01,1.033506E-01,0.000000E+00,0.000000E+00,0.000000E+00,0.000000E+00,0.000000E+00,0.000000E+00,0.000000E+00,0.000000E+00,2.110805E+01,7.994452E+01,2.388825E+01,6.188258E+01
22:45:00,8.010806E+03,1.167626E+03,5.577761E-01,1.031175E-01,0.000000E+00,0.000000E+00,0.000000E+00,0.000000E+00,0.000000E+00,0.000000E+00,0.000000E+00,0.000000E+00,2.110805E+01,7.994452E+01,2.388825E+01,6.190477E+01
22:46:00,8.010806E+03,1.164997E+03,5.577761E-01,1.028853E-01,0.000000E+00,0.000000E+00,0.000000E+00,0.000000E+00,0.000000E+00,0.000000E+00,0.000000E+00,0.000000E+00,2.110805E+01,7.994452E+01,2.388825E+01,6.192694E+01
22:47:00,8.010806E+03,1.162378E+03,5.577761E-01,1.026540E-01,0.000000E+00,0.000000E+00,0.000000E+00,0.000000E+00,0.000000E+00,0.000000E+00,0.000000E+00,0.000000E+00,2.110805E+01,7.994452E+01,2.388825E+01,6.194911E+01
22:48:00,8.010806E+03,1.159768E+03,5.577761E-01,1.024235E-01,0.000000E+00,0.000000E+00,0.000000E+00,0.000000E+00,0.000000E+00,0.000000E+00,0.000000E+00,0.000000E+00,2.110805E+01,7.994452E+01,2.388825E+01,6.197126E+01
22:49:00,8.010806E+03,1.157168E+03,5.577761E-01,1.021939E-01,0.000000E+00,0.000000E+00,0.000000E+00,0.000000E+00,0.000000E+00,0.000000E+00,0.000000E+00,0.000000E+00,2.110805E+01,7.994452E+01,2.388825E+01,6.199341E+01
22:50:00,8.010806E+03,1.154578E+03,5.577761E-01,1.019652E-01,0.000000E+00,0.000000E+00,0.000000E+00,0.000000E+00,0.000000E+00,0.000000E+00,0.000000E+00,0.000000E+00,2.110805E+01,7.994452E+01,2.388825E+01,6.201556E+01
22:51:00,8.010806E+03,1.151998E+03,5.577761E-01,1.017373E-01,0.000000E+00,0.000000E+00,0.000000E+00,0.000000E+00,0.000000E+00,0.000000E+00,0.000000E+00,0.000000E+00,2.110805E+01,7.994452E+01,2.388825E+01,6.203770E+01
22:52:00,8.010806E+03,1.149427E+03,5.577761E-01,1.015102E-01,0.000000E+00,0.000000E+00,0.000000E+00,0.000000E+00,0.000000E+00,0.000000E+00,0.000000E+00,0.000000E+00,2.110805E+01,7.994452E+01,2.388825E+01,6.205983E+01
22:53:00,8.010806E+03,1.146866E+03,5.577761E-01,1.012841E-01,0.000000E+00,0.000000E+00,0.000000E+00,0.000000E+00,0.000000E+00,0.000000E+00,0.000000E+00,0.000000E+00,2.110805E+01,7.994452E+01,2.388825E+01,6.208196E+01
22:54:00,8.010806E+03,1.144315E+03,5.577761E-01,1.010588E-01,0.000000E+00,0.000000E+00,0.000000E+00,0.000000E+00,0.000000E+00,0.000000E+00,0.000000E+00,0.000000E+00,2.110805E+01,7.994452E+01,2.388825E+01,6.210409E+01
22:55:00,8.010806E+03,1.141774E+03,5.577761E-01,1.008343E-01,0.000000E+00,0.000000E+00,0.000000E+00,0.000000E+00,0.000000E+00,0.000000E+00,0.000000E+00,0.000000E+00,2.110805E+01,7.994452E+01,2.388826E+01,6.212621E+01
22:56:00,8.010806E+03,1.139242E+03,5.577761E-01,1.006107E-01,0.000000E+00,0.000000E+00,0.000000E+00,0.000000E+00,0.000000E+00,0.000000E+00,0.000000E+00,0.000000E+00,2.110805E+01,7.994452E+01,2.388826E+01,6.214833E+01
22:57:00,8.010806E+03,1.136720E+03,5.577761E-01,1.003880E-01,0.000000E+00,0.000000E+00,0.000000E+00,0.000000E+00,0.000000E+00,0.000000E+00,0.000000E+00,0.000000E+00,2.110805E+01,7.994452E+01,2.388826E+01,6.217044E+01
22:58:00,8.010806E+03,1.134208E+03,5.577761E-01,1.001661E-01,0.000000E+00,0.000000E+00,0.000000E+00,0.000000E+00,0.000000E+00,0.000000E+00,0.000000E+00,0.000000E+00,2.110805E+01,7.994452E+01,2.388826E+01,6.219255E+01
22:59:00,8.010806E+03,1.131705E+03,5.577761E-01,9.994512E-02,0.000000E+00,0.000000E+00,0.000000E+00,0.000000E+00,0.000000E+00,0.000000E+00,0.000000E+00,0.000000E+00,2.110805E+01,7.994452E+01,2.388826E+01,6.221466E+01
23:00:00,8.010806E+03,1.129213E+03,5.577761E-01,9.972496E-02,0.000000E+00,0.000000E+00,0.000000E+00,0.000000E+00,0.000000E+00,0.000000E+00,0.000000E+00,0.000000E+00,2.110805E+01,7.994452E+01,2.388826E+01,6.223677E+01
23:01:00,8.010806E+03,1.126724E+03,5.577761E-01,9.950516E-02,0.000000E+00,0.000000E+00,0.000000E+00,0.000000E+00,0.000000E+00,0.000000E+00,0.000000E+00,0.000000E+00,2.110805E+01,7.994452E+01,2.388826E+01,6.225887E+01
23:02:00,8.010806E+03,1.124239E+03,5.577761E-01,9.928572E-02,0.000000E+00,0.000000E+00,0.000000E+00,0.000000E+00,0.000000E+00,0.000000E+00,0.000000E+00,0.000000E+00,2.110805E+01,7.994452E+01,2.388826E+01,6.228098E+01
23:03:00,8.010806E+03,1.121758E+03,5.577761E-01,9.906663E-02,0.000000E+00,0.000000E+00,0.000000E+00,0.000000E+00,0.000000E+00,0.000000E+00,0.000000E+00,0.000000E+00,2.110805E+01,7.994452E+01,2.388826E+01,6.230308E+01
23:04:00,8.010806E+03,1.119282E+03,5.577761E-01,9.884790E-02,0.000000E+00,0.000000E+00,0.000000E+00,0.000000E+00,0.000000E+00,0.000000E+00,0.000000E+00,0.000000E+00,2.110805E+01,7.994452E+01,2.388826E+01,6.232518E+01
23:05:00,8.010806E+03,1.116809E+03,5.577761E-01,9.862953E-02,0.000000E+00,0.000000E+00,0.000000E+00,0.000000E+00,0.000000E+00,0.000000E+00,0.000000E+00,0.000000E+00,2.110805E+01,7.994452E+01,2.388826E+01,6.234729E+01
23:06:00,8.010806E+03,1.114340E+03,5.577761E-01,9.841151E-02,0.000000E+00,0.000000E+00,0.000000E+00,0.000000E+00,0.000000E+00,0.000000E+00,0.000000E+00,0.000000E+00,2.110805E+01,7.994452E+01,2.388826E+01,6.236939E+01
23:07:00,8.010806E+03,1.111876E+03,5.577761E-01,9.819385E-02,0.000000E+00,0.000000E+00,0.000000E+00,0.000000E+00,0.000000E+00,0.000000E+00,0.000000E+00,0.000000E+00,2.110805E+01,7.994452E+01,2.388826E+01,6.239149E+01
23:08:00,8.010806E+03,1.109415E+03,5.577761E-01,9.797654E-02,0.000000E+00,0.000000E+00,0.000000E+00,0.000000E+00,0.000000E+00,0.000000E+00,0.000000E+00,0.000000E+00,2.110805E+01,7.994452E+01,2.388826E+01,6.241360E+01
23:09:00,8.010806E+03,1.106959E+03,5.577761E-01,9.775958E-02,0.000000E+00,0.000000E+00,0.000000E+00,0.000000E+00,0.000000E+00,0.000000E+00,0.000000E+00,0.000000E+00,2.110805E+01,7.994452E+01,2.388827E+01,6.243570E+01
23:10:00,8.010806E+03,1.104506E+03,5.577761E-01,9.754298E-02,0.000000E+00,0.000000E+00,0.000000E+00,0.000000E+00,0.000000E+00,0.000000E+00,0.000000E+00,0.000000E+00,2.110805E+01,7.994452E+01,2.388827E+01,6.245781E+01
23:11:00,8.010806E+03,1.102057E+03,5.577761E-01,9.732673E-02,0.000000E+00,0.000000E+00,0.000000E+00,0.000000E+00,0.000000E+00,0.000000E+00,0.000000E+00,0.000000E+00,2.110805E+01,7.994452E+01,2.388827E+01,6.247991E+01
23:12:00,8.010806E+03,1.099613E+03,5.577761E-01,9.711082E-02,0.000000E+00,0.000000E+00,0.000000E+00,0.000000E+00,0.000000E+00,0.000000E+00,0.000000E+00,0.000000E+00,2.110805E+01,7.994452E+01,2.388827E+01,6.250202E+01
23:13:00,8.010806E+03,1.097172E+03,5.577761E-01,9.689527E-02,0.000000E+00,0.000000E+00,0.000000E+00,0.000000E+00,0.000000E+00,0.000000E+00,0.000000E+00,0.000000E+00,2.110805E+01,7.994452E+01,2.388827E+01,6.252413E+01
23:14:00,8.010806E+03,1.094735E+03,5.577761E-01,9.668007E-02,0.000000E+00,0.000000E+00,0.000000E+00,0.000000E+00,0.000000E+00,0.000000E+00,0.000000E+00,0.000000E+00,2.110805E+01,7.994452E+01,2.388827E+01,6.254625E+01
23:15:00,8.010806E+03,1.092303E+03,5.577761E-01,9.646521E-02,0.000000E+00,0.000000E+00,0.000000E+00,0.000000E+00,0.000000E+00,0.000000E+00,0.000000E+00,0.000000E+00,2.110805E+01,7.994452E+01,2.388827E+01,6.256836E+01
23:16:00,8.010806E+03,1.089874E+03,5.577761E-01,9.625071E-02,0.000000E+00,0.000000E+00,0.000000E+00,0.000000E+00,0.000000E+00,0.000000E+00,0.000000E+00,0.000000E+00,2.110805E+01,7.994452E+01,2.388827E+01,6.259048E+01
23:17:00,8.010806E+03,1.087449E+03,5.577761E-01,9.603654E-02,0.000000E+00,0.000000E+00,0.000000E+00,0.000000E+00,0.000000E+00,0.000000E+00,0.000000E+00,0.000000E+00,2.110805E+01,7.994452E+01,2.388827E+01,6.261260E+01
23:18:00,8.010806E+03,1.085028E+03,5.577761E-01,9.582273E-02,0.000000E+00,0.000000E+00,0.000000E+00,0.000000E+00,0.000000E+00,0.000000E+00,0.000000E+00,0.000000E+00,2.110805E+01,7.994452E+01,2.388827E+01,6.263472E+01
23:19:00,8.010806E+03,1.082611E+03,5.577761E-01,9.560925E-02,0.000000E+00,0.000000E+00,0.000000E+00,0.000000E+00,0.000000E+00,0.000000E+00,0.000000E+00,0.000000E+00,2.110805E+01,7.994452E+01,2.388827E+01,6.265685E+01
23:20:00,8.010806E+03,1.080197E+03,5.577761E-01,9.539613E-02,0.000000E+00,0.000000E+00,0.000000E+00,0.000000E+00,0.000000E+00,0.000000E+00,0.000000E+00,0.000000E+00,2.110805E+01,7.994452E+01,2.388827E+01,6.267898E+01
23:21:00,8.010806E+03,1.077788E+03,5.577761E-01,9.518334E-02,0.000000E+00,0.000000E+00,0.000000E+00,0.000000E+00,0.000000E+00,0.000000E+00,0.000000E+00,0.000000E+00,2.110805E+01,7.994452E+01,2.388827E+01,6.270111E+01
23:22:00,8.010806E+03,1.075382E+03,5.577761E-01,9.497090E-02,0.000000E+00,0.000000E+00,0.000000E+00,0.000000E+00,0.000000E+00,0.000000E+00,0.000000E+00,0.000000E+00,2.110805E+01,7.994452E+01,2.388828E+01,6.272325E+01
23:23:00,8.010806E+03,1.072981E+03,5.577761E-01,9.475879E-02,0.000000E+00,0.000000E+00,0.000000E+00,0.000000E+00,0.000000E+00,0.000000E+00,0.000000E+00,0.000000E+00,2.110805E+01,7.994452E+01,2.388828E+01,6.274539E+01
23:24:00,8.010806E+03,1.070583E+03,5.577761E-01,9.454703E-02,0.000000E+00,0.000000E+00,0.000000E+00,0.000000E+00,0.000000E+00,0.000000E+00,0.000000E+00,0.000000E+00,2.110805E+01,7.994452E+01,2.388828E+01,6.276754E+01
23:25:00,8.010806E+03,1.068189E+03,5.577761E-01,9.433560E-02,0.000000E+00,0.000000E+00,0.000000E+00,0.000000E+00,0.000000E+00,0.000000E+00,0.000000E+00,0.000000E+00,2.110805E+01,7.994452E+01,2.388828E+01,6.278969E+01
23:26:00,8.010806E+03,1.065799E+03,5.577761E-01,9.412452E-02,0.000000E+00,0.000000E+00,0.000000E+00,0.000000E+00,0.000000E+00,0.000000E+00,0.000000E+00,0.000000E+00,2.110805E+01,7.994452E+01,2.388828E+01,6.281184E+01
23:27:00,8.010806E+03,1.063413E+03,5.577761E-01,9.391377E-02,0.000000E+00,0.000000E+00,0.000000E+00,0.000000E+00,0.000000E+00,0.000000E+00,0.000000E+00,0.000000E+00,2.110805E+01,7.994452E+01,2.388828E+01,6.283400E+01
23:28:00,8.010806E+03,1.061030E+03,5.577761E-01,9.370336E-02,0.000000E+00,0.000000E+00,0.000000E+00,0.000000E+00,0.000000E+00,0.000000E+00,0.000000E+00,0.000000E+00,2.110805E+01,7.994452E+01,2.388828E+01,6.285616E+01
23:29:00,8.010806E+03,1.058651E+03,5.577761E-01,9.349328E-02,0.000000E+00,0.000000E+00,0.000000E+00,0.000000E+00,0.000000E+00,0.000000E+00,0.000000E+00,0.000000E+00,2.110805E+01,7.994452E+01,2.388828E+01,6.287833E+01
23:30:00,8.010806E+03,1.056277E+03,5.577761E-01,9.328354E-02,0.000000E+00,0.000000E+00,0.000000E+00,0.000000E+00,0.000000E+00,0.000000E+00,0.000000E+00,0.000000E+00,2.110805E+01,7.994452E+01,2.388828E+01,6.290051E+01
23:31:00,8.010806E+03,1.053905E+03,5.577761E-01,9.307413E-02,0.000000E+00,0.000000E+00,0.000000E+00,0.000000E+00,0.000000E+00,0.000000E+00,0.000000E+00,0.000000E+00,2.110805E+01,7.994452E+01,2.388828E+01,6.292268E+01
23:32:00,8.010806E+03,1.051538E+03,5.577761E-01,9.286505E-02,0.000000E+00,0.000000E+00,0.000000E+00,0.000000E+00,0.000000E+00,0.000000E+00,0.000000E+00,0.000000E+00,2.110805E+01,7.994452E+01,2.388828E+01,6.294487E+01
23:33:00,8.010806E+03,1.049174E+03,5.577761E-01,9.265630E-02,0.000000E+00,0.000000E+00,0.000000E+00,0.000000E+00,0.000000E+00,0.000000E+00,0.000000E+00,0.000000E+00,2.110805E+01,7.994452E+01,2.388828E+01,6.296706E+01
23:34:00,8.010806E+03,1.046815E+03,5.577761E-01,9.244789E-02,0.000000E+00,0.000000E+00,0.000000E+00,0.000000E+00,0.000000E+00,0.000000E+00,0.000000E+00,0.000000E+00,2.110805E+01,7.994452E+01,2.388828E+01,6.298926E+01
23:35:00,8.010806E+03,1.044458E+03,5.577761E-01,9.223980E-02,0.000000E+00,0.000000E+00,0.000000E+00,0.000000E+00,0.000000E+00,0.000000E+00,0.000000E+00,0.000000E+00,2.110805E+01,7.994452E+01,2.388829E+01,6.301146E+01
23:36:00,8.010806E+03,1.042106E+03,5.577761E-01,9.203205E-02,0.000000E+00,0.000000E+00,0.000000E+00,0.000000E+00,0.000000E+00,0.000000E+00,0.000000E+00,0.000000E+00,2.110805E+01,7.994452E+01,2.388829E+01,6.303366E+01
23:37:00,8.010806E+03,1.039757E+03,5.577761E-01,9.182462E-02,0.000000E+00,0.000000E+00,0.000000E+00,0.000000E+00,0.000000E+00,0.000000E+00,0.000000E+00,0.000000E+00,2.110805E+01,7.994452E+01,2.388829E+01,6.305588E+01
23:38:00,8.010806E+03,1.037412E+03,5.577761E-01,9.161751E-02,0.000000E+00,0.000000E+00,0.000000E+00,0.000000E+00,0.000000E+00,0.000000E+00,0.000000E+00,0.000000E+00,2.110805E+01,7.994452E+01,2.388829E+01,6.307810E+01
23:39:00,8.010806E+03,1.035071E+03,5.577761E-01,9.141074E-02,0.000000E+00,0.000000E+00,0.000000E+00,0.000000E+00,0.000000E+00,0.000000E+00,0.000000E+00,0.000000E+00,2.110805E+01,7.994452E+01,2.388829E+01,6.310032E+01
23:40:00,8.010806E+03,1.032733E+03,5.577761E-01,9.120429E-02,0.000000E+00,0.000000E+00,0.000000E+00,0.000000E+00,0.000000E+00,0.000000E+00,0.000000E+00,0.000000E+00,2.110805E+01,7.994452E+01,2.388829E+01,6.312256E+01
23:41:00,8.010806E+03,1.030399E+03,5.577761E-01,9.099816E-02,0.000000E+00,0.000000E+00,0.000000E+00,0.000000E+00,0.000000E+00,0.000000E+00,0.000000E+00,0.000000E+00,2.110805E+01,7.994452E+01,2.388829E+01,6.314479E+01
23:42:00,8.010806E+03,1.028069E+03,5.577761E-01,9.079235E-02,0.000000E+00,0.000000E+00,0.000000E+00,0.000000E+00,0.000000E+00,0.000000E+00,0.000000E+00,0.000000E+00,2.110805E+01,7.994452E+01,2.388829E+01,6.316704E+01
23:43:00,8.010806E+03,1.025742E+03,5.577761E-01,9.058687E-02,0.000000E+00,0.000000E+00,0.000000E+00,0.000000E+00,0.000000E+00,0.000000E+00,0.000000E+00,0.000000E+00,2.110805E+01,7.994452E+01,2.388829E+01,6.318929E+01
23:44:00,8.010806E+03,1.023419E+03,5.577761E-01,9.038170E-02,0.000000E+00,0.000000E+00,0.000000E+00,0.000000E+00,0.000000E+00,0.000000E+00,0.000000E+00,0.000000E+00,2.110805E+01,7.994452E+01,2.388829E+01,6.321155E+01
23:45:00,8.010806E+03,1.021100E+03,5.577761E-01,9.017686E-02,0.000000E+00,0.000000E+00,0.000000E+00,0.000000E+00,0.000000E+00,0.000000E+00,0.000000E+00,0.000000E+00,2.110805E+01,7.994452E+01,2.388829E+01,6.323382E+01
23:46:00,8.010806E+03,1.018784E+03,5.577761E-01,8.997233E-02,0.000000E+00,0.000000E+00,0.000000E+00,0.000000E+00,0.000000E+00,0.000000E+00,0.000000E+00,0.000000E+00,2.110805E+01,7.994452E+01,2.388829E+01,6.325609E+01
23:47:00,8.010806E+03,1.016472E+03,5.577761E-01,8.976813E-02,0.000000E+00,0.000000E+00,0.000000E+00,0.000000E+00,0.000000E+00,0.000000E+00,0.000000E+00,0.000000E+00,2.110805E+01,7.994452E+01,2.388829E+01,6.327837E+01
23:48:00,8.010806E+03,1.014163E+03,5.577761E-01,8.956424E-02,0.000000E+00,0.000000E+00,0.000000E+00,0.000000E+00,0.000000E+00,0.000000E+00,0.000000E+00,0.000000E+00,2.110805E+01,7.994452E+01,2.388830E+01,6.330066E+01
23:49:00,8.010806E+03,1.011858E+03,5.577761E-01,8.936066E-02,0.000000E+00,0.000000E+00,0.000000E+00,0.000000E+00,0.000000E+00,0.000000E+00,0.000000E+00,0.000000E+00,2.110805E+01,7.994452E+01,2.388830E+01,6.332296E+01
23:50:00,8.010806E+03,1.009556E+03,5.577761E-01,8.915740E-02,0.000000E+00,0.000000E+00,0.000000E+00,0.000000E+00,0.000000E+00,0.000000E+00,0.000000E+00,0.000000E+00,2.110805E+01,7.994452E+01,2.388830E+01,6.334526E+01
23:51:00,8.010806E+03,1.007259E+03,5.577761E-01,8.895445E-02,0.000000E+00,0.000000E+00,0.000000E+00,0.000000E+00,0.000000E+00,0.000000E+00,0.000000E+00,0.000000E+00,2.110805E+01,7.994452E+01,2.388830E+01,6.336757E+01
23:52:00,8.010806E+03,1.004964E+03,5.577761E-01,8.875182E-02,0.000000E+00,0.000000E+00,0.000000E+00,0.000000E+00,0.000000E+00,0.000000E+00,0.000000E+00,0.000000E+00,2.110805E+01,7.994452E+01,2.388830E+01,6.338989E+01
23:53:00,8.010806E+03,1.002673E+03,5.577761E-01,8.854950E-02,0.000000E+00,0.000000E+00,0.000000E+00,0.000000E+00,0.000000E+00,0.000000E+00,0.000000E+00,0.000000E+00,2.110805E+01,7.994452E+01,2.388830E+01,6.341221E+01
23:54:00,8.010806E+03,1.000386E+03,5.577761E-01,8.834748E-02,0.000000E+00,0.000000E+00,0.000000E+00,0.000000E+00,0.000000E+00,0.000000E+00,0.000000E+00,0.000000E+00,2.110805E+01,7.994452E+01,2.388830E+01,6.343455E+01
23:55:00,8.010806E+03,9.981020E+02,5.577761E-01,8.814578E-02,0.000000E+00,0.000000E+00,0.000000E+00,0.000000E+00,0.000000E+00,0.000000E+00,0.000000E+00,0.000000E+00,2.110805E+01,7.994452E+01,2.388830E+01,6.345689E+01
23:56:00,8.010806E+03,9.958216E+02,5.577761E-01,8.794439E-02,0.000000E+00,0.000000E+00,0.000000E+00,0.000000E+00,0.000000E+00,0.000000E+00,0.000000E+00,0.000000E+00,2.110805E+01,7.994452E+01,2.388830E+01,6.347924E+01
23:57:00,8.010806E+03,9.935447E+02,5.577761E-01,8.774330E-02,0.000000E+00,0.000000E+00,0.000000E+00,0.000000E+00,0.000000E+00,0.000000E+00,0.000000E+00,0.000000E+00,2.110805E+01,7.994452E+01,2.388830E+01,6.350160E+01
23:58:00,8.010806E+03,9.912712E+02,5.577761E-01,8.754252E-02,0.000000E+00,0.000000E+00,0.000000E+00,0.000000E+00,0.000000E+00,0.000000E+00,0.000000E+00,0.000000E+00,2.110805E+01,7.994452E+01,2.388830E+01,6.352396E+01
23:59:00,8.010806E+03,9.890013E+02,5.577761E-01,8.734204E-02,0.000000E+00,0.000000E+00,0.000000E+00,0.000000E+00,0.000000E+00,0.000000E+00,0.000000E+00,0.000000E+00,2.110805E+01,7.994452E+01,2.388830E+01,6.354634E+01
24:00:00,8.010806E+03,9.867347E+02,5.577761E-01,8.714187E-02,0.000000E+00,0.000000E+00,0.000000E+00,0.000000E+00,0.000000E+00,0.000000E+00,0.000000E+00,0.000000E+00,2.110805E+01,7.994452E+01,2.388830E+01,6.356873E+01
Peak,8.010806E+03,2.286888E+03,5.577761E-01,2.019683E-01,0.000000E+00,0.000000E+00,0.000000E+00,0.000000E+00,0.000000E+00,0.000000E+00,0.000000E+00,0.000000E+00,,,,

Peak Vol Flow (m3/s),,,4.734994E-01,1.714520E-01,,,0.000000E+00,0.000000E+00,,,,,,,,
