Time,LIVINGZONE:CHICAGO MIDWAY AP ANN HTG 99.6% CONDNS DB:Des Heat Load [W],LIVINGZONE:CHICAGO MIDWAY AP ANN CLG .4% CONDNS DB=>MWB:Des Sens Cool Load [W],LIVINGZONE:CHICAGO MIDWAY AP ANN HTG 99.6% CONDNS DB:Des Heat Mass Flow [kg/s],LIVINGZONE:CHICAGO MIDWAY AP ANN CLG .4% CONDNS DB=>MWB:Des Cool Mass Flow [kg/s],LIVINGZONE::Des Latent Heat Load [W],LIVINGZONE::Des Latent Cool Load [W],LIVINGZONE::Des Latent Heat Mass Flow [kg/s],LIVINGZONE::Des Latent Cool Mass Flow [kg/s],LIVINGZONE::Des Heat Load No DOAS [W],LIVINGZONE::Des Sens Cool Load No DOAS [W],LIVINGZONE::Des Latent Heat Load No DOAS [W],LIVINGZONE::Des Latent Cool Load No DOAS [W],LIVINGZONE:CHICAGO MIDWAY AP ANN HTG 99.6% CONDNS DB:Heating Zone Temperature [C],LIVINGZONE:CHICAGO MIDWAY AP ANN HTG 99.6% CONDNS DB:Heating Zone Relative Humidity [%],LIVINGZONE:CHICAGO MIDWAY AP ANN CLG .4% CONDNS DB=>MWB:Cooling Zone Temperature [C],LIVINGZONE:CHICAGO MIDWAY AP ANN CLG .4% CONDNS DB=>MWB:Cooling Zone Relative Humidity [%]
00:01:00,8.005812E+03,9.782053E+02,5.574284E-01,8.638859E-02,0.000000E+00,0.000000E+00,0.000000E+00,0.000000E+00,0.000000E+00,0.000000E+00,0.000000E+00,0.000000E+00,2.110805E+01,7.993595E+01,2.388831E+01,6.365283E+01
00:02:00,8.005812E+03,9.759664E+02,5.574284E-01,8.619085E-02,0.000000E+00,0.000000E+00,0.000000E+00,0.000000E+00,0.000000E+00,0.000000E+00,0.000000E+00,0.000000E+00,2.110805E+01,7.993595E+01,2.388831E+01,6.367517E+01
00:03:00,8.005812E+03,9.737336E+02,5.574284E-01,8.599366E-02,0.000000E+00,0.000000E+00,0.000000E+00,0.000000E+00,0.000000E+00,0.000000E+00,0.000000E+00,0.000000E+00,2.110805E+01,7.993595E+01,2.388831E+01,6.369748E+01
00:04:00,8.005812E+03,9.715070E+02,5.574284E-01,8.579702E-02,0.000000E+00,0.000000E+00,0.000000E+00,0.000000E+00,0.000000E+00,0.000000E+00,0.000000E+00,0.000000E+00,2.110805E+01,7.993595E+01,2.388831E+01,6.371974E+01
00:05:00,8.005812E+03,9.692866E+02,5.574284E-01,8.560092E-02,0.000000E+00,0.000000E+00,0.000000E+00,0.000000E+00,0.000000E+00,0.000000E+00,0.000000E+00,0.000000E+00,2.110805E+01,7.993595E+01,2.388831E+01,6.374196E+01
00:06:00,8.005812E+03,9.670723E+02,5.574284E-01,8.540537E-02,0.000000E+00,0.000000E+00,0.000000E+00,0.000000E+00,0.000000E+00,0.000000E+00,0.000000E+00,0.000000E+00,2.110805E+01,7.993595E+01,2.388831E+01,6.376415E+01
00:07:00,8.005812E+03,9.648642E+02,5.574284E-01,8.521036E-02,0.000000E+00,0.000000E+00,0.000000E+00,0.000000E+00,0.000000E+00,0.000000E+00,0.000000E+00,0.000000E+00,2.110805E+01,7.993595E+01,2.388831E+01,6.378629E+01
00:08:00,8.005812E+03,9.626623E+02,5.574284E-01,8.501589E-02,0.000000E+00,0.000000E+00,0.000000E+00,0.000000E+00,0.000000E+00,0.000000E+00,0.000000E+00,0.000000E+00,2.110805E+01,7.993595E+01,2.388831E+01,6.380840E+01
00:09:00,8.005812E+03,9.604664E+02,5.574284E-01,8.482196E-02,0.000000E+00,0.000000E+00,0.000000E+00,0.000000E+00,0.000000E+00,0.000000E+00,0.000000E+00,0.000000E+00,2.110805E+01,7.993595E+01,2.388831E+01,6.383047E+01
00:10:00,8.005812E+03,9.582767E+02,5.574284E-01,8.462858E-02,0.000000E+00,0.000000E+00,0.000000E+00,0.000000E+00,0.000000E+00,0.000000E+00,0.000000E+00,0.000000E+00,2.110805E+01,7.993595E+01,2.388831E+01,6.385251E+01
00:11:00,8.005812E+03,9.560931E+02,5.574284E-01,8.443573E-02,0.000000E+00,0.000000E+00,0.000000E+00,0.000000E+00,0.000000E+00,0.000000E+00,0.000000E+00,0.000000E+00,2.110805E+01,7.993595E+01,2.388831E+01,6.387452E+01
00:12:00,8.005811E+03,9.539157E+02,5.574284E-01,8.424342E-02,0.000000E+00,0.000000E+00,0.000000E+00,0.000000E+00,0.000000E+00,0.000000E+00,0.000000E+00,0.000000E+00,2.110805E+01,7.993595E+01,2.388832E+01,6.389649E+01
00:13:00,8.005811E+03,9.517443E+02,5.574284E-01,8.405166E-02,0.000000E+00,0.000000E+00,0.000000E+00,0.000000E+00,0.000000E+00,0.000000E+00,0.000000E+00,0.000000E+00,2.110805E+01,7.993595E+01,2.388832E+01,6.391844E+01
00:14:00,8.005811E+03,9.495789E+02,5.574284E-01,8.386042E-02,0.000000E+00,0.000000E+00,0.000000E+00,0.000000E+00,0.000000E+00,0.000000E+00,0.000000E+00,0.000000E+00,2.110805E+01,7.993595E+01,2.388832E+01,6.394035E+01
00:15:00,8.005811E+03,9.474197E+02,5.574284E-01,8.366973E-02,0.000000E+00,0.000000E+00,0.000000E+00,0.000000E+00,0.000000E+00,0.000000E+00,0.000000E+00,0.000000E+00,2.110805E+01,7.993595E+01,2.388832E+01,6.396224E+01
00:16:00,8.005811E+03,9.452665E+02,5.574284E-01,8.347957E-02,0.000000E+00,0.000000E+00,0.000000E+00,0.000000E+00,0.000000E+00,0.000000E+00,0.000000E+00,0.000000E+00,2.110805E+01,7.993595E+01,2.388832E+01,6.398410E+01
00:17:00,8.005811E+03,9.431193E+02,5.574284E-01,8.328994E-02,0.000000E+00,0.000000E+00,0.000000E+00,0.000000E+00,0.000000E+00,0.000000E+00,0.000000E+00,0.000000E+00,2.110805E+01,7.993595E+01,2.388832E+01,6.400593E+01
00:18:00,8.005811E+03,9.409782E+02,5.574284E-01,8.310085E-02,0.000000E+00,0.000000E+00,0.000000E+00,0.000000E+00,0.000000E+00,0.000000E+00,0.000000E+00,0.000000E+00,2.110805E+01,7.993595E+01,2.388832E+01,6.402774E+01
00:19:00,8.005811E+03,9.388432E+02,5.574284E-01,8.291228E-02,0.000000E+00,0.000000E+00,0.000000E+00,0.000000E+00,0.000000E+00,0.000000E+00,0.000000E+00,0.000000E+00,2.110805E+01,7.993595E+01,2.388832E+01,6.404953E+01
00:20:00,8.005811E+03,9.367141E+02,5.574284E-01,8.272425E-02,0.000000E+00,0.000000E+00,0.000000E+00,0.000000E+00,0.000000E+00,0.000000E+00,0.000000E+00,0.000000E+00,2.110805E+01,7.993595E+01,2.388832E+01,6.407129E+01
00:21:00,8.005811E+03,9.345910E+02,5.574284E-01,8.253675E-02,0.000000E+00,0.000000E+00,0.000000E+00,0.000000E+00,0.000000E+00,0.000000E+00,0.000000E+00,0.000000E+00,2.110805E+01,7.993595E+01,2.388832E+01,6.409302E+01
00:22:00,8.005811E+03,9.324740E+02,5.574284E-01,8.234978E-02,0.000000E+00,0.000000E+00,0.000000E+00,0.000000E+00,0.000000E+00,0.000000E+00,0.000000E+00,0.000000E+00,2.110805E+01,7.993595E+01,2.388832E+01,6.411474E+01
00:23:00,8.005811E+03,9.303629E+02,5.574284E-01,8.216334E-02,0.000000E+00,0.000000E+00,0.000000E+00,0.000000E+00,0.000000E+00,0.000000E+00,0.000000E+00,0.000000E+00,2.110805E+01,7.993595E+01,2.388832E+01,6.413644E+01
00:24:00,8.005811E+03,9.282578E+02,5.574284E-01,8.197743E-02,0.000000E+00,0.000000E+00,0.000000E+00,0.000000E+00,0.000000E+00,0.000000E+00,0.000000E+00,0.000000E+00,2.110805E+01,7.993595E+01,2.388832E+01,6.415811E+01
00:25:00,8.005811E+03,9.261586E+02,5.574284E-01,8.179204E-02,0.000000E+00,0.000000E+00,0.000000E+00,0.000000E+00,0.000000E+00,0.000000E+00,0.000000E+00,0.000000E+00,2.110805E+01,7.993595E+01,2.388832E+01,6.417977E+01
00:26:00,8.005811E+03,9.240655E+02,5.574284E-01,8.160718E-02,0.000000E+00,0.000000E+00,0.000000E+00,0.000000E+00,0.000000E+00,0.000000E+00,0.000000E+00,0.000000E+00,2.110805E+01,7.993595E+01,2.388832E+01,6.420140E+01
00:27:00,8.005811E+03,9.219782E+02,5.574283E-01,8.142284E-02,0.000000E+00,0.000000E+00,0.000000E+00,0.000000E+00,0.000000E+00,0.000000E+00,0.000000E+00,0.000000E+00,2.110805E+01,7.993595E+01,2.388833E+01,6.422303E+01
00:28:00,8.005811E+03,9.198969E+02,5.574283E-01,8.123903E-02,0.000000E+00,0.000000E+00,0.000000E+00,0.000000E+00,0.000000E+00,0.000000E+00,0.000000E+00,0.000000E+00,2.110805E+01,7.993595E+01,2.388833E+01,6.424463E+01
00:29:00,8.005811E+03,9.178215E+02,5.574283E-01,8.105574E-02,0.000000E+00,0.000000E+00,0.000000E+00,0.000000E+00,0.000000E+00,0.000000E+00,0.000000E+00,0.000000E+00,2.110805E+01,7.993595E+01,2.388833E+01,6.426621E+01
00:30:00,8.005811E+03,9.157520E+02,5.574283E-01,8.087297E-02,0.000000E+00,0.000000E+00,0.000000E+00,0.000000E+00,0.000000E+00,0.000000E+00,0.000000E+00,0.000000E+00,2.110805E+01,7.993595E+01,2.388833E+01,6.428778E+01
00:31:00,8.005811E+03,9.136884E+02,5.574283E-01,8.069072E-02,0.000000E+00,0.000000E+00,0.000000E+00,0.000000E+00,0.000000E+00,0.000000E+00,0.000000E+00,0.000000E+00,2.110805E+01,7.993595E+01,2.388833E+01,6.430934E+01
00:32:00,8.005811E+03,9.116307E+02,5.574283E-01,8.050900E-02,0.000000E+00,0.000000E+00,0.000000E+00,0.000000E+00,0.000000E+00,0.000000E+00,0.000000E+00,0.000000E+00,2.110805E+01,7.993595E+01,2.388833E+01,6.433088E+01
00:33:00,8.005811E+03,9.095789E+02,5.574283E-01,8.032779E-02,0.000000E+00,0.000000E+00,0.000000E+00,0.000000E+00,0.000000E+00,0.000000E+00,0.000000E+00,0.000000E+00,2.110805E+01,7.993595E+01,2.388833E+01,6.435240E+01
00:34:00,8.005810E+03,9.075330E+02,5.574283E-01,8.014710E-02,0.000000E+00,0.000000E+00,0.000000E+00,0.000000E+00,0.000000E+00,0.000000E+00,0.000000E+00,0.000000E+00,2.110805E+01,7.993595E+01,2.388833E+01,6.437392E+01
00:35:00,8.005810E+03,9.054929E+02,5.574283E-01,7.996693E-02,0.000000E+00,0.000000E+00,0.000000E+00,0.000000E+00,0.000000E+00,0.000000E+00,0.000000E+00,0.000000E+00,2.110805E+01,7.993595E+01,2.388833E+01,6.439542E+01
00:36:00,8.005810E+03,9.034586E+02,5.574283E-01,7.978727E-02,0.000000E+00,0.000000E+00,0.000000E+00,0.000000E+00,0.000000E+00,0.000000E+00,0.000000E+00,0.000000E+00,2.110805E+01,7.993595E+01,2.388833E+01,6.441691E+01
00:37:00,8.005810E+03,9.014302E+02,5.574283E-01,7.960813E-02,0.000000E+00,0.000000E+00,0.000000E+00,0.000000E+00,0.000000E+00,0.000000E+00,0.000000E+00,0.000000E+00,2.110805E+01,7.993595E+01,2.388833E+01,6.443839E+01
00:38:00,8.005810E+03,8.994077E+02,5.574283E-01,7.942951E-02,0.000000E+00,0.000000E+00,0.000000E+00,0.000000E+00,0.000000E+00,0.000000E+00,0.000000E+00,0.000000E+00,2.110805E+01,7.993595E+01,2.388833E+01,6.445986E+01
00:39:00,8.005810E+03,8.973909E+02,5.574283E-01,7.925140E-02,0.000000E+00,0.000000E+00,0.000000E+00,0.000000E+00,0.000000E+00,0.000000E+00,0.000000E+00,0.000000E+00,2.110805E+01,7.993595E+01,2.388833E+01,6.448131E+01
00:40:00,8.005810E+03,8.953800E+02,5.574283E-01,7.907380E-02,0.000000E+00,0.000000E+00,0.000000E+00,0.000000E+00,0.000000E+00,0.000000E+00,0.000000E+00,0.000000E+00,2.110805E+01,7.993595E+01,2.388833E+01,6.450276E+01
00:41:00,8.005810E+03,8.933748E+02,5.574283E-01,7.889671E-02,0.000000E+00,0.000000E+00,0.000000E+00,0.000000E+00,0.000000E+00,0.000000E+00,0.000000E+00,0.000000E+00,2.110805E+01,7.993595E+01,2.388834E+01,6.452419E+01
00:42:00,8.005810E+03,8.913755E+02,5.574283E-01,7.872014E-02,0.000000E+00,0.000000E+00,0.000000E+00,0.000000E+00,0.000000E+00,0.000000E+00,0.000000E+00,0.000000E+00,2.110805E+01,7.993595E+01,2.388834E+01,6.454562E+01
00:43:00,8.005810E+03,8.893819E+02,5.574283E-01,7.854408E-02,0.000000E+00,0.000000E+00,0.000000E+00,0.000000E+00,0.000000E+00,0.000000E+00,0.000000E+00,0.000000E+00,2.110805E+01,7.993595E+01,2.388834E+01,6.456704E+01
00:44:00,8.005810E+03,8.873941E+02,5.574283E-01,7.836852E-02,0.000000E+00,0.000000E+00,0.000000E+00,0.000000E+00,0.000000E+00,0.000000E+00,0.000000E+00,0.000000E+00,2.110805E+01,7.993595E+01,2.388834E+01,6.458845E+01
00:45:00,8.005810E+03,8.854120E+02,5.574283E-01,7.819348E-02,0.000000E+00,0.000000E+00,0.000000E+00,0.000000E+00,0.000000E+00,0.000000E+00,0.000000E+00,0.000000E+00,2.110805E+01,7.993595E+01,2.388834E+01,6.460985E+01
00:46:00,8.005810E+03,8.834357E+02,5.574283E-01,7.801894E-02,0.000000E+00,0.000000E+00,0.000000E+00,0.000000E+00,0.000000E+00,0.000000E+00,0.000000E+00,0.000000E+00,2.110805E+01,7.993595E+01,2.388834E+01,6.463125E+01
00:47:00,8.005810E+03,8.814652E+02,5.574283E-01,7.784491E-02,0.000000E+00,0.000000E+00,0.000000E+00,0.000000E+00,0.000000E+00,0.000000E+00,0.000000E+00,0.000000E+00,2.110805E+01,7.993595E+01,2.388834E+01,6.465264E+01
00:48:00,8.005810E+03,8.795004E+02,5.574283E-01,7.767138E-02,0.000000E+00,0.000000E+00,0.000000E+00,0.000000E+00,0.000000E+00,0.000000E+00,0.000000E+00,0.000000E+00,2.110805E+01,7.993595E+01,2.388834E+01,6.467402E+01
00:49:00,8.005810E+03,8.775412E+02,5.574283E-01,7.749836E-02,0.000000E+00,0.000000E+00,0.000000E+00,0.000000E+00,0.000000E+00,0.000000E+00,0.000000E+00,0.000000E+00,2.110805E+01,7.993595E+01,2.388834E+01,6.469539E+01
00:50:00,8.005810E+03,8.755879E+02,5.574283E-01,7.732585E-02,0.000000E+00,0.000000E+00,0.000000E+00,0.000000E+00,0.000000E+00,0.000000E+00,0.000000E+00,0.000000E+00,2.110805E+01,7.993595E+01,2.388834E+01,6.471677E+01
00:51:00,8.005810E+03,8.736402E+02,5.574283E-01,7.715383E-02,0.000000E+00,0.000000E+00,0.000000E+00,0.000000E+00,0.000000E+00,0.000000E+00,0.000000E+00,0.000000E+00,2.110805E+01,7.993595E+01,2.388834E+01,6.473813E+01
00:52:00,8.005810E+03,8.716982E+02,5.574283E-01,7.698232E-02,0.000000E+00,0.000000E+00,0.000000E+00,0.000000E+00,0.000000E+00,0.000000E+00,0.000000E+00,0.000000E+00,2.110805E+01,7.993595E+01,2.388834E+01,6.475949E+01
00:53:00,8.005810E+03,8.697618E+02,5.574283E-01,7.681132E-02,0.000000E+00,0.000000E+00,0.000000E+00,0.000000E+00,0.000000E+00,0.000000E+00,0.000000E+00,0.000000E+00,2.110805E+01,7.993595E+01,2.388834E+01,6.478084E+01
00:54:00,8.005810E+03,8.678312E+02,5.574283E-01,7.664081E-02,0.000000E+00,0.000000E+00,0.000000E+00,0.000000E+00,0.000000E+00,0.000000E+00,0.000000E+00,0.000000E+00,2.110805E+01,7.993595E+01,2.388834E+01,6.480220E+01
00:55:00,8.005810E+03,8.659062E+02,5.574283E-01,7.647080E-02,0.000000E+00,0.000000E+00,0.000000E+00,0.000000E+00,0.000000E+00,0.000000E+00,0.000000E+00,0.000000E+00,2.110805E+01,7.993595E+01,2.388835E+01,6.482354E+01
00:56:00,8.005809E+03,8.639869E+02,5.574283E-01,7.630130E-02,0.000000E+00,0.000000E+00,0.000000E+00,0.000000E+00,0.000000E+00,0.000000E+00,0.000000E+00,0.000000E+00,2.110805E+01,7.993595E+01,2.388835E+01,6.484489E+01
00:57:00,8.005809E+03,8.620732E+02,5.574283E-01,7.613229E-02,0.000000E+00,0.000000E+00,0.000000E+00,0.000000E+00,0.000000E+00,0.000000E+00,0.000000E+00,0.000000E+00,2.110805E+01,7.993595E+01,2.388835E+01,6.486622E+01
00:58:00,8.005809E+03,8.601651E+02,5.574283E-01,7.596378E-02,0.000000E+00,0.000000E+00,0.000000E+00,0.000000E+00,0.000000E+00,0.000000E+00,0.000000E+00,0.000000E+00,2.110805E+01,7.993595E+01,2.388835E+01,6.488756E+01
00:59:00,8.005809E+03,8.582627E+02,5.574283E-01,7.579577E-02,0.000000E+00,0.000000E+00,0.000000E+00,0.000000E+00,0.000000E+00,0.000000E+00,0.000000E+00,0.000000E+00,2.110805E+01,7.993595E+01,2.388835E+01,6.490890E+01
01:00:00,8.005809E+03,8.563659E+02,5.574282E-01,7.562825E-02,0.000000E+00,0.000000E+00,0.000000E+00,0.000000E+00,0.000000E+00,0.000000E+00,0.000000E+00,0.000000E+00,2.110805E+01,7.993595E+01,2.388835E+01,6.493023E+01
01:01:00,8.005809E+03,8.544778E+02,5.574282E-01,7.546150E-02,0.000000E+00,0.000000E+00,0.000000E+00,0.000000E+00,0.000000E+00,0.000000E+00,0.000000E+00,0.000000E+00,2.110805E+01,7.993595E+01,2.388835E+01,6.495156E+01
01:02:00,8.005809E+03,8.525981E+02,5.574282E-01,7.529549E-02,0.000000E+00,0.000000E+00,0.000000E+00,0.000000E+00,0.000000E+00,0.000000E+00,0.000000E+00,0.000000E+00,2.110805E+01,7.993595E+01,2.388835E+01,6.497283E+01
01:03:00,8.005809E+03,8.507268E+02,5.574282E-01,7.513023E-02,0.000000E+00,0.000000E+00,0.000000E+00,0.000000E+00,0.000000E+00,0.000000E+00,0.000000E+00,0.000000E+00,2.110805E+01,7.993595E+01,2.388835E+01,6.499399E+01
01:04:00,8.005809E+03,8.488640E+02,5.574282E-01,7.496571E-02,0.000000E+00,0.000000E+00,0.000000E+00,0.000000E+00,0.000000E+00,0.000000E+00,0.000000E+00,0.000000E+00,2.110805E+01,7.993595E+01,2.388835E+01,6.501505E+01
01:05:00,8.005809E+03,8.470095E+02,5.574282E-01,7.480193E-02,0.000000E+00,0.000000E+00,0.000000E+00,0.000000E+00,0.000000E+00,0.000000E+00,0.000000E+00,0.000000E+00,2.110805E+01,7.993595E+01,2.388835E+01,6.503599E+01
01:06:00,8.005809E+03,8.451635E+02,5.574282E-01,7.463890E-02,0.000000E+00,0.000000E+00,0.000000E+00,0.000000E+00,0.000000E+00,0.000000E+00,0.000000E+00,0.000000E+00,2.110805E+01,7.993595E+01,2.388835E+01,6.505684E+01
01:07:00,8.005809E+03,8.433258E+02,5.574283E-01,7.447661E-02,0.000000E+00,0.000000E+00,0.000000E+00,0.000000E+00,0.000000E+00,0.000000E+00,0.000000E+00,0.000000E+00,2.110805E+01,7.993595E+01,2.388835E+01,6.507758E+01
01:08:00,8.005809E+03,8.414966E+02,5.574283E-01,7.431506E-02,0.000000E+00,0.000000E+00,0.000000E+00,0.000000E+00,0.000000E+00,0.000000E+00,0.000000E+00,0.000000E+00,2.110805E+01,7.993595E+01,2.388835E+01,6.509822E+01
01:09:00,8.005809E+03,8.396757E+02,5.574283E-01,7.415424E-02,0.000000E+00,0.000000E+00,0.000000E+00,0.000000E+00,0.000000E+00,0.000000E+00,0.000000E+00,0.000000E+00,2.110805E+01,7.993595E+01,2.388835E+01,6.511877E+01
01:10:00,8.005809E+03,8.378632E+02,5.574283E-01,7.399417E-02,0.000000E+00,0.000000E+00,0.000000E+00,0.000000E+00,0.000000E+00,0.000000E+00,0.000000E+00,0.000000E+00,2.110805E+01,7.993595E+01,2.388835E+01,6.513923E+01
01:11:00,8.005809E+03,8.360591E+02,5.574283E-01,7.383484E-02,0.000000E+00,0.000000E+00,0.000000E+00,0.000000E+00,0.000000E+00,0.000000E+00,0.000000E+00,0.000000E+00,2.110805E+01,7.993595E+01,2.388835E+01,6.515960E+01
01:12:00,8.005809E+03,8.342633E+02,5.574283E-01,7.367625E-02,0.000000E+00,0.000000E+00,0.000000E+00,0.000000E+00,0.000000E+00,0.000000E+00,0.000000E+00,0.000000E+00,2.110805E+01,7.993595E+01,2.388836E+01,6.517987E+01
01:13:00,8.005809E+03,8.324759E+02,5.574283E-01,7.351839E-02,0.000000E+00,0.000000E+00,0.000000E+00,0.000000E+00,0.000000E+00,0.000000E+00,0.000000E+00,0.000000E+00,2.110805E+01,7.993595E+01,2.388836E+01,6.520007E+01
01:14:00,8.005809E+03,8.306968E+02,5.574283E-01,7.336127E-02,0.000000E+00,0.000000E+00,0.000000E+00,0.000000E+00,0.000000E+00,0.000000E+00,0.000000E+00,0.000000E+00,2.110805E+01,7.993595E+01,2.388836E+01,6.522019E+01
01:15:00,8.005809E+03,8.289261E+02,5.574283E-01,7.320489E-02,0.000000E+00,0.000000E+00,0.000000E+00,0.000000E+00,0.000000E+00,0.000000E+00,0.000000E+00,0.000000E+00,2.110805E+01,7.993595E+01,2.388836E+01,6.524022E+01
01:16:00,8.005809E+03,8.271637E+02,5.574283E-01,7.304924E-02,0.000000E+00,0.000000E+00,0.000000E+00,0.000000E+00,0.000000E+00,0.000000E+00,0.000000E+00,0.000000E+00,2.110805E+01,7.993595E+01,2.388836E+01,6.526017E+01
01:17:00,8.005809E+03,8.254096E+02,5.574283E-01,7.289433E-02,0.000000E+00,0.000000E+00,0.000000E+00,0.000000E+00,0.000000E+00,0.000000E+00,0.000000E+00,0.000000E+00,2.110805E+01,7.993595E+01,2.388836E+01,6.528006E+01
01:18:00,8.005809E+03,8.236638E+02,5.574283E-01,7.274015E-02,0.000000E+00,0.000000E+00,0.000000E+00,0.000000E+00,0.000000E+00,0.000000E+00,0.000000E+00,0.000000E+00,2.110805E+01,7.993595E+01,2.388836E+01,6.529986E+01
01:19:00,8.005809E+03,8.219264E+02,5.574283E-01,7.258670E-02,0.000000E+00,0.000000E+00,0.000000E+00,0.000000E+00,0.000000E+00,0.000000E+00,0.000000E+00,0.000000E+00,2.110805E+01,7.993595E+01,2.388836E+01,6.531960E+01
01:20:00,8.005809E+03,8.201972E+02,5.574283E-01,7.243399E-02,0.000000E+00,0.000000E+00,0.000000E+00,0.000000E+00,0.000000E+00,0.000000E+00,0.000000E+00,0.000000E+00,2.110805E+01,7.993595E+01,2.388836E+01,6.533926E+01
01:21:00,8.005809E+03,8.184763E+02,5.574283E-01,7.228201E-02,0.000000E+00,0.000000E+00,0.000000E+00,0.000000E+00,0.000000E+00,0.000000E+00,0.000000E+00,0.000000E+00,2.110805E+01,7.993595E+01,2.388836E+01,6.535885E+01
01:22:00,8.005809E+03,8.167638E+02,5.574283E-01,7.213077E-02,0.000000E+00,0.000000E+00,0.000000E+00,0.000000E+00,0.000000E+00,0.000000E+00,0.000000E+00,0.000000E+00,2.110805E+01,7.993595E+01,2.388836E+01,6.537838E+01
01:23:00,8.005809E+03,8.150595E+02,5.574283E-01,7.198025E-02,0.000000E+00,0.000000E+00,0.000000E+00,0.000000E+00,0.000000E+00,0.000000E+00,0.000000E+00,0.000000E+00,2.110805E+01,7.993595E+01,2.388836E+01,6.539785E+01
01:24:00,8.005809E+03,8.133635E+02,5.574283E-01,7.183047E-02,0.000000E+00,0.000000E+00,0.000000E+00,0.000000E+00,0.000000E+00,0.000000E+00,0.000000E+00,0.000000E+00,2.110805E+01,7.993595E+01,2.388836E+01,6.541725E+01
01:25:00,8.005809E+03,8.116757E+02,5.574283E-01,7.168142E-02,0.000000E+00,0.000000E+00,0.000000E+00,0.000000E+00,0.000000E+00,0.000000E+00,0.000000E+00,0.000000E+00,2.110805E+01,7.993595E+01,2.388836E+01,6.543659E+01
01:26:00,8.005809E+03,8.099962E+02,5.574283E-01,7.153309E-02,0.000000E+00,0.000000E+00,0.000000E+00,0.000000E+00,0.000000E+00,0.000000E+00,0.000000E+00,0.000000E+00,2.110805E+01,7.993595E+01,2.388836E+01,6.545587E+01
01:27:00,8.005809E+03,8.083250E+02,5.574283E-01,7.138550E-02,0.000000E+00,0.000000E+00,0.000000E+00,0.000000E+00,0.000000E+00,0.000000E+00,0.000000E+00,0.000000E+00,2.110805E+01,7.993595E+01,2.388836E+01,6.547509E+01
01:28:00,8.005809E+03,8.066620E+02,5.574283E-01,7.123863E-02,0.000000E+00,0.000000E+00,0.000000E+00,0.000000E+00,0.000000E+00,0.000000E+00,0.000000E+00,0.000000E+00,2.110805E+01,7.993595E+01,2.388836E+01,6.549425E+01
01:29:00,8.005809E+03,8.050073E+02,5.574283E-01,7.109249E-02,0.000000E+00,0.000000E+00,0.000000E+00,0.000000E+00,0.000000E+00,0.000000E+00,0.000000E+00,0.000000E+00,2.110805E+01,7.993595E+01,2.388836E+01,6.551337E+01
01:30:00,8.005809E+03,8.033608E+02,5.574283E-01,7.094708E-02,0.000000E+00,0.000000E+00,0.000000E+00,0.000000E+00,0.000000E+00,0.000000E+00,0.000000E+00,0.000000E+00,2.110805E+01,7.993595E+01,2.388836E+01,6.553242E+01
01:31:00,8.005809E+03,8.017225E+02,5.574283E-01,7.080240E-02,0.000000E+00,0.000000E+00,0.000000E+00,0.000000E+00,0.000000E+00,0.000000E+00,0.000000E+00,0.000000E+00,2.110805E+01,7.993595E+01,2.388837E+01,6.555143E+01
01:32:00,8.005809E+03,8.000925E+02,5.574283E-01,7.065844E-02,0.000000E+00,0.000000E+00,0.000000E+00,0.000000E+00,0.000000E+00,0.000000E+00,0.000000E+00,0.000000E+00,2.110805E+01,7.993595E+01,2.388837E+01,6.557038E+01
01:33:00,8.005809E+03,7.984707E+02,5.574283E-01,7.051521E-02,0.000000E+00,0.000000E+00,0.000000E+00,0.000000E+00,0.000000E+00,0.000000E+00,0.000000E+00,0.000000E+00,2.110805E+01,7.993595E+01,2.388837E+01,6.558928E+01
01:34:00,8.005809E+03,7.968571E+02,5.574283E-01,7.037270E-02,0.000000E+00,0.000000E+00,0.000000E+00,0.000000E+00,0.000000E+00,0.000000E+00,0.000000E+00,0.000000E+00,2.110805E+01,7.993595E+01,2.388837E+01,6.560813E+01
01:35:00,8.005809E+03,7.952517E+02,5.574283E-01,7.023092E-02,0.000000E+00,0.000000E+00,0.000000E+00,0.000000E+00,0.000000E+00,0.000000E+00,0.000000E+00,0.000000E+00,2.110805E+01,7.993595E+01,2.388837E+01,6.562694E+01
01:36:00,8.005809E+03,7.936545E+02,5.574283E-01,7.008987E-02,0.000000E+00,0.000000E+00,0.000000E+00,0.000000E+00,0.000000E+00,0.000000E+00,0.000000E+00,0.000000E+00,2.110805E+01,7.993595E+01,2.388837E+01,6.564570E+01
01:37:00,8.005810E+03,7.920655E+02,5.574283E-01,6.994953E-02,0.000000E+00,0.000000E+00,0.000000E+00,0.000000E+00,0.000000E+00,0.000000E+00,0.000000E+00,0.000000E+00,2.110805E+01,7.993595E+01,2.388837E+01,6.566442E+01
01:38:00,8.005810E+03,7.904847E+02,5.574283E-01,6.980993E-02,0.000000E+00,0.000000E+00,0.000000E+00,0.000000E+00,0.000000E+00,0.000000E+00,0.000000E+00,0.000000E+00,2.110805E+01,7.993595E+01,2.388837E+01,6.568309E+01
01:39:00,8.005810E+03,7.889121E+02,5.574283E-01,6.967104E-02,0.000000E+00,0.000000E+00,0.000000E+00,0.000000E+00,0.000000E+00,0.000000E+00,0.000000E+00,0.000000E+00,2.110805E+01,7.993595E+01,2.388837E+01,6.570172E+01
01:40:00,8.005810E+03,7.873477E+02,5.574283E-01,6.953288E-02,0.000000E+00,0.000000E+00,0.000000E+00,0.000000E+00,0.000000E+00,0.000000E+00,0.000000E+00,0.000000E+00,2.110805E+01,7.993595E+01,2.388837E+01,6.572031E+01
01:41:00,8.005810E+03,7.857914E+02,5.574283E-01,6.939544E-02,0.000000E+00,0.000000E+00,0.000000E+00,0.000000E+00,0.000000E+00,0.000000E+00,0.000000E+00,0.000000E+00,2.110805E+01,7.993595E+01,2.388837E+01,6.573885E+01
01:42:00,8.005810E+03,7.842433E+02,5.574283E-01,6.925872E-02,0.000000E+00,0.000000E+00,0.000000E+00,0.000000E+00,0.000000E+00,0.000000E+00,0.000000E+00,0.000000E+00,2.110805E+01,7.993595E+01,2.388837E+01,6.575736E+01
01:43:00,8.005810E+03,7.827034E+02,5.574283E-01,6.912272E-02,0.000000E+00,0.000000E+00,0.000000E+00,0.000000E+00,0.000000E+00,0.000000E+00,0.000000E+00,0.000000E+00,2.110805E+01,7.993595E+01,2.388837E+01,6.577583E+01
01:44:00,8.005810E+03,7.811717E+02,5.574283E-01,6.898744E-02,0.000000E+00,0.000000E+00,0.000000E+00,0.000000E+00,0.000000E+00,0.000000E+00,0.000000E+00,0.000000E+00,2.110805E+01,7.993595E+01,2.388837E+01,6.579425E+01
01:45:00,8.005810E+03,7.796481E+02,5.574283E-01,6.885289E-02,0.000000E+00,0.000000E+00,0.000000E+00,0.000000E+00,0.000000E+00,0.000000E+00,0.000000E+00,0.000000E+00,2.110805E+01,7.993595E+01,2.388837E+01,6.581265E+01
01:46:00,8.005810E+03,7.781326E+02,5.574283E-01,6.871905E-02,0.000000E+00,0.000000E+00,0.000000E+00,0.000000E+00,0.000000E+00,0.000000E+00,0.000000E+00,0.000000E+00,2.110805E+01,7.993595E+01,2.388837E+01,6.583100E+01
01:47:00,8.005810E+03,7.766253E+02,5.574283E-01,6.858593E-02,0.000000E+00,0.000000E+00,0.000000E+00,0.000000E+00,0.000000E+00,0.000000E+00,0.000000E+00,0.000000E+00,2.110805E+01,7.993595E+01,2.388837E+01,6.584933E+01
01:48:00,8.005810E+03,7.751262E+02,5.574283E-01,6.845353E-02,0.000000E+00,0.000000E+00,0.000000E+00,0.000000E+00,0.000000E+00,0.000000E+00,0.000000E+00,0.000000E+00,2.110805E+01,7.993595E+01,2.388837E+01,6.586761E+01
01:49:00,8.005810E+03,7.736352E+02,5.574283E-01,6.832186E-02,0.000000E+00,0.000000E+00,0.000000E+00,0.000000E+00,0.000000E+00,0.000000E+00,0.000000E+00,0.000000E+00,2.110805E+01,7.993595E+01,2.388838E+01,6.588587E+01
01:50:00,8.005810E+03,7.721523E+02,5.574283E-01,6.819090E-02,0.000000E+00,0.000000E+00,0.000000E+00,0.000000E+00,0.000000E+00,0.000000E+00,0.000000E+00,0.000000E+00,2.110805E+01,7.993595E+01,2.388838E+01,6.590409E+01
01:51:00,8.005810E+03,7.706776E+02,5.574283E-01,6.806065E-02,0.000000E+00,0.000000E+00,0.000000E+00,0.000000E+00,0.000000E+00,0.000000E+00,0.000000E+00,0.000000E+00,2.110805E+01,7.993595E+01,2.388838E+01,6.592227E+01
01:52:00,8.005810E+03,7.692109E+02,5.574283E-01,6.793113E-02,0.000000E+00,0.000000E+00,0.000000E+00,0.000000E+00,0.000000E+00,0.000000E+00,0.000000E+00,0.000000E+00,2.110805E+01,7.993595E+01,2.388838E+01,6.594043E+01
01:53:00,8.005810E+03,7.677525E+02,5.574283E-01,6.780232E-02,0.000000E+00,0.000000E+00,0.000000E+00,0.000000E+00,0.000000E+00,0.000000E+00,0.000000E+00,0.000000E+00,2.110805E+01,7.993595E+01,2.388838E+01,6.595856E+01
01:54:00,8.005810E+03,7.663021E+02,5.574283E-01,6.767423E-02,0.000000E+00,0.000000E+00,0.000000E+00,0.000000E+00,0.000000E+00,0.000000E+00,0.000000E+00,0.000000E+00,2.110805E+01,7.993595E+01,2.388838E+01,6.597665E+01
01:55:00,8.005810E+03,7.648598E+02,5.574283E-01,6.754686E-02,0.000000E+00,0.000000E+00,0.000000E+00,0.000000E+00,0.000000E+00,0.000000E+00,0.000000E+00,0.000000E+00,2.110805E+01,7.993595E+01,2.388838E+01,6.599472E+01
01:56:00,8.005810E+03,7.634257E+02,5.574283E-01,6.742020E-02,0.000000E+00,0.000000E+00,0.000000E+00,0.000000E+00,0.000000E+00,0.000000E+00,0.000000E+00,0.000000E+00,2.110805E+01,7.993595E+01,2.388838E+01,6.601276E+01
01:57:00,8.005810E+03,7.619997E+02,5.574283E-01,6.729426E-02,0.000000E+00,0.000000E+00,0.000000E+00,0.000000E+00,0.000000E+00,0.000000E+00,0.000000E+00,0.000000E+00,2.110805E+01,7.993595E+01,2.388838E+01,6.603077E+01
01:58:00,8.005810E+03,7.605817E+02,5.574283E-01,6.716904E-02,0.000000E+00,0.000000E+00,0.000000E+00,0.000000E+00,0.000000E+00,0.000000E+00,0.000000E+00,0.000000E+00,2.110805E+01,7.993595E+01,2.388838E+01,6.604875E+01
01:59:00,8.005810E+03,7.591719E+02,5.574283E-01,6.704453E-02,0.000000E+00,0.000000E+00,0.000000E+00,0.000000E+00,0.000000E+00,0.000000E+00,0.000000E+00,0.000000E+00,2.110805E+01,7.993595E+01,2.388838E+01,6.606670E+01
02:00:00,8.005810E+03,7.577702E+02,5.574283E-01,6.692074E-02,0.000000E+00,0.000000E+00,0.000000E+00,0.000000E+00,0.000000E+00,0.000000E+00,0.000000E+00,0.000000E+00,2.110805E+01,7.993595E+01,2.388838E+01,6.608463E+01
02:01:00,8.005810E+03,7.563737E+02,5.574283E-01,6.679741E-02,0.000000E+00,0.000000E+00,0.000000E+00,0.000000E+00,0.000000E+00,0.000000E+00,0.000000E+00,0.000000E+00,2.110805E+01,7.993595E+01,2.388838E+01,6.610253E+01
02:02:00,8.005810E+03,7.549824E+02,5.574283E-01,6.667454E-02,0.000000E+00,0.000000E+00,0.000000E+00,0.000000E+00,0.000000E+00,0.000000E+00,0.000000E+00,0.000000E+00,2.110805E+01,7.993595E+01,2.388838E+01,6.612038E+01
02:03:00,8.005810E+03,7.535965E+02,5.574283E-01,6.655213E-02,0.000000E+00,0.000000E+00,0.000000E+00,0.000000E+00,0.000000E+00,0.000000E+00,0.000000E+00,0.000000E+00,2.110805E+01,7.993595E+01,2.388838E+01,6.613815E+01
02:04:00,8.005810E+03,7.522157E+02,5.574283E-01,6.643020E-02,0.000000E+00,0.000000E+00,0.000000E+00,0.000000E+00,0.000000E+00,0.000000E+00,0.000000E+00,0.000000E+00,2.110805E+01,7.993595E+01,2.388838E+01,6.615584E+01
02:05:00,8.005810E+03,7.508402E+02,5.574283E-01,6.630872E-02,0.000000E+00,0.000000E+00,0.000000E+00,0.000000E+00,0.000000E+00,0.000000E+00,0.000000E+00,0.000000E+00,2.110805E+01,7.993595E+01,2.388838E+01,6.617345E+01
02:06:00,8.005810E+03,7.494700E+02,5.574283E-01,6.618771E-02,0.000000E+00,0.000000E+00,0.000000E+00,0.000000E+00,0.000000E+00,0.000000E+00,0.000000E+00,0.000000E+00,2.110805E+01,7.993595E+01,2.388838E+01,6.619098E+01
02:07:00,8.005810E+03,7.481050E+02,5.574283E-01,6.606716E-02,0.000000E+00,0.000000E+00,0.000000E+00,0.000000E+00,0.000000E+00,0.000000E+00,0.000000E+00,0.000000E+00,2.110805E+01,7.993595E+01,2.388838E+01,6.620843E+01
02:08:00,8.005810E+03,7.467452E+02,5.574283E-01,6.594707E-02,0.000000E+00,0.000000E+00,0.000000E+00,0.000000E+00,0.000000E+00,0.000000E+00,0.000000E+00,0.000000E+00,2.110805E+01,7.993595E+01,2.388839E+01,6.622581E+01
02:09:00,8.005810E+03,7.453907E+02,5.574283E-01,6.582744E-02,0.000000E+00,0.000000E+00,0.000000E+00,0.000000E+00,0.000000E+00,0.000000E+00,0.000000E+00,0.000000E+00,2.110805E+01,7.993595E+01,2.388839E+01,6.624313E+01
02:10:00,8.005810E+03,7.440414E+02,5.574283E-01,6.570828E-02,0.000000E+00,0.000000E+00,0.000000E+00,0.000000E+00,0.000000E+00,0.000000E+00,0.000000E+00,0.000000E+00,2.110805E+01,7.993595E+01,2.388839E+01,6.626036E+01
02:11:00,8.005810E+03,7.426974E+02,5.574283E-01,6.558958E-02,0.000000E+00,0.000000E+00,0.000000E+00,0.000000E+00,0.000000E+00,0.000000E+00,0.000000E+00,0.000000E+00,2.110805E+01,7.993595E+01,2.388839E+01,6.627754E+01
02:12:00,8.005810E+03,7.413585E+02,5.574283E-01,6.547134E-02,0.000000E+00,0.000000E+00,0.000000E+00,0.000000E+00,0.000000E+00,0.000000E+00,0.000000E+00,0.000000E+00,2.110805E+01,7.993595E+01,2.388839E+01,6.629464E+01
02:13:00,8.005810E+03,7.400249E+02,5.574283E-01,6.535356E-02,0.000000E+00,0.000000E+00,0.000000E+00,0.000000E+00,0.000000E+00,0.000000E+00,0.000000E+00,0.000000E+00,2.110805E+01,7.993595E+01,2.388839E+01,6.631168E+01
02:14:00,8.005810E+03,7.386965E+02,5.574283E-01,6.523625E-02,0.000000E+00,0.000000E+00,0.000000E+00,0.000000E+00,0.000000E+00,0.000000E+00,0.000000E+00,0.000000E+00,2.110805E+01,7.993595E+01,2.388839E+01,6.632866E+01
02:15:00,8.005810E+03,7.373734E+02,5.574283E-01,6.511939E-02,0.000000E+00,0.000000E+00,0.000000E+00,0.000000E+00,0.000000E+00,0.000000E+00,0.000000E+00,0.000000E+00,2.110805E+01,7.993595E+01,2.388839E+01,6.634557E+01
02:16:00,8.005810E+03,7.360554E+02,5.574283E-01,6.500300E-02,0.000000E+00,0.000000E+00,0.000000E+00,0.000000E+00,0.000000E+00,0.000000E+00,0.000000E+00,0.000000E+00,2.110805E+01,7.993595E+01,2.388839E+01,6.636242E+01
02:17:00,8.005810E+03,7.347427E+02,5.574283E-01,6.488707E-02,0.000000E+00,0.000000E+00,0.000000E+00,0.000000E+00,0.000000E+00,0.000000E+00,0.000000E+00,0.000000E+00,2.110805E+01,7.993595E+01,2.388839E+01,6.637922E+01
02:18:00,8.005810E+03,7.334352E+02,5.574283E-01,6.477159E-02,0.000000E+00,0.000000E+00,0.000000E+00,0.000000E+00,0.000000E+00,0.000000E+00,0.000000E+00,0.000000E+00,2.110805E+01,7.993595E+01,2.388839E+01,6.639595E+01
02:19:00,8.005810E+03,7.321329E+02,5.574283E-01,6.465658E-02,0.000000E+00,0.000000E+00,0.000000E+00,0.000000E+00,0.000000E+00,0.000000E+00,0.000000E+00,0.000000E+00,2.110805E+01,7.993595E+01,2.388839E+01,6.641263E+01
02:20:00,8.005810E+03,7.308358E+02,5.574283E-01,6.454203E-02,0.000000E+00,0.000000E+00,0.000000E+00,0.000000E+00,0.000000E+00,0.000000E+00,0.000000E+00,0.000000E+00,2.110805E+01,7.993595E+01,2.388839E+01,6.642924E+01
02:21:00,8.005810E+03,7.295440E+02,5.574283E-01,6.442794E-02,0.000000E+00,0.000000E+00,0.000000E+00,0.000000E+00,0.000000E+00,0.000000E+00,0.000000E+00,0.000000E+00,2.110805E+01,7.993595E+01,2.388839E+01,6.644581E+01
02:22:00,8.005810E+03,7.282573E+02,5.574283E-01,6.431431E-02,0.000000E+00,0.000000E+00,0.000000E+00,0.000000E+00,0.000000E+00,0.000000E+00,0.000000E+00,0.000000E+00,2.110805E+01,7.993595E+01,2.388839E+01,6.646232E+01
02:23:00,8.005810E+03,7.269759E+02,5.574283E-01,6.420114E-02,0.000000E+00,0.000000E+00,0.000000E+00,0.000000E+00,0.000000E+00,0.000000E+00,0.000000E+00,0.000000E+00,2.110805E+01,7.993595E+01,2.388839E+01,6.647878E+01
02:24:00,8.005810E+03,7.256997E+02,5.574283E-01,6.408843E-02,0.000000E+00,0.000000E+00,0.000000E+00,0.000000E+00,0.000000E+00,0.000000E+00,0.000000E+00,0.000000E+00,2.110805E+01,7.993595E+01,2.388839E+01,6.649519E+01
02:25:00,8.005810E+03,7.244286E+02,5.574283E-01,6.397618E-02,0.000000E+00,0.000000E+00,0.000000E+00,0.000000E+00,0.000000E+00,0.000000E+00,0.000000E+00,0.000000E+00,2.110805E+01,7.993595E+01,2.388839E+01,6.651154E+01
02:26:00,8.005810E+03,7.231629E+02,5.574283E-01,6.386439E-02,0.000000E+00,0.000000E+00,0.000000E+00,0.000000E+00,0.000000E+00,0.000000E+00,0.000000E+00,0.000000E+00,2.110805E+01,7.993595E+01,2.388839E+01,6.652785E+01
02:27:00,8.005810E+03,7.219023E+02,5.574283E-01,6.375306E-02,0.000000E+00,0.000000E+00,0.000000E+00,0.000000E+00,0.000000E+00,0.000000E+00,0.000000E+00,0.000000E+00,2.110805E+01,7.993595E+01,2.388839E+01,6.654410E+01
02:28:00,8.005810E+03,7.206469E+02,5.574283E-01,6.364220E-02,0.000000E+00,0.000000E+00,0.000000E+00,0.000000E+00,0.000000E+00,0.000000E+00,0.000000E+00,0.000000E+00,2.110805E+01,7.993595E+01,2.388839E+01,6.656032E+01
02:29:00,8.005810E+03,7.193968E+02,5.574283E-01,6.353179E-02,0.000000E+00,0.000000E+00,0.000000E+00,0.000000E+00,0.000000E+00,0.000000E+00,0.000000E+00,0.000000E+00,2.110805E+01,7.993595E+01,2.388839E+01,6.657647E+01
02:30:00,8.005810E+03,7.181519E+02,5.574283E-01,6.342185E-02,0.000000E+00,0.000000E+00,0.000000E+00,0.000000E+00,0.000000E+00,0.000000E+00,0.000000E+00,0.000000E+00,2.110805E+01,7.993595E+01,2.388840E+01,6.659259E+01
02:31:00,8.005810E+03,7.169122E+02,5.574283E-01,6.331236E-02,0.000000E+00,0.000000E+00,0.000000E+00,0.000000E+00,0.000000E+00,0.000000E+00,0.000000E+00,0.000000E+00,2.110805E+01,7.993595E+01,2.388840E+01,6.660866E+01
02:32:00,8.005810E+03,7.156777E+02,5.574283E-01,6.320334E-02,0.000000E+00,0.000000E+00,0.000000E+00,0.000000E+00,0.000000E+00,0.000000E+00,0.000000E+00,0.000000E+00,2.110805E+01,7.993595E+01,2.388840E+01,6.662469E+01
02:33:00,8.005810E+03,7.144485E+02,5.574283E-01,6.309479E-02,0.000000E+00,0.000000E+00,0.000000E+00,0.000000E+00,0.000000E+00,0.000000E+00,0.000000E+00,0.000000E+00,2.110805E+01,7.993595E+01,2.388840E+01,6.664067E+01
02:34:00,8.005810E+03,7.132246E+02,5.574283E-01,6.298669E-02,0.000000E+00,0.000000E+00,0.000000E+00,0.000000E+00,0.000000E+00,0.000000E+00,0.000000E+00,0.000000E+00,2.110805E+01,7.993595E+01,2.388840E+01,6.665660E+01
02:35:00,8.005810E+03,7.120059E+02,5.574283E-01,6.287906E-02,0.000000E+00,0.000000E+00,0.000000E+00,0.000000E+00,0.000000E+00,0.000000E+00,0.000000E+00,0.000000E+00,2.110805E+01,7.993595E+01,2.388840E+01,6.667250E+01
02:36:00,8.005810E+03,7.107924E+02,5.574283E-01,6.277190E-02,0.000000E+00,0.000000E+00,0.000000E+00,0.000000E+00,0.000000E+00,0.000000E+00,0.000000E+00,0.000000E+00,2.110805E+01,7.993595E+01,2.388840E+01,6.668835E+01
02:37:00,8.005810E+03,7.095842E+02,5.574283E-01,6.266519E-02,0.000000E+00,0.000000E+00,0.000000E+00,0.000000E+00,0.000000E+00,0.000000E+00,0.000000E+00,0.000000E+00,2.110805E+01,7.993595E+01,2.388840E+01,6.670416E+01
02:38:00,8.005810E+03,7.083811E+02,5.574283E-01,6.255895E-02,0.000000E+00,0.000000E+00,0.000000E+00,0.000000E+00,0.000000E+00,0.000000E+00,0.000000E+00,0.000000E+00,2.110805E+01,7.993595E+01,2.388840E+01,6.671993E+01
02:39:00,8.005810E+03,7.071833E+02,5.574283E-01,6.245316E-02,0.000000E+00,0.000000E+00,0.000000E+00,0.000000E+00,0.000000E+00,0.000000E+00,0.000000E+00,0.000000E+00,2.110805E+01,7.993595E+01,2.388840E+01,6.673566E+01
02:40:00,8.005810E+03,7.059907E+02,5.574283E-01,6.234784E-02,0.000000E+00,0.000000E+00,0.000000E+00,0.000000E+00,0.000000E+00,0.000000E+00,0.000000E+00,0.000000E+00,2.110805E+01,7.993595E+01,2.388840E+01,6.675135E+01
02:41:00,8.005810E+03,7.048033E+02,5.574283E-01,6.224297E-02,0.000000E+00,0.000000E+00,0.000000E+00,0.000000E+00,0.000000E+00,0.000000E+00,0.000000E+00,0.000000E+00,2.110805E+01,7.993595E+01,2.388840E+01,6.676701E+01
02:42:00,8.005810E+03,7.036211E+02,5.574283E-01,6.213856E-02,0.000000E+00,0.000000E+00,0.000000E+00,0.000000E+00,0.000000E+00,0.000000E+00,0.000000E+00,0.000000E+00,2.110805E+01,7.993595E+01,2.388840E+01,6.678263E+01
02:43:00,8.005810E+03,7.024441E+02,5.574283E-01,6.203461E-02,0.000000E+00,0.000000E+00,0.000000E+00,0.000000E+00,0.000000E+00,0.000000E+00,0.000000E+00,0.000000E+00,2.110805E+01,7.993595E+01,2.388840E+01,6.679821E+01
02:44:00,8.005810E+03,7.012722E+02,5.574283E-01,6.193112E-02,0.000000E+00,0.000000E+00,0.000000E+00,0.000000E+00,0.000000E+00,0.000000E+00,0.000000E+00,0.000000E+00,2.110805E+01,7.993595E+01,2.388840E+01,6.681375E+01
02:45:00,8.005810E+03,7.001056E+02,5.574283E-01,6.182809E-02,0.000000E+00,0.000000E+00,0.000000E+00,0.000000E+00,0.000000E+00,0.000000E+00,0.000000E+00,0.000000E+00,2.110805E+01,7.993595E+01,2.388840E+01,6.682926E+01
02:46:00,8.005810E+03,6.989441E+02,5.574283E-01,6.172552E-02,0.000000E+00,0.000000E+00,0.000000E+00,0.000000E+00,0.000000E+00,0.000000E+00,0.000000E+00,0.000000E+00,2.110805E+01,7.993595E+01,2.388840E+01,6.684474E+01
02:47:00,8.005810E+03,6.977879E+02,5.574283E-01,6.162340E-02,0.000000E+00,0.000000E+00,0.000000E+00,0.000000E+00,0.000000E+00,0.000000E+00,0.000000E+00,0.000000E+00,2.110805E+01,7.993595E+01,2.388840E+01,6.686018E+01
02:48:00,8.005810E+03,6.966368E+02,5.574283E-01,6.152175E-02,0.000000E+00,0.000000E+00,0.000000E+00,0.000000E+00,0.000000E+00,0.000000E+00,0.000000E+00,0.000000E+00,2.110805E+01,7.993595E+01,2.388840E+01,6.687558E+01
02:49:00,8.005810E+03,6.954909E+02,5.574283E-01,6.142055E-02,0.000000E+00,0.000000E+00,0.000000E+00,0.000000E+00,0.000000E+00,0.000000E+00,0.000000E+00,0.000000E+00,2.110805E+01,7.993595E+01,2.388840E+01,6.689096E+01
02:50:00,8.005810E+03,6.943502E+02,5.574283E-01,6.131980E-02,0.000000E+00,0.000000E+00,0.000000E+00,0.000000E+00,0.000000E+00,0.000000E+00,0.000000E+00,0.000000E+00,2.110805E+01,7.993595E+01,2.388840E+01,6.690630E+01
02:51:00,8.005810E+03,6.932146E+02,5.574283E-01,6.121952E-02,0.000000E+00,0.000000E+00,0.000000E+00,0.000000E+00,0.000000E+00,0.000000E+00,0.000000E+00,0.000000E+00,2.110805E+01,7.993595E+01,2.388840E+01,6.692161E+01
02:52:00,8.005810E+03,6.920843E+02,5.574283E-01,6.111969E-02,0.000000E+00,0.000000E+00,0.000000E+00,0.000000E+00,0.000000E+00,0.000000E+00,0.000000E+00,0.000000E+00,2.110805E+01,7.993595E+01,2.388841E+01,6.693688E+01
02:53:00,8.005810E+03,6.909591E+02,5.574283E-01,6.102033E-02,0.000000E+00,0.000000E+00,0.000000E+00,0.000000E+00,0.000000E+00,0.000000E+00,0.000000E+00,0.000000E+00,2.110805E+01,7.993595E+01,2.388841E+01,6.695213E+01
02:54:00,8.005810E+03,6.898392E+02,5.574283E-01,6.092142E-02,0.000000E+00,0.000000E+00,0.000000E+00,0.000000E+00,0.000000E+00,0.000000E+00,0.000000E+00,0.000000E+00,2.110805E+01,7.993595E+01,2.388841E+01,6.696734E+01
02:55:00,8.005810E+03,6.887244E+02,5.574283E-01,6.082297E-02,0.000000E+00,0.000000E+00,0.000000E+00,0.000000E+00,0.000000E+00,0.000000E+00,0.000000E+00,0.000000E+00,2.110805E+01,7.993595E+01,2.388841E+01,6.698253E+01
02:56:00,8.005810E+03,6.876148E+02,5.574283E-01,6.072497E-02,0.000000E+00,0.000000E+00,0.000000E+00,0.000000E+00,0.000000E+00,0.000000E+00,0.000000E+00,0.000000E+00,2.110805E+01,7.993595E+01,2.388841E+01,6.699768E+01
02:57:00,8.005810E+03,6.865104E+02,5.574283E-01,6.062744E-02,0.000000E+00,0.000000E+00,0.000000E+00,0.000000E+00,0.000000E+00,0.000000E+00,0.000000E+00,0.000000E+00,2.110805E+01,7.993595E+01,2.388841E+01,6.701281E+01
02:58:00,8.005810E+03,6.854112E+02,5.574283E-01,6.053036E-02,0.000000E+00,0.000000E+00,0.000000E+00,0.000000E+00,0.000000E+00,0.000000E+00,0.000000E+00,0.000000E+00,2.110805E+01,7.993595E+01,2.388841E+01,6.702790E+01
02:59:00,8.005810E+03,6.843172E+02,5.574283E-01,6.043374E-02,0.000000E+00,0.000000E+00,0.000000E+00,0.000000E+00,0.000000E+00,0.000000E+00,0.000000E+00,0.000000E+00,2.110805E+01,7.993595E+01,2.388841E+01,6.704297E+01
03:00:00,8.005810E+03,6.832284E+02,5.574283E-01,6.033759E-02,0.000000E+00,0.000000E+00,0.000000E+00,0.000000E+00,0.000000E+00,0.000000E+00,0.000000E+00,0.000000E+00,2.110805E+01,7.993595E+01,2.388841E+01,6.705800E+01
03:01:00,8.005810E+03,6.821419E+02,5.574283E-01,6.024164E-02,0.000000E+00,0.000000E+00,0.000000E+00,0.000000E+00,0.000000E+00,0.000000E+00,0.000000E+00,0.000000E+00,2.110805E+01,7.993595E+01,2.388841E+01,6.707301E+01
03:02:00,8.005810E+03,6.810578E+02,5.574283E-01,6.014590E-02,0.000000E+00,0.000000E+00,0.000000E+00,0.000000E+00,0.000000E+00,0.000000E+00,0.000000E+00,0.000000E+00,2.110805E+01,7.993595E+01,2.388841E+01,6.708799E+01
03:03:00,8.005810E+03,6.799761E+02,5.574283E-01,6.005036E-02,0.000000E+00,0.000000E+00,0.000000E+00,0.000000E+00,0.000000E+00,0.000000E+00,0.000000E+00,0.000000E+00,2.110805E+01,7.993595E+01,2.388841E+01,6.710294E+01
03:04:00,8.005810E+03,6.788968E+02,5.574283E-01,5.995505E-02,0.000000E+00,0.000000E+00,0.000000E+00,0.000000E+00,0.000000E+00,0.000000E+00,0.000000E+00,0.000000E+00,2.110805E+01,7.993595E+01,2.388841E+01,6.711787E+01
03:05:00,8.005810E+03,6.778199E+02,5.574283E-01,5.985994E-02,0.000000E+00,0.000000E+00,0.000000E+00,0.000000E+00,0.000000E+00,0.000000E+00,0.000000E+00,0.000000E+00,2.110805E+01,7.993595E+01,2.388841E+01,6.713276E+01
03:06:00,8.005810E+03,6.767454E+02,5.574283E-01,5.976504E-02,0.000000E+00,0.000000E+00,0.000000E+00,0.000000E+00,0.000000E+00,0.000000E+00,0.000000E+00,0.000000E+00,2.110805E+01,7.993595E+01,2.388841E+01,6.714763E+01
03:07:00,8.005810E+03,6.756733E+02,5.574283E-01,5.967036E-02,0.000000E+00,0.000000E+00,0.000000E+00,0.000000E+00,0.000000E+00,0.000000E+00,0.000000E+00,0.000000E+00,2.110805E+01,7.993595E+01,2.388841E+01,6.716247E+01
03:08:00,8.005810E+03,6.746036E+02,5.574283E-01,5.957589E-02,0.000000E+00,0.000000E+00,0.000000E+00,0.000000E+00,0.000000E+00,0.000000E+00,0.000000E+00,0.000000E+00,2.110805E+01,7.993595E+01,2.388841E+01,6.717728E+01
03:09:00,8.005810E+03,6.735363E+02,5.574283E-01,5.948163E-02,0.000000E+00,0.000000E+00,0.000000E+00,0.000000E+00,0.000000E+00,0.000000E+00,0.000000E+00,0.000000E+00,2.110805E+01,7.993595E+01,2.388841E+01,6.719206E+01
03:10:00,8.005810E+03,6.724715E+02,5.574283E-01,5.938759E-02,0.000000E+00,0.000000E+00,0.000000E+00,0.000000E+00,0.000000E+00,0.000000E+00,0.000000E+00,0.000000E+00,2.110805E+01,7.993595E+01,2.388841E+01,6.720682E+01
03:11:00,8.005810E+03,6.714091E+02,5.574283E-01,5.929377E-02,0.000000E+00,0.000000E+00,0.000000E+00,0.000000E+00,0.000000E+00,0.000000E+00,0.000000E+00,0.000000E+00,2.110805E+01,7.993595E+01,2.388841E+01,6.722155E+01
03:12:00,8.005810E+03,6.703492E+02,5.574283E-01,5.920016E-02,0.000000E+00,0.000000E+00,0.000000E+00,0.000000E+00,0.000000E+00,0.000000E+00,0.000000E+00,0.000000E+00,2.110805E+01,7.993595E+01,2.388841E+01,6.723626E+01
03:13:00,8.005810E+03,6.692917E+02,5.574283E-01,5.910677E-02,0.000000E+00,0.000000E+00,0.000000E+00,0.000000E+00,0.000000E+00,0.000000E+00,0.000000E+00,0.000000E+00,2.110805E+01,7.993595E+01,2.388841E+01,6.725093E+01
03:14:00,8.005810E+03,6.682368E+02,5.574283E-01,5.901361E-02,0.000000E+00,0.000000E+00,0.000000E+00,0.000000E+00,0.000000E+00,0.000000E+00,0.000000E+00,0.000000E+00,2.110805E+01,7.993595E+01,2.388841E+01,6.726558E+01
03:15:00,8.005810E+03,6.671844E+02,5.574283E-01,5.892066E-02,0.000000E+00,0.000000E+00,0.000000E+00,0.000000E+00,0.000000E+00,0.000000E+00,0.000000E+00,0.000000E+00,2.110805E+01,7.993595E+01,2.388842E+01,6.728021E+01
03:16:00,8.005810E+03,6.661345E+02,5.574283E-01,5.882795E-02,0.000000E+00,0.000000E+00,0.000000E+00,0.000000E+00,0.000000E+00,0.000000E+00,0.000000E+00,0.000000E+00,2.110805E+01,7.993595E+01,2.388842E+01,6.729480E+01
03:17:00,8.005810E+03,6.650872E+02,5.574283E-01,5.873546E-02,0.000000E+00,0.000000E+00,0.000000E+00,0.000000E+00,0.000000E+00,0.000000E+00,0.000000E+00,0.000000E+00,2.110805E+01,7.993595E+01,2.388842E+01,6.730937E+01
03:18:00,8.005810E+03,6.640426E+02,5.574283E-01,5.864320E-02,0.000000E+00,0.000000E+00,0.000000E+00,0.000000E+00,0.000000E+00,0.000000E+00,0.000000E+00,0.000000E+00,2.110805E+01,7.993595E+01,2.388842E+01,6.732390E+01
03:19:00,8.005810E+03,6.630005E+02,5.574283E-01,5.855116E-02,0.000000E+00,0.000000E+00,0.000000E+00,0.000000E+00,0.000000E+00,0.000000E+00,0.000000E+00,0.000000E+00,2.110805E+01,7.993595E+01,2.388842E+01,6.733841E+01
03:20:00,8.005810E+03,6.619608E+02,5.574283E-01,5.845935E-02,0.000000E+00,0.000000E+00,0.000000E+00,0.000000E+00,0.000000E+00,0.000000E+00,0.000000E+00,0.000000E+00,2.110805E+01,7.993595E+01,2.388842E+01,6.735289E+01
03:21:00,8.005810E+03,6.609237E+02,5.574283E-01,5.836776E-02,0.000000E+00,0.000000E+00,0.000000E+00,0.000000E+00,0.000000E+00,0.000000E+00,0.000000E+00,0.000000E+00,2.110805E+01,7.993595E+01,2.388842E+01,6.736735E+01
03:22:00,8.005810E+03,6.598890E+02,5.574283E-01,5.827638E-02,0.000000E+00,0.000000E+00,0.000000E+00,0.000000E+00,0.000000E+00,0.000000E+00,0.000000E+00,0.000000E+00,2.110805E+01,7.993595E+01,2.388842E+01,6.738177E+01
03:23:00,8.005810E+03,6.588568E+02,5.574283E-01,5.818522E-02,0.000000E+00,0.000000E+00,0.000000E+00,0.000000E+00,0.000000E+00,0.000000E+00,0.000000E+00,0.000000E+00,2.110805E+01,7.993595E+01,2.388842E+01,6.739618E+01
03:24:00,8.005810E+03,6.578271E+02,5.574283E-01,5.809428E-02,0.000000E+00,0.000000E+00,0.000000E+00,0.000000E+00,0.000000E+00,0.000000E+00,0.000000E+00,0.000000E+00,2.110805E+01,7.993595E+01,2.388842E+01,6.741055E+01
03:25:00,8.005810E+03,6.567998E+02,5.574283E-01,5.800355E-02,0.000000E+00,0.000000E+00,0.000000E+00,0.000000E+00,0.000000E+00,0.000000E+00,0.000000E+00,0.000000E+00,2.110805E+01,7.993595E+01,2.388842E+01,6.742490E+01
03:26:00,8.005810E+03,6.557749E+02,5.574283E-01,5.791304E-02,0.000000E+00,0.000000E+00,0.000000E+00,0.000000E+00,0.000000E+00,0.000000E+00,0.000000E+00,0.000000E+00,2.110805E+01,7.993595E+01,2.388842E+01,6.743923E+01
03:27:00,8.005810E+03,6.547525E+02,5.574283E-01,5.782274E-02,0.000000E+00,0.000000E+00,0.000000E+00,0.000000E+00,0.000000E+00,0.000000E+00,0.000000E+00,0.000000E+00,2.110805E+01,7.993595E+01,2.388842E+01,6.745354E+01
03:28:00,8.005810E+03,6.537325E+02,5.574283E-01,5.773266E-02,0.000000E+00,0.000000E+00,0.000000E+00,0.000000E+00,0.000000E+00,0.000000E+00,0.000000E+00,0.000000E+00,2.110805E+01,7.993595E+01,2.388842E+01,6.746782E+01
03:29:00,8.005810E+03,6.527149E+02,5.574283E-01,5.764280E-02,0.000000E+00,0.000000E+00,0.000000E+00,0.000000E+00,0.000000E+00,0.000000E+00,0.000000E+00,0.000000E+00,2.110805E+01,7.993595E+01,2.388842E+01,6.748207E+01
03:30:00,8.005810E+03,6.516997E+02,5.574283E-01,5.755314E-02,0.000000E+00,0.000000E+00,0.000000E+00,0.000000E+00,0.000000E+00,0.000000E+00,0.000000E+00,0.000000E+00,2.110805E+01,7.993595E+01,2.388842E+01,6.749631E+01
03:31:00,8.005810E+03,6.506870E+02,5.574283E-01,5.746370E-02,0.000000E+00,0.000000E+00,0.000000E+00,0.000000E+00,0.000000E+00,0.000000E+00,0.000000E+00,0.000000E+00,2.110805E+01,7.993595E+01,2.388842E+01,6.751052E+01
03:32:00,8.005810E+03,6.496767E+02,5.574283E-01,5.737448E-02,0.000000E+00,0.000000E+00,0.000000E+00,0.000000E+00,0.000000E+00,0.000000E+00,0.000000E+00,0.000000E+00,2.110805E+01,7.993595E+01,2.388842E+01,6.752470E+01
03:33:00,8.005810E+03,6.486688E+02,5.574283E-01,5.728547E-02,0.000000E+00,0.000000E+00,0.000000E+00,0.000000E+00,0.000000E+00,0.000000E+00,0.000000E+00,0.000000E+00,2.110805E+01,7.993595E+01,2.388842E+01,6.753886E+01
03:34:00,8.005810E+03,6.476633E+02,5.574283E-01,5.719667E-02,0.000000E+00,0.000000E+00,0.000000E+00,0.000000E+00,0.000000E+00,0.000000E+00,0.000000E+00,0.000000E+00,2.110805E+01,7.993595E+01,2.388842E+01,6.755300E+01
03:35:00,8.005810E+03,6.466603E+02,5.574283E-01,5.710808E-02,0.000000E+00,0.000000E+00,0.000000E+00,0.000000E+00,0.000000E+00,0.000000E+00,0.000000E+00,0.000000E+00,2.110805E+01,7.993595E+01,2.388842E+01,6.756712E+01
03:36:00,8.005810E+03,6.456597E+02,5.574283E-01,5.701972E-02,0.000000E+00,0.000000E+00,0.000000E+00,0.000000E+00,0.000000E+00,0.000000E+00,0.000000E+00,0.000000E+00,2.110805E+01,7.993595E+01,2.388842E+01,6.758121E+01
03:37:00,8.005810E+03,6.446616E+02,5.574283E-01,5.693157E-02,0.000000E+00,0.000000E+00,0.000000E+00,0.000000E+00,0.000000E+00,0.000000E+00,0.000000E+00,0.000000E+00,2.110805E+01,7.993595E+01,2.388842E+01,6.759528E+01
03:38:00,8.005810E+03,6.436660E+02,5.574283E-01,5.684365E-02,0.000000E+00,0.000000E+00,0.000000E+00,0.000000E+00,0.000000E+00,0.000000E+00,0.000000E+00,0.000000E+00,2.110805E+01,7.993595E+01,2.388843E+01,6.760932E+01
03:39:00,8.005810E+03,6.426729E+02,5.574283E-01,5.675595E-02,0.000000E+00,0.000000E+00,0.000000E+00,0.000000E+00,0.000000E+00,0.000000E+00,0.000000E+00,0.000000E+00,2.110805E+01,7.993595E+01,2.388843E+01,6.762334E+01
03:40:00,8.005810E+03,6.416825E+02,5.574283E-01,5.666847E-02,0.000000E+00,0.000000E+00,0.000000E+00,0.000000E+00,0.000000E+00,0.000000E+00,0.000000E+00,0.000000E+00,2.110805E+01,7.993595E+01,2.388843E+01,6.763733E+01
03:41:00,8.005810E+03,6.406946E+02,5.574283E-01,5.658123E-02,0.000000E+00,0.000000E+00,0.000000E+00,0.000000E+00,0.000000E+00,0.000000E+00,0.000000E+00,0.000000E+00,2.110805E+01,7.993595E+01,2.388843E+01,6.765130E+01
03:42:00,8.005810E+03,6.397093E+02,5.574283E-01,5.649421E-02,0.000000E+00,0.000000E+00,0.000000E+00,0.000000E+00,0.000000E+00,0.000000E+00,0.000000E+00,0.000000E+00,2.110805E+01,7.993595E+01,2.388843E+01,6.766524E+01
03:43:00,8.005810E+03,6.387268E+02,5.574283E-01,5.640744E-02,0.000000E+00,0.000000E+00,0.000000E+00,0.000000E+00,0.000000E+00,0.000000E+00,0.000000E+00,0.000000E+00,2.110805E+01,7.993595E+01,2.388843E+01,6.767916E+01
03:44:00,8.005810E+03,6.377469E+02,5.574283E-01,5.632091E-02,0.000000E+00,0.000000E+00,0.000000E+00,0.000000E+00,0.000000E+00,0.000000E+00,0.000000E+00,0.000000E+00,2.110805E+01,7.993595E+01,2.388843E+01,6.769306E+01
03:45:00,8.005810E+03,6.367699E+02,5.574283E-01,5.623462E-02,0.000000E+00,0.000000E+00,0.000000E+00,0.000000E+00,0.000000E+00,0.000000E+00,0.000000E+00,0.000000E+00,2.110805E+01,7.993595E+01,2.388843E+01,6.770692E+01
03:46:00,8.005810E+03,6.357959E+02,5.574283E-01,5.614860E-02,0.000000E+00,0.000000E+00,0.000000E+00,0.000000E+00,0.000000E+00,0.000000E+00,0.000000E+00,0.000000E+00,2.110805E+01,7.993595E+01,2.388843E+01,6.772075E+01
03:47:00,8.005810E+03,6.348248E+02,5.574283E-01,5.606284E-02,0.000000E+00,0.000000E+00,0.000000E+00,0.000000E+00,0.000000E+00,0.000000E+00,0.000000E+00,0.000000E+00,2.110805E+01,7.993595E+01,2.388843E+01,6.773456E+01
03:48:00,8.005810E+03,6.338558E+02,5.574283E-01,5.597726E-02,0.000000E+00,0.000000E+00,0.000000E+00,0.000000E+00,0.000000E+00,0.000000E+00,0.000000E+00,0.000000E+00,2.110805E+01,7.993595E+01,2.388843E+01,6.774833E+01
03:49:00,8.005810E+03,6.328890E+02,5.574283E-01,5.589188E-02,0.000000E+00,0.000000E+00,0.000000E+00,0.000000E+00,0.000000E+00,0.000000E+00,0.000000E+00,0.000000E+00,2.110805E+01,7.993595E+01,2.388843E+01,6.776208E+01
03:50:00,8.005810E+03,6.319240E+02,5.574283E-01,5.580666E-02,0.000000E+00,0.000000E+00,0.000000E+00,0.000000E+00,0.000000E+00,0.000000E+00,0.000000E+00,0.000000E+00,2.110805E+01,7.993595E+01,2.388843E+01,6.777581E+01
03:51:00,8.005810E+03,6.309609E+02,5.574283E-01,5.572160E-02,0.000000E+00,0.000000E+00,0.000000E+00,0.000000E+00,0.000000E+00,0.000000E+00,0.000000E+00,0.000000E+00,2.110805E+01,7.993595E+01,2.388843E+01,6.778953E+01
03:52:00,8.005810E+03,6.299995E+02,5.574283E-01,5.563669E-02,0.000000E+00,0.000000E+00,0.000000E+00,0.000000E+00,0.000000E+00,0.000000E+00,0.000000E+00,0.000000E+00,2.110805E+01,7.993595E+01,2.388843E+01,6.780324E+01
03:53:00,8.005810E+03,6.290396E+02,5.574283E-01,5.555193E-02,0.000000E+00,0.000000E+00,0.000000E+00,0.000000E+00,0.000000E+00,0.000000E+00,0.000000E+00,0.000000E+00,2.110805E+01,7.993595E+01,2.388843E+01,6.781695E+01
03:54:00,8.005810E+03,6.280813E+02,5.574283E-01,5.546729E-02,0.000000E+00,0.000000E+00,0.000000E+00,0.000000E+00,0.000000E+00,0.000000E+00,0.000000E+00,0.000000E+00,2.110805E+01,7.993595E+01,2.388843E+01,6.783065E+01
03:55:00,8.005810E+03,6.271244E+02,5.574283E-01,5.538278E-02,0.000000E+00,0.000000E+00,0.000000E+00,0.000000E+00,0.000000E+00,0.000000E+00,0.000000E+00,0.000000E+00,2.110805E+01,7.993595E+01,2.388843E+01,6.784436E+01
03:56:00,8.005810E+03,6.261689E+02,5.574283E-01,5.529839E-02,0.000000E+00,0.000000E+00,0.000000E+00,0.000000E+00,0.000000E+00,0.000000E+00,0.000000E+00,0.000000E+00,2.110805E+01,7.993595E+01,2.388843E+01,6.785805E+01
03:57:00,8.005810E+03,6.252146E+02,5.574283E-01,5.521412E-02,0.000000E+00,0.000000E+00,0.000000E+00,0.000000E+00,0.000000E+00,0.000000E+00,0.000000E+00,0.000000E+00,2.110805E+01,7.993595E+01,2.388843E+01,6.787175E+01
03:58:00,8.005810E+03,6.242616E+02,5.574283E-01,5.512995E-02,0.000000E+00,0.000000E+00,0.000000E+00,0.000000E+00,0.000000E+00,0.000000E+00,0.000000E+00,0.000000E+00,2.110805E+01,7.993595E+01,2.388843E+01,6.788545E+01
03:59:00,8.005810E+03,6.233097E+02,5.574283E-01,5.504589E-02,0.000000E+00,0.000000E+00,0.000000E+00,0.000000E+00,0.000000E+00,0.000000E+00,0.000000E+00,0.000000E+00,2.110805E+01,7.993595E+01,2.388844E+01,6.789915E+01
04:00:00,8.005810E+03,6.223589E+02,5.574283E-01,5.496192E-02,0.000000E+00,0.000000E+00,0.000000E+00,0.000000E+00,0.000000E+00,0.000000E+00,0.000000E+00,0.000000E+00,2.110805E+01,7.993595E+01,2.388844E+01,6.791286E+01
04:01:00,8.005810E+03,6.214121E+02,5.574283E-01,5.487830E-02,0.000000E+00,0.000000E+00,0.000000E+00,0.000000E+00,0.000000E+00,0.000000E+00,0.000000E+00,0.000000E+00,2.110805E+01,7.993595E+01,2.388844E+01,6.792656E+01
04:02:00,8.005810E+03,6.204691E+02,5.574283E-01,5.479502E-02,0.000000E+00,0.000000E+00,0.000000E+00,0.000000E+00,0.000000E+00,0.000000E+00,0.000000E+00,0.000000E+00,2.110805E+01,7.993595E+01,2.388844E+01,6.794024E+01
04:03:00,8.005810E+03,6.195299E+02,5.574283E-01,5.471208E-02,0.000000E+00,0.000000E+00,0.000000E+00,0.000000E+00,0.000000E+00,0.000000E+00,0.000000E+00,0.000000E+00,2.110805E+01,7.993595E+01,2.388844E+01,6.795386E+01
04:04:00,8.005810E+03,6.185945E+02,5.574283E-01,5.462946E-02,0.000000E+00,0.000000E+00,0.000000E+00,0.000000E+00,0.000000E+00,0.000000E+00,0.000000E+00,0.000000E+00,2.110805E+01,7.993595E+01,2.388844E+01,6.796743E+01
04:05:00,8.005810E+03,6.176627E+02,5.574283E-01,5.454718E-02,0.000000E+00,0.000000E+00,0.000000E+00,0.000000E+00,0.000000E+00,0.000000E+00,0.000000E+00,0.000000E+00,2.110805E+01,7.993595E+01,2.388844E+01,6.798094E+01
04:06:00,8.005810E+03,6.167347E+02,5.574283E-01,5.446522E-02,0.000000E+00,0.000000E+00,0.000000E+00,0.000000E+00,0.000000E+00,0.000000E+00,0.000000E+00,0.000000E+00,2.110805E+01,7.993595E+01,2.388844E+01,6.799440E+01
04:07:00,8.005810E+03,6.158103E+02,5.574283E-01,5.438358E-02,0.000000E+00,0.000000E+00,0.000000E+00,0.000000E+00,0.000000E+00,0.000000E+00,0.000000E+00,0.000000E+00,2.110805E+01,7.993595E+01,2.388844E+01,6.800780E+01
04:08:00,8.005810E+03,6.148895E+02,5.574283E-01,5.430226E-02,0.000000E+00,0.000000E+00,0.000000E+00,0.000000E+00,0.000000E+00,0.000000E+00,0.000000E+00,0.000000E+00,2.110805E+01,7.993595E+01,2.388844E+01,6.802116E+01
04:09:00,8.005810E+03,6.139723E+02,5.574283E-01,5.422126E-02,0.000000E+00,0.000000E+00,0.000000E+00,0.000000E+00,0.000000E+00,0.000000E+00,0.000000E+00,0.000000E+00,2.110805E+01,7.993595E+01,2.388844E+01,6.803446E+01
04:10:00,8.005810E+03,6.130586E+02,5.574283E-01,5.414057E-02,0.000000E+00,0.000000E+00,0.000000E+00,0.000000E+00,0.000000E+00,0.000000E+00,0.000000E+00,0.000000E+00,2.110805E+01,7.993595E+01,2.388844E+01,6.804772E+01
04:11:00,8.005810E+03,6.121485E+02,5.574283E-01,5.406019E-02,0.000000E+00,0.000000E+00,0.000000E+00,0.000000E+00,0.000000E+00,0.000000E+00,0.000000E+00,0.000000E+00,2.110805E+01,7.993595E+01,2.388844E+01,6.806093E+01
04:12:00,8.005810E+03,6.112423E+02,5.574283E-01,5.398016E-02,0.000000E+00,0.000000E+00,0.000000E+00,0.000000E+00,0.000000E+00,0.000000E+00,0.000000E+00,0.000000E+00,2.110805E+01,7.993595E+01,2.388844E+01,6.807410E+01
04:13:00,8.005810E+03,6.103393E+02,5.574283E-01,5.390041E-02,0.000000E+00,0.000000E+00,0.000000E+00,0.000000E+00,0.000000E+00,0.000000E+00,0.000000E+00,0.000000E+00,2.110805E+01,7.993595E+01,2.388844E+01,6.808722E+01
04:14:00,8.005810E+03,6.094400E+02,5.574283E-01,5.382099E-02,0.000000E+00,0.000000E+00,0.000000E+00,0.000000E+00,0.000000E+00,0.000000E+00,0.000000E+00,0.000000E+00,2.110805E+01,7.993595E+01,2.388844E+01,6.810029E+01
04:15:00,8.005810E+03,6.085439E+02,5.574283E-01,5.374186E-02,0.000000E+00,0.000000E+00,0.000000E+00,0.000000E+00,0.000000E+00,0.000000E+00,0.000000E+00,0.000000E+00,2.110805E+01,7.993595E+01,2.388844E+01,6.811331E+01
04:16:00,8.005810E+03,6.076515E+02,5.574283E-01,5.366304E-02,0.000000E+00,0.000000E+00,0.000000E+00,0.000000E+00,0.000000E+00,0.000000E+00,0.000000E+00,0.000000E+00,2.110805E+01,7.993595E+01,2.388844E+01,6.812630E+01
04:17:00,8.005810E+03,6.067622E+02,5.574283E-01,5.358450E-02,0.000000E+00,0.000000E+00,0.000000E+00,0.000000E+00,0.000000E+00,0.000000E+00,0.000000E+00,0.000000E+00,2.110805E+01,7.993595E+01,2.388844E+01,6.813924E+01
04:18:00,8.005810E+03,6.058766E+02,5.574283E-01,5.350629E-02,0.000000E+00,0.000000E+00,0.000000E+00,0.000000E+00,0.000000E+00,0.000000E+00,0.000000E+00,0.000000E+00,2.110805E+01,7.993595E+01,2.388844E+01,6.815214E+01
04:19:00,8.005810E+03,6.049943E+02,5.574283E-01,5.342837E-02,0.000000E+00,0.000000E+00,0.000000E+00,0.000000E+00,0.000000E+00,0.000000E+00,0.000000E+00,0.000000E+00,2.110805E+01,7.993595E+01,2.388844E+01,6.816500E+01
04:20:00,8.005810E+03,6.041159E+02,5.574283E-01,5.335079E-02,0.000000E+00,0.000000E+00,0.000000E+00,0.000000E+00,0.000000E+00,0.000000E+00,0.000000E+00,0.000000E+00,2.110805E+01,7.993595E+01,2.388844E+01,6.817781E+01
04:21:00,8.005810E+03,6.032410E+02,5.574283E-01,5.327353E-02,0.000000E+00,0.000000E+00,0.000000E+00,0.000000E+00,0.000000E+00,0.000000E+00,0.000000E+00,0.000000E+00,2.110805E+01,7.993595E+01,2.388844E+01,6.819058E+01
04:22:00,8.005810E+03,6.023700E+02,5.574283E-01,5.319661E-02,0.000000E+00,0.000000E+00,0.000000E+00,0.000000E+00,0.000000E+00,0.000000E+00,0.000000E+00,0.000000E+00,2.110805E+01,7.993595E+01,2.388844E+01,6.820330E+01
04:23:00,8.005810E+03,6.015023E+02,5.574283E-01,5.311997E-02,0.000000E+00,0.000000E+00,0.000000E+00,0.000000E+00,0.000000E+00,0.000000E+00,0.000000E+00,0.000000E+00,2.110805E+01,7.993595E+01,2.388844E+01,6.821598E+01
04:24:00,8.005810E+03,6.006381E+02,5.574283E-01,5.304365E-02,0.000000E+00,0.000000E+00,0.000000E+00,0.000000E+00,0.000000E+00,0.000000E+00,0.000000E+00,0.000000E+00,2.110805E+01,7.993595E+01,2.388844E+01,6.822862E+01
04:25:00,8.005810E+03,5.997769E+02,5.574283E-01,5.296760E-02,0.000000E+00,0.000000E+00,0.000000E+00,0.000000E+00,0.000000E+00,0.000000E+00,0.000000E+00,0.000000E+00,2.110805E+01,7.993595E+01,2.388845E+01,6.824121E+01
04:26:00,8.005810E+03,5.989191E+02,5.574283E-01,5.289184E-02,0.000000E+00,0.000000E+00,0.000000E+00,0.000000E+00,0.000000E+00,0.000000E+00,0.000000E+00,0.000000E+00,2.110805E+01,7.993595E+01,2.388845E+01,6.825378E+01
04:27:00,8.005810E+03,5.980642E+02,5.574283E-01,5.281634E-02,0.000000E+00,0.000000E+00,0.000000E+00,0.000000E+00,0.000000E+00,0.000000E+00,0.000000E+00,0.000000E+00,2.110805E+01,7.993595E+01,2.388845E+01,6.826631E+01
04:28:00,8.005810E+03,5.972126E+02,5.574283E-01,5.274114E-02,0.000000E+00,0.000000E+00,0.000000E+00,0.000000E+00,0.000000E+00,0.000000E+00,0.000000E+00,0.000000E+00,2.110805E+01,7.993595E+01,2.388845E+01,6.827882E+01
04:29:00,8.005810E+03,5.963639E+02,5.574283E-01,5.266618E-02,0.000000E+00,0.000000E+00,0.000000E+00,0.000000E+00,0.000000E+00,0.000000E+00,0.000000E+00,0.000000E+00,2.110805E+01,7.993595E+01,2.388845E+01,6.829130E+01
04:30:00,8.005810E+03,5.955183E+02,5.574283E-01,5.259150E-02,0.000000E+00,0.000000E+00,0.000000E+00,0.000000E+00,0.000000E+00,0.000000E+00,0.000000E+00,0.000000E+00,2.110805E+01,7.993595E+01,2.388845E+01,6.830374E+01
04:31:00,8.005810E+03,5.946753E+02,5.574283E-01,5.251706E-02,0.000000E+00,0.000000E+00,0.000000E+00,0.000000E+00,0.000000E+00,0.000000E+00,0.000000E+00,0.000000E+00,2.110805E+01,7.993595E+01,2.388845E+01,6.831617E+01
04:32:00,8.005810E+03,5.938353E+02,5.574283E-01,5.244287E-02,0.000000E+00,0.000000E+00,0.000000E+00,0.000000E+00,0.000000E+00,0.000000E+00,0.000000E+00,0.000000E+00,2.110805E+01,7.993595E+01,2.388845E+01,6.832856E+01
04:33:00,8.005810E+03,5.929976E+02,5.574283E-01,5.236889E-02,0.000000E+00,0.000000E+00,0.000000E+00,0.000000E+00,0.000000E+00,0.000000E+00,0.000000E+00,0.000000E+00,2.110805E+01,7.993595E+01,2.388845E+01,6.834094E+01
04:34:00,8.005810E+03,5.921627E+02,5.574283E-01,5.229515E-02,0.000000E+00,0.000000E+00,0.000000E+00,0.000000E+00,0.000000E+00,0.000000E+00,0.000000E+00,0.000000E+00,2.110805E+01,7.993595E+01,2.388845E+01,6.835329E+01
04:35:00,8.005810E+03,5.913299E+02,5.574283E-01,5.222161E-02,0.000000E+00,0.000000E+00,0.000000E+00,0.000000E+00,0.000000E+00,0.000000E+00,0.000000E+00,0.000000E+00,2.110805E+01,7.993595E+01,2.388845E+01,6.836563E+01
04:36:00,8.005810E+03,5.904998E+02,5.574283E-01,5.214829E-02,0.000000E+00,0.000000E+00,0.000000E+00,0.000000E+00,0.000000E+00,0.000000E+00,0.000000E+00,0.000000E+00,2.110805E+01,7.993595E+01,2.388845E+01,6.837795E+01
04:37:00,8.005810E+03,5.896716E+02,5.574283E-01,5.207516E-02,0.000000E+00,0.000000E+00,0.000000E+00,0.000000E+00,0.000000E+00,0.000000E+00,0.000000E+00,0.000000E+00,2.110805E+01,7.993595E+01,2.388845E+01,6.839026E+01
04:38:00,8.005810E+03,5.888460E+02,5.574283E-01,5.200224E-02,0.000000E+00,0.000000E+00,0.000000E+00,0.000000E+00,0.000000E+00,0.000000E+00,0.000000E+00,0.000000E+00,2.110805E+01,7.993595E+01,2.388845E+01,6.840255E+01
04:39:00,8.005810E+03,5.880531E+02,5.574283E-01,5.193222E-02,0.000000E+00,0.000000E+00,0.000000E+00,0.000000E+00,0.000000E+00,0.000000E+00,0.000000E+00,0.000000E+00,2.110805E+01,7.993595E+01,2.388845E+01,6.841484E+01
04:40:00,8.005810E+03,5.872689E+02,5.574283E-01,5.186296E-02,0.000000E+00,0.000000E+00,0.000000E+00,0.000000E+00,0.000000E+00,0.000000E+00,0.000000E+00,0.000000E+00,2.110805E+01,7.993595E+01,2.388845E+01,6.842674E+01
04:41:00,8.005810E+03,5.864920E+02,5.574283E-01,5.179435E-02,0.000000E+00,0.000000E+00,0.000000E+00,0.000000E+00,0.000000E+00,0.000000E+00,0.000000E+00,0.000000E+00,2.110805E+01,7.993595E+01,2.388845E+01,6.843832E+01
04:42:00,8.005810E+03,5.857214E+02,5.574283E-01,5.172630E-02,0.000000E+00,0.000000E+00,0.000000E+00,0.000000E+00,0.000000E+00,0.000000E+00,0.000000E+00,0.000000E+00,2.110805E+01,7.993595E+01,2.388845E+01,6.844971E+01
04:43:00,8.005810E+03,5.849571E+02,5.574283E-01,5.165880E-02,0.000000E+00,0.000000E+00,0.000000E+00,0.000000E+00,0.000000E+00,0.000000E+00,0.000000E+00,0.000000E+00,2.110805E+01,7.993595E+01,2.388845E+01,6.846099E+01
04:44:00,8.005810E+03,5.841999E+02,5.574283E-01,5.159193E-02,0.000000E+00,0.000000E+00,0.000000E+00,0.000000E+00,0.000000E+00,0.000000E+00,0.000000E+00,0.000000E+00,2.110805E+01,7.993595E+01,2.388845E+01,6.847218E+01
04:45:00,8.005810E+03,5.834503E+02,5.574283E-01,5.152572E-02,0.000000E+00,0.000000E+00,0.000000E+00,0.000000E+00,0.000000E+00,0.000000E+00,0.000000E+00,0.000000E+00,2.110805E+01,7.993595E+01,2.388845E+01,6.848329E+01
04:46:00,8.005810E+03,5.827163E+02,5.574283E-01,5.146090E-02,0.000000E+00,0.000000E+00,0.000000E+00,0.000000E+00,0.000000E+00,0.000000E+00,0.000000E+00,0.000000E+00,2.110805E+01,7.993595E+01,2.388845E+01,6.849429E+01
04:47:00,8.005810E+03,5.819918E+02,5.574283E-01,5.139692E-02,0.000000E+00,0.000000E+00,0.000000E+00,0.000000E+00,0.000000E+00,0.000000E+00,0.000000E+00,0.000000E+00,2.110805E+01,7.993595E+01,2.388845E+01,6.850509E+01
04:48:00,8.005810E+03,5.812780E+02,5.574283E-01,5.133388E-02,0.000000E+00,0.000000E+00,0.000000E+00,0.000000E+00,0.000000E+00,0.000000E+00,0.000000E+00,0.000000E+00,2.110805E+01,7.993595E+01,2.388845E+01,6.851570E+01
04:49:00,8.005810E+03,5.805750E+02,5.574283E-01,5.127179E-02,0.000000E+00,0.000000E+00,0.000000E+00,0.000000E+00,0.000000E+00,0.000000E+00,0.000000E+00,0.000000E+00,2.110805E+01,7.993595E+01,2.388845E+01,6.852613E+01
04:50:00,8.005810E+03,5.798833E+02,5.574283E-01,5.121070E-02,0.000000E+00,0.000000E+00,0.000000E+00,0.000000E+00,0.000000E+00,0.000000E+00,0.000000E+00,0.000000E+00,2.110805E+01,7.993595E+01,2.388845E+01,6.853640E+01
04:51:00,8.005810E+03,5.792034E+02,5.574283E-01,5.115066E-02,0.000000E+00,0.000000E+00,0.000000E+00,0.000000E+00,0.000000E+00,0.000000E+00,0.000000E+00,0.000000E+00,2.110805E+01,7.993595E+01,2.388845E+01,6.854652E+01
04:52:00,8.005810E+03,5.785357E+02,5.574283E-01,5.109169E-02,0.000000E+00,0.000000E+00,0.000000E+00,0.000000E+00,0.000000E+00,0.000000E+00,0.000000E+00,0.000000E+00,2.110805E+01,7.993595E+01,2.388845E+01,6.855648E+01
04:53:00,8.005810E+03,5.778806E+02,5.574283E-01,5.103384E-02,0.000000E+00,0.000000E+00,0.000000E+00,0.000000E+00,0.000000E+00,0.000000E+00,0.000000E+00,0.000000E+00,2.110805E+01,7.993595E+01,2.388845E+01,6.856628E+01
04:54:00,8.005810E+03,5.772385E+02,5.574283E-01,5.097713E-02,0.000000E+00,0.000000E+00,0.000000E+00,0.000000E+00,0.000000E+00,0.000000E+00,0.000000E+00,0.000000E+00,2.110805E+01,7.993595E+01,2.388845E+01,6.857590E+01
04:55:00,8.005810E+03,5.766097E+02,5.574283E-01,5.092160E-02,0.000000E+00,0.000000E+00,0.000000E+00,0.000000E+00,0.000000E+00,0.000000E+00,0.000000E+00,0.000000E+00,2.110805E+01,7.993595E+01,2.388845E+01,6.858536E+01
04:56:00,8.005810E+03,5.760102E+02,5.574283E-01,5.086865E-02,0.000000E+00,0.000000E+00,0.000000E+00,0.000000E+00,0.000000E+00,0.000000E+00,0.000000E+00,0.000000E+00,2.110805E+01,7.993595E+01,2.388845E+01,6.859464E+01
04:57:00,8.005810E+03,5.754261E+02,5.574283E-01,5.081707E-02,0.000000E+00,0.000000E+00,0.000000E+00,0.000000E+00,0.000000E+00,0.000000E+00,0.000000E+00,0.000000E+00,2.110805E+01,7.993595E+01,2.388845E+01,6.860356E+01
04:58:00,8.005810E+03,5.748575E+02,5.574283E-01,5.076686E-02,0.000000E+00,0.000000E+00,0.000000E+00,0.000000E+00,0.000000E+00,0.000000E+00,0.000000E+00,0.000000E+00,2.110805E+01,7.993595E+01,2.388845E+01,6.861216E+01
04:59:00,8.005810E+03,5.743040E+02,5.574283E-01,5.071797E-02,0.000000E+00,0.000000E+00,0.000000E+00,0.000000E+00,0.000000E+00,0.000000E+00,0.000000E+00,0.000000E+00,2.110805E+01,7.993595E+01,2.388845E+01,6.862052E+01
05:00:00,8.005810E+03,5.737662E+02,5.574283E-01,5.067048E-02,0.000000E+00,0.000000E+00,0.000000E+00,0.000000E+00,0.000000E+00,0.000000E+00,0.000000E+00,0.000000E+00,2.110805E+01,7.993595E+01,2.388845E+01,6.862868E+01
05:01:00,8.005810E+03,5.732530E+02,5.574283E-01,5.062516E-02,0.000000E+00,0.000000E+00,0.000000E+00,0.000000E+00,0.000000E+00,0.000000E+00,0.000000E+00,0.000000E+00,2.110805E+01,7.993595E+01,2.388845E+01,6.863666E+01
05:02:00,8.005810E+03,5.727645E+02,5.574283E-01,5.058202E-02,0.000000E+00,0.000000E+00,0.000000E+00,0.000000E+00,0.000000E+00,0.000000E+00,0.000000E+00,0.000000E+00,2.110805E+01,7.993595E+01,2.388845E+01,6.864430E+01
05:03:00,8.005810E+03,5.723010E+02,5.574283E-01,5.054108E-02,0.000000E+00,0.000000E+00,0.000000E+00,0.000000E+00,0.000000E+00,0.000000E+00,0.000000E+00,0.000000E+00,2.110805E+01,7.993595E+01,2.388845E+01,6.865152E+01
05:04:00,8.005810E+03,5.718626E+02,5.574283E-01,5.050237E-02,0.000000E+00,0.000000E+00,0.000000E+00,0.000000E+00,0.000000E+00,0.000000E+00,0.000000E+00,0.000000E+00,2.110805E+01,7.993595E+01,2.388845E+01,6.865830E+01
05:05:00,8.005810E+03,5.714496E+02,5.574283E-01,5.046589E-02,0.000000E+00,0.000000E+00,0.000000E+00,0.000000E+00,0.000000E+00,0.000000E+00,0.000000E+00,0.000000E+00,2.110805E+01,7.993595E+01,2.388845E+01,6.866464E+01
05:06:00,8.005810E+03,5.710620E+02,5.574283E-01,5.043166E-02,0.000000E+00,0.000000E+00,0.000000E+00,0.000000E+00,0.000000E+00,0.000000E+00,0.000000E+00,0.000000E+00,2.110805E+01,7.993595E+01,2.388845E+01,6.867053E+01
05:07:00,8.005810E+03,5.707000E+02,5.574283E-01,5.039969E-02,0.000000E+00,0.000000E+00,0.000000E+00,0.000000E+00,0.000000E+00,0.000000E+00,0.000000E+00,0.000000E+00,2.110805E+01,7.993595E+01,2.388845E+01,6.867601E+01
05:08:00,8.005810E+03,5.703636E+02,5.574283E-01,5.036998E-02,0.000000E+00,0.000000E+00,0.000000E+00,0.000000E+00,0.000000E+00,0.000000E+00,0.000000E+00,0.000000E+00,2.110805E+01,7.993595E+01,2.388845E+01,6.868107E+01
05:09:00,8.005810E+03,5.700517E+02,5.574283E-01,5.034243E-02,0.000000E+00,0.000000E+00,0.000000E+00,0.000000E+00,0.000000E+00,0.000000E+00,0.000000E+00,0.000000E+00,2.110805E+01,7.993595E+01,2.388845E+01,6.868571E+01
05:10:00,8.005810E+03,5.697630E+02,5.574283E-01,5.031694E-02,0.000000E+00,0.000000E+00,0.000000E+00,0.000000E+00,0.000000E+00,0.000000E+00,0.000000E+00,0.000000E+00,2.110805E+01,7.993595E+01,2.388844E+01,6.868998E+01
05:11:00,8.005810E+03,5.694975E+02,5.574283E-01,5.029349E-02,0.000000E+00,0.000000E+00,0.000000E+00,0.000000E+00,0.000000E+00,0.000000E+00,0.000000E+00,0.000000E+00,2.110805E+01,7.993595E+01,2.388844E+01,6.869389E+01
05:12:00,8.005810E+03,5.692547E+02,5.574283E-01,5.027205E-02,0.000000E+00,0.000000E+00,0.000000E+00,0.000000E+00,0.000000E+00,0.000000E+00,0.000000E+00,0.000000E+00,2.110805E+01,7.993595E+01,2.388844E+01,6.869747E+01
05:13:00,8.005810E+03,5.690354E+02,5.574283E-01,5.025268E-02,0.000000E+00,0.000000E+00,0.000000E+00,0.000000E+00,0.000000E+00,0.000000E+00,0.000000E+00,0.000000E+00,2.110805E+01,7.993595E+01,2.388844E+01,6.870074E+01
05:14:00,8.005810E+03,5.688390E+02,5.574283E-01,5.023534E-02,0.000000E+00,0.000000E+00,0.000000E+00,0.000000E+00,0.000000E+00,0.000000E+00,0.000000E+00,0.000000E+00,2.110805E+01,7.993595E+01,2.388844E+01,6.870369E+01
05:15:00,8.005810E+03,5.686659E+02,5.574283E-01,5.022005E-02,0.000000E+00,0.000000E+00,0.000000E+00,0.000000E+00,0.000000E+00,0.000000E+00,0.000000E+00,0.000000E+00,2.110805E+01,7.993595E+01,2.388844E+01,6.870634E+01
05:16:00,8.005810E+03,5.685491E+02,5.574283E-01,5.020974E-02,0.000000E+00,0.000000E+00,0.000000E+00,0.000000E+00,0.000000E+00,0.000000E+00,0.000000E+00,0.000000E+00,2.110805E+01,7.993595E+01,2.388844E+01,6.870869E+01
05:17:00,8.005810E+03,5.684579E+02,5.574283E-01,5.020169E-02,0.000000E+00,0.000000E+00,0.000000E+00,0.000000E+00,0.000000E+00,0.000000E+00,0.000000E+00,0.000000E+00,2.110805E+01,7.993595E+01,2.388844E+01,6.871035E+01
05:18:00,8.005810E+03,5.683908E+02,5.574283E-01,5.019576E-02,0.000000E+00,0.000000E+00,0.000000E+00,0.000000E+00,0.000000E+00,0.000000E+00,0.000000E+00,0.000000E+00,2.110805E+01,7.993595E+01,2.388844E+01,6.871144E+01
05:19:00,8.005810E+03,5.683481E+02,5.574283E-01,5.019199E-02,0.000000E+00,0.000000E+00,0.000000E+00,0.000000E+00,0.000000E+00,0.000000E+00,0.000000E+00,0.000000E+00,2.110805E+01,7.993595E+01,2.388844E+01,6.871214E+01
05:20:00,8.005810E+03,5.683289E+02,5.574283E-01,5.019029E-02,0.000000E+00,0.000000E+00,0.000000E+00,0.000000E+00,0.000000E+00,0.000000E+00,0.000000E+00,0.000000E+00,2.110805E+01,7.993595E+01,2.388844E+01,6.871255E+01
05:21:00,8.005810E+03,5.683336E+02,5.574283E-01,5.019071E-02,0.000000E+00,0.000000E+00,0.000000E+00,0.000000E+00,0.000000E+00,0.000000E+00,0.000000E+00,0.000000E+00,2.110805E+01,7.993595E+01,2.388844E+01,6.871270E+01
05:22:00,8.005810E+03,5.683620E+02,5.574283E-01,5.019321E-02,0.000000E+00,0.000000E+00,0.000000E+00,0.000000E+00,0.000000E+00,0.000000E+00,0.000000E+00,0.000000E+00,2.110805E+01,7.993595E+01,2.388844E+01,6.871260E+01
05:23:00,8.005810E+03,5.684144E+02,5.574283E-01,5.019784E-02,0.000000E+00,0.000000E+00,0.000000E+00,0.000000E+00,0.000000E+00,0.000000E+00,0.000000E+00,0.000000E+00,2.110805E+01,7.993595E+01,2.388844E+01,6.871224E+01
05:24:00,8.005810E+03,5.684904E+02,5.574283E-01,5.020455E-02,0.000000E+00,0.000000E+00,0.000000E+00,0.000000E+00,0.000000E+00,0.000000E+00,0.000000E+00,0.000000E+00,2.110805E+01,7.993595E+01,2.388844E+01,6.871164E+01
05:25:00,8.005810E+03,5.685903E+02,5.574283E-01,5.021338E-02,0.000000E+00,0.000000E+00,0.000000E+00,0.000000E+00,0.000000E+00,0.000000E+00,0.000000E+00,0.000000E+00,2.110805E+01,7.993595E+01,2.388844E+01,6.871080E+01
05:26:00,8.005810E+03,5.687138E+02,5.574283E-01,5.022429E-02,0.000000E+00,0.000000E+00,0.000000E+00,0.000000E+00,0.000000E+00,0.000000E+00,0.000000E+00,0.000000E+00,2.110805E+01,7.993595E+01,2.388843E+01,6.870973E+01
05:27:00,8.005810E+03,5.688610E+02,5.574283E-01,5.023729E-02,0.000000E+00,0.000000E+00,0.000000E+00,0.000000E+00,0.000000E+00,0.000000E+00,0.000000E+00,0.000000E+00,2.110805E+01,7.993595E+01,2.388843E+01,6.870844E+01
05:28:00,8.005810E+03,5.690317E+02,5.574283E-01,5.025236E-02,0.000000E+00,0.000000E+00,0.000000E+00,0.000000E+00,0.000000E+00,0.000000E+00,0.000000E+00,0.000000E+00,2.110805E+01,7.993595E+01,2.388843E+01,6.870694E+01
05:29:00,8.005810E+03,5.692261E+02,5.574283E-01,5.026954E-02,0.000000E+00,0.000000E+00,0.000000E+00,0.000000E+00,0.000000E+00,0.000000E+00,0.000000E+00,0.000000E+00,2.110805E+01,7.993595E+01,2.388843E+01,6.870522E+01
05:30:00,8.005810E+03,5.694439E+02,5.574283E-01,5.028877E-02,0.000000E+00,0.000000E+00,0.000000E+00,0.000000E+00,0.000000E+00,0.000000E+00,0.000000E+00,0.000000E+00,2.110805E+01,7.993595E+01,2.388843E+01,6.870331E+01
05:31:00,8.005810E+03,5.696854E+02,5.574283E-01,5.031010E-02,0.000000E+00,0.000000E+00,0.000000E+00,0.000000E+00,0.000000E+00,0.000000E+00,0.000000E+00,0.000000E+00,2.110805E+01,7.993595E+01,2.388843E+01,6.870120E+01
05:32:00,8.005810E+03,5.699504E+02,5.574283E-01,5.033350E-02,0.000000E+00,0.000000E+00,0.000000E+00,0.000000E+00,0.000000E+00,0.000000E+00,0.000000E+00,0.000000E+00,2.110805E+01,7.993595E+01,2.388843E+01,6.869890E+01
05:33:00,8.005810E+03,5.702391E+02,5.574283E-01,5.035899E-02,0.000000E+00,0.000000E+00,0.000000E+00,0.000000E+00,0.000000E+00,0.000000E+00,0.000000E+00,0.000000E+00,2.110805E+01,7.993595E+01,2.388843E+01,6.869642E+01
05:34:00,8.005810E+03,5.705510E+02,5.574283E-01,5.038655E-02,0.000000E+00,0.000000E+00,0.000000E+00,0.000000E+00,0.000000E+00,0.000000E+00,0.000000E+00,0.000000E+00,2.110805E+01,7.993595E+01,2.388843E+01,6.869376E+01
05:35:00,8.005810E+03,5.708868E+02,5.574283E-01,5.041620E-02,0.000000E+00,0.000000E+00,0.000000E+00,0.000000E+00,0.000000E+00,0.000000E+00,0.000000E+00,0.000000E+00,2.110805E+01,7.993595E+01,2.388843E+01,6.869093E+01
05:36:00,8.005810E+03,5.712457E+02,5.574283E-01,5.044790E-02,0.000000E+00,0.000000E+00,0.000000E+00,0.000000E+00,0.000000E+00,0.000000E+00,0.000000E+00,0.000000E+00,2.110805E+01,7.993595E+01,2.388843E+01,6.868794E+01
05:37:00,8.005810E+03,5.716283E+02,5.574283E-01,5.048169E-02,0.000000E+00,0.000000E+00,0.000000E+00,0.000000E+00,0.000000E+00,0.000000E+00,0.000000E+00,0.000000E+00,2.110805E+01,7.993595E+01,2.388843E+01,6.868479E+01
05:38:00,8.005810E+03,5.720340E+02,5.574283E-01,5.051751E-02,0.000000E+00,0.000000E+00,0.000000E+00,0.000000E+00,0.000000E+00,0.000000E+00,0.000000E+00,0.000000E+00,2.110805E+01,7.993595E+01,2.388843E+01,6.868148E+01
05:39:00,8.005810E+03,5.724323E+02,5.574283E-01,5.055270E-02,0.000000E+00,0.000000E+00,0.000000E+00,0.000000E+00,0.000000E+00,0.000000E+00,0.000000E+00,0.000000E+00,2.110805E+01,7.993595E+01,2.388843E+01,6.867803E+01
05:40:00,8.005810E+03,5.728473E+02,5.574283E-01,5.058934E-02,0.000000E+00,0.000000E+00,0.000000E+00,0.000000E+00,0.000000E+00,0.000000E+00,0.000000E+00,0.000000E+00,2.110805E+01,7.993595E+01,2.388843E+01,6.867443E+01
05:41:00,8.005810E+03,5.732801E+02,5.574283E-01,5.062756E-02,0.000000E+00,0.000000E+00,0.000000E+00,0.000000E+00,0.000000E+00,0.000000E+00,0.000000E+00,0.000000E+00,2.110805E+01,7.993595E+01,2.388843E+01,6.867069E+01
05:42:00,8.005810E+03,5.737315E+02,5.574283E-01,5.066744E-02,0.000000E+00,0.000000E+00,0.000000E+00,0.000000E+00,0.000000E+00,0.000000E+00,0.000000E+00,0.000000E+00,2.110805E+01,7.993595E+01,2.388843E+01,6.866683E+01
05:43:00,8.005810E+03,5.742016E+02,5.574283E-01,5.070895E-02,0.000000E+00,0.000000E+00,0.000000E+00,0.000000E+00,0.000000E+00,0.000000E+00,0.000000E+00,0.000000E+00,2.110805E+01,7.993595E+01,2.388843E+01,6.866283E+01
05:44:00,8.005810E+03,5.746893E+02,5.574283E-01,5.075202E-02,0.000000E+00,0.000000E+00,0.000000E+00,0.000000E+00,0.000000E+00,0.000000E+00,0.000000E+00,0.000000E+00,2.110805E+01,7.993595E+01,2.388843E+01,6.865871E+01
05:45:00,8.005810E+03,5.751940E+02,5.574283E-01,5.079660E-02,0.000000E+00,0.000000E+00,0.000000E+00,0.000000E+00,0.000000E+00,0.000000E+00,0.000000E+00,0.000000E+00,2.110805E+01,7.993595E+01,2.388843E+01,6.865448E+01
05:46:00,8.005810E+03,5.757074E+02,5.574283E-01,5.084193E-02,0.000000E+00,0.000000E+00,0.000000E+00,0.000000E+00,0.000000E+00,0.000000E+00,0.000000E+00,0.000000E+00,2.110805E+01,7.993595E+01,2.388843E+01,6.865013E+01
05:47:00,8.005810E+03,5.762353E+02,5.574283E-01,5.088856E-02,0.000000E+00,0.000000E+00,0.000000E+00,0.000000E+00,0.000000E+00,0.000000E+00,0.000000E+00,0.000000E+00,2.110805E+01,7.993595E+01,2.388843E+01,6.864567E+01
05:48:00,8.005810E+03,5.767775E+02,5.574283E-01,5.093645E-02,0.000000E+00,0.000000E+00,0.000000E+00,0.000000E+00,0.000000E+00,0.000000E+00,0.000000E+00,0.000000E+00,2.110805E+01,7.993595E+01,2.388843E+01,6.864110E+01
05:49:00,8.005810E+03,5.773338E+02,5.574283E-01,5.098558E-02,0.000000E+00,0.000000E+00,0.000000E+00,0.000000E+00,0.000000E+00,0.000000E+00,0.000000E+00,0.000000E+00,2.110805E+01,7.993595E+01,2.388842E+01,6.863644E+01
05:50:00,8.005810E+03,5.779037E+02,5.574283E-01,5.103590E-02,0.000000E+00,0.000000E+00,0.000000E+00,0.000000E+00,0.000000E+00,0.000000E+00,0.000000E+00,0.000000E+00,2.110805E+01,7.993595E+01,2.388842E+01,6.863168E+01
05:51:00,8.005810E+03,5.784867E+02,5.574283E-01,5.108739E-02,0.000000E+00,0.000000E+00,0.000000E+00,0.000000E+00,0.000000E+00,0.000000E+00,0.000000E+00,0.000000E+00,2.110805E+01,7.993595E+01,2.388842E+01,6.862682E+01
05:52:00,8.005810E+03,5.790824E+02,5.574283E-01,5.114000E-02,0.000000E+00,0.000000E+00,0.000000E+00,0.000000E+00,0.000000E+00,0.000000E+00,0.000000E+00,0.000000E+00,2.110805E+01,7.993595E+01,2.388842E+01,6.862188E+01
05:53:00,8.005810E+03,5.796905E+02,5.574283E-01,5.119370E-02,0.000000E+00,0.000000E+00,0.000000E+00,0.000000E+00,0.000000E+00,0.000000E+00,0.000000E+00,0.000000E+00,2.110805E+01,7.993595E+01,2.388842E+01,6.861684E+01
05:54:00,8.005810E+03,5.803105E+02,5.574283E-01,5.124846E-02,0.000000E+00,0.000000E+00,0.000000E+00,0.000000E+00,0.000000E+00,0.000000E+00,0.000000E+00,0.000000E+00,2.110805E+01,7.993595E+01,2.388842E+01,6.861173E+01
05:55:00,8.005810E+03,5.809421E+02,5.574283E-01,5.130424E-02,0.000000E+00,0.000000E+00,0.000000E+00,0.000000E+00,0.000000E+00,0.000000E+00,0.000000E+00,0.000000E+00,2.110805E+01,7.993595E+01,2.388842E+01,6.860654E+01
05:56:00,8.005810E+03,5.815693E+02,5.574283E-01,5.135964E-02,0.000000E+00,0.000000E+00,0.000000E+00,0.000000E+00,0.000000E+00,0.000000E+00,0.000000E+00,0.000000E+00,2.110805E+01,7.993595E+01,2.388842E+01,6.860127E+01
05:57:00,8.005810E+03,5.822060E+02,5.574283E-01,5.141587E-02,0.000000E+00,0.000000E+00,0.000000E+00,0.000000E+00,0.000000E+00,0.000000E+00,0.000000E+00,0.000000E+00,2.110805E+01,7.993595E+01,2.388842E+01,6.859594E+01
05:58:00,8.005810E+03,5.828519E+02,5.574283E-01,5.147291E-02,0.000000E+00,0.000000E+00,0.000000E+00,0.000000E+00,0.000000E+00,0.000000E+00,0.000000E+00,0.000000E+00,2.110805E+01,7.993595E+01,2.388842E+01,6.859053E+01
05:59:00,8.005810E+03,5.835076E+02,5.574283E-01,5.153082E-02,0.000000E+00,0.000000E+00,0.000000E+00,0.000000E+00,0.000000E+00,0.000000E+00,0.000000E+00,0.000000E+00,2.110805E+01,7.993595E+01,2.388842E+01,6.858506E+01
06:00:00,8.005810E+03,5.841723E+02,5.574283E-01,5.158952E-02,0.000000E+00,0.000000E+00,0.000000E+00,0.000000E+00,0.000000E+00,0.000000E+00,0.000000E+00,0.000000E+00,2.110805E+01,7.993595E+01,2.388842E+01,6.857952E+01
06:01:00,8.005810E+03,5.848487E+02,5.574283E-01,5.164926E-02,0.000000E+00,0.000000E+00,0.000000E+00,0.000000E+00,0.000000E+00,0.000000E+00,0.000000E+00,0.000000E+00,2.110805E+01,7.993595E+01,2.388842E+01,6.857393E+01
06:02:00,8.005810E+03,5.855365E+02,5.574283E-01,5.171000E-02,0.000000E+00,0.000000E+00,0.000000E+00,0.000000E+00,0.000000E+00,0.000000E+00,0.000000E+00,0.000000E+00,2.110805E+01,7.993595E+01,2.388842E+01,6.856810E+01
06:03:00,8.005810E+03,5.862353E+02,5.574283E-01,5.177172E-02,0.000000E+00,0.000000E+00,0.000000E+00,0.000000E+00,0.000000E+00,0.000000E+00,0.000000E+00,0.000000E+00,2.110805E+01,7.993595E+01,2.388842E+01,6.856193E+01
06:04:00,8.005810E+03,5.869449E+02,5.574283E-01,5.183439E-02,0.000000E+00,0.000000E+00,0.000000E+00,0.000000E+00,0.000000E+00,0.000000E+00,0.000000E+00,0.000000E+00,2.110805E+01,7.993595E+01,2.388842E+01,6.855540E+01
06:05:00,8.005810E+03,5.876651E+02,5.574283E-01,5.189799E-02,0.000000E+00,0.000000E+00,0.000000E+00,0.000000E+00,0.000000E+00,0.000000E+00,0.000000E+00,0.000000E+00,2.110805E+01,7.993595E+01,2.388842E+01,6.854851E+01
06:06:00,8.005810E+03,5.883948E+02,5.574283E-01,5.196243E-02,0.000000E+00,0.000000E+00,0.000000E+00,0.000000E+00,0.000000E+00,0.000000E+00,0.000000E+00,0.000000E+00,2.110805E+01,7.993595E+01,2.388842E+01,6.854128E+01
06:07:00,8.005811E+03,5.891345E+02,5.574283E-01,5.202776E-02,0.000000E+00,0.000000E+00,0.000000E+00,0.000000E+00,0.000000E+00,0.000000E+00,0.000000E+00,0.000000E+00,2.110805E+01,7.993595E+01,2.388841E+01,6.853372E+01
06:08:00,8.005811E+03,5.898843E+02,5.574283E-01,5.209398E-02,0.000000E+00,0.000000E+00,0.000000E+00,0.000000E+00,0.000000E+00,0.000000E+00,0.000000E+00,0.000000E+00,2.110805E+01,7.993595E+01,2.388841E+01,6.852586E+01
06:09:00,8.005811E+03,5.906452E+02,5.574283E-01,5.216118E-02,0.000000E+00,0.000000E+00,0.000000E+00,0.000000E+00,0.000000E+00,0.000000E+00,0.000000E+00,0.000000E+00,2.110805E+01,7.993595E+01,2.388841E+01,6.851768E+01
06:10:00,8.005811E+03,5.914183E+02,5.574283E-01,5.222946E-02,0.000000E+00,0.000000E+00,0.000000E+00,0.000000E+00,0.000000E+00,0.000000E+00,0.000000E+00,0.000000E+00,2.110805E+01,7.993595E+01,2.388841E+01,6.850921E+01
06:11:00,8.005811E+03,5.922033E+02,5.574283E-01,5.229879E-02,0.000000E+00,0.000000E+00,0.000000E+00,0.000000E+00,0.000000E+00,0.000000E+00,0.000000E+00,0.000000E+00,2.110805E+01,7.993595E+01,2.388841E+01,6.850045E+01
06:12:00,8.005811E+03,5.930005E+02,5.574283E-01,5.236919E-02,0.000000E+00,0.000000E+00,0.000000E+00,0.000000E+00,0.000000E+00,0.000000E+00,0.000000E+00,0.000000E+00,2.110805E+01,7.993595E+01,2.388841E+01,6.849141E+01
06:13:00,8.005811E+03,5.938100E+02,5.574283E-01,5.244068E-02,0.000000E+00,0.000000E+00,0.000000E+00,0.000000E+00,0.000000E+00,0.000000E+00,0.000000E+00,0.000000E+00,2.110805E+01,7.993595E+01,2.388841E+01,6.848210E+01
06:14:00,8.005811E+03,5.946316E+02,5.574283E-01,5.251324E-02,0.000000E+00,0.000000E+00,0.000000E+00,0.000000E+00,0.000000E+00,0.000000E+00,0.000000E+00,0.000000E+00,2.110805E+01,7.993595E+01,2.388841E+01,6.847253E+01
06:15:00,8.005811E+03,5.954656E+02,5.574283E-01,5.258689E-02,0.000000E+00,0.000000E+00,0.000000E+00,0.000000E+00,0.000000E+00,0.000000E+00,0.000000E+00,0.000000E+00,2.110805E+01,7.993595E+01,2.388841E+01,6.846269E+01
06:16:00,8.005811E+03,5.962784E+02,5.574283E-01,5.265868E-02,0.000000E+00,0.000000E+00,0.000000E+00,0.000000E+00,0.000000E+00,0.000000E+00,0.000000E+00,0.000000E+00,2.110805E+01,7.993595E+01,2.388841E+01,6.845260E+01
06:17:00,8.005811E+03,5.971012E+02,5.574283E-01,5.273135E-02,0.000000E+00,0.000000E+00,0.000000E+00,0.000000E+00,0.000000E+00,0.000000E+00,0.000000E+00,0.000000E+00,2.110805E+01,7.993595E+01,2.388841E+01,6.844226E+01
06:18:00,8.005811E+03,5.979350E+02,5.574283E-01,5.280498E-02,0.000000E+00,0.000000E+00,0.000000E+00,0.000000E+00,0.000000E+00,0.000000E+00,0.000000E+00,0.000000E+00,2.110805E+01,7.993595E+01,2.388840E+01,6.843167E+01
06:19:00,8.005811E+03,5.987799E+02,5.574283E-01,5.287960E-02,0.000000E+00,0.000000E+00,0.000000E+00,0.000000E+00,0.000000E+00,0.000000E+00,0.000000E+00,0.000000E+00,2.110805E+01,7.993595E+01,2.388840E+01,6.842085E+01
06:20:00,8.005811E+03,5.996361E+02,5.574283E-01,5.295522E-02,0.000000E+00,0.000000E+00,0.000000E+00,0.000000E+00,0.000000E+00,0.000000E+00,0.000000E+00,0.000000E+00,2.110805E+01,7.993595E+01,2.388840E+01,6.840980E+01
06:21:00,8.005811E+03,6.005038E+02,5.574283E-01,5.303184E-02,0.000000E+00,0.000000E+00,0.000000E+00,0.000000E+00,0.000000E+00,0.000000E+00,0.000000E+00,0.000000E+00,2.110805E+01,7.993595E+01,2.388840E+01,6.839852E+01
06:22:00,8.005811E+03,6.013827E+02,5.574283E-01,5.310947E-02,0.000000E+00,0.000000E+00,0.000000E+00,0.000000E+00,0.000000E+00,0.000000E+00,0.000000E+00,0.000000E+00,2.110805E+01,7.993595E+01,2.388840E+01,6.838702E+01
06:23:00,8.005811E+03,6.022732E+02,5.574283E-01,5.318811E-02,0.000000E+00,0.000000E+00,0.000000E+00,0.000000E+00,0.000000E+00,0.000000E+00,0.000000E+00,0.000000E+00,2.110805E+01,7.993595E+01,2.388840E+01,6.837531E+01
06:24:00,8.005811E+03,6.031754E+02,5.574283E-01,5.326779E-02,0.000000E+00,0.000000E+00,0.000000E+00,0.000000E+00,0.000000E+00,0.000000E+00,0.000000E+00,0.000000E+00,2.110805E+01,7.993595E+01,2.388840E+01,6.836339E+01
06:25:00,8.005811E+03,6.040895E+02,5.574283E-01,5.334852E-02,0.000000E+00,0.000000E+00,0.000000E+00,0.000000E+00,0.000000E+00,0.000000E+00,0.000000E+00,0.000000E+00,2.110805E+01,7.993595E+01,2.388840E+01,6.835126E+01
06:26:00,8.005811E+03,6.050155E+02,5.574283E-01,5.343030E-02,0.000000E+00,0.000000E+00,0.000000E+00,0.000000E+00,0.000000E+00,0.000000E+00,0.000000E+00,0.000000E+00,2.110805E+01,7.993595E+01,2.388840E+01,6.833893E+01
06:27:00,8.005811E+03,6.059970E+02,5.574283E-01,5.351698E-02,0.000000E+00,0.000000E+00,0.000000E+00,0.000000E+00,0.000000E+00,0.000000E+00,0.000000E+00,0.000000E+00,2.110805E+01,7.993595E+01,2.388840E+01,6.832641E+01
06:28:00,8.005811E+03,6.069932E+02,5.574283E-01,5.360496E-02,0.000000E+00,0.000000E+00,0.000000E+00,0.000000E+00,0.000000E+00,0.000000E+00,0.000000E+00,0.000000E+00,2.110805E+01,7.993595E+01,2.388839E+01,6.831318E+01
06:29:00,8.005811E+03,6.080036E+02,5.574283E-01,5.369419E-02,0.000000E+00,0.000000E+00,0.000000E+00,0.000000E+00,0.000000E+00,0.000000E+00,0.000000E+00,0.000000E+00,2.110805E+01,7.993595E+01,2.388839E+01,6.829942E+01
06:30:00,8.005811E+03,6.090272E+02,5.574283E-01,5.378460E-02,0.000000E+00,0.000000E+00,0.000000E+00,0.000000E+00,0.000000E+00,0.000000E+00,0.000000E+00,0.000000E+00,2.110805E+01,7.993595E+01,2.388839E+01,6.828533E+01
06:31:00,8.005811E+03,6.100644E+02,5.574283E-01,5.387619E-02,0.000000E+00,0.000000E+00,0.000000E+00,0.000000E+00,0.000000E+00,0.000000E+00,0.000000E+00,0.000000E+00,2.110805E+01,7.993595E+01,2.388839E+01,6.827104E+01
06:32:00,8.005811E+03,6.111149E+02,5.574283E-01,5.396897E-02,0.000000E+00,0.000000E+00,0.000000E+00,0.000000E+00,0.000000E+00,0.000000E+00,0.000000E+00,0.000000E+00,2.110805E+01,7.993595E+01,2.388839E+01,6.825660E+01
06:33:00,8.005811E+03,6.121790E+02,5.574283E-01,5.406295E-02,0.000000E+00,0.000000E+00,0.000000E+00,0.000000E+00,0.000000E+00,0.000000E+00,0.000000E+00,0.000000E+00,2.110805E+01,7.993595E+01,2.388839E+01,6.824200E+01
06:34:00,8.005811E+03,6.132567E+02,5.574283E-01,5.415812E-02,0.000000E+00,0.000000E+00,0.000000E+00,0.000000E+00,0.000000E+00,0.000000E+00,0.000000E+00,0.000000E+00,2.110805E+01,7.993595E+01,2.388839E+01,6.822725E+01
06:35:00,8.005811E+03,6.143480E+02,5.574283E-01,5.425450E-02,0.000000E+00,0.000000E+00,0.000000E+00,0.000000E+00,0.000000E+00,0.000000E+00,0.000000E+00,0.000000E+00,2.110805E+01,7.993595E+01,2.388839E+01,6.821235E+01
06:36:00,8.005811E+03,6.154530E+02,5.574283E-01,5.435210E-02,0.000000E+00,0.000000E+00,0.000000E+00,0.000000E+00,0.000000E+00,0.000000E+00,0.000000E+00,0.000000E+00,2.110805E+01,7.993595E+01,2.388839E+01,6.819730E+01
06:37:00,8.005811E+03,6.165719E+02,5.574283E-01,5.445091E-02,0.000000E+00,0.000000E+00,0.000000E+00,0.000000E+00,0.000000E+00,0.000000E+00,0.000000E+00,0.000000E+00,2.110805E+01,7.993595E+01,2.388839E+01,6.818210E+01
06:38:00,8.005811E+03,6.177046E+02,5.574283E-01,5.455094E-02,0.000000E+00,0.000000E+00,0.000000E+00,0.000000E+00,0.000000E+00,0.000000E+00,0.000000E+00,0.000000E+00,2.110805E+01,7.993595E+01,2.388839E+01,6.816677E+01
06:39:00,8.005811E+03,6.188513E+02,5.574283E-01,5.465222E-02,0.000000E+00,0.000000E+00,0.000000E+00,0.000000E+00,0.000000E+00,0.000000E+00,0.000000E+00,0.000000E+00,2.110805E+01,7.993595E+01,2.388838E+01,6.815129E+01
06:40:00,8.005811E+03,6.200121E+02,5.574283E-01,5.475473E-02,0.000000E+00,0.000000E+00,0.000000E+00,0.000000E+00,0.000000E+00,0.000000E+00,0.000000E+00,0.000000E+00,2.110805E+01,7.993595E+01,2.388838E+01,6.813569E+01
06:41:00,8.005811E+03,6.211870E+02,5.574283E-01,5.485849E-02,0.000000E+00,0.000000E+00,0.000000E+00,0.000000E+00,0.000000E+00,0.000000E+00,0.000000E+00,0.000000E+00,2.110805E+01,7.993595E+01,2.388838E+01,6.811995E+01
06:42:00,8.005811E+03,6.223761E+02,5.574283E-01,5.496351E-02,0.000000E+00,0.000000E+00,0.000000E+00,0.000000E+00,0.000000E+00,0.000000E+00,0.000000E+00,0.000000E+00,2.110805E+01,7.993595E+01,2.388838E+01,6.810409E+01
06:43:00,8.005811E+03,6.235796E+02,5.574283E-01,5.506980E-02,0.000000E+00,0.000000E+00,0.000000E+00,0.000000E+00,0.000000E+00,0.000000E+00,0.000000E+00,0.000000E+00,2.110805E+01,7.993595E+01,2.388838E+01,6.808811E+01
06:44:00,8.005811E+03,6.247975E+02,5.574283E-01,5.517736E-02,0.000000E+00,0.000000E+00,0.000000E+00,0.000000E+00,0.000000E+00,0.000000E+00,0.000000E+00,0.000000E+00,2.110805E+01,7.993595E+01,2.388838E+01,6.807201E+01
06:45:00,8.005811E+03,6.260299E+02,5.574283E-01,5.528620E-02,0.000000E+00,0.000000E+00,0.000000E+00,0.000000E+00,0.000000E+00,0.000000E+00,0.000000E+00,0.000000E+00,2.110805E+01,7.993595E+01,2.388838E+01,6.805580E+01
06:46:00,8.005811E+03,6.272770E+02,5.574283E-01,5.539633E-02,0.000000E+00,0.000000E+00,0.000000E+00,0.000000E+00,0.000000E+00,0.000000E+00,0.000000E+00,0.000000E+00,2.110805E+01,7.993595E+01,2.388838E+01,6.803947E+01
06:47:00,8.005811E+03,6.285386E+02,5.574283E-01,5.550775E-02,0.000000E+00,0.000000E+00,0.000000E+00,0.000000E+00,0.000000E+00,0.000000E+00,0.000000E+00,0.000000E+00,2.110805E+01,7.993595E+01,2.388838E+01,6.802303E+01
06:48:00,8.005811E+03,6.298151E+02,5.574283E-01,5.562049E-02,0.000000E+00,0.000000E+00,0.000000E+00,0.000000E+00,0.000000E+00,0.000000E+00,0.000000E+00,0.000000E+00,2.110805E+01,7.993595E+01,2.388838E+01,6.800649E+01
06:49:00,8.005811E+03,6.311069E+02,5.574283E-01,5.573457E-02,0.000000E+00,0.000000E+00,0.000000E+00,0.000000E+00,0.000000E+00,0.000000E+00,0.000000E+00,0.000000E+00,2.110805E+01,7.993595E+01,2.388838E+01,6.798984E+01
06:50:00,8.005811E+03,6.324140E+02,5.574283E-01,5.585002E-02,0.000000E+00,0.000000E+00,0.000000E+00,0.000000E+00,0.000000E+00,0.000000E+00,0.000000E+00,0.000000E+00,2.110805E+01,7.993595E+01,2.388838E+01,6.797308E+01
06:51:00,8.005811E+03,6.337368E+02,5.574283E-01,5.596684E-02,0.000000E+00,0.000000E+00,0.000000E+00,0.000000E+00,0.000000E+00,0.000000E+00,0.000000E+00,0.000000E+00,2.110805E+01,7.993595E+01,2.388837E+01,6.795622E+01
06:52:00,8.005811E+03,6.350754E+02,5.574283E-01,5.608506E-02,0.000000E+00,0.000000E+00,0.000000E+00,0.000000E+00,0.000000E+00,0.000000E+00,0.000000E+00,0.000000E+00,2.110805E+01,7.993595E+01,2.388837E+01,6.793926E+01
06:53:00,8.005811E+03,6.364300E+02,5.574283E-01,5.620469E-02,0.000000E+00,0.000000E+00,0.000000E+00,0.000000E+00,0.000000E+00,0.000000E+00,0.000000E+00,0.000000E+00,2.110805E+01,7.993595E+01,2.388837E+01,6.792218E+01
06:54:00,8.005811E+03,6.378008E+02,5.574283E-01,5.632575E-02,0.000000E+00,0.000000E+00,0.000000E+00,0.000000E+00,0.000000E+00,0.000000E+00,0.000000E+00,0.000000E+00,2.110805E+01,7.993595E+01,2.388837E+01,6.790500E+01
06:55:00,8.005811E+03,6.391881E+02,5.574283E-01,5.644827E-02,0.000000E+00,0.000000E+00,0.000000E+00,0.000000E+00,0.000000E+00,0.000000E+00,0.000000E+00,0.000000E+00,2.110805E+01,7.993595E+01,2.388837E+01,6.788772E+01
06:56:00,8.005811E+03,6.405919E+02,5.574283E-01,5.657225E-02,0.000000E+00,0.000000E+00,0.000000E+00,0.000000E+00,0.000000E+00,0.000000E+00,0.000000E+00,0.000000E+00,2.110805E+01,7.993595E+01,2.388837E+01,6.787033E+01
06:57:00,8.005811E+03,6.420125E+02,5.574283E-01,5.669771E-02,0.000000E+00,0.000000E+00,0.000000E+00,0.000000E+00,0.000000E+00,0.000000E+00,0.000000E+00,0.000000E+00,2.110805E+01,7.993595E+01,2.388837E+01,6.785283E+01
06:58:00,8.005811E+03,6.434501E+02,5.574283E-01,5.682468E-02,0.000000E+00,0.000000E+00,0.000000E+00,0.000000E+00,0.000000E+00,0.000000E+00,0.000000E+00,0.000000E+00,2.110805E+01,7.993595E+01,2.388837E+01,6.783524E+01
06:59:00,8.005811E+03,6.449050E+02,5.574283E-01,5.695316E-02,0.000000E+00,0.000000E+00,0.000000E+00,0.000000E+00,0.000000E+00,0.000000E+00,0.000000E+00,0.000000E+00,2.110805E+01,7.993595E+01,2.388837E+01,6.781753E+01
07:00:00,8.005811E+03,6.463772E+02,5.574283E-01,5.708318E-02,0.000000E+00,0.000000E+00,0.000000E+00,0.000000E+00,0.000000E+00,0.000000E+00,0.000000E+00,0.000000E+00,2.110805E+01,7.993595E+01,2.388837E+01,6.779973E+01
07:01:00,8.005811E+03,6.478814E+02,5.574283E-01,5.721603E-02,0.000000E+00,0.000000E+00,0.000000E+00,0.000000E+00,0.000000E+00,0.000000E+00,0.000000E+00,0.000000E+00,2.110805E+01,7.993595E+01,2.388837E+01,6.778182E+01
07:02:00,8.005811E+03,6.494177E+02,5.574283E-01,5.735170E-02,0.000000E+00,0.000000E+00,0.000000E+00,0.000000E+00,0.000000E+00,0.000000E+00,0.000000E+00,0.000000E+00,2.110805E+01,7.993595E+01,2.388836E+01,6.776348E+01
07:03:00,8.005811E+03,6.509862E+02,5.574283E-01,5.749023E-02,0.000000E+00,0.000000E+00,0.000000E+00,0.000000E+00,0.000000E+00,0.000000E+00,0.000000E+00,0.000000E+00,2.110805E+01,7.993595E+01,2.388836E+01,6.774447E+01
07:04:00,8.005811E+03,6.525871E+02,5.574283E-01,5.763161E-02,0.000000E+00,0.000000E+00,0.000000E+00,0.000000E+00,0.000000E+00,0.000000E+00,0.000000E+00,0.000000E+00,2.110805E+01,7.993595E+01,2.388836E+01,6.772476E+01
07:05:00,8.005811E+03,6.542207E+02,5.574283E-01,5.777588E-02,0.000000E+00,0.000000E+00,0.000000E+00,0.000000E+00,0.000000E+00,0.000000E+00,0.000000E+00,0.000000E+00,2.110805E+01,7.993595E+01,2.388836E+01,6.770435E+01
07:06:00,8.005811E+03,6.558879E+02,5.574283E-01,5.792313E-02,0.000000E+00,0.000000E+00,0.000000E+00,0.000000E+00,0.000000E+00,0.000000E+00,0.000000E+00,0.000000E+00,2.110805E+01,7.993595E+01,2.388836E+01,6.768326E+01
07:07:00,8.005811E+03,6.575883E+02,5.574283E-01,5.807330E-02,0.000000E+00,0.000000E+00,0.000000E+00,0.000000E+00,0.000000E+00,0.000000E+00,0.000000E+00,0.000000E+00,2.110805E+01,7.993595E+01,2.388835E+01,6.766152E+01
07:08:00,8.005811E+03,6.593220E+02,5.574283E-01,5.822641E-02,0.000000E+00,0.000000E+00,0.000000E+00,0.000000E+00,0.000000E+00,0.000000E+00,0.000000E+00,0.000000E+00,2.110805E+01,7.993595E+01,2.388835E+01,6.763915E+01
07:09:00,8.005811E+03,6.610891E+02,5.574283E-01,5.838247E-02,0.000000E+00,0.000000E+00,0.000000E+00,0.000000E+00,0.000000E+00,0.000000E+00,0.000000E+00,0.000000E+00,2.110805E+01,7.993595E+01,2.388835E+01,6.761616E+01
07:10:00,8.005811E+03,6.628901E+02,5.574283E-01,5.854152E-02,0.000000E+00,0.000000E+00,0.000000E+00,0.000000E+00,0.000000E+00,0.000000E+00,0.000000E+00,0.000000E+00,2.110805E+01,7.993595E+01,2.388835E+01,6.759257E+01
07:11:00,8.005811E+03,6.647252E+02,5.574283E-01,5.870359E-02,0.000000E+00,0.000000E+00,0.000000E+00,0.000000E+00,0.000000E+00,0.000000E+00,0.000000E+00,0.000000E+00,2.110805E+01,7.993595E+01,2.388835E+01,6.756839E+01
07:12:00,8.005811E+03,6.665944E+02,5.574283E-01,5.886867E-02,0.000000E+00,0.000000E+00,0.000000E+00,0.000000E+00,0.000000E+00,0.000000E+00,0.000000E+00,0.000000E+00,2.110805E+01,7.993595E+01,2.388834E+01,6.754365E+01
07:13:00,8.005811E+03,6.684977E+02,5.574283E-01,5.903677E-02,0.000000E+00,0.000000E+00,0.000000E+00,0.000000E+00,0.000000E+00,0.000000E+00,0.000000E+00,0.000000E+00,2.110805E+01,7.993595E+01,2.388834E+01,6.751834E+01
07:14:00,8.005811E+03,6.704353E+02,5.574283E-01,5.920789E-02,0.000000E+00,0.000000E+00,0.000000E+00,0.000000E+00,0.000000E+00,0.000000E+00,0.000000E+00,0.000000E+00,2.110805E+01,7.993595E+01,2.388834E+01,6.749249E+01
07:15:00,8.005811E+03,6.724072E+02,5.574283E-01,5.938204E-02,0.000000E+00,0.000000E+00,0.000000E+00,0.000000E+00,0.000000E+00,0.000000E+00,0.000000E+00,0.000000E+00,2.110805E+01,7.993595E+01,2.388834E+01,6.746610E+01
07:16:00,8.005811E+03,6.744137E+02,5.574283E-01,5.955924E-02,0.000000E+00,0.000000E+00,0.000000E+00,0.000000E+00,0.000000E+00,0.000000E+00,0.000000E+00,0.000000E+00,2.110805E+01,7.993595E+01,2.388834E+01,6.743920E+01
07:17:00,8.005811E+03,6.764548E+02,5.574283E-01,5.973950E-02,0.000000E+00,0.000000E+00,0.000000E+00,0.000000E+00,0.000000E+00,0.000000E+00,0.000000E+00,0.000000E+00,2.110805E+01,7.993595E+01,2.388833E+01,6.741180E+01
07:18:00,8.005811E+03,6.785306E+02,5.574283E-01,5.992283E-02,0.000000E+00,0.000000E+00,0.000000E+00,0.000000E+00,0.000000E+00,0.000000E+00,0.000000E+00,0.000000E+00,2.110805E+01,7.993595E+01,2.388833E+01,6.738391E+01
07:19:00,8.005811E+03,6.806412E+02,5.574283E-01,6.010923E-02,0.000000E+00,0.000000E+00,0.000000E+00,0.000000E+00,0.000000E+00,0.000000E+00,0.000000E+00,0.000000E+00,2.110805E+01,7.993595E+01,2.388833E+01,6.735553E+01
07:20:00,8.005811E+03,6.827867E+02,5.574283E-01,6.029871E-02,0.000000E+00,0.000000E+00,0.000000E+00,0.000000E+00,0.000000E+00,0.000000E+00,0.000000E+00,0.000000E+00,2.110805E+01,7.993595E+01,2.388833E+01,6.732670E+01
07:21:00,8.005811E+03,6.849673E+02,5.574283E-01,6.049129E-02,0.000000E+00,0.000000E+00,0.000000E+00,0.000000E+00,0.000000E+00,0.000000E+00,0.000000E+00,0.000000E+00,2.110805E+01,7.993595E+01,2.388833E+01,6.729741E+01
07:22:00,8.005811E+03,6.871830E+02,5.574283E-01,6.068698E-02,0.000000E+00,0.000000E+00,0.000000E+00,0.000000E+00,0.000000E+00,0.000000E+00,0.000000E+00,0.000000E+00,2.110805E+01,7.993595E+01,2.388832E+01,6.726768E+01
07:23:00,8.005811E+03,6.894336E+02,5.574283E-01,6.088574E-02,0.000000E+00,0.000000E+00,0.000000E+00,0.000000E+00,0.000000E+00,0.000000E+00,0.000000E+00,0.000000E+00,2.110805E+01,7.993595E+01,2.388832E+01,6.723751E+01
07:24:00,8.005811E+03,6.917186E+02,5.574283E-01,6.108754E-02,0.000000E+00,0.000000E+00,0.000000E+00,0.000000E+00,0.000000E+00,0.000000E+00,0.000000E+00,0.000000E+00,2.110805E+01,7.993595E+01,2.388832E+01,6.720694E+01
07:25:00,8.005811E+03,6.940381E+02,5.574283E-01,6.129239E-02,0.000000E+00,0.000000E+00,0.000000E+00,0.000000E+00,0.000000E+00,0.000000E+00,0.000000E+00,0.000000E+00,2.110805E+01,7.993595E+01,2.388832E+01,6.717597E+01
07:26:00,8.005811E+03,6.963925E+02,5.574283E-01,6.150032E-02,0.000000E+00,0.000000E+00,0.000000E+00,0.000000E+00,0.000000E+00,0.000000E+00,0.000000E+00,0.000000E+00,2.110805E+01,7.993595E+01,2.388832E+01,6.714462E+01
07:27:00,8.005811E+03,6.987386E+02,5.574283E-01,6.170752E-02,0.000000E+00,0.000000E+00,0.000000E+00,0.000000E+00,0.000000E+00,0.000000E+00,0.000000E+00,0.000000E+00,2.110805E+01,7.993595E+01,2.388831E+01,6.711290E+01
07:28:00,8.005811E+03,7.011175E+02,5.574283E-01,6.191762E-02,0.000000E+00,0.000000E+00,0.000000E+00,0.000000E+00,0.000000E+00,0.000000E+00,0.000000E+00,0.000000E+00,2.110805E+01,7.993595E+01,2.388831E+01,6.708082E+01
07:29:00,8.005811E+03,7.035301E+02,5.574283E-01,6.213069E-02,0.000000E+00,0.000000E+00,0.000000E+00,0.000000E+00,0.000000E+00,0.000000E+00,0.000000E+00,0.000000E+00,2.110805E+01,7.993595E+01,2.388831E+01,6.704839E+01
07:30:00,8.005811E+03,7.059769E+02,5.574283E-01,6.234678E-02,0.000000E+00,0.000000E+00,0.000000E+00,0.000000E+00,0.000000E+00,0.000000E+00,0.000000E+00,0.000000E+00,2.110805E+01,7.993595E+01,2.388831E+01,6.701561E+01
07:31:00,8.005811E+03,7.084583E+02,5.574283E-01,6.256592E-02,0.000000E+00,0.000000E+00,0.000000E+00,0.000000E+00,0.000000E+00,0.000000E+00,0.000000E+00,0.000000E+00,2.110805E+01,7.993595E+01,2.388831E+01,6.698249E+01
07:32:00,8.005811E+03,7.109747E+02,5.574283E-01,6.278816E-02,0.000000E+00,0.000000E+00,0.000000E+00,0.000000E+00,0.000000E+00,0.000000E+00,0.000000E+00,0.000000E+00,2.110805E+01,7.993595E+01,2.388830E+01,6.694904E+01
07:33:00,8.005811E+03,7.135263E+02,5.574283E-01,6.301352E-02,0.000000E+00,0.000000E+00,0.000000E+00,0.000000E+00,0.000000E+00,0.000000E+00,0.000000E+00,0.000000E+00,2.110805E+01,7.993595E+01,2.388830E+01,6.691528E+01
07:34:00,8.005811E+03,7.161135E+02,5.574283E-01,6.324200E-02,0.000000E+00,0.000000E+00,0.000000E+00,0.000000E+00,0.000000E+00,0.000000E+00,0.000000E+00,0.000000E+00,2.110805E+01,7.993595E+01,2.388830E+01,6.688120E+01
07:35:00,8.005811E+03,7.187364E+02,5.574283E-01,6.347365E-02,0.000000E+00,0.000000E+00,0.000000E+00,0.000000E+00,0.000000E+00,0.000000E+00,0.000000E+00,0.000000E+00,2.110805E+01,7.993595E+01,2.388830E+01,6.684681E+01
07:36:00,8.005811E+03,7.213954E+02,5.574283E-01,6.370848E-02,0.000000E+00,0.000000E+00,0.000000E+00,0.000000E+00,0.000000E+00,0.000000E+00,0.000000E+00,0.000000E+00,2.110805E+01,7.993595E+01,2.388830E+01,6.681213E+01
07:37:00,8.005811E+03,7.240909E+02,5.574283E-01,6.394654E-02,0.000000E+00,0.000000E+00,0.000000E+00,0.000000E+00,0.000000E+00,0.000000E+00,0.000000E+00,0.000000E+00,2.110805E+01,7.993595E+01,2.388830E+01,6.677714E+01
07:38:00,8.005811E+03,7.268239E+02,5.574283E-01,6.418791E-02,0.000000E+00,0.000000E+00,0.000000E+00,0.000000E+00,0.000000E+00,0.000000E+00,0.000000E+00,0.000000E+00,2.110805E+01,7.993595E+01,2.388829E+01,6.674186E+01
07:39:00,8.005811E+03,7.295949E+02,5.574283E-01,6.443263E-02,0.000000E+00,0.000000E+00,0.000000E+00,0.000000E+00,0.000000E+00,0.000000E+00,0.000000E+00,0.000000E+00,2.110805E+01,7.993595E+01,2.388829E+01,6.670629E+01
07:40:00,8.005811E+03,7.324039E+02,5.574283E-01,6.468071E-02,0.000000E+00,0.000000E+00,0.000000E+00,0.000000E+00,0.000000E+00,0.000000E+00,0.000000E+00,0.000000E+00,2.110805E+01,7.993595E+01,2.388829E+01,6.667042E+01
07:41:00,8.005811E+03,7.352512E+02,5.574283E-01,6.493218E-02,0.000000E+00,0.000000E+00,0.000000E+00,0.000000E+00,0.000000E+00,0.000000E+00,0.000000E+00,0.000000E+00,2.110805E+01,7.993595E+01,2.388829E+01,6.663426E+01
07:42:00,8.005811E+03,7.381371E+02,5.574283E-01,6.518705E-02,0.000000E+00,0.000000E+00,0.000000E+00,0.000000E+00,0.000000E+00,0.000000E+00,0.000000E+00,0.000000E+00,2.110805E+01,7.993595E+01,2.388829E+01,6.659780E+01
07:43:00,8.005811E+03,7.410617E+02,5.574283E-01,6.544534E-02,0.000000E+00,0.000000E+00,0.000000E+00,0.000000E+00,0.000000E+00,0.000000E+00,0.000000E+00,0.000000E+00,2.110805E+01,7.993595E+01,2.388828E+01,6.656107E+01
07:44:00,8.005811E+03,7.440252E+02,5.574283E-01,6.570706E-02,0.000000E+00,0.000000E+00,0.000000E+00,0.000000E+00,0.000000E+00,0.000000E+00,0.000000E+00,0.000000E+00,2.110805E+01,7.993595E+01,2.388828E+01,6.652407E+01
07:45:00,8.005811E+03,7.470277E+02,5.574283E-01,6.597224E-02,0.000000E+00,0.000000E+00,0.000000E+00,0.000000E+00,0.000000E+00,0.000000E+00,0.000000E+00,0.000000E+00,2.110805E+01,7.993595E+01,2.388828E+01,6.648680E+01
07:46:00,8.005811E+03,7.500695E+02,5.574283E-01,6.624087E-02,0.000000E+00,0.000000E+00,0.000000E+00,0.000000E+00,0.000000E+00,0.000000E+00,0.000000E+00,0.000000E+00,2.110805E+01,7.993595E+01,2.388828E+01,6.644926E+01
07:47:00,8.005811E+03,7.531509E+02,5.574283E-01,6.651301E-02,0.000000E+00,0.000000E+00,0.000000E+00,0.000000E+00,0.000000E+00,0.000000E+00,0.000000E+00,0.000000E+00,2.110805E+01,7.993595E+01,2.388828E+01,6.641148E+01
07:48:00,8.005811E+03,7.562718E+02,5.574283E-01,6.678864E-02,0.000000E+00,0.000000E+00,0.000000E+00,0.000000E+00,0.000000E+00,0.000000E+00,0.000000E+00,0.000000E+00,2.110805E+01,7.993595E+01,2.388828E+01,6.637346E+01
07:49:00,8.005811E+03,7.594321E+02,5.574283E-01,6.706775E-02,0.000000E+00,0.000000E+00,0.000000E+00,0.000000E+00,0.000000E+00,0.000000E+00,0.000000E+00,0.000000E+00,2.110805E+01,7.993595E+01,2.388827E+01,6.633519E+01
07:50:00,8.005811E+03,7.626319E+02,5.574283E-01,6.735034E-02,0.000000E+00,0.000000E+00,0.000000E+00,0.000000E+00,0.000000E+00,0.000000E+00,0.000000E+00,0.000000E+00,2.110805E+01,7.993595E+01,2.388827E+01,6.629669E+01
07:51:00,8.005811E+03,7.658713E+02,5.574283E-01,6.763643E-02,0.000000E+00,0.000000E+00,0.000000E+00,0.000000E+00,0.000000E+00,0.000000E+00,0.000000E+00,0.000000E+00,2.110805E+01,7.993595E+01,2.388827E+01,6.625796E+01
07:52:00,8.005811E+03,7.691503E+02,5.574283E-01,6.792602E-02,0.000000E+00,0.000000E+00,0.000000E+00,0.000000E+00,0.000000E+00,0.000000E+00,0.000000E+00,0.000000E+00,2.110805E+01,7.993595E+01,2.388827E+01,6.621902E+01
07:53:00,8.005811E+03,7.724688E+02,5.574283E-01,6.821910E-02,0.000000E+00,0.000000E+00,0.000000E+00,0.000000E+00,0.000000E+00,0.000000E+00,0.000000E+00,0.000000E+00,2.110805E+01,7.993595E+01,2.388827E+01,6.617986E+01
07:54:00,8.005811E+03,7.758270E+02,5.574283E-01,6.851568E-02,0.000000E+00,0.000000E+00,0.000000E+00,0.000000E+00,0.000000E+00,0.000000E+00,0.000000E+00,0.000000E+00,2.110805E+01,7.993595E+01,2.388826E+01,6.614049E+01
07:55:00,8.005811E+03,7.792250E+02,5.574283E-01,6.881578E-02,0.000000E+00,0.000000E+00,0.000000E+00,0.000000E+00,0.000000E+00,0.000000E+00,0.000000E+00,0.000000E+00,2.110805E+01,7.993595E+01,2.388826E+01,6.610093E+01
07:56:00,8.005811E+03,7.826627E+02,5.574284E-01,6.911939E-02,0.000000E+00,0.000000E+00,0.000000E+00,0.000000E+00,0.000000E+00,0.000000E+00,0.000000E+00,0.000000E+00,2.110805E+01,7.993595E+01,2.388826E+01,6.606117E+01
07:57:00,8.005811E+03,7.861401E+02,5.574284E-01,6.942650E-02,0.000000E+00,0.000000E+00,0.000000E+00,0.000000E+00,0.000000E+00,0.000000E+00,0.000000E+00,0.000000E+00,2.110805E+01,7.993595E+01,2.388826E+01,6.602123E+01
07:58:00,8.005811E+03,7.896573E+02,5.574284E-01,6.973713E-02,0.000000E+00,0.000000E+00,0.000000E+00,0.000000E+00,0.000000E+00,0.000000E+00,0.000000E+00,0.000000E+00,2.110805E+01,7.993595E+01,2.388826E+01,6.598110E+01
07:59:00,8.005811E+03,7.932145E+02,5.574284E-01,7.005128E-02,0.000000E+00,0.000000E+00,0.000000E+00,0.000000E+00,0.000000E+00,0.000000E+00,0.000000E+00,0.000000E+00,2.110805E+01,7.993595E+01,2.388826E+01,6.594079E+01
08:00:00,8.005811E+03,7.968113E+02,5.574284E-01,7.036894E-02,0.000000E+00,0.000000E+00,0.000000E+00,0.000000E+00,0.000000E+00,0.000000E+00,0.000000E+00,0.000000E+00,2.110805E+01,7.993595E+01,2.388825E+01,6.590032E+01
08:01:00,8.005811E+03,8.004247E+02,5.574284E-01,7.068806E-02,0.000000E+00,0.000000E+00,0.000000E+00,0.000000E+00,0.000000E+00,0.000000E+00,0.000000E+00,0.000000E+00,2.110805E+01,7.993595E+01,2.388825E+01,6.585968E+01
08:02:00,8.005811E+03,8.040550E+02,5.574284E-01,7.100868E-02,0.000000E+00,0.000000E+00,0.000000E+00,0.000000E+00,0.000000E+00,0.000000E+00,0.000000E+00,0.000000E+00,2.110805E+01,7.993595E+01,2.388825E+01,6.581882E+01
08:03:00,8.005811E+03,8.077026E+02,5.574284E-01,7.133082E-02,0.000000E+00,0.000000E+00,0.000000E+00,0.000000E+00,0.000000E+00,0.000000E+00,0.000000E+00,0.000000E+00,2.110805E+01,7.993595E+01,2.388825E+01,6.577772E+01
08:04:00,8.005811E+03,8.113670E+02,5.574284E-01,7.165445E-02,0.000000E+00,0.000000E+00,0.000000E+00,0.000000E+00,0.000000E+00,0.000000E+00,0.000000E+00,0.000000E+00,2.110805E+01,7.993595E+01,2.388825E+01,6.573635E+01
08:05:00,8.005811E+03,8.150483E+02,5.574284E-01,7.197957E-02,0.000000E+00,0.000000E+00,0.000000E+00,0.000000E+00,0.000000E+00,0.000000E+00,0.000000E+00,0.000000E+00,2.110805E+01,7.993595E+01,2.388825E+01,6.569473E+01
08:06:00,8.005811E+03,8.187469E+02,5.574284E-01,7.230621E-02,0.000000E+00,0.000000E+00,0.000000E+00,0.000000E+00,0.000000E+00,0.000000E+00,0.000000E+00,0.000000E+00,2.110805E+01,7.993595E+01,2.388824E+01,6.565288E+01
08:07:00,8.005811E+03,8.224624E+02,5.574284E-01,7.263435E-02,0.000000E+00,0.000000E+00,0.000000E+00,0.000000E+00,0.000000E+00,0.000000E+00,0.000000E+00,0.000000E+00,2.110805E+01,7.993595E+01,2.388824E+01,6.561079E+01
08:08:00,8.005811E+03,8.261947E+02,5.574284E-01,7.296398E-02,0.000000E+00,0.000000E+00,0.000000E+00,0.000000E+00,0.000000E+00,0.000000E+00,0.000000E+00,0.000000E+00,2.110805E+01,7.993595E+01,2.388824E+01,6.556848E+01
08:09:00,8.005811E+03,8.299442E+02,5.574284E-01,7.329512E-02,0.000000E+00,0.000000E+00,0.000000E+00,0.000000E+00,0.000000E+00,0.000000E+00,0.000000E+00,0.000000E+00,2.110805E+01,7.993595E+01,2.388824E+01,6.552596E+01
08:10:00,8.005811E+03,8.337106E+02,5.574284E-01,7.362776E-02,0.000000E+00,0.000000E+00,0.000000E+00,0.000000E+00,0.000000E+00,0.000000E+00,0.000000E+00,0.000000E+00,2.110805E+01,7.993595E+01,2.388824E+01,6.548324E+01
08:11:00,8.005811E+03,8.374938E+02,5.574284E-01,7.396188E-02,0.000000E+00,0.000000E+00,0.000000E+00,0.000000E+00,0.000000E+00,0.000000E+00,0.000000E+00,0.000000E+00,2.110805E+01,7.993595E+01,2.388823E+01,6.544032E+01
08:12:00,8.005811E+03,8.412942E+02,5.574284E-01,7.429751E-02,0.000000E+00,0.000000E+00,0.000000E+00,0.000000E+00,0.000000E+00,0.000000E+00,0.000000E+00,0.000000E+00,2.110805E+01,7.993595E+01,2.388823E+01,6.539722E+01
08:13:00,8.005811E+03,8.451114E+02,5.574284E-01,7.463464E-02,0.000000E+00,0.000000E+00,0.000000E+00,0.000000E+00,0.000000E+00,0.000000E+00,0.000000E+00,0.000000E+00,2.110805E+01,7.993595E+01,2.388823E+01,6.535393E+01
08:14:00,8.005811E+03,8.489453E+02,5.574284E-01,7.497324E-02,0.000000E+00,0.000000E+00,0.000000E+00,0.000000E+00,0.000000E+00,0.000000E+00,0.000000E+00,0.000000E+00,2.110805E+01,7.993595E+01,2.388823E+01,6.531048E+01
08:15:00,8.005811E+03,8.527962E+02,5.574284E-01,7.531333E-02,0.000000E+00,0.000000E+00,0.000000E+00,0.000000E+00,0.000000E+00,0.000000E+00,0.000000E+00,0.000000E+00,2.110805E+01,7.993595E+01,2.388823E+01,6.526686E+01
08:16:00,8.005811E+03,8.566640E+02,5.574284E-01,7.565492E-02,0.000000E+00,0.000000E+00,0.000000E+00,0.000000E+00,0.000000E+00,0.000000E+00,0.000000E+00,0.000000E+00,2.110805E+01,7.993595E+01,2.388823E+01,6.522309E+01
08:17:00,8.005811E+03,8.605483E+02,5.574284E-01,7.599797E-02,0.000000E+00,0.000000E+00,0.000000E+00,0.000000E+00,0.000000E+00,0.000000E+00,0.000000E+00,0.000000E+00,2.110805E+01,7.993595E+01,2.388822E+01,6.517916E+01
08:18:00,8.005811E+03,8.644496E+02,5.574284E-01,7.634252E-02,0.000000E+00,0.000000E+00,0.000000E+00,0.000000E+00,0.000000E+00,0.000000E+00,0.000000E+00,0.000000E+00,2.110805E+01,7.993595E+01,2.388822E+01,6.513510E+01
08:19:00,8.005811E+03,8.683676E+02,5.574284E-01,7.668855E-02,0.000000E+00,0.000000E+00,0.000000E+00,0.000000E+00,0.000000E+00,0.000000E+00,0.000000E+00,0.000000E+00,2.110805E+01,7.993595E+01,2.388822E+01,6.509090E+01
08:20:00,8.005811E+03,8.723021E+02,5.574284E-01,7.703603E-02,0.000000E+00,0.000000E+00,0.000000E+00,0.000000E+00,0.000000E+00,0.000000E+00,0.000000E+00,0.000000E+00,2.110805E+01,7.993595E+01,2.388822E+01,6.504657E+01
08:21:00,8.005811E+03,8.762535E+02,5.574284E-01,7.738500E-02,0.000000E+00,0.000000E+00,0.000000E+00,0.000000E+00,0.000000E+00,0.000000E+00,0.000000E+00,0.000000E+00,2.110805E+01,7.993595E+01,2.388822E+01,6.500212E+01
08:22:00,8.005811E+03,8.802215E+02,5.574284E-01,7.773545E-02,0.000000E+00,0.000000E+00,0.000000E+00,0.000000E+00,0.000000E+00,0.000000E+00,0.000000E+00,0.000000E+00,2.110805E+01,7.993595E+01,2.388821E+01,6.495756E+01
08:23:00,8.005811E+03,8.842063E+02,5.574284E-01,7.808737E-02,0.000000E+00,0.000000E+00,0.000000E+00,0.000000E+00,0.000000E+00,0.000000E+00,0.000000E+00,0.000000E+00,2.110805E+01,7.993595E+01,2.388821E+01,6.491290E+01
08:24:00,8.005811E+03,8.882090E+02,5.574284E-01,7.844087E-02,0.000000E+00,0.000000E+00,0.000000E+00,0.000000E+00,0.000000E+00,0.000000E+00,0.000000E+00,0.000000E+00,2.110805E+01,7.993595E+01,2.388821E+01,6.486813E+01
08:25:00,8.005811E+03,8.922289E+02,5.574284E-01,7.879590E-02,0.000000E+00,0.000000E+00,0.000000E+00,0.000000E+00,0.000000E+00,0.000000E+00,0.000000E+00,0.000000E+00,2.110805E+01,7.993595E+01,2.388821E+01,6.482326E+01
08:26:00,8.005811E+03,8.962660E+02,5.574284E-01,7.915244E-02,0.000000E+00,0.000000E+00,0.000000E+00,0.000000E+00,0.000000E+00,0.000000E+00,0.000000E+00,0.000000E+00,2.110805E+01,7.993595E+01,2.388821E+01,6.477830E+01
08:27:00,8.005811E+03,9.003204E+02,5.574284E-01,7.951051E-02,0.000000E+00,0.000000E+00,0.000000E+00,0.000000E+00,0.000000E+00,0.000000E+00,0.000000E+00,0.000000E+00,2.110805E+01,7.993595E+01,2.388821E+01,6.473327E+01
08:28:00,8.005811E+03,9.043915E+02,5.574284E-01,7.987006E-02,0.000000E+00,0.000000E+00,0.000000E+00,0.000000E+00,0.000000E+00,0.000000E+00,0.000000E+00,0.000000E+00,2.110805E+01,7.993595E+01,2.388820E+01,6.468815E+01
08:29:00,8.005811E+03,9.084791E+02,5.574284E-01,8.023106E-02,0.000000E+00,0.000000E+00,0.000000E+00,0.000000E+00,0.000000E+00,0.000000E+00,0.000000E+00,0.000000E+00,2.110805E+01,7.993595E+01,2.388820E+01,6.464296E+01
08:30:00,8.005811E+03,9.125841E+02,5.574284E-01,8.059360E-02,0.000000E+00,0.000000E+00,0.000000E+00,0.000000E+00,0.000000E+00,0.000000E+00,0.000000E+00,0.000000E+00,2.110805E+01,7.993595E+01,2.388820E+01,6.459771E+01
08:31:00,8.005811E+03,9.167059E+02,5.574284E-01,8.095762E-02,0.000000E+00,0.000000E+00,0.000000E+00,0.000000E+00,0.000000E+00,0.000000E+00,0.000000E+00,0.000000E+00,2.110805E+01,7.993595E+01,2.388820E+01,6.455240E+01
08:32:00,8.005811E+03,9.208439E+02,5.574284E-01,8.132308E-02,0.000000E+00,0.000000E+00,0.000000E+00,0.000000E+00,0.000000E+00,0.000000E+00,0.000000E+00,0.000000E+00,2.110805E+01,7.993595E+01,2.388820E+01,6.450704E+01
08:33:00,8.005811E+03,9.249985E+02,5.574284E-01,8.169001E-02,0.000000E+00,0.000000E+00,0.000000E+00,0.000000E+00,0.000000E+00,0.000000E+00,0.000000E+00,0.000000E+00,2.110805E+01,7.993595E+01,2.388820E+01,6.446162E+01
08:34:00,8.005811E+03,9.291695E+02,5.574284E-01,8.205837E-02,0.000000E+00,0.000000E+00,0.000000E+00,0.000000E+00,0.000000E+00,0.000000E+00,0.000000E+00,0.000000E+00,2.110805E+01,7.993595E+01,2.388819E+01,6.441616E+01
08:35:00,8.005811E+03,9.333565E+02,5.574284E-01,8.242816E-02,0.000000E+00,0.000000E+00,0.000000E+00,0.000000E+00,0.000000E+00,0.000000E+00,0.000000E+00,0.000000E+00,2.110805E+01,7.993595E+01,2.388819E+01,6.437065E+01
08:36:00,8.005811E+03,9.375594E+02,5.574284E-01,8.279934E-02,0.000000E+00,0.000000E+00,0.000000E+00,0.000000E+00,0.000000E+00,0.000000E+00,0.000000E+00,0.000000E+00,2.110805E+01,7.993595E+01,2.388819E+01,6.432511E+01
08:37:00,8.005811E+03,9.417778E+02,5.574284E-01,8.317190E-02,0.000000E+00,0.000000E+00,0.000000E+00,0.000000E+00,0.000000E+00,0.000000E+00,0.000000E+00,0.000000E+00,2.110805E+01,7.993595E+01,2.388819E+01,6.427954E+01
08:38:00,8.005811E+03,9.460107E+02,5.574284E-01,8.354573E-02,0.000000E+00,0.000000E+00,0.000000E+00,0.000000E+00,0.000000E+00,0.000000E+00,0.000000E+00,0.000000E+00,2.110805E+01,7.993595E+01,2.388819E+01,6.423395E+01
08:39:00,8.005811E+03,9.502577E+02,5.574284E-01,8.392082E-02,0.000000E+00,0.000000E+00,0.000000E+00,0.000000E+00,0.000000E+00,0.000000E+00,0.000000E+00,0.000000E+00,2.110805E+01,7.993595E+01,2.388819E+01,6.418833E+01
08:40:00,8.005811E+03,9.545190E+02,5.574284E-01,8.429716E-02,0.000000E+00,0.000000E+00,0.000000E+00,0.000000E+00,0.000000E+00,0.000000E+00,0.000000E+00,0.000000E+00,2.110805E+01,7.993595E+01,2.388819E+01,6.414270E+01
08:41:00,8.005811E+03,9.587942E+02,5.574284E-01,8.467473E-02,0.000000E+00,0.000000E+00,0.000000E+00,0.000000E+00,0.000000E+00,0.000000E+00,0.000000E+00,0.000000E+00,2.110805E+01,7.993595E+01,2.388818E+01,6.409706E+01
08:42:00,8.005811E+03,9.630832E+02,5.574284E-01,8.505352E-02,0.000000E+00,0.000000E+00,0.000000E+00,0.000000E+00,0.000000E+00,0.000000E+00,0.000000E+00,0.000000E+00,2.110805E+01,7.993595E+01,2.388818E+01,6.405141E+01
08:43:00,8.005811E+03,9.673857E+02,5.574284E-01,8.543351E-02,0.000000E+00,0.000000E+00,0.000000E+00,0.000000E+00,0.000000E+00,0.000000E+00,0.000000E+00,0.000000E+00,2.110805E+01,7.993595E+01,2.388818E+01,6.400575E+01
08:44:00,8.005811E+03,9.717018E+02,5.574284E-01,8.581469E-02,0.000000E+00,0.000000E+00,0.000000E+00,0.000000E+00,0.000000E+00,0.000000E+00,0.000000E+00,0.000000E+00,2.110805E+01,7.993595E+01,2.388818E+01,6.396010E+01
08:45:00,8.005811E+03,9.760311E+02,5.574284E-01,8.619704E-02,0.000000E+00,0.000000E+00,0.000000E+00,0.000000E+00,0.000000E+00,0.000000E+00,0.000000E+00,0.000000E+00,2.110805E+01,7.993595E+01,2.388818E+01,6.391445E+01
08:46:00,8.005811E+03,9.803737E+02,5.574284E-01,8.658056E-02,0.000000E+00,0.000000E+00,0.000000E+00,0.000000E+00,0.000000E+00,0.000000E+00,0.000000E+00,0.000000E+00,2.110805E+01,7.993595E+01,2.388818E+01,6.386881E+01
08:47:00,8.005811E+03,9.847291E+02,5.574284E-01,8.696522E-02,0.000000E+00,0.000000E+00,0.000000E+00,0.000000E+00,0.000000E+00,0.000000E+00,0.000000E+00,0.000000E+00,2.110805E+01,7.993595E+01,2.388817E+01,6.382319E+01
08:48:00,8.005811E+03,9.890974E+02,5.574284E-01,8.735102E-02,0.000000E+00,0.000000E+00,0.000000E+00,0.000000E+00,0.000000E+00,0.000000E+00,0.000000E+00,0.000000E+00,2.110805E+01,7.993595E+01,2.388817E+01,6.377758E+01
08:49:00,8.005811E+03,9.934785E+02,5.574284E-01,8.773794E-02,0.000000E+00,0.000000E+00,0.000000E+00,0.000000E+00,0.000000E+00,0.000000E+00,0.000000E+00,0.000000E+00,2.110805E+01,7.993595E+01,2.388817E+01,6.373199E+01
08:50:00,8.005811E+03,9.978721E+02,5.574284E-01,8.812597E-02,0.000000E+00,0.000000E+00,0.000000E+00,0.000000E+00,0.000000E+00,0.000000E+00,0.000000E+00,0.000000E+00,2.110805E+01,7.993595E+01,2.388817E+01,6.368644E+01
08:51:00,8.005811E+03,1.002278E+03,5.574284E-01,8.851509E-02,0.000000E+00,0.000000E+00,0.000000E+00,0.000000E+00,0.000000E+00,0.000000E+00,0.000000E+00,0.000000E+00,2.110805E+01,7.993595E+01,2.388817E+01,6.364091E+01
08:52:00,8.005811E+03,1.006696E+03,5.574284E-01,8.890531E-02,0.000000E+00,0.000000E+00,0.000000E+00,0.000000E+00,0.000000E+00,0.000000E+00,0.000000E+00,0.000000E+00,2.110805E+01,7.993595E+01,2.388817E+01,6.359541E+01
08:53:00,8.005811E+03,1.011127E+03,5.574284E-01,8.929662E-02,0.000000E+00,0.000000E+00,0.000000E+00,0.000000E+00,0.000000E+00,0.000000E+00,0.000000E+00,0.000000E+00,2.110805E+01,7.993595E+01,2.388817E+01,6.354995E+01
08:54:00,8.005811E+03,1.015596E+03,5.574284E-01,8.969132E-02,0.000000E+00,0.000000E+00,0.000000E+00,0.000000E+00,0.000000E+00,0.000000E+00,0.000000E+00,0.000000E+00,2.110805E+01,7.993595E+01,2.388816E+01,6.350453E+01
08:55:00,8.005811E+03,1.020078E+03,5.574284E-01,9.008714E-02,0.000000E+00,0.000000E+00,0.000000E+00,0.000000E+00,0.000000E+00,0.000000E+00,0.000000E+00,0.000000E+00,2.110805E+01,7.993595E+01,2.388816E+01,6.345889E+01
08:56:00,8.005811E+03,1.024573E+03,5.574284E-01,9.048413E-02,0.000000E+00,0.000000E+00,0.000000E+00,0.000000E+00,0.000000E+00,0.000000E+00,0.000000E+00,0.000000E+00,2.110805E+01,7.993595E+01,2.388816E+01,6.341313E+01
08:57:00,8.005811E+03,1.029081E+03,5.574284E-01,9.088224E-02,0.000000E+00,0.000000E+00,0.000000E+00,0.000000E+00,0.000000E+00,0.000000E+00,0.000000E+00,0.000000E+00,2.110805E+01,7.993595E+01,2.388816E+01,6.336736E+01
08:58:00,8.005811E+03,1.033601E+03,5.574284E-01,9.128144E-02,0.000000E+00,0.000000E+00,0.000000E+00,0.000000E+00,0.000000E+00,0.000000E+00,0.000000E+00,0.000000E+00,2.110805E+01,7.993595E+01,2.388816E+01,6.332163E+01
08:59:00,8.005811E+03,1.038133E+03,5.574284E-01,9.168172E-02,0.000000E+00,0.000000E+00,0.000000E+00,0.000000E+00,0.000000E+00,0.000000E+00,0.000000E+00,0.000000E+00,2.110805E+01,7.993595E+01,2.388816E+01,6.327596E+01
09:00:00,8.005811E+03,1.042678E+03,5.574284E-01,9.208308E-02,0.000000E+00,0.000000E+00,0.000000E+00,0.000000E+00,0.000000E+00,0.000000E+00,0.000000E+00,0.000000E+00,2.110805E+01,7.993595E+01,2.388815E+01,6.323036E+01
09:01:00,8.005811E+03,1.047223E+03,5.574284E-01,9.248450E-02,0.000000E+00,0.000000E+00,0.000000E+00,0.000000E+00,0.000000E+00,0.000000E+00,0.000000E+00,0.000000E+00,2.110805E+01,7.993595E+01,2.388815E+01,6.318482E+01
09:02:00,8.005811E+03,1.051769E+03,5.574284E-01,9.288599E-02,0.000000E+00,0.000000E+00,0.000000E+00,0.000000E+00,0.000000E+00,0.000000E+00,0.000000E+00,0.000000E+00,2.110805E+01,7.993595E+01,2.388815E+01,6.313941E+01
09:03:00,8.005811E+03,1.056315E+03,5.574284E-01,9.328751E-02,0.000000E+00,0.000000E+00,0.000000E+00,0.000000E+00,0.000000E+00,0.000000E+00,0.000000E+00,0.000000E+00,2.110805E+01,7.993595E+01,2.388815E+01,6.309416E+01
09:04:00,8.005811E+03,1.060862E+03,5.574284E-01,9.368909E-02,0.000000E+00,0.000000E+00,0.000000E+00,0.000000E+00,0.000000E+00,0.000000E+00,0.000000E+00,0.000000E+00,2.110805E+01,7.993595E+01,2.388815E+01,6.304907E+01
09:05:00,8.005811E+03,1.065410E+03,5.574284E-01,9.409071E-02,0.000000E+00,0.000000E+00,0.000000E+00,0.000000E+00,0.000000E+00,0.000000E+00,0.000000E+00,0.000000E+00,2.110805E+01,7.993595E+01,2.388815E+01,6.300415E+01
09:06:00,8.005811E+03,1.069957E+03,5.574284E-01,9.449234E-02,0.000000E+00,0.000000E+00,0.000000E+00,0.000000E+00,0.000000E+00,0.000000E+00,0.000000E+00,0.000000E+00,2.110805E+01,7.993595E+01,2.388815E+01,6.295940E+01
09:07:00,8.005811E+03,1.074505E+03,5.574284E-01,9.489399E-02,0.000000E+00,0.000000E+00,0.000000E+00,0.000000E+00,0.000000E+00,0.000000E+00,0.000000E+00,0.000000E+00,2.110805E+01,7.993595E+01,2.388815E+01,6.291482E+01
09:08:00,8.005811E+03,1.079054E+03,5.574284E-01,9.529568E-02,0.000000E+00,0.000000E+00,0.000000E+00,0.000000E+00,0.000000E+00,0.000000E+00,0.000000E+00,0.000000E+00,2.110805E+01,7.993595E+01,2.388815E+01,6.287040E+01
09:09:00,8.005811E+03,1.083602E+03,5.574284E-01,9.569736E-02,0.000000E+00,0.000000E+00,0.000000E+00,0.000000E+00,0.000000E+00,0.000000E+00,0.000000E+00,0.000000E+00,2.110805E+01,7.993595E+01,2.388814E+01,6.282613E+01
09:10:00,8.005811E+03,1.088150E+03,5.574284E-01,9.609903E-02,0.000000E+00,0.000000E+00,0.000000E+00,0.000000E+00,0.000000E+00,0.000000E+00,0.000000E+00,0.000000E+00,2.110805E+01,7.993595E+01,2.388814E+01,6.278203E+01
09:11:00,8.005811E+03,1.092698E+03,5.574284E-01,9.650073E-02,0.000000E+00,0.000000E+00,0.000000E+00,0.000000E+00,0.000000E+00,0.000000E+00,0.000000E+00,0.000000E+00,2.110805E+01,7.993595E+01,2.388814E+01,6.273808E+01
09:12:00,8.005811E+03,1.097246E+03,5.574284E-01,9.690240E-02,0.000000E+00,0.000000E+00,0.000000E+00,0.000000E+00,0.000000E+00,0.000000E+00,0.000000E+00,0.000000E+00,2.110805E+01,7.993595E+01,2.388814E+01,6.269430E+01
09:13:00,8.005811E+03,1.101794E+03,5.574284E-01,9.730405E-02,0.000000E+00,0.000000E+00,0.000000E+00,0.000000E+00,0.000000E+00,0.000000E+00,0.000000E+00,0.000000E+00,2.110805E+01,7.993595E+01,2.388814E+01,6.265066E+01
09:14:00,8.005811E+03,1.106342E+03,5.574284E-01,9.770570E-02,0.000000E+00,0.000000E+00,0.000000E+00,0.000000E+00,0.000000E+00,0.000000E+00,0.000000E+00,0.000000E+00,2.110805E+01,7.993595E+01,2.388814E+01,6.260718E+01
09:15:00,8.005811E+03,1.110889E+03,5.574284E-01,9.810730E-02,0.000000E+00,0.000000E+00,0.000000E+00,0.000000E+00,0.000000E+00,0.000000E+00,0.000000E+00,0.000000E+00,2.110805E+01,7.993595E+01,2.388814E+01,6.256386E+01
09:16:00,8.005811E+03,1.115436E+03,5.574284E-01,9.850888E-02,0.000000E+00,0.000000E+00,0.000000E+00,0.000000E+00,0.000000E+00,0.000000E+00,0.000000E+00,0.000000E+00,2.110805E+01,7.993595E+01,2.388814E+01,6.252068E+01
09:17:00,8.005811E+03,1.119983E+03,5.574284E-01,9.891043E-02,0.000000E+00,0.000000E+00,0.000000E+00,0.000000E+00,0.000000E+00,0.000000E+00,0.000000E+00,0.000000E+00,2.110805E+01,7.993595E+01,2.388813E+01,6.247766E+01
09:18:00,8.005811E+03,1.124529E+03,5.574284E-01,9.931193E-02,0.000000E+00,0.000000E+00,0.000000E+00,0.000000E+00,0.000000E+00,0.000000E+00,0.000000E+00,0.000000E+00,2.110805E+01,7.993595E+01,2.388813E+01,6.243479E+01
09:19:00,8.005811E+03,1.129074E+03,5.574284E-01,9.971338E-02,0.000000E+00,0.000000E+00,0.000000E+00,0.000000E+00,0.000000E+00,0.000000E+00,0.000000E+00,0.000000E+00,2.110805E+01,7.993595E+01,2.388813E+01,6.239206E+01
09:20:00,8.005811E+03,1.133620E+03,5.574284E-01,1.001148E-01,0.000000E+00,0.000000E+00,0.000000E+00,0.000000E+00,0.000000E+00,0.000000E+00,0.000000E+00,0.000000E+00,2.110805E+01,7.993595E+01,2.388813E+01,6.234948E+01
09:21:00,8.005811E+03,1.138164E+03,5.574284E-01,1.005161E-01,0.000000E+00,0.000000E+00,0.000000E+00,0.000000E+00,0.000000E+00,0.000000E+00,0.000000E+00,0.000000E+00,2.110805E+01,7.993595E+01,2.388813E+01,6.230705E+01
09:22:00,8.005811E+03,1.142708E+03,5.574284E-01,1.009174E-01,0.000000E+00,0.000000E+00,0.000000E+00,0.000000E+00,0.000000E+00,0.000000E+00,0.000000E+00,0.000000E+00,2.110805E+01,7.993595E+01,2.388813E+01,6.226476E+01
09:23:00,8.005811E+03,1.147251E+03,5.574284E-01,1.013186E-01,0.000000E+00,0.000000E+00,0.000000E+00,0.000000E+00,0.000000E+00,0.000000E+00,0.000000E+00,0.000000E+00,2.110805E+01,7.993595E+01,2.388813E+01,6.222262E+01
09:24:00,8.005811E+03,1.151793E+03,5.574284E-01,1.017198E-01,0.000000E+00,0.000000E+00,0.000000E+00,0.000000E+00,0.000000E+00,0.000000E+00,0.000000E+00,0.000000E+00,2.110805E+01,7.993595E+01,2.388813E+01,6.218063E+01
09:25:00,8.005811E+03,1.156334E+03,5.574284E-01,1.021209E-01,0.000000E+00,0.000000E+00,0.000000E+00,0.000000E+00,0.000000E+00,0.000000E+00,0.000000E+00,0.000000E+00,2.110805E+01,7.993595E+01,2.388813E+01,6.213877E+01
09:26:00,8.005811E+03,1.160875E+03,5.574284E-01,1.025219E-01,0.000000E+00,0.000000E+00,0.000000E+00,0.000000E+00,0.000000E+00,0.000000E+00,0.000000E+00,0.000000E+00,2.110805E+01,7.993595E+01,2.388813E+01,6.209705E+01
09:27:00,8.005811E+03,1.165414E+03,5.574284E-01,1.029228E-01,0.000000E+00,0.000000E+00,0.000000E+00,0.000000E+00,0.000000E+00,0.000000E+00,0.000000E+00,0.000000E+00,2.110805E+01,7.993595E+01,2.388812E+01,6.205548E+01
09:28:00,8.005811E+03,1.169952E+03,5.574284E-01,1.033236E-01,0.000000E+00,0.000000E+00,0.000000E+00,0.000000E+00,0.000000E+00,0.000000E+00,0.000000E+00,0.000000E+00,2.110805E+01,7.993595E+01,2.388812E+01,6.201404E+01
09:29:00,8.005811E+03,1.174490E+03,5.574284E-01,1.037243E-01,0.000000E+00,0.000000E+00,0.000000E+00,0.000000E+00,0.000000E+00,0.000000E+00,0.000000E+00,0.000000E+00,2.110805E+01,7.993595E+01,2.388812E+01,6.197274E+01
09:30:00,8.005811E+03,1.179026E+03,5.574284E-01,1.041249E-01,0.000000E+00,0.000000E+00,0.000000E+00,0.000000E+00,0.000000E+00,0.000000E+00,0.000000E+00,0.000000E+00,2.110805E+01,7.993595E+01,2.388812E+01,6.193159E+01
09:31:00,8.005811E+03,1.183561E+03,5.574284E-01,1.045255E-01,0.000000E+00,0.000000E+00,0.000000E+00,0.000000E+00,0.000000E+00,0.000000E+00,0.000000E+00,0.000000E+00,2.110805E+01,7.993595E+01,2.388812E+01,6.189057E+01
09:32:00,8.005811E+03,1.188095E+03,5.574284E-01,1.049259E-01,0.000000E+00,0.000000E+00,0.000000E+00,0.000000E+00,0.000000E+00,0.000000E+00,0.000000E+00,0.000000E+00,2.110805E+01,7.993595E+01,2.388812E+01,6.184969E+01
09:33:00,8.005811E+03,1.192628E+03,5.574284E-01,1.053262E-01,0.000000E+00,0.000000E+00,0.000000E+00,0.000000E+00,0.000000E+00,0.000000E+00,0.000000E+00,0.000000E+00,2.110805E+01,7.993595E+01,2.388812E+01,6.180894E+01
09:34:00,8.005811E+03,1.197159E+03,5.574284E-01,1.057264E-01,0.000000E+00,0.000000E+00,0.000000E+00,0.000000E+00,0.000000E+00,0.000000E+00,0.000000E+00,0.000000E+00,2.110805E+01,7.993595E+01,2.388812E+01,6.176832E+01
09:35:00,8.005811E+03,1.201689E+03,5.574284E-01,1.061265E-01,0.000000E+00,0.000000E+00,0.000000E+00,0.000000E+00,0.000000E+00,0.000000E+00,0.000000E+00,0.000000E+00,2.110805E+01,7.993595E+01,2.388812E+01,6.172784E+01
09:36:00,8.005811E+03,1.206218E+03,5.574284E-01,1.065265E-01,0.000000E+00,0.000000E+00,0.000000E+00,0.000000E+00,0.000000E+00,0.000000E+00,0.000000E+00,0.000000E+00,2.110805E+01,7.993595E+01,2.388811E+01,6.168750E+01
09:37:00,8.005811E+03,1.210745E+03,5.574284E-01,1.069263E-01,0.000000E+00,0.000000E+00,0.000000E+00,0.000000E+00,0.000000E+00,0.000000E+00,0.000000E+00,0.000000E+00,2.110805E+01,7.993595E+01,2.388811E+01,6.164728E+01
09:38:00,8.005811E+03,1.215271E+03,5.574284E-01,1.073260E-01,0.000000E+00,0.000000E+00,0.000000E+00,0.000000E+00,0.000000E+00,0.000000E+00,0.000000E+00,0.000000E+00,2.110805E+01,7.993595E+01,2.388811E+01,6.160720E+01
09:39:00,8.005811E+03,1.219795E+03,5.574284E-01,1.077256E-01,0.000000E+00,0.000000E+00,0.000000E+00,0.000000E+00,0.000000E+00,0.000000E+00,0.000000E+00,0.000000E+00,2.110805E+01,7.993595E+01,2.388811E+01,6.156726E+01
09:40:00,8.005811E+03,1.224318E+03,5.574284E-01,1.081250E-01,0.000000E+00,0.000000E+00,0.000000E+00,0.000000E+00,0.000000E+00,0.000000E+00,0.000000E+00,0.000000E+00,2.110805E+01,7.993595E+01,2.388811E+01,6.152744E+01
09:41:00,8.005811E+03,1.228839E+03,5.574284E-01,1.085243E-01,0.000000E+00,0.000000E+00,0.000000E+00,0.000000E+00,0.000000E+00,0.000000E+00,0.000000E+00,0.000000E+00,2.110805E+01,7.993595E+01,2.388811E+01,6.148775E+01
09:42:00,8.005811E+03,1.233358E+03,5.574284E-01,1.089234E-01,0.000000E+00,0.000000E+00,0.000000E+00,0.000000E+00,0.000000E+00,0.000000E+00,0.000000E+00,0.000000E+00,2.110805E+01,7.993595E+01,2.388811E+01,6.144819E+01
09:43:00,8.005811E+03,1.237876E+03,5.574284E-01,1.093224E-01,0.000000E+00,0.000000E+00,0.000000E+00,0.000000E+00,0.000000E+00,0.000000E+00,0.000000E+00,0.000000E+00,2.110805E+01,7.993595E+01,2.388811E+01,6.140876E+01
09:44:00,8.005811E+03,1.242392E+03,5.574284E-01,1.097213E-01,0.000000E+00,0.000000E+00,0.000000E+00,0.000000E+00,0.000000E+00,0.000000E+00,0.000000E+00,0.000000E+00,2.110805E+01,7.993595E+01,2.388811E+01,6.136946E+01
09:45:00,8.005811E+03,1.246907E+03,5.574284E-01,1.101200E-01,0.000000E+00,0.000000E+00,0.000000E+00,0.000000E+00,0.000000E+00,0.000000E+00,0.000000E+00,0.000000E+00,2.110805E+01,7.993595E+01,2.388810E+01,6.133029E+01
09:46:00,8.005811E+03,1.251420E+03,5.574284E-01,1.105186E-01,0.000000E+00,0.000000E+00,0.000000E+00,0.000000E+00,0.000000E+00,0.000000E+00,0.000000E+00,0.000000E+00,2.110805E+01,7.993595E+01,2.388810E+01,6.129125E+01
09:47:00,8.005811E+03,1.255931E+03,5.574284E-01,1.109170E-01,0.000000E+00,0.000000E+00,0.000000E+00,0.000000E+00,0.000000E+00,0.000000E+00,0.000000E+00,0.000000E+00,2.110805E+01,7.993595E+01,2.388810E+01,6.125233E+01
09:48:00,8.005811E+03,1.260441E+03,5.574284E-01,1.113153E-01,0.000000E+00,0.000000E+00,0.000000E+00,0.000000E+00,0.000000E+00,0.000000E+00,0.000000E+00,0.000000E+00,2.110805E+01,7.993595E+01,2.388810E+01,6.121353E+01
09:49:00,8.005811E+03,1.264949E+03,5.574284E-01,1.117134E-01,0.000000E+00,0.000000E+00,0.000000E+00,0.000000E+00,0.000000E+00,0.000000E+00,0.000000E+00,0.000000E+00,2.110805E+01,7.993595E+01,2.388810E+01,6.117487E+01
09:50:00,8.005811E+03,1.269455E+03,5.574284E-01,1.121114E-01,0.000000E+00,0.000000E+00,0.000000E+00,0.000000E+00,0.000000E+00,0.000000E+00,0.000000E+00,0.000000E+00,2.110805E+01,7.993595E+01,2.388810E+01,6.113633E+01
09:51:00,8.005811E+03,1.273959E+03,5.574284E-01,1.125092E-01,0.000000E+00,0.000000E+00,0.000000E+00,0.000000E+00,0.000000E+00,0.000000E+00,0.000000E+00,0.000000E+00,2.110805E+01,7.993595E+01,2.388810E+01,6.109791E+01
09:52:00,8.005811E+03,1.278462E+03,5.574284E-01,1.129068E-01,0.000000E+00,0.000000E+00,0.000000E+00,0.000000E+00,0.000000E+00,0.000000E+00,0.000000E+00,0.000000E+00,2.110805E+01,7.993595E+01,2.388810E+01,6.105962E+01
09:53:00,8.005811E+03,1.282962E+03,5.574284E-01,1.133043E-01,0.000000E+00,0.000000E+00,0.000000E+00,0.000000E+00,0.000000E+00,0.000000E+00,0.000000E+00,0.000000E+00,2.110805E+01,7.993595E+01,2.388810E+01,6.102146E+01
09:54:00,8.005811E+03,1.287435E+03,5.574284E-01,1.136993E-01,0.000000E+00,0.000000E+00,0.000000E+00,0.000000E+00,0.000000E+00,0.000000E+00,0.000000E+00,0.000000E+00,2.110805E+01,7.993595E+01,2.388810E+01,6.098341E+01
09:55:00,8.005811E+03,1.291905E+03,5.574284E-01,1.140941E-01,0.000000E+00,0.000000E+00,0.000000E+00,0.000000E+00,0.000000E+00,0.000000E+00,0.000000E+00,0.000000E+00,2.110805E+01,7.993595E+01,2.388809E+01,6.094549E+01
09:56:00,8.005811E+03,1.296372E+03,5.574284E-01,1.144886E-01,0.000000E+00,0.000000E+00,0.000000E+00,0.000000E+00,0.000000E+00,0.000000E+00,0.000000E+00,0.000000E+00,2.110805E+01,7.993595E+01,2.388809E+01,6.090769E+01
09:57:00,8.005811E+03,1.300836E+03,5.574284E-01,1.148828E-01,0.000000E+00,0.000000E+00,0.000000E+00,0.000000E+00,0.000000E+00,0.000000E+00,0.000000E+00,0.000000E+00,2.110805E+01,7.993595E+01,2.388809E+01,6.087001E+01
09:58:00,8.005811E+03,1.305297E+03,5.574284E-01,1.152768E-01,0.000000E+00,0.000000E+00,0.000000E+00,0.000000E+00,0.000000E+00,0.000000E+00,0.000000E+00,0.000000E+00,2.110805E+01,7.993595E+01,2.388809E+01,6.083246E+01
09:59:00,8.005811E+03,1.309755E+03,5.574284E-01,1.156706E-01,0.000000E+00,0.000000E+00,0.000000E+00,0.000000E+00,0.000000E+00,0.000000E+00,0.000000E+00,0.000000E+00,2.110805E+01,7.993595E+01,2.388809E+01,6.079502E+01
10:00:00,8.005811E+03,1.314211E+03,5.574284E-01,1.160641E-01,0.000000E+00,0.000000E+00,0.000000E+00,0.000000E+00,0.000000E+00,0.000000E+00,0.000000E+00,0.000000E+00,2.110805E+01,7.993595E+01,2.388809E+01,6.075771E+01
10:01:00,8.005811E+03,1.318664E+03,5.574284E-01,1.164574E-01,0.000000E+00,0.000000E+00,0.000000E+00,0.000000E+00,0.000000E+00,0.000000E+00,0.000000E+00,0.000000E+00,2.110805E+01,7.993595E+01,2.388809E+01,6.072052E+01
10:02:00,8.005811E+03,1.323115E+03,5.574284E-01,1.168504E-01,0.000000E+00,0.000000E+00,0.000000E+00,0.000000E+00,0.000000E+00,0.000000E+00,0.000000E+00,0.000000E+00,2.110805E+01,7.993595E+01,2.388809E+01,6.068349E+01
10:03:00,8.005811E+03,1.327562E+03,5.574284E-01,1.172433E-01,0.000000E+00,0.000000E+00,0.000000E+00,0.000000E+00,0.000000E+00,0.000000E+00,0.000000E+00,0.000000E+00,2.110805E+01,7.993595E+01,2.388809E+01,6.064667E+01
10:04:00,8.005811E+03,1.332007E+03,5.574284E-01,1.176358E-01,0.000000E+00,0.000000E+00,0.000000E+00,0.000000E+00,0.000000E+00,0.000000E+00,0.000000E+00,0.000000E+00,2.110805E+01,7.993595E+01,2.388809E+01,6.061005E+01
10:05:00,8.005811E+03,1.336449E+03,5.574284E-01,1.180281E-01,0.000000E+00,0.000000E+00,0.000000E+00,0.000000E+00,0.000000E+00,0.000000E+00,0.000000E+00,0.000000E+00,2.110805E+01,7.993595E+01,2.388809E+01,6.057364E+01
10:06:00,8.005811E+03,1.340888E+03,5.574284E-01,1.184202E-01,0.000000E+00,0.000000E+00,0.000000E+00,0.000000E+00,0.000000E+00,0.000000E+00,0.000000E+00,0.000000E+00,2.110805E+01,7.993595E+01,2.388808E+01,6.053743E+01
10:07:00,8.005811E+03,1.345325E+03,5.574284E-01,1.188120E-01,0.000000E+00,0.000000E+00,0.000000E+00,0.000000E+00,0.000000E+00,0.000000E+00,0.000000E+00,0.000000E+00,2.110805E+01,7.993595E+01,2.388808E+01,6.050141E+01
10:08:00,8.005811E+03,1.349758E+03,5.574284E-01,1.192035E-01,0.000000E+00,0.000000E+00,0.000000E+00,0.000000E+00,0.000000E+00,0.000000E+00,0.000000E+00,0.000000E+00,2.110805E+01,7.993595E+01,2.388808E+01,6.046558E+01
10:09:00,8.005811E+03,1.354188E+03,5.574284E-01,1.195948E-01,0.000000E+00,0.000000E+00,0.000000E+00,0.000000E+00,0.000000E+00,0.000000E+00,0.000000E+00,0.000000E+00,2.110805E+01,7.993595E+01,2.388808E+01,6.042994E+01
10:10:00,8.005811E+03,1.358616E+03,5.574284E-01,1.199858E-01,0.000000E+00,0.000000E+00,0.000000E+00,0.000000E+00,0.000000E+00,0.000000E+00,0.000000E+00,0.000000E+00,2.110805E+01,7.993595E+01,2.388808E+01,6.039448E+01
10:11:00,8.005811E+03,1.363040E+03,5.574284E-01,1.203765E-01,0.000000E+00,0.000000E+00,0.000000E+00,0.000000E+00,0.000000E+00,0.000000E+00,0.000000E+00,0.000000E+00,2.110805E+01,7.993595E+01,2.388808E+01,6.035921E+01
10:12:00,8.005811E+03,1.367461E+03,5.574284E-01,1.207670E-01,0.000000E+00,0.000000E+00,0.000000E+00,0.000000E+00,0.000000E+00,0.000000E+00,0.000000E+00,0.000000E+00,2.110805E+01,7.993595E+01,2.388808E+01,6.032411E+01
10:13:00,8.005811E+03,1.371879E+03,5.574284E-01,1.211572E-01,0.000000E+00,0.000000E+00,0.000000E+00,0.000000E+00,0.000000E+00,0.000000E+00,0.000000E+00,0.000000E+00,2.110805E+01,7.993595E+01,2.388808E+01,6.028918E+01
10:14:00,8.005811E+03,1.376294E+03,5.574284E-01,1.215471E-01,0.000000E+00,0.000000E+00,0.000000E+00,0.000000E+00,0.000000E+00,0.000000E+00,0.000000E+00,0.000000E+00,2.110805E+01,7.993595E+01,2.388808E+01,6.025443E+01
10:15:00,8.005811E+03,1.380705E+03,5.574284E-01,1.219367E-01,0.000000E+00,0.000000E+00,0.000000E+00,0.000000E+00,0.000000E+00,0.000000E+00,0.000000E+00,0.000000E+00,2.110805E+01,7.993595E+01,2.388808E+01,6.021985E+01
10:16:00,8.005811E+03,1.385113E+03,5.574284E-01,1.223260E-01,0.000000E+00,0.000000E+00,0.000000E+00,0.000000E+00,0.000000E+00,0.000000E+00,0.000000E+00,0.000000E+00,2.110805E+01,7.993595E+01,2.388808E+01,6.018543E+01
10:17:00,8.005811E+03,1.389518E+03,5.574284E-01,1.227150E-01,0.000000E+00,0.000000E+00,0.000000E+00,0.000000E+00,0.000000E+00,0.000000E+00,0.000000E+00,0.000000E+00,2.110805E+01,7.993595E+01,2.388808E+01,6.015118E+01
10:18:00,8.005811E+03,1.393920E+03,5.574284E-01,1.231037E-01,0.000000E+00,0.000000E+00,0.000000E+00,0.000000E+00,0.000000E+00,0.000000E+00,0.000000E+00,0.000000E+00,2.110805E+01,7.993595E+01,2.388808E+01,6.011709E+01
10:19:00,8.005811E+03,1.398317E+03,5.574284E-01,1.234921E-01,0.000000E+00,0.000000E+00,0.000000E+00,0.000000E+00,0.000000E+00,0.000000E+00,0.000000E+00,0.000000E+00,2.110805E+01,7.993595E+01,2.388807E+01,6.008316E+01
10:20:00,8.005811E+03,1.402712E+03,5.574284E-01,1.238802E-01,0.000000E+00,0.000000E+00,0.000000E+00,0.000000E+00,0.000000E+00,0.000000E+00,0.000000E+00,0.000000E+00,2.110805E+01,7.993595E+01,2.388807E+01,6.004938E+01
10:21:00,8.005811E+03,1.407103E+03,5.574284E-01,1.242680E-01,0.000000E+00,0.000000E+00,0.000000E+00,0.000000E+00,0.000000E+00,0.000000E+00,0.000000E+00,0.000000E+00,2.110805E+01,7.993595E+01,2.388807E+01,6.001576E+01
10:22:00,8.005811E+03,1.411490E+03,5.574284E-01,1.246555E-01,0.000000E+00,0.000000E+00,0.000000E+00,0.000000E+00,0.000000E+00,0.000000E+00,0.000000E+00,0.000000E+00,2.110805E+01,7.993595E+01,2.388807E+01,5.998230E+01
10:23:00,8.005811E+03,1.415874E+03,5.574284E-01,1.250427E-01,0.000000E+00,0.000000E+00,0.000000E+00,0.000000E+00,0.000000E+00,0.000000E+00,0.000000E+00,0.000000E+00,2.110805E+01,7.993595E+01,2.388807E+01,5.994898E+01
10:24:00,8.005811E+03,1.420254E+03,5.574284E-01,1.254295E-01,0.000000E+00,0.000000E+00,0.000000E+00,0.000000E+00,0.000000E+00,0.000000E+00,0.000000E+00,0.000000E+00,2.110805E+01,7.993595E+01,2.388807E+01,5.991581E+01
10:25:00,8.005811E+03,1.424630E+03,5.574284E-01,1.258160E-01,0.000000E+00,0.000000E+00,0.000000E+00,0.000000E+00,0.000000E+00,0.000000E+00,0.000000E+00,0.000000E+00,2.110805E+01,7.993595E+01,2.388807E+01,5.988279E+01
10:26:00,8.005811E+03,1.429002E+03,5.574284E-01,1.262021E-01,0.000000E+00,0.000000E+00,0.000000E+00,0.000000E+00,0.000000E+00,0.000000E+00,0.000000E+00,0.000000E+00,2.110805E+01,7.993595E+01,2.388807E+01,5.984991E+01
10:27:00,8.005811E+03,1.433371E+03,5.574284E-01,1.265880E-01,0.000000E+00,0.000000E+00,0.000000E+00,0.000000E+00,0.000000E+00,0.000000E+00,0.000000E+00,0.000000E+00,2.110805E+01,7.993595E+01,2.388807E+01,5.981718E+01
10:28:00,8.005811E+03,1.437736E+03,5.574284E-01,1.269734E-01,0.000000E+00,0.000000E+00,0.000000E+00,0.000000E+00,0.000000E+00,0.000000E+00,0.000000E+00,0.000000E+00,2.110805E+01,7.993595E+01,2.388807E+01,5.978459E+01
10:29:00,8.005811E+03,1.442096E+03,5.574284E-01,1.273586E-01,0.000000E+00,0.000000E+00,0.000000E+00,0.000000E+00,0.000000E+00,0.000000E+00,0.000000E+00,0.000000E+00,2.110805E+01,7.993595E+01,2.388807E+01,5.975213E+01
10:30:00,8.005811E+03,1.446453E+03,5.574284E-01,1.277434E-01,0.000000E+00,0.000000E+00,0.000000E+00,0.000000E+00,0.000000E+00,0.000000E+00,0.000000E+00,0.000000E+00,2.110805E+01,7.993595E+01,2.388807E+01,5.971981E+01
10:31:00,8.005811E+03,1.450806E+03,5.574284E-01,1.281278E-01,0.000000E+00,0.000000E+00,0.000000E+00,0.000000E+00,0.000000E+00,0.000000E+00,0.000000E+00,0.000000E+00,2.110805E+01,7.993595E+01,2.388807E+01,5.968763E+01
10:32:00,8.005811E+03,1.455155E+03,5.574284E-01,1.285119E-01,0.000000E+00,0.000000E+00,0.000000E+00,0.000000E+00,0.000000E+00,0.000000E+00,0.000000E+00,0.000000E+00,2.110805E+01,7.993595E+01,2.388806E+01,5.965558E+01
10:33:00,8.005811E+03,1.459499E+03,5.574284E-01,1.288956E-01,0.000000E+00,0.000000E+00,0.000000E+00,0.000000E+00,0.000000E+00,0.000000E+00,0.000000E+00,0.000000E+00,2.110805E+01,7.993595E+01,2.388806E+01,5.962366E+01
10:34:00,8.005811E+03,1.463840E+03,5.574284E-01,1.292789E-01,0.000000E+00,0.000000E+00,0.000000E+00,0.000000E+00,0.000000E+00,0.000000E+00,0.000000E+00,0.000000E+00,2.110805E+01,7.993595E+01,2.388806E+01,5.959188E+01
10:35:00,8.005811E+03,1.468176E+03,5.574284E-01,1.296618E-01,0.000000E+00,0.000000E+00,0.000000E+00,0.000000E+00,0.000000E+00,0.000000E+00,0.000000E+00,0.000000E+00,2.110805E+01,7.993595E+01,2.388806E+01,5.956022E+01
10:36:00,8.005811E+03,1.472507E+03,5.574284E-01,1.300444E-01,0.000000E+00,0.000000E+00,0.000000E+00,0.000000E+00,0.000000E+00,0.000000E+00,0.000000E+00,0.000000E+00,2.110805E+01,7.993595E+01,2.388806E+01,5.952870E+01
10:37:00,8.005811E+03,1.476835E+03,5.574284E-01,1.304266E-01,0.000000E+00,0.000000E+00,0.000000E+00,0.000000E+00,0.000000E+00,0.000000E+00,0.000000E+00,0.000000E+00,2.110805E+01,7.993595E+01,2.388806E+01,5.949730E+01
10:38:00,8.005811E+03,1.481158E+03,5.574284E-01,1.308084E-01,0.000000E+00,0.000000E+00,0.000000E+00,0.000000E+00,0.000000E+00,0.000000E+00,0.000000E+00,0.000000E+00,2.110805E+01,7.993595E+01,2.388806E+01,5.946603E+01
10:39:00,8.005811E+03,1.485476E+03,5.574284E-01,1.311898E-01,0.000000E+00,0.000000E+00,0.000000E+00,0.000000E+00,0.000000E+00,0.000000E+00,0.000000E+00,0.000000E+00,2.110805E+01,7.993595E+01,2.388806E+01,5.943488E+01
10:40:00,8.005811E+03,1.489790E+03,5.574284E-01,1.315708E-01,0.000000E+00,0.000000E+00,0.000000E+00,0.000000E+00,0.000000E+00,0.000000E+00,0.000000E+00,0.000000E+00,2.110805E+01,7.993595E+01,2.388806E+01,5.940386E+01
10:41:00,8.005811E+03,1.494100E+03,5.574284E-01,1.319514E-01,0.000000E+00,0.000000E+00,0.000000E+00,0.000000E+00,0.000000E+00,0.000000E+00,0.000000E+00,0.000000E+00,2.110805E+01,7.993595E+01,2.388806E+01,5.937295E+01
10:42:00,8.005811E+03,1.498405E+03,5.574284E-01,1.323316E-01,0.000000E+00,0.000000E+00,0.000000E+00,0.000000E+00,0.000000E+00,0.000000E+00,0.000000E+00,0.000000E+00,2.110805E+01,7.993595E+01,2.388806E+01,5.934217E+01
10:43:00,8.005811E+03,1.502705E+03,5.574284E-01,1.327114E-01,0.000000E+00,0.000000E+00,0.000000E+00,0.000000E+00,0.000000E+00,0.000000E+00,0.000000E+00,0.000000E+00,2.110805E+01,7.993595E+01,2.388806E+01,5.931151E+01
10:44:00,8.005811E+03,1.507001E+03,5.574284E-01,1.330908E-01,0.000000E+00,0.000000E+00,0.000000E+00,0.000000E+00,0.000000E+00,0.000000E+00,0.000000E+00,0.000000E+00,2.110805E+01,7.993595E+01,2.388806E+01,5.928096E+01
10:45:00,8.005811E+03,1.511292E+03,5.574284E-01,1.334697E-01,0.000000E+00,0.000000E+00,0.000000E+00,0.000000E+00,0.000000E+00,0.000000E+00,0.000000E+00,0.000000E+00,2.110805E+01,7.993595E+01,2.388805E+01,5.925054E+01
10:46:00,8.005811E+03,1.515577E+03,5.574284E-01,1.338482E-01,0.000000E+00,0.000000E+00,0.000000E+00,0.000000E+00,0.000000E+00,0.000000E+00,0.000000E+00,0.000000E+00,2.110805E+01,7.993595E+01,2.388805E+01,5.922023E+01
10:47:00,8.005811E+03,1.519859E+03,5.574284E-01,1.342263E-01,0.000000E+00,0.000000E+00,0.000000E+00,0.000000E+00,0.000000E+00,0.000000E+00,0.000000E+00,0.000000E+00,2.110805E+01,7.993595E+01,2.388805E+01,5.919004E+01
10:48:00,8.005811E+03,1.524135E+03,5.574284E-01,1.346040E-01,0.000000E+00,0.000000E+00,0.000000E+00,0.000000E+00,0.000000E+00,0.000000E+00,0.000000E+00,0.000000E+00,2.110805E+01,7.993595E+01,2.388805E+01,5.915996E+01
10:49:00,8.005811E+03,1.528406E+03,5.574284E-01,1.349812E-01,0.000000E+00,0.000000E+00,0.000000E+00,0.000000E+00,0.000000E+00,0.000000E+00,0.000000E+00,0.000000E+00,2.110805E+01,7.993595E+01,2.388805E+01,5.913000E+01
10:50:00,8.005811E+03,1.532672E+03,5.574284E-01,1.353580E-01,0.000000E+00,0.000000E+00,0.000000E+00,0.000000E+00,0.000000E+00,0.000000E+00,0.000000E+00,0.000000E+00,2.110805E+01,7.993595E+01,2.388805E+01,5.910015E+01
10:51:00,8.005811E+03,1.536933E+03,5.574284E-01,1.357343E-01,0.000000E+00,0.000000E+00,0.000000E+00,0.000000E+00,0.000000E+00,0.000000E+00,0.000000E+00,0.000000E+00,2.110805E+01,7.993595E+01,2.388805E+01,5.907041E+01
10:52:00,8.005811E+03,1.541189E+03,5.574284E-01,1.361102E-01,0.000000E+00,0.000000E+00,0.000000E+00,0.000000E+00,0.000000E+00,0.000000E+00,0.000000E+00,0.000000E+00,2.110805E+01,7.993595E+01,2.388805E+01,5.904079E+01
10:53:00,8.005811E+03,1.545440E+03,5.574284E-01,1.364856E-01,0.000000E+00,0.000000E+00,0.000000E+00,0.000000E+00,0.000000E+00,0.000000E+00,0.000000E+00,0.000000E+00,2.110805E+01,7.993595E+01,2.388805E+01,5.901127E+01
10:54:00,8.005811E+03,1.549685E+03,5.574284E-01,1.368605E-01,0.000000E+00,0.000000E+00,0.000000E+00,0.000000E+00,0.000000E+00,0.000000E+00,0.000000E+00,0.000000E+00,2.110805E+01,7.993595E+01,2.388805E+01,5.898187E+01
10:55:00,8.005811E+03,1.553925E+03,5.574284E-01,1.372350E-01,0.000000E+00,0.000000E+00,0.000000E+00,0.000000E+00,0.000000E+00,0.000000E+00,0.000000E+00,0.000000E+00,2.110805E+01,7.993595E+01,2.388805E+01,5.895257E+01
10:56:00,8.005811E+03,1.558160E+03,5.574284E-01,1.376090E-01,0.000000E+00,0.000000E+00,0.000000E+00,0.000000E+00,0.000000E+00,0.000000E+00,0.000000E+00,0.000000E+00,2.110805E+01,7.993595E+01,2.388805E+01,5.892339E+01
10:57:00,8.005811E+03,1.562389E+03,5.574284E-01,1.379825E-01,0.000000E+00,0.000000E+00,0.000000E+00,0.000000E+00,0.000000E+00,0.000000E+00,0.000000E+00,0.000000E+00,2.110805E+01,7.993595E+01,2.388805E+01,5.889431E+01
10:58:00,8.005811E+03,1.566613E+03,5.574284E-01,1.383556E-01,0.000000E+00,0.000000E+00,0.000000E+00,0.000000E+00,0.000000E+00,0.000000E+00,0.000000E+00,0.000000E+00,2.110805E+01,7.993595E+01,2.388805E+01,5.886533E+01
10:59:00,8.005811E+03,1.570831E+03,5.574284E-01,1.387281E-01,0.000000E+00,0.000000E+00,0.000000E+00,0.000000E+00,0.000000E+00,0.000000E+00,0.000000E+00,0.000000E+00,2.110805E+01,7.993595E+01,2.388804E+01,5.883647E+01
11:00:00,8.005811E+03,1.575044E+03,5.574284E-01,1.391002E-01,0.000000E+00,0.000000E+00,0.000000E+00,0.000000E+00,0.000000E+00,0.000000E+00,0.000000E+00,0.000000E+00,2.110805E+01,7.993595E+01,2.388804E+01,5.880771E+01
11:01:00,8.005811E+03,1.579243E+03,5.574284E-01,1.394710E-01,0.000000E+00,0.000000E+00,0.000000E+00,0.000000E+00,0.000000E+00,0.000000E+00,0.000000E+00,0.000000E+00,2.110805E+01,7.993595E+01,2.388804E+01,5.877906E+01
11:02:00,8.005811E+03,1.583427E+03,5.574284E-01,1.398406E-01,0.000000E+00,0.000000E+00,0.000000E+00,0.000000E+00,0.000000E+00,0.000000E+00,0.000000E+00,0.000000E+00,2.110805E+01,7.993595E+01,2.388804E+01,5.875062E+01
11:03:00,8.005811E+03,1.587598E+03,5.574284E-01,1.402089E-01,0.000000E+00,0.000000E+00,0.000000E+00,0.000000E+00,0.000000E+00,0.000000E+00,0.000000E+00,0.000000E+00,2.110805E+01,7.993595E+01,2.388804E+01,5.872246E+01
11:04:00,8.005811E+03,1.591755E+03,5.574284E-01,1.405760E-01,0.000000E+00,0.000000E+00,0.000000E+00,0.000000E+00,0.000000E+00,0.000000E+00,0.000000E+00,0.000000E+00,2.110805E+01,7.993595E+01,2.388804E+01,5.869461E+01
11:05:00,8.005811E+03,1.595898E+03,5.574284E-01,1.409419E-01,0.000000E+00,0.000000E+00,0.000000E+00,0.000000E+00,0.000000E+00,0.000000E+00,0.000000E+00,0.000000E+00,2.110805E+01,7.993595E+01,2.388804E+01,5.866705E+01
11:06:00,8.005811E+03,1.600026E+03,5.574284E-01,1.413065E-01,0.000000E+00,0.000000E+00,0.000000E+00,0.000000E+00,0.000000E+00,0.000000E+00,0.000000E+00,0.000000E+00,2.110805E+01,7.993595E+01,2.388804E+01,5.863977E+01
11:07:00,8.005811E+03,1.604140E+03,5.574284E-01,1.416698E-01,0.000000E+00,0.000000E+00,0.000000E+00,0.000000E+00,0.000000E+00,0.000000E+00,0.000000E+00,0.000000E+00,2.110805E+01,7.993595E+01,2.388804E+01,5.861276E+01
11:08:00,8.005811E+03,1.608240E+03,5.574284E-01,1.420319E-01,0.000000E+00,0.000000E+00,0.000000E+00,0.000000E+00,0.000000E+00,0.000000E+00,0.000000E+00,0.000000E+00,2.110805E+01,7.993595E+01,2.388804E+01,5.858601E+01
11:09:00,8.005811E+03,1.612325E+03,5.574284E-01,1.423927E-01,0.000000E+00,0.000000E+00,0.000000E+00,0.000000E+00,0.000000E+00,0.000000E+00,0.000000E+00,0.000000E+00,2.110805E+01,7.993595E+01,2.388804E+01,5.855952E+01
11:10:00,8.005811E+03,1.616396E+03,5.574284E-01,1.427523E-01,0.000000E+00,0.000000E+00,0.000000E+00,0.000000E+00,0.000000E+00,0.000000E+00,0.000000E+00,0.000000E+00,2.110805E+01,7.993595E+01,2.388804E+01,5.853327E+01
11:11:00,8.005811E+03,1.620453E+03,5.574284E-01,1.431106E-01,0.000000E+00,0.000000E+00,0.000000E+00,0.000000E+00,0.000000E+00,0.000000E+00,0.000000E+00,0.000000E+00,2.110805E+01,7.993595E+01,2.388804E+01,5.850727E+01
11:12:00,8.005811E+03,1.624495E+03,5.574284E-01,1.434676E-01,0.000000E+00,0.000000E+00,0.000000E+00,0.000000E+00,0.000000E+00,0.000000E+00,0.000000E+00,0.000000E+00,2.110805E+01,7.993595E+01,2.388804E+01,5.848149E+01
11:13:00,8.005811E+03,1.628523E+03,5.574284E-01,1.438233E-01,0.000000E+00,0.000000E+00,0.000000E+00,0.000000E+00,0.000000E+00,0.000000E+00,0.000000E+00,0.000000E+00,2.110805E+01,7.993595E+01,2.388804E+01,5.845595E+01
11:14:00,8.005811E+03,1.632536E+03,5.574284E-01,1.441777E-01,0.000000E+00,0.000000E+00,0.000000E+00,0.000000E+00,0.000000E+00,0.000000E+00,0.000000E+00,0.000000E+00,2.110805E+01,7.993595E+01,2.388804E+01,5.843063E+01
11:15:00,8.005811E+03,1.636534E+03,5.574284E-01,1.445308E-01,0.000000E+00,0.000000E+00,0.000000E+00,0.000000E+00,0.000000E+00,0.000000E+00,0.000000E+00,0.000000E+00,2.110805E+01,7.993595E+01,2.388804E+01,5.840552E+01
11:16:00,8.005811E+03,1.640517E+03,5.574284E-01,1.448826E-01,0.000000E+00,0.000000E+00,0.000000E+00,0.000000E+00,0.000000E+00,0.000000E+00,0.000000E+00,0.000000E+00,2.110805E+01,7.993595E+01,2.388804E+01,5.838062E+01
11:17:00,8.005811E+03,1.644486E+03,5.574284E-01,1.452331E-01,0.000000E+00,0.000000E+00,0.000000E+00,0.000000E+00,0.000000E+00,0.000000E+00,0.000000E+00,0.000000E+00,2.110805E+01,7.993595E+01,2.388804E+01,5.835592E+01
11:18:00,8.005811E+03,1.648440E+03,5.574284E-01,1.455823E-01,0.000000E+00,0.000000E+00,0.000000E+00,0.000000E+00,0.000000E+00,0.000000E+00,0.000000E+00,0.000000E+00,2.110805E+01,7.993595E+01,2.388804E+01,5.833143E+01
11:19:00,8.005811E+03,1.652379E+03,5.574284E-01,1.459301E-01,0.000000E+00,0.000000E+00,0.000000E+00,0.000000E+00,0.000000E+00,0.000000E+00,0.000000E+00,0.000000E+00,2.110805E+01,7.993595E+01,2.388804E+01,5.830712E+01
11:20:00,8.005811E+03,1.656302E+03,5.574284E-01,1.462767E-01,0.000000E+00,0.000000E+00,0.000000E+00,0.000000E+00,0.000000E+00,0.000000E+00,0.000000E+00,0.000000E+00,2.110805E+01,7.993595E+01,2.388804E+01,5.828301E+01
11:21:00,8.005811E+03,1.660211E+03,5.574284E-01,1.466219E-01,0.000000E+00,0.000000E+00,0.000000E+00,0.000000E+00,0.000000E+00,0.000000E+00,0.000000E+00,0.000000E+00,2.110805E+01,7.993595E+01,2.388804E+01,5.825907E+01
11:22:00,8.005811E+03,1.664105E+03,5.574284E-01,1.469658E-01,0.000000E+00,0.000000E+00,0.000000E+00,0.000000E+00,0.000000E+00,0.000000E+00,0.000000E+00,0.000000E+00,2.110805E+01,7.993595E+01,2.388804E+01,5.823532E+01
11:23:00,8.005811E+03,1.667983E+03,5.574284E-01,1.473083E-01,0.000000E+00,0.000000E+00,0.000000E+00,0.000000E+00,0.000000E+00,0.000000E+00,0.000000E+00,0.000000E+00,2.110805E+01,7.993595E+01,2.388804E+01,5.821174E+01
11:24:00,8.005811E+03,1.671847E+03,5.574284E-01,1.476495E-01,0.000000E+00,0.000000E+00,0.000000E+00,0.000000E+00,0.000000E+00,0.000000E+00,0.000000E+00,0.000000E+00,2.110805E+01,7.993595E+01,2.388803E+01,5.818833E+01
11:25:00,8.005811E+03,1.675695E+03,5.574284E-01,1.479894E-01,0.000000E+00,0.000000E+00,0.000000E+00,0.000000E+00,0.000000E+00,0.000000E+00,0.000000E+00,0.000000E+00,2.110805E+01,7.993595E+01,2.388803E+01,5.816509E+01
11:26:00,8.005811E+03,1.679516E+03,5.574284E-01,1.483268E-01,0.000000E+00,0.000000E+00,0.000000E+00,0.000000E+00,0.000000E+00,0.000000E+00,0.000000E+00,0.000000E+00,2.110805E+01,7.993595E+01,2.388803E+01,5.814200E+01
11:27:00,8.005811E+03,1.683316E+03,5.574284E-01,1.486625E-01,0.000000E+00,0.000000E+00,0.000000E+00,0.000000E+00,0.000000E+00,0.000000E+00,0.000000E+00,0.000000E+00,2.110805E+01,7.993595E+01,2.388803E+01,5.811917E+01
11:28:00,8.005811E+03,1.687099E+03,5.574284E-01,1.489965E-01,0.000000E+00,0.000000E+00,0.000000E+00,0.000000E+00,0.000000E+00,0.000000E+00,0.000000E+00,0.000000E+00,2.110805E+01,7.993595E+01,2.388803E+01,5.809658E+01
11:29:00,8.005811E+03,1.690863E+03,5.574284E-01,1.493290E-01,0.000000E+00,0.000000E+00,0.000000E+00,0.000000E+00,0.000000E+00,0.000000E+00,0.000000E+00,0.000000E+00,2.110805E+01,7.993595E+01,2.388803E+01,5.807420E+01
11:30:00,8.005811E+03,1.694610E+03,5.574284E-01,1.496599E-01,0.000000E+00,0.000000E+00,0.000000E+00,0.000000E+00,0.000000E+00,0.000000E+00,0.000000E+00,0.000000E+00,2.110805E+01,7.993595E+01,2.388803E+01,5.805199E+01
11:31:00,8.005811E+03,1.698339E+03,5.574284E-01,1.499892E-01,0.000000E+00,0.000000E+00,0.000000E+00,0.000000E+00,0.000000E+00,0.000000E+00,0.000000E+00,0.000000E+00,2.110805E+01,7.993595E+01,2.388803E+01,5.802996E+01
11:32:00,8.005811E+03,1.702050E+03,5.574284E-01,1.503170E-01,0.000000E+00,0.000000E+00,0.000000E+00,0.000000E+00,0.000000E+00,0.000000E+00,0.000000E+00,0.000000E+00,2.110805E+01,7.993595E+01,2.388803E+01,5.800807E+01
11:33:00,8.005811E+03,1.705745E+03,5.574284E-01,1.506433E-01,0.000000E+00,0.000000E+00,0.000000E+00,0.000000E+00,0.000000E+00,0.000000E+00,0.000000E+00,0.000000E+00,2.110805E+01,7.993595E+01,2.388803E+01,5.798634E+01
11:34:00,8.005811E+03,1.709422E+03,5.574284E-01,1.509680E-01,0.000000E+00,0.000000E+00,0.000000E+00,0.000000E+00,0.000000E+00,0.000000E+00,0.000000E+00,0.000000E+00,2.110805E+01,7.993595E+01,2.388803E+01,5.796475E+01
11:35:00,8.005811E+03,1.713082E+03,5.574284E-01,1.512913E-01,0.000000E+00,0.000000E+00,0.000000E+00,0.000000E+00,0.000000E+00,0.000000E+00,0.000000E+00,0.000000E+00,2.110805E+01,7.993595E+01,2.388803E+01,5.794330E+01
11:36:00,8.005811E+03,1.716725E+03,5.574284E-01,1.516130E-01,0.000000E+00,0.000000E+00,0.000000E+00,0.000000E+00,0.000000E+00,0.000000E+00,0.000000E+00,0.000000E+00,2.110805E+01,7.993595E+01,2.388803E+01,5.792199E+01
11:37:00,8.005811E+03,1.720351E+03,5.574284E-01,1.519332E-01,0.000000E+00,0.000000E+00,0.000000E+00,0.000000E+00,0.000000E+00,0.000000E+00,0.000000E+00,0.000000E+00,2.110805E+01,7.993595E+01,2.388803E+01,5.790080E+01
11:38:00,8.005811E+03,1.723960E+03,5.574284E-01,1.522520E-01,0.000000E+00,0.000000E+00,0.000000E+00,0.000000E+00,0.000000E+00,0.000000E+00,0.000000E+00,0.000000E+00,2.110805E+01,7.993595E+01,2.388803E+01,5.787975E+01
11:39:00,8.005811E+03,1.727552E+03,5.574284E-01,1.525692E-01,0.000000E+00,0.000000E+00,0.000000E+00,0.000000E+00,0.000000E+00,0.000000E+00,0.000000E+00,0.000000E+00,2.110805E+01,7.993595E+01,2.388803E+01,5.785881E+01
11:40:00,8.005811E+03,1.731126E+03,5.574284E-01,1.528849E-01,0.000000E+00,0.000000E+00,0.000000E+00,0.000000E+00,0.000000E+00,0.000000E+00,0.000000E+00,0.000000E+00,2.110805E+01,7.993595E+01,2.388803E+01,5.783799E+01
11:41:00,8.005811E+03,1.734685E+03,5.574284E-01,1.531992E-01,0.000000E+00,0.000000E+00,0.000000E+00,0.000000E+00,0.000000E+00,0.000000E+00,0.000000E+00,0.000000E+00,2.110805E+01,7.993595E+01,2.388803E+01,5.781728E+01
11:42:00,8.005811E+03,1.738225E+03,5.574284E-01,1.535119E-01,0.000000E+00,0.000000E+00,0.000000E+00,0.000000E+00,0.000000E+00,0.000000E+00,0.000000E+00,0.000000E+00,2.110805E+01,7.993595E+01,2.388803E+01,5.779669E+01
11:43:00,8.005811E+03,1.741749E+03,5.574284E-01,1.538231E-01,0.000000E+00,0.000000E+00,0.000000E+00,0.000000E+00,0.000000E+00,0.000000E+00,0.000000E+00,0.000000E+00,2.110805E+01,7.993595E+01,2.388803E+01,5.777621E+01
11:44:00,8.005811E+03,1.745256E+03,5.574284E-01,1.541328E-01,0.000000E+00,0.000000E+00,0.000000E+00,0.000000E+00,0.000000E+00,0.000000E+00,0.000000E+00,0.000000E+00,2.110805E+01,7.993595E+01,2.388803E+01,5.775583E+01
11:45:00,8.005811E+03,1.748746E+03,5.574284E-01,1.544411E-01,0.000000E+00,0.000000E+00,0.000000E+00,0.000000E+00,0.000000E+00,0.000000E+00,0.000000E+00,0.000000E+00,2.110805E+01,7.993595E+01,2.388803E+01,5.773556E+01
11:46:00,8.005811E+03,1.752220E+03,5.574284E-01,1.547478E-01,0.000000E+00,0.000000E+00,0.000000E+00,0.000000E+00,0.000000E+00,0.000000E+00,0.000000E+00,0.000000E+00,2.110805E+01,7.993595E+01,2.388803E+01,5.771538E+01
11:47:00,8.005811E+03,1.755676E+03,5.574284E-01,1.550531E-01,0.000000E+00,0.000000E+00,0.000000E+00,0.000000E+00,0.000000E+00,0.000000E+00,0.000000E+00,0.000000E+00,2.110805E+01,7.993595E+01,2.388803E+01,5.769531E+01
11:48:00,8.005811E+03,1.759115E+03,5.574284E-01,1.553568E-01,0.000000E+00,0.000000E+00,0.000000E+00,0.000000E+00,0.000000E+00,0.000000E+00,0.000000E+00,0.000000E+00,2.110805E+01,7.993595E+01,2.388803E+01,5.767533E+01
11:49:00,8.005811E+03,1.762537E+03,5.574284E-01,1.556590E-01,0.000000E+00,0.000000E+00,0.000000E+00,0.000000E+00,0.000000E+00,0.000000E+00,0.000000E+00,0.000000E+00,2.110805E+01,7.993595E+01,2.388803E+01,5.765546E+01
11:50:00,8.005811E+03,1.765943E+03,5.574284E-01,1.559598E-01,0.000000E+00,0.000000E+00,0.000000E+00,0.000000E+00,0.000000E+00,0.000000E+00,0.000000E+00,0.000000E+00,2.110805E+01,7.993595E+01,2.388802E+01,5.763567E+01
11:51:00,8.005811E+03,1.769331E+03,5.574284E-01,1.562590E-01,0.000000E+00,0.000000E+00,0.000000E+00,0.000000E+00,0.000000E+00,0.000000E+00,0.000000E+00,0.000000E+00,2.110805E+01,7.993595E+01,2.388802E+01,5.761597E+01
11:52:00,8.005811E+03,1.772702E+03,5.574284E-01,1.565568E-01,0.000000E+00,0.000000E+00,0.000000E+00,0.000000E+00,0.000000E+00,0.000000E+00,0.000000E+00,0.000000E+00,2.110805E+01,7.993595E+01,2.388802E+01,5.759637E+01
11:53:00,8.005811E+03,1.776057E+03,5.574284E-01,1.568530E-01,0.000000E+00,0.000000E+00,0.000000E+00,0.000000E+00,0.000000E+00,0.000000E+00,0.000000E+00,0.000000E+00,2.110805E+01,7.993595E+01,2.388802E+01,5.757685E+01
11:54:00,8.005811E+03,1.779394E+03,5.574284E-01,1.571478E-01,0.000000E+00,0.000000E+00,0.000000E+00,0.000000E+00,0.000000E+00,0.000000E+00,0.000000E+00,0.000000E+00,2.110805E+01,7.993595E+01,2.388802E+01,5.755742E+01
11:55:00,8.005811E+03,1.782714E+03,5.574284E-01,1.574410E-01,0.000000E+00,0.000000E+00,0.000000E+00,0.000000E+00,0.000000E+00,0.000000E+00,0.000000E+00,0.000000E+00,2.110805E+01,7.993595E+01,2.388802E+01,5.753807E+01
11:56:00,8.005811E+03,1.786017E+03,5.574284E-01,1.577327E-01,0.000000E+00,0.000000E+00,0.000000E+00,0.000000E+00,0.000000E+00,0.000000E+00,0.000000E+00,0.000000E+00,2.110805E+01,7.993595E+01,2.388802E+01,5.751881E+01
11:57:00,8.005811E+03,1.789303E+03,5.574284E-01,1.580229E-01,0.000000E+00,0.000000E+00,0.000000E+00,0.000000E+00,0.000000E+00,0.000000E+00,0.000000E+00,0.000000E+00,2.110805E+01,7.993595E+01,2.388802E+01,5.749963E+01
11:58:00,8.005811E+03,1.792572E+03,5.574284E-01,1.583116E-01,0.000000E+00,0.000000E+00,0.000000E+00,0.000000E+00,0.000000E+00,0.000000E+00,0.000000E+00,0.000000E+00,2.110805E+01,7.993595E+01,2.388802E+01,5.748053E+01
11:59:00,8.005811E+03,1.795823E+03,5.574284E-01,1.585988E-01,0.000000E+00,0.000000E+00,0.000000E+00,0.000000E+00,0.000000E+00,0.000000E+00,0.000000E+00,0.000000E+00,2.110805E+01,7.993595E+01,2.388802E+01,5.746151E+01
12:00:00,8.005811E+03,1.799058E+03,5.574284E-01,1.588844E-01,0.000000E+00,0.000000E+00,0.000000E+00,0.000000E+00,0.000000E+00,0.000000E+00,0.000000E+00,0.000000E+00,2.110805E+01,7.993595E+01,2.388802E+01,5.744257E+01
12:01:00,8.005811E+03,1.802283E+03,5.574284E-01,1.591693E-01,0.000000E+00,0.000000E+00,0.000000E+00,0.000000E+00,0.000000E+00,0.000000E+00,0.000000E+00,0.000000E+00,2.110805E+01,7.993595E+01,2.388802E+01,5.742371E+01
12:02:00,8.005811E+03,1.805500E+03,5.574284E-01,1.594534E-01,0.000000E+00,0.000000E+00,0.000000E+00,0.000000E+00,0.000000E+00,0.000000E+00,0.000000E+00,0.000000E+00,2.110805E+01,7.993595E+01,2.388802E+01,5.740496E+01
12:03:00,8.005811E+03,1.808708E+03,5.574284E-01,1.597367E-01,0.000000E+00,0.000000E+00,0.000000E+00,0.000000E+00,0.000000E+00,0.000000E+00,0.000000E+00,0.000000E+00,2.110805E+01,7.993595E+01,2.388802E+01,5.738636E+01
12:04:00,8.005811E+03,1.811907E+03,5.574284E-01,1.600193E-01,0.000000E+00,0.000000E+00,0.000000E+00,0.000000E+00,0.000000E+00,0.000000E+00,0.000000E+00,0.000000E+00,2.110805E+01,7.993595E+01,2.388802E+01,5.736790E+01
12:05:00,8.005811E+03,1.815097E+03,5.574284E-01,1.603010E-01,0.000000E+00,0.000000E+00,0.000000E+00,0.000000E+00,0.000000E+00,0.000000E+00,0.000000E+00,0.000000E+00,2.110805E+01,7.993595E+01,2.388802E+01,5.734959E+01
12:06:00,8.005811E+03,1.818279E+03,5.574284E-01,1.605820E-01,0.000000E+00,0.000000E+00,0.000000E+00,0.000000E+00,0.000000E+00,0.000000E+00,0.000000E+00,0.000000E+00,2.110805E+01,7.993595E+01,2.388802E+01,5.733141E+01
12:07:00,8.005811E+03,1.821451E+03,5.574284E-01,1.608621E-01,0.000000E+00,0.000000E+00,0.000000E+00,0.000000E+00,0.000000E+00,0.000000E+00,0.000000E+00,0.000000E+00,2.110805E+01,7.993595E+01,2.388802E+01,5.731337E+01
12:08:00,8.005811E+03,1.824614E+03,5.574284E-01,1.611415E-01,0.000000E+00,0.000000E+00,0.000000E+00,0.000000E+00,0.000000E+00,0.000000E+00,0.000000E+00,0.000000E+00,2.110805E+01,7.993595E+01,2.388802E+01,5.729546E+01
12:09:00,8.005811E+03,1.827768E+03,5.574284E-01,1.614200E-01,0.000000E+00,0.000000E+00,0.000000E+00,0.000000E+00,0.000000E+00,0.000000E+00,0.000000E+00,0.000000E+00,2.110805E+01,7.993595E+01,2.388802E+01,5.727768E+01
12:10:00,8.005811E+03,1.830913E+03,5.574284E-01,1.616978E-01,0.000000E+00,0.000000E+00,0.000000E+00,0.000000E+00,0.000000E+00,0.000000E+00,0.000000E+00,0.000000E+00,2.110805E+01,7.993595E+01,2.388802E+01,5.726002E+01
12:11:00,8.005811E+03,1.834049E+03,5.574284E-01,1.619748E-01,0.000000E+00,0.000000E+00,0.000000E+00,0.000000E+00,0.000000E+00,0.000000E+00,0.000000E+00,0.000000E+00,2.110805E+01,7.993595E+01,2.388802E+01,5.724248E+01
12:12:00,8.005811E+03,1.837176E+03,5.574284E-01,1.622509E-01,0.000000E+00,0.000000E+00,0.000000E+00,0.000000E+00,0.000000E+00,0.000000E+00,0.000000E+00,0.000000E+00,2.110805E+01,7.993595E+01,2.388802E+01,5.722505E+01
12:13:00,8.005811E+03,1.840294E+03,5.574284E-01,1.625263E-01,0.000000E+00,0.000000E+00,0.000000E+00,0.000000E+00,0.000000E+00,0.000000E+00,0.000000E+00,0.000000E+00,2.110805E+01,7.993595E+01,2.388802E+01,5.720774E+01
12:14:00,8.005811E+03,1.843403E+03,5.574284E-01,1.628009E-01,0.000000E+00,0.000000E+00,0.000000E+00,0.000000E+00,0.000000E+00,0.000000E+00,0.000000E+00,0.000000E+00,2.110805E+01,7.993595E+01,2.388802E+01,5.719055E+01
12:15:00,8.005811E+03,1.846503E+03,5.574284E-01,1.630747E-01,0.000000E+00,0.000000E+00,0.000000E+00,0.000000E+00,0.000000E+00,0.000000E+00,0.000000E+00,0.000000E+00,2.110805E+01,7.993595E+01,2.388802E+01,5.717346E+01
12:16:00,8.005811E+03,1.849594E+03,5.574284E-01,1.633476E-01,0.000000E+00,0.000000E+00,0.000000E+00,0.000000E+00,0.000000E+00,0.000000E+00,0.000000E+00,0.000000E+00,2.110805E+01,7.993595E+01,2.388802E+01,5.715648E+01
12:17:00,8.005811E+03,1.852675E+03,5.574284E-01,1.636198E-01,0.000000E+00,0.000000E+00,0.000000E+00,0.000000E+00,0.000000E+00,0.000000E+00,0.000000E+00,0.000000E+00,2.110805E+01,7.993595E+01,2.388801E+01,5.713959E+01
12:18:00,8.005811E+03,1.855748E+03,5.574284E-01,1.638911E-01,0.000000E+00,0.000000E+00,0.000000E+00,0.000000E+00,0.000000E+00,0.000000E+00,0.000000E+00,0.000000E+00,2.110805E+01,7.993595E+01,2.388801E+01,5.712282E+01
12:19:00,8.005811E+03,1.858811E+03,5.574284E-01,1.641617E-01,0.000000E+00,0.000000E+00,0.000000E+00,0.000000E+00,0.000000E+00,0.000000E+00,0.000000E+00,0.000000E+00,2.110805E+01,7.993595E+01,2.388801E+01,5.710614E+01
12:20:00,8.005811E+03,1.861865E+03,5.574284E-01,1.644314E-01,0.000000E+00,0.000000E+00,0.000000E+00,0.000000E+00,0.000000E+00,0.000000E+00,0.000000E+00,0.000000E+00,2.110805E+01,7.993595E+01,2.388801E+01,5.708955E+01
12:21:00,8.005811E+03,1.864911E+03,5.574284E-01,1.647004E-01,0.000000E+00,0.000000E+00,0.000000E+00,0.000000E+00,0.000000E+00,0.000000E+00,0.000000E+00,0.000000E+00,2.110805E+01,7.993595E+01,2.388801E+01,5.707306E+01
12:22:00,8.005811E+03,1.867947E+03,5.574284E-01,1.649685E-01,0.000000E+00,0.000000E+00,0.000000E+00,0.000000E+00,0.000000E+00,0.000000E+00,0.000000E+00,0.000000E+00,2.110805E+01,7.993595E+01,2.388801E+01,5.705666E+01
12:23:00,8.005811E+03,1.870973E+03,5.574284E-01,1.652358E-01,0.000000E+00,0.000000E+00,0.000000E+00,0.000000E+00,0.000000E+00,0.000000E+00,0.000000E+00,0.000000E+00,2.110805E+01,7.993595E+01,2.388801E+01,5.704036E+01
12:24:00,8.005811E+03,1.873991E+03,5.574284E-01,1.655023E-01,0.000000E+00,0.000000E+00,0.000000E+00,0.000000E+00,0.000000E+00,0.000000E+00,0.000000E+00,0.000000E+00,2.110805E+01,7.993595E+01,2.388801E+01,5.702414E+01
12:25:00,8.005811E+03,1.877000E+03,5.574284E-01,1.657681E-01,0.000000E+00,0.000000E+00,0.000000E+00,0.000000E+00,0.000000E+00,0.000000E+00,0.000000E+00,0.000000E+00,2.110805E+01,7.993595E+01,2.388801E+01,5.700800E+01
12:26:00,8.005811E+03,1.880011E+03,5.574284E-01,1.660340E-01,0.000000E+00,0.000000E+00,0.000000E+00,0.000000E+00,0.000000E+00,0.000000E+00,0.000000E+00,0.000000E+00,2.110805E+01,7.993595E+01,2.388801E+01,5.699195E+01
12:27:00,8.005811E+03,1.883019E+03,5.574284E-01,1.662997E-01,0.000000E+00,0.000000E+00,0.000000E+00,0.000000E+00,0.000000E+00,0.000000E+00,0.000000E+00,0.000000E+00,2.110805E+01,7.993595E+01,2.388801E+01,5.697598E+01
12:28:00,8.005811E+03,1.886020E+03,5.574284E-01,1.665647E-01,0.000000E+00,0.000000E+00,0.000000E+00,0.000000E+00,0.000000E+00,0.000000E+00,0.000000E+00,0.000000E+00,2.110805E+01,7.993595E+01,2.388801E+01,5.696009E+01
12:29:00,8.005811E+03,1.889026E+03,5.574284E-01,1.668302E-01,0.000000E+00,0.000000E+00,0.000000E+00,0.000000E+00,0.000000E+00,0.000000E+00,0.000000E+00,0.000000E+00,2.110805E+01,7.993595E+01,2.388801E+01,5.694428E+01
12:30:00,8.005811E+03,1.892035E+03,5.574284E-01,1.670959E-01,0.000000E+00,0.000000E+00,0.000000E+00,0.000000E+00,0.000000E+00,0.000000E+00,0.000000E+00,0.000000E+00,2.110805E+01,7.993595E+01,2.388801E+01,5.692846E+01
12:31:00,8.005811E+03,1.895041E+03,5.574284E-01,1.673614E-01,0.000000E+00,0.000000E+00,0.000000E+00,0.000000E+00,0.000000E+00,0.000000E+00,0.000000E+00,0.000000E+00,2.110805E+01,7.993595E+01,2.388801E+01,5.691261E+01
12:32:00,8.005811E+03,1.898043E+03,5.574284E-01,1.676265E-01,0.000000E+00,0.000000E+00,0.000000E+00,0.000000E+00,0.000000E+00,0.000000E+00,0.000000E+00,0.000000E+00,2.110805E+01,7.993595E+01,2.388801E+01,5.689675E+01
12:33:00,8.005811E+03,1.901042E+03,5.574284E-01,1.678914E-01,0.000000E+00,0.000000E+00,0.000000E+00,0.000000E+00,0.000000E+00,0.000000E+00,0.000000E+00,0.000000E+00,2.110805E+01,7.993595E+01,2.388801E+01,5.688091E+01
12:34:00,8.005811E+03,1.904038E+03,5.574284E-01,1.681560E-01,0.000000E+00,0.000000E+00,0.000000E+00,0.000000E+00,0.000000E+00,0.000000E+00,0.000000E+00,0.000000E+00,2.110805E+01,7.993595E+01,2.388801E+01,5.686510E+01
12:35:00,8.005811E+03,1.907029E+03,5.574284E-01,1.684202E-01,0.000000E+00,0.000000E+00,0.000000E+00,0.000000E+00,0.000000E+00,0.000000E+00,0.000000E+00,0.000000E+00,2.110805E+01,7.993595E+01,2.388801E+01,5.684934E+01
12:36:00,8.005811E+03,1.910017E+03,5.574284E-01,1.686840E-01,0.000000E+00,0.000000E+00,0.000000E+00,0.000000E+00,0.000000E+00,0.000000E+00,0.000000E+00,0.000000E+00,2.110805E+01,7.993595E+01,2.388801E+01,5.683360E+01
12:37:00,8.005811E+03,1.913001E+03,5.574284E-01,1.689475E-01,0.000000E+00,0.000000E+00,0.000000E+00,0.000000E+00,0.000000E+00,0.000000E+00,0.000000E+00,0.000000E+00,2.110805E+01,7.993595E+01,2.388801E+01,5.681791E+01
12:38:00,8.005811E+03,1.915980E+03,5.574284E-01,1.692107E-01,0.000000E+00,0.000000E+00,0.000000E+00,0.000000E+00,0.000000E+00,0.000000E+00,0.000000E+00,0.000000E+00,2.110805E+01,7.993595E+01,2.388801E+01,5.680225E+01
12:39:00,8.005811E+03,1.918955E+03,5.574284E-01,1.694735E-01,0.000000E+00,0.000000E+00,0.000000E+00,0.000000E+00,0.000000E+00,0.000000E+00,0.000000E+00,0.000000E+00,2.110805E+01,7.993595E+01,2.388801E+01,5.678664E+01
12:40:00,8.005811E+03,1.921927E+03,5.574284E-01,1.697359E-01,0.000000E+00,0.000000E+00,0.000000E+00,0.000000E+00,0.000000E+00,0.000000E+00,0.000000E+00,0.000000E+00,2.110805E+01,7.993595E+01,2.388801E+01,5.677105E+01
12:41:00,8.005811E+03,1.924893E+03,5.574284E-01,1.699979E-01,0.000000E+00,0.000000E+00,0.000000E+00,0.000000E+00,0.000000E+00,0.000000E+00,0.000000E+00,0.000000E+00,2.110805E+01,7.993595E+01,2.388801E+01,5.675551E+01
12:42:00,8.005811E+03,1.927856E+03,5.574284E-01,1.702595E-01,0.000000E+00,0.000000E+00,0.000000E+00,0.000000E+00,0.000000E+00,0.000000E+00,0.000000E+00,0.000000E+00,2.110805E+01,7.993595E+01,2.388800E+01,5.674001E+01
12:43:00,8.005811E+03,1.930814E+03,5.574284E-01,1.705208E-01,0.000000E+00,0.000000E+00,0.000000E+00,0.000000E+00,0.000000E+00,0.000000E+00,0.000000E+00,0.000000E+00,2.110805E+01,7.993595E+01,2.388800E+01,5.672454E+01
12:44:00,8.005811E+03,1.933768E+03,5.574284E-01,1.707816E-01,0.000000E+00,0.000000E+00,0.000000E+00,0.000000E+00,0.000000E+00,0.000000E+00,0.000000E+00,0.000000E+00,2.110805E+01,7.993595E+01,2.388800E+01,5.670911E+01
12:45:00,8.005811E+03,1.936717E+03,5.574284E-01,1.710421E-01,0.000000E+00,0.000000E+00,0.000000E+00,0.000000E+00,0.000000E+00,0.000000E+00,0.000000E+00,0.000000E+00,2.110805E+01,7.993595E+01,2.388800E+01,5.669372E+01
12:46:00,8.005811E+03,1.939662E+03,5.574284E-01,1.713022E-01,0.000000E+00,0.000000E+00,0.000000E+00,0.000000E+00,0.000000E+00,0.000000E+00,0.000000E+00,0.000000E+00,2.110805E+01,7.993595E+01,2.388800E+01,5.667838E+01
12:47:00,8.005811E+03,1.942602E+03,5.574284E-01,1.715618E-01,0.000000E+00,0.000000E+00,0.000000E+00,0.000000E+00,0.000000E+00,0.000000E+00,0.000000E+00,0.000000E+00,2.110805E+01,7.993595E+01,2.388800E+01,5.666306E+01
12:48:00,8.005811E+03,1.945537E+03,5.574284E-01,1.718211E-01,0.000000E+00,0.000000E+00,0.000000E+00,0.000000E+00,0.000000E+00,0.000000E+00,0.000000E+00,0.000000E+00,2.110805E+01,7.993595E+01,2.388800E+01,5.664779E+01
12:49:00,8.005811E+03,1.948469E+03,5.574284E-01,1.720800E-01,0.000000E+00,0.000000E+00,0.000000E+00,0.000000E+00,0.000000E+00,0.000000E+00,0.000000E+00,0.000000E+00,2.110805E+01,7.993595E+01,2.388800E+01,5.663256E+01
12:50:00,8.005811E+03,1.951395E+03,5.574284E-01,1.723385E-01,0.000000E+00,0.000000E+00,0.000000E+00,0.000000E+00,0.000000E+00,0.000000E+00,0.000000E+00,0.000000E+00,2.110805E+01,7.993595E+01,2.388800E+01,5.661737E+01
12:51:00,8.005811E+03,1.954317E+03,5.574284E-01,1.725965E-01,0.000000E+00,0.000000E+00,0.000000E+00,0.000000E+00,0.000000E+00,0.000000E+00,0.000000E+00,0.000000E+00,2.110805E+01,7.993595E+01,2.388800E+01,5.660222E+01
12:52:00,8.005811E+03,1.957235E+03,5.574284E-01,1.728542E-01,0.000000E+00,0.000000E+00,0.000000E+00,0.000000E+00,0.000000E+00,0.000000E+00,0.000000E+00,0.000000E+00,2.110805E+01,7.993595E+01,2.388800E+01,5.658710E+01
12:53:00,8.005811E+03,1.960148E+03,5.574284E-01,1.731115E-01,0.000000E+00,0.000000E+00,0.000000E+00,0.000000E+00,0.000000E+00,0.000000E+00,0.000000E+00,0.000000E+00,2.110805E+01,7.993595E+01,2.388800E+01,5.657203E+01
12:54:00,8.005811E+03,1.963056E+03,5.574284E-01,1.733683E-01,0.000000E+00,0.000000E+00,0.000000E+00,0.000000E+00,0.000000E+00,0.000000E+00,0.000000E+00,0.000000E+00,2.110805E+01,7.993595E+01,2.388800E+01,5.655699E+01
12:55:00,8.005811E+03,1.965960E+03,5.574284E-01,1.736248E-01,0.000000E+00,0.000000E+00,0.000000E+00,0.000000E+00,0.000000E+00,0.000000E+00,0.000000E+00,0.000000E+00,2.110805E+01,7.993595E+01,2.388800E+01,5.654199E+01
12:56:00,8.005811E+03,1.968859E+03,5.574284E-01,1.738808E-01,0.000000E+00,0.000000E+00,0.000000E+00,0.000000E+00,0.000000E+00,0.000000E+00,0.000000E+00,0.000000E+00,2.110805E+01,7.993595E+01,2.388800E+01,5.652703E+01
12:57:00,8.005811E+03,1.971754E+03,5.574284E-01,1.741365E-01,0.000000E+00,0.000000E+00,0.000000E+00,0.000000E+00,0.000000E+00,0.000000E+00,0.000000E+00,0.000000E+00,2.110805E+01,7.993595E+01,2.388800E+01,5.651211E+01
12:58:00,8.005811E+03,1.974643E+03,5.574284E-01,1.743917E-01,0.000000E+00,0.000000E+00,0.000000E+00,0.000000E+00,0.000000E+00,0.000000E+00,0.000000E+00,0.000000E+00,2.110805E+01,7.993595E+01,2.388800E+01,5.649724E+01
12:59:00,8.005811E+03,1.977528E+03,5.574284E-01,1.746465E-01,0.000000E+00,0.000000E+00,0.000000E+00,0.000000E+00,0.000000E+00,0.000000E+00,0.000000E+00,0.000000E+00,2.110805E+01,7.993595E+01,2.388800E+01,5.648240E+01
13:00:00,8.005811E+03,1.980408E+03,5.574284E-01,1.749008E-01,0.000000E+00,0.000000E+00,0.000000E+00,0.000000E+00,0.000000E+00,0.000000E+00,0.000000E+00,0.000000E+00,2.110805E+01,7.993595E+01,2.388800E+01,5.646760E+01
13:01:00,8.005811E+03,1.983281E+03,5.574284E-01,1.751546E-01,0.000000E+00,0.000000E+00,0.000000E+00,0.000000E+00,0.000000E+00,0.000000E+00,0.000000E+00,0.000000E+00,2.110805E+01,7.993595E+01,2.388800E+01,5.645284E+01
13:02:00,8.005811E+03,1.986147E+03,5.574284E-01,1.754076E-01,0.000000E+00,0.000000E+00,0.000000E+00,0.000000E+00,0.000000E+00,0.000000E+00,0.000000E+00,0.000000E+00,2.110805E+01,7.993595E+01,2.388800E+01,5.643818E+01
13:03:00,8.005811E+03,1.989005E+03,5.574284E-01,1.756600E-01,0.000000E+00,0.000000E+00,0.000000E+00,0.000000E+00,0.000000E+00,0.000000E+00,0.000000E+00,0.000000E+00,2.110805E+01,7.993595E+01,2.388800E+01,5.642365E+01
13:04:00,8.005811E+03,1.991855E+03,5.574284E-01,1.759118E-01,0.000000E+00,0.000000E+00,0.000000E+00,0.000000E+00,0.000000E+00,0.000000E+00,0.000000E+00,0.000000E+00,2.110805E+01,7.993595E+01,2.388800E+01,5.640927E+01
13:05:00,8.005811E+03,1.994698E+03,5.574284E-01,1.761629E-01,0.000000E+00,0.000000E+00,0.000000E+00,0.000000E+00,0.000000E+00,0.000000E+00,0.000000E+00,0.000000E+00,2.110805E+01,7.993595E+01,2.388800E+01,5.639503E+01
13:06:00,8.005811E+03,1.997534E+03,5.574284E-01,1.764133E-01,0.000000E+00,0.000000E+00,0.000000E+00,0.000000E+00,0.000000E+00,0.000000E+00,0.000000E+00,0.000000E+00,2.110805E+01,7.993595E+01,2.388800E+01,5.638091E+01
13:07:00,8.005811E+03,2.000362E+03,5.574284E-01,1.766631E-01,0.000000E+00,0.000000E+00,0.000000E+00,0.000000E+00,0.000000E+00,0.000000E+00,0.000000E+00,0.000000E+00,2.110805E+01,7.993595E+01,2.388800E+01,5.636692E+01
13:08:00,8.005811E+03,2.003183E+03,5.574284E-01,1.769123E-01,0.000000E+00,0.000000E+00,0.000000E+00,0.000000E+00,0.000000E+00,0.000000E+00,0.000000E+00,0.000000E+00,2.110805E+01,7.993595E+01,2.388800E+01,5.635306E+01
13:09:00,8.005811E+03,2.005997E+03,5.574284E-01,1.771607E-01,0.000000E+00,0.000000E+00,0.000000E+00,0.000000E+00,0.000000E+00,0.000000E+00,0.000000E+00,0.000000E+00,2.110805E+01,7.993595E+01,2.388800E+01,5.633931E+01
13:10:00,8.005811E+03,2.008802E+03,5.574284E-01,1.774085E-01,0.000000E+00,0.000000E+00,0.000000E+00,0.000000E+00,0.000000E+00,0.000000E+00,0.000000E+00,0.000000E+00,2.110805E+01,7.993595E+01,2.388800E+01,5.632568E+01
13:11:00,8.005811E+03,2.011601E+03,5.574284E-01,1.776557E-01,0.000000E+00,0.000000E+00,0.000000E+00,0.000000E+00,0.000000E+00,0.000000E+00,0.000000E+00,0.000000E+00,2.110805E+01,7.993595E+01,2.388800E+01,5.631216E+01
13:12:00,8.005811E+03,2.014391E+03,5.574284E-01,1.779021E-01,0.000000E+00,0.000000E+00,0.000000E+00,0.000000E+00,0.000000E+00,0.000000E+00,0.000000E+00,0.000000E+00,2.110805E+01,7.993595E+01,2.388800E+01,5.629875E+01
13:13:00,8.005811E+03,2.017174E+03,5.574284E-01,1.781479E-01,0.000000E+00,0.000000E+00,0.000000E+00,0.000000E+00,0.000000E+00,0.000000E+00,0.000000E+00,0.000000E+00,2.110805E+01,7.993595E+01,2.388799E+01,5.628545E+01
13:14:00,8.005811E+03,2.019950E+03,5.574284E-01,1.783931E-01,0.000000E+00,0.000000E+00,0.000000E+00,0.000000E+00,0.000000E+00,0.000000E+00,0.000000E+00,0.000000E+00,2.110805E+01,7.993595E+01,2.388799E+01,5.627225E+01
13:15:00,8.005811E+03,2.022718E+03,5.574284E-01,1.786375E-01,0.000000E+00,0.000000E+00,0.000000E+00,0.000000E+00,0.000000E+00,0.000000E+00,0.000000E+00,0.000000E+00,2.110805E+01,7.993595E+01,2.388799E+01,5.625915E+01
13:16:00,8.005811E+03,2.025479E+03,5.574284E-01,1.788813E-01,0.000000E+00,0.000000E+00,0.000000E+00,0.000000E+00,0.000000E+00,0.000000E+00,0.000000E+00,0.000000E+00,2.110805E+01,7.993595E+01,2.388799E+01,5.624614E+01
13:17:00,8.005811E+03,2.028232E+03,5.574284E-01,1.791245E-01,0.000000E+00,0.000000E+00,0.000000E+00,0.000000E+00,0.000000E+00,0.000000E+00,0.000000E+00,0.000000E+00,2.110805E+01,7.993595E+01,2.388799E+01,5.623323E+01
13:18:00,8.005811E+03,2.030977E+03,5.574284E-01,1.793669E-01,0.000000E+00,0.000000E+00,0.000000E+00,0.000000E+00,0.000000E+00,0.000000E+00,0.000000E+00,0.000000E+00,2.110805E+01,7.993595E+01,2.388799E+01,5.622041E+01
13:19:00,8.005811E+03,2.033715E+03,5.574284E-01,1.796087E-01,0.000000E+00,0.000000E+00,0.000000E+00,0.000000E+00,0.000000E+00,0.000000E+00,0.000000E+00,0.000000E+00,2.110805E+01,7.993595E+01,2.388799E+01,5.620768E+01
13:20:00,8.005811E+03,2.036445E+03,5.574284E-01,1.798499E-01,0.000000E+00,0.000000E+00,0.000000E+00,0.000000E+00,0.000000E+00,0.000000E+00,0.000000E+00,0.000000E+00,2.110805E+01,7.993595E+01,2.388799E+01,5.619503E+01
13:21:00,8.005811E+03,2.039168E+03,5.574284E-01,1.800903E-01,0.000000E+00,0.000000E+00,0.000000E+00,0.000000E+00,0.000000E+00,0.000000E+00,0.000000E+00,0.000000E+00,2.110805E+01,7.993595E+01,2.388799E+01,5.618247E+01
13:22:00,8.005811E+03,2.041882E+03,5.574284E-01,1.803301E-01,0.000000E+00,0.000000E+00,0.000000E+00,0.000000E+00,0.000000E+00,0.000000E+00,0.000000E+00,0.000000E+00,2.110805E+01,7.993595E+01,2.388799E+01,5.616999E+01
13:23:00,8.005811E+03,2.044590E+03,5.574284E-01,1.805692E-01,0.000000E+00,0.000000E+00,0.000000E+00,0.000000E+00,0.000000E+00,0.000000E+00,0.000000E+00,0.000000E+00,2.110805E+01,7.993595E+01,2.388799E+01,5.615759E+01
13:24:00,8.005811E+03,2.047289E+03,5.574284E-01,1.808076E-01,0.000000E+00,0.000000E+00,0.000000E+00,0.000000E+00,0.000000E+00,0.000000E+00,0.000000E+00,0.000000E+00,2.110805E+01,7.993595E+01,2.388799E+01,5.614527E+01
13:25:00,8.005811E+03,2.049981E+03,5.574284E-01,1.810453E-01,0.000000E+00,0.000000E+00,0.000000E+00,0.000000E+00,0.000000E+00,0.000000E+00,0.000000E+00,0.000000E+00,2.110805E+01,7.993595E+01,2.388799E+01,5.613302E+01
13:26:00,8.005811E+03,2.052664E+03,5.574284E-01,1.812823E-01,0.000000E+00,0.000000E+00,0.000000E+00,0.000000E+00,0.000000E+00,0.000000E+00,0.000000E+00,0.000000E+00,2.110805E+01,7.993595E+01,2.388799E+01,5.612085E+01
13:27:00,8.005811E+03,2.055340E+03,5.574284E-01,1.815186E-01,0.000000E+00,0.000000E+00,0.000000E+00,0.000000E+00,0.000000E+00,0.000000E+00,0.000000E+00,0.000000E+00,2.110805E+01,7.993595E+01,2.388799E+01,5.610876E+01
13:28:00,8.005811E+03,2.058008E+03,5.574284E-01,1.817543E-01,0.000000E+00,0.000000E+00,0.000000E+00,0.000000E+00,0.000000E+00,0.000000E+00,0.000000E+00,0.000000E+00,2.110805E+01,7.993595E+01,2.388799E+01,5.609673E+01
13:29:00,8.005811E+03,2.060657E+03,5.574284E-01,1.819882E-01,0.000000E+00,0.000000E+00,0.000000E+00,0.000000E+00,0.000000E+00,0.000000E+00,0.000000E+00,0.000000E+00,2.110805E+01,7.993595E+01,2.388799E+01,5.608477E+01
13:30:00,8.005811E+03,2.063288E+03,5.574284E-01,1.822206E-01,0.000000E+00,0.000000E+00,0.000000E+00,0.000000E+00,0.000000E+00,0.000000E+00,0.000000E+00,0.000000E+00,2.110805E+01,7.993595E+01,2.388799E+01,5.607288E+01
13:31:00,8.005811E+03,2.065907E+03,5.574284E-01,1.824519E-01,0.000000E+00,0.000000E+00,0.000000E+00,0.000000E+00,0.000000E+00,0.000000E+00,0.000000E+00,0.000000E+00,2.110805E+01,7.993595E+01,2.388799E+01,5.606106E+01
13:32:00,8.005811E+03,2.068514E+03,5.574284E-01,1.826821E-01,0.000000E+00,0.000000E+00,0.000000E+00,0.000000E+00,0.000000E+00,0.000000E+00,0.000000E+00,0.000000E+00,2.110805E+01,7.993595E+01,2.388799E+01,5.604931E+01
13:33:00,8.005811E+03,2.071109E+03,5.574284E-01,1.829113E-01,0.000000E+00,0.000000E+00,0.000000E+00,0.000000E+00,0.000000E+00,0.000000E+00,0.000000E+00,0.000000E+00,2.110805E+01,7.993595E+01,2.388799E+01,5.603761E+01
13:34:00,8.005811E+03,2.073692E+03,5.574284E-01,1.831394E-01,0.000000E+00,0.000000E+00,0.000000E+00,0.000000E+00,0.000000E+00,0.000000E+00,0.000000E+00,0.000000E+00,2.110805E+01,7.993595E+01,2.388799E+01,5.602598E+01
13:35:00,8.005811E+03,2.076263E+03,5.574284E-01,1.833665E-01,0.000000E+00,0.000000E+00,0.000000E+00,0.000000E+00,0.000000E+00,0.000000E+00,0.000000E+00,0.000000E+00,2.110805E+01,7.993595E+01,2.388799E+01,5.601442E+01
13:36:00,8.005811E+03,2.078822E+03,5.574284E-01,1.835925E-01,0.000000E+00,0.000000E+00,0.000000E+00,0.000000E+00,0.000000E+00,0.000000E+00,0.000000E+00,0.000000E+00,2.110805E+01,7.993595E+01,2.388799E+01,5.600291E+01
13:37:00,8.005811E+03,2.081369E+03,5.574284E-01,1.838174E-01,0.000000E+00,0.000000E+00,0.000000E+00,0.000000E+00,0.000000E+00,0.000000E+00,0.000000E+00,0.000000E+00,2.110805E+01,7.993595E+01,2.388799E+01,5.599147E+01
13:38:00,8.005811E+03,2.083904E+03,5.574284E-01,1.840413E-01,0.000000E+00,0.000000E+00,0.000000E+00,0.000000E+00,0.000000E+00,0.000000E+00,0.000000E+00,0.000000E+00,2.110805E+01,7.993595E+01,2.388799E+01,5.598008E+01
13:39:00,8.005811E+03,2.086427E+03,5.574284E-01,1.842641E-01,0.000000E+00,0.000000E+00,0.000000E+00,0.000000E+00,0.000000E+00,0.000000E+00,0.000000E+00,0.000000E+00,2.110805E+01,7.993595E+01,2.388799E+01,5.596876E+01
13:40:00,8.005811E+03,2.088937E+03,5.574284E-01,1.844859E-01,0.000000E+00,0.000000E+00,0.000000E+00,0.000000E+00,0.000000E+00,0.000000E+00,0.000000E+00,0.000000E+00,2.110805E+01,7.993595E+01,2.388799E+01,5.595748E+01
13:41:00,8.005811E+03,2.091436E+03,5.574284E-01,1.847065E-01,0.000000E+00,0.000000E+00,0.000000E+00,0.000000E+00,0.000000E+00,0.000000E+00,0.000000E+00,0.000000E+00,2.110805E+01,7.993595E+01,2.388799E+01,5.594627E+01
13:42:00,8.005811E+03,2.093923E+03,5.574284E-01,1.849261E-01,0.000000E+00,0.000000E+00,0.000000E+00,0.000000E+00,0.000000E+00,0.000000E+00,0.000000E+00,0.000000E+00,2.110805E+01,7.993595E+01,2.388799E+01,5.593510E+01
13:43:00,8.005811E+03,2.096397E+03,5.574284E-01,1.851447E-01,0.000000E+00,0.000000E+00,0.000000E+00,0.000000E+00,0.000000E+00,0.000000E+00,0.000000E+00,0.000000E+00,2.110805E+01,7.993595E+01,2.388799E+01,5.592400E+01
13:44:00,8.005811E+03,2.098859E+03,5.574284E-01,1.853621E-01,0.000000E+00,0.000000E+00,0.000000E+00,0.000000E+00,0.000000E+00,0.000000E+00,0.000000E+00,0.000000E+00,2.110805E+01,7.993595E+01,2.388799E+01,5.591294E+01
13:45:00,8.005811E+03,2.101309E+03,5.574284E-01,1.855785E-01,0.000000E+00,0.000000E+00,0.000000E+00,0.000000E+00,0.000000E+00,0.000000E+00,0.000000E+00,0.000000E+00,2.110805E+01,7.993595E+01,2.388799E+01,5.590194E+01
13:46:00,8.005811E+03,2.103747E+03,5.574284E-01,1.857938E-01,0.000000E+00,0.000000E+00,0.000000E+00,0.000000E+00,0.000000E+00,0.000000E+00,0.000000E+00,0.000000E+00,2.110805E+01,7.993595E+01,2.388799E+01,5.589099E+01
13:47:00,8.005811E+03,2.106172E+03,5.574284E-01,1.860080E-01,0.000000E+00,0.000000E+00,0.000000E+00,0.000000E+00,0.000000E+00,0.000000E+00,0.000000E+00,0.000000E+00,2.110805E+01,7.993595E+01,2.388799E+01,5.588009E+01
13:48:00,8.005811E+03,2.108585E+03,5.574284E-01,1.862210E-01,0.000000E+00,0.000000E+00,0.000000E+00,0.000000E+00,0.000000E+00,0.000000E+00,0.000000E+00,0.000000E+00,2.110805E+01,7.993595E+01,2.388799E+01,5.586924E+01
13:49:00,8.005811E+03,2.110985E+03,5.574284E-01,1.864330E-01,0.000000E+00,0.000000E+00,0.000000E+00,0.000000E+00,0.000000E+00,0.000000E+00,0.000000E+00,0.000000E+00,2.110805E+01,7.993595E+01,2.388799E+01,5.585844E+01
13:50:00,8.005811E+03,2.113372E+03,5.574284E-01,1.866439E-01,0.000000E+00,0.000000E+00,0.000000E+00,0.000000E+00,0.000000E+00,0.000000E+00,0.000000E+00,0.000000E+00,2.110805E+01,7.993595E+01,2.388799E+01,5.584770E+01
13:51:00,8.005811E+03,2.115748E+03,5.574284E-01,1.868537E-01,0.000000E+00,0.000000E+00,0.000000E+00,0.000000E+00,0.000000E+00,0.000000E+00,0.000000E+00,0.000000E+00,2.110805E+01,7.993595E+01,2.388799E+01,5.583700E+01
13:52:00,8.005811E+03,2.118110E+03,5.574284E-01,1.870623E-01,0.000000E+00,0.000000E+00,0.000000E+00,0.000000E+00,0.000000E+00,0.000000E+00,0.000000E+00,0.000000E+00,2.110805E+01,7.993595E+01,2.388799E+01,5.582635E+01
13:53:00,8.005811E+03,2.120459E+03,5.574284E-01,1.872698E-01,0.000000E+00,0.000000E+00,0.000000E+00,0.000000E+00,0.000000E+00,0.000000E+00,0.000000E+00,0.000000E+00,2.110805E+01,7.993595E+01,2.388799E+01,5.581574E+01
13:54:00,8.005811E+03,2.122796E+03,5.574284E-01,1.874762E-01,0.000000E+00,0.000000E+00,0.000000E+00,0.000000E+00,0.000000E+00,0.000000E+00,0.000000E+00,0.000000E+00,2.110805E+01,7.993595E+01,2.388799E+01,5.580519E+01
13:55:00,8.005811E+03,2.125121E+03,5.574284E-01,1.876815E-01,0.000000E+00,0.000000E+00,0.000000E+00,0.000000E+00,0.000000E+00,0.000000E+00,0.000000E+00,0.000000E+00,2.110805E+01,7.993595E+01,2.388798E+01,5.579469E+01
13:56:00,8.005811E+03,2.127432E+03,5.574284E-01,1.878856E-01,0.000000E+00,0.000000E+00,0.000000E+00,0.000000E+00,0.000000E+00,0.000000E+00,0.000000E+00,0.000000E+00,2.110805E+01,7.993595E+01,2.388798E+01,5.578423E+01
13:57:00,8.005811E+03,2.129730E+03,5.574284E-01,1.880886E-01,0.000000E+00,0.000000E+00,0.000000E+00,0.000000E+00,0.000000E+00,0.000000E+00,0.000000E+00,0.000000E+00,2.110805E+01,7.993595E+01,2.388798E+01,5.577381E+01
13:58:00,8.005811E+03,2.132016E+03,5.574284E-01,1.882905E-01,0.000000E+00,0.000000E+00,0.000000E+00,0.000000E+00,0.000000E+00,0.000000E+00,0.000000E+00,0.000000E+00,2.110805E+01,7.993595E+01,2.388798E+01,5.576345E+01
13:59:00,8.005811E+03,2.134289E+03,5.574284E-01,1.884912E-01,0.000000E+00,0.000000E+00,0.000000E+00,0.000000E+00,0.000000E+00,0.000000E+00,0.000000E+00,0.000000E+00,2.110805E+01,7.993595E+01,2.388798E+01,5.575313E+01
14:00:00,8.005811E+03,2.136549E+03,5.574284E-01,1.886908E-01,0.000000E+00,0.000000E+00,0.000000E+00,0.000000E+00,0.000000E+00,0.000000E+00,0.000000E+00,0.000000E+00,2.110805E+01,7.993595E+01,2.388798E+01,5.574285E+01
14:01:00,8.005811E+03,2.138790E+03,5.574284E-01,1.888887E-01,0.000000E+00,0.000000E+00,0.000000E+00,0.000000E+00,0.000000E+00,0.000000E+00,0.000000E+00,0.000000E+00,2.110805E+01,7.993595E+01,2.388798E+01,5.573262E+01
14:02:00,8.005811E+03,2.141012E+03,5.574284E-01,1.890850E-01,0.000000E+00,0.000000E+00,0.000000E+00,0.000000E+00,0.000000E+00,0.000000E+00,0.000000E+00,0.000000E+00,2.110805E+01,7.993595E+01,2.388798E+01,5.572253E+01
14:03:00,8.005811E+03,2.143216E+03,5.574284E-01,1.892796E-01,0.000000E+00,0.000000E+00,0.000000E+00,0.000000E+00,0.000000E+00,0.000000E+00,0.000000E+00,0.000000E+00,2.110805E+01,7.993595E+01,2.388798E+01,5.571263E+01
14:04:00,8.005811E+03,2.145402E+03,5.574284E-01,1.894726E-01,0.000000E+00,0.000000E+00,0.000000E+00,0.000000E+00,0.000000E+00,0.000000E+00,0.000000E+00,0.000000E+00,2.110805E+01,7.993595E+01,2.388798E+01,5.570294E+01
14:05:00,8.005811E+03,2.147568E+03,5.574284E-01,1.896640E-01,0.000000E+00,0.000000E+00,0.000000E+00,0.000000E+00,0.000000E+00,0.000000E+00,0.000000E+00,0.000000E+00,2.110805E+01,7.993595E+01,2.388798E+01,5.569345E+01
14:06:00,8.005811E+03,2.149716E+03,5.574284E-01,1.898537E-01,0.000000E+00,0.000000E+00,0.000000E+00,0.000000E+00,0.000000E+00,0.000000E+00,0.000000E+00,0.000000E+00,2.110805E+01,7.993595E+01,2.388798E+01,5.568415E+01
14:07:00,8.005811E+03,2.151845E+03,5.574284E-01,1.900417E-01,0.000000E+00,0.000000E+00,0.000000E+00,0.000000E+00,0.000000E+00,0.000000E+00,0.000000E+00,0.000000E+00,2.110805E+01,7.993595E+01,2.388798E+01,5.567504E+01
14:08:00,8.005811E+03,2.153955E+03,5.574284E-01,1.902280E-01,0.000000E+00,0.000000E+00,0.000000E+00,0.000000E+00,0.000000E+00,0.000000E+00,0.000000E+00,0.000000E+00,2.110805E+01,7.993595E+01,2.388798E+01,5.566609E+01
14:09:00,8.005811E+03,2.156046E+03,5.574284E-01,1.904127E-01,0.000000E+00,0.000000E+00,0.000000E+00,0.000000E+00,0.000000E+00,0.000000E+00,0.000000E+00,0.000000E+00,2.110805E+01,7.993595E+01,2.388798E+01,5.565731E+01
14:10:00,8.005811E+03,2.158119E+03,5.574284E-01,1.905958E-01,0.000000E+00,0.000000E+00,0.000000E+00,0.000000E+00,0.000000E+00,0.000000E+00,0.000000E+00,0.000000E+00,2.110805E+01,7.993595E+01,2.388798E+01,5.564870E+01
14:11:00,8.005811E+03,2.160172E+03,5.574284E-01,1.907771E-01,0.000000E+00,0.000000E+00,0.000000E+00,0.000000E+00,0.000000E+00,0.000000E+00,0.000000E+00,0.000000E+00,2.110805E+01,7.993595E+01,2.388798E+01,5.564023E+01
14:12:00,8.005811E+03,2.162206E+03,5.574284E-01,1.909567E-01,0.000000E+00,0.000000E+00,0.000000E+00,0.000000E+00,0.000000E+00,0.000000E+00,0.000000E+00,0.000000E+00,2.110805E+01,7.993595E+01,2.388798E+01,5.563192E+01
14:13:00,8.005811E+03,2.164221E+03,5.574284E-01,1.911347E-01,0.000000E+00,0.000000E+00,0.000000E+00,0.000000E+00,0.000000E+00,0.000000E+00,0.000000E+00,0.000000E+00,2.110805E+01,7.993595E+01,2.388798E+01,5.562376E+01
14:14:00,8.005812E+03,2.166217E+03,5.574284E-01,1.913110E-01,0.000000E+00,0.000000E+00,0.000000E+00,0.000000E+00,0.000000E+00,0.000000E+00,0.000000E+00,0.000000E+00,2.110805E+01,7.993595E+01,2.388798E+01,5.561574E+01
14:15:00,8.005812E+03,2.168194E+03,5.574284E-01,1.914856E-01,0.000000E+00,0.000000E+00,0.000000E+00,0.000000E+00,0.000000E+00,0.000000E+00,0.000000E+00,0.000000E+00,2.110805E+01,7.993595E+01,2.388798E+01,5.560785E+01
14:16:00,8.005812E+03,2.170151E+03,5.574284E-01,1.916584E-01,0.000000E+00,0.000000E+00,0.000000E+00,0.000000E+00,0.000000E+00,0.000000E+00,0.000000E+00,0.000000E+00,2.110805E+01,7.993595E+01,2.388798E+01,5.560009E+01
14:17:00,8.005812E+03,2.172089E+03,5.574284E-01,1.918296E-01,0.000000E+00,0.000000E+00,0.000000E+00,0.000000E+00,0.000000E+00,0.000000E+00,0.000000E+00,0.000000E+00,2.110805E+01,7.993595E+01,2.388798E+01,5.559246E+01
14:18:00,8.005812E+03,2.174007E+03,5.574284E-01,1.919990E-01,0.000000E+00,0.000000E+00,0.000000E+00,0.000000E+00,0.000000E+00,0.000000E+00,0.000000E+00,0.000000E+00,2.110805E+01,7.993595E+01,2.388798E+01,5.558496E+01
14:19:00,8.005812E+03,2.175906E+03,5.574284E-01,1.921667E-01,0.000000E+00,0.000000E+00,0.000000E+00,0.000000E+00,0.000000E+00,0.000000E+00,0.000000E+00,0.000000E+00,2.110805E+01,7.993595E+01,2.388798E+01,5.557757E+01
14:20:00,8.005812E+03,2.177786E+03,5.574284E-01,1.923327E-01,0.000000E+00,0.000000E+00,0.000000E+00,0.000000E+00,0.000000E+00,0.000000E+00,0.000000E+00,0.000000E+00,2.110805E+01,7.993595E+01,2.388798E+01,5.557029E+01
14:21:00,8.005812E+03,2.179646E+03,5.574284E-01,1.924970E-01,0.000000E+00,0.000000E+00,0.000000E+00,0.000000E+00,0.000000E+00,0.000000E+00,0.000000E+00,0.000000E+00,2.110805E+01,7.993595E+01,2.388798E+01,5.556313E+01
14:22:00,8.005812E+03,2.181486E+03,5.574284E-01,1.926595E-01,0.000000E+00,0.000000E+00,0.000000E+00,0.000000E+00,0.000000E+00,0.000000E+00,0.000000E+00,0.000000E+00,2.110805E+01,7.993595E+01,2.388798E+01,5.555607E+01
14:23:00,8.005812E+03,2.183307E+03,5.574284E-01,1.928203E-01,0.000000E+00,0.000000E+00,0.000000E+00,0.000000E+00,0.000000E+00,0.000000E+00,0.000000E+00,0.000000E+00,2.110805E+01,7.993595E+01,2.388798E+01,5.554912E+01
14:24:00,8.005812E+03,2.185108E+03,5.574284E-01,1.929794E-01,0.000000E+00,0.000000E+00,0.000000E+00,0.000000E+00,0.000000E+00,0.000000E+00,0.000000E+00,0.000000E+00,2.110805E+01,7.993595E+01,2.388798E+01,5.554227E+01
14:25:00,8.005812E+03,2.186889E+03,5.574284E-01,1.931367E-01,0.000000E+00,0.000000E+00,0.000000E+00,0.000000E+00,0.000000E+00,0.000000E+00,0.000000E+00,0.000000E+00,2.110805E+01,7.993595E+01,2.388798E+01,5.553552E+01
14:26:00,8.005812E+03,2.188650E+03,5.574284E-01,1.932922E-01,0.000000E+00,0.000000E+00,0.000000E+00,0.000000E+00,0.000000E+00,0.000000E+00,0.000000E+00,0.000000E+00,2.110805E+01,7.993595E+01,2.388798E+01,5.552886E+01
14:27:00,8.005812E+03,2.190392E+03,5.574284E-01,1.934460E-01,0.000000E+00,0.000000E+00,0.000000E+00,0.000000E+00,0.000000E+00,0.000000E+00,0.000000E+00,0.000000E+00,2.110805E+01,7.993595E+01,2.388798E+01,5.552230E+01
14:28:00,8.005812E+03,2.192113E+03,5.574284E-01,1.935981E-01,0.000000E+00,0.000000E+00,0.000000E+00,0.000000E+00,0.000000E+00,0.000000E+00,0.000000E+00,0.000000E+00,2.110805E+01,7.993595E+01,2.388798E+01,5.551583E+01
14:29:00,8.005812E+03,2.193815E+03,5.574284E-01,1.937484E-01,0.000000E+00,0.000000E+00,0.000000E+00,0.000000E+00,0.000000E+00,0.000000E+00,0.000000E+00,0.000000E+00,2.110805E+01,7.993595E+01,2.388798E+01,5.550944E+01
14:30:00,8.005812E+03,2.195497E+03,5.574284E-01,1.938969E-01,0.000000E+00,0.000000E+00,0.000000E+00,0.000000E+00,0.000000E+00,0.000000E+00,0.000000E+00,0.000000E+00,2.110805E+01,7.993595E+01,2.388798E+01,5.550313E+01
14:31:00,8.005812E+03,2.197159E+03,5.574284E-01,1.940437E-01,0.000000E+00,0.000000E+00,0.000000E+00,0.000000E+00,0.000000E+00,0.000000E+00,0.000000E+00,0.000000E+00,2.110805E+01,7.993595E+01,2.388798E+01,5.549691E+01
14:32:00,8.005812E+03,2.198800E+03,5.574284E-01,1.941887E-01,0.000000E+00,0.000000E+00,0.000000E+00,0.000000E+00,0.000000E+00,0.000000E+00,0.000000E+00,0.000000E+00,2.110805E+01,7.993595E+01,2.388798E+01,5.549077E+01
14:33:00,8.005812E+03,2.200422E+03,5.574284E-01,1.943319E-01,0.000000E+00,0.000000E+00,0.000000E+00,0.000000E+00,0.000000E+00,0.000000E+00,0.000000E+00,0.000000E+00,2.110805E+01,7.993595E+01,2.388798E+01,5.548471E+01
14:34:00,8.005812E+03,2.202024E+03,5.574284E-01,1.944733E-01,0.000000E+00,0.000000E+00,0.000000E+00,0.000000E+00,0.000000E+00,0.000000E+00,0.000000E+00,0.000000E+00,2.110805E+01,7.993595E+01,2.388798E+01,5.547872E+01
14:35:00,8.005812E+03,2.203605E+03,5.574284E-01,1.946130E-01,0.000000E+00,0.000000E+00,0.000000E+00,0.000000E+00,0.000000E+00,0.000000E+00,0.000000E+00,0.000000E+00,2.110805E+01,7.993595E+01,2.388798E+01,5.547281E+01
14:36:00,8.005812E+03,2.205166E+03,5.574284E-01,1.947509E-01,0.000000E+00,0.000000E+00,0.000000E+00,0.000000E+00,0.000000E+00,0.000000E+00,0.000000E+00,0.000000E+00,2.110805E+01,7.993595E+01,2.388798E+01,5.546697E+01
14:37:00,8.005812E+03,2.206708E+03,5.574284E-01,1.948870E-01,0.000000E+00,0.000000E+00,0.000000E+00,0.000000E+00,0.000000E+00,0.000000E+00,0.000000E+00,0.000000E+00,2.110805E+01,7.993595E+01,2.388798E+01,5.546120E+01
14:38:00,8.005812E+03,2.208228E+03,5.574284E-01,1.950213E-01,0.000000E+00,0.000000E+00,0.000000E+00,0.000000E+00,0.000000E+00,0.000000E+00,0.000000E+00,0.000000E+00,2.110805E+01,7.993595E+01,2.388798E+01,5.545549E+01
14:39:00,8.005812E+03,2.209729E+03,5.574284E-01,1.951538E-01,0.000000E+00,0.000000E+00,0.000000E+00,0.000000E+00,0.000000E+00,0.000000E+00,0.000000E+00,0.000000E+00,2.110805E+01,7.993595E+01,2.388798E+01,5.544986E+01
14:40:00,8.005812E+03,2.211209E+03,5.574284E-01,1.952846E-01,0.000000E+00,0.000000E+00,0.000000E+00,0.000000E+00,0.000000E+00,0.000000E+00,0.000000E+00,0.000000E+00,2.110805E+01,7.993595E+01,2.388798E+01,5.544429E+01
14:41:00,8.005812E+03,2.212669E+03,5.574284E-01,1.954135E-01,0.000000E+00,0.000000E+00,0.000000E+00,0.000000E+00,0.000000E+00,0.000000E+00,0.000000E+00,0.000000E+00,2.110805E+01,7.993595E+01,2.388798E+01,5.543878E+01
14:42:00,8.005812E+03,2.214109E+03,5.574284E-01,1.955406E-01,0.000000E+00,0.000000E+00,0.000000E+00,0.000000E+00,0.000000E+00,0.000000E+00,0.000000E+00,0.000000E+00,2.110805E+01,7.993595E+01,2.388798E+01,5.543333E+01
14:43:00,8.005812E+03,2.215527E+03,5.574284E-01,1.956659E-01,0.000000E+00,0.000000E+00,0.000000E+00,0.000000E+00,0.000000E+00,0.000000E+00,0.000000E+00,0.000000E+00,2.110805E+01,7.993595E+01,2.388798E+01,5.542795E+01
14:44:00,8.005812E+03,2.216926E+03,5.574284E-01,1.957894E-01,0.000000E+00,0.000000E+00,0.000000E+00,0.000000E+00,0.000000E+00,0.000000E+00,0.000000E+00,0.000000E+00,2.110805E+01,7.993595E+01,2.388798E+01,5.542262E+01
14:45:00,8.005812E+03,2.218303E+03,5.574284E-01,1.959111E-01,0.000000E+00,0.000000E+00,0.000000E+00,0.000000E+00,0.000000E+00,0.000000E+00,0.000000E+00,0.000000E+00,2.110805E+01,7.993595E+01,2.388798E+01,5.541736E+01
14:46:00,8.005812E+03,2.219660E+03,5.574284E-01,1.960309E-01,0.000000E+00,0.000000E+00,0.000000E+00,0.000000E+00,0.000000E+00,0.000000E+00,0.000000E+00,0.000000E+00,2.110805E+01,7.993595E+01,2.388798E+01,5.541216E+01
14:47:00,8.005812E+03,2.220997E+03,5.574284E-01,1.961489E-01,0.000000E+00,0.000000E+00,0.000000E+00,0.000000E+00,0.000000E+00,0.000000E+00,0.000000E+00,0.000000E+00,2.110805E+01,7.993595E+01,2.388798E+01,5.540701E+01
14:48:00,8.005812E+03,2.222312E+03,5.574284E-01,1.962651E-01,0.000000E+00,0.000000E+00,0.000000E+00,0.000000E+00,0.000000E+00,0.000000E+00,0.000000E+00,0.000000E+00,2.110805E+01,7.993595E+01,2.388798E+01,5.540192E+01
14:49:00,8.005812E+03,2.223607E+03,5.574284E-01,1.963795E-01,0.000000E+00,0.000000E+00,0.000000E+00,0.000000E+00,0.000000E+00,0.000000E+00,0.000000E+00,0.000000E+00,2.110805E+01,7.993595E+01,2.388798E+01,5.539689E+01
14:50:00,8.005812E+03,2.224880E+03,5.574284E-01,1.964919E-01,0.000000E+00,0.000000E+00,0.000000E+00,0.000000E+00,0.000000E+00,0.000000E+00,0.000000E+00,0.000000E+00,2.110805E+01,7.993595E+01,2.388798E+01,5.539191E+01
14:51:00,8.005812E+03,2.226133E+03,5.574284E-01,1.966026E-01,0.000000E+00,0.000000E+00,0.000000E+00,0.000000E+00,0.000000E+00,0.000000E+00,0.000000E+00,0.000000E+00,2.110805E+01,7.993595E+01,2.388798E+01,5.538699E+01
14:52:00,8.005812E+03,2.227364E+03,5.574284E-01,1.967113E-01,0.000000E+00,0.000000E+00,0.000000E+00,0.000000E+00,0.000000E+00,0.000000E+00,0.000000E+00,0.000000E+00,2.110805E+01,7.993595E+01,2.388798E+01,5.538212E+01
14:53:00,8.005812E+03,2.228575E+03,5.574284E-01,1.968182E-01,0.000000E+00,0.000000E+00,0.000000E+00,0.000000E+00,0.000000E+00,0.000000E+00,0.000000E+00,0.000000E+00,2.110805E+01,7.993595E+01,2.388798E+01,5.537731E+01
14:54:00,8.005812E+03,2.229764E+03,5.574284E-01,1.969233E-01,0.000000E+00,0.000000E+00,0.000000E+00,0.000000E+00,0.000000E+00,0.000000E+00,0.000000E+00,0.000000E+00,2.110805E+01,7.993595E+01,2.388798E+01,5.537254E+01
14:55:00,8.005812E+03,2.230932E+03,5.574284E-01,1.970264E-01,0.000000E+00,0.000000E+00,0.000000E+00,0.000000E+00,0.000000E+00,0.000000E+00,0.000000E+00,0.000000E+00,2.110805E+01,7.993595E+01,2.388798E+01,5.536784E+01
14:56:00,8.005812E+03,2.232079E+03,5.574284E-01,1.971277E-01,0.000000E+00,0.000000E+00,0.000000E+00,0.000000E+00,0.000000E+00,0.000000E+00,0.000000E+00,0.000000E+00,2.110805E+01,7.993595E+01,2.388798E+01,5.536318E+01
14:57:00,8.005812E+03,2.233204E+03,5.574284E-01,1.972271E-01,0.000000E+00,0.000000E+00,0.000000E+00,0.000000E+00,0.000000E+00,0.000000E+00,0.000000E+00,0.000000E+00,2.110805E+01,7.993595E+01,2.388798E+01,5.535857E+01
14:58:00,8.005812E+03,2.234308E+03,5.574284E-01,1.973246E-01,0.000000E+00,0.000000E+00,0.000000E+00,0.000000E+00,0.000000E+00,0.000000E+00,0.000000E+00,0.000000E+00,2.110805E+01,7.993595E+01,2.388798E+01,5.535402E+01
14:59:00,8.005812E+03,2.235390E+03,5.574284E-01,1.974202E-01,0.000000E+00,0.000000E+00,0.000000E+00,0.000000E+00,0.000000E+00,0.000000E+00,0.000000E+00,0.000000E+00,2.110805E+01,7.993595E+01,2.388798E+01,5.534952E+01
15:00:00,8.005812E+03,2.236451E+03,5.574284E-01,1.975138E-01,0.000000E+00,0.000000E+00,0.000000E+00,0.000000E+00,0.000000E+00,0.000000E+00,0.000000E+00,0.000000E+00,2.110805E+01,7.993595E+01,2.388798E+01,5.534507E+01
15:01:00,8.005812E+03,2.237487E+03,5.574284E-01,1.976053E-01,0.000000E+00,0.000000E+00,0.000000E+00,0.000000E+00,0.000000E+00,0.000000E+00,0.000000E+00,0.000000E+00,2.110805E+01,7.993595E+01,2.388798E+01,5.534067E+01
15:02:00,8.005812E+03,2.238469E+03,5.574284E-01,1.976921E-01,0.000000E+00,0.000000E+00,0.000000E+00,0.000000E+00,0.000000E+00,0.000000E+00,0.000000E+00,0.000000E+00,2.110805E+01,7.993595E+01,2.388798E+01,5.533643E+01
15:03:00,8.005812E+03,2.239425E+03,5.574284E-01,1.977765E-01,0.000000E+00,0.000000E+00,0.000000E+00,0.000000E+00,0.000000E+00,0.000000E+00,0.000000E+00,0.000000E+00,2.110805E+01,7.993595E+01,2.388798E+01,5.533260E+01
15:04:00,8.005812E+03,2.240354E+03,5.574284E-01,1.978585E-01,0.000000E+00,0.000000E+00,0.000000E+00,0.000000E+00,0.000000E+00,0.000000E+00,0.000000E+00,0.000000E+00,2.110805E+01,7.993595E+01,2.388798E+01,5.532913E+01
15:05:00,8.005812E+03,2.241258E+03,5.574284E-01,1.979383E-01,0.000000E+00,0.000000E+00,0.000000E+00,0.000000E+00,0.000000E+00,0.000000E+00,0.000000E+00,0.000000E+00,2.110805E+01,7.993595E+01,2.388798E+01,5.532594E+01
15:06:00,8.005812E+03,2.242135E+03,5.574284E-01,1.980159E-01,0.000000E+00,0.000000E+00,0.000000E+00,0.000000E+00,0.000000E+00,0.000000E+00,0.000000E+00,0.000000E+00,2.110805E+01,7.993595E+01,2.388799E+01,5.532298E+01
15:07:00,8.005812E+03,2.242987E+03,5.574284E-01,1.980911E-01,0.000000E+00,0.000000E+00,0.000000E+00,0.000000E+00,0.000000E+00,0.000000E+00,0.000000E+00,0.000000E+00,2.110805E+01,7.993595E+01,2.388799E+01,5.532022E+01
15:08:00,8.005812E+03,2.243814E+03,5.574284E-01,1.981641E-01,0.000000E+00,0.000000E+00,0.000000E+00,0.000000E+00,0.000000E+00,0.000000E+00,0.000000E+00,0.000000E+00,2.110805E+01,7.993595E+01,2.388799E+01,5.531765E+01
15:09:00,8.005812E+03,2.244614E+03,5.574284E-01,1.982347E-01,0.000000E+00,0.000000E+00,0.000000E+00,0.000000E+00,0.000000E+00,0.000000E+00,0.000000E+00,0.000000E+00,2.110805E+01,7.993595E+01,2.388799E+01,5.531527E+01
15:10:00,8.005812E+03,2.245389E+03,5.574284E-01,1.983032E-01,0.000000E+00,0.000000E+00,0.000000E+00,0.000000E+00,0.000000E+00,0.000000E+00,0.000000E+00,0.000000E+00,2.110805E+01,7.993595E+01,2.388799E+01,5.531307E+01
15:11:00,8.005812E+03,2.246138E+03,5.574284E-01,1.983693E-01,0.000000E+00,0.000000E+00,0.000000E+00,0.000000E+00,0.000000E+00,0.000000E+00,0.000000E+00,0.000000E+00,2.110805E+01,7.993595E+01,2.388799E+01,5.531104E+01
15:12:00,8.005812E+03,2.246862E+03,5.574284E-01,1.984332E-01,0.000000E+00,0.000000E+00,0.000000E+00,0.000000E+00,0.000000E+00,0.000000E+00,0.000000E+00,0.000000E+00,2.110805E+01,7.993595E+01,2.388799E+01,5.530918E+01
15:13:00,8.005812E+03,2.247559E+03,5.574284E-01,1.984949E-01,0.000000E+00,0.000000E+00,0.000000E+00,0.000000E+00,0.000000E+00,0.000000E+00,0.000000E+00,0.000000E+00,2.110805E+01,7.993595E+01,2.388799E+01,5.530748E+01
15:14:00,8.005812E+03,2.248231E+03,5.574284E-01,1.985542E-01,0.000000E+00,0.000000E+00,0.000000E+00,0.000000E+00,0.000000E+00,0.000000E+00,0.000000E+00,0.000000E+00,2.110805E+01,7.993595E+01,2.388799E+01,5.530593E+01
15:15:00,8.005812E+03,2.248877E+03,5.574284E-01,1.986113E-01,0.000000E+00,0.000000E+00,0.000000E+00,0.000000E+00,0.000000E+00,0.000000E+00,0.000000E+00,0.000000E+00,2.110805E+01,7.993595E+01,2.388799E+01,5.530454E+01
15:16:00,8.005812E+03,2.249497E+03,5.574284E-01,1.986660E-01,0.000000E+00,0.000000E+00,0.000000E+00,0.000000E+00,0.000000E+00,0.000000E+00,0.000000E+00,0.000000E+00,2.110805E+01,7.993595E+01,2.388799E+01,5.530329E+01
15:17:00,8.005812E+03,2.250092E+03,5.574284E-01,1.987185E-01,0.000000E+00,0.000000E+00,0.000000E+00,0.000000E+00,0.000000E+00,0.000000E+00,0.000000E+00,0.000000E+00,2.110805E+01,7.993595E+01,2.388799E+01,5.530218E+01
15:18:00,8.005812E+03,2.250660E+03,5.574284E-01,1.987687E-01,0.000000E+00,0.000000E+00,0.000000E+00,0.000000E+00,0.000000E+00,0.000000E+00,0.000000E+00,0.000000E+00,2.110805E+01,7.993595E+01,2.388799E+01,5.530120E+01
15:19:00,8.005812E+03,2.251202E+03,5.574284E-01,1.988166E-01,0.000000E+00,0.000000E+00,0.000000E+00,0.000000E+00,0.000000E+00,0.000000E+00,0.000000E+00,0.000000E+00,2.110805E+01,7.993595E+01,2.388799E+01,5.530036E+01
15:20:00,8.005812E+03,2.251718E+03,5.574284E-01,1.988622E-01,0.000000E+00,0.000000E+00,0.000000E+00,0.000000E+00,0.000000E+00,0.000000E+00,0.000000E+00,0.000000E+00,2.110805E+01,7.993595E+01,2.388799E+01,5.529964E+01
15:21:00,8.005812E+03,2.252209E+03,5.574284E-01,1.989055E-01,0.000000E+00,0.000000E+00,0.000000E+00,0.000000E+00,0.000000E+00,0.000000E+00,0.000000E+00,0.000000E+00,2.110805E+01,7.993595E+01,2.388799E+01,5.529905E+01
15:22:00,8.005812E+03,2.252673E+03,5.574284E-01,1.989464E-01,0.000000E+00,0.000000E+00,0.000000E+00,0.000000E+00,0.000000E+00,0.000000E+00,0.000000E+00,0.000000E+00,2.110805E+01,7.993595E+01,2.388799E+01,5.529857E+01
15:23:00,8.005812E+03,2.253111E+03,5.574284E-01,1.989851E-01,0.000000E+00,0.000000E+00,0.000000E+00,0.000000E+00,0.000000E+00,0.000000E+00,0.000000E+00,0.000000E+00,2.110805E+01,7.993595E+01,2.388799E+01,5.529821E+01
15:24:00,8.005812E+03,2.253522E+03,5.574284E-01,1.990215E-01,0.000000E+00,0.000000E+00,0.000000E+00,0.000000E+00,0.000000E+00,0.000000E+00,0.000000E+00,0.000000E+00,2.110805E+01,7.993595E+01,2.388799E+01,5.529796E+01
15:25:00,8.005812E+03,2.253908E+03,5.574284E-01,1.990555E-01,0.000000E+00,0.000000E+00,0.000000E+00,0.000000E+00,0.000000E+00,0.000000E+00,0.000000E+00,0.000000E+00,2.110805E+01,7.993595E+01,2.388799E+01,5.529781E+01
15:26:00,8.005812E+03,2.254267E+03,5.574284E-01,1.990872E-01,0.000000E+00,0.000000E+00,0.000000E+00,0.000000E+00,0.000000E+00,0.000000E+00,0.000000E+00,0.000000E+00,2.110805E+01,7.993595E+01,2.388799E+01,5.529778E+01
15:27:00,8.005812E+03,2.254600E+03,5.574284E-01,1.991166E-01,0.000000E+00,0.000000E+00,0.000000E+00,0.000000E+00,0.000000E+00,0.000000E+00,0.000000E+00,0.000000E+00,2.110805E+01,7.993595E+01,2.388799E+01,5.529784E+01
15:28:00,8.005812E+03,2.254907E+03,5.574284E-01,1.991437E-01,0.000000E+00,0.000000E+00,0.000000E+00,0.000000E+00,0.000000E+00,0.000000E+00,0.000000E+00,0.000000E+00,2.110805E+01,7.993595E+01,2.388799E+01,5.529800E+01
15:29:00,8.005812E+03,2.255187E+03,5.574284E-01,1.991684E-01,0.000000E+00,0.000000E+00,0.000000E+00,0.000000E+00,0.000000E+00,0.000000E+00,0.000000E+00,0.000000E+00,2.110805E+01,7.993595E+01,2.388799E+01,5.529827E+01
15:30:00,8.005812E+03,2.255440E+03,5.574284E-01,1.991908E-01,0.000000E+00,0.000000E+00,0.000000E+00,0.000000E+00,0.000000E+00,0.000000E+00,0.000000E+00,0.000000E+00,2.110805E+01,7.993595E+01,2.388799E+01,5.529862E+01
15:31:00,8.005812E+03,2.255667E+03,5.574284E-01,1.992109E-01,0.000000E+00,0.000000E+00,0.000000E+00,0.000000E+00,0.000000E+00,0.000000E+00,0.000000E+00,0.000000E+00,2.110805E+01,7.993595E+01,2.388799E+01,5.529907E+01
15:32:00,8.005812E+03,2.255868E+03,5.574284E-01,1.992286E-01,0.000000E+00,0.000000E+00,0.000000E+00,0.000000E+00,0.000000E+00,0.000000E+00,0.000000E+00,0.000000E+00,2.110805E+01,7.993595E+01,2.388799E+01,5.529960E+01
15:33:00,8.005812E+03,2.256041E+03,5.574284E-01,1.992439E-01,0.000000E+00,0.000000E+00,0.000000E+00,0.000000E+00,0.000000E+00,0.000000E+00,0.000000E+00,0.000000E+00,2.110805E+01,7.993595E+01,2.388799E+01,5.530022E+01
15:34:00,8.005812E+03,2.256188E+03,5.574284E-01,1.992569E-01,0.000000E+00,0.000000E+00,0.000000E+00,0.000000E+00,0.000000E+00,0.000000E+00,0.000000E+00,0.000000E+00,2.110805E+01,7.993595E+01,2.388799E+01,5.530093E+01
15:35:00,8.005812E+03,2.256309E+03,5.574284E-01,1.992675E-01,0.000000E+00,0.000000E+00,0.000000E+00,0.000000E+00,0.000000E+00,0.000000E+00,0.000000E+00,0.000000E+00,2.110805E+01,7.993595E+01,2.388799E+01,5.530172E+01
15:36:00,8.005812E+03,2.256402E+03,5.574284E-01,1.992758E-01,0.000000E+00,0.000000E+00,0.000000E+00,0.000000E+00,0.000000E+00,0.000000E+00,0.000000E+00,0.000000E+00,2.110805E+01,7.993595E+01,2.388799E+01,5.530260E+01
15:37:00,8.005812E+03,2.256469E+03,5.574284E-01,1.992816E-01,0.000000E+00,0.000000E+00,0.000000E+00,0.000000E+00,0.000000E+00,0.000000E+00,0.000000E+00,0.000000E+00,2.110805E+01,7.993595E+01,2.388799E+01,5.530354E+01
15:38:00,8.005812E+03,2.256508E+03,5.574284E-01,1.992851E-01,0.000000E+00,0.000000E+00,0.000000E+00,0.000000E+00,0.000000E+00,0.000000E+00,0.000000E+00,0.000000E+00,2.110805E+01,7.993595E+01,2.388799E+01,5.530457E+01
15:39:00,8.005812E+03,2.256521E+03,5.574284E-01,1.992862E-01,0.000000E+00,0.000000E+00,0.000000E+00,0.000000E+00,0.000000E+00,0.000000E+00,0.000000E+00,0.000000E+00,2.110805E+01,7.993595E+01,2.388799E+01,5.530568E+01
15:40:00,8.005812E+03,2.256506E+03,5.574284E-01,1.992850E-01,0.000000E+00,0.000000E+00,0.000000E+00,0.000000E+00,0.000000E+00,0.000000E+00,0.000000E+00,0.000000E+00,2.110805E+01,7.993595E+01,2.388799E+01,5.530686E+01
15:41:00,8.005812E+03,2.256465E+03,5.574284E-01,1.992813E-01,0.000000E+00,0.000000E+00,0.000000E+00,0.000000E+00,0.000000E+00,0.000000E+00,0.000000E+00,0.000000E+00,2.110805E+01,7.993595E+01,2.388799E+01,5.530811E+01
15:42:00,8.005812E+03,2.256396E+03,5.574284E-01,1.992753E-01,0.000000E+00,0.000000E+00,0.000000E+00,0.000000E+00,0.000000E+00,0.000000E+00,0.000000E+00,0.000000E+00,2.110805E+01,7.993595E+01,2.388799E+01,5.530944E+01
15:43:00,8.005812E+03,2.256301E+03,5.574284E-01,1.992668E-01,0.000000E+00,0.000000E+00,0.000000E+00,0.000000E+00,0.000000E+00,0.000000E+00,0.000000E+00,0.000000E+00,2.110805E+01,7.993595E+01,2.388799E+01,5.531083E+01
15:44:00,8.005812E+03,2.256178E+03,5.574284E-01,1.992560E-01,0.000000E+00,0.000000E+00,0.000000E+00,0.000000E+00,0.000000E+00,0.000000E+00,0.000000E+00,0.000000E+00,2.110805E+01,7.993595E+01,2.388799E+01,5.531229E+01
15:45:00,8.005812E+03,2.256029E+03,5.574284E-01,1.992428E-01,0.000000E+00,0.000000E+00,0.000000E+00,0.000000E+00,0.000000E+00,0.000000E+00,0.000000E+00,0.000000E+00,2.110805E+01,7.993595E+01,2.388799E+01,5.531382E+01
15:46:00,8.005812E+03,2.255852E+03,5.574284E-01,1.992271E-01,0.000000E+00,0.000000E+00,0.000000E+00,0.000000E+00,0.000000E+00,0.000000E+00,0.000000E+00,0.000000E+00,2.110805E+01,7.993595E+01,2.388799E+01,5.531542E+01
15:47:00,8.005812E+03,2.255648E+03,5.574284E-01,1.992091E-01,0.000000E+00,0.000000E+00,0.000000E+00,0.000000E+00,0.000000E+00,0.000000E+00,0.000000E+00,0.000000E+00,2.110805E+01,7.993595E+01,2.388799E+01,5.531709E+01
15:48:00,8.005812E+03,2.255417E+03,5.574284E-01,1.991887E-01,0.000000E+00,0.000000E+00,0.000000E+00,0.000000E+00,0.000000E+00,0.000000E+00,0.000000E+00,0.000000E+00,2.110805E+01,7.993595E+01,2.388799E+01,5.531881E+01
15:49:00,8.005812E+03,2.255158E+03,5.574284E-01,1.991659E-01,0.000000E+00,0.000000E+00,0.000000E+00,0.000000E+00,0.000000E+00,0.000000E+00,0.000000E+00,0.000000E+00,2.110805E+01,7.993595E+01,2.388799E+01,5.532060E+01
15:50:00,8.005812E+03,2.254873E+03,5.574284E-01,1.991407E-01,0.000000E+00,0.000000E+00,0.000000E+00,0.000000E+00,0.000000E+00,0.000000E+00,0.000000E+00,0.000000E+00,2.110805E+01,7.993595E+01,2.388799E+01,5.532245E+01
15:51:00,8.005812E+03,2.254561E+03,5.574284E-01,1.991131E-01,0.000000E+00,0.000000E+00,0.000000E+00,0.000000E+00,0.000000E+00,0.000000E+00,0.000000E+00,0.000000E+00,2.110805E+01,7.993595E+01,2.388799E+01,5.532437E+01
15:52:00,8.005812E+03,2.254221E+03,5.574284E-01,1.990831E-01,0.000000E+00,0.000000E+00,0.000000E+00,0.000000E+00,0.000000E+00,0.000000E+00,0.000000E+00,0.000000E+00,2.110805E+01,7.993595E+01,2.388799E+01,5.532634E+01
15:53:00,8.005812E+03,2.253854E+03,5.574284E-01,1.990507E-01,0.000000E+00,0.000000E+00,0.000000E+00,0.000000E+00,0.000000E+00,0.000000E+00,0.000000E+00,0.000000E+00,2.110805E+01,7.993595E+01,2.388799E+01,5.532837E+01
15:54:00,8.005812E+03,2.253460E+03,5.574284E-01,1.990159E-01,0.000000E+00,0.000000E+00,0.000000E+00,0.000000E+00,0.000000E+00,0.000000E+00,0.000000E+00,0.000000E+00,2.110805E+01,7.993595E+01,2.388799E+01,5.533046E+01
15:55:00,8.005812E+03,2.253039E+03,5.574284E-01,1.989787E-01,0.000000E+00,0.000000E+00,0.000000E+00,0.000000E+00,0.000000E+00,0.000000E+00,0.000000E+00,0.000000E+00,2.110805E+01,7.993595E+01,2.388800E+01,5.533261E+01
15:56:00,8.005812E+03,2.252591E+03,5.574284E-01,1.989392E-01,0.000000E+00,0.000000E+00,0.000000E+00,0.000000E+00,0.000000E+00,0.000000E+00,0.000000E+00,0.000000E+00,2.110805E+01,7.993595E+01,2.388800E+01,5.533481E+01
15:57:00,8.005812E+03,2.252116E+03,5.574284E-01,1.988972E-01,0.000000E+00,0.000000E+00,0.000000E+00,0.000000E+00,0.000000E+00,0.000000E+00,0.000000E+00,0.000000E+00,2.110805E+01,7.993595E+01,2.388800E+01,5.533708E+01
15:58:00,8.005812E+03,2.251614E+03,5.574284E-01,1.988528E-01,0.000000E+00,0.000000E+00,0.000000E+00,0.000000E+00,0.000000E+00,0.000000E+00,0.000000E+00,0.000000E+00,2.110805E+01,7.993595E+01,2.388800E+01,5.533939E+01
15:59:00,8.005812E+03,2.251085E+03,5.574284E-01,1.988061E-01,0.000000E+00,0.000000E+00,0.000000E+00,0.000000E+00,0.000000E+00,0.000000E+00,0.000000E+00,0.000000E+00,2.110805E+01,7.993595E+01,2.388800E+01,5.534176E+01
16:00:00,8.005812E+03,2.250528E+03,5.574284E-01,1.987570E-01,0.000000E+00,0.000000E+00,0.000000E+00,0.000000E+00,0.000000E+00,0.000000E+00,0.000000E+00,0.000000E+00,2.110805E+01,7.993595E+01,2.388800E+01,5.534419E+01
16:01:00,8.005812E+03,2.249957E+03,5.574284E-01,1.987065E-01,0.000000E+00,0.000000E+00,0.000000E+00,0.000000E+00,0.000000E+00,0.000000E+00,0.000000E+00,0.000000E+00,2.110805E+01,7.993595E+01,2.388800E+01,5.534666E+01
16:02:00,8.005812E+03,2.249398E+03,5.574284E-01,1.986571E-01,0.000000E+00,0.000000E+00,0.000000E+00,0.000000E+00,0.000000E+00,0.000000E+00,0.000000E+00,0.000000E+00,2.110805E+01,7.993595E+01,2.388800E+01,5.534923E+01
16:03:00,8.005812E+03,2.248826E+03,5.574284E-01,1.986066E-01,0.000000E+00,0.000000E+00,0.000000E+00,0.000000E+00,0.000000E+00,0.000000E+00,0.000000E+00,0.000000E+00,2.110805E+01,7.993595E+01,2.388800E+01,5.535190E+01
16:04:00,8.005812E+03,2.248239E+03,5.574284E-01,1.985547E-01,0.000000E+00,0.000000E+00,0.000000E+00,0.000000E+00,0.000000E+00,0.000000E+00,0.000000E+00,0.000000E+00,2.110805E+01,7.993595E+01,2.388800E+01,5.535469E+01
16:05:00,8.005812E+03,2.247637E+03,5.574284E-01,1.985015E-01,0.000000E+00,0.000000E+00,0.000000E+00,0.000000E+00,0.000000E+00,0.000000E+00,0.000000E+00,0.000000E+00,2.110805E+01,7.993595E+01,2.388800E+01,5.535759E+01
16:06:00,8.005812E+03,2.247019E+03,5.574284E-01,1.984470E-01,0.000000E+00,0.000000E+00,0.000000E+00,0.000000E+00,0.000000E+00,0.000000E+00,0.000000E+00,0.000000E+00,2.110805E+01,7.993595E+01,2.388800E+01,5.536061E+01
16:07:00,8.005812E+03,2.246386E+03,5.574284E-01,1.983911E-01,0.000000E+00,0.000000E+00,0.000000E+00,0.000000E+00,0.000000E+00,0.000000E+00,0.000000E+00,0.000000E+00,2.110805E+01,7.993595E+01,2.388800E+01,5.536373E+01
16:08:00,8.005812E+03,2.245738E+03,5.574284E-01,1.983338E-01,0.000000E+00,0.000000E+00,0.000000E+00,0.000000E+00,0.000000E+00,0.000000E+00,0.000000E+00,0.000000E+00,2.110805E+01,7.993595E+01,2.388800E+01,5.536696E+01
16:09:00,8.005812E+03,2.245074E+03,5.574284E-01,1.982752E-01,0.000000E+00,0.000000E+00,0.000000E+00,0.000000E+00,0.000000E+00,0.000000E+00,0.000000E+00,0.000000E+00,2.110805E+01,7.993595E+01,2.388800E+01,5.537029E+01
16:10:00,8.005812E+03,2.244396E+03,5.574284E-01,1.982154E-01,0.000000E+00,0.000000E+00,0.000000E+00,0.000000E+00,0.000000E+00,0.000000E+00,0.000000E+00,0.000000E+00,2.110805E+01,7.993595E+01,2.388800E+01,5.537372E+01
16:11:00,8.005812E+03,2.243704E+03,5.574284E-01,1.981542E-01,0.000000E+00,0.000000E+00,0.000000E+00,0.000000E+00,0.000000E+00,0.000000E+00,0.000000E+00,0.000000E+00,2.110805E+01,7.993595E+01,2.388800E+01,5.537723E+01
16:12:00,8.005812E+03,2.242996E+03,5.574284E-01,1.980917E-01,0.000000E+00,0.000000E+00,0.000000E+00,0.000000E+00,0.000000E+00,0.000000E+00,0.000000E+00,0.000000E+00,2.110805E+01,7.993595E+01,2.388800E+01,5.538083E+01
16:13:00,8.005812E+03,2.242274E+03,5.574284E-01,1.980279E-01,0.000000E+00,0.000000E+00,0.000000E+00,0.000000E+00,0.000000E+00,0.000000E+00,0.000000E+00,0.000000E+00,2.110805E+01,7.993595E+01,2.388800E+01,5.538451E+01
16:14:00,8.005812E+03,2.241538E+03,5.574284E-01,1.979629E-01,0.000000E+00,0.000000E+00,0.000000E+00,0.000000E+00,0.000000E+00,0.000000E+00,0.000000E+00,0.000000E+00,2.110805E+01,7.993595E+01,2.388800E+01,5.538827E+01
16:15:00,8.005812E+03,2.240787E+03,5.574284E-01,1.978966E-01,0.000000E+00,0.000000E+00,0.000000E+00,0.000000E+00,0.000000E+00,0.000000E+00,0.000000E+00,0.000000E+00,2.110805E+01,7.993595E+01,2.388800E+01,5.539211E+01
16:16:00,8.005812E+03,2.240021E+03,5.574284E-01,1.978290E-01,0.000000E+00,0.000000E+00,0.000000E+00,0.000000E+00,0.000000E+00,0.000000E+00,0.000000E+00,0.000000E+00,2.110805E+01,7.993595E+01,2.388800E+01,5.539602E+01
16:17:00,8.005812E+03,2.239242E+03,5.574284E-01,1.977601E-01,0.000000E+00,0.000000E+00,0.000000E+00,0.000000E+00,0.000000E+00,0.000000E+00,0.000000E+00,0.000000E+00,2.110805E+01,7.993595E+01,2.388800E+01,5.540000E+01
16:18:00,8.005812E+03,2.238448E+03,5.574284E-01,1.976900E-01,0.000000E+00,0.000000E+00,0.000000E+00,0.000000E+00,0.000000E+00,0.000000E+00,0.000000E+00,0.000000E+00,2.110805E+01,7.993595E+01,2.388800E+01,5.540406E+01
16:19:00,8.005812E+03,2.237641E+03,5.574284E-01,1.976187E-01,0.000000E+00,0.000000E+00,0.000000E+00,0.000000E+00,0.000000E+00,0.000000E+00,0.000000E+00,0.000000E+00,2.110805E+01,7.993595E+01,2.388800E+01,5.540819E+01
16:20:00,8.005812E+03,2.236822E+03,5.574284E-01,1.975464E-01,0.000000E+00,0.000000E+00,0.000000E+00,0.000000E+00,0.000000E+00,0.000000E+00,0.000000E+00,0.000000E+00,2.110805E+01,7.993595E+01,2.388800E+01,5.541237E+01
16:21:00,8.005812E+03,2.235989E+03,5.574284E-01,1.974729E-01,0.000000E+00,0.000000E+00,0.000000E+00,0.000000E+00,0.000000E+00,0.000000E+00,0.000000E+00,0.000000E+00,2.110805E+01,7.993595E+01,2.388800E+01,5.541660E+01
16:22:00,8.005812E+03,2.235145E+03,5.574284E-01,1.973983E-01,0.000000E+00,0.000000E+00,0.000000E+00,0.000000E+00,0.000000E+00,0.000000E+00,0.000000E+00,0.000000E+00,2.110805E+01,7.993595E+01,2.388800E+01,5.542088E+01
16:23:00,8.005812E+03,2.234288E+03,5.574284E-01,1.973226E-01,0.000000E+00,0.000000E+00,0.000000E+00,0.000000E+00,0.000000E+00,0.000000E+00,0.000000E+00,0.000000E+00,2.110805E+01,7.993595E+01,2.388800E+01,5.542521E+01
16:24:00,8.005812E+03,2.233419E+03,5.574284E-01,1.972459E-01,0.000000E+00,0.000000E+00,0.000000E+00,0.000000E+00,0.000000E+00,0.000000E+00,0.000000E+00,0.000000E+00,2.110805E+01,7.993595E+01,2.388800E+01,5.542958E+01
16:25:00,8.005812E+03,2.232539E+03,5.574284E-01,1.971681E-01,0.000000E+00,0.000000E+00,0.000000E+00,0.000000E+00,0.000000E+00,0.000000E+00,0.000000E+00,0.000000E+00,2.110805E+01,7.993595E+01,2.388800E+01,5.543399E+01
16:26:00,8.005812E+03,2.231647E+03,5.574284E-01,1.970893E-01,0.000000E+00,0.000000E+00,0.000000E+00,0.000000E+00,0.000000E+00,0.000000E+00,0.000000E+00,0.000000E+00,2.110805E+01,7.993595E+01,2.388800E+01,5.543843E+01
16:27:00,8.005812E+03,2.230743E+03,5.574284E-01,1.970095E-01,0.000000E+00,0.000000E+00,0.000000E+00,0.000000E+00,0.000000E+00,0.000000E+00,0.000000E+00,0.000000E+00,2.110805E+01,7.993595E+01,2.388800E+01,5.544292E+01
16:28:00,8.005812E+03,2.229828E+03,5.574284E-01,1.969287E-01,0.000000E+00,0.000000E+00,0.000000E+00,0.000000E+00,0.000000E+00,0.000000E+00,0.000000E+00,0.000000E+00,2.110805E+01,7.993595E+01,2.388800E+01,5.544744E+01
16:29:00,8.005812E+03,2.228901E+03,5.574284E-01,1.968469E-01,0.000000E+00,0.000000E+00,0.000000E+00,0.000000E+00,0.000000E+00,0.000000E+00,0.000000E+00,0.000000E+00,2.110805E+01,7.993595E+01,2.388800E+01,5.545200E+01
16:30:00,8.005812E+03,2.227964E+03,5.574284E-01,1.967641E-01,0.000000E+00,0.000000E+00,0.000000E+00,0.000000E+00,0.000000E+00,0.000000E+00,0.000000E+00,0.000000E+00,2.110805E+01,7.993595E+01,2.388800E+01,5.545659E+01
16:31:00,8.005812E+03,2.227016E+03,5.574284E-01,1.966803E-01,0.000000E+00,0.000000E+00,0.000000E+00,0.000000E+00,0.000000E+00,0.000000E+00,0.000000E+00,0.000000E+00,2.110805E+01,7.993595E+01,2.388800E+01,5.546121E+01
16:32:00,8.005812E+03,2.226057E+03,5.574284E-01,1.965956E-01,0.000000E+00,0.000000E+00,0.000000E+00,0.000000E+00,0.000000E+00,0.000000E+00,0.000000E+00,0.000000E+00,2.110805E+01,7.993595E+01,2.388800E+01,5.546586E+01
16:33:00,8.005812E+03,2.225087E+03,5.574284E-01,1.965100E-01,0.000000E+00,0.000000E+00,0.000000E+00,0.000000E+00,0.000000E+00,0.000000E+00,0.000000E+00,0.000000E+00,2.110805E+01,7.993595E+01,2.388800E+01,5.547054E+01
16:34:00,8.005812E+03,2.224107E+03,5.574284E-01,1.964234E-01,0.000000E+00,0.000000E+00,0.000000E+00,0.000000E+00,0.000000E+00,0.000000E+00,0.000000E+00,0.000000E+00,2.110805E+01,7.993595E+01,2.388800E+01,5.547525E+01
16:35:00,8.005812E+03,2.223117E+03,5.574284E-01,1.963360E-01,0.000000E+00,0.000000E+00,0.000000E+00,0.000000E+00,0.000000E+00,0.000000E+00,0.000000E+00,0.000000E+00,2.110805E+01,7.993595E+01,2.388800E+01,5.547999E+01
16:36:00,8.005812E+03,2.222116E+03,5.574284E-01,1.962476E-01,0.000000E+00,0.000000E+00,0.000000E+00,0.000000E+00,0.000000E+00,0.000000E+00,0.000000E+00,0.000000E+00,2.110805E+01,7.993595E+01,2.388800E+01,5.548475E+01
16:37:00,8.005812E+03,2.221106E+03,5.574284E-01,1.961583E-01,0.000000E+00,0.000000E+00,0.000000E+00,0.000000E+00,0.000000E+00,0.000000E+00,0.000000E+00,0.000000E+00,2.110805E+01,7.993595E+01,2.388800E+01,5.548954E+01
16:38:00,8.005812E+03,2.220085E+03,5.574284E-01,1.960682E-01,0.000000E+00,0.000000E+00,0.000000E+00,0.000000E+00,0.000000E+00,0.000000E+00,0.000000E+00,0.000000E+00,2.110805E+01,7.993595E+01,2.388800E+01,5.549436E+01
16:39:00,8.005812E+03,2.219055E+03,5.574284E-01,1.959772E-01,0.000000E+00,0.000000E+00,0.000000E+00,0.000000E+00,0.000000E+00,0.000000E+00,0.000000E+00,0.000000E+00,2.110805E+01,7.993595E+01,2.388800E+01,5.549920E+01
16:40:00,8.005812E+03,2.218015E+03,5.574284E-01,1.958854E-01,0.000000E+00,0.000000E+00,0.000000E+00,0.000000E+00,0.000000E+00,0.000000E+00,0.000000E+00,0.000000E+00,2.110805E+01,7.993595E+01,2.388801E+01,5.550407E+01
16:41:00,8.005812E+03,2.216965E+03,5.574284E-01,1.957927E-01,0.000000E+00,0.000000E+00,0.000000E+00,0.000000E+00,0.000000E+00,0.000000E+00,0.000000E+00,0.000000E+00,2.110805E+01,7.993595E+01,2.388801E+01,5.550896E+01
16:42:00,8.005812E+03,2.215906E+03,5.574284E-01,1.956991E-01,0.000000E+00,0.000000E+00,0.000000E+00,0.000000E+00,0.000000E+00,0.000000E+00,0.000000E+00,0.000000E+00,2.110805E+01,7.993595E+01,2.388801E+01,5.551388E+01
16:43:00,8.005812E+03,2.214838E+03,5.574284E-01,1.956047E-01,0.000000E+00,0.000000E+00,0.000000E+00,0.000000E+00,0.000000E+00,0.000000E+00,0.000000E+00,0.000000E+00,2.110805E+01,7.993595E+01,2.388801E+01,5.551882E+01
16:44:00,8.005812E+03,2.213760E+03,5.574284E-01,1.955096E-01,0.000000E+00,0.000000E+00,0.000000E+00,0.000000E+00,0.000000E+00,0.000000E+00,0.000000E+00,0.000000E+00,2.110805E+01,7.993595E+01,2.388801E+01,5.552378E+01
16:45:00,8.005812E+03,2.212673E+03,5.574284E-01,1.954136E-01,0.000000E+00,0.000000E+00,0.000000E+00,0.000000E+00,0.000000E+00,0.000000E+00,0.000000E+00,0.000000E+00,2.110805E+01,7.993595E+01,2.388801E+01,5.552877E+01
16:46:00,8.005812E+03,2.211577E+03,5.574284E-01,1.953168E-01,0.000000E+00,0.000000E+00,0.000000E+00,0.000000E+00,0.000000E+00,0.000000E+00,0.000000E+00,0.000000E+00,2.110805E+01,7.993595E+01,2.388801E+01,5.553378E+01
16:47:00,8.005812E+03,2.210472E+03,5.574284E-01,1.952192E-01,0.000000E+00,0.000000E+00,0.000000E+00,0.000000E+00,0.000000E+00,0.000000E+00,0.000000E+00,0.000000E+00,2.110805E+01,7.993595E+01,2.388801E+01,5.553881E+01
16:48:00,8.005812E+03,2.209358E+03,5.574284E-01,1.951208E-01,0.000000E+00,0.000000E+00,0.000000E+00,0.000000E+00,0.000000E+00,0.000000E+00,0.000000E+00,0.000000E+00,2.110805E+01,7.993595E+01,2.388801E+01,5.554387E+01
16:49:00,8.005812E+03,2.208236E+03,5.574284E-01,1.950217E-01,0.000000E+00,0.000000E+00,0.000000E+00,0.000000E+00,0.000000E+00,0.000000E+00,0.000000E+00,0.000000E+00,2.110805E+01,7.993595E+01,2.388801E+01,5.554894E+01
16:50:00,8.005812E+03,2.207104E+03,5.574284E-01,1.949218E-01,0.000000E+00,0.000000E+00,0.000000E+00,0.000000E+00,0.000000E+00,0.000000E+00,0.000000E+00,0.000000E+00,2.110805E+01,7.993595E+01,2.388801E+01,5.555405E+01
16:51:00,8.005812E+03,2.205964E+03,5.574284E-01,1.948211E-01,0.000000E+00,0.000000E+00,0.000000E+00,0.000000E+00,0.000000E+00,0.000000E+00,0.000000E+00,0.000000E+00,2.110805E+01,7.993595E+01,2.388801E+01,5.555917E+01
16:52:00,8.005812E+03,2.204816E+03,5.574284E-01,1.947196E-01,0.000000E+00,0.000000E+00,0.000000E+00,0.000000E+00,0.000000E+00,0.000000E+00,0.000000E+00,0.000000E+00,2.110805E+01,7.993595E+01,2.388801E+01,5.556432E+01
16:53:00,8.005812E+03,2.203659E+03,5.574284E-01,1.946174E-01,0.000000E+00,0.000000E+00,0.000000E+00,0.000000E+00,0.000000E+00,0.000000E+00,0.000000E+00,0.000000E+00,2.110805E+01,7.993595E+01,2.388801E+01,5.556949E+01
16:54:00,8.005812E+03,2.202493E+03,5.574284E-01,1.945145E-01,0.000000E+00,0.000000E+00,0.000000E+00,0.000000E+00,0.000000E+00,0.000000E+00,0.000000E+00,0.000000E+00,2.110805E+01,7.993595E+01,2.388801E+01,5.557469E+01
16:55:00,8.005812E+03,2.201319E+03,5.574284E-01,1.944108E-01,0.000000E+00,0.000000E+00,0.000000E+00,0.000000E+00,0.000000E+00,0.000000E+00,0.000000E+00,0.000000E+00,2.110805E+01,7.993595E+01,2.388801E+01,5.557990E+01
16:56:00,8.005812E+03,2.200137E+03,5.574284E-01,1.943064E-01,0.000000E+00,0.000000E+00,0.000000E+00,0.000000E+00,0.000000E+00,0.000000E+00,0.000000E+00,0.000000E+00,2.110805E+01,7.993595E+01,2.388801E+01,5.558514E+01
16:57:00,8.005812E+03,2.198946E+03,5.574284E-01,1.942012E-01,0.000000E+00,0.000000E+00,0.000000E+00,0.000000E+00,0.000000E+00,0.000000E+00,0.000000E+00,0.000000E+00,2.110805E+01,7.993595E+01,2.388801E+01,5.559041E+01
16:58:00,8.005812E+03,2.197747E+03,5.574284E-01,1.940954E-01,0.000000E+00,0.000000E+00,0.000000E+00,0.000000E+00,0.000000E+00,0.000000E+00,0.000000E+00,0.000000E+00,2.110805E+01,7.993595E+01,2.388801E+01,5.559570E+01
16:59:00,8.005812E+03,2.196540E+03,5.574284E-01,1.939888E-01,0.000000E+00,0.000000E+00,0.000000E+00,0.000000E+00,0.000000E+00,0.000000E+00,0.000000E+00,0.000000E+00,2.110805E+01,7.993595E+01,2.388801E+01,5.560102E+01
17:00:00,8.005812E+03,2.195325E+03,5.574284E-01,1.938814E-01,0.000000E+00,0.000000E+00,0.000000E+00,0.000000E+00,0.000000E+00,0.000000E+00,0.000000E+00,0.000000E+00,2.110805E+01,7.993595E+01,2.388801E+01,5.560636E+01
17:01:00,8.005812E+03,2.194102E+03,5.574284E-01,1.937734E-01,0.000000E+00,0.000000E+00,0.000000E+00,0.000000E+00,0.000000E+00,0.000000E+00,0.000000E+00,0.000000E+00,2.110805E+01,7.993595E+01,2.388801E+01,5.561172E+01
17:02:00,8.005812E+03,2.192870E+03,5.574284E-01,1.936646E-01,0.000000E+00,0.000000E+00,0.000000E+00,0.000000E+00,0.000000E+00,0.000000E+00,0.000000E+00,0.000000E+00,2.110805E+01,7.993595E+01,2.388801E+01,5.561715E+01
17:03:00,8.005812E+03,2.191630E+03,5.574284E-01,1.935551E-01,0.000000E+00,0.000000E+00,0.000000E+00,0.000000E+00,0.000000E+00,0.000000E+00,0.000000E+00,0.000000E+00,2.110805E+01,7.993595E+01,2.388801E+01,5.562267E+01
17:04:00,8.005812E+03,2.190383E+03,5.574284E-01,1.934449E-01,0.000000E+00,0.000000E+00,0.000000E+00,0.000000E+00,0.000000E+00,0.000000E+00,0.000000E+00,0.000000E+00,2.110805E+01,7.993595E+01,2.388801E+01,5.562827E+01
17:05:00,8.005812E+03,2.189128E+03,5.574284E-01,1.933341E-01,0.000000E+00,0.000000E+00,0.000000E+00,0.000000E+00,0.000000E+00,0.000000E+00,0.000000E+00,0.000000E+00,2.110805E+01,7.993595E+01,2.388801E+01,5.563397E+01
17:06:00,8.005812E+03,2.187865E+03,5.574284E-01,1.932226E-01,0.000000E+00,0.000000E+00,0.000000E+00,0.000000E+00,0.000000E+00,0.000000E+00,0.000000E+00,0.000000E+00,2.110805E+01,7.993595E+01,2.388801E+01,5.563975E+01
17:07:00,8.005812E+03,2.186595E+03,5.574284E-01,1.931104E-01,0.000000E+00,0.000000E+00,0.000000E+00,0.000000E+00,0.000000E+00,0.000000E+00,0.000000E+00,0.000000E+00,2.110805E+01,7.993595E+01,2.388801E+01,5.564561E+01
17:08:00,8.005812E+03,2.185317E+03,5.574284E-01,1.929976E-01,0.000000E+00,0.000000E+00,0.000000E+00,0.000000E+00,0.000000E+00,0.000000E+00,0.000000E+00,0.000000E+00,2.110805E+01,7.993595E+01,2.388801E+01,5.565156E+01
17:09:00,8.005812E+03,2.184031E+03,5.574284E-01,1.928840E-01,0.000000E+00,0.000000E+00,0.000000E+00,0.000000E+00,0.000000E+00,0.000000E+00,0.000000E+00,0.000000E+00,2.110805E+01,7.993595E+01,2.388801E+01,5.565759E+01
17:10:00,8.005812E+03,2.182737E+03,5.574284E-01,1.927697E-01,0.000000E+00,0.000000E+00,0.000000E+00,0.000000E+00,0.000000E+00,0.000000E+00,0.000000E+00,0.000000E+00,2.110805E+01,7.993595E+01,2.388801E+01,5.566369E+01
17:11:00,8.005812E+03,2.181434E+03,5.574284E-01,1.926546E-01,0.000000E+00,0.000000E+00,0.000000E+00,0.000000E+00,0.000000E+00,0.000000E+00,0.000000E+00,0.000000E+00,2.110805E+01,7.993595E+01,2.388801E+01,5.566987E+01
17:12:00,8.005812E+03,2.180123E+03,5.574284E-01,1.925388E-01,0.000000E+00,0.000000E+00,0.000000E+00,0.000000E+00,0.000000E+00,0.000000E+00,0.000000E+00,0.000000E+00,2.110805E+01,7.993595E+01,2.388801E+01,5.567613E+01
17:13:00,8.005812E+03,2.178803E+03,5.574284E-01,1.924222E-01,0.000000E+00,0.000000E+00,0.000000E+00,0.000000E+00,0.000000E+00,0.000000E+00,0.000000E+00,0.000000E+00,2.110805E+01,7.993595E+01,2.388801E+01,5.568246E+01
17:14:00,8.005812E+03,2.177474E+03,5.574284E-01,1.923049E-01,0.000000E+00,0.000000E+00,0.000000E+00,0.000000E+00,0.000000E+00,0.000000E+00,0.000000E+00,0.000000E+00,2.110805E+01,7.993595E+01,2.388801E+01,5.568886E+01
17:15:00,8.005812E+03,2.176137E+03,5.574284E-01,1.921868E-01,0.000000E+00,0.000000E+00,0.000000E+00,0.000000E+00,0.000000E+00,0.000000E+00,0.000000E+00,0.000000E+00,2.110805E+01,7.993595E+01,2.388801E+01,5.569533E+01
17:16:00,8.005812E+03,2.174792E+03,5.574284E-01,1.920679E-01,0.000000E+00,0.000000E+00,0.000000E+00,0.000000E+00,0.000000E+00,0.000000E+00,0.000000E+00,0.000000E+00,2.110805E+01,7.993595E+01,2.388801E+01,5.570188E+01
17:17:00,8.005812E+03,2.173437E+03,5.574284E-01,1.919483E-01,0.000000E+00,0.000000E+00,0.000000E+00,0.000000E+00,0.000000E+00,0.000000E+00,0.000000E+00,0.000000E+00,2.110805E+01,7.993595E+01,2.388801E+01,5.570849E+01
17:18:00,8.005812E+03,2.172074E+03,5.574284E-01,1.918279E-01,0.000000E+00,0.000000E+00,0.000000E+00,0.000000E+00,0.000000E+00,0.000000E+00,0.000000E+00,0.000000E+00,2.110805E+01,7.993595E+01,2.388801E+01,5.571517E+01
17:19:00,8.005812E+03,2.170700E+03,5.574284E-01,1.917066E-01,0.000000E+00,0.000000E+00,0.000000E+00,0.000000E+00,0.000000E+00,0.000000E+00,0.000000E+00,0.000000E+00,2.110805E+01,7.993595E+01,2.388802E+01,5.572192E+01
17:20:00,8.005812E+03,2.169316E+03,5.574284E-01,1.915843E-01,0.000000E+00,0.000000E+00,0.000000E+00,0.000000E+00,0.000000E+00,0.000000E+00,0.000000E+00,0.000000E+00,2.110805E+01,7.993595E+01,2.388802E+01,5.572874E+01
17:21:00,8.005812E+03,2.167921E+03,5.574284E-01,1.914611E-01,0.000000E+00,0.000000E+00,0.000000E+00,0.000000E+00,0.000000E+00,0.000000E+00,0.000000E+00,0.000000E+00,2.110805E+01,7.993595E+01,2.388802E+01,5.573562E+01
17:22:00,8.005812E+03,2.166515E+03,5.574284E-01,1.913370E-01,0.000000E+00,0.000000E+00,0.000000E+00,0.000000E+00,0.000000E+00,0.000000E+00,0.000000E+00,0.000000E+00,2.110805E+01,7.993595E+01,2.388802E+01,5.574258E+01
17:23:00,8.005812E+03,2.165099E+03,5.574284E-01,1.912119E-01,0.000000E+00,0.000000E+00,0.000000E+00,0.000000E+00,0.000000E+00,0.000000E+00,0.000000E+00,0.000000E+00,2.110805E+01,7.993595E+01,2.388802E+01,5.574959E+01
17:24:00,8.005812E+03,2.163671E+03,5.574284E-01,1.910857E-01,0.000000E+00,0.000000E+00,0.000000E+00,0.000000E+00,0.000000E+00,0.000000E+00,0.000000E+00,0.000000E+00,2.110805E+01,7.993595E+01,2.388802E+01,5.575667E+01
17:25:00,8.005812E+03,2.162231E+03,5.574284E-01,1.909586E-01,0.000000E+00,0.000000E+00,0.000000E+00,0.000000E+00,0.000000E+00,0.000000E+00,0.000000E+00,0.000000E+00,2.110805E+01,7.993595E+01,2.388802E+01,5.576382E+01
17:26:00,8.005812E+03,2.160780E+03,5.574284E-01,1.908305E-01,0.000000E+00,0.000000E+00,0.000000E+00,0.000000E+00,0.000000E+00,0.000000E+00,0.000000E+00,0.000000E+00,2.110805E+01,7.993595E+01,2.388802E+01,5.577103E+01
17:27:00,8.005812E+03,2.159317E+03,5.574284E-01,1.907013E-01,0.000000E+00,0.000000E+00,0.000000E+00,0.000000E+00,0.000000E+00,0.000000E+00,0.000000E+00,0.000000E+00,2.110805E+01,7.993595E+01,2.388802E+01,5.577830E+01
17:28:00,8.005812E+03,2.157788E+03,5.574284E-01,1.905662E-01,0.000000E+00,0.000000E+00,0.000000E+00,0.000000E+00,0.000000E+00,0.000000E+00,0.000000E+00,0.000000E+00,2.110805E+01,7.993595E+01,2.388802E+01,5.578564E+01
17:29:00,8.005812E+03,2.156243E+03,5.574284E-01,1.904298E-01,0.000000E+00,0.000000E+00,0.000000E+00,0.000000E+00,0.000000E+00,0.000000E+00,0.000000E+00,0.000000E+00,2.110805E+01,7.993595E+01,2.388802E+01,5.579338E+01
17:30:00,8.005812E+03,2.154685E+03,5.574284E-01,1.902921E-01,0.000000E+00,0.000000E+00,0.000000E+00,0.000000E+00,0.000000E+00,0.000000E+00,0.000000E+00,0.000000E+00,2.110805E+01,7.993595E+01,2.388802E+01,5.580143E+01
17:31:00,8.005812E+03,2.153111E+03,5.574284E-01,1.901532E-01,0.000000E+00,0.000000E+00,0.000000E+00,0.000000E+00,0.000000E+00,0.000000E+00,0.000000E+00,0.000000E+00,2.110805E+01,7.993595E+01,2.388802E+01,5.580962E+01
17:32:00,8.005812E+03,2.151524E+03,5.574284E-01,1.900130E-01,0.000000E+00,0.000000E+00,0.000000E+00,0.000000E+00,0.000000E+00,0.000000E+00,0.000000E+00,0.000000E+00,2.110805E+01,7.993595E+01,2.388802E+01,5.581788E+01
17:33:00,8.005812E+03,2.149922E+03,5.574284E-01,1.898715E-01,0.000000E+00,0.000000E+00,0.000000E+00,0.000000E+00,0.000000E+00,0.000000E+00,0.000000E+00,0.000000E+00,2.110805E+01,7.993595E+01,2.388802E+01,5.582618E+01
17:34:00,8.005812E+03,2.148306E+03,5.574284E-01,1.897288E-01,0.000000E+00,0.000000E+00,0.000000E+00,0.000000E+00,0.000000E+00,0.000000E+00,0.000000E+00,0.000000E+00,2.110805E+01,7.993595E+01,2.388802E+01,5.583453E+01
17:35:00,8.005812E+03,2.146676E+03,5.574284E-01,1.895848E-01,0.000000E+00,0.000000E+00,0.000000E+00,0.000000E+00,0.000000E+00,0.000000E+00,0.000000E+00,0.000000E+00,2.110805E+01,7.993595E+01,2.388802E+01,5.584292E+01
17:36:00,8.005812E+03,2.145031E+03,5.574284E-01,1.894395E-01,0.000000E+00,0.000000E+00,0.000000E+00,0.000000E+00,0.000000E+00,0.000000E+00,0.000000E+00,0.000000E+00,2.110805E+01,7.993595E+01,2.388802E+01,5.585136E+01
17:37:00,8.005812E+03,2.143372E+03,5.574284E-01,1.892930E-01,0.000000E+00,0.000000E+00,0.000000E+00,0.000000E+00,0.000000E+00,0.000000E+00,0.000000E+00,0.000000E+00,2.110805E+01,7.993595E+01,2.388802E+01,5.585986E+01
17:38:00,8.005812E+03,2.141698E+03,5.574284E-01,1.891451E-01,0.000000E+00,0.000000E+00,0.000000E+00,0.000000E+00,0.000000E+00,0.000000E+00,0.000000E+00,0.000000E+00,2.110805E+01,7.993595E+01,2.388802E+01,5.586841E+01
17:39:00,8.005812E+03,2.140009E+03,5.574284E-01,1.889960E-01,0.000000E+00,0.000000E+00,0.000000E+00,0.000000E+00,0.000000E+00,0.000000E+00,0.000000E+00,0.000000E+00,2.110805E+01,7.993595E+01,2.388802E+01,5.587700E+01
17:40:00,8.005812E+03,2.138305E+03,5.574284E-01,1.888455E-01,0.000000E+00,0.000000E+00,0.000000E+00,0.000000E+00,0.000000E+00,0.000000E+00,0.000000E+00,0.000000E+00,2.110805E+01,7.993595E+01,2.388802E+01,5.588564E+01
17:41:00,8.005812E+03,2.136586E+03,5.574284E-01,1.886937E-01,0.000000E+00,0.000000E+00,0.000000E+00,0.000000E+00,0.000000E+00,0.000000E+00,0.000000E+00,0.000000E+00,2.110805E+01,7.993595E+01,2.388802E+01,5.589434E+01
17:42:00,8.005812E+03,2.134852E+03,5.574284E-01,1.885405E-01,0.000000E+00,0.000000E+00,0.000000E+00,0.000000E+00,0.000000E+00,0.000000E+00,0.000000E+00,0.000000E+00,2.110805E+01,7.993595E+01,2.388802E+01,5.590309E+01
17:43:00,8.005812E+03,2.133102E+03,5.574284E-01,1.883859E-01,0.000000E+00,0.000000E+00,0.000000E+00,0.000000E+00,0.000000E+00,0.000000E+00,0.000000E+00,0.000000E+00,2.110805E+01,7.993595E+01,2.388802E+01,5.591189E+01
17:44:00,8.005812E+03,2.131336E+03,5.574284E-01,1.882300E-01,0.000000E+00,0.000000E+00,0.000000E+00,0.000000E+00,0.000000E+00,0.000000E+00,0.000000E+00,0.000000E+00,2.110805E+01,7.993595E+01,2.388803E+01,5.592074E+01
17:45:00,8.005812E+03,2.129555E+03,5.574284E-01,1.880727E-01,0.000000E+00,0.000000E+00,0.000000E+00,0.000000E+00,0.000000E+00,0.000000E+00,0.000000E+00,0.000000E+00,2.110805E+01,7.993595E+01,2.388803E+01,5.592965E+01
17:46:00,8.005812E+03,2.127758E+03,5.574284E-01,1.879140E-01,0.000000E+00,0.000000E+00,0.000000E+00,0.000000E+00,0.000000E+00,0.000000E+00,0.000000E+00,0.000000E+00,2.110805E+01,7.993595E+01,2.388803E+01,5.593861E+01
17:47:00,8.005812E+03,2.125944E+03,5.574284E-01,1.877538E-01,0.000000E+00,0.000000E+00,0.000000E+00,0.000000E+00,0.000000E+00,0.000000E+00,0.000000E+00,0.000000E+00,2.110805E+01,7.993595E+01,2.388803E+01,5.594763E+01
17:48:00,8.005812E+03,2.124114E+03,5.574284E-01,1.875922E-01,0.000000E+00,0.000000E+00,0.000000E+00,0.000000E+00,0.000000E+00,0.000000E+00,0.000000E+00,0.000000E+00,2.110805E+01,7.993595E+01,2.388803E+01,5.595671E+01
17:49:00,8.005812E+03,2.122268E+03,5.574284E-01,1.874291E-01,0.000000E+00,0.000000E+00,0.000000E+00,0.000000E+00,0.000000E+00,0.000000E+00,0.000000E+00,0.000000E+00,2.110805E+01,7.993595E+01,2.388803E+01,5.596584E+01
17:50:00,8.005812E+03,2.120406E+03,5.574284E-01,1.872647E-01,0.000000E+00,0.000000E+00,0.000000E+00,0.000000E+00,0.000000E+00,0.000000E+00,0.000000E+00,0.000000E+00,2.110805E+01,7.993595E+01,2.388803E+01,5.597504E+01
17:51:00,8.005812E+03,2.118527E+03,5.574284E-01,1.870988E-01,0.000000E+00,0.000000E+00,0.000000E+00,0.000000E+00,0.000000E+00,0.000000E+00,0.000000E+00,0.000000E+00,2.110805E+01,7.993595E+01,2.388803E+01,5.598429E+01
17:52:00,8.005812E+03,2.116632E+03,5.574284E-01,1.869313E-01,0.000000E+00,0.000000E+00,0.000000E+00,0.000000E+00,0.000000E+00,0.000000E+00,0.000000E+00,0.000000E+00,2.110805E+01,7.993595E+01,2.388803E+01,5.599359E+01
17:53:00,8.005812E+03,2.114719E+03,5.574284E-01,1.867624E-01,0.000000E+00,0.000000E+00,0.000000E+00,0.000000E+00,0.000000E+00,0.000000E+00,0.000000E+00,0.000000E+00,2.110805E+01,7.993595E+01,2.388803E+01,5.600295E+01
17:54:00,8.005812E+03,2.112789E+03,5.574284E-01,1.865919E-01,0.000000E+00,0.000000E+00,0.000000E+00,0.000000E+00,0.000000E+00,0.000000E+00,0.000000E+00,0.000000E+00,2.110805E+01,7.993595E+01,2.388803E+01,5.601237E+01
17:55:00,8.005812E+03,2.110841E+03,5.574284E-01,1.864199E-01,0.000000E+00,0.000000E+00,0.000000E+00,0.000000E+00,0.000000E+00,0.000000E+00,0.000000E+00,0.000000E+00,2.110805E+01,7.993595E+01,2.388803E+01,5.602186E+01
17:56:00,8.005812E+03,2.108876E+03,5.574284E-01,1.862463E-01,0.000000E+00,0.000000E+00,0.000000E+00,0.000000E+00,0.000000E+00,0.000000E+00,0.000000E+00,0.000000E+00,2.110805E+01,7.993595E+01,2.388803E+01,5.603141E+01
17:57:00,8.005812E+03,2.106892E+03,5.574284E-01,1.860712E-01,0.000000E+00,0.000000E+00,0.000000E+00,0.000000E+00,0.000000E+00,0.000000E+00,0.000000E+00,0.000000E+00,2.110805E+01,7.993595E+01,2.388803E+01,5.604104E+01
17:58:00,8.005812E+03,2.104891E+03,5.574284E-01,1.858944E-01,0.000000E+00,0.000000E+00,0.000000E+00,0.000000E+00,0.000000E+00,0.000000E+00,0.000000E+00,0.000000E+00,2.110805E+01,7.993595E+01,2.388803E+01,5.605073E+01
17:59:00,8.005812E+03,2.102871E+03,5.574284E-01,1.857161E-01,0.000000E+00,0.000000E+00,0.000000E+00,0.000000E+00,0.000000E+00,0.000000E+00,0.000000E+00,0.000000E+00,2.110805E+01,7.993595E+01,2.388803E+01,5.606048E+01
18:00:00,8.005812E+03,2.100834E+03,5.574284E-01,1.855361E-01,0.000000E+00,0.000000E+00,0.000000E+00,0.000000E+00,0.000000E+00,0.000000E+00,0.000000E+00,0.000000E+00,2.110805E+01,7.993595E+01,2.388803E+01,5.607031E+01
18:01:00,8.005812E+03,2.098769E+03,5.574284E-01,1.853537E-01,0.000000E+00,0.000000E+00,0.000000E+00,0.000000E+00,0.000000E+00,0.000000E+00,0.000000E+00,0.000000E+00,2.110805E+01,7.993595E+01,2.388803E+01,5.608020E+01
18:02:00,8.005812E+03,2.096677E+03,5.574284E-01,1.851689E-01,0.000000E+00,0.000000E+00,0.000000E+00,0.000000E+00,0.000000E+00,0.000000E+00,0.000000E+00,0.000000E+00,2.110805E+01,7.993595E+01,2.388803E+01,5.609027E+01
18:03:00,8.005812E+03,2.094557E+03,5.574284E-01,1.849818E-01,0.000000E+00,0.000000E+00,0.000000E+00,0.000000E+00,0.000000E+00,0.000000E+00,0.000000E+00,0.000000E+00,2.110805E+01,7.993595E+01,2.388803E+01,5.610056E+01
18:04:00,8.005812E+03,2.092411E+03,5.574284E-01,1.847922E-01,0.000000E+00,0.000000E+00,0.000000E+00,0.000000E+00,0.000000E+00,0.000000E+00,0.000000E+00,0.000000E+00,2.110805E+01,7.993595E+01,2.388803E+01,5.611109E+01
18:05:00,8.005812E+03,2.090237E+03,5.574284E-01,1.846002E-01,0.000000E+00,0.000000E+00,0.000000E+00,0.000000E+00,0.000000E+00,0.000000E+00,0.000000E+00,0.000000E+00,2.110805E+01,7.993595E+01,2.388804E+01,5.612186E+01
18:06:00,8.005812E+03,2.088035E+03,5.574284E-01,1.844057E-01,0.000000E+00,0.000000E+00,0.000000E+00,0.000000E+00,0.000000E+00,0.000000E+00,0.000000E+00,0.000000E+00,2.110805E+01,7.993595E+01,2.388804E+01,5.613286E+01
18:07:00,8.005812E+03,2.085805E+03,5.574284E-01,1.842088E-01,0.000000E+00,0.000000E+00,0.000000E+00,0.000000E+00,0.000000E+00,0.000000E+00,0.000000E+00,0.000000E+00,2.110805E+01,7.993595E+01,2.388804E+01,5.614408E+01
18:08:00,8.005812E+03,2.083547E+03,5.574284E-01,1.840093E-01,0.000000E+00,0.000000E+00,0.000000E+00,0.000000E+00,0.000000E+00,0.000000E+00,0.000000E+00,0.000000E+00,2.110805E+01,7.993595E+01,2.388804E+01,5.615551E+01
18:09:00,8.005812E+03,2.081261E+03,5.574284E-01,1.838074E-01,0.000000E+00,0.000000E+00,0.000000E+00,0.000000E+00,0.000000E+00,0.000000E+00,0.000000E+00,0.000000E+00,2.110805E+01,7.993595E+01,2.388804E+01,5.616716E+01
18:10:00,8.005812E+03,2.078946E+03,5.574284E-01,1.836030E-01,0.000000E+00,0.000000E+00,0.000000E+00,0.000000E+00,0.000000E+00,0.000000E+00,0.000000E+00,0.000000E+00,2.110805E+01,7.993595E+01,2.388804E+01,5.617902E+01
18:11:00,8.005812E+03,2.076603E+03,5.574284E-01,1.833961E-01,0.000000E+00,0.000000E+00,0.000000E+00,0.000000E+00,0.000000E+00,0.000000E+00,0.000000E+00,0.000000E+00,2.110805E+01,7.993595E+01,2.388804E+01,5.619108E+01
18:12:00,8.005812E+03,2.074231E+03,5.574284E-01,1.831866E-01,0.000000E+00,0.000000E+00,0.000000E+00,0.000000E+00,0.000000E+00,0.000000E+00,0.000000E+00,0.000000E+00,2.110805E+01,7.993595E+01,2.388804E+01,5.620334E+01
18:13:00,8.005812E+03,2.071830E+03,5.574284E-01,1.829745E-01,0.000000E+00,0.000000E+00,0.000000E+00,0.000000E+00,0.000000E+00,0.000000E+00,0.000000E+00,0.000000E+00,2.110805E+01,7.993595E+01,2.388804E+01,5.621579E+01
18:14:00,8.005812E+03,2.069400E+03,5.574284E-01,1.827599E-01,0.000000E+00,0.000000E+00,0.000000E+00,0.000000E+00,0.000000E+00,0.000000E+00,0.000000E+00,0.000000E+00,2.110805E+01,7.993595E+01,2.388804E+01,5.622844E+01
18:15:00,8.005812E+03,2.066940E+03,5.574284E-01,1.825427E-01,0.000000E+00,0.000000E+00,0.000000E+00,0.000000E+00,0.000000E+00,0.000000E+00,0.000000E+00,0.000000E+00,2.110805E+01,7.993595E+01,2.388804E+01,5.624128E+01
18:16:00,8.005812E+03,2.064451E+03,5.574284E-01,1.823228E-01,0.000000E+00,0.000000E+00,0.000000E+00,0.000000E+00,0.000000E+00,0.000000E+00,0.000000E+00,0.000000E+00,2.110805E+01,7.993595E+01,2.388804E+01,5.625431E+01
18:17:00,8.005812E+03,2.061932E+03,5.574284E-01,1.821004E-01,0.000000E+00,0.000000E+00,0.000000E+00,0.000000E+00,0.000000E+00,0.000000E+00,0.000000E+00,0.000000E+00,2.110805E+01,7.993595E+01,2.388804E+01,5.626752E+01
18:18:00,8.005812E+03,2.059383E+03,5.574284E-01,1.818753E-01,0.000000E+00,0.000000E+00,0.000000E+00,0.000000E+00,0.000000E+00,0.000000E+00,0.000000E+00,0.000000E+00,2.110805E+01,7.993595E+01,2.388805E+01,5.628091E+01
18:19:00,8.005812E+03,2.056805E+03,5.574284E-01,1.816475E-01,0.000000E+00,0.000000E+00,0.000000E+00,0.000000E+00,0.000000E+00,0.000000E+00,0.000000E+00,0.000000E+00,2.110805E+01,7.993595E+01,2.388805E+01,5.629448E+01
18:20:00,8.005812E+03,2.054195E+03,5.574284E-01,1.814170E-01,0.000000E+00,0.000000E+00,0.000000E+00,0.000000E+00,0.000000E+00,0.000000E+00,0.000000E+00,0.000000E+00,2.110805E+01,7.993595E+01,2.388805E+01,5.630824E+01
18:21:00,8.005812E+03,2.051556E+03,5.574284E-01,1.811839E-01,0.000000E+00,0.000000E+00,0.000000E+00,0.000000E+00,0.000000E+00,0.000000E+00,0.000000E+00,0.000000E+00,2.110805E+01,7.993595E+01,2.388805E+01,5.632216E+01
18:22:00,8.005812E+03,2.048885E+03,5.574284E-01,1.809480E-01,0.000000E+00,0.000000E+00,0.000000E+00,0.000000E+00,0.000000E+00,0.000000E+00,0.000000E+00,0.000000E+00,2.110805E+01,7.993595E+01,2.388805E+01,5.633627E+01
18:23:00,8.005812E+03,2.046184E+03,5.574284E-01,1.807095E-01,0.000000E+00,0.000000E+00,0.000000E+00,0.000000E+00,0.000000E+00,0.000000E+00,0.000000E+00,0.000000E+00,2.110805E+01,7.993595E+01,2.388805E+01,5.635054E+01
18:24:00,8.005812E+03,2.043451E+03,5.574284E-01,1.804681E-01,0.000000E+00,0.000000E+00,0.000000E+00,0.000000E+00,0.000000E+00,0.000000E+00,0.000000E+00,0.000000E+00,2.110805E+01,7.993595E+01,2.388805E+01,5.636499E+01
18:25:00,8.005812E+03,2.040688E+03,5.574284E-01,1.802241E-01,0.000000E+00,0.000000E+00,0.000000E+00,0.000000E+00,0.000000E+00,0.000000E+00,0.000000E+00,0.000000E+00,2.110805E+01,7.993595E+01,2.388805E+01,5.637961E+01
18:26:00,8.005812E+03,2.037893E+03,5.574284E-01,1.799772E-01,0.000000E+00,0.000000E+00,0.000000E+00,0.000000E+00,0.000000E+00,0.000000E+00,0.000000E+00,0.000000E+00,2.110805E+01,7.993595E+01,2.388805E+01,5.639440E+01
18:27:00,8.005812E+03,2.035066E+03,5.574284E-01,1.797275E-01,0.000000E+00,0.000000E+00,0.000000E+00,0.000000E+00,0.000000E+00,0.000000E+00,0.000000E+00,0.000000E+00,2.110805E+01,7.993595E+01,2.388805E+01,5.640935E+01
18:28:00,8.005812E+03,2.032262E+03,5.574284E-01,1.794799E-01,0.000000E+00,0.000000E+00,0.000000E+00,0.000000E+00,0.000000E+00,0.000000E+00,0.000000E+00,0.000000E+00,2.110805E+01,7.993595E+01,2.388805E+01,5.642447E+01
18:29:00,8.005812E+03,2.029428E+03,5.574284E-01,1.792296E-01,0.000000E+00,0.000000E+00,0.000000E+00,0.000000E+00,0.000000E+00,0.000000E+00,0.000000E+00,0.000000E+00,2.110805E+01,7.993595E+01,2.388805E+01,5.643976E+01
18:30:00,8.005812E+03,2.026565E+03,5.574284E-01,1.789767E-01,0.000000E+00,0.000000E+00,0.000000E+00,0.000000E+00,0.000000E+00,0.000000E+00,0.000000E+00,0.000000E+00,2.110805E+01,7.993595E+01,2.388806E+01,5.645522E+01
18:31:00,8.005812E+03,2.023671E+03,5.574284E-01,1.787211E-01,0.000000E+00,0.000000E+00,0.000000E+00,0.000000E+00,0.000000E+00,0.000000E+00,0.000000E+00,0.000000E+00,2.110805E+01,7.993595E+01,2.388806E+01,5.647084E+01
18:32:00,8.005812E+03,2.020745E+03,5.574284E-01,1.784628E-01,0.000000E+00,0.000000E+00,0.000000E+00,0.000000E+00,0.000000E+00,0.000000E+00,0.000000E+00,0.000000E+00,2.110805E+01,7.993595E+01,2.388806E+01,5.648662E+01
18:33:00,8.005812E+03,2.017788E+03,5.574284E-01,1.782016E-01,0.000000E+00,0.000000E+00,0.000000E+00,0.000000E+00,0.000000E+00,0.000000E+00,0.000000E+00,0.000000E+00,2.110805E+01,7.993595E+01,2.388806E+01,5.650257E+01
18:34:00,8.005812E+03,2.014800E+03,5.574284E-01,1.779377E-01,0.000000E+00,0.000000E+00,0.000000E+00,0.000000E+00,0.000000E+00,0.000000E+00,0.000000E+00,0.000000E+00,2.110805E+01,7.993595E+01,2.388806E+01,5.651869E+01
18:35:00,8.005812E+03,2.011779E+03,5.574284E-01,1.776709E-01,0.000000E+00,0.000000E+00,0.000000E+00,0.000000E+00,0.000000E+00,0.000000E+00,0.000000E+00,0.000000E+00,2.110805E+01,7.993595E+01,2.388806E+01,5.653496E+01
18:36:00,8.005812E+03,2.008726E+03,5.574284E-01,1.774013E-01,0.000000E+00,0.000000E+00,0.000000E+00,0.000000E+00,0.000000E+00,0.000000E+00,0.000000E+00,0.000000E+00,2.110805E+01,7.993595E+01,2.388806E+01,5.655140E+01
18:37:00,8.005812E+03,2.005640E+03,5.574284E-01,1.771287E-01,0.000000E+00,0.000000E+00,0.000000E+00,0.000000E+00,0.000000E+00,0.000000E+00,0.000000E+00,0.000000E+00,2.110805E+01,7.993595E+01,2.388806E+01,5.656800E+01
18:38:00,8.005812E+03,2.002522E+03,5.574284E-01,1.768533E-01,0.000000E+00,0.000000E+00,0.000000E+00,0.000000E+00,0.000000E+00,0.000000E+00,0.000000E+00,0.000000E+00,2.110805E+01,7.993595E+01,2.388806E+01,5.658477E+01
18:39:00,8.005812E+03,1.999327E+03,5.574284E-01,1.765712E-01,0.000000E+00,0.000000E+00,0.000000E+00,0.000000E+00,0.000000E+00,0.000000E+00,0.000000E+00,0.000000E+00,2.110805E+01,7.993595E+01,2.388806E+01,5.660169E+01
18:40:00,8.005812E+03,1.996096E+03,5.574284E-01,1.762858E-01,0.000000E+00,0.000000E+00,0.000000E+00,0.000000E+00,0.000000E+00,0.000000E+00,0.000000E+00,0.000000E+00,2.110805E+01,7.993595E+01,2.388806E+01,5.661907E+01
18:41:00,8.005812E+03,1.992829E+03,5.574284E-01,1.759973E-01,0.000000E+00,0.000000E+00,0.000000E+00,0.000000E+00,0.000000E+00,0.000000E+00,0.000000E+00,0.000000E+00,2.110805E+01,7.993595E+01,2.388807E+01,5.663682E+01
18:42:00,8.005812E+03,1.989529E+03,5.574284E-01,1.757058E-01,0.000000E+00,0.000000E+00,0.000000E+00,0.000000E+00,0.000000E+00,0.000000E+00,0.000000E+00,0.000000E+00,2.110805E+01,7.993595E+01,2.388807E+01,5.665481E+01
18:43:00,8.005812E+03,1.986194E+03,5.574284E-01,1.754113E-01,0.000000E+00,0.000000E+00,0.000000E+00,0.000000E+00,0.000000E+00,0.000000E+00,0.000000E+00,0.000000E+00,2.110805E+01,7.993595E+01,2.388807E+01,5.667295E+01
18:44:00,8.005812E+03,1.982825E+03,5.574284E-01,1.751137E-01,0.000000E+00,0.000000E+00,0.000000E+00,0.000000E+00,0.000000E+00,0.000000E+00,0.000000E+00,0.000000E+00,2.110805E+01,7.993595E+01,2.388807E+01,5.669124E+01
18:45:00,8.005812E+03,1.979422E+03,5.574284E-01,1.748131E-01,0.000000E+00,0.000000E+00,0.000000E+00,0.000000E+00,0.000000E+00,0.000000E+00,0.000000E+00,0.000000E+00,2.110805E+01,7.993595E+01,2.388807E+01,5.670967E+01
18:46:00,8.005812E+03,1.975984E+03,5.574284E-01,1.745095E-01,0.000000E+00,0.000000E+00,0.000000E+00,0.000000E+00,0.000000E+00,0.000000E+00,0.000000E+00,0.000000E+00,2.110805E+01,7.993595E+01,2.388807E+01,5.672824E+01
18:47:00,8.005812E+03,1.972509E+03,5.574284E-01,1.742027E-01,0.000000E+00,0.000000E+00,0.000000E+00,0.000000E+00,0.000000E+00,0.000000E+00,0.000000E+00,0.000000E+00,2.110805E+01,7.993595E+01,2.388807E+01,5.674696E+01
18:48:00,8.005812E+03,1.968997E+03,5.574284E-01,1.738924E-01,0.000000E+00,0.000000E+00,0.000000E+00,0.000000E+00,0.000000E+00,0.000000E+00,0.000000E+00,0.000000E+00,2.110805E+01,7.993595E+01,2.388807E+01,5.676583E+01
18:49:00,8.005812E+03,1.965447E+03,5.574284E-01,1.735789E-01,0.000000E+00,0.000000E+00,0.000000E+00,0.000000E+00,0.000000E+00,0.000000E+00,0.000000E+00,0.000000E+00,2.110805E+01,7.993595E+01,2.388807E+01,5.678489E+01
18:50:00,8.005812E+03,1.961857E+03,5.574284E-01,1.732619E-01,0.000000E+00,0.000000E+00,0.000000E+00,0.000000E+00,0.000000E+00,0.000000E+00,0.000000E+00,0.000000E+00,2.110805E+01,7.993595E+01,2.388807E+01,5.680413E+01
18:51:00,8.005812E+03,1.958230E+03,5.574284E-01,1.729415E-01,0.000000E+00,0.000000E+00,0.000000E+00,0.000000E+00,0.000000E+00,0.000000E+00,0.000000E+00,0.000000E+00,2.110805E+01,7.993595E+01,2.388807E+01,5.682356E+01
18:52:00,8.005812E+03,1.954564E+03,5.574284E-01,1.726178E-01,0.000000E+00,0.000000E+00,0.000000E+00,0.000000E+00,0.000000E+00,0.000000E+00,0.000000E+00,0.000000E+00,2.110805E+01,7.993595E+01,2.388808E+01,5.684317E+01
18:53:00,8.005812E+03,1.950860E+03,5.574284E-01,1.722906E-01,0.000000E+00,0.000000E+00,0.000000E+00,0.000000E+00,0.000000E+00,0.000000E+00,0.000000E+00,0.000000E+00,2.110805E+01,7.993595E+01,2.388808E+01,5.686296E+01
18:54:00,8.005812E+03,1.947118E+03,5.574284E-01,1.719601E-01,0.000000E+00,0.000000E+00,0.000000E+00,0.000000E+00,0.000000E+00,0.000000E+00,0.000000E+00,0.000000E+00,2.110805E+01,7.993595E+01,2.388808E+01,5.688294E+01
18:55:00,8.005812E+03,1.943337E+03,5.574284E-01,1.716262E-01,0.000000E+00,0.000000E+00,0.000000E+00,0.000000E+00,0.000000E+00,0.000000E+00,0.000000E+00,0.000000E+00,2.110805E+01,7.993595E+01,2.388808E+01,5.690310E+01
18:56:00,8.005812E+03,1.939518E+03,5.574284E-01,1.712889E-01,0.000000E+00,0.000000E+00,0.000000E+00,0.000000E+00,0.000000E+00,0.000000E+00,0.000000E+00,0.000000E+00,2.110805E+01,7.993595E+01,2.388808E+01,5.692343E+01
18:57:00,8.005812E+03,1.935660E+03,5.574284E-01,1.709482E-01,0.000000E+00,0.000000E+00,0.000000E+00,0.000000E+00,0.000000E+00,0.000000E+00,0.000000E+00,0.000000E+00,2.110805E+01,7.993595E+01,2.388808E+01,5.694395E+01
18:58:00,8.005812E+03,1.931765E+03,5.574284E-01,1.706041E-01,0.000000E+00,0.000000E+00,0.000000E+00,0.000000E+00,0.000000E+00,0.000000E+00,0.000000E+00,0.000000E+00,2.110805E+01,7.993595E+01,2.388808E+01,5.696465E+01
18:59:00,8.005812E+03,1.927808E+03,5.574284E-01,1.702547E-01,0.000000E+00,0.000000E+00,0.000000E+00,0.000000E+00,0.000000E+00,0.000000E+00,0.000000E+00,0.000000E+00,2.110805E+01,7.993595E+01,2.388808E+01,5.698552E+01
19:00:00,8.005812E+03,1.923811E+03,5.574284E-01,1.699017E-01,0.000000E+00,0.000000E+00,0.000000E+00,0.000000E+00,0.000000E+00,0.000000E+00,0.000000E+00,0.000000E+00,2.110805E+01,7.993595E+01,2.388808E+01,5.700672E+01
19:01:00,8.005812E+03,1.919802E+03,5.574284E-01,1.695476E-01,0.000000E+00,0.000000E+00,0.000000E+00,0.000000E+00,0.000000E+00,0.000000E+00,0.000000E+00,0.000000E+00,2.110805E+01,7.993595E+01,2.388809E+01,5.702821E+01
19:02:00,8.005812E+03,1.915781E+03,5.574284E-01,1.691925E-01,0.000000E+00,0.000000E+00,0.000000E+00,0.000000E+00,0.000000E+00,0.000000E+00,0.000000E+00,0.000000E+00,2.110805E+01,7.993595E+01,2.388809E+01,5.704981E+01
19:03:00,8.005812E+03,1.911748E+03,5.574284E-01,1.688363E-01,0.000000E+00,0.000000E+00,0.000000E+00,0.000000E+00,0.000000E+00,0.000000E+00,0.000000E+00,0.000000E+00,2.110805E+01,7.993595E+01,2.388809E+01,5.707145E+01
19:04:00,8.005812E+03,1.907702E+03,5.574284E-01,1.684790E-01,0.000000E+00,0.000000E+00,0.000000E+00,0.000000E+00,0.000000E+00,0.000000E+00,0.000000E+00,0.000000E+00,2.110805E+01,7.993595E+01,2.388809E+01,5.709307E+01
19:05:00,8.005812E+03,1.903646E+03,5.574284E-01,1.681208E-01,0.000000E+00,0.000000E+00,0.000000E+00,0.000000E+00,0.000000E+00,0.000000E+00,0.000000E+00,0.000000E+00,2.110805E+01,7.993595E+01,2.388809E+01,5.711470E+01
19:06:00,8.005812E+03,1.899579E+03,5.574284E-01,1.677616E-01,0.000000E+00,0.000000E+00,0.000000E+00,0.000000E+00,0.000000E+00,0.000000E+00,0.000000E+00,0.000000E+00,2.110805E+01,7.993595E+01,2.388809E+01,5.713634E+01
19:07:00,8.005812E+03,1.895502E+03,5.574284E-01,1.674015E-01,0.000000E+00,0.000000E+00,0.000000E+00,0.000000E+00,0.000000E+00,0.000000E+00,0.000000E+00,0.000000E+00,2.110805E+01,7.993595E+01,2.388809E+01,5.715797E+01
19:08:00,8.005812E+03,1.891414E+03,5.574284E-01,1.670405E-01,0.000000E+00,0.000000E+00,0.000000E+00,0.000000E+00,0.000000E+00,0.000000E+00,0.000000E+00,0.000000E+00,2.110805E+01,7.993595E+01,2.388809E+01,5.717962E+01
19:09:00,8.005812E+03,1.887305E+03,5.574284E-01,1.666775E-01,0.000000E+00,0.000000E+00,0.000000E+00,0.000000E+00,0.000000E+00,0.000000E+00,0.000000E+00,0.000000E+00,2.110805E+01,7.993595E+01,2.388809E+01,5.720127E+01
19:10:00,8.005812E+03,1.883186E+03,5.574284E-01,1.663137E-01,0.000000E+00,0.000000E+00,0.000000E+00,0.000000E+00,0.000000E+00,0.000000E+00,0.000000E+00,0.000000E+00,2.110805E+01,7.993595E+01,2.388809E+01,5.722302E+01
19:11:00,8.005812E+03,1.879058E+03,5.574284E-01,1.659492E-01,0.000000E+00,0.000000E+00,0.000000E+00,0.000000E+00,0.000000E+00,0.000000E+00,0.000000E+00,0.000000E+00,2.110805E+01,7.993595E+01,2.388809E+01,5.724484E+01
19:12:00,8.005812E+03,1.874924E+03,5.574284E-01,1.655841E-01,0.000000E+00,0.000000E+00,0.000000E+00,0.000000E+00,0.000000E+00,0.000000E+00,0.000000E+00,0.000000E+00,2.110805E+01,7.993595E+01,2.388809E+01,5.726669E+01
19:13:00,8.005812E+03,1.870783E+03,5.574284E-01,1.652183E-01,0.000000E+00,0.000000E+00,0.000000E+00,0.000000E+00,0.000000E+00,0.000000E+00,0.000000E+00,0.000000E+00,2.110805E+01,7.993595E+01,2.388809E+01,5.728853E+01
19:14:00,8.005812E+03,1.866636E+03,5.574284E-01,1.648521E-01,0.000000E+00,0.000000E+00,0.000000E+00,0.000000E+00,0.000000E+00,0.000000E+00,0.000000E+00,0.000000E+00,2.110805E+01,7.993595E+01,2.388810E+01,5.731035E+01
19:15:00,8.005812E+03,1.862485E+03,5.574284E-01,1.644855E-01,0.000000E+00,0.000000E+00,0.000000E+00,0.000000E+00,0.000000E+00,0.000000E+00,0.000000E+00,0.000000E+00,2.110805E+01,7.993595E+01,2.388810E+01,5.733217E+01
19:16:00,8.005812E+03,1.858280E+03,5.574284E-01,1.641141E-01,0.000000E+00,0.000000E+00,0.000000E+00,0.000000E+00,0.000000E+00,0.000000E+00,0.000000E+00,0.000000E+00,2.110805E+01,7.993595E+01,2.388810E+01,5.735397E+01
19:17:00,8.005812E+03,1.854073E+03,5.574284E-01,1.637425E-01,0.000000E+00,0.000000E+00,0.000000E+00,0.000000E+00,0.000000E+00,0.000000E+00,0.000000E+00,0.000000E+00,2.110805E+01,7.993595E+01,2.388810E+01,5.737610E+01
19:18:00,8.005812E+03,1.849866E+03,5.574284E-01,1.633710E-01,0.000000E+00,0.000000E+00,0.000000E+00,0.000000E+00,0.000000E+00,0.000000E+00,0.000000E+00,0.000000E+00,2.110805E+01,7.993595E+01,2.388810E+01,5.739841E+01
19:19:00,8.005812E+03,1.845660E+03,5.574284E-01,1.629995E-01,0.000000E+00,0.000000E+00,0.000000E+00,0.000000E+00,0.000000E+00,0.000000E+00,0.000000E+00,0.000000E+00,2.110805E+01,7.993595E+01,2.388810E+01,5.742074E+01
19:20:00,8.005812E+03,1.841455E+03,5.574284E-01,1.626282E-01,0.000000E+00,0.000000E+00,0.000000E+00,0.000000E+00,0.000000E+00,0.000000E+00,0.000000E+00,0.000000E+00,2.110805E+01,7.993595E+01,2.388810E+01,5.744299E+01
19:21:00,8.005812E+03,1.837253E+03,5.574284E-01,1.622570E-01,0.000000E+00,0.000000E+00,0.000000E+00,0.000000E+00,0.000000E+00,0.000000E+00,0.000000E+00,0.000000E+00,2.110805E+01,7.993595E+01,2.388810E+01,5.746515E+01
19:22:00,8.005812E+03,1.833053E+03,5.574284E-01,1.618861E-01,0.000000E+00,0.000000E+00,0.000000E+00,0.000000E+00,0.000000E+00,0.000000E+00,0.000000E+00,0.000000E+00,2.110805E+01,7.993595E+01,2.388810E+01,5.748722E+01
19:23:00,8.005812E+03,1.828857E+03,5.574284E-01,1.615155E-01,0.000000E+00,0.000000E+00,0.000000E+00,0.000000E+00,0.000000E+00,0.000000E+00,0.000000E+00,0.000000E+00,2.110805E+01,7.993595E+01,2.388810E+01,5.750921E+01
19:24:00,8.005812E+03,1.824664E+03,5.574284E-01,1.611452E-01,0.000000E+00,0.000000E+00,0.000000E+00,0.000000E+00,0.000000E+00,0.000000E+00,0.000000E+00,0.000000E+00,2.110805E+01,7.993595E+01,2.388810E+01,5.753112E+01
19:25:00,8.005812E+03,1.820475E+03,5.574284E-01,1.607752E-01,0.000000E+00,0.000000E+00,0.000000E+00,0.000000E+00,0.000000E+00,0.000000E+00,0.000000E+00,0.000000E+00,2.110805E+01,7.993595E+01,2.388810E+01,5.755296E+01
19:26:00,8.005812E+03,1.816291E+03,5.574284E-01,1.604057E-01,0.000000E+00,0.000000E+00,0.000000E+00,0.000000E+00,0.000000E+00,0.000000E+00,0.000000E+00,0.000000E+00,2.110805E+01,7.993595E+01,2.388810E+01,5.757474E+01
19:27:00,8.005812E+03,1.812111E+03,5.574284E-01,1.600365E-01,0.000000E+00,0.000000E+00,0.000000E+00,0.000000E+00,0.000000E+00,0.000000E+00,0.000000E+00,0.000000E+00,2.110805E+01,7.993595E+01,2.388810E+01,5.759645E+01
19:28:00,8.005812E+03,1.807936E+03,5.574284E-01,1.596678E-01,0.000000E+00,0.000000E+00,0.000000E+00,0.000000E+00,0.000000E+00,0.000000E+00,0.000000E+00,0.000000E+00,2.110805E+01,7.993595E+01,2.388810E+01,5.761810E+01
19:29:00,8.005812E+03,1.803767E+03,5.574284E-01,1.592996E-01,0.000000E+00,0.000000E+00,0.000000E+00,0.000000E+00,0.000000E+00,0.000000E+00,0.000000E+00,0.000000E+00,2.110805E+01,7.993595E+01,2.388811E+01,5.763971E+01
19:30:00,8.005812E+03,1.799604E+03,5.574284E-01,1.589319E-01,0.000000E+00,0.000000E+00,0.000000E+00,0.000000E+00,0.000000E+00,0.000000E+00,0.000000E+00,0.000000E+00,2.110805E+01,7.993595E+01,2.388811E+01,5.766126E+01
19:31:00,8.005812E+03,1.795447E+03,5.574284E-01,1.585648E-01,0.000000E+00,0.000000E+00,0.000000E+00,0.000000E+00,0.000000E+00,0.000000E+00,0.000000E+00,0.000000E+00,2.110805E+01,7.993595E+01,2.388811E+01,5.768276E+01
19:32:00,8.005812E+03,1.791297E+03,5.574284E-01,1.581983E-01,0.000000E+00,0.000000E+00,0.000000E+00,0.000000E+00,0.000000E+00,0.000000E+00,0.000000E+00,0.000000E+00,2.110805E+01,7.993595E+01,2.388811E+01,5.770423E+01
19:33:00,8.005812E+03,1.787153E+03,5.574284E-01,1.578323E-01,0.000000E+00,0.000000E+00,0.000000E+00,0.000000E+00,0.000000E+00,0.000000E+00,0.000000E+00,0.000000E+00,2.110805E+01,7.993595E+01,2.388811E+01,5.772566E+01
19:34:00,8.005812E+03,1.783017E+03,5.574284E-01,1.574670E-01,0.000000E+00,0.000000E+00,0.000000E+00,0.000000E+00,0.000000E+00,0.000000E+00,0.000000E+00,0.000000E+00,2.110805E+01,7.993595E+01,2.388811E+01,5.774706E+01
19:35:00,8.005812E+03,1.778889E+03,5.574284E-01,1.571024E-01,0.000000E+00,0.000000E+00,0.000000E+00,0.000000E+00,0.000000E+00,0.000000E+00,0.000000E+00,0.000000E+00,2.110805E+01,7.993595E+01,2.388811E+01,5.776843E+01
19:36:00,8.005812E+03,1.774768E+03,5.574284E-01,1.567385E-01,0.000000E+00,0.000000E+00,0.000000E+00,0.000000E+00,0.000000E+00,0.000000E+00,0.000000E+00,0.000000E+00,2.110805E+01,7.993595E+01,2.388811E+01,5.778977E+01
19:37:00,8.005812E+03,1.770656E+03,5.574284E-01,1.563753E-01,0.000000E+00,0.000000E+00,0.000000E+00,0.000000E+00,0.000000E+00,0.000000E+00,0.000000E+00,0.000000E+00,2.110805E+01,7.993595E+01,2.388811E+01,5.781109E+01
19:38:00,8.005812E+03,1.766552E+03,5.574284E-01,1.560129E-01,0.000000E+00,0.000000E+00,0.000000E+00,0.000000E+00,0.000000E+00,0.000000E+00,0.000000E+00,0.000000E+00,2.110805E+01,7.993595E+01,2.388811E+01,5.783240E+01
19:39:00,8.005812E+03,1.762501E+03,5.574284E-01,1.556551E-01,0.000000E+00,0.000000E+00,0.000000E+00,0.000000E+00,0.000000E+00,0.000000E+00,0.000000E+00,0.000000E+00,2.110805E+01,7.993595E+01,2.388811E+01,5.785368E+01
19:40:00,8.005812E+03,1.758463E+03,5.574284E-01,1.552985E-01,0.000000E+00,0.000000E+00,0.000000E+00,0.000000E+00,0.000000E+00,0.000000E+00,0.000000E+00,0.000000E+00,2.110805E+01,7.993595E+01,2.388811E+01,5.787496E+01
19:41:00,8.005812E+03,1.754436E+03,5.574284E-01,1.549428E-01,0.000000E+00,0.000000E+00,0.000000E+00,0.000000E+00,0.000000E+00,0.000000E+00,0.000000E+00,0.000000E+00,2.110805E+01,7.993595E+01,2.388811E+01,5.789623E+01
19:42:00,8.005812E+03,1.750420E+03,5.574284E-01,1.545881E-01,0.000000E+00,0.000000E+00,0.000000E+00,0.000000E+00,0.000000E+00,0.000000E+00,0.000000E+00,0.000000E+00,2.110805E+01,7.993595E+01,2.388811E+01,5.791749E+01
19:43:00,8.005812E+03,1.746415E+03,5.574284E-01,1.542344E-01,0.000000E+00,0.000000E+00,0.000000E+00,0.000000E+00,0.000000E+00,0.000000E+00,0.000000E+00,0.000000E+00,2.110805E+01,7.993595E+01,2.388811E+01,5.793874E+01
19:44:00,8.005812E+03,1.742421E+03,5.574284E-01,1.538816E-01,0.000000E+00,0.000000E+00,0.000000E+00,0.000000E+00,0.000000E+00,0.000000E+00,0.000000E+00,0.000000E+00,2.110805E+01,7.993595E+01,2.388812E+01,5.796000E+01
19:45:00,8.005812E+03,1.738438E+03,5.574284E-01,1.535299E-01,0.000000E+00,0.000000E+00,0.000000E+00,0.000000E+00,0.000000E+00,0.000000E+00,0.000000E+00,0.000000E+00,2.110805E+01,7.993595E+01,2.388812E+01,5.798126E+01
19:46:00,8.005812E+03,1.734467E+03,5.574284E-01,1.531792E-01,0.000000E+00,0.000000E+00,0.000000E+00,0.000000E+00,0.000000E+00,0.000000E+00,0.000000E+00,0.000000E+00,2.110805E+01,7.993595E+01,2.388812E+01,5.800252E+01
19:47:00,8.005812E+03,1.730511E+03,5.574284E-01,1.528298E-01,0.000000E+00,0.000000E+00,0.000000E+00,0.000000E+00,0.000000E+00,0.000000E+00,0.000000E+00,0.000000E+00,2.110805E+01,7.993595E+01,2.388812E+01,5.802378E+01
19:48:00,8.005812E+03,1.726570E+03,5.574284E-01,1.524817E-01,0.000000E+00,0.000000E+00,0.000000E+00,0.000000E+00,0.000000E+00,0.000000E+00,0.000000E+00,0.000000E+00,2.110805E+01,7.993595E+01,2.388812E+01,5.804506E+01
19:49:00,8.005812E+03,1.722645E+03,5.574284E-01,1.521351E-01,0.000000E+00,0.000000E+00,0.000000E+00,0.000000E+00,0.000000E+00,0.000000E+00,0.000000E+00,0.000000E+00,2.110805E+01,7.993595E+01,2.388812E+01,5.806635E+01
19:50:00,8.005812E+03,1.718736E+03,5.574284E-01,1.517899E-01,0.000000E+00,0.000000E+00,0.000000E+00,0.000000E+00,0.000000E+00,0.000000E+00,0.000000E+00,0.000000E+00,2.110805E+01,7.993595E+01,2.388812E+01,5.808765E+01
19:51:00,8.005812E+03,1.714844E+03,5.574284E-01,1.514461E-01,0.000000E+00,0.000000E+00,0.000000E+00,0.000000E+00,0.000000E+00,0.000000E+00,0.000000E+00,0.000000E+00,2.110805E+01,7.993595E+01,2.388812E+01,5.810896E+01
19:52:00,8.005812E+03,1.710968E+03,5.574284E-01,1.511039E-01,0.000000E+00,0.000000E+00,0.000000E+00,0.000000E+00,0.000000E+00,0.000000E+00,0.000000E+00,0.000000E+00,2.110805E+01,7.993595E+01,2.388812E+01,5.813029E+01
19:53:00,8.005812E+03,1.707110E+03,5.574284E-01,1.507631E-01,0.000000E+00,0.000000E+00,0.000000E+00,0.000000E+00,0.000000E+00,0.000000E+00,0.000000E+00,0.000000E+00,2.110805E+01,7.993595E+01,2.388812E+01,5.815164E+01
19:54:00,8.005812E+03,1.703269E+03,5.574284E-01,1.504239E-01,0.000000E+00,0.000000E+00,0.000000E+00,0.000000E+00,0.000000E+00,0.000000E+00,0.000000E+00,0.000000E+00,2.110805E+01,7.993595E+01,2.388812E+01,5.817301E+01
19:55:00,8.005812E+03,1.699446E+03,5.574284E-01,1.500862E-01,0.000000E+00,0.000000E+00,0.000000E+00,0.000000E+00,0.000000E+00,0.000000E+00,0.000000E+00,0.000000E+00,2.110805E+01,7.993595E+01,2.388812E+01,5.819440E+01
19:56:00,8.005812E+03,1.695641E+03,5.574284E-01,1.497502E-01,0.000000E+00,0.000000E+00,0.000000E+00,0.000000E+00,0.000000E+00,0.000000E+00,0.000000E+00,0.000000E+00,2.110805E+01,7.993595E+01,2.388812E+01,5.821581E+01
19:57:00,8.005812E+03,1.691854E+03,5.574284E-01,1.494157E-01,0.000000E+00,0.000000E+00,0.000000E+00,0.000000E+00,0.000000E+00,0.000000E+00,0.000000E+00,0.000000E+00,2.110805E+01,7.993595E+01,2.388812E+01,5.823725E+01
19:58:00,8.005812E+03,1.688085E+03,5.574284E-01,1.490829E-01,0.000000E+00,0.000000E+00,0.000000E+00,0.000000E+00,0.000000E+00,0.000000E+00,0.000000E+00,0.000000E+00,2.110805E+01,7.993595E+01,2.388813E+01,5.825872E+01
19:59:00,8.005812E+03,1.684359E+03,5.574284E-01,1.487538E-01,0.000000E+00,0.000000E+00,0.000000E+00,0.000000E+00,0.000000E+00,0.000000E+00,0.000000E+00,0.000000E+00,2.110805E+01,7.993595E+01,2.388813E+01,5.828021E+01
20:00:00,8.005812E+03,1.680652E+03,5.574284E-01,1.484264E-01,0.000000E+00,0.000000E+00,0.000000E+00,0.000000E+00,0.000000E+00,0.000000E+00,0.000000E+00,0.000000E+00,2.110805E+01,7.993595E+01,2.388813E+01,5.830173E+01
20:01:00,8.005812E+03,1.676958E+03,5.574284E-01,1.481002E-01,0.000000E+00,0.000000E+00,0.000000E+00,0.000000E+00,0.000000E+00,0.000000E+00,0.000000E+00,0.000000E+00,2.110805E+01,7.993595E+01,2.388813E+01,5.832328E+01
20:02:00,8.005812E+03,1.673277E+03,5.574284E-01,1.477751E-01,0.000000E+00,0.000000E+00,0.000000E+00,0.000000E+00,0.000000E+00,0.000000E+00,0.000000E+00,0.000000E+00,2.110805E+01,7.993595E+01,2.388813E+01,5.834482E+01
20:03:00,8.005812E+03,1.669610E+03,5.574284E-01,1.474512E-01,0.000000E+00,0.000000E+00,0.000000E+00,0.000000E+00,0.000000E+00,0.000000E+00,0.000000E+00,0.000000E+00,2.110805E+01,7.993595E+01,2.388813E+01,5.836632E+01
20:04:00,8.005812E+03,1.665955E+03,5.574284E-01,1.471284E-01,0.000000E+00,0.000000E+00,0.000000E+00,0.000000E+00,0.000000E+00,0.000000E+00,0.000000E+00,0.000000E+00,2.110805E+01,7.993595E+01,2.388813E+01,5.838777E+01
20:05:00,8.005812E+03,1.662312E+03,5.574284E-01,1.468067E-01,0.000000E+00,0.000000E+00,0.000000E+00,0.000000E+00,0.000000E+00,0.000000E+00,0.000000E+00,0.000000E+00,2.110805E+01,7.993595E+01,2.388813E+01,5.840918E+01
20:06:00,8.005812E+03,1.658683E+03,5.574284E-01,1.464861E-01,0.000000E+00,0.000000E+00,0.000000E+00,0.000000E+00,0.000000E+00,0.000000E+00,0.000000E+00,0.000000E+00,2.110805E+01,7.993595E+01,2.388813E+01,5.843056E+01
20:07:00,8.005812E+03,1.655065E+03,5.574284E-01,1.461666E-01,0.000000E+00,0.000000E+00,0.000000E+00,0.000000E+00,0.000000E+00,0.000000E+00,0.000000E+00,0.000000E+00,2.110805E+01,7.993595E+01,2.388813E+01,5.845189E+01
20:08:00,8.005812E+03,1.651460E+03,5.574284E-01,1.458482E-01,0.000000E+00,0.000000E+00,0.000000E+00,0.000000E+00,0.000000E+00,0.000000E+00,0.000000E+00,0.000000E+00,2.110805E+01,7.993595E+01,2.388813E+01,5.847321E+01
20:09:00,8.005812E+03,1.647880E+03,5.574284E-01,1.455320E-01,0.000000E+00,0.000000E+00,0.000000E+00,0.000000E+00,0.000000E+00,0.000000E+00,0.000000E+00,0.000000E+00,2.110805E+01,7.993595E+01,2.388813E+01,5.849449E+01
20:10:00,8.005812E+03,1.644312E+03,5.574284E-01,1.452170E-01,0.000000E+00,0.000000E+00,0.000000E+00,0.000000E+00,0.000000E+00,0.000000E+00,0.000000E+00,0.000000E+00,2.110805E+01,7.993595E+01,2.388813E+01,5.851575E+01
20:11:00,8.005812E+03,1.640756E+03,5.574284E-01,1.449029E-01,0.000000E+00,0.000000E+00,0.000000E+00,0.000000E+00,0.000000E+00,0.000000E+00,0.000000E+00,0.000000E+00,2.110805E+01,7.993595E+01,2.388813E+01,5.853699E+01
20:12:00,8.005812E+03,1.637210E+03,5.574284E-01,1.445898E-01,0.000000E+00,0.000000E+00,0.000000E+00,0.000000E+00,0.000000E+00,0.000000E+00,0.000000E+00,0.000000E+00,2.110805E+01,7.993595E+01,2.388813E+01,5.855821E+01
20:13:00,8.005812E+03,1.633675E+03,5.574284E-01,1.442776E-01,0.000000E+00,0.000000E+00,0.000000E+00,0.000000E+00,0.000000E+00,0.000000E+00,0.000000E+00,0.000000E+00,2.110805E+01,7.993595E+01,2.388814E+01,5.857941E+01
20:14:00,8.005812E+03,1.630151E+03,5.574284E-01,1.439662E-01,0.000000E+00,0.000000E+00,0.000000E+00,0.000000E+00,0.000000E+00,0.000000E+00,0.000000E+00,0.000000E+00,2.110805E+01,7.993595E+01,2.388814E+01,5.860061E+01
20:15:00,8.005812E+03,1.626635E+03,5.574284E-01,1.436558E-01,0.000000E+00,0.000000E+00,0.000000E+00,0.000000E+00,0.000000E+00,0.000000E+00,0.000000E+00,0.000000E+00,2.110805E+01,7.993595E+01,2.388814E+01,5.862179E+01
20:16:00,8.005812E+03,1.623179E+03,5.574284E-01,1.433505E-01,0.000000E+00,0.000000E+00,0.000000E+00,0.000000E+00,0.000000E+00,0.000000E+00,0.000000E+00,0.000000E+00,2.110805E+01,7.993595E+01,2.388814E+01,5.864296E+01
20:17:00,8.005812E+03,1.619729E+03,5.574284E-01,1.430459E-01,0.000000E+00,0.000000E+00,0.000000E+00,0.000000E+00,0.000000E+00,0.000000E+00,0.000000E+00,0.000000E+00,2.110805E+01,7.993595E+01,2.388814E+01,5.866412E+01
20:18:00,8.005812E+03,1.616285E+03,5.574284E-01,1.427417E-01,0.000000E+00,0.000000E+00,0.000000E+00,0.000000E+00,0.000000E+00,0.000000E+00,0.000000E+00,0.000000E+00,2.110805E+01,7.993595E+01,2.388814E+01,5.868528E+01
20:19:00,8.005812E+03,1.612847E+03,5.574284E-01,1.424380E-01,0.000000E+00,0.000000E+00,0.000000E+00,0.000000E+00,0.000000E+00,0.000000E+00,0.000000E+00,0.000000E+00,2.110805E+01,7.993595E+01,2.388814E+01,5.870644E+01
20:20:00,8.005812E+03,1.609413E+03,5.574284E-01,1.421348E-01,0.000000E+00,0.000000E+00,0.000000E+00,0.000000E+00,0.000000E+00,0.000000E+00,0.000000E+00,0.000000E+00,2.110805E+01,7.993595E+01,2.388814E+01,5.872759E+01
20:21:00,8.005812E+03,1.605985E+03,5.574284E-01,1.418320E-01,0.000000E+00,0.000000E+00,0.000000E+00,0.000000E+00,0.000000E+00,0.000000E+00,0.000000E+00,0.000000E+00,2.110805E+01,7.993595E+01,2.388814E+01,5.874875E+01
20:22:00,8.005812E+03,1.602560E+03,5.574284E-01,1.415296E-01,0.000000E+00,0.000000E+00,0.000000E+00,0.000000E+00,0.000000E+00,0.000000E+00,0.000000E+00,0.000000E+00,2.110805E+01,7.993595E+01,2.388814E+01,5.876991E+01
20:23:00,8.005812E+03,1.599141E+03,5.574284E-01,1.412276E-01,0.000000E+00,0.000000E+00,0.000000E+00,0.000000E+00,0.000000E+00,0.000000E+00,0.000000E+00,0.000000E+00,2.110805E+01,7.993595E+01,2.388814E+01,5.879107E+01
20:24:00,8.005812E+03,1.595726E+03,5.574284E-01,1.409259E-01,0.000000E+00,0.000000E+00,0.000000E+00,0.000000E+00,0.000000E+00,0.000000E+00,0.000000E+00,0.000000E+00,2.110805E+01,7.993595E+01,2.388814E+01,5.881224E+01
20:25:00,8.005812E+03,1.592315E+03,5.574284E-01,1.406247E-01,0.000000E+00,0.000000E+00,0.000000E+00,0.000000E+00,0.000000E+00,0.000000E+00,0.000000E+00,0.000000E+00,2.110805E+01,7.993595E+01,2.388814E+01,5.883342E+01
20:26:00,8.005812E+03,1.588909E+03,5.574284E-01,1.403239E-01,0.000000E+00,0.000000E+00,0.000000E+00,0.000000E+00,0.000000E+00,0.000000E+00,0.000000E+00,0.000000E+00,2.110805E+01,7.993595E+01,2.388814E+01,5.885460E+01
20:27:00,8.005812E+03,1.585507E+03,5.574284E-01,1.400234E-01,0.000000E+00,0.000000E+00,0.000000E+00,0.000000E+00,0.000000E+00,0.000000E+00,0.000000E+00,0.000000E+00,2.110805E+01,7.993595E+01,2.388814E+01,5.887579E+01
20:28:00,8.005812E+03,1.582110E+03,5.574284E-01,1.397234E-01,0.000000E+00,0.000000E+00,0.000000E+00,0.000000E+00,0.000000E+00,0.000000E+00,0.000000E+00,0.000000E+00,2.110805E+01,7.993595E+01,2.388815E+01,5.889699E+01
20:29:00,8.005812E+03,1.578717E+03,5.574284E-01,1.394238E-01,0.000000E+00,0.000000E+00,0.000000E+00,0.000000E+00,0.000000E+00,0.000000E+00,0.000000E+00,0.000000E+00,2.110805E+01,7.993595E+01,2.388815E+01,5.891821E+01
20:30:00,8.005812E+03,1.575329E+03,5.574284E-01,1.391245E-01,0.000000E+00,0.000000E+00,0.000000E+00,0.000000E+00,0.000000E+00,0.000000E+00,0.000000E+00,0.000000E+00,2.110805E+01,7.993595E+01,2.388815E+01,5.893944E+01
20:31:00,8.005812E+03,1.571945E+03,5.574284E-01,1.388257E-01,0.000000E+00,0.000000E+00,0.000000E+00,0.000000E+00,0.000000E+00,0.000000E+00,0.000000E+00,0.000000E+00,2.110805E+01,7.993595E+01,2.388815E+01,5.896068E+01
20:32:00,8.005812E+03,1.568567E+03,5.574284E-01,1.385273E-01,0.000000E+00,0.000000E+00,0.000000E+00,0.000000E+00,0.000000E+00,0.000000E+00,0.000000E+00,0.000000E+00,2.110805E+01,7.993595E+01,2.388815E+01,5.898193E+01
20:33:00,8.005812E+03,1.565193E+03,5.574284E-01,1.382294E-01,0.000000E+00,0.000000E+00,0.000000E+00,0.000000E+00,0.000000E+00,0.000000E+00,0.000000E+00,0.000000E+00,2.110805E+01,7.993595E+01,2.388815E+01,5.900321E+01
20:34:00,8.005812E+03,1.561824E+03,5.574284E-01,1.379318E-01,0.000000E+00,0.000000E+00,0.000000E+00,0.000000E+00,0.000000E+00,0.000000E+00,0.000000E+00,0.000000E+00,2.110805E+01,7.993595E+01,2.388815E+01,5.902450E+01
20:35:00,8.005812E+03,1.558460E+03,5.574284E-01,1.376347E-01,0.000000E+00,0.000000E+00,0.000000E+00,0.000000E+00,0.000000E+00,0.000000E+00,0.000000E+00,0.000000E+00,2.110805E+01,7.993595E+01,2.388815E+01,5.904580E+01
20:36:00,8.005812E+03,1.555101E+03,5.574284E-01,1.373381E-01,0.000000E+00,0.000000E+00,0.000000E+00,0.000000E+00,0.000000E+00,0.000000E+00,0.000000E+00,0.000000E+00,2.110805E+01,7.993595E+01,2.388815E+01,5.906713E+01
20:37:00,8.005812E+03,1.551747E+03,5.574284E-01,1.370419E-01,0.000000E+00,0.000000E+00,0.000000E+00,0.000000E+00,0.000000E+00,0.000000E+00,0.000000E+00,0.000000E+00,2.110805E+01,7.993595E+01,2.388815E+01,5.908847E+01
20:38:00,8.005812E+03,1.548398E+03,5.574284E-01,1.367461E-01,0.000000E+00,0.000000E+00,0.000000E+00,0.000000E+00,0.000000E+00,0.000000E+00,0.000000E+00,0.000000E+00,2.110805E+01,7.993595E+01,2.388815E+01,5.910983E+01
20:39:00,8.005812E+03,1.545055E+03,5.574284E-01,1.364508E-01,0.000000E+00,0.000000E+00,0.000000E+00,0.000000E+00,0.000000E+00,0.000000E+00,0.000000E+00,0.000000E+00,2.110805E+01,7.993595E+01,2.388815E+01,5.913122E+01
20:40:00,8.005812E+03,1.541716E+03,5.574284E-01,1.361560E-01,0.000000E+00,0.000000E+00,0.000000E+00,0.000000E+00,0.000000E+00,0.000000E+00,0.000000E+00,0.000000E+00,2.110805E+01,7.993595E+01,2.388815E+01,5.915262E+01
20:41:00,8.005812E+03,1.538383E+03,5.574284E-01,1.358616E-01,0.000000E+00,0.000000E+00,0.000000E+00,0.000000E+00,0.000000E+00,0.000000E+00,0.000000E+00,0.000000E+00,2.110805E+01,7.993595E+01,2.388816E+01,5.917405E+01
20:42:00,8.005812E+03,1.535056E+03,5.574284E-01,1.355678E-01,0.000000E+00,0.000000E+00,0.000000E+00,0.000000E+00,0.000000E+00,0.000000E+00,0.000000E+00,0.000000E+00,2.110805E+01,7.993595E+01,2.388816E+01,5.919549E+01
20:43:00,8.005812E+03,1.531734E+03,5.574284E-01,1.352744E-01,0.000000E+00,0.000000E+00,0.000000E+00,0.000000E+00,0.000000E+00,0.000000E+00,0.000000E+00,0.000000E+00,2.110805E+01,7.993595E+01,2.388816E+01,5.921697E+01
20:44:00,8.005812E+03,1.528417E+03,5.574284E-01,1.349815E-01,0.000000E+00,0.000000E+00,0.000000E+00,0.000000E+00,0.000000E+00,0.000000E+00,0.000000E+00,0.000000E+00,2.110805E+01,7.993595E+01,2.388816E+01,5.923846E+01
20:45:00,8.005812E+03,1.525107E+03,5.574284E-01,1.346891E-01,0.000000E+00,0.000000E+00,0.000000E+00,0.000000E+00,0.000000E+00,0.000000E+00,0.000000E+00,0.000000E+00,2.110805E+01,7.993595E+01,2.388816E+01,5.925997E+01
20:46:00,8.005812E+03,1.521802E+03,5.574284E-01,1.343972E-01,0.000000E+00,0.000000E+00,0.000000E+00,0.000000E+00,0.000000E+00,0.000000E+00,0.000000E+00,0.000000E+00,2.110805E+01,7.993595E+01,2.388816E+01,5.928152E+01
20:47:00,8.005812E+03,1.518502E+03,5.574284E-01,1.341058E-01,0.000000E+00,0.000000E+00,0.000000E+00,0.000000E+00,0.000000E+00,0.000000E+00,0.000000E+00,0.000000E+00,2.110805E+01,7.993595E+01,2.388816E+01,5.930308E+01
20:48:00,8.005812E+03,1.515209E+03,5.574284E-01,1.338149E-01,0.000000E+00,0.000000E+00,0.000000E+00,0.000000E+00,0.000000E+00,0.000000E+00,0.000000E+00,0.000000E+00,2.110805E+01,7.993595E+01,2.388816E+01,5.932467E+01
20:49:00,8.005812E+03,1.511922E+03,5.574284E-01,1.335246E-01,0.000000E+00,0.000000E+00,0.000000E+00,0.000000E+00,0.000000E+00,0.000000E+00,0.000000E+00,0.000000E+00,2.110805E+01,7.993595E+01,2.388816E+01,5.934629E+01
20:50:00,8.005812E+03,1.508640E+03,5.574284E-01,1.332348E-01,0.000000E+00,0.000000E+00,0.000000E+00,0.000000E+00,0.000000E+00,0.000000E+00,0.000000E+00,0.000000E+00,2.110805E+01,7.993595E+01,2.388816E+01,5.936793E+01
20:51:00,8.005812E+03,1.505365E+03,5.574284E-01,1.329456E-01,0.000000E+00,0.000000E+00,0.000000E+00,0.000000E+00,0.000000E+00,0.000000E+00,0.000000E+00,0.000000E+00,2.110805E+01,7.993595E+01,2.388816E+01,5.938959E+01
20:52:00,8.005812E+03,1.502096E+03,5.574284E-01,1.326568E-01,0.000000E+00,0.000000E+00,0.000000E+00,0.000000E+00,0.000000E+00,0.000000E+00,0.000000E+00,0.000000E+00,2.110805E+01,7.993595E+01,2.388816E+01,5.941128E+01
20:53:00,8.005812E+03,1.498833E+03,5.574284E-01,1.323687E-01,0.000000E+00,0.000000E+00,0.000000E+00,0.000000E+00,0.000000E+00,0.000000E+00,0.000000E+00,0.000000E+00,2.110805E+01,7.993595E+01,2.388816E+01,5.943301E+01
20:54:00,8.005812E+03,1.495577E+03,5.574284E-01,1.320811E-01,0.000000E+00,0.000000E+00,0.000000E+00,0.000000E+00,0.000000E+00,0.000000E+00,0.000000E+00,0.000000E+00,2.110805E+01,7.993595E+01,2.388817E+01,5.945475E+01
20:55:00,8.005812E+03,1.492327E+03,5.574284E-01,1.317940E-01,0.000000E+00,0.000000E+00,0.000000E+00,0.000000E+00,0.000000E+00,0.000000E+00,0.000000E+00,0.000000E+00,2.110805E+01,7.993595E+01,2.388817E+01,5.947652E+01
20:56:00,8.005812E+03,1.489083E+03,5.574284E-01,1.315076E-01,0.000000E+00,0.000000E+00,0.000000E+00,0.000000E+00,0.000000E+00,0.000000E+00,0.000000E+00,0.000000E+00,2.110805E+01,7.993595E+01,2.388817E+01,5.949832E+01
20:57:00,8.005812E+03,1.485846E+03,5.574284E-01,1.312217E-01,0.000000E+00,0.000000E+00,0.000000E+00,0.000000E+00,0.000000E+00,0.000000E+00,0.000000E+00,0.000000E+00,2.110805E+01,7.993595E+01,2.388817E+01,5.952014E+01
20:58:00,8.005812E+03,1.482616E+03,5.574284E-01,1.309364E-01,0.000000E+00,0.000000E+00,0.000000E+00,0.000000E+00,0.000000E+00,0.000000E+00,0.000000E+00,0.000000E+00,2.110805E+01,7.993595E+01,2.388817E+01,5.954199E+01
20:59:00,8.005812E+03,1.479392E+03,5.574284E-01,1.306517E-01,0.000000E+00,0.000000E+00,0.000000E+00,0.000000E+00,0.000000E+00,0.000000E+00,0.000000E+00,0.000000E+00,2.110805E+01,7.993595E+01,2.388817E+01,5.956387E+01
21:00:00,8.005812E+03,1.476175E+03,5.574284E-01,1.303676E-01,0.000000E+00,0.000000E+00,0.000000E+00,0.000000E+00,0.000000E+00,0.000000E+00,0.000000E+00,0.000000E+00,2.110805E+01,7.993595E+01,2.388817E+01,5.958578E+01
21:01:00,8.005812E+03,1.472960E+03,5.574284E-01,1.300836E-01,0.000000E+00,0.000000E+00,0.000000E+00,0.000000E+00,0.000000E+00,0.000000E+00,0.000000E+00,0.000000E+00,2.110805E+01,7.993595E+01,2.388817E+01,5.960771E+01
21:02:00,8.005812E+03,1.469745E+03,5.574284E-01,1.297997E-01,0.000000E+00,0.000000E+00,0.000000E+00,0.000000E+00,0.000000E+00,0.000000E+00,0.000000E+00,0.000000E+00,2.110805E+01,7.993595E+01,2.388817E+01,5.962967E+01
21:03:00,8.005812E+03,1.466532E+03,5.574284E-01,1.295159E-01,0.000000E+00,0.000000E+00,0.000000E+00,0.000000E+00,0.000000E+00,0.000000E+00,0.000000E+00,0.000000E+00,2.110805E+01,7.993595E+01,2.388817E+01,5.965166E+01
21:04:00,8.005812E+03,1.463321E+03,5.574284E-01,1.292323E-01,0.000000E+00,0.000000E+00,0.000000E+00,0.000000E+00,0.000000E+00,0.000000E+00,0.000000E+00,0.000000E+00,2.110805E+01,7.993595E+01,2.388817E+01,5.967368E+01
21:05:00,8.005812E+03,1.460110E+03,5.574284E-01,1.289488E-01,0.000000E+00,0.000000E+00,0.000000E+00,0.000000E+00,0.000000E+00,0.000000E+00,0.000000E+00,0.000000E+00,2.110805E+01,7.993595E+01,2.388817E+01,5.969572E+01
21:06:00,8.005812E+03,1.456902E+03,5.574284E-01,1.286654E-01,0.000000E+00,0.000000E+00,0.000000E+00,0.000000E+00,0.000000E+00,0.000000E+00,0.000000E+00,0.000000E+00,2.110805E+01,7.993595E+01,2.388817E+01,5.971779E+01
21:07:00,8.005812E+03,1.453695E+03,5.574284E-01,1.283822E-01,0.000000E+00,0.000000E+00,0.000000E+00,0.000000E+00,0.000000E+00,0.000000E+00,0.000000E+00,0.000000E+00,2.110805E+01,7.993595E+01,2.388818E+01,5.973989E+01
21:08:00,8.005812E+03,1.450490E+03,5.574284E-01,1.280991E-01,0.000000E+00,0.000000E+00,0.000000E+00,0.000000E+00,0.000000E+00,0.000000E+00,0.000000E+00,0.000000E+00,2.110805E+01,7.993595E+01,2.388818E+01,5.976202E+01
21:09:00,8.005812E+03,1.447287E+03,5.574284E-01,1.278162E-01,0.000000E+00,0.000000E+00,0.000000E+00,0.000000E+00,0.000000E+00,0.000000E+00,0.000000E+00,0.000000E+00,2.110805E+01,7.993595E+01,2.388818E+01,5.978417E+01
21:10:00,8.005812E+03,1.444085E+03,5.574284E-01,1.275335E-01,0.000000E+00,0.000000E+00,0.000000E+00,0.000000E+00,0.000000E+00,0.000000E+00,0.000000E+00,0.000000E+00,2.110805E+01,7.993595E+01,2.388818E+01,5.980636E+01
21:11:00,8.005812E+03,1.440885E+03,5.574284E-01,1.272509E-01,0.000000E+00,0.000000E+00,0.000000E+00,0.000000E+00,0.000000E+00,0.000000E+00,0.000000E+00,0.000000E+00,2.110805E+01,7.993595E+01,2.388818E+01,5.982857E+01
21:12:00,8.005812E+03,1.437688E+03,5.574284E-01,1.269685E-01,0.000000E+00,0.000000E+00,0.000000E+00,0.000000E+00,0.000000E+00,0.000000E+00,0.000000E+00,0.000000E+00,2.110805E+01,7.993595E+01,2.388818E+01,5.985080E+01
21:13:00,8.005812E+03,1.434492E+03,5.574284E-01,1.266863E-01,0.000000E+00,0.000000E+00,0.000000E+00,0.000000E+00,0.000000E+00,0.000000E+00,0.000000E+00,0.000000E+00,2.110805E+01,7.993595E+01,2.388818E+01,5.987307E+01
21:14:00,8.005812E+03,1.431299E+03,5.574284E-01,1.264042E-01,0.000000E+00,0.000000E+00,0.000000E+00,0.000000E+00,0.000000E+00,0.000000E+00,0.000000E+00,0.000000E+00,2.110805E+01,7.993595E+01,2.388818E+01,5.989536E+01
21:15:00,8.005812E+03,1.428107E+03,5.574284E-01,1.261224E-01,0.000000E+00,0.000000E+00,0.000000E+00,0.000000E+00,0.000000E+00,0.000000E+00,0.000000E+00,0.000000E+00,2.110805E+01,7.993595E+01,2.388818E+01,5.991769E+01
21:16:00,8.005812E+03,1.424918E+03,5.574284E-01,1.258407E-01,0.000000E+00,0.000000E+00,0.000000E+00,0.000000E+00,0.000000E+00,0.000000E+00,0.000000E+00,0.000000E+00,2.110805E+01,7.993595E+01,2.388818E+01,5.994004E+01
21:17:00,8.005812E+03,1.421731E+03,5.574284E-01,1.255592E-01,0.000000E+00,0.000000E+00,0.000000E+00,0.000000E+00,0.000000E+00,0.000000E+00,0.000000E+00,0.000000E+00,2.110805E+01,7.993595E+01,2.388818E+01,5.996241E+01
21:18:00,8.005812E+03,1.418546E+03,5.574284E-01,1.252780E-01,0.000000E+00,0.000000E+00,0.000000E+00,0.000000E+00,0.000000E+00,0.000000E+00,0.000000E+00,0.000000E+00,2.110805E+01,7.993595E+01,2.388818E+01,5.998482E+01
21:19:00,8.005812E+03,1.415364E+03,5.574284E-01,1.249969E-01,0.000000E+00,0.000000E+00,0.000000E+00,0.000000E+00,0.000000E+00,0.000000E+00,0.000000E+00,0.000000E+00,2.110805E+01,7.993595E+01,2.388818E+01,6.000725E+01
21:20:00,8.005812E+03,1.412184E+03,5.574284E-01,1.247160E-01,0.000000E+00,0.000000E+00,0.000000E+00,0.000000E+00,0.000000E+00,0.000000E+00,0.000000E+00,0.000000E+00,2.110805E+01,7.993595E+01,2.388819E+01,6.002971E+01
21:21:00,8.005812E+03,1.409006E+03,5.574284E-01,1.244354E-01,0.000000E+00,0.000000E+00,0.000000E+00,0.000000E+00,0.000000E+00,0.000000E+00,0.000000E+00,0.000000E+00,2.110805E+01,7.993595E+01,2.388819E+01,6.005220E+01
21:22:00,8.005812E+03,1.405831E+03,5.574284E-01,1.241550E-01,0.000000E+00,0.000000E+00,0.000000E+00,0.000000E+00,0.000000E+00,0.000000E+00,0.000000E+00,0.000000E+00,2.110805E+01,7.993595E+01,2.388819E+01,6.007472E+01
21:23:00,8.005812E+03,1.402659E+03,5.574284E-01,1.238748E-01,0.000000E+00,0.000000E+00,0.000000E+00,0.000000E+00,0.000000E+00,0.000000E+00,0.000000E+00,0.000000E+00,2.110805E+01,7.993595E+01,2.388819E+01,6.009726E+01
21:24:00,8.005812E+03,1.399489E+03,5.574284E-01,1.235949E-01,0.000000E+00,0.000000E+00,0.000000E+00,0.000000E+00,0.000000E+00,0.000000E+00,0.000000E+00,0.000000E+00,2.110805E+01,7.993595E+01,2.388819E+01,6.011983E+01
21:25:00,8.005812E+03,1.396322E+03,5.574284E-01,1.233152E-01,0.000000E+00,0.000000E+00,0.000000E+00,0.000000E+00,0.000000E+00,0.000000E+00,0.000000E+00,0.000000E+00,2.110805E+01,7.993595E+01,2.388819E+01,6.014242E+01
21:26:00,8.005812E+03,1.393157E+03,5.574284E-01,1.230357E-01,0.000000E+00,0.000000E+00,0.000000E+00,0.000000E+00,0.000000E+00,0.000000E+00,0.000000E+00,0.000000E+00,2.110805E+01,7.993595E+01,2.388819E+01,6.016505E+01
21:27:00,8.005812E+03,1.389995E+03,5.574284E-01,1.227564E-01,0.000000E+00,0.000000E+00,0.000000E+00,0.000000E+00,0.000000E+00,0.000000E+00,0.000000E+00,0.000000E+00,2.110805E+01,7.993595E+01,2.388819E+01,6.018770E+01
21:28:00,8.005812E+03,1.386837E+03,5.574284E-01,1.224775E-01,0.000000E+00,0.000000E+00,0.000000E+00,0.000000E+00,0.000000E+00,0.000000E+00,0.000000E+00,0.000000E+00,2.110805E+01,7.993595E+01,2.388819E+01,6.021038E+01
21:29:00,8.005812E+03,1.383680E+03,5.574284E-01,1.221987E-01,0.000000E+00,0.000000E+00,0.000000E+00,0.000000E+00,0.000000E+00,0.000000E+00,0.000000E+00,0.000000E+00,2.110805E+01,7.993595E+01,2.388819E+01,6.023308E+01
21:30:00,8.005812E+03,1.380527E+03,5.574284E-01,1.219202E-01,0.000000E+00,0.000000E+00,0.000000E+00,0.000000E+00,0.000000E+00,0.000000E+00,0.000000E+00,0.000000E+00,2.110805E+01,7.993595E+01,2.388819E+01,6.025581E+01
21:31:00,8.005812E+03,1.377377E+03,5.574284E-01,1.216420E-01,0.000000E+00,0.000000E+00,0.000000E+00,0.000000E+00,0.000000E+00,0.000000E+00,0.000000E+00,0.000000E+00,2.110805E+01,7.993595E+01,2.388819E+01,6.027857E+01
21:32:00,8.005812E+03,1.374229E+03,5.574284E-01,1.213640E-01,0.000000E+00,0.000000E+00,0.000000E+00,0.000000E+00,0.000000E+00,0.000000E+00,0.000000E+00,0.000000E+00,2.110805E+01,7.993595E+01,2.388820E+01,6.030135E+01
21:33:00,8.005812E+03,1.371085E+03,5.574284E-01,1.210863E-01,0.000000E+00,0.000000E+00,0.000000E+00,0.000000E+00,0.000000E+00,0.000000E+00,0.000000E+00,0.000000E+00,2.110805E+01,7.993595E+01,2.388820E+01,6.032417E+01
21:34:00,8.005812E+03,1.367944E+03,5.574284E-01,1.208089E-01,0.000000E+00,0.000000E+00,0.000000E+00,0.000000E+00,0.000000E+00,0.000000E+00,0.000000E+00,0.000000E+00,2.110805E+01,7.993595E+01,2.388820E+01,6.034700E+01
21:35:00,8.005812E+03,1.364806E+03,5.574284E-01,1.205318E-01,0.000000E+00,0.000000E+00,0.000000E+00,0.000000E+00,0.000000E+00,0.000000E+00,0.000000E+00,0.000000E+00,2.110805E+01,7.993595E+01,2.388820E+01,6.036987E+01
21:36:00,8.005812E+03,1.361670E+03,5.574284E-01,1.202549E-01,0.000000E+00,0.000000E+00,0.000000E+00,0.000000E+00,0.000000E+00,0.000000E+00,0.000000E+00,0.000000E+00,2.110805E+01,7.993595E+01,2.388820E+01,6.039276E+01
21:37:00,8.005812E+03,1.358538E+03,5.574284E-01,1.199783E-01,0.000000E+00,0.000000E+00,0.000000E+00,0.000000E+00,0.000000E+00,0.000000E+00,0.000000E+00,0.000000E+00,2.110805E+01,7.993595E+01,2.388820E+01,6.041568E+01
21:38:00,8.005812E+03,1.355410E+03,5.574284E-01,1.197019E-01,0.000000E+00,0.000000E+00,0.000000E+00,0.000000E+00,0.000000E+00,0.000000E+00,0.000000E+00,0.000000E+00,2.110805E+01,7.993595E+01,2.388820E+01,6.043862E+01
21:39:00,8.005812E+03,1.352284E+03,5.574284E-01,1.194259E-01,0.000000E+00,0.000000E+00,0.000000E+00,0.000000E+00,0.000000E+00,0.000000E+00,0.000000E+00,0.000000E+00,2.110805E+01,7.993595E+01,2.388820E+01,6.046159E+01
21:40:00,8.005812E+03,1.349162E+03,5.574284E-01,1.191501E-01,0.000000E+00,0.000000E+00,0.000000E+00,0.000000E+00,0.000000E+00,0.000000E+00,0.000000E+00,0.000000E+00,2.110805E+01,7.993595E+01,2.388820E+01,6.048458E+01
21:41:00,8.005812E+03,1.346043E+03,5.574284E-01,1.188747E-01,0.000000E+00,0.000000E+00,0.000000E+00,0.000000E+00,0.000000E+00,0.000000E+00,0.000000E+00,0.000000E+00,2.110805E+01,7.993595E+01,2.388820E+01,6.050760E+01
21:42:00,8.005812E+03,1.342927E+03,5.574284E-01,1.185995E-01,0.000000E+00,0.000000E+00,0.000000E+00,0.000000E+00,0.000000E+00,0.000000E+00,0.000000E+00,0.000000E+00,2.110805E+01,7.993595E+01,2.388820E+01,6.053065E+01
21:43:00,8.005812E+03,1.339815E+03,5.574284E-01,1.183246E-01,0.000000E+00,0.000000E+00,0.000000E+00,0.000000E+00,0.000000E+00,0.000000E+00,0.000000E+00,0.000000E+00,2.110805E+01,7.993595E+01,2.388820E+01,6.055373E+01
21:44:00,8.005812E+03,1.336706E+03,5.574284E-01,1.180501E-01,0.000000E+00,0.000000E+00,0.000000E+00,0.000000E+00,0.000000E+00,0.000000E+00,0.000000E+00,0.000000E+00,2.110805E+01,7.993595E+01,2.388821E+01,6.057682E+01
21:45:00,8.005812E+03,1.333600E+03,5.574284E-01,1.177758E-01,0.000000E+00,0.000000E+00,0.000000E+00,0.000000E+00,0.000000E+00,0.000000E+00,0.000000E+00,0.000000E+00,2.110805E+01,7.993595E+01,2.388821E+01,6.059995E+01
21:46:00,8.005812E+03,1.330498E+03,5.574284E-01,1.175018E-01,0.000000E+00,0.000000E+00,0.000000E+00,0.000000E+00,0.000000E+00,0.000000E+00,0.000000E+00,0.000000E+00,2.110805E+01,7.993595E+01,2.388821E+01,6.062310E+01
21:47:00,8.005812E+03,1.327400E+03,5.574284E-01,1.172282E-01,0.000000E+00,0.000000E+00,0.000000E+00,0.000000E+00,0.000000E+00,0.000000E+00,0.000000E+00,0.000000E+00,2.110805E+01,7.993595E+01,2.388821E+01,6.064627E+01
21:48:00,8.005812E+03,1.324304E+03,5.574284E-01,1.169548E-01,0.000000E+00,0.000000E+00,0.000000E+00,0.000000E+00,0.000000E+00,0.000000E+00,0.000000E+00,0.000000E+00,2.110805E+01,7.993595E+01,2.388821E+01,6.066947E+01
21:49:00,8.005812E+03,1.321213E+03,5.574284E-01,1.166818E-01,0.000000E+00,0.000000E+00,0.000000E+00,0.000000E+00,0.000000E+00,0.000000E+00,0.000000E+00,0.000000E+00,2.110805E+01,7.993595E+01,2.388821E+01,6.069269E+01
21:50:00,8.005812E+03,1.318125E+03,5.574284E-01,1.164090E-01,0.000000E+00,0.000000E+00,0.000000E+00,0.000000E+00,0.000000E+00,0.000000E+00,0.000000E+00,0.000000E+00,2.110805E+01,7.993595E+01,2.388821E+01,6.071594E+01
21:51:00,8.005812E+03,1.315040E+03,5.574284E-01,1.161366E-01,0.000000E+00,0.000000E+00,0.000000E+00,0.000000E+00,0.000000E+00,0.000000E+00,0.000000E+00,0.000000E+00,2.110805E+01,7.993595E+01,2.388821E+01,6.073922E+01
21:52:00,8.005812E+03,1.311959E+03,5.574284E-01,1.158645E-01,0.000000E+00,0.000000E+00,0.000000E+00,0.000000E+00,0.000000E+00,0.000000E+00,0.000000E+00,0.000000E+00,2.110805E+01,7.993595E+01,2.388821E+01,6.076252E+01
21:53:00,8.005812E+03,1.308882E+03,5.574284E-01,1.155927E-01,0.000000E+00,0.000000E+00,0.000000E+00,0.000000E+00,0.000000E+00,0.000000E+00,0.000000E+00,0.000000E+00,2.110805E+01,7.993595E+01,2.388821E+01,6.078584E+01
21:54:00,8.005812E+03,1.305808E+03,5.574284E-01,1.153213E-01,0.000000E+00,0.000000E+00,0.000000E+00,0.000000E+00,0.000000E+00,0.000000E+00,0.000000E+00,0.000000E+00,2.110805E+01,7.993595E+01,2.388821E+01,6.080919E+01
21:55:00,8.005812E+03,1.302738E+03,5.574284E-01,1.150502E-01,0.000000E+00,0.000000E+00,0.000000E+00,0.000000E+00,0.000000E+00,0.000000E+00,0.000000E+00,0.000000E+00,2.110805E+01,7.993595E+01,2.388821E+01,6.083256E+01
21:56:00,8.005812E+03,1.299672E+03,5.574284E-01,1.147793E-01,0.000000E+00,0.000000E+00,0.000000E+00,0.000000E+00,0.000000E+00,0.000000E+00,0.000000E+00,0.000000E+00,2.110805E+01,7.993595E+01,2.388822E+01,6.085596E+01
21:57:00,8.005812E+03,1.296609E+03,5.574284E-01,1.145089E-01,0.000000E+00,0.000000E+00,0.000000E+00,0.000000E+00,0.000000E+00,0.000000E+00,0.000000E+00,0.000000E+00,2.110805E+01,7.993595E+01,2.388822E+01,6.087939E+01
21:58:00,8.005812E+03,1.293550E+03,5.574284E-01,1.142387E-01,0.000000E+00,0.000000E+00,0.000000E+00,0.000000E+00,0.000000E+00,0.000000E+00,0.000000E+00,0.000000E+00,2.110805E+01,7.993595E+01,2.388822E+01,6.090283E+01
21:59:00,8.005812E+03,1.290495E+03,5.574284E-01,1.139689E-01,0.000000E+00,0.000000E+00,0.000000E+00,0.000000E+00,0.000000E+00,0.000000E+00,0.000000E+00,0.000000E+00,2.110805E+01,7.993595E+01,2.388822E+01,6.092630E+01
22:00:00,8.005812E+03,1.287444E+03,5.574284E-01,1.136994E-01,0.000000E+00,0.000000E+00,0.000000E+00,0.000000E+00,0.000000E+00,0.000000E+00,0.000000E+00,0.000000E+00,2.110805E+01,7.993595E+01,2.388822E+01,6.094980E+01
22:01:00,8.005812E+03,1.284402E+03,5.574284E-01,1.134307E-01,0.000000E+00,0.000000E+00,0.000000E+00,0.000000E+00,0.000000E+00,0.000000E+00,0.000000E+00,0.000000E+00,2.110805E+01,7.993595E+01,2.388822E+01,6.097332E+01
22:02:00,8.005812E+03,1.281369E+03,5.574284E-01,1.131629E-01,0.000000E+00,0.000000E+00,0.000000E+00,0.000000E+00,0.000000E+00,0.000000E+00,0.000000E+00,0.000000E+00,2.110805E+01,7.993595E+01,2.388822E+01,6.099681E+01
22:03:00,8.005812E+03,1.278346E+03,5.574284E-01,1.128959E-01,0.000000E+00,0.000000E+00,0.000000E+00,0.000000E+00,0.000000E+00,0.000000E+00,0.000000E+00,0.000000E+00,2.110805E+01,7.993595E+01,2.388822E+01,6.102025E+01
22:04:00,8.005812E+03,1.275332E+03,5.574284E-01,1.126297E-01,0.000000E+00,0.000000E+00,0.000000E+00,0.000000E+00,0.000000E+00,0.000000E+00,0.000000E+00,0.000000E+00,2.110805E+01,7.993595E+01,2.388822E+01,6.104362E+01
22:05:00,8.005812E+03,1.272328E+03,5.574284E-01,1.123644E-01,0.000000E+00,0.000000E+00,0.000000E+00,0.000000E+00,0.000000E+00,0.000000E+00,0.000000E+00,0.000000E+00,2.110805E+01,7.993595E+01,2.388822E+01,6.106692E+01
22:06:00,8.005812E+03,1.269333E+03,5.574284E-01,1.120999E-01,0.000000E+00,0.000000E+00,0.000000E+00,0.000000E+00,0.000000E+00,0.000000E+00,0.000000E+00,0.000000E+00,2.110805E+01,7.993595E+01,2.388822E+01,6.109016E+01
22:07:00,8.005812E+03,1.266348E+03,5.574284E-01,1.118363E-01,0.000000E+00,0.000000E+00,0.000000E+00,0.000000E+00,0.000000E+00,0.000000E+00,0.000000E+00,0.000000E+00,2.110805E+01,7.993595E+01,2.388822E+01,6.111334E+01
22:08:00,8.005812E+03,1.263372E+03,5.574284E-01,1.115735E-01,0.000000E+00,0.000000E+00,0.000000E+00,0.000000E+00,0.000000E+00,0.000000E+00,0.000000E+00,0.000000E+00,2.110805E+01,7.993595E+01,2.388822E+01,6.113647E+01
22:09:00,8.005812E+03,1.260406E+03,5.574284E-01,1.113115E-01,0.000000E+00,0.000000E+00,0.000000E+00,0.000000E+00,0.000000E+00,0.000000E+00,0.000000E+00,0.000000E+00,2.110805E+01,7.993595E+01,2.388822E+01,6.115954E+01
22:10:00,8.005812E+03,1.257449E+03,5.574284E-01,1.110504E-01,0.000000E+00,0.000000E+00,0.000000E+00,0.000000E+00,0.000000E+00,0.000000E+00,0.000000E+00,0.000000E+00,2.110805E+01,7.993595E+01,2.388823E+01,6.118257E+01
22:11:00,8.005812E+03,1.254502E+03,5.574284E-01,1.107901E-01,0.000000E+00,0.000000E+00,0.000000E+00,0.000000E+00,0.000000E+00,0.000000E+00,0.000000E+00,0.000000E+00,2.110805E+01,7.993595E+01,2.388823E+01,6.120554E+01
22:12:00,8.005812E+03,1.251565E+03,5.574284E-01,1.105307E-01,0.000000E+00,0.000000E+00,0.000000E+00,0.000000E+00,0.000000E+00,0.000000E+00,0.000000E+00,0.000000E+00,2.110805E+01,7.993595E+01,2.388823E+01,6.122847E+01
22:13:00,8.005812E+03,1.248637E+03,5.574284E-01,1.102721E-01,0.000000E+00,0.000000E+00,0.000000E+00,0.000000E+00,0.000000E+00,0.000000E+00,0.000000E+00,0.000000E+00,2.110805E+01,7.993595E+01,2.388823E+01,6.125135E+01
22:14:00,8.005812E+03,1.245718E+03,5.574284E-01,1.100143E-01,0.000000E+00,0.000000E+00,0.000000E+00,0.000000E+00,0.000000E+00,0.000000E+00,0.000000E+00,0.000000E+00,2.110805E+01,7.993595E+01,2.388823E+01,6.127419E+01
22:15:00,8.005812E+03,1.242809E+03,5.574284E-01,1.097574E-01,0.000000E+00,0.000000E+00,0.000000E+00,0.000000E+00,0.000000E+00,0.000000E+00,0.000000E+00,0.000000E+00,2.110805E+01,7.993595E+01,2.388823E+01,6.129699E+01
22:16:00,8.005812E+03,1.239910E+03,5.574284E-01,1.095014E-01,0.000000E+00,0.000000E+00,0.000000E+00,0.000000E+00,0.000000E+00,0.000000E+00,0.000000E+00,0.000000E+00,2.110805E+01,7.993595E+01,2.388823E+01,6.131975E+01
22:17:00,8.005812E+03,1.237021E+03,5.574284E-01,1.092462E-01,0.000000E+00,0.000000E+00,0.000000E+00,0.000000E+00,0.000000E+00,0.000000E+00,0.000000E+00,0.000000E+00,2.110805E+01,7.993595E+01,2.388823E+01,6.134247E+01
22:18:00,8.005812E+03,1.234141E+03,5.574284E-01,1.089918E-01,0.000000E+00,0.000000E+00,0.000000E+00,0.000000E+00,0.000000E+00,0.000000E+00,0.000000E+00,0.000000E+00,2.110805E+01,7.993595E+01,2.388823E+01,6.136516E+01
22:19:00,8.005812E+03,1.231270E+03,5.574284E-01,1.087383E-01,0.000000E+00,0.000000E+00,0.000000E+00,0.000000E+00,0.000000E+00,0.000000E+00,0.000000E+00,0.000000E+00,2.110805E+01,7.993595E+01,2.388823E+01,6.138781E+01
22:20:00,8.005812E+03,1.228410E+03,5.574284E-01,1.084857E-01,0.000000E+00,0.000000E+00,0.000000E+00,0.000000E+00,0.000000E+00,0.000000E+00,0.000000E+00,0.000000E+00,2.110805E+01,7.993595E+01,2.388823E+01,6.141043E+01
22:21:00,8.005812E+03,1.225558E+03,5.574284E-01,1.082339E-01,0.000000E+00,0.000000E+00,0.000000E+00,0.000000E+00,0.000000E+00,0.000000E+00,0.000000E+00,0.000000E+00,2.110805E+01,7.993595E+01,2.388823E+01,6.143301E+01
22:22:00,8.005812E+03,1.222717E+03,5.574284E-01,1.079830E-01,0.000000E+00,0.000000E+00,0.000000E+00,0.000000E+00,0.000000E+00,0.000000E+00,0.000000E+00,0.000000E+00,2.110805E+01,7.993595E+01,2.388823E+01,6.145557E+01
22:23:00,8.005812E+03,1.219885E+03,5.574284E-01,1.077329E-01,0.000000E+00,0.000000E+00,0.000000E+00,0.000000E+00,0.000000E+00,0.000000E+00,0.000000E+00,0.000000E+00,2.110805E+01,7.993595E+01,2.388823E+01,6.147809E+01
22:24:00,8.005812E+03,1.217063E+03,5.574284E-01,1.074836E-01,0.000000E+00,0.000000E+00,0.000000E+00,0.000000E+00,0.000000E+00,0.000000E+00,0.000000E+00,0.000000E+00,2.110805E+01,7.993595E+01,2.388823E+01,6.150059E+01
22:25:00,8.005812E+03,1.214251E+03,5.574284E-01,1.072352E-01,0.000000E+00,0.000000E+00,0.000000E+00,0.000000E+00,0.000000E+00,0.000000E+00,0.000000E+00,0.000000E+00,2.110805E+01,7.993595E+01,2.388824E+01,6.152306E+01
22:26:00,8.005812E+03,1.211448E+03,5.574284E-01,1.069877E-01,0.000000E+00,0.000000E+00,0.000000E+00,0.000000E+00,0.000000E+00,0.000000E+00,0.000000E+00,0.000000E+00,2.110805E+01,7.993595E+01,2.388824E+01,6.154551E+01
22:27:00,8.005812E+03,1.208655E+03,5.574284E-01,1.067410E-01,0.000000E+00,0.000000E+00,0.000000E+00,0.000000E+00,0.000000E+00,0.000000E+00,0.000000E+00,0.000000E+00,2.110805E+01,7.993595E+01,2.388824E+01,6.156793E+01
22:28:00,8.005812E+03,1.205871E+03,5.574284E-01,1.064952E-01,0.000000E+00,0.000000E+00,0.000000E+00,0.000000E+00,0.000000E+00,0.000000E+00,0.000000E+00,0.000000E+00,2.110805E+01,7.993595E+01,2.388824E+01,6.159034E+01
22:29:00,8.005812E+03,1.203098E+03,5.574284E-01,1.062502E-01,0.000000E+00,0.000000E+00,0.000000E+00,0.000000E+00,0.000000E+00,0.000000E+00,0.000000E+00,0.000000E+00,2.110805E+01,7.993595E+01,2.388824E+01,6.161271E+01
22:30:00,8.005812E+03,1.200334E+03,5.574284E-01,1.060061E-01,0.000000E+00,0.000000E+00,0.000000E+00,0.000000E+00,0.000000E+00,0.000000E+00,0.000000E+00,0.000000E+00,2.110805E+01,7.993595E+01,2.388824E+01,6.163507E+01
22:31:00,8.005812E+03,1.197579E+03,5.574284E-01,1.057629E-01,0.000000E+00,0.000000E+00,0.000000E+00,0.000000E+00,0.000000E+00,0.000000E+00,0.000000E+00,0.000000E+00,2.110805E+01,7.993595E+01,2.388824E+01,6.165741E+01
22:32:00,8.005812E+03,1.194835E+03,5.574284E-01,1.055205E-01,0.000000E+00,0.000000E+00,0.000000E+00,0.000000E+00,0.000000E+00,0.000000E+00,0.000000E+00,0.000000E+00,2.110805E+01,7.993595E+01,2.388824E+01,6.167973E+01
22:33:00,8.005812E+03,1.192100E+03,5.574284E-01,1.052789E-01,0.000000E+00,0.000000E+00,0.000000E+00,0.000000E+00,0.000000E+00,0.000000E+00,0.000000E+00,0.000000E+00,2.110805E+01,7.993595E+01,2.388824E+01,6.170203E+01
22:34:00,8.005812E+03,1.189374E+03,5.574284E-01,1.050382E-01,0.000000E+00,0.000000E+00,0.000000E+00,0.000000E+00,0.000000E+00,0.000000E+00,0.000000E+00,0.000000E+00,2.110805E+01,7.993595E+01,2.388824E+01,6.172432E+01
22:35:00,8.005812E+03,1.186659E+03,5.574284E-01,1.047984E-01,0.000000E+00,0.000000E+00,0.000000E+00,0.000000E+00,0.000000E+00,0.000000E+00,0.000000E+00,0.000000E+00,2.110805E+01,7.993595E+01,2.388824E+01,6.174658E+01
22:36:00,8.005812E+03,1.183953E+03,5.574284E-01,1.045594E-01,0.000000E+00,0.000000E+00,0.000000E+00,0.000000E+00,0.000000E+00,0.000000E+00,0.000000E+00,0.000000E+00,2.110805E+01,7.993595E+01,2.388824E+01,6.176884E+01
22:37:00,8.005812E+03,1.181256E+03,5.574284E-01,1.043213E-01,0.000000E+00,0.000000E+00,0.000000E+00,0.000000E+00,0.000000E+00,0.000000E+00,0.000000E+00,0.000000E+00,2.110805E+01,7.993595E+01,2.388824E+01,6.179108E+01
22:38:00,8.005812E+03,1.178570E+03,5.574284E-01,1.040840E-01,0.000000E+00,0.000000E+00,0.000000E+00,0.000000E+00,0.000000E+00,0.000000E+00,0.000000E+00,0.000000E+00,2.110805E+01,7.993595E+01,2.388824E+01,6.181330E+01
22:39:00,8.005812E+03,1.175893E+03,5.574284E-01,1.038476E-01,0.000000E+00,0.000000E+00,0.000000E+00,0.000000E+00,0.000000E+00,0.000000E+00,0.000000E+00,0.000000E+00,2.110805E+01,7.993595E+01,2.388825E+01,6.183551E+01
22:40:00,8.005812E+03,1.173226E+03,5.574284E-01,1.036121E-01,0.000000E+00,0.000000E+00,0.000000E+00,0.000000E+00,0.000000E+00,0.000000E+00,0.000000E+00,0.000000E+00,2.110805E+01,7.993595E+01,2.388825E+01,6.185771E+01
22:41:00,8.005812E+03,1.170568E+03,5.574284E-01,1.033774E-01,0.000000E+00,0.000000E+00,0.000000E+00,0.000000E+00,0.000000E+00,0.000000E+00,0.000000E+00,0.000000E+00,2.110805E+01,7.993595E+01,2.388825E+01,6.187990E+01
22:42:00,8.005812E+03,1.167921E+03,5.574284E-01,1.031435E-01,0.000000E+00,0.000000E+00,0.000000E+00,0.000000E+00,0.000000E+00,0.000000E+00,0.000000E+00,0.000000E+00,2.110805E+01,7.993595E+01,2.388825E+01,6.190208E+01
22:43:00,8.005812E+03,1.165282E+03,5.574284E-01,1.029105E-01,0.000000E+00,0.000000E+00,0.000000E+00,0.000000E+00,0.000000E+00,0.000000E+00,0.000000E+00,0.000000E+00,2.110805E+01,7.993595E+01,2.388825E+01,6.192425E+01
22:44:00,8.005812E+03,1.162654E+03,5.574284E-01,1.026784E-01,0.000000E+00,0.000000E+00,0.000000E+00,0.000000E+00,0.000000E+00,0.000000E+00,0.000000E+00,0.000000E+00,2.110805E+01,7.993595E+01,2.388825E+01,6.194641E+01
22:45:00,8.005812E+03,1.160035E+03,5.574284E-01,1.024471E-01,0.000000E+00,0.000000E+00,0.000000E+00,0.000000E+00,0.000000E+00,0.000000E+00,0.000000E+00,0.000000E+00,2.110805E+01,7.993595E+01,2.388825E+01,6.196856E+01
22:46:00,8.005812E+03,1.157426E+03,5.574284E-01,1.022167E-01,0.000000E+00,0.000000E+00,0.000000E+00,0.000000E+00,0.000000E+00,0.000000E+00,0.000000E+00,0.000000E+00,2.110805E+01,7.993595E+01,2.388825E+01,6.199070E+01
22:47:00,8.005812E+03,1.154827E+03,5.574284E-01,1.019871E-01,0.000000E+00,0.000000E+00,0.000000E+00,0.000000E+00,0.000000E+00,0.000000E+00,0.000000E+00,0.000000E+00,2.110805E+01,7.993595E+01,2.388825E+01,6.201283E+01
22:48:00,8.005812E+03,1.152237E+03,5.574284E-01,1.017584E-01,0.000000E+00,0.000000E+00,0.000000E+00,0.000000E+00,0.000000E+00,0.000000E+00,0.000000E+00,0.000000E+00,2.110805E+01,7.993595E+01,2.388825E+01,6.203496E+01
22:49:00,8.005812E+03,1.149657E+03,5.574284E-01,1.015306E-01,0.000000E+00,0.000000E+00,0.000000E+00,0.000000E+00,0.000000E+00,0.000000E+00,0.000000E+00,0.000000E+00,2.110805E+01,7.993595E+01,2.388825E+01,6.205707E+01
22:50:00,8.005812E+03,1.147087E+03,5.574284E-01,1.013036E-01,0.000000E+00,0.000000E+00,0.000000E+00,0.000000E+00,0.000000E+00,0.000000E+00,0.000000E+00,0.000000E+00,2.110805E+01,7.993595E+01,2.388825E+01,6.207919E+01
22:51:00,8.005812E+03,1.144526E+03,5.574284E-01,1.010774E-01,0.000000E+00,0.000000E+00,0.000000E+00,0.000000E+00,0.000000E+00,0.000000E+00,0.000000E+00,0.000000E+00,2.110805E+01,7.993595E+01,2.388825E+01,6.210129E+01
22:52:00,8.005812E+03,1.141975E+03,5.574284E-01,1.008521E-01,0.000000E+00,0.000000E+00,0.000000E+00,0.000000E+00,0.000000E+00,0.000000E+00,0.000000E+00,0.000000E+00,2.110805E+01,7.993595E+01,2.388826E+01,6.212340E+01
22:53:00,8.005812E+03,1.139434E+03,5.574284E-01,1.006277E-01,0.000000E+00,0.000000E+00,0.000000E+00,0.000000E+00,0.000000E+00,0.000000E+00,0.000000E+00,0.000000E+00,2.110805E+01,7.993595E+01,2.388826E+01,6.214550E+01
22:54:00,8.005812E+03,1.136902E+03,5.574284E-01,1.004041E-01,0.000000E+00,0.000000E+00,0.000000E+00,0.000000E+00,0.000000E+00,0.000000E+00,0.000000E+00,0.000000E+00,2.110805E+01,7.993595E+01,2.388826E+01,6.216759E+01
22:55:00,8.005812E+03,1.134380E+03,5.574284E-01,1.001813E-01,0.000000E+00,0.000000E+00,0.000000E+00,0.000000E+00,0.000000E+00,0.000000E+00,0.000000E+00,0.000000E+00,2.110805E+01,7.993595E+01,2.388826E+01,6.218968E+01
22:56:00,8.005812E+03,1.131868E+03,5.574284E-01,9.995945E-02,0.000000E+00,0.000000E+00,0.000000E+00,0.000000E+00,0.000000E+00,0.000000E+00,0.000000E+00,0.000000E+00,2.110805E+01,7.993595E+01,2.388826E+01,6.221176E+01
22:57:00,8.005812E+03,1.129365E+03,5.574284E-01,9.973841E-02,0.000000E+00,0.000000E+00,0.000000E+00,0.000000E+00,0.000000E+00,0.000000E+00,0.000000E+00,0.000000E+00,2.110805E+01,7.993595E+01,2.388826E+01,6.223385E+01
22:58:00,8.005812E+03,1.126872E+03,5.574284E-01,9.951823E-02,0.000000E+00,0.000000E+00,0.000000E+00,0.000000E+00,0.000000E+00,0.000000E+00,0.000000E+00,0.000000E+00,2.110805E+01,7.993595E+01,2.388826E+01,6.225593E+01
22:59:00,8.005812E+03,1.124388E+03,5.574284E-01,9.929890E-02,0.000000E+00,0.000000E+00,0.000000E+00,0.000000E+00,0.000000E+00,0.000000E+00,0.000000E+00,0.000000E+00,2.110805E+01,7.993595E+01,2.388826E+01,6.227801E+01
23:00:00,8.005812E+03,1.121914E+03,5.574284E-01,9.908041E-02,0.000000E+00,0.000000E+00,0.000000E+00,0.000000E+00,0.000000E+00,0.000000E+00,0.000000E+00,0.000000E+00,2.110805E+01,7.993595E+01,2.388826E+01,6.230008E+01
23:01:00,8.005812E+03,1.119444E+03,5.574284E-01,9.886228E-02,0.000000E+00,0.000000E+00,0.000000E+00,0.000000E+00,0.000000E+00,0.000000E+00,0.000000E+00,0.000000E+00,2.110805E+01,7.993595E+01,2.388826E+01,6.232216E+01
23:02:00,8.005812E+03,1.116978E+03,5.574284E-01,9.864449E-02,0.000000E+00,0.000000E+00,0.000000E+00,0.000000E+00,0.000000E+00,0.000000E+00,0.000000E+00,0.000000E+00,2.110805E+01,7.993595E+01,2.388826E+01,6.234424E+01
23:03:00,8.005812E+03,1.114516E+03,5.574284E-01,9.842706E-02,0.000000E+00,0.000000E+00,0.000000E+00,0.000000E+00,0.000000E+00,0.000000E+00,0.000000E+00,0.000000E+00,2.110805E+01,7.993595E+01,2.388826E+01,6.236631E+01
23:04:00,8.005812E+03,1.112058E+03,5.574284E-01,9.820997E-02,0.000000E+00,0.000000E+00,0.000000E+00,0.000000E+00,0.000000E+00,0.000000E+00,0.000000E+00,0.000000E+00,2.110805E+01,7.993595E+01,2.388826E+01,6.238838E+01
23:05:00,8.005812E+03,1.109604E+03,5.574284E-01,9.799324E-02,0.000000E+00,0.000000E+00,0.000000E+00,0.000000E+00,0.000000E+00,0.000000E+00,0.000000E+00,0.000000E+00,2.110805E+01,7.993595E+01,2.388826E+01,6.241045E+01
23:06:00,8.005812E+03,1.107154E+03,5.574284E-01,9.777685E-02,0.000000E+00,0.000000E+00,0.000000E+00,0.000000E+00,0.000000E+00,0.000000E+00,0.000000E+00,0.000000E+00,2.110805E+01,7.993595E+01,2.388827E+01,6.243253E+01
23:07:00,8.005812E+03,1.104708E+03,5.574284E-01,9.756081E-02,0.000000E+00,0.000000E+00,0.000000E+00,0.000000E+00,0.000000E+00,0.000000E+00,0.000000E+00,0.000000E+00,2.110805E+01,7.993595E+01,2.388827E+01,6.245460E+01
23:08:00,8.005812E+03,1.102266E+03,5.574284E-01,9.734512E-02,0.000000E+00,0.000000E+00,0.000000E+00,0.000000E+00,0.000000E+00,0.000000E+00,0.000000E+00,0.000000E+00,2.110805E+01,7.993595E+01,2.388827E+01,6.247667E+01
23:09:00,8.005812E+03,1.099827E+03,5.574284E-01,9.712978E-02,0.000000E+00,0.000000E+00,0.000000E+00,0.000000E+00,0.000000E+00,0.000000E+00,0.000000E+00,0.000000E+00,2.110805E+01,7.993595E+01,2.388827E+01,6.249875E+01
23:10:00,8.005812E+03,1.097393E+03,5.574284E-01,9.691478E-02,0.000000E+00,0.000000E+00,0.000000E+00,0.000000E+00,0.000000E+00,0.000000E+00,0.000000E+00,0.000000E+00,2.110805E+01,7.993595E+01,2.388827E+01,6.252082E+01
23:11:00,8.005812E+03,1.094962E+03,5.574284E-01,9.670013E-02,0.000000E+00,0.000000E+00,0.000000E+00,0.000000E+00,0.000000E+00,0.000000E+00,0.000000E+00,0.000000E+00,2.110805E+01,7.993595E+01,2.388827E+01,6.254290E+01
23:12:00,8.005812E+03,1.092536E+03,5.574284E-01,9.648582E-02,0.000000E+00,0.000000E+00,0.000000E+00,0.000000E+00,0.000000E+00,0.000000E+00,0.000000E+00,0.000000E+00,2.110805E+01,7.993595E+01,2.388827E+01,6.256498E+01
23:13:00,8.005812E+03,1.090113E+03,5.574284E-01,9.627185E-02,0.000000E+00,0.000000E+00,0.000000E+00,0.000000E+00,0.000000E+00,0.000000E+00,0.000000E+00,0.000000E+00,2.110805E+01,7.993595E+01,2.388827E+01,6.258706E+01
23:14:00,8.005812E+03,1.087694E+03,5.574284E-01,9.605823E-02,0.000000E+00,0.000000E+00,0.000000E+00,0.000000E+00,0.000000E+00,0.000000E+00,0.000000E+00,0.000000E+00,2.110805E+01,7.993595E+01,2.388827E+01,6.260914E+01
23:15:00,8.005812E+03,1.085279E+03,5.574284E-01,9.584495E-02,0.000000E+00,0.000000E+00,0.000000E+00,0.000000E+00,0.000000E+00,0.000000E+00,0.000000E+00,0.000000E+00,2.110805E+01,7.993595E+01,2.388827E+01,6.263123E+01
23:16:00,8.005812E+03,1.082868E+03,5.574284E-01,9.563200E-02,0.000000E+00,0.000000E+00,0.000000E+00,0.000000E+00,0.000000E+00,0.000000E+00,0.000000E+00,0.000000E+00,2.110805E+01,7.993595E+01,2.388827E+01,6.265332E+01
23:17:00,8.005812E+03,1.080461E+03,5.574284E-01,9.541940E-02,0.000000E+00,0.000000E+00,0.000000E+00,0.000000E+00,0.000000E+00,0.000000E+00,0.000000E+00,0.000000E+00,2.110805E+01,7.993595E+01,2.388827E+01,6.267541E+01
23:18:00,8.005812E+03,1.078057E+03,5.574284E-01,9.520714E-02,0.000000E+00,0.000000E+00,0.000000E+00,0.000000E+00,0.000000E+00,0.000000E+00,0.000000E+00,0.000000E+00,2.110805E+01,7.993595E+01,2.388827E+01,6.269751E+01
23:19:00,8.005812E+03,1.075658E+03,5.574284E-01,9.499522E-02,0.000000E+00,0.000000E+00,0.000000E+00,0.000000E+00,0.000000E+00,0.000000E+00,0.000000E+00,0.000000E+00,2.110805E+01,7.993595E+01,2.388828E+01,6.271960E+01
23:20:00,8.005812E+03,1.073262E+03,5.574284E-01,9.478363E-02,0.000000E+00,0.000000E+00,0.000000E+00,0.000000E+00,0.000000E+00,0.000000E+00,0.000000E+00,0.000000E+00,2.110805E+01,7.993595E+01,2.388828E+01,6.274171E+01
23:21:00,8.005812E+03,1.070870E+03,5.574284E-01,9.457239E-02,0.000000E+00,0.000000E+00,0.000000E+00,0.000000E+00,0.000000E+00,0.000000E+00,0.000000E+00,0.000000E+00,2.110805E+01,7.993595E+01,2.388828E+01,6.276381E+01
23:22:00,8.005812E+03,1.068482E+03,5.574284E-01,9.436147E-02,0.000000E+00,0.000000E+00,0.000000E+00,0.000000E+00,0.000000E+00,0.000000E+00,0.000000E+00,0.000000E+00,2.110805E+01,7.993595E+01,2.388828E+01,6.278592E+01
23:23:00,8.005812E+03,1.066098E+03,5.574284E-01,9.415090E-02,0.000000E+00,0.000000E+00,0.000000E+00,0.000000E+00,0.000000E+00,0.000000E+00,0.000000E+00,0.000000E+00,2.110805E+01,7.993595E+01,2.388828E+01,6.280803E+01
23:24:00,8.005812E+03,1.063717E+03,5.574284E-01,9.394065E-02,0.000000E+00,0.000000E+00,0.000000E+00,0.000000E+00,0.000000E+00,0.000000E+00,0.000000E+00,0.000000E+00,2.110805E+01,7.993595E+01,2.388828E+01,6.283015E+01
23:25:00,8.005812E+03,1.061340E+03,5.574284E-01,9.373075E-02,0.000000E+00,0.000000E+00,0.000000E+00,0.000000E+00,0.000000E+00,0.000000E+00,0.000000E+00,0.000000E+00,2.110805E+01,7.993595E+01,2.388828E+01,6.285227E+01
23:26:00,8.005812E+03,1.058967E+03,5.574284E-01,9.352117E-02,0.000000E+00,0.000000E+00,0.000000E+00,0.000000E+00,0.000000E+00,0.000000E+00,0.000000E+00,0.000000E+00,2.110805E+01,7.993595E+01,2.388828E+01,6.287440E+01
23:27:00,8.005812E+03,1.056598E+03,5.574284E-01,9.331192E-02,0.000000E+00,0.000000E+00,0.000000E+00,0.000000E+00,0.000000E+00,0.000000E+00,0.000000E+00,0.000000E+00,2.110805E+01,7.993595E+01,2.388828E+01,6.289653E+01
23:28:00,8.005812E+03,1.054232E+03,5.574284E-01,9.310301E-02,0.000000E+00,0.000000E+00,0.000000E+00,0.000000E+00,0.000000E+00,0.000000E+00,0.000000E+00,0.000000E+00,2.110805E+01,7.993595E+01,2.388828E+01,6.291866E+01
23:29:00,8.005812E+03,1.051871E+03,5.574284E-01,9.289442E-02,0.000000E+00,0.000000E+00,0.000000E+00,0.000000E+00,0.000000E+00,0.000000E+00,0.000000E+00,0.000000E+00,2.110805E+01,7.993595E+01,2.388828E+01,6.294080E+01
23:30:00,8.005812E+03,1.049513E+03,5.574284E-01,9.268617E-02,0.000000E+00,0.000000E+00,0.000000E+00,0.000000E+00,0.000000E+00,0.000000E+00,0.000000E+00,0.000000E+00,2.110805E+01,7.993595E+01,2.388828E+01,6.296295E+01
23:31:00,8.005812E+03,1.047158E+03,5.574284E-01,9.247824E-02,0.000000E+00,0.000000E+00,0.000000E+00,0.000000E+00,0.000000E+00,0.000000E+00,0.000000E+00,0.000000E+00,2.110805E+01,7.993595E+01,2.388828E+01,6.298510E+01
23:32:00,8.005812E+03,1.044808E+03,5.574284E-01,9.227064E-02,0.000000E+00,0.000000E+00,0.000000E+00,0.000000E+00,0.000000E+00,0.000000E+00,0.000000E+00,0.000000E+00,2.110805E+01,7.993595E+01,2.388829E+01,6.300726E+01
23:33:00,8.005812E+03,1.042461E+03,5.574284E-01,9.206337E-02,0.000000E+00,0.000000E+00,0.000000E+00,0.000000E+00,0.000000E+00,0.000000E+00,0.000000E+00,0.000000E+00,2.110805E+01,7.993595E+01,2.388829E+01,6.302942E+01
23:34:00,8.005812E+03,1.040117E+03,5.574284E-01,9.185642E-02,0.000000E+00,0.000000E+00,0.000000E+00,0.000000E+00,0.000000E+00,0.000000E+00,0.000000E+00,0.000000E+00,2.110805E+01,7.993595E+01,2.388829E+01,6.305159E+01
23:35:00,8.005812E+03,1.037778E+03,5.574284E-01,9.164980E-02,0.000000E+00,0.000000E+00,0.000000E+00,0.000000E+00,0.000000E+00,0.000000E+00,0.000000E+00,0.000000E+00,2.110805E+01,7.993595E+01,2.388829E+01,6.307376E+01
23:36:00,8.005812E+03,1.035442E+03,5.574284E-01,9.144349E-02,0.000000E+00,0.000000E+00,0.000000E+00,0.000000E+00,0.000000E+00,0.000000E+00,0.000000E+00,0.000000E+00,2.110805E+01,7.993595E+01,2.388829E+01,6.309594E+01
23:37:00,8.005812E+03,1.033110E+03,5.574284E-01,9.123752E-02,0.000000E+00,0.000000E+00,0.000000E+00,0.000000E+00,0.000000E+00,0.000000E+00,0.000000E+00,0.000000E+00,2.110805E+01,7.993595E+01,2.388829E+01,6.311813E+01
23:38:00,8.005812E+03,1.030781E+03,5.574284E-01,9.103186E-02,0.000000E+00,0.000000E+00,0.000000E+00,0.000000E+00,0.000000E+00,0.000000E+00,0.000000E+00,0.000000E+00,2.110805E+01,7.993595E+01,2.388829E+01,6.314032E+01
23:39:00,8.005812E+03,1.028456E+03,5.574284E-01,9.082653E-02,0.000000E+00,0.000000E+00,0.000000E+00,0.000000E+00,0.000000E+00,0.000000E+00,0.000000E+00,0.000000E+00,2.110805E+01,7.993595E+01,2.388829E+01,6.316252E+01
23:40:00,8.005812E+03,1.026135E+03,5.574284E-01,9.062151E-02,0.000000E+00,0.000000E+00,0.000000E+00,0.000000E+00,0.000000E+00,0.000000E+00,0.000000E+00,0.000000E+00,2.110805E+01,7.993595E+01,2.388829E+01,6.318473E+01
23:41:00,8.005812E+03,1.023817E+03,5.574284E-01,9.041681E-02,0.000000E+00,0.000000E+00,0.000000E+00,0.000000E+00,0.000000E+00,0.000000E+00,0.000000E+00,0.000000E+00,2.110805E+01,7.993595E+01,2.388829E+01,6.320694E+01
23:42:00,8.005812E+03,1.021503E+03,5.574284E-01,9.021244E-02,0.000000E+00,0.000000E+00,0.000000E+00,0.000000E+00,0.000000E+00,0.000000E+00,0.000000E+00,0.000000E+00,2.110805E+01,7.993595E+01,2.388829E+01,6.322916E+01
23:43:00,8.005812E+03,1.019192E+03,5.574284E-01,9.000837E-02,0.000000E+00,0.000000E+00,0.000000E+00,0.000000E+00,0.000000E+00,0.000000E+00,0.000000E+00,0.000000E+00,2.110805E+01,7.993595E+01,2.388829E+01,6.325138E+01
23:44:00,8.005812E+03,1.016885E+03,5.574284E-01,8.980463E-02,0.000000E+00,0.000000E+00,0.000000E+00,0.000000E+00,0.000000E+00,0.000000E+00,0.000000E+00,0.000000E+00,2.110805E+01,7.993595E+01,2.388829E+01,6.327361E+01
23:45:00,8.005812E+03,1.014582E+03,5.574284E-01,8.960120E-02,0.000000E+00,0.000000E+00,0.000000E+00,0.000000E+00,0.000000E+00,0.000000E+00,0.000000E+00,0.000000E+00,2.110805E+01,7.993595E+01,2.388830E+01,6.329585E+01
23:46:00,8.005812E+03,1.012282E+03,5.574284E-01,8.939808E-02,0.000000E+00,0.000000E+00,0.000000E+00,0.000000E+00,0.000000E+00,0.000000E+00,0.000000E+00,0.000000E+00,2.110805E+01,7.993595E+01,2.388830E+01,6.331810E+01
23:47:00,8.005812E+03,1.009985E+03,5.574284E-01,8.919528E-02,0.000000E+00,0.000000E+00,0.000000E+00,0.000000E+00,0.000000E+00,0.000000E+00,0.000000E+00,0.000000E+00,2.110805E+01,7.993595E+01,2.388830E+01,6.334035E+01
23:48:00,8.005812E+03,1.007693E+03,5.574284E-01,8.899279E-02,0.000000E+00,0.000000E+00,0.000000E+00,0.000000E+00,0.000000E+00,0.000000E+00,0.000000E+00,0.000000E+00,2.110805E+01,7.993595E+01,2.388830E+01,6.336261E+01
23:49:00,8.005812E+03,1.005403E+03,5.574284E-01,8.879061E-02,0.000000E+00,0.000000E+00,0.000000E+00,0.000000E+00,0.000000E+00,0.000000E+00,0.000000E+00,0.000000E+00,2.110805E+01,7.993595E+01,2.388830E+01,6.338488E+01
23:50:00,8.005812E+03,1.003118E+03,5.574284E-01,8.858874E-02,0.000000E+00,0.000000E+00,0.000000E+00,0.000000E+00,0.000000E+00,0.000000E+00,0.000000E+00,0.000000E+00,2.110805E+01,7.993595E+01,2.388830E+01,6.340716E+01
23:51:00,8.005812E+03,1.000835E+03,5.574284E-01,8.838717E-02,0.000000E+00,0.000000E+00,0.000000E+00,0.000000E+00,0.000000E+00,0.000000E+00,0.000000E+00,0.000000E+00,2.110805E+01,7.993595E+01,2.388830E+01,6.342944E+01
23:52:00,8.005812E+03,9.985565E+02,5.574284E-01,8.818592E-02,0.000000E+00,0.000000E+00,0.000000E+00,0.000000E+00,0.000000E+00,0.000000E+00,0.000000E+00,0.000000E+00,2.110805E+01,7.993595E+01,2.388830E+01,6.345173E+01
23:53:00,8.005812E+03,9.962812E+02,5.574284E-01,8.798498E-02,0.000000E+00,0.000000E+00,0.000000E+00,0.000000E+00,0.000000E+00,0.000000E+00,0.000000E+00,0.000000E+00,2.110805E+01,7.993595E+01,2.388830E+01,6.347403E+01
23:54:00,8.005812E+03,9.940093E+02,5.574284E-01,8.778434E-02,0.000000E+00,0.000000E+00,0.000000E+00,0.000000E+00,0.000000E+00,0.000000E+00,0.000000E+00,0.000000E+00,2.110805E+01,7.993595E+01,2.388830E+01,6.349634E+01
23:55:00,8.005812E+03,9.917410E+02,5.574284E-01,8.758400E-02,0.000000E+00,0.000000E+00,0.000000E+00,0.000000E+00,0.000000E+00,0.000000E+00,0.000000E+00,0.000000E+00,2.110805E+01,7.993595E+01,2.388830E+01,6.351865E+01
23:56:00,8.005812E+03,9.894760E+02,5.574284E-01,8.738397E-02,0.000000E+00,0.000000E+00,0.000000E+00,0.000000E+00,0.000000E+00,0.000000E+00,0.000000E+00,0.000000E+00,2.110805E+01,7.993595E+01,2.388830E+01,6.354098E+01
23:57:00,8.005812E+03,9.872145E+02,5.574284E-01,8.718425E-02,0.000000E+00,0.000000E+00,0.000000E+00,0.000000E+00,0.000000E+00,0.000000E+00,0.000000E+00,0.000000E+00,2.110805E+01,7.993595E+01,2.388830E+01,6.356331E+01
23:58:00,8.005812E+03,9.849564E+02,5.574284E-01,8.698482E-02,0.000000E+00,0.000000E+00,0.000000E+00,0.000000E+00,0.000000E+00,0.000000E+00,0.000000E+00,0.000000E+00,2.110805E+01,7.993595E+01,2.388831E+01,6.358565E+01
23:59:00,8.005812E+03,9.827018E+02,5.574284E-01,8.678570E-02,0.000000E+00,0.000000E+00,0.000000E+00,0.000000E+00,0.000000E+00,0.000000E+00,0.000000E+00,0.000000E+00,2.110805E+01,7.993595E+01,2.388831E+01,6.360800E+01
24:00:00,8.005812E+03,9.804505E+02,5.574284E-01,8.658688E-02,0.000000E+00,0.000000E+00,0.000000E+00,0.000000E+00,0.000000E+00,0.000000E+00,0.000000E+00,0.000000E+00,2.110805E+01,7.993595E+01,2.388831E+01,6.363035E+01
Peak,8.005812E+03,2.256521E+03,5.574284E-01,1.992862E-01,0.000000E+00,0.000000E+00,0.000000E+00,0.000000E+00,0.000000E+00,0.000000E+00,0.000000E+00,0.000000E+00,,,,

Peak Vol Flow (m3/s),,,4.732043E-01,1.691753E-01,,,0.000000E+00,0.000000E+00,,,,,,,,
