Time,LIVINGZONE:CHICAGO MIDWAY AP ANN HTG 99.6% CONDNS DB:Des Heat Load [W],LIVINGZONE:CHICAGO MIDWAY AP ANN CLG .4% CONDNS DB=>MWB:Des Sens Cool Load [W],LIVINGZONE:CHICAGO MIDWAY AP ANN HTG 99.6% CONDNS DB:Des Heat Mass Flow [kg/s],LIVINGZONE:CHICAGO MIDWAY AP ANN CLG .4% CONDNS DB=>MWB:Des Cool Mass Flow [kg/s],LIVINGZONE::Des Latent Heat Load [W],LIVINGZONE::Des Latent Cool Load [W],LIVINGZONE::Des Latent Heat Mass Flow [kg/s],LIVINGZONE::Des Latent Cool Mass Flow [kg/s],LIVINGZONE::Des Heat Load No DOAS [W],LIVINGZONE::Des Sens Cool Load No DOAS [W],LIVINGZONE::Des Latent Heat Load No DOAS [W],LIVINGZONE::Des Latent Cool Load No DOAS [W],LIVINGZONE:CHICAGO MIDWAY AP ANN HTG 99.6% CONDNS DB:Heating Zone Temperature [C],LIVINGZONE:CHICAGO MIDWAY AP ANN HTG 99.6% CONDNS DB:Heating Zone Relative Humidity [%],LIVINGZONE:CHICAGO MIDWAY AP ANN CLG .4% CONDNS DB=>MWB:Cooling Zone Temperature [C],LIVINGZONE:CHICAGO MIDWAY AP ANN CLG .4% CONDNS DB=>MWB:Cooling Zone Relative Humidity [%]
00:01:00,8.007903E+03,9.795637E+02,5.575740E-01,8.650856E-02,0.000000E+00,0.000000E+00,0.000000E+00,0.000000E+00,0.000000E+00,0.000000E+00,0.000000E+00,0.000000E+00,2.110805E+01,7.993953E+01,2.388831E+01,6.363942E+01
00:02:00,8.007903E+03,9.773209E+02,5.575740E-01,8.631048E-02,0.000000E+00,0.000000E+00,0.000000E+00,0.000000E+00,0.000000E+00,0.000000E+00,0.000000E+00,0.000000E+00,2.110805E+01,7.993953E+01,2.388831E+01,6.366178E+01
00:03:00,8.007903E+03,9.750842E+02,5.575740E-01,8.611295E-02,0.000000E+00,0.000000E+00,0.000000E+00,0.000000E+00,0.000000E+00,0.000000E+00,0.000000E+00,0.000000E+00,2.110805E+01,7.993953E+01,2.388831E+01,6.368410E+01
00:04:00,8.007902E+03,9.728538E+02,5.575740E-01,8.591597E-02,0.000000E+00,0.000000E+00,0.000000E+00,0.000000E+00,0.000000E+00,0.000000E+00,0.000000E+00,0.000000E+00,2.110805E+01,7.993953E+01,2.388831E+01,6.370637E+01
00:05:00,8.007902E+03,9.706296E+02,5.575740E-01,8.571953E-02,0.000000E+00,0.000000E+00,0.000000E+00,0.000000E+00,0.000000E+00,0.000000E+00,0.000000E+00,0.000000E+00,2.110805E+01,7.993953E+01,2.388831E+01,6.372861E+01
00:06:00,8.007902E+03,9.684115E+02,5.575740E-01,8.552364E-02,0.000000E+00,0.000000E+00,0.000000E+00,0.000000E+00,0.000000E+00,0.000000E+00,0.000000E+00,0.000000E+00,2.110805E+01,7.993953E+01,2.388831E+01,6.375080E+01
00:07:00,8.007902E+03,9.661996E+02,5.575740E-01,8.532829E-02,0.000000E+00,0.000000E+00,0.000000E+00,0.000000E+00,0.000000E+00,0.000000E+00,0.000000E+00,0.000000E+00,2.110805E+01,7.993953E+01,2.388831E+01,6.377296E+01
00:08:00,8.007902E+03,9.639939E+02,5.575740E-01,8.513349E-02,0.000000E+00,0.000000E+00,0.000000E+00,0.000000E+00,0.000000E+00,0.000000E+00,0.000000E+00,0.000000E+00,2.110805E+01,7.993953E+01,2.388831E+01,6.379508E+01
00:09:00,8.007902E+03,9.617943E+02,5.575740E-01,8.493923E-02,0.000000E+00,0.000000E+00,0.000000E+00,0.000000E+00,0.000000E+00,0.000000E+00,0.000000E+00,0.000000E+00,2.110805E+01,7.993953E+01,2.388831E+01,6.381716E+01
00:10:00,8.007902E+03,9.596008E+02,5.575740E-01,8.474551E-02,0.000000E+00,0.000000E+00,0.000000E+00,0.000000E+00,0.000000E+00,0.000000E+00,0.000000E+00,0.000000E+00,2.110805E+01,7.993953E+01,2.388831E+01,6.383921E+01
00:11:00,8.007902E+03,9.574135E+02,5.575740E-01,8.455234E-02,0.000000E+00,0.000000E+00,0.000000E+00,0.000000E+00,0.000000E+00,0.000000E+00,0.000000E+00,0.000000E+00,2.110805E+01,7.993953E+01,2.388831E+01,6.386123E+01
00:12:00,8.007902E+03,9.552322E+02,5.575740E-01,8.435970E-02,0.000000E+00,0.000000E+00,0.000000E+00,0.000000E+00,0.000000E+00,0.000000E+00,0.000000E+00,0.000000E+00,2.110805E+01,7.993953E+01,2.388831E+01,6.388322E+01
00:13:00,8.007902E+03,9.530571E+02,5.575740E-01,8.416760E-02,0.000000E+00,0.000000E+00,0.000000E+00,0.000000E+00,0.000000E+00,0.000000E+00,0.000000E+00,0.000000E+00,2.110805E+01,7.993953E+01,2.388832E+01,6.390517E+01
00:14:00,8.007902E+03,9.508881E+02,5.575740E-01,8.397604E-02,0.000000E+00,0.000000E+00,0.000000E+00,0.000000E+00,0.000000E+00,0.000000E+00,0.000000E+00,0.000000E+00,2.110805E+01,7.993953E+01,2.388832E+01,6.392710E+01
00:15:00,8.007902E+03,9.487251E+02,5.575739E-01,8.378502E-02,0.000000E+00,0.000000E+00,0.000000E+00,0.000000E+00,0.000000E+00,0.000000E+00,0.000000E+00,0.000000E+00,2.110805E+01,7.993953E+01,2.388832E+01,6.394900E+01
00:16:00,8.007902E+03,9.465682E+02,5.575739E-01,8.359453E-02,0.000000E+00,0.000000E+00,0.000000E+00,0.000000E+00,0.000000E+00,0.000000E+00,0.000000E+00,0.000000E+00,2.110805E+01,7.993953E+01,2.388832E+01,6.397087E+01
00:17:00,8.007902E+03,9.444174E+02,5.575739E-01,8.340458E-02,0.000000E+00,0.000000E+00,0.000000E+00,0.000000E+00,0.000000E+00,0.000000E+00,0.000000E+00,0.000000E+00,2.110805E+01,7.993953E+01,2.388832E+01,6.399272E+01
00:18:00,8.007902E+03,9.422726E+02,5.575739E-01,8.321516E-02,0.000000E+00,0.000000E+00,0.000000E+00,0.000000E+00,0.000000E+00,0.000000E+00,0.000000E+00,0.000000E+00,2.110805E+01,7.993953E+01,2.388832E+01,6.401454E+01
00:19:00,8.007902E+03,9.401339E+02,5.575739E-01,8.302628E-02,0.000000E+00,0.000000E+00,0.000000E+00,0.000000E+00,0.000000E+00,0.000000E+00,0.000000E+00,0.000000E+00,2.110805E+01,7.993953E+01,2.388832E+01,6.403633E+01
00:20:00,8.007902E+03,9.380012E+02,5.575739E-01,8.283792E-02,0.000000E+00,0.000000E+00,0.000000E+00,0.000000E+00,0.000000E+00,0.000000E+00,0.000000E+00,0.000000E+00,2.110805E+01,7.993953E+01,2.388832E+01,6.405810E+01
00:21:00,8.007902E+03,9.358745E+02,5.575739E-01,8.265010E-02,0.000000E+00,0.000000E+00,0.000000E+00,0.000000E+00,0.000000E+00,0.000000E+00,0.000000E+00,0.000000E+00,2.110805E+01,7.993953E+01,2.388832E+01,6.407986E+01
00:22:00,8.007902E+03,9.337538E+02,5.575739E-01,8.246281E-02,0.000000E+00,0.000000E+00,0.000000E+00,0.000000E+00,0.000000E+00,0.000000E+00,0.000000E+00,0.000000E+00,2.110805E+01,7.993953E+01,2.388832E+01,6.410158E+01
00:23:00,8.007902E+03,9.316391E+02,5.575739E-01,8.227605E-02,0.000000E+00,0.000000E+00,0.000000E+00,0.000000E+00,0.000000E+00,0.000000E+00,0.000000E+00,0.000000E+00,2.110805E+01,7.993953E+01,2.388832E+01,6.412329E+01
00:24:00,8.007902E+03,9.295304E+02,5.575739E-01,8.208982E-02,0.000000E+00,0.000000E+00,0.000000E+00,0.000000E+00,0.000000E+00,0.000000E+00,0.000000E+00,0.000000E+00,2.110805E+01,7.993953E+01,2.388832E+01,6.414498E+01
00:25:00,8.007902E+03,9.274276E+02,5.575739E-01,8.190411E-02,0.000000E+00,0.000000E+00,0.000000E+00,0.000000E+00,0.000000E+00,0.000000E+00,0.000000E+00,0.000000E+00,2.110805E+01,7.993953E+01,2.388832E+01,6.416665E+01
00:26:00,8.007901E+03,9.253309E+02,5.575739E-01,8.171893E-02,0.000000E+00,0.000000E+00,0.000000E+00,0.000000E+00,0.000000E+00,0.000000E+00,0.000000E+00,0.000000E+00,2.110805E+01,7.993953E+01,2.388832E+01,6.418830E+01
00:27:00,8.007901E+03,9.232400E+02,5.575739E-01,8.153428E-02,0.000000E+00,0.000000E+00,0.000000E+00,0.000000E+00,0.000000E+00,0.000000E+00,0.000000E+00,0.000000E+00,2.110805E+01,7.993953E+01,2.388833E+01,6.420993E+01
00:28:00,8.007901E+03,9.211552E+02,5.575739E-01,8.135015E-02,0.000000E+00,0.000000E+00,0.000000E+00,0.000000E+00,0.000000E+00,0.000000E+00,0.000000E+00,0.000000E+00,2.110805E+01,7.993953E+01,2.388833E+01,6.423154E+01
00:29:00,8.007901E+03,9.190762E+02,5.575739E-01,8.116655E-02,0.000000E+00,0.000000E+00,0.000000E+00,0.000000E+00,0.000000E+00,0.000000E+00,0.000000E+00,0.000000E+00,2.110805E+01,7.993953E+01,2.388833E+01,6.425314E+01
00:30:00,8.007901E+03,9.170032E+02,5.575739E-01,8.098347E-02,0.000000E+00,0.000000E+00,0.000000E+00,0.000000E+00,0.000000E+00,0.000000E+00,0.000000E+00,0.000000E+00,2.110805E+01,7.993953E+01,2.388833E+01,6.427472E+01
00:31:00,8.007901E+03,9.149361E+02,5.575739E-01,8.080091E-02,0.000000E+00,0.000000E+00,0.000000E+00,0.000000E+00,0.000000E+00,0.000000E+00,0.000000E+00,0.000000E+00,2.110805E+01,7.993953E+01,2.388833E+01,6.429629E+01
00:32:00,8.007901E+03,9.128748E+02,5.575739E-01,8.061887E-02,0.000000E+00,0.000000E+00,0.000000E+00,0.000000E+00,0.000000E+00,0.000000E+00,0.000000E+00,0.000000E+00,2.110805E+01,7.993953E+01,2.388833E+01,6.431784E+01
00:33:00,8.007901E+03,9.108195E+02,5.575739E-01,8.043735E-02,0.000000E+00,0.000000E+00,0.000000E+00,0.000000E+00,0.000000E+00,0.000000E+00,0.000000E+00,0.000000E+00,2.110805E+01,7.993953E+01,2.388833E+01,6.433938E+01
00:34:00,8.007901E+03,9.087700E+02,5.575739E-01,8.025635E-02,0.000000E+00,0.000000E+00,0.000000E+00,0.000000E+00,0.000000E+00,0.000000E+00,0.000000E+00,0.000000E+00,2.110805E+01,7.993953E+01,2.388833E+01,6.436091E+01
00:35:00,8.007901E+03,9.067265E+02,5.575739E-01,8.007587E-02,0.000000E+00,0.000000E+00,0.000000E+00,0.000000E+00,0.000000E+00,0.000000E+00,0.000000E+00,0.000000E+00,2.110805E+01,7.993953E+01,2.388833E+01,6.438242E+01
00:36:00,8.007901E+03,9.046887E+02,5.575739E-01,7.989591E-02,0.000000E+00,0.000000E+00,0.000000E+00,0.000000E+00,0.000000E+00,0.000000E+00,0.000000E+00,0.000000E+00,2.110805E+01,7.993953E+01,2.388833E+01,6.440392E+01
00:37:00,8.007901E+03,9.026569E+02,5.575739E-01,7.971646E-02,0.000000E+00,0.000000E+00,0.000000E+00,0.000000E+00,0.000000E+00,0.000000E+00,0.000000E+00,0.000000E+00,2.110805E+01,7.993953E+01,2.388833E+01,6.442541E+01
00:38:00,8.007901E+03,9.006308E+02,5.575739E-01,7.953753E-02,0.000000E+00,0.000000E+00,0.000000E+00,0.000000E+00,0.000000E+00,0.000000E+00,0.000000E+00,0.000000E+00,2.110805E+01,7.993953E+01,2.388833E+01,6.444689E+01
00:39:00,8.007901E+03,8.986106E+02,5.575739E-01,7.935912E-02,0.000000E+00,0.000000E+00,0.000000E+00,0.000000E+00,0.000000E+00,0.000000E+00,0.000000E+00,0.000000E+00,2.110805E+01,7.993953E+01,2.388833E+01,6.446836E+01
00:40:00,8.007901E+03,8.965962E+02,5.575739E-01,7.918121E-02,0.000000E+00,0.000000E+00,0.000000E+00,0.000000E+00,0.000000E+00,0.000000E+00,0.000000E+00,0.000000E+00,2.110805E+01,7.993953E+01,2.388833E+01,6.448982E+01
00:41:00,8.007901E+03,8.945876E+02,5.575739E-01,7.900382E-02,0.000000E+00,0.000000E+00,0.000000E+00,0.000000E+00,0.000000E+00,0.000000E+00,0.000000E+00,0.000000E+00,2.110805E+01,7.993953E+01,2.388833E+01,6.451126E+01
00:42:00,8.007901E+03,8.925848E+02,5.575739E-01,7.882695E-02,0.000000E+00,0.000000E+00,0.000000E+00,0.000000E+00,0.000000E+00,0.000000E+00,0.000000E+00,0.000000E+00,2.110805E+01,7.993953E+01,2.388834E+01,6.453270E+01
00:43:00,8.007901E+03,8.905878E+02,5.575739E-01,7.865058E-02,0.000000E+00,0.000000E+00,0.000000E+00,0.000000E+00,0.000000E+00,0.000000E+00,0.000000E+00,0.000000E+00,2.110805E+01,7.993953E+01,2.388834E+01,6.455413E+01
00:44:00,8.007901E+03,8.885966E+02,5.575739E-01,7.847472E-02,0.000000E+00,0.000000E+00,0.000000E+00,0.000000E+00,0.000000E+00,0.000000E+00,0.000000E+00,0.000000E+00,2.110805E+01,7.993953E+01,2.388834E+01,6.457556E+01
00:45:00,8.007901E+03,8.866112E+02,5.575739E-01,7.829938E-02,0.000000E+00,0.000000E+00,0.000000E+00,0.000000E+00,0.000000E+00,0.000000E+00,0.000000E+00,0.000000E+00,2.110805E+01,7.993953E+01,2.388834E+01,6.459697E+01
00:46:00,8.007901E+03,8.846315E+02,5.575739E-01,7.812454E-02,0.000000E+00,0.000000E+00,0.000000E+00,0.000000E+00,0.000000E+00,0.000000E+00,0.000000E+00,0.000000E+00,2.110805E+01,7.993953E+01,2.388834E+01,6.461838E+01
00:47:00,8.007901E+03,8.826575E+02,5.575738E-01,7.795021E-02,0.000000E+00,0.000000E+00,0.000000E+00,0.000000E+00,0.000000E+00,0.000000E+00,0.000000E+00,0.000000E+00,2.110805E+01,7.993953E+01,2.388834E+01,6.463978E+01
00:48:00,8.007900E+03,8.806893E+02,5.575738E-01,7.777638E-02,0.000000E+00,0.000000E+00,0.000000E+00,0.000000E+00,0.000000E+00,0.000000E+00,0.000000E+00,0.000000E+00,2.110805E+01,7.993953E+01,2.388834E+01,6.466118E+01
00:49:00,8.007900E+03,8.787268E+02,5.575738E-01,7.760307E-02,0.000000E+00,0.000000E+00,0.000000E+00,0.000000E+00,0.000000E+00,0.000000E+00,0.000000E+00,0.000000E+00,2.110805E+01,7.993953E+01,2.388834E+01,6.468257E+01
00:50:00,8.007900E+03,8.767701E+02,5.575738E-01,7.743025E-02,0.000000E+00,0.000000E+00,0.000000E+00,0.000000E+00,0.000000E+00,0.000000E+00,0.000000E+00,0.000000E+00,2.110805E+01,7.993953E+01,2.388834E+01,6.470395E+01
00:51:00,8.007900E+03,8.748190E+02,5.575738E-01,7.725795E-02,0.000000E+00,0.000000E+00,0.000000E+00,0.000000E+00,0.000000E+00,0.000000E+00,0.000000E+00,0.000000E+00,2.110805E+01,7.993953E+01,2.388834E+01,6.472532E+01
00:52:00,8.007900E+03,8.728737E+02,5.575738E-01,7.708614E-02,0.000000E+00,0.000000E+00,0.000000E+00,0.000000E+00,0.000000E+00,0.000000E+00,0.000000E+00,0.000000E+00,2.110805E+01,7.993953E+01,2.388834E+01,6.474670E+01
00:53:00,8.007900E+03,8.709340E+02,5.575738E-01,7.691484E-02,0.000000E+00,0.000000E+00,0.000000E+00,0.000000E+00,0.000000E+00,0.000000E+00,0.000000E+00,0.000000E+00,2.110805E+01,7.993953E+01,2.388834E+01,6.476807E+01
00:54:00,8.007900E+03,8.690000E+02,5.575738E-01,7.674404E-02,0.000000E+00,0.000000E+00,0.000000E+00,0.000000E+00,0.000000E+00,0.000000E+00,0.000000E+00,0.000000E+00,2.110805E+01,7.993953E+01,2.388834E+01,6.478943E+01
00:55:00,8.007900E+03,8.670717E+02,5.575738E-01,7.657374E-02,0.000000E+00,0.000000E+00,0.000000E+00,0.000000E+00,0.000000E+00,0.000000E+00,0.000000E+00,0.000000E+00,2.110805E+01,7.993953E+01,2.388835E+01,6.481079E+01
00:56:00,8.007900E+03,8.651491E+02,5.575738E-01,7.640394E-02,0.000000E+00,0.000000E+00,0.000000E+00,0.000000E+00,0.000000E+00,0.000000E+00,0.000000E+00,0.000000E+00,2.110805E+01,7.993953E+01,2.388835E+01,6.483214E+01
00:57:00,8.007900E+03,8.632321E+02,5.575738E-01,7.623464E-02,0.000000E+00,0.000000E+00,0.000000E+00,0.000000E+00,0.000000E+00,0.000000E+00,0.000000E+00,0.000000E+00,2.110805E+01,7.993953E+01,2.388835E+01,6.485350E+01
00:58:00,8.007900E+03,8.613208E+02,5.575738E-01,7.606584E-02,0.000000E+00,0.000000E+00,0.000000E+00,0.000000E+00,0.000000E+00,0.000000E+00,0.000000E+00,0.000000E+00,2.110805E+01,7.993953E+01,2.388835E+01,6.487485E+01
00:59:00,8.007900E+03,8.594151E+02,5.575738E-01,7.589754E-02,0.000000E+00,0.000000E+00,0.000000E+00,0.000000E+00,0.000000E+00,0.000000E+00,0.000000E+00,0.000000E+00,2.110805E+01,7.993953E+01,2.388835E+01,6.489619E+01
01:00:00,8.007900E+03,8.575150E+02,5.575738E-01,7.572973E-02,0.000000E+00,0.000000E+00,0.000000E+00,0.000000E+00,0.000000E+00,0.000000E+00,0.000000E+00,0.000000E+00,2.110805E+01,7.993953E+01,2.388835E+01,6.491754E+01
01:01:00,8.007900E+03,8.556236E+02,5.575738E-01,7.556269E-02,0.000000E+00,0.000000E+00,0.000000E+00,0.000000E+00,0.000000E+00,0.000000E+00,0.000000E+00,0.000000E+00,2.110805E+01,7.993953E+01,2.388835E+01,6.493888E+01
01:02:00,8.007900E+03,8.537406E+02,5.575738E-01,7.539639E-02,0.000000E+00,0.000000E+00,0.000000E+00,0.000000E+00,0.000000E+00,0.000000E+00,0.000000E+00,0.000000E+00,2.110805E+01,7.993953E+01,2.388835E+01,6.496016E+01
01:03:00,8.007900E+03,8.518661E+02,5.575738E-01,7.523084E-02,0.000000E+00,0.000000E+00,0.000000E+00,0.000000E+00,0.000000E+00,0.000000E+00,0.000000E+00,0.000000E+00,2.110805E+01,7.993953E+01,2.388835E+01,6.498134E+01
01:04:00,8.007900E+03,8.500000E+02,5.575738E-01,7.506604E-02,0.000000E+00,0.000000E+00,0.000000E+00,0.000000E+00,0.000000E+00,0.000000E+00,0.000000E+00,0.000000E+00,2.110805E+01,7.993953E+01,2.388835E+01,6.500241E+01
01:05:00,8.007900E+03,8.481423E+02,5.575738E-01,7.490198E-02,0.000000E+00,0.000000E+00,0.000000E+00,0.000000E+00,0.000000E+00,0.000000E+00,0.000000E+00,0.000000E+00,2.110805E+01,7.993953E+01,2.388835E+01,6.502337E+01
01:06:00,8.007900E+03,8.462930E+02,5.575738E-01,7.473866E-02,0.000000E+00,0.000000E+00,0.000000E+00,0.000000E+00,0.000000E+00,0.000000E+00,0.000000E+00,0.000000E+00,2.110805E+01,7.993954E+01,2.388835E+01,6.504422E+01
01:07:00,8.007900E+03,8.444521E+02,5.575738E-01,7.457608E-02,0.000000E+00,0.000000E+00,0.000000E+00,0.000000E+00,0.000000E+00,0.000000E+00,0.000000E+00,0.000000E+00,2.110805E+01,7.993954E+01,2.388835E+01,6.506498E+01
01:08:00,8.007900E+03,8.426197E+02,5.575738E-01,7.441424E-02,0.000000E+00,0.000000E+00,0.000000E+00,0.000000E+00,0.000000E+00,0.000000E+00,0.000000E+00,0.000000E+00,2.110805E+01,7.993954E+01,2.388835E+01,6.508563E+01
01:09:00,8.007900E+03,8.407956E+02,5.575738E-01,7.425315E-02,0.000000E+00,0.000000E+00,0.000000E+00,0.000000E+00,0.000000E+00,0.000000E+00,0.000000E+00,0.000000E+00,2.110805E+01,7.993954E+01,2.388835E+01,6.510620E+01
01:10:00,8.007900E+03,8.389799E+02,5.575738E-01,7.409279E-02,0.000000E+00,0.000000E+00,0.000000E+00,0.000000E+00,0.000000E+00,0.000000E+00,0.000000E+00,0.000000E+00,2.110805E+01,7.993954E+01,2.388835E+01,6.512667E+01
01:11:00,8.007900E+03,8.371726E+02,5.575738E-01,7.393318E-02,0.000000E+00,0.000000E+00,0.000000E+00,0.000000E+00,0.000000E+00,0.000000E+00,0.000000E+00,0.000000E+00,2.110805E+01,7.993954E+01,2.388835E+01,6.514705E+01
01:12:00,8.007900E+03,8.353736E+02,5.575738E-01,7.377430E-02,0.000000E+00,0.000000E+00,0.000000E+00,0.000000E+00,0.000000E+00,0.000000E+00,0.000000E+00,0.000000E+00,2.110805E+01,7.993954E+01,2.388835E+01,6.516735E+01
01:13:00,8.007900E+03,8.335830E+02,5.575738E-01,7.361617E-02,0.000000E+00,0.000000E+00,0.000000E+00,0.000000E+00,0.000000E+00,0.000000E+00,0.000000E+00,0.000000E+00,2.110805E+01,7.993954E+01,2.388836E+01,6.518755E+01
01:14:00,8.007900E+03,8.318008E+02,5.575738E-01,7.345877E-02,0.000000E+00,0.000000E+00,0.000000E+00,0.000000E+00,0.000000E+00,0.000000E+00,0.000000E+00,0.000000E+00,2.110805E+01,7.993954E+01,2.388836E+01,6.520768E+01
01:15:00,8.007900E+03,8.300269E+02,5.575738E-01,7.330210E-02,0.000000E+00,0.000000E+00,0.000000E+00,0.000000E+00,0.000000E+00,0.000000E+00,0.000000E+00,0.000000E+00,2.110805E+01,7.993954E+01,2.388836E+01,6.522773E+01
01:16:00,8.007900E+03,8.282613E+02,5.575738E-01,7.314618E-02,0.000000E+00,0.000000E+00,0.000000E+00,0.000000E+00,0.000000E+00,0.000000E+00,0.000000E+00,0.000000E+00,2.110805E+01,7.993954E+01,2.388836E+01,6.524770E+01
01:17:00,8.007900E+03,8.265040E+02,5.575738E-01,7.299098E-02,0.000000E+00,0.000000E+00,0.000000E+00,0.000000E+00,0.000000E+00,0.000000E+00,0.000000E+00,0.000000E+00,2.110805E+01,7.993954E+01,2.388836E+01,6.526759E+01
01:18:00,8.007900E+03,8.247551E+02,5.575738E-01,7.283653E-02,0.000000E+00,0.000000E+00,0.000000E+00,0.000000E+00,0.000000E+00,0.000000E+00,0.000000E+00,0.000000E+00,2.110805E+01,7.993954E+01,2.388836E+01,6.528742E+01
01:19:00,8.007900E+03,8.230145E+02,5.575738E-01,7.268281E-02,0.000000E+00,0.000000E+00,0.000000E+00,0.000000E+00,0.000000E+00,0.000000E+00,0.000000E+00,0.000000E+00,2.110805E+01,7.993954E+01,2.388836E+01,6.530716E+01
01:20:00,8.007900E+03,8.212822E+02,5.575738E-01,7.252982E-02,0.000000E+00,0.000000E+00,0.000000E+00,0.000000E+00,0.000000E+00,0.000000E+00,0.000000E+00,0.000000E+00,2.110805E+01,7.993954E+01,2.388836E+01,6.532684E+01
01:21:00,8.007900E+03,8.195583E+02,5.575738E-01,7.237756E-02,0.000000E+00,0.000000E+00,0.000000E+00,0.000000E+00,0.000000E+00,0.000000E+00,0.000000E+00,0.000000E+00,2.110805E+01,7.993954E+01,2.388836E+01,6.534645E+01
01:22:00,8.007900E+03,8.178426E+02,5.575738E-01,7.222604E-02,0.000000E+00,0.000000E+00,0.000000E+00,0.000000E+00,0.000000E+00,0.000000E+00,0.000000E+00,0.000000E+00,2.110805E+01,7.993954E+01,2.388836E+01,6.536599E+01
01:23:00,8.007900E+03,8.161352E+02,5.575738E-01,7.207525E-02,0.000000E+00,0.000000E+00,0.000000E+00,0.000000E+00,0.000000E+00,0.000000E+00,0.000000E+00,0.000000E+00,2.110805E+01,7.993954E+01,2.388836E+01,6.538547E+01
01:24:00,8.007900E+03,8.144360E+02,5.575738E-01,7.192519E-02,0.000000E+00,0.000000E+00,0.000000E+00,0.000000E+00,0.000000E+00,0.000000E+00,0.000000E+00,0.000000E+00,2.110805E+01,7.993954E+01,2.388836E+01,6.540489E+01
01:25:00,8.007900E+03,8.127452E+02,5.575738E-01,7.177587E-02,0.000000E+00,0.000000E+00,0.000000E+00,0.000000E+00,0.000000E+00,0.000000E+00,0.000000E+00,0.000000E+00,2.110805E+01,7.993954E+01,2.388836E+01,6.542424E+01
01:26:00,8.007900E+03,8.110626E+02,5.575738E-01,7.162727E-02,0.000000E+00,0.000000E+00,0.000000E+00,0.000000E+00,0.000000E+00,0.000000E+00,0.000000E+00,0.000000E+00,2.110805E+01,7.993954E+01,2.388836E+01,6.544354E+01
01:27:00,8.007900E+03,8.093883E+02,5.575738E-01,7.147940E-02,0.000000E+00,0.000000E+00,0.000000E+00,0.000000E+00,0.000000E+00,0.000000E+00,0.000000E+00,0.000000E+00,2.110805E+01,7.993954E+01,2.388836E+01,6.546277E+01
01:28:00,8.007900E+03,8.077222E+02,5.575738E-01,7.133226E-02,0.000000E+00,0.000000E+00,0.000000E+00,0.000000E+00,0.000000E+00,0.000000E+00,0.000000E+00,0.000000E+00,2.110805E+01,7.993954E+01,2.388836E+01,6.548196E+01
01:29:00,8.007900E+03,8.060644E+02,5.575738E-01,7.118585E-02,0.000000E+00,0.000000E+00,0.000000E+00,0.000000E+00,0.000000E+00,0.000000E+00,0.000000E+00,0.000000E+00,2.110805E+01,7.993954E+01,2.388836E+01,6.550108E+01
01:30:00,8.007900E+03,8.044149E+02,5.575738E-01,7.104017E-02,0.000000E+00,0.000000E+00,0.000000E+00,0.000000E+00,0.000000E+00,0.000000E+00,0.000000E+00,0.000000E+00,2.110805E+01,7.993954E+01,2.388836E+01,6.552015E+01
01:31:00,8.007900E+03,8.027735E+02,5.575738E-01,7.089522E-02,0.000000E+00,0.000000E+00,0.000000E+00,0.000000E+00,0.000000E+00,0.000000E+00,0.000000E+00,0.000000E+00,2.110805E+01,7.993954E+01,2.388837E+01,6.553917E+01
01:32:00,8.007900E+03,8.011404E+02,5.575738E-01,7.075099E-02,0.000000E+00,0.000000E+00,0.000000E+00,0.000000E+00,0.000000E+00,0.000000E+00,0.000000E+00,0.000000E+00,2.110805E+01,7.993954E+01,2.388837E+01,6.555814E+01
01:33:00,8.007900E+03,7.995156E+02,5.575738E-01,7.060749E-02,0.000000E+00,0.000000E+00,0.000000E+00,0.000000E+00,0.000000E+00,0.000000E+00,0.000000E+00,0.000000E+00,2.110805E+01,7.993954E+01,2.388837E+01,6.557706E+01
01:34:00,8.007900E+03,7.978989E+02,5.575738E-01,7.046471E-02,0.000000E+00,0.000000E+00,0.000000E+00,0.000000E+00,0.000000E+00,0.000000E+00,0.000000E+00,0.000000E+00,2.110805E+01,7.993954E+01,2.388837E+01,6.559592E+01
01:35:00,8.007900E+03,7.962905E+02,5.575738E-01,7.032266E-02,0.000000E+00,0.000000E+00,0.000000E+00,0.000000E+00,0.000000E+00,0.000000E+00,0.000000E+00,0.000000E+00,2.110805E+01,7.993954E+01,2.388837E+01,6.561475E+01
01:36:00,8.007900E+03,7.946903E+02,5.575738E-01,7.018134E-02,0.000000E+00,0.000000E+00,0.000000E+00,0.000000E+00,0.000000E+00,0.000000E+00,0.000000E+00,0.000000E+00,2.110805E+01,7.993954E+01,2.388837E+01,6.563352E+01
01:37:00,8.007900E+03,7.930983E+02,5.575738E-01,7.004074E-02,0.000000E+00,0.000000E+00,0.000000E+00,0.000000E+00,0.000000E+00,0.000000E+00,0.000000E+00,0.000000E+00,2.110805E+01,7.993954E+01,2.388837E+01,6.565226E+01
01:38:00,8.007900E+03,7.915144E+02,5.575738E-01,6.990087E-02,0.000000E+00,0.000000E+00,0.000000E+00,0.000000E+00,0.000000E+00,0.000000E+00,0.000000E+00,0.000000E+00,2.110805E+01,7.993954E+01,2.388837E+01,6.567094E+01
01:39:00,8.007900E+03,7.899388E+02,5.575738E-01,6.976171E-02,0.000000E+00,0.000000E+00,0.000000E+00,0.000000E+00,0.000000E+00,0.000000E+00,0.000000E+00,0.000000E+00,2.110805E+01,7.993954E+01,2.388837E+01,6.568959E+01
01:40:00,8.007900E+03,7.883714E+02,5.575738E-01,6.962329E-02,0.000000E+00,0.000000E+00,0.000000E+00,0.000000E+00,0.000000E+00,0.000000E+00,0.000000E+00,0.000000E+00,2.110805E+01,7.993954E+01,2.388837E+01,6.570819E+01
01:41:00,8.007900E+03,7.868121E+02,5.575738E-01,6.948558E-02,0.000000E+00,0.000000E+00,0.000000E+00,0.000000E+00,0.000000E+00,0.000000E+00,0.000000E+00,0.000000E+00,2.110805E+01,7.993954E+01,2.388837E+01,6.572675E+01
01:42:00,8.007900E+03,7.852610E+02,5.575738E-01,6.934860E-02,0.000000E+00,0.000000E+00,0.000000E+00,0.000000E+00,0.000000E+00,0.000000E+00,0.000000E+00,0.000000E+00,2.110805E+01,7.993954E+01,2.388837E+01,6.574528E+01
01:43:00,8.007900E+03,7.837181E+02,5.575738E-01,6.921233E-02,0.000000E+00,0.000000E+00,0.000000E+00,0.000000E+00,0.000000E+00,0.000000E+00,0.000000E+00,0.000000E+00,2.110805E+01,7.993954E+01,2.388837E+01,6.576376E+01
01:44:00,8.007900E+03,7.821834E+02,5.575738E-01,6.907679E-02,0.000000E+00,0.000000E+00,0.000000E+00,0.000000E+00,0.000000E+00,0.000000E+00,0.000000E+00,0.000000E+00,2.110805E+01,7.993954E+01,2.388837E+01,6.578221E+01
01:45:00,8.007900E+03,7.806568E+02,5.575738E-01,6.894197E-02,0.000000E+00,0.000000E+00,0.000000E+00,0.000000E+00,0.000000E+00,0.000000E+00,0.000000E+00,0.000000E+00,2.110805E+01,7.993954E+01,2.388837E+01,6.580061E+01
01:46:00,8.007900E+03,7.791384E+02,5.575738E-01,6.880787E-02,0.000000E+00,0.000000E+00,0.000000E+00,0.000000E+00,0.000000E+00,0.000000E+00,0.000000E+00,0.000000E+00,2.110805E+01,7.993954E+01,2.388837E+01,6.581898E+01
01:47:00,8.007900E+03,7.776281E+02,5.575738E-01,6.867449E-02,0.000000E+00,0.000000E+00,0.000000E+00,0.000000E+00,0.000000E+00,0.000000E+00,0.000000E+00,0.000000E+00,2.110805E+01,7.993954E+01,2.388837E+01,6.583732E+01
01:48:00,8.007900E+03,7.761260E+02,5.575738E-01,6.854184E-02,0.000000E+00,0.000000E+00,0.000000E+00,0.000000E+00,0.000000E+00,0.000000E+00,0.000000E+00,0.000000E+00,2.110805E+01,7.993954E+01,2.388837E+01,6.585563E+01
01:49:00,8.007900E+03,7.746321E+02,5.575738E-01,6.840990E-02,0.000000E+00,0.000000E+00,0.000000E+00,0.000000E+00,0.000000E+00,0.000000E+00,0.000000E+00,0.000000E+00,2.110805E+01,7.993954E+01,2.388838E+01,6.587390E+01
01:50:00,8.007900E+03,7.731462E+02,5.575738E-01,6.827867E-02,0.000000E+00,0.000000E+00,0.000000E+00,0.000000E+00,0.000000E+00,0.000000E+00,0.000000E+00,0.000000E+00,2.110805E+01,7.993954E+01,2.388838E+01,6.589213E+01
01:51:00,8.007900E+03,7.716685E+02,5.575738E-01,6.814817E-02,0.000000E+00,0.000000E+00,0.000000E+00,0.000000E+00,0.000000E+00,0.000000E+00,0.000000E+00,0.000000E+00,2.110805E+01,7.993954E+01,2.388838E+01,6.591034E+01
01:52:00,8.007900E+03,7.701990E+02,5.575738E-01,6.801839E-02,0.000000E+00,0.000000E+00,0.000000E+00,0.000000E+00,0.000000E+00,0.000000E+00,0.000000E+00,0.000000E+00,2.110805E+01,7.993954E+01,2.388838E+01,6.592851E+01
01:53:00,8.007900E+03,7.687376E+02,5.575738E-01,6.788932E-02,0.000000E+00,0.000000E+00,0.000000E+00,0.000000E+00,0.000000E+00,0.000000E+00,0.000000E+00,0.000000E+00,2.110805E+01,7.993954E+01,2.388838E+01,6.594665E+01
01:54:00,8.007900E+03,7.672843E+02,5.575738E-01,6.776097E-02,0.000000E+00,0.000000E+00,0.000000E+00,0.000000E+00,0.000000E+00,0.000000E+00,0.000000E+00,0.000000E+00,2.110805E+01,7.993954E+01,2.388838E+01,6.596477E+01
01:55:00,8.007900E+03,7.658391E+02,5.575738E-01,6.763334E-02,0.000000E+00,0.000000E+00,0.000000E+00,0.000000E+00,0.000000E+00,0.000000E+00,0.000000E+00,0.000000E+00,2.110805E+01,7.993954E+01,2.388838E+01,6.598285E+01
01:56:00,8.007900E+03,7.644020E+02,5.575738E-01,6.750643E-02,0.000000E+00,0.000000E+00,0.000000E+00,0.000000E+00,0.000000E+00,0.000000E+00,0.000000E+00,0.000000E+00,2.110805E+01,7.993954E+01,2.388838E+01,6.600091E+01
01:57:00,8.007900E+03,7.629731E+02,5.575738E-01,6.738023E-02,0.000000E+00,0.000000E+00,0.000000E+00,0.000000E+00,0.000000E+00,0.000000E+00,0.000000E+00,0.000000E+00,2.110805E+01,7.993954E+01,2.388838E+01,6.601893E+01
01:58:00,8.007900E+03,7.615522E+02,5.575738E-01,6.725475E-02,0.000000E+00,0.000000E+00,0.000000E+00,0.000000E+00,0.000000E+00,0.000000E+00,0.000000E+00,0.000000E+00,2.110805E+01,7.993954E+01,2.388838E+01,6.603693E+01
01:59:00,8.007900E+03,7.601395E+02,5.575738E-01,6.712999E-02,0.000000E+00,0.000000E+00,0.000000E+00,0.000000E+00,0.000000E+00,0.000000E+00,0.000000E+00,0.000000E+00,2.110805E+01,7.993954E+01,2.388838E+01,6.605490E+01
02:00:00,8.007900E+03,7.587349E+02,5.575738E-01,6.700594E-02,0.000000E+00,0.000000E+00,0.000000E+00,0.000000E+00,0.000000E+00,0.000000E+00,0.000000E+00,0.000000E+00,2.110805E+01,7.993954E+01,2.388838E+01,6.607285E+01
02:01:00,8.007900E+03,7.573355E+02,5.575738E-01,6.688235E-02,0.000000E+00,0.000000E+00,0.000000E+00,0.000000E+00,0.000000E+00,0.000000E+00,0.000000E+00,0.000000E+00,2.110805E+01,7.993954E+01,2.388838E+01,6.609077E+01
02:02:00,8.007900E+03,7.559414E+02,5.575738E-01,6.675923E-02,0.000000E+00,0.000000E+00,0.000000E+00,0.000000E+00,0.000000E+00,0.000000E+00,0.000000E+00,0.000000E+00,2.110805E+01,7.993954E+01,2.388838E+01,6.610863E+01
02:03:00,8.007900E+03,7.545525E+02,5.575738E-01,6.663657E-02,0.000000E+00,0.000000E+00,0.000000E+00,0.000000E+00,0.000000E+00,0.000000E+00,0.000000E+00,0.000000E+00,2.110805E+01,7.993954E+01,2.388838E+01,6.612642E+01
02:04:00,8.007900E+03,7.531689E+02,5.575738E-01,6.651438E-02,0.000000E+00,0.000000E+00,0.000000E+00,0.000000E+00,0.000000E+00,0.000000E+00,0.000000E+00,0.000000E+00,2.110805E+01,7.993954E+01,2.388838E+01,6.614412E+01
02:05:00,8.007900E+03,7.517906E+02,5.575738E-01,6.639265E-02,0.000000E+00,0.000000E+00,0.000000E+00,0.000000E+00,0.000000E+00,0.000000E+00,0.000000E+00,0.000000E+00,2.110805E+01,7.993954E+01,2.388838E+01,6.616175E+01
02:06:00,8.007900E+03,7.504174E+02,5.575738E-01,6.627138E-02,0.000000E+00,0.000000E+00,0.000000E+00,0.000000E+00,0.000000E+00,0.000000E+00,0.000000E+00,0.000000E+00,2.110805E+01,7.993954E+01,2.388838E+01,6.617929E+01
02:07:00,8.007900E+03,7.490496E+02,5.575738E-01,6.615058E-02,0.000000E+00,0.000000E+00,0.000000E+00,0.000000E+00,0.000000E+00,0.000000E+00,0.000000E+00,0.000000E+00,2.110805E+01,7.993954E+01,2.388838E+01,6.619677E+01
02:08:00,8.007900E+03,7.476870E+02,5.575738E-01,6.603024E-02,0.000000E+00,0.000000E+00,0.000000E+00,0.000000E+00,0.000000E+00,0.000000E+00,0.000000E+00,0.000000E+00,2.110805E+01,7.993954E+01,2.388838E+01,6.621416E+01
02:09:00,8.007900E+03,7.463296E+02,5.575738E-01,6.591036E-02,0.000000E+00,0.000000E+00,0.000000E+00,0.000000E+00,0.000000E+00,0.000000E+00,0.000000E+00,0.000000E+00,2.110805E+01,7.993954E+01,2.388839E+01,6.623149E+01
02:10:00,8.007900E+03,7.449775E+02,5.575738E-01,6.579095E-02,0.000000E+00,0.000000E+00,0.000000E+00,0.000000E+00,0.000000E+00,0.000000E+00,0.000000E+00,0.000000E+00,2.110805E+01,7.993954E+01,2.388839E+01,6.624875E+01
02:11:00,8.007900E+03,7.436306E+02,5.575738E-01,6.567200E-02,0.000000E+00,0.000000E+00,0.000000E+00,0.000000E+00,0.000000E+00,0.000000E+00,0.000000E+00,0.000000E+00,2.110805E+01,7.993954E+01,2.388839E+01,6.626594E+01
02:12:00,8.007900E+03,7.422889E+02,5.575738E-01,6.555351E-02,0.000000E+00,0.000000E+00,0.000000E+00,0.000000E+00,0.000000E+00,0.000000E+00,0.000000E+00,0.000000E+00,2.110805E+01,7.993954E+01,2.388839E+01,6.628307E+01
02:13:00,8.007900E+03,7.409525E+02,5.575738E-01,6.543548E-02,0.000000E+00,0.000000E+00,0.000000E+00,0.000000E+00,0.000000E+00,0.000000E+00,0.000000E+00,0.000000E+00,2.110805E+01,7.993954E+01,2.388839E+01,6.630012E+01
02:14:00,8.007900E+03,7.396213E+02,5.575738E-01,6.531792E-02,0.000000E+00,0.000000E+00,0.000000E+00,0.000000E+00,0.000000E+00,0.000000E+00,0.000000E+00,0.000000E+00,2.110805E+01,7.993954E+01,2.388839E+01,6.631712E+01
02:15:00,8.007900E+03,7.382953E+02,5.575738E-01,6.520081E-02,0.000000E+00,0.000000E+00,0.000000E+00,0.000000E+00,0.000000E+00,0.000000E+00,0.000000E+00,0.000000E+00,2.110805E+01,7.993954E+01,2.388839E+01,6.633405E+01
02:16:00,8.007900E+03,7.369745E+02,5.575738E-01,6.508417E-02,0.000000E+00,0.000000E+00,0.000000E+00,0.000000E+00,0.000000E+00,0.000000E+00,0.000000E+00,0.000000E+00,2.110805E+01,7.993954E+01,2.388839E+01,6.635092E+01
02:17:00,8.007900E+03,7.356590E+02,5.575738E-01,6.496799E-02,0.000000E+00,0.000000E+00,0.000000E+00,0.000000E+00,0.000000E+00,0.000000E+00,0.000000E+00,0.000000E+00,2.110805E+01,7.993954E+01,2.388839E+01,6.636773E+01
02:18:00,8.007900E+03,7.343487E+02,5.575738E-01,6.485227E-02,0.000000E+00,0.000000E+00,0.000000E+00,0.000000E+00,0.000000E+00,0.000000E+00,0.000000E+00,0.000000E+00,2.110805E+01,7.993954E+01,2.388839E+01,6.638448E+01
02:19:00,8.007900E+03,7.330436E+02,5.575738E-01,6.473701E-02,0.000000E+00,0.000000E+00,0.000000E+00,0.000000E+00,0.000000E+00,0.000000E+00,0.000000E+00,0.000000E+00,2.110805E+01,7.993954E+01,2.388839E+01,6.640117E+01
02:20:00,8.007900E+03,7.317437E+02,5.575738E-01,6.462221E-02,0.000000E+00,0.000000E+00,0.000000E+00,0.000000E+00,0.000000E+00,0.000000E+00,0.000000E+00,0.000000E+00,2.110805E+01,7.993954E+01,2.388839E+01,6.641781E+01
02:21:00,8.007900E+03,7.304491E+02,5.575738E-01,6.450788E-02,0.000000E+00,0.000000E+00,0.000000E+00,0.000000E+00,0.000000E+00,0.000000E+00,0.000000E+00,0.000000E+00,2.110805E+01,7.993954E+01,2.388839E+01,6.643440E+01
02:22:00,8.007900E+03,7.291597E+02,5.575738E-01,6.439400E-02,0.000000E+00,0.000000E+00,0.000000E+00,0.000000E+00,0.000000E+00,0.000000E+00,0.000000E+00,0.000000E+00,2.110805E+01,7.993954E+01,2.388839E+01,6.645093E+01
02:23:00,8.007900E+03,7.278754E+02,5.575738E-01,6.428058E-02,0.000000E+00,0.000000E+00,0.000000E+00,0.000000E+00,0.000000E+00,0.000000E+00,0.000000E+00,0.000000E+00,2.110805E+01,7.993954E+01,2.388839E+01,6.646740E+01
02:24:00,8.007900E+03,7.265964E+02,5.575738E-01,6.416763E-02,0.000000E+00,0.000000E+00,0.000000E+00,0.000000E+00,0.000000E+00,0.000000E+00,0.000000E+00,0.000000E+00,2.110805E+01,7.993954E+01,2.388839E+01,6.648383E+01
02:25:00,8.007900E+03,7.253227E+02,5.575738E-01,6.405514E-02,0.000000E+00,0.000000E+00,0.000000E+00,0.000000E+00,0.000000E+00,0.000000E+00,0.000000E+00,0.000000E+00,2.110805E+01,7.993954E+01,2.388839E+01,6.650020E+01
02:26:00,8.007900E+03,7.240541E+02,5.575738E-01,6.394310E-02,0.000000E+00,0.000000E+00,0.000000E+00,0.000000E+00,0.000000E+00,0.000000E+00,0.000000E+00,0.000000E+00,2.110805E+01,7.993954E+01,2.388839E+01,6.651653E+01
02:27:00,8.007900E+03,7.227908E+02,5.575738E-01,6.383153E-02,0.000000E+00,0.000000E+00,0.000000E+00,0.000000E+00,0.000000E+00,0.000000E+00,0.000000E+00,0.000000E+00,2.110805E+01,7.993954E+01,2.388839E+01,6.653280E+01
02:28:00,8.007900E+03,7.215326E+02,5.575738E-01,6.372042E-02,0.000000E+00,0.000000E+00,0.000000E+00,0.000000E+00,0.000000E+00,0.000000E+00,0.000000E+00,0.000000E+00,2.110805E+01,7.993954E+01,2.388839E+01,6.654903E+01
02:29:00,8.007900E+03,7.202798E+02,5.575738E-01,6.360977E-02,0.000000E+00,0.000000E+00,0.000000E+00,0.000000E+00,0.000000E+00,0.000000E+00,0.000000E+00,0.000000E+00,2.110805E+01,7.993954E+01,2.388839E+01,6.656521E+01
02:30:00,8.007900E+03,7.190321E+02,5.575738E-01,6.349958E-02,0.000000E+00,0.000000E+00,0.000000E+00,0.000000E+00,0.000000E+00,0.000000E+00,0.000000E+00,0.000000E+00,2.110805E+01,7.993954E+01,2.388839E+01,6.658135E+01
02:31:00,8.007900E+03,7.177896E+02,5.575738E-01,6.338986E-02,0.000000E+00,0.000000E+00,0.000000E+00,0.000000E+00,0.000000E+00,0.000000E+00,0.000000E+00,0.000000E+00,2.110805E+01,7.993954E+01,2.388840E+01,6.659744E+01
02:32:00,8.007900E+03,7.165524E+02,5.575738E-01,6.328059E-02,0.000000E+00,0.000000E+00,0.000000E+00,0.000000E+00,0.000000E+00,0.000000E+00,0.000000E+00,0.000000E+00,2.110805E+01,7.993954E+01,2.388840E+01,6.661348E+01
02:33:00,8.007900E+03,7.153205E+02,5.575738E-01,6.317179E-02,0.000000E+00,0.000000E+00,0.000000E+00,0.000000E+00,0.000000E+00,0.000000E+00,0.000000E+00,0.000000E+00,2.110805E+01,7.993954E+01,2.388840E+01,6.662948E+01
02:34:00,8.007900E+03,7.140937E+02,5.575738E-01,6.306345E-02,0.000000E+00,0.000000E+00,0.000000E+00,0.000000E+00,0.000000E+00,0.000000E+00,0.000000E+00,0.000000E+00,2.110805E+01,7.993954E+01,2.388840E+01,6.664544E+01
02:35:00,8.007900E+03,7.128723E+02,5.575738E-01,6.295558E-02,0.000000E+00,0.000000E+00,0.000000E+00,0.000000E+00,0.000000E+00,0.000000E+00,0.000000E+00,0.000000E+00,2.110805E+01,7.993954E+01,2.388840E+01,6.666135E+01
02:36:00,8.007900E+03,7.116561E+02,5.575738E-01,6.284817E-02,0.000000E+00,0.000000E+00,0.000000E+00,0.000000E+00,0.000000E+00,0.000000E+00,0.000000E+00,0.000000E+00,2.110805E+01,7.993954E+01,2.388840E+01,6.667722E+01
02:37:00,8.007900E+03,7.104451E+02,5.575738E-01,6.274123E-02,0.000000E+00,0.000000E+00,0.000000E+00,0.000000E+00,0.000000E+00,0.000000E+00,0.000000E+00,0.000000E+00,2.110805E+01,7.993954E+01,2.388840E+01,6.669306E+01
02:38:00,8.007900E+03,7.092394E+02,5.575738E-01,6.263475E-02,0.000000E+00,0.000000E+00,0.000000E+00,0.000000E+00,0.000000E+00,0.000000E+00,0.000000E+00,0.000000E+00,2.110805E+01,7.993954E+01,2.388840E+01,6.670885E+01
02:39:00,8.007900E+03,7.080389E+02,5.575738E-01,6.252873E-02,0.000000E+00,0.000000E+00,0.000000E+00,0.000000E+00,0.000000E+00,0.000000E+00,0.000000E+00,0.000000E+00,2.110805E+01,7.993954E+01,2.388840E+01,6.672460E+01
02:40:00,8.007900E+03,7.068437E+02,5.575738E-01,6.242317E-02,0.000000E+00,0.000000E+00,0.000000E+00,0.000000E+00,0.000000E+00,0.000000E+00,0.000000E+00,0.000000E+00,2.110805E+01,7.993954E+01,2.388840E+01,6.674031E+01
02:41:00,8.007900E+03,7.056536E+02,5.575738E-01,6.231807E-02,0.000000E+00,0.000000E+00,0.000000E+00,0.000000E+00,0.000000E+00,0.000000E+00,0.000000E+00,0.000000E+00,2.110805E+01,7.993954E+01,2.388840E+01,6.675598E+01
02:42:00,8.007900E+03,7.044688E+02,5.575738E-01,6.221343E-02,0.000000E+00,0.000000E+00,0.000000E+00,0.000000E+00,0.000000E+00,0.000000E+00,0.000000E+00,0.000000E+00,2.110805E+01,7.993954E+01,2.388840E+01,6.677162E+01
02:43:00,8.007900E+03,7.032891E+02,5.575738E-01,6.210925E-02,0.000000E+00,0.000000E+00,0.000000E+00,0.000000E+00,0.000000E+00,0.000000E+00,0.000000E+00,0.000000E+00,2.110805E+01,7.993954E+01,2.388840E+01,6.678722E+01
02:44:00,8.007900E+03,7.021147E+02,5.575738E-01,6.200553E-02,0.000000E+00,0.000000E+00,0.000000E+00,0.000000E+00,0.000000E+00,0.000000E+00,0.000000E+00,0.000000E+00,2.110805E+01,7.993954E+01,2.388840E+01,6.680278E+01
02:45:00,8.007900E+03,7.009455E+02,5.575738E-01,6.190227E-02,0.000000E+00,0.000000E+00,0.000000E+00,0.000000E+00,0.000000E+00,0.000000E+00,0.000000E+00,0.000000E+00,2.110805E+01,7.993954E+01,2.388840E+01,6.681831E+01
02:46:00,8.007900E+03,6.997815E+02,5.575738E-01,6.179947E-02,0.000000E+00,0.000000E+00,0.000000E+00,0.000000E+00,0.000000E+00,0.000000E+00,0.000000E+00,0.000000E+00,2.110805E+01,7.993954E+01,2.388840E+01,6.683380E+01
02:47:00,8.007900E+03,6.986226E+02,5.575738E-01,6.169713E-02,0.000000E+00,0.000000E+00,0.000000E+00,0.000000E+00,0.000000E+00,0.000000E+00,0.000000E+00,0.000000E+00,2.110805E+01,7.993954E+01,2.388840E+01,6.684926E+01
02:48:00,8.007900E+03,6.974690E+02,5.575738E-01,6.159524E-02,0.000000E+00,0.000000E+00,0.000000E+00,0.000000E+00,0.000000E+00,0.000000E+00,0.000000E+00,0.000000E+00,2.110805E+01,7.993954E+01,2.388840E+01,6.686468E+01
02:49:00,8.007900E+03,6.963206E+02,5.575738E-01,6.149382E-02,0.000000E+00,0.000000E+00,0.000000E+00,0.000000E+00,0.000000E+00,0.000000E+00,0.000000E+00,0.000000E+00,2.110805E+01,7.993954E+01,2.388840E+01,6.688008E+01
02:50:00,8.007900E+03,6.951774E+02,5.575738E-01,6.139286E-02,0.000000E+00,0.000000E+00,0.000000E+00,0.000000E+00,0.000000E+00,0.000000E+00,0.000000E+00,0.000000E+00,2.110805E+01,7.993954E+01,2.388840E+01,6.689544E+01
02:51:00,8.007900E+03,6.940393E+02,5.575738E-01,6.129235E-02,0.000000E+00,0.000000E+00,0.000000E+00,0.000000E+00,0.000000E+00,0.000000E+00,0.000000E+00,0.000000E+00,2.110805E+01,7.993954E+01,2.388840E+01,6.691076E+01
02:52:00,8.007900E+03,6.929065E+02,5.575738E-01,6.119231E-02,0.000000E+00,0.000000E+00,0.000000E+00,0.000000E+00,0.000000E+00,0.000000E+00,0.000000E+00,0.000000E+00,2.110805E+01,7.993954E+01,2.388840E+01,6.692606E+01
02:53:00,8.007900E+03,6.917789E+02,5.575738E-01,6.109272E-02,0.000000E+00,0.000000E+00,0.000000E+00,0.000000E+00,0.000000E+00,0.000000E+00,0.000000E+00,0.000000E+00,2.110805E+01,7.993954E+01,2.388841E+01,6.694132E+01
02:54:00,8.007900E+03,6.906565E+02,5.575738E-01,6.099360E-02,0.000000E+00,0.000000E+00,0.000000E+00,0.000000E+00,0.000000E+00,0.000000E+00,0.000000E+00,0.000000E+00,2.110805E+01,7.993954E+01,2.388841E+01,6.695655E+01
02:55:00,8.007900E+03,6.895393E+02,5.575738E-01,6.089493E-02,0.000000E+00,0.000000E+00,0.000000E+00,0.000000E+00,0.000000E+00,0.000000E+00,0.000000E+00,0.000000E+00,2.110805E+01,7.993954E+01,2.388841E+01,6.697175E+01
02:56:00,8.007900E+03,6.884272E+02,5.575738E-01,6.079672E-02,0.000000E+00,0.000000E+00,0.000000E+00,0.000000E+00,0.000000E+00,0.000000E+00,0.000000E+00,0.000000E+00,2.110805E+01,7.993954E+01,2.388841E+01,6.698693E+01
02:57:00,8.007900E+03,6.873205E+02,5.575738E-01,6.069898E-02,0.000000E+00,0.000000E+00,0.000000E+00,0.000000E+00,0.000000E+00,0.000000E+00,0.000000E+00,0.000000E+00,2.110805E+01,7.993954E+01,2.388841E+01,6.700207E+01
02:58:00,8.007900E+03,6.862189E+02,5.575738E-01,6.060169E-02,0.000000E+00,0.000000E+00,0.000000E+00,0.000000E+00,0.000000E+00,0.000000E+00,0.000000E+00,0.000000E+00,2.110805E+01,7.993954E+01,2.388841E+01,6.701718E+01
02:59:00,8.007900E+03,6.851225E+02,5.575738E-01,6.050487E-02,0.000000E+00,0.000000E+00,0.000000E+00,0.000000E+00,0.000000E+00,0.000000E+00,0.000000E+00,0.000000E+00,2.110805E+01,7.993954E+01,2.388841E+01,6.703226E+01
03:00:00,8.007900E+03,6.840314E+02,5.575738E-01,6.040850E-02,0.000000E+00,0.000000E+00,0.000000E+00,0.000000E+00,0.000000E+00,0.000000E+00,0.000000E+00,0.000000E+00,2.110805E+01,7.993954E+01,2.388841E+01,6.704731E+01
03:01:00,8.007900E+03,6.829426E+02,5.575738E-01,6.031235E-02,0.000000E+00,0.000000E+00,0.000000E+00,0.000000E+00,0.000000E+00,0.000000E+00,0.000000E+00,0.000000E+00,2.110805E+01,7.993954E+01,2.388841E+01,6.706234E+01
03:02:00,8.007900E+03,6.818562E+02,5.575738E-01,6.021641E-02,0.000000E+00,0.000000E+00,0.000000E+00,0.000000E+00,0.000000E+00,0.000000E+00,0.000000E+00,0.000000E+00,2.110805E+01,7.993954E+01,2.388841E+01,6.707733E+01
03:03:00,8.007901E+03,6.807723E+02,5.575738E-01,6.012068E-02,0.000000E+00,0.000000E+00,0.000000E+00,0.000000E+00,0.000000E+00,0.000000E+00,0.000000E+00,0.000000E+00,2.110805E+01,7.993954E+01,2.388841E+01,6.709230E+01
03:04:00,8.007901E+03,6.796907E+02,5.575738E-01,6.002516E-02,0.000000E+00,0.000000E+00,0.000000E+00,0.000000E+00,0.000000E+00,0.000000E+00,0.000000E+00,0.000000E+00,2.110805E+01,7.993954E+01,2.388841E+01,6.710724E+01
03:05:00,8.007901E+03,6.786116E+02,5.575738E-01,5.992986E-02,0.000000E+00,0.000000E+00,0.000000E+00,0.000000E+00,0.000000E+00,0.000000E+00,0.000000E+00,0.000000E+00,2.110805E+01,7.993954E+01,2.388841E+01,6.712215E+01
03:06:00,8.007901E+03,6.775350E+02,5.575738E-01,5.983477E-02,0.000000E+00,0.000000E+00,0.000000E+00,0.000000E+00,0.000000E+00,0.000000E+00,0.000000E+00,0.000000E+00,2.110805E+01,7.993954E+01,2.388841E+01,6.713703E+01
03:07:00,8.007901E+03,6.764608E+02,5.575738E-01,5.973991E-02,0.000000E+00,0.000000E+00,0.000000E+00,0.000000E+00,0.000000E+00,0.000000E+00,0.000000E+00,0.000000E+00,2.110805E+01,7.993954E+01,2.388841E+01,6.715189E+01
03:08:00,8.007901E+03,6.753890E+02,5.575738E-01,5.964525E-02,0.000000E+00,0.000000E+00,0.000000E+00,0.000000E+00,0.000000E+00,0.000000E+00,0.000000E+00,0.000000E+00,2.110805E+01,7.993954E+01,2.388841E+01,6.716671E+01
03:09:00,8.007901E+03,6.743197E+02,5.575738E-01,5.955082E-02,0.000000E+00,0.000000E+00,0.000000E+00,0.000000E+00,0.000000E+00,0.000000E+00,0.000000E+00,0.000000E+00,2.110805E+01,7.993954E+01,2.388841E+01,6.718151E+01
03:10:00,8.007901E+03,6.732530E+02,5.575738E-01,5.945661E-02,0.000000E+00,0.000000E+00,0.000000E+00,0.000000E+00,0.000000E+00,0.000000E+00,0.000000E+00,0.000000E+00,2.110805E+01,7.993954E+01,2.388841E+01,6.719628E+01
03:11:00,8.007901E+03,6.721888E+02,5.575738E-01,5.936263E-02,0.000000E+00,0.000000E+00,0.000000E+00,0.000000E+00,0.000000E+00,0.000000E+00,0.000000E+00,0.000000E+00,2.110805E+01,7.993954E+01,2.388841E+01,6.721102E+01
03:12:00,8.007901E+03,6.711272E+02,5.575738E-01,5.926887E-02,0.000000E+00,0.000000E+00,0.000000E+00,0.000000E+00,0.000000E+00,0.000000E+00,0.000000E+00,0.000000E+00,2.110805E+01,7.993954E+01,2.388841E+01,6.722573E+01
03:13:00,8.007901E+03,6.700681E+02,5.575738E-01,5.917534E-02,0.000000E+00,0.000000E+00,0.000000E+00,0.000000E+00,0.000000E+00,0.000000E+00,0.000000E+00,0.000000E+00,2.110805E+01,7.993954E+01,2.388841E+01,6.724042E+01
03:14:00,8.007901E+03,6.690116E+02,5.575738E-01,5.908204E-02,0.000000E+00,0.000000E+00,0.000000E+00,0.000000E+00,0.000000E+00,0.000000E+00,0.000000E+00,0.000000E+00,2.110805E+01,7.993954E+01,2.388841E+01,6.725507E+01
03:15:00,8.007901E+03,6.679576E+02,5.575739E-01,5.898895E-02,0.000000E+00,0.000000E+00,0.000000E+00,0.000000E+00,0.000000E+00,0.000000E+00,0.000000E+00,0.000000E+00,2.110805E+01,7.993954E+01,2.388841E+01,6.726970E+01
03:16:00,8.007901E+03,6.669060E+02,5.575739E-01,5.889608E-02,0.000000E+00,0.000000E+00,0.000000E+00,0.000000E+00,0.000000E+00,0.000000E+00,0.000000E+00,0.000000E+00,2.110805E+01,7.993954E+01,2.388842E+01,6.728430E+01
03:17:00,8.007901E+03,6.658569E+02,5.575739E-01,5.880343E-02,0.000000E+00,0.000000E+00,0.000000E+00,0.000000E+00,0.000000E+00,0.000000E+00,0.000000E+00,0.000000E+00,2.110805E+01,7.993954E+01,2.388842E+01,6.729887E+01
03:18:00,8.007901E+03,6.648102E+02,5.575739E-01,5.871099E-02,0.000000E+00,0.000000E+00,0.000000E+00,0.000000E+00,0.000000E+00,0.000000E+00,0.000000E+00,0.000000E+00,2.110805E+01,7.993954E+01,2.388842E+01,6.731342E+01
03:19:00,8.007901E+03,6.637660E+02,5.575739E-01,5.861877E-02,0.000000E+00,0.000000E+00,0.000000E+00,0.000000E+00,0.000000E+00,0.000000E+00,0.000000E+00,0.000000E+00,2.110805E+01,7.993954E+01,2.388842E+01,6.732794E+01
03:20:00,8.007901E+03,6.627241E+02,5.575739E-01,5.852676E-02,0.000000E+00,0.000000E+00,0.000000E+00,0.000000E+00,0.000000E+00,0.000000E+00,0.000000E+00,0.000000E+00,2.110805E+01,7.993954E+01,2.388842E+01,6.734244E+01
03:21:00,8.007901E+03,6.616847E+02,5.575739E-01,5.843496E-02,0.000000E+00,0.000000E+00,0.000000E+00,0.000000E+00,0.000000E+00,0.000000E+00,0.000000E+00,0.000000E+00,2.110805E+01,7.993954E+01,2.388842E+01,6.735692E+01
03:22:00,8.007901E+03,6.606477E+02,5.575739E-01,5.834338E-02,0.000000E+00,0.000000E+00,0.000000E+00,0.000000E+00,0.000000E+00,0.000000E+00,0.000000E+00,0.000000E+00,2.110805E+01,7.993954E+01,2.388842E+01,6.737137E+01
03:23:00,8.007901E+03,6.596131E+02,5.575739E-01,5.825201E-02,0.000000E+00,0.000000E+00,0.000000E+00,0.000000E+00,0.000000E+00,0.000000E+00,0.000000E+00,0.000000E+00,2.110805E+01,7.993954E+01,2.388842E+01,6.738579E+01
03:24:00,8.007901E+03,6.585808E+02,5.575739E-01,5.816085E-02,0.000000E+00,0.000000E+00,0.000000E+00,0.000000E+00,0.000000E+00,0.000000E+00,0.000000E+00,0.000000E+00,2.110805E+01,7.993954E+01,2.388842E+01,6.740019E+01
03:25:00,8.007901E+03,6.575510E+02,5.575739E-01,5.806990E-02,0.000000E+00,0.000000E+00,0.000000E+00,0.000000E+00,0.000000E+00,0.000000E+00,0.000000E+00,0.000000E+00,2.110805E+01,7.993954E+01,2.388842E+01,6.741457E+01
03:26:00,8.007901E+03,6.565235E+02,5.575739E-01,5.797916E-02,0.000000E+00,0.000000E+00,0.000000E+00,0.000000E+00,0.000000E+00,0.000000E+00,0.000000E+00,0.000000E+00,2.110805E+01,7.993954E+01,2.388842E+01,6.742893E+01
03:27:00,8.007901E+03,6.554984E+02,5.575739E-01,5.788863E-02,0.000000E+00,0.000000E+00,0.000000E+00,0.000000E+00,0.000000E+00,0.000000E+00,0.000000E+00,0.000000E+00,2.110805E+01,7.993954E+01,2.388842E+01,6.744326E+01
03:28:00,8.007901E+03,6.544757E+02,5.575739E-01,5.779830E-02,0.000000E+00,0.000000E+00,0.000000E+00,0.000000E+00,0.000000E+00,0.000000E+00,0.000000E+00,0.000000E+00,2.110805E+01,7.993954E+01,2.388842E+01,6.745757E+01
03:29:00,8.007901E+03,6.534554E+02,5.575739E-01,5.770819E-02,0.000000E+00,0.000000E+00,0.000000E+00,0.000000E+00,0.000000E+00,0.000000E+00,0.000000E+00,0.000000E+00,2.110805E+01,7.993954E+01,2.388842E+01,6.747186E+01
03:30:00,8.007901E+03,6.524374E+02,5.575739E-01,5.761829E-02,0.000000E+00,0.000000E+00,0.000000E+00,0.000000E+00,0.000000E+00,0.000000E+00,0.000000E+00,0.000000E+00,2.110805E+01,7.993954E+01,2.388842E+01,6.748612E+01
03:31:00,8.007901E+03,6.514219E+02,5.575739E-01,5.752860E-02,0.000000E+00,0.000000E+00,0.000000E+00,0.000000E+00,0.000000E+00,0.000000E+00,0.000000E+00,0.000000E+00,2.110805E+01,7.993954E+01,2.388842E+01,6.750036E+01
03:32:00,8.007901E+03,6.504087E+02,5.575739E-01,5.743912E-02,0.000000E+00,0.000000E+00,0.000000E+00,0.000000E+00,0.000000E+00,0.000000E+00,0.000000E+00,0.000000E+00,2.110805E+01,7.993954E+01,2.388842E+01,6.751459E+01
03:33:00,8.007901E+03,6.493978E+02,5.575739E-01,5.734985E-02,0.000000E+00,0.000000E+00,0.000000E+00,0.000000E+00,0.000000E+00,0.000000E+00,0.000000E+00,0.000000E+00,2.110805E+01,7.993954E+01,2.388842E+01,6.752878E+01
03:34:00,8.007901E+03,6.483894E+02,5.575739E-01,5.726079E-02,0.000000E+00,0.000000E+00,0.000000E+00,0.000000E+00,0.000000E+00,0.000000E+00,0.000000E+00,0.000000E+00,2.110805E+01,7.993954E+01,2.388842E+01,6.754296E+01
03:35:00,8.007901E+03,6.473833E+02,5.575739E-01,5.717194E-02,0.000000E+00,0.000000E+00,0.000000E+00,0.000000E+00,0.000000E+00,0.000000E+00,0.000000E+00,0.000000E+00,2.110805E+01,7.993954E+01,2.388842E+01,6.755711E+01
03:36:00,8.007901E+03,6.463796E+02,5.575739E-01,5.708330E-02,0.000000E+00,0.000000E+00,0.000000E+00,0.000000E+00,0.000000E+00,0.000000E+00,0.000000E+00,0.000000E+00,2.110805E+01,7.993954E+01,2.388842E+01,6.757124E+01
03:37:00,8.007901E+03,6.453783E+02,5.575739E-01,5.699487E-02,0.000000E+00,0.000000E+00,0.000000E+00,0.000000E+00,0.000000E+00,0.000000E+00,0.000000E+00,0.000000E+00,2.110805E+01,7.993954E+01,2.388842E+01,6.758534E+01
03:38:00,8.007901E+03,6.443794E+02,5.575739E-01,5.690666E-02,0.000000E+00,0.000000E+00,0.000000E+00,0.000000E+00,0.000000E+00,0.000000E+00,0.000000E+00,0.000000E+00,2.110805E+01,7.993954E+01,2.388842E+01,6.759942E+01
03:39:00,8.007901E+03,6.433831E+02,5.575739E-01,5.681866E-02,0.000000E+00,0.000000E+00,0.000000E+00,0.000000E+00,0.000000E+00,0.000000E+00,0.000000E+00,0.000000E+00,2.110805E+01,7.993954E+01,2.388843E+01,6.761349E+01
03:40:00,8.007901E+03,6.423892E+02,5.575739E-01,5.673088E-02,0.000000E+00,0.000000E+00,0.000000E+00,0.000000E+00,0.000000E+00,0.000000E+00,0.000000E+00,0.000000E+00,2.110805E+01,7.993954E+01,2.388843E+01,6.762752E+01
03:41:00,8.007901E+03,6.413978E+02,5.575739E-01,5.664333E-02,0.000000E+00,0.000000E+00,0.000000E+00,0.000000E+00,0.000000E+00,0.000000E+00,0.000000E+00,0.000000E+00,2.110805E+01,7.993954E+01,2.388843E+01,6.764153E+01
03:42:00,8.007901E+03,6.404090E+02,5.575739E-01,5.655600E-02,0.000000E+00,0.000000E+00,0.000000E+00,0.000000E+00,0.000000E+00,0.000000E+00,0.000000E+00,0.000000E+00,2.110805E+01,7.993954E+01,2.388843E+01,6.765552E+01
03:43:00,8.007901E+03,6.394227E+02,5.575739E-01,5.646890E-02,0.000000E+00,0.000000E+00,0.000000E+00,0.000000E+00,0.000000E+00,0.000000E+00,0.000000E+00,0.000000E+00,2.110805E+01,7.993954E+01,2.388843E+01,6.766948E+01
03:44:00,8.007901E+03,6.384391E+02,5.575739E-01,5.638204E-02,0.000000E+00,0.000000E+00,0.000000E+00,0.000000E+00,0.000000E+00,0.000000E+00,0.000000E+00,0.000000E+00,2.110805E+01,7.993954E+01,2.388843E+01,6.768342E+01
03:45:00,8.007901E+03,6.374582E+02,5.575739E-01,5.629541E-02,0.000000E+00,0.000000E+00,0.000000E+00,0.000000E+00,0.000000E+00,0.000000E+00,0.000000E+00,0.000000E+00,2.110805E+01,7.993954E+01,2.388843E+01,6.769733E+01
03:46:00,8.007901E+03,6.364801E+02,5.575739E-01,5.620902E-02,0.000000E+00,0.000000E+00,0.000000E+00,0.000000E+00,0.000000E+00,0.000000E+00,0.000000E+00,0.000000E+00,2.110805E+01,7.993954E+01,2.388843E+01,6.771121E+01
03:47:00,8.007901E+03,6.355048E+02,5.575739E-01,5.612289E-02,0.000000E+00,0.000000E+00,0.000000E+00,0.000000E+00,0.000000E+00,0.000000E+00,0.000000E+00,0.000000E+00,2.110805E+01,7.993954E+01,2.388843E+01,6.772507E+01
03:48:00,8.007901E+03,6.345324E+02,5.575739E-01,5.603702E-02,0.000000E+00,0.000000E+00,0.000000E+00,0.000000E+00,0.000000E+00,0.000000E+00,0.000000E+00,0.000000E+00,2.110805E+01,7.993954E+01,2.388843E+01,6.773889E+01
03:49:00,8.007901E+03,6.335623E+02,5.575739E-01,5.595135E-02,0.000000E+00,0.000000E+00,0.000000E+00,0.000000E+00,0.000000E+00,0.000000E+00,0.000000E+00,0.000000E+00,2.110805E+01,7.993954E+01,2.388843E+01,6.775269E+01
03:50:00,8.007901E+03,6.325944E+02,5.575739E-01,5.586586E-02,0.000000E+00,0.000000E+00,0.000000E+00,0.000000E+00,0.000000E+00,0.000000E+00,0.000000E+00,0.000000E+00,2.110805E+01,7.993954E+01,2.388843E+01,6.776646E+01
03:51:00,8.007901E+03,6.316283E+02,5.575739E-01,5.578054E-02,0.000000E+00,0.000000E+00,0.000000E+00,0.000000E+00,0.000000E+00,0.000000E+00,0.000000E+00,0.000000E+00,2.110805E+01,7.993954E+01,2.388843E+01,6.778021E+01
03:52:00,8.007901E+03,6.306640E+02,5.575739E-01,5.569538E-02,0.000000E+00,0.000000E+00,0.000000E+00,0.000000E+00,0.000000E+00,0.000000E+00,0.000000E+00,0.000000E+00,2.110805E+01,7.993954E+01,2.388843E+01,6.779395E+01
03:53:00,8.007901E+03,6.297014E+02,5.575739E-01,5.561037E-02,0.000000E+00,0.000000E+00,0.000000E+00,0.000000E+00,0.000000E+00,0.000000E+00,0.000000E+00,0.000000E+00,2.110805E+01,7.993954E+01,2.388843E+01,6.780768E+01
03:54:00,8.007901E+03,6.287403E+02,5.575739E-01,5.552549E-02,0.000000E+00,0.000000E+00,0.000000E+00,0.000000E+00,0.000000E+00,0.000000E+00,0.000000E+00,0.000000E+00,2.110805E+01,7.993954E+01,2.388843E+01,6.782141E+01
03:55:00,8.007901E+03,6.277808E+02,5.575739E-01,5.544075E-02,0.000000E+00,0.000000E+00,0.000000E+00,0.000000E+00,0.000000E+00,0.000000E+00,0.000000E+00,0.000000E+00,2.110805E+01,7.993954E+01,2.388843E+01,6.783513E+01
03:56:00,8.007901E+03,6.268226E+02,5.575739E-01,5.535613E-02,0.000000E+00,0.000000E+00,0.000000E+00,0.000000E+00,0.000000E+00,0.000000E+00,0.000000E+00,0.000000E+00,2.110805E+01,7.993954E+01,2.388843E+01,6.784885E+01
03:57:00,8.007901E+03,6.258657E+02,5.575739E-01,5.527162E-02,0.000000E+00,0.000000E+00,0.000000E+00,0.000000E+00,0.000000E+00,0.000000E+00,0.000000E+00,0.000000E+00,2.110805E+01,7.993954E+01,2.388843E+01,6.786257E+01
03:58:00,8.007901E+03,6.249101E+02,5.575739E-01,5.518723E-02,0.000000E+00,0.000000E+00,0.000000E+00,0.000000E+00,0.000000E+00,0.000000E+00,0.000000E+00,0.000000E+00,2.110805E+01,7.993954E+01,2.388843E+01,6.787628E+01
03:59:00,8.007901E+03,6.239557E+02,5.575739E-01,5.510294E-02,0.000000E+00,0.000000E+00,0.000000E+00,0.000000E+00,0.000000E+00,0.000000E+00,0.000000E+00,0.000000E+00,2.110805E+01,7.993954E+01,2.388843E+01,6.789000E+01
04:00:00,8.007901E+03,6.230025E+02,5.575739E-01,5.501876E-02,0.000000E+00,0.000000E+00,0.000000E+00,0.000000E+00,0.000000E+00,0.000000E+00,0.000000E+00,0.000000E+00,2.110805E+01,7.993954E+01,2.388844E+01,6.790372E+01
04:01:00,8.007901E+03,6.220531E+02,5.575739E-01,5.493492E-02,0.000000E+00,0.000000E+00,0.000000E+00,0.000000E+00,0.000000E+00,0.000000E+00,0.000000E+00,0.000000E+00,2.110805E+01,7.993954E+01,2.388844E+01,6.791744E+01
04:02:00,8.007901E+03,6.211076E+02,5.575739E-01,5.485142E-02,0.000000E+00,0.000000E+00,0.000000E+00,0.000000E+00,0.000000E+00,0.000000E+00,0.000000E+00,0.000000E+00,2.110805E+01,7.993954E+01,2.388844E+01,6.793113E+01
04:03:00,8.007901E+03,6.201660E+02,5.575739E-01,5.476825E-02,0.000000E+00,0.000000E+00,0.000000E+00,0.000000E+00,0.000000E+00,0.000000E+00,0.000000E+00,0.000000E+00,2.110805E+01,7.993954E+01,2.388844E+01,6.794477E+01
04:04:00,8.007901E+03,6.192280E+02,5.575739E-01,5.468542E-02,0.000000E+00,0.000000E+00,0.000000E+00,0.000000E+00,0.000000E+00,0.000000E+00,0.000000E+00,0.000000E+00,2.110805E+01,7.993954E+01,2.388844E+01,6.795835E+01
04:05:00,8.007901E+03,6.182938E+02,5.575739E-01,5.460291E-02,0.000000E+00,0.000000E+00,0.000000E+00,0.000000E+00,0.000000E+00,0.000000E+00,0.000000E+00,0.000000E+00,2.110805E+01,7.993954E+01,2.388844E+01,6.797188E+01
04:06:00,8.007901E+03,6.173632E+02,5.575739E-01,5.452073E-02,0.000000E+00,0.000000E+00,0.000000E+00,0.000000E+00,0.000000E+00,0.000000E+00,0.000000E+00,0.000000E+00,2.110805E+01,7.993954E+01,2.388844E+01,6.798535E+01
04:07:00,8.007901E+03,6.164363E+02,5.575739E-01,5.443887E-02,0.000000E+00,0.000000E+00,0.000000E+00,0.000000E+00,0.000000E+00,0.000000E+00,0.000000E+00,0.000000E+00,2.110805E+01,7.993954E+01,2.388844E+01,6.799876E+01
04:08:00,8.007901E+03,6.155129E+02,5.575739E-01,5.435732E-02,0.000000E+00,0.000000E+00,0.000000E+00,0.000000E+00,0.000000E+00,0.000000E+00,0.000000E+00,0.000000E+00,2.110805E+01,7.993954E+01,2.388844E+01,6.801213E+01
04:09:00,8.007901E+03,6.145931E+02,5.575739E-01,5.427608E-02,0.000000E+00,0.000000E+00,0.000000E+00,0.000000E+00,0.000000E+00,0.000000E+00,0.000000E+00,0.000000E+00,2.110805E+01,7.993954E+01,2.388844E+01,6.802546E+01
04:10:00,8.007901E+03,6.136767E+02,5.575739E-01,5.419515E-02,0.000000E+00,0.000000E+00,0.000000E+00,0.000000E+00,0.000000E+00,0.000000E+00,0.000000E+00,0.000000E+00,2.110805E+01,7.993954E+01,2.388844E+01,6.803873E+01
04:11:00,8.007901E+03,6.127638E+02,5.575739E-01,5.411453E-02,0.000000E+00,0.000000E+00,0.000000E+00,0.000000E+00,0.000000E+00,0.000000E+00,0.000000E+00,0.000000E+00,2.110805E+01,7.993954E+01,2.388844E+01,6.805196E+01
04:12:00,8.007901E+03,6.118541E+02,5.575739E-01,5.403419E-02,0.000000E+00,0.000000E+00,0.000000E+00,0.000000E+00,0.000000E+00,0.000000E+00,0.000000E+00,0.000000E+00,2.110805E+01,7.993954E+01,2.388844E+01,6.806514E+01
04:13:00,8.007901E+03,6.109479E+02,5.575739E-01,5.395417E-02,0.000000E+00,0.000000E+00,0.000000E+00,0.000000E+00,0.000000E+00,0.000000E+00,0.000000E+00,0.000000E+00,2.110805E+01,7.993954E+01,2.388844E+01,6.807827E+01
04:14:00,8.007901E+03,6.100456E+02,5.575739E-01,5.387448E-02,0.000000E+00,0.000000E+00,0.000000E+00,0.000000E+00,0.000000E+00,0.000000E+00,0.000000E+00,0.000000E+00,2.110805E+01,7.993954E+01,2.388844E+01,6.809137E+01
04:15:00,8.007901E+03,6.091465E+02,5.575739E-01,5.379507E-02,0.000000E+00,0.000000E+00,0.000000E+00,0.000000E+00,0.000000E+00,0.000000E+00,0.000000E+00,0.000000E+00,2.110805E+01,7.993954E+01,2.388844E+01,6.810441E+01
04:16:00,8.007901E+03,6.082511E+02,5.575739E-01,5.371599E-02,0.000000E+00,0.000000E+00,0.000000E+00,0.000000E+00,0.000000E+00,0.000000E+00,0.000000E+00,0.000000E+00,2.110805E+01,7.993954E+01,2.388844E+01,6.811742E+01
04:17:00,8.007901E+03,6.073589E+02,5.575739E-01,5.363720E-02,0.000000E+00,0.000000E+00,0.000000E+00,0.000000E+00,0.000000E+00,0.000000E+00,0.000000E+00,0.000000E+00,2.110805E+01,7.993954E+01,2.388844E+01,6.813038E+01
04:18:00,8.007901E+03,6.064705E+02,5.575739E-01,5.355875E-02,0.000000E+00,0.000000E+00,0.000000E+00,0.000000E+00,0.000000E+00,0.000000E+00,0.000000E+00,0.000000E+00,2.110805E+01,7.993954E+01,2.388844E+01,6.814329E+01
04:19:00,8.007901E+03,6.055855E+02,5.575739E-01,5.348058E-02,0.000000E+00,0.000000E+00,0.000000E+00,0.000000E+00,0.000000E+00,0.000000E+00,0.000000E+00,0.000000E+00,2.110805E+01,7.993954E+01,2.388844E+01,6.815617E+01
04:20:00,8.007901E+03,6.047044E+02,5.575739E-01,5.340277E-02,0.000000E+00,0.000000E+00,0.000000E+00,0.000000E+00,0.000000E+00,0.000000E+00,0.000000E+00,0.000000E+00,2.110805E+01,7.993954E+01,2.388844E+01,6.816901E+01
04:21:00,8.007901E+03,6.038267E+02,5.575739E-01,5.332526E-02,0.000000E+00,0.000000E+00,0.000000E+00,0.000000E+00,0.000000E+00,0.000000E+00,0.000000E+00,0.000000E+00,2.110805E+01,7.993954E+01,2.388844E+01,6.818179E+01
04:22:00,8.007901E+03,6.029532E+02,5.575739E-01,5.324811E-02,0.000000E+00,0.000000E+00,0.000000E+00,0.000000E+00,0.000000E+00,0.000000E+00,0.000000E+00,0.000000E+00,2.110805E+01,7.993954E+01,2.388844E+01,6.819455E+01
04:23:00,8.007901E+03,6.020831E+02,5.575739E-01,5.317127E-02,0.000000E+00,0.000000E+00,0.000000E+00,0.000000E+00,0.000000E+00,0.000000E+00,0.000000E+00,0.000000E+00,2.110805E+01,7.993954E+01,2.388844E+01,6.820725E+01
04:24:00,8.007901E+03,6.012169E+02,5.575739E-01,5.309477E-02,0.000000E+00,0.000000E+00,0.000000E+00,0.000000E+00,0.000000E+00,0.000000E+00,0.000000E+00,0.000000E+00,2.110805E+01,7.993954E+01,2.388844E+01,6.821991E+01
04:25:00,8.007901E+03,6.003538E+02,5.575739E-01,5.301855E-02,0.000000E+00,0.000000E+00,0.000000E+00,0.000000E+00,0.000000E+00,0.000000E+00,0.000000E+00,0.000000E+00,2.110805E+01,7.993954E+01,2.388844E+01,6.823253E+01
04:26:00,8.007901E+03,5.994942E+02,5.575739E-01,5.294264E-02,0.000000E+00,0.000000E+00,0.000000E+00,0.000000E+00,0.000000E+00,0.000000E+00,0.000000E+00,0.000000E+00,2.110805E+01,7.993954E+01,2.388845E+01,6.824511E+01
04:27:00,8.007901E+03,5.986377E+02,5.575739E-01,5.286699E-02,0.000000E+00,0.000000E+00,0.000000E+00,0.000000E+00,0.000000E+00,0.000000E+00,0.000000E+00,0.000000E+00,2.110805E+01,7.993954E+01,2.388845E+01,6.825766E+01
04:28:00,8.007901E+03,5.977846E+02,5.575739E-01,5.279165E-02,0.000000E+00,0.000000E+00,0.000000E+00,0.000000E+00,0.000000E+00,0.000000E+00,0.000000E+00,0.000000E+00,2.110805E+01,7.993954E+01,2.388845E+01,6.827017E+01
04:29:00,8.007901E+03,5.969345E+02,5.575739E-01,5.271658E-02,0.000000E+00,0.000000E+00,0.000000E+00,0.000000E+00,0.000000E+00,0.000000E+00,0.000000E+00,0.000000E+00,2.110805E+01,7.993954E+01,2.388845E+01,6.828266E+01
04:30:00,8.007901E+03,5.960877E+02,5.575739E-01,5.264179E-02,0.000000E+00,0.000000E+00,0.000000E+00,0.000000E+00,0.000000E+00,0.000000E+00,0.000000E+00,0.000000E+00,2.110805E+01,7.993954E+01,2.388845E+01,6.829512E+01
04:31:00,8.007901E+03,5.952436E+02,5.575739E-01,5.256724E-02,0.000000E+00,0.000000E+00,0.000000E+00,0.000000E+00,0.000000E+00,0.000000E+00,0.000000E+00,0.000000E+00,2.110805E+01,7.993954E+01,2.388845E+01,6.830755E+01
04:32:00,8.007901E+03,5.944025E+02,5.575739E-01,5.249296E-02,0.000000E+00,0.000000E+00,0.000000E+00,0.000000E+00,0.000000E+00,0.000000E+00,0.000000E+00,0.000000E+00,2.110805E+01,7.993954E+01,2.388845E+01,6.831996E+01
04:33:00,8.007901E+03,5.935639E+02,5.575739E-01,5.241890E-02,0.000000E+00,0.000000E+00,0.000000E+00,0.000000E+00,0.000000E+00,0.000000E+00,0.000000E+00,0.000000E+00,2.110805E+01,7.993954E+01,2.388845E+01,6.833234E+01
04:34:00,8.007901E+03,5.927281E+02,5.575739E-01,5.234509E-02,0.000000E+00,0.000000E+00,0.000000E+00,0.000000E+00,0.000000E+00,0.000000E+00,0.000000E+00,0.000000E+00,2.110805E+01,7.993954E+01,2.388845E+01,6.834470E+01
04:35:00,8.007901E+03,5.918946E+02,5.575739E-01,5.227148E-02,0.000000E+00,0.000000E+00,0.000000E+00,0.000000E+00,0.000000E+00,0.000000E+00,0.000000E+00,0.000000E+00,2.110805E+01,7.993954E+01,2.388845E+01,6.835705E+01
04:36:00,8.007901E+03,5.910638E+02,5.575739E-01,5.219811E-02,0.000000E+00,0.000000E+00,0.000000E+00,0.000000E+00,0.000000E+00,0.000000E+00,0.000000E+00,0.000000E+00,2.110805E+01,7.993954E+01,2.388845E+01,6.836938E+01
04:37:00,8.007901E+03,5.902351E+02,5.575739E-01,5.212492E-02,0.000000E+00,0.000000E+00,0.000000E+00,0.000000E+00,0.000000E+00,0.000000E+00,0.000000E+00,0.000000E+00,2.110805E+01,7.993954E+01,2.388845E+01,6.838169E+01
04:38:00,8.007901E+03,5.894090E+02,5.575739E-01,5.205196E-02,0.000000E+00,0.000000E+00,0.000000E+00,0.000000E+00,0.000000E+00,0.000000E+00,0.000000E+00,0.000000E+00,2.110805E+01,7.993954E+01,2.388845E+01,6.839399E+01
04:39:00,8.007901E+03,5.886177E+02,5.575739E-01,5.198208E-02,0.000000E+00,0.000000E+00,0.000000E+00,0.000000E+00,0.000000E+00,0.000000E+00,0.000000E+00,0.000000E+00,2.110805E+01,7.993954E+01,2.388845E+01,6.840628E+01
04:40:00,8.007901E+03,5.878356E+02,5.575739E-01,5.191301E-02,0.000000E+00,0.000000E+00,0.000000E+00,0.000000E+00,0.000000E+00,0.000000E+00,0.000000E+00,0.000000E+00,2.110805E+01,7.993954E+01,2.388845E+01,6.841817E+01
04:41:00,8.007901E+03,5.870612E+02,5.575739E-01,5.184462E-02,0.000000E+00,0.000000E+00,0.000000E+00,0.000000E+00,0.000000E+00,0.000000E+00,0.000000E+00,0.000000E+00,2.110805E+01,7.993954E+01,2.388845E+01,6.842971E+01
04:42:00,8.007901E+03,5.862936E+02,5.575739E-01,5.177683E-02,0.000000E+00,0.000000E+00,0.000000E+00,0.000000E+00,0.000000E+00,0.000000E+00,0.000000E+00,0.000000E+00,2.110805E+01,7.993954E+01,2.388845E+01,6.844105E+01
04:43:00,8.007901E+03,5.855327E+02,5.575739E-01,5.170963E-02,0.000000E+00,0.000000E+00,0.000000E+00,0.000000E+00,0.000000E+00,0.000000E+00,0.000000E+00,0.000000E+00,2.110805E+01,7.993954E+01,2.388845E+01,6.845227E+01
04:44:00,8.007901E+03,5.847793E+02,5.575739E-01,5.164310E-02,0.000000E+00,0.000000E+00,0.000000E+00,0.000000E+00,0.000000E+00,0.000000E+00,0.000000E+00,0.000000E+00,2.110805E+01,7.993954E+01,2.388845E+01,6.846341E+01
04:45:00,8.007901E+03,5.840340E+02,5.575739E-01,5.157727E-02,0.000000E+00,0.000000E+00,0.000000E+00,0.000000E+00,0.000000E+00,0.000000E+00,0.000000E+00,0.000000E+00,2.110805E+01,7.993954E+01,2.388845E+01,6.847445E+01
04:46:00,8.007901E+03,5.833048E+02,5.575739E-01,5.151288E-02,0.000000E+00,0.000000E+00,0.000000E+00,0.000000E+00,0.000000E+00,0.000000E+00,0.000000E+00,0.000000E+00,2.110805E+01,7.993954E+01,2.388845E+01,6.848538E+01
04:47:00,8.007901E+03,5.825857E+02,5.575739E-01,5.144937E-02,0.000000E+00,0.000000E+00,0.000000E+00,0.000000E+00,0.000000E+00,0.000000E+00,0.000000E+00,0.000000E+00,2.110805E+01,7.993954E+01,2.388845E+01,6.849610E+01
04:48:00,8.007901E+03,5.818766E+02,5.575739E-01,5.138675E-02,0.000000E+00,0.000000E+00,0.000000E+00,0.000000E+00,0.000000E+00,0.000000E+00,0.000000E+00,0.000000E+00,2.110805E+01,7.993954E+01,2.388845E+01,6.850663E+01
04:49:00,8.007901E+03,5.811785E+02,5.575739E-01,5.132509E-02,0.000000E+00,0.000000E+00,0.000000E+00,0.000000E+00,0.000000E+00,0.000000E+00,0.000000E+00,0.000000E+00,2.110805E+01,7.993954E+01,2.388845E+01,6.851697E+01
04:50:00,8.007901E+03,5.804919E+02,5.575739E-01,5.126446E-02,0.000000E+00,0.000000E+00,0.000000E+00,0.000000E+00,0.000000E+00,0.000000E+00,0.000000E+00,0.000000E+00,2.110805E+01,7.993954E+01,2.388845E+01,6.852715E+01
04:51:00,8.007901E+03,5.798173E+02,5.575739E-01,5.120488E-02,0.000000E+00,0.000000E+00,0.000000E+00,0.000000E+00,0.000000E+00,0.000000E+00,0.000000E+00,0.000000E+00,2.110805E+01,7.993954E+01,2.388845E+01,6.853718E+01
04:52:00,8.007901E+03,5.791551E+02,5.575739E-01,5.114640E-02,0.000000E+00,0.000000E+00,0.000000E+00,0.000000E+00,0.000000E+00,0.000000E+00,0.000000E+00,0.000000E+00,2.110805E+01,7.993954E+01,2.388845E+01,6.854704E+01
04:53:00,8.007901E+03,5.785057E+02,5.575739E-01,5.108905E-02,0.000000E+00,0.000000E+00,0.000000E+00,0.000000E+00,0.000000E+00,0.000000E+00,0.000000E+00,0.000000E+00,2.110805E+01,7.993954E+01,2.388845E+01,6.855673E+01
04:54:00,8.007901E+03,5.778696E+02,5.575739E-01,5.103287E-02,0.000000E+00,0.000000E+00,0.000000E+00,0.000000E+00,0.000000E+00,0.000000E+00,0.000000E+00,0.000000E+00,2.110805E+01,7.993954E+01,2.388845E+01,6.856625E+01
04:55:00,8.007901E+03,5.772469E+02,5.575739E-01,5.097788E-02,0.000000E+00,0.000000E+00,0.000000E+00,0.000000E+00,0.000000E+00,0.000000E+00,0.000000E+00,0.000000E+00,2.110805E+01,7.993954E+01,2.388845E+01,6.857560E+01
04:56:00,8.007901E+03,5.766536E+02,5.575739E-01,5.092548E-02,0.000000E+00,0.000000E+00,0.000000E+00,0.000000E+00,0.000000E+00,0.000000E+00,0.000000E+00,0.000000E+00,2.110805E+01,7.993954E+01,2.388845E+01,6.858477E+01
04:57:00,8.007901E+03,5.760757E+02,5.575739E-01,5.087444E-02,0.000000E+00,0.000000E+00,0.000000E+00,0.000000E+00,0.000000E+00,0.000000E+00,0.000000E+00,0.000000E+00,2.110805E+01,7.993954E+01,2.388845E+01,6.859358E+01
04:58:00,8.007901E+03,5.755130E+02,5.575739E-01,5.082475E-02,0.000000E+00,0.000000E+00,0.000000E+00,0.000000E+00,0.000000E+00,0.000000E+00,0.000000E+00,0.000000E+00,2.110805E+01,7.993954E+01,2.388845E+01,6.860207E+01
04:59:00,8.007901E+03,5.749663E+02,5.575739E-01,5.077647E-02,0.000000E+00,0.000000E+00,0.000000E+00,0.000000E+00,0.000000E+00,0.000000E+00,0.000000E+00,0.000000E+00,2.110805E+01,7.993954E+01,2.388845E+01,6.861032E+01
05:00:00,8.007901E+03,5.744358E+02,5.575739E-01,5.072962E-02,0.000000E+00,0.000000E+00,0.000000E+00,0.000000E+00,0.000000E+00,0.000000E+00,0.000000E+00,0.000000E+00,2.110805E+01,7.993954E+01,2.388845E+01,6.861837E+01
05:01:00,8.007901E+03,5.739303E+02,5.575739E-01,5.068497E-02,0.000000E+00,0.000000E+00,0.000000E+00,0.000000E+00,0.000000E+00,0.000000E+00,0.000000E+00,0.000000E+00,2.110805E+01,7.993954E+01,2.388845E+01,6.862623E+01
05:02:00,8.007901E+03,5.734498E+02,5.575739E-01,5.064254E-02,0.000000E+00,0.000000E+00,0.000000E+00,0.000000E+00,0.000000E+00,0.000000E+00,0.000000E+00,0.000000E+00,2.110805E+01,7.993954E+01,2.388845E+01,6.863374E+01
05:03:00,8.007901E+03,5.729947E+02,5.575739E-01,5.060235E-02,0.000000E+00,0.000000E+00,0.000000E+00,0.000000E+00,0.000000E+00,0.000000E+00,0.000000E+00,0.000000E+00,2.110805E+01,7.993954E+01,2.388845E+01,6.864083E+01
05:04:00,8.007901E+03,5.725652E+02,5.575739E-01,5.056442E-02,0.000000E+00,0.000000E+00,0.000000E+00,0.000000E+00,0.000000E+00,0.000000E+00,0.000000E+00,0.000000E+00,2.110805E+01,7.993954E+01,2.388845E+01,6.864747E+01
05:05:00,8.007901E+03,5.721614E+02,5.575739E-01,5.052875E-02,0.000000E+00,0.000000E+00,0.000000E+00,0.000000E+00,0.000000E+00,0.000000E+00,0.000000E+00,0.000000E+00,2.110805E+01,7.993954E+01,2.388845E+01,6.865366E+01
05:06:00,8.007901E+03,5.717835E+02,5.575739E-01,5.049538E-02,0.000000E+00,0.000000E+00,0.000000E+00,0.000000E+00,0.000000E+00,0.000000E+00,0.000000E+00,0.000000E+00,2.110805E+01,7.993954E+01,2.388845E+01,6.865941E+01
05:07:00,8.007901E+03,5.714315E+02,5.575739E-01,5.046429E-02,0.000000E+00,0.000000E+00,0.000000E+00,0.000000E+00,0.000000E+00,0.000000E+00,0.000000E+00,0.000000E+00,2.110805E+01,7.993954E+01,2.388845E+01,6.866473E+01
05:08:00,8.007901E+03,5.711056E+02,5.575739E-01,5.043551E-02,0.000000E+00,0.000000E+00,0.000000E+00,0.000000E+00,0.000000E+00,0.000000E+00,0.000000E+00,0.000000E+00,2.110805E+01,7.993954E+01,2.388845E+01,6.866963E+01
05:09:00,8.007901E+03,5.708045E+02,5.575739E-01,5.040892E-02,0.000000E+00,0.000000E+00,0.000000E+00,0.000000E+00,0.000000E+00,0.000000E+00,0.000000E+00,0.000000E+00,2.110805E+01,7.993954E+01,2.388844E+01,6.867411E+01
05:10:00,8.007901E+03,5.705271E+02,5.575739E-01,5.038443E-02,0.000000E+00,0.000000E+00,0.000000E+00,0.000000E+00,0.000000E+00,0.000000E+00,0.000000E+00,0.000000E+00,2.110805E+01,7.993954E+01,2.388844E+01,6.867821E+01
05:11:00,8.007901E+03,5.702734E+02,5.575739E-01,5.036201E-02,0.000000E+00,0.000000E+00,0.000000E+00,0.000000E+00,0.000000E+00,0.000000E+00,0.000000E+00,0.000000E+00,2.110805E+01,7.993954E+01,2.388844E+01,6.868195E+01
05:12:00,8.007901E+03,5.700432E+02,5.575739E-01,5.034169E-02,0.000000E+00,0.000000E+00,0.000000E+00,0.000000E+00,0.000000E+00,0.000000E+00,0.000000E+00,0.000000E+00,2.110805E+01,7.993954E+01,2.388844E+01,6.868536E+01
05:13:00,8.007901E+03,5.698367E+02,5.575739E-01,5.032345E-02,0.000000E+00,0.000000E+00,0.000000E+00,0.000000E+00,0.000000E+00,0.000000E+00,0.000000E+00,0.000000E+00,2.110805E+01,7.993954E+01,2.388844E+01,6.868844E+01
05:14:00,8.007901E+03,5.696533E+02,5.575739E-01,5.030725E-02,0.000000E+00,0.000000E+00,0.000000E+00,0.000000E+00,0.000000E+00,0.000000E+00,0.000000E+00,0.000000E+00,2.110805E+01,7.993954E+01,2.388844E+01,6.869121E+01
05:15:00,8.007901E+03,5.694937E+02,5.575739E-01,5.029316E-02,0.000000E+00,0.000000E+00,0.000000E+00,0.000000E+00,0.000000E+00,0.000000E+00,0.000000E+00,0.000000E+00,2.110805E+01,7.993954E+01,2.388844E+01,6.869368E+01
05:16:00,8.007901E+03,5.693910E+02,5.575739E-01,5.028409E-02,0.000000E+00,0.000000E+00,0.000000E+00,0.000000E+00,0.000000E+00,0.000000E+00,0.000000E+00,0.000000E+00,2.110805E+01,7.993954E+01,2.388844E+01,6.869583E+01
05:17:00,8.007901E+03,5.693143E+02,5.575739E-01,5.027732E-02,0.000000E+00,0.000000E+00,0.000000E+00,0.000000E+00,0.000000E+00,0.000000E+00,0.000000E+00,0.000000E+00,2.110805E+01,7.993954E+01,2.388844E+01,6.869729E+01
05:18:00,8.007901E+03,5.692622E+02,5.575739E-01,5.027272E-02,0.000000E+00,0.000000E+00,0.000000E+00,0.000000E+00,0.000000E+00,0.000000E+00,0.000000E+00,0.000000E+00,2.110805E+01,7.993954E+01,2.388844E+01,6.869818E+01
05:19:00,8.007901E+03,5.692350E+02,5.575739E-01,5.027031E-02,0.000000E+00,0.000000E+00,0.000000E+00,0.000000E+00,0.000000E+00,0.000000E+00,0.000000E+00,0.000000E+00,2.110805E+01,7.993954E+01,2.388844E+01,6.869868E+01
05:20:00,8.007901E+03,5.692321E+02,5.575739E-01,5.027005E-02,0.000000E+00,0.000000E+00,0.000000E+00,0.000000E+00,0.000000E+00,0.000000E+00,0.000000E+00,0.000000E+00,2.110805E+01,7.993954E+01,2.388844E+01,6.869888E+01
05:21:00,8.007901E+03,5.692537E+02,5.575739E-01,5.027196E-02,0.000000E+00,0.000000E+00,0.000000E+00,0.000000E+00,0.000000E+00,0.000000E+00,0.000000E+00,0.000000E+00,2.110805E+01,7.993954E+01,2.388844E+01,6.869882E+01
05:22:00,8.007901E+03,5.692990E+02,5.575739E-01,5.027597E-02,0.000000E+00,0.000000E+00,0.000000E+00,0.000000E+00,0.000000E+00,0.000000E+00,0.000000E+00,0.000000E+00,2.110805E+01,7.993954E+01,2.388844E+01,6.869849E+01
05:23:00,8.007901E+03,5.693685E+02,5.575739E-01,5.028211E-02,0.000000E+00,0.000000E+00,0.000000E+00,0.000000E+00,0.000000E+00,0.000000E+00,0.000000E+00,0.000000E+00,2.110805E+01,7.993954E+01,2.388844E+01,6.869792E+01
05:24:00,8.007901E+03,5.694620E+02,5.575739E-01,5.029036E-02,0.000000E+00,0.000000E+00,0.000000E+00,0.000000E+00,0.000000E+00,0.000000E+00,0.000000E+00,0.000000E+00,2.110805E+01,7.993954E+01,2.388843E+01,6.869709E+01
05:25:00,8.007901E+03,5.695797E+02,5.575739E-01,5.030076E-02,0.000000E+00,0.000000E+00,0.000000E+00,0.000000E+00,0.000000E+00,0.000000E+00,0.000000E+00,0.000000E+00,2.110805E+01,7.993954E+01,2.388843E+01,6.869603E+01
05:26:00,8.007901E+03,5.697212E+02,5.575739E-01,5.031326E-02,0.000000E+00,0.000000E+00,0.000000E+00,0.000000E+00,0.000000E+00,0.000000E+00,0.000000E+00,0.000000E+00,2.110805E+01,7.993954E+01,2.388843E+01,6.869473E+01
05:27:00,8.007901E+03,5.698868E+02,5.575739E-01,5.032788E-02,0.000000E+00,0.000000E+00,0.000000E+00,0.000000E+00,0.000000E+00,0.000000E+00,0.000000E+00,0.000000E+00,2.110805E+01,7.993954E+01,2.388843E+01,6.869321E+01
05:28:00,8.007901E+03,5.700762E+02,5.575739E-01,5.034461E-02,0.000000E+00,0.000000E+00,0.000000E+00,0.000000E+00,0.000000E+00,0.000000E+00,0.000000E+00,0.000000E+00,2.110805E+01,7.993954E+01,2.388843E+01,6.869147E+01
05:29:00,8.007901E+03,5.702898E+02,5.575739E-01,5.036347E-02,0.000000E+00,0.000000E+00,0.000000E+00,0.000000E+00,0.000000E+00,0.000000E+00,0.000000E+00,0.000000E+00,2.110805E+01,7.993954E+01,2.388843E+01,6.868952E+01
05:30:00,8.007901E+03,5.705270E+02,5.575739E-01,5.038442E-02,0.000000E+00,0.000000E+00,0.000000E+00,0.000000E+00,0.000000E+00,0.000000E+00,0.000000E+00,0.000000E+00,2.110805E+01,7.993954E+01,2.388843E+01,6.868737E+01
05:31:00,8.007901E+03,5.707884E+02,5.575739E-01,5.040751E-02,0.000000E+00,0.000000E+00,0.000000E+00,0.000000E+00,0.000000E+00,0.000000E+00,0.000000E+00,0.000000E+00,2.110805E+01,7.993954E+01,2.388843E+01,6.868502E+01
05:32:00,8.007901E+03,5.710734E+02,5.575739E-01,5.043268E-02,0.000000E+00,0.000000E+00,0.000000E+00,0.000000E+00,0.000000E+00,0.000000E+00,0.000000E+00,0.000000E+00,2.110805E+01,7.993954E+01,2.388843E+01,6.868248E+01
05:33:00,8.007901E+03,5.713827E+02,5.575739E-01,5.045999E-02,0.000000E+00,0.000000E+00,0.000000E+00,0.000000E+00,0.000000E+00,0.000000E+00,0.000000E+00,0.000000E+00,2.110805E+01,7.993954E+01,2.388843E+01,6.867975E+01
05:34:00,8.007901E+03,5.717156E+02,5.575739E-01,5.048940E-02,0.000000E+00,0.000000E+00,0.000000E+00,0.000000E+00,0.000000E+00,0.000000E+00,0.000000E+00,0.000000E+00,2.110805E+01,7.993954E+01,2.388843E+01,6.867685E+01
05:35:00,8.007901E+03,5.720726E+02,5.575739E-01,5.052093E-02,0.000000E+00,0.000000E+00,0.000000E+00,0.000000E+00,0.000000E+00,0.000000E+00,0.000000E+00,0.000000E+00,2.110805E+01,7.993954E+01,2.388843E+01,6.867377E+01
05:36:00,8.007901E+03,5.724532E+02,5.575739E-01,5.055454E-02,0.000000E+00,0.000000E+00,0.000000E+00,0.000000E+00,0.000000E+00,0.000000E+00,0.000000E+00,0.000000E+00,2.110805E+01,7.993954E+01,2.388843E+01,6.867052E+01
05:37:00,8.007901E+03,5.728579E+02,5.575739E-01,5.059028E-02,0.000000E+00,0.000000E+00,0.000000E+00,0.000000E+00,0.000000E+00,0.000000E+00,0.000000E+00,0.000000E+00,2.110805E+01,7.993954E+01,2.388843E+01,6.866712E+01
05:38:00,8.007901E+03,5.732860E+02,5.575739E-01,5.062809E-02,0.000000E+00,0.000000E+00,0.000000E+00,0.000000E+00,0.000000E+00,0.000000E+00,0.000000E+00,0.000000E+00,2.110805E+01,7.993954E+01,2.388843E+01,6.866356E+01
05:39:00,8.007901E+03,5.737051E+02,5.575739E-01,5.066510E-02,0.000000E+00,0.000000E+00,0.000000E+00,0.000000E+00,0.000000E+00,0.000000E+00,0.000000E+00,0.000000E+00,2.110805E+01,7.993954E+01,2.388843E+01,6.865985E+01
05:40:00,8.007901E+03,5.741409E+02,5.575739E-01,5.070359E-02,0.000000E+00,0.000000E+00,0.000000E+00,0.000000E+00,0.000000E+00,0.000000E+00,0.000000E+00,0.000000E+00,2.110805E+01,7.993954E+01,2.388843E+01,6.865599E+01
05:41:00,8.007901E+03,5.745946E+02,5.575739E-01,5.074366E-02,0.000000E+00,0.000000E+00,0.000000E+00,0.000000E+00,0.000000E+00,0.000000E+00,0.000000E+00,0.000000E+00,2.110805E+01,7.993954E+01,2.388843E+01,6.865200E+01
05:42:00,8.007901E+03,5.750670E+02,5.575739E-01,5.078538E-02,0.000000E+00,0.000000E+00,0.000000E+00,0.000000E+00,0.000000E+00,0.000000E+00,0.000000E+00,0.000000E+00,2.110805E+01,7.993954E+01,2.388843E+01,6.864787E+01
05:43:00,8.007901E+03,5.755580E+02,5.575739E-01,5.082875E-02,0.000000E+00,0.000000E+00,0.000000E+00,0.000000E+00,0.000000E+00,0.000000E+00,0.000000E+00,0.000000E+00,2.110805E+01,7.993954E+01,2.388843E+01,6.864362E+01
05:44:00,8.007901E+03,5.760667E+02,5.575739E-01,5.087367E-02,0.000000E+00,0.000000E+00,0.000000E+00,0.000000E+00,0.000000E+00,0.000000E+00,0.000000E+00,0.000000E+00,2.110805E+01,7.993954E+01,2.388843E+01,6.863924E+01
05:45:00,8.007901E+03,5.765925E+02,5.575739E-01,5.092010E-02,0.000000E+00,0.000000E+00,0.000000E+00,0.000000E+00,0.000000E+00,0.000000E+00,0.000000E+00,0.000000E+00,2.110805E+01,7.993954E+01,2.388842E+01,6.863474E+01
05:46:00,8.007901E+03,5.771269E+02,5.575739E-01,5.096730E-02,0.000000E+00,0.000000E+00,0.000000E+00,0.000000E+00,0.000000E+00,0.000000E+00,0.000000E+00,0.000000E+00,2.110805E+01,7.993954E+01,2.388842E+01,6.863012E+01
05:47:00,8.007901E+03,5.776760E+02,5.575739E-01,5.101579E-02,0.000000E+00,0.000000E+00,0.000000E+00,0.000000E+00,0.000000E+00,0.000000E+00,0.000000E+00,0.000000E+00,2.110805E+01,7.993954E+01,2.388842E+01,6.862540E+01
05:48:00,8.007901E+03,5.782394E+02,5.575739E-01,5.106555E-02,0.000000E+00,0.000000E+00,0.000000E+00,0.000000E+00,0.000000E+00,0.000000E+00,0.000000E+00,0.000000E+00,2.110805E+01,7.993954E+01,2.388842E+01,6.862057E+01
05:49:00,8.007901E+03,5.788170E+02,5.575739E-01,5.111656E-02,0.000000E+00,0.000000E+00,0.000000E+00,0.000000E+00,0.000000E+00,0.000000E+00,0.000000E+00,0.000000E+00,2.110805E+01,7.993954E+01,2.388842E+01,6.861563E+01
05:50:00,8.007901E+03,5.794082E+02,5.575739E-01,5.116877E-02,0.000000E+00,0.000000E+00,0.000000E+00,0.000000E+00,0.000000E+00,0.000000E+00,0.000000E+00,0.000000E+00,2.110805E+01,7.993954E+01,2.388842E+01,6.861060E+01
05:51:00,8.007901E+03,5.800125E+02,5.575739E-01,5.122215E-02,0.000000E+00,0.000000E+00,0.000000E+00,0.000000E+00,0.000000E+00,0.000000E+00,0.000000E+00,0.000000E+00,2.110805E+01,7.993954E+01,2.388842E+01,6.860548E+01
05:52:00,8.007901E+03,5.806297E+02,5.575739E-01,5.127666E-02,0.000000E+00,0.000000E+00,0.000000E+00,0.000000E+00,0.000000E+00,0.000000E+00,0.000000E+00,0.000000E+00,2.110805E+01,7.993954E+01,2.388842E+01,6.860026E+01
05:53:00,8.007901E+03,5.812593E+02,5.575739E-01,5.133226E-02,0.000000E+00,0.000000E+00,0.000000E+00,0.000000E+00,0.000000E+00,0.000000E+00,0.000000E+00,0.000000E+00,2.110805E+01,7.993954E+01,2.388842E+01,6.859496E+01
05:54:00,8.007901E+03,5.819009E+02,5.575739E-01,5.138892E-02,0.000000E+00,0.000000E+00,0.000000E+00,0.000000E+00,0.000000E+00,0.000000E+00,0.000000E+00,0.000000E+00,2.110805E+01,7.993954E+01,2.388842E+01,6.858958E+01
05:55:00,8.007901E+03,5.825542E+02,5.575739E-01,5.144662E-02,0.000000E+00,0.000000E+00,0.000000E+00,0.000000E+00,0.000000E+00,0.000000E+00,0.000000E+00,0.000000E+00,2.110805E+01,7.993954E+01,2.388842E+01,6.858412E+01
05:56:00,8.007901E+03,5.832034E+02,5.575739E-01,5.150395E-02,0.000000E+00,0.000000E+00,0.000000E+00,0.000000E+00,0.000000E+00,0.000000E+00,0.000000E+00,0.000000E+00,2.110805E+01,7.993954E+01,2.388842E+01,6.857858E+01
05:57:00,8.007901E+03,5.838623E+02,5.575739E-01,5.156214E-02,0.000000E+00,0.000000E+00,0.000000E+00,0.000000E+00,0.000000E+00,0.000000E+00,0.000000E+00,0.000000E+00,2.110805E+01,7.993954E+01,2.388842E+01,6.857297E+01
05:58:00,8.007901E+03,5.845311E+02,5.575739E-01,5.162121E-02,0.000000E+00,0.000000E+00,0.000000E+00,0.000000E+00,0.000000E+00,0.000000E+00,0.000000E+00,0.000000E+00,2.110805E+01,7.993954E+01,2.388842E+01,6.856730E+01
05:59:00,8.007901E+03,5.852090E+02,5.575739E-01,5.168107E-02,0.000000E+00,0.000000E+00,0.000000E+00,0.000000E+00,0.000000E+00,0.000000E+00,0.000000E+00,0.000000E+00,2.110805E+01,7.993954E+01,2.388842E+01,6.856155E+01
06:00:00,8.007901E+03,5.858957E+02,5.575739E-01,5.174172E-02,0.000000E+00,0.000000E+00,0.000000E+00,0.000000E+00,0.000000E+00,0.000000E+00,0.000000E+00,0.000000E+00,2.110805E+01,7.993954E+01,2.388842E+01,6.855575E+01
06:01:00,8.007901E+03,5.865941E+02,5.575739E-01,5.180340E-02,0.000000E+00,0.000000E+00,0.000000E+00,0.000000E+00,0.000000E+00,0.000000E+00,0.000000E+00,0.000000E+00,2.110805E+01,7.993954E+01,2.388842E+01,6.854989E+01
06:02:00,8.007901E+03,5.873037E+02,5.575739E-01,5.186607E-02,0.000000E+00,0.000000E+00,0.000000E+00,0.000000E+00,0.000000E+00,0.000000E+00,0.000000E+00,0.000000E+00,2.110805E+01,7.993954E+01,2.388842E+01,6.854379E+01
06:03:00,8.007901E+03,5.880242E+02,5.575739E-01,5.192971E-02,0.000000E+00,0.000000E+00,0.000000E+00,0.000000E+00,0.000000E+00,0.000000E+00,0.000000E+00,0.000000E+00,2.110805E+01,7.993954E+01,2.388842E+01,6.853736E+01
06:04:00,8.007901E+03,5.887555E+02,5.575739E-01,5.199429E-02,0.000000E+00,0.000000E+00,0.000000E+00,0.000000E+00,0.000000E+00,0.000000E+00,0.000000E+00,0.000000E+00,2.110805E+01,7.993954E+01,2.388842E+01,6.853056E+01
06:05:00,8.007901E+03,5.894972E+02,5.575739E-01,5.205979E-02,0.000000E+00,0.000000E+00,0.000000E+00,0.000000E+00,0.000000E+00,0.000000E+00,0.000000E+00,0.000000E+00,2.110805E+01,7.993954E+01,2.388841E+01,6.852341E+01
06:06:00,8.007901E+03,5.902482E+02,5.575739E-01,5.212612E-02,0.000000E+00,0.000000E+00,0.000000E+00,0.000000E+00,0.000000E+00,0.000000E+00,0.000000E+00,0.000000E+00,2.110805E+01,7.993954E+01,2.388841E+01,6.851591E+01
06:07:00,8.007901E+03,5.910091E+02,5.575739E-01,5.219332E-02,0.000000E+00,0.000000E+00,0.000000E+00,0.000000E+00,0.000000E+00,0.000000E+00,0.000000E+00,0.000000E+00,2.110805E+01,7.993954E+01,2.388841E+01,6.850809E+01
06:08:00,8.007901E+03,5.917797E+02,5.575739E-01,5.226137E-02,0.000000E+00,0.000000E+00,0.000000E+00,0.000000E+00,0.000000E+00,0.000000E+00,0.000000E+00,0.000000E+00,2.110805E+01,7.993954E+01,2.388841E+01,6.849997E+01
06:09:00,8.007901E+03,5.925612E+02,5.575739E-01,5.233039E-02,0.000000E+00,0.000000E+00,0.000000E+00,0.000000E+00,0.000000E+00,0.000000E+00,0.000000E+00,0.000000E+00,2.110805E+01,7.993954E+01,2.388841E+01,6.849154E+01
06:10:00,8.007901E+03,5.933548E+02,5.575739E-01,5.240048E-02,0.000000E+00,0.000000E+00,0.000000E+00,0.000000E+00,0.000000E+00,0.000000E+00,0.000000E+00,0.000000E+00,2.110805E+01,7.993954E+01,2.388841E+01,6.848282E+01
06:11:00,8.007901E+03,5.941607E+02,5.575739E-01,5.247165E-02,0.000000E+00,0.000000E+00,0.000000E+00,0.000000E+00,0.000000E+00,0.000000E+00,0.000000E+00,0.000000E+00,2.110805E+01,7.993954E+01,2.388841E+01,6.847382E+01
06:12:00,8.007901E+03,5.949788E+02,5.575739E-01,5.254390E-02,0.000000E+00,0.000000E+00,0.000000E+00,0.000000E+00,0.000000E+00,0.000000E+00,0.000000E+00,0.000000E+00,2.110805E+01,7.993954E+01,2.388841E+01,6.846453E+01
06:13:00,8.007901E+03,5.958092E+02,5.575739E-01,5.261724E-02,0.000000E+00,0.000000E+00,0.000000E+00,0.000000E+00,0.000000E+00,0.000000E+00,0.000000E+00,0.000000E+00,2.110805E+01,7.993954E+01,2.388841E+01,6.845496E+01
06:14:00,8.007901E+03,5.966518E+02,5.575739E-01,5.269166E-02,0.000000E+00,0.000000E+00,0.000000E+00,0.000000E+00,0.000000E+00,0.000000E+00,0.000000E+00,0.000000E+00,2.110805E+01,7.993954E+01,2.388841E+01,6.844513E+01
06:15:00,8.007901E+03,5.975068E+02,5.575739E-01,5.276716E-02,0.000000E+00,0.000000E+00,0.000000E+00,0.000000E+00,0.000000E+00,0.000000E+00,0.000000E+00,0.000000E+00,2.110805E+01,7.993954E+01,2.388841E+01,6.843503E+01
06:16:00,8.007901E+03,5.983404E+02,5.575739E-01,5.284078E-02,0.000000E+00,0.000000E+00,0.000000E+00,0.000000E+00,0.000000E+00,0.000000E+00,0.000000E+00,0.000000E+00,2.110805E+01,7.993954E+01,2.388840E+01,6.842467E+01
06:17:00,8.007901E+03,5.991840E+02,5.575739E-01,5.291529E-02,0.000000E+00,0.000000E+00,0.000000E+00,0.000000E+00,0.000000E+00,0.000000E+00,0.000000E+00,0.000000E+00,2.110805E+01,7.993954E+01,2.388840E+01,6.841407E+01
06:18:00,8.007901E+03,6.000386E+02,5.575739E-01,5.299076E-02,0.000000E+00,0.000000E+00,0.000000E+00,0.000000E+00,0.000000E+00,0.000000E+00,0.000000E+00,0.000000E+00,2.110805E+01,7.993954E+01,2.388840E+01,6.840322E+01
06:19:00,8.007901E+03,6.009042E+02,5.575739E-01,5.306721E-02,0.000000E+00,0.000000E+00,0.000000E+00,0.000000E+00,0.000000E+00,0.000000E+00,0.000000E+00,0.000000E+00,2.110805E+01,7.993954E+01,2.388840E+01,6.839214E+01
06:20:00,8.007901E+03,6.017809E+02,5.575739E-01,5.314464E-02,0.000000E+00,0.000000E+00,0.000000E+00,0.000000E+00,0.000000E+00,0.000000E+00,0.000000E+00,0.000000E+00,2.110805E+01,7.993954E+01,2.388840E+01,6.838082E+01
06:21:00,8.007901E+03,6.026689E+02,5.575739E-01,5.322306E-02,0.000000E+00,0.000000E+00,0.000000E+00,0.000000E+00,0.000000E+00,0.000000E+00,0.000000E+00,0.000000E+00,2.110805E+01,7.993954E+01,2.388840E+01,6.836928E+01
06:22:00,8.007901E+03,6.035683E+02,5.575739E-01,5.330249E-02,0.000000E+00,0.000000E+00,0.000000E+00,0.000000E+00,0.000000E+00,0.000000E+00,0.000000E+00,0.000000E+00,2.110805E+01,7.993954E+01,2.388840E+01,6.835752E+01
06:23:00,8.007901E+03,6.044792E+02,5.575739E-01,5.338294E-02,0.000000E+00,0.000000E+00,0.000000E+00,0.000000E+00,0.000000E+00,0.000000E+00,0.000000E+00,0.000000E+00,2.110805E+01,7.993954E+01,2.388840E+01,6.834555E+01
06:24:00,8.007901E+03,6.054018E+02,5.575739E-01,5.346442E-02,0.000000E+00,0.000000E+00,0.000000E+00,0.000000E+00,0.000000E+00,0.000000E+00,0.000000E+00,0.000000E+00,2.110805E+01,7.993954E+01,2.388840E+01,6.833336E+01
06:25:00,8.007901E+03,6.063361E+02,5.575739E-01,5.354693E-02,0.000000E+00,0.000000E+00,0.000000E+00,0.000000E+00,0.000000E+00,0.000000E+00,0.000000E+00,0.000000E+00,2.110805E+01,7.993954E+01,2.388840E+01,6.832098E+01
06:26:00,8.007901E+03,6.072823E+02,5.575739E-01,5.363049E-02,0.000000E+00,0.000000E+00,0.000000E+00,0.000000E+00,0.000000E+00,0.000000E+00,0.000000E+00,0.000000E+00,2.110805E+01,7.993954E+01,2.388840E+01,6.830839E+01
06:27:00,8.007901E+03,6.082850E+02,5.575739E-01,5.371905E-02,0.000000E+00,0.000000E+00,0.000000E+00,0.000000E+00,0.000000E+00,0.000000E+00,0.000000E+00,0.000000E+00,2.110805E+01,7.993954E+01,2.388840E+01,6.829560E+01
06:28:00,8.007901E+03,6.093021E+02,5.575739E-01,5.380887E-02,0.000000E+00,0.000000E+00,0.000000E+00,0.000000E+00,0.000000E+00,0.000000E+00,0.000000E+00,0.000000E+00,2.110805E+01,7.993954E+01,2.388839E+01,6.828211E+01
06:29:00,8.007901E+03,6.103332E+02,5.575739E-01,5.389994E-02,0.000000E+00,0.000000E+00,0.000000E+00,0.000000E+00,0.000000E+00,0.000000E+00,0.000000E+00,0.000000E+00,2.110805E+01,7.993954E+01,2.388839E+01,6.826807E+01
06:30:00,8.007901E+03,6.113775E+02,5.575739E-01,5.399216E-02,0.000000E+00,0.000000E+00,0.000000E+00,0.000000E+00,0.000000E+00,0.000000E+00,0.000000E+00,0.000000E+00,2.110805E+01,7.993954E+01,2.388839E+01,6.825371E+01
06:31:00,8.007901E+03,6.124350E+02,5.575739E-01,5.408556E-02,0.000000E+00,0.000000E+00,0.000000E+00,0.000000E+00,0.000000E+00,0.000000E+00,0.000000E+00,0.000000E+00,2.110805E+01,7.993954E+01,2.388839E+01,6.823915E+01
06:32:00,8.007901E+03,6.135058E+02,5.575739E-01,5.418013E-02,0.000000E+00,0.000000E+00,0.000000E+00,0.000000E+00,0.000000E+00,0.000000E+00,0.000000E+00,0.000000E+00,2.110805E+01,7.993954E+01,2.388839E+01,6.822444E+01
06:33:00,8.007901E+03,6.145899E+02,5.575739E-01,5.427587E-02,0.000000E+00,0.000000E+00,0.000000E+00,0.000000E+00,0.000000E+00,0.000000E+00,0.000000E+00,0.000000E+00,2.110805E+01,7.993954E+01,2.388839E+01,6.820958E+01
06:34:00,8.007901E+03,6.156874E+02,5.575739E-01,5.437279E-02,0.000000E+00,0.000000E+00,0.000000E+00,0.000000E+00,0.000000E+00,0.000000E+00,0.000000E+00,0.000000E+00,2.110805E+01,7.993954E+01,2.388839E+01,6.819458E+01
06:35:00,8.007901E+03,6.167983E+02,5.575739E-01,5.447090E-02,0.000000E+00,0.000000E+00,0.000000E+00,0.000000E+00,0.000000E+00,0.000000E+00,0.000000E+00,0.000000E+00,2.110805E+01,7.993954E+01,2.388839E+01,6.817942E+01
06:36:00,8.007901E+03,6.179228E+02,5.575739E-01,5.457021E-02,0.000000E+00,0.000000E+00,0.000000E+00,0.000000E+00,0.000000E+00,0.000000E+00,0.000000E+00,0.000000E+00,2.110805E+01,7.993954E+01,2.388839E+01,6.816413E+01
06:37:00,8.007901E+03,6.190609E+02,5.575739E-01,5.467072E-02,0.000000E+00,0.000000E+00,0.000000E+00,0.000000E+00,0.000000E+00,0.000000E+00,0.000000E+00,0.000000E+00,2.110805E+01,7.993954E+01,2.388838E+01,6.814869E+01
06:38:00,8.007901E+03,6.202127E+02,5.575739E-01,5.477244E-02,0.000000E+00,0.000000E+00,0.000000E+00,0.000000E+00,0.000000E+00,0.000000E+00,0.000000E+00,0.000000E+00,2.110805E+01,7.993954E+01,2.388838E+01,6.813311E+01
06:39:00,8.007901E+03,6.213783E+02,5.575739E-01,5.487538E-02,0.000000E+00,0.000000E+00,0.000000E+00,0.000000E+00,0.000000E+00,0.000000E+00,0.000000E+00,0.000000E+00,2.110805E+01,7.993954E+01,2.388838E+01,6.811740E+01
06:40:00,8.007901E+03,6.225577E+02,5.575739E-01,5.497955E-02,0.000000E+00,0.000000E+00,0.000000E+00,0.000000E+00,0.000000E+00,0.000000E+00,0.000000E+00,0.000000E+00,2.110805E+01,7.993954E+01,2.388838E+01,6.810156E+01
06:41:00,8.007901E+03,6.237512E+02,5.575739E-01,5.508495E-02,0.000000E+00,0.000000E+00,0.000000E+00,0.000000E+00,0.000000E+00,0.000000E+00,0.000000E+00,0.000000E+00,2.110805E+01,7.993954E+01,2.388838E+01,6.808559E+01
06:42:00,8.007901E+03,6.249586E+02,5.575739E-01,5.519158E-02,0.000000E+00,0.000000E+00,0.000000E+00,0.000000E+00,0.000000E+00,0.000000E+00,0.000000E+00,0.000000E+00,2.110805E+01,7.993954E+01,2.388838E+01,6.806950E+01
06:43:00,8.007901E+03,6.261800E+02,5.575739E-01,5.529945E-02,0.000000E+00,0.000000E+00,0.000000E+00,0.000000E+00,0.000000E+00,0.000000E+00,0.000000E+00,0.000000E+00,2.110805E+01,7.993954E+01,2.388838E+01,6.805330E+01
06:44:00,8.007901E+03,6.274156E+02,5.575739E-01,5.540858E-02,0.000000E+00,0.000000E+00,0.000000E+00,0.000000E+00,0.000000E+00,0.000000E+00,0.000000E+00,0.000000E+00,2.110805E+01,7.993954E+01,2.388838E+01,6.803698E+01
06:45:00,8.007901E+03,6.286658E+02,5.575739E-01,5.551898E-02,0.000000E+00,0.000000E+00,0.000000E+00,0.000000E+00,0.000000E+00,0.000000E+00,0.000000E+00,0.000000E+00,2.110805E+01,7.993954E+01,2.388838E+01,6.802055E+01
06:46:00,8.007901E+03,6.299306E+02,5.575739E-01,5.563069E-02,0.000000E+00,0.000000E+00,0.000000E+00,0.000000E+00,0.000000E+00,0.000000E+00,0.000000E+00,0.000000E+00,2.110805E+01,7.993954E+01,2.388838E+01,6.800401E+01
06:47:00,8.007901E+03,6.312105E+02,5.575739E-01,5.574372E-02,0.000000E+00,0.000000E+00,0.000000E+00,0.000000E+00,0.000000E+00,0.000000E+00,0.000000E+00,0.000000E+00,2.110805E+01,7.993954E+01,2.388838E+01,6.798736E+01
06:48:00,8.007901E+03,6.325054E+02,5.575739E-01,5.585808E-02,0.000000E+00,0.000000E+00,0.000000E+00,0.000000E+00,0.000000E+00,0.000000E+00,0.000000E+00,0.000000E+00,2.110805E+01,7.993954E+01,2.388838E+01,6.797060E+01
06:49:00,8.007901E+03,6.338156E+02,5.575739E-01,5.597379E-02,0.000000E+00,0.000000E+00,0.000000E+00,0.000000E+00,0.000000E+00,0.000000E+00,0.000000E+00,0.000000E+00,2.110805E+01,7.993954E+01,2.388837E+01,6.795372E+01
06:50:00,8.007901E+03,6.351413E+02,5.575739E-01,5.609087E-02,0.000000E+00,0.000000E+00,0.000000E+00,0.000000E+00,0.000000E+00,0.000000E+00,0.000000E+00,0.000000E+00,2.110805E+01,7.993954E+01,2.388837E+01,6.793674E+01
06:51:00,8.007901E+03,6.364826E+02,5.575739E-01,5.620934E-02,0.000000E+00,0.000000E+00,0.000000E+00,0.000000E+00,0.000000E+00,0.000000E+00,0.000000E+00,0.000000E+00,2.110805E+01,7.993954E+01,2.388837E+01,6.791965E+01
06:52:00,8.007901E+03,6.378399E+02,5.575739E-01,5.632920E-02,0.000000E+00,0.000000E+00,0.000000E+00,0.000000E+00,0.000000E+00,0.000000E+00,0.000000E+00,0.000000E+00,2.110805E+01,7.993954E+01,2.388837E+01,6.790245E+01
06:53:00,8.007901E+03,6.392132E+02,5.575739E-01,5.645048E-02,0.000000E+00,0.000000E+00,0.000000E+00,0.000000E+00,0.000000E+00,0.000000E+00,0.000000E+00,0.000000E+00,2.110805E+01,7.993954E+01,2.388837E+01,6.788514E+01
06:54:00,8.007901E+03,6.406027E+02,5.575739E-01,5.657320E-02,0.000000E+00,0.000000E+00,0.000000E+00,0.000000E+00,0.000000E+00,0.000000E+00,0.000000E+00,0.000000E+00,2.110805E+01,7.993954E+01,2.388837E+01,6.786773E+01
06:55:00,8.007901E+03,6.420086E+02,5.575739E-01,5.669737E-02,0.000000E+00,0.000000E+00,0.000000E+00,0.000000E+00,0.000000E+00,0.000000E+00,0.000000E+00,0.000000E+00,2.110805E+01,7.993954E+01,2.388837E+01,6.785021E+01
06:56:00,8.007901E+03,6.434312E+02,5.575739E-01,5.682300E-02,0.000000E+00,0.000000E+00,0.000000E+00,0.000000E+00,0.000000E+00,0.000000E+00,0.000000E+00,0.000000E+00,2.110805E+01,7.993954E+01,2.388837E+01,6.783258E+01
06:57:00,8.007901E+03,6.448705E+02,5.575739E-01,5.695012E-02,0.000000E+00,0.000000E+00,0.000000E+00,0.000000E+00,0.000000E+00,0.000000E+00,0.000000E+00,0.000000E+00,2.110805E+01,7.993954E+01,2.388837E+01,6.781486E+01
06:58:00,8.007901E+03,6.463269E+02,5.575739E-01,5.707874E-02,0.000000E+00,0.000000E+00,0.000000E+00,0.000000E+00,0.000000E+00,0.000000E+00,0.000000E+00,0.000000E+00,2.110805E+01,7.993954E+01,2.388837E+01,6.779703E+01
06:59:00,8.007901E+03,6.478004E+02,5.575739E-01,5.720887E-02,0.000000E+00,0.000000E+00,0.000000E+00,0.000000E+00,0.000000E+00,0.000000E+00,0.000000E+00,0.000000E+00,2.110805E+01,7.993954E+01,2.388837E+01,6.777910E+01
07:00:00,8.007901E+03,6.492914E+02,5.575739E-01,5.734055E-02,0.000000E+00,0.000000E+00,0.000000E+00,0.000000E+00,0.000000E+00,0.000000E+00,0.000000E+00,0.000000E+00,2.110805E+01,7.993954E+01,2.388837E+01,6.776106E+01
07:01:00,8.007901E+03,6.508143E+02,5.575739E-01,5.747505E-02,0.000000E+00,0.000000E+00,0.000000E+00,0.000000E+00,0.000000E+00,0.000000E+00,0.000000E+00,0.000000E+00,2.110805E+01,7.993954E+01,2.388836E+01,6.774292E+01
07:02:00,8.007901E+03,6.523693E+02,5.575739E-01,5.761237E-02,0.000000E+00,0.000000E+00,0.000000E+00,0.000000E+00,0.000000E+00,0.000000E+00,0.000000E+00,0.000000E+00,2.110805E+01,7.993954E+01,2.388836E+01,6.772435E+01
07:03:00,8.007901E+03,6.539564E+02,5.575739E-01,5.775254E-02,0.000000E+00,0.000000E+00,0.000000E+00,0.000000E+00,0.000000E+00,0.000000E+00,0.000000E+00,0.000000E+00,2.110805E+01,7.993954E+01,2.388836E+01,6.770513E+01
07:04:00,8.007901E+03,6.555760E+02,5.575739E-01,5.789558E-02,0.000000E+00,0.000000E+00,0.000000E+00,0.000000E+00,0.000000E+00,0.000000E+00,0.000000E+00,0.000000E+00,2.110805E+01,7.993954E+01,2.388836E+01,6.768519E+01
07:05:00,8.007901E+03,6.572282E+02,5.575739E-01,5.804149E-02,0.000000E+00,0.000000E+00,0.000000E+00,0.000000E+00,0.000000E+00,0.000000E+00,0.000000E+00,0.000000E+00,2.110805E+01,7.993954E+01,2.388836E+01,6.766456E+01
07:06:00,8.007901E+03,6.589141E+02,5.575739E-01,5.819039E-02,0.000000E+00,0.000000E+00,0.000000E+00,0.000000E+00,0.000000E+00,0.000000E+00,0.000000E+00,0.000000E+00,2.110805E+01,7.993954E+01,2.388835E+01,6.764326E+01
07:07:00,8.007901E+03,6.606332E+02,5.575739E-01,5.834221E-02,0.000000E+00,0.000000E+00,0.000000E+00,0.000000E+00,0.000000E+00,0.000000E+00,0.000000E+00,0.000000E+00,2.110805E+01,7.993954E+01,2.388835E+01,6.762131E+01
07:08:00,8.007901E+03,6.623856E+02,5.575739E-01,5.849697E-02,0.000000E+00,0.000000E+00,0.000000E+00,0.000000E+00,0.000000E+00,0.000000E+00,0.000000E+00,0.000000E+00,2.110805E+01,7.993954E+01,2.388835E+01,6.759873E+01
07:09:00,8.007901E+03,6.641716E+02,5.575739E-01,5.865471E-02,0.000000E+00,0.000000E+00,0.000000E+00,0.000000E+00,0.000000E+00,0.000000E+00,0.000000E+00,0.000000E+00,2.110805E+01,7.993954E+01,2.388835E+01,6.757554E+01
07:10:00,8.007901E+03,6.659912E+02,5.575739E-01,5.881540E-02,0.000000E+00,0.000000E+00,0.000000E+00,0.000000E+00,0.000000E+00,0.000000E+00,0.000000E+00,0.000000E+00,2.110805E+01,7.993954E+01,2.388835E+01,6.755175E+01
07:11:00,8.007901E+03,6.678445E+02,5.575739E-01,5.897908E-02,0.000000E+00,0.000000E+00,0.000000E+00,0.000000E+00,0.000000E+00,0.000000E+00,0.000000E+00,0.000000E+00,2.110805E+01,7.993954E+01,2.388834E+01,6.752738E+01
07:12:00,8.007901E+03,6.697315E+02,5.575739E-01,5.914573E-02,0.000000E+00,0.000000E+00,0.000000E+00,0.000000E+00,0.000000E+00,0.000000E+00,0.000000E+00,0.000000E+00,2.110805E+01,7.993954E+01,2.388834E+01,6.750244E+01
07:13:00,8.007901E+03,6.716523E+02,5.575739E-01,5.931537E-02,0.000000E+00,0.000000E+00,0.000000E+00,0.000000E+00,0.000000E+00,0.000000E+00,0.000000E+00,0.000000E+00,2.110805E+01,7.993954E+01,2.388834E+01,6.747695E+01
07:14:00,8.007901E+03,6.736071E+02,5.575739E-01,5.948801E-02,0.000000E+00,0.000000E+00,0.000000E+00,0.000000E+00,0.000000E+00,0.000000E+00,0.000000E+00,0.000000E+00,2.110805E+01,7.993954E+01,2.388834E+01,6.745092E+01
07:15:00,8.007901E+03,6.755960E+02,5.575739E-01,5.966366E-02,0.000000E+00,0.000000E+00,0.000000E+00,0.000000E+00,0.000000E+00,0.000000E+00,0.000000E+00,0.000000E+00,2.110805E+01,7.993954E+01,2.388834E+01,6.742436E+01
07:16:00,8.007901E+03,6.776190E+02,5.575739E-01,5.984233E-02,0.000000E+00,0.000000E+00,0.000000E+00,0.000000E+00,0.000000E+00,0.000000E+00,0.000000E+00,0.000000E+00,2.110805E+01,7.993954E+01,2.388833E+01,6.739730E+01
07:17:00,8.007901E+03,6.796763E+02,5.575739E-01,6.002402E-02,0.000000E+00,0.000000E+00,0.000000E+00,0.000000E+00,0.000000E+00,0.000000E+00,0.000000E+00,0.000000E+00,2.110805E+01,7.993954E+01,2.388833E+01,6.736973E+01
07:18:00,8.007901E+03,6.817680E+02,5.575739E-01,6.020874E-02,0.000000E+00,0.000000E+00,0.000000E+00,0.000000E+00,0.000000E+00,0.000000E+00,0.000000E+00,0.000000E+00,2.110805E+01,7.993954E+01,2.388833E+01,6.734168E+01
07:19:00,8.007901E+03,6.838941E+02,5.575739E-01,6.039651E-02,0.000000E+00,0.000000E+00,0.000000E+00,0.000000E+00,0.000000E+00,0.000000E+00,0.000000E+00,0.000000E+00,2.110805E+01,7.993954E+01,2.388833E+01,6.731316E+01
07:20:00,8.007901E+03,6.860547E+02,5.575739E-01,6.058733E-02,0.000000E+00,0.000000E+00,0.000000E+00,0.000000E+00,0.000000E+00,0.000000E+00,0.000000E+00,0.000000E+00,2.110805E+01,7.993954E+01,2.388833E+01,6.728419E+01
07:21:00,8.007901E+03,6.882498E+02,5.575739E-01,6.078119E-02,0.000000E+00,0.000000E+00,0.000000E+00,0.000000E+00,0.000000E+00,0.000000E+00,0.000000E+00,0.000000E+00,2.110805E+01,7.993954E+01,2.388832E+01,6.725477E+01
07:22:00,8.007901E+03,6.904795E+02,5.575739E-01,6.097811E-02,0.000000E+00,0.000000E+00,0.000000E+00,0.000000E+00,0.000000E+00,0.000000E+00,0.000000E+00,0.000000E+00,2.110805E+01,7.993954E+01,2.388832E+01,6.722492E+01
07:23:00,8.007901E+03,6.927433E+02,5.575739E-01,6.117804E-02,0.000000E+00,0.000000E+00,0.000000E+00,0.000000E+00,0.000000E+00,0.000000E+00,0.000000E+00,0.000000E+00,2.110805E+01,7.993954E+01,2.388832E+01,6.719464E+01
07:24:00,8.007901E+03,6.950407E+02,5.575739E-01,6.138094E-02,0.000000E+00,0.000000E+00,0.000000E+00,0.000000E+00,0.000000E+00,0.000000E+00,0.000000E+00,0.000000E+00,2.110805E+01,7.993954E+01,2.388832E+01,6.716397E+01
07:25:00,8.007901E+03,6.973713E+02,5.575739E-01,6.158677E-02,0.000000E+00,0.000000E+00,0.000000E+00,0.000000E+00,0.000000E+00,0.000000E+00,0.000000E+00,0.000000E+00,2.110805E+01,7.993954E+01,2.388832E+01,6.713292E+01
07:26:00,8.007901E+03,6.997357E+02,5.575739E-01,6.179558E-02,0.000000E+00,0.000000E+00,0.000000E+00,0.000000E+00,0.000000E+00,0.000000E+00,0.000000E+00,0.000000E+00,2.110805E+01,7.993954E+01,2.388831E+01,6.710152E+01
07:27:00,8.007901E+03,7.020902E+02,5.575739E-01,6.200353E-02,0.000000E+00,0.000000E+00,0.000000E+00,0.000000E+00,0.000000E+00,0.000000E+00,0.000000E+00,0.000000E+00,2.110805E+01,7.993954E+01,2.388831E+01,6.706976E+01
07:28:00,8.007901E+03,7.044773E+02,5.575739E-01,6.221434E-02,0.000000E+00,0.000000E+00,0.000000E+00,0.000000E+00,0.000000E+00,0.000000E+00,0.000000E+00,0.000000E+00,2.110805E+01,7.993954E+01,2.388831E+01,6.703767E+01
07:29:00,8.007901E+03,7.068981E+02,5.575739E-01,6.242814E-02,0.000000E+00,0.000000E+00,0.000000E+00,0.000000E+00,0.000000E+00,0.000000E+00,0.000000E+00,0.000000E+00,2.110805E+01,7.993954E+01,2.388831E+01,6.700522E+01
07:30:00,8.007901E+03,7.093538E+02,5.575739E-01,6.264501E-02,0.000000E+00,0.000000E+00,0.000000E+00,0.000000E+00,0.000000E+00,0.000000E+00,0.000000E+00,0.000000E+00,2.110805E+01,7.993954E+01,2.388831E+01,6.697243E+01
07:31:00,8.007901E+03,7.118444E+02,5.575739E-01,6.286498E-02,0.000000E+00,0.000000E+00,0.000000E+00,0.000000E+00,0.000000E+00,0.000000E+00,0.000000E+00,0.000000E+00,2.110805E+01,7.993954E+01,2.388830E+01,6.693930E+01
07:32:00,8.007901E+03,7.143705E+02,5.575739E-01,6.308807E-02,0.000000E+00,0.000000E+00,0.000000E+00,0.000000E+00,0.000000E+00,0.000000E+00,0.000000E+00,0.000000E+00,2.110805E+01,7.993954E+01,2.388830E+01,6.690583E+01
07:33:00,8.007901E+03,7.169323E+02,5.575739E-01,6.331432E-02,0.000000E+00,0.000000E+00,0.000000E+00,0.000000E+00,0.000000E+00,0.000000E+00,0.000000E+00,0.000000E+00,2.110805E+01,7.993954E+01,2.388830E+01,6.687203E+01
07:34:00,8.007901E+03,7.195301E+02,5.575739E-01,6.354375E-02,0.000000E+00,0.000000E+00,0.000000E+00,0.000000E+00,0.000000E+00,0.000000E+00,0.000000E+00,0.000000E+00,2.110805E+01,7.993954E+01,2.388830E+01,6.683790E+01
07:35:00,8.007901E+03,7.221641E+02,5.575739E-01,6.377637E-02,0.000000E+00,0.000000E+00,0.000000E+00,0.000000E+00,0.000000E+00,0.000000E+00,0.000000E+00,0.000000E+00,2.110805E+01,7.993954E+01,2.388830E+01,6.680346E+01
07:36:00,8.007901E+03,7.248345E+02,5.575739E-01,6.401221E-02,0.000000E+00,0.000000E+00,0.000000E+00,0.000000E+00,0.000000E+00,0.000000E+00,0.000000E+00,0.000000E+00,2.110805E+01,7.993954E+01,2.388830E+01,6.676871E+01
07:37:00,8.007901E+03,7.275418E+02,5.575739E-01,6.425131E-02,0.000000E+00,0.000000E+00,0.000000E+00,0.000000E+00,0.000000E+00,0.000000E+00,0.000000E+00,0.000000E+00,2.110805E+01,7.993954E+01,2.388829E+01,6.673366E+01
07:38:00,8.007901E+03,7.302869E+02,5.575739E-01,6.449375E-02,0.000000E+00,0.000000E+00,0.000000E+00,0.000000E+00,0.000000E+00,0.000000E+00,0.000000E+00,0.000000E+00,2.110805E+01,7.993954E+01,2.388829E+01,6.669831E+01
07:39:00,8.007901E+03,7.330703E+02,5.575739E-01,6.473957E-02,0.000000E+00,0.000000E+00,0.000000E+00,0.000000E+00,0.000000E+00,0.000000E+00,0.000000E+00,0.000000E+00,2.110805E+01,7.993954E+01,2.388829E+01,6.666266E+01
07:40:00,8.007901E+03,7.358921E+02,5.575739E-01,6.498878E-02,0.000000E+00,0.000000E+00,0.000000E+00,0.000000E+00,0.000000E+00,0.000000E+00,0.000000E+00,0.000000E+00,2.110805E+01,7.993954E+01,2.388829E+01,6.662671E+01
07:41:00,8.007901E+03,7.387525E+02,5.575739E-01,6.524140E-02,0.000000E+00,0.000000E+00,0.000000E+00,0.000000E+00,0.000000E+00,0.000000E+00,0.000000E+00,0.000000E+00,2.110805E+01,7.993954E+01,2.388829E+01,6.659046E+01
07:42:00,8.007901E+03,7.416518E+02,5.575739E-01,6.549745E-02,0.000000E+00,0.000000E+00,0.000000E+00,0.000000E+00,0.000000E+00,0.000000E+00,0.000000E+00,0.000000E+00,2.110805E+01,7.993954E+01,2.388828E+01,6.655391E+01
07:43:00,8.007901E+03,7.445903E+02,5.575739E-01,6.575697E-02,0.000000E+00,0.000000E+00,0.000000E+00,0.000000E+00,0.000000E+00,0.000000E+00,0.000000E+00,0.000000E+00,2.110805E+01,7.993954E+01,2.388828E+01,6.651708E+01
07:44:00,8.007901E+03,7.475680E+02,5.575739E-01,6.601995E-02,0.000000E+00,0.000000E+00,0.000000E+00,0.000000E+00,0.000000E+00,0.000000E+00,0.000000E+00,0.000000E+00,2.110805E+01,7.993954E+01,2.388828E+01,6.647998E+01
07:45:00,8.007901E+03,7.505848E+02,5.575739E-01,6.628638E-02,0.000000E+00,0.000000E+00,0.000000E+00,0.000000E+00,0.000000E+00,0.000000E+00,0.000000E+00,0.000000E+00,2.110805E+01,7.993954E+01,2.388828E+01,6.644261E+01
07:46:00,8.007901E+03,7.536408E+02,5.575739E-01,6.655628E-02,0.000000E+00,0.000000E+00,0.000000E+00,0.000000E+00,0.000000E+00,0.000000E+00,0.000000E+00,0.000000E+00,2.110805E+01,7.993954E+01,2.388828E+01,6.640498E+01
07:47:00,8.007901E+03,7.567363E+02,5.575739E-01,6.682966E-02,0.000000E+00,0.000000E+00,0.000000E+00,0.000000E+00,0.000000E+00,0.000000E+00,0.000000E+00,0.000000E+00,2.110805E+01,7.993954E+01,2.388828E+01,6.636709E+01
07:48:00,8.007901E+03,7.598711E+02,5.575739E-01,6.710651E-02,0.000000E+00,0.000000E+00,0.000000E+00,0.000000E+00,0.000000E+00,0.000000E+00,0.000000E+00,0.000000E+00,2.110805E+01,7.993954E+01,2.388827E+01,6.632896E+01
07:49:00,8.007901E+03,7.630453E+02,5.575739E-01,6.738685E-02,0.000000E+00,0.000000E+00,0.000000E+00,0.000000E+00,0.000000E+00,0.000000E+00,0.000000E+00,0.000000E+00,2.110805E+01,7.993954E+01,2.388827E+01,6.629058E+01
07:50:00,8.007901E+03,7.662590E+02,5.575739E-01,6.767067E-02,0.000000E+00,0.000000E+00,0.000000E+00,0.000000E+00,0.000000E+00,0.000000E+00,0.000000E+00,0.000000E+00,2.110805E+01,7.993954E+01,2.388827E+01,6.625198E+01
07:51:00,8.007901E+03,7.695123E+02,5.575739E-01,6.795799E-02,0.000000E+00,0.000000E+00,0.000000E+00,0.000000E+00,0.000000E+00,0.000000E+00,0.000000E+00,0.000000E+00,2.110805E+01,7.993954E+01,2.388827E+01,6.621314E+01
07:52:00,8.007901E+03,7.728052E+02,5.575739E-01,6.824881E-02,0.000000E+00,0.000000E+00,0.000000E+00,0.000000E+00,0.000000E+00,0.000000E+00,0.000000E+00,0.000000E+00,2.110805E+01,7.993954E+01,2.388827E+01,6.617408E+01
07:53:00,8.007901E+03,7.761378E+02,5.575739E-01,6.854313E-02,0.000000E+00,0.000000E+00,0.000000E+00,0.000000E+00,0.000000E+00,0.000000E+00,0.000000E+00,0.000000E+00,2.110805E+01,7.993954E+01,2.388827E+01,6.613481E+01
07:54:00,8.007901E+03,7.795100E+02,5.575739E-01,6.884095E-02,0.000000E+00,0.000000E+00,0.000000E+00,0.000000E+00,0.000000E+00,0.000000E+00,0.000000E+00,0.000000E+00,2.110805E+01,7.993954E+01,2.388826E+01,6.609533E+01
07:55:00,8.007901E+03,7.829222E+02,5.575739E-01,6.914230E-02,0.000000E+00,0.000000E+00,0.000000E+00,0.000000E+00,0.000000E+00,0.000000E+00,0.000000E+00,0.000000E+00,2.110805E+01,7.993954E+01,2.388826E+01,6.605566E+01
07:56:00,8.007901E+03,7.863741E+02,5.575739E-01,6.944716E-02,0.000000E+00,0.000000E+00,0.000000E+00,0.000000E+00,0.000000E+00,0.000000E+00,0.000000E+00,0.000000E+00,2.110805E+01,7.993954E+01,2.388826E+01,6.601578E+01
07:57:00,8.007901E+03,7.898657E+02,5.575739E-01,6.975553E-02,0.000000E+00,0.000000E+00,0.000000E+00,0.000000E+00,0.000000E+00,0.000000E+00,0.000000E+00,0.000000E+00,2.110805E+01,7.993954E+01,2.388826E+01,6.597572E+01
07:58:00,8.007901E+03,7.933973E+02,5.575739E-01,7.006743E-02,0.000000E+00,0.000000E+00,0.000000E+00,0.000000E+00,0.000000E+00,0.000000E+00,0.000000E+00,0.000000E+00,2.110805E+01,7.993954E+01,2.388826E+01,6.593548E+01
07:59:00,8.007901E+03,7.969689E+02,5.575739E-01,7.038286E-02,0.000000E+00,0.000000E+00,0.000000E+00,0.000000E+00,0.000000E+00,0.000000E+00,0.000000E+00,0.000000E+00,2.110805E+01,7.993954E+01,2.388825E+01,6.589506E+01
08:00:00,8.007901E+03,8.005803E+02,5.575739E-01,7.070181E-02,0.000000E+00,0.000000E+00,0.000000E+00,0.000000E+00,0.000000E+00,0.000000E+00,0.000000E+00,0.000000E+00,2.110805E+01,7.993954E+01,2.388825E+01,6.585448E+01
08:01:00,8.007901E+03,8.042084E+02,5.575739E-01,7.102222E-02,0.000000E+00,0.000000E+00,0.000000E+00,0.000000E+00,0.000000E+00,0.000000E+00,0.000000E+00,0.000000E+00,2.110805E+01,7.993954E+01,2.388825E+01,6.581372E+01
08:02:00,8.007901E+03,8.078534E+02,5.575739E-01,7.134414E-02,0.000000E+00,0.000000E+00,0.000000E+00,0.000000E+00,0.000000E+00,0.000000E+00,0.000000E+00,0.000000E+00,2.110805E+01,7.993954E+01,2.388825E+01,6.577275E+01
08:03:00,8.007901E+03,8.115158E+02,5.575739E-01,7.166759E-02,0.000000E+00,0.000000E+00,0.000000E+00,0.000000E+00,0.000000E+00,0.000000E+00,0.000000E+00,0.000000E+00,2.110805E+01,7.993954E+01,2.388825E+01,6.573154E+01
08:04:00,8.007901E+03,8.151952E+02,5.575739E-01,7.199254E-02,0.000000E+00,0.000000E+00,0.000000E+00,0.000000E+00,0.000000E+00,0.000000E+00,0.000000E+00,0.000000E+00,2.110805E+01,7.993954E+01,2.388825E+01,6.569006E+01
08:05:00,8.007901E+03,8.188916E+02,5.575739E-01,7.231899E-02,0.000000E+00,0.000000E+00,0.000000E+00,0.000000E+00,0.000000E+00,0.000000E+00,0.000000E+00,0.000000E+00,2.110805E+01,7.993954E+01,2.388824E+01,6.564833E+01
08:06:00,8.007901E+03,8.226054E+02,5.575739E-01,7.264699E-02,0.000000E+00,0.000000E+00,0.000000E+00,0.000000E+00,0.000000E+00,0.000000E+00,0.000000E+00,0.000000E+00,2.110805E+01,7.993954E+01,2.388824E+01,6.560636E+01
08:07:00,8.007901E+03,8.263363E+02,5.575739E-01,7.297649E-02,0.000000E+00,0.000000E+00,0.000000E+00,0.000000E+00,0.000000E+00,0.000000E+00,0.000000E+00,0.000000E+00,2.110805E+01,7.993954E+01,2.388824E+01,6.556417E+01
08:08:00,8.007901E+03,8.300842E+02,5.575739E-01,7.330749E-02,0.000000E+00,0.000000E+00,0.000000E+00,0.000000E+00,0.000000E+00,0.000000E+00,0.000000E+00,0.000000E+00,2.110805E+01,7.993954E+01,2.388824E+01,6.552175E+01
08:09:00,8.007901E+03,8.338494E+02,5.575739E-01,7.364002E-02,0.000000E+00,0.000000E+00,0.000000E+00,0.000000E+00,0.000000E+00,0.000000E+00,0.000000E+00,0.000000E+00,2.110805E+01,7.993954E+01,2.388824E+01,6.547913E+01
08:10:00,8.007901E+03,8.376318E+02,5.575739E-01,7.397406E-02,0.000000E+00,0.000000E+00,0.000000E+00,0.000000E+00,0.000000E+00,0.000000E+00,0.000000E+00,0.000000E+00,2.110805E+01,7.993954E+01,2.388823E+01,6.543630E+01
08:11:00,8.007901E+03,8.414310E+02,5.575739E-01,7.430960E-02,0.000000E+00,0.000000E+00,0.000000E+00,0.000000E+00,0.000000E+00,0.000000E+00,0.000000E+00,0.000000E+00,2.110805E+01,7.993954E+01,2.388823E+01,6.539328E+01
08:12:00,8.007901E+03,8.452477E+02,5.575739E-01,7.464667E-02,0.000000E+00,0.000000E+00,0.000000E+00,0.000000E+00,0.000000E+00,0.000000E+00,0.000000E+00,0.000000E+00,2.110805E+01,7.993954E+01,2.388823E+01,6.535008E+01
08:13:00,8.007901E+03,8.490814E+02,5.575739E-01,7.498525E-02,0.000000E+00,0.000000E+00,0.000000E+00,0.000000E+00,0.000000E+00,0.000000E+00,0.000000E+00,0.000000E+00,2.110805E+01,7.993954E+01,2.388823E+01,6.530670E+01
08:14:00,8.007901E+03,8.529320E+02,5.575739E-01,7.532533E-02,0.000000E+00,0.000000E+00,0.000000E+00,0.000000E+00,0.000000E+00,0.000000E+00,0.000000E+00,0.000000E+00,2.110805E+01,7.993954E+01,2.388823E+01,6.526315E+01
08:15:00,8.007901E+03,8.567999E+02,5.575739E-01,7.566692E-02,0.000000E+00,0.000000E+00,0.000000E+00,0.000000E+00,0.000000E+00,0.000000E+00,0.000000E+00,0.000000E+00,2.110805E+01,7.993954E+01,2.388823E+01,6.521943E+01
08:16:00,8.007901E+03,8.606849E+02,5.575739E-01,7.601004E-02,0.000000E+00,0.000000E+00,0.000000E+00,0.000000E+00,0.000000E+00,0.000000E+00,0.000000E+00,0.000000E+00,2.110805E+01,7.993954E+01,2.388822E+01,6.517557E+01
08:17:00,8.007901E+03,8.645868E+02,5.575739E-01,7.635464E-02,0.000000E+00,0.000000E+00,0.000000E+00,0.000000E+00,0.000000E+00,0.000000E+00,0.000000E+00,0.000000E+00,2.110805E+01,7.993954E+01,2.388822E+01,6.513155E+01
08:18:00,8.007901E+03,8.685059E+02,5.575739E-01,7.670076E-02,0.000000E+00,0.000000E+00,0.000000E+00,0.000000E+00,0.000000E+00,0.000000E+00,0.000000E+00,0.000000E+00,2.110805E+01,7.993954E+01,2.388822E+01,6.508740E+01
08:19:00,8.007901E+03,8.724422E+02,5.575739E-01,7.704840E-02,0.000000E+00,0.000000E+00,0.000000E+00,0.000000E+00,0.000000E+00,0.000000E+00,0.000000E+00,0.000000E+00,2.110805E+01,7.993954E+01,2.388822E+01,6.504311E+01
08:20:00,8.007901E+03,8.763953E+02,5.575739E-01,7.739753E-02,0.000000E+00,0.000000E+00,0.000000E+00,0.000000E+00,0.000000E+00,0.000000E+00,0.000000E+00,0.000000E+00,2.110805E+01,7.993954E+01,2.388822E+01,6.499870E+01
08:21:00,8.007901E+03,8.803658E+02,5.575739E-01,7.774819E-02,0.000000E+00,0.000000E+00,0.000000E+00,0.000000E+00,0.000000E+00,0.000000E+00,0.000000E+00,0.000000E+00,2.110805E+01,7.993954E+01,2.388821E+01,6.495417E+01
08:22:00,8.007901E+03,8.843535E+02,5.575739E-01,7.810037E-02,0.000000E+00,0.000000E+00,0.000000E+00,0.000000E+00,0.000000E+00,0.000000E+00,0.000000E+00,0.000000E+00,2.110805E+01,7.993954E+01,2.388821E+01,6.490953E+01
08:23:00,8.007901E+03,8.883587E+02,5.575739E-01,7.845409E-02,0.000000E+00,0.000000E+00,0.000000E+00,0.000000E+00,0.000000E+00,0.000000E+00,0.000000E+00,0.000000E+00,2.110805E+01,7.993954E+01,2.388821E+01,6.486478E+01
08:24:00,8.007902E+03,8.923825E+02,5.575739E-01,7.880947E-02,0.000000E+00,0.000000E+00,0.000000E+00,0.000000E+00,0.000000E+00,0.000000E+00,0.000000E+00,0.000000E+00,2.110805E+01,7.993954E+01,2.388821E+01,6.481993E+01
08:25:00,8.007902E+03,8.964250E+02,5.575739E-01,7.916649E-02,0.000000E+00,0.000000E+00,0.000000E+00,0.000000E+00,0.000000E+00,0.000000E+00,0.000000E+00,0.000000E+00,2.110805E+01,7.993954E+01,2.388821E+01,6.477500E+01
08:26:00,8.007902E+03,9.004857E+02,5.575739E-01,7.952511E-02,0.000000E+00,0.000000E+00,0.000000E+00,0.000000E+00,0.000000E+00,0.000000E+00,0.000000E+00,0.000000E+00,2.110805E+01,7.993954E+01,2.388821E+01,6.472997E+01
08:27:00,8.007902E+03,9.045642E+02,5.575739E-01,7.988531E-02,0.000000E+00,0.000000E+00,0.000000E+00,0.000000E+00,0.000000E+00,0.000000E+00,0.000000E+00,0.000000E+00,2.110805E+01,7.993954E+01,2.388820E+01,6.468486E+01
08:28:00,8.007902E+03,9.086599E+02,5.575739E-01,8.024703E-02,0.000000E+00,0.000000E+00,0.000000E+00,0.000000E+00,0.000000E+00,0.000000E+00,0.000000E+00,0.000000E+00,2.110805E+01,7.993954E+01,2.388820E+01,6.463968E+01
08:29:00,8.007902E+03,9.127721E+02,5.575739E-01,8.061020E-02,0.000000E+00,0.000000E+00,0.000000E+00,0.000000E+00,0.000000E+00,0.000000E+00,0.000000E+00,0.000000E+00,2.110805E+01,7.993954E+01,2.388820E+01,6.459443E+01
08:30:00,8.007902E+03,9.169010E+02,5.575739E-01,8.097485E-02,0.000000E+00,0.000000E+00,0.000000E+00,0.000000E+00,0.000000E+00,0.000000E+00,0.000000E+00,0.000000E+00,2.110805E+01,7.993954E+01,2.388820E+01,6.454912E+01
08:31:00,8.007902E+03,9.210464E+02,5.575739E-01,8.134096E-02,0.000000E+00,0.000000E+00,0.000000E+00,0.000000E+00,0.000000E+00,0.000000E+00,0.000000E+00,0.000000E+00,2.110805E+01,7.993954E+01,2.388820E+01,6.450375E+01
08:32:00,8.007902E+03,9.252081E+02,5.575739E-01,8.170851E-02,0.000000E+00,0.000000E+00,0.000000E+00,0.000000E+00,0.000000E+00,0.000000E+00,0.000000E+00,0.000000E+00,2.110805E+01,7.993954E+01,2.388820E+01,6.445832E+01
08:33:00,8.007902E+03,9.293857E+02,5.575739E-01,8.207746E-02,0.000000E+00,0.000000E+00,0.000000E+00,0.000000E+00,0.000000E+00,0.000000E+00,0.000000E+00,0.000000E+00,2.110805E+01,7.993954E+01,2.388819E+01,6.441285E+01
08:34:00,8.007902E+03,9.335789E+02,5.575739E-01,8.244780E-02,0.000000E+00,0.000000E+00,0.000000E+00,0.000000E+00,0.000000E+00,0.000000E+00,0.000000E+00,0.000000E+00,2.110805E+01,7.993954E+01,2.388819E+01,6.436733E+01
08:35:00,8.007902E+03,9.377882E+02,5.575739E-01,8.281954E-02,0.000000E+00,0.000000E+00,0.000000E+00,0.000000E+00,0.000000E+00,0.000000E+00,0.000000E+00,0.000000E+00,2.110805E+01,7.993954E+01,2.388819E+01,6.432178E+01
08:36:00,8.007902E+03,9.420129E+02,5.575739E-01,8.319266E-02,0.000000E+00,0.000000E+00,0.000000E+00,0.000000E+00,0.000000E+00,0.000000E+00,0.000000E+00,0.000000E+00,2.110805E+01,7.993954E+01,2.388819E+01,6.427620E+01
08:37:00,8.007902E+03,9.462529E+02,5.575739E-01,8.356712E-02,0.000000E+00,0.000000E+00,0.000000E+00,0.000000E+00,0.000000E+00,0.000000E+00,0.000000E+00,0.000000E+00,2.110805E+01,7.993954E+01,2.388819E+01,6.423059E+01
08:38:00,8.007902E+03,9.505072E+02,5.575739E-01,8.394284E-02,0.000000E+00,0.000000E+00,0.000000E+00,0.000000E+00,0.000000E+00,0.000000E+00,0.000000E+00,0.000000E+00,2.110805E+01,7.993954E+01,2.388819E+01,6.418495E+01
08:39:00,8.007902E+03,9.547753E+02,5.575739E-01,8.431979E-02,0.000000E+00,0.000000E+00,0.000000E+00,0.000000E+00,0.000000E+00,0.000000E+00,0.000000E+00,0.000000E+00,2.110805E+01,7.993954E+01,2.388818E+01,6.413929E+01
08:40:00,8.007902E+03,9.590574E+02,5.575739E-01,8.469797E-02,0.000000E+00,0.000000E+00,0.000000E+00,0.000000E+00,0.000000E+00,0.000000E+00,0.000000E+00,0.000000E+00,2.110805E+01,7.993954E+01,2.388818E+01,6.409363E+01
08:41:00,8.007902E+03,9.633532E+02,5.575739E-01,8.507737E-02,0.000000E+00,0.000000E+00,0.000000E+00,0.000000E+00,0.000000E+00,0.000000E+00,0.000000E+00,0.000000E+00,2.110805E+01,7.993954E+01,2.388818E+01,6.404795E+01
08:42:00,8.007902E+03,9.676625E+02,5.575739E-01,8.545795E-02,0.000000E+00,0.000000E+00,0.000000E+00,0.000000E+00,0.000000E+00,0.000000E+00,0.000000E+00,0.000000E+00,2.110805E+01,7.993954E+01,2.388818E+01,6.400227E+01
08:43:00,8.007902E+03,9.719852E+02,5.575739E-01,8.583972E-02,0.000000E+00,0.000000E+00,0.000000E+00,0.000000E+00,0.000000E+00,0.000000E+00,0.000000E+00,0.000000E+00,2.110805E+01,7.993954E+01,2.388818E+01,6.395658E+01
08:44:00,8.007902E+03,9.763211E+02,5.575739E-01,8.622266E-02,0.000000E+00,0.000000E+00,0.000000E+00,0.000000E+00,0.000000E+00,0.000000E+00,0.000000E+00,0.000000E+00,2.110805E+01,7.993954E+01,2.388818E+01,6.391090E+01
08:45:00,8.007902E+03,9.806701E+02,5.575739E-01,8.660674E-02,0.000000E+00,0.000000E+00,0.000000E+00,0.000000E+00,0.000000E+00,0.000000E+00,0.000000E+00,0.000000E+00,2.110805E+01,7.993954E+01,2.388818E+01,6.386523E+01
08:46:00,8.007902E+03,9.850321E+02,5.575739E-01,8.699198E-02,0.000000E+00,0.000000E+00,0.000000E+00,0.000000E+00,0.000000E+00,0.000000E+00,0.000000E+00,0.000000E+00,2.110805E+01,7.993954E+01,2.388817E+01,6.381957E+01
08:47:00,8.007902E+03,9.894068E+02,5.575739E-01,8.737834E-02,0.000000E+00,0.000000E+00,0.000000E+00,0.000000E+00,0.000000E+00,0.000000E+00,0.000000E+00,0.000000E+00,2.110805E+01,7.993954E+01,2.388817E+01,6.377393E+01
08:48:00,8.007902E+03,9.937942E+02,5.575739E-01,8.776582E-02,0.000000E+00,0.000000E+00,0.000000E+00,0.000000E+00,0.000000E+00,0.000000E+00,0.000000E+00,0.000000E+00,2.110805E+01,7.993954E+01,2.388817E+01,6.372830E+01
08:49:00,8.007902E+03,9.981940E+02,5.575739E-01,8.815440E-02,0.000000E+00,0.000000E+00,0.000000E+00,0.000000E+00,0.000000E+00,0.000000E+00,0.000000E+00,0.000000E+00,2.110805E+01,7.993954E+01,2.388817E+01,6.368271E+01
08:50:00,8.007902E+03,1.002606E+03,5.575739E-01,8.854408E-02,0.000000E+00,0.000000E+00,0.000000E+00,0.000000E+00,0.000000E+00,0.000000E+00,0.000000E+00,0.000000E+00,2.110805E+01,7.993954E+01,2.388817E+01,6.363714E+01
08:51:00,8.007902E+03,1.007031E+03,5.575739E-01,8.893482E-02,0.000000E+00,0.000000E+00,0.000000E+00,0.000000E+00,0.000000E+00,0.000000E+00,0.000000E+00,0.000000E+00,2.110805E+01,7.993954E+01,2.388817E+01,6.359160E+01
08:52:00,8.007902E+03,1.011467E+03,5.575739E-01,8.932664E-02,0.000000E+00,0.000000E+00,0.000000E+00,0.000000E+00,0.000000E+00,0.000000E+00,0.000000E+00,0.000000E+00,2.110805E+01,7.993954E+01,2.388817E+01,6.354610E+01
08:53:00,8.007902E+03,1.015916E+03,5.575739E-01,8.971955E-02,0.000000E+00,0.000000E+00,0.000000E+00,0.000000E+00,0.000000E+00,0.000000E+00,0.000000E+00,0.000000E+00,2.110805E+01,7.993954E+01,2.388816E+01,6.350063E+01
08:54:00,8.007902E+03,1.020408E+03,5.575739E-01,9.011624E-02,0.000000E+00,0.000000E+00,0.000000E+00,0.000000E+00,0.000000E+00,0.000000E+00,0.000000E+00,0.000000E+00,2.110805E+01,7.993954E+01,2.388816E+01,6.345521E+01
08:55:00,8.007902E+03,1.024912E+03,5.575739E-01,9.051405E-02,0.000000E+00,0.000000E+00,0.000000E+00,0.000000E+00,0.000000E+00,0.000000E+00,0.000000E+00,0.000000E+00,2.110805E+01,7.993954E+01,2.388816E+01,6.340953E+01
08:56:00,8.007902E+03,1.029429E+03,5.575739E-01,9.091302E-02,0.000000E+00,0.000000E+00,0.000000E+00,0.000000E+00,0.000000E+00,0.000000E+00,0.000000E+00,0.000000E+00,2.110805E+01,7.993954E+01,2.388816E+01,6.336370E+01
08:57:00,8.007902E+03,1.033960E+03,5.575739E-01,9.131310E-02,0.000000E+00,0.000000E+00,0.000000E+00,0.000000E+00,0.000000E+00,0.000000E+00,0.000000E+00,0.000000E+00,2.110805E+01,7.993954E+01,2.388816E+01,6.331785E+01
08:58:00,8.007902E+03,1.038502E+03,5.575739E-01,9.171428E-02,0.000000E+00,0.000000E+00,0.000000E+00,0.000000E+00,0.000000E+00,0.000000E+00,0.000000E+00,0.000000E+00,2.110805E+01,7.993954E+01,2.388816E+01,6.327204E+01
08:59:00,8.007902E+03,1.043057E+03,5.575739E-01,9.211653E-02,0.000000E+00,0.000000E+00,0.000000E+00,0.000000E+00,0.000000E+00,0.000000E+00,0.000000E+00,0.000000E+00,2.110805E+01,7.993954E+01,2.388815E+01,6.322630E+01
09:00:00,8.007902E+03,1.047623E+03,5.575739E-01,9.251984E-02,0.000000E+00,0.000000E+00,0.000000E+00,0.000000E+00,0.000000E+00,0.000000E+00,0.000000E+00,0.000000E+00,2.110805E+01,7.993954E+01,2.388815E+01,6.318063E+01
09:01:00,8.007902E+03,1.052191E+03,5.575739E-01,9.292322E-02,0.000000E+00,0.000000E+00,0.000000E+00,0.000000E+00,0.000000E+00,0.000000E+00,0.000000E+00,0.000000E+00,2.110805E+01,7.993954E+01,2.388815E+01,6.313502E+01
09:02:00,8.007902E+03,1.056759E+03,5.575739E-01,9.332665E-02,0.000000E+00,0.000000E+00,0.000000E+00,0.000000E+00,0.000000E+00,0.000000E+00,0.000000E+00,0.000000E+00,2.110805E+01,7.993954E+01,2.388815E+01,6.308955E+01
09:03:00,8.007902E+03,1.061327E+03,5.575739E-01,9.373010E-02,0.000000E+00,0.000000E+00,0.000000E+00,0.000000E+00,0.000000E+00,0.000000E+00,0.000000E+00,0.000000E+00,2.110805E+01,7.993954E+01,2.388815E+01,6.304424E+01
09:04:00,8.007902E+03,1.065896E+03,5.575739E-01,9.413359E-02,0.000000E+00,0.000000E+00,0.000000E+00,0.000000E+00,0.000000E+00,0.000000E+00,0.000000E+00,0.000000E+00,2.110805E+01,7.993954E+01,2.388815E+01,6.299909E+01
09:05:00,8.007902E+03,1.070465E+03,5.575739E-01,9.453713E-02,0.000000E+00,0.000000E+00,0.000000E+00,0.000000E+00,0.000000E+00,0.000000E+00,0.000000E+00,0.000000E+00,2.110805E+01,7.993954E+01,2.388815E+01,6.295413E+01
09:06:00,8.007902E+03,1.075034E+03,5.575739E-01,9.494066E-02,0.000000E+00,0.000000E+00,0.000000E+00,0.000000E+00,0.000000E+00,0.000000E+00,0.000000E+00,0.000000E+00,2.110805E+01,7.993954E+01,2.388815E+01,6.290933E+01
09:07:00,8.007902E+03,1.079603E+03,5.575739E-01,9.534421E-02,0.000000E+00,0.000000E+00,0.000000E+00,0.000000E+00,0.000000E+00,0.000000E+00,0.000000E+00,0.000000E+00,2.110805E+01,7.993954E+01,2.388814E+01,6.286470E+01
09:08:00,8.007902E+03,1.084173E+03,5.575739E-01,9.574777E-02,0.000000E+00,0.000000E+00,0.000000E+00,0.000000E+00,0.000000E+00,0.000000E+00,0.000000E+00,0.000000E+00,2.110805E+01,7.993954E+01,2.388814E+01,6.282023E+01
09:09:00,8.007902E+03,1.088742E+03,5.575739E-01,9.615132E-02,0.000000E+00,0.000000E+00,0.000000E+00,0.000000E+00,0.000000E+00,0.000000E+00,0.000000E+00,0.000000E+00,2.110805E+01,7.993954E+01,2.388814E+01,6.277593E+01
09:10:00,8.007902E+03,1.093311E+03,5.575739E-01,9.655486E-02,0.000000E+00,0.000000E+00,0.000000E+00,0.000000E+00,0.000000E+00,0.000000E+00,0.000000E+00,0.000000E+00,2.110805E+01,7.993954E+01,2.388814E+01,6.273180E+01
09:11:00,8.007902E+03,1.097880E+03,5.575739E-01,9.695841E-02,0.000000E+00,0.000000E+00,0.000000E+00,0.000000E+00,0.000000E+00,0.000000E+00,0.000000E+00,0.000000E+00,2.110805E+01,7.993954E+01,2.388814E+01,6.268782E+01
09:12:00,8.007902E+03,1.102449E+03,5.575739E-01,9.736192E-02,0.000000E+00,0.000000E+00,0.000000E+00,0.000000E+00,0.000000E+00,0.000000E+00,0.000000E+00,0.000000E+00,2.110805E+01,7.993954E+01,2.388814E+01,6.264400E+01
09:13:00,8.007902E+03,1.107018E+03,5.575739E-01,9.776540E-02,0.000000E+00,0.000000E+00,0.000000E+00,0.000000E+00,0.000000E+00,0.000000E+00,0.000000E+00,0.000000E+00,2.110805E+01,7.993954E+01,2.388814E+01,6.260035E+01
09:14:00,8.007902E+03,1.111586E+03,5.575739E-01,9.816888E-02,0.000000E+00,0.000000E+00,0.000000E+00,0.000000E+00,0.000000E+00,0.000000E+00,0.000000E+00,0.000000E+00,2.110805E+01,7.993954E+01,2.388814E+01,6.255685E+01
09:15:00,8.007902E+03,1.116154E+03,5.575739E-01,9.857229E-02,0.000000E+00,0.000000E+00,0.000000E+00,0.000000E+00,0.000000E+00,0.000000E+00,0.000000E+00,0.000000E+00,2.110805E+01,7.993954E+01,2.388814E+01,6.251350E+01
09:16:00,8.007902E+03,1.120722E+03,5.575739E-01,9.897567E-02,0.000000E+00,0.000000E+00,0.000000E+00,0.000000E+00,0.000000E+00,0.000000E+00,0.000000E+00,0.000000E+00,2.110805E+01,7.993954E+01,2.388813E+01,6.247031E+01
09:17:00,8.007902E+03,1.125289E+03,5.575739E-01,9.937902E-02,0.000000E+00,0.000000E+00,0.000000E+00,0.000000E+00,0.000000E+00,0.000000E+00,0.000000E+00,0.000000E+00,2.110805E+01,7.993954E+01,2.388813E+01,6.242727E+01
09:18:00,8.007902E+03,1.129855E+03,5.575739E-01,9.978230E-02,0.000000E+00,0.000000E+00,0.000000E+00,0.000000E+00,0.000000E+00,0.000000E+00,0.000000E+00,0.000000E+00,2.110805E+01,7.993954E+01,2.388813E+01,6.238439E+01
09:19:00,8.007902E+03,1.134420E+03,5.575739E-01,1.001855E-01,0.000000E+00,0.000000E+00,0.000000E+00,0.000000E+00,0.000000E+00,0.000000E+00,0.000000E+00,0.000000E+00,2.110805E+01,7.993954E+01,2.388813E+01,6.234166E+01
09:20:00,8.007902E+03,1.138986E+03,5.575739E-01,1.005887E-01,0.000000E+00,0.000000E+00,0.000000E+00,0.000000E+00,0.000000E+00,0.000000E+00,0.000000E+00,0.000000E+00,2.110805E+01,7.993954E+01,2.388813E+01,6.229908E+01
09:21:00,8.007902E+03,1.143550E+03,5.575739E-01,1.009918E-01,0.000000E+00,0.000000E+00,0.000000E+00,0.000000E+00,0.000000E+00,0.000000E+00,0.000000E+00,0.000000E+00,2.110805E+01,7.993954E+01,2.388813E+01,6.225665E+01
09:22:00,8.007902E+03,1.148113E+03,5.575739E-01,1.013948E-01,0.000000E+00,0.000000E+00,0.000000E+00,0.000000E+00,0.000000E+00,0.000000E+00,0.000000E+00,0.000000E+00,2.110805E+01,7.993954E+01,2.388813E+01,6.221437E+01
09:23:00,8.007902E+03,1.152676E+03,5.575739E-01,1.017978E-01,0.000000E+00,0.000000E+00,0.000000E+00,0.000000E+00,0.000000E+00,0.000000E+00,0.000000E+00,0.000000E+00,2.110805E+01,7.993954E+01,2.388813E+01,6.217223E+01
09:24:00,8.007902E+03,1.157237E+03,5.575739E-01,1.022006E-01,0.000000E+00,0.000000E+00,0.000000E+00,0.000000E+00,0.000000E+00,0.000000E+00,0.000000E+00,0.000000E+00,2.110805E+01,7.993954E+01,2.388813E+01,6.213024E+01
09:25:00,8.007902E+03,1.161798E+03,5.575739E-01,1.026034E-01,0.000000E+00,0.000000E+00,0.000000E+00,0.000000E+00,0.000000E+00,0.000000E+00,0.000000E+00,0.000000E+00,2.110805E+01,7.993954E+01,2.388812E+01,6.208840E+01
09:26:00,8.007902E+03,1.166358E+03,5.575739E-01,1.030062E-01,0.000000E+00,0.000000E+00,0.000000E+00,0.000000E+00,0.000000E+00,0.000000E+00,0.000000E+00,0.000000E+00,2.110805E+01,7.993954E+01,2.388812E+01,6.204670E+01
09:27:00,8.007902E+03,1.170917E+03,5.575739E-01,1.034088E-01,0.000000E+00,0.000000E+00,0.000000E+00,0.000000E+00,0.000000E+00,0.000000E+00,0.000000E+00,0.000000E+00,2.110805E+01,7.993954E+01,2.388812E+01,6.200514E+01
09:28:00,8.007902E+03,1.175474E+03,5.575739E-01,1.038113E-01,0.000000E+00,0.000000E+00,0.000000E+00,0.000000E+00,0.000000E+00,0.000000E+00,0.000000E+00,0.000000E+00,2.110805E+01,7.993954E+01,2.388812E+01,6.196372E+01
09:29:00,8.007902E+03,1.180031E+03,5.575739E-01,1.042137E-01,0.000000E+00,0.000000E+00,0.000000E+00,0.000000E+00,0.000000E+00,0.000000E+00,0.000000E+00,0.000000E+00,2.110805E+01,7.993954E+01,2.388812E+01,6.192245E+01
09:30:00,8.007902E+03,1.184586E+03,5.575739E-01,1.046160E-01,0.000000E+00,0.000000E+00,0.000000E+00,0.000000E+00,0.000000E+00,0.000000E+00,0.000000E+00,0.000000E+00,2.110805E+01,7.993954E+01,2.388812E+01,6.188131E+01
09:31:00,8.007902E+03,1.189140E+03,5.575739E-01,1.050182E-01,0.000000E+00,0.000000E+00,0.000000E+00,0.000000E+00,0.000000E+00,0.000000E+00,0.000000E+00,0.000000E+00,2.110805E+01,7.993954E+01,2.388812E+01,6.184032E+01
09:32:00,8.007902E+03,1.193692E+03,5.575739E-01,1.054202E-01,0.000000E+00,0.000000E+00,0.000000E+00,0.000000E+00,0.000000E+00,0.000000E+00,0.000000E+00,0.000000E+00,2.110805E+01,7.993954E+01,2.388812E+01,6.179947E+01
09:33:00,8.007902E+03,1.198243E+03,5.575739E-01,1.058222E-01,0.000000E+00,0.000000E+00,0.000000E+00,0.000000E+00,0.000000E+00,0.000000E+00,0.000000E+00,0.000000E+00,2.110805E+01,7.993954E+01,2.388812E+01,6.175875E+01
09:34:00,8.007902E+03,1.202794E+03,5.575739E-01,1.062240E-01,0.000000E+00,0.000000E+00,0.000000E+00,0.000000E+00,0.000000E+00,0.000000E+00,0.000000E+00,0.000000E+00,2.110805E+01,7.993954E+01,2.388811E+01,6.171817E+01
09:35:00,8.007902E+03,1.207342E+03,5.575739E-01,1.066257E-01,0.000000E+00,0.000000E+00,0.000000E+00,0.000000E+00,0.000000E+00,0.000000E+00,0.000000E+00,0.000000E+00,2.110805E+01,7.993954E+01,2.388811E+01,6.167773E+01
09:36:00,8.007902E+03,1.211889E+03,5.575739E-01,1.070273E-01,0.000000E+00,0.000000E+00,0.000000E+00,0.000000E+00,0.000000E+00,0.000000E+00,0.000000E+00,0.000000E+00,2.110805E+01,7.993954E+01,2.388811E+01,6.163742E+01
09:37:00,8.007902E+03,1.216434E+03,5.575739E-01,1.074287E-01,0.000000E+00,0.000000E+00,0.000000E+00,0.000000E+00,0.000000E+00,0.000000E+00,0.000000E+00,0.000000E+00,2.110805E+01,7.993954E+01,2.388811E+01,6.159725E+01
09:38:00,8.007902E+03,1.220978E+03,5.575739E-01,1.078300E-01,0.000000E+00,0.000000E+00,0.000000E+00,0.000000E+00,0.000000E+00,0.000000E+00,0.000000E+00,0.000000E+00,2.110805E+01,7.993954E+01,2.388811E+01,6.155721E+01
09:39:00,8.007902E+03,1.225520E+03,5.575739E-01,1.082312E-01,0.000000E+00,0.000000E+00,0.000000E+00,0.000000E+00,0.000000E+00,0.000000E+00,0.000000E+00,0.000000E+00,2.110805E+01,7.993954E+01,2.388811E+01,6.151731E+01
09:40:00,8.007902E+03,1.230061E+03,5.575739E-01,1.086322E-01,0.000000E+00,0.000000E+00,0.000000E+00,0.000000E+00,0.000000E+00,0.000000E+00,0.000000E+00,0.000000E+00,2.110805E+01,7.993954E+01,2.388811E+01,6.147754E+01
09:41:00,8.007902E+03,1.234600E+03,5.575739E-01,1.090330E-01,0.000000E+00,0.000000E+00,0.000000E+00,0.000000E+00,0.000000E+00,0.000000E+00,0.000000E+00,0.000000E+00,2.110805E+01,7.993954E+01,2.388811E+01,6.143790E+01
09:42:00,8.007902E+03,1.239137E+03,5.575739E-01,1.094338E-01,0.000000E+00,0.000000E+00,0.000000E+00,0.000000E+00,0.000000E+00,0.000000E+00,0.000000E+00,0.000000E+00,2.110805E+01,7.993954E+01,2.388811E+01,6.139840E+01
09:43:00,8.007902E+03,1.243672E+03,5.575739E-01,1.098343E-01,0.000000E+00,0.000000E+00,0.000000E+00,0.000000E+00,0.000000E+00,0.000000E+00,0.000000E+00,0.000000E+00,2.110805E+01,7.993954E+01,2.388811E+01,6.135902E+01
09:44:00,8.007902E+03,1.248206E+03,5.575739E-01,1.102347E-01,0.000000E+00,0.000000E+00,0.000000E+00,0.000000E+00,0.000000E+00,0.000000E+00,0.000000E+00,0.000000E+00,2.110805E+01,7.993954E+01,2.388810E+01,6.131978E+01
09:45:00,8.007902E+03,1.252738E+03,5.575739E-01,1.106350E-01,0.000000E+00,0.000000E+00,0.000000E+00,0.000000E+00,0.000000E+00,0.000000E+00,0.000000E+00,0.000000E+00,2.110805E+01,7.993954E+01,2.388810E+01,6.128067E+01
09:46:00,8.007902E+03,1.257268E+03,5.575739E-01,1.110351E-01,0.000000E+00,0.000000E+00,0.000000E+00,0.000000E+00,0.000000E+00,0.000000E+00,0.000000E+00,0.000000E+00,2.110805E+01,7.993954E+01,2.388810E+01,6.124168E+01
09:47:00,8.007902E+03,1.261796E+03,5.575739E-01,1.114350E-01,0.000000E+00,0.000000E+00,0.000000E+00,0.000000E+00,0.000000E+00,0.000000E+00,0.000000E+00,0.000000E+00,2.110805E+01,7.993954E+01,2.388810E+01,6.120282E+01
09:48:00,8.007902E+03,1.266323E+03,5.575739E-01,1.118348E-01,0.000000E+00,0.000000E+00,0.000000E+00,0.000000E+00,0.000000E+00,0.000000E+00,0.000000E+00,0.000000E+00,2.110805E+01,7.993954E+01,2.388810E+01,6.116410E+01
09:49:00,8.007902E+03,1.270848E+03,5.575739E-01,1.122344E-01,0.000000E+00,0.000000E+00,0.000000E+00,0.000000E+00,0.000000E+00,0.000000E+00,0.000000E+00,0.000000E+00,2.110805E+01,7.993954E+01,2.388810E+01,6.112550E+01
09:50:00,8.007902E+03,1.275371E+03,5.575739E-01,1.126339E-01,0.000000E+00,0.000000E+00,0.000000E+00,0.000000E+00,0.000000E+00,0.000000E+00,0.000000E+00,0.000000E+00,2.110805E+01,7.993954E+01,2.388810E+01,6.108702E+01
09:51:00,8.007902E+03,1.279892E+03,5.575739E-01,1.130332E-01,0.000000E+00,0.000000E+00,0.000000E+00,0.000000E+00,0.000000E+00,0.000000E+00,0.000000E+00,0.000000E+00,2.110805E+01,7.993954E+01,2.388810E+01,6.104868E+01
09:52:00,8.007902E+03,1.284411E+03,5.575739E-01,1.134323E-01,0.000000E+00,0.000000E+00,0.000000E+00,0.000000E+00,0.000000E+00,0.000000E+00,0.000000E+00,0.000000E+00,2.110805E+01,7.993954E+01,2.388810E+01,6.101045E+01
09:53:00,8.007902E+03,1.288929E+03,5.575739E-01,1.138312E-01,0.000000E+00,0.000000E+00,0.000000E+00,0.000000E+00,0.000000E+00,0.000000E+00,0.000000E+00,0.000000E+00,2.110805E+01,7.993954E+01,2.388810E+01,6.097236E+01
09:54:00,8.007902E+03,1.293413E+03,5.575739E-01,1.142273E-01,0.000000E+00,0.000000E+00,0.000000E+00,0.000000E+00,0.000000E+00,0.000000E+00,0.000000E+00,0.000000E+00,2.110805E+01,7.993954E+01,2.388809E+01,6.093439E+01
09:55:00,8.007902E+03,1.297894E+03,5.575739E-01,1.146231E-01,0.000000E+00,0.000000E+00,0.000000E+00,0.000000E+00,0.000000E+00,0.000000E+00,0.000000E+00,0.000000E+00,2.110805E+01,7.993954E+01,2.388809E+01,6.089654E+01
09:56:00,8.007902E+03,1.302372E+03,5.575739E-01,1.150185E-01,0.000000E+00,0.000000E+00,0.000000E+00,0.000000E+00,0.000000E+00,0.000000E+00,0.000000E+00,0.000000E+00,2.110805E+01,7.993954E+01,2.388809E+01,6.085882E+01
09:57:00,8.007902E+03,1.306847E+03,5.575739E-01,1.154138E-01,0.000000E+00,0.000000E+00,0.000000E+00,0.000000E+00,0.000000E+00,0.000000E+00,0.000000E+00,0.000000E+00,2.110805E+01,7.993954E+01,2.388809E+01,6.082122E+01
09:58:00,8.007902E+03,1.311319E+03,5.575739E-01,1.158087E-01,0.000000E+00,0.000000E+00,0.000000E+00,0.000000E+00,0.000000E+00,0.000000E+00,0.000000E+00,0.000000E+00,2.110805E+01,7.993954E+01,2.388809E+01,6.078375E+01
09:59:00,8.007902E+03,1.315788E+03,5.575739E-01,1.162034E-01,0.000000E+00,0.000000E+00,0.000000E+00,0.000000E+00,0.000000E+00,0.000000E+00,0.000000E+00,0.000000E+00,2.110805E+01,7.993954E+01,2.388809E+01,6.074640E+01
10:00:00,8.007902E+03,1.320255E+03,5.575739E-01,1.165978E-01,0.000000E+00,0.000000E+00,0.000000E+00,0.000000E+00,0.000000E+00,0.000000E+00,0.000000E+00,0.000000E+00,2.110805E+01,7.993954E+01,2.388809E+01,6.070917E+01
10:01:00,8.007902E+03,1.324718E+03,5.575739E-01,1.169920E-01,0.000000E+00,0.000000E+00,0.000000E+00,0.000000E+00,0.000000E+00,0.000000E+00,0.000000E+00,0.000000E+00,2.110805E+01,7.993954E+01,2.388809E+01,6.067206E+01
10:02:00,8.007902E+03,1.329178E+03,5.575739E-01,1.173860E-01,0.000000E+00,0.000000E+00,0.000000E+00,0.000000E+00,0.000000E+00,0.000000E+00,0.000000E+00,0.000000E+00,2.110805E+01,7.993954E+01,2.388809E+01,6.063512E+01
10:03:00,8.007902E+03,1.333636E+03,5.575739E-01,1.177796E-01,0.000000E+00,0.000000E+00,0.000000E+00,0.000000E+00,0.000000E+00,0.000000E+00,0.000000E+00,0.000000E+00,2.110805E+01,7.993954E+01,2.388809E+01,6.059839E+01
10:04:00,8.007902E+03,1.338090E+03,5.575739E-01,1.181730E-01,0.000000E+00,0.000000E+00,0.000000E+00,0.000000E+00,0.000000E+00,0.000000E+00,0.000000E+00,0.000000E+00,2.110805E+01,7.993954E+01,2.388809E+01,6.056186E+01
10:05:00,8.007902E+03,1.342542E+03,5.575739E-01,1.185662E-01,0.000000E+00,0.000000E+00,0.000000E+00,0.000000E+00,0.000000E+00,0.000000E+00,0.000000E+00,0.000000E+00,2.110805E+01,7.993954E+01,2.388808E+01,6.052554E+01
10:06:00,8.007902E+03,1.346990E+03,5.575739E-01,1.189591E-01,0.000000E+00,0.000000E+00,0.000000E+00,0.000000E+00,0.000000E+00,0.000000E+00,0.000000E+00,0.000000E+00,2.110805E+01,7.993954E+01,2.388808E+01,6.048941E+01
10:07:00,8.007902E+03,1.351436E+03,5.575739E-01,1.193517E-01,0.000000E+00,0.000000E+00,0.000000E+00,0.000000E+00,0.000000E+00,0.000000E+00,0.000000E+00,0.000000E+00,2.110805E+01,7.993954E+01,2.388808E+01,6.045349E+01
10:08:00,8.007902E+03,1.355878E+03,5.575739E-01,1.197440E-01,0.000000E+00,0.000000E+00,0.000000E+00,0.000000E+00,0.000000E+00,0.000000E+00,0.000000E+00,0.000000E+00,2.110805E+01,7.993954E+01,2.388808E+01,6.041775E+01
10:09:00,8.007902E+03,1.360317E+03,5.575739E-01,1.201361E-01,0.000000E+00,0.000000E+00,0.000000E+00,0.000000E+00,0.000000E+00,0.000000E+00,0.000000E+00,0.000000E+00,2.110805E+01,7.993954E+01,2.388808E+01,6.038220E+01
10:10:00,8.007902E+03,1.364754E+03,5.575739E-01,1.205279E-01,0.000000E+00,0.000000E+00,0.000000E+00,0.000000E+00,0.000000E+00,0.000000E+00,0.000000E+00,0.000000E+00,2.110805E+01,7.993954E+01,2.388808E+01,6.034684E+01
10:11:00,8.007902E+03,1.369186E+03,5.575739E-01,1.209194E-01,0.000000E+00,0.000000E+00,0.000000E+00,0.000000E+00,0.000000E+00,0.000000E+00,0.000000E+00,0.000000E+00,2.110805E+01,7.993954E+01,2.388808E+01,6.031166E+01
10:12:00,8.007902E+03,1.373616E+03,5.575739E-01,1.213106E-01,0.000000E+00,0.000000E+00,0.000000E+00,0.000000E+00,0.000000E+00,0.000000E+00,0.000000E+00,0.000000E+00,2.110805E+01,7.993954E+01,2.388808E+01,6.027666E+01
10:13:00,8.007902E+03,1.378042E+03,5.575739E-01,1.217015E-01,0.000000E+00,0.000000E+00,0.000000E+00,0.000000E+00,0.000000E+00,0.000000E+00,0.000000E+00,0.000000E+00,2.110805E+01,7.993954E+01,2.388808E+01,6.024183E+01
10:14:00,8.007902E+03,1.382465E+03,5.575739E-01,1.220921E-01,0.000000E+00,0.000000E+00,0.000000E+00,0.000000E+00,0.000000E+00,0.000000E+00,0.000000E+00,0.000000E+00,2.110805E+01,7.993954E+01,2.388808E+01,6.020718E+01
10:15:00,8.007902E+03,1.386884E+03,5.575739E-01,1.224824E-01,0.000000E+00,0.000000E+00,0.000000E+00,0.000000E+00,0.000000E+00,0.000000E+00,0.000000E+00,0.000000E+00,2.110805E+01,7.993954E+01,2.388808E+01,6.017269E+01
10:16:00,8.007902E+03,1.391300E+03,5.575739E-01,1.228724E-01,0.000000E+00,0.000000E+00,0.000000E+00,0.000000E+00,0.000000E+00,0.000000E+00,0.000000E+00,0.000000E+00,2.110805E+01,7.993954E+01,2.388808E+01,6.013838E+01
10:17:00,8.007902E+03,1.395713E+03,5.575739E-01,1.232621E-01,0.000000E+00,0.000000E+00,0.000000E+00,0.000000E+00,0.000000E+00,0.000000E+00,0.000000E+00,0.000000E+00,2.110805E+01,7.993954E+01,2.388807E+01,6.010423E+01
10:18:00,8.007902E+03,1.400122E+03,5.575739E-01,1.236515E-01,0.000000E+00,0.000000E+00,0.000000E+00,0.000000E+00,0.000000E+00,0.000000E+00,0.000000E+00,0.000000E+00,2.110805E+01,7.993954E+01,2.388807E+01,6.007024E+01
10:19:00,8.007902E+03,1.404527E+03,5.575739E-01,1.240406E-01,0.000000E+00,0.000000E+00,0.000000E+00,0.000000E+00,0.000000E+00,0.000000E+00,0.000000E+00,0.000000E+00,2.110805E+01,7.993954E+01,2.388807E+01,6.003641E+01
10:20:00,8.007902E+03,1.408929E+03,5.575739E-01,1.244293E-01,0.000000E+00,0.000000E+00,0.000000E+00,0.000000E+00,0.000000E+00,0.000000E+00,0.000000E+00,0.000000E+00,2.110805E+01,7.993954E+01,2.388807E+01,6.000274E+01
10:21:00,8.007902E+03,1.413327E+03,5.575739E-01,1.248177E-01,0.000000E+00,0.000000E+00,0.000000E+00,0.000000E+00,0.000000E+00,0.000000E+00,0.000000E+00,0.000000E+00,2.110805E+01,7.993954E+01,2.388807E+01,5.996923E+01
10:22:00,8.007902E+03,1.417721E+03,5.575739E-01,1.252058E-01,0.000000E+00,0.000000E+00,0.000000E+00,0.000000E+00,0.000000E+00,0.000000E+00,0.000000E+00,0.000000E+00,2.110805E+01,7.993954E+01,2.388807E+01,5.993586E+01
10:23:00,8.007902E+03,1.422112E+03,5.575739E-01,1.255936E-01,0.000000E+00,0.000000E+00,0.000000E+00,0.000000E+00,0.000000E+00,0.000000E+00,0.000000E+00,0.000000E+00,2.110805E+01,7.993954E+01,2.388807E+01,5.990265E+01
10:24:00,8.007902E+03,1.426498E+03,5.575739E-01,1.259810E-01,0.000000E+00,0.000000E+00,0.000000E+00,0.000000E+00,0.000000E+00,0.000000E+00,0.000000E+00,0.000000E+00,2.110805E+01,7.993954E+01,2.388807E+01,5.986959E+01
10:25:00,8.007902E+03,1.430881E+03,5.575739E-01,1.263680E-01,0.000000E+00,0.000000E+00,0.000000E+00,0.000000E+00,0.000000E+00,0.000000E+00,0.000000E+00,0.000000E+00,2.110805E+01,7.993954E+01,2.388807E+01,5.983667E+01
10:26:00,8.007902E+03,1.435260E+03,5.575739E-01,1.267548E-01,0.000000E+00,0.000000E+00,0.000000E+00,0.000000E+00,0.000000E+00,0.000000E+00,0.000000E+00,0.000000E+00,2.110805E+01,7.993954E+01,2.388807E+01,5.980391E+01
10:27:00,8.007902E+03,1.439634E+03,5.575739E-01,1.271411E-01,0.000000E+00,0.000000E+00,0.000000E+00,0.000000E+00,0.000000E+00,0.000000E+00,0.000000E+00,0.000000E+00,2.110805E+01,7.993954E+01,2.388807E+01,5.977128E+01
10:28:00,8.007902E+03,1.444005E+03,5.575739E-01,1.275272E-01,0.000000E+00,0.000000E+00,0.000000E+00,0.000000E+00,0.000000E+00,0.000000E+00,0.000000E+00,0.000000E+00,2.110805E+01,7.993954E+01,2.388807E+01,5.973879E+01
10:29:00,8.007902E+03,1.448372E+03,5.575739E-01,1.279128E-01,0.000000E+00,0.000000E+00,0.000000E+00,0.000000E+00,0.000000E+00,0.000000E+00,0.000000E+00,0.000000E+00,2.110805E+01,7.993954E+01,2.388807E+01,5.970644E+01
10:30:00,8.007902E+03,1.452735E+03,5.575739E-01,1.282981E-01,0.000000E+00,0.000000E+00,0.000000E+00,0.000000E+00,0.000000E+00,0.000000E+00,0.000000E+00,0.000000E+00,2.110805E+01,7.993954E+01,2.388806E+01,5.967424E+01
10:31:00,8.007902E+03,1.457093E+03,5.575739E-01,1.286831E-01,0.000000E+00,0.000000E+00,0.000000E+00,0.000000E+00,0.000000E+00,0.000000E+00,0.000000E+00,0.000000E+00,2.110805E+01,7.993954E+01,2.388806E+01,5.964216E+01
10:32:00,8.007902E+03,1.461448E+03,5.575739E-01,1.290677E-01,0.000000E+00,0.000000E+00,0.000000E+00,0.000000E+00,0.000000E+00,0.000000E+00,0.000000E+00,0.000000E+00,2.110805E+01,7.993954E+01,2.388806E+01,5.961023E+01
10:33:00,8.007902E+03,1.465798E+03,5.575739E-01,1.294518E-01,0.000000E+00,0.000000E+00,0.000000E+00,0.000000E+00,0.000000E+00,0.000000E+00,0.000000E+00,0.000000E+00,2.110805E+01,7.993954E+01,2.388806E+01,5.957842E+01
10:34:00,8.007902E+03,1.470143E+03,5.575739E-01,1.298356E-01,0.000000E+00,0.000000E+00,0.000000E+00,0.000000E+00,0.000000E+00,0.000000E+00,0.000000E+00,0.000000E+00,2.110805E+01,7.993954E+01,2.388806E+01,5.954674E+01
10:35:00,8.007902E+03,1.474485E+03,5.575739E-01,1.302190E-01,0.000000E+00,0.000000E+00,0.000000E+00,0.000000E+00,0.000000E+00,0.000000E+00,0.000000E+00,0.000000E+00,2.110805E+01,7.993954E+01,2.388806E+01,5.951520E+01
10:36:00,8.007902E+03,1.478822E+03,5.575739E-01,1.306021E-01,0.000000E+00,0.000000E+00,0.000000E+00,0.000000E+00,0.000000E+00,0.000000E+00,0.000000E+00,0.000000E+00,2.110805E+01,7.993954E+01,2.388806E+01,5.948379E+01
10:37:00,8.007902E+03,1.483154E+03,5.575739E-01,1.309847E-01,0.000000E+00,0.000000E+00,0.000000E+00,0.000000E+00,0.000000E+00,0.000000E+00,0.000000E+00,0.000000E+00,2.110805E+01,7.993954E+01,2.388806E+01,5.945250E+01
10:38:00,8.007902E+03,1.487482E+03,5.575739E-01,1.313669E-01,0.000000E+00,0.000000E+00,0.000000E+00,0.000000E+00,0.000000E+00,0.000000E+00,0.000000E+00,0.000000E+00,2.110805E+01,7.993954E+01,2.388806E+01,5.942134E+01
10:39:00,8.007902E+03,1.491805E+03,5.575739E-01,1.317487E-01,0.000000E+00,0.000000E+00,0.000000E+00,0.000000E+00,0.000000E+00,0.000000E+00,0.000000E+00,0.000000E+00,2.110805E+01,7.993954E+01,2.388806E+01,5.939031E+01
10:40:00,8.007902E+03,1.496124E+03,5.575739E-01,1.321301E-01,0.000000E+00,0.000000E+00,0.000000E+00,0.000000E+00,0.000000E+00,0.000000E+00,0.000000E+00,0.000000E+00,2.110805E+01,7.993954E+01,2.388806E+01,5.935940E+01
10:41:00,8.007902E+03,1.500438E+03,5.575739E-01,1.325111E-01,0.000000E+00,0.000000E+00,0.000000E+00,0.000000E+00,0.000000E+00,0.000000E+00,0.000000E+00,0.000000E+00,2.110805E+01,7.993954E+01,2.388806E+01,5.932861E+01
10:42:00,8.007902E+03,1.504748E+03,5.575739E-01,1.328918E-01,0.000000E+00,0.000000E+00,0.000000E+00,0.000000E+00,0.000000E+00,0.000000E+00,0.000000E+00,0.000000E+00,2.110805E+01,7.993954E+01,2.388806E+01,5.929794E+01
10:43:00,8.007902E+03,1.509052E+03,5.575739E-01,1.332719E-01,0.000000E+00,0.000000E+00,0.000000E+00,0.000000E+00,0.000000E+00,0.000000E+00,0.000000E+00,0.000000E+00,2.110805E+01,7.993954E+01,2.388806E+01,5.926739E+01
10:44:00,8.007902E+03,1.513352E+03,5.575739E-01,1.336517E-01,0.000000E+00,0.000000E+00,0.000000E+00,0.000000E+00,0.000000E+00,0.000000E+00,0.000000E+00,0.000000E+00,2.110805E+01,7.993954E+01,2.388805E+01,5.923696E+01
10:45:00,8.007902E+03,1.517647E+03,5.575739E-01,1.340310E-01,0.000000E+00,0.000000E+00,0.000000E+00,0.000000E+00,0.000000E+00,0.000000E+00,0.000000E+00,0.000000E+00,2.110805E+01,7.993954E+01,2.388805E+01,5.920666E+01
10:46:00,8.007902E+03,1.521937E+03,5.575739E-01,1.344099E-01,0.000000E+00,0.000000E+00,0.000000E+00,0.000000E+00,0.000000E+00,0.000000E+00,0.000000E+00,0.000000E+00,2.110805E+01,7.993954E+01,2.388805E+01,5.917646E+01
10:47:00,8.007902E+03,1.526222E+03,5.575739E-01,1.347883E-01,0.000000E+00,0.000000E+00,0.000000E+00,0.000000E+00,0.000000E+00,0.000000E+00,0.000000E+00,0.000000E+00,2.110805E+01,7.993954E+01,2.388805E+01,5.914639E+01
10:48:00,8.007902E+03,1.530502E+03,5.575739E-01,1.351663E-01,0.000000E+00,0.000000E+00,0.000000E+00,0.000000E+00,0.000000E+00,0.000000E+00,0.000000E+00,0.000000E+00,2.110805E+01,7.993954E+01,2.388805E+01,5.911643E+01
10:49:00,8.007902E+03,1.534777E+03,5.575739E-01,1.355438E-01,0.000000E+00,0.000000E+00,0.000000E+00,0.000000E+00,0.000000E+00,0.000000E+00,0.000000E+00,0.000000E+00,2.110805E+01,7.993954E+01,2.388805E+01,5.908658E+01
10:50:00,8.007902E+03,1.539046E+03,5.575739E-01,1.359209E-01,0.000000E+00,0.000000E+00,0.000000E+00,0.000000E+00,0.000000E+00,0.000000E+00,0.000000E+00,0.000000E+00,2.110805E+01,7.993954E+01,2.388805E+01,5.905685E+01
10:51:00,8.007902E+03,1.543311E+03,5.575739E-01,1.362975E-01,0.000000E+00,0.000000E+00,0.000000E+00,0.000000E+00,0.000000E+00,0.000000E+00,0.000000E+00,0.000000E+00,2.110805E+01,7.993954E+01,2.388805E+01,5.902722E+01
10:52:00,8.007902E+03,1.547570E+03,5.575739E-01,1.366737E-01,0.000000E+00,0.000000E+00,0.000000E+00,0.000000E+00,0.000000E+00,0.000000E+00,0.000000E+00,0.000000E+00,2.110805E+01,7.993954E+01,2.388805E+01,5.899772E+01
10:53:00,8.007902E+03,1.551824E+03,5.575739E-01,1.370494E-01,0.000000E+00,0.000000E+00,0.000000E+00,0.000000E+00,0.000000E+00,0.000000E+00,0.000000E+00,0.000000E+00,2.110805E+01,7.993954E+01,2.388805E+01,5.896832E+01
10:54:00,8.007902E+03,1.556072E+03,5.575739E-01,1.374246E-01,0.000000E+00,0.000000E+00,0.000000E+00,0.000000E+00,0.000000E+00,0.000000E+00,0.000000E+00,0.000000E+00,2.110805E+01,7.993954E+01,2.388805E+01,5.893903E+01
10:55:00,8.007902E+03,1.560315E+03,5.575739E-01,1.377994E-01,0.000000E+00,0.000000E+00,0.000000E+00,0.000000E+00,0.000000E+00,0.000000E+00,0.000000E+00,0.000000E+00,2.110805E+01,7.993954E+01,2.388805E+01,5.890986E+01
10:56:00,8.007902E+03,1.564553E+03,5.575739E-01,1.381736E-01,0.000000E+00,0.000000E+00,0.000000E+00,0.000000E+00,0.000000E+00,0.000000E+00,0.000000E+00,0.000000E+00,2.110805E+01,7.993954E+01,2.388805E+01,5.888079E+01
10:57:00,8.007902E+03,1.568785E+03,5.575739E-01,1.385474E-01,0.000000E+00,0.000000E+00,0.000000E+00,0.000000E+00,0.000000E+00,0.000000E+00,0.000000E+00,0.000000E+00,2.110805E+01,7.993954E+01,2.388804E+01,5.885183E+01
10:58:00,8.007902E+03,1.573012E+03,5.575739E-01,1.389207E-01,0.000000E+00,0.000000E+00,0.000000E+00,0.000000E+00,0.000000E+00,0.000000E+00,0.000000E+00,0.000000E+00,2.110805E+01,7.993954E+01,2.388804E+01,5.882297E+01
10:59:00,8.007902E+03,1.577233E+03,5.575739E-01,1.392935E-01,0.000000E+00,0.000000E+00,0.000000E+00,0.000000E+00,0.000000E+00,0.000000E+00,0.000000E+00,0.000000E+00,2.110805E+01,7.993954E+01,2.388804E+01,5.879422E+01
11:00:00,8.007902E+03,1.581448E+03,5.575739E-01,1.396658E-01,0.000000E+00,0.000000E+00,0.000000E+00,0.000000E+00,0.000000E+00,0.000000E+00,0.000000E+00,0.000000E+00,2.110805E+01,7.993954E+01,2.388804E+01,5.876558E+01
11:01:00,8.007902E+03,1.585650E+03,5.575739E-01,1.400368E-01,0.000000E+00,0.000000E+00,0.000000E+00,0.000000E+00,0.000000E+00,0.000000E+00,0.000000E+00,0.000000E+00,2.110805E+01,7.993954E+01,2.388804E+01,5.873705E+01
11:02:00,8.007902E+03,1.589837E+03,5.575739E-01,1.404066E-01,0.000000E+00,0.000000E+00,0.000000E+00,0.000000E+00,0.000000E+00,0.000000E+00,0.000000E+00,0.000000E+00,2.110805E+01,7.993954E+01,2.388804E+01,5.870872E+01
11:03:00,8.007902E+03,1.594010E+03,5.575739E-01,1.407752E-01,0.000000E+00,0.000000E+00,0.000000E+00,0.000000E+00,0.000000E+00,0.000000E+00,0.000000E+00,0.000000E+00,2.110805E+01,7.993954E+01,2.388804E+01,5.868069E+01
11:04:00,8.007902E+03,1.598169E+03,5.575739E-01,1.411425E-01,0.000000E+00,0.000000E+00,0.000000E+00,0.000000E+00,0.000000E+00,0.000000E+00,0.000000E+00,0.000000E+00,2.110805E+01,7.993954E+01,2.388804E+01,5.865295E+01
11:05:00,8.007902E+03,1.602314E+03,5.575739E-01,1.415085E-01,0.000000E+00,0.000000E+00,0.000000E+00,0.000000E+00,0.000000E+00,0.000000E+00,0.000000E+00,0.000000E+00,2.110805E+01,7.993954E+01,2.388804E+01,5.862550E+01
11:06:00,8.007902E+03,1.606444E+03,5.575739E-01,1.418733E-01,0.000000E+00,0.000000E+00,0.000000E+00,0.000000E+00,0.000000E+00,0.000000E+00,0.000000E+00,0.000000E+00,2.110805E+01,7.993954E+01,2.388804E+01,5.859834E+01
11:07:00,8.007902E+03,1.610560E+03,5.575739E-01,1.422369E-01,0.000000E+00,0.000000E+00,0.000000E+00,0.000000E+00,0.000000E+00,0.000000E+00,0.000000E+00,0.000000E+00,2.110805E+01,7.993954E+01,2.388804E+01,5.857144E+01
11:08:00,8.007902E+03,1.614662E+03,5.575739E-01,1.425991E-01,0.000000E+00,0.000000E+00,0.000000E+00,0.000000E+00,0.000000E+00,0.000000E+00,0.000000E+00,0.000000E+00,2.110805E+01,7.993954E+01,2.388804E+01,5.854481E+01
11:09:00,8.007902E+03,1.618750E+03,5.575739E-01,1.429601E-01,0.000000E+00,0.000000E+00,0.000000E+00,0.000000E+00,0.000000E+00,0.000000E+00,0.000000E+00,0.000000E+00,2.110805E+01,7.993954E+01,2.388804E+01,5.851843E+01
11:10:00,8.007902E+03,1.622823E+03,5.575739E-01,1.433198E-01,0.000000E+00,0.000000E+00,0.000000E+00,0.000000E+00,0.000000E+00,0.000000E+00,0.000000E+00,0.000000E+00,2.110805E+01,7.993954E+01,2.388804E+01,5.849230E+01
11:11:00,8.007902E+03,1.626881E+03,5.575739E-01,1.436782E-01,0.000000E+00,0.000000E+00,0.000000E+00,0.000000E+00,0.000000E+00,0.000000E+00,0.000000E+00,0.000000E+00,2.110805E+01,7.993954E+01,2.388804E+01,5.846641E+01
11:12:00,8.007902E+03,1.630925E+03,5.575739E-01,1.440354E-01,0.000000E+00,0.000000E+00,0.000000E+00,0.000000E+00,0.000000E+00,0.000000E+00,0.000000E+00,0.000000E+00,2.110805E+01,7.993954E+01,2.388804E+01,5.844075E+01
11:13:00,8.007902E+03,1.634954E+03,5.575739E-01,1.443912E-01,0.000000E+00,0.000000E+00,0.000000E+00,0.000000E+00,0.000000E+00,0.000000E+00,0.000000E+00,0.000000E+00,2.110805E+01,7.993954E+01,2.388804E+01,5.841531E+01
11:14:00,8.007902E+03,1.638968E+03,5.575739E-01,1.447458E-01,0.000000E+00,0.000000E+00,0.000000E+00,0.000000E+00,0.000000E+00,0.000000E+00,0.000000E+00,0.000000E+00,2.110805E+01,7.993954E+01,2.388804E+01,5.839010E+01
11:15:00,8.007902E+03,1.642968E+03,5.575739E-01,1.450990E-01,0.000000E+00,0.000000E+00,0.000000E+00,0.000000E+00,0.000000E+00,0.000000E+00,0.000000E+00,0.000000E+00,2.110805E+01,7.993954E+01,2.388804E+01,5.836510E+01
11:16:00,8.007902E+03,1.646953E+03,5.575739E-01,1.454510E-01,0.000000E+00,0.000000E+00,0.000000E+00,0.000000E+00,0.000000E+00,0.000000E+00,0.000000E+00,0.000000E+00,2.110805E+01,7.993954E+01,2.388804E+01,5.834031E+01
11:17:00,8.007902E+03,1.650923E+03,5.575739E-01,1.458016E-01,0.000000E+00,0.000000E+00,0.000000E+00,0.000000E+00,0.000000E+00,0.000000E+00,0.000000E+00,0.000000E+00,2.110805E+01,7.993954E+01,2.388804E+01,5.831573E+01
11:18:00,8.007902E+03,1.654878E+03,5.575739E-01,1.461509E-01,0.000000E+00,0.000000E+00,0.000000E+00,0.000000E+00,0.000000E+00,0.000000E+00,0.000000E+00,0.000000E+00,2.110805E+01,7.993954E+01,2.388804E+01,5.829134E+01
11:19:00,8.007902E+03,1.658818E+03,5.575739E-01,1.464989E-01,0.000000E+00,0.000000E+00,0.000000E+00,0.000000E+00,0.000000E+00,0.000000E+00,0.000000E+00,0.000000E+00,2.110805E+01,7.993954E+01,2.388804E+01,5.826714E+01
11:20:00,8.007902E+03,1.662743E+03,5.575739E-01,1.468455E-01,0.000000E+00,0.000000E+00,0.000000E+00,0.000000E+00,0.000000E+00,0.000000E+00,0.000000E+00,0.000000E+00,2.110805E+01,7.993954E+01,2.388804E+01,5.824314E+01
11:21:00,8.007902E+03,1.666654E+03,5.575739E-01,1.471909E-01,0.000000E+00,0.000000E+00,0.000000E+00,0.000000E+00,0.000000E+00,0.000000E+00,0.000000E+00,0.000000E+00,2.110805E+01,7.993954E+01,2.388804E+01,5.821931E+01
11:22:00,8.007902E+03,1.670548E+03,5.575739E-01,1.475348E-01,0.000000E+00,0.000000E+00,0.000000E+00,0.000000E+00,0.000000E+00,0.000000E+00,0.000000E+00,0.000000E+00,2.110805E+01,7.993954E+01,2.388803E+01,5.819566E+01
11:23:00,8.007902E+03,1.674428E+03,5.575739E-01,1.478775E-01,0.000000E+00,0.000000E+00,0.000000E+00,0.000000E+00,0.000000E+00,0.000000E+00,0.000000E+00,0.000000E+00,2.110805E+01,7.993954E+01,2.388803E+01,5.817219E+01
11:24:00,8.007902E+03,1.678293E+03,5.575739E-01,1.482188E-01,0.000000E+00,0.000000E+00,0.000000E+00,0.000000E+00,0.000000E+00,0.000000E+00,0.000000E+00,0.000000E+00,2.110805E+01,7.993954E+01,2.388803E+01,5.814888E+01
11:25:00,8.007902E+03,1.682142E+03,5.575739E-01,1.485587E-01,0.000000E+00,0.000000E+00,0.000000E+00,0.000000E+00,0.000000E+00,0.000000E+00,0.000000E+00,0.000000E+00,2.110805E+01,7.993954E+01,2.388803E+01,5.812574E+01
11:26:00,8.007902E+03,1.685964E+03,5.575739E-01,1.488963E-01,0.000000E+00,0.000000E+00,0.000000E+00,0.000000E+00,0.000000E+00,0.000000E+00,0.000000E+00,0.000000E+00,2.110805E+01,7.993954E+01,2.388803E+01,5.810276E+01
11:27:00,8.007902E+03,1.689765E+03,5.575739E-01,1.492320E-01,0.000000E+00,0.000000E+00,0.000000E+00,0.000000E+00,0.000000E+00,0.000000E+00,0.000000E+00,0.000000E+00,2.110805E+01,7.993954E+01,2.388803E+01,5.808003E+01
11:28:00,8.007902E+03,1.693548E+03,5.575739E-01,1.495661E-01,0.000000E+00,0.000000E+00,0.000000E+00,0.000000E+00,0.000000E+00,0.000000E+00,0.000000E+00,0.000000E+00,2.110805E+01,7.993954E+01,2.388803E+01,5.805755E+01
11:29:00,8.007902E+03,1.697314E+03,5.575739E-01,1.498987E-01,0.000000E+00,0.000000E+00,0.000000E+00,0.000000E+00,0.000000E+00,0.000000E+00,0.000000E+00,0.000000E+00,2.110805E+01,7.993954E+01,2.388803E+01,5.803526E+01
11:30:00,8.007902E+03,1.701061E+03,5.575739E-01,1.502297E-01,0.000000E+00,0.000000E+00,0.000000E+00,0.000000E+00,0.000000E+00,0.000000E+00,0.000000E+00,0.000000E+00,2.110805E+01,7.993954E+01,2.388803E+01,5.801316E+01
11:31:00,8.007902E+03,1.704791E+03,5.575739E-01,1.505591E-01,0.000000E+00,0.000000E+00,0.000000E+00,0.000000E+00,0.000000E+00,0.000000E+00,0.000000E+00,0.000000E+00,2.110805E+01,7.993954E+01,2.388803E+01,5.799122E+01
11:32:00,8.007902E+03,1.708504E+03,5.575739E-01,1.508869E-01,0.000000E+00,0.000000E+00,0.000000E+00,0.000000E+00,0.000000E+00,0.000000E+00,0.000000E+00,0.000000E+00,2.110805E+01,7.993954E+01,2.388803E+01,5.796943E+01
11:33:00,8.007902E+03,1.712199E+03,5.575739E-01,1.512133E-01,0.000000E+00,0.000000E+00,0.000000E+00,0.000000E+00,0.000000E+00,0.000000E+00,0.000000E+00,0.000000E+00,2.110805E+01,7.993954E+01,2.388803E+01,5.794780E+01
11:34:00,8.007902E+03,1.715877E+03,5.575739E-01,1.515381E-01,0.000000E+00,0.000000E+00,0.000000E+00,0.000000E+00,0.000000E+00,0.000000E+00,0.000000E+00,0.000000E+00,2.110805E+01,7.993954E+01,2.388803E+01,5.792631E+01
11:35:00,8.007902E+03,1.719538E+03,5.575739E-01,1.518615E-01,0.000000E+00,0.000000E+00,0.000000E+00,0.000000E+00,0.000000E+00,0.000000E+00,0.000000E+00,0.000000E+00,2.110805E+01,7.993954E+01,2.388803E+01,5.790495E+01
11:36:00,8.007902E+03,1.723182E+03,5.575739E-01,1.521833E-01,0.000000E+00,0.000000E+00,0.000000E+00,0.000000E+00,0.000000E+00,0.000000E+00,0.000000E+00,0.000000E+00,2.110805E+01,7.993954E+01,2.388803E+01,5.788374E+01
11:37:00,8.007902E+03,1.726808E+03,5.575739E-01,1.525036E-01,0.000000E+00,0.000000E+00,0.000000E+00,0.000000E+00,0.000000E+00,0.000000E+00,0.000000E+00,0.000000E+00,2.110805E+01,7.993954E+01,2.388803E+01,5.786264E+01
11:38:00,8.007902E+03,1.730418E+03,5.575739E-01,1.528224E-01,0.000000E+00,0.000000E+00,0.000000E+00,0.000000E+00,0.000000E+00,0.000000E+00,0.000000E+00,0.000000E+00,2.110805E+01,7.993954E+01,2.388803E+01,5.784168E+01
11:39:00,8.007902E+03,1.734011E+03,5.575739E-01,1.531397E-01,0.000000E+00,0.000000E+00,0.000000E+00,0.000000E+00,0.000000E+00,0.000000E+00,0.000000E+00,0.000000E+00,2.110805E+01,7.993954E+01,2.388803E+01,5.782083E+01
11:40:00,8.007902E+03,1.737586E+03,5.575739E-01,1.534555E-01,0.000000E+00,0.000000E+00,0.000000E+00,0.000000E+00,0.000000E+00,0.000000E+00,0.000000E+00,0.000000E+00,2.110805E+01,7.993954E+01,2.388803E+01,5.780011E+01
11:41:00,8.007902E+03,1.741145E+03,5.575739E-01,1.537698E-01,0.000000E+00,0.000000E+00,0.000000E+00,0.000000E+00,0.000000E+00,0.000000E+00,0.000000E+00,0.000000E+00,2.110805E+01,7.993954E+01,2.388803E+01,5.777949E+01
11:42:00,8.007902E+03,1.744687E+03,5.575739E-01,1.540825E-01,0.000000E+00,0.000000E+00,0.000000E+00,0.000000E+00,0.000000E+00,0.000000E+00,0.000000E+00,0.000000E+00,2.110805E+01,7.993954E+01,2.388803E+01,5.775899E+01
11:43:00,8.007902E+03,1.748211E+03,5.575739E-01,1.543938E-01,0.000000E+00,0.000000E+00,0.000000E+00,0.000000E+00,0.000000E+00,0.000000E+00,0.000000E+00,0.000000E+00,2.110805E+01,7.993954E+01,2.388803E+01,5.773860E+01
11:44:00,8.007902E+03,1.751719E+03,5.575739E-01,1.547036E-01,0.000000E+00,0.000000E+00,0.000000E+00,0.000000E+00,0.000000E+00,0.000000E+00,0.000000E+00,0.000000E+00,2.110805E+01,7.993954E+01,2.388803E+01,5.771831E+01
11:45:00,8.007902E+03,1.755210E+03,5.575739E-01,1.550119E-01,0.000000E+00,0.000000E+00,0.000000E+00,0.000000E+00,0.000000E+00,0.000000E+00,0.000000E+00,0.000000E+00,2.110805E+01,7.993954E+01,2.388803E+01,5.769813E+01
11:46:00,8.007902E+03,1.758684E+03,5.575739E-01,1.553188E-01,0.000000E+00,0.000000E+00,0.000000E+00,0.000000E+00,0.000000E+00,0.000000E+00,0.000000E+00,0.000000E+00,2.110805E+01,7.993954E+01,2.388803E+01,5.767804E+01
11:47:00,8.007902E+03,1.762141E+03,5.575739E-01,1.556241E-01,0.000000E+00,0.000000E+00,0.000000E+00,0.000000E+00,0.000000E+00,0.000000E+00,0.000000E+00,0.000000E+00,2.110805E+01,7.993954E+01,2.388802E+01,5.765806E+01
11:48:00,8.007902E+03,1.765581E+03,5.575739E-01,1.559279E-01,0.000000E+00,0.000000E+00,0.000000E+00,0.000000E+00,0.000000E+00,0.000000E+00,0.000000E+00,0.000000E+00,2.110805E+01,7.993954E+01,2.388802E+01,5.763817E+01
11:49:00,8.007902E+03,1.769004E+03,5.575739E-01,1.562302E-01,0.000000E+00,0.000000E+00,0.000000E+00,0.000000E+00,0.000000E+00,0.000000E+00,0.000000E+00,0.000000E+00,2.110805E+01,7.993954E+01,2.388802E+01,5.761838E+01
11:50:00,8.007902E+03,1.772410E+03,5.575739E-01,1.565310E-01,0.000000E+00,0.000000E+00,0.000000E+00,0.000000E+00,0.000000E+00,0.000000E+00,0.000000E+00,0.000000E+00,2.110805E+01,7.993954E+01,2.388802E+01,5.759868E+01
11:51:00,8.007902E+03,1.775799E+03,5.575739E-01,1.568303E-01,0.000000E+00,0.000000E+00,0.000000E+00,0.000000E+00,0.000000E+00,0.000000E+00,0.000000E+00,0.000000E+00,2.110805E+01,7.993954E+01,2.388802E+01,5.757907E+01
11:52:00,8.007902E+03,1.779172E+03,5.575739E-01,1.571281E-01,0.000000E+00,0.000000E+00,0.000000E+00,0.000000E+00,0.000000E+00,0.000000E+00,0.000000E+00,0.000000E+00,2.110805E+01,7.993954E+01,2.388802E+01,5.755955E+01
11:53:00,8.007902E+03,1.782527E+03,5.575739E-01,1.574244E-01,0.000000E+00,0.000000E+00,0.000000E+00,0.000000E+00,0.000000E+00,0.000000E+00,0.000000E+00,0.000000E+00,2.110805E+01,7.993954E+01,2.388802E+01,5.754012E+01
11:54:00,8.007902E+03,1.785865E+03,5.575739E-01,1.577193E-01,0.000000E+00,0.000000E+00,0.000000E+00,0.000000E+00,0.000000E+00,0.000000E+00,0.000000E+00,0.000000E+00,2.110805E+01,7.993954E+01,2.388802E+01,5.752077E+01
11:55:00,8.007902E+03,1.789186E+03,5.575739E-01,1.580126E-01,0.000000E+00,0.000000E+00,0.000000E+00,0.000000E+00,0.000000E+00,0.000000E+00,0.000000E+00,0.000000E+00,2.110805E+01,7.993954E+01,2.388802E+01,5.750151E+01
11:56:00,8.007902E+03,1.792490E+03,5.575739E-01,1.583044E-01,0.000000E+00,0.000000E+00,0.000000E+00,0.000000E+00,0.000000E+00,0.000000E+00,0.000000E+00,0.000000E+00,2.110805E+01,7.993954E+01,2.388802E+01,5.748232E+01
11:57:00,8.007902E+03,1.795776E+03,5.575739E-01,1.585946E-01,0.000000E+00,0.000000E+00,0.000000E+00,0.000000E+00,0.000000E+00,0.000000E+00,0.000000E+00,0.000000E+00,2.110805E+01,7.993954E+01,2.388802E+01,5.746322E+01
11:58:00,8.007902E+03,1.799046E+03,5.575739E-01,1.588834E-01,0.000000E+00,0.000000E+00,0.000000E+00,0.000000E+00,0.000000E+00,0.000000E+00,0.000000E+00,0.000000E+00,2.110805E+01,7.993954E+01,2.388802E+01,5.744421E+01
11:59:00,8.007902E+03,1.802299E+03,5.575739E-01,1.591707E-01,0.000000E+00,0.000000E+00,0.000000E+00,0.000000E+00,0.000000E+00,0.000000E+00,0.000000E+00,0.000000E+00,2.110805E+01,7.993954E+01,2.388802E+01,5.742527E+01
12:00:00,8.007902E+03,1.805534E+03,5.575739E-01,1.594564E-01,0.000000E+00,0.000000E+00,0.000000E+00,0.000000E+00,0.000000E+00,0.000000E+00,0.000000E+00,0.000000E+00,2.110805E+01,7.993954E+01,2.388802E+01,5.740641E+01
12:01:00,8.007902E+03,1.808761E+03,5.575739E-01,1.597414E-01,0.000000E+00,0.000000E+00,0.000000E+00,0.000000E+00,0.000000E+00,0.000000E+00,0.000000E+00,0.000000E+00,2.110805E+01,7.993954E+01,2.388802E+01,5.738762E+01
12:02:00,8.007902E+03,1.811979E+03,5.575739E-01,1.600256E-01,0.000000E+00,0.000000E+00,0.000000E+00,0.000000E+00,0.000000E+00,0.000000E+00,0.000000E+00,0.000000E+00,2.110805E+01,7.993954E+01,2.388802E+01,5.736896E+01
12:03:00,8.007902E+03,1.815188E+03,5.575739E-01,1.603090E-01,0.000000E+00,0.000000E+00,0.000000E+00,0.000000E+00,0.000000E+00,0.000000E+00,0.000000E+00,0.000000E+00,2.110805E+01,7.993954E+01,2.388802E+01,5.735043E+01
12:04:00,8.007902E+03,1.818388E+03,5.575739E-01,1.605916E-01,0.000000E+00,0.000000E+00,0.000000E+00,0.000000E+00,0.000000E+00,0.000000E+00,0.000000E+00,0.000000E+00,2.110805E+01,7.993954E+01,2.388802E+01,5.733205E+01
12:05:00,8.007902E+03,1.821579E+03,5.575739E-01,1.608735E-01,0.000000E+00,0.000000E+00,0.000000E+00,0.000000E+00,0.000000E+00,0.000000E+00,0.000000E+00,0.000000E+00,2.110805E+01,7.993954E+01,2.388802E+01,5.731381E+01
12:06:00,8.007902E+03,1.824762E+03,5.575739E-01,1.611545E-01,0.000000E+00,0.000000E+00,0.000000E+00,0.000000E+00,0.000000E+00,0.000000E+00,0.000000E+00,0.000000E+00,2.110805E+01,7.993954E+01,2.388802E+01,5.729571E+01
12:07:00,8.007902E+03,1.827935E+03,5.575739E-01,1.614348E-01,0.000000E+00,0.000000E+00,0.000000E+00,0.000000E+00,0.000000E+00,0.000000E+00,0.000000E+00,0.000000E+00,2.110805E+01,7.993954E+01,2.388802E+01,5.727774E+01
12:08:00,8.007902E+03,1.831100E+03,5.575739E-01,1.617143E-01,0.000000E+00,0.000000E+00,0.000000E+00,0.000000E+00,0.000000E+00,0.000000E+00,0.000000E+00,0.000000E+00,2.110805E+01,7.993954E+01,2.388802E+01,5.725990E+01
12:09:00,8.007902E+03,1.834255E+03,5.575739E-01,1.619929E-01,0.000000E+00,0.000000E+00,0.000000E+00,0.000000E+00,0.000000E+00,0.000000E+00,0.000000E+00,0.000000E+00,2.110805E+01,7.993954E+01,2.388802E+01,5.724220E+01
12:10:00,8.007902E+03,1.837401E+03,5.575739E-01,1.622708E-01,0.000000E+00,0.000000E+00,0.000000E+00,0.000000E+00,0.000000E+00,0.000000E+00,0.000000E+00,0.000000E+00,2.110805E+01,7.993954E+01,2.388802E+01,5.722461E+01
12:11:00,8.007902E+03,1.840539E+03,5.575739E-01,1.625479E-01,0.000000E+00,0.000000E+00,0.000000E+00,0.000000E+00,0.000000E+00,0.000000E+00,0.000000E+00,0.000000E+00,2.110805E+01,7.993954E+01,2.388802E+01,5.720713E+01
12:12:00,8.007902E+03,1.843667E+03,5.575739E-01,1.628242E-01,0.000000E+00,0.000000E+00,0.000000E+00,0.000000E+00,0.000000E+00,0.000000E+00,0.000000E+00,0.000000E+00,2.110805E+01,7.993954E+01,2.388802E+01,5.718978E+01
12:13:00,8.007902E+03,1.846787E+03,5.575739E-01,1.630997E-01,0.000000E+00,0.000000E+00,0.000000E+00,0.000000E+00,0.000000E+00,0.000000E+00,0.000000E+00,0.000000E+00,2.110805E+01,7.993954E+01,2.388802E+01,5.717254E+01
12:14:00,8.007902E+03,1.849897E+03,5.575739E-01,1.633744E-01,0.000000E+00,0.000000E+00,0.000000E+00,0.000000E+00,0.000000E+00,0.000000E+00,0.000000E+00,0.000000E+00,2.110805E+01,7.993954E+01,2.388801E+01,5.715541E+01
12:15:00,8.007902E+03,1.852999E+03,5.575739E-01,1.636483E-01,0.000000E+00,0.000000E+00,0.000000E+00,0.000000E+00,0.000000E+00,0.000000E+00,0.000000E+00,0.000000E+00,2.110805E+01,7.993954E+01,2.388801E+01,5.713839E+01
12:16:00,8.007902E+03,1.856091E+03,5.575739E-01,1.639214E-01,0.000000E+00,0.000000E+00,0.000000E+00,0.000000E+00,0.000000E+00,0.000000E+00,0.000000E+00,0.000000E+00,2.110805E+01,7.993954E+01,2.388801E+01,5.712148E+01
12:17:00,8.007902E+03,1.859174E+03,5.575739E-01,1.641937E-01,0.000000E+00,0.000000E+00,0.000000E+00,0.000000E+00,0.000000E+00,0.000000E+00,0.000000E+00,0.000000E+00,2.110805E+01,7.993954E+01,2.388801E+01,5.710466E+01
12:18:00,8.007902E+03,1.862248E+03,5.575739E-01,1.644652E-01,0.000000E+00,0.000000E+00,0.000000E+00,0.000000E+00,0.000000E+00,0.000000E+00,0.000000E+00,0.000000E+00,2.110805E+01,7.993954E+01,2.388801E+01,5.708795E+01
12:19:00,8.007902E+03,1.865313E+03,5.575739E-01,1.647359E-01,0.000000E+00,0.000000E+00,0.000000E+00,0.000000E+00,0.000000E+00,0.000000E+00,0.000000E+00,0.000000E+00,2.110805E+01,7.993954E+01,2.388801E+01,5.707133E+01
12:20:00,8.007902E+03,1.868370E+03,5.575739E-01,1.650058E-01,0.000000E+00,0.000000E+00,0.000000E+00,0.000000E+00,0.000000E+00,0.000000E+00,0.000000E+00,0.000000E+00,2.110805E+01,7.993954E+01,2.388801E+01,5.705482E+01
12:21:00,8.007902E+03,1.871417E+03,5.575739E-01,1.652750E-01,0.000000E+00,0.000000E+00,0.000000E+00,0.000000E+00,0.000000E+00,0.000000E+00,0.000000E+00,0.000000E+00,2.110805E+01,7.993954E+01,2.388801E+01,5.703839E+01
12:22:00,8.007902E+03,1.874455E+03,5.575739E-01,1.655433E-01,0.000000E+00,0.000000E+00,0.000000E+00,0.000000E+00,0.000000E+00,0.000000E+00,0.000000E+00,0.000000E+00,2.110805E+01,7.993954E+01,2.388801E+01,5.702205E+01
12:23:00,8.007902E+03,1.877483E+03,5.575739E-01,1.658108E-01,0.000000E+00,0.000000E+00,0.000000E+00,0.000000E+00,0.000000E+00,0.000000E+00,0.000000E+00,0.000000E+00,2.110805E+01,7.993954E+01,2.388801E+01,5.700580E+01
12:24:00,8.007902E+03,1.880503E+03,5.575739E-01,1.660775E-01,0.000000E+00,0.000000E+00,0.000000E+00,0.000000E+00,0.000000E+00,0.000000E+00,0.000000E+00,0.000000E+00,2.110805E+01,7.993954E+01,2.388801E+01,5.698964E+01
12:25:00,8.007902E+03,1.883514E+03,5.575739E-01,1.663434E-01,0.000000E+00,0.000000E+00,0.000000E+00,0.000000E+00,0.000000E+00,0.000000E+00,0.000000E+00,0.000000E+00,2.110805E+01,7.993954E+01,2.388801E+01,5.697357E+01
12:26:00,8.007902E+03,1.886528E+03,5.575739E-01,1.666095E-01,0.000000E+00,0.000000E+00,0.000000E+00,0.000000E+00,0.000000E+00,0.000000E+00,0.000000E+00,0.000000E+00,2.110805E+01,7.993954E+01,2.388801E+01,5.695758E+01
12:27:00,8.007902E+03,1.889538E+03,5.575739E-01,1.668754E-01,0.000000E+00,0.000000E+00,0.000000E+00,0.000000E+00,0.000000E+00,0.000000E+00,0.000000E+00,0.000000E+00,2.110805E+01,7.993954E+01,2.388801E+01,5.694166E+01
12:28:00,8.007902E+03,1.892541E+03,5.575739E-01,1.671406E-01,0.000000E+00,0.000000E+00,0.000000E+00,0.000000E+00,0.000000E+00,0.000000E+00,0.000000E+00,0.000000E+00,2.110805E+01,7.993954E+01,2.388801E+01,5.692583E+01
12:29:00,8.007902E+03,1.895549E+03,5.575739E-01,1.674063E-01,0.000000E+00,0.000000E+00,0.000000E+00,0.000000E+00,0.000000E+00,0.000000E+00,0.000000E+00,0.000000E+00,2.110805E+01,7.993954E+01,2.388801E+01,5.691008E+01
12:30:00,8.007902E+03,1.898560E+03,5.575740E-01,1.676722E-01,0.000000E+00,0.000000E+00,0.000000E+00,0.000000E+00,0.000000E+00,0.000000E+00,0.000000E+00,0.000000E+00,2.110805E+01,7.993954E+01,2.388801E+01,5.689432E+01
12:31:00,8.007902E+03,1.901568E+03,5.575740E-01,1.679379E-01,0.000000E+00,0.000000E+00,0.000000E+00,0.000000E+00,0.000000E+00,0.000000E+00,0.000000E+00,0.000000E+00,2.110805E+01,7.993954E+01,2.388801E+01,5.687852E+01
12:32:00,8.007902E+03,1.904573E+03,5.575740E-01,1.682033E-01,0.000000E+00,0.000000E+00,0.000000E+00,0.000000E+00,0.000000E+00,0.000000E+00,0.000000E+00,0.000000E+00,2.110805E+01,7.993954E+01,2.388801E+01,5.686272E+01
12:33:00,8.007902E+03,1.907575E+03,5.575740E-01,1.684683E-01,0.000000E+00,0.000000E+00,0.000000E+00,0.000000E+00,0.000000E+00,0.000000E+00,0.000000E+00,0.000000E+00,2.110805E+01,7.993954E+01,2.388801E+01,5.684693E+01
12:34:00,8.007902E+03,1.910573E+03,5.575740E-01,1.687331E-01,0.000000E+00,0.000000E+00,0.000000E+00,0.000000E+00,0.000000E+00,0.000000E+00,0.000000E+00,0.000000E+00,2.110805E+01,7.993954E+01,2.388801E+01,5.683118E+01
12:35:00,8.007902E+03,1.913567E+03,5.575740E-01,1.689976E-01,0.000000E+00,0.000000E+00,0.000000E+00,0.000000E+00,0.000000E+00,0.000000E+00,0.000000E+00,0.000000E+00,2.110805E+01,7.993954E+01,2.388801E+01,5.681547E+01
12:36:00,8.007902E+03,1.916557E+03,5.575740E-01,1.692617E-01,0.000000E+00,0.000000E+00,0.000000E+00,0.000000E+00,0.000000E+00,0.000000E+00,0.000000E+00,0.000000E+00,2.110805E+01,7.993954E+01,2.388801E+01,5.679979E+01
12:37:00,8.007902E+03,1.919543E+03,5.575740E-01,1.695254E-01,0.000000E+00,0.000000E+00,0.000000E+00,0.000000E+00,0.000000E+00,0.000000E+00,0.000000E+00,0.000000E+00,2.110805E+01,7.993954E+01,2.388801E+01,5.678415E+01
12:38:00,8.007902E+03,1.922526E+03,5.575740E-01,1.697888E-01,0.000000E+00,0.000000E+00,0.000000E+00,0.000000E+00,0.000000E+00,0.000000E+00,0.000000E+00,0.000000E+00,2.110805E+01,7.993954E+01,2.388801E+01,5.676854E+01
12:39:00,8.007902E+03,1.925504E+03,5.575740E-01,1.700518E-01,0.000000E+00,0.000000E+00,0.000000E+00,0.000000E+00,0.000000E+00,0.000000E+00,0.000000E+00,0.000000E+00,2.110805E+01,7.993954E+01,2.388801E+01,5.675298E+01
12:40:00,8.007902E+03,1.928478E+03,5.575740E-01,1.703145E-01,0.000000E+00,0.000000E+00,0.000000E+00,0.000000E+00,0.000000E+00,0.000000E+00,0.000000E+00,0.000000E+00,2.110805E+01,7.993954E+01,2.388800E+01,5.673745E+01
12:41:00,8.007902E+03,1.931448E+03,5.575740E-01,1.705768E-01,0.000000E+00,0.000000E+00,0.000000E+00,0.000000E+00,0.000000E+00,0.000000E+00,0.000000E+00,0.000000E+00,2.110805E+01,7.993954E+01,2.388800E+01,5.672195E+01
12:42:00,8.007902E+03,1.934413E+03,5.575740E-01,1.708387E-01,0.000000E+00,0.000000E+00,0.000000E+00,0.000000E+00,0.000000E+00,0.000000E+00,0.000000E+00,0.000000E+00,2.110805E+01,7.993954E+01,2.388800E+01,5.670650E+01
12:43:00,8.007902E+03,1.937375E+03,5.575740E-01,1.711002E-01,0.000000E+00,0.000000E+00,0.000000E+00,0.000000E+00,0.000000E+00,0.000000E+00,0.000000E+00,0.000000E+00,2.110805E+01,7.993954E+01,2.388800E+01,5.669108E+01
12:44:00,8.007902E+03,1.940331E+03,5.575740E-01,1.713613E-01,0.000000E+00,0.000000E+00,0.000000E+00,0.000000E+00,0.000000E+00,0.000000E+00,0.000000E+00,0.000000E+00,2.110805E+01,7.993954E+01,2.388800E+01,5.667570E+01
12:45:00,8.007902E+03,1.943284E+03,5.575740E-01,1.716221E-01,0.000000E+00,0.000000E+00,0.000000E+00,0.000000E+00,0.000000E+00,0.000000E+00,0.000000E+00,0.000000E+00,2.110805E+01,7.993954E+01,2.388800E+01,5.666036E+01
12:46:00,8.007902E+03,1.946232E+03,5.575740E-01,1.718824E-01,0.000000E+00,0.000000E+00,0.000000E+00,0.000000E+00,0.000000E+00,0.000000E+00,0.000000E+00,0.000000E+00,2.110805E+01,7.993954E+01,2.388800E+01,5.664506E+01
12:47:00,8.007902E+03,1.949176E+03,5.575740E-01,1.721424E-01,0.000000E+00,0.000000E+00,0.000000E+00,0.000000E+00,0.000000E+00,0.000000E+00,0.000000E+00,0.000000E+00,2.110805E+01,7.993954E+01,2.388800E+01,5.662980E+01
12:48:00,8.007902E+03,1.952115E+03,5.575740E-01,1.724020E-01,0.000000E+00,0.000000E+00,0.000000E+00,0.000000E+00,0.000000E+00,0.000000E+00,0.000000E+00,0.000000E+00,2.110805E+01,7.993954E+01,2.388800E+01,5.661458E+01
12:49:00,8.007902E+03,1.955049E+03,5.575740E-01,1.726612E-01,0.000000E+00,0.000000E+00,0.000000E+00,0.000000E+00,0.000000E+00,0.000000E+00,0.000000E+00,0.000000E+00,2.110805E+01,7.993954E+01,2.388800E+01,5.659939E+01
12:50:00,8.007902E+03,1.957980E+03,5.575740E-01,1.729200E-01,0.000000E+00,0.000000E+00,0.000000E+00,0.000000E+00,0.000000E+00,0.000000E+00,0.000000E+00,0.000000E+00,2.110805E+01,7.993954E+01,2.388800E+01,5.658424E+01
12:51:00,8.007902E+03,1.960905E+03,5.575740E-01,1.731784E-01,0.000000E+00,0.000000E+00,0.000000E+00,0.000000E+00,0.000000E+00,0.000000E+00,0.000000E+00,0.000000E+00,2.110805E+01,7.993954E+01,2.388800E+01,5.656913E+01
12:52:00,8.007902E+03,1.963827E+03,5.575740E-01,1.734364E-01,0.000000E+00,0.000000E+00,0.000000E+00,0.000000E+00,0.000000E+00,0.000000E+00,0.000000E+00,0.000000E+00,2.110805E+01,7.993954E+01,2.388800E+01,5.655406E+01
12:53:00,8.007902E+03,1.966744E+03,5.575740E-01,1.736940E-01,0.000000E+00,0.000000E+00,0.000000E+00,0.000000E+00,0.000000E+00,0.000000E+00,0.000000E+00,0.000000E+00,2.110805E+01,7.993954E+01,2.388800E+01,5.653903E+01
12:54:00,8.007902E+03,1.969656E+03,5.575740E-01,1.739512E-01,0.000000E+00,0.000000E+00,0.000000E+00,0.000000E+00,0.000000E+00,0.000000E+00,0.000000E+00,0.000000E+00,2.110805E+01,7.993954E+01,2.388800E+01,5.652403E+01
12:55:00,8.007902E+03,1.972564E+03,5.575740E-01,1.742080E-01,0.000000E+00,0.000000E+00,0.000000E+00,0.000000E+00,0.000000E+00,0.000000E+00,0.000000E+00,0.000000E+00,2.110805E+01,7.993954E+01,2.388800E+01,5.650908E+01
12:56:00,8.007902E+03,1.975467E+03,5.575740E-01,1.744644E-01,0.000000E+00,0.000000E+00,0.000000E+00,0.000000E+00,0.000000E+00,0.000000E+00,0.000000E+00,0.000000E+00,2.110805E+01,7.993954E+01,2.388800E+01,5.649416E+01
12:57:00,8.007902E+03,1.978366E+03,5.575740E-01,1.747204E-01,0.000000E+00,0.000000E+00,0.000000E+00,0.000000E+00,0.000000E+00,0.000000E+00,0.000000E+00,0.000000E+00,2.110805E+01,7.993954E+01,2.388800E+01,5.647928E+01
12:58:00,8.007902E+03,1.981260E+03,5.575740E-01,1.749760E-01,0.000000E+00,0.000000E+00,0.000000E+00,0.000000E+00,0.000000E+00,0.000000E+00,0.000000E+00,0.000000E+00,2.110805E+01,7.993954E+01,2.388800E+01,5.646444E+01
12:59:00,8.007902E+03,1.984149E+03,5.575740E-01,1.752312E-01,0.000000E+00,0.000000E+00,0.000000E+00,0.000000E+00,0.000000E+00,0.000000E+00,0.000000E+00,0.000000E+00,2.110805E+01,7.993954E+01,2.388800E+01,5.644964E+01
13:00:00,8.007902E+03,1.987034E+03,5.575740E-01,1.754859E-01,0.000000E+00,0.000000E+00,0.000000E+00,0.000000E+00,0.000000E+00,0.000000E+00,0.000000E+00,0.000000E+00,2.110805E+01,7.993954E+01,2.388800E+01,5.643488E+01
13:01:00,8.007902E+03,1.989911E+03,5.575740E-01,1.757401E-01,0.000000E+00,0.000000E+00,0.000000E+00,0.000000E+00,0.000000E+00,0.000000E+00,0.000000E+00,0.000000E+00,2.110805E+01,7.993954E+01,2.388800E+01,5.642016E+01
13:02:00,8.007902E+03,1.992781E+03,5.575740E-01,1.759935E-01,0.000000E+00,0.000000E+00,0.000000E+00,0.000000E+00,0.000000E+00,0.000000E+00,0.000000E+00,0.000000E+00,2.110805E+01,7.993954E+01,2.388800E+01,5.640554E+01
13:03:00,8.007902E+03,1.995643E+03,5.575740E-01,1.762464E-01,0.000000E+00,0.000000E+00,0.000000E+00,0.000000E+00,0.000000E+00,0.000000E+00,0.000000E+00,0.000000E+00,2.110805E+01,7.993954E+01,2.388800E+01,5.639105E+01
13:04:00,8.007902E+03,1.998499E+03,5.575740E-01,1.764985E-01,0.000000E+00,0.000000E+00,0.000000E+00,0.000000E+00,0.000000E+00,0.000000E+00,0.000000E+00,0.000000E+00,2.110805E+01,7.993954E+01,2.388800E+01,5.637671E+01
13:05:00,8.007902E+03,2.001347E+03,5.575740E-01,1.767501E-01,0.000000E+00,0.000000E+00,0.000000E+00,0.000000E+00,0.000000E+00,0.000000E+00,0.000000E+00,0.000000E+00,2.110805E+01,7.993954E+01,2.388800E+01,5.636250E+01
13:06:00,8.007902E+03,2.004187E+03,5.575740E-01,1.770009E-01,0.000000E+00,0.000000E+00,0.000000E+00,0.000000E+00,0.000000E+00,0.000000E+00,0.000000E+00,0.000000E+00,2.110805E+01,7.993954E+01,2.388800E+01,5.634842E+01
13:07:00,8.007902E+03,2.007021E+03,5.575740E-01,1.772512E-01,0.000000E+00,0.000000E+00,0.000000E+00,0.000000E+00,0.000000E+00,0.000000E+00,0.000000E+00,0.000000E+00,2.110805E+01,7.993954E+01,2.388800E+01,5.633446E+01
13:08:00,8.007902E+03,2.009847E+03,5.575740E-01,1.775008E-01,0.000000E+00,0.000000E+00,0.000000E+00,0.000000E+00,0.000000E+00,0.000000E+00,0.000000E+00,0.000000E+00,2.110805E+01,7.993954E+01,2.388799E+01,5.632063E+01
13:09:00,8.007902E+03,2.012665E+03,5.575740E-01,1.777497E-01,0.000000E+00,0.000000E+00,0.000000E+00,0.000000E+00,0.000000E+00,0.000000E+00,0.000000E+00,0.000000E+00,2.110805E+01,7.993954E+01,2.388799E+01,5.630692E+01
13:10:00,8.007902E+03,2.015476E+03,5.575740E-01,1.779979E-01,0.000000E+00,0.000000E+00,0.000000E+00,0.000000E+00,0.000000E+00,0.000000E+00,0.000000E+00,0.000000E+00,2.110805E+01,7.993954E+01,2.388799E+01,5.629332E+01
13:11:00,8.007902E+03,2.018280E+03,5.575740E-01,1.782455E-01,0.000000E+00,0.000000E+00,0.000000E+00,0.000000E+00,0.000000E+00,0.000000E+00,0.000000E+00,0.000000E+00,2.110805E+01,7.993954E+01,2.388799E+01,5.627983E+01
13:12:00,8.007902E+03,2.021076E+03,5.575740E-01,1.784925E-01,0.000000E+00,0.000000E+00,0.000000E+00,0.000000E+00,0.000000E+00,0.000000E+00,0.000000E+00,0.000000E+00,2.110805E+01,7.993954E+01,2.388799E+01,5.626645E+01
13:13:00,8.007902E+03,2.023864E+03,5.575740E-01,1.787388E-01,0.000000E+00,0.000000E+00,0.000000E+00,0.000000E+00,0.000000E+00,0.000000E+00,0.000000E+00,0.000000E+00,2.110805E+01,7.993954E+01,2.388799E+01,5.625317E+01
13:14:00,8.007902E+03,2.026645E+03,5.575740E-01,1.789844E-01,0.000000E+00,0.000000E+00,0.000000E+00,0.000000E+00,0.000000E+00,0.000000E+00,0.000000E+00,0.000000E+00,2.110805E+01,7.993954E+01,2.388799E+01,5.624000E+01
13:15:00,8.007902E+03,2.029419E+03,5.575740E-01,1.792294E-01,0.000000E+00,0.000000E+00,0.000000E+00,0.000000E+00,0.000000E+00,0.000000E+00,0.000000E+00,0.000000E+00,2.110805E+01,7.993954E+01,2.388799E+01,5.622693E+01
13:16:00,8.007902E+03,2.032185E+03,5.575740E-01,1.794737E-01,0.000000E+00,0.000000E+00,0.000000E+00,0.000000E+00,0.000000E+00,0.000000E+00,0.000000E+00,0.000000E+00,2.110805E+01,7.993954E+01,2.388799E+01,5.621395E+01
13:17:00,8.007902E+03,2.034944E+03,5.575740E-01,1.797173E-01,0.000000E+00,0.000000E+00,0.000000E+00,0.000000E+00,0.000000E+00,0.000000E+00,0.000000E+00,0.000000E+00,2.110805E+01,7.993954E+01,2.388799E+01,5.620106E+01
13:18:00,8.007902E+03,2.037696E+03,5.575740E-01,1.799603E-01,0.000000E+00,0.000000E+00,0.000000E+00,0.000000E+00,0.000000E+00,0.000000E+00,0.000000E+00,0.000000E+00,2.110805E+01,7.993954E+01,2.388799E+01,5.618827E+01
13:19:00,8.007902E+03,2.040439E+03,5.575740E-01,1.802026E-01,0.000000E+00,0.000000E+00,0.000000E+00,0.000000E+00,0.000000E+00,0.000000E+00,0.000000E+00,0.000000E+00,2.110805E+01,7.993954E+01,2.388799E+01,5.617556E+01
13:20:00,8.007902E+03,2.043176E+03,5.575740E-01,1.804443E-01,0.000000E+00,0.000000E+00,0.000000E+00,0.000000E+00,0.000000E+00,0.000000E+00,0.000000E+00,0.000000E+00,2.110805E+01,7.993954E+01,2.388799E+01,5.616294E+01
13:21:00,8.007902E+03,2.045904E+03,5.575740E-01,1.806853E-01,0.000000E+00,0.000000E+00,0.000000E+00,0.000000E+00,0.000000E+00,0.000000E+00,0.000000E+00,0.000000E+00,2.110805E+01,7.993954E+01,2.388799E+01,5.615040E+01
13:22:00,8.007902E+03,2.048625E+03,5.575740E-01,1.809256E-01,0.000000E+00,0.000000E+00,0.000000E+00,0.000000E+00,0.000000E+00,0.000000E+00,0.000000E+00,0.000000E+00,2.110805E+01,7.993954E+01,2.388799E+01,5.613795E+01
13:23:00,8.007902E+03,2.051339E+03,5.575740E-01,1.811652E-01,0.000000E+00,0.000000E+00,0.000000E+00,0.000000E+00,0.000000E+00,0.000000E+00,0.000000E+00,0.000000E+00,2.110805E+01,7.993954E+01,2.388799E+01,5.612557E+01
13:24:00,8.007902E+03,2.054044E+03,5.575740E-01,1.814042E-01,0.000000E+00,0.000000E+00,0.000000E+00,0.000000E+00,0.000000E+00,0.000000E+00,0.000000E+00,0.000000E+00,2.110805E+01,7.993954E+01,2.388799E+01,5.611327E+01
13:25:00,8.007902E+03,2.056742E+03,5.575740E-01,1.816425E-01,0.000000E+00,0.000000E+00,0.000000E+00,0.000000E+00,0.000000E+00,0.000000E+00,0.000000E+00,0.000000E+00,2.110805E+01,7.993954E+01,2.388799E+01,5.610104E+01
13:26:00,8.007902E+03,2.059433E+03,5.575740E-01,1.818801E-01,0.000000E+00,0.000000E+00,0.000000E+00,0.000000E+00,0.000000E+00,0.000000E+00,0.000000E+00,0.000000E+00,2.110805E+01,7.993954E+01,2.388799E+01,5.608890E+01
13:27:00,8.007902E+03,2.062115E+03,5.575740E-01,1.821170E-01,0.000000E+00,0.000000E+00,0.000000E+00,0.000000E+00,0.000000E+00,0.000000E+00,0.000000E+00,0.000000E+00,2.110805E+01,7.993954E+01,2.388799E+01,5.607682E+01
13:28:00,8.007902E+03,2.064790E+03,5.575740E-01,1.823532E-01,0.000000E+00,0.000000E+00,0.000000E+00,0.000000E+00,0.000000E+00,0.000000E+00,0.000000E+00,0.000000E+00,2.110805E+01,7.993954E+01,2.388799E+01,5.606481E+01
13:29:00,8.007902E+03,2.067445E+03,5.575740E-01,1.825877E-01,0.000000E+00,0.000000E+00,0.000000E+00,0.000000E+00,0.000000E+00,0.000000E+00,0.000000E+00,0.000000E+00,2.110805E+01,7.993954E+01,2.388799E+01,5.605288E+01
13:30:00,8.007902E+03,2.070083E+03,5.575740E-01,1.828207E-01,0.000000E+00,0.000000E+00,0.000000E+00,0.000000E+00,0.000000E+00,0.000000E+00,0.000000E+00,0.000000E+00,2.110805E+01,7.993954E+01,2.388799E+01,5.604101E+01
13:31:00,8.007902E+03,2.072709E+03,5.575740E-01,1.830526E-01,0.000000E+00,0.000000E+00,0.000000E+00,0.000000E+00,0.000000E+00,0.000000E+00,0.000000E+00,0.000000E+00,2.110805E+01,7.993954E+01,2.388799E+01,5.602920E+01
13:32:00,8.007902E+03,2.075323E+03,5.575740E-01,1.832835E-01,0.000000E+00,0.000000E+00,0.000000E+00,0.000000E+00,0.000000E+00,0.000000E+00,0.000000E+00,0.000000E+00,2.110805E+01,7.993954E+01,2.388799E+01,5.601746E+01
13:33:00,8.007902E+03,2.077925E+03,5.575740E-01,1.835133E-01,0.000000E+00,0.000000E+00,0.000000E+00,0.000000E+00,0.000000E+00,0.000000E+00,0.000000E+00,0.000000E+00,2.110805E+01,7.993954E+01,2.388799E+01,5.600579E+01
13:34:00,8.007902E+03,2.080515E+03,5.575740E-01,1.837420E-01,0.000000E+00,0.000000E+00,0.000000E+00,0.000000E+00,0.000000E+00,0.000000E+00,0.000000E+00,0.000000E+00,2.110805E+01,7.993954E+01,2.388799E+01,5.599418E+01
13:35:00,8.007902E+03,2.083093E+03,5.575740E-01,1.839697E-01,0.000000E+00,0.000000E+00,0.000000E+00,0.000000E+00,0.000000E+00,0.000000E+00,0.000000E+00,0.000000E+00,2.110805E+01,7.993954E+01,2.388799E+01,5.598263E+01
13:36:00,8.007902E+03,2.085660E+03,5.575740E-01,1.841964E-01,0.000000E+00,0.000000E+00,0.000000E+00,0.000000E+00,0.000000E+00,0.000000E+00,0.000000E+00,0.000000E+00,2.110805E+01,7.993954E+01,2.388799E+01,5.597114E+01
13:37:00,8.007902E+03,2.088214E+03,5.575740E-01,1.844220E-01,0.000000E+00,0.000000E+00,0.000000E+00,0.000000E+00,0.000000E+00,0.000000E+00,0.000000E+00,0.000000E+00,2.110805E+01,7.993954E+01,2.388799E+01,5.595970E+01
13:38:00,8.007902E+03,2.090756E+03,5.575740E-01,1.846465E-01,0.000000E+00,0.000000E+00,0.000000E+00,0.000000E+00,0.000000E+00,0.000000E+00,0.000000E+00,0.000000E+00,2.110805E+01,7.993954E+01,2.388799E+01,5.594833E+01
13:39:00,8.007902E+03,2.093287E+03,5.575740E-01,1.848700E-01,0.000000E+00,0.000000E+00,0.000000E+00,0.000000E+00,0.000000E+00,0.000000E+00,0.000000E+00,0.000000E+00,2.110805E+01,7.993954E+01,2.388799E+01,5.593702E+01
13:40:00,8.007902E+03,2.095805E+03,5.575740E-01,1.850924E-01,0.000000E+00,0.000000E+00,0.000000E+00,0.000000E+00,0.000000E+00,0.000000E+00,0.000000E+00,0.000000E+00,2.110805E+01,7.993954E+01,2.388799E+01,5.592576E+01
13:41:00,8.007902E+03,2.098311E+03,5.575740E-01,1.853138E-01,0.000000E+00,0.000000E+00,0.000000E+00,0.000000E+00,0.000000E+00,0.000000E+00,0.000000E+00,0.000000E+00,2.110805E+01,7.993954E+01,2.388799E+01,5.591456E+01
13:42:00,8.007902E+03,2.100806E+03,5.575740E-01,1.855340E-01,0.000000E+00,0.000000E+00,0.000000E+00,0.000000E+00,0.000000E+00,0.000000E+00,0.000000E+00,0.000000E+00,2.110805E+01,7.993954E+01,2.388799E+01,5.590341E+01
13:43:00,8.007902E+03,2.103288E+03,5.575740E-01,1.857533E-01,0.000000E+00,0.000000E+00,0.000000E+00,0.000000E+00,0.000000E+00,0.000000E+00,0.000000E+00,0.000000E+00,2.110805E+01,7.993954E+01,2.388799E+01,5.589231E+01
13:44:00,8.007902E+03,2.105758E+03,5.575740E-01,1.859714E-01,0.000000E+00,0.000000E+00,0.000000E+00,0.000000E+00,0.000000E+00,0.000000E+00,0.000000E+00,0.000000E+00,2.110805E+01,7.993954E+01,2.388799E+01,5.588127E+01
13:45:00,8.007902E+03,2.108216E+03,5.575740E-01,1.861885E-01,0.000000E+00,0.000000E+00,0.000000E+00,0.000000E+00,0.000000E+00,0.000000E+00,0.000000E+00,0.000000E+00,2.110805E+01,7.993954E+01,2.388799E+01,5.587027E+01
13:46:00,8.007902E+03,2.110661E+03,5.575740E-01,1.864045E-01,0.000000E+00,0.000000E+00,0.000000E+00,0.000000E+00,0.000000E+00,0.000000E+00,0.000000E+00,0.000000E+00,2.110805E+01,7.993954E+01,2.388799E+01,5.585934E+01
13:47:00,8.007902E+03,2.113094E+03,5.575740E-01,1.866193E-01,0.000000E+00,0.000000E+00,0.000000E+00,0.000000E+00,0.000000E+00,0.000000E+00,0.000000E+00,0.000000E+00,2.110805E+01,7.993954E+01,2.388799E+01,5.584845E+01
13:48:00,8.007902E+03,2.115515E+03,5.575740E-01,1.868331E-01,0.000000E+00,0.000000E+00,0.000000E+00,0.000000E+00,0.000000E+00,0.000000E+00,0.000000E+00,0.000000E+00,2.110805E+01,7.993954E+01,2.388799E+01,5.583761E+01
13:49:00,8.007902E+03,2.117924E+03,5.575740E-01,1.870458E-01,0.000000E+00,0.000000E+00,0.000000E+00,0.000000E+00,0.000000E+00,0.000000E+00,0.000000E+00,0.000000E+00,2.110805E+01,7.993954E+01,2.388799E+01,5.582682E+01
13:50:00,8.007902E+03,2.120319E+03,5.575740E-01,1.872574E-01,0.000000E+00,0.000000E+00,0.000000E+00,0.000000E+00,0.000000E+00,0.000000E+00,0.000000E+00,0.000000E+00,2.110805E+01,7.993954E+01,2.388799E+01,5.581608E+01
13:51:00,8.007902E+03,2.122703E+03,5.575740E-01,1.874679E-01,0.000000E+00,0.000000E+00,0.000000E+00,0.000000E+00,0.000000E+00,0.000000E+00,0.000000E+00,0.000000E+00,2.110805E+01,7.993954E+01,2.388798E+01,5.580539E+01
13:52:00,8.007902E+03,2.125073E+03,5.575740E-01,1.876773E-01,0.000000E+00,0.000000E+00,0.000000E+00,0.000000E+00,0.000000E+00,0.000000E+00,0.000000E+00,0.000000E+00,2.110805E+01,7.993954E+01,2.388798E+01,5.579475E+01
13:53:00,8.007902E+03,2.127431E+03,5.575740E-01,1.878855E-01,0.000000E+00,0.000000E+00,0.000000E+00,0.000000E+00,0.000000E+00,0.000000E+00,0.000000E+00,0.000000E+00,2.110805E+01,7.993954E+01,2.388798E+01,5.578416E+01
13:54:00,8.007902E+03,2.129777E+03,5.575740E-01,1.880927E-01,0.000000E+00,0.000000E+00,0.000000E+00,0.000000E+00,0.000000E+00,0.000000E+00,0.000000E+00,0.000000E+00,2.110805E+01,7.993954E+01,2.388798E+01,5.577361E+01
13:55:00,8.007902E+03,2.132109E+03,5.575740E-01,1.882987E-01,0.000000E+00,0.000000E+00,0.000000E+00,0.000000E+00,0.000000E+00,0.000000E+00,0.000000E+00,0.000000E+00,2.110805E+01,7.993954E+01,2.388798E+01,5.576311E+01
13:56:00,8.007902E+03,2.134429E+03,5.575740E-01,1.885036E-01,0.000000E+00,0.000000E+00,0.000000E+00,0.000000E+00,0.000000E+00,0.000000E+00,0.000000E+00,0.000000E+00,2.110805E+01,7.993954E+01,2.388798E+01,5.575266E+01
13:57:00,8.007902E+03,2.136736E+03,5.575740E-01,1.887073E-01,0.000000E+00,0.000000E+00,0.000000E+00,0.000000E+00,0.000000E+00,0.000000E+00,0.000000E+00,0.000000E+00,2.110805E+01,7.993954E+01,2.388798E+01,5.574225E+01
13:58:00,8.007902E+03,2.139031E+03,5.575740E-01,1.889100E-01,0.000000E+00,0.000000E+00,0.000000E+00,0.000000E+00,0.000000E+00,0.000000E+00,0.000000E+00,0.000000E+00,2.110805E+01,7.993954E+01,2.388798E+01,5.573190E+01
13:59:00,8.007902E+03,2.141312E+03,5.575740E-01,1.891114E-01,0.000000E+00,0.000000E+00,0.000000E+00,0.000000E+00,0.000000E+00,0.000000E+00,0.000000E+00,0.000000E+00,2.110805E+01,7.993954E+01,2.388798E+01,5.572158E+01
14:00:00,8.007902E+03,2.143580E+03,5.575740E-01,1.893118E-01,0.000000E+00,0.000000E+00,0.000000E+00,0.000000E+00,0.000000E+00,0.000000E+00,0.000000E+00,0.000000E+00,2.110805E+01,7.993954E+01,2.388798E+01,5.571131E+01
14:01:00,8.007902E+03,2.145830E+03,5.575740E-01,1.895105E-01,0.000000E+00,0.000000E+00,0.000000E+00,0.000000E+00,0.000000E+00,0.000000E+00,0.000000E+00,0.000000E+00,2.110805E+01,7.993954E+01,2.388798E+01,5.570109E+01
14:02:00,8.007902E+03,2.148062E+03,5.575740E-01,1.897076E-01,0.000000E+00,0.000000E+00,0.000000E+00,0.000000E+00,0.000000E+00,0.000000E+00,0.000000E+00,0.000000E+00,2.110805E+01,7.993954E+01,2.388798E+01,5.569100E+01
14:03:00,8.007902E+03,2.150275E+03,5.575740E-01,1.899030E-01,0.000000E+00,0.000000E+00,0.000000E+00,0.000000E+00,0.000000E+00,0.000000E+00,0.000000E+00,0.000000E+00,2.110805E+01,7.993954E+01,2.388798E+01,5.568111E+01
14:04:00,8.007902E+03,2.152469E+03,5.575740E-01,1.900968E-01,0.000000E+00,0.000000E+00,0.000000E+00,0.000000E+00,0.000000E+00,0.000000E+00,0.000000E+00,0.000000E+00,2.110805E+01,7.993954E+01,2.388798E+01,5.567142E+01
14:05:00,8.007902E+03,2.154644E+03,5.575740E-01,1.902889E-01,0.000000E+00,0.000000E+00,0.000000E+00,0.000000E+00,0.000000E+00,0.000000E+00,0.000000E+00,0.000000E+00,2.110805E+01,7.993954E+01,2.388798E+01,5.566193E+01
14:06:00,8.007902E+03,2.156801E+03,5.575740E-01,1.904794E-01,0.000000E+00,0.000000E+00,0.000000E+00,0.000000E+00,0.000000E+00,0.000000E+00,0.000000E+00,0.000000E+00,2.110805E+01,7.993954E+01,2.388798E+01,5.565263E+01
14:07:00,8.007902E+03,2.158939E+03,5.575740E-01,1.906682E-01,0.000000E+00,0.000000E+00,0.000000E+00,0.000000E+00,0.000000E+00,0.000000E+00,0.000000E+00,0.000000E+00,2.110805E+01,7.993954E+01,2.388798E+01,5.564352E+01
14:08:00,8.007902E+03,2.161058E+03,5.575740E-01,1.908554E-01,0.000000E+00,0.000000E+00,0.000000E+00,0.000000E+00,0.000000E+00,0.000000E+00,0.000000E+00,0.000000E+00,2.110805E+01,7.993954E+01,2.388798E+01,5.563458E+01
14:09:00,8.007902E+03,2.163158E+03,5.575740E-01,1.910409E-01,0.000000E+00,0.000000E+00,0.000000E+00,0.000000E+00,0.000000E+00,0.000000E+00,0.000000E+00,0.000000E+00,2.110805E+01,7.993954E+01,2.388798E+01,5.562580E+01
14:10:00,8.007902E+03,2.165240E+03,5.575740E-01,1.912247E-01,0.000000E+00,0.000000E+00,0.000000E+00,0.000000E+00,0.000000E+00,0.000000E+00,0.000000E+00,0.000000E+00,2.110805E+01,7.993954E+01,2.388798E+01,5.561718E+01
14:11:00,8.007902E+03,2.167302E+03,5.575740E-01,1.914068E-01,0.000000E+00,0.000000E+00,0.000000E+00,0.000000E+00,0.000000E+00,0.000000E+00,0.000000E+00,0.000000E+00,2.110805E+01,7.993954E+01,2.388798E+01,5.560872E+01
14:12:00,8.007902E+03,2.169345E+03,5.575740E-01,1.915873E-01,0.000000E+00,0.000000E+00,0.000000E+00,0.000000E+00,0.000000E+00,0.000000E+00,0.000000E+00,0.000000E+00,2.110805E+01,7.993954E+01,2.388798E+01,5.560041E+01
14:13:00,8.007902E+03,2.171370E+03,5.575740E-01,1.917661E-01,0.000000E+00,0.000000E+00,0.000000E+00,0.000000E+00,0.000000E+00,0.000000E+00,0.000000E+00,0.000000E+00,2.110805E+01,7.993954E+01,2.388798E+01,5.559225E+01
14:14:00,8.007902E+03,2.173375E+03,5.575740E-01,1.919432E-01,0.000000E+00,0.000000E+00,0.000000E+00,0.000000E+00,0.000000E+00,0.000000E+00,0.000000E+00,0.000000E+00,2.110805E+01,7.993954E+01,2.388798E+01,5.558422E+01
14:15:00,8.007902E+03,2.175361E+03,5.575740E-01,1.921185E-01,0.000000E+00,0.000000E+00,0.000000E+00,0.000000E+00,0.000000E+00,0.000000E+00,0.000000E+00,0.000000E+00,2.110805E+01,7.993954E+01,2.388798E+01,5.557633E+01
14:16:00,8.007902E+03,2.177327E+03,5.575740E-01,1.922922E-01,0.000000E+00,0.000000E+00,0.000000E+00,0.000000E+00,0.000000E+00,0.000000E+00,0.000000E+00,0.000000E+00,2.110805E+01,7.993954E+01,2.388798E+01,5.556857E+01
14:17:00,8.007902E+03,2.179275E+03,5.575740E-01,1.924642E-01,0.000000E+00,0.000000E+00,0.000000E+00,0.000000E+00,0.000000E+00,0.000000E+00,0.000000E+00,0.000000E+00,2.110805E+01,7.993954E+01,2.388798E+01,5.556093E+01
14:18:00,8.007902E+03,2.181202E+03,5.575740E-01,1.926345E-01,0.000000E+00,0.000000E+00,0.000000E+00,0.000000E+00,0.000000E+00,0.000000E+00,0.000000E+00,0.000000E+00,2.110805E+01,7.993954E+01,2.388798E+01,5.555342E+01
14:19:00,8.007902E+03,2.183111E+03,5.575740E-01,1.928030E-01,0.000000E+00,0.000000E+00,0.000000E+00,0.000000E+00,0.000000E+00,0.000000E+00,0.000000E+00,0.000000E+00,2.110805E+01,7.993954E+01,2.388798E+01,5.554603E+01
14:20:00,8.007902E+03,2.185000E+03,5.575740E-01,1.929698E-01,0.000000E+00,0.000000E+00,0.000000E+00,0.000000E+00,0.000000E+00,0.000000E+00,0.000000E+00,0.000000E+00,2.110805E+01,7.993954E+01,2.388798E+01,5.553875E+01
14:21:00,8.007902E+03,2.186869E+03,5.575740E-01,1.931349E-01,0.000000E+00,0.000000E+00,0.000000E+00,0.000000E+00,0.000000E+00,0.000000E+00,0.000000E+00,0.000000E+00,2.110805E+01,7.993954E+01,2.388798E+01,5.553158E+01
14:22:00,8.007902E+03,2.188719E+03,5.575740E-01,1.932983E-01,0.000000E+00,0.000000E+00,0.000000E+00,0.000000E+00,0.000000E+00,0.000000E+00,0.000000E+00,0.000000E+00,2.110805E+01,7.993954E+01,2.388798E+01,5.552452E+01
14:23:00,8.007902E+03,2.190549E+03,5.575740E-01,1.934599E-01,0.000000E+00,0.000000E+00,0.000000E+00,0.000000E+00,0.000000E+00,0.000000E+00,0.000000E+00,0.000000E+00,2.110805E+01,7.993954E+01,2.388798E+01,5.551756E+01
14:24:00,8.007902E+03,2.192359E+03,5.575740E-01,1.936198E-01,0.000000E+00,0.000000E+00,0.000000E+00,0.000000E+00,0.000000E+00,0.000000E+00,0.000000E+00,0.000000E+00,2.110805E+01,7.993954E+01,2.388798E+01,5.551071E+01
14:25:00,8.007902E+03,2.194149E+03,5.575740E-01,1.937779E-01,0.000000E+00,0.000000E+00,0.000000E+00,0.000000E+00,0.000000E+00,0.000000E+00,0.000000E+00,0.000000E+00,2.110805E+01,7.993954E+01,2.388798E+01,5.550395E+01
14:26:00,8.007902E+03,2.195920E+03,5.575740E-01,1.939343E-01,0.000000E+00,0.000000E+00,0.000000E+00,0.000000E+00,0.000000E+00,0.000000E+00,0.000000E+00,0.000000E+00,2.110805E+01,7.993954E+01,2.388798E+01,5.549728E+01
14:27:00,8.007902E+03,2.197671E+03,5.575740E-01,1.940890E-01,0.000000E+00,0.000000E+00,0.000000E+00,0.000000E+00,0.000000E+00,0.000000E+00,0.000000E+00,0.000000E+00,2.110805E+01,7.993954E+01,2.388798E+01,5.549071E+01
14:28:00,8.007902E+03,2.199403E+03,5.575740E-01,1.942418E-01,0.000000E+00,0.000000E+00,0.000000E+00,0.000000E+00,0.000000E+00,0.000000E+00,0.000000E+00,0.000000E+00,2.110805E+01,7.993954E+01,2.388798E+01,5.548423E+01
14:29:00,8.007902E+03,2.201114E+03,5.575740E-01,1.943930E-01,0.000000E+00,0.000000E+00,0.000000E+00,0.000000E+00,0.000000E+00,0.000000E+00,0.000000E+00,0.000000E+00,2.110805E+01,7.993954E+01,2.388798E+01,5.547783E+01
14:30:00,8.007902E+03,2.202805E+03,5.575740E-01,1.945424E-01,0.000000E+00,0.000000E+00,0.000000E+00,0.000000E+00,0.000000E+00,0.000000E+00,0.000000E+00,0.000000E+00,2.110805E+01,7.993954E+01,2.388798E+01,5.547152E+01
14:31:00,8.007902E+03,2.204476E+03,5.575740E-01,1.946900E-01,0.000000E+00,0.000000E+00,0.000000E+00,0.000000E+00,0.000000E+00,0.000000E+00,0.000000E+00,0.000000E+00,2.110805E+01,7.993954E+01,2.388798E+01,5.546529E+01
14:32:00,8.007902E+03,2.206128E+03,5.575740E-01,1.948358E-01,0.000000E+00,0.000000E+00,0.000000E+00,0.000000E+00,0.000000E+00,0.000000E+00,0.000000E+00,0.000000E+00,2.110805E+01,7.993954E+01,2.388798E+01,5.545914E+01
14:33:00,8.007902E+03,2.207759E+03,5.575740E-01,1.949798E-01,0.000000E+00,0.000000E+00,0.000000E+00,0.000000E+00,0.000000E+00,0.000000E+00,0.000000E+00,0.000000E+00,2.110805E+01,7.993954E+01,2.388798E+01,5.545306E+01
14:34:00,8.007902E+03,2.209370E+03,5.575740E-01,1.951221E-01,0.000000E+00,0.000000E+00,0.000000E+00,0.000000E+00,0.000000E+00,0.000000E+00,0.000000E+00,0.000000E+00,2.110805E+01,7.993954E+01,2.388798E+01,5.544707E+01
14:35:00,8.007902E+03,2.210961E+03,5.575740E-01,1.952626E-01,0.000000E+00,0.000000E+00,0.000000E+00,0.000000E+00,0.000000E+00,0.000000E+00,0.000000E+00,0.000000E+00,2.110805E+01,7.993954E+01,2.388798E+01,5.544114E+01
14:36:00,8.007902E+03,2.212531E+03,5.575740E-01,1.954014E-01,0.000000E+00,0.000000E+00,0.000000E+00,0.000000E+00,0.000000E+00,0.000000E+00,0.000000E+00,0.000000E+00,2.110805E+01,7.993954E+01,2.388798E+01,5.543529E+01
14:37:00,8.007902E+03,2.214083E+03,5.575740E-01,1.955383E-01,0.000000E+00,0.000000E+00,0.000000E+00,0.000000E+00,0.000000E+00,0.000000E+00,0.000000E+00,0.000000E+00,2.110805E+01,7.993954E+01,2.388798E+01,5.542951E+01
14:38:00,8.007902E+03,2.215613E+03,5.575740E-01,1.956735E-01,0.000000E+00,0.000000E+00,0.000000E+00,0.000000E+00,0.000000E+00,0.000000E+00,0.000000E+00,0.000000E+00,2.110805E+01,7.993954E+01,2.388798E+01,5.542379E+01
14:39:00,8.007902E+03,2.217123E+03,5.575740E-01,1.958069E-01,0.000000E+00,0.000000E+00,0.000000E+00,0.000000E+00,0.000000E+00,0.000000E+00,0.000000E+00,0.000000E+00,2.110805E+01,7.993954E+01,2.388798E+01,5.541815E+01
14:40:00,8.007902E+03,2.218613E+03,5.575740E-01,1.959384E-01,0.000000E+00,0.000000E+00,0.000000E+00,0.000000E+00,0.000000E+00,0.000000E+00,0.000000E+00,0.000000E+00,2.110805E+01,7.993954E+01,2.388798E+01,5.541256E+01
14:41:00,8.007902E+03,2.220082E+03,5.575740E-01,1.960682E-01,0.000000E+00,0.000000E+00,0.000000E+00,0.000000E+00,0.000000E+00,0.000000E+00,0.000000E+00,0.000000E+00,2.110805E+01,7.993954E+01,2.388798E+01,5.540704E+01
14:42:00,8.007902E+03,2.221531E+03,5.575740E-01,1.961962E-01,0.000000E+00,0.000000E+00,0.000000E+00,0.000000E+00,0.000000E+00,0.000000E+00,0.000000E+00,0.000000E+00,2.110805E+01,7.993954E+01,2.388798E+01,5.540158E+01
14:43:00,8.007902E+03,2.222960E+03,5.575740E-01,1.963223E-01,0.000000E+00,0.000000E+00,0.000000E+00,0.000000E+00,0.000000E+00,0.000000E+00,0.000000E+00,0.000000E+00,2.110805E+01,7.993954E+01,2.388798E+01,5.539619E+01
14:44:00,8.007902E+03,2.224368E+03,5.575740E-01,1.964467E-01,0.000000E+00,0.000000E+00,0.000000E+00,0.000000E+00,0.000000E+00,0.000000E+00,0.000000E+00,0.000000E+00,2.110805E+01,7.993954E+01,2.388798E+01,5.539085E+01
14:45:00,8.007902E+03,2.225755E+03,5.575740E-01,1.965692E-01,0.000000E+00,0.000000E+00,0.000000E+00,0.000000E+00,0.000000E+00,0.000000E+00,0.000000E+00,0.000000E+00,2.110805E+01,7.993954E+01,2.388798E+01,5.538558E+01
14:46:00,8.007902E+03,2.227121E+03,5.575740E-01,1.966899E-01,0.000000E+00,0.000000E+00,0.000000E+00,0.000000E+00,0.000000E+00,0.000000E+00,0.000000E+00,0.000000E+00,2.110805E+01,7.993954E+01,2.388798E+01,5.538036E+01
14:47:00,8.007902E+03,2.228467E+03,5.575740E-01,1.968087E-01,0.000000E+00,0.000000E+00,0.000000E+00,0.000000E+00,0.000000E+00,0.000000E+00,0.000000E+00,0.000000E+00,2.110805E+01,7.993954E+01,2.388798E+01,5.537520E+01
14:48:00,8.007902E+03,2.229792E+03,5.575740E-01,1.969257E-01,0.000000E+00,0.000000E+00,0.000000E+00,0.000000E+00,0.000000E+00,0.000000E+00,0.000000E+00,0.000000E+00,2.110805E+01,7.993954E+01,2.388798E+01,5.537010E+01
14:49:00,8.007902E+03,2.231096E+03,5.575740E-01,1.970409E-01,0.000000E+00,0.000000E+00,0.000000E+00,0.000000E+00,0.000000E+00,0.000000E+00,0.000000E+00,0.000000E+00,2.110805E+01,7.993954E+01,2.388798E+01,5.536505E+01
14:50:00,8.007902E+03,2.232379E+03,5.575740E-01,1.971542E-01,0.000000E+00,0.000000E+00,0.000000E+00,0.000000E+00,0.000000E+00,0.000000E+00,0.000000E+00,0.000000E+00,2.110805E+01,7.993954E+01,2.388798E+01,5.536006E+01
14:51:00,8.007902E+03,2.233641E+03,5.575740E-01,1.972657E-01,0.000000E+00,0.000000E+00,0.000000E+00,0.000000E+00,0.000000E+00,0.000000E+00,0.000000E+00,0.000000E+00,2.110805E+01,7.993954E+01,2.388798E+01,5.535512E+01
14:52:00,8.007902E+03,2.234882E+03,5.575740E-01,1.973753E-01,0.000000E+00,0.000000E+00,0.000000E+00,0.000000E+00,0.000000E+00,0.000000E+00,0.000000E+00,0.000000E+00,2.110805E+01,7.993954E+01,2.388798E+01,5.535024E+01
14:53:00,8.007902E+03,2.236102E+03,5.575740E-01,1.974830E-01,0.000000E+00,0.000000E+00,0.000000E+00,0.000000E+00,0.000000E+00,0.000000E+00,0.000000E+00,0.000000E+00,2.110805E+01,7.993954E+01,2.388798E+01,5.534541E+01
14:54:00,8.007902E+03,2.237301E+03,5.575740E-01,1.975889E-01,0.000000E+00,0.000000E+00,0.000000E+00,0.000000E+00,0.000000E+00,0.000000E+00,0.000000E+00,0.000000E+00,2.110805E+01,7.993954E+01,2.388798E+01,5.534063E+01
14:55:00,8.007902E+03,2.238478E+03,5.575740E-01,1.976929E-01,0.000000E+00,0.000000E+00,0.000000E+00,0.000000E+00,0.000000E+00,0.000000E+00,0.000000E+00,0.000000E+00,2.110805E+01,7.993954E+01,2.388798E+01,5.533591E+01
14:56:00,8.007902E+03,2.239634E+03,5.575740E-01,1.977950E-01,0.000000E+00,0.000000E+00,0.000000E+00,0.000000E+00,0.000000E+00,0.000000E+00,0.000000E+00,0.000000E+00,2.110805E+01,7.993954E+01,2.388798E+01,5.533124E+01
14:57:00,8.007902E+03,2.240769E+03,5.575740E-01,1.978952E-01,0.000000E+00,0.000000E+00,0.000000E+00,0.000000E+00,0.000000E+00,0.000000E+00,0.000000E+00,0.000000E+00,2.110805E+01,7.993954E+01,2.388798E+01,5.532662E+01
14:58:00,8.007902E+03,2.241882E+03,5.575740E-01,1.979935E-01,0.000000E+00,0.000000E+00,0.000000E+00,0.000000E+00,0.000000E+00,0.000000E+00,0.000000E+00,0.000000E+00,2.110805E+01,7.993954E+01,2.388798E+01,5.532205E+01
14:59:00,8.007902E+03,2.242974E+03,5.575740E-01,1.980899E-01,0.000000E+00,0.000000E+00,0.000000E+00,0.000000E+00,0.000000E+00,0.000000E+00,0.000000E+00,0.000000E+00,2.110805E+01,7.993954E+01,2.388798E+01,5.531754E+01
15:00:00,8.007902E+03,2.244044E+03,5.575740E-01,1.981844E-01,0.000000E+00,0.000000E+00,0.000000E+00,0.000000E+00,0.000000E+00,0.000000E+00,0.000000E+00,0.000000E+00,2.110805E+01,7.993954E+01,2.388798E+01,5.531307E+01
15:01:00,8.007902E+03,2.245089E+03,5.575740E-01,1.982767E-01,0.000000E+00,0.000000E+00,0.000000E+00,0.000000E+00,0.000000E+00,0.000000E+00,0.000000E+00,0.000000E+00,2.110805E+01,7.993954E+01,2.388798E+01,5.530866E+01
15:02:00,8.007902E+03,2.246075E+03,5.575740E-01,1.983638E-01,0.000000E+00,0.000000E+00,0.000000E+00,0.000000E+00,0.000000E+00,0.000000E+00,0.000000E+00,0.000000E+00,2.110805E+01,7.993954E+01,2.388798E+01,5.530441E+01
15:03:00,8.007902E+03,2.247034E+03,5.575740E-01,1.984485E-01,0.000000E+00,0.000000E+00,0.000000E+00,0.000000E+00,0.000000E+00,0.000000E+00,0.000000E+00,0.000000E+00,2.110805E+01,7.993954E+01,2.388798E+01,5.530059E+01
15:04:00,8.007902E+03,2.247967E+03,5.575740E-01,1.985309E-01,0.000000E+00,0.000000E+00,0.000000E+00,0.000000E+00,0.000000E+00,0.000000E+00,0.000000E+00,0.000000E+00,2.110805E+01,7.993954E+01,2.388798E+01,5.529716E+01
15:05:00,8.007902E+03,2.248874E+03,5.575740E-01,1.986110E-01,0.000000E+00,0.000000E+00,0.000000E+00,0.000000E+00,0.000000E+00,0.000000E+00,0.000000E+00,0.000000E+00,2.110805E+01,7.993954E+01,2.388798E+01,5.529401E+01
15:06:00,8.007902E+03,2.249755E+03,5.575740E-01,1.986888E-01,0.000000E+00,0.000000E+00,0.000000E+00,0.000000E+00,0.000000E+00,0.000000E+00,0.000000E+00,0.000000E+00,2.110805E+01,7.993954E+01,2.388798E+01,5.529109E+01
15:07:00,8.007902E+03,2.250610E+03,5.575740E-01,1.987643E-01,0.000000E+00,0.000000E+00,0.000000E+00,0.000000E+00,0.000000E+00,0.000000E+00,0.000000E+00,0.000000E+00,2.110805E+01,7.993954E+01,2.388798E+01,5.528837E+01
15:08:00,8.007902E+03,2.251438E+03,5.575740E-01,1.988375E-01,0.000000E+00,0.000000E+00,0.000000E+00,0.000000E+00,0.000000E+00,0.000000E+00,0.000000E+00,0.000000E+00,2.110805E+01,7.993954E+01,2.388798E+01,5.528584E+01
15:09:00,8.007902E+03,2.252241E+03,5.575740E-01,1.989084E-01,0.000000E+00,0.000000E+00,0.000000E+00,0.000000E+00,0.000000E+00,0.000000E+00,0.000000E+00,0.000000E+00,2.110805E+01,7.993954E+01,2.388799E+01,5.528350E+01
15:10:00,8.007902E+03,2.253019E+03,5.575740E-01,1.989770E-01,0.000000E+00,0.000000E+00,0.000000E+00,0.000000E+00,0.000000E+00,0.000000E+00,0.000000E+00,0.000000E+00,2.110805E+01,7.993954E+01,2.388799E+01,5.528133E+01
15:11:00,8.007902E+03,2.253770E+03,5.575740E-01,1.990434E-01,0.000000E+00,0.000000E+00,0.000000E+00,0.000000E+00,0.000000E+00,0.000000E+00,0.000000E+00,0.000000E+00,2.110805E+01,7.993954E+01,2.388799E+01,5.527933E+01
15:12:00,8.007902E+03,2.254496E+03,5.575740E-01,1.991075E-01,0.000000E+00,0.000000E+00,0.000000E+00,0.000000E+00,0.000000E+00,0.000000E+00,0.000000E+00,0.000000E+00,2.110805E+01,7.993954E+01,2.388799E+01,5.527751E+01
15:13:00,8.007902E+03,2.255196E+03,5.575740E-01,1.991693E-01,0.000000E+00,0.000000E+00,0.000000E+00,0.000000E+00,0.000000E+00,0.000000E+00,0.000000E+00,0.000000E+00,2.110805E+01,7.993954E+01,2.388799E+01,5.527584E+01
15:14:00,8.007902E+03,2.255870E+03,5.575740E-01,1.992288E-01,0.000000E+00,0.000000E+00,0.000000E+00,0.000000E+00,0.000000E+00,0.000000E+00,0.000000E+00,0.000000E+00,2.110805E+01,7.993954E+01,2.388799E+01,5.527432E+01
15:15:00,8.007902E+03,2.256518E+03,5.575740E-01,1.992860E-01,0.000000E+00,0.000000E+00,0.000000E+00,0.000000E+00,0.000000E+00,0.000000E+00,0.000000E+00,0.000000E+00,2.110805E+01,7.993954E+01,2.388799E+01,5.527295E+01
15:16:00,8.007902E+03,2.257139E+03,5.575740E-01,1.993410E-01,0.000000E+00,0.000000E+00,0.000000E+00,0.000000E+00,0.000000E+00,0.000000E+00,0.000000E+00,0.000000E+00,2.110805E+01,7.993954E+01,2.388799E+01,5.527172E+01
15:17:00,8.007902E+03,2.257735E+03,5.575740E-01,1.993936E-01,0.000000E+00,0.000000E+00,0.000000E+00,0.000000E+00,0.000000E+00,0.000000E+00,0.000000E+00,0.000000E+00,2.110805E+01,7.993954E+01,2.388799E+01,5.527064E+01
15:18:00,8.007902E+03,2.258305E+03,5.575740E-01,1.994439E-01,0.000000E+00,0.000000E+00,0.000000E+00,0.000000E+00,0.000000E+00,0.000000E+00,0.000000E+00,0.000000E+00,2.110805E+01,7.993954E+01,2.388799E+01,5.526968E+01
15:19:00,8.007902E+03,2.258849E+03,5.575740E-01,1.994919E-01,0.000000E+00,0.000000E+00,0.000000E+00,0.000000E+00,0.000000E+00,0.000000E+00,0.000000E+00,0.000000E+00,2.110805E+01,7.993954E+01,2.388799E+01,5.526886E+01
15:20:00,8.007902E+03,2.259366E+03,5.575740E-01,1.995376E-01,0.000000E+00,0.000000E+00,0.000000E+00,0.000000E+00,0.000000E+00,0.000000E+00,0.000000E+00,0.000000E+00,2.110805E+01,7.993954E+01,2.388799E+01,5.526816E+01
15:21:00,8.007902E+03,2.259857E+03,5.575740E-01,1.995810E-01,0.000000E+00,0.000000E+00,0.000000E+00,0.000000E+00,0.000000E+00,0.000000E+00,0.000000E+00,0.000000E+00,2.110805E+01,7.993954E+01,2.388799E+01,5.526758E+01
15:22:00,8.007902E+03,2.260322E+03,5.575740E-01,1.996221E-01,0.000000E+00,0.000000E+00,0.000000E+00,0.000000E+00,0.000000E+00,0.000000E+00,0.000000E+00,0.000000E+00,2.110805E+01,7.993954E+01,2.388799E+01,5.526712E+01
15:23:00,8.007902E+03,2.260761E+03,5.575740E-01,1.996608E-01,0.000000E+00,0.000000E+00,0.000000E+00,0.000000E+00,0.000000E+00,0.000000E+00,0.000000E+00,0.000000E+00,2.110805E+01,7.993954E+01,2.388799E+01,5.526677E+01
15:24:00,8.007902E+03,2.261174E+03,5.575740E-01,1.996972E-01,0.000000E+00,0.000000E+00,0.000000E+00,0.000000E+00,0.000000E+00,0.000000E+00,0.000000E+00,0.000000E+00,2.110805E+01,7.993954E+01,2.388799E+01,5.526654E+01
15:25:00,8.007902E+03,2.261560E+03,5.575740E-01,1.997313E-01,0.000000E+00,0.000000E+00,0.000000E+00,0.000000E+00,0.000000E+00,0.000000E+00,0.000000E+00,0.000000E+00,2.110805E+01,7.993954E+01,2.388799E+01,5.526641E+01
15:26:00,8.007902E+03,2.261920E+03,5.575740E-01,1.997631E-01,0.000000E+00,0.000000E+00,0.000000E+00,0.000000E+00,0.000000E+00,0.000000E+00,0.000000E+00,0.000000E+00,2.110805E+01,7.993954E+01,2.388799E+01,5.526638E+01
15:27:00,8.007902E+03,2.262253E+03,5.575740E-01,1.997925E-01,0.000000E+00,0.000000E+00,0.000000E+00,0.000000E+00,0.000000E+00,0.000000E+00,0.000000E+00,0.000000E+00,2.110805E+01,7.993954E+01,2.388799E+01,5.526645E+01
15:28:00,8.007902E+03,2.262560E+03,5.575740E-01,1.998196E-01,0.000000E+00,0.000000E+00,0.000000E+00,0.000000E+00,0.000000E+00,0.000000E+00,0.000000E+00,0.000000E+00,2.110805E+01,7.993954E+01,2.388799E+01,5.526662E+01
15:29:00,8.007902E+03,2.262840E+03,5.575740E-01,1.998444E-01,0.000000E+00,0.000000E+00,0.000000E+00,0.000000E+00,0.000000E+00,0.000000E+00,0.000000E+00,0.000000E+00,2.110805E+01,7.993954E+01,2.388799E+01,5.526689E+01
15:30:00,8.007902E+03,2.263093E+03,5.575740E-01,1.998668E-01,0.000000E+00,0.000000E+00,0.000000E+00,0.000000E+00,0.000000E+00,0.000000E+00,0.000000E+00,0.000000E+00,2.110805E+01,7.993954E+01,2.388799E+01,5.526725E+01
15:31:00,8.007902E+03,2.263320E+03,5.575740E-01,1.998868E-01,0.000000E+00,0.000000E+00,0.000000E+00,0.000000E+00,0.000000E+00,0.000000E+00,0.000000E+00,0.000000E+00,2.110805E+01,7.993954E+01,2.388799E+01,5.526771E+01
15:32:00,8.007902E+03,2.263521E+03,5.575740E-01,1.999045E-01,0.000000E+00,0.000000E+00,0.000000E+00,0.000000E+00,0.000000E+00,0.000000E+00,0.000000E+00,0.000000E+00,2.110805E+01,7.993954E+01,2.388799E+01,5.526824E+01
15:33:00,8.007902E+03,2.263694E+03,5.575740E-01,1.999198E-01,0.000000E+00,0.000000E+00,0.000000E+00,0.000000E+00,0.000000E+00,0.000000E+00,0.000000E+00,0.000000E+00,2.110805E+01,7.993954E+01,2.388799E+01,5.526887E+01
15:34:00,8.007902E+03,2.263841E+03,5.575740E-01,1.999327E-01,0.000000E+00,0.000000E+00,0.000000E+00,0.000000E+00,0.000000E+00,0.000000E+00,0.000000E+00,0.000000E+00,2.110805E+01,7.993954E+01,2.388799E+01,5.526958E+01
15:35:00,8.007902E+03,2.263960E+03,5.575740E-01,1.999433E-01,0.000000E+00,0.000000E+00,0.000000E+00,0.000000E+00,0.000000E+00,0.000000E+00,0.000000E+00,0.000000E+00,2.110805E+01,7.993954E+01,2.388799E+01,5.527038E+01
15:36:00,8.007902E+03,2.264053E+03,5.575740E-01,1.999515E-01,0.000000E+00,0.000000E+00,0.000000E+00,0.000000E+00,0.000000E+00,0.000000E+00,0.000000E+00,0.000000E+00,2.110805E+01,7.993954E+01,2.388799E+01,5.527125E+01
15:37:00,8.007902E+03,2.264119E+03,5.575740E-01,1.999573E-01,0.000000E+00,0.000000E+00,0.000000E+00,0.000000E+00,0.000000E+00,0.000000E+00,0.000000E+00,0.000000E+00,2.110805E+01,7.993954E+01,2.388799E+01,5.527220E+01
15:38:00,8.007902E+03,2.264157E+03,5.575740E-01,1.999607E-01,0.000000E+00,0.000000E+00,0.000000E+00,0.000000E+00,0.000000E+00,0.000000E+00,0.000000E+00,0.000000E+00,2.110805E+01,7.993954E+01,2.388799E+01,5.527323E+01
15:39:00,8.007902E+03,2.264169E+03,5.575740E-01,1.999617E-01,0.000000E+00,0.000000E+00,0.000000E+00,0.000000E+00,0.000000E+00,0.000000E+00,0.000000E+00,0.000000E+00,2.110805E+01,7.993954E+01,2.388799E+01,5.527433E+01
15:40:00,8.007902E+03,2.264153E+03,5.575740E-01,1.999603E-01,0.000000E+00,0.000000E+00,0.000000E+00,0.000000E+00,0.000000E+00,0.000000E+00,0.000000E+00,0.000000E+00,2.110805E+01,7.993954E+01,2.388799E+01,5.527551E+01
15:41:00,8.007902E+03,2.264110E+03,5.575740E-01,1.999565E-01,0.000000E+00,0.000000E+00,0.000000E+00,0.000000E+00,0.000000E+00,0.000000E+00,0.000000E+00,0.000000E+00,2.110805E+01,7.993954E+01,2.388799E+01,5.527676E+01
15:42:00,8.007902E+03,2.264040E+03,5.575740E-01,1.999504E-01,0.000000E+00,0.000000E+00,0.000000E+00,0.000000E+00,0.000000E+00,0.000000E+00,0.000000E+00,0.000000E+00,2.110805E+01,7.993954E+01,2.388799E+01,5.527808E+01
15:43:00,8.007902E+03,2.263943E+03,5.575740E-01,1.999418E-01,0.000000E+00,0.000000E+00,0.000000E+00,0.000000E+00,0.000000E+00,0.000000E+00,0.000000E+00,0.000000E+00,2.110805E+01,7.993954E+01,2.388799E+01,5.527948E+01
15:44:00,8.007902E+03,2.263819E+03,5.575740E-01,1.999308E-01,0.000000E+00,0.000000E+00,0.000000E+00,0.000000E+00,0.000000E+00,0.000000E+00,0.000000E+00,0.000000E+00,2.110805E+01,7.993954E+01,2.388799E+01,5.528093E+01
15:45:00,8.007902E+03,2.263667E+03,5.575740E-01,1.999174E-01,0.000000E+00,0.000000E+00,0.000000E+00,0.000000E+00,0.000000E+00,0.000000E+00,0.000000E+00,0.000000E+00,2.110805E+01,7.993954E+01,2.388799E+01,5.528246E+01
15:46:00,8.007902E+03,2.263489E+03,5.575740E-01,1.999016E-01,0.000000E+00,0.000000E+00,0.000000E+00,0.000000E+00,0.000000E+00,0.000000E+00,0.000000E+00,0.000000E+00,2.110805E+01,7.993954E+01,2.388799E+01,5.528405E+01
15:47:00,8.007902E+03,2.263282E+03,5.575740E-01,1.998834E-01,0.000000E+00,0.000000E+00,0.000000E+00,0.000000E+00,0.000000E+00,0.000000E+00,0.000000E+00,0.000000E+00,2.110805E+01,7.993954E+01,2.388799E+01,5.528571E+01
15:48:00,8.007902E+03,2.263049E+03,5.575740E-01,1.998628E-01,0.000000E+00,0.000000E+00,0.000000E+00,0.000000E+00,0.000000E+00,0.000000E+00,0.000000E+00,0.000000E+00,2.110805E+01,7.993954E+01,2.388799E+01,5.528743E+01
15:49:00,8.007902E+03,2.262789E+03,5.575740E-01,1.998398E-01,0.000000E+00,0.000000E+00,0.000000E+00,0.000000E+00,0.000000E+00,0.000000E+00,0.000000E+00,0.000000E+00,2.110805E+01,7.993954E+01,2.388799E+01,5.528921E+01
15:50:00,8.007902E+03,2.262501E+03,5.575740E-01,1.998144E-01,0.000000E+00,0.000000E+00,0.000000E+00,0.000000E+00,0.000000E+00,0.000000E+00,0.000000E+00,0.000000E+00,2.110805E+01,7.993954E+01,2.388799E+01,5.529106E+01
15:51:00,8.007902E+03,2.262186E+03,5.575740E-01,1.997865E-01,0.000000E+00,0.000000E+00,0.000000E+00,0.000000E+00,0.000000E+00,0.000000E+00,0.000000E+00,0.000000E+00,2.110805E+01,7.993954E+01,2.388799E+01,5.529297E+01
15:52:00,8.007902E+03,2.261843E+03,5.575740E-01,1.997563E-01,0.000000E+00,0.000000E+00,0.000000E+00,0.000000E+00,0.000000E+00,0.000000E+00,0.000000E+00,0.000000E+00,2.110805E+01,7.993954E+01,2.388799E+01,5.529493E+01
15:53:00,8.007902E+03,2.261474E+03,5.575740E-01,1.997237E-01,0.000000E+00,0.000000E+00,0.000000E+00,0.000000E+00,0.000000E+00,0.000000E+00,0.000000E+00,0.000000E+00,2.110805E+01,7.993954E+01,2.388799E+01,5.529696E+01
15:54:00,8.007902E+03,2.261077E+03,5.575740E-01,1.996886E-01,0.000000E+00,0.000000E+00,0.000000E+00,0.000000E+00,0.000000E+00,0.000000E+00,0.000000E+00,0.000000E+00,2.110805E+01,7.993954E+01,2.388799E+01,5.529904E+01
15:55:00,8.007902E+03,2.260653E+03,5.575740E-01,1.996511E-01,0.000000E+00,0.000000E+00,0.000000E+00,0.000000E+00,0.000000E+00,0.000000E+00,0.000000E+00,0.000000E+00,2.110805E+01,7.993954E+01,2.388799E+01,5.530118E+01
15:56:00,8.007902E+03,2.260201E+03,5.575740E-01,1.996113E-01,0.000000E+00,0.000000E+00,0.000000E+00,0.000000E+00,0.000000E+00,0.000000E+00,0.000000E+00,0.000000E+00,2.110805E+01,7.993954E+01,2.388799E+01,5.530337E+01
15:57:00,8.007902E+03,2.259723E+03,5.575740E-01,1.995690E-01,0.000000E+00,0.000000E+00,0.000000E+00,0.000000E+00,0.000000E+00,0.000000E+00,0.000000E+00,0.000000E+00,2.110805E+01,7.993954E+01,2.388799E+01,5.530563E+01
15:58:00,8.007902E+03,2.259217E+03,5.575740E-01,1.995243E-01,0.000000E+00,0.000000E+00,0.000000E+00,0.000000E+00,0.000000E+00,0.000000E+00,0.000000E+00,0.000000E+00,2.110805E+01,7.993954E+01,2.388799E+01,5.530794E+01
15:59:00,8.007902E+03,2.258684E+03,5.575740E-01,1.994773E-01,0.000000E+00,0.000000E+00,0.000000E+00,0.000000E+00,0.000000E+00,0.000000E+00,0.000000E+00,0.000000E+00,2.110805E+01,7.993954E+01,2.388799E+01,5.531030E+01
16:00:00,8.007902E+03,2.258124E+03,5.575740E-01,1.994278E-01,0.000000E+00,0.000000E+00,0.000000E+00,0.000000E+00,0.000000E+00,0.000000E+00,0.000000E+00,0.000000E+00,2.110805E+01,7.993954E+01,2.388799E+01,5.531271E+01
16:01:00,8.007902E+03,2.257549E+03,5.575740E-01,1.993770E-01,0.000000E+00,0.000000E+00,0.000000E+00,0.000000E+00,0.000000E+00,0.000000E+00,0.000000E+00,0.000000E+00,2.110805E+01,7.993954E+01,2.388799E+01,5.531518E+01
16:02:00,8.007902E+03,2.256992E+03,5.575740E-01,1.993278E-01,0.000000E+00,0.000000E+00,0.000000E+00,0.000000E+00,0.000000E+00,0.000000E+00,0.000000E+00,0.000000E+00,2.110805E+01,7.993954E+01,2.388800E+01,5.531773E+01
16:03:00,8.007902E+03,2.256420E+03,5.575740E-01,1.992773E-01,0.000000E+00,0.000000E+00,0.000000E+00,0.000000E+00,0.000000E+00,0.000000E+00,0.000000E+00,0.000000E+00,2.110805E+01,7.993954E+01,2.388800E+01,5.532040E+01
16:04:00,8.007902E+03,2.255835E+03,5.575740E-01,1.992256E-01,0.000000E+00,0.000000E+00,0.000000E+00,0.000000E+00,0.000000E+00,0.000000E+00,0.000000E+00,0.000000E+00,2.110805E+01,7.993954E+01,2.388800E+01,5.532317E+01
16:05:00,8.007902E+03,2.255234E+03,5.575740E-01,1.991725E-01,0.000000E+00,0.000000E+00,0.000000E+00,0.000000E+00,0.000000E+00,0.000000E+00,0.000000E+00,0.000000E+00,2.110805E+01,7.993954E+01,2.388800E+01,5.532607E+01
16:06:00,8.007902E+03,2.254618E+03,5.575740E-01,1.991181E-01,0.000000E+00,0.000000E+00,0.000000E+00,0.000000E+00,0.000000E+00,0.000000E+00,0.000000E+00,0.000000E+00,2.110805E+01,7.993954E+01,2.388800E+01,5.532907E+01
16:07:00,8.007902E+03,2.253986E+03,5.575740E-01,1.990623E-01,0.000000E+00,0.000000E+00,0.000000E+00,0.000000E+00,0.000000E+00,0.000000E+00,0.000000E+00,0.000000E+00,2.110805E+01,7.993954E+01,2.388800E+01,5.533218E+01
16:08:00,8.007902E+03,2.253339E+03,5.575740E-01,1.990052E-01,0.000000E+00,0.000000E+00,0.000000E+00,0.000000E+00,0.000000E+00,0.000000E+00,0.000000E+00,0.000000E+00,2.110805E+01,7.993954E+01,2.388800E+01,5.533540E+01
16:09:00,8.007902E+03,2.252677E+03,5.575740E-01,1.989467E-01,0.000000E+00,0.000000E+00,0.000000E+00,0.000000E+00,0.000000E+00,0.000000E+00,0.000000E+00,0.000000E+00,2.110805E+01,7.993954E+01,2.388800E+01,5.533872E+01
16:10:00,8.007902E+03,2.252001E+03,5.575740E-01,1.988870E-01,0.000000E+00,0.000000E+00,0.000000E+00,0.000000E+00,0.000000E+00,0.000000E+00,0.000000E+00,0.000000E+00,2.110805E+01,7.993954E+01,2.388800E+01,5.534213E+01
16:11:00,8.007902E+03,2.251309E+03,5.575740E-01,1.988259E-01,0.000000E+00,0.000000E+00,0.000000E+00,0.000000E+00,0.000000E+00,0.000000E+00,0.000000E+00,0.000000E+00,2.110805E+01,7.993954E+01,2.388800E+01,5.534563E+01
16:12:00,8.007902E+03,2.250603E+03,5.575740E-01,1.987636E-01,0.000000E+00,0.000000E+00,0.000000E+00,0.000000E+00,0.000000E+00,0.000000E+00,0.000000E+00,0.000000E+00,2.110805E+01,7.993954E+01,2.388800E+01,5.534922E+01
16:13:00,8.007902E+03,2.249883E+03,5.575740E-01,1.986999E-01,0.000000E+00,0.000000E+00,0.000000E+00,0.000000E+00,0.000000E+00,0.000000E+00,0.000000E+00,0.000000E+00,2.110805E+01,7.993954E+01,2.388800E+01,5.535289E+01
16:14:00,8.007902E+03,2.249147E+03,5.575740E-01,1.986350E-01,0.000000E+00,0.000000E+00,0.000000E+00,0.000000E+00,0.000000E+00,0.000000E+00,0.000000E+00,0.000000E+00,2.110805E+01,7.993954E+01,2.388800E+01,5.535663E+01
16:15:00,8.007902E+03,2.248398E+03,5.575740E-01,1.985688E-01,0.000000E+00,0.000000E+00,0.000000E+00,0.000000E+00,0.000000E+00,0.000000E+00,0.000000E+00,0.000000E+00,2.110805E+01,7.993954E+01,2.388800E+01,5.536046E+01
16:16:00,8.007902E+03,2.247633E+03,5.575740E-01,1.985012E-01,0.000000E+00,0.000000E+00,0.000000E+00,0.000000E+00,0.000000E+00,0.000000E+00,0.000000E+00,0.000000E+00,2.110805E+01,7.993954E+01,2.388800E+01,5.536436E+01
16:17:00,8.007902E+03,2.246855E+03,5.575740E-01,1.984325E-01,0.000000E+00,0.000000E+00,0.000000E+00,0.000000E+00,0.000000E+00,0.000000E+00,0.000000E+00,0.000000E+00,2.110805E+01,7.993954E+01,2.388800E+01,5.536833E+01
16:18:00,8.007902E+03,2.246062E+03,5.575740E-01,1.983624E-01,0.000000E+00,0.000000E+00,0.000000E+00,0.000000E+00,0.000000E+00,0.000000E+00,0.000000E+00,0.000000E+00,2.110805E+01,7.993954E+01,2.388800E+01,5.537237E+01
16:19:00,8.007902E+03,2.245256E+03,5.575740E-01,1.982913E-01,0.000000E+00,0.000000E+00,0.000000E+00,0.000000E+00,0.000000E+00,0.000000E+00,0.000000E+00,0.000000E+00,2.110805E+01,7.993954E+01,2.388800E+01,5.537649E+01
16:20:00,8.007902E+03,2.244437E+03,5.575740E-01,1.982190E-01,0.000000E+00,0.000000E+00,0.000000E+00,0.000000E+00,0.000000E+00,0.000000E+00,0.000000E+00,0.000000E+00,2.110805E+01,7.993954E+01,2.388800E+01,5.538066E+01
16:21:00,8.007902E+03,2.243606E+03,5.575740E-01,1.981455E-01,0.000000E+00,0.000000E+00,0.000000E+00,0.000000E+00,0.000000E+00,0.000000E+00,0.000000E+00,0.000000E+00,2.110805E+01,7.993954E+01,2.388800E+01,5.538488E+01
16:22:00,8.007902E+03,2.242762E+03,5.575740E-01,1.980710E-01,0.000000E+00,0.000000E+00,0.000000E+00,0.000000E+00,0.000000E+00,0.000000E+00,0.000000E+00,0.000000E+00,2.110805E+01,7.993954E+01,2.388800E+01,5.538914E+01
16:23:00,8.007902E+03,2.241906E+03,5.575740E-01,1.979954E-01,0.000000E+00,0.000000E+00,0.000000E+00,0.000000E+00,0.000000E+00,0.000000E+00,0.000000E+00,0.000000E+00,2.110805E+01,7.993954E+01,2.388800E+01,5.539346E+01
16:24:00,8.007902E+03,2.241038E+03,5.575740E-01,1.979187E-01,0.000000E+00,0.000000E+00,0.000000E+00,0.000000E+00,0.000000E+00,0.000000E+00,0.000000E+00,0.000000E+00,2.110805E+01,7.993954E+01,2.388800E+01,5.539781E+01
16:25:00,8.007902E+03,2.240158E+03,5.575740E-01,1.978410E-01,0.000000E+00,0.000000E+00,0.000000E+00,0.000000E+00,0.000000E+00,0.000000E+00,0.000000E+00,0.000000E+00,2.110805E+01,7.993954E+01,2.388800E+01,5.540221E+01
16:26:00,8.007902E+03,2.239266E+03,5.575740E-01,1.977622E-01,0.000000E+00,0.000000E+00,0.000000E+00,0.000000E+00,0.000000E+00,0.000000E+00,0.000000E+00,0.000000E+00,2.110805E+01,7.993954E+01,2.388800E+01,5.540664E+01
16:27:00,8.007902E+03,2.238362E+03,5.575740E-01,1.976824E-01,0.000000E+00,0.000000E+00,0.000000E+00,0.000000E+00,0.000000E+00,0.000000E+00,0.000000E+00,0.000000E+00,2.110805E+01,7.993954E+01,2.388800E+01,5.541111E+01
16:28:00,8.007902E+03,2.237448E+03,5.575740E-01,1.976016E-01,0.000000E+00,0.000000E+00,0.000000E+00,0.000000E+00,0.000000E+00,0.000000E+00,0.000000E+00,0.000000E+00,2.110805E+01,7.993954E+01,2.388800E+01,5.541562E+01
16:29:00,8.007902E+03,2.236521E+03,5.575740E-01,1.975198E-01,0.000000E+00,0.000000E+00,0.000000E+00,0.000000E+00,0.000000E+00,0.000000E+00,0.000000E+00,0.000000E+00,2.110805E+01,7.993954E+01,2.388800E+01,5.542017E+01
16:30:00,8.007902E+03,2.235584E+03,5.575740E-01,1.974371E-01,0.000000E+00,0.000000E+00,0.000000E+00,0.000000E+00,0.000000E+00,0.000000E+00,0.000000E+00,0.000000E+00,2.110805E+01,7.993954E+01,2.388800E+01,5.542474E+01
16:31:00,8.007902E+03,2.234636E+03,5.575740E-01,1.973533E-01,0.000000E+00,0.000000E+00,0.000000E+00,0.000000E+00,0.000000E+00,0.000000E+00,0.000000E+00,0.000000E+00,2.110805E+01,7.993954E+01,2.388800E+01,5.542935E+01
16:32:00,8.007902E+03,2.233677E+03,5.575740E-01,1.972686E-01,0.000000E+00,0.000000E+00,0.000000E+00,0.000000E+00,0.000000E+00,0.000000E+00,0.000000E+00,0.000000E+00,2.110805E+01,7.993954E+01,2.388800E+01,5.543399E+01
16:33:00,8.007902E+03,2.232707E+03,5.575740E-01,1.971830E-01,0.000000E+00,0.000000E+00,0.000000E+00,0.000000E+00,0.000000E+00,0.000000E+00,0.000000E+00,0.000000E+00,2.110805E+01,7.993954E+01,2.388800E+01,5.543866E+01
16:34:00,8.007902E+03,2.231727E+03,5.575740E-01,1.970964E-01,0.000000E+00,0.000000E+00,0.000000E+00,0.000000E+00,0.000000E+00,0.000000E+00,0.000000E+00,0.000000E+00,2.110805E+01,7.993954E+01,2.388800E+01,5.544335E+01
16:35:00,8.007902E+03,2.230736E+03,5.575740E-01,1.970089E-01,0.000000E+00,0.000000E+00,0.000000E+00,0.000000E+00,0.000000E+00,0.000000E+00,0.000000E+00,0.000000E+00,2.110805E+01,7.993954E+01,2.388800E+01,5.544808E+01
16:36:00,8.007902E+03,2.229735E+03,5.575740E-01,1.969205E-01,0.000000E+00,0.000000E+00,0.000000E+00,0.000000E+00,0.000000E+00,0.000000E+00,0.000000E+00,0.000000E+00,2.110805E+01,7.993954E+01,2.388800E+01,5.545283E+01
16:37:00,8.007902E+03,2.228724E+03,5.575740E-01,1.968312E-01,0.000000E+00,0.000000E+00,0.000000E+00,0.000000E+00,0.000000E+00,0.000000E+00,0.000000E+00,0.000000E+00,2.110805E+01,7.993954E+01,2.388800E+01,5.545761E+01
16:38:00,8.007902E+03,2.227703E+03,5.575740E-01,1.967410E-01,0.000000E+00,0.000000E+00,0.000000E+00,0.000000E+00,0.000000E+00,0.000000E+00,0.000000E+00,0.000000E+00,2.110805E+01,7.993954E+01,2.388800E+01,5.546242E+01
16:39:00,8.007902E+03,2.226672E+03,5.575740E-01,1.966500E-01,0.000000E+00,0.000000E+00,0.000000E+00,0.000000E+00,0.000000E+00,0.000000E+00,0.000000E+00,0.000000E+00,2.110805E+01,7.993954E+01,2.388800E+01,5.546725E+01
16:40:00,8.007902E+03,2.225631E+03,5.575740E-01,1.965580E-01,0.000000E+00,0.000000E+00,0.000000E+00,0.000000E+00,0.000000E+00,0.000000E+00,0.000000E+00,0.000000E+00,2.110805E+01,7.993954E+01,2.388800E+01,5.547211E+01
16:41:00,8.007902E+03,2.224581E+03,5.575740E-01,1.964653E-01,0.000000E+00,0.000000E+00,0.000000E+00,0.000000E+00,0.000000E+00,0.000000E+00,0.000000E+00,0.000000E+00,2.110805E+01,7.993954E+01,2.388800E+01,5.547699E+01
16:42:00,8.007902E+03,2.223521E+03,5.575740E-01,1.963716E-01,0.000000E+00,0.000000E+00,0.000000E+00,0.000000E+00,0.000000E+00,0.000000E+00,0.000000E+00,0.000000E+00,2.110805E+01,7.993954E+01,2.388800E+01,5.548189E+01
16:43:00,8.007902E+03,2.222451E+03,5.575740E-01,1.962772E-01,0.000000E+00,0.000000E+00,0.000000E+00,0.000000E+00,0.000000E+00,0.000000E+00,0.000000E+00,0.000000E+00,2.110805E+01,7.993954E+01,2.388800E+01,5.548682E+01
16:44:00,8.007902E+03,2.221372E+03,5.575740E-01,1.961819E-01,0.000000E+00,0.000000E+00,0.000000E+00,0.000000E+00,0.000000E+00,0.000000E+00,0.000000E+00,0.000000E+00,2.110805E+01,7.993954E+01,2.388800E+01,5.549178E+01
16:45:00,8.007902E+03,2.220284E+03,5.575740E-01,1.960858E-01,0.000000E+00,0.000000E+00,0.000000E+00,0.000000E+00,0.000000E+00,0.000000E+00,0.000000E+00,0.000000E+00,2.110805E+01,7.993954E+01,2.388800E+01,5.549675E+01
16:46:00,8.007902E+03,2.219187E+03,5.575740E-01,1.959889E-01,0.000000E+00,0.000000E+00,0.000000E+00,0.000000E+00,0.000000E+00,0.000000E+00,0.000000E+00,0.000000E+00,2.110805E+01,7.993954E+01,2.388801E+01,5.550176E+01
16:47:00,8.007902E+03,2.218081E+03,5.575740E-01,1.958912E-01,0.000000E+00,0.000000E+00,0.000000E+00,0.000000E+00,0.000000E+00,0.000000E+00,0.000000E+00,0.000000E+00,2.110805E+01,7.993954E+01,2.388801E+01,5.550678E+01
16:48:00,8.007902E+03,2.216965E+03,5.575740E-01,1.957927E-01,0.000000E+00,0.000000E+00,0.000000E+00,0.000000E+00,0.000000E+00,0.000000E+00,0.000000E+00,0.000000E+00,2.110805E+01,7.993954E+01,2.388801E+01,5.551183E+01
16:49:00,8.007902E+03,2.215841E+03,5.575740E-01,1.956934E-01,0.000000E+00,0.000000E+00,0.000000E+00,0.000000E+00,0.000000E+00,0.000000E+00,0.000000E+00,0.000000E+00,2.110805E+01,7.993954E+01,2.388801E+01,5.551690E+01
16:50:00,8.007902E+03,2.214708E+03,5.575740E-01,1.955933E-01,0.000000E+00,0.000000E+00,0.000000E+00,0.000000E+00,0.000000E+00,0.000000E+00,0.000000E+00,0.000000E+00,2.110805E+01,7.993954E+01,2.388801E+01,5.552199E+01
16:51:00,8.007902E+03,2.213566E+03,5.575740E-01,1.954924E-01,0.000000E+00,0.000000E+00,0.000000E+00,0.000000E+00,0.000000E+00,0.000000E+00,0.000000E+00,0.000000E+00,2.110805E+01,7.993954E+01,2.388801E+01,5.552711E+01
16:52:00,8.007902E+03,2.212415E+03,5.575740E-01,1.953908E-01,0.000000E+00,0.000000E+00,0.000000E+00,0.000000E+00,0.000000E+00,0.000000E+00,0.000000E+00,0.000000E+00,2.110805E+01,7.993954E+01,2.388801E+01,5.553225E+01
16:53:00,8.007902E+03,2.211256E+03,5.575740E-01,1.952884E-01,0.000000E+00,0.000000E+00,0.000000E+00,0.000000E+00,0.000000E+00,0.000000E+00,0.000000E+00,0.000000E+00,2.110805E+01,7.993954E+01,2.388801E+01,5.553741E+01
16:54:00,8.007902E+03,2.210088E+03,5.575740E-01,1.951853E-01,0.000000E+00,0.000000E+00,0.000000E+00,0.000000E+00,0.000000E+00,0.000000E+00,0.000000E+00,0.000000E+00,2.110805E+01,7.993954E+01,2.388801E+01,5.554260E+01
16:55:00,8.007902E+03,2.208912E+03,5.575740E-01,1.950814E-01,0.000000E+00,0.000000E+00,0.000000E+00,0.000000E+00,0.000000E+00,0.000000E+00,0.000000E+00,0.000000E+00,2.110805E+01,7.993954E+01,2.388801E+01,5.554782E+01
16:56:00,8.007902E+03,2.207727E+03,5.575740E-01,1.949768E-01,0.000000E+00,0.000000E+00,0.000000E+00,0.000000E+00,0.000000E+00,0.000000E+00,0.000000E+00,0.000000E+00,2.110805E+01,7.993954E+01,2.388801E+01,5.555305E+01
16:57:00,8.007902E+03,2.206534E+03,5.575740E-01,1.948714E-01,0.000000E+00,0.000000E+00,0.000000E+00,0.000000E+00,0.000000E+00,0.000000E+00,0.000000E+00,0.000000E+00,2.110805E+01,7.993954E+01,2.388801E+01,5.555831E+01
16:58:00,8.007902E+03,2.205332E+03,5.575740E-01,1.947653E-01,0.000000E+00,0.000000E+00,0.000000E+00,0.000000E+00,0.000000E+00,0.000000E+00,0.000000E+00,0.000000E+00,2.110805E+01,7.993954E+01,2.388801E+01,5.556360E+01
16:59:00,8.007902E+03,2.204123E+03,5.575740E-01,1.946584E-01,0.000000E+00,0.000000E+00,0.000000E+00,0.000000E+00,0.000000E+00,0.000000E+00,0.000000E+00,0.000000E+00,2.110805E+01,7.993954E+01,2.388801E+01,5.556891E+01
17:00:00,8.007902E+03,2.202904E+03,5.575740E-01,1.945508E-01,0.000000E+00,0.000000E+00,0.000000E+00,0.000000E+00,0.000000E+00,0.000000E+00,0.000000E+00,0.000000E+00,2.110805E+01,7.993954E+01,2.388801E+01,5.557425E+01
17:01:00,8.007902E+03,2.201678E+03,5.575740E-01,1.944425E-01,0.000000E+00,0.000000E+00,0.000000E+00,0.000000E+00,0.000000E+00,0.000000E+00,0.000000E+00,0.000000E+00,2.110805E+01,7.993954E+01,2.388801E+01,5.557961E+01
17:02:00,8.007902E+03,2.200443E+03,5.575740E-01,1.943334E-01,0.000000E+00,0.000000E+00,0.000000E+00,0.000000E+00,0.000000E+00,0.000000E+00,0.000000E+00,0.000000E+00,2.110805E+01,7.993954E+01,2.388801E+01,5.558503E+01
17:03:00,8.007902E+03,2.199200E+03,5.575740E-01,1.942237E-01,0.000000E+00,0.000000E+00,0.000000E+00,0.000000E+00,0.000000E+00,0.000000E+00,0.000000E+00,0.000000E+00,2.110805E+01,7.993954E+01,2.388801E+01,5.559055E+01
17:04:00,8.007902E+03,2.197949E+03,5.575740E-01,1.941132E-01,0.000000E+00,0.000000E+00,0.000000E+00,0.000000E+00,0.000000E+00,0.000000E+00,0.000000E+00,0.000000E+00,2.110805E+01,7.993954E+01,2.388801E+01,5.559615E+01
17:05:00,8.007902E+03,2.196690E+03,5.575740E-01,1.940020E-01,0.000000E+00,0.000000E+00,0.000000E+00,0.000000E+00,0.000000E+00,0.000000E+00,0.000000E+00,0.000000E+00,2.110805E+01,7.993954E+01,2.388801E+01,5.560184E+01
17:06:00,8.007902E+03,2.195424E+03,5.575740E-01,1.938902E-01,0.000000E+00,0.000000E+00,0.000000E+00,0.000000E+00,0.000000E+00,0.000000E+00,0.000000E+00,0.000000E+00,2.110805E+01,7.993954E+01,2.388801E+01,5.560762E+01
17:07:00,8.007902E+03,2.194151E+03,5.575740E-01,1.937777E-01,0.000000E+00,0.000000E+00,0.000000E+00,0.000000E+00,0.000000E+00,0.000000E+00,0.000000E+00,0.000000E+00,2.110805E+01,7.993954E+01,2.388801E+01,5.561349E+01
17:08:00,8.007902E+03,2.192869E+03,5.575740E-01,1.936645E-01,0.000000E+00,0.000000E+00,0.000000E+00,0.000000E+00,0.000000E+00,0.000000E+00,0.000000E+00,0.000000E+00,2.110805E+01,7.993954E+01,2.388801E+01,5.561943E+01
17:09:00,8.007902E+03,2.191578E+03,5.575740E-01,1.935505E-01,0.000000E+00,0.000000E+00,0.000000E+00,0.000000E+00,0.000000E+00,0.000000E+00,0.000000E+00,0.000000E+00,2.110805E+01,7.993954E+01,2.388801E+01,5.562546E+01
17:10:00,8.007902E+03,2.190280E+03,5.575740E-01,1.934358E-01,0.000000E+00,0.000000E+00,0.000000E+00,0.000000E+00,0.000000E+00,0.000000E+00,0.000000E+00,0.000000E+00,2.110805E+01,7.993954E+01,2.388801E+01,5.563157E+01
17:11:00,8.007902E+03,2.188972E+03,5.575740E-01,1.933204E-01,0.000000E+00,0.000000E+00,0.000000E+00,0.000000E+00,0.000000E+00,0.000000E+00,0.000000E+00,0.000000E+00,2.110805E+01,7.993954E+01,2.388801E+01,5.563775E+01
17:12:00,8.007902E+03,2.187657E+03,5.575740E-01,1.932041E-01,0.000000E+00,0.000000E+00,0.000000E+00,0.000000E+00,0.000000E+00,0.000000E+00,0.000000E+00,0.000000E+00,2.110805E+01,7.993954E+01,2.388801E+01,5.564401E+01
17:13:00,8.007902E+03,2.186332E+03,5.575740E-01,1.930872E-01,0.000000E+00,0.000000E+00,0.000000E+00,0.000000E+00,0.000000E+00,0.000000E+00,0.000000E+00,0.000000E+00,2.110805E+01,7.993954E+01,2.388801E+01,5.565034E+01
17:14:00,8.007902E+03,2.184999E+03,5.575740E-01,1.929694E-01,0.000000E+00,0.000000E+00,0.000000E+00,0.000000E+00,0.000000E+00,0.000000E+00,0.000000E+00,0.000000E+00,2.110805E+01,7.993954E+01,2.388801E+01,5.565674E+01
17:15:00,8.007902E+03,2.183657E+03,5.575740E-01,1.928509E-01,0.000000E+00,0.000000E+00,0.000000E+00,0.000000E+00,0.000000E+00,0.000000E+00,0.000000E+00,0.000000E+00,2.110805E+01,7.993954E+01,2.388801E+01,5.566322E+01
17:16:00,8.007902E+03,2.182306E+03,5.575740E-01,1.927316E-01,0.000000E+00,0.000000E+00,0.000000E+00,0.000000E+00,0.000000E+00,0.000000E+00,0.000000E+00,0.000000E+00,2.110805E+01,7.993954E+01,2.388801E+01,5.566976E+01
17:17:00,8.007902E+03,2.180946E+03,5.575740E-01,1.926115E-01,0.000000E+00,0.000000E+00,0.000000E+00,0.000000E+00,0.000000E+00,0.000000E+00,0.000000E+00,0.000000E+00,2.110805E+01,7.993954E+01,2.388801E+01,5.567638E+01
17:18:00,8.007902E+03,2.179577E+03,5.575740E-01,1.924906E-01,0.000000E+00,0.000000E+00,0.000000E+00,0.000000E+00,0.000000E+00,0.000000E+00,0.000000E+00,0.000000E+00,2.110805E+01,7.993954E+01,2.388801E+01,5.568307E+01
17:19:00,8.007902E+03,2.178198E+03,5.575740E-01,1.923688E-01,0.000000E+00,0.000000E+00,0.000000E+00,0.000000E+00,0.000000E+00,0.000000E+00,0.000000E+00,0.000000E+00,2.110805E+01,7.993954E+01,2.388801E+01,5.568982E+01
17:20:00,8.007902E+03,2.176808E+03,5.575740E-01,1.922460E-01,0.000000E+00,0.000000E+00,0.000000E+00,0.000000E+00,0.000000E+00,0.000000E+00,0.000000E+00,0.000000E+00,2.110805E+01,7.993954E+01,2.388801E+01,5.569664E+01
17:21:00,8.007902E+03,2.175407E+03,5.575740E-01,1.921223E-01,0.000000E+00,0.000000E+00,0.000000E+00,0.000000E+00,0.000000E+00,0.000000E+00,0.000000E+00,0.000000E+00,2.110805E+01,7.993954E+01,2.388801E+01,5.570353E+01
17:22:00,8.007902E+03,2.173996E+03,5.575740E-01,1.919976E-01,0.000000E+00,0.000000E+00,0.000000E+00,0.000000E+00,0.000000E+00,0.000000E+00,0.000000E+00,0.000000E+00,2.110805E+01,7.993954E+01,2.388802E+01,5.571049E+01
17:23:00,8.007902E+03,2.172573E+03,5.575740E-01,1.918720E-01,0.000000E+00,0.000000E+00,0.000000E+00,0.000000E+00,0.000000E+00,0.000000E+00,0.000000E+00,0.000000E+00,2.110805E+01,7.993954E+01,2.388802E+01,5.571751E+01
17:24:00,8.007902E+03,2.171138E+03,5.575740E-01,1.917453E-01,0.000000E+00,0.000000E+00,0.000000E+00,0.000000E+00,0.000000E+00,0.000000E+00,0.000000E+00,0.000000E+00,2.110805E+01,7.993954E+01,2.388802E+01,5.572459E+01
17:25:00,8.007902E+03,2.169692E+03,5.575740E-01,1.916176E-01,0.000000E+00,0.000000E+00,0.000000E+00,0.000000E+00,0.000000E+00,0.000000E+00,0.000000E+00,0.000000E+00,2.110805E+01,7.993954E+01,2.388802E+01,5.573175E+01
17:26:00,8.007902E+03,2.168234E+03,5.575740E-01,1.914888E-01,0.000000E+00,0.000000E+00,0.000000E+00,0.000000E+00,0.000000E+00,0.000000E+00,0.000000E+00,0.000000E+00,2.110805E+01,7.993954E+01,2.388802E+01,5.573897E+01
17:27:00,8.007902E+03,2.166765E+03,5.575740E-01,1.913590E-01,0.000000E+00,0.000000E+00,0.000000E+00,0.000000E+00,0.000000E+00,0.000000E+00,0.000000E+00,0.000000E+00,2.110805E+01,7.993954E+01,2.388802E+01,5.574625E+01
17:28:00,8.007902E+03,2.165227E+03,5.575740E-01,1.912232E-01,0.000000E+00,0.000000E+00,0.000000E+00,0.000000E+00,0.000000E+00,0.000000E+00,0.000000E+00,0.000000E+00,2.110805E+01,7.993954E+01,2.388802E+01,5.575359E+01
17:29:00,8.007902E+03,2.163674E+03,5.575740E-01,1.910861E-01,0.000000E+00,0.000000E+00,0.000000E+00,0.000000E+00,0.000000E+00,0.000000E+00,0.000000E+00,0.000000E+00,2.110805E+01,7.993954E+01,2.388802E+01,5.576136E+01
17:30:00,8.007902E+03,2.162107E+03,5.575740E-01,1.909476E-01,0.000000E+00,0.000000E+00,0.000000E+00,0.000000E+00,0.000000E+00,0.000000E+00,0.000000E+00,0.000000E+00,2.110805E+01,7.993954E+01,2.388802E+01,5.576943E+01
17:31:00,8.007902E+03,2.160525E+03,5.575740E-01,1.908079E-01,0.000000E+00,0.000000E+00,0.000000E+00,0.000000E+00,0.000000E+00,0.000000E+00,0.000000E+00,0.000000E+00,2.110805E+01,7.993954E+01,2.388802E+01,5.577764E+01
17:32:00,8.007902E+03,2.158928E+03,5.575740E-01,1.906669E-01,0.000000E+00,0.000000E+00,0.000000E+00,0.000000E+00,0.000000E+00,0.000000E+00,0.000000E+00,0.000000E+00,2.110805E+01,7.993954E+01,2.388802E+01,5.578592E+01
17:33:00,8.007902E+03,2.157317E+03,5.575740E-01,1.905246E-01,0.000000E+00,0.000000E+00,0.000000E+00,0.000000E+00,0.000000E+00,0.000000E+00,0.000000E+00,0.000000E+00,2.110805E+01,7.993954E+01,2.388802E+01,5.579425E+01
17:34:00,8.007902E+03,2.155691E+03,5.575740E-01,1.903810E-01,0.000000E+00,0.000000E+00,0.000000E+00,0.000000E+00,0.000000E+00,0.000000E+00,0.000000E+00,0.000000E+00,2.110805E+01,7.993954E+01,2.388802E+01,5.580262E+01
17:35:00,8.007902E+03,2.154051E+03,5.575740E-01,1.902362E-01,0.000000E+00,0.000000E+00,0.000000E+00,0.000000E+00,0.000000E+00,0.000000E+00,0.000000E+00,0.000000E+00,2.110805E+01,7.993954E+01,2.388802E+01,5.581104E+01
17:36:00,8.007902E+03,2.152396E+03,5.575740E-01,1.900900E-01,0.000000E+00,0.000000E+00,0.000000E+00,0.000000E+00,0.000000E+00,0.000000E+00,0.000000E+00,0.000000E+00,2.110805E+01,7.993954E+01,2.388802E+01,5.581951E+01
17:37:00,8.007902E+03,2.150727E+03,5.575740E-01,1.899426E-01,0.000000E+00,0.000000E+00,0.000000E+00,0.000000E+00,0.000000E+00,0.000000E+00,0.000000E+00,0.000000E+00,2.110805E+01,7.993954E+01,2.388802E+01,5.582803E+01
17:38:00,8.007902E+03,2.149042E+03,5.575740E-01,1.897938E-01,0.000000E+00,0.000000E+00,0.000000E+00,0.000000E+00,0.000000E+00,0.000000E+00,0.000000E+00,0.000000E+00,2.110805E+01,7.993954E+01,2.388802E+01,5.583660E+01
17:39:00,8.007902E+03,2.147343E+03,5.575740E-01,1.896437E-01,0.000000E+00,0.000000E+00,0.000000E+00,0.000000E+00,0.000000E+00,0.000000E+00,0.000000E+00,0.000000E+00,2.110805E+01,7.993954E+01,2.388802E+01,5.584522E+01
17:40:00,8.007902E+03,2.145628E+03,5.575740E-01,1.894922E-01,0.000000E+00,0.000000E+00,0.000000E+00,0.000000E+00,0.000000E+00,0.000000E+00,0.000000E+00,0.000000E+00,2.110805E+01,7.993954E+01,2.388802E+01,5.585390E+01
17:41:00,8.007902E+03,2.143897E+03,5.575740E-01,1.893394E-01,0.000000E+00,0.000000E+00,0.000000E+00,0.000000E+00,0.000000E+00,0.000000E+00,0.000000E+00,0.000000E+00,2.110805E+01,7.993954E+01,2.388802E+01,5.586262E+01
17:42:00,8.007902E+03,2.142152E+03,5.575740E-01,1.891852E-01,0.000000E+00,0.000000E+00,0.000000E+00,0.000000E+00,0.000000E+00,0.000000E+00,0.000000E+00,0.000000E+00,2.110805E+01,7.993954E+01,2.388802E+01,5.587140E+01
17:43:00,8.007902E+03,2.140390E+03,5.575740E-01,1.890296E-01,0.000000E+00,0.000000E+00,0.000000E+00,0.000000E+00,0.000000E+00,0.000000E+00,0.000000E+00,0.000000E+00,2.110805E+01,7.993954E+01,2.388802E+01,5.588023E+01
17:44:00,8.007902E+03,2.138613E+03,5.575740E-01,1.888727E-01,0.000000E+00,0.000000E+00,0.000000E+00,0.000000E+00,0.000000E+00,0.000000E+00,0.000000E+00,0.000000E+00,2.110805E+01,7.993954E+01,2.388802E+01,5.588912E+01
17:45:00,8.007902E+03,2.136819E+03,5.575740E-01,1.887143E-01,0.000000E+00,0.000000E+00,0.000000E+00,0.000000E+00,0.000000E+00,0.000000E+00,0.000000E+00,0.000000E+00,2.110805E+01,7.993954E+01,2.388802E+01,5.589806E+01
17:46:00,8.007902E+03,2.135009E+03,5.575740E-01,1.885544E-01,0.000000E+00,0.000000E+00,0.000000E+00,0.000000E+00,0.000000E+00,0.000000E+00,0.000000E+00,0.000000E+00,2.110805E+01,7.993954E+01,2.388803E+01,5.590705E+01
17:47:00,8.007902E+03,2.133183E+03,5.575740E-01,1.883931E-01,0.000000E+00,0.000000E+00,0.000000E+00,0.000000E+00,0.000000E+00,0.000000E+00,0.000000E+00,0.000000E+00,2.110805E+01,7.993954E+01,2.388803E+01,5.591610E+01
17:48:00,8.007902E+03,2.131341E+03,5.575740E-01,1.882304E-01,0.000000E+00,0.000000E+00,0.000000E+00,0.000000E+00,0.000000E+00,0.000000E+00,0.000000E+00,0.000000E+00,2.110805E+01,7.993954E+01,2.388803E+01,5.592521E+01
17:49:00,8.007902E+03,2.129481E+03,5.575740E-01,1.880662E-01,0.000000E+00,0.000000E+00,0.000000E+00,0.000000E+00,0.000000E+00,0.000000E+00,0.000000E+00,0.000000E+00,2.110805E+01,7.993954E+01,2.388803E+01,5.593439E+01
17:50:00,8.007902E+03,2.127606E+03,5.575740E-01,1.879005E-01,0.000000E+00,0.000000E+00,0.000000E+00,0.000000E+00,0.000000E+00,0.000000E+00,0.000000E+00,0.000000E+00,2.110805E+01,7.993954E+01,2.388803E+01,5.594361E+01
17:51:00,8.007902E+03,2.125713E+03,5.575740E-01,1.877334E-01,0.000000E+00,0.000000E+00,0.000000E+00,0.000000E+00,0.000000E+00,0.000000E+00,0.000000E+00,0.000000E+00,2.110805E+01,7.993954E+01,2.388803E+01,5.595290E+01
17:52:00,8.007902E+03,2.123804E+03,5.575740E-01,1.875648E-01,0.000000E+00,0.000000E+00,0.000000E+00,0.000000E+00,0.000000E+00,0.000000E+00,0.000000E+00,0.000000E+00,2.110805E+01,7.993954E+01,2.388803E+01,5.596223E+01
17:53:00,8.007902E+03,2.121877E+03,5.575740E-01,1.873946E-01,0.000000E+00,0.000000E+00,0.000000E+00,0.000000E+00,0.000000E+00,0.000000E+00,0.000000E+00,0.000000E+00,2.110805E+01,7.993954E+01,2.388803E+01,5.597163E+01
17:54:00,8.007902E+03,2.119932E+03,5.575740E-01,1.872229E-01,0.000000E+00,0.000000E+00,0.000000E+00,0.000000E+00,0.000000E+00,0.000000E+00,0.000000E+00,0.000000E+00,2.110805E+01,7.993954E+01,2.388803E+01,5.598110E+01
17:55:00,8.007902E+03,2.117970E+03,5.575740E-01,1.870495E-01,0.000000E+00,0.000000E+00,0.000000E+00,0.000000E+00,0.000000E+00,0.000000E+00,0.000000E+00,0.000000E+00,2.110805E+01,7.993954E+01,2.388803E+01,5.599063E+01
17:56:00,8.007902E+03,2.115990E+03,5.575740E-01,1.868746E-01,0.000000E+00,0.000000E+00,0.000000E+00,0.000000E+00,0.000000E+00,0.000000E+00,0.000000E+00,0.000000E+00,2.110805E+01,7.993954E+01,2.388803E+01,5.600022E+01
17:57:00,8.007902E+03,2.113991E+03,5.575740E-01,1.866981E-01,0.000000E+00,0.000000E+00,0.000000E+00,0.000000E+00,0.000000E+00,0.000000E+00,0.000000E+00,0.000000E+00,2.110805E+01,7.993954E+01,2.388803E+01,5.600988E+01
17:58:00,8.007902E+03,2.111975E+03,5.575740E-01,1.865200E-01,0.000000E+00,0.000000E+00,0.000000E+00,0.000000E+00,0.000000E+00,0.000000E+00,0.000000E+00,0.000000E+00,2.110805E+01,7.993954E+01,2.388803E+01,5.601961E+01
17:59:00,8.007902E+03,2.109939E+03,5.575740E-01,1.863403E-01,0.000000E+00,0.000000E+00,0.000000E+00,0.000000E+00,0.000000E+00,0.000000E+00,0.000000E+00,0.000000E+00,2.110805E+01,7.993954E+01,2.388803E+01,5.602941E+01
18:00:00,8.007902E+03,2.107885E+03,5.575740E-01,1.861589E-01,0.000000E+00,0.000000E+00,0.000000E+00,0.000000E+00,0.000000E+00,0.000000E+00,0.000000E+00,0.000000E+00,2.110805E+01,7.993954E+01,2.388803E+01,5.603928E+01
18:01:00,8.007902E+03,2.105804E+03,5.575740E-01,1.859751E-01,0.000000E+00,0.000000E+00,0.000000E+00,0.000000E+00,0.000000E+00,0.000000E+00,0.000000E+00,0.000000E+00,2.110805E+01,7.993954E+01,2.388803E+01,5.604922E+01
18:02:00,8.007902E+03,2.103696E+03,5.575740E-01,1.857889E-01,0.000000E+00,0.000000E+00,0.000000E+00,0.000000E+00,0.000000E+00,0.000000E+00,0.000000E+00,0.000000E+00,2.110805E+01,7.993954E+01,2.388803E+01,5.605933E+01
18:03:00,8.007902E+03,2.101560E+03,5.575740E-01,1.856002E-01,0.000000E+00,0.000000E+00,0.000000E+00,0.000000E+00,0.000000E+00,0.000000E+00,0.000000E+00,0.000000E+00,2.110805E+01,7.993954E+01,2.388803E+01,5.606966E+01
18:04:00,8.007902E+03,2.099396E+03,5.575740E-01,1.854091E-01,0.000000E+00,0.000000E+00,0.000000E+00,0.000000E+00,0.000000E+00,0.000000E+00,0.000000E+00,0.000000E+00,2.110805E+01,7.993954E+01,2.388803E+01,5.608024E+01
18:05:00,8.007902E+03,2.097205E+03,5.575740E-01,1.852156E-01,0.000000E+00,0.000000E+00,0.000000E+00,0.000000E+00,0.000000E+00,0.000000E+00,0.000000E+00,0.000000E+00,2.110805E+01,7.993954E+01,2.388803E+01,5.609106E+01
18:06:00,8.007902E+03,2.094985E+03,5.575740E-01,1.850196E-01,0.000000E+00,0.000000E+00,0.000000E+00,0.000000E+00,0.000000E+00,0.000000E+00,0.000000E+00,0.000000E+00,2.110805E+01,7.993954E+01,2.388804E+01,5.610210E+01
18:07:00,8.007902E+03,2.092738E+03,5.575740E-01,1.848211E-01,0.000000E+00,0.000000E+00,0.000000E+00,0.000000E+00,0.000000E+00,0.000000E+00,0.000000E+00,0.000000E+00,2.110805E+01,7.993954E+01,2.388804E+01,5.611337E+01
18:08:00,8.007902E+03,2.090462E+03,5.575740E-01,1.846200E-01,0.000000E+00,0.000000E+00,0.000000E+00,0.000000E+00,0.000000E+00,0.000000E+00,0.000000E+00,0.000000E+00,2.110805E+01,7.993954E+01,2.388804E+01,5.612485E+01
18:09:00,8.007902E+03,2.088157E+03,5.575740E-01,1.844165E-01,0.000000E+00,0.000000E+00,0.000000E+00,0.000000E+00,0.000000E+00,0.000000E+00,0.000000E+00,0.000000E+00,2.110805E+01,7.993954E+01,2.388804E+01,5.613655E+01
18:10:00,8.007902E+03,2.085824E+03,5.575740E-01,1.842104E-01,0.000000E+00,0.000000E+00,0.000000E+00,0.000000E+00,0.000000E+00,0.000000E+00,0.000000E+00,0.000000E+00,2.110805E+01,7.993954E+01,2.388804E+01,5.614846E+01
18:11:00,8.007902E+03,2.083462E+03,5.575740E-01,1.840018E-01,0.000000E+00,0.000000E+00,0.000000E+00,0.000000E+00,0.000000E+00,0.000000E+00,0.000000E+00,0.000000E+00,2.110805E+01,7.993954E+01,2.388804E+01,5.616057E+01
18:12:00,8.007902E+03,2.081071E+03,5.575740E-01,1.837906E-01,0.000000E+00,0.000000E+00,0.000000E+00,0.000000E+00,0.000000E+00,0.000000E+00,0.000000E+00,0.000000E+00,2.110805E+01,7.993954E+01,2.388804E+01,5.617288E+01
18:13:00,8.007902E+03,2.078650E+03,5.575740E-01,1.835769E-01,0.000000E+00,0.000000E+00,0.000000E+00,0.000000E+00,0.000000E+00,0.000000E+00,0.000000E+00,0.000000E+00,2.110805E+01,7.993954E+01,2.388804E+01,5.618538E+01
18:14:00,8.007902E+03,2.076200E+03,5.575740E-01,1.833605E-01,0.000000E+00,0.000000E+00,0.000000E+00,0.000000E+00,0.000000E+00,0.000000E+00,0.000000E+00,0.000000E+00,2.110805E+01,7.993954E+01,2.388804E+01,5.619809E+01
18:15:00,8.007902E+03,2.073721E+03,5.575740E-01,1.831415E-01,0.000000E+00,0.000000E+00,0.000000E+00,0.000000E+00,0.000000E+00,0.000000E+00,0.000000E+00,0.000000E+00,2.110805E+01,7.993954E+01,2.388804E+01,5.621098E+01
18:16:00,8.007902E+03,2.071211E+03,5.575740E-01,1.829199E-01,0.000000E+00,0.000000E+00,0.000000E+00,0.000000E+00,0.000000E+00,0.000000E+00,0.000000E+00,0.000000E+00,2.110805E+01,7.993954E+01,2.388804E+01,5.622406E+01
18:17:00,8.007902E+03,2.068672E+03,5.575740E-01,1.826956E-01,0.000000E+00,0.000000E+00,0.000000E+00,0.000000E+00,0.000000E+00,0.000000E+00,0.000000E+00,0.000000E+00,2.110805E+01,7.993954E+01,2.388804E+01,5.623732E+01
18:18:00,8.007902E+03,2.066102E+03,5.575740E-01,1.824686E-01,0.000000E+00,0.000000E+00,0.000000E+00,0.000000E+00,0.000000E+00,0.000000E+00,0.000000E+00,0.000000E+00,2.110805E+01,7.993954E+01,2.388804E+01,5.625077E+01
18:19:00,8.007902E+03,2.063502E+03,5.575740E-01,1.822390E-01,0.000000E+00,0.000000E+00,0.000000E+00,0.000000E+00,0.000000E+00,0.000000E+00,0.000000E+00,0.000000E+00,2.110805E+01,7.993954E+01,2.388805E+01,5.626440E+01
18:20:00,8.007902E+03,2.060871E+03,5.575740E-01,1.820066E-01,0.000000E+00,0.000000E+00,0.000000E+00,0.000000E+00,0.000000E+00,0.000000E+00,0.000000E+00,0.000000E+00,2.110805E+01,7.993954E+01,2.388805E+01,5.627821E+01
18:21:00,8.007902E+03,2.058209E+03,5.575740E-01,1.817716E-01,0.000000E+00,0.000000E+00,0.000000E+00,0.000000E+00,0.000000E+00,0.000000E+00,0.000000E+00,0.000000E+00,2.110805E+01,7.993954E+01,2.388805E+01,5.629220E+01
18:22:00,8.007902E+03,2.055517E+03,5.575740E-01,1.815338E-01,0.000000E+00,0.000000E+00,0.000000E+00,0.000000E+00,0.000000E+00,0.000000E+00,0.000000E+00,0.000000E+00,2.110805E+01,7.993954E+01,2.388805E+01,5.630636E+01
18:23:00,8.007902E+03,2.052793E+03,5.575740E-01,1.812932E-01,0.000000E+00,0.000000E+00,0.000000E+00,0.000000E+00,0.000000E+00,0.000000E+00,0.000000E+00,0.000000E+00,2.110805E+01,7.993954E+01,2.388805E+01,5.632069E+01
18:24:00,8.007902E+03,2.050038E+03,5.575740E-01,1.810499E-01,0.000000E+00,0.000000E+00,0.000000E+00,0.000000E+00,0.000000E+00,0.000000E+00,0.000000E+00,0.000000E+00,2.110805E+01,7.993954E+01,2.388805E+01,5.633520E+01
18:25:00,8.007902E+03,2.047251E+03,5.575740E-01,1.808038E-01,0.000000E+00,0.000000E+00,0.000000E+00,0.000000E+00,0.000000E+00,0.000000E+00,0.000000E+00,0.000000E+00,2.110805E+01,7.993954E+01,2.388805E+01,5.634988E+01
18:26:00,8.007902E+03,2.044433E+03,5.575740E-01,1.805548E-01,0.000000E+00,0.000000E+00,0.000000E+00,0.000000E+00,0.000000E+00,0.000000E+00,0.000000E+00,0.000000E+00,2.110805E+01,7.993954E+01,2.388805E+01,5.636473E+01
18:27:00,8.007902E+03,2.041583E+03,5.575740E-01,1.803031E-01,0.000000E+00,0.000000E+00,0.000000E+00,0.000000E+00,0.000000E+00,0.000000E+00,0.000000E+00,0.000000E+00,2.110805E+01,7.993954E+01,2.388805E+01,5.637975E+01
18:28:00,8.007902E+03,2.038756E+03,5.575740E-01,1.800534E-01,0.000000E+00,0.000000E+00,0.000000E+00,0.000000E+00,0.000000E+00,0.000000E+00,0.000000E+00,0.000000E+00,2.110805E+01,7.993954E+01,2.388805E+01,5.639493E+01
18:29:00,8.007902E+03,2.035899E+03,5.575740E-01,1.798012E-01,0.000000E+00,0.000000E+00,0.000000E+00,0.000000E+00,0.000000E+00,0.000000E+00,0.000000E+00,0.000000E+00,2.110805E+01,7.993954E+01,2.388805E+01,5.641029E+01
18:30:00,8.007902E+03,2.033013E+03,5.575740E-01,1.795462E-01,0.000000E+00,0.000000E+00,0.000000E+00,0.000000E+00,0.000000E+00,0.000000E+00,0.000000E+00,0.000000E+00,2.110805E+01,7.993954E+01,2.388805E+01,5.642581E+01
18:31:00,8.007902E+03,2.030095E+03,5.575740E-01,1.792885E-01,0.000000E+00,0.000000E+00,0.000000E+00,0.000000E+00,0.000000E+00,0.000000E+00,0.000000E+00,0.000000E+00,2.110805E+01,7.993954E+01,2.388806E+01,5.644149E+01
18:32:00,8.007902E+03,2.027146E+03,5.575740E-01,1.790281E-01,0.000000E+00,0.000000E+00,0.000000E+00,0.000000E+00,0.000000E+00,0.000000E+00,0.000000E+00,0.000000E+00,2.110805E+01,7.993954E+01,2.388806E+01,5.645735E+01
18:33:00,8.007902E+03,2.024165E+03,5.575740E-01,1.787648E-01,0.000000E+00,0.000000E+00,0.000000E+00,0.000000E+00,0.000000E+00,0.000000E+00,0.000000E+00,0.000000E+00,2.110805E+01,7.993954E+01,2.388806E+01,5.647337E+01
18:34:00,8.007902E+03,2.021152E+03,5.575740E-01,1.784987E-01,0.000000E+00,0.000000E+00,0.000000E+00,0.000000E+00,0.000000E+00,0.000000E+00,0.000000E+00,0.000000E+00,2.110805E+01,7.993954E+01,2.388806E+01,5.648955E+01
18:35:00,8.007902E+03,2.018107E+03,5.575740E-01,1.782297E-01,0.000000E+00,0.000000E+00,0.000000E+00,0.000000E+00,0.000000E+00,0.000000E+00,0.000000E+00,0.000000E+00,2.110805E+01,7.993954E+01,2.388806E+01,5.650590E+01
18:36:00,8.007902E+03,2.015029E+03,5.575740E-01,1.779579E-01,0.000000E+00,0.000000E+00,0.000000E+00,0.000000E+00,0.000000E+00,0.000000E+00,0.000000E+00,0.000000E+00,2.110805E+01,7.993954E+01,2.388806E+01,5.652241E+01
18:37:00,8.007902E+03,2.011918E+03,5.575740E-01,1.776832E-01,0.000000E+00,0.000000E+00,0.000000E+00,0.000000E+00,0.000000E+00,0.000000E+00,0.000000E+00,0.000000E+00,2.110805E+01,7.993954E+01,2.388806E+01,5.653909E+01
18:38:00,8.007902E+03,2.008774E+03,5.575740E-01,1.774055E-01,0.000000E+00,0.000000E+00,0.000000E+00,0.000000E+00,0.000000E+00,0.000000E+00,0.000000E+00,0.000000E+00,2.110805E+01,7.993954E+01,2.388806E+01,5.655593E+01
18:39:00,8.007902E+03,2.005554E+03,5.575740E-01,1.771211E-01,0.000000E+00,0.000000E+00,0.000000E+00,0.000000E+00,0.000000E+00,0.000000E+00,0.000000E+00,0.000000E+00,2.110805E+01,7.993954E+01,2.388806E+01,5.657293E+01
18:40:00,8.007902E+03,2.002297E+03,5.575740E-01,1.768334E-01,0.000000E+00,0.000000E+00,0.000000E+00,0.000000E+00,0.000000E+00,0.000000E+00,0.000000E+00,0.000000E+00,2.110805E+01,7.993954E+01,2.388806E+01,5.659039E+01
18:41:00,8.007902E+03,1.999004E+03,5.575740E-01,1.765426E-01,0.000000E+00,0.000000E+00,0.000000E+00,0.000000E+00,0.000000E+00,0.000000E+00,0.000000E+00,0.000000E+00,2.110805E+01,7.993954E+01,2.388806E+01,5.660821E+01
18:42:00,8.007902E+03,1.995677E+03,5.575740E-01,1.762488E-01,0.000000E+00,0.000000E+00,0.000000E+00,0.000000E+00,0.000000E+00,0.000000E+00,0.000000E+00,0.000000E+00,2.110805E+01,7.993954E+01,2.388807E+01,5.662627E+01
18:43:00,8.007902E+03,1.992315E+03,5.575740E-01,1.759519E-01,0.000000E+00,0.000000E+00,0.000000E+00,0.000000E+00,0.000000E+00,0.000000E+00,0.000000E+00,0.000000E+00,2.110805E+01,7.993954E+01,2.388807E+01,5.664450E+01
18:44:00,8.007902E+03,1.988919E+03,5.575740E-01,1.756519E-01,0.000000E+00,0.000000E+00,0.000000E+00,0.000000E+00,0.000000E+00,0.000000E+00,0.000000E+00,0.000000E+00,2.110805E+01,7.993954E+01,2.388807E+01,5.666287E+01
18:45:00,8.007902E+03,1.985488E+03,5.575740E-01,1.753489E-01,0.000000E+00,0.000000E+00,0.000000E+00,0.000000E+00,0.000000E+00,0.000000E+00,0.000000E+00,0.000000E+00,2.110805E+01,7.993954E+01,2.388807E+01,5.668138E+01
18:46:00,8.007902E+03,1.982023E+03,5.575740E-01,1.750429E-01,0.000000E+00,0.000000E+00,0.000000E+00,0.000000E+00,0.000000E+00,0.000000E+00,0.000000E+00,0.000000E+00,2.110805E+01,7.993954E+01,2.388807E+01,5.670004E+01
18:47:00,8.007902E+03,1.978521E+03,5.575740E-01,1.747335E-01,0.000000E+00,0.000000E+00,0.000000E+00,0.000000E+00,0.000000E+00,0.000000E+00,0.000000E+00,0.000000E+00,2.110805E+01,7.993954E+01,2.388807E+01,5.671884E+01
18:48:00,8.007902E+03,1.974980E+03,5.575740E-01,1.744208E-01,0.000000E+00,0.000000E+00,0.000000E+00,0.000000E+00,0.000000E+00,0.000000E+00,0.000000E+00,0.000000E+00,2.110805E+01,7.993954E+01,2.388807E+01,5.673780E+01
18:49:00,8.007902E+03,1.971401E+03,5.575740E-01,1.741048E-01,0.000000E+00,0.000000E+00,0.000000E+00,0.000000E+00,0.000000E+00,0.000000E+00,0.000000E+00,0.000000E+00,2.110805E+01,7.993954E+01,2.388807E+01,5.675694E+01
18:50:00,8.007902E+03,1.967783E+03,5.575740E-01,1.737852E-01,0.000000E+00,0.000000E+00,0.000000E+00,0.000000E+00,0.000000E+00,0.000000E+00,0.000000E+00,0.000000E+00,2.110805E+01,7.993954E+01,2.388807E+01,5.677627E+01
18:51:00,8.007902E+03,1.964126E+03,5.575740E-01,1.734622E-01,0.000000E+00,0.000000E+00,0.000000E+00,0.000000E+00,0.000000E+00,0.000000E+00,0.000000E+00,0.000000E+00,2.110805E+01,7.993954E+01,2.388807E+01,5.679579E+01
18:52:00,8.007902E+03,1.960431E+03,5.575740E-01,1.731359E-01,0.000000E+00,0.000000E+00,0.000000E+00,0.000000E+00,0.000000E+00,0.000000E+00,0.000000E+00,0.000000E+00,2.110805E+01,7.993954E+01,2.388808E+01,5.681550E+01
18:53:00,8.007902E+03,1.956697E+03,5.575740E-01,1.728061E-01,0.000000E+00,0.000000E+00,0.000000E+00,0.000000E+00,0.000000E+00,0.000000E+00,0.000000E+00,0.000000E+00,2.110805E+01,7.993954E+01,2.388808E+01,5.683539E+01
18:54:00,8.007902E+03,1.952924E+03,5.575740E-01,1.724729E-01,0.000000E+00,0.000000E+00,0.000000E+00,0.000000E+00,0.000000E+00,0.000000E+00,0.000000E+00,0.000000E+00,2.110805E+01,7.993954E+01,2.388808E+01,5.685546E+01
18:55:00,8.007902E+03,1.949113E+03,5.575740E-01,1.721363E-01,0.000000E+00,0.000000E+00,0.000000E+00,0.000000E+00,0.000000E+00,0.000000E+00,0.000000E+00,0.000000E+00,2.110805E+01,7.993954E+01,2.388808E+01,5.687571E+01
18:56:00,8.007902E+03,1.945263E+03,5.575740E-01,1.717963E-01,0.000000E+00,0.000000E+00,0.000000E+00,0.000000E+00,0.000000E+00,0.000000E+00,0.000000E+00,0.000000E+00,2.110805E+01,7.993954E+01,2.388808E+01,5.689615E+01
18:57:00,8.007902E+03,1.941375E+03,5.575740E-01,1.714529E-01,0.000000E+00,0.000000E+00,0.000000E+00,0.000000E+00,0.000000E+00,0.000000E+00,0.000000E+00,0.000000E+00,2.110805E+01,7.993954E+01,2.388808E+01,5.691677E+01
18:58:00,8.007902E+03,1.937448E+03,5.575740E-01,1.711061E-01,0.000000E+00,0.000000E+00,0.000000E+00,0.000000E+00,0.000000E+00,0.000000E+00,0.000000E+00,0.000000E+00,2.110805E+01,7.993954E+01,2.388808E+01,5.693757E+01
18:59:00,8.007902E+03,1.933459E+03,5.575740E-01,1.707538E-01,0.000000E+00,0.000000E+00,0.000000E+00,0.000000E+00,0.000000E+00,0.000000E+00,0.000000E+00,0.000000E+00,2.110805E+01,7.993954E+01,2.388808E+01,5.695854E+01
19:00:00,8.007902E+03,1.929431E+03,5.575740E-01,1.703980E-01,0.000000E+00,0.000000E+00,0.000000E+00,0.000000E+00,0.000000E+00,0.000000E+00,0.000000E+00,0.000000E+00,2.110805E+01,7.993954E+01,2.388808E+01,5.697985E+01
19:01:00,8.007902E+03,1.925389E+03,5.575740E-01,1.700411E-01,0.000000E+00,0.000000E+00,0.000000E+00,0.000000E+00,0.000000E+00,0.000000E+00,0.000000E+00,0.000000E+00,2.110805E+01,7.993954E+01,2.388808E+01,5.700144E+01
19:02:00,8.007902E+03,1.921335E+03,5.575740E-01,1.696830E-01,0.000000E+00,0.000000E+00,0.000000E+00,0.000000E+00,0.000000E+00,0.000000E+00,0.000000E+00,0.000000E+00,2.110805E+01,7.993954E+01,2.388809E+01,5.702316E+01
19:03:00,8.007902E+03,1.917269E+03,5.575740E-01,1.693239E-01,0.000000E+00,0.000000E+00,0.000000E+00,0.000000E+00,0.000000E+00,0.000000E+00,0.000000E+00,0.000000E+00,2.110805E+01,7.993954E+01,2.388809E+01,5.704490E+01
19:04:00,8.007902E+03,1.913191E+03,5.575740E-01,1.689637E-01,0.000000E+00,0.000000E+00,0.000000E+00,0.000000E+00,0.000000E+00,0.000000E+00,0.000000E+00,0.000000E+00,2.110805E+01,7.993954E+01,2.388809E+01,5.706664E+01
19:05:00,8.007902E+03,1.909101E+03,5.575740E-01,1.686025E-01,0.000000E+00,0.000000E+00,0.000000E+00,0.000000E+00,0.000000E+00,0.000000E+00,0.000000E+00,0.000000E+00,2.110805E+01,7.993954E+01,2.388809E+01,5.708838E+01
19:06:00,8.007902E+03,1.905000E+03,5.575740E-01,1.682403E-01,0.000000E+00,0.000000E+00,0.000000E+00,0.000000E+00,0.000000E+00,0.000000E+00,0.000000E+00,0.000000E+00,2.110805E+01,7.993954E+01,2.388809E+01,5.711013E+01
19:07:00,8.007902E+03,1.900889E+03,5.575740E-01,1.678772E-01,0.000000E+00,0.000000E+00,0.000000E+00,0.000000E+00,0.000000E+00,0.000000E+00,0.000000E+00,0.000000E+00,2.110805E+01,7.993954E+01,2.388809E+01,5.713188E+01
19:08:00,8.007902E+03,1.896767E+03,5.575740E-01,1.675132E-01,0.000000E+00,0.000000E+00,0.000000E+00,0.000000E+00,0.000000E+00,0.000000E+00,0.000000E+00,0.000000E+00,2.110805E+01,7.993954E+01,2.388809E+01,5.715364E+01
19:09:00,8.007902E+03,1.892623E+03,5.575740E-01,1.671472E-01,0.000000E+00,0.000000E+00,0.000000E+00,0.000000E+00,0.000000E+00,0.000000E+00,0.000000E+00,0.000000E+00,2.110805E+01,7.993954E+01,2.388809E+01,5.717542E+01
19:10:00,8.007902E+03,1.888469E+03,5.575740E-01,1.667803E-01,0.000000E+00,0.000000E+00,0.000000E+00,0.000000E+00,0.000000E+00,0.000000E+00,0.000000E+00,0.000000E+00,2.110805E+01,7.993954E+01,2.388809E+01,5.719729E+01
19:11:00,8.007902E+03,1.884307E+03,5.575740E-01,1.664127E-01,0.000000E+00,0.000000E+00,0.000000E+00,0.000000E+00,0.000000E+00,0.000000E+00,0.000000E+00,0.000000E+00,2.110805E+01,7.993954E+01,2.388809E+01,5.721923E+01
19:12:00,8.007902E+03,1.880137E+03,5.575740E-01,1.660445E-01,0.000000E+00,0.000000E+00,0.000000E+00,0.000000E+00,0.000000E+00,0.000000E+00,0.000000E+00,0.000000E+00,2.110805E+01,7.993954E+01,2.388809E+01,5.724120E+01
19:13:00,8.007902E+03,1.875961E+03,5.575740E-01,1.656756E-01,0.000000E+00,0.000000E+00,0.000000E+00,0.000000E+00,0.000000E+00,0.000000E+00,0.000000E+00,0.000000E+00,2.110805E+01,7.993954E+01,2.388809E+01,5.726317E+01
19:14:00,8.007902E+03,1.871778E+03,5.575740E-01,1.653062E-01,0.000000E+00,0.000000E+00,0.000000E+00,0.000000E+00,0.000000E+00,0.000000E+00,0.000000E+00,0.000000E+00,2.110805E+01,7.993954E+01,2.388809E+01,5.728512E+01
19:15:00,8.007902E+03,1.867591E+03,5.575740E-01,1.649364E-01,0.000000E+00,0.000000E+00,0.000000E+00,0.000000E+00,0.000000E+00,0.000000E+00,0.000000E+00,0.000000E+00,2.110805E+01,7.993954E+01,2.388810E+01,5.730706E+01
19:16:00,8.007902E+03,1.863346E+03,5.575740E-01,1.645615E-01,0.000000E+00,0.000000E+00,0.000000E+00,0.000000E+00,0.000000E+00,0.000000E+00,0.000000E+00,0.000000E+00,2.110805E+01,7.993954E+01,2.388810E+01,5.732899E+01
19:17:00,8.007902E+03,1.859099E+03,5.575740E-01,1.641865E-01,0.000000E+00,0.000000E+00,0.000000E+00,0.000000E+00,0.000000E+00,0.000000E+00,0.000000E+00,0.000000E+00,2.110805E+01,7.993954E+01,2.388810E+01,5.735127E+01
19:18:00,8.007902E+03,1.854853E+03,5.575740E-01,1.638114E-01,0.000000E+00,0.000000E+00,0.000000E+00,0.000000E+00,0.000000E+00,0.000000E+00,0.000000E+00,0.000000E+00,2.110805E+01,7.993954E+01,2.388810E+01,5.737376E+01
19:19:00,8.007902E+03,1.850607E+03,5.575740E-01,1.634364E-01,0.000000E+00,0.000000E+00,0.000000E+00,0.000000E+00,0.000000E+00,0.000000E+00,0.000000E+00,0.000000E+00,2.110805E+01,7.993954E+01,2.388810E+01,5.739626E+01
19:20:00,8.007902E+03,1.846363E+03,5.575740E-01,1.630616E-01,0.000000E+00,0.000000E+00,0.000000E+00,0.000000E+00,0.000000E+00,0.000000E+00,0.000000E+00,0.000000E+00,2.110805E+01,7.993954E+01,2.388810E+01,5.741868E+01
19:21:00,8.007902E+03,1.842121E+03,5.575740E-01,1.626870E-01,0.000000E+00,0.000000E+00,0.000000E+00,0.000000E+00,0.000000E+00,0.000000E+00,0.000000E+00,0.000000E+00,2.110805E+01,7.993954E+01,2.388810E+01,5.744101E+01
19:22:00,8.007902E+03,1.837882E+03,5.575740E-01,1.623126E-01,0.000000E+00,0.000000E+00,0.000000E+00,0.000000E+00,0.000000E+00,0.000000E+00,0.000000E+00,0.000000E+00,2.110805E+01,7.993954E+01,2.388810E+01,5.746324E+01
19:23:00,8.007902E+03,1.833646E+03,5.575740E-01,1.619385E-01,0.000000E+00,0.000000E+00,0.000000E+00,0.000000E+00,0.000000E+00,0.000000E+00,0.000000E+00,0.000000E+00,2.110805E+01,7.993954E+01,2.388810E+01,5.748538E+01
19:24:00,8.007902E+03,1.829414E+03,5.575740E-01,1.615647E-01,0.000000E+00,0.000000E+00,0.000000E+00,0.000000E+00,0.000000E+00,0.000000E+00,0.000000E+00,0.000000E+00,2.110805E+01,7.993954E+01,2.388810E+01,5.750745E+01
19:25:00,8.007902E+03,1.825186E+03,5.575740E-01,1.611913E-01,0.000000E+00,0.000000E+00,0.000000E+00,0.000000E+00,0.000000E+00,0.000000E+00,0.000000E+00,0.000000E+00,2.110805E+01,7.993954E+01,2.388810E+01,5.752945E+01
19:26:00,8.007902E+03,1.820962E+03,5.575740E-01,1.608183E-01,0.000000E+00,0.000000E+00,0.000000E+00,0.000000E+00,0.000000E+00,0.000000E+00,0.000000E+00,0.000000E+00,2.110805E+01,7.993954E+01,2.388810E+01,5.755137E+01
19:27:00,8.007902E+03,1.816744E+03,5.575740E-01,1.604457E-01,0.000000E+00,0.000000E+00,0.000000E+00,0.000000E+00,0.000000E+00,0.000000E+00,0.000000E+00,0.000000E+00,2.110805E+01,7.993954E+01,2.388810E+01,5.757323E+01
19:28:00,8.007902E+03,1.812531E+03,5.575740E-01,1.600736E-01,0.000000E+00,0.000000E+00,0.000000E+00,0.000000E+00,0.000000E+00,0.000000E+00,0.000000E+00,0.000000E+00,2.110805E+01,7.993954E+01,2.388810E+01,5.759503E+01
19:29:00,8.007902E+03,1.808323E+03,5.575740E-01,1.597020E-01,0.000000E+00,0.000000E+00,0.000000E+00,0.000000E+00,0.000000E+00,0.000000E+00,0.000000E+00,0.000000E+00,2.110805E+01,7.993954E+01,2.388810E+01,5.761677E+01
19:30:00,8.007902E+03,1.804121E+03,5.575740E-01,1.593309E-01,0.000000E+00,0.000000E+00,0.000000E+00,0.000000E+00,0.000000E+00,0.000000E+00,0.000000E+00,0.000000E+00,2.110805E+01,7.993954E+01,2.388811E+01,5.763846E+01
19:31:00,8.007902E+03,1.799926E+03,5.575740E-01,1.589604E-01,0.000000E+00,0.000000E+00,0.000000E+00,0.000000E+00,0.000000E+00,0.000000E+00,0.000000E+00,0.000000E+00,2.110805E+01,7.993954E+01,2.388811E+01,5.766010E+01
19:32:00,8.007902E+03,1.795738E+03,5.575740E-01,1.585905E-01,0.000000E+00,0.000000E+00,0.000000E+00,0.000000E+00,0.000000E+00,0.000000E+00,0.000000E+00,0.000000E+00,2.110805E+01,7.993954E+01,2.388811E+01,5.768170E+01
19:33:00,8.007902E+03,1.791557E+03,5.575740E-01,1.582212E-01,0.000000E+00,0.000000E+00,0.000000E+00,0.000000E+00,0.000000E+00,0.000000E+00,0.000000E+00,0.000000E+00,2.110805E+01,7.993954E+01,2.388811E+01,5.770326E+01
19:34:00,8.007902E+03,1.787383E+03,5.575740E-01,1.578526E-01,0.000000E+00,0.000000E+00,0.000000E+00,0.000000E+00,0.000000E+00,0.000000E+00,0.000000E+00,0.000000E+00,2.110805E+01,7.993954E+01,2.388811E+01,5.772479E+01
19:35:00,8.007902E+03,1.783217E+03,5.575740E-01,1.574847E-01,0.000000E+00,0.000000E+00,0.000000E+00,0.000000E+00,0.000000E+00,0.000000E+00,0.000000E+00,0.000000E+00,2.110805E+01,7.993954E+01,2.388811E+01,5.774628E+01
19:36:00,8.007902E+03,1.779060E+03,5.575740E-01,1.571175E-01,0.000000E+00,0.000000E+00,0.000000E+00,0.000000E+00,0.000000E+00,0.000000E+00,0.000000E+00,0.000000E+00,2.110805E+01,7.993954E+01,2.388811E+01,5.776774E+01
19:37:00,8.007902E+03,1.774911E+03,5.575740E-01,1.567511E-01,0.000000E+00,0.000000E+00,0.000000E+00,0.000000E+00,0.000000E+00,0.000000E+00,0.000000E+00,0.000000E+00,2.110805E+01,7.993954E+01,2.388811E+01,5.778918E+01
19:38:00,8.007902E+03,1.770771E+03,5.575740E-01,1.563855E-01,0.000000E+00,0.000000E+00,0.000000E+00,0.000000E+00,0.000000E+00,0.000000E+00,0.000000E+00,0.000000E+00,2.110805E+01,7.993954E+01,2.388811E+01,5.781060E+01
19:39:00,8.007902E+03,1.766683E+03,5.575740E-01,1.560245E-01,0.000000E+00,0.000000E+00,0.000000E+00,0.000000E+00,0.000000E+00,0.000000E+00,0.000000E+00,0.000000E+00,2.110805E+01,7.993954E+01,2.388811E+01,5.783201E+01
19:40:00,8.007902E+03,1.762609E+03,5.575740E-01,1.556646E-01,0.000000E+00,0.000000E+00,0.000000E+00,0.000000E+00,0.000000E+00,0.000000E+00,0.000000E+00,0.000000E+00,2.110805E+01,7.993954E+01,2.388811E+01,5.785340E+01
19:41:00,8.007902E+03,1.758546E+03,5.575740E-01,1.553058E-01,0.000000E+00,0.000000E+00,0.000000E+00,0.000000E+00,0.000000E+00,0.000000E+00,0.000000E+00,0.000000E+00,2.110805E+01,7.993954E+01,2.388811E+01,5.787477E+01
19:42:00,8.007902E+03,1.754495E+03,5.575740E-01,1.549480E-01,0.000000E+00,0.000000E+00,0.000000E+00,0.000000E+00,0.000000E+00,0.000000E+00,0.000000E+00,0.000000E+00,2.110805E+01,7.993954E+01,2.388811E+01,5.789614E+01
19:43:00,8.007902E+03,1.750455E+03,5.575740E-01,1.545912E-01,0.000000E+00,0.000000E+00,0.000000E+00,0.000000E+00,0.000000E+00,0.000000E+00,0.000000E+00,0.000000E+00,2.110805E+01,7.993954E+01,2.388811E+01,5.791751E+01
19:44:00,8.007902E+03,1.746426E+03,5.575740E-01,1.542354E-01,0.000000E+00,0.000000E+00,0.000000E+00,0.000000E+00,0.000000E+00,0.000000E+00,0.000000E+00,0.000000E+00,2.110805E+01,7.993954E+01,2.388811E+01,5.793886E+01
19:45:00,8.007902E+03,1.742409E+03,5.575740E-01,1.538806E-01,0.000000E+00,0.000000E+00,0.000000E+00,0.000000E+00,0.000000E+00,0.000000E+00,0.000000E+00,0.000000E+00,2.110805E+01,7.993954E+01,2.388812E+01,5.796022E+01
19:46:00,8.007902E+03,1.738403E+03,5.575740E-01,1.535269E-01,0.000000E+00,0.000000E+00,0.000000E+00,0.000000E+00,0.000000E+00,0.000000E+00,0.000000E+00,0.000000E+00,2.110805E+01,7.993954E+01,2.388812E+01,5.798159E+01
19:47:00,8.007902E+03,1.734413E+03,5.575740E-01,1.531745E-01,0.000000E+00,0.000000E+00,0.000000E+00,0.000000E+00,0.000000E+00,0.000000E+00,0.000000E+00,0.000000E+00,2.110805E+01,7.993954E+01,2.388812E+01,5.800295E+01
19:48:00,8.007902E+03,1.730439E+03,5.575740E-01,1.528235E-01,0.000000E+00,0.000000E+00,0.000000E+00,0.000000E+00,0.000000E+00,0.000000E+00,0.000000E+00,0.000000E+00,2.110805E+01,7.993954E+01,2.388812E+01,5.802433E+01
19:49:00,8.007902E+03,1.726481E+03,5.575740E-01,1.524739E-01,0.000000E+00,0.000000E+00,0.000000E+00,0.000000E+00,0.000000E+00,0.000000E+00,0.000000E+00,0.000000E+00,2.110805E+01,7.993954E+01,2.388812E+01,5.804571E+01
19:50:00,8.007902E+03,1.722540E+03,5.575740E-01,1.521258E-01,0.000000E+00,0.000000E+00,0.000000E+00,0.000000E+00,0.000000E+00,0.000000E+00,0.000000E+00,0.000000E+00,2.110805E+01,7.993954E+01,2.388812E+01,5.806710E+01
19:51:00,8.007902E+03,1.718615E+03,5.575740E-01,1.517792E-01,0.000000E+00,0.000000E+00,0.000000E+00,0.000000E+00,0.000000E+00,0.000000E+00,0.000000E+00,0.000000E+00,2.110805E+01,7.993954E+01,2.388812E+01,5.808851E+01
19:52:00,8.007902E+03,1.714708E+03,5.575740E-01,1.514341E-01,0.000000E+00,0.000000E+00,0.000000E+00,0.000000E+00,0.000000E+00,0.000000E+00,0.000000E+00,0.000000E+00,2.110805E+01,7.993954E+01,2.388812E+01,5.810993E+01
19:53:00,8.007902E+03,1.710818E+03,5.575740E-01,1.510906E-01,0.000000E+00,0.000000E+00,0.000000E+00,0.000000E+00,0.000000E+00,0.000000E+00,0.000000E+00,0.000000E+00,2.110805E+01,7.993954E+01,2.388812E+01,5.813137E+01
19:54:00,8.007902E+03,1.706946E+03,5.575740E-01,1.507486E-01,0.000000E+00,0.000000E+00,0.000000E+00,0.000000E+00,0.000000E+00,0.000000E+00,0.000000E+00,0.000000E+00,2.110805E+01,7.993954E+01,2.388812E+01,5.815282E+01
19:55:00,8.007902E+03,1.703092E+03,5.575740E-01,1.504083E-01,0.000000E+00,0.000000E+00,0.000000E+00,0.000000E+00,0.000000E+00,0.000000E+00,0.000000E+00,0.000000E+00,2.110805E+01,7.993954E+01,2.388812E+01,5.817430E+01
19:56:00,8.007902E+03,1.699257E+03,5.575740E-01,1.500695E-01,0.000000E+00,0.000000E+00,0.000000E+00,0.000000E+00,0.000000E+00,0.000000E+00,0.000000E+00,0.000000E+00,2.110805E+01,7.993954E+01,2.388812E+01,5.819580E+01
19:57:00,8.007902E+03,1.695440E+03,5.575740E-01,1.497324E-01,0.000000E+00,0.000000E+00,0.000000E+00,0.000000E+00,0.000000E+00,0.000000E+00,0.000000E+00,0.000000E+00,2.110805E+01,7.993954E+01,2.388812E+01,5.821732E+01
19:58:00,8.007902E+03,1.691642E+03,5.575740E-01,1.493970E-01,0.000000E+00,0.000000E+00,0.000000E+00,0.000000E+00,0.000000E+00,0.000000E+00,0.000000E+00,0.000000E+00,2.110805E+01,7.993954E+01,2.388812E+01,5.823886E+01
19:59:00,8.007902E+03,1.687886E+03,5.575740E-01,1.490653E-01,0.000000E+00,0.000000E+00,0.000000E+00,0.000000E+00,0.000000E+00,0.000000E+00,0.000000E+00,0.000000E+00,2.110805E+01,7.993954E+01,2.388813E+01,5.826044E+01
20:00:00,8.007902E+03,1.684151E+03,5.575740E-01,1.487354E-01,0.000000E+00,0.000000E+00,0.000000E+00,0.000000E+00,0.000000E+00,0.000000E+00,0.000000E+00,0.000000E+00,2.110805E+01,7.993954E+01,2.388813E+01,5.828204E+01
20:01:00,8.007902E+03,1.680429E+03,5.575740E-01,1.484067E-01,0.000000E+00,0.000000E+00,0.000000E+00,0.000000E+00,0.000000E+00,0.000000E+00,0.000000E+00,0.000000E+00,2.110805E+01,7.993954E+01,2.388813E+01,5.830367E+01
20:02:00,8.007902E+03,1.676721E+03,5.575740E-01,1.480792E-01,0.000000E+00,0.000000E+00,0.000000E+00,0.000000E+00,0.000000E+00,0.000000E+00,0.000000E+00,0.000000E+00,2.110805E+01,7.993954E+01,2.388813E+01,5.832528E+01
20:03:00,8.007902E+03,1.673026E+03,5.575740E-01,1.477529E-01,0.000000E+00,0.000000E+00,0.000000E+00,0.000000E+00,0.000000E+00,0.000000E+00,0.000000E+00,0.000000E+00,2.110805E+01,7.993954E+01,2.388813E+01,5.834686E+01
20:04:00,8.007902E+03,1.669344E+03,5.575740E-01,1.474277E-01,0.000000E+00,0.000000E+00,0.000000E+00,0.000000E+00,0.000000E+00,0.000000E+00,0.000000E+00,0.000000E+00,2.110805E+01,7.993954E+01,2.388813E+01,5.836838E+01
20:05:00,8.007902E+03,1.665675E+03,5.575740E-01,1.471037E-01,0.000000E+00,0.000000E+00,0.000000E+00,0.000000E+00,0.000000E+00,0.000000E+00,0.000000E+00,0.000000E+00,2.110805E+01,7.993954E+01,2.388813E+01,5.838987E+01
20:06:00,8.007902E+03,1.662020E+03,5.575740E-01,1.467808E-01,0.000000E+00,0.000000E+00,0.000000E+00,0.000000E+00,0.000000E+00,0.000000E+00,0.000000E+00,0.000000E+00,2.110805E+01,7.993954E+01,2.388813E+01,5.841131E+01
20:07:00,8.007903E+03,1.658377E+03,5.575740E-01,1.464591E-01,0.000000E+00,0.000000E+00,0.000000E+00,0.000000E+00,0.000000E+00,0.000000E+00,0.000000E+00,0.000000E+00,2.110805E+01,7.993954E+01,2.388813E+01,5.843272E+01
20:08:00,8.007903E+03,1.654747E+03,5.575740E-01,1.461385E-01,0.000000E+00,0.000000E+00,0.000000E+00,0.000000E+00,0.000000E+00,0.000000E+00,0.000000E+00,0.000000E+00,2.110805E+01,7.993954E+01,2.388813E+01,5.845410E+01
20:09:00,8.007903E+03,1.651142E+03,5.575740E-01,1.458202E-01,0.000000E+00,0.000000E+00,0.000000E+00,0.000000E+00,0.000000E+00,0.000000E+00,0.000000E+00,0.000000E+00,2.110805E+01,7.993954E+01,2.388813E+01,5.847546E+01
20:10:00,8.007903E+03,1.647551E+03,5.575740E-01,1.455030E-01,0.000000E+00,0.000000E+00,0.000000E+00,0.000000E+00,0.000000E+00,0.000000E+00,0.000000E+00,0.000000E+00,2.110805E+01,7.993954E+01,2.388813E+01,5.849678E+01
20:11:00,8.007903E+03,1.643971E+03,5.575740E-01,1.451868E-01,0.000000E+00,0.000000E+00,0.000000E+00,0.000000E+00,0.000000E+00,0.000000E+00,0.000000E+00,0.000000E+00,2.110805E+01,7.993954E+01,2.388813E+01,5.851809E+01
20:12:00,8.007903E+03,1.640402E+03,5.575740E-01,1.448717E-01,0.000000E+00,0.000000E+00,0.000000E+00,0.000000E+00,0.000000E+00,0.000000E+00,0.000000E+00,0.000000E+00,2.110805E+01,7.993954E+01,2.388813E+01,5.853938E+01
20:13:00,8.007903E+03,1.636845E+03,5.575740E-01,1.445575E-01,0.000000E+00,0.000000E+00,0.000000E+00,0.000000E+00,0.000000E+00,0.000000E+00,0.000000E+00,0.000000E+00,2.110805E+01,7.993954E+01,2.388813E+01,5.856065E+01
20:14:00,8.007903E+03,1.633298E+03,5.575740E-01,1.442442E-01,0.000000E+00,0.000000E+00,0.000000E+00,0.000000E+00,0.000000E+00,0.000000E+00,0.000000E+00,0.000000E+00,2.110805E+01,7.993954E+01,2.388814E+01,5.858190E+01
20:15:00,8.007903E+03,1.629761E+03,5.575740E-01,1.439318E-01,0.000000E+00,0.000000E+00,0.000000E+00,0.000000E+00,0.000000E+00,0.000000E+00,0.000000E+00,0.000000E+00,2.110805E+01,7.993954E+01,2.388814E+01,5.860314E+01
20:16:00,8.007903E+03,1.626286E+03,5.575740E-01,1.436249E-01,0.000000E+00,0.000000E+00,0.000000E+00,0.000000E+00,0.000000E+00,0.000000E+00,0.000000E+00,0.000000E+00,2.110805E+01,7.993954E+01,2.388814E+01,5.862438E+01
20:17:00,8.007903E+03,1.622819E+03,5.575740E-01,1.433188E-01,0.000000E+00,0.000000E+00,0.000000E+00,0.000000E+00,0.000000E+00,0.000000E+00,0.000000E+00,0.000000E+00,2.110805E+01,7.993954E+01,2.388814E+01,5.864560E+01
20:18:00,8.007903E+03,1.619358E+03,5.575740E-01,1.430131E-01,0.000000E+00,0.000000E+00,0.000000E+00,0.000000E+00,0.000000E+00,0.000000E+00,0.000000E+00,0.000000E+00,2.110805E+01,7.993954E+01,2.388814E+01,5.866682E+01
20:19:00,8.007903E+03,1.615903E+03,5.575740E-01,1.427079E-01,0.000000E+00,0.000000E+00,0.000000E+00,0.000000E+00,0.000000E+00,0.000000E+00,0.000000E+00,0.000000E+00,2.110805E+01,7.993954E+01,2.388814E+01,5.868804E+01
20:20:00,8.007903E+03,1.612452E+03,5.575740E-01,1.424032E-01,0.000000E+00,0.000000E+00,0.000000E+00,0.000000E+00,0.000000E+00,0.000000E+00,0.000000E+00,0.000000E+00,2.110805E+01,7.993954E+01,2.388814E+01,5.870925E+01
20:21:00,8.007903E+03,1.609007E+03,5.575740E-01,1.420989E-01,0.000000E+00,0.000000E+00,0.000000E+00,0.000000E+00,0.000000E+00,0.000000E+00,0.000000E+00,0.000000E+00,2.110805E+01,7.993954E+01,2.388814E+01,5.873047E+01
20:22:00,8.007903E+03,1.605566E+03,5.575740E-01,1.417951E-01,0.000000E+00,0.000000E+00,0.000000E+00,0.000000E+00,0.000000E+00,0.000000E+00,0.000000E+00,0.000000E+00,2.110805E+01,7.993954E+01,2.388814E+01,5.875168E+01
20:23:00,8.007903E+03,1.602131E+03,5.575740E-01,1.414916E-01,0.000000E+00,0.000000E+00,0.000000E+00,0.000000E+00,0.000000E+00,0.000000E+00,0.000000E+00,0.000000E+00,2.110805E+01,7.993954E+01,2.388814E+01,5.877290E+01
20:24:00,8.007903E+03,1.598700E+03,5.575740E-01,1.411886E-01,0.000000E+00,0.000000E+00,0.000000E+00,0.000000E+00,0.000000E+00,0.000000E+00,0.000000E+00,0.000000E+00,2.110805E+01,7.993954E+01,2.388814E+01,5.879413E+01
20:25:00,8.007903E+03,1.595273E+03,5.575740E-01,1.408860E-01,0.000000E+00,0.000000E+00,0.000000E+00,0.000000E+00,0.000000E+00,0.000000E+00,0.000000E+00,0.000000E+00,2.110805E+01,7.993954E+01,2.388814E+01,5.881536E+01
20:26:00,8.007903E+03,1.591851E+03,5.575740E-01,1.405838E-01,0.000000E+00,0.000000E+00,0.000000E+00,0.000000E+00,0.000000E+00,0.000000E+00,0.000000E+00,0.000000E+00,2.110805E+01,7.993954E+01,2.388814E+01,5.883659E+01
20:27:00,8.007903E+03,1.588434E+03,5.575740E-01,1.402820E-01,0.000000E+00,0.000000E+00,0.000000E+00,0.000000E+00,0.000000E+00,0.000000E+00,0.000000E+00,0.000000E+00,2.110805E+01,7.993954E+01,2.388814E+01,5.885784E+01
20:28:00,8.007903E+03,1.585021E+03,5.575740E-01,1.399806E-01,0.000000E+00,0.000000E+00,0.000000E+00,0.000000E+00,0.000000E+00,0.000000E+00,0.000000E+00,0.000000E+00,2.110805E+01,7.993954E+01,2.388815E+01,5.887910E+01
20:29:00,8.007903E+03,1.581614E+03,5.575740E-01,1.396796E-01,0.000000E+00,0.000000E+00,0.000000E+00,0.000000E+00,0.000000E+00,0.000000E+00,0.000000E+00,0.000000E+00,2.110805E+01,7.993954E+01,2.388815E+01,5.890036E+01
20:30:00,8.007903E+03,1.578211E+03,5.575740E-01,1.393791E-01,0.000000E+00,0.000000E+00,0.000000E+00,0.000000E+00,0.000000E+00,0.000000E+00,0.000000E+00,0.000000E+00,2.110805E+01,7.993954E+01,2.388815E+01,5.892164E+01
20:31:00,8.007903E+03,1.574812E+03,5.575740E-01,1.390789E-01,0.000000E+00,0.000000E+00,0.000000E+00,0.000000E+00,0.000000E+00,0.000000E+00,0.000000E+00,0.000000E+00,2.110805E+01,7.993954E+01,2.388815E+01,5.894293E+01
20:32:00,8.007903E+03,1.571419E+03,5.575740E-01,1.387793E-01,0.000000E+00,0.000000E+00,0.000000E+00,0.000000E+00,0.000000E+00,0.000000E+00,0.000000E+00,0.000000E+00,2.110805E+01,7.993954E+01,2.388815E+01,5.896424E+01
20:33:00,8.007903E+03,1.568031E+03,5.575740E-01,1.384800E-01,0.000000E+00,0.000000E+00,0.000000E+00,0.000000E+00,0.000000E+00,0.000000E+00,0.000000E+00,0.000000E+00,2.110805E+01,7.993954E+01,2.388815E+01,5.898556E+01
20:34:00,8.007903E+03,1.564648E+03,5.575740E-01,1.381812E-01,0.000000E+00,0.000000E+00,0.000000E+00,0.000000E+00,0.000000E+00,0.000000E+00,0.000000E+00,0.000000E+00,2.110805E+01,7.993954E+01,2.388815E+01,5.900690E+01
20:35:00,8.007903E+03,1.561269E+03,5.575740E-01,1.378829E-01,0.000000E+00,0.000000E+00,0.000000E+00,0.000000E+00,0.000000E+00,0.000000E+00,0.000000E+00,0.000000E+00,2.110805E+01,7.993954E+01,2.388815E+01,5.902825E+01
20:36:00,8.007903E+03,1.557896E+03,5.575740E-01,1.375850E-01,0.000000E+00,0.000000E+00,0.000000E+00,0.000000E+00,0.000000E+00,0.000000E+00,0.000000E+00,0.000000E+00,2.110805E+01,7.993954E+01,2.388815E+01,5.904962E+01
20:37:00,8.007903E+03,1.554528E+03,5.575740E-01,1.372875E-01,0.000000E+00,0.000000E+00,0.000000E+00,0.000000E+00,0.000000E+00,0.000000E+00,0.000000E+00,0.000000E+00,2.110805E+01,7.993954E+01,2.388815E+01,5.907101E+01
20:38:00,8.007903E+03,1.551166E+03,5.575740E-01,1.369905E-01,0.000000E+00,0.000000E+00,0.000000E+00,0.000000E+00,0.000000E+00,0.000000E+00,0.000000E+00,0.000000E+00,2.110805E+01,7.993954E+01,2.388815E+01,5.909242E+01
20:39:00,8.007903E+03,1.547809E+03,5.575740E-01,1.366940E-01,0.000000E+00,0.000000E+00,0.000000E+00,0.000000E+00,0.000000E+00,0.000000E+00,0.000000E+00,0.000000E+00,2.110805E+01,7.993954E+01,2.388815E+01,5.911385E+01
20:40:00,8.007903E+03,1.544457E+03,5.575740E-01,1.363980E-01,0.000000E+00,0.000000E+00,0.000000E+00,0.000000E+00,0.000000E+00,0.000000E+00,0.000000E+00,0.000000E+00,2.110805E+01,7.993954E+01,2.388815E+01,5.913530E+01
20:41:00,8.007903E+03,1.541110E+03,5.575740E-01,1.361025E-01,0.000000E+00,0.000000E+00,0.000000E+00,0.000000E+00,0.000000E+00,0.000000E+00,0.000000E+00,0.000000E+00,2.110805E+01,7.993954E+01,2.388815E+01,5.915677E+01
20:42:00,8.007903E+03,1.537770E+03,5.575740E-01,1.358074E-01,0.000000E+00,0.000000E+00,0.000000E+00,0.000000E+00,0.000000E+00,0.000000E+00,0.000000E+00,0.000000E+00,2.110805E+01,7.993954E+01,2.388816E+01,5.917826E+01
20:43:00,8.007903E+03,1.534435E+03,5.575740E-01,1.355129E-01,0.000000E+00,0.000000E+00,0.000000E+00,0.000000E+00,0.000000E+00,0.000000E+00,0.000000E+00,0.000000E+00,2.110805E+01,7.993954E+01,2.388816E+01,5.919978E+01
20:44:00,8.007903E+03,1.531105E+03,5.575740E-01,1.352188E-01,0.000000E+00,0.000000E+00,0.000000E+00,0.000000E+00,0.000000E+00,0.000000E+00,0.000000E+00,0.000000E+00,2.110805E+01,7.993954E+01,2.388816E+01,5.922131E+01
20:45:00,8.007903E+03,1.527782E+03,5.575740E-01,1.349253E-01,0.000000E+00,0.000000E+00,0.000000E+00,0.000000E+00,0.000000E+00,0.000000E+00,0.000000E+00,0.000000E+00,2.110805E+01,7.993954E+01,2.388816E+01,5.924287E+01
20:46:00,8.007903E+03,1.524464E+03,5.575740E-01,1.346323E-01,0.000000E+00,0.000000E+00,0.000000E+00,0.000000E+00,0.000000E+00,0.000000E+00,0.000000E+00,0.000000E+00,2.110805E+01,7.993954E+01,2.388816E+01,5.926446E+01
20:47:00,8.007903E+03,1.521152E+03,5.575740E-01,1.343398E-01,0.000000E+00,0.000000E+00,0.000000E+00,0.000000E+00,0.000000E+00,0.000000E+00,0.000000E+00,0.000000E+00,2.110805E+01,7.993954E+01,2.388816E+01,5.928606E+01
20:48:00,8.007903E+03,1.517846E+03,5.575740E-01,1.340478E-01,0.000000E+00,0.000000E+00,0.000000E+00,0.000000E+00,0.000000E+00,0.000000E+00,0.000000E+00,0.000000E+00,2.110805E+01,7.993954E+01,2.388816E+01,5.930769E+01
20:49:00,8.007903E+03,1.514546E+03,5.575740E-01,1.337564E-01,0.000000E+00,0.000000E+00,0.000000E+00,0.000000E+00,0.000000E+00,0.000000E+00,0.000000E+00,0.000000E+00,2.110805E+01,7.993954E+01,2.388816E+01,5.932935E+01
20:50:00,8.007903E+03,1.511253E+03,5.575740E-01,1.334655E-01,0.000000E+00,0.000000E+00,0.000000E+00,0.000000E+00,0.000000E+00,0.000000E+00,0.000000E+00,0.000000E+00,2.110805E+01,7.993954E+01,2.388816E+01,5.935103E+01
20:51:00,8.007903E+03,1.507965E+03,5.575740E-01,1.331752E-01,0.000000E+00,0.000000E+00,0.000000E+00,0.000000E+00,0.000000E+00,0.000000E+00,0.000000E+00,0.000000E+00,2.110805E+01,7.993954E+01,2.388816E+01,5.937273E+01
20:52:00,8.007903E+03,1.504684E+03,5.575740E-01,1.328854E-01,0.000000E+00,0.000000E+00,0.000000E+00,0.000000E+00,0.000000E+00,0.000000E+00,0.000000E+00,0.000000E+00,2.110805E+01,7.993954E+01,2.388816E+01,5.939446E+01
20:53:00,8.007903E+03,1.501410E+03,5.575740E-01,1.325962E-01,0.000000E+00,0.000000E+00,0.000000E+00,0.000000E+00,0.000000E+00,0.000000E+00,0.000000E+00,0.000000E+00,2.110805E+01,7.993954E+01,2.388816E+01,5.941622E+01
20:54:00,8.007903E+03,1.498141E+03,5.575740E-01,1.323076E-01,0.000000E+00,0.000000E+00,0.000000E+00,0.000000E+00,0.000000E+00,0.000000E+00,0.000000E+00,0.000000E+00,2.110805E+01,7.993954E+01,2.388816E+01,5.943800E+01
20:55:00,8.007903E+03,1.494880E+03,5.575740E-01,1.320195E-01,0.000000E+00,0.000000E+00,0.000000E+00,0.000000E+00,0.000000E+00,0.000000E+00,0.000000E+00,0.000000E+00,2.110805E+01,7.993954E+01,2.388817E+01,5.945981E+01
20:56:00,8.007903E+03,1.491625E+03,5.575740E-01,1.317320E-01,0.000000E+00,0.000000E+00,0.000000E+00,0.000000E+00,0.000000E+00,0.000000E+00,0.000000E+00,0.000000E+00,2.110805E+01,7.993954E+01,2.388817E+01,5.948165E+01
20:57:00,8.007903E+03,1.488376E+03,5.575740E-01,1.314451E-01,0.000000E+00,0.000000E+00,0.000000E+00,0.000000E+00,0.000000E+00,0.000000E+00,0.000000E+00,0.000000E+00,2.110805E+01,7.993954E+01,2.388817E+01,5.950351E+01
20:58:00,8.007903E+03,1.485134E+03,5.575740E-01,1.311588E-01,0.000000E+00,0.000000E+00,0.000000E+00,0.000000E+00,0.000000E+00,0.000000E+00,0.000000E+00,0.000000E+00,2.110805E+01,7.993954E+01,2.388817E+01,5.952539E+01
20:59:00,8.007903E+03,1.481899E+03,5.575740E-01,1.308731E-01,0.000000E+00,0.000000E+00,0.000000E+00,0.000000E+00,0.000000E+00,0.000000E+00,0.000000E+00,0.000000E+00,2.110805E+01,7.993954E+01,2.388817E+01,5.954731E+01
21:00:00,8.007903E+03,1.478671E+03,5.575740E-01,1.305880E-01,0.000000E+00,0.000000E+00,0.000000E+00,0.000000E+00,0.000000E+00,0.000000E+00,0.000000E+00,0.000000E+00,2.110805E+01,7.993954E+01,2.388817E+01,5.956925E+01
21:01:00,8.007903E+03,1.475444E+03,5.575740E-01,1.303031E-01,0.000000E+00,0.000000E+00,0.000000E+00,0.000000E+00,0.000000E+00,0.000000E+00,0.000000E+00,0.000000E+00,2.110805E+01,7.993954E+01,2.388817E+01,5.959122E+01
21:02:00,8.007903E+03,1.472219E+03,5.575740E-01,1.300182E-01,0.000000E+00,0.000000E+00,0.000000E+00,0.000000E+00,0.000000E+00,0.000000E+00,0.000000E+00,0.000000E+00,2.110805E+01,7.993954E+01,2.388817E+01,5.961321E+01
21:03:00,8.007903E+03,1.468995E+03,5.575740E-01,1.297335E-01,0.000000E+00,0.000000E+00,0.000000E+00,0.000000E+00,0.000000E+00,0.000000E+00,0.000000E+00,0.000000E+00,2.110805E+01,7.993954E+01,2.388817E+01,5.963523E+01
21:04:00,8.007903E+03,1.465773E+03,5.575740E-01,1.294489E-01,0.000000E+00,0.000000E+00,0.000000E+00,0.000000E+00,0.000000E+00,0.000000E+00,0.000000E+00,0.000000E+00,2.110805E+01,7.993954E+01,2.388817E+01,5.965728E+01
21:05:00,8.007903E+03,1.462552E+03,5.575740E-01,1.291644E-01,0.000000E+00,0.000000E+00,0.000000E+00,0.000000E+00,0.000000E+00,0.000000E+00,0.000000E+00,0.000000E+00,2.110805E+01,7.993954E+01,2.388817E+01,5.967936E+01
21:06:00,8.007903E+03,1.459333E+03,5.575740E-01,1.288801E-01,0.000000E+00,0.000000E+00,0.000000E+00,0.000000E+00,0.000000E+00,0.000000E+00,0.000000E+00,0.000000E+00,2.110805E+01,7.993954E+01,2.388817E+01,5.970147E+01
21:07:00,8.007903E+03,1.456116E+03,5.575740E-01,1.285960E-01,0.000000E+00,0.000000E+00,0.000000E+00,0.000000E+00,0.000000E+00,0.000000E+00,0.000000E+00,0.000000E+00,2.110805E+01,7.993954E+01,2.388817E+01,5.972360E+01
21:08:00,8.007903E+03,1.452900E+03,5.575740E-01,1.283120E-01,0.000000E+00,0.000000E+00,0.000000E+00,0.000000E+00,0.000000E+00,0.000000E+00,0.000000E+00,0.000000E+00,2.110805E+01,7.993954E+01,2.388818E+01,5.974576E+01
21:09:00,8.007903E+03,1.449686E+03,5.575740E-01,1.280282E-01,0.000000E+00,0.000000E+00,0.000000E+00,0.000000E+00,0.000000E+00,0.000000E+00,0.000000E+00,0.000000E+00,2.110805E+01,7.993954E+01,2.388818E+01,5.976794E+01
21:10:00,8.007903E+03,1.446475E+03,5.575740E-01,1.277445E-01,0.000000E+00,0.000000E+00,0.000000E+00,0.000000E+00,0.000000E+00,0.000000E+00,0.000000E+00,0.000000E+00,2.110805E+01,7.993954E+01,2.388818E+01,5.979015E+01
21:11:00,8.007903E+03,1.443265E+03,5.575740E-01,1.274610E-01,0.000000E+00,0.000000E+00,0.000000E+00,0.000000E+00,0.000000E+00,0.000000E+00,0.000000E+00,0.000000E+00,2.110805E+01,7.993954E+01,2.388818E+01,5.981240E+01
21:12:00,8.007903E+03,1.440057E+03,5.575740E-01,1.271778E-01,0.000000E+00,0.000000E+00,0.000000E+00,0.000000E+00,0.000000E+00,0.000000E+00,0.000000E+00,0.000000E+00,2.110805E+01,7.993954E+01,2.388818E+01,5.983467E+01
21:13:00,8.007903E+03,1.436852E+03,5.575740E-01,1.268946E-01,0.000000E+00,0.000000E+00,0.000000E+00,0.000000E+00,0.000000E+00,0.000000E+00,0.000000E+00,0.000000E+00,2.110805E+01,7.993954E+01,2.388818E+01,5.985696E+01
21:14:00,8.007903E+03,1.433648E+03,5.575740E-01,1.266117E-01,0.000000E+00,0.000000E+00,0.000000E+00,0.000000E+00,0.000000E+00,0.000000E+00,0.000000E+00,0.000000E+00,2.110805E+01,7.993954E+01,2.388818E+01,5.987929E+01
21:15:00,8.007903E+03,1.430447E+03,5.575740E-01,1.263290E-01,0.000000E+00,0.000000E+00,0.000000E+00,0.000000E+00,0.000000E+00,0.000000E+00,0.000000E+00,0.000000E+00,2.110805E+01,7.993954E+01,2.388818E+01,5.990164E+01
21:16:00,8.007903E+03,1.427248E+03,5.575740E-01,1.260465E-01,0.000000E+00,0.000000E+00,0.000000E+00,0.000000E+00,0.000000E+00,0.000000E+00,0.000000E+00,0.000000E+00,2.110805E+01,7.993954E+01,2.388818E+01,5.992401E+01
21:17:00,8.007903E+03,1.424051E+03,5.575740E-01,1.257642E-01,0.000000E+00,0.000000E+00,0.000000E+00,0.000000E+00,0.000000E+00,0.000000E+00,0.000000E+00,0.000000E+00,2.110805E+01,7.993954E+01,2.388818E+01,5.994642E+01
21:18:00,8.007903E+03,1.420857E+03,5.575740E-01,1.254820E-01,0.000000E+00,0.000000E+00,0.000000E+00,0.000000E+00,0.000000E+00,0.000000E+00,0.000000E+00,0.000000E+00,2.110805E+01,7.993954E+01,2.388818E+01,5.996886E+01
21:19:00,8.007903E+03,1.417665E+03,5.575740E-01,1.252002E-01,0.000000E+00,0.000000E+00,0.000000E+00,0.000000E+00,0.000000E+00,0.000000E+00,0.000000E+00,0.000000E+00,2.110805E+01,7.993954E+01,2.388818E+01,5.999132E+01
21:20:00,8.007903E+03,1.414476E+03,5.575740E-01,1.249185E-01,0.000000E+00,0.000000E+00,0.000000E+00,0.000000E+00,0.000000E+00,0.000000E+00,0.000000E+00,0.000000E+00,2.110805E+01,7.993954E+01,2.388819E+01,6.001380E+01
21:21:00,8.007903E+03,1.411289E+03,5.575740E-01,1.246370E-01,0.000000E+00,0.000000E+00,0.000000E+00,0.000000E+00,0.000000E+00,0.000000E+00,0.000000E+00,0.000000E+00,2.110805E+01,7.993954E+01,2.388819E+01,6.003632E+01
21:22:00,8.007903E+03,1.408105E+03,5.575740E-01,1.243558E-01,0.000000E+00,0.000000E+00,0.000000E+00,0.000000E+00,0.000000E+00,0.000000E+00,0.000000E+00,0.000000E+00,2.110805E+01,7.993954E+01,2.388819E+01,6.005886E+01
21:23:00,8.007903E+03,1.404923E+03,5.575740E-01,1.240748E-01,0.000000E+00,0.000000E+00,0.000000E+00,0.000000E+00,0.000000E+00,0.000000E+00,0.000000E+00,0.000000E+00,2.110805E+01,7.993954E+01,2.388819E+01,6.008143E+01
21:24:00,8.007903E+03,1.401744E+03,5.575740E-01,1.237941E-01,0.000000E+00,0.000000E+00,0.000000E+00,0.000000E+00,0.000000E+00,0.000000E+00,0.000000E+00,0.000000E+00,2.110805E+01,7.993954E+01,2.388819E+01,6.010402E+01
21:25:00,8.007903E+03,1.398568E+03,5.575740E-01,1.235135E-01,0.000000E+00,0.000000E+00,0.000000E+00,0.000000E+00,0.000000E+00,0.000000E+00,0.000000E+00,0.000000E+00,2.110805E+01,7.993954E+01,2.388819E+01,6.012665E+01
21:26:00,8.007903E+03,1.395395E+03,5.575740E-01,1.232333E-01,0.000000E+00,0.000000E+00,0.000000E+00,0.000000E+00,0.000000E+00,0.000000E+00,0.000000E+00,0.000000E+00,2.110805E+01,7.993954E+01,2.388819E+01,6.014930E+01
21:27:00,8.007903E+03,1.392224E+03,5.575740E-01,1.229533E-01,0.000000E+00,0.000000E+00,0.000000E+00,0.000000E+00,0.000000E+00,0.000000E+00,0.000000E+00,0.000000E+00,2.110805E+01,7.993954E+01,2.388819E+01,6.017197E+01
21:28:00,8.007903E+03,1.389056E+03,5.575740E-01,1.226735E-01,0.000000E+00,0.000000E+00,0.000000E+00,0.000000E+00,0.000000E+00,0.000000E+00,0.000000E+00,0.000000E+00,2.110805E+01,7.993954E+01,2.388819E+01,6.019467E+01
21:29:00,8.007903E+03,1.385891E+03,5.575740E-01,1.223940E-01,0.000000E+00,0.000000E+00,0.000000E+00,0.000000E+00,0.000000E+00,0.000000E+00,0.000000E+00,0.000000E+00,2.110805E+01,7.993954E+01,2.388819E+01,6.021740E+01
21:30:00,8.007903E+03,1.382729E+03,5.575740E-01,1.221147E-01,0.000000E+00,0.000000E+00,0.000000E+00,0.000000E+00,0.000000E+00,0.000000E+00,0.000000E+00,0.000000E+00,2.110805E+01,7.993954E+01,2.388819E+01,6.024016E+01
21:31:00,8.007903E+03,1.379571E+03,5.575740E-01,1.218358E-01,0.000000E+00,0.000000E+00,0.000000E+00,0.000000E+00,0.000000E+00,0.000000E+00,0.000000E+00,0.000000E+00,2.110805E+01,7.993954E+01,2.388819E+01,6.026295E+01
21:32:00,8.007903E+03,1.376415E+03,5.575740E-01,1.215570E-01,0.000000E+00,0.000000E+00,0.000000E+00,0.000000E+00,0.000000E+00,0.000000E+00,0.000000E+00,0.000000E+00,2.110805E+01,7.993954E+01,2.388819E+01,6.028575E+01
21:33:00,8.007903E+03,1.373262E+03,5.575740E-01,1.212786E-01,0.000000E+00,0.000000E+00,0.000000E+00,0.000000E+00,0.000000E+00,0.000000E+00,0.000000E+00,0.000000E+00,2.110805E+01,7.993954E+01,2.388820E+01,6.030859E+01
21:34:00,8.007903E+03,1.370112E+03,5.575740E-01,1.210004E-01,0.000000E+00,0.000000E+00,0.000000E+00,0.000000E+00,0.000000E+00,0.000000E+00,0.000000E+00,0.000000E+00,2.110805E+01,7.993954E+01,2.388820E+01,6.033145E+01
21:35:00,8.007903E+03,1.366966E+03,5.575740E-01,1.207225E-01,0.000000E+00,0.000000E+00,0.000000E+00,0.000000E+00,0.000000E+00,0.000000E+00,0.000000E+00,0.000000E+00,2.110805E+01,7.993954E+01,2.388820E+01,6.035434E+01
21:36:00,8.007903E+03,1.363822E+03,5.575740E-01,1.204449E-01,0.000000E+00,0.000000E+00,0.000000E+00,0.000000E+00,0.000000E+00,0.000000E+00,0.000000E+00,0.000000E+00,2.110805E+01,7.993954E+01,2.388820E+01,6.037725E+01
21:37:00,8.007903E+03,1.360682E+03,5.575740E-01,1.201676E-01,0.000000E+00,0.000000E+00,0.000000E+00,0.000000E+00,0.000000E+00,0.000000E+00,0.000000E+00,0.000000E+00,2.110805E+01,7.993954E+01,2.388820E+01,6.040019E+01
21:38:00,8.007903E+03,1.357545E+03,5.575740E-01,1.198905E-01,0.000000E+00,0.000000E+00,0.000000E+00,0.000000E+00,0.000000E+00,0.000000E+00,0.000000E+00,0.000000E+00,2.110805E+01,7.993954E+01,2.388820E+01,6.042316E+01
21:39:00,8.007903E+03,1.354412E+03,5.575740E-01,1.196138E-01,0.000000E+00,0.000000E+00,0.000000E+00,0.000000E+00,0.000000E+00,0.000000E+00,0.000000E+00,0.000000E+00,2.110805E+01,7.993954E+01,2.388820E+01,6.044615E+01
21:40:00,8.007903E+03,1.351281E+03,5.575740E-01,1.193373E-01,0.000000E+00,0.000000E+00,0.000000E+00,0.000000E+00,0.000000E+00,0.000000E+00,0.000000E+00,0.000000E+00,2.110805E+01,7.993954E+01,2.388820E+01,6.046917E+01
21:41:00,8.007903E+03,1.348154E+03,5.575740E-01,1.190612E-01,0.000000E+00,0.000000E+00,0.000000E+00,0.000000E+00,0.000000E+00,0.000000E+00,0.000000E+00,0.000000E+00,2.110805E+01,7.993954E+01,2.388820E+01,6.049221E+01
21:42:00,8.007903E+03,1.345031E+03,5.575740E-01,1.187853E-01,0.000000E+00,0.000000E+00,0.000000E+00,0.000000E+00,0.000000E+00,0.000000E+00,0.000000E+00,0.000000E+00,2.110805E+01,7.993954E+01,2.388820E+01,6.051528E+01
21:43:00,8.007903E+03,1.341911E+03,5.575740E-01,1.185097E-01,0.000000E+00,0.000000E+00,0.000000E+00,0.000000E+00,0.000000E+00,0.000000E+00,0.000000E+00,0.000000E+00,2.110805E+01,7.993954E+01,2.388820E+01,6.053837E+01
21:44:00,8.007903E+03,1.338794E+03,5.575740E-01,1.182345E-01,0.000000E+00,0.000000E+00,0.000000E+00,0.000000E+00,0.000000E+00,0.000000E+00,0.000000E+00,0.000000E+00,2.110805E+01,7.993954E+01,2.388820E+01,6.056149E+01
21:45:00,8.007903E+03,1.335681E+03,5.575740E-01,1.179595E-01,0.000000E+00,0.000000E+00,0.000000E+00,0.000000E+00,0.000000E+00,0.000000E+00,0.000000E+00,0.000000E+00,2.110805E+01,7.993954E+01,2.388821E+01,6.058463E+01
21:46:00,8.007903E+03,1.332571E+03,5.575740E-01,1.176849E-01,0.000000E+00,0.000000E+00,0.000000E+00,0.000000E+00,0.000000E+00,0.000000E+00,0.000000E+00,0.000000E+00,2.110805E+01,7.993954E+01,2.388821E+01,6.060780E+01
21:47:00,8.007903E+03,1.329465E+03,5.575740E-01,1.174105E-01,0.000000E+00,0.000000E+00,0.000000E+00,0.000000E+00,0.000000E+00,0.000000E+00,0.000000E+00,0.000000E+00,2.110805E+01,7.993954E+01,2.388821E+01,6.063100E+01
21:48:00,8.007903E+03,1.326362E+03,5.575740E-01,1.171365E-01,0.000000E+00,0.000000E+00,0.000000E+00,0.000000E+00,0.000000E+00,0.000000E+00,0.000000E+00,0.000000E+00,2.110805E+01,7.993954E+01,2.388821E+01,6.065422E+01
21:49:00,8.007903E+03,1.323263E+03,5.575740E-01,1.168628E-01,0.000000E+00,0.000000E+00,0.000000E+00,0.000000E+00,0.000000E+00,0.000000E+00,0.000000E+00,0.000000E+00,2.110805E+01,7.993954E+01,2.388821E+01,6.067746E+01
21:50:00,8.007903E+03,1.320167E+03,5.575740E-01,1.165894E-01,0.000000E+00,0.000000E+00,0.000000E+00,0.000000E+00,0.000000E+00,0.000000E+00,0.000000E+00,0.000000E+00,2.110805E+01,7.993954E+01,2.388821E+01,6.070073E+01
21:51:00,8.007903E+03,1.317075E+03,5.575740E-01,1.163164E-01,0.000000E+00,0.000000E+00,0.000000E+00,0.000000E+00,0.000000E+00,0.000000E+00,0.000000E+00,0.000000E+00,2.110805E+01,7.993954E+01,2.388821E+01,6.072402E+01
21:52:00,8.007903E+03,1.313987E+03,5.575740E-01,1.160436E-01,0.000000E+00,0.000000E+00,0.000000E+00,0.000000E+00,0.000000E+00,0.000000E+00,0.000000E+00,0.000000E+00,2.110805E+01,7.993954E+01,2.388821E+01,6.074734E+01
21:53:00,8.007903E+03,1.310902E+03,5.575740E-01,1.157712E-01,0.000000E+00,0.000000E+00,0.000000E+00,0.000000E+00,0.000000E+00,0.000000E+00,0.000000E+00,0.000000E+00,2.110805E+01,7.993954E+01,2.388821E+01,6.077069E+01
21:54:00,8.007903E+03,1.307821E+03,5.575740E-01,1.154991E-01,0.000000E+00,0.000000E+00,0.000000E+00,0.000000E+00,0.000000E+00,0.000000E+00,0.000000E+00,0.000000E+00,2.110805E+01,7.993954E+01,2.388821E+01,6.079405E+01
21:55:00,8.007903E+03,1.304744E+03,5.575740E-01,1.152273E-01,0.000000E+00,0.000000E+00,0.000000E+00,0.000000E+00,0.000000E+00,0.000000E+00,0.000000E+00,0.000000E+00,2.110805E+01,7.993954E+01,2.388821E+01,6.081744E+01
21:56:00,8.007903E+03,1.301671E+03,5.575740E-01,1.149559E-01,0.000000E+00,0.000000E+00,0.000000E+00,0.000000E+00,0.000000E+00,0.000000E+00,0.000000E+00,0.000000E+00,2.110805E+01,7.993954E+01,2.388821E+01,6.084086E+01
21:57:00,8.007903E+03,1.298601E+03,5.575740E-01,1.146848E-01,0.000000E+00,0.000000E+00,0.000000E+00,0.000000E+00,0.000000E+00,0.000000E+00,0.000000E+00,0.000000E+00,2.110805E+01,7.993954E+01,2.388822E+01,6.086430E+01
21:58:00,8.007903E+03,1.295535E+03,5.575740E-01,1.144140E-01,0.000000E+00,0.000000E+00,0.000000E+00,0.000000E+00,0.000000E+00,0.000000E+00,0.000000E+00,0.000000E+00,2.110805E+01,7.993954E+01,2.388822E+01,6.088777E+01
21:59:00,8.007903E+03,1.292473E+03,5.575740E-01,1.141436E-01,0.000000E+00,0.000000E+00,0.000000E+00,0.000000E+00,0.000000E+00,0.000000E+00,0.000000E+00,0.000000E+00,2.110805E+01,7.993954E+01,2.388822E+01,6.091125E+01
22:00:00,8.007903E+03,1.289414E+03,5.575740E-01,1.138734E-01,0.000000E+00,0.000000E+00,0.000000E+00,0.000000E+00,0.000000E+00,0.000000E+00,0.000000E+00,0.000000E+00,2.110805E+01,7.993954E+01,2.388822E+01,6.093477E+01
22:01:00,8.007903E+03,1.286366E+03,5.575740E-01,1.136042E-01,0.000000E+00,0.000000E+00,0.000000E+00,0.000000E+00,0.000000E+00,0.000000E+00,0.000000E+00,0.000000E+00,2.110805E+01,7.993954E+01,2.388822E+01,6.095831E+01
22:02:00,8.007903E+03,1.283326E+03,5.575740E-01,1.133357E-01,0.000000E+00,0.000000E+00,0.000000E+00,0.000000E+00,0.000000E+00,0.000000E+00,0.000000E+00,0.000000E+00,2.110805E+01,7.993954E+01,2.388822E+01,6.098182E+01
22:03:00,8.007903E+03,1.280296E+03,5.575740E-01,1.130681E-01,0.000000E+00,0.000000E+00,0.000000E+00,0.000000E+00,0.000000E+00,0.000000E+00,0.000000E+00,0.000000E+00,2.110805E+01,7.993954E+01,2.388822E+01,6.100527E+01
22:04:00,8.007903E+03,1.277276E+03,5.575740E-01,1.128014E-01,0.000000E+00,0.000000E+00,0.000000E+00,0.000000E+00,0.000000E+00,0.000000E+00,0.000000E+00,0.000000E+00,2.110805E+01,7.993954E+01,2.388822E+01,6.102866E+01
22:05:00,8.007903E+03,1.274265E+03,5.575740E-01,1.125355E-01,0.000000E+00,0.000000E+00,0.000000E+00,0.000000E+00,0.000000E+00,0.000000E+00,0.000000E+00,0.000000E+00,2.110805E+01,7.993954E+01,2.388822E+01,6.105197E+01
22:06:00,8.007903E+03,1.271263E+03,5.575740E-01,1.122704E-01,0.000000E+00,0.000000E+00,0.000000E+00,0.000000E+00,0.000000E+00,0.000000E+00,0.000000E+00,0.000000E+00,2.110805E+01,7.993954E+01,2.388822E+01,6.107523E+01
22:07:00,8.007903E+03,1.268272E+03,5.575740E-01,1.120062E-01,0.000000E+00,0.000000E+00,0.000000E+00,0.000000E+00,0.000000E+00,0.000000E+00,0.000000E+00,0.000000E+00,2.110805E+01,7.993954E+01,2.388822E+01,6.109843E+01
22:08:00,8.007903E+03,1.265289E+03,5.575740E-01,1.117428E-01,0.000000E+00,0.000000E+00,0.000000E+00,0.000000E+00,0.000000E+00,0.000000E+00,0.000000E+00,0.000000E+00,2.110805E+01,7.993954E+01,2.388822E+01,6.112157E+01
22:09:00,8.007903E+03,1.262316E+03,5.575740E-01,1.114802E-01,0.000000E+00,0.000000E+00,0.000000E+00,0.000000E+00,0.000000E+00,0.000000E+00,0.000000E+00,0.000000E+00,2.110805E+01,7.993954E+01,2.388822E+01,6.114466E+01
22:10:00,8.007903E+03,1.259353E+03,5.575740E-01,1.112185E-01,0.000000E+00,0.000000E+00,0.000000E+00,0.000000E+00,0.000000E+00,0.000000E+00,0.000000E+00,0.000000E+00,2.110805E+01,7.993954E+01,2.388822E+01,6.116770E+01
22:11:00,8.007903E+03,1.256400E+03,5.575740E-01,1.109577E-01,0.000000E+00,0.000000E+00,0.000000E+00,0.000000E+00,0.000000E+00,0.000000E+00,0.000000E+00,0.000000E+00,2.110805E+01,7.993954E+01,2.388823E+01,6.119070E+01
22:12:00,8.007903E+03,1.253456E+03,5.575740E-01,1.106977E-01,0.000000E+00,0.000000E+00,0.000000E+00,0.000000E+00,0.000000E+00,0.000000E+00,0.000000E+00,0.000000E+00,2.110805E+01,7.993954E+01,2.388823E+01,6.121364E+01
22:13:00,8.007903E+03,1.250521E+03,5.575740E-01,1.104385E-01,0.000000E+00,0.000000E+00,0.000000E+00,0.000000E+00,0.000000E+00,0.000000E+00,0.000000E+00,0.000000E+00,2.110805E+01,7.993954E+01,2.388823E+01,6.123654E+01
22:14:00,8.007903E+03,1.247597E+03,5.575740E-01,1.101802E-01,0.000000E+00,0.000000E+00,0.000000E+00,0.000000E+00,0.000000E+00,0.000000E+00,0.000000E+00,0.000000E+00,2.110805E+01,7.993954E+01,2.388823E+01,6.125939E+01
22:15:00,8.007903E+03,1.244682E+03,5.575740E-01,1.099228E-01,0.000000E+00,0.000000E+00,0.000000E+00,0.000000E+00,0.000000E+00,0.000000E+00,0.000000E+00,0.000000E+00,2.110805E+01,7.993954E+01,2.388823E+01,6.128221E+01
22:16:00,8.007903E+03,1.241776E+03,5.575740E-01,1.096662E-01,0.000000E+00,0.000000E+00,0.000000E+00,0.000000E+00,0.000000E+00,0.000000E+00,0.000000E+00,0.000000E+00,2.110805E+01,7.993954E+01,2.388823E+01,6.130498E+01
22:17:00,8.007903E+03,1.238880E+03,5.575740E-01,1.094104E-01,0.000000E+00,0.000000E+00,0.000000E+00,0.000000E+00,0.000000E+00,0.000000E+00,0.000000E+00,0.000000E+00,2.110805E+01,7.993954E+01,2.388823E+01,6.132772E+01
22:18:00,8.007903E+03,1.235994E+03,5.575740E-01,1.091555E-01,0.000000E+00,0.000000E+00,0.000000E+00,0.000000E+00,0.000000E+00,0.000000E+00,0.000000E+00,0.000000E+00,2.110805E+01,7.993954E+01,2.388823E+01,6.135042E+01
22:19:00,8.007903E+03,1.233118E+03,5.575740E-01,1.089015E-01,0.000000E+00,0.000000E+00,0.000000E+00,0.000000E+00,0.000000E+00,0.000000E+00,0.000000E+00,0.000000E+00,2.110805E+01,7.993954E+01,2.388823E+01,6.137309E+01
22:20:00,8.007903E+03,1.230251E+03,5.575740E-01,1.086483E-01,0.000000E+00,0.000000E+00,0.000000E+00,0.000000E+00,0.000000E+00,0.000000E+00,0.000000E+00,0.000000E+00,2.110805E+01,7.993954E+01,2.388823E+01,6.139572E+01
22:21:00,8.007903E+03,1.227394E+03,5.575740E-01,1.083960E-01,0.000000E+00,0.000000E+00,0.000000E+00,0.000000E+00,0.000000E+00,0.000000E+00,0.000000E+00,0.000000E+00,2.110805E+01,7.993954E+01,2.388823E+01,6.141832E+01
22:22:00,8.007903E+03,1.224546E+03,5.575740E-01,1.081445E-01,0.000000E+00,0.000000E+00,0.000000E+00,0.000000E+00,0.000000E+00,0.000000E+00,0.000000E+00,0.000000E+00,2.110805E+01,7.993954E+01,2.388823E+01,6.144090E+01
22:23:00,8.007903E+03,1.221708E+03,5.575740E-01,1.078939E-01,0.000000E+00,0.000000E+00,0.000000E+00,0.000000E+00,0.000000E+00,0.000000E+00,0.000000E+00,0.000000E+00,2.110805E+01,7.993954E+01,2.388823E+01,6.146344E+01
22:24:00,8.007903E+03,1.218880E+03,5.575740E-01,1.076441E-01,0.000000E+00,0.000000E+00,0.000000E+00,0.000000E+00,0.000000E+00,0.000000E+00,0.000000E+00,0.000000E+00,2.110805E+01,7.993954E+01,2.388823E+01,6.148595E+01
22:25:00,8.007903E+03,1.216062E+03,5.575740E-01,1.073952E-01,0.000000E+00,0.000000E+00,0.000000E+00,0.000000E+00,0.000000E+00,0.000000E+00,0.000000E+00,0.000000E+00,2.110805E+01,7.993954E+01,2.388824E+01,6.150844E+01
22:26:00,8.007903E+03,1.213253E+03,5.575740E-01,1.071471E-01,0.000000E+00,0.000000E+00,0.000000E+00,0.000000E+00,0.000000E+00,0.000000E+00,0.000000E+00,0.000000E+00,2.110805E+01,7.993954E+01,2.388824E+01,6.153090E+01
22:27:00,8.007903E+03,1.210454E+03,5.575740E-01,1.069000E-01,0.000000E+00,0.000000E+00,0.000000E+00,0.000000E+00,0.000000E+00,0.000000E+00,0.000000E+00,0.000000E+00,2.110805E+01,7.993954E+01,2.388824E+01,6.155334E+01
22:28:00,8.007903E+03,1.207665E+03,5.575740E-01,1.066536E-01,0.000000E+00,0.000000E+00,0.000000E+00,0.000000E+00,0.000000E+00,0.000000E+00,0.000000E+00,0.000000E+00,2.110805E+01,7.993954E+01,2.388824E+01,6.157575E+01
22:29:00,8.007903E+03,1.204886E+03,5.575740E-01,1.064081E-01,0.000000E+00,0.000000E+00,0.000000E+00,0.000000E+00,0.000000E+00,0.000000E+00,0.000000E+00,0.000000E+00,2.110805E+01,7.993954E+01,2.388824E+01,6.159815E+01
22:30:00,8.007903E+03,1.202116E+03,5.575740E-01,1.061635E-01,0.000000E+00,0.000000E+00,0.000000E+00,0.000000E+00,0.000000E+00,0.000000E+00,0.000000E+00,0.000000E+00,2.110805E+01,7.993954E+01,2.388824E+01,6.162052E+01
22:31:00,8.007903E+03,1.199356E+03,5.575740E-01,1.059198E-01,0.000000E+00,0.000000E+00,0.000000E+00,0.000000E+00,0.000000E+00,0.000000E+00,0.000000E+00,0.000000E+00,2.110805E+01,7.993954E+01,2.388824E+01,6.164287E+01
22:32:00,8.007903E+03,1.196605E+03,5.575740E-01,1.056768E-01,0.000000E+00,0.000000E+00,0.000000E+00,0.000000E+00,0.000000E+00,0.000000E+00,0.000000E+00,0.000000E+00,2.110805E+01,7.993954E+01,2.388824E+01,6.166521E+01
22:33:00,8.007903E+03,1.193865E+03,5.575740E-01,1.054348E-01,0.000000E+00,0.000000E+00,0.000000E+00,0.000000E+00,0.000000E+00,0.000000E+00,0.000000E+00,0.000000E+00,2.110805E+01,7.993954E+01,2.388824E+01,6.168752E+01
22:34:00,8.007903E+03,1.191134E+03,5.575740E-01,1.051936E-01,0.000000E+00,0.000000E+00,0.000000E+00,0.000000E+00,0.000000E+00,0.000000E+00,0.000000E+00,0.000000E+00,2.110805E+01,7.993954E+01,2.388824E+01,6.170982E+01
22:35:00,8.007903E+03,1.188412E+03,5.575740E-01,1.049533E-01,0.000000E+00,0.000000E+00,0.000000E+00,0.000000E+00,0.000000E+00,0.000000E+00,0.000000E+00,0.000000E+00,2.110805E+01,7.993954E+01,2.388824E+01,6.173211E+01
22:36:00,8.007903E+03,1.185701E+03,5.575740E-01,1.047138E-01,0.000000E+00,0.000000E+00,0.000000E+00,0.000000E+00,0.000000E+00,0.000000E+00,0.000000E+00,0.000000E+00,2.110805E+01,7.993954E+01,2.388824E+01,6.175437E+01
22:37:00,8.007903E+03,1.182999E+03,5.575740E-01,1.044752E-01,0.000000E+00,0.000000E+00,0.000000E+00,0.000000E+00,0.000000E+00,0.000000E+00,0.000000E+00,0.000000E+00,2.110805E+01,7.993954E+01,2.388824E+01,6.177663E+01
22:38:00,8.007903E+03,1.180307E+03,5.575740E-01,1.042374E-01,0.000000E+00,0.000000E+00,0.000000E+00,0.000000E+00,0.000000E+00,0.000000E+00,0.000000E+00,0.000000E+00,2.110805E+01,7.993954E+01,2.388824E+01,6.179887E+01
22:39:00,8.007903E+03,1.177625E+03,5.575740E-01,1.040006E-01,0.000000E+00,0.000000E+00,0.000000E+00,0.000000E+00,0.000000E+00,0.000000E+00,0.000000E+00,0.000000E+00,2.110805E+01,7.993954E+01,2.388825E+01,6.182109E+01
22:40:00,8.007903E+03,1.174952E+03,5.575740E-01,1.037645E-01,0.000000E+00,0.000000E+00,0.000000E+00,0.000000E+00,0.000000E+00,0.000000E+00,0.000000E+00,0.000000E+00,2.110805E+01,7.993954E+01,2.388825E+01,6.184331E+01
22:41:00,8.007903E+03,1.172289E+03,5.575740E-01,1.035293E-01,0.000000E+00,0.000000E+00,0.000000E+00,0.000000E+00,0.000000E+00,0.000000E+00,0.000000E+00,0.000000E+00,2.110805E+01,7.993954E+01,2.388825E+01,6.186551E+01
22:42:00,8.007903E+03,1.169636E+03,5.575740E-01,1.032950E-01,0.000000E+00,0.000000E+00,0.000000E+00,0.000000E+00,0.000000E+00,0.000000E+00,0.000000E+00,0.000000E+00,2.110805E+01,7.993954E+01,2.388825E+01,6.188770E+01
22:43:00,8.007903E+03,1.166993E+03,5.575740E-01,1.030616E-01,0.000000E+00,0.000000E+00,0.000000E+00,0.000000E+00,0.000000E+00,0.000000E+00,0.000000E+00,0.000000E+00,2.110805E+01,7.993954E+01,2.388825E+01,6.190988E+01
22:44:00,8.007903E+03,1.164359E+03,5.575740E-01,1.028290E-01,0.000000E+00,0.000000E+00,0.000000E+00,0.000000E+00,0.000000E+00,0.000000E+00,0.000000E+00,0.000000E+00,2.110805E+01,7.993954E+01,2.388825E+01,6.193205E+01
22:45:00,8.007903E+03,1.161735E+03,5.575740E-01,1.025972E-01,0.000000E+00,0.000000E+00,0.000000E+00,0.000000E+00,0.000000E+00,0.000000E+00,0.000000E+00,0.000000E+00,2.110805E+01,7.993954E+01,2.388825E+01,6.195422E+01
22:46:00,8.007903E+03,1.159120E+03,5.575740E-01,1.023663E-01,0.000000E+00,0.000000E+00,0.000000E+00,0.000000E+00,0.000000E+00,0.000000E+00,0.000000E+00,0.000000E+00,2.110805E+01,7.993954E+01,2.388825E+01,6.197637E+01
22:47:00,8.007903E+03,1.156516E+03,5.575740E-01,1.021363E-01,0.000000E+00,0.000000E+00,0.000000E+00,0.000000E+00,0.000000E+00,0.000000E+00,0.000000E+00,0.000000E+00,2.110805E+01,7.993954E+01,2.388825E+01,6.199852E+01
22:48:00,8.007903E+03,1.153921E+03,5.575740E-01,1.019071E-01,0.000000E+00,0.000000E+00,0.000000E+00,0.000000E+00,0.000000E+00,0.000000E+00,0.000000E+00,0.000000E+00,2.110805E+01,7.993954E+01,2.388825E+01,6.202066E+01
22:49:00,8.007903E+03,1.151336E+03,5.575740E-01,1.016788E-01,0.000000E+00,0.000000E+00,0.000000E+00,0.000000E+00,0.000000E+00,0.000000E+00,0.000000E+00,0.000000E+00,2.110805E+01,7.993954E+01,2.388825E+01,6.204279E+01
22:50:00,8.007903E+03,1.148760E+03,5.575740E-01,1.014513E-01,0.000000E+00,0.000000E+00,0.000000E+00,0.000000E+00,0.000000E+00,0.000000E+00,0.000000E+00,0.000000E+00,2.110805E+01,7.993954E+01,2.388825E+01,6.206492E+01
22:51:00,8.007903E+03,1.146194E+03,5.575740E-01,1.012247E-01,0.000000E+00,0.000000E+00,0.000000E+00,0.000000E+00,0.000000E+00,0.000000E+00,0.000000E+00,0.000000E+00,2.110805E+01,7.993954E+01,2.388825E+01,6.208704E+01
22:52:00,8.007903E+03,1.143638E+03,5.575740E-01,1.009990E-01,0.000000E+00,0.000000E+00,0.000000E+00,0.000000E+00,0.000000E+00,0.000000E+00,0.000000E+00,0.000000E+00,2.110805E+01,7.993954E+01,2.388825E+01,6.210916E+01
22:53:00,8.007903E+03,1.141092E+03,5.575740E-01,1.007741E-01,0.000000E+00,0.000000E+00,0.000000E+00,0.000000E+00,0.000000E+00,0.000000E+00,0.000000E+00,0.000000E+00,2.110805E+01,7.993954E+01,2.388826E+01,6.213127E+01
22:54:00,8.007903E+03,1.138555E+03,5.575740E-01,1.005500E-01,0.000000E+00,0.000000E+00,0.000000E+00,0.000000E+00,0.000000E+00,0.000000E+00,0.000000E+00,0.000000E+00,2.110805E+01,7.993954E+01,2.388826E+01,6.215337E+01
22:55:00,8.007903E+03,1.136028E+03,5.575740E-01,1.003269E-01,0.000000E+00,0.000000E+00,0.000000E+00,0.000000E+00,0.000000E+00,0.000000E+00,0.000000E+00,0.000000E+00,2.110805E+01,7.993954E+01,2.388826E+01,6.217548E+01
22:56:00,8.007903E+03,1.133510E+03,5.575740E-01,1.001045E-01,0.000000E+00,0.000000E+00,0.000000E+00,0.000000E+00,0.000000E+00,0.000000E+00,0.000000E+00,0.000000E+00,2.110805E+01,7.993954E+01,2.388826E+01,6.219758E+01
22:57:00,8.007903E+03,1.131003E+03,5.575740E-01,9.988306E-02,0.000000E+00,0.000000E+00,0.000000E+00,0.000000E+00,0.000000E+00,0.000000E+00,0.000000E+00,0.000000E+00,2.110805E+01,7.993954E+01,2.388826E+01,6.221967E+01
22:58:00,8.007903E+03,1.128505E+03,5.575740E-01,9.966244E-02,0.000000E+00,0.000000E+00,0.000000E+00,0.000000E+00,0.000000E+00,0.000000E+00,0.000000E+00,0.000000E+00,2.110805E+01,7.993954E+01,2.388826E+01,6.224177E+01
22:59:00,8.007903E+03,1.126016E+03,5.575740E-01,9.944267E-02,0.000000E+00,0.000000E+00,0.000000E+00,0.000000E+00,0.000000E+00,0.000000E+00,0.000000E+00,0.000000E+00,2.110805E+01,7.993954E+01,2.388826E+01,6.226386E+01
23:00:00,8.007903E+03,1.123537E+03,5.575740E-01,9.922375E-02,0.000000E+00,0.000000E+00,0.000000E+00,0.000000E+00,0.000000E+00,0.000000E+00,0.000000E+00,0.000000E+00,2.110805E+01,7.993954E+01,2.388826E+01,6.228595E+01
23:01:00,8.007903E+03,1.121062E+03,5.575740E-01,9.900518E-02,0.000000E+00,0.000000E+00,0.000000E+00,0.000000E+00,0.000000E+00,0.000000E+00,0.000000E+00,0.000000E+00,2.110805E+01,7.993954E+01,2.388826E+01,6.230804E+01
23:02:00,8.007903E+03,1.118592E+03,5.575740E-01,9.878696E-02,0.000000E+00,0.000000E+00,0.000000E+00,0.000000E+00,0.000000E+00,0.000000E+00,0.000000E+00,0.000000E+00,2.110805E+01,7.993954E+01,2.388826E+01,6.233012E+01
23:03:00,8.007903E+03,1.116125E+03,5.575740E-01,9.856910E-02,0.000000E+00,0.000000E+00,0.000000E+00,0.000000E+00,0.000000E+00,0.000000E+00,0.000000E+00,0.000000E+00,2.110805E+01,7.993954E+01,2.388826E+01,6.235221E+01
23:04:00,8.007903E+03,1.113662E+03,5.575740E-01,9.835159E-02,0.000000E+00,0.000000E+00,0.000000E+00,0.000000E+00,0.000000E+00,0.000000E+00,0.000000E+00,0.000000E+00,2.110805E+01,7.993954E+01,2.388826E+01,6.237430E+01
23:05:00,8.007903E+03,1.111203E+03,5.575740E-01,9.813442E-02,0.000000E+00,0.000000E+00,0.000000E+00,0.000000E+00,0.000000E+00,0.000000E+00,0.000000E+00,0.000000E+00,2.110805E+01,7.993954E+01,2.388826E+01,6.239638E+01
23:06:00,8.007903E+03,1.108748E+03,5.575740E-01,9.791761E-02,0.000000E+00,0.000000E+00,0.000000E+00,0.000000E+00,0.000000E+00,0.000000E+00,0.000000E+00,0.000000E+00,2.110805E+01,7.993954E+01,2.388827E+01,6.241847E+01
23:07:00,8.007903E+03,1.106297E+03,5.575740E-01,9.770116E-02,0.000000E+00,0.000000E+00,0.000000E+00,0.000000E+00,0.000000E+00,0.000000E+00,0.000000E+00,0.000000E+00,2.110805E+01,7.993954E+01,2.388827E+01,6.244055E+01
23:08:00,8.007903E+03,1.103850E+03,5.575740E-01,9.748504E-02,0.000000E+00,0.000000E+00,0.000000E+00,0.000000E+00,0.000000E+00,0.000000E+00,0.000000E+00,0.000000E+00,2.110805E+01,7.993954E+01,2.388827E+01,6.246264E+01
23:09:00,8.007903E+03,1.101407E+03,5.575740E-01,9.726928E-02,0.000000E+00,0.000000E+00,0.000000E+00,0.000000E+00,0.000000E+00,0.000000E+00,0.000000E+00,0.000000E+00,2.110805E+01,7.993954E+01,2.388827E+01,6.248473E+01
23:10:00,8.007903E+03,1.098968E+03,5.575740E-01,9.705387E-02,0.000000E+00,0.000000E+00,0.000000E+00,0.000000E+00,0.000000E+00,0.000000E+00,0.000000E+00,0.000000E+00,2.110805E+01,7.993954E+01,2.388827E+01,6.250682E+01
23:11:00,8.007903E+03,1.096533E+03,5.575740E-01,9.683880E-02,0.000000E+00,0.000000E+00,0.000000E+00,0.000000E+00,0.000000E+00,0.000000E+00,0.000000E+00,0.000000E+00,2.110805E+01,7.993954E+01,2.388827E+01,6.252891E+01
23:12:00,8.007903E+03,1.094101E+03,5.575740E-01,9.662408E-02,0.000000E+00,0.000000E+00,0.000000E+00,0.000000E+00,0.000000E+00,0.000000E+00,0.000000E+00,0.000000E+00,2.110805E+01,7.993954E+01,2.388827E+01,6.255100E+01
23:13:00,8.007903E+03,1.091674E+03,5.575740E-01,9.640970E-02,0.000000E+00,0.000000E+00,0.000000E+00,0.000000E+00,0.000000E+00,0.000000E+00,0.000000E+00,0.000000E+00,2.110805E+01,7.993954E+01,2.388827E+01,6.257309E+01
23:14:00,8.007903E+03,1.089251E+03,5.575740E-01,9.619567E-02,0.000000E+00,0.000000E+00,0.000000E+00,0.000000E+00,0.000000E+00,0.000000E+00,0.000000E+00,0.000000E+00,2.110805E+01,7.993954E+01,2.388827E+01,6.259519E+01
23:15:00,8.007903E+03,1.086831E+03,5.575740E-01,9.598198E-02,0.000000E+00,0.000000E+00,0.000000E+00,0.000000E+00,0.000000E+00,0.000000E+00,0.000000E+00,0.000000E+00,2.110805E+01,7.993954E+01,2.388827E+01,6.261729E+01
23:16:00,8.007903E+03,1.084415E+03,5.575740E-01,9.576864E-02,0.000000E+00,0.000000E+00,0.000000E+00,0.000000E+00,0.000000E+00,0.000000E+00,0.000000E+00,0.000000E+00,2.110805E+01,7.993954E+01,2.388827E+01,6.263939E+01
23:17:00,8.007903E+03,1.082003E+03,5.575740E-01,9.555563E-02,0.000000E+00,0.000000E+00,0.000000E+00,0.000000E+00,0.000000E+00,0.000000E+00,0.000000E+00,0.000000E+00,2.110805E+01,7.993954E+01,2.388827E+01,6.266149E+01
23:18:00,8.007903E+03,1.079595E+03,5.575740E-01,9.534297E-02,0.000000E+00,0.000000E+00,0.000000E+00,0.000000E+00,0.000000E+00,0.000000E+00,0.000000E+00,0.000000E+00,2.110805E+01,7.993954E+01,2.388827E+01,6.268360E+01
23:19:00,8.007903E+03,1.077191E+03,5.575740E-01,9.513065E-02,0.000000E+00,0.000000E+00,0.000000E+00,0.000000E+00,0.000000E+00,0.000000E+00,0.000000E+00,0.000000E+00,2.110805E+01,7.993954E+01,2.388827E+01,6.270571E+01
23:20:00,8.007903E+03,1.074791E+03,5.575740E-01,9.491866E-02,0.000000E+00,0.000000E+00,0.000000E+00,0.000000E+00,0.000000E+00,0.000000E+00,0.000000E+00,0.000000E+00,2.110805E+01,7.993954E+01,2.388828E+01,6.272782E+01
23:21:00,8.007903E+03,1.072395E+03,5.575740E-01,9.470702E-02,0.000000E+00,0.000000E+00,0.000000E+00,0.000000E+00,0.000000E+00,0.000000E+00,0.000000E+00,0.000000E+00,2.110805E+01,7.993954E+01,2.388828E+01,6.274994E+01
23:22:00,8.007903E+03,1.070002E+03,5.575740E-01,9.449571E-02,0.000000E+00,0.000000E+00,0.000000E+00,0.000000E+00,0.000000E+00,0.000000E+00,0.000000E+00,0.000000E+00,2.110805E+01,7.993954E+01,2.388828E+01,6.277206E+01
23:23:00,8.007903E+03,1.067613E+03,5.575740E-01,9.428474E-02,0.000000E+00,0.000000E+00,0.000000E+00,0.000000E+00,0.000000E+00,0.000000E+00,0.000000E+00,0.000000E+00,2.110805E+01,7.993954E+01,2.388828E+01,6.279419E+01
23:24:00,8.007903E+03,1.065228E+03,5.575740E-01,9.407411E-02,0.000000E+00,0.000000E+00,0.000000E+00,0.000000E+00,0.000000E+00,0.000000E+00,0.000000E+00,0.000000E+00,2.110805E+01,7.993954E+01,2.388828E+01,6.281632E+01
23:25:00,8.007903E+03,1.062847E+03,5.575740E-01,9.386381E-02,0.000000E+00,0.000000E+00,0.000000E+00,0.000000E+00,0.000000E+00,0.000000E+00,0.000000E+00,0.000000E+00,2.110805E+01,7.993954E+01,2.388828E+01,6.283845E+01
23:26:00,8.007903E+03,1.060470E+03,5.575740E-01,9.365384E-02,0.000000E+00,0.000000E+00,0.000000E+00,0.000000E+00,0.000000E+00,0.000000E+00,0.000000E+00,0.000000E+00,2.110805E+01,7.993954E+01,2.388828E+01,6.286059E+01
23:27:00,8.007903E+03,1.058096E+03,5.575740E-01,9.344421E-02,0.000000E+00,0.000000E+00,0.000000E+00,0.000000E+00,0.000000E+00,0.000000E+00,0.000000E+00,0.000000E+00,2.110805E+01,7.993954E+01,2.388828E+01,6.288273E+01
23:28:00,8.007903E+03,1.055726E+03,5.575740E-01,9.323491E-02,0.000000E+00,0.000000E+00,0.000000E+00,0.000000E+00,0.000000E+00,0.000000E+00,0.000000E+00,0.000000E+00,2.110805E+01,7.993954E+01,2.388828E+01,6.290488E+01
23:29:00,8.007903E+03,1.053360E+03,5.575740E-01,9.302594E-02,0.000000E+00,0.000000E+00,0.000000E+00,0.000000E+00,0.000000E+00,0.000000E+00,0.000000E+00,0.000000E+00,2.110805E+01,7.993954E+01,2.388828E+01,6.292703E+01
23:30:00,8.007903E+03,1.050997E+03,5.575740E-01,9.281730E-02,0.000000E+00,0.000000E+00,0.000000E+00,0.000000E+00,0.000000E+00,0.000000E+00,0.000000E+00,0.000000E+00,2.110805E+01,7.993954E+01,2.388828E+01,6.294919E+01
23:31:00,8.007903E+03,1.048639E+03,5.575740E-01,9.260900E-02,0.000000E+00,0.000000E+00,0.000000E+00,0.000000E+00,0.000000E+00,0.000000E+00,0.000000E+00,0.000000E+00,2.110805E+01,7.993954E+01,2.388828E+01,6.297135E+01
23:32:00,8.007903E+03,1.046284E+03,5.575740E-01,9.240102E-02,0.000000E+00,0.000000E+00,0.000000E+00,0.000000E+00,0.000000E+00,0.000000E+00,0.000000E+00,0.000000E+00,2.110805E+01,7.993954E+01,2.388828E+01,6.299352E+01
23:33:00,8.007903E+03,1.043933E+03,5.575740E-01,9.219336E-02,0.000000E+00,0.000000E+00,0.000000E+00,0.000000E+00,0.000000E+00,0.000000E+00,0.000000E+00,0.000000E+00,2.110805E+01,7.993954E+01,2.388829E+01,6.301570E+01
23:34:00,8.007903E+03,1.041585E+03,5.575740E-01,9.198604E-02,0.000000E+00,0.000000E+00,0.000000E+00,0.000000E+00,0.000000E+00,0.000000E+00,0.000000E+00,0.000000E+00,2.110805E+01,7.993954E+01,2.388829E+01,6.303788E+01
23:35:00,8.007903E+03,1.039241E+03,5.575740E-01,9.177904E-02,0.000000E+00,0.000000E+00,0.000000E+00,0.000000E+00,0.000000E+00,0.000000E+00,0.000000E+00,0.000000E+00,2.110805E+01,7.993954E+01,2.388829E+01,6.306006E+01
23:36:00,8.007903E+03,1.036901E+03,5.575740E-01,9.157237E-02,0.000000E+00,0.000000E+00,0.000000E+00,0.000000E+00,0.000000E+00,0.000000E+00,0.000000E+00,0.000000E+00,2.110805E+01,7.993954E+01,2.388829E+01,6.308225E+01
23:37:00,8.007903E+03,1.034565E+03,5.575740E-01,9.136602E-02,0.000000E+00,0.000000E+00,0.000000E+00,0.000000E+00,0.000000E+00,0.000000E+00,0.000000E+00,0.000000E+00,2.110805E+01,7.993954E+01,2.388829E+01,6.310445E+01
23:38:00,8.007903E+03,1.032232E+03,5.575740E-01,9.115999E-02,0.000000E+00,0.000000E+00,0.000000E+00,0.000000E+00,0.000000E+00,0.000000E+00,0.000000E+00,0.000000E+00,2.110805E+01,7.993954E+01,2.388829E+01,6.312665E+01
23:39:00,8.007903E+03,1.029903E+03,5.575740E-01,9.095429E-02,0.000000E+00,0.000000E+00,0.000000E+00,0.000000E+00,0.000000E+00,0.000000E+00,0.000000E+00,0.000000E+00,2.110805E+01,7.993954E+01,2.388829E+01,6.314886E+01
23:40:00,8.007903E+03,1.027577E+03,5.575740E-01,9.074890E-02,0.000000E+00,0.000000E+00,0.000000E+00,0.000000E+00,0.000000E+00,0.000000E+00,0.000000E+00,0.000000E+00,2.110805E+01,7.993954E+01,2.388829E+01,6.317108E+01
23:41:00,8.007903E+03,1.025255E+03,5.575740E-01,9.054384E-02,0.000000E+00,0.000000E+00,0.000000E+00,0.000000E+00,0.000000E+00,0.000000E+00,0.000000E+00,0.000000E+00,2.110805E+01,7.993954E+01,2.388829E+01,6.319330E+01
23:42:00,8.007903E+03,1.022937E+03,5.575740E-01,9.033910E-02,0.000000E+00,0.000000E+00,0.000000E+00,0.000000E+00,0.000000E+00,0.000000E+00,0.000000E+00,0.000000E+00,2.110805E+01,7.993954E+01,2.388829E+01,6.321553E+01
23:43:00,8.007903E+03,1.020622E+03,5.575740E-01,9.013467E-02,0.000000E+00,0.000000E+00,0.000000E+00,0.000000E+00,0.000000E+00,0.000000E+00,0.000000E+00,0.000000E+00,2.110805E+01,7.993954E+01,2.388829E+01,6.323777E+01
23:44:00,8.007903E+03,1.018311E+03,5.575740E-01,8.993056E-02,0.000000E+00,0.000000E+00,0.000000E+00,0.000000E+00,0.000000E+00,0.000000E+00,0.000000E+00,0.000000E+00,2.110805E+01,7.993954E+01,2.388829E+01,6.326002E+01
23:45:00,8.007903E+03,1.016003E+03,5.575740E-01,8.972677E-02,0.000000E+00,0.000000E+00,0.000000E+00,0.000000E+00,0.000000E+00,0.000000E+00,0.000000E+00,0.000000E+00,2.110805E+01,7.993954E+01,2.388829E+01,6.328227E+01
23:46:00,8.007903E+03,1.013699E+03,5.575740E-01,8.952329E-02,0.000000E+00,0.000000E+00,0.000000E+00,0.000000E+00,0.000000E+00,0.000000E+00,0.000000E+00,0.000000E+00,2.110805E+01,7.993954E+01,2.388830E+01,6.330452E+01
23:47:00,8.007903E+03,1.011399E+03,5.575740E-01,8.932013E-02,0.000000E+00,0.000000E+00,0.000000E+00,0.000000E+00,0.000000E+00,0.000000E+00,0.000000E+00,0.000000E+00,2.110805E+01,7.993954E+01,2.388830E+01,6.332679E+01
23:48:00,8.007903E+03,1.009102E+03,5.575740E-01,8.911728E-02,0.000000E+00,0.000000E+00,0.000000E+00,0.000000E+00,0.000000E+00,0.000000E+00,0.000000E+00,0.000000E+00,2.110805E+01,7.993954E+01,2.388830E+01,6.334906E+01
23:49:00,8.007903E+03,1.006809E+03,5.575740E-01,8.891475E-02,0.000000E+00,0.000000E+00,0.000000E+00,0.000000E+00,0.000000E+00,0.000000E+00,0.000000E+00,0.000000E+00,2.110805E+01,7.993954E+01,2.388830E+01,6.337134E+01
23:50:00,8.007903E+03,1.004519E+03,5.575740E-01,8.871252E-02,0.000000E+00,0.000000E+00,0.000000E+00,0.000000E+00,0.000000E+00,0.000000E+00,0.000000E+00,0.000000E+00,2.110805E+01,7.993954E+01,2.388830E+01,6.339363E+01
23:51:00,8.007903E+03,1.002233E+03,5.575740E-01,8.851061E-02,0.000000E+00,0.000000E+00,0.000000E+00,0.000000E+00,0.000000E+00,0.000000E+00,0.000000E+00,0.000000E+00,2.110805E+01,7.993954E+01,2.388830E+01,6.341592E+01
23:52:00,8.007903E+03,9.999501E+02,5.575740E-01,8.830900E-02,0.000000E+00,0.000000E+00,0.000000E+00,0.000000E+00,0.000000E+00,0.000000E+00,0.000000E+00,0.000000E+00,2.110805E+01,7.993954E+01,2.388830E+01,6.343823E+01
23:53:00,8.007903E+03,9.976708E+02,5.575740E-01,8.810771E-02,0.000000E+00,0.000000E+00,0.000000E+00,0.000000E+00,0.000000E+00,0.000000E+00,0.000000E+00,0.000000E+00,2.110805E+01,7.993954E+01,2.388830E+01,6.346054E+01
23:54:00,8.007903E+03,9.953951E+02,5.575740E-01,8.790672E-02,0.000000E+00,0.000000E+00,0.000000E+00,0.000000E+00,0.000000E+00,0.000000E+00,0.000000E+00,0.000000E+00,2.110805E+01,7.993954E+01,2.388830E+01,6.348286E+01
23:55:00,8.007903E+03,9.931227E+02,5.575740E-01,8.770604E-02,0.000000E+00,0.000000E+00,0.000000E+00,0.000000E+00,0.000000E+00,0.000000E+00,0.000000E+00,0.000000E+00,2.110805E+01,7.993954E+01,2.388830E+01,6.350518E+01
23:56:00,8.007903E+03,9.908539E+02,5.575740E-01,8.750566E-02,0.000000E+00,0.000000E+00,0.000000E+00,0.000000E+00,0.000000E+00,0.000000E+00,0.000000E+00,0.000000E+00,2.110805E+01,7.993954E+01,2.388830E+01,6.352752E+01
23:57:00,8.007903E+03,9.885884E+02,5.575740E-01,8.730559E-02,0.000000E+00,0.000000E+00,0.000000E+00,0.000000E+00,0.000000E+00,0.000000E+00,0.000000E+00,0.000000E+00,2.110805E+01,7.993954E+01,2.388830E+01,6.354986E+01
23:58:00,8.007903E+03,9.863265E+02,5.575740E-01,8.710582E-02,0.000000E+00,0.000000E+00,0.000000E+00,0.000000E+00,0.000000E+00,0.000000E+00,0.000000E+00,0.000000E+00,2.110805E+01,7.993954E+01,2.388830E+01,6.357221E+01
23:59:00,8.007903E+03,9.840679E+02,5.575740E-01,8.690635E-02,0.000000E+00,0.000000E+00,0.000000E+00,0.000000E+00,0.000000E+00,0.000000E+00,0.000000E+00,0.000000E+00,2.110805E+01,7.993954E+01,2.388831E+01,6.359457E+01
24:00:00,8.007903E+03,9.818128E+02,5.575740E-01,8.670718E-02,0.000000E+00,0.000000E+00,0.000000E+00,0.000000E+00,0.000000E+00,0.000000E+00,0.000000E+00,0.000000E+00,2.110805E+01,7.993954E+01,2.388831E+01,6.361694E+01
Peak,8.007903E+03,2.264169E+03,5.575740E-01,1.999617E-01,0.000000E+00,0.000000E+00,0.000000E+00,0.000000E+00,0.000000E+00,0.000000E+00,0.000000E+00,0.000000E+00,,,,

Peak Vol Flow (m3/s),,,4.733278E-01,1.697487E-01,,,0.000000E+00,0.000000E+00,,,,,,,,
