Time,LIVINGZONE:CHICAGO MIDWAY AP ANN HTG 99.6% CONDNS DB:Des Heat Load [W],LIVINGZONE:CHICAGO MIDWAY AP ANN CLG .4% CONDNS DB=>MWB:Des Sens Cool Load [W],LIVINGZONE:CHICAGO MIDWAY AP ANN HTG 99.6% CONDNS DB:Des Heat Mass Flow [kg/s],LIVINGZONE:CHICAGO MIDWAY AP ANN CLG .4% CONDNS DB=>MWB:Des Cool Mass Flow [kg/s],LIVINGZONE::Des Latent Heat Load [W],LIVINGZONE::Des Latent Cool Load [W],LIVINGZONE::Des Latent Heat Mass Flow [kg/s],LIVINGZONE::Des Latent Cool Mass Flow [kg/s],LIVINGZONE::Des Heat Load No DOAS [W],LIVINGZONE::Des Sens Cool Load No DOAS [W],LIVINGZONE::Des Latent Heat Load No DOAS [W],LIVINGZONE::Des Latent Cool Load No DOAS [W],LIVINGZONE:CHICAGO MIDWAY AP ANN HTG 99.6% CONDNS DB:Heating Zone Temperature [C],LIVINGZONE:CHICAGO MIDWAY AP ANN HTG 99.6% CONDNS DB:Heating Zone Relative Humidity [%],LIVINGZONE:CHICAGO MIDWAY AP ANN CLG .4% CONDNS DB=>MWB:Cooling Zone Temperature [C],LIVINGZONE:CHICAGO MIDWAY AP ANN CLG .4% CONDNS DB=>MWB:Cooling Zone Relative Humidity [%]
00:01:00,8.012328E+03,9.993801E+02,5.578821E-01,8.825867E-02,0.000000E+00,0.000000E+00,0.000000E+00,0.000000E+00,0.000000E+00,0.000000E+00,0.000000E+00,0.000000E+00,2.110805E+01,7.994712E+01,2.388830E+01,6.344668E+01
00:02:00,8.012327E+03,9.971012E+02,5.578821E-01,8.805740E-02,0.000000E+00,0.000000E+00,0.000000E+00,0.000000E+00,0.000000E+00,0.000000E+00,0.000000E+00,0.000000E+00,2.110805E+01,7.994712E+01,2.388830E+01,6.346900E+01
00:03:00,8.012327E+03,9.948284E+02,5.578821E-01,8.785668E-02,0.000000E+00,0.000000E+00,0.000000E+00,0.000000E+00,0.000000E+00,0.000000E+00,0.000000E+00,0.000000E+00,2.110805E+01,7.994712E+01,2.388830E+01,6.349129E+01
00:04:00,8.012327E+03,9.925620E+02,5.578821E-01,8.765652E-02,0.000000E+00,0.000000E+00,0.000000E+00,0.000000E+00,0.000000E+00,0.000000E+00,0.000000E+00,0.000000E+00,2.110805E+01,7.994712E+01,2.388830E+01,6.351354E+01
00:05:00,8.012327E+03,9.903018E+02,5.578821E-01,8.745690E-02,0.000000E+00,0.000000E+00,0.000000E+00,0.000000E+00,0.000000E+00,0.000000E+00,0.000000E+00,0.000000E+00,2.110805E+01,7.994712E+01,2.388830E+01,6.353574E+01
00:06:00,8.012327E+03,9.880478E+02,5.578821E-01,8.725784E-02,0.000000E+00,0.000000E+00,0.000000E+00,0.000000E+00,0.000000E+00,0.000000E+00,0.000000E+00,0.000000E+00,2.110805E+01,7.994712E+01,2.388830E+01,6.355791E+01
00:07:00,8.012327E+03,9.858001E+02,5.578821E-01,8.705933E-02,0.000000E+00,0.000000E+00,0.000000E+00,0.000000E+00,0.000000E+00,0.000000E+00,0.000000E+00,0.000000E+00,2.110805E+01,7.994712E+01,2.388830E+01,6.358004E+01
00:08:00,8.012327E+03,9.835585E+02,5.578821E-01,8.686136E-02,0.000000E+00,0.000000E+00,0.000000E+00,0.000000E+00,0.000000E+00,0.000000E+00,0.000000E+00,0.000000E+00,2.110805E+01,7.994712E+01,2.388831E+01,6.360213E+01
00:09:00,8.012327E+03,9.813232E+02,5.578821E-01,8.666395E-02,0.000000E+00,0.000000E+00,0.000000E+00,0.000000E+00,0.000000E+00,0.000000E+00,0.000000E+00,0.000000E+00,2.110805E+01,7.994712E+01,2.388831E+01,6.362419E+01
00:10:00,8.012327E+03,9.790940E+02,5.578821E-01,8.646708E-02,0.000000E+00,0.000000E+00,0.000000E+00,0.000000E+00,0.000000E+00,0.000000E+00,0.000000E+00,0.000000E+00,2.110805E+01,7.994712E+01,2.388831E+01,6.364622E+01
00:11:00,8.012327E+03,9.768710E+02,5.578820E-01,8.627075E-02,0.000000E+00,0.000000E+00,0.000000E+00,0.000000E+00,0.000000E+00,0.000000E+00,0.000000E+00,0.000000E+00,2.110805E+01,7.994712E+01,2.388831E+01,6.366821E+01
00:12:00,8.012327E+03,9.746542E+02,5.578820E-01,8.607497E-02,0.000000E+00,0.000000E+00,0.000000E+00,0.000000E+00,0.000000E+00,0.000000E+00,0.000000E+00,0.000000E+00,2.110805E+01,7.994712E+01,2.388831E+01,6.369017E+01
00:13:00,8.012327E+03,9.724435E+02,5.578820E-01,8.587973E-02,0.000000E+00,0.000000E+00,0.000000E+00,0.000000E+00,0.000000E+00,0.000000E+00,0.000000E+00,0.000000E+00,2.110805E+01,7.994712E+01,2.388831E+01,6.371211E+01
00:14:00,8.012327E+03,9.702390E+02,5.578820E-01,8.568504E-02,0.000000E+00,0.000000E+00,0.000000E+00,0.000000E+00,0.000000E+00,0.000000E+00,0.000000E+00,0.000000E+00,2.110805E+01,7.994712E+01,2.388831E+01,6.373401E+01
00:15:00,8.012327E+03,9.680406E+02,5.578820E-01,8.549089E-02,0.000000E+00,0.000000E+00,0.000000E+00,0.000000E+00,0.000000E+00,0.000000E+00,0.000000E+00,0.000000E+00,2.110805E+01,7.994712E+01,2.388831E+01,6.375589E+01
00:16:00,8.012327E+03,9.658483E+02,5.578820E-01,8.529727E-02,0.000000E+00,0.000000E+00,0.000000E+00,0.000000E+00,0.000000E+00,0.000000E+00,0.000000E+00,0.000000E+00,2.110805E+01,7.994712E+01,2.388831E+01,6.377774E+01
00:17:00,8.012327E+03,9.636622E+02,5.578820E-01,8.510420E-02,0.000000E+00,0.000000E+00,0.000000E+00,0.000000E+00,0.000000E+00,0.000000E+00,0.000000E+00,0.000000E+00,2.110805E+01,7.994712E+01,2.388831E+01,6.379957E+01
00:18:00,8.012327E+03,9.614821E+02,5.578820E-01,8.491166E-02,0.000000E+00,0.000000E+00,0.000000E+00,0.000000E+00,0.000000E+00,0.000000E+00,0.000000E+00,0.000000E+00,2.110805E+01,7.994712E+01,2.388831E+01,6.382137E+01
00:19:00,8.012327E+03,9.593081E+02,5.578820E-01,8.471967E-02,0.000000E+00,0.000000E+00,0.000000E+00,0.000000E+00,0.000000E+00,0.000000E+00,0.000000E+00,0.000000E+00,2.110805E+01,7.994712E+01,2.388831E+01,6.384314E+01
00:20:00,8.012327E+03,9.571402E+02,5.578820E-01,8.452821E-02,0.000000E+00,0.000000E+00,0.000000E+00,0.000000E+00,0.000000E+00,0.000000E+00,0.000000E+00,0.000000E+00,2.110805E+01,7.994712E+01,2.388831E+01,6.386490E+01
00:21:00,8.012327E+03,9.549784E+02,5.578820E-01,8.433728E-02,0.000000E+00,0.000000E+00,0.000000E+00,0.000000E+00,0.000000E+00,0.000000E+00,0.000000E+00,0.000000E+00,2.110805E+01,7.994712E+01,2.388831E+01,6.388663E+01
00:22:00,8.012327E+03,9.528226E+02,5.578820E-01,8.414689E-02,0.000000E+00,0.000000E+00,0.000000E+00,0.000000E+00,0.000000E+00,0.000000E+00,0.000000E+00,0.000000E+00,2.110805E+01,7.994712E+01,2.388831E+01,6.390834E+01
00:23:00,8.012327E+03,9.506728E+02,5.578820E-01,8.395703E-02,0.000000E+00,0.000000E+00,0.000000E+00,0.000000E+00,0.000000E+00,0.000000E+00,0.000000E+00,0.000000E+00,2.110805E+01,7.994712E+01,2.388832E+01,6.393003E+01
00:24:00,8.012326E+03,9.485291E+02,5.578820E-01,8.376771E-02,0.000000E+00,0.000000E+00,0.000000E+00,0.000000E+00,0.000000E+00,0.000000E+00,0.000000E+00,0.000000E+00,2.110805E+01,7.994712E+01,2.388832E+01,6.395171E+01
00:25:00,8.012326E+03,9.463914E+02,5.578820E-01,8.357892E-02,0.000000E+00,0.000000E+00,0.000000E+00,0.000000E+00,0.000000E+00,0.000000E+00,0.000000E+00,0.000000E+00,2.110805E+01,7.994712E+01,2.388832E+01,6.397336E+01
00:26:00,8.012326E+03,9.442597E+02,5.578820E-01,8.339065E-02,0.000000E+00,0.000000E+00,0.000000E+00,0.000000E+00,0.000000E+00,0.000000E+00,0.000000E+00,0.000000E+00,2.110805E+01,7.994712E+01,2.388832E+01,6.399500E+01
00:27:00,8.012326E+03,9.421340E+02,5.578820E-01,8.320292E-02,0.000000E+00,0.000000E+00,0.000000E+00,0.000000E+00,0.000000E+00,0.000000E+00,0.000000E+00,0.000000E+00,2.110805E+01,7.994712E+01,2.388832E+01,6.401661E+01
00:28:00,8.012326E+03,9.400143E+02,5.578820E-01,8.301572E-02,0.000000E+00,0.000000E+00,0.000000E+00,0.000000E+00,0.000000E+00,0.000000E+00,0.000000E+00,0.000000E+00,2.110805E+01,7.994712E+01,2.388832E+01,6.403822E+01
00:29:00,8.012326E+03,9.379006E+02,5.578820E-01,8.282904E-02,0.000000E+00,0.000000E+00,0.000000E+00,0.000000E+00,0.000000E+00,0.000000E+00,0.000000E+00,0.000000E+00,2.110805E+01,7.994712E+01,2.388832E+01,6.405981E+01
00:30:00,8.012326E+03,9.357928E+02,5.578820E-01,8.264289E-02,0.000000E+00,0.000000E+00,0.000000E+00,0.000000E+00,0.000000E+00,0.000000E+00,0.000000E+00,0.000000E+00,2.110805E+01,7.994712E+01,2.388832E+01,6.408138E+01
00:31:00,8.012326E+03,9.336909E+02,5.578820E-01,8.245726E-02,0.000000E+00,0.000000E+00,0.000000E+00,0.000000E+00,0.000000E+00,0.000000E+00,0.000000E+00,0.000000E+00,2.110805E+01,7.994712E+01,2.388832E+01,6.410294E+01
00:32:00,8.012326E+03,9.315951E+02,5.578820E-01,8.227216E-02,0.000000E+00,0.000000E+00,0.000000E+00,0.000000E+00,0.000000E+00,0.000000E+00,0.000000E+00,0.000000E+00,2.110805E+01,7.994712E+01,2.388832E+01,6.412448E+01
00:33:00,8.012326E+03,9.295051E+02,5.578820E-01,8.208759E-02,0.000000E+00,0.000000E+00,0.000000E+00,0.000000E+00,0.000000E+00,0.000000E+00,0.000000E+00,0.000000E+00,2.110805E+01,7.994712E+01,2.388832E+01,6.414601E+01
00:34:00,8.012326E+03,9.274211E+02,5.578820E-01,8.190353E-02,0.000000E+00,0.000000E+00,0.000000E+00,0.000000E+00,0.000000E+00,0.000000E+00,0.000000E+00,0.000000E+00,2.110805E+01,7.994712E+01,2.388832E+01,6.416753E+01
00:35:00,8.012326E+03,9.253429E+02,5.578820E-01,8.172000E-02,0.000000E+00,0.000000E+00,0.000000E+00,0.000000E+00,0.000000E+00,0.000000E+00,0.000000E+00,0.000000E+00,2.110805E+01,7.994712E+01,2.388832E+01,6.418904E+01
00:36:00,8.012326E+03,9.232707E+02,5.578820E-01,8.153699E-02,0.000000E+00,0.000000E+00,0.000000E+00,0.000000E+00,0.000000E+00,0.000000E+00,0.000000E+00,0.000000E+00,2.110805E+01,7.994712E+01,2.388832E+01,6.421054E+01
00:37:00,8.012326E+03,9.212044E+02,5.578820E-01,8.135450E-02,0.000000E+00,0.000000E+00,0.000000E+00,0.000000E+00,0.000000E+00,0.000000E+00,0.000000E+00,0.000000E+00,2.110805E+01,7.994712E+01,2.388833E+01,6.423202E+01
00:38:00,8.012326E+03,9.191439E+02,5.578820E-01,8.117253E-02,0.000000E+00,0.000000E+00,0.000000E+00,0.000000E+00,0.000000E+00,0.000000E+00,0.000000E+00,0.000000E+00,2.110805E+01,7.994712E+01,2.388833E+01,6.425349E+01
00:39:00,8.012326E+03,9.170893E+02,5.578820E-01,8.099108E-02,0.000000E+00,0.000000E+00,0.000000E+00,0.000000E+00,0.000000E+00,0.000000E+00,0.000000E+00,0.000000E+00,2.110805E+01,7.994712E+01,2.388833E+01,6.427496E+01
00:40:00,8.012326E+03,9.150405E+02,5.578820E-01,8.081014E-02,0.000000E+00,0.000000E+00,0.000000E+00,0.000000E+00,0.000000E+00,0.000000E+00,0.000000E+00,0.000000E+00,2.110805E+01,7.994712E+01,2.388833E+01,6.429642E+01
00:41:00,8.012326E+03,9.129976E+02,5.578820E-01,8.062972E-02,0.000000E+00,0.000000E+00,0.000000E+00,0.000000E+00,0.000000E+00,0.000000E+00,0.000000E+00,0.000000E+00,2.110805E+01,7.994712E+01,2.388833E+01,6.431786E+01
00:42:00,8.012326E+03,9.109606E+02,5.578820E-01,8.044981E-02,0.000000E+00,0.000000E+00,0.000000E+00,0.000000E+00,0.000000E+00,0.000000E+00,0.000000E+00,0.000000E+00,2.110805E+01,7.994712E+01,2.388833E+01,6.433930E+01
00:43:00,8.012326E+03,9.089293E+02,5.578819E-01,8.027042E-02,0.000000E+00,0.000000E+00,0.000000E+00,0.000000E+00,0.000000E+00,0.000000E+00,0.000000E+00,0.000000E+00,2.110805E+01,7.994712E+01,2.388833E+01,6.436073E+01
00:44:00,8.012326E+03,9.069039E+02,5.578819E-01,8.009154E-02,0.000000E+00,0.000000E+00,0.000000E+00,0.000000E+00,0.000000E+00,0.000000E+00,0.000000E+00,0.000000E+00,2.110805E+01,7.994712E+01,2.388833E+01,6.438216E+01
00:45:00,8.012326E+03,9.048843E+02,5.578819E-01,7.991318E-02,0.000000E+00,0.000000E+00,0.000000E+00,0.000000E+00,0.000000E+00,0.000000E+00,0.000000E+00,0.000000E+00,2.110805E+01,7.994712E+01,2.388833E+01,6.440357E+01
00:46:00,8.012325E+03,9.028704E+02,5.578819E-01,7.973532E-02,0.000000E+00,0.000000E+00,0.000000E+00,0.000000E+00,0.000000E+00,0.000000E+00,0.000000E+00,0.000000E+00,2.110805E+01,7.994712E+01,2.388833E+01,6.442498E+01
00:47:00,8.012325E+03,9.008624E+02,5.578819E-01,7.955798E-02,0.000000E+00,0.000000E+00,0.000000E+00,0.000000E+00,0.000000E+00,0.000000E+00,0.000000E+00,0.000000E+00,2.110805E+01,7.994712E+01,2.388833E+01,6.444639E+01
00:48:00,8.012325E+03,8.988601E+02,5.578819E-01,7.938115E-02,0.000000E+00,0.000000E+00,0.000000E+00,0.000000E+00,0.000000E+00,0.000000E+00,0.000000E+00,0.000000E+00,2.110805E+01,7.994712E+01,2.388833E+01,6.446779E+01
00:49:00,8.012325E+03,8.968635E+02,5.578819E-01,7.920482E-02,0.000000E+00,0.000000E+00,0.000000E+00,0.000000E+00,0.000000E+00,0.000000E+00,0.000000E+00,0.000000E+00,2.110805E+01,7.994712E+01,2.388833E+01,6.448918E+01
00:50:00,8.012325E+03,8.948728E+02,5.578819E-01,7.902901E-02,0.000000E+00,0.000000E+00,0.000000E+00,0.000000E+00,0.000000E+00,0.000000E+00,0.000000E+00,0.000000E+00,2.110805E+01,7.994713E+01,2.388833E+01,6.451057E+01
00:51:00,8.012325E+03,8.928877E+02,5.578819E-01,7.885370E-02,0.000000E+00,0.000000E+00,0.000000E+00,0.000000E+00,0.000000E+00,0.000000E+00,0.000000E+00,0.000000E+00,2.110805E+01,7.994713E+01,2.388834E+01,6.453195E+01
00:52:00,8.012325E+03,8.909084E+02,5.578819E-01,7.867889E-02,0.000000E+00,0.000000E+00,0.000000E+00,0.000000E+00,0.000000E+00,0.000000E+00,0.000000E+00,0.000000E+00,2.110805E+01,7.994713E+01,2.388834E+01,6.455333E+01
00:53:00,8.012325E+03,8.889348E+02,5.578819E-01,7.850459E-02,0.000000E+00,0.000000E+00,0.000000E+00,0.000000E+00,0.000000E+00,0.000000E+00,0.000000E+00,0.000000E+00,2.110805E+01,7.994713E+01,2.388834E+01,6.457471E+01
00:54:00,8.012325E+03,8.869670E+02,5.578819E-01,7.833080E-02,0.000000E+00,0.000000E+00,0.000000E+00,0.000000E+00,0.000000E+00,0.000000E+00,0.000000E+00,0.000000E+00,2.110805E+01,7.994713E+01,2.388834E+01,6.459608E+01
00:55:00,8.012325E+03,8.850048E+02,5.578819E-01,7.815751E-02,0.000000E+00,0.000000E+00,0.000000E+00,0.000000E+00,0.000000E+00,0.000000E+00,0.000000E+00,0.000000E+00,2.110805E+01,7.994713E+01,2.388834E+01,6.461745E+01
00:56:00,8.012325E+03,8.830483E+02,5.578819E-01,7.798472E-02,0.000000E+00,0.000000E+00,0.000000E+00,0.000000E+00,0.000000E+00,0.000000E+00,0.000000E+00,0.000000E+00,2.110805E+01,7.994713E+01,2.388834E+01,6.463882E+01
00:57:00,8.012325E+03,8.810975E+02,5.578819E-01,7.781244E-02,0.000000E+00,0.000000E+00,0.000000E+00,0.000000E+00,0.000000E+00,0.000000E+00,0.000000E+00,0.000000E+00,2.110805E+01,7.994713E+01,2.388834E+01,6.466018E+01
00:58:00,8.012325E+03,8.791524E+02,5.578819E-01,7.764065E-02,0.000000E+00,0.000000E+00,0.000000E+00,0.000000E+00,0.000000E+00,0.000000E+00,0.000000E+00,0.000000E+00,2.110805E+01,7.994713E+01,2.388834E+01,6.468154E+01
00:59:00,8.012325E+03,8.772129E+02,5.578819E-01,7.746937E-02,0.000000E+00,0.000000E+00,0.000000E+00,0.000000E+00,0.000000E+00,0.000000E+00,0.000000E+00,0.000000E+00,2.110805E+01,7.994713E+01,2.388834E+01,6.470290E+01
01:00:00,8.012325E+03,8.752791E+02,5.578819E-01,7.729858E-02,0.000000E+00,0.000000E+00,0.000000E+00,0.000000E+00,0.000000E+00,0.000000E+00,0.000000E+00,0.000000E+00,2.110805E+01,7.994713E+01,2.388834E+01,6.472425E+01
01:01:00,8.012325E+03,8.733540E+02,5.578819E-01,7.712857E-02,0.000000E+00,0.000000E+00,0.000000E+00,0.000000E+00,0.000000E+00,0.000000E+00,0.000000E+00,0.000000E+00,2.110805E+01,7.994713E+01,2.388834E+01,6.474561E+01
01:02:00,8.012325E+03,8.714374E+02,5.578819E-01,7.695930E-02,0.000000E+00,0.000000E+00,0.000000E+00,0.000000E+00,0.000000E+00,0.000000E+00,0.000000E+00,0.000000E+00,2.110805E+01,7.994713E+01,2.388834E+01,6.476691E+01
01:03:00,8.012325E+03,8.695293E+02,5.578819E-01,7.679078E-02,0.000000E+00,0.000000E+00,0.000000E+00,0.000000E+00,0.000000E+00,0.000000E+00,0.000000E+00,0.000000E+00,2.110805E+01,7.994713E+01,2.388834E+01,6.478810E+01
01:04:00,8.012325E+03,8.676296E+02,5.578819E-01,7.662301E-02,0.000000E+00,0.000000E+00,0.000000E+00,0.000000E+00,0.000000E+00,0.000000E+00,0.000000E+00,0.000000E+00,2.110805E+01,7.994713E+01,2.388834E+01,6.480919E+01
01:05:00,8.012325E+03,8.657383E+02,5.578819E-01,7.645598E-02,0.000000E+00,0.000000E+00,0.000000E+00,0.000000E+00,0.000000E+00,0.000000E+00,0.000000E+00,0.000000E+00,2.110805E+01,7.994713E+01,2.388834E+01,6.483017E+01
01:06:00,8.012325E+03,8.638555E+02,5.578819E-01,7.628970E-02,0.000000E+00,0.000000E+00,0.000000E+00,0.000000E+00,0.000000E+00,0.000000E+00,0.000000E+00,0.000000E+00,2.110805E+01,7.994713E+01,2.388835E+01,6.485105E+01
01:07:00,8.012325E+03,8.619811E+02,5.578819E-01,7.612416E-02,0.000000E+00,0.000000E+00,0.000000E+00,0.000000E+00,0.000000E+00,0.000000E+00,0.000000E+00,0.000000E+00,2.110805E+01,7.994713E+01,2.388835E+01,6.487183E+01
01:08:00,8.012325E+03,8.601151E+02,5.578819E-01,7.595936E-02,0.000000E+00,0.000000E+00,0.000000E+00,0.000000E+00,0.000000E+00,0.000000E+00,0.000000E+00,0.000000E+00,2.110805E+01,7.994713E+01,2.388835E+01,6.489251E+01
01:09:00,8.012325E+03,8.582575E+02,5.578819E-01,7.579531E-02,0.000000E+00,0.000000E+00,0.000000E+00,0.000000E+00,0.000000E+00,0.000000E+00,0.000000E+00,0.000000E+00,2.110805E+01,7.994713E+01,2.388835E+01,6.491309E+01
01:10:00,8.012325E+03,8.564084E+02,5.578819E-01,7.563200E-02,0.000000E+00,0.000000E+00,0.000000E+00,0.000000E+00,0.000000E+00,0.000000E+00,0.000000E+00,0.000000E+00,2.110805E+01,7.994713E+01,2.388835E+01,6.493360E+01
01:11:00,8.012325E+03,8.545676E+02,5.578819E-01,7.546943E-02,0.000000E+00,0.000000E+00,0.000000E+00,0.000000E+00,0.000000E+00,0.000000E+00,0.000000E+00,0.000000E+00,2.110805E+01,7.994713E+01,2.388835E+01,6.495401E+01
01:12:00,8.012325E+03,8.527352E+02,5.578819E-01,7.530761E-02,0.000000E+00,0.000000E+00,0.000000E+00,0.000000E+00,0.000000E+00,0.000000E+00,0.000000E+00,0.000000E+00,2.110805E+01,7.994713E+01,2.388835E+01,6.497433E+01
01:13:00,8.012325E+03,8.509112E+02,5.578819E-01,7.514652E-02,0.000000E+00,0.000000E+00,0.000000E+00,0.000000E+00,0.000000E+00,0.000000E+00,0.000000E+00,0.000000E+00,2.110805E+01,7.994713E+01,2.388835E+01,6.499458E+01
01:14:00,8.012325E+03,8.490956E+02,5.578819E-01,7.498617E-02,0.000000E+00,0.000000E+00,0.000000E+00,0.000000E+00,0.000000E+00,0.000000E+00,0.000000E+00,0.000000E+00,2.110805E+01,7.994713E+01,2.388835E+01,6.501474E+01
01:15:00,8.012325E+03,8.472883E+02,5.578819E-01,7.482656E-02,0.000000E+00,0.000000E+00,0.000000E+00,0.000000E+00,0.000000E+00,0.000000E+00,0.000000E+00,0.000000E+00,2.110805E+01,7.994713E+01,2.388835E+01,6.503482E+01
01:16:00,8.012325E+03,8.454894E+02,5.578819E-01,7.466769E-02,0.000000E+00,0.000000E+00,0.000000E+00,0.000000E+00,0.000000E+00,0.000000E+00,0.000000E+00,0.000000E+00,2.110805E+01,7.994713E+01,2.388835E+01,6.505483E+01
01:17:00,8.012325E+03,8.436989E+02,5.578819E-01,7.450955E-02,0.000000E+00,0.000000E+00,0.000000E+00,0.000000E+00,0.000000E+00,0.000000E+00,0.000000E+00,0.000000E+00,2.110805E+01,7.994713E+01,2.388835E+01,6.507476E+01
01:18:00,8.012325E+03,8.419166E+02,5.578819E-01,7.435216E-02,0.000000E+00,0.000000E+00,0.000000E+00,0.000000E+00,0.000000E+00,0.000000E+00,0.000000E+00,0.000000E+00,2.110805E+01,7.994713E+01,2.388835E+01,6.509462E+01
01:19:00,8.012325E+03,8.401428E+02,5.578819E-01,7.419549E-02,0.000000E+00,0.000000E+00,0.000000E+00,0.000000E+00,0.000000E+00,0.000000E+00,0.000000E+00,0.000000E+00,2.110805E+01,7.994713E+01,2.388835E+01,6.511442E+01
01:20:00,8.012325E+03,8.383772E+02,5.578819E-01,7.403957E-02,0.000000E+00,0.000000E+00,0.000000E+00,0.000000E+00,0.000000E+00,0.000000E+00,0.000000E+00,0.000000E+00,2.110805E+01,7.994713E+01,2.388835E+01,6.513414E+01
01:21:00,8.012325E+03,8.366199E+02,5.578819E-01,7.388438E-02,0.000000E+00,0.000000E+00,0.000000E+00,0.000000E+00,0.000000E+00,0.000000E+00,0.000000E+00,0.000000E+00,2.110805E+01,7.994713E+01,2.388835E+01,6.515379E+01
01:22:00,8.012325E+03,8.348710E+02,5.578819E-01,7.372992E-02,0.000000E+00,0.000000E+00,0.000000E+00,0.000000E+00,0.000000E+00,0.000000E+00,0.000000E+00,0.000000E+00,2.110805E+01,7.994713E+01,2.388835E+01,6.517338E+01
01:23:00,8.012325E+03,8.331304E+02,5.578819E-01,7.357619E-02,0.000000E+00,0.000000E+00,0.000000E+00,0.000000E+00,0.000000E+00,0.000000E+00,0.000000E+00,0.000000E+00,2.110805E+01,7.994713E+01,2.388835E+01,6.519291E+01
01:24:00,8.012325E+03,8.313980E+02,5.578819E-01,7.342320E-02,0.000000E+00,0.000000E+00,0.000000E+00,0.000000E+00,0.000000E+00,0.000000E+00,0.000000E+00,0.000000E+00,2.110805E+01,7.994713E+01,2.388835E+01,6.521238E+01
01:25:00,8.012325E+03,8.296740E+02,5.578819E-01,7.327094E-02,0.000000E+00,0.000000E+00,0.000000E+00,0.000000E+00,0.000000E+00,0.000000E+00,0.000000E+00,0.000000E+00,2.110805E+01,7.994713E+01,2.388836E+01,6.523178E+01
01:26:00,8.012325E+03,8.279582E+02,5.578819E-01,7.311941E-02,0.000000E+00,0.000000E+00,0.000000E+00,0.000000E+00,0.000000E+00,0.000000E+00,0.000000E+00,0.000000E+00,2.110805E+01,7.994713E+01,2.388836E+01,6.525114E+01
01:27:00,8.012325E+03,8.262507E+02,5.578819E-01,7.296861E-02,0.000000E+00,0.000000E+00,0.000000E+00,0.000000E+00,0.000000E+00,0.000000E+00,0.000000E+00,0.000000E+00,2.110805E+01,7.994713E+01,2.388836E+01,6.527043E+01
01:28:00,8.012325E+03,8.245515E+02,5.578819E-01,7.281855E-02,0.000000E+00,0.000000E+00,0.000000E+00,0.000000E+00,0.000000E+00,0.000000E+00,0.000000E+00,0.000000E+00,2.110805E+01,7.994713E+01,2.388836E+01,6.528967E+01
01:29:00,8.012325E+03,8.228605E+02,5.578819E-01,7.266921E-02,0.000000E+00,0.000000E+00,0.000000E+00,0.000000E+00,0.000000E+00,0.000000E+00,0.000000E+00,0.000000E+00,2.110805E+01,7.994713E+01,2.388836E+01,6.530885E+01
01:30:00,8.012325E+03,8.211778E+02,5.578819E-01,7.252060E-02,0.000000E+00,0.000000E+00,0.000000E+00,0.000000E+00,0.000000E+00,0.000000E+00,0.000000E+00,0.000000E+00,2.110805E+01,7.994713E+01,2.388836E+01,6.532798E+01
01:31:00,8.012325E+03,8.195034E+02,5.578819E-01,7.237272E-02,0.000000E+00,0.000000E+00,0.000000E+00,0.000000E+00,0.000000E+00,0.000000E+00,0.000000E+00,0.000000E+00,2.110805E+01,7.994713E+01,2.388836E+01,6.534706E+01
01:32:00,8.012325E+03,8.178371E+02,5.578819E-01,7.222556E-02,0.000000E+00,0.000000E+00,0.000000E+00,0.000000E+00,0.000000E+00,0.000000E+00,0.000000E+00,0.000000E+00,2.110805E+01,7.994713E+01,2.388836E+01,6.536609E+01
01:33:00,8.012325E+03,8.161791E+02,5.578819E-01,7.207914E-02,0.000000E+00,0.000000E+00,0.000000E+00,0.000000E+00,0.000000E+00,0.000000E+00,0.000000E+00,0.000000E+00,2.110805E+01,7.994713E+01,2.388836E+01,6.538508E+01
01:34:00,8.012325E+03,8.145294E+02,5.578819E-01,7.193344E-02,0.000000E+00,0.000000E+00,0.000000E+00,0.000000E+00,0.000000E+00,0.000000E+00,0.000000E+00,0.000000E+00,2.110805E+01,7.994713E+01,2.388836E+01,6.540401E+01
01:35:00,8.012325E+03,8.128878E+02,5.578819E-01,7.178847E-02,0.000000E+00,0.000000E+00,0.000000E+00,0.000000E+00,0.000000E+00,0.000000E+00,0.000000E+00,0.000000E+00,2.110805E+01,7.994713E+01,2.388836E+01,6.542290E+01
01:36:00,8.012325E+03,8.112545E+02,5.578819E-01,7.164422E-02,0.000000E+00,0.000000E+00,0.000000E+00,0.000000E+00,0.000000E+00,0.000000E+00,0.000000E+00,0.000000E+00,2.110805E+01,7.994713E+01,2.388836E+01,6.544175E+01
01:37:00,8.012325E+03,8.096294E+02,5.578819E-01,7.150069E-02,0.000000E+00,0.000000E+00,0.000000E+00,0.000000E+00,0.000000E+00,0.000000E+00,0.000000E+00,0.000000E+00,2.110805E+01,7.994713E+01,2.388836E+01,6.546055E+01
01:38:00,8.012325E+03,8.080125E+02,5.578819E-01,7.135790E-02,0.000000E+00,0.000000E+00,0.000000E+00,0.000000E+00,0.000000E+00,0.000000E+00,0.000000E+00,0.000000E+00,2.110805E+01,7.994713E+01,2.388836E+01,6.547931E+01
01:39:00,8.012325E+03,8.064037E+02,5.578819E-01,7.121582E-02,0.000000E+00,0.000000E+00,0.000000E+00,0.000000E+00,0.000000E+00,0.000000E+00,0.000000E+00,0.000000E+00,2.110805E+01,7.994713E+01,2.388836E+01,6.549803E+01
01:40:00,8.012325E+03,8.048032E+02,5.578819E-01,7.107447E-02,0.000000E+00,0.000000E+00,0.000000E+00,0.000000E+00,0.000000E+00,0.000000E+00,0.000000E+00,0.000000E+00,2.110805E+01,7.994713E+01,2.388836E+01,6.551671E+01
01:41:00,8.012325E+03,8.032109E+02,5.578819E-01,7.093384E-02,0.000000E+00,0.000000E+00,0.000000E+00,0.000000E+00,0.000000E+00,0.000000E+00,0.000000E+00,0.000000E+00,2.110805E+01,7.994713E+01,2.388836E+01,6.553535E+01
01:42:00,8.012325E+03,8.016267E+02,5.578819E-01,7.079394E-02,0.000000E+00,0.000000E+00,0.000000E+00,0.000000E+00,0.000000E+00,0.000000E+00,0.000000E+00,0.000000E+00,2.110805E+01,7.994713E+01,2.388836E+01,6.555395E+01
01:43:00,8.012325E+03,8.000507E+02,5.578819E-01,7.065475E-02,0.000000E+00,0.000000E+00,0.000000E+00,0.000000E+00,0.000000E+00,0.000000E+00,0.000000E+00,0.000000E+00,2.110805E+01,7.994713E+01,2.388837E+01,6.557251E+01
01:44:00,8.012325E+03,7.984829E+02,5.578819E-01,7.051629E-02,0.000000E+00,0.000000E+00,0.000000E+00,0.000000E+00,0.000000E+00,0.000000E+00,0.000000E+00,0.000000E+00,2.110805E+01,7.994713E+01,2.388837E+01,6.559104E+01
01:45:00,8.012325E+03,7.969232E+02,5.578819E-01,7.037855E-02,0.000000E+00,0.000000E+00,0.000000E+00,0.000000E+00,0.000000E+00,0.000000E+00,0.000000E+00,0.000000E+00,2.110805E+01,7.994713E+01,2.388837E+01,6.560953E+01
01:46:00,8.012325E+03,7.953717E+02,5.578819E-01,7.024153E-02,0.000000E+00,0.000000E+00,0.000000E+00,0.000000E+00,0.000000E+00,0.000000E+00,0.000000E+00,0.000000E+00,2.110805E+01,7.994713E+01,2.388837E+01,6.562799E+01
01:47:00,8.012325E+03,7.938284E+02,5.578819E-01,7.010522E-02,0.000000E+00,0.000000E+00,0.000000E+00,0.000000E+00,0.000000E+00,0.000000E+00,0.000000E+00,0.000000E+00,2.110805E+01,7.994713E+01,2.388837E+01,6.564642E+01
01:48:00,8.012325E+03,7.922932E+02,5.578819E-01,6.996964E-02,0.000000E+00,0.000000E+00,0.000000E+00,0.000000E+00,0.000000E+00,0.000000E+00,0.000000E+00,0.000000E+00,2.110805E+01,7.994713E+01,2.388837E+01,6.566481E+01
01:49:00,8.012325E+03,7.907661E+02,5.578819E-01,6.983478E-02,0.000000E+00,0.000000E+00,0.000000E+00,0.000000E+00,0.000000E+00,0.000000E+00,0.000000E+00,0.000000E+00,2.110805E+01,7.994713E+01,2.388837E+01,6.568316E+01
01:50:00,8.012325E+03,7.892472E+02,5.578819E-01,6.970064E-02,0.000000E+00,0.000000E+00,0.000000E+00,0.000000E+00,0.000000E+00,0.000000E+00,0.000000E+00,0.000000E+00,2.110805E+01,7.994713E+01,2.388837E+01,6.570149E+01
01:51:00,8.012325E+03,7.877364E+02,5.578819E-01,6.956721E-02,0.000000E+00,0.000000E+00,0.000000E+00,0.000000E+00,0.000000E+00,0.000000E+00,0.000000E+00,0.000000E+00,2.110805E+01,7.994713E+01,2.388837E+01,6.571979E+01
01:52:00,8.012325E+03,7.862337E+02,5.578819E-01,6.943450E-02,0.000000E+00,0.000000E+00,0.000000E+00,0.000000E+00,0.000000E+00,0.000000E+00,0.000000E+00,0.000000E+00,2.110805E+01,7.994713E+01,2.388837E+01,6.573806E+01
01:53:00,8.012325E+03,7.847392E+02,5.578819E-01,6.930251E-02,0.000000E+00,0.000000E+00,0.000000E+00,0.000000E+00,0.000000E+00,0.000000E+00,0.000000E+00,0.000000E+00,2.110805E+01,7.994713E+01,2.388837E+01,6.575630E+01
01:54:00,8.012325E+03,7.832527E+02,5.578819E-01,6.917123E-02,0.000000E+00,0.000000E+00,0.000000E+00,0.000000E+00,0.000000E+00,0.000000E+00,0.000000E+00,0.000000E+00,2.110805E+01,7.994713E+01,2.388837E+01,6.577451E+01
01:55:00,8.012325E+03,7.817744E+02,5.578819E-01,6.904068E-02,0.000000E+00,0.000000E+00,0.000000E+00,0.000000E+00,0.000000E+00,0.000000E+00,0.000000E+00,0.000000E+00,2.110805E+01,7.994713E+01,2.388837E+01,6.579269E+01
01:56:00,8.012325E+03,7.803042E+02,5.578819E-01,6.891084E-02,0.000000E+00,0.000000E+00,0.000000E+00,0.000000E+00,0.000000E+00,0.000000E+00,0.000000E+00,0.000000E+00,2.110805E+01,7.994713E+01,2.388837E+01,6.581085E+01
01:57:00,8.012325E+03,7.788421E+02,5.578819E-01,6.878171E-02,0.000000E+00,0.000000E+00,0.000000E+00,0.000000E+00,0.000000E+00,0.000000E+00,0.000000E+00,0.000000E+00,2.110805E+01,7.994713E+01,2.388837E+01,6.582898E+01
01:58:00,8.012325E+03,7.773881E+02,5.578819E-01,6.865330E-02,0.000000E+00,0.000000E+00,0.000000E+00,0.000000E+00,0.000000E+00,0.000000E+00,0.000000E+00,0.000000E+00,2.110805E+01,7.994713E+01,2.388837E+01,6.584708E+01
01:59:00,8.012325E+03,7.759422E+02,5.578819E-01,6.852560E-02,0.000000E+00,0.000000E+00,0.000000E+00,0.000000E+00,0.000000E+00,0.000000E+00,0.000000E+00,0.000000E+00,2.110805E+01,7.994713E+01,2.388837E+01,6.586516E+01
02:00:00,8.012325E+03,7.745044E+02,5.578819E-01,6.839862E-02,0.000000E+00,0.000000E+00,0.000000E+00,0.000000E+00,0.000000E+00,0.000000E+00,0.000000E+00,0.000000E+00,2.110805E+01,7.994713E+01,2.388837E+01,6.588321E+01
02:01:00,8.012325E+03,7.730718E+02,5.578819E-01,6.827210E-02,0.000000E+00,0.000000E+00,0.000000E+00,0.000000E+00,0.000000E+00,0.000000E+00,0.000000E+00,0.000000E+00,2.110805E+01,7.994713E+01,2.388838E+01,6.590124E+01
02:02:00,8.012325E+03,7.716444E+02,5.578819E-01,6.814604E-02,0.000000E+00,0.000000E+00,0.000000E+00,0.000000E+00,0.000000E+00,0.000000E+00,0.000000E+00,0.000000E+00,2.110805E+01,7.994713E+01,2.388838E+01,6.591921E+01
02:03:00,8.012325E+03,7.702223E+02,5.578819E-01,6.802045E-02,0.000000E+00,0.000000E+00,0.000000E+00,0.000000E+00,0.000000E+00,0.000000E+00,0.000000E+00,0.000000E+00,2.110805E+01,7.994713E+01,2.388838E+01,6.593711E+01
02:04:00,8.012325E+03,7.688054E+02,5.578819E-01,6.789532E-02,0.000000E+00,0.000000E+00,0.000000E+00,0.000000E+00,0.000000E+00,0.000000E+00,0.000000E+00,0.000000E+00,2.110805E+01,7.994713E+01,2.388838E+01,6.595493E+01
02:05:00,8.012325E+03,7.673938E+02,5.578819E-01,6.777065E-02,0.000000E+00,0.000000E+00,0.000000E+00,0.000000E+00,0.000000E+00,0.000000E+00,0.000000E+00,0.000000E+00,2.110805E+01,7.994713E+01,2.388838E+01,6.597267E+01
02:06:00,8.012325E+03,7.659873E+02,5.578819E-01,6.764644E-02,0.000000E+00,0.000000E+00,0.000000E+00,0.000000E+00,0.000000E+00,0.000000E+00,0.000000E+00,0.000000E+00,2.110805E+01,7.994713E+01,2.388838E+01,6.599034E+01
02:07:00,8.012325E+03,7.645862E+02,5.578819E-01,6.752269E-02,0.000000E+00,0.000000E+00,0.000000E+00,0.000000E+00,0.000000E+00,0.000000E+00,0.000000E+00,0.000000E+00,2.110805E+01,7.994713E+01,2.388838E+01,6.600793E+01
02:08:00,8.012325E+03,7.631902E+02,5.578819E-01,6.739941E-02,0.000000E+00,0.000000E+00,0.000000E+00,0.000000E+00,0.000000E+00,0.000000E+00,0.000000E+00,0.000000E+00,2.110805E+01,7.994713E+01,2.388838E+01,6.602545E+01
02:09:00,8.012325E+03,7.617994E+02,5.578819E-01,6.727658E-02,0.000000E+00,0.000000E+00,0.000000E+00,0.000000E+00,0.000000E+00,0.000000E+00,0.000000E+00,0.000000E+00,2.110805E+01,7.994713E+01,2.388838E+01,6.604291E+01
02:10:00,8.012325E+03,7.604139E+02,5.578819E-01,6.715422E-02,0.000000E+00,0.000000E+00,0.000000E+00,0.000000E+00,0.000000E+00,0.000000E+00,0.000000E+00,0.000000E+00,2.110805E+01,7.994713E+01,2.388838E+01,6.606029E+01
02:11:00,8.012325E+03,7.590336E+02,5.578819E-01,6.703232E-02,0.000000E+00,0.000000E+00,0.000000E+00,0.000000E+00,0.000000E+00,0.000000E+00,0.000000E+00,0.000000E+00,2.110805E+01,7.994713E+01,2.388838E+01,6.607761E+01
02:12:00,8.012325E+03,7.576584E+02,5.578819E-01,6.691087E-02,0.000000E+00,0.000000E+00,0.000000E+00,0.000000E+00,0.000000E+00,0.000000E+00,0.000000E+00,0.000000E+00,2.110805E+01,7.994713E+01,2.388838E+01,6.609486E+01
02:13:00,8.012325E+03,7.562885E+02,5.578819E-01,6.678989E-02,0.000000E+00,0.000000E+00,0.000000E+00,0.000000E+00,0.000000E+00,0.000000E+00,0.000000E+00,0.000000E+00,2.110805E+01,7.994713E+01,2.388838E+01,6.611206E+01
02:14:00,8.012325E+03,7.549238E+02,5.578819E-01,6.666936E-02,0.000000E+00,0.000000E+00,0.000000E+00,0.000000E+00,0.000000E+00,0.000000E+00,0.000000E+00,0.000000E+00,2.110805E+01,7.994713E+01,2.388838E+01,6.612918E+01
02:15:00,8.012325E+03,7.535642E+02,5.578819E-01,6.654929E-02,0.000000E+00,0.000000E+00,0.000000E+00,0.000000E+00,0.000000E+00,0.000000E+00,0.000000E+00,0.000000E+00,2.110805E+01,7.994713E+01,2.388838E+01,6.614625E+01
02:16:00,8.012325E+03,7.522099E+02,5.578819E-01,6.642968E-02,0.000000E+00,0.000000E+00,0.000000E+00,0.000000E+00,0.000000E+00,0.000000E+00,0.000000E+00,0.000000E+00,2.110805E+01,7.994713E+01,2.388838E+01,6.616326E+01
02:17:00,8.012325E+03,7.508607E+02,5.578819E-01,6.631053E-02,0.000000E+00,0.000000E+00,0.000000E+00,0.000000E+00,0.000000E+00,0.000000E+00,0.000000E+00,0.000000E+00,2.110805E+01,7.994713E+01,2.388838E+01,6.618021E+01
02:18:00,8.012325E+03,7.495168E+02,5.578819E-01,6.619184E-02,0.000000E+00,0.000000E+00,0.000000E+00,0.000000E+00,0.000000E+00,0.000000E+00,0.000000E+00,0.000000E+00,2.110805E+01,7.994713E+01,2.388838E+01,6.619711E+01
02:19:00,8.012325E+03,7.481780E+02,5.578819E-01,6.607360E-02,0.000000E+00,0.000000E+00,0.000000E+00,0.000000E+00,0.000000E+00,0.000000E+00,0.000000E+00,0.000000E+00,2.110805E+01,7.994713E+01,2.388838E+01,6.621395E+01
02:20:00,8.012325E+03,7.468443E+02,5.578819E-01,6.595582E-02,0.000000E+00,0.000000E+00,0.000000E+00,0.000000E+00,0.000000E+00,0.000000E+00,0.000000E+00,0.000000E+00,2.110805E+01,7.994713E+01,2.388838E+01,6.623073E+01
02:21:00,8.012325E+03,7.455159E+02,5.578819E-01,6.583850E-02,0.000000E+00,0.000000E+00,0.000000E+00,0.000000E+00,0.000000E+00,0.000000E+00,0.000000E+00,0.000000E+00,2.110805E+01,7.994713E+01,2.388838E+01,6.624747E+01
02:22:00,8.012325E+03,7.441926E+02,5.578819E-01,6.572164E-02,0.000000E+00,0.000000E+00,0.000000E+00,0.000000E+00,0.000000E+00,0.000000E+00,0.000000E+00,0.000000E+00,2.110805E+01,7.994713E+01,2.388839E+01,6.626415E+01
02:23:00,8.012325E+03,7.428745E+02,5.578819E-01,6.560523E-02,0.000000E+00,0.000000E+00,0.000000E+00,0.000000E+00,0.000000E+00,0.000000E+00,0.000000E+00,0.000000E+00,2.110805E+01,7.994713E+01,2.388839E+01,6.628078E+01
02:24:00,8.012325E+03,7.415616E+02,5.578819E-01,6.548928E-02,0.000000E+00,0.000000E+00,0.000000E+00,0.000000E+00,0.000000E+00,0.000000E+00,0.000000E+00,0.000000E+00,2.110805E+01,7.994713E+01,2.388839E+01,6.629736E+01
02:25:00,8.012325E+03,7.402538E+02,5.578819E-01,6.537378E-02,0.000000E+00,0.000000E+00,0.000000E+00,0.000000E+00,0.000000E+00,0.000000E+00,0.000000E+00,0.000000E+00,2.110805E+01,7.994713E+01,2.388839E+01,6.631390E+01
02:26:00,8.012325E+03,7.389512E+02,5.578819E-01,6.525874E-02,0.000000E+00,0.000000E+00,0.000000E+00,0.000000E+00,0.000000E+00,0.000000E+00,0.000000E+00,0.000000E+00,2.110805E+01,7.994713E+01,2.388839E+01,6.633038E+01
02:27:00,8.012325E+03,7.376538E+02,5.578819E-01,6.514416E-02,0.000000E+00,0.000000E+00,0.000000E+00,0.000000E+00,0.000000E+00,0.000000E+00,0.000000E+00,0.000000E+00,2.110805E+01,7.994713E+01,2.388839E+01,6.634682E+01
02:28:00,8.012325E+03,7.363615E+02,5.578819E-01,6.503003E-02,0.000000E+00,0.000000E+00,0.000000E+00,0.000000E+00,0.000000E+00,0.000000E+00,0.000000E+00,0.000000E+00,2.110805E+01,7.994713E+01,2.388839E+01,6.636322E+01
02:29:00,8.012325E+03,7.350744E+02,5.578819E-01,6.491636E-02,0.000000E+00,0.000000E+00,0.000000E+00,0.000000E+00,0.000000E+00,0.000000E+00,0.000000E+00,0.000000E+00,2.110805E+01,7.994713E+01,2.388839E+01,6.637957E+01
02:30:00,8.012325E+03,7.337924E+02,5.578819E-01,6.480314E-02,0.000000E+00,0.000000E+00,0.000000E+00,0.000000E+00,0.000000E+00,0.000000E+00,0.000000E+00,0.000000E+00,2.110805E+01,7.994713E+01,2.388839E+01,6.639587E+01
02:31:00,8.012325E+03,7.325156E+02,5.578819E-01,6.469038E-02,0.000000E+00,0.000000E+00,0.000000E+00,0.000000E+00,0.000000E+00,0.000000E+00,0.000000E+00,0.000000E+00,2.110805E+01,7.994713E+01,2.388839E+01,6.641213E+01
02:32:00,8.012325E+03,7.312439E+02,5.578819E-01,6.457807E-02,0.000000E+00,0.000000E+00,0.000000E+00,0.000000E+00,0.000000E+00,0.000000E+00,0.000000E+00,0.000000E+00,2.110805E+01,7.994713E+01,2.388839E+01,6.642835E+01
02:33:00,8.012325E+03,7.299774E+02,5.578819E-01,6.446622E-02,0.000000E+00,0.000000E+00,0.000000E+00,0.000000E+00,0.000000E+00,0.000000E+00,0.000000E+00,0.000000E+00,2.110805E+01,7.994713E+01,2.388839E+01,6.644453E+01
02:34:00,8.012325E+03,7.287160E+02,5.578819E-01,6.435482E-02,0.000000E+00,0.000000E+00,0.000000E+00,0.000000E+00,0.000000E+00,0.000000E+00,0.000000E+00,0.000000E+00,2.110805E+01,7.994713E+01,2.388839E+01,6.646067E+01
02:35:00,8.012325E+03,7.274598E+02,5.578819E-01,6.424388E-02,0.000000E+00,0.000000E+00,0.000000E+00,0.000000E+00,0.000000E+00,0.000000E+00,0.000000E+00,0.000000E+00,2.110805E+01,7.994713E+01,2.388839E+01,6.647677E+01
02:36:00,8.012325E+03,7.262088E+02,5.578819E-01,6.413339E-02,0.000000E+00,0.000000E+00,0.000000E+00,0.000000E+00,0.000000E+00,0.000000E+00,0.000000E+00,0.000000E+00,2.110805E+01,7.994713E+01,2.388839E+01,6.649283E+01
02:37:00,8.012325E+03,7.249629E+02,5.578819E-01,6.402336E-02,0.000000E+00,0.000000E+00,0.000000E+00,0.000000E+00,0.000000E+00,0.000000E+00,0.000000E+00,0.000000E+00,2.110805E+01,7.994713E+01,2.388839E+01,6.650885E+01
02:38:00,8.012325E+03,7.237221E+02,5.578819E-01,6.391378E-02,0.000000E+00,0.000000E+00,0.000000E+00,0.000000E+00,0.000000E+00,0.000000E+00,0.000000E+00,0.000000E+00,2.110805E+01,7.994713E+01,2.388839E+01,6.652483E+01
02:39:00,8.012325E+03,7.224865E+02,5.578819E-01,6.380466E-02,0.000000E+00,0.000000E+00,0.000000E+00,0.000000E+00,0.000000E+00,0.000000E+00,0.000000E+00,0.000000E+00,2.110805E+01,7.994713E+01,2.388839E+01,6.654078E+01
02:40:00,8.012325E+03,7.212560E+02,5.578819E-01,6.369599E-02,0.000000E+00,0.000000E+00,0.000000E+00,0.000000E+00,0.000000E+00,0.000000E+00,0.000000E+00,0.000000E+00,2.110805E+01,7.994713E+01,2.388839E+01,6.655669E+01
02:41:00,8.012325E+03,7.200307E+02,5.578819E-01,6.358778E-02,0.000000E+00,0.000000E+00,0.000000E+00,0.000000E+00,0.000000E+00,0.000000E+00,0.000000E+00,0.000000E+00,2.110805E+01,7.994713E+01,2.388839E+01,6.657257E+01
02:42:00,8.012325E+03,7.188105E+02,5.578819E-01,6.348002E-02,0.000000E+00,0.000000E+00,0.000000E+00,0.000000E+00,0.000000E+00,0.000000E+00,0.000000E+00,0.000000E+00,2.110805E+01,7.994713E+01,2.388839E+01,6.658841E+01
02:43:00,8.012325E+03,7.175955E+02,5.578819E-01,6.337271E-02,0.000000E+00,0.000000E+00,0.000000E+00,0.000000E+00,0.000000E+00,0.000000E+00,0.000000E+00,0.000000E+00,2.110805E+01,7.994713E+01,2.388839E+01,6.660421E+01
02:44:00,8.012325E+03,7.163856E+02,5.578819E-01,6.326586E-02,0.000000E+00,0.000000E+00,0.000000E+00,0.000000E+00,0.000000E+00,0.000000E+00,0.000000E+00,0.000000E+00,2.110805E+01,7.994713E+01,2.388840E+01,6.661998E+01
02:45:00,8.012325E+03,7.151809E+02,5.578819E-01,6.315947E-02,0.000000E+00,0.000000E+00,0.000000E+00,0.000000E+00,0.000000E+00,0.000000E+00,0.000000E+00,0.000000E+00,2.110805E+01,7.994713E+01,2.388840E+01,6.663572E+01
02:46:00,8.012325E+03,7.139813E+02,5.578819E-01,6.305353E-02,0.000000E+00,0.000000E+00,0.000000E+00,0.000000E+00,0.000000E+00,0.000000E+00,0.000000E+00,0.000000E+00,2.110805E+01,7.994713E+01,2.388840E+01,6.665143E+01
02:47:00,8.012325E+03,7.127869E+02,5.578819E-01,6.294805E-02,0.000000E+00,0.000000E+00,0.000000E+00,0.000000E+00,0.000000E+00,0.000000E+00,0.000000E+00,0.000000E+00,2.110805E+01,7.994713E+01,2.388840E+01,6.666710E+01
02:48:00,8.012325E+03,7.115977E+02,5.578819E-01,6.284302E-02,0.000000E+00,0.000000E+00,0.000000E+00,0.000000E+00,0.000000E+00,0.000000E+00,0.000000E+00,0.000000E+00,2.110805E+01,7.994713E+01,2.388840E+01,6.668274E+01
02:49:00,8.012325E+03,7.104136E+02,5.578819E-01,6.273844E-02,0.000000E+00,0.000000E+00,0.000000E+00,0.000000E+00,0.000000E+00,0.000000E+00,0.000000E+00,0.000000E+00,2.110805E+01,7.994713E+01,2.388840E+01,6.669835E+01
02:50:00,8.012325E+03,7.092347E+02,5.578819E-01,6.263433E-02,0.000000E+00,0.000000E+00,0.000000E+00,0.000000E+00,0.000000E+00,0.000000E+00,0.000000E+00,0.000000E+00,2.110805E+01,7.994713E+01,2.388840E+01,6.671392E+01
02:51:00,8.012325E+03,7.080609E+02,5.578819E-01,6.253067E-02,0.000000E+00,0.000000E+00,0.000000E+00,0.000000E+00,0.000000E+00,0.000000E+00,0.000000E+00,0.000000E+00,2.110805E+01,7.994713E+01,2.388840E+01,6.672947E+01
02:52:00,8.012325E+03,7.068923E+02,5.578819E-01,6.242746E-02,0.000000E+00,0.000000E+00,0.000000E+00,0.000000E+00,0.000000E+00,0.000000E+00,0.000000E+00,0.000000E+00,2.110805E+01,7.994713E+01,2.388840E+01,6.674499E+01
02:53:00,8.012325E+03,7.057289E+02,5.578819E-01,6.232472E-02,0.000000E+00,0.000000E+00,0.000000E+00,0.000000E+00,0.000000E+00,0.000000E+00,0.000000E+00,0.000000E+00,2.110805E+01,7.994713E+01,2.388840E+01,6.676047E+01
02:54:00,8.012325E+03,7.045707E+02,5.578819E-01,6.222243E-02,0.000000E+00,0.000000E+00,0.000000E+00,0.000000E+00,0.000000E+00,0.000000E+00,0.000000E+00,0.000000E+00,2.110805E+01,7.994713E+01,2.388840E+01,6.677593E+01
02:55:00,8.012325E+03,7.034177E+02,5.578819E-01,6.212060E-02,0.000000E+00,0.000000E+00,0.000000E+00,0.000000E+00,0.000000E+00,0.000000E+00,0.000000E+00,0.000000E+00,2.110805E+01,7.994713E+01,2.388840E+01,6.679135E+01
02:56:00,8.012325E+03,7.022700E+02,5.578819E-01,6.201924E-02,0.000000E+00,0.000000E+00,0.000000E+00,0.000000E+00,0.000000E+00,0.000000E+00,0.000000E+00,0.000000E+00,2.110805E+01,7.994713E+01,2.388840E+01,6.680675E+01
02:57:00,8.012325E+03,7.011274E+02,5.578819E-01,6.191833E-02,0.000000E+00,0.000000E+00,0.000000E+00,0.000000E+00,0.000000E+00,0.000000E+00,0.000000E+00,0.000000E+00,2.110805E+01,7.994713E+01,2.388840E+01,6.682212E+01
02:58:00,8.012325E+03,6.999900E+02,5.578819E-01,6.181788E-02,0.000000E+00,0.000000E+00,0.000000E+00,0.000000E+00,0.000000E+00,0.000000E+00,0.000000E+00,0.000000E+00,2.110805E+01,7.994713E+01,2.388840E+01,6.683746E+01
02:59:00,8.012325E+03,6.988578E+02,5.578819E-01,6.171789E-02,0.000000E+00,0.000000E+00,0.000000E+00,0.000000E+00,0.000000E+00,0.000000E+00,0.000000E+00,0.000000E+00,2.110805E+01,7.994713E+01,2.388840E+01,6.685276E+01
03:00:00,8.012325E+03,6.977307E+02,5.578819E-01,6.161836E-02,0.000000E+00,0.000000E+00,0.000000E+00,0.000000E+00,0.000000E+00,0.000000E+00,0.000000E+00,0.000000E+00,2.110805E+01,7.994713E+01,2.388840E+01,6.686805E+01
03:01:00,8.012325E+03,6.966060E+02,5.578819E-01,6.151903E-02,0.000000E+00,0.000000E+00,0.000000E+00,0.000000E+00,0.000000E+00,0.000000E+00,0.000000E+00,0.000000E+00,2.110805E+01,7.994713E+01,2.388840E+01,6.688330E+01
03:02:00,8.012325E+03,6.954836E+02,5.578819E-01,6.141991E-02,0.000000E+00,0.000000E+00,0.000000E+00,0.000000E+00,0.000000E+00,0.000000E+00,0.000000E+00,0.000000E+00,2.110805E+01,7.994713E+01,2.388840E+01,6.689853E+01
03:03:00,8.012325E+03,6.943636E+02,5.578819E-01,6.132099E-02,0.000000E+00,0.000000E+00,0.000000E+00,0.000000E+00,0.000000E+00,0.000000E+00,0.000000E+00,0.000000E+00,2.110805E+01,7.994713E+01,2.388840E+01,6.691373E+01
03:04:00,8.012325E+03,6.932459E+02,5.578819E-01,6.122228E-02,0.000000E+00,0.000000E+00,0.000000E+00,0.000000E+00,0.000000E+00,0.000000E+00,0.000000E+00,0.000000E+00,2.110805E+01,7.994713E+01,2.388840E+01,6.692891E+01
03:05:00,8.012325E+03,6.921305E+02,5.578819E-01,6.112378E-02,0.000000E+00,0.000000E+00,0.000000E+00,0.000000E+00,0.000000E+00,0.000000E+00,0.000000E+00,0.000000E+00,2.110805E+01,7.994713E+01,2.388841E+01,6.694406E+01
03:06:00,8.012325E+03,6.910175E+02,5.578819E-01,6.102548E-02,0.000000E+00,0.000000E+00,0.000000E+00,0.000000E+00,0.000000E+00,0.000000E+00,0.000000E+00,0.000000E+00,2.110805E+01,7.994713E+01,2.388841E+01,6.695919E+01
03:07:00,8.012325E+03,6.899068E+02,5.578819E-01,6.092739E-02,0.000000E+00,0.000000E+00,0.000000E+00,0.000000E+00,0.000000E+00,0.000000E+00,0.000000E+00,0.000000E+00,2.110805E+01,7.994713E+01,2.388841E+01,6.697428E+01
03:08:00,8.012325E+03,6.887985E+02,5.578819E-01,6.082951E-02,0.000000E+00,0.000000E+00,0.000000E+00,0.000000E+00,0.000000E+00,0.000000E+00,0.000000E+00,0.000000E+00,2.110805E+01,7.994713E+01,2.388841E+01,6.698936E+01
03:09:00,8.012325E+03,6.876925E+02,5.578819E-01,6.073183E-02,0.000000E+00,0.000000E+00,0.000000E+00,0.000000E+00,0.000000E+00,0.000000E+00,0.000000E+00,0.000000E+00,2.110805E+01,7.994713E+01,2.388841E+01,6.700441E+01
03:10:00,8.012325E+03,6.865888E+02,5.578819E-01,6.063437E-02,0.000000E+00,0.000000E+00,0.000000E+00,0.000000E+00,0.000000E+00,0.000000E+00,0.000000E+00,0.000000E+00,2.110805E+01,7.994713E+01,2.388841E+01,6.701944E+01
03:11:00,8.012325E+03,6.854876E+02,5.578819E-01,6.053711E-02,0.000000E+00,0.000000E+00,0.000000E+00,0.000000E+00,0.000000E+00,0.000000E+00,0.000000E+00,0.000000E+00,2.110805E+01,7.994713E+01,2.388841E+01,6.703443E+01
03:12:00,8.012325E+03,6.843887E+02,5.578819E-01,6.044006E-02,0.000000E+00,0.000000E+00,0.000000E+00,0.000000E+00,0.000000E+00,0.000000E+00,0.000000E+00,0.000000E+00,2.110805E+01,7.994713E+01,2.388841E+01,6.704941E+01
03:13:00,8.012325E+03,6.832921E+02,5.578819E-01,6.034322E-02,0.000000E+00,0.000000E+00,0.000000E+00,0.000000E+00,0.000000E+00,0.000000E+00,0.000000E+00,0.000000E+00,2.110805E+01,7.994713E+01,2.388841E+01,6.706436E+01
03:14:00,8.012325E+03,6.821980E+02,5.578819E-01,6.024659E-02,0.000000E+00,0.000000E+00,0.000000E+00,0.000000E+00,0.000000E+00,0.000000E+00,0.000000E+00,0.000000E+00,2.110805E+01,7.994713E+01,2.388841E+01,6.707929E+01
03:15:00,8.012325E+03,6.811063E+02,5.578819E-01,6.015017E-02,0.000000E+00,0.000000E+00,0.000000E+00,0.000000E+00,0.000000E+00,0.000000E+00,0.000000E+00,0.000000E+00,2.110805E+01,7.994713E+01,2.388841E+01,6.709420E+01
03:16:00,8.012325E+03,6.800169E+02,5.578819E-01,6.005397E-02,0.000000E+00,0.000000E+00,0.000000E+00,0.000000E+00,0.000000E+00,0.000000E+00,0.000000E+00,0.000000E+00,2.110805E+01,7.994713E+01,2.388841E+01,6.710908E+01
03:17:00,8.012325E+03,6.789301E+02,5.578819E-01,5.995799E-02,0.000000E+00,0.000000E+00,0.000000E+00,0.000000E+00,0.000000E+00,0.000000E+00,0.000000E+00,0.000000E+00,2.110805E+01,7.994713E+01,2.388841E+01,6.712393E+01
03:18:00,8.012325E+03,6.778458E+02,5.578819E-01,5.986223E-02,0.000000E+00,0.000000E+00,0.000000E+00,0.000000E+00,0.000000E+00,0.000000E+00,0.000000E+00,0.000000E+00,2.110805E+01,7.994713E+01,2.388841E+01,6.713876E+01
03:19:00,8.012325E+03,6.767639E+02,5.578819E-01,5.976668E-02,0.000000E+00,0.000000E+00,0.000000E+00,0.000000E+00,0.000000E+00,0.000000E+00,0.000000E+00,0.000000E+00,2.110805E+01,7.994713E+01,2.388841E+01,6.715357E+01
03:20:00,8.012325E+03,6.756845E+02,5.578819E-01,5.967135E-02,0.000000E+00,0.000000E+00,0.000000E+00,0.000000E+00,0.000000E+00,0.000000E+00,0.000000E+00,0.000000E+00,2.110805E+01,7.994713E+01,2.388841E+01,6.716835E+01
03:21:00,8.012325E+03,6.746074E+02,5.578819E-01,5.957622E-02,0.000000E+00,0.000000E+00,0.000000E+00,0.000000E+00,0.000000E+00,0.000000E+00,0.000000E+00,0.000000E+00,2.110805E+01,7.994713E+01,2.388841E+01,6.718310E+01
03:22:00,8.012325E+03,6.735326E+02,5.578819E-01,5.948131E-02,0.000000E+00,0.000000E+00,0.000000E+00,0.000000E+00,0.000000E+00,0.000000E+00,0.000000E+00,0.000000E+00,2.110805E+01,7.994713E+01,2.388841E+01,6.719783E+01
03:23:00,8.012326E+03,6.724602E+02,5.578819E-01,5.938660E-02,0.000000E+00,0.000000E+00,0.000000E+00,0.000000E+00,0.000000E+00,0.000000E+00,0.000000E+00,0.000000E+00,2.110805E+01,7.994713E+01,2.388841E+01,6.721255E+01
03:24:00,8.012326E+03,6.713901E+02,5.578819E-01,5.929210E-02,0.000000E+00,0.000000E+00,0.000000E+00,0.000000E+00,0.000000E+00,0.000000E+00,0.000000E+00,0.000000E+00,2.110805E+01,7.994713E+01,2.388841E+01,6.722723E+01
03:25:00,8.012326E+03,6.703224E+02,5.578819E-01,5.919780E-02,0.000000E+00,0.000000E+00,0.000000E+00,0.000000E+00,0.000000E+00,0.000000E+00,0.000000E+00,0.000000E+00,2.110805E+01,7.994713E+01,2.388841E+01,6.724190E+01
03:26:00,8.012326E+03,6.692569E+02,5.578819E-01,5.910370E-02,0.000000E+00,0.000000E+00,0.000000E+00,0.000000E+00,0.000000E+00,0.000000E+00,0.000000E+00,0.000000E+00,2.110805E+01,7.994713E+01,2.388841E+01,6.725655E+01
03:27:00,8.012326E+03,6.681938E+02,5.578819E-01,5.900981E-02,0.000000E+00,0.000000E+00,0.000000E+00,0.000000E+00,0.000000E+00,0.000000E+00,0.000000E+00,0.000000E+00,2.110805E+01,7.994713E+01,2.388842E+01,6.727118E+01
03:28:00,8.012326E+03,6.671329E+02,5.578819E-01,5.891612E-02,0.000000E+00,0.000000E+00,0.000000E+00,0.000000E+00,0.000000E+00,0.000000E+00,0.000000E+00,0.000000E+00,2.110805E+01,7.994713E+01,2.388842E+01,6.728578E+01
03:29:00,8.012326E+03,6.660743E+02,5.578819E-01,5.882263E-02,0.000000E+00,0.000000E+00,0.000000E+00,0.000000E+00,0.000000E+00,0.000000E+00,0.000000E+00,0.000000E+00,2.110805E+01,7.994713E+01,2.388842E+01,6.730037E+01
03:30:00,8.012326E+03,6.650180E+02,5.578819E-01,5.872934E-02,0.000000E+00,0.000000E+00,0.000000E+00,0.000000E+00,0.000000E+00,0.000000E+00,0.000000E+00,0.000000E+00,2.110805E+01,7.994713E+01,2.388842E+01,6.731494E+01
03:31:00,8.012326E+03,6.639639E+02,5.578819E-01,5.863625E-02,0.000000E+00,0.000000E+00,0.000000E+00,0.000000E+00,0.000000E+00,0.000000E+00,0.000000E+00,0.000000E+00,2.110805E+01,7.994713E+01,2.388842E+01,6.732949E+01
03:32:00,8.012326E+03,6.629121E+02,5.578819E-01,5.854336E-02,0.000000E+00,0.000000E+00,0.000000E+00,0.000000E+00,0.000000E+00,0.000000E+00,0.000000E+00,0.000000E+00,2.110805E+01,7.994713E+01,2.388842E+01,6.734401E+01
03:33:00,8.012326E+03,6.618626E+02,5.578819E-01,5.845067E-02,0.000000E+00,0.000000E+00,0.000000E+00,0.000000E+00,0.000000E+00,0.000000E+00,0.000000E+00,0.000000E+00,2.110805E+01,7.994713E+01,2.388842E+01,6.735852E+01
03:34:00,8.012326E+03,6.608153E+02,5.578819E-01,5.835818E-02,0.000000E+00,0.000000E+00,0.000000E+00,0.000000E+00,0.000000E+00,0.000000E+00,0.000000E+00,0.000000E+00,2.110805E+01,7.994713E+01,2.388842E+01,6.737301E+01
03:35:00,8.012326E+03,6.597703E+02,5.578819E-01,5.826589E-02,0.000000E+00,0.000000E+00,0.000000E+00,0.000000E+00,0.000000E+00,0.000000E+00,0.000000E+00,0.000000E+00,2.110805E+01,7.994713E+01,2.388842E+01,6.738749E+01
03:36:00,8.012326E+03,6.587275E+02,5.578819E-01,5.817380E-02,0.000000E+00,0.000000E+00,0.000000E+00,0.000000E+00,0.000000E+00,0.000000E+00,0.000000E+00,0.000000E+00,2.110805E+01,7.994713E+01,2.388842E+01,6.740194E+01
03:37:00,8.012326E+03,6.576870E+02,5.578819E-01,5.808191E-02,0.000000E+00,0.000000E+00,0.000000E+00,0.000000E+00,0.000000E+00,0.000000E+00,0.000000E+00,0.000000E+00,2.110805E+01,7.994713E+01,2.388842E+01,6.741637E+01
03:38:00,8.012326E+03,6.566487E+02,5.578819E-01,5.799021E-02,0.000000E+00,0.000000E+00,0.000000E+00,0.000000E+00,0.000000E+00,0.000000E+00,0.000000E+00,0.000000E+00,2.110805E+01,7.994713E+01,2.388842E+01,6.743079E+01
03:39:00,8.012326E+03,6.556126E+02,5.578819E-01,5.789871E-02,0.000000E+00,0.000000E+00,0.000000E+00,0.000000E+00,0.000000E+00,0.000000E+00,0.000000E+00,0.000000E+00,2.110805E+01,7.994713E+01,2.388842E+01,6.744519E+01
03:40:00,8.012326E+03,6.545787E+02,5.578819E-01,5.780740E-02,0.000000E+00,0.000000E+00,0.000000E+00,0.000000E+00,0.000000E+00,0.000000E+00,0.000000E+00,0.000000E+00,2.110805E+01,7.994713E+01,2.388842E+01,6.745957E+01
03:41:00,8.012326E+03,6.535470E+02,5.578819E-01,5.771629E-02,0.000000E+00,0.000000E+00,0.000000E+00,0.000000E+00,0.000000E+00,0.000000E+00,0.000000E+00,0.000000E+00,2.110805E+01,7.994713E+01,2.388842E+01,6.747393E+01
03:42:00,8.012326E+03,6.525176E+02,5.578819E-01,5.762537E-02,0.000000E+00,0.000000E+00,0.000000E+00,0.000000E+00,0.000000E+00,0.000000E+00,0.000000E+00,0.000000E+00,2.110805E+01,7.994713E+01,2.388842E+01,6.748827E+01
03:43:00,8.012326E+03,6.514904E+02,5.578819E-01,5.753465E-02,0.000000E+00,0.000000E+00,0.000000E+00,0.000000E+00,0.000000E+00,0.000000E+00,0.000000E+00,0.000000E+00,2.110805E+01,7.994713E+01,2.388842E+01,6.750260E+01
03:44:00,8.012326E+03,6.504653E+02,5.578819E-01,5.744413E-02,0.000000E+00,0.000000E+00,0.000000E+00,0.000000E+00,0.000000E+00,0.000000E+00,0.000000E+00,0.000000E+00,2.110805E+01,7.994713E+01,2.388842E+01,6.751691E+01
03:45:00,8.012326E+03,6.494425E+02,5.578819E-01,5.735380E-02,0.000000E+00,0.000000E+00,0.000000E+00,0.000000E+00,0.000000E+00,0.000000E+00,0.000000E+00,0.000000E+00,2.110805E+01,7.994713E+01,2.388842E+01,6.753120E+01
03:46:00,8.012326E+03,6.484219E+02,5.578819E-01,5.726366E-02,0.000000E+00,0.000000E+00,0.000000E+00,0.000000E+00,0.000000E+00,0.000000E+00,0.000000E+00,0.000000E+00,2.110805E+01,7.994713E+01,2.388842E+01,6.754547E+01
03:47:00,8.012326E+03,6.474034E+02,5.578819E-01,5.717372E-02,0.000000E+00,0.000000E+00,0.000000E+00,0.000000E+00,0.000000E+00,0.000000E+00,0.000000E+00,0.000000E+00,2.110805E+01,7.994713E+01,2.388842E+01,6.755972E+01
03:48:00,8.012326E+03,6.463872E+02,5.578819E-01,5.708397E-02,0.000000E+00,0.000000E+00,0.000000E+00,0.000000E+00,0.000000E+00,0.000000E+00,0.000000E+00,0.000000E+00,2.110805E+01,7.994713E+01,2.388842E+01,6.757396E+01
03:49:00,8.012326E+03,6.453732E+02,5.578819E-01,5.699442E-02,0.000000E+00,0.000000E+00,0.000000E+00,0.000000E+00,0.000000E+00,0.000000E+00,0.000000E+00,0.000000E+00,2.110805E+01,7.994713E+01,2.388843E+01,6.758818E+01
03:50:00,8.012326E+03,6.443614E+02,5.578819E-01,5.690506E-02,0.000000E+00,0.000000E+00,0.000000E+00,0.000000E+00,0.000000E+00,0.000000E+00,0.000000E+00,0.000000E+00,2.110805E+01,7.994713E+01,2.388843E+01,6.760238E+01
03:51:00,8.012326E+03,6.433518E+02,5.578819E-01,5.681590E-02,0.000000E+00,0.000000E+00,0.000000E+00,0.000000E+00,0.000000E+00,0.000000E+00,0.000000E+00,0.000000E+00,2.110805E+01,7.994713E+01,2.388843E+01,6.761656E+01
03:52:00,8.012326E+03,6.423444E+02,5.578819E-01,5.672693E-02,0.000000E+00,0.000000E+00,0.000000E+00,0.000000E+00,0.000000E+00,0.000000E+00,0.000000E+00,0.000000E+00,2.110805E+01,7.994713E+01,2.388843E+01,6.763073E+01
03:53:00,8.012326E+03,6.413392E+02,5.578819E-01,5.663816E-02,0.000000E+00,0.000000E+00,0.000000E+00,0.000000E+00,0.000000E+00,0.000000E+00,0.000000E+00,0.000000E+00,2.110805E+01,7.994713E+01,2.388843E+01,6.764487E+01
03:54:00,8.012326E+03,6.403362E+02,5.578819E-01,5.654958E-02,0.000000E+00,0.000000E+00,0.000000E+00,0.000000E+00,0.000000E+00,0.000000E+00,0.000000E+00,0.000000E+00,2.110805E+01,7.994713E+01,2.388843E+01,6.765900E+01
03:55:00,8.012326E+03,6.393354E+02,5.578819E-01,5.646120E-02,0.000000E+00,0.000000E+00,0.000000E+00,0.000000E+00,0.000000E+00,0.000000E+00,0.000000E+00,0.000000E+00,2.110805E+01,7.994713E+01,2.388843E+01,6.767311E+01
03:56:00,8.012326E+03,6.383368E+02,5.578819E-01,5.637300E-02,0.000000E+00,0.000000E+00,0.000000E+00,0.000000E+00,0.000000E+00,0.000000E+00,0.000000E+00,0.000000E+00,2.110805E+01,7.994713E+01,2.388843E+01,6.768720E+01
03:57:00,8.012326E+03,6.373405E+02,5.578819E-01,5.628501E-02,0.000000E+00,0.000000E+00,0.000000E+00,0.000000E+00,0.000000E+00,0.000000E+00,0.000000E+00,0.000000E+00,2.110805E+01,7.994713E+01,2.388843E+01,6.770127E+01
03:58:00,8.012326E+03,6.363464E+02,5.578819E-01,5.619722E-02,0.000000E+00,0.000000E+00,0.000000E+00,0.000000E+00,0.000000E+00,0.000000E+00,0.000000E+00,0.000000E+00,2.110805E+01,7.994713E+01,2.388843E+01,6.771532E+01
03:59:00,8.012326E+03,6.353546E+02,5.578819E-01,5.610963E-02,0.000000E+00,0.000000E+00,0.000000E+00,0.000000E+00,0.000000E+00,0.000000E+00,0.000000E+00,0.000000E+00,2.110805E+01,7.994713E+01,2.388843E+01,6.772936E+01
04:00:00,8.012326E+03,6.343651E+02,5.578819E-01,5.602224E-02,0.000000E+00,0.000000E+00,0.000000E+00,0.000000E+00,0.000000E+00,0.000000E+00,0.000000E+00,0.000000E+00,2.110805E+01,7.994713E+01,2.388843E+01,6.774337E+01
04:01:00,8.012326E+03,6.333809E+02,5.578819E-01,5.593532E-02,0.000000E+00,0.000000E+00,0.000000E+00,0.000000E+00,0.000000E+00,0.000000E+00,0.000000E+00,0.000000E+00,2.110805E+01,7.994713E+01,2.388843E+01,6.775736E+01
04:02:00,8.012326E+03,6.324018E+02,5.578819E-01,5.584885E-02,0.000000E+00,0.000000E+00,0.000000E+00,0.000000E+00,0.000000E+00,0.000000E+00,0.000000E+00,0.000000E+00,2.110805E+01,7.994713E+01,2.388843E+01,6.777130E+01
04:03:00,8.012326E+03,6.314280E+02,5.578819E-01,5.576285E-02,0.000000E+00,0.000000E+00,0.000000E+00,0.000000E+00,0.000000E+00,0.000000E+00,0.000000E+00,0.000000E+00,2.110805E+01,7.994713E+01,2.388843E+01,6.778515E+01
04:04:00,8.012326E+03,6.304594E+02,5.578820E-01,5.567731E-02,0.000000E+00,0.000000E+00,0.000000E+00,0.000000E+00,0.000000E+00,0.000000E+00,0.000000E+00,0.000000E+00,2.110805E+01,7.994713E+01,2.388843E+01,6.779893E+01
04:05:00,8.012326E+03,6.294962E+02,5.578820E-01,5.559225E-02,0.000000E+00,0.000000E+00,0.000000E+00,0.000000E+00,0.000000E+00,0.000000E+00,0.000000E+00,0.000000E+00,2.110805E+01,7.994713E+01,2.388843E+01,6.781262E+01
04:06:00,8.012326E+03,6.285384E+02,5.578820E-01,5.550766E-02,0.000000E+00,0.000000E+00,0.000000E+00,0.000000E+00,0.000000E+00,0.000000E+00,0.000000E+00,0.000000E+00,2.110805E+01,7.994713E+01,2.388843E+01,6.782623E+01
04:07:00,8.012326E+03,6.275861E+02,5.578820E-01,5.542356E-02,0.000000E+00,0.000000E+00,0.000000E+00,0.000000E+00,0.000000E+00,0.000000E+00,0.000000E+00,0.000000E+00,2.110805E+01,7.994713E+01,2.388843E+01,6.783976E+01
04:08:00,8.012326E+03,6.266394E+02,5.578820E-01,5.533995E-02,0.000000E+00,0.000000E+00,0.000000E+00,0.000000E+00,0.000000E+00,0.000000E+00,0.000000E+00,0.000000E+00,2.110805E+01,7.994713E+01,2.388843E+01,6.785321E+01
04:09:00,8.012326E+03,6.256977E+02,5.578820E-01,5.525678E-02,0.000000E+00,0.000000E+00,0.000000E+00,0.000000E+00,0.000000E+00,0.000000E+00,0.000000E+00,0.000000E+00,2.110805E+01,7.994713E+01,2.388843E+01,6.786658E+01
04:10:00,8.012326E+03,6.247607E+02,5.578820E-01,5.517404E-02,0.000000E+00,0.000000E+00,0.000000E+00,0.000000E+00,0.000000E+00,0.000000E+00,0.000000E+00,0.000000E+00,2.110805E+01,7.994713E+01,2.388843E+01,6.787987E+01
04:11:00,8.012326E+03,6.238284E+02,5.578820E-01,5.509170E-02,0.000000E+00,0.000000E+00,0.000000E+00,0.000000E+00,0.000000E+00,0.000000E+00,0.000000E+00,0.000000E+00,2.110805E+01,7.994713E+01,2.388843E+01,6.789310E+01
04:12:00,8.012326E+03,6.229005E+02,5.578820E-01,5.500975E-02,0.000000E+00,0.000000E+00,0.000000E+00,0.000000E+00,0.000000E+00,0.000000E+00,0.000000E+00,0.000000E+00,2.110805E+01,7.994713E+01,2.388843E+01,6.790627E+01
04:13:00,8.012326E+03,6.219769E+02,5.578820E-01,5.492818E-02,0.000000E+00,0.000000E+00,0.000000E+00,0.000000E+00,0.000000E+00,0.000000E+00,0.000000E+00,0.000000E+00,2.110805E+01,7.994713E+01,2.388843E+01,6.791938E+01
04:14:00,8.012326E+03,6.210580E+02,5.578820E-01,5.484703E-02,0.000000E+00,0.000000E+00,0.000000E+00,0.000000E+00,0.000000E+00,0.000000E+00,0.000000E+00,0.000000E+00,2.110805E+01,7.994713E+01,2.388843E+01,6.793244E+01
04:15:00,8.012326E+03,6.201429E+02,5.578820E-01,5.476622E-02,0.000000E+00,0.000000E+00,0.000000E+00,0.000000E+00,0.000000E+00,0.000000E+00,0.000000E+00,0.000000E+00,2.110805E+01,7.994713E+01,2.388844E+01,6.794545E+01
04:16:00,8.012326E+03,6.192322E+02,5.578820E-01,5.468578E-02,0.000000E+00,0.000000E+00,0.000000E+00,0.000000E+00,0.000000E+00,0.000000E+00,0.000000E+00,0.000000E+00,2.110805E+01,7.994713E+01,2.388844E+01,6.795841E+01
04:17:00,8.012326E+03,6.183251E+02,5.578820E-01,5.460568E-02,0.000000E+00,0.000000E+00,0.000000E+00,0.000000E+00,0.000000E+00,0.000000E+00,0.000000E+00,0.000000E+00,2.110805E+01,7.994713E+01,2.388844E+01,6.797132E+01
04:18:00,8.012326E+03,6.174220E+02,5.578820E-01,5.452592E-02,0.000000E+00,0.000000E+00,0.000000E+00,0.000000E+00,0.000000E+00,0.000000E+00,0.000000E+00,0.000000E+00,2.110805E+01,7.994713E+01,2.388844E+01,6.798420E+01
04:19:00,8.012326E+03,6.165225E+02,5.578820E-01,5.444648E-02,0.000000E+00,0.000000E+00,0.000000E+00,0.000000E+00,0.000000E+00,0.000000E+00,0.000000E+00,0.000000E+00,2.110805E+01,7.994713E+01,2.388844E+01,6.799703E+01
04:20:00,8.012326E+03,6.156271E+02,5.578820E-01,5.436740E-02,0.000000E+00,0.000000E+00,0.000000E+00,0.000000E+00,0.000000E+00,0.000000E+00,0.000000E+00,0.000000E+00,2.110805E+01,7.994713E+01,2.388844E+01,6.800983E+01
04:21:00,8.012326E+03,6.147352E+02,5.578820E-01,5.428864E-02,0.000000E+00,0.000000E+00,0.000000E+00,0.000000E+00,0.000000E+00,0.000000E+00,0.000000E+00,0.000000E+00,2.110805E+01,7.994713E+01,2.388844E+01,6.802259E+01
04:22:00,8.012326E+03,6.138473E+02,5.578820E-01,5.421022E-02,0.000000E+00,0.000000E+00,0.000000E+00,0.000000E+00,0.000000E+00,0.000000E+00,0.000000E+00,0.000000E+00,2.110805E+01,7.994713E+01,2.388844E+01,6.803532E+01
04:23:00,8.012326E+03,6.129629E+02,5.578820E-01,5.413211E-02,0.000000E+00,0.000000E+00,0.000000E+00,0.000000E+00,0.000000E+00,0.000000E+00,0.000000E+00,0.000000E+00,2.110805E+01,7.994713E+01,2.388844E+01,6.804801E+01
04:24:00,8.012326E+03,6.120824E+02,5.578820E-01,5.405435E-02,0.000000E+00,0.000000E+00,0.000000E+00,0.000000E+00,0.000000E+00,0.000000E+00,0.000000E+00,0.000000E+00,2.110805E+01,7.994713E+01,2.388844E+01,6.806067E+01
04:25:00,8.012326E+03,6.112053E+02,5.578820E-01,5.397690E-02,0.000000E+00,0.000000E+00,0.000000E+00,0.000000E+00,0.000000E+00,0.000000E+00,0.000000E+00,0.000000E+00,2.110805E+01,7.994713E+01,2.388844E+01,6.807330E+01
04:26:00,8.012326E+03,6.103322E+02,5.578820E-01,5.389978E-02,0.000000E+00,0.000000E+00,0.000000E+00,0.000000E+00,0.000000E+00,0.000000E+00,0.000000E+00,0.000000E+00,2.110805E+01,7.994713E+01,2.388844E+01,6.808590E+01
04:27:00,8.012326E+03,6.094624E+02,5.578820E-01,5.382297E-02,0.000000E+00,0.000000E+00,0.000000E+00,0.000000E+00,0.000000E+00,0.000000E+00,0.000000E+00,0.000000E+00,2.110805E+01,7.994713E+01,2.388844E+01,6.809848E+01
04:28:00,8.012326E+03,6.085964E+02,5.578820E-01,5.374649E-02,0.000000E+00,0.000000E+00,0.000000E+00,0.000000E+00,0.000000E+00,0.000000E+00,0.000000E+00,0.000000E+00,2.110805E+01,7.994713E+01,2.388844E+01,6.811102E+01
04:29:00,8.012326E+03,6.077338E+02,5.578820E-01,5.367031E-02,0.000000E+00,0.000000E+00,0.000000E+00,0.000000E+00,0.000000E+00,0.000000E+00,0.000000E+00,0.000000E+00,2.110805E+01,7.994713E+01,2.388844E+01,6.812353E+01
04:30:00,8.012326E+03,6.068751E+02,5.578820E-01,5.359447E-02,0.000000E+00,0.000000E+00,0.000000E+00,0.000000E+00,0.000000E+00,0.000000E+00,0.000000E+00,0.000000E+00,2.110805E+01,7.994713E+01,2.388844E+01,6.813602E+01
04:31:00,8.012326E+03,6.060196E+02,5.578820E-01,5.351892E-02,0.000000E+00,0.000000E+00,0.000000E+00,0.000000E+00,0.000000E+00,0.000000E+00,0.000000E+00,0.000000E+00,2.110805E+01,7.994713E+01,2.388844E+01,6.814849E+01
04:32:00,8.012326E+03,6.051680E+02,5.578820E-01,5.344371E-02,0.000000E+00,0.000000E+00,0.000000E+00,0.000000E+00,0.000000E+00,0.000000E+00,0.000000E+00,0.000000E+00,2.110805E+01,7.994713E+01,2.388844E+01,6.816093E+01
04:33:00,8.012326E+03,6.043196E+02,5.578820E-01,5.336879E-02,0.000000E+00,0.000000E+00,0.000000E+00,0.000000E+00,0.000000E+00,0.000000E+00,0.000000E+00,0.000000E+00,2.110805E+01,7.994713E+01,2.388844E+01,6.817334E+01
04:34:00,8.012326E+03,6.034751E+02,5.578820E-01,5.329420E-02,0.000000E+00,0.000000E+00,0.000000E+00,0.000000E+00,0.000000E+00,0.000000E+00,0.000000E+00,0.000000E+00,2.110805E+01,7.994713E+01,2.388844E+01,6.818573E+01
04:35:00,8.012326E+03,6.026338E+02,5.578820E-01,5.321991E-02,0.000000E+00,0.000000E+00,0.000000E+00,0.000000E+00,0.000000E+00,0.000000E+00,0.000000E+00,0.000000E+00,2.110805E+01,7.994713E+01,2.388844E+01,6.819809E+01
04:36:00,8.012326E+03,6.017964E+02,5.578820E-01,5.314595E-02,0.000000E+00,0.000000E+00,0.000000E+00,0.000000E+00,0.000000E+00,0.000000E+00,0.000000E+00,0.000000E+00,2.110805E+01,7.994713E+01,2.388844E+01,6.821043E+01
04:37:00,8.012326E+03,6.009623E+02,5.578820E-01,5.307229E-02,0.000000E+00,0.000000E+00,0.000000E+00,0.000000E+00,0.000000E+00,0.000000E+00,0.000000E+00,0.000000E+00,2.110805E+01,7.994713E+01,2.388844E+01,6.822274E+01
04:38:00,8.012326E+03,6.001321E+02,5.578820E-01,5.299897E-02,0.000000E+00,0.000000E+00,0.000000E+00,0.000000E+00,0.000000E+00,0.000000E+00,0.000000E+00,0.000000E+00,2.110805E+01,7.994713E+01,2.388844E+01,6.823503E+01
04:39:00,8.012326E+03,5.993410E+02,5.578820E-01,5.292910E-02,0.000000E+00,0.000000E+00,0.000000E+00,0.000000E+00,0.000000E+00,0.000000E+00,0.000000E+00,0.000000E+00,2.110805E+01,7.994713E+01,2.388844E+01,6.824729E+01
04:40:00,8.012326E+03,5.985605E+02,5.578820E-01,5.286017E-02,0.000000E+00,0.000000E+00,0.000000E+00,0.000000E+00,0.000000E+00,0.000000E+00,0.000000E+00,0.000000E+00,2.110805E+01,7.994713E+01,2.388844E+01,6.825910E+01
04:41:00,8.012326E+03,5.977884E+02,5.578820E-01,5.279199E-02,0.000000E+00,0.000000E+00,0.000000E+00,0.000000E+00,0.000000E+00,0.000000E+00,0.000000E+00,0.000000E+00,2.110805E+01,7.994713E+01,2.388844E+01,6.827054E+01
04:42:00,8.012326E+03,5.970258E+02,5.578820E-01,5.272464E-02,0.000000E+00,0.000000E+00,0.000000E+00,0.000000E+00,0.000000E+00,0.000000E+00,0.000000E+00,0.000000E+00,2.110805E+01,7.994713E+01,2.388844E+01,6.828177E+01
04:43:00,8.012326E+03,5.962728E+02,5.578820E-01,5.265813E-02,0.000000E+00,0.000000E+00,0.000000E+00,0.000000E+00,0.000000E+00,0.000000E+00,0.000000E+00,0.000000E+00,2.110805E+01,7.994713E+01,2.388844E+01,6.829286E+01
04:44:00,8.012326E+03,5.955297E+02,5.578820E-01,5.259251E-02,0.000000E+00,0.000000E+00,0.000000E+00,0.000000E+00,0.000000E+00,0.000000E+00,0.000000E+00,0.000000E+00,2.110805E+01,7.994713E+01,2.388844E+01,6.830382E+01
04:45:00,8.012326E+03,5.947970E+02,5.578820E-01,5.252780E-02,0.000000E+00,0.000000E+00,0.000000E+00,0.000000E+00,0.000000E+00,0.000000E+00,0.000000E+00,0.000000E+00,2.110805E+01,7.994713E+01,2.388844E+01,6.831466E+01
04:46:00,8.012326E+03,5.940828E+02,5.578820E-01,5.246473E-02,0.000000E+00,0.000000E+00,0.000000E+00,0.000000E+00,0.000000E+00,0.000000E+00,0.000000E+00,0.000000E+00,2.110805E+01,7.994713E+01,2.388844E+01,6.832537E+01
04:47:00,8.012326E+03,5.933808E+02,5.578820E-01,5.240273E-02,0.000000E+00,0.000000E+00,0.000000E+00,0.000000E+00,0.000000E+00,0.000000E+00,0.000000E+00,0.000000E+00,2.110805E+01,7.994713E+01,2.388844E+01,6.833584E+01
04:48:00,8.012326E+03,5.926911E+02,5.578820E-01,5.234182E-02,0.000000E+00,0.000000E+00,0.000000E+00,0.000000E+00,0.000000E+00,0.000000E+00,0.000000E+00,0.000000E+00,2.110805E+01,7.994713E+01,2.388844E+01,6.834609E+01
04:49:00,8.012326E+03,5.920140E+02,5.578820E-01,5.228202E-02,0.000000E+00,0.000000E+00,0.000000E+00,0.000000E+00,0.000000E+00,0.000000E+00,0.000000E+00,0.000000E+00,2.110805E+01,7.994713E+01,2.388844E+01,6.835614E+01
04:50:00,8.012326E+03,5.913497E+02,5.578820E-01,5.222336E-02,0.000000E+00,0.000000E+00,0.000000E+00,0.000000E+00,0.000000E+00,0.000000E+00,0.000000E+00,0.000000E+00,2.110805E+01,7.994713E+01,2.388844E+01,6.836602E+01
04:51:00,8.012326E+03,5.906985E+02,5.578820E-01,5.216584E-02,0.000000E+00,0.000000E+00,0.000000E+00,0.000000E+00,0.000000E+00,0.000000E+00,0.000000E+00,0.000000E+00,2.110805E+01,7.994713E+01,2.388844E+01,6.837573E+01
04:52:00,8.012326E+03,5.900605E+02,5.578820E-01,5.210950E-02,0.000000E+00,0.000000E+00,0.000000E+00,0.000000E+00,0.000000E+00,0.000000E+00,0.000000E+00,0.000000E+00,2.110805E+01,7.994713E+01,2.388844E+01,6.838526E+01
04:53:00,8.012326E+03,5.894356E+02,5.578820E-01,5.205432E-02,0.000000E+00,0.000000E+00,0.000000E+00,0.000000E+00,0.000000E+00,0.000000E+00,0.000000E+00,0.000000E+00,2.110805E+01,7.994713E+01,2.388844E+01,6.839461E+01
04:54:00,8.012326E+03,5.888245E+02,5.578820E-01,5.200034E-02,0.000000E+00,0.000000E+00,0.000000E+00,0.000000E+00,0.000000E+00,0.000000E+00,0.000000E+00,0.000000E+00,2.110805E+01,7.994713E+01,2.388844E+01,6.840379E+01
04:55:00,8.012326E+03,5.882275E+02,5.578820E-01,5.194763E-02,0.000000E+00,0.000000E+00,0.000000E+00,0.000000E+00,0.000000E+00,0.000000E+00,0.000000E+00,0.000000E+00,2.110805E+01,7.994713E+01,2.388844E+01,6.841279E+01
04:56:00,8.012326E+03,5.876603E+02,5.578820E-01,5.189753E-02,0.000000E+00,0.000000E+00,0.000000E+00,0.000000E+00,0.000000E+00,0.000000E+00,0.000000E+00,0.000000E+00,2.110805E+01,7.994713E+01,2.388844E+01,6.842161E+01
04:57:00,8.012326E+03,5.871100E+02,5.578820E-01,5.184894E-02,0.000000E+00,0.000000E+00,0.000000E+00,0.000000E+00,0.000000E+00,0.000000E+00,0.000000E+00,0.000000E+00,2.110805E+01,7.994713E+01,2.388844E+01,6.843005E+01
04:58:00,8.012326E+03,5.865765E+02,5.578820E-01,5.180182E-02,0.000000E+00,0.000000E+00,0.000000E+00,0.000000E+00,0.000000E+00,0.000000E+00,0.000000E+00,0.000000E+00,2.110805E+01,7.994713E+01,2.388844E+01,6.843816E+01
04:59:00,8.012326E+03,5.860596E+02,5.578820E-01,5.175616E-02,0.000000E+00,0.000000E+00,0.000000E+00,0.000000E+00,0.000000E+00,0.000000E+00,0.000000E+00,0.000000E+00,2.110805E+01,7.994713E+01,2.388844E+01,6.844600E+01
05:00:00,8.012326E+03,5.855594E+02,5.578820E-01,5.171199E-02,0.000000E+00,0.000000E+00,0.000000E+00,0.000000E+00,0.000000E+00,0.000000E+00,0.000000E+00,0.000000E+00,2.110805E+01,7.994713E+01,2.388844E+01,6.845361E+01
05:01:00,8.012326E+03,5.850848E+02,5.578820E-01,5.167008E-02,0.000000E+00,0.000000E+00,0.000000E+00,0.000000E+00,0.000000E+00,0.000000E+00,0.000000E+00,0.000000E+00,2.110805E+01,7.994713E+01,2.388844E+01,6.846101E+01
05:02:00,8.012326E+03,5.846357E+02,5.578820E-01,5.163042E-02,0.000000E+00,0.000000E+00,0.000000E+00,0.000000E+00,0.000000E+00,0.000000E+00,0.000000E+00,0.000000E+00,2.110805E+01,7.994713E+01,2.388844E+01,6.846805E+01
05:03:00,8.012326E+03,5.842123E+02,5.578820E-01,5.159302E-02,0.000000E+00,0.000000E+00,0.000000E+00,0.000000E+00,0.000000E+00,0.000000E+00,0.000000E+00,0.000000E+00,2.110805E+01,7.994713E+01,2.388844E+01,6.847466E+01
05:04:00,8.012326E+03,5.838146E+02,5.578820E-01,5.155790E-02,0.000000E+00,0.000000E+00,0.000000E+00,0.000000E+00,0.000000E+00,0.000000E+00,0.000000E+00,0.000000E+00,2.110805E+01,7.994713E+01,2.388844E+01,6.848080E+01
05:05:00,8.012326E+03,5.834427E+02,5.578820E-01,5.152506E-02,0.000000E+00,0.000000E+00,0.000000E+00,0.000000E+00,0.000000E+00,0.000000E+00,0.000000E+00,0.000000E+00,2.110805E+01,7.994713E+01,2.388844E+01,6.848648E+01
05:06:00,8.012326E+03,5.830966E+02,5.578820E-01,5.149449E-02,0.000000E+00,0.000000E+00,0.000000E+00,0.000000E+00,0.000000E+00,0.000000E+00,0.000000E+00,0.000000E+00,2.110805E+01,7.994713E+01,2.388844E+01,6.849171E+01
05:07:00,8.012326E+03,5.827763E+02,5.578820E-01,5.146620E-02,0.000000E+00,0.000000E+00,0.000000E+00,0.000000E+00,0.000000E+00,0.000000E+00,0.000000E+00,0.000000E+00,2.110805E+01,7.994713E+01,2.388844E+01,6.849650E+01
05:08:00,8.012326E+03,5.824817E+02,5.578820E-01,5.144019E-02,0.000000E+00,0.000000E+00,0.000000E+00,0.000000E+00,0.000000E+00,0.000000E+00,0.000000E+00,0.000000E+00,2.110805E+01,7.994713E+01,2.388844E+01,6.850086E+01
05:09:00,8.012326E+03,5.822121E+02,5.578820E-01,5.141638E-02,0.000000E+00,0.000000E+00,0.000000E+00,0.000000E+00,0.000000E+00,0.000000E+00,0.000000E+00,0.000000E+00,2.110805E+01,7.994713E+01,2.388844E+01,6.850480E+01
05:10:00,8.012326E+03,5.819665E+02,5.578820E-01,5.139469E-02,0.000000E+00,0.000000E+00,0.000000E+00,0.000000E+00,0.000000E+00,0.000000E+00,0.000000E+00,0.000000E+00,2.110805E+01,7.994713E+01,2.388844E+01,6.850835E+01
05:11:00,8.012326E+03,5.817452E+02,5.578820E-01,5.137514E-02,0.000000E+00,0.000000E+00,0.000000E+00,0.000000E+00,0.000000E+00,0.000000E+00,0.000000E+00,0.000000E+00,2.110805E+01,7.994713E+01,2.388844E+01,6.851153E+01
05:12:00,8.012326E+03,5.815481E+02,5.578820E-01,5.135774E-02,0.000000E+00,0.000000E+00,0.000000E+00,0.000000E+00,0.000000E+00,0.000000E+00,0.000000E+00,0.000000E+00,2.110805E+01,7.994713E+01,2.388843E+01,6.851437E+01
05:13:00,8.012326E+03,5.813753E+02,5.578820E-01,5.134248E-02,0.000000E+00,0.000000E+00,0.000000E+00,0.000000E+00,0.000000E+00,0.000000E+00,0.000000E+00,0.000000E+00,2.110805E+01,7.994713E+01,2.388843E+01,6.851689E+01
05:14:00,8.012326E+03,5.812265E+02,5.578820E-01,5.132934E-02,0.000000E+00,0.000000E+00,0.000000E+00,0.000000E+00,0.000000E+00,0.000000E+00,0.000000E+00,0.000000E+00,2.110805E+01,7.994713E+01,2.388843E+01,6.851908E+01
05:15:00,8.012326E+03,5.811024E+02,5.578820E-01,5.131838E-02,0.000000E+00,0.000000E+00,0.000000E+00,0.000000E+00,0.000000E+00,0.000000E+00,0.000000E+00,0.000000E+00,2.110805E+01,7.994713E+01,2.388843E+01,6.852096E+01
05:16:00,8.012326E+03,5.810356E+02,5.578820E-01,5.131248E-02,0.000000E+00,0.000000E+00,0.000000E+00,0.000000E+00,0.000000E+00,0.000000E+00,0.000000E+00,0.000000E+00,2.110805E+01,7.994713E+01,2.388843E+01,6.852254E+01
05:17:00,8.012326E+03,5.809961E+02,5.578820E-01,5.130899E-02,0.000000E+00,0.000000E+00,0.000000E+00,0.000000E+00,0.000000E+00,0.000000E+00,0.000000E+00,0.000000E+00,2.110805E+01,7.994713E+01,2.388843E+01,6.852342E+01
05:18:00,8.012326E+03,5.809821E+02,5.578820E-01,5.130775E-02,0.000000E+00,0.000000E+00,0.000000E+00,0.000000E+00,0.000000E+00,0.000000E+00,0.000000E+00,0.000000E+00,2.110805E+01,7.994713E+01,2.388843E+01,6.852373E+01
05:19:00,8.012326E+03,5.809937E+02,5.578820E-01,5.130879E-02,0.000000E+00,0.000000E+00,0.000000E+00,0.000000E+00,0.000000E+00,0.000000E+00,0.000000E+00,0.000000E+00,2.110805E+01,7.994713E+01,2.388843E+01,6.852364E+01
05:20:00,8.012326E+03,5.810308E+02,5.578820E-01,5.131206E-02,0.000000E+00,0.000000E+00,0.000000E+00,0.000000E+00,0.000000E+00,0.000000E+00,0.000000E+00,0.000000E+00,2.110805E+01,7.994713E+01,2.388843E+01,6.852327E+01
05:21:00,8.012326E+03,5.810937E+02,5.578820E-01,5.131761E-02,0.000000E+00,0.000000E+00,0.000000E+00,0.000000E+00,0.000000E+00,0.000000E+00,0.000000E+00,0.000000E+00,2.110805E+01,7.994713E+01,2.388843E+01,6.852263E+01
05:22:00,8.012326E+03,5.811816E+02,5.578820E-01,5.132538E-02,0.000000E+00,0.000000E+00,0.000000E+00,0.000000E+00,0.000000E+00,0.000000E+00,0.000000E+00,0.000000E+00,2.110805E+01,7.994713E+01,2.388843E+01,6.852173E+01
05:23:00,8.012326E+03,5.812951E+02,5.578820E-01,5.133540E-02,0.000000E+00,0.000000E+00,0.000000E+00,0.000000E+00,0.000000E+00,0.000000E+00,0.000000E+00,0.000000E+00,2.110805E+01,7.994713E+01,2.388843E+01,6.852059E+01
05:24:00,8.012326E+03,5.814336E+02,5.578820E-01,5.134763E-02,0.000000E+00,0.000000E+00,0.000000E+00,0.000000E+00,0.000000E+00,0.000000E+00,0.000000E+00,0.000000E+00,2.110805E+01,7.994713E+01,2.388843E+01,6.851919E+01
05:25:00,8.012326E+03,5.815974E+02,5.578820E-01,5.136210E-02,0.000000E+00,0.000000E+00,0.000000E+00,0.000000E+00,0.000000E+00,0.000000E+00,0.000000E+00,0.000000E+00,2.110805E+01,7.994713E+01,2.388843E+01,6.851756E+01
05:26:00,8.012326E+03,5.817860E+02,5.578820E-01,5.137876E-02,0.000000E+00,0.000000E+00,0.000000E+00,0.000000E+00,0.000000E+00,0.000000E+00,0.000000E+00,0.000000E+00,2.110805E+01,7.994713E+01,2.388843E+01,6.851570E+01
05:27:00,8.012326E+03,5.819995E+02,5.578820E-01,5.139762E-02,0.000000E+00,0.000000E+00,0.000000E+00,0.000000E+00,0.000000E+00,0.000000E+00,0.000000E+00,0.000000E+00,2.110805E+01,7.994713E+01,2.388842E+01,6.851361E+01
05:28:00,8.012326E+03,5.822378E+02,5.578820E-01,5.141866E-02,0.000000E+00,0.000000E+00,0.000000E+00,0.000000E+00,0.000000E+00,0.000000E+00,0.000000E+00,0.000000E+00,2.110805E+01,7.994713E+01,2.388842E+01,6.851131E+01
05:29:00,8.012326E+03,5.825011E+02,5.578820E-01,5.144191E-02,0.000000E+00,0.000000E+00,0.000000E+00,0.000000E+00,0.000000E+00,0.000000E+00,0.000000E+00,0.000000E+00,2.110805E+01,7.994713E+01,2.388842E+01,6.850881E+01
05:30:00,8.012326E+03,5.827888E+02,5.578820E-01,5.146732E-02,0.000000E+00,0.000000E+00,0.000000E+00,0.000000E+00,0.000000E+00,0.000000E+00,0.000000E+00,0.000000E+00,2.110805E+01,7.994713E+01,2.388842E+01,6.850610E+01
05:31:00,8.012326E+03,5.831013E+02,5.578820E-01,5.149492E-02,0.000000E+00,0.000000E+00,0.000000E+00,0.000000E+00,0.000000E+00,0.000000E+00,0.000000E+00,0.000000E+00,2.110805E+01,7.994713E+01,2.388842E+01,6.850321E+01
05:32:00,8.012326E+03,5.834380E+02,5.578820E-01,5.152466E-02,0.000000E+00,0.000000E+00,0.000000E+00,0.000000E+00,0.000000E+00,0.000000E+00,0.000000E+00,0.000000E+00,2.110805E+01,7.994713E+01,2.388842E+01,6.850012E+01
05:33:00,8.012326E+03,5.837993E+02,5.578820E-01,5.155657E-02,0.000000E+00,0.000000E+00,0.000000E+00,0.000000E+00,0.000000E+00,0.000000E+00,0.000000E+00,0.000000E+00,2.110805E+01,7.994713E+01,2.388842E+01,6.849685E+01
05:34:00,8.012326E+03,5.841846E+02,5.578820E-01,5.159060E-02,0.000000E+00,0.000000E+00,0.000000E+00,0.000000E+00,0.000000E+00,0.000000E+00,0.000000E+00,0.000000E+00,2.110805E+01,7.994713E+01,2.388842E+01,6.849341E+01
05:35:00,8.012326E+03,5.845943E+02,5.578820E-01,5.162678E-02,0.000000E+00,0.000000E+00,0.000000E+00,0.000000E+00,0.000000E+00,0.000000E+00,0.000000E+00,0.000000E+00,2.110805E+01,7.994713E+01,2.388842E+01,6.848980E+01
05:36:00,8.012326E+03,5.850276E+02,5.578820E-01,5.166505E-02,0.000000E+00,0.000000E+00,0.000000E+00,0.000000E+00,0.000000E+00,0.000000E+00,0.000000E+00,0.000000E+00,2.110805E+01,7.994713E+01,2.388842E+01,6.848602E+01
05:37:00,8.012326E+03,5.854850E+02,5.578820E-01,5.170544E-02,0.000000E+00,0.000000E+00,0.000000E+00,0.000000E+00,0.000000E+00,0.000000E+00,0.000000E+00,0.000000E+00,2.110805E+01,7.994713E+01,2.388842E+01,6.848210E+01
05:38:00,8.012326E+03,5.859659E+02,5.578820E-01,5.174791E-02,0.000000E+00,0.000000E+00,0.000000E+00,0.000000E+00,0.000000E+00,0.000000E+00,0.000000E+00,0.000000E+00,2.110805E+01,7.994713E+01,2.388842E+01,6.847802E+01
05:39:00,8.012326E+03,5.864348E+02,5.578820E-01,5.178932E-02,0.000000E+00,0.000000E+00,0.000000E+00,0.000000E+00,0.000000E+00,0.000000E+00,0.000000E+00,0.000000E+00,2.110805E+01,7.994713E+01,2.388842E+01,6.847380E+01
05:40:00,8.012326E+03,5.869201E+02,5.578820E-01,5.183219E-02,0.000000E+00,0.000000E+00,0.000000E+00,0.000000E+00,0.000000E+00,0.000000E+00,0.000000E+00,0.000000E+00,2.110805E+01,7.994713E+01,2.388842E+01,6.846944E+01
05:41:00,8.012326E+03,5.874239E+02,5.578820E-01,5.187668E-02,0.000000E+00,0.000000E+00,0.000000E+00,0.000000E+00,0.000000E+00,0.000000E+00,0.000000E+00,0.000000E+00,2.110805E+01,7.994713E+01,2.388842E+01,6.846495E+01
05:42:00,8.012326E+03,5.879450E+02,5.578820E-01,5.192270E-02,0.000000E+00,0.000000E+00,0.000000E+00,0.000000E+00,0.000000E+00,0.000000E+00,0.000000E+00,0.000000E+00,2.110805E+01,7.994713E+01,2.388842E+01,6.846033E+01
05:43:00,8.012326E+03,5.884831E+02,5.578820E-01,5.197023E-02,0.000000E+00,0.000000E+00,0.000000E+00,0.000000E+00,0.000000E+00,0.000000E+00,0.000000E+00,0.000000E+00,2.110805E+01,7.994713E+01,2.388842E+01,6.845559E+01
05:44:00,8.012326E+03,5.890378E+02,5.578820E-01,5.201921E-02,0.000000E+00,0.000000E+00,0.000000E+00,0.000000E+00,0.000000E+00,0.000000E+00,0.000000E+00,0.000000E+00,2.110805E+01,7.994713E+01,2.388842E+01,6.845073E+01
05:45:00,8.012326E+03,5.896084E+02,5.578820E-01,5.206960E-02,0.000000E+00,0.000000E+00,0.000000E+00,0.000000E+00,0.000000E+00,0.000000E+00,0.000000E+00,0.000000E+00,2.110805E+01,7.994713E+01,2.388842E+01,6.844577E+01
05:46:00,8.012326E+03,5.901868E+02,5.578820E-01,5.212069E-02,0.000000E+00,0.000000E+00,0.000000E+00,0.000000E+00,0.000000E+00,0.000000E+00,0.000000E+00,0.000000E+00,2.110805E+01,7.994713E+01,2.388842E+01,6.844069E+01
05:47:00,8.012326E+03,5.907792E+02,5.578820E-01,5.217300E-02,0.000000E+00,0.000000E+00,0.000000E+00,0.000000E+00,0.000000E+00,0.000000E+00,0.000000E+00,0.000000E+00,2.110805E+01,7.994713E+01,2.388842E+01,6.843552E+01
05:48:00,8.012326E+03,5.913853E+02,5.578820E-01,5.222653E-02,0.000000E+00,0.000000E+00,0.000000E+00,0.000000E+00,0.000000E+00,0.000000E+00,0.000000E+00,0.000000E+00,2.110805E+01,7.994713E+01,2.388842E+01,6.843025E+01
05:49:00,8.012326E+03,5.920048E+02,5.578820E-01,5.228124E-02,0.000000E+00,0.000000E+00,0.000000E+00,0.000000E+00,0.000000E+00,0.000000E+00,0.000000E+00,0.000000E+00,2.110805E+01,7.994713E+01,2.388841E+01,6.842488E+01
05:50:00,8.012326E+03,5.926373E+02,5.578820E-01,5.233711E-02,0.000000E+00,0.000000E+00,0.000000E+00,0.000000E+00,0.000000E+00,0.000000E+00,0.000000E+00,0.000000E+00,2.110805E+01,7.994713E+01,2.388841E+01,6.841943E+01
05:51:00,8.012326E+03,5.932826E+02,5.578820E-01,5.239409E-02,0.000000E+00,0.000000E+00,0.000000E+00,0.000000E+00,0.000000E+00,0.000000E+00,0.000000E+00,0.000000E+00,2.110805E+01,7.994713E+01,2.388841E+01,6.841389E+01
05:52:00,8.012326E+03,5.939403E+02,5.578820E-01,5.245218E-02,0.000000E+00,0.000000E+00,0.000000E+00,0.000000E+00,0.000000E+00,0.000000E+00,0.000000E+00,0.000000E+00,2.110805E+01,7.994713E+01,2.388841E+01,6.840826E+01
05:53:00,8.012326E+03,5.946103E+02,5.578820E-01,5.251135E-02,0.000000E+00,0.000000E+00,0.000000E+00,0.000000E+00,0.000000E+00,0.000000E+00,0.000000E+00,0.000000E+00,2.110805E+01,7.994713E+01,2.388841E+01,6.840256E+01
05:54:00,8.012326E+03,5.952921E+02,5.578820E-01,5.257156E-02,0.000000E+00,0.000000E+00,0.000000E+00,0.000000E+00,0.000000E+00,0.000000E+00,0.000000E+00,0.000000E+00,2.110805E+01,7.994713E+01,2.388841E+01,6.839678E+01
05:55:00,8.012326E+03,5.959850E+02,5.578820E-01,5.263276E-02,0.000000E+00,0.000000E+00,0.000000E+00,0.000000E+00,0.000000E+00,0.000000E+00,0.000000E+00,0.000000E+00,2.110805E+01,7.994713E+01,2.388841E+01,6.839093E+01
05:56:00,8.012326E+03,5.966735E+02,5.578820E-01,5.269356E-02,0.000000E+00,0.000000E+00,0.000000E+00,0.000000E+00,0.000000E+00,0.000000E+00,0.000000E+00,0.000000E+00,2.110805E+01,7.994713E+01,2.388841E+01,6.838501E+01
05:57:00,8.012326E+03,5.973700E+02,5.578820E-01,5.275508E-02,0.000000E+00,0.000000E+00,0.000000E+00,0.000000E+00,0.000000E+00,0.000000E+00,0.000000E+00,0.000000E+00,2.110805E+01,7.994713E+01,2.388841E+01,6.837903E+01
05:58:00,8.012326E+03,5.980748E+02,5.578820E-01,5.281733E-02,0.000000E+00,0.000000E+00,0.000000E+00,0.000000E+00,0.000000E+00,0.000000E+00,0.000000E+00,0.000000E+00,2.110805E+01,7.994713E+01,2.388841E+01,6.837298E+01
05:59:00,8.012326E+03,5.987880E+02,5.578820E-01,5.288030E-02,0.000000E+00,0.000000E+00,0.000000E+00,0.000000E+00,0.000000E+00,0.000000E+00,0.000000E+00,0.000000E+00,2.110805E+01,7.994713E+01,2.388841E+01,6.836687E+01
06:00:00,8.012326E+03,5.995091E+02,5.578820E-01,5.294399E-02,0.000000E+00,0.000000E+00,0.000000E+00,0.000000E+00,0.000000E+00,0.000000E+00,0.000000E+00,0.000000E+00,2.110805E+01,7.994713E+01,2.388841E+01,6.836070E+01
06:01:00,8.012326E+03,6.002410E+02,5.578820E-01,5.300863E-02,0.000000E+00,0.000000E+00,0.000000E+00,0.000000E+00,0.000000E+00,0.000000E+00,0.000000E+00,0.000000E+00,2.110805E+01,7.994713E+01,2.388841E+01,6.835449E+01
06:02:00,8.012326E+03,6.009835E+02,5.578820E-01,5.307420E-02,0.000000E+00,0.000000E+00,0.000000E+00,0.000000E+00,0.000000E+00,0.000000E+00,0.000000E+00,0.000000E+00,2.110805E+01,7.994713E+01,2.388841E+01,6.834804E+01
06:03:00,8.012326E+03,6.017363E+02,5.578820E-01,5.314068E-02,0.000000E+00,0.000000E+00,0.000000E+00,0.000000E+00,0.000000E+00,0.000000E+00,0.000000E+00,0.000000E+00,2.110805E+01,7.994713E+01,2.388841E+01,6.834126E+01
06:04:00,8.012326E+03,6.024991E+02,5.578820E-01,5.320806E-02,0.000000E+00,0.000000E+00,0.000000E+00,0.000000E+00,0.000000E+00,0.000000E+00,0.000000E+00,0.000000E+00,2.110805E+01,7.994713E+01,2.388841E+01,6.833412E+01
06:05:00,8.012326E+03,6.032719E+02,5.578820E-01,5.327631E-02,0.000000E+00,0.000000E+00,0.000000E+00,0.000000E+00,0.000000E+00,0.000000E+00,0.000000E+00,0.000000E+00,2.110805E+01,7.994713E+01,2.388841E+01,6.832663E+01
06:06:00,8.012326E+03,6.040536E+02,5.578820E-01,5.334534E-02,0.000000E+00,0.000000E+00,0.000000E+00,0.000000E+00,0.000000E+00,0.000000E+00,0.000000E+00,0.000000E+00,2.110805E+01,7.994713E+01,2.388841E+01,6.831879E+01
06:07:00,8.012326E+03,6.048448E+02,5.578820E-01,5.341522E-02,0.000000E+00,0.000000E+00,0.000000E+00,0.000000E+00,0.000000E+00,0.000000E+00,0.000000E+00,0.000000E+00,2.110805E+01,7.994713E+01,2.388840E+01,6.831064E+01
06:08:00,8.012326E+03,6.056456E+02,5.578820E-01,5.348594E-02,0.000000E+00,0.000000E+00,0.000000E+00,0.000000E+00,0.000000E+00,0.000000E+00,0.000000E+00,0.000000E+00,2.110805E+01,7.994713E+01,2.388840E+01,6.830218E+01
06:09:00,8.012326E+03,6.064572E+02,5.578820E-01,5.355761E-02,0.000000E+00,0.000000E+00,0.000000E+00,0.000000E+00,0.000000E+00,0.000000E+00,0.000000E+00,0.000000E+00,2.110805E+01,7.994713E+01,2.388840E+01,6.829342E+01
06:10:00,8.012326E+03,6.072807E+02,5.578820E-01,5.363034E-02,0.000000E+00,0.000000E+00,0.000000E+00,0.000000E+00,0.000000E+00,0.000000E+00,0.000000E+00,0.000000E+00,2.110805E+01,7.994713E+01,2.388840E+01,6.828436E+01
06:11:00,8.012326E+03,6.081160E+02,5.578820E-01,5.370412E-02,0.000000E+00,0.000000E+00,0.000000E+00,0.000000E+00,0.000000E+00,0.000000E+00,0.000000E+00,0.000000E+00,2.110805E+01,7.994713E+01,2.388840E+01,6.827500E+01
06:12:00,8.012326E+03,6.089633E+02,5.578820E-01,5.377894E-02,0.000000E+00,0.000000E+00,0.000000E+00,0.000000E+00,0.000000E+00,0.000000E+00,0.000000E+00,0.000000E+00,2.110805E+01,7.994713E+01,2.388840E+01,6.826537E+01
06:13:00,8.012326E+03,6.098224E+02,5.578820E-01,5.385482E-02,0.000000E+00,0.000000E+00,0.000000E+00,0.000000E+00,0.000000E+00,0.000000E+00,0.000000E+00,0.000000E+00,2.110805E+01,7.994713E+01,2.388840E+01,6.825546E+01
06:14:00,8.012326E+03,6.106934E+02,5.578820E-01,5.393174E-02,0.000000E+00,0.000000E+00,0.000000E+00,0.000000E+00,0.000000E+00,0.000000E+00,0.000000E+00,0.000000E+00,2.110805E+01,7.994713E+01,2.388840E+01,6.824527E+01
06:15:00,8.012326E+03,6.115762E+02,5.578820E-01,5.400971E-02,0.000000E+00,0.000000E+00,0.000000E+00,0.000000E+00,0.000000E+00,0.000000E+00,0.000000E+00,0.000000E+00,2.110805E+01,7.994713E+01,2.388840E+01,6.823484E+01
06:16:00,8.012326E+03,6.124377E+02,5.578820E-01,5.408579E-02,0.000000E+00,0.000000E+00,0.000000E+00,0.000000E+00,0.000000E+00,0.000000E+00,0.000000E+00,0.000000E+00,2.110805E+01,7.994713E+01,2.388840E+01,6.822415E+01
06:17:00,8.012326E+03,6.133085E+02,5.578820E-01,5.416269E-02,0.000000E+00,0.000000E+00,0.000000E+00,0.000000E+00,0.000000E+00,0.000000E+00,0.000000E+00,0.000000E+00,2.110805E+01,7.994713E+01,2.388840E+01,6.821322E+01
06:18:00,8.012326E+03,6.141897E+02,5.578820E-01,5.424052E-02,0.000000E+00,0.000000E+00,0.000000E+00,0.000000E+00,0.000000E+00,0.000000E+00,0.000000E+00,0.000000E+00,2.110805E+01,7.994713E+01,2.388839E+01,6.820205E+01
06:19:00,8.012326E+03,6.150818E+02,5.578820E-01,5.431930E-02,0.000000E+00,0.000000E+00,0.000000E+00,0.000000E+00,0.000000E+00,0.000000E+00,0.000000E+00,0.000000E+00,2.110805E+01,7.994713E+01,2.388839E+01,6.819065E+01
06:20:00,8.012326E+03,6.159844E+02,5.578820E-01,5.439902E-02,0.000000E+00,0.000000E+00,0.000000E+00,0.000000E+00,0.000000E+00,0.000000E+00,0.000000E+00,0.000000E+00,2.110805E+01,7.994713E+01,2.388839E+01,6.817903E+01
06:21:00,8.012326E+03,6.168979E+02,5.578820E-01,5.447969E-02,0.000000E+00,0.000000E+00,0.000000E+00,0.000000E+00,0.000000E+00,0.000000E+00,0.000000E+00,0.000000E+00,2.110805E+01,7.994713E+01,2.388839E+01,6.816719E+01
06:22:00,8.012326E+03,6.178224E+02,5.578820E-01,5.456134E-02,0.000000E+00,0.000000E+00,0.000000E+00,0.000000E+00,0.000000E+00,0.000000E+00,0.000000E+00,0.000000E+00,2.110805E+01,7.994713E+01,2.388839E+01,6.815514E+01
06:23:00,8.012326E+03,6.187582E+02,5.578820E-01,5.464398E-02,0.000000E+00,0.000000E+00,0.000000E+00,0.000000E+00,0.000000E+00,0.000000E+00,0.000000E+00,0.000000E+00,2.110805E+01,7.994713E+01,2.388839E+01,6.814289E+01
06:24:00,8.012326E+03,6.197052E+02,5.578820E-01,5.472763E-02,0.000000E+00,0.000000E+00,0.000000E+00,0.000000E+00,0.000000E+00,0.000000E+00,0.000000E+00,0.000000E+00,2.110805E+01,7.994713E+01,2.388839E+01,6.813043E+01
06:25:00,8.012326E+03,6.206638E+02,5.578820E-01,5.481228E-02,0.000000E+00,0.000000E+00,0.000000E+00,0.000000E+00,0.000000E+00,0.000000E+00,0.000000E+00,0.000000E+00,2.110805E+01,7.994713E+01,2.388839E+01,6.811778E+01
06:26:00,8.012326E+03,6.216339E+02,5.578820E-01,5.489796E-02,0.000000E+00,0.000000E+00,0.000000E+00,0.000000E+00,0.000000E+00,0.000000E+00,0.000000E+00,0.000000E+00,2.110805E+01,7.994713E+01,2.388839E+01,6.810493E+01
06:27:00,8.012326E+03,6.226606E+02,5.578820E-01,5.498863E-02,0.000000E+00,0.000000E+00,0.000000E+00,0.000000E+00,0.000000E+00,0.000000E+00,0.000000E+00,0.000000E+00,2.110805E+01,7.994713E+01,2.388839E+01,6.809190E+01
06:28:00,8.012326E+03,6.237013E+02,5.578820E-01,5.508054E-02,0.000000E+00,0.000000E+00,0.000000E+00,0.000000E+00,0.000000E+00,0.000000E+00,0.000000E+00,0.000000E+00,2.110805E+01,7.994713E+01,2.388838E+01,6.807815E+01
06:29:00,8.012326E+03,6.247558E+02,5.578820E-01,5.517367E-02,0.000000E+00,0.000000E+00,0.000000E+00,0.000000E+00,0.000000E+00,0.000000E+00,0.000000E+00,0.000000E+00,2.110805E+01,7.994713E+01,2.388838E+01,6.806387E+01
06:30:00,8.012326E+03,6.258231E+02,5.578820E-01,5.526793E-02,0.000000E+00,0.000000E+00,0.000000E+00,0.000000E+00,0.000000E+00,0.000000E+00,0.000000E+00,0.000000E+00,2.110805E+01,7.994713E+01,2.388838E+01,6.804928E+01
06:31:00,8.012326E+03,6.269036E+02,5.578820E-01,5.536335E-02,0.000000E+00,0.000000E+00,0.000000E+00,0.000000E+00,0.000000E+00,0.000000E+00,0.000000E+00,0.000000E+00,2.110805E+01,7.994713E+01,2.388838E+01,6.803450E+01
06:32:00,8.012326E+03,6.279972E+02,5.578820E-01,5.545993E-02,0.000000E+00,0.000000E+00,0.000000E+00,0.000000E+00,0.000000E+00,0.000000E+00,0.000000E+00,0.000000E+00,2.110805E+01,7.994713E+01,2.388838E+01,6.801957E+01
06:33:00,8.012326E+03,6.291040E+02,5.578820E-01,5.555768E-02,0.000000E+00,0.000000E+00,0.000000E+00,0.000000E+00,0.000000E+00,0.000000E+00,0.000000E+00,0.000000E+00,2.110805E+01,7.994713E+01,2.388838E+01,6.800449E+01
06:34:00,8.012326E+03,6.302242E+02,5.578820E-01,5.565661E-02,0.000000E+00,0.000000E+00,0.000000E+00,0.000000E+00,0.000000E+00,0.000000E+00,0.000000E+00,0.000000E+00,2.110805E+01,7.994713E+01,2.388838E+01,6.798927E+01
06:35:00,8.012326E+03,6.313578E+02,5.578820E-01,5.575673E-02,0.000000E+00,0.000000E+00,0.000000E+00,0.000000E+00,0.000000E+00,0.000000E+00,0.000000E+00,0.000000E+00,2.110805E+01,7.994713E+01,2.388838E+01,6.797391E+01
06:36:00,8.012326E+03,6.325049E+02,5.578820E-01,5.585804E-02,0.000000E+00,0.000000E+00,0.000000E+00,0.000000E+00,0.000000E+00,0.000000E+00,0.000000E+00,0.000000E+00,2.110805E+01,7.994713E+01,2.388838E+01,6.795840E+01
06:37:00,8.012326E+03,6.336657E+02,5.578820E-01,5.596056E-02,0.000000E+00,0.000000E+00,0.000000E+00,0.000000E+00,0.000000E+00,0.000000E+00,0.000000E+00,0.000000E+00,2.110805E+01,7.994713E+01,2.388838E+01,6.794275E+01
06:38:00,8.012326E+03,6.348404E+02,5.578820E-01,5.606429E-02,0.000000E+00,0.000000E+00,0.000000E+00,0.000000E+00,0.000000E+00,0.000000E+00,0.000000E+00,0.000000E+00,2.110805E+01,7.994713E+01,2.388838E+01,6.792697E+01
06:39:00,8.012326E+03,6.360289E+02,5.578820E-01,5.616926E-02,0.000000E+00,0.000000E+00,0.000000E+00,0.000000E+00,0.000000E+00,0.000000E+00,0.000000E+00,0.000000E+00,2.110805E+01,7.994713E+01,2.388837E+01,6.791106E+01
06:40:00,8.012326E+03,6.372315E+02,5.578820E-01,5.627547E-02,0.000000E+00,0.000000E+00,0.000000E+00,0.000000E+00,0.000000E+00,0.000000E+00,0.000000E+00,0.000000E+00,2.110805E+01,7.994713E+01,2.388837E+01,6.789502E+01
06:41:00,8.012326E+03,6.384484E+02,5.578820E-01,5.638294E-02,0.000000E+00,0.000000E+00,0.000000E+00,0.000000E+00,0.000000E+00,0.000000E+00,0.000000E+00,0.000000E+00,2.110805E+01,7.994713E+01,2.388837E+01,6.787886E+01
06:42:00,8.012326E+03,6.396796E+02,5.578820E-01,5.649167E-02,0.000000E+00,0.000000E+00,0.000000E+00,0.000000E+00,0.000000E+00,0.000000E+00,0.000000E+00,0.000000E+00,2.110805E+01,7.994713E+01,2.388837E+01,6.786257E+01
06:43:00,8.012326E+03,6.409254E+02,5.578820E-01,5.660169E-02,0.000000E+00,0.000000E+00,0.000000E+00,0.000000E+00,0.000000E+00,0.000000E+00,0.000000E+00,0.000000E+00,2.110805E+01,7.994713E+01,2.388837E+01,6.784616E+01
06:44:00,8.012326E+03,6.421858E+02,5.578820E-01,5.671301E-02,0.000000E+00,0.000000E+00,0.000000E+00,0.000000E+00,0.000000E+00,0.000000E+00,0.000000E+00,0.000000E+00,2.110805E+01,7.994713E+01,2.388837E+01,6.782964E+01
06:45:00,8.012326E+03,6.434612E+02,5.578820E-01,5.682565E-02,0.000000E+00,0.000000E+00,0.000000E+00,0.000000E+00,0.000000E+00,0.000000E+00,0.000000E+00,0.000000E+00,2.110805E+01,7.994713E+01,2.388837E+01,6.781300E+01
06:46:00,8.012326E+03,6.447515E+02,5.578820E-01,5.693960E-02,0.000000E+00,0.000000E+00,0.000000E+00,0.000000E+00,0.000000E+00,0.000000E+00,0.000000E+00,0.000000E+00,2.110805E+01,7.994713E+01,2.388837E+01,6.779625E+01
06:47:00,8.012326E+03,6.460568E+02,5.578820E-01,5.705488E-02,0.000000E+00,0.000000E+00,0.000000E+00,0.000000E+00,0.000000E+00,0.000000E+00,0.000000E+00,0.000000E+00,2.110805E+01,7.994713E+01,2.388837E+01,6.777939E+01
06:48:00,8.012326E+03,6.473773E+02,5.578820E-01,5.717150E-02,0.000000E+00,0.000000E+00,0.000000E+00,0.000000E+00,0.000000E+00,0.000000E+00,0.000000E+00,0.000000E+00,2.110805E+01,7.994713E+01,2.388837E+01,6.776242E+01
06:49:00,8.012326E+03,6.487131E+02,5.578820E-01,5.728948E-02,0.000000E+00,0.000000E+00,0.000000E+00,0.000000E+00,0.000000E+00,0.000000E+00,0.000000E+00,0.000000E+00,2.110805E+01,7.994713E+01,2.388837E+01,6.774535E+01
06:50:00,8.012326E+03,6.500644E+02,5.578820E-01,5.740881E-02,0.000000E+00,0.000000E+00,0.000000E+00,0.000000E+00,0.000000E+00,0.000000E+00,0.000000E+00,0.000000E+00,2.110805E+01,7.994713E+01,2.388837E+01,6.772818E+01
06:51:00,8.012326E+03,6.514311E+02,5.578820E-01,5.752951E-02,0.000000E+00,0.000000E+00,0.000000E+00,0.000000E+00,0.000000E+00,0.000000E+00,0.000000E+00,0.000000E+00,2.110805E+01,7.994713E+01,2.388836E+01,6.771090E+01
06:52:00,8.012326E+03,6.528135E+02,5.578820E-01,5.765160E-02,0.000000E+00,0.000000E+00,0.000000E+00,0.000000E+00,0.000000E+00,0.000000E+00,0.000000E+00,0.000000E+00,2.110805E+01,7.994713E+01,2.388836E+01,6.769353E+01
06:53:00,8.012326E+03,6.542115E+02,5.578820E-01,5.777507E-02,0.000000E+00,0.000000E+00,0.000000E+00,0.000000E+00,0.000000E+00,0.000000E+00,0.000000E+00,0.000000E+00,2.110805E+01,7.994713E+01,2.388836E+01,6.767606E+01
06:54:00,8.012326E+03,6.556254E+02,5.578820E-01,5.789994E-02,0.000000E+00,0.000000E+00,0.000000E+00,0.000000E+00,0.000000E+00,0.000000E+00,0.000000E+00,0.000000E+00,2.110805E+01,7.994713E+01,2.388836E+01,6.765849E+01
06:55:00,8.012326E+03,6.570551E+02,5.578820E-01,5.802620E-02,0.000000E+00,0.000000E+00,0.000000E+00,0.000000E+00,0.000000E+00,0.000000E+00,0.000000E+00,0.000000E+00,2.110805E+01,7.994713E+01,2.388836E+01,6.764084E+01
06:56:00,8.012326E+03,6.585007E+02,5.578820E-01,5.815387E-02,0.000000E+00,0.000000E+00,0.000000E+00,0.000000E+00,0.000000E+00,0.000000E+00,0.000000E+00,0.000000E+00,2.110805E+01,7.994713E+01,2.388836E+01,6.762309E+01
06:57:00,8.012326E+03,6.599622E+02,5.578820E-01,5.828294E-02,0.000000E+00,0.000000E+00,0.000000E+00,0.000000E+00,0.000000E+00,0.000000E+00,0.000000E+00,0.000000E+00,2.110805E+01,7.994713E+01,2.388836E+01,6.760527E+01
06:58:00,8.012326E+03,6.614394E+02,5.578820E-01,5.841341E-02,0.000000E+00,0.000000E+00,0.000000E+00,0.000000E+00,0.000000E+00,0.000000E+00,0.000000E+00,0.000000E+00,2.110805E+01,7.994713E+01,2.388836E+01,6.758736E+01
06:59:00,8.012326E+03,6.629327E+02,5.578820E-01,5.854529E-02,0.000000E+00,0.000000E+00,0.000000E+00,0.000000E+00,0.000000E+00,0.000000E+00,0.000000E+00,0.000000E+00,2.110805E+01,7.994713E+01,2.388836E+01,6.756937E+01
07:00:00,8.012326E+03,6.644423E+02,5.578820E-01,5.867861E-02,0.000000E+00,0.000000E+00,0.000000E+00,0.000000E+00,0.000000E+00,0.000000E+00,0.000000E+00,0.000000E+00,2.110805E+01,7.994713E+01,2.388836E+01,6.755132E+01
07:01:00,8.012326E+03,6.659830E+02,5.578820E-01,5.881468E-02,0.000000E+00,0.000000E+00,0.000000E+00,0.000000E+00,0.000000E+00,0.000000E+00,0.000000E+00,0.000000E+00,2.110805E+01,7.994713E+01,2.388836E+01,6.753318E+01
07:02:00,8.012326E+03,6.675547E+02,5.578820E-01,5.895348E-02,0.000000E+00,0.000000E+00,0.000000E+00,0.000000E+00,0.000000E+00,0.000000E+00,0.000000E+00,0.000000E+00,2.110805E+01,7.994713E+01,2.388835E+01,6.751463E+01
07:03:00,8.012326E+03,6.691576E+02,5.578820E-01,5.909504E-02,0.000000E+00,0.000000E+00,0.000000E+00,0.000000E+00,0.000000E+00,0.000000E+00,0.000000E+00,0.000000E+00,2.110805E+01,7.994713E+01,2.388835E+01,6.749546E+01
07:04:00,8.012326E+03,6.707919E+02,5.578820E-01,5.923938E-02,0.000000E+00,0.000000E+00,0.000000E+00,0.000000E+00,0.000000E+00,0.000000E+00,0.000000E+00,0.000000E+00,2.110805E+01,7.994713E+01,2.388835E+01,6.747560E+01
07:05:00,8.012326E+03,6.724579E+02,5.578820E-01,5.938651E-02,0.000000E+00,0.000000E+00,0.000000E+00,0.000000E+00,0.000000E+00,0.000000E+00,0.000000E+00,0.000000E+00,2.110805E+01,7.994713E+01,2.388835E+01,6.745507E+01
07:06:00,8.012326E+03,6.741565E+02,5.578820E-01,5.953653E-02,0.000000E+00,0.000000E+00,0.000000E+00,0.000000E+00,0.000000E+00,0.000000E+00,0.000000E+00,0.000000E+00,2.110805E+01,7.994713E+01,2.388835E+01,6.743388E+01
07:07:00,8.012326E+03,6.758873E+02,5.578820E-01,5.968938E-02,0.000000E+00,0.000000E+00,0.000000E+00,0.000000E+00,0.000000E+00,0.000000E+00,0.000000E+00,0.000000E+00,2.110805E+01,7.994713E+01,2.388834E+01,6.741207E+01
07:08:00,8.012326E+03,6.776503E+02,5.578820E-01,5.984508E-02,0.000000E+00,0.000000E+00,0.000000E+00,0.000000E+00,0.000000E+00,0.000000E+00,0.000000E+00,0.000000E+00,2.110805E+01,7.994713E+01,2.388834E+01,6.738965E+01
07:09:00,8.012326E+03,6.794457E+02,5.578820E-01,6.000365E-02,0.000000E+00,0.000000E+00,0.000000E+00,0.000000E+00,0.000000E+00,0.000000E+00,0.000000E+00,0.000000E+00,2.110805E+01,7.994713E+01,2.388834E+01,6.736663E+01
07:10:00,8.012326E+03,6.812738E+02,5.578820E-01,6.016510E-02,0.000000E+00,0.000000E+00,0.000000E+00,0.000000E+00,0.000000E+00,0.000000E+00,0.000000E+00,0.000000E+00,2.110805E+01,7.994713E+01,2.388834E+01,6.734303E+01
07:11:00,8.012326E+03,6.831348E+02,5.578820E-01,6.032945E-02,0.000000E+00,0.000000E+00,0.000000E+00,0.000000E+00,0.000000E+00,0.000000E+00,0.000000E+00,0.000000E+00,2.110805E+01,7.994713E+01,2.388834E+01,6.731887E+01
07:12:00,8.012326E+03,6.850288E+02,5.578820E-01,6.049672E-02,0.000000E+00,0.000000E+00,0.000000E+00,0.000000E+00,0.000000E+00,0.000000E+00,0.000000E+00,0.000000E+00,2.110805E+01,7.994713E+01,2.388833E+01,6.729414E+01
07:13:00,8.012326E+03,6.869560E+02,5.578820E-01,6.066693E-02,0.000000E+00,0.000000E+00,0.000000E+00,0.000000E+00,0.000000E+00,0.000000E+00,0.000000E+00,0.000000E+00,2.110805E+01,7.994713E+01,2.388833E+01,6.726888E+01
07:14:00,8.012326E+03,6.889167E+02,5.578820E-01,6.084009E-02,0.000000E+00,0.000000E+00,0.000000E+00,0.000000E+00,0.000000E+00,0.000000E+00,0.000000E+00,0.000000E+00,2.110805E+01,7.994713E+01,2.388833E+01,6.724309E+01
07:15:00,8.012326E+03,6.909111E+02,5.578820E-01,6.101622E-02,0.000000E+00,0.000000E+00,0.000000E+00,0.000000E+00,0.000000E+00,0.000000E+00,0.000000E+00,0.000000E+00,2.110805E+01,7.994713E+01,2.388833E+01,6.721678E+01
07:16:00,8.012326E+03,6.929394E+02,5.578820E-01,6.119536E-02,0.000000E+00,0.000000E+00,0.000000E+00,0.000000E+00,0.000000E+00,0.000000E+00,0.000000E+00,0.000000E+00,2.110805E+01,7.994713E+01,2.388833E+01,6.718997E+01
07:17:00,8.012326E+03,6.950019E+02,5.578820E-01,6.137750E-02,0.000000E+00,0.000000E+00,0.000000E+00,0.000000E+00,0.000000E+00,0.000000E+00,0.000000E+00,0.000000E+00,2.110805E+01,7.994713E+01,2.388832E+01,6.716267E+01
07:18:00,8.012326E+03,6.970987E+02,5.578820E-01,6.156269E-02,0.000000E+00,0.000000E+00,0.000000E+00,0.000000E+00,0.000000E+00,0.000000E+00,0.000000E+00,0.000000E+00,2.110805E+01,7.994713E+01,2.388832E+01,6.713489E+01
07:19:00,8.012326E+03,6.992302E+02,5.578820E-01,6.175093E-02,0.000000E+00,0.000000E+00,0.000000E+00,0.000000E+00,0.000000E+00,0.000000E+00,0.000000E+00,0.000000E+00,2.110805E+01,7.994713E+01,2.388832E+01,6.710664E+01
07:20:00,8.012326E+03,7.013966E+02,5.578820E-01,6.194226E-02,0.000000E+00,0.000000E+00,0.000000E+00,0.000000E+00,0.000000E+00,0.000000E+00,0.000000E+00,0.000000E+00,2.110805E+01,7.994713E+01,2.388832E+01,6.707793E+01
07:21:00,8.012326E+03,7.035980E+02,5.578820E-01,6.213667E-02,0.000000E+00,0.000000E+00,0.000000E+00,0.000000E+00,0.000000E+00,0.000000E+00,0.000000E+00,0.000000E+00,2.110805E+01,7.994713E+01,2.388832E+01,6.704877E+01
07:22:00,8.012326E+03,7.058344E+02,5.578820E-01,6.233419E-02,0.000000E+00,0.000000E+00,0.000000E+00,0.000000E+00,0.000000E+00,0.000000E+00,0.000000E+00,0.000000E+00,2.110805E+01,7.994713E+01,2.388832E+01,6.701918E+01
07:23:00,8.012326E+03,7.081061E+02,5.578820E-01,6.253482E-02,0.000000E+00,0.000000E+00,0.000000E+00,0.000000E+00,0.000000E+00,0.000000E+00,0.000000E+00,0.000000E+00,2.110805E+01,7.994713E+01,2.388831E+01,6.698917E+01
07:24:00,8.012326E+03,7.104133E+02,5.578820E-01,6.273858E-02,0.000000E+00,0.000000E+00,0.000000E+00,0.000000E+00,0.000000E+00,0.000000E+00,0.000000E+00,0.000000E+00,2.110805E+01,7.994713E+01,2.388831E+01,6.695873E+01
07:25:00,8.012326E+03,7.127562E+02,5.578820E-01,6.294549E-02,0.000000E+00,0.000000E+00,0.000000E+00,0.000000E+00,0.000000E+00,0.000000E+00,0.000000E+00,0.000000E+00,2.110805E+01,7.994713E+01,2.388831E+01,6.692789E+01
07:26:00,8.012326E+03,7.151348E+02,5.578820E-01,6.315556E-02,0.000000E+00,0.000000E+00,0.000000E+00,0.000000E+00,0.000000E+00,0.000000E+00,0.000000E+00,0.000000E+00,2.110805E+01,7.994713E+01,2.388831E+01,6.689666E+01
07:27:00,8.012326E+03,7.175048E+02,5.578820E-01,6.336487E-02,0.000000E+00,0.000000E+00,0.000000E+00,0.000000E+00,0.000000E+00,0.000000E+00,0.000000E+00,0.000000E+00,2.110805E+01,7.994713E+01,2.388831E+01,6.686503E+01
07:28:00,8.012326E+03,7.199087E+02,5.578820E-01,6.357718E-02,0.000000E+00,0.000000E+00,0.000000E+00,0.000000E+00,0.000000E+00,0.000000E+00,0.000000E+00,0.000000E+00,2.110805E+01,7.994713E+01,2.388830E+01,6.683303E+01
07:29:00,8.012326E+03,7.223473E+02,5.578820E-01,6.379254E-02,0.000000E+00,0.000000E+00,0.000000E+00,0.000000E+00,0.000000E+00,0.000000E+00,0.000000E+00,0.000000E+00,2.110805E+01,7.994713E+01,2.388830E+01,6.680065E+01
07:30:00,8.012326E+03,7.248215E+02,5.578820E-01,6.401106E-02,0.000000E+00,0.000000E+00,0.000000E+00,0.000000E+00,0.000000E+00,0.000000E+00,0.000000E+00,0.000000E+00,2.110805E+01,7.994713E+01,2.388830E+01,6.676792E+01
07:31:00,8.012326E+03,7.273317E+02,5.578820E-01,6.423274E-02,0.000000E+00,0.000000E+00,0.000000E+00,0.000000E+00,0.000000E+00,0.000000E+00,0.000000E+00,0.000000E+00,2.110805E+01,7.994713E+01,2.388830E+01,6.673483E+01
07:32:00,8.012326E+03,7.298780E+02,5.578820E-01,6.445762E-02,0.000000E+00,0.000000E+00,0.000000E+00,0.000000E+00,0.000000E+00,0.000000E+00,0.000000E+00,0.000000E+00,2.110805E+01,7.994713E+01,2.388830E+01,6.670140E+01
07:33:00,8.012326E+03,7.324603E+02,5.578820E-01,6.468568E-02,0.000000E+00,0.000000E+00,0.000000E+00,0.000000E+00,0.000000E+00,0.000000E+00,0.000000E+00,0.000000E+00,2.110805E+01,7.994713E+01,2.388829E+01,6.666763E+01
07:34:00,8.012326E+03,7.350788E+02,5.578820E-01,6.491694E-02,0.000000E+00,0.000000E+00,0.000000E+00,0.000000E+00,0.000000E+00,0.000000E+00,0.000000E+00,0.000000E+00,2.110805E+01,7.994713E+01,2.388829E+01,6.663353E+01
07:35:00,8.012326E+03,7.377345E+02,5.578820E-01,6.515148E-02,0.000000E+00,0.000000E+00,0.000000E+00,0.000000E+00,0.000000E+00,0.000000E+00,0.000000E+00,0.000000E+00,2.110805E+01,7.994713E+01,2.388829E+01,6.659912E+01
07:36:00,8.012326E+03,7.404276E+02,5.578820E-01,6.538932E-02,0.000000E+00,0.000000E+00,0.000000E+00,0.000000E+00,0.000000E+00,0.000000E+00,0.000000E+00,0.000000E+00,2.110805E+01,7.994713E+01,2.388829E+01,6.656439E+01
07:37:00,8.012326E+03,7.431584E+02,5.578820E-01,6.563050E-02,0.000000E+00,0.000000E+00,0.000000E+00,0.000000E+00,0.000000E+00,0.000000E+00,0.000000E+00,0.000000E+00,2.110805E+01,7.994713E+01,2.388829E+01,6.652935E+01
07:38:00,8.012326E+03,7.459279E+02,5.578820E-01,6.587509E-02,0.000000E+00,0.000000E+00,0.000000E+00,0.000000E+00,0.000000E+00,0.000000E+00,0.000000E+00,0.000000E+00,2.110805E+01,7.994713E+01,2.388829E+01,6.649400E+01
07:39:00,8.012326E+03,7.487363E+02,5.578820E-01,6.612312E-02,0.000000E+00,0.000000E+00,0.000000E+00,0.000000E+00,0.000000E+00,0.000000E+00,0.000000E+00,0.000000E+00,2.110805E+01,7.994713E+01,2.388828E+01,6.645834E+01
07:40:00,8.012326E+03,7.515839E+02,5.578820E-01,6.637460E-02,0.000000E+00,0.000000E+00,0.000000E+00,0.000000E+00,0.000000E+00,0.000000E+00,0.000000E+00,0.000000E+00,2.110805E+01,7.994713E+01,2.388828E+01,6.642237E+01
07:41:00,8.012326E+03,7.544706E+02,5.578820E-01,6.662955E-02,0.000000E+00,0.000000E+00,0.000000E+00,0.000000E+00,0.000000E+00,0.000000E+00,0.000000E+00,0.000000E+00,2.110805E+01,7.994713E+01,2.388828E+01,6.638608E+01
07:42:00,8.012326E+03,7.573968E+02,5.578820E-01,6.688798E-02,0.000000E+00,0.000000E+00,0.000000E+00,0.000000E+00,0.000000E+00,0.000000E+00,0.000000E+00,0.000000E+00,2.110805E+01,7.994713E+01,2.388828E+01,6.634951E+01
07:43:00,8.012326E+03,7.603625E+02,5.578820E-01,6.714990E-02,0.000000E+00,0.000000E+00,0.000000E+00,0.000000E+00,0.000000E+00,0.000000E+00,0.000000E+00,0.000000E+00,2.110805E+01,7.994713E+01,2.388828E+01,6.631265E+01
07:44:00,8.012326E+03,7.633679E+02,5.578820E-01,6.741533E-02,0.000000E+00,0.000000E+00,0.000000E+00,0.000000E+00,0.000000E+00,0.000000E+00,0.000000E+00,0.000000E+00,2.110805E+01,7.994713E+01,2.388827E+01,6.627550E+01
07:45:00,8.012326E+03,7.664130E+02,5.578820E-01,6.768426E-02,0.000000E+00,0.000000E+00,0.000000E+00,0.000000E+00,0.000000E+00,0.000000E+00,0.000000E+00,0.000000E+00,2.110805E+01,7.994713E+01,2.388827E+01,6.623808E+01
07:46:00,8.012326E+03,7.694981E+02,5.578820E-01,6.795672E-02,0.000000E+00,0.000000E+00,0.000000E+00,0.000000E+00,0.000000E+00,0.000000E+00,0.000000E+00,0.000000E+00,2.110805E+01,7.994713E+01,2.388827E+01,6.620040E+01
07:47:00,8.012326E+03,7.726233E+02,5.578820E-01,6.823273E-02,0.000000E+00,0.000000E+00,0.000000E+00,0.000000E+00,0.000000E+00,0.000000E+00,0.000000E+00,0.000000E+00,2.110805E+01,7.994713E+01,2.388827E+01,6.616246E+01
07:48:00,8.012326E+03,7.757886E+02,5.578820E-01,6.851228E-02,0.000000E+00,0.000000E+00,0.000000E+00,0.000000E+00,0.000000E+00,0.000000E+00,0.000000E+00,0.000000E+00,2.110805E+01,7.994713E+01,2.388827E+01,6.612427E+01
07:49:00,8.012326E+03,7.789942E+02,5.578820E-01,6.879539E-02,0.000000E+00,0.000000E+00,0.000000E+00,0.000000E+00,0.000000E+00,0.000000E+00,0.000000E+00,0.000000E+00,2.110805E+01,7.994713E+01,2.388827E+01,6.608584E+01
07:50:00,8.012326E+03,7.822402E+02,5.578820E-01,6.908206E-02,0.000000E+00,0.000000E+00,0.000000E+00,0.000000E+00,0.000000E+00,0.000000E+00,0.000000E+00,0.000000E+00,2.110805E+01,7.994713E+01,2.388826E+01,6.604717E+01
07:51:00,8.012326E+03,7.855267E+02,5.578820E-01,6.937232E-02,0.000000E+00,0.000000E+00,0.000000E+00,0.000000E+00,0.000000E+00,0.000000E+00,0.000000E+00,0.000000E+00,2.110805E+01,7.994713E+01,2.388826E+01,6.600827E+01
07:52:00,8.012326E+03,7.888540E+02,5.578820E-01,6.966616E-02,0.000000E+00,0.000000E+00,0.000000E+00,0.000000E+00,0.000000E+00,0.000000E+00,0.000000E+00,0.000000E+00,2.110805E+01,7.994713E+01,2.388826E+01,6.596916E+01
07:53:00,8.012326E+03,7.922219E+02,5.578820E-01,6.996361E-02,0.000000E+00,0.000000E+00,0.000000E+00,0.000000E+00,0.000000E+00,0.000000E+00,0.000000E+00,0.000000E+00,2.110805E+01,7.994713E+01,2.388826E+01,6.592983E+01
07:54:00,8.012326E+03,7.956307E+02,5.578820E-01,7.026466E-02,0.000000E+00,0.000000E+00,0.000000E+00,0.000000E+00,0.000000E+00,0.000000E+00,0.000000E+00,0.000000E+00,2.110805E+01,7.994713E+01,2.388826E+01,6.589029E+01
07:55:00,8.012326E+03,7.990807E+02,5.578820E-01,7.056935E-02,0.000000E+00,0.000000E+00,0.000000E+00,0.000000E+00,0.000000E+00,0.000000E+00,0.000000E+00,0.000000E+00,2.110805E+01,7.994713E+01,2.388825E+01,6.585055E+01
07:56:00,8.012326E+03,8.025719E+02,5.578820E-01,7.087768E-02,0.000000E+00,0.000000E+00,0.000000E+00,0.000000E+00,0.000000E+00,0.000000E+00,0.000000E+00,0.000000E+00,2.110805E+01,7.994713E+01,2.388825E+01,6.581063E+01
07:57:00,8.012326E+03,8.061045E+02,5.578820E-01,7.118967E-02,0.000000E+00,0.000000E+00,0.000000E+00,0.000000E+00,0.000000E+00,0.000000E+00,0.000000E+00,0.000000E+00,2.110805E+01,7.994713E+01,2.388825E+01,6.577051E+01
07:58:00,8.012326E+03,8.096789E+02,5.578820E-01,7.150535E-02,0.000000E+00,0.000000E+00,0.000000E+00,0.000000E+00,0.000000E+00,0.000000E+00,0.000000E+00,0.000000E+00,2.110805E+01,7.994713E+01,2.388825E+01,6.573021E+01
07:59:00,8.012326E+03,8.132952E+02,5.578820E-01,7.182473E-02,0.000000E+00,0.000000E+00,0.000000E+00,0.000000E+00,0.000000E+00,0.000000E+00,0.000000E+00,0.000000E+00,2.110805E+01,7.994713E+01,2.388825E+01,6.568974E+01
08:00:00,8.012326E+03,8.169529E+02,5.578820E-01,7.214777E-02,0.000000E+00,0.000000E+00,0.000000E+00,0.000000E+00,0.000000E+00,0.000000E+00,0.000000E+00,0.000000E+00,2.110805E+01,7.994713E+01,2.388825E+01,6.564911E+01
08:01:00,8.012326E+03,8.206289E+02,5.578820E-01,7.247241E-02,0.000000E+00,0.000000E+00,0.000000E+00,0.000000E+00,0.000000E+00,0.000000E+00,0.000000E+00,0.000000E+00,2.110805E+01,7.994713E+01,2.388824E+01,6.560831E+01
08:02:00,8.012326E+03,8.243234E+02,5.578820E-01,7.279870E-02,0.000000E+00,0.000000E+00,0.000000E+00,0.000000E+00,0.000000E+00,0.000000E+00,0.000000E+00,0.000000E+00,2.110805E+01,7.994713E+01,2.388824E+01,6.556730E+01
08:03:00,8.012326E+03,8.280367E+02,5.578820E-01,7.312664E-02,0.000000E+00,0.000000E+00,0.000000E+00,0.000000E+00,0.000000E+00,0.000000E+00,0.000000E+00,0.000000E+00,2.110805E+01,7.994713E+01,2.388824E+01,6.552604E+01
08:04:00,8.012326E+03,8.317684E+02,5.578820E-01,7.345622E-02,0.000000E+00,0.000000E+00,0.000000E+00,0.000000E+00,0.000000E+00,0.000000E+00,0.000000E+00,0.000000E+00,2.110805E+01,7.994713E+01,2.388824E+01,6.548452E+01
08:05:00,8.012326E+03,8.355186E+02,5.578820E-01,7.378742E-02,0.000000E+00,0.000000E+00,0.000000E+00,0.000000E+00,0.000000E+00,0.000000E+00,0.000000E+00,0.000000E+00,2.110805E+01,7.994713E+01,2.388824E+01,6.544277E+01
08:06:00,8.012326E+03,8.392875E+02,5.578820E-01,7.412028E-02,0.000000E+00,0.000000E+00,0.000000E+00,0.000000E+00,0.000000E+00,0.000000E+00,0.000000E+00,0.000000E+00,2.110805E+01,7.994713E+01,2.388823E+01,6.540078E+01
08:07:00,8.012326E+03,8.430748E+02,5.578820E-01,7.445476E-02,0.000000E+00,0.000000E+00,0.000000E+00,0.000000E+00,0.000000E+00,0.000000E+00,0.000000E+00,0.000000E+00,2.110805E+01,7.994713E+01,2.388823E+01,6.535856E+01
08:08:00,8.012326E+03,8.468803E+02,5.578820E-01,7.479085E-02,0.000000E+00,0.000000E+00,0.000000E+00,0.000000E+00,0.000000E+00,0.000000E+00,0.000000E+00,0.000000E+00,2.110805E+01,7.994713E+01,2.388823E+01,6.531613E+01
08:09:00,8.012326E+03,8.507043E+02,5.578820E-01,7.512857E-02,0.000000E+00,0.000000E+00,0.000000E+00,0.000000E+00,0.000000E+00,0.000000E+00,0.000000E+00,0.000000E+00,2.110805E+01,7.994713E+01,2.388823E+01,6.527349E+01
08:10:00,8.012326E+03,8.545467E+02,5.578820E-01,7.546792E-02,0.000000E+00,0.000000E+00,0.000000E+00,0.000000E+00,0.000000E+00,0.000000E+00,0.000000E+00,0.000000E+00,2.110805E+01,7.994713E+01,2.388823E+01,6.523066E+01
08:11:00,8.012326E+03,8.584070E+02,5.578820E-01,7.580885E-02,0.000000E+00,0.000000E+00,0.000000E+00,0.000000E+00,0.000000E+00,0.000000E+00,0.000000E+00,0.000000E+00,2.110805E+01,7.994713E+01,2.388823E+01,6.518764E+01
08:12:00,8.012326E+03,8.622858E+02,5.578820E-01,7.615141E-02,0.000000E+00,0.000000E+00,0.000000E+00,0.000000E+00,0.000000E+00,0.000000E+00,0.000000E+00,0.000000E+00,2.110805E+01,7.994713E+01,2.388822E+01,6.514443E+01
08:13:00,8.012326E+03,8.661826E+02,5.578820E-01,7.649557E-02,0.000000E+00,0.000000E+00,0.000000E+00,0.000000E+00,0.000000E+00,0.000000E+00,0.000000E+00,0.000000E+00,2.110805E+01,7.994713E+01,2.388822E+01,6.510106E+01
08:14:00,8.012326E+03,8.700973E+02,5.578820E-01,7.684129E-02,0.000000E+00,0.000000E+00,0.000000E+00,0.000000E+00,0.000000E+00,0.000000E+00,0.000000E+00,0.000000E+00,2.110805E+01,7.994713E+01,2.388822E+01,6.505752E+01
08:15:00,8.012326E+03,8.740300E+02,5.578820E-01,7.718862E-02,0.000000E+00,0.000000E+00,0.000000E+00,0.000000E+00,0.000000E+00,0.000000E+00,0.000000E+00,0.000000E+00,2.110805E+01,7.994713E+01,2.388822E+01,6.501383E+01
08:16:00,8.012326E+03,8.779807E+02,5.578820E-01,7.753753E-02,0.000000E+00,0.000000E+00,0.000000E+00,0.000000E+00,0.000000E+00,0.000000E+00,0.000000E+00,0.000000E+00,2.110805E+01,7.994713E+01,2.388822E+01,6.496998E+01
08:17:00,8.012326E+03,8.819489E+02,5.578820E-01,7.788799E-02,0.000000E+00,0.000000E+00,0.000000E+00,0.000000E+00,0.000000E+00,0.000000E+00,0.000000E+00,0.000000E+00,2.110805E+01,7.994713E+01,2.388821E+01,6.492600E+01
08:18:00,8.012326E+03,8.859350E+02,5.578820E-01,7.824003E-02,0.000000E+00,0.000000E+00,0.000000E+00,0.000000E+00,0.000000E+00,0.000000E+00,0.000000E+00,0.000000E+00,2.110805E+01,7.994713E+01,2.388821E+01,6.488188E+01
08:19:00,8.012326E+03,8.899387E+02,5.578820E-01,7.859362E-02,0.000000E+00,0.000000E+00,0.000000E+00,0.000000E+00,0.000000E+00,0.000000E+00,0.000000E+00,0.000000E+00,2.110805E+01,7.994713E+01,2.388821E+01,6.483763E+01
08:20:00,8.012326E+03,8.939597E+02,5.578820E-01,7.894874E-02,0.000000E+00,0.000000E+00,0.000000E+00,0.000000E+00,0.000000E+00,0.000000E+00,0.000000E+00,0.000000E+00,2.110805E+01,7.994713E+01,2.388821E+01,6.479326E+01
08:21:00,8.012326E+03,8.979982E+02,5.578820E-01,7.930542E-02,0.000000E+00,0.000000E+00,0.000000E+00,0.000000E+00,0.000000E+00,0.000000E+00,0.000000E+00,0.000000E+00,2.110805E+01,7.994713E+01,2.388821E+01,6.474878E+01
08:22:00,8.012326E+03,9.020540E+02,5.578820E-01,7.966361E-02,0.000000E+00,0.000000E+00,0.000000E+00,0.000000E+00,0.000000E+00,0.000000E+00,0.000000E+00,0.000000E+00,2.110805E+01,7.994713E+01,2.388821E+01,6.470419E+01
08:23:00,8.012326E+03,9.061267E+02,5.578820E-01,8.002330E-02,0.000000E+00,0.000000E+00,0.000000E+00,0.000000E+00,0.000000E+00,0.000000E+00,0.000000E+00,0.000000E+00,2.110805E+01,7.994713E+01,2.388820E+01,6.465950E+01
08:24:00,8.012326E+03,9.102167E+02,5.578820E-01,8.038451E-02,0.000000E+00,0.000000E+00,0.000000E+00,0.000000E+00,0.000000E+00,0.000000E+00,0.000000E+00,0.000000E+00,2.110805E+01,7.994713E+01,2.388820E+01,6.461471E+01
08:25:00,8.012326E+03,9.143235E+02,5.578820E-01,8.074721E-02,0.000000E+00,0.000000E+00,0.000000E+00,0.000000E+00,0.000000E+00,0.000000E+00,0.000000E+00,0.000000E+00,2.110805E+01,7.994713E+01,2.388820E+01,6.456984E+01
08:26:00,8.012326E+03,9.184471E+02,5.578820E-01,8.111139E-02,0.000000E+00,0.000000E+00,0.000000E+00,0.000000E+00,0.000000E+00,0.000000E+00,0.000000E+00,0.000000E+00,2.110805E+01,7.994713E+01,2.388820E+01,6.452489E+01
08:27:00,8.012326E+03,9.225870E+02,5.578820E-01,8.147702E-02,0.000000E+00,0.000000E+00,0.000000E+00,0.000000E+00,0.000000E+00,0.000000E+00,0.000000E+00,0.000000E+00,2.110805E+01,7.994713E+01,2.388820E+01,6.447986E+01
08:28:00,8.012326E+03,9.267436E+02,5.578820E-01,8.184412E-02,0.000000E+00,0.000000E+00,0.000000E+00,0.000000E+00,0.000000E+00,0.000000E+00,0.000000E+00,0.000000E+00,2.110805E+01,7.994713E+01,2.388820E+01,6.443476E+01
08:29:00,8.012326E+03,9.309166E+02,5.578820E-01,8.221266E-02,0.000000E+00,0.000000E+00,0.000000E+00,0.000000E+00,0.000000E+00,0.000000E+00,0.000000E+00,0.000000E+00,2.110805E+01,7.994713E+01,2.388819E+01,6.438961E+01
08:30:00,8.012326E+03,9.351057E+02,5.578820E-01,8.258263E-02,0.000000E+00,0.000000E+00,0.000000E+00,0.000000E+00,0.000000E+00,0.000000E+00,0.000000E+00,0.000000E+00,2.110805E+01,7.994713E+01,2.388819E+01,6.434439E+01
08:31:00,8.012326E+03,9.393108E+02,5.578820E-01,8.295401E-02,0.000000E+00,0.000000E+00,0.000000E+00,0.000000E+00,0.000000E+00,0.000000E+00,0.000000E+00,0.000000E+00,2.110805E+01,7.994713E+01,2.388819E+01,6.429912E+01
08:32:00,8.012326E+03,9.435318E+02,5.578820E-01,8.332680E-02,0.000000E+00,0.000000E+00,0.000000E+00,0.000000E+00,0.000000E+00,0.000000E+00,0.000000E+00,0.000000E+00,2.110805E+01,7.994713E+01,2.388819E+01,6.425380E+01
08:33:00,8.012326E+03,9.477689E+02,5.578820E-01,8.370100E-02,0.000000E+00,0.000000E+00,0.000000E+00,0.000000E+00,0.000000E+00,0.000000E+00,0.000000E+00,0.000000E+00,2.110805E+01,7.994713E+01,2.388819E+01,6.420845E+01
08:34:00,8.012326E+03,9.520218E+02,5.578820E-01,8.407660E-02,0.000000E+00,0.000000E+00,0.000000E+00,0.000000E+00,0.000000E+00,0.000000E+00,0.000000E+00,0.000000E+00,2.110805E+01,7.994713E+01,2.388819E+01,6.416305E+01
08:35:00,8.012326E+03,9.562899E+02,5.578820E-01,8.445355E-02,0.000000E+00,0.000000E+00,0.000000E+00,0.000000E+00,0.000000E+00,0.000000E+00,0.000000E+00,0.000000E+00,2.110805E+01,7.994713E+01,2.388818E+01,6.411762E+01
08:36:00,8.012326E+03,9.605728E+02,5.578820E-01,8.483180E-02,0.000000E+00,0.000000E+00,0.000000E+00,0.000000E+00,0.000000E+00,0.000000E+00,0.000000E+00,0.000000E+00,2.110805E+01,7.994713E+01,2.388818E+01,6.407217E+01
08:37:00,8.012326E+03,9.648703E+02,5.578820E-01,8.521135E-02,0.000000E+00,0.000000E+00,0.000000E+00,0.000000E+00,0.000000E+00,0.000000E+00,0.000000E+00,0.000000E+00,2.110805E+01,7.994713E+01,2.388818E+01,6.402670E+01
08:38:00,8.012326E+03,9.691815E+02,5.578820E-01,8.559210E-02,0.000000E+00,0.000000E+00,0.000000E+00,0.000000E+00,0.000000E+00,0.000000E+00,0.000000E+00,0.000000E+00,2.110805E+01,7.994713E+01,2.388818E+01,6.398121E+01
08:39:00,8.012326E+03,9.735060E+02,5.578820E-01,8.597403E-02,0.000000E+00,0.000000E+00,0.000000E+00,0.000000E+00,0.000000E+00,0.000000E+00,0.000000E+00,0.000000E+00,2.110805E+01,7.994713E+01,2.388818E+01,6.393571E+01
08:40:00,8.012326E+03,9.778440E+02,5.578820E-01,8.635714E-02,0.000000E+00,0.000000E+00,0.000000E+00,0.000000E+00,0.000000E+00,0.000000E+00,0.000000E+00,0.000000E+00,2.110805E+01,7.994713E+01,2.388818E+01,6.389020E+01
08:41:00,8.012326E+03,9.821952E+02,5.578820E-01,8.674143E-02,0.000000E+00,0.000000E+00,0.000000E+00,0.000000E+00,0.000000E+00,0.000000E+00,0.000000E+00,0.000000E+00,2.110805E+01,7.994713E+01,2.388818E+01,6.384469E+01
08:42:00,8.012326E+03,9.865594E+02,5.578820E-01,8.712686E-02,0.000000E+00,0.000000E+00,0.000000E+00,0.000000E+00,0.000000E+00,0.000000E+00,0.000000E+00,0.000000E+00,2.110805E+01,7.994713E+01,2.388817E+01,6.379918E+01
08:43:00,8.012326E+03,9.909365E+02,5.578820E-01,8.751344E-02,0.000000E+00,0.000000E+00,0.000000E+00,0.000000E+00,0.000000E+00,0.000000E+00,0.000000E+00,0.000000E+00,2.110805E+01,7.994713E+01,2.388817E+01,6.375367E+01
08:44:00,8.012326E+03,9.953265E+02,5.578820E-01,8.790114E-02,0.000000E+00,0.000000E+00,0.000000E+00,0.000000E+00,0.000000E+00,0.000000E+00,0.000000E+00,0.000000E+00,2.110805E+01,7.994713E+01,2.388817E+01,6.370818E+01
08:45:00,8.012326E+03,9.997291E+02,5.578820E-01,8.828997E-02,0.000000E+00,0.000000E+00,0.000000E+00,0.000000E+00,0.000000E+00,0.000000E+00,0.000000E+00,0.000000E+00,2.110805E+01,7.994713E+01,2.388817E+01,6.366269E+01
08:46:00,8.012326E+03,1.004144E+03,5.578820E-01,8.867992E-02,0.000000E+00,0.000000E+00,0.000000E+00,0.000000E+00,0.000000E+00,0.000000E+00,0.000000E+00,0.000000E+00,2.110805E+01,7.994713E+01,2.388817E+01,6.361722E+01
08:47:00,8.012326E+03,1.008572E+03,5.578820E-01,8.907096E-02,0.000000E+00,0.000000E+00,0.000000E+00,0.000000E+00,0.000000E+00,0.000000E+00,0.000000E+00,0.000000E+00,2.110805E+01,7.994713E+01,2.388817E+01,6.357178E+01
08:48:00,8.012326E+03,1.013012E+03,5.578820E-01,8.946309E-02,0.000000E+00,0.000000E+00,0.000000E+00,0.000000E+00,0.000000E+00,0.000000E+00,0.000000E+00,0.000000E+00,2.110805E+01,7.994713E+01,2.388816E+01,6.352635E+01
08:49:00,8.012326E+03,1.017465E+03,5.578820E-01,8.985631E-02,0.000000E+00,0.000000E+00,0.000000E+00,0.000000E+00,0.000000E+00,0.000000E+00,0.000000E+00,0.000000E+00,2.110805E+01,7.994713E+01,2.388816E+01,6.348096E+01
08:50:00,8.012326E+03,1.021929E+03,5.578820E-01,9.025061E-02,0.000000E+00,0.000000E+00,0.000000E+00,0.000000E+00,0.000000E+00,0.000000E+00,0.000000E+00,0.000000E+00,2.110805E+01,7.994713E+01,2.388816E+01,6.343559E+01
08:51:00,8.012326E+03,1.026406E+03,5.578820E-01,9.064596E-02,0.000000E+00,0.000000E+00,0.000000E+00,0.000000E+00,0.000000E+00,0.000000E+00,0.000000E+00,0.000000E+00,2.110805E+01,7.994713E+01,2.388816E+01,6.339027E+01
08:52:00,8.012326E+03,1.030894E+03,5.578820E-01,9.104237E-02,0.000000E+00,0.000000E+00,0.000000E+00,0.000000E+00,0.000000E+00,0.000000E+00,0.000000E+00,0.000000E+00,2.110805E+01,7.994713E+01,2.388816E+01,6.334497E+01
08:53:00,8.012326E+03,1.035395E+03,5.578820E-01,9.143983E-02,0.000000E+00,0.000000E+00,0.000000E+00,0.000000E+00,0.000000E+00,0.000000E+00,0.000000E+00,0.000000E+00,2.110805E+01,7.994713E+01,2.388816E+01,6.329972E+01
08:54:00,8.012326E+03,1.039949E+03,5.578820E-01,9.184205E-02,0.000000E+00,0.000000E+00,0.000000E+00,0.000000E+00,0.000000E+00,0.000000E+00,0.000000E+00,0.000000E+00,2.110805E+01,7.994713E+01,2.388816E+01,6.325452E+01
08:55:00,8.012326E+03,1.044516E+03,5.578820E-01,9.224539E-02,0.000000E+00,0.000000E+00,0.000000E+00,0.000000E+00,0.000000E+00,0.000000E+00,0.000000E+00,0.000000E+00,2.110805E+01,7.994713E+01,2.388815E+01,6.320895E+01
08:56:00,8.012326E+03,1.049096E+03,5.578820E-01,9.264990E-02,0.000000E+00,0.000000E+00,0.000000E+00,0.000000E+00,0.000000E+00,0.000000E+00,0.000000E+00,0.000000E+00,2.110805E+01,7.994713E+01,2.388815E+01,6.316317E+01
08:57:00,8.012326E+03,1.053689E+03,5.578820E-01,9.305552E-02,0.000000E+00,0.000000E+00,0.000000E+00,0.000000E+00,0.000000E+00,0.000000E+00,0.000000E+00,0.000000E+00,2.110805E+01,7.994713E+01,2.388815E+01,6.311735E+01
08:58:00,8.012326E+03,1.058294E+03,5.578820E-01,9.346222E-02,0.000000E+00,0.000000E+00,0.000000E+00,0.000000E+00,0.000000E+00,0.000000E+00,0.000000E+00,0.000000E+00,2.110805E+01,7.994713E+01,2.388815E+01,6.307158E+01
08:59:00,8.012326E+03,1.062911E+03,5.578820E-01,9.386998E-02,0.000000E+00,0.000000E+00,0.000000E+00,0.000000E+00,0.000000E+00,0.000000E+00,0.000000E+00,0.000000E+00,2.110805E+01,7.994713E+01,2.388815E+01,6.302589E+01
09:00:00,8.012327E+03,1.067540E+03,5.578820E-01,9.427881E-02,0.000000E+00,0.000000E+00,0.000000E+00,0.000000E+00,0.000000E+00,0.000000E+00,0.000000E+00,0.000000E+00,2.110805E+01,7.994713E+01,2.388815E+01,6.298028E+01
09:01:00,8.012327E+03,1.072169E+03,5.578820E-01,9.468767E-02,0.000000E+00,0.000000E+00,0.000000E+00,0.000000E+00,0.000000E+00,0.000000E+00,0.000000E+00,0.000000E+00,2.110805E+01,7.994713E+01,2.388814E+01,6.293474E+01
09:02:00,8.012327E+03,1.076799E+03,5.578820E-01,9.509658E-02,0.000000E+00,0.000000E+00,0.000000E+00,0.000000E+00,0.000000E+00,0.000000E+00,0.000000E+00,0.000000E+00,2.110805E+01,7.994713E+01,2.388814E+01,6.288934E+01
09:03:00,8.012327E+03,1.081429E+03,5.578820E-01,9.550550E-02,0.000000E+00,0.000000E+00,0.000000E+00,0.000000E+00,0.000000E+00,0.000000E+00,0.000000E+00,0.000000E+00,2.110805E+01,7.994713E+01,2.388814E+01,6.284410E+01
09:04:00,8.012327E+03,1.086060E+03,5.578820E-01,9.591444E-02,0.000000E+00,0.000000E+00,0.000000E+00,0.000000E+00,0.000000E+00,0.000000E+00,0.000000E+00,0.000000E+00,2.110805E+01,7.994713E+01,2.388814E+01,6.279906E+01
09:05:00,8.012327E+03,1.090690E+03,5.578820E-01,9.632341E-02,0.000000E+00,0.000000E+00,0.000000E+00,0.000000E+00,0.000000E+00,0.000000E+00,0.000000E+00,0.000000E+00,2.110805E+01,7.994713E+01,2.388814E+01,6.275419E+01
09:06:00,8.012327E+03,1.095321E+03,5.578820E-01,9.673235E-02,0.000000E+00,0.000000E+00,0.000000E+00,0.000000E+00,0.000000E+00,0.000000E+00,0.000000E+00,0.000000E+00,2.110805E+01,7.994713E+01,2.388814E+01,6.270950E+01
09:07:00,8.012327E+03,1.099951E+03,5.578820E-01,9.714130E-02,0.000000E+00,0.000000E+00,0.000000E+00,0.000000E+00,0.000000E+00,0.000000E+00,0.000000E+00,0.000000E+00,2.110805E+01,7.994713E+01,2.388814E+01,6.266499E+01
09:08:00,8.012327E+03,1.104582E+03,5.578820E-01,9.755026E-02,0.000000E+00,0.000000E+00,0.000000E+00,0.000000E+00,0.000000E+00,0.000000E+00,0.000000E+00,0.000000E+00,2.110805E+01,7.994713E+01,2.388814E+01,6.262064E+01
09:09:00,8.012327E+03,1.109212E+03,5.578820E-01,9.795918E-02,0.000000E+00,0.000000E+00,0.000000E+00,0.000000E+00,0.000000E+00,0.000000E+00,0.000000E+00,0.000000E+00,2.110805E+01,7.994713E+01,2.388814E+01,6.257648E+01
09:10:00,8.012327E+03,1.113842E+03,5.578820E-01,9.836808E-02,0.000000E+00,0.000000E+00,0.000000E+00,0.000000E+00,0.000000E+00,0.000000E+00,0.000000E+00,0.000000E+00,2.110805E+01,7.994713E+01,2.388813E+01,6.253248E+01
09:11:00,8.012327E+03,1.118472E+03,5.578820E-01,9.877698E-02,0.000000E+00,0.000000E+00,0.000000E+00,0.000000E+00,0.000000E+00,0.000000E+00,0.000000E+00,0.000000E+00,2.110805E+01,7.994713E+01,2.388813E+01,6.248864E+01
09:12:00,8.012327E+03,1.123101E+03,5.578820E-01,9.918583E-02,0.000000E+00,0.000000E+00,0.000000E+00,0.000000E+00,0.000000E+00,0.000000E+00,0.000000E+00,0.000000E+00,2.110805E+01,7.994713E+01,2.388813E+01,6.244498E+01
09:13:00,8.012327E+03,1.127730E+03,5.578820E-01,9.959463E-02,0.000000E+00,0.000000E+00,0.000000E+00,0.000000E+00,0.000000E+00,0.000000E+00,0.000000E+00,0.000000E+00,2.110805E+01,7.994713E+01,2.388813E+01,6.240148E+01
09:14:00,8.012327E+03,1.132359E+03,5.578820E-01,1.000034E-01,0.000000E+00,0.000000E+00,0.000000E+00,0.000000E+00,0.000000E+00,0.000000E+00,0.000000E+00,0.000000E+00,2.110805E+01,7.994713E+01,2.388813E+01,6.235814E+01
09:15:00,8.012327E+03,1.136987E+03,5.578820E-01,1.004121E-01,0.000000E+00,0.000000E+00,0.000000E+00,0.000000E+00,0.000000E+00,0.000000E+00,0.000000E+00,0.000000E+00,2.110805E+01,7.994713E+01,2.388813E+01,6.231497E+01
09:16:00,8.012327E+03,1.141614E+03,5.578820E-01,1.008208E-01,0.000000E+00,0.000000E+00,0.000000E+00,0.000000E+00,0.000000E+00,0.000000E+00,0.000000E+00,0.000000E+00,2.110805E+01,7.994713E+01,2.388813E+01,6.227195E+01
09:17:00,8.012327E+03,1.146241E+03,5.578820E-01,1.012295E-01,0.000000E+00,0.000000E+00,0.000000E+00,0.000000E+00,0.000000E+00,0.000000E+00,0.000000E+00,0.000000E+00,2.110805E+01,7.994713E+01,2.388813E+01,6.222910E+01
09:18:00,8.012327E+03,1.150871E+03,5.578820E-01,1.016384E-01,0.000000E+00,0.000000E+00,0.000000E+00,0.000000E+00,0.000000E+00,0.000000E+00,0.000000E+00,0.000000E+00,2.110805E+01,7.994713E+01,2.388813E+01,6.218640E+01
09:19:00,8.012327E+03,1.155507E+03,5.578820E-01,1.020478E-01,0.000000E+00,0.000000E+00,0.000000E+00,0.000000E+00,0.000000E+00,0.000000E+00,0.000000E+00,0.000000E+00,2.110805E+01,7.994713E+01,2.388812E+01,6.214382E+01
09:20:00,8.012327E+03,1.160150E+03,5.578820E-01,1.024579E-01,0.000000E+00,0.000000E+00,0.000000E+00,0.000000E+00,0.000000E+00,0.000000E+00,0.000000E+00,0.000000E+00,2.110805E+01,7.994713E+01,2.388812E+01,6.210131E+01
09:21:00,8.012327E+03,1.164800E+03,5.578820E-01,1.028685E-01,0.000000E+00,0.000000E+00,0.000000E+00,0.000000E+00,0.000000E+00,0.000000E+00,0.000000E+00,0.000000E+00,2.110805E+01,7.994713E+01,2.388812E+01,6.205883E+01
09:22:00,8.012327E+03,1.169457E+03,5.578820E-01,1.032798E-01,0.000000E+00,0.000000E+00,0.000000E+00,0.000000E+00,0.000000E+00,0.000000E+00,0.000000E+00,0.000000E+00,2.110805E+01,7.994713E+01,2.388812E+01,6.201639E+01
09:23:00,8.012327E+03,1.174121E+03,5.578820E-01,1.036917E-01,0.000000E+00,0.000000E+00,0.000000E+00,0.000000E+00,0.000000E+00,0.000000E+00,0.000000E+00,0.000000E+00,2.110805E+01,7.994713E+01,2.388812E+01,6.197398E+01
09:24:00,8.012327E+03,1.178792E+03,5.578820E-01,1.041043E-01,0.000000E+00,0.000000E+00,0.000000E+00,0.000000E+00,0.000000E+00,0.000000E+00,0.000000E+00,0.000000E+00,2.110805E+01,7.994713E+01,2.388812E+01,6.193160E+01
09:25:00,8.012327E+03,1.183470E+03,5.578820E-01,1.045175E-01,0.000000E+00,0.000000E+00,0.000000E+00,0.000000E+00,0.000000E+00,0.000000E+00,0.000000E+00,0.000000E+00,2.110805E+01,7.994713E+01,2.388812E+01,6.188926E+01
09:26:00,8.012327E+03,1.188156E+03,5.578820E-01,1.049313E-01,0.000000E+00,0.000000E+00,0.000000E+00,0.000000E+00,0.000000E+00,0.000000E+00,0.000000E+00,0.000000E+00,2.110805E+01,7.994713E+01,2.388812E+01,6.184694E+01
09:27:00,8.012327E+03,1.192849E+03,5.578820E-01,1.053458E-01,0.000000E+00,0.000000E+00,0.000000E+00,0.000000E+00,0.000000E+00,0.000000E+00,0.000000E+00,0.000000E+00,2.110805E+01,7.994713E+01,2.388811E+01,6.180468E+01
09:28:00,8.012327E+03,1.197550E+03,5.578820E-01,1.057609E-01,0.000000E+00,0.000000E+00,0.000000E+00,0.000000E+00,0.000000E+00,0.000000E+00,0.000000E+00,0.000000E+00,2.110805E+01,7.994713E+01,2.388811E+01,6.176244E+01
09:29:00,8.012327E+03,1.202258E+03,5.578820E-01,1.061767E-01,0.000000E+00,0.000000E+00,0.000000E+00,0.000000E+00,0.000000E+00,0.000000E+00,0.000000E+00,0.000000E+00,2.110805E+01,7.994713E+01,2.388811E+01,6.172025E+01
09:30:00,8.012327E+03,1.206973E+03,5.578820E-01,1.065932E-01,0.000000E+00,0.000000E+00,0.000000E+00,0.000000E+00,0.000000E+00,0.000000E+00,0.000000E+00,0.000000E+00,2.110805E+01,7.994713E+01,2.388811E+01,6.167810E+01
09:31:00,8.012327E+03,1.211697E+03,5.578820E-01,1.070103E-01,0.000000E+00,0.000000E+00,0.000000E+00,0.000000E+00,0.000000E+00,0.000000E+00,0.000000E+00,0.000000E+00,2.110805E+01,7.994713E+01,2.388811E+01,6.163600E+01
09:32:00,8.012327E+03,1.216428E+03,5.578820E-01,1.074282E-01,0.000000E+00,0.000000E+00,0.000000E+00,0.000000E+00,0.000000E+00,0.000000E+00,0.000000E+00,0.000000E+00,2.110805E+01,7.994713E+01,2.388811E+01,6.159394E+01
09:33:00,8.012327E+03,1.221166E+03,5.578820E-01,1.078466E-01,0.000000E+00,0.000000E+00,0.000000E+00,0.000000E+00,0.000000E+00,0.000000E+00,0.000000E+00,0.000000E+00,2.110805E+01,7.994713E+01,2.388811E+01,6.155193E+01
09:34:00,8.012327E+03,1.225913E+03,5.578820E-01,1.082658E-01,0.000000E+00,0.000000E+00,0.000000E+00,0.000000E+00,0.000000E+00,0.000000E+00,0.000000E+00,0.000000E+00,2.110805E+01,7.994713E+01,2.388810E+01,6.150996E+01
09:35:00,8.012327E+03,1.230667E+03,5.578820E-01,1.086857E-01,0.000000E+00,0.000000E+00,0.000000E+00,0.000000E+00,0.000000E+00,0.000000E+00,0.000000E+00,0.000000E+00,2.110805E+01,7.994713E+01,2.388810E+01,6.146805E+01
09:36:00,8.012327E+03,1.235429E+03,5.578820E-01,1.091063E-01,0.000000E+00,0.000000E+00,0.000000E+00,0.000000E+00,0.000000E+00,0.000000E+00,0.000000E+00,0.000000E+00,2.110805E+01,7.994713E+01,2.388810E+01,6.142619E+01
09:37:00,8.012327E+03,1.240199E+03,5.578820E-01,1.095276E-01,0.000000E+00,0.000000E+00,0.000000E+00,0.000000E+00,0.000000E+00,0.000000E+00,0.000000E+00,0.000000E+00,2.110805E+01,7.994713E+01,2.388810E+01,6.138439E+01
09:38:00,8.012327E+03,1.244977E+03,5.578820E-01,1.099495E-01,0.000000E+00,0.000000E+00,0.000000E+00,0.000000E+00,0.000000E+00,0.000000E+00,0.000000E+00,0.000000E+00,2.110805E+01,7.994713E+01,2.388810E+01,6.134264E+01
09:39:00,8.012327E+03,1.249763E+03,5.578820E-01,1.103722E-01,0.000000E+00,0.000000E+00,0.000000E+00,0.000000E+00,0.000000E+00,0.000000E+00,0.000000E+00,0.000000E+00,2.110805E+01,7.994713E+01,2.388810E+01,6.130095E+01
09:40:00,8.012327E+03,1.254557E+03,5.578820E-01,1.107956E-01,0.000000E+00,0.000000E+00,0.000000E+00,0.000000E+00,0.000000E+00,0.000000E+00,0.000000E+00,0.000000E+00,2.110805E+01,7.994713E+01,2.388810E+01,6.125931E+01
09:41:00,8.012327E+03,1.259359E+03,5.578820E-01,1.112197E-01,0.000000E+00,0.000000E+00,0.000000E+00,0.000000E+00,0.000000E+00,0.000000E+00,0.000000E+00,0.000000E+00,2.110805E+01,7.994713E+01,2.388810E+01,6.121774E+01
09:42:00,8.012327E+03,1.264169E+03,5.578820E-01,1.116445E-01,0.000000E+00,0.000000E+00,0.000000E+00,0.000000E+00,0.000000E+00,0.000000E+00,0.000000E+00,0.000000E+00,2.110805E+01,7.994713E+01,2.388809E+01,6.117623E+01
09:43:00,8.012327E+03,1.268987E+03,5.578820E-01,1.120701E-01,0.000000E+00,0.000000E+00,0.000000E+00,0.000000E+00,0.000000E+00,0.000000E+00,0.000000E+00,0.000000E+00,2.110805E+01,7.994713E+01,2.388809E+01,6.113478E+01
09:44:00,8.012327E+03,1.273814E+03,5.578820E-01,1.124964E-01,0.000000E+00,0.000000E+00,0.000000E+00,0.000000E+00,0.000000E+00,0.000000E+00,0.000000E+00,0.000000E+00,2.110805E+01,7.994713E+01,2.388809E+01,6.109339E+01
09:45:00,8.012327E+03,1.278649E+03,5.578820E-01,1.129234E-01,0.000000E+00,0.000000E+00,0.000000E+00,0.000000E+00,0.000000E+00,0.000000E+00,0.000000E+00,0.000000E+00,2.110805E+01,7.994713E+01,2.388809E+01,6.105208E+01
09:46:00,8.012327E+03,1.283492E+03,5.578820E-01,1.133511E-01,0.000000E+00,0.000000E+00,0.000000E+00,0.000000E+00,0.000000E+00,0.000000E+00,0.000000E+00,0.000000E+00,2.110805E+01,7.994713E+01,2.388809E+01,6.101083E+01
09:47:00,8.012327E+03,1.288342E+03,5.578820E-01,1.137795E-01,0.000000E+00,0.000000E+00,0.000000E+00,0.000000E+00,0.000000E+00,0.000000E+00,0.000000E+00,0.000000E+00,2.110805E+01,7.994713E+01,2.388809E+01,6.096965E+01
09:48:00,8.012327E+03,1.293202E+03,5.578820E-01,1.142087E-01,0.000000E+00,0.000000E+00,0.000000E+00,0.000000E+00,0.000000E+00,0.000000E+00,0.000000E+00,0.000000E+00,2.110805E+01,7.994713E+01,2.388809E+01,6.092855E+01
09:49:00,8.012327E+03,1.298070E+03,5.578820E-01,1.146386E-01,0.000000E+00,0.000000E+00,0.000000E+00,0.000000E+00,0.000000E+00,0.000000E+00,0.000000E+00,0.000000E+00,2.110805E+01,7.994713E+01,2.388809E+01,6.088752E+01
09:50:00,8.012327E+03,1.302946E+03,5.578820E-01,1.150692E-01,0.000000E+00,0.000000E+00,0.000000E+00,0.000000E+00,0.000000E+00,0.000000E+00,0.000000E+00,0.000000E+00,2.110805E+01,7.994713E+01,2.388808E+01,6.084656E+01
09:51:00,8.012327E+03,1.307831E+03,5.578820E-01,1.155006E-01,0.000000E+00,0.000000E+00,0.000000E+00,0.000000E+00,0.000000E+00,0.000000E+00,0.000000E+00,0.000000E+00,2.110805E+01,7.994713E+01,2.388808E+01,6.080567E+01
09:52:00,8.012327E+03,1.312724E+03,5.578820E-01,1.159328E-01,0.000000E+00,0.000000E+00,0.000000E+00,0.000000E+00,0.000000E+00,0.000000E+00,0.000000E+00,0.000000E+00,2.110805E+01,7.994713E+01,2.388808E+01,6.076486E+01
09:53:00,8.012327E+03,1.317625E+03,5.578820E-01,1.163657E-01,0.000000E+00,0.000000E+00,0.000000E+00,0.000000E+00,0.000000E+00,0.000000E+00,0.000000E+00,0.000000E+00,2.110805E+01,7.994713E+01,2.388808E+01,6.072413E+01
09:54:00,8.012327E+03,1.322493E+03,5.578820E-01,1.167956E-01,0.000000E+00,0.000000E+00,0.000000E+00,0.000000E+00,0.000000E+00,0.000000E+00,0.000000E+00,0.000000E+00,2.110805E+01,7.994713E+01,2.388808E+01,6.068348E+01
09:55:00,8.012327E+03,1.327368E+03,5.578820E-01,1.172261E-01,0.000000E+00,0.000000E+00,0.000000E+00,0.000000E+00,0.000000E+00,0.000000E+00,0.000000E+00,0.000000E+00,2.110805E+01,7.994713E+01,2.388808E+01,6.064291E+01
09:56:00,8.012327E+03,1.332250E+03,5.578820E-01,1.176573E-01,0.000000E+00,0.000000E+00,0.000000E+00,0.000000E+00,0.000000E+00,0.000000E+00,0.000000E+00,0.000000E+00,2.110805E+01,7.994713E+01,2.388808E+01,6.060242E+01
09:57:00,8.012327E+03,1.337139E+03,5.578820E-01,1.180891E-01,0.000000E+00,0.000000E+00,0.000000E+00,0.000000E+00,0.000000E+00,0.000000E+00,0.000000E+00,0.000000E+00,2.110805E+01,7.994713E+01,2.388808E+01,6.056203E+01
09:58:00,8.012327E+03,1.342036E+03,5.578820E-01,1.185216E-01,0.000000E+00,0.000000E+00,0.000000E+00,0.000000E+00,0.000000E+00,0.000000E+00,0.000000E+00,0.000000E+00,2.110805E+01,7.994713E+01,2.388808E+01,6.052171E+01
09:59:00,8.012327E+03,1.346941E+03,5.578820E-01,1.189547E-01,0.000000E+00,0.000000E+00,0.000000E+00,0.000000E+00,0.000000E+00,0.000000E+00,0.000000E+00,0.000000E+00,2.110805E+01,7.994713E+01,2.388807E+01,6.048147E+01
10:00:00,8.012327E+03,1.351853E+03,5.578820E-01,1.193886E-01,0.000000E+00,0.000000E+00,0.000000E+00,0.000000E+00,0.000000E+00,0.000000E+00,0.000000E+00,0.000000E+00,2.110805E+01,7.994713E+01,2.388807E+01,6.044133E+01
10:01:00,8.012327E+03,1.356773E+03,5.578820E-01,1.198231E-01,0.000000E+00,0.000000E+00,0.000000E+00,0.000000E+00,0.000000E+00,0.000000E+00,0.000000E+00,0.000000E+00,2.110805E+01,7.994713E+01,2.388807E+01,6.040127E+01
10:02:00,8.012327E+03,1.361701E+03,5.578820E-01,1.202584E-01,0.000000E+00,0.000000E+00,0.000000E+00,0.000000E+00,0.000000E+00,0.000000E+00,0.000000E+00,0.000000E+00,2.110805E+01,7.994713E+01,2.388807E+01,6.036136E+01
10:03:00,8.012327E+03,1.366637E+03,5.578820E-01,1.206943E-01,0.000000E+00,0.000000E+00,0.000000E+00,0.000000E+00,0.000000E+00,0.000000E+00,0.000000E+00,0.000000E+00,2.110805E+01,7.994713E+01,2.388807E+01,6.032161E+01
10:04:00,8.012327E+03,1.371581E+03,5.578820E-01,1.211309E-01,0.000000E+00,0.000000E+00,0.000000E+00,0.000000E+00,0.000000E+00,0.000000E+00,0.000000E+00,0.000000E+00,2.110805E+01,7.994713E+01,2.388807E+01,6.028204E+01
10:05:00,8.012327E+03,1.376533E+03,5.578820E-01,1.215682E-01,0.000000E+00,0.000000E+00,0.000000E+00,0.000000E+00,0.000000E+00,0.000000E+00,0.000000E+00,0.000000E+00,2.110805E+01,7.994713E+01,2.388807E+01,6.024266E+01
10:06:00,8.012327E+03,1.381493E+03,5.578820E-01,1.220063E-01,0.000000E+00,0.000000E+00,0.000000E+00,0.000000E+00,0.000000E+00,0.000000E+00,0.000000E+00,0.000000E+00,2.110805E+01,7.994713E+01,2.388807E+01,6.020344E+01
10:07:00,8.012327E+03,1.386460E+03,5.578820E-01,1.224450E-01,0.000000E+00,0.000000E+00,0.000000E+00,0.000000E+00,0.000000E+00,0.000000E+00,0.000000E+00,0.000000E+00,2.110805E+01,7.994713E+01,2.388807E+01,6.016439E+01
10:08:00,8.012327E+03,1.391435E+03,5.578820E-01,1.228844E-01,0.000000E+00,0.000000E+00,0.000000E+00,0.000000E+00,0.000000E+00,0.000000E+00,0.000000E+00,0.000000E+00,2.110805E+01,7.994713E+01,2.388807E+01,6.012552E+01
10:09:00,8.012327E+03,1.396419E+03,5.578820E-01,1.233245E-01,0.000000E+00,0.000000E+00,0.000000E+00,0.000000E+00,0.000000E+00,0.000000E+00,0.000000E+00,0.000000E+00,2.110805E+01,7.994713E+01,2.388806E+01,6.008681E+01
10:10:00,8.012327E+03,1.401409E+03,5.578820E-01,1.237653E-01,0.000000E+00,0.000000E+00,0.000000E+00,0.000000E+00,0.000000E+00,0.000000E+00,0.000000E+00,0.000000E+00,2.110805E+01,7.994713E+01,2.388806E+01,6.004826E+01
10:11:00,8.012327E+03,1.406408E+03,5.578820E-01,1.242067E-01,0.000000E+00,0.000000E+00,0.000000E+00,0.000000E+00,0.000000E+00,0.000000E+00,0.000000E+00,0.000000E+00,2.110805E+01,7.994713E+01,2.388806E+01,6.000988E+01
10:12:00,8.012327E+03,1.411415E+03,5.578820E-01,1.246489E-01,0.000000E+00,0.000000E+00,0.000000E+00,0.000000E+00,0.000000E+00,0.000000E+00,0.000000E+00,0.000000E+00,2.110805E+01,7.994713E+01,2.388806E+01,5.997166E+01
10:13:00,8.012327E+03,1.416429E+03,5.578820E-01,1.250917E-01,0.000000E+00,0.000000E+00,0.000000E+00,0.000000E+00,0.000000E+00,0.000000E+00,0.000000E+00,0.000000E+00,2.110805E+01,7.994713E+01,2.388806E+01,5.993360E+01
10:14:00,8.012327E+03,1.421450E+03,5.578820E-01,1.255352E-01,0.000000E+00,0.000000E+00,0.000000E+00,0.000000E+00,0.000000E+00,0.000000E+00,0.000000E+00,0.000000E+00,2.110805E+01,7.994713E+01,2.388806E+01,5.989570E+01
10:15:00,8.012327E+03,1.426479E+03,5.578820E-01,1.259794E-01,0.000000E+00,0.000000E+00,0.000000E+00,0.000000E+00,0.000000E+00,0.000000E+00,0.000000E+00,0.000000E+00,2.110805E+01,7.994713E+01,2.388806E+01,5.985796E+01
10:16:00,8.012327E+03,1.431516E+03,5.578820E-01,1.264242E-01,0.000000E+00,0.000000E+00,0.000000E+00,0.000000E+00,0.000000E+00,0.000000E+00,0.000000E+00,0.000000E+00,2.110805E+01,7.994713E+01,2.388806E+01,5.982037E+01
10:17:00,8.012327E+03,1.436560E+03,5.578820E-01,1.268697E-01,0.000000E+00,0.000000E+00,0.000000E+00,0.000000E+00,0.000000E+00,0.000000E+00,0.000000E+00,0.000000E+00,2.110805E+01,7.994713E+01,2.388806E+01,5.978293E+01
10:18:00,8.012327E+03,1.441608E+03,5.578820E-01,1.273155E-01,0.000000E+00,0.000000E+00,0.000000E+00,0.000000E+00,0.000000E+00,0.000000E+00,0.000000E+00,0.000000E+00,2.110805E+01,7.994713E+01,2.388806E+01,5.974565E+01
10:19:00,8.012327E+03,1.446656E+03,5.578820E-01,1.277613E-01,0.000000E+00,0.000000E+00,0.000000E+00,0.000000E+00,0.000000E+00,0.000000E+00,0.000000E+00,0.000000E+00,2.110805E+01,7.994713E+01,2.388806E+01,5.970852E+01
10:20:00,8.012327E+03,1.451704E+03,5.578820E-01,1.282072E-01,0.000000E+00,0.000000E+00,0.000000E+00,0.000000E+00,0.000000E+00,0.000000E+00,0.000000E+00,0.000000E+00,2.110805E+01,7.994713E+01,2.388805E+01,5.967154E+01
10:21:00,8.012327E+03,1.456753E+03,5.578820E-01,1.286530E-01,0.000000E+00,0.000000E+00,0.000000E+00,0.000000E+00,0.000000E+00,0.000000E+00,0.000000E+00,0.000000E+00,2.110805E+01,7.994713E+01,2.388805E+01,5.963471E+01
10:22:00,8.012327E+03,1.461799E+03,5.578820E-01,1.290988E-01,0.000000E+00,0.000000E+00,0.000000E+00,0.000000E+00,0.000000E+00,0.000000E+00,0.000000E+00,0.000000E+00,2.110805E+01,7.994713E+01,2.388805E+01,5.959803E+01
10:23:00,8.012327E+03,1.466846E+03,5.578820E-01,1.295444E-01,0.000000E+00,0.000000E+00,0.000000E+00,0.000000E+00,0.000000E+00,0.000000E+00,0.000000E+00,0.000000E+00,2.110805E+01,7.994713E+01,2.388805E+01,5.956149E+01
10:24:00,8.012327E+03,1.471892E+03,5.578820E-01,1.299901E-01,0.000000E+00,0.000000E+00,0.000000E+00,0.000000E+00,0.000000E+00,0.000000E+00,0.000000E+00,0.000000E+00,2.110805E+01,7.994713E+01,2.388805E+01,5.952510E+01
10:25:00,8.012327E+03,1.476936E+03,5.578820E-01,1.304356E-01,0.000000E+00,0.000000E+00,0.000000E+00,0.000000E+00,0.000000E+00,0.000000E+00,0.000000E+00,0.000000E+00,2.110805E+01,7.994713E+01,2.388805E+01,5.948885E+01
10:26:00,8.012327E+03,1.481979E+03,5.578820E-01,1.308810E-01,0.000000E+00,0.000000E+00,0.000000E+00,0.000000E+00,0.000000E+00,0.000000E+00,0.000000E+00,0.000000E+00,2.110805E+01,7.994713E+01,2.388805E+01,5.945275E+01
10:27:00,8.012327E+03,1.487021E+03,5.578820E-01,1.313263E-01,0.000000E+00,0.000000E+00,0.000000E+00,0.000000E+00,0.000000E+00,0.000000E+00,0.000000E+00,0.000000E+00,2.110805E+01,7.994713E+01,2.388805E+01,5.941680E+01
10:28:00,8.012327E+03,1.492061E+03,5.578820E-01,1.317714E-01,0.000000E+00,0.000000E+00,0.000000E+00,0.000000E+00,0.000000E+00,0.000000E+00,0.000000E+00,0.000000E+00,2.110805E+01,7.994713E+01,2.388805E+01,5.938098E+01
10:29:00,8.012327E+03,1.497100E+03,5.578820E-01,1.322164E-01,0.000000E+00,0.000000E+00,0.000000E+00,0.000000E+00,0.000000E+00,0.000000E+00,0.000000E+00,0.000000E+00,2.110805E+01,7.994713E+01,2.388805E+01,5.934531E+01
10:30:00,8.012327E+03,1.502136E+03,5.578820E-01,1.326612E-01,0.000000E+00,0.000000E+00,0.000000E+00,0.000000E+00,0.000000E+00,0.000000E+00,0.000000E+00,0.000000E+00,2.110805E+01,7.994713E+01,2.388805E+01,5.930978E+01
10:31:00,8.012327E+03,1.507171E+03,5.578820E-01,1.331059E-01,0.000000E+00,0.000000E+00,0.000000E+00,0.000000E+00,0.000000E+00,0.000000E+00,0.000000E+00,0.000000E+00,2.110805E+01,7.994713E+01,2.388804E+01,5.927439E+01
10:32:00,8.012327E+03,1.512203E+03,5.578820E-01,1.335503E-01,0.000000E+00,0.000000E+00,0.000000E+00,0.000000E+00,0.000000E+00,0.000000E+00,0.000000E+00,0.000000E+00,2.110805E+01,7.994713E+01,2.388804E+01,5.923913E+01
10:33:00,8.012327E+03,1.517233E+03,5.578820E-01,1.339945E-01,0.000000E+00,0.000000E+00,0.000000E+00,0.000000E+00,0.000000E+00,0.000000E+00,0.000000E+00,0.000000E+00,2.110805E+01,7.994713E+01,2.388804E+01,5.920402E+01
10:34:00,8.012327E+03,1.522261E+03,5.578820E-01,1.344385E-01,0.000000E+00,0.000000E+00,0.000000E+00,0.000000E+00,0.000000E+00,0.000000E+00,0.000000E+00,0.000000E+00,2.110805E+01,7.994713E+01,2.388804E+01,5.916904E+01
10:35:00,8.012327E+03,1.527286E+03,5.578820E-01,1.348823E-01,0.000000E+00,0.000000E+00,0.000000E+00,0.000000E+00,0.000000E+00,0.000000E+00,0.000000E+00,0.000000E+00,2.110805E+01,7.994713E+01,2.388804E+01,5.913421E+01
10:36:00,8.012327E+03,1.532308E+03,5.578820E-01,1.353259E-01,0.000000E+00,0.000000E+00,0.000000E+00,0.000000E+00,0.000000E+00,0.000000E+00,0.000000E+00,0.000000E+00,2.110805E+01,7.994713E+01,2.388804E+01,5.909951E+01
10:37:00,8.012327E+03,1.537327E+03,5.578820E-01,1.357691E-01,0.000000E+00,0.000000E+00,0.000000E+00,0.000000E+00,0.000000E+00,0.000000E+00,0.000000E+00,0.000000E+00,2.110805E+01,7.994713E+01,2.388804E+01,5.906494E+01
10:38:00,8.012327E+03,1.542343E+03,5.578820E-01,1.362121E-01,0.000000E+00,0.000000E+00,0.000000E+00,0.000000E+00,0.000000E+00,0.000000E+00,0.000000E+00,0.000000E+00,2.110805E+01,7.994713E+01,2.388804E+01,5.903052E+01
10:39:00,8.012327E+03,1.547355E+03,5.578820E-01,1.366548E-01,0.000000E+00,0.000000E+00,0.000000E+00,0.000000E+00,0.000000E+00,0.000000E+00,0.000000E+00,0.000000E+00,2.110805E+01,7.994713E+01,2.388804E+01,5.899623E+01
10:40:00,8.012327E+03,1.552364E+03,5.578820E-01,1.370972E-01,0.000000E+00,0.000000E+00,0.000000E+00,0.000000E+00,0.000000E+00,0.000000E+00,0.000000E+00,0.000000E+00,2.110805E+01,7.994713E+01,2.388804E+01,5.896208E+01
10:41:00,8.012327E+03,1.557370E+03,5.578820E-01,1.375393E-01,0.000000E+00,0.000000E+00,0.000000E+00,0.000000E+00,0.000000E+00,0.000000E+00,0.000000E+00,0.000000E+00,2.110805E+01,7.994713E+01,2.388804E+01,5.892806E+01
10:42:00,8.012327E+03,1.562372E+03,5.578820E-01,1.379810E-01,0.000000E+00,0.000000E+00,0.000000E+00,0.000000E+00,0.000000E+00,0.000000E+00,0.000000E+00,0.000000E+00,2.110805E+01,7.994713E+01,2.388804E+01,5.889417E+01
10:43:00,8.012327E+03,1.567369E+03,5.578820E-01,1.384224E-01,0.000000E+00,0.000000E+00,0.000000E+00,0.000000E+00,0.000000E+00,0.000000E+00,0.000000E+00,0.000000E+00,2.110805E+01,7.994713E+01,2.388803E+01,5.886043E+01
10:44:00,8.012327E+03,1.572363E+03,5.578820E-01,1.388635E-01,0.000000E+00,0.000000E+00,0.000000E+00,0.000000E+00,0.000000E+00,0.000000E+00,0.000000E+00,0.000000E+00,2.110805E+01,7.994713E+01,2.388803E+01,5.882681E+01
10:45:00,8.012327E+03,1.577354E+03,5.578820E-01,1.393042E-01,0.000000E+00,0.000000E+00,0.000000E+00,0.000000E+00,0.000000E+00,0.000000E+00,0.000000E+00,0.000000E+00,2.110805E+01,7.994713E+01,2.388803E+01,5.879333E+01
10:46:00,8.012327E+03,1.582339E+03,5.578820E-01,1.397445E-01,0.000000E+00,0.000000E+00,0.000000E+00,0.000000E+00,0.000000E+00,0.000000E+00,0.000000E+00,0.000000E+00,2.110805E+01,7.994713E+01,2.388803E+01,5.875998E+01
10:47:00,8.012327E+03,1.587321E+03,5.578820E-01,1.401845E-01,0.000000E+00,0.000000E+00,0.000000E+00,0.000000E+00,0.000000E+00,0.000000E+00,0.000000E+00,0.000000E+00,2.110805E+01,7.994713E+01,2.388803E+01,5.872676E+01
10:48:00,8.012327E+03,1.592298E+03,5.578820E-01,1.406240E-01,0.000000E+00,0.000000E+00,0.000000E+00,0.000000E+00,0.000000E+00,0.000000E+00,0.000000E+00,0.000000E+00,2.110805E+01,7.994713E+01,2.388803E+01,5.869367E+01
10:49:00,8.012327E+03,1.597269E+03,5.578820E-01,1.410631E-01,0.000000E+00,0.000000E+00,0.000000E+00,0.000000E+00,0.000000E+00,0.000000E+00,0.000000E+00,0.000000E+00,2.110805E+01,7.994713E+01,2.388803E+01,5.866072E+01
10:50:00,8.012327E+03,1.602236E+03,5.578820E-01,1.415018E-01,0.000000E+00,0.000000E+00,0.000000E+00,0.000000E+00,0.000000E+00,0.000000E+00,0.000000E+00,0.000000E+00,2.110805E+01,7.994713E+01,2.388803E+01,5.862790E+01
10:51:00,8.012327E+03,1.607198E+03,5.578820E-01,1.419400E-01,0.000000E+00,0.000000E+00,0.000000E+00,0.000000E+00,0.000000E+00,0.000000E+00,0.000000E+00,0.000000E+00,2.110805E+01,7.994713E+01,2.388803E+01,5.859521E+01
10:52:00,8.012327E+03,1.612154E+03,5.578820E-01,1.423777E-01,0.000000E+00,0.000000E+00,0.000000E+00,0.000000E+00,0.000000E+00,0.000000E+00,0.000000E+00,0.000000E+00,2.110805E+01,7.994713E+01,2.388803E+01,5.856265E+01
10:53:00,8.012327E+03,1.617106E+03,5.578820E-01,1.428150E-01,0.000000E+00,0.000000E+00,0.000000E+00,0.000000E+00,0.000000E+00,0.000000E+00,0.000000E+00,0.000000E+00,2.110805E+01,7.994713E+01,2.388803E+01,5.853023E+01
10:54:00,8.012327E+03,1.622052E+03,5.578820E-01,1.432518E-01,0.000000E+00,0.000000E+00,0.000000E+00,0.000000E+00,0.000000E+00,0.000000E+00,0.000000E+00,0.000000E+00,2.110805E+01,7.994713E+01,2.388803E+01,5.849794E+01
10:55:00,8.012327E+03,1.626992E+03,5.578820E-01,1.436881E-01,0.000000E+00,0.000000E+00,0.000000E+00,0.000000E+00,0.000000E+00,0.000000E+00,0.000000E+00,0.000000E+00,2.110805E+01,7.994713E+01,2.388803E+01,5.846577E+01
10:56:00,8.012327E+03,1.631927E+03,5.578820E-01,1.441240E-01,0.000000E+00,0.000000E+00,0.000000E+00,0.000000E+00,0.000000E+00,0.000000E+00,0.000000E+00,0.000000E+00,2.110805E+01,7.994713E+01,2.388802E+01,5.843374E+01
10:57:00,8.012327E+03,1.636856E+03,5.578820E-01,1.445593E-01,0.000000E+00,0.000000E+00,0.000000E+00,0.000000E+00,0.000000E+00,0.000000E+00,0.000000E+00,0.000000E+00,2.110805E+01,7.994713E+01,2.388802E+01,5.840183E+01
10:58:00,8.012327E+03,1.641779E+03,5.578820E-01,1.449941E-01,0.000000E+00,0.000000E+00,0.000000E+00,0.000000E+00,0.000000E+00,0.000000E+00,0.000000E+00,0.000000E+00,2.110805E+01,7.994713E+01,2.388802E+01,5.837006E+01
10:59:00,8.012327E+03,1.646695E+03,5.578820E-01,1.454283E-01,0.000000E+00,0.000000E+00,0.000000E+00,0.000000E+00,0.000000E+00,0.000000E+00,0.000000E+00,0.000000E+00,2.110805E+01,7.994713E+01,2.388802E+01,5.833841E+01
11:00:00,8.012327E+03,1.651606E+03,5.578820E-01,1.458620E-01,0.000000E+00,0.000000E+00,0.000000E+00,0.000000E+00,0.000000E+00,0.000000E+00,0.000000E+00,0.000000E+00,2.110805E+01,7.994713E+01,2.388802E+01,5.830689E+01
11:01:00,8.012327E+03,1.656501E+03,5.578820E-01,1.462943E-01,0.000000E+00,0.000000E+00,0.000000E+00,0.000000E+00,0.000000E+00,0.000000E+00,0.000000E+00,0.000000E+00,2.110805E+01,7.994713E+01,2.388802E+01,5.827550E+01
11:02:00,8.012327E+03,1.661382E+03,5.578820E-01,1.467254E-01,0.000000E+00,0.000000E+00,0.000000E+00,0.000000E+00,0.000000E+00,0.000000E+00,0.000000E+00,0.000000E+00,2.110805E+01,7.994713E+01,2.388802E+01,5.824435E+01
11:03:00,8.012327E+03,1.666248E+03,5.578820E-01,1.471552E-01,0.000000E+00,0.000000E+00,0.000000E+00,0.000000E+00,0.000000E+00,0.000000E+00,0.000000E+00,0.000000E+00,2.110805E+01,7.994713E+01,2.388802E+01,5.821350E+01
11:04:00,8.012327E+03,1.671099E+03,5.578820E-01,1.475836E-01,0.000000E+00,0.000000E+00,0.000000E+00,0.000000E+00,0.000000E+00,0.000000E+00,0.000000E+00,0.000000E+00,2.110805E+01,7.994713E+01,2.388802E+01,5.818297E+01
11:05:00,8.012327E+03,1.675935E+03,5.578820E-01,1.480107E-01,0.000000E+00,0.000000E+00,0.000000E+00,0.000000E+00,0.000000E+00,0.000000E+00,0.000000E+00,0.000000E+00,2.110805E+01,7.994713E+01,2.388802E+01,5.815275E+01
11:06:00,8.012327E+03,1.680755E+03,5.578820E-01,1.484364E-01,0.000000E+00,0.000000E+00,0.000000E+00,0.000000E+00,0.000000E+00,0.000000E+00,0.000000E+00,0.000000E+00,2.110805E+01,7.994713E+01,2.388802E+01,5.812283E+01
11:07:00,8.012327E+03,1.685560E+03,5.578820E-01,1.488608E-01,0.000000E+00,0.000000E+00,0.000000E+00,0.000000E+00,0.000000E+00,0.000000E+00,0.000000E+00,0.000000E+00,2.110805E+01,7.994713E+01,2.388802E+01,5.809321E+01
11:08:00,8.012327E+03,1.690350E+03,5.578820E-01,1.492838E-01,0.000000E+00,0.000000E+00,0.000000E+00,0.000000E+00,0.000000E+00,0.000000E+00,0.000000E+00,0.000000E+00,2.110805E+01,7.994713E+01,2.388802E+01,5.806386E+01
11:09:00,8.012327E+03,1.695124E+03,5.578820E-01,1.497054E-01,0.000000E+00,0.000000E+00,0.000000E+00,0.000000E+00,0.000000E+00,0.000000E+00,0.000000E+00,0.000000E+00,2.110805E+01,7.994713E+01,2.388802E+01,5.803479E+01
11:10:00,8.012327E+03,1.699882E+03,5.578820E-01,1.501256E-01,0.000000E+00,0.000000E+00,0.000000E+00,0.000000E+00,0.000000E+00,0.000000E+00,0.000000E+00,0.000000E+00,2.110805E+01,7.994713E+01,2.388802E+01,5.800599E+01
11:11:00,8.012327E+03,1.704625E+03,5.578820E-01,1.505445E-01,0.000000E+00,0.000000E+00,0.000000E+00,0.000000E+00,0.000000E+00,0.000000E+00,0.000000E+00,0.000000E+00,2.110805E+01,7.994713E+01,2.388802E+01,5.797745E+01
11:12:00,8.012327E+03,1.709351E+03,5.578820E-01,1.509619E-01,0.000000E+00,0.000000E+00,0.000000E+00,0.000000E+00,0.000000E+00,0.000000E+00,0.000000E+00,0.000000E+00,2.110805E+01,7.994713E+01,2.388802E+01,5.794915E+01
11:13:00,8.012327E+03,1.714061E+03,5.578820E-01,1.513779E-01,0.000000E+00,0.000000E+00,0.000000E+00,0.000000E+00,0.000000E+00,0.000000E+00,0.000000E+00,0.000000E+00,2.110805E+01,7.994713E+01,2.388802E+01,5.792111E+01
11:14:00,8.012327E+03,1.718756E+03,5.578820E-01,1.517925E-01,0.000000E+00,0.000000E+00,0.000000E+00,0.000000E+00,0.000000E+00,0.000000E+00,0.000000E+00,0.000000E+00,2.110805E+01,7.994713E+01,2.388802E+01,5.789331E+01
11:15:00,8.012327E+03,1.723433E+03,5.578820E-01,1.522056E-01,0.000000E+00,0.000000E+00,0.000000E+00,0.000000E+00,0.000000E+00,0.000000E+00,0.000000E+00,0.000000E+00,2.110805E+01,7.994713E+01,2.388802E+01,5.786575E+01
11:16:00,8.012327E+03,1.728094E+03,5.578820E-01,1.526173E-01,0.000000E+00,0.000000E+00,0.000000E+00,0.000000E+00,0.000000E+00,0.000000E+00,0.000000E+00,0.000000E+00,2.110805E+01,7.994713E+01,2.388801E+01,5.783842E+01
11:17:00,8.012327E+03,1.732740E+03,5.578820E-01,1.530275E-01,0.000000E+00,0.000000E+00,0.000000E+00,0.000000E+00,0.000000E+00,0.000000E+00,0.000000E+00,0.000000E+00,2.110805E+01,7.994713E+01,2.388801E+01,5.781131E+01
11:18:00,8.012327E+03,1.737368E+03,5.578820E-01,1.534363E-01,0.000000E+00,0.000000E+00,0.000000E+00,0.000000E+00,0.000000E+00,0.000000E+00,0.000000E+00,0.000000E+00,2.110805E+01,7.994713E+01,2.388801E+01,5.778442E+01
11:19:00,8.012327E+03,1.741980E+03,5.578820E-01,1.538436E-01,0.000000E+00,0.000000E+00,0.000000E+00,0.000000E+00,0.000000E+00,0.000000E+00,0.000000E+00,0.000000E+00,2.110805E+01,7.994713E+01,2.388801E+01,5.775774E+01
11:20:00,8.012327E+03,1.746574E+03,5.578820E-01,1.542493E-01,0.000000E+00,0.000000E+00,0.000000E+00,0.000000E+00,0.000000E+00,0.000000E+00,0.000000E+00,0.000000E+00,2.110805E+01,7.994713E+01,2.388801E+01,5.773127E+01
11:21:00,8.012327E+03,1.751151E+03,5.578820E-01,1.546535E-01,0.000000E+00,0.000000E+00,0.000000E+00,0.000000E+00,0.000000E+00,0.000000E+00,0.000000E+00,0.000000E+00,2.110805E+01,7.994713E+01,2.388801E+01,5.770501E+01
11:22:00,8.012327E+03,1.755711E+03,5.578820E-01,1.550563E-01,0.000000E+00,0.000000E+00,0.000000E+00,0.000000E+00,0.000000E+00,0.000000E+00,0.000000E+00,0.000000E+00,2.110805E+01,7.994713E+01,2.388801E+01,5.767896E+01
11:23:00,8.012327E+03,1.760253E+03,5.578820E-01,1.554574E-01,0.000000E+00,0.000000E+00,0.000000E+00,0.000000E+00,0.000000E+00,0.000000E+00,0.000000E+00,0.000000E+00,2.110805E+01,7.994713E+01,2.388801E+01,5.765310E+01
11:24:00,8.012327E+03,1.764777E+03,5.578820E-01,1.558570E-01,0.000000E+00,0.000000E+00,0.000000E+00,0.000000E+00,0.000000E+00,0.000000E+00,0.000000E+00,0.000000E+00,2.110805E+01,7.994713E+01,2.388801E+01,5.762743E+01
11:25:00,8.012327E+03,1.769284E+03,5.578820E-01,1.562551E-01,0.000000E+00,0.000000E+00,0.000000E+00,0.000000E+00,0.000000E+00,0.000000E+00,0.000000E+00,0.000000E+00,2.110805E+01,7.994713E+01,2.388801E+01,5.760196E+01
11:26:00,8.012327E+03,1.773773E+03,5.578820E-01,1.566515E-01,0.000000E+00,0.000000E+00,0.000000E+00,0.000000E+00,0.000000E+00,0.000000E+00,0.000000E+00,0.000000E+00,2.110805E+01,7.994713E+01,2.388801E+01,5.757668E+01
11:27:00,8.012327E+03,1.778243E+03,5.578820E-01,1.570463E-01,0.000000E+00,0.000000E+00,0.000000E+00,0.000000E+00,0.000000E+00,0.000000E+00,0.000000E+00,0.000000E+00,2.110805E+01,7.994713E+01,2.388801E+01,5.755158E+01
11:28:00,8.012327E+03,1.782696E+03,5.578820E-01,1.574395E-01,0.000000E+00,0.000000E+00,0.000000E+00,0.000000E+00,0.000000E+00,0.000000E+00,0.000000E+00,0.000000E+00,2.110805E+01,7.994713E+01,2.388801E+01,5.752667E+01
11:29:00,8.012327E+03,1.787130E+03,5.578820E-01,1.578311E-01,0.000000E+00,0.000000E+00,0.000000E+00,0.000000E+00,0.000000E+00,0.000000E+00,0.000000E+00,0.000000E+00,2.110805E+01,7.994713E+01,2.388801E+01,5.750193E+01
11:30:00,8.012327E+03,1.791545E+03,5.578820E-01,1.582211E-01,0.000000E+00,0.000000E+00,0.000000E+00,0.000000E+00,0.000000E+00,0.000000E+00,0.000000E+00,0.000000E+00,2.110805E+01,7.994713E+01,2.388801E+01,5.747737E+01
11:31:00,8.012327E+03,1.795941E+03,5.578820E-01,1.586093E-01,0.000000E+00,0.000000E+00,0.000000E+00,0.000000E+00,0.000000E+00,0.000000E+00,0.000000E+00,0.000000E+00,2.110805E+01,7.994713E+01,2.388801E+01,5.745299E+01
11:32:00,8.012327E+03,1.800318E+03,5.578820E-01,1.589959E-01,0.000000E+00,0.000000E+00,0.000000E+00,0.000000E+00,0.000000E+00,0.000000E+00,0.000000E+00,0.000000E+00,2.110805E+01,7.994713E+01,2.388801E+01,5.742878E+01
11:33:00,8.012327E+03,1.804676E+03,5.578820E-01,1.593807E-01,0.000000E+00,0.000000E+00,0.000000E+00,0.000000E+00,0.000000E+00,0.000000E+00,0.000000E+00,0.000000E+00,2.110805E+01,7.994713E+01,2.388801E+01,5.740473E+01
11:34:00,8.012327E+03,1.809014E+03,5.578820E-01,1.597639E-01,0.000000E+00,0.000000E+00,0.000000E+00,0.000000E+00,0.000000E+00,0.000000E+00,0.000000E+00,0.000000E+00,2.110805E+01,7.994713E+01,2.388801E+01,5.738086E+01
11:35:00,8.012327E+03,1.813333E+03,5.578820E-01,1.601453E-01,0.000000E+00,0.000000E+00,0.000000E+00,0.000000E+00,0.000000E+00,0.000000E+00,0.000000E+00,0.000000E+00,2.110805E+01,7.994713E+01,2.388801E+01,5.735716E+01
11:36:00,8.012327E+03,1.817631E+03,5.578820E-01,1.605249E-01,0.000000E+00,0.000000E+00,0.000000E+00,0.000000E+00,0.000000E+00,0.000000E+00,0.000000E+00,0.000000E+00,2.110805E+01,7.994713E+01,2.388801E+01,5.733362E+01
11:37:00,8.012327E+03,1.821910E+03,5.578820E-01,1.609028E-01,0.000000E+00,0.000000E+00,0.000000E+00,0.000000E+00,0.000000E+00,0.000000E+00,0.000000E+00,0.000000E+00,2.110805E+01,7.994713E+01,2.388801E+01,5.731024E+01
11:38:00,8.012327E+03,1.826168E+03,5.578820E-01,1.612788E-01,0.000000E+00,0.000000E+00,0.000000E+00,0.000000E+00,0.000000E+00,0.000000E+00,0.000000E+00,0.000000E+00,2.110805E+01,7.994713E+01,2.388801E+01,5.728703E+01
11:39:00,8.012327E+03,1.830405E+03,5.578820E-01,1.616531E-01,0.000000E+00,0.000000E+00,0.000000E+00,0.000000E+00,0.000000E+00,0.000000E+00,0.000000E+00,0.000000E+00,2.110805E+01,7.994713E+01,2.388801E+01,5.726397E+01
11:40:00,8.012327E+03,1.834621E+03,5.578820E-01,1.620254E-01,0.000000E+00,0.000000E+00,0.000000E+00,0.000000E+00,0.000000E+00,0.000000E+00,0.000000E+00,0.000000E+00,2.110805E+01,7.994713E+01,2.388800E+01,5.724108E+01
11:41:00,8.012327E+03,1.838816E+03,5.578820E-01,1.623959E-01,0.000000E+00,0.000000E+00,0.000000E+00,0.000000E+00,0.000000E+00,0.000000E+00,0.000000E+00,0.000000E+00,2.110805E+01,7.994713E+01,2.388800E+01,5.721835E+01
11:42:00,8.012327E+03,1.842989E+03,5.578820E-01,1.627645E-01,0.000000E+00,0.000000E+00,0.000000E+00,0.000000E+00,0.000000E+00,0.000000E+00,0.000000E+00,0.000000E+00,2.110805E+01,7.994713E+01,2.388800E+01,5.719578E+01
11:43:00,8.012327E+03,1.847140E+03,5.578820E-01,1.631311E-01,0.000000E+00,0.000000E+00,0.000000E+00,0.000000E+00,0.000000E+00,0.000000E+00,0.000000E+00,0.000000E+00,2.110805E+01,7.994713E+01,2.388800E+01,5.717337E+01
11:44:00,8.012327E+03,1.851268E+03,5.578820E-01,1.634956E-01,0.000000E+00,0.000000E+00,0.000000E+00,0.000000E+00,0.000000E+00,0.000000E+00,0.000000E+00,0.000000E+00,2.110805E+01,7.994713E+01,2.388800E+01,5.715112E+01
11:45:00,8.012327E+03,1.855376E+03,5.578820E-01,1.638584E-01,0.000000E+00,0.000000E+00,0.000000E+00,0.000000E+00,0.000000E+00,0.000000E+00,0.000000E+00,0.000000E+00,2.110805E+01,7.994713E+01,2.388800E+01,5.712904E+01
11:46:00,8.012327E+03,1.859467E+03,5.578820E-01,1.642197E-01,0.000000E+00,0.000000E+00,0.000000E+00,0.000000E+00,0.000000E+00,0.000000E+00,0.000000E+00,0.000000E+00,2.110805E+01,7.994713E+01,2.388800E+01,5.710710E+01
11:47:00,8.012327E+03,1.863543E+03,5.578820E-01,1.645797E-01,0.000000E+00,0.000000E+00,0.000000E+00,0.000000E+00,0.000000E+00,0.000000E+00,0.000000E+00,0.000000E+00,2.110805E+01,7.994713E+01,2.388800E+01,5.708527E+01
11:48:00,8.012327E+03,1.867604E+03,5.578820E-01,1.649384E-01,0.000000E+00,0.000000E+00,0.000000E+00,0.000000E+00,0.000000E+00,0.000000E+00,0.000000E+00,0.000000E+00,2.110805E+01,7.994713E+01,2.388800E+01,5.706351E+01
11:49:00,8.012327E+03,1.871652E+03,5.578820E-01,1.652959E-01,0.000000E+00,0.000000E+00,0.000000E+00,0.000000E+00,0.000000E+00,0.000000E+00,0.000000E+00,0.000000E+00,2.110805E+01,7.994713E+01,2.388800E+01,5.704180E+01
11:50:00,8.012327E+03,1.875686E+03,5.578820E-01,1.656521E-01,0.000000E+00,0.000000E+00,0.000000E+00,0.000000E+00,0.000000E+00,0.000000E+00,0.000000E+00,0.000000E+00,2.110805E+01,7.994713E+01,2.388800E+01,5.702015E+01
11:51:00,8.012327E+03,1.879707E+03,5.578820E-01,1.660073E-01,0.000000E+00,0.000000E+00,0.000000E+00,0.000000E+00,0.000000E+00,0.000000E+00,0.000000E+00,0.000000E+00,2.110805E+01,7.994713E+01,2.388800E+01,5.699853E+01
11:52:00,8.012327E+03,1.883715E+03,5.578820E-01,1.663612E-01,0.000000E+00,0.000000E+00,0.000000E+00,0.000000E+00,0.000000E+00,0.000000E+00,0.000000E+00,0.000000E+00,2.110805E+01,7.994713E+01,2.388800E+01,5.697696E+01
11:53:00,8.012327E+03,1.887709E+03,5.578820E-01,1.667140E-01,0.000000E+00,0.000000E+00,0.000000E+00,0.000000E+00,0.000000E+00,0.000000E+00,0.000000E+00,0.000000E+00,2.110805E+01,7.994713E+01,2.388800E+01,5.695542E+01
11:54:00,8.012327E+03,1.891686E+03,5.578820E-01,1.670653E-01,0.000000E+00,0.000000E+00,0.000000E+00,0.000000E+00,0.000000E+00,0.000000E+00,0.000000E+00,0.000000E+00,2.110805E+01,7.994713E+01,2.388800E+01,5.693393E+01
11:55:00,8.012327E+03,1.895648E+03,5.578820E-01,1.674151E-01,0.000000E+00,0.000000E+00,0.000000E+00,0.000000E+00,0.000000E+00,0.000000E+00,0.000000E+00,0.000000E+00,2.110805E+01,7.994713E+01,2.388800E+01,5.691250E+01
11:56:00,8.012327E+03,1.899590E+03,5.578820E-01,1.677633E-01,0.000000E+00,0.000000E+00,0.000000E+00,0.000000E+00,0.000000E+00,0.000000E+00,0.000000E+00,0.000000E+00,2.110805E+01,7.994713E+01,2.388800E+01,5.689115E+01
11:57:00,8.012327E+03,1.903515E+03,5.578820E-01,1.681099E-01,0.000000E+00,0.000000E+00,0.000000E+00,0.000000E+00,0.000000E+00,0.000000E+00,0.000000E+00,0.000000E+00,2.110805E+01,7.994713E+01,2.388800E+01,5.686990E+01
11:58:00,8.012327E+03,1.907420E+03,5.578820E-01,1.684549E-01,0.000000E+00,0.000000E+00,0.000000E+00,0.000000E+00,0.000000E+00,0.000000E+00,0.000000E+00,0.000000E+00,2.110805E+01,7.994713E+01,2.388800E+01,5.684875E+01
11:59:00,8.012327E+03,1.911307E+03,5.578820E-01,1.687982E-01,0.000000E+00,0.000000E+00,0.000000E+00,0.000000E+00,0.000000E+00,0.000000E+00,0.000000E+00,0.000000E+00,2.110805E+01,7.994713E+01,2.388800E+01,5.682770E+01
12:00:00,8.012327E+03,1.915175E+03,5.578820E-01,1.691397E-01,0.000000E+00,0.000000E+00,0.000000E+00,0.000000E+00,0.000000E+00,0.000000E+00,0.000000E+00,0.000000E+00,2.110805E+01,7.994713E+01,2.388799E+01,5.680677E+01
12:01:00,8.012327E+03,1.919031E+03,5.578820E-01,1.694803E-01,0.000000E+00,0.000000E+00,0.000000E+00,0.000000E+00,0.000000E+00,0.000000E+00,0.000000E+00,0.000000E+00,2.110805E+01,7.994713E+01,2.388799E+01,5.678595E+01
12:02:00,8.012327E+03,1.922874E+03,5.578820E-01,1.698197E-01,0.000000E+00,0.000000E+00,0.000000E+00,0.000000E+00,0.000000E+00,0.000000E+00,0.000000E+00,0.000000E+00,2.110805E+01,7.994713E+01,2.388799E+01,5.676528E+01
12:03:00,8.012327E+03,1.926702E+03,5.578820E-01,1.701578E-01,0.000000E+00,0.000000E+00,0.000000E+00,0.000000E+00,0.000000E+00,0.000000E+00,0.000000E+00,0.000000E+00,2.110805E+01,7.994713E+01,2.388799E+01,5.674480E+01
12:04:00,8.012327E+03,1.930513E+03,5.578820E-01,1.704943E-01,0.000000E+00,0.000000E+00,0.000000E+00,0.000000E+00,0.000000E+00,0.000000E+00,0.000000E+00,0.000000E+00,2.110805E+01,7.994713E+01,2.388799E+01,5.672453E+01
12:05:00,8.012327E+03,1.934305E+03,5.578820E-01,1.708292E-01,0.000000E+00,0.000000E+00,0.000000E+00,0.000000E+00,0.000000E+00,0.000000E+00,0.000000E+00,0.000000E+00,2.110805E+01,7.994713E+01,2.388799E+01,5.670450E+01
12:06:00,8.012327E+03,1.938078E+03,5.578820E-01,1.711624E-01,0.000000E+00,0.000000E+00,0.000000E+00,0.000000E+00,0.000000E+00,0.000000E+00,0.000000E+00,0.000000E+00,2.110805E+01,7.994713E+01,2.388799E+01,5.668472E+01
12:07:00,8.012327E+03,1.941830E+03,5.578820E-01,1.714938E-01,0.000000E+00,0.000000E+00,0.000000E+00,0.000000E+00,0.000000E+00,0.000000E+00,0.000000E+00,0.000000E+00,2.110805E+01,7.994713E+01,2.388799E+01,5.666519E+01
12:08:00,8.012327E+03,1.945560E+03,5.578820E-01,1.718232E-01,0.000000E+00,0.000000E+00,0.000000E+00,0.000000E+00,0.000000E+00,0.000000E+00,0.000000E+00,0.000000E+00,2.110805E+01,7.994713E+01,2.388799E+01,5.664591E+01
12:09:00,8.012327E+03,1.949268E+03,5.578820E-01,1.721507E-01,0.000000E+00,0.000000E+00,0.000000E+00,0.000000E+00,0.000000E+00,0.000000E+00,0.000000E+00,0.000000E+00,2.110805E+01,7.994713E+01,2.388799E+01,5.662691E+01
12:10:00,8.012327E+03,1.952952E+03,5.578820E-01,1.724761E-01,0.000000E+00,0.000000E+00,0.000000E+00,0.000000E+00,0.000000E+00,0.000000E+00,0.000000E+00,0.000000E+00,2.110805E+01,7.994713E+01,2.388799E+01,5.660816E+01
12:11:00,8.012327E+03,1.956617E+03,5.578820E-01,1.727998E-01,0.000000E+00,0.000000E+00,0.000000E+00,0.000000E+00,0.000000E+00,0.000000E+00,0.000000E+00,0.000000E+00,2.110805E+01,7.994713E+01,2.388799E+01,5.658969E+01
12:12:00,8.012327E+03,1.960266E+03,5.578820E-01,1.731221E-01,0.000000E+00,0.000000E+00,0.000000E+00,0.000000E+00,0.000000E+00,0.000000E+00,0.000000E+00,0.000000E+00,2.110805E+01,7.994713E+01,2.388799E+01,5.657144E+01
12:13:00,8.012327E+03,1.963899E+03,5.578820E-01,1.734429E-01,0.000000E+00,0.000000E+00,0.000000E+00,0.000000E+00,0.000000E+00,0.000000E+00,0.000000E+00,0.000000E+00,2.110805E+01,7.994713E+01,2.388799E+01,5.655338E+01
12:14:00,8.012327E+03,1.967516E+03,5.578820E-01,1.737623E-01,0.000000E+00,0.000000E+00,0.000000E+00,0.000000E+00,0.000000E+00,0.000000E+00,0.000000E+00,0.000000E+00,2.110805E+01,7.994713E+01,2.388799E+01,5.653549E+01
12:15:00,8.012327E+03,1.971116E+03,5.578820E-01,1.740803E-01,0.000000E+00,0.000000E+00,0.000000E+00,0.000000E+00,0.000000E+00,0.000000E+00,0.000000E+00,0.000000E+00,2.110805E+01,7.994713E+01,2.388799E+01,5.651775E+01
12:16:00,8.012327E+03,1.974701E+03,5.578820E-01,1.743969E-01,0.000000E+00,0.000000E+00,0.000000E+00,0.000000E+00,0.000000E+00,0.000000E+00,0.000000E+00,0.000000E+00,2.110805E+01,7.994713E+01,2.388799E+01,5.650016E+01
12:17:00,8.012327E+03,1.978270E+03,5.578820E-01,1.747121E-01,0.000000E+00,0.000000E+00,0.000000E+00,0.000000E+00,0.000000E+00,0.000000E+00,0.000000E+00,0.000000E+00,2.110805E+01,7.994713E+01,2.388799E+01,5.648271E+01
12:18:00,8.012327E+03,1.981824E+03,5.578820E-01,1.750260E-01,0.000000E+00,0.000000E+00,0.000000E+00,0.000000E+00,0.000000E+00,0.000000E+00,0.000000E+00,0.000000E+00,2.110805E+01,7.994713E+01,2.388799E+01,5.646539E+01
12:19:00,8.012327E+03,1.985363E+03,5.578820E-01,1.753385E-01,0.000000E+00,0.000000E+00,0.000000E+00,0.000000E+00,0.000000E+00,0.000000E+00,0.000000E+00,0.000000E+00,2.110805E+01,7.994713E+01,2.388799E+01,5.644821E+01
12:20:00,8.012327E+03,1.988886E+03,5.578820E-01,1.756496E-01,0.000000E+00,0.000000E+00,0.000000E+00,0.000000E+00,0.000000E+00,0.000000E+00,0.000000E+00,0.000000E+00,2.110805E+01,7.994713E+01,2.388799E+01,5.643115E+01
12:21:00,8.012327E+03,1.992393E+03,5.578820E-01,1.759594E-01,0.000000E+00,0.000000E+00,0.000000E+00,0.000000E+00,0.000000E+00,0.000000E+00,0.000000E+00,0.000000E+00,2.110805E+01,7.994713E+01,2.388799E+01,5.641421E+01
12:22:00,8.012327E+03,1.995886E+03,5.578820E-01,1.762679E-01,0.000000E+00,0.000000E+00,0.000000E+00,0.000000E+00,0.000000E+00,0.000000E+00,0.000000E+00,0.000000E+00,2.110805E+01,7.994713E+01,2.388799E+01,5.639740E+01
12:23:00,8.012327E+03,1.999363E+03,5.578820E-01,1.765749E-01,0.000000E+00,0.000000E+00,0.000000E+00,0.000000E+00,0.000000E+00,0.000000E+00,0.000000E+00,0.000000E+00,2.110805E+01,7.994713E+01,2.388799E+01,5.638070E+01
12:24:00,8.012327E+03,2.002824E+03,5.578820E-01,1.768807E-01,0.000000E+00,0.000000E+00,0.000000E+00,0.000000E+00,0.000000E+00,0.000000E+00,0.000000E+00,0.000000E+00,2.110805E+01,7.994713E+01,2.388799E+01,5.636412E+01
12:25:00,8.012327E+03,2.006271E+03,5.578820E-01,1.771851E-01,0.000000E+00,0.000000E+00,0.000000E+00,0.000000E+00,0.000000E+00,0.000000E+00,0.000000E+00,0.000000E+00,2.110805E+01,7.994713E+01,2.388799E+01,5.634766E+01
12:26:00,8.012327E+03,2.009702E+03,5.578820E-01,1.774881E-01,0.000000E+00,0.000000E+00,0.000000E+00,0.000000E+00,0.000000E+00,0.000000E+00,0.000000E+00,0.000000E+00,2.110805E+01,7.994713E+01,2.388799E+01,5.633131E+01
12:27:00,8.012327E+03,2.013118E+03,5.578820E-01,1.777898E-01,0.000000E+00,0.000000E+00,0.000000E+00,0.000000E+00,0.000000E+00,0.000000E+00,0.000000E+00,0.000000E+00,2.110805E+01,7.994713E+01,2.388799E+01,5.631507E+01
12:28:00,8.012327E+03,2.016517E+03,5.578820E-01,1.780900E-01,0.000000E+00,0.000000E+00,0.000000E+00,0.000000E+00,0.000000E+00,0.000000E+00,0.000000E+00,0.000000E+00,2.110805E+01,7.994713E+01,2.388799E+01,5.629894E+01
12:29:00,8.012327E+03,2.019902E+03,5.578820E-01,1.783889E-01,0.000000E+00,0.000000E+00,0.000000E+00,0.000000E+00,0.000000E+00,0.000000E+00,0.000000E+00,0.000000E+00,2.110805E+01,7.994713E+01,2.388799E+01,5.628292E+01
12:30:00,8.012327E+03,2.023271E+03,5.578820E-01,1.786865E-01,0.000000E+00,0.000000E+00,0.000000E+00,0.000000E+00,0.000000E+00,0.000000E+00,0.000000E+00,0.000000E+00,2.110805E+01,7.994713E+01,2.388799E+01,5.626701E+01
12:31:00,8.012327E+03,2.026626E+03,5.578820E-01,1.789827E-01,0.000000E+00,0.000000E+00,0.000000E+00,0.000000E+00,0.000000E+00,0.000000E+00,0.000000E+00,0.000000E+00,2.110805E+01,7.994713E+01,2.388799E+01,5.625120E+01
12:32:00,8.012327E+03,2.029965E+03,5.578820E-01,1.792776E-01,0.000000E+00,0.000000E+00,0.000000E+00,0.000000E+00,0.000000E+00,0.000000E+00,0.000000E+00,0.000000E+00,2.110805E+01,7.994713E+01,2.388799E+01,5.623550E+01
12:33:00,8.012327E+03,2.033289E+03,5.578820E-01,1.795712E-01,0.000000E+00,0.000000E+00,0.000000E+00,0.000000E+00,0.000000E+00,0.000000E+00,0.000000E+00,0.000000E+00,2.110805E+01,7.994713E+01,2.388799E+01,5.621990E+01
12:34:00,8.012327E+03,2.036597E+03,5.578820E-01,1.798634E-01,0.000000E+00,0.000000E+00,0.000000E+00,0.000000E+00,0.000000E+00,0.000000E+00,0.000000E+00,0.000000E+00,2.110805E+01,7.994713E+01,2.388799E+01,5.620439E+01
12:35:00,8.012327E+03,2.039891E+03,5.578820E-01,1.801543E-01,0.000000E+00,0.000000E+00,0.000000E+00,0.000000E+00,0.000000E+00,0.000000E+00,0.000000E+00,0.000000E+00,2.110805E+01,7.994713E+01,2.388799E+01,5.618899E+01
12:36:00,8.012327E+03,2.043169E+03,5.578820E-01,1.804438E-01,0.000000E+00,0.000000E+00,0.000000E+00,0.000000E+00,0.000000E+00,0.000000E+00,0.000000E+00,0.000000E+00,2.110805E+01,7.994713E+01,2.388799E+01,5.617370E+01
12:37:00,8.012327E+03,2.046432E+03,5.578820E-01,1.807320E-01,0.000000E+00,0.000000E+00,0.000000E+00,0.000000E+00,0.000000E+00,0.000000E+00,0.000000E+00,0.000000E+00,2.110805E+01,7.994713E+01,2.388799E+01,5.615850E+01
12:38:00,8.012327E+03,2.049680E+03,5.578820E-01,1.810189E-01,0.000000E+00,0.000000E+00,0.000000E+00,0.000000E+00,0.000000E+00,0.000000E+00,0.000000E+00,0.000000E+00,2.110805E+01,7.994713E+01,2.388799E+01,5.614340E+01
12:39:00,8.012327E+03,2.052914E+03,5.578820E-01,1.813045E-01,0.000000E+00,0.000000E+00,0.000000E+00,0.000000E+00,0.000000E+00,0.000000E+00,0.000000E+00,0.000000E+00,2.110805E+01,7.994713E+01,2.388799E+01,5.612839E+01
12:40:00,8.012327E+03,2.056133E+03,5.578820E-01,1.815888E-01,0.000000E+00,0.000000E+00,0.000000E+00,0.000000E+00,0.000000E+00,0.000000E+00,0.000000E+00,0.000000E+00,2.110805E+01,7.994713E+01,2.388799E+01,5.611349E+01
12:41:00,8.012327E+03,2.059338E+03,5.578820E-01,1.818718E-01,0.000000E+00,0.000000E+00,0.000000E+00,0.000000E+00,0.000000E+00,0.000000E+00,0.000000E+00,0.000000E+00,2.110805E+01,7.994713E+01,2.388798E+01,5.609867E+01
12:42:00,8.012327E+03,2.062528E+03,5.578820E-01,1.821536E-01,0.000000E+00,0.000000E+00,0.000000E+00,0.000000E+00,0.000000E+00,0.000000E+00,0.000000E+00,0.000000E+00,2.110805E+01,7.994713E+01,2.388798E+01,5.608395E+01
12:43:00,8.012327E+03,2.065705E+03,5.578820E-01,1.824341E-01,0.000000E+00,0.000000E+00,0.000000E+00,0.000000E+00,0.000000E+00,0.000000E+00,0.000000E+00,0.000000E+00,2.110805E+01,7.994713E+01,2.388798E+01,5.606932E+01
12:44:00,8.012327E+03,2.068869E+03,5.578820E-01,1.827136E-01,0.000000E+00,0.000000E+00,0.000000E+00,0.000000E+00,0.000000E+00,0.000000E+00,0.000000E+00,0.000000E+00,2.110805E+01,7.994713E+01,2.388798E+01,5.605479E+01
12:45:00,8.012327E+03,2.072017E+03,5.578820E-01,1.829916E-01,0.000000E+00,0.000000E+00,0.000000E+00,0.000000E+00,0.000000E+00,0.000000E+00,0.000000E+00,0.000000E+00,2.110805E+01,7.994713E+01,2.388798E+01,5.604033E+01
12:46:00,8.012327E+03,2.075145E+03,5.578820E-01,1.832678E-01,0.000000E+00,0.000000E+00,0.000000E+00,0.000000E+00,0.000000E+00,0.000000E+00,0.000000E+00,0.000000E+00,2.110805E+01,7.994713E+01,2.388798E+01,5.602597E+01
12:47:00,8.012327E+03,2.078252E+03,5.578820E-01,1.835422E-01,0.000000E+00,0.000000E+00,0.000000E+00,0.000000E+00,0.000000E+00,0.000000E+00,0.000000E+00,0.000000E+00,2.110805E+01,7.994713E+01,2.388798E+01,5.601170E+01
12:48:00,8.012327E+03,2.081337E+03,5.578820E-01,1.838147E-01,0.000000E+00,0.000000E+00,0.000000E+00,0.000000E+00,0.000000E+00,0.000000E+00,0.000000E+00,0.000000E+00,2.110805E+01,7.994713E+01,2.388798E+01,5.599751E+01
12:49:00,8.012327E+03,2.084399E+03,5.578820E-01,1.840851E-01,0.000000E+00,0.000000E+00,0.000000E+00,0.000000E+00,0.000000E+00,0.000000E+00,0.000000E+00,0.000000E+00,2.110805E+01,7.994713E+01,2.388798E+01,5.598341E+01
12:50:00,8.012327E+03,2.087439E+03,5.578820E-01,1.843536E-01,0.000000E+00,0.000000E+00,0.000000E+00,0.000000E+00,0.000000E+00,0.000000E+00,0.000000E+00,0.000000E+00,2.110805E+01,7.994713E+01,2.388798E+01,5.596938E+01
12:51:00,8.012327E+03,2.090454E+03,5.578820E-01,1.846199E-01,0.000000E+00,0.000000E+00,0.000000E+00,0.000000E+00,0.000000E+00,0.000000E+00,0.000000E+00,0.000000E+00,2.110805E+01,7.994713E+01,2.388798E+01,5.595545E+01
12:52:00,8.012327E+03,2.093447E+03,5.578820E-01,1.848842E-01,0.000000E+00,0.000000E+00,0.000000E+00,0.000000E+00,0.000000E+00,0.000000E+00,0.000000E+00,0.000000E+00,2.110805E+01,7.994713E+01,2.388798E+01,5.594159E+01
12:53:00,8.012327E+03,2.096416E+03,5.578820E-01,1.851464E-01,0.000000E+00,0.000000E+00,0.000000E+00,0.000000E+00,0.000000E+00,0.000000E+00,0.000000E+00,0.000000E+00,2.110805E+01,7.994713E+01,2.388798E+01,5.592781E+01
12:54:00,8.012327E+03,2.099364E+03,5.578820E-01,1.854068E-01,0.000000E+00,0.000000E+00,0.000000E+00,0.000000E+00,0.000000E+00,0.000000E+00,0.000000E+00,0.000000E+00,2.110805E+01,7.994713E+01,2.388798E+01,5.591412E+01
12:55:00,8.012327E+03,2.102292E+03,5.578820E-01,1.856654E-01,0.000000E+00,0.000000E+00,0.000000E+00,0.000000E+00,0.000000E+00,0.000000E+00,0.000000E+00,0.000000E+00,2.110805E+01,7.994713E+01,2.388798E+01,5.590050E+01
12:56:00,8.012327E+03,2.105201E+03,5.578820E-01,1.859223E-01,0.000000E+00,0.000000E+00,0.000000E+00,0.000000E+00,0.000000E+00,0.000000E+00,0.000000E+00,0.000000E+00,2.110805E+01,7.994713E+01,2.388798E+01,5.588696E+01
12:57:00,8.012327E+03,2.108090E+03,5.578820E-01,1.861775E-01,0.000000E+00,0.000000E+00,0.000000E+00,0.000000E+00,0.000000E+00,0.000000E+00,0.000000E+00,0.000000E+00,2.110805E+01,7.994713E+01,2.388798E+01,5.587350E+01
12:58:00,8.012327E+03,2.110962E+03,5.578820E-01,1.864311E-01,0.000000E+00,0.000000E+00,0.000000E+00,0.000000E+00,0.000000E+00,0.000000E+00,0.000000E+00,0.000000E+00,2.110805E+01,7.994713E+01,2.388798E+01,5.586011E+01
12:59:00,8.012327E+03,2.113814E+03,5.578820E-01,1.866830E-01,0.000000E+00,0.000000E+00,0.000000E+00,0.000000E+00,0.000000E+00,0.000000E+00,0.000000E+00,0.000000E+00,2.110805E+01,7.994713E+01,2.388798E+01,5.584680E+01
13:00:00,8.012327E+03,2.116648E+03,5.578820E-01,1.869333E-01,0.000000E+00,0.000000E+00,0.000000E+00,0.000000E+00,0.000000E+00,0.000000E+00,0.000000E+00,0.000000E+00,2.110805E+01,7.994713E+01,2.388798E+01,5.583357E+01
13:01:00,8.012327E+03,2.119462E+03,5.578820E-01,1.871818E-01,0.000000E+00,0.000000E+00,0.000000E+00,0.000000E+00,0.000000E+00,0.000000E+00,0.000000E+00,0.000000E+00,2.110805E+01,7.994713E+01,2.388798E+01,5.582041E+01
13:02:00,8.012327E+03,2.122257E+03,5.578820E-01,1.874286E-01,0.000000E+00,0.000000E+00,0.000000E+00,0.000000E+00,0.000000E+00,0.000000E+00,0.000000E+00,0.000000E+00,2.110805E+01,7.994713E+01,2.388798E+01,5.580738E+01
13:03:00,8.012327E+03,2.125034E+03,5.578820E-01,1.876739E-01,0.000000E+00,0.000000E+00,0.000000E+00,0.000000E+00,0.000000E+00,0.000000E+00,0.000000E+00,0.000000E+00,2.110805E+01,7.994713E+01,2.388798E+01,5.579452E+01
13:04:00,8.012327E+03,2.127797E+03,5.578820E-01,1.879179E-01,0.000000E+00,0.000000E+00,0.000000E+00,0.000000E+00,0.000000E+00,0.000000E+00,0.000000E+00,0.000000E+00,2.110805E+01,7.994713E+01,2.388798E+01,5.578183E+01
13:05:00,8.012327E+03,2.130545E+03,5.578820E-01,1.881606E-01,0.000000E+00,0.000000E+00,0.000000E+00,0.000000E+00,0.000000E+00,0.000000E+00,0.000000E+00,0.000000E+00,2.110805E+01,7.994713E+01,2.388798E+01,5.576930E+01
13:06:00,8.012327E+03,2.133281E+03,5.578820E-01,1.884022E-01,0.000000E+00,0.000000E+00,0.000000E+00,0.000000E+00,0.000000E+00,0.000000E+00,0.000000E+00,0.000000E+00,2.110805E+01,7.994713E+01,2.388798E+01,5.575694E+01
13:07:00,8.012327E+03,2.136004E+03,5.578820E-01,1.886428E-01,0.000000E+00,0.000000E+00,0.000000E+00,0.000000E+00,0.000000E+00,0.000000E+00,0.000000E+00,0.000000E+00,2.110805E+01,7.994713E+01,2.388798E+01,5.574473E+01
13:08:00,8.012327E+03,2.138717E+03,5.578820E-01,1.888824E-01,0.000000E+00,0.000000E+00,0.000000E+00,0.000000E+00,0.000000E+00,0.000000E+00,0.000000E+00,0.000000E+00,2.110805E+01,7.994713E+01,2.388798E+01,5.573266E+01
13:09:00,8.012327E+03,2.141420E+03,5.578820E-01,1.891210E-01,0.000000E+00,0.000000E+00,0.000000E+00,0.000000E+00,0.000000E+00,0.000000E+00,0.000000E+00,0.000000E+00,2.110805E+01,7.994713E+01,2.388798E+01,5.572075E+01
13:10:00,8.012327E+03,2.144113E+03,5.578820E-01,1.893589E-01,0.000000E+00,0.000000E+00,0.000000E+00,0.000000E+00,0.000000E+00,0.000000E+00,0.000000E+00,0.000000E+00,2.110805E+01,7.994713E+01,2.388798E+01,5.570897E+01
13:11:00,8.012327E+03,2.146791E+03,5.578820E-01,1.895954E-01,0.000000E+00,0.000000E+00,0.000000E+00,0.000000E+00,0.000000E+00,0.000000E+00,0.000000E+00,0.000000E+00,2.110805E+01,7.994713E+01,2.388798E+01,5.569734E+01
13:12:00,8.012327E+03,2.149454E+03,5.578820E-01,1.898306E-01,0.000000E+00,0.000000E+00,0.000000E+00,0.000000E+00,0.000000E+00,0.000000E+00,0.000000E+00,0.000000E+00,2.110805E+01,7.994713E+01,2.388798E+01,5.568583E+01
13:13:00,8.012327E+03,2.152099E+03,5.578820E-01,1.900642E-01,0.000000E+00,0.000000E+00,0.000000E+00,0.000000E+00,0.000000E+00,0.000000E+00,0.000000E+00,0.000000E+00,2.110805E+01,7.994713E+01,2.388798E+01,5.567446E+01
13:14:00,8.012327E+03,2.154728E+03,5.578820E-01,1.902964E-01,0.000000E+00,0.000000E+00,0.000000E+00,0.000000E+00,0.000000E+00,0.000000E+00,0.000000E+00,0.000000E+00,2.110805E+01,7.994713E+01,2.388798E+01,5.566322E+01
13:15:00,8.012327E+03,2.157339E+03,5.578820E-01,1.905270E-01,0.000000E+00,0.000000E+00,0.000000E+00,0.000000E+00,0.000000E+00,0.000000E+00,0.000000E+00,0.000000E+00,2.110805E+01,7.994713E+01,2.388798E+01,5.565209E+01
13:16:00,8.012327E+03,2.159933E+03,5.578820E-01,1.907561E-01,0.000000E+00,0.000000E+00,0.000000E+00,0.000000E+00,0.000000E+00,0.000000E+00,0.000000E+00,0.000000E+00,2.110805E+01,7.994713E+01,2.388798E+01,5.564109E+01
13:17:00,8.012327E+03,2.162509E+03,5.578820E-01,1.909836E-01,0.000000E+00,0.000000E+00,0.000000E+00,0.000000E+00,0.000000E+00,0.000000E+00,0.000000E+00,0.000000E+00,2.110805E+01,7.994713E+01,2.388798E+01,5.563021E+01
13:18:00,8.012327E+03,2.165067E+03,5.578820E-01,1.912095E-01,0.000000E+00,0.000000E+00,0.000000E+00,0.000000E+00,0.000000E+00,0.000000E+00,0.000000E+00,0.000000E+00,2.110805E+01,7.994713E+01,2.388798E+01,5.561944E+01
13:19:00,8.012327E+03,2.167606E+03,5.578820E-01,1.914338E-01,0.000000E+00,0.000000E+00,0.000000E+00,0.000000E+00,0.000000E+00,0.000000E+00,0.000000E+00,0.000000E+00,2.110805E+01,7.994713E+01,2.388798E+01,5.560878E+01
13:20:00,8.012327E+03,2.170128E+03,5.578820E-01,1.916564E-01,0.000000E+00,0.000000E+00,0.000000E+00,0.000000E+00,0.000000E+00,0.000000E+00,0.000000E+00,0.000000E+00,2.110805E+01,7.994713E+01,2.388798E+01,5.559823E+01
13:21:00,8.012327E+03,2.172631E+03,5.578820E-01,1.918775E-01,0.000000E+00,0.000000E+00,0.000000E+00,0.000000E+00,0.000000E+00,0.000000E+00,0.000000E+00,0.000000E+00,2.110805E+01,7.994713E+01,2.388798E+01,5.558778E+01
13:22:00,8.012327E+03,2.175116E+03,5.578820E-01,1.920970E-01,0.000000E+00,0.000000E+00,0.000000E+00,0.000000E+00,0.000000E+00,0.000000E+00,0.000000E+00,0.000000E+00,2.110805E+01,7.994713E+01,2.388798E+01,5.557745E+01
13:23:00,8.012327E+03,2.177583E+03,5.578820E-01,1.923149E-01,0.000000E+00,0.000000E+00,0.000000E+00,0.000000E+00,0.000000E+00,0.000000E+00,0.000000E+00,0.000000E+00,2.110805E+01,7.994713E+01,2.388798E+01,5.556721E+01
13:24:00,8.012327E+03,2.180032E+03,5.578820E-01,1.925312E-01,0.000000E+00,0.000000E+00,0.000000E+00,0.000000E+00,0.000000E+00,0.000000E+00,0.000000E+00,0.000000E+00,2.110805E+01,7.994713E+01,2.388798E+01,5.555707E+01
13:25:00,8.012327E+03,2.182463E+03,5.578820E-01,1.927459E-01,0.000000E+00,0.000000E+00,0.000000E+00,0.000000E+00,0.000000E+00,0.000000E+00,0.000000E+00,0.000000E+00,2.110805E+01,7.994713E+01,2.388798E+01,5.554703E+01
13:26:00,8.012327E+03,2.184875E+03,5.578820E-01,1.929589E-01,0.000000E+00,0.000000E+00,0.000000E+00,0.000000E+00,0.000000E+00,0.000000E+00,0.000000E+00,0.000000E+00,2.110805E+01,7.994713E+01,2.388798E+01,5.553709E+01
13:27:00,8.012327E+03,2.187269E+03,5.578820E-01,1.931703E-01,0.000000E+00,0.000000E+00,0.000000E+00,0.000000E+00,0.000000E+00,0.000000E+00,0.000000E+00,0.000000E+00,2.110805E+01,7.994713E+01,2.388798E+01,5.552724E+01
13:28:00,8.012327E+03,2.189646E+03,5.578820E-01,1.933802E-01,0.000000E+00,0.000000E+00,0.000000E+00,0.000000E+00,0.000000E+00,0.000000E+00,0.000000E+00,0.000000E+00,2.110805E+01,7.994713E+01,2.388798E+01,5.551748E+01
13:29:00,8.012327E+03,2.192004E+03,5.578820E-01,1.935885E-01,0.000000E+00,0.000000E+00,0.000000E+00,0.000000E+00,0.000000E+00,0.000000E+00,0.000000E+00,0.000000E+00,2.110805E+01,7.994713E+01,2.388798E+01,5.550781E+01
13:30:00,8.012327E+03,2.194344E+03,5.578820E-01,1.937951E-01,0.000000E+00,0.000000E+00,0.000000E+00,0.000000E+00,0.000000E+00,0.000000E+00,0.000000E+00,0.000000E+00,2.110805E+01,7.994713E+01,2.388798E+01,5.549823E+01
13:31:00,8.012327E+03,2.196665E+03,5.578820E-01,1.940002E-01,0.000000E+00,0.000000E+00,0.000000E+00,0.000000E+00,0.000000E+00,0.000000E+00,0.000000E+00,0.000000E+00,2.110805E+01,7.994713E+01,2.388798E+01,5.548873E+01
13:32:00,8.012327E+03,2.198968E+03,5.578820E-01,1.942036E-01,0.000000E+00,0.000000E+00,0.000000E+00,0.000000E+00,0.000000E+00,0.000000E+00,0.000000E+00,0.000000E+00,2.110805E+01,7.994713E+01,2.388798E+01,5.547932E+01
13:33:00,8.012327E+03,2.201254E+03,5.578820E-01,1.944054E-01,0.000000E+00,0.000000E+00,0.000000E+00,0.000000E+00,0.000000E+00,0.000000E+00,0.000000E+00,0.000000E+00,2.110805E+01,7.994713E+01,2.388798E+01,5.547000E+01
13:34:00,8.012327E+03,2.203521E+03,5.578820E-01,1.946056E-01,0.000000E+00,0.000000E+00,0.000000E+00,0.000000E+00,0.000000E+00,0.000000E+00,0.000000E+00,0.000000E+00,2.110805E+01,7.994713E+01,2.388798E+01,5.546075E+01
13:35:00,8.012327E+03,2.205770E+03,5.578820E-01,1.948043E-01,0.000000E+00,0.000000E+00,0.000000E+00,0.000000E+00,0.000000E+00,0.000000E+00,0.000000E+00,0.000000E+00,2.110805E+01,7.994713E+01,2.388798E+01,5.545159E+01
13:36:00,8.012327E+03,2.208002E+03,5.578820E-01,1.950014E-01,0.000000E+00,0.000000E+00,0.000000E+00,0.000000E+00,0.000000E+00,0.000000E+00,0.000000E+00,0.000000E+00,2.110805E+01,7.994713E+01,2.388798E+01,5.544250E+01
13:37:00,8.012327E+03,2.210215E+03,5.578820E-01,1.951969E-01,0.000000E+00,0.000000E+00,0.000000E+00,0.000000E+00,0.000000E+00,0.000000E+00,0.000000E+00,0.000000E+00,2.110805E+01,7.994713E+01,2.388798E+01,5.543349E+01
13:38:00,8.012327E+03,2.212410E+03,5.578820E-01,1.953907E-01,0.000000E+00,0.000000E+00,0.000000E+00,0.000000E+00,0.000000E+00,0.000000E+00,0.000000E+00,0.000000E+00,2.110805E+01,7.994713E+01,2.388798E+01,5.542456E+01
13:39:00,8.012327E+03,2.214587E+03,5.578820E-01,1.955830E-01,0.000000E+00,0.000000E+00,0.000000E+00,0.000000E+00,0.000000E+00,0.000000E+00,0.000000E+00,0.000000E+00,2.110805E+01,7.994713E+01,2.388798E+01,5.541571E+01
13:40:00,8.012327E+03,2.216747E+03,5.578820E-01,1.957737E-01,0.000000E+00,0.000000E+00,0.000000E+00,0.000000E+00,0.000000E+00,0.000000E+00,0.000000E+00,0.000000E+00,2.110805E+01,7.994713E+01,2.388798E+01,5.540692E+01
13:41:00,8.012327E+03,2.218888E+03,5.578820E-01,1.959628E-01,0.000000E+00,0.000000E+00,0.000000E+00,0.000000E+00,0.000000E+00,0.000000E+00,0.000000E+00,0.000000E+00,2.110805E+01,7.994713E+01,2.388798E+01,5.539821E+01
13:42:00,8.012327E+03,2.221011E+03,5.578820E-01,1.961503E-01,0.000000E+00,0.000000E+00,0.000000E+00,0.000000E+00,0.000000E+00,0.000000E+00,0.000000E+00,0.000000E+00,2.110805E+01,7.994713E+01,2.388798E+01,5.538957E+01
13:43:00,8.012327E+03,2.223116E+03,5.578820E-01,1.963362E-01,0.000000E+00,0.000000E+00,0.000000E+00,0.000000E+00,0.000000E+00,0.000000E+00,0.000000E+00,0.000000E+00,2.110805E+01,7.994713E+01,2.388797E+01,5.538101E+01
13:44:00,8.012327E+03,2.225203E+03,5.578820E-01,1.965205E-01,0.000000E+00,0.000000E+00,0.000000E+00,0.000000E+00,0.000000E+00,0.000000E+00,0.000000E+00,0.000000E+00,2.110805E+01,7.994713E+01,2.388797E+01,5.537251E+01
13:45:00,8.012327E+03,2.227271E+03,5.578820E-01,1.967032E-01,0.000000E+00,0.000000E+00,0.000000E+00,0.000000E+00,0.000000E+00,0.000000E+00,0.000000E+00,0.000000E+00,2.110805E+01,7.994713E+01,2.388797E+01,5.536409E+01
13:46:00,8.012327E+03,2.229322E+03,5.578820E-01,1.968843E-01,0.000000E+00,0.000000E+00,0.000000E+00,0.000000E+00,0.000000E+00,0.000000E+00,0.000000E+00,0.000000E+00,2.110805E+01,7.994713E+01,2.388797E+01,5.535573E+01
13:47:00,8.012327E+03,2.231355E+03,5.578820E-01,1.970639E-01,0.000000E+00,0.000000E+00,0.000000E+00,0.000000E+00,0.000000E+00,0.000000E+00,0.000000E+00,0.000000E+00,2.110805E+01,7.994713E+01,2.388797E+01,5.534743E+01
13:48:00,8.012327E+03,2.233369E+03,5.578820E-01,1.972418E-01,0.000000E+00,0.000000E+00,0.000000E+00,0.000000E+00,0.000000E+00,0.000000E+00,0.000000E+00,0.000000E+00,2.110805E+01,7.994713E+01,2.388797E+01,5.533920E+01
13:49:00,8.012327E+03,2.235365E+03,5.578820E-01,1.974181E-01,0.000000E+00,0.000000E+00,0.000000E+00,0.000000E+00,0.000000E+00,0.000000E+00,0.000000E+00,0.000000E+00,2.110805E+01,7.994713E+01,2.388797E+01,5.533104E+01
13:50:00,8.012327E+03,2.237343E+03,5.578820E-01,1.975927E-01,0.000000E+00,0.000000E+00,0.000000E+00,0.000000E+00,0.000000E+00,0.000000E+00,0.000000E+00,0.000000E+00,2.110805E+01,7.994713E+01,2.388797E+01,5.532295E+01
13:51:00,8.012327E+03,2.239303E+03,5.578820E-01,1.977658E-01,0.000000E+00,0.000000E+00,0.000000E+00,0.000000E+00,0.000000E+00,0.000000E+00,0.000000E+00,0.000000E+00,2.110805E+01,7.994713E+01,2.388797E+01,5.531491E+01
13:52:00,8.012327E+03,2.241244E+03,5.578820E-01,1.979372E-01,0.000000E+00,0.000000E+00,0.000000E+00,0.000000E+00,0.000000E+00,0.000000E+00,0.000000E+00,0.000000E+00,2.110805E+01,7.994713E+01,2.388797E+01,5.530695E+01
13:53:00,8.012327E+03,2.243166E+03,5.578820E-01,1.981070E-01,0.000000E+00,0.000000E+00,0.000000E+00,0.000000E+00,0.000000E+00,0.000000E+00,0.000000E+00,0.000000E+00,2.110805E+01,7.994713E+01,2.388797E+01,5.529904E+01
13:54:00,8.012327E+03,2.245071E+03,5.578820E-01,1.982752E-01,0.000000E+00,0.000000E+00,0.000000E+00,0.000000E+00,0.000000E+00,0.000000E+00,0.000000E+00,0.000000E+00,2.110805E+01,7.994713E+01,2.388797E+01,5.529120E+01
13:55:00,8.012327E+03,2.246957E+03,5.578820E-01,1.984418E-01,0.000000E+00,0.000000E+00,0.000000E+00,0.000000E+00,0.000000E+00,0.000000E+00,0.000000E+00,0.000000E+00,2.110805E+01,7.994713E+01,2.388797E+01,5.528342E+01
13:56:00,8.012327E+03,2.248826E+03,5.578820E-01,1.986068E-01,0.000000E+00,0.000000E+00,0.000000E+00,0.000000E+00,0.000000E+00,0.000000E+00,0.000000E+00,0.000000E+00,2.110805E+01,7.994713E+01,2.388797E+01,5.527570E+01
13:57:00,8.012327E+03,2.250675E+03,5.578820E-01,1.987702E-01,0.000000E+00,0.000000E+00,0.000000E+00,0.000000E+00,0.000000E+00,0.000000E+00,0.000000E+00,0.000000E+00,2.110805E+01,7.994713E+01,2.388797E+01,5.526803E+01
13:58:00,8.012327E+03,2.252507E+03,5.578820E-01,1.989319E-01,0.000000E+00,0.000000E+00,0.000000E+00,0.000000E+00,0.000000E+00,0.000000E+00,0.000000E+00,0.000000E+00,2.110805E+01,7.994713E+01,2.388797E+01,5.526043E+01
13:59:00,8.012327E+03,2.254320E+03,5.578820E-01,1.990921E-01,0.000000E+00,0.000000E+00,0.000000E+00,0.000000E+00,0.000000E+00,0.000000E+00,0.000000E+00,0.000000E+00,2.110805E+01,7.994713E+01,2.388797E+01,5.525288E+01
14:00:00,8.012327E+03,2.256115E+03,5.578820E-01,1.992506E-01,0.000000E+00,0.000000E+00,0.000000E+00,0.000000E+00,0.000000E+00,0.000000E+00,0.000000E+00,0.000000E+00,2.110805E+01,7.994713E+01,2.388797E+01,5.524540E+01
14:01:00,8.012327E+03,2.257886E+03,5.578820E-01,1.994070E-01,0.000000E+00,0.000000E+00,0.000000E+00,0.000000E+00,0.000000E+00,0.000000E+00,0.000000E+00,0.000000E+00,2.110805E+01,7.994713E+01,2.388797E+01,5.523797E+01
14:02:00,8.012327E+03,2.259634E+03,5.578820E-01,1.995614E-01,0.000000E+00,0.000000E+00,0.000000E+00,0.000000E+00,0.000000E+00,0.000000E+00,0.000000E+00,0.000000E+00,2.110805E+01,7.994713E+01,2.388797E+01,5.523068E+01
14:03:00,8.012327E+03,2.261357E+03,5.578820E-01,1.997136E-01,0.000000E+00,0.000000E+00,0.000000E+00,0.000000E+00,0.000000E+00,0.000000E+00,0.000000E+00,0.000000E+00,2.110805E+01,7.994713E+01,2.388797E+01,5.522360E+01
14:04:00,8.012327E+03,2.263057E+03,5.578820E-01,1.998637E-01,0.000000E+00,0.000000E+00,0.000000E+00,0.000000E+00,0.000000E+00,0.000000E+00,0.000000E+00,0.000000E+00,2.110805E+01,7.994713E+01,2.388797E+01,5.521673E+01
14:05:00,8.012327E+03,2.264733E+03,5.578820E-01,2.000117E-01,0.000000E+00,0.000000E+00,0.000000E+00,0.000000E+00,0.000000E+00,0.000000E+00,0.000000E+00,0.000000E+00,2.110805E+01,7.994713E+01,2.388797E+01,5.521007E+01
14:06:00,8.012327E+03,2.266386E+03,5.578820E-01,2.001577E-01,0.000000E+00,0.000000E+00,0.000000E+00,0.000000E+00,0.000000E+00,0.000000E+00,0.000000E+00,0.000000E+00,2.110805E+01,7.994713E+01,2.388797E+01,5.520360E+01
14:07:00,8.012327E+03,2.268014E+03,5.578820E-01,2.003015E-01,0.000000E+00,0.000000E+00,0.000000E+00,0.000000E+00,0.000000E+00,0.000000E+00,0.000000E+00,0.000000E+00,2.110805E+01,7.994713E+01,2.388797E+01,5.519732E+01
14:08:00,8.012327E+03,2.269620E+03,5.578820E-01,2.004433E-01,0.000000E+00,0.000000E+00,0.000000E+00,0.000000E+00,0.000000E+00,0.000000E+00,0.000000E+00,0.000000E+00,2.110805E+01,7.994713E+01,2.388797E+01,5.519122E+01
14:09:00,8.012327E+03,2.271201E+03,5.578820E-01,2.005830E-01,0.000000E+00,0.000000E+00,0.000000E+00,0.000000E+00,0.000000E+00,0.000000E+00,0.000000E+00,0.000000E+00,2.110805E+01,7.994713E+01,2.388797E+01,5.518529E+01
14:10:00,8.012327E+03,2.272759E+03,5.578820E-01,2.007205E-01,0.000000E+00,0.000000E+00,0.000000E+00,0.000000E+00,0.000000E+00,0.000000E+00,0.000000E+00,0.000000E+00,2.110805E+01,7.994713E+01,2.388797E+01,5.517952E+01
14:11:00,8.012327E+03,2.274293E+03,5.578820E-01,2.008560E-01,0.000000E+00,0.000000E+00,0.000000E+00,0.000000E+00,0.000000E+00,0.000000E+00,0.000000E+00,0.000000E+00,2.110805E+01,7.994713E+01,2.388797E+01,5.517392E+01
14:12:00,8.012327E+03,2.275804E+03,5.578820E-01,2.009894E-01,0.000000E+00,0.000000E+00,0.000000E+00,0.000000E+00,0.000000E+00,0.000000E+00,0.000000E+00,0.000000E+00,2.110805E+01,7.994713E+01,2.388797E+01,5.516847E+01
14:13:00,8.012327E+03,2.277291E+03,5.578820E-01,2.011208E-01,0.000000E+00,0.000000E+00,0.000000E+00,0.000000E+00,0.000000E+00,0.000000E+00,0.000000E+00,0.000000E+00,2.110805E+01,7.994713E+01,2.388797E+01,5.516317E+01
14:14:00,8.012327E+03,2.278754E+03,5.578820E-01,2.012500E-01,0.000000E+00,0.000000E+00,0.000000E+00,0.000000E+00,0.000000E+00,0.000000E+00,0.000000E+00,0.000000E+00,2.110805E+01,7.994713E+01,2.388797E+01,5.515801E+01
14:15:00,8.012327E+03,2.280194E+03,5.578820E-01,2.013772E-01,0.000000E+00,0.000000E+00,0.000000E+00,0.000000E+00,0.000000E+00,0.000000E+00,0.000000E+00,0.000000E+00,2.110805E+01,7.994713E+01,2.388797E+01,5.515299E+01
14:16:00,8.012327E+03,2.281611E+03,5.578820E-01,2.015023E-01,0.000000E+00,0.000000E+00,0.000000E+00,0.000000E+00,0.000000E+00,0.000000E+00,0.000000E+00,0.000000E+00,2.110805E+01,7.994713E+01,2.388798E+01,5.514810E+01
14:17:00,8.012327E+03,2.283004E+03,5.578820E-01,2.016253E-01,0.000000E+00,0.000000E+00,0.000000E+00,0.000000E+00,0.000000E+00,0.000000E+00,0.000000E+00,0.000000E+00,2.110805E+01,7.994713E+01,2.388798E+01,5.514335E+01
14:18:00,8.012327E+03,2.284373E+03,5.578820E-01,2.017463E-01,0.000000E+00,0.000000E+00,0.000000E+00,0.000000E+00,0.000000E+00,0.000000E+00,0.000000E+00,0.000000E+00,2.110805E+01,7.994713E+01,2.388798E+01,5.513871E+01
14:19:00,8.012327E+03,2.285720E+03,5.578820E-01,2.018652E-01,0.000000E+00,0.000000E+00,0.000000E+00,0.000000E+00,0.000000E+00,0.000000E+00,0.000000E+00,0.000000E+00,2.110805E+01,7.994713E+01,2.388798E+01,5.513420E+01
14:20:00,8.012327E+03,2.287043E+03,5.578820E-01,2.019821E-01,0.000000E+00,0.000000E+00,0.000000E+00,0.000000E+00,0.000000E+00,0.000000E+00,0.000000E+00,0.000000E+00,2.110805E+01,7.994713E+01,2.388798E+01,5.512980E+01
14:21:00,8.012327E+03,2.288343E+03,5.578820E-01,2.020968E-01,0.000000E+00,0.000000E+00,0.000000E+00,0.000000E+00,0.000000E+00,0.000000E+00,0.000000E+00,0.000000E+00,2.110805E+01,7.994713E+01,2.388798E+01,5.512551E+01
14:22:00,8.012327E+03,2.289619E+03,5.578820E-01,2.022096E-01,0.000000E+00,0.000000E+00,0.000000E+00,0.000000E+00,0.000000E+00,0.000000E+00,0.000000E+00,0.000000E+00,2.110805E+01,7.994713E+01,2.388798E+01,5.512134E+01
14:23:00,8.012327E+03,2.290873E+03,5.578820E-01,2.023203E-01,0.000000E+00,0.000000E+00,0.000000E+00,0.000000E+00,0.000000E+00,0.000000E+00,0.000000E+00,0.000000E+00,2.110805E+01,7.994713E+01,2.388798E+01,5.511726E+01
14:24:00,8.012327E+03,2.292103E+03,5.578820E-01,2.024290E-01,0.000000E+00,0.000000E+00,0.000000E+00,0.000000E+00,0.000000E+00,0.000000E+00,0.000000E+00,0.000000E+00,2.110805E+01,7.994713E+01,2.388798E+01,5.511329E+01
14:25:00,8.012327E+03,2.293310E+03,5.578820E-01,2.025356E-01,0.000000E+00,0.000000E+00,0.000000E+00,0.000000E+00,0.000000E+00,0.000000E+00,0.000000E+00,0.000000E+00,2.110805E+01,7.994713E+01,2.388798E+01,5.510941E+01
14:26:00,8.012327E+03,2.294495E+03,5.578820E-01,2.026402E-01,0.000000E+00,0.000000E+00,0.000000E+00,0.000000E+00,0.000000E+00,0.000000E+00,0.000000E+00,0.000000E+00,2.110805E+01,7.994713E+01,2.388798E+01,5.510563E+01
14:27:00,8.012327E+03,2.295656E+03,5.578820E-01,2.027427E-01,0.000000E+00,0.000000E+00,0.000000E+00,0.000000E+00,0.000000E+00,0.000000E+00,0.000000E+00,0.000000E+00,2.110805E+01,7.994713E+01,2.388798E+01,5.510194E+01
14:28:00,8.012327E+03,2.296794E+03,5.578820E-01,2.028432E-01,0.000000E+00,0.000000E+00,0.000000E+00,0.000000E+00,0.000000E+00,0.000000E+00,0.000000E+00,0.000000E+00,2.110805E+01,7.994713E+01,2.388798E+01,5.509834E+01
14:29:00,8.012327E+03,2.297909E+03,5.578820E-01,2.029417E-01,0.000000E+00,0.000000E+00,0.000000E+00,0.000000E+00,0.000000E+00,0.000000E+00,0.000000E+00,0.000000E+00,2.110805E+01,7.994713E+01,2.388798E+01,5.509482E+01
14:30:00,8.012327E+03,2.299002E+03,5.578820E-01,2.030382E-01,0.000000E+00,0.000000E+00,0.000000E+00,0.000000E+00,0.000000E+00,0.000000E+00,0.000000E+00,0.000000E+00,2.110805E+01,7.994713E+01,2.388798E+01,5.509139E+01
14:31:00,8.012327E+03,2.300071E+03,5.578820E-01,2.031327E-01,0.000000E+00,0.000000E+00,0.000000E+00,0.000000E+00,0.000000E+00,0.000000E+00,0.000000E+00,0.000000E+00,2.110805E+01,7.994713E+01,2.388798E+01,5.508804E+01
14:32:00,8.012327E+03,2.301118E+03,5.578820E-01,2.032251E-01,0.000000E+00,0.000000E+00,0.000000E+00,0.000000E+00,0.000000E+00,0.000000E+00,0.000000E+00,0.000000E+00,2.110805E+01,7.994713E+01,2.388798E+01,5.508477E+01
14:33:00,8.012327E+03,2.302143E+03,5.578820E-01,2.033156E-01,0.000000E+00,0.000000E+00,0.000000E+00,0.000000E+00,0.000000E+00,0.000000E+00,0.000000E+00,0.000000E+00,2.110805E+01,7.994713E+01,2.388798E+01,5.508157E+01
14:34:00,8.012327E+03,2.303144E+03,5.578820E-01,2.034040E-01,0.000000E+00,0.000000E+00,0.000000E+00,0.000000E+00,0.000000E+00,0.000000E+00,0.000000E+00,0.000000E+00,2.110805E+01,7.994713E+01,2.388798E+01,5.507845E+01
14:35:00,8.012327E+03,2.304123E+03,5.578820E-01,2.034905E-01,0.000000E+00,0.000000E+00,0.000000E+00,0.000000E+00,0.000000E+00,0.000000E+00,0.000000E+00,0.000000E+00,2.110805E+01,7.994713E+01,2.388798E+01,5.507540E+01
14:36:00,8.012327E+03,2.305079E+03,5.578820E-01,2.035749E-01,0.000000E+00,0.000000E+00,0.000000E+00,0.000000E+00,0.000000E+00,0.000000E+00,0.000000E+00,0.000000E+00,2.110805E+01,7.994713E+01,2.388798E+01,5.507242E+01
14:37:00,8.012327E+03,2.306013E+03,5.578820E-01,2.036574E-01,0.000000E+00,0.000000E+00,0.000000E+00,0.000000E+00,0.000000E+00,0.000000E+00,0.000000E+00,0.000000E+00,2.110805E+01,7.994713E+01,2.388798E+01,5.506951E+01
14:38:00,8.012327E+03,2.306930E+03,5.578820E-01,2.037384E-01,0.000000E+00,0.000000E+00,0.000000E+00,0.000000E+00,0.000000E+00,0.000000E+00,0.000000E+00,0.000000E+00,2.110805E+01,7.994713E+01,2.388798E+01,5.506666E+01
14:39:00,8.012327E+03,2.307834E+03,5.578821E-01,2.038182E-01,0.000000E+00,0.000000E+00,0.000000E+00,0.000000E+00,0.000000E+00,0.000000E+00,0.000000E+00,0.000000E+00,2.110805E+01,7.994713E+01,2.388798E+01,5.506384E+01
14:40:00,8.012327E+03,2.308722E+03,5.578821E-01,2.038967E-01,0.000000E+00,0.000000E+00,0.000000E+00,0.000000E+00,0.000000E+00,0.000000E+00,0.000000E+00,0.000000E+00,2.110805E+01,7.994713E+01,2.388798E+01,5.506101E+01
14:41:00,8.012327E+03,2.309597E+03,5.578821E-01,2.039739E-01,0.000000E+00,0.000000E+00,0.000000E+00,0.000000E+00,0.000000E+00,0.000000E+00,0.000000E+00,0.000000E+00,2.110805E+01,7.994713E+01,2.388798E+01,5.505815E+01
14:42:00,8.012327E+03,2.310457E+03,5.578821E-01,2.040499E-01,0.000000E+00,0.000000E+00,0.000000E+00,0.000000E+00,0.000000E+00,0.000000E+00,0.000000E+00,0.000000E+00,2.110805E+01,7.994713E+01,2.388798E+01,5.505527E+01
14:43:00,8.012327E+03,2.311303E+03,5.578821E-01,2.041246E-01,0.000000E+00,0.000000E+00,0.000000E+00,0.000000E+00,0.000000E+00,0.000000E+00,0.000000E+00,0.000000E+00,2.110805E+01,7.994713E+01,2.388798E+01,5.505237E+01
14:44:00,8.012327E+03,2.312135E+03,5.578821E-01,2.041980E-01,0.000000E+00,0.000000E+00,0.000000E+00,0.000000E+00,0.000000E+00,0.000000E+00,0.000000E+00,0.000000E+00,2.110805E+01,7.994713E+01,2.388798E+01,5.504946E+01
14:45:00,8.012327E+03,2.312952E+03,5.578821E-01,2.042702E-01,0.000000E+00,0.000000E+00,0.000000E+00,0.000000E+00,0.000000E+00,0.000000E+00,0.000000E+00,0.000000E+00,2.110805E+01,7.994713E+01,2.388798E+01,5.504653E+01
14:46:00,8.012327E+03,2.313755E+03,5.578821E-01,2.043412E-01,0.000000E+00,0.000000E+00,0.000000E+00,0.000000E+00,0.000000E+00,0.000000E+00,0.000000E+00,0.000000E+00,2.110805E+01,7.994713E+01,2.388798E+01,5.504359E+01
14:47:00,8.012327E+03,2.314545E+03,5.578821E-01,2.044109E-01,0.000000E+00,0.000000E+00,0.000000E+00,0.000000E+00,0.000000E+00,0.000000E+00,0.000000E+00,0.000000E+00,2.110805E+01,7.994713E+01,2.388798E+01,5.504064E+01
14:48:00,8.012327E+03,2.315320E+03,5.578821E-01,2.044794E-01,0.000000E+00,0.000000E+00,0.000000E+00,0.000000E+00,0.000000E+00,0.000000E+00,0.000000E+00,0.000000E+00,2.110805E+01,7.994713E+01,2.388798E+01,5.503768E+01
14:49:00,8.012327E+03,2.316082E+03,5.578821E-01,2.045466E-01,0.000000E+00,0.000000E+00,0.000000E+00,0.000000E+00,0.000000E+00,0.000000E+00,0.000000E+00,0.000000E+00,2.110805E+01,7.994713E+01,2.388798E+01,5.503471E+01
14:50:00,8.012327E+03,2.316829E+03,5.578821E-01,2.046127E-01,0.000000E+00,0.000000E+00,0.000000E+00,0.000000E+00,0.000000E+00,0.000000E+00,0.000000E+00,0.000000E+00,2.110805E+01,7.994713E+01,2.388797E+01,5.503174E+01
14:51:00,8.012327E+03,2.317563E+03,5.578821E-01,2.046775E-01,0.000000E+00,0.000000E+00,0.000000E+00,0.000000E+00,0.000000E+00,0.000000E+00,0.000000E+00,0.000000E+00,2.110805E+01,7.994713E+01,2.388797E+01,5.502877E+01
14:52:00,8.012327E+03,2.318283E+03,5.578821E-01,2.047411E-01,0.000000E+00,0.000000E+00,0.000000E+00,0.000000E+00,0.000000E+00,0.000000E+00,0.000000E+00,0.000000E+00,2.110805E+01,7.994713E+01,2.388797E+01,5.502579E+01
14:53:00,8.012327E+03,2.318990E+03,5.578821E-01,2.048035E-01,0.000000E+00,0.000000E+00,0.000000E+00,0.000000E+00,0.000000E+00,0.000000E+00,0.000000E+00,0.000000E+00,2.110805E+01,7.994713E+01,2.388797E+01,5.502282E+01
14:54:00,8.012327E+03,2.319682E+03,5.578821E-01,2.048646E-01,0.000000E+00,0.000000E+00,0.000000E+00,0.000000E+00,0.000000E+00,0.000000E+00,0.000000E+00,0.000000E+00,2.110805E+01,7.994713E+01,2.388797E+01,5.501984E+01
14:55:00,8.012327E+03,2.320361E+03,5.578821E-01,2.049246E-01,0.000000E+00,0.000000E+00,0.000000E+00,0.000000E+00,0.000000E+00,0.000000E+00,0.000000E+00,0.000000E+00,2.110805E+01,7.994713E+01,2.388797E+01,5.501687E+01
14:56:00,8.012327E+03,2.321026E+03,5.578821E-01,2.049833E-01,0.000000E+00,0.000000E+00,0.000000E+00,0.000000E+00,0.000000E+00,0.000000E+00,0.000000E+00,0.000000E+00,2.110805E+01,7.994713E+01,2.388797E+01,5.501390E+01
14:57:00,8.012327E+03,2.321677E+03,5.578821E-01,2.050408E-01,0.000000E+00,0.000000E+00,0.000000E+00,0.000000E+00,0.000000E+00,0.000000E+00,0.000000E+00,0.000000E+00,2.110805E+01,7.994713E+01,2.388797E+01,5.501094E+01
14:58:00,8.012327E+03,2.322315E+03,5.578821E-01,2.050971E-01,0.000000E+00,0.000000E+00,0.000000E+00,0.000000E+00,0.000000E+00,0.000000E+00,0.000000E+00,0.000000E+00,2.110805E+01,7.994713E+01,2.388797E+01,5.500799E+01
14:59:00,8.012327E+03,2.322938E+03,5.578821E-01,2.051522E-01,0.000000E+00,0.000000E+00,0.000000E+00,0.000000E+00,0.000000E+00,0.000000E+00,0.000000E+00,0.000000E+00,2.110805E+01,7.994713E+01,2.388797E+01,5.500505E+01
15:00:00,8.012327E+03,2.323549E+03,5.578821E-01,2.052061E-01,0.000000E+00,0.000000E+00,0.000000E+00,0.000000E+00,0.000000E+00,0.000000E+00,0.000000E+00,0.000000E+00,2.110805E+01,7.994713E+01,2.388797E+01,5.500212E+01
15:01:00,8.012327E+03,2.324142E+03,5.578821E-01,2.052585E-01,0.000000E+00,0.000000E+00,0.000000E+00,0.000000E+00,0.000000E+00,0.000000E+00,0.000000E+00,0.000000E+00,2.110805E+01,7.994713E+01,2.388797E+01,5.499919E+01
15:02:00,8.012327E+03,2.324672E+03,5.578821E-01,2.053053E-01,0.000000E+00,0.000000E+00,0.000000E+00,0.000000E+00,0.000000E+00,0.000000E+00,0.000000E+00,0.000000E+00,2.110805E+01,7.994713E+01,2.388797E+01,5.499639E+01
15:03:00,8.012327E+03,2.325184E+03,5.578821E-01,2.053505E-01,0.000000E+00,0.000000E+00,0.000000E+00,0.000000E+00,0.000000E+00,0.000000E+00,0.000000E+00,0.000000E+00,2.110805E+01,7.994713E+01,2.388798E+01,5.499406E+01
15:04:00,8.012327E+03,2.325677E+03,5.578821E-01,2.053940E-01,0.000000E+00,0.000000E+00,0.000000E+00,0.000000E+00,0.000000E+00,0.000000E+00,0.000000E+00,0.000000E+00,2.110805E+01,7.994713E+01,2.388798E+01,5.499211E+01
15:05:00,8.012327E+03,2.326152E+03,5.578821E-01,2.054360E-01,0.000000E+00,0.000000E+00,0.000000E+00,0.000000E+00,0.000000E+00,0.000000E+00,0.000000E+00,0.000000E+00,2.110805E+01,7.994713E+01,2.388798E+01,5.499042E+01
15:06:00,8.012327E+03,2.326609E+03,5.578821E-01,2.054763E-01,0.000000E+00,0.000000E+00,0.000000E+00,0.000000E+00,0.000000E+00,0.000000E+00,0.000000E+00,0.000000E+00,2.110805E+01,7.994713E+01,2.388798E+01,5.498893E+01
15:07:00,8.012327E+03,2.327048E+03,5.578821E-01,2.055151E-01,0.000000E+00,0.000000E+00,0.000000E+00,0.000000E+00,0.000000E+00,0.000000E+00,0.000000E+00,0.000000E+00,2.110805E+01,7.994713E+01,2.388798E+01,5.498759E+01
15:08:00,8.012327E+03,2.327469E+03,5.578821E-01,2.055523E-01,0.000000E+00,0.000000E+00,0.000000E+00,0.000000E+00,0.000000E+00,0.000000E+00,0.000000E+00,0.000000E+00,2.110805E+01,7.994713E+01,2.388798E+01,5.498640E+01
15:09:00,8.012327E+03,2.327872E+03,5.578821E-01,2.055879E-01,0.000000E+00,0.000000E+00,0.000000E+00,0.000000E+00,0.000000E+00,0.000000E+00,0.000000E+00,0.000000E+00,2.110805E+01,7.994713E+01,2.388798E+01,5.498537E+01
15:10:00,8.012327E+03,2.328259E+03,5.578821E-01,2.056220E-01,0.000000E+00,0.000000E+00,0.000000E+00,0.000000E+00,0.000000E+00,0.000000E+00,0.000000E+00,0.000000E+00,2.110805E+01,7.994713E+01,2.388798E+01,5.498449E+01
15:11:00,8.012327E+03,2.328627E+03,5.578821E-01,2.056546E-01,0.000000E+00,0.000000E+00,0.000000E+00,0.000000E+00,0.000000E+00,0.000000E+00,0.000000E+00,0.000000E+00,2.110805E+01,7.994713E+01,2.388798E+01,5.498373E+01
15:12:00,8.012327E+03,2.328978E+03,5.578821E-01,2.056856E-01,0.000000E+00,0.000000E+00,0.000000E+00,0.000000E+00,0.000000E+00,0.000000E+00,0.000000E+00,0.000000E+00,2.110805E+01,7.994713E+01,2.388798E+01,5.498312E+01
15:13:00,8.012327E+03,2.329311E+03,5.578821E-01,2.057150E-01,0.000000E+00,0.000000E+00,0.000000E+00,0.000000E+00,0.000000E+00,0.000000E+00,0.000000E+00,0.000000E+00,2.110805E+01,7.994713E+01,2.388798E+01,5.498264E+01
15:14:00,8.012327E+03,2.329627E+03,5.578821E-01,2.057429E-01,0.000000E+00,0.000000E+00,0.000000E+00,0.000000E+00,0.000000E+00,0.000000E+00,0.000000E+00,0.000000E+00,2.110805E+01,7.994713E+01,2.388798E+01,5.498228E+01
15:15:00,8.012327E+03,2.329925E+03,5.578821E-01,2.057692E-01,0.000000E+00,0.000000E+00,0.000000E+00,0.000000E+00,0.000000E+00,0.000000E+00,0.000000E+00,0.000000E+00,2.110805E+01,7.994713E+01,2.388798E+01,5.498204E+01
15:16:00,8.012327E+03,2.330206E+03,5.578821E-01,2.057940E-01,0.000000E+00,0.000000E+00,0.000000E+00,0.000000E+00,0.000000E+00,0.000000E+00,0.000000E+00,0.000000E+00,2.110805E+01,7.994713E+01,2.388798E+01,5.498191E+01
15:17:00,8.012327E+03,2.330468E+03,5.578821E-01,2.058172E-01,0.000000E+00,0.000000E+00,0.000000E+00,0.000000E+00,0.000000E+00,0.000000E+00,0.000000E+00,0.000000E+00,2.110805E+01,7.994713E+01,2.388798E+01,5.498191E+01
15:18:00,8.012327E+03,2.330714E+03,5.578821E-01,2.058389E-01,0.000000E+00,0.000000E+00,0.000000E+00,0.000000E+00,0.000000E+00,0.000000E+00,0.000000E+00,0.000000E+00,2.110805E+01,7.994713E+01,2.388798E+01,5.498201E+01
15:19:00,8.012327E+03,2.330941E+03,5.578821E-01,2.058589E-01,0.000000E+00,0.000000E+00,0.000000E+00,0.000000E+00,0.000000E+00,0.000000E+00,0.000000E+00,0.000000E+00,2.110805E+01,7.994713E+01,2.388798E+01,5.498221E+01
15:20:00,8.012327E+03,2.331151E+03,5.578821E-01,2.058775E-01,0.000000E+00,0.000000E+00,0.000000E+00,0.000000E+00,0.000000E+00,0.000000E+00,0.000000E+00,0.000000E+00,2.110805E+01,7.994713E+01,2.388798E+01,5.498251E+01
15:21:00,8.012327E+03,2.331344E+03,5.578821E-01,2.058945E-01,0.000000E+00,0.000000E+00,0.000000E+00,0.000000E+00,0.000000E+00,0.000000E+00,0.000000E+00,0.000000E+00,2.110805E+01,7.994713E+01,2.388798E+01,5.498292E+01
15:22:00,8.012327E+03,2.331518E+03,5.578821E-01,2.059099E-01,0.000000E+00,0.000000E+00,0.000000E+00,0.000000E+00,0.000000E+00,0.000000E+00,0.000000E+00,0.000000E+00,2.110805E+01,7.994713E+01,2.388798E+01,5.498342E+01
15:23:00,8.012327E+03,2.331675E+03,5.578821E-01,2.059237E-01,0.000000E+00,0.000000E+00,0.000000E+00,0.000000E+00,0.000000E+00,0.000000E+00,0.000000E+00,0.000000E+00,2.110805E+01,7.994713E+01,2.388798E+01,5.498402E+01
15:24:00,8.012327E+03,2.331813E+03,5.578821E-01,2.059360E-01,0.000000E+00,0.000000E+00,0.000000E+00,0.000000E+00,0.000000E+00,0.000000E+00,0.000000E+00,0.000000E+00,2.110805E+01,7.994713E+01,2.388798E+01,5.498470E+01
15:25:00,8.012327E+03,2.331934E+03,5.578821E-01,2.059466E-01,0.000000E+00,0.000000E+00,0.000000E+00,0.000000E+00,0.000000E+00,0.000000E+00,0.000000E+00,0.000000E+00,2.110805E+01,7.994713E+01,2.388798E+01,5.498547E+01
15:26:00,8.012327E+03,2.332037E+03,5.578821E-01,2.059557E-01,0.000000E+00,0.000000E+00,0.000000E+00,0.000000E+00,0.000000E+00,0.000000E+00,0.000000E+00,0.000000E+00,2.110805E+01,7.994713E+01,2.388798E+01,5.498634E+01
15:27:00,8.012327E+03,2.332122E+03,5.578821E-01,2.059632E-01,0.000000E+00,0.000000E+00,0.000000E+00,0.000000E+00,0.000000E+00,0.000000E+00,0.000000E+00,0.000000E+00,2.110805E+01,7.994713E+01,2.388798E+01,5.498728E+01
15:28:00,8.012327E+03,2.332189E+03,5.578821E-01,2.059691E-01,0.000000E+00,0.000000E+00,0.000000E+00,0.000000E+00,0.000000E+00,0.000000E+00,0.000000E+00,0.000000E+00,2.110805E+01,7.994713E+01,2.388798E+01,5.498831E+01
15:29:00,8.012327E+03,2.332238E+03,5.578821E-01,2.059735E-01,0.000000E+00,0.000000E+00,0.000000E+00,0.000000E+00,0.000000E+00,0.000000E+00,0.000000E+00,0.000000E+00,2.110805E+01,7.994713E+01,2.388798E+01,5.498941E+01
15:30:00,8.012327E+03,2.332269E+03,5.578821E-01,2.059762E-01,0.000000E+00,0.000000E+00,0.000000E+00,0.000000E+00,0.000000E+00,0.000000E+00,0.000000E+00,0.000000E+00,2.110805E+01,7.994713E+01,2.388798E+01,5.499059E+01
15:31:00,8.012327E+03,2.332282E+03,5.578821E-01,2.059773E-01,0.000000E+00,0.000000E+00,0.000000E+00,0.000000E+00,0.000000E+00,0.000000E+00,0.000000E+00,0.000000E+00,2.110805E+01,7.994713E+01,2.388798E+01,5.499185E+01
15:32:00,8.012327E+03,2.332276E+03,5.578821E-01,2.059768E-01,0.000000E+00,0.000000E+00,0.000000E+00,0.000000E+00,0.000000E+00,0.000000E+00,0.000000E+00,0.000000E+00,2.110805E+01,7.994713E+01,2.388798E+01,5.499319E+01
15:33:00,8.012327E+03,2.332252E+03,5.578821E-01,2.059747E-01,0.000000E+00,0.000000E+00,0.000000E+00,0.000000E+00,0.000000E+00,0.000000E+00,0.000000E+00,0.000000E+00,2.110805E+01,7.994713E+01,2.388798E+01,5.499460E+01
15:34:00,8.012327E+03,2.332210E+03,5.578821E-01,2.059710E-01,0.000000E+00,0.000000E+00,0.000000E+00,0.000000E+00,0.000000E+00,0.000000E+00,0.000000E+00,0.000000E+00,2.110805E+01,7.994713E+01,2.388798E+01,5.499608E+01
15:35:00,8.012327E+03,2.332149E+03,5.578821E-01,2.059656E-01,0.000000E+00,0.000000E+00,0.000000E+00,0.000000E+00,0.000000E+00,0.000000E+00,0.000000E+00,0.000000E+00,2.110805E+01,7.994713E+01,2.388798E+01,5.499762E+01
15:36:00,8.012327E+03,2.332070E+03,5.578821E-01,2.059586E-01,0.000000E+00,0.000000E+00,0.000000E+00,0.000000E+00,0.000000E+00,0.000000E+00,0.000000E+00,0.000000E+00,2.110805E+01,7.994713E+01,2.388798E+01,5.499924E+01
15:37:00,8.012327E+03,2.331973E+03,5.578821E-01,2.059500E-01,0.000000E+00,0.000000E+00,0.000000E+00,0.000000E+00,0.000000E+00,0.000000E+00,0.000000E+00,0.000000E+00,2.110805E+01,7.994713E+01,2.388798E+01,5.500093E+01
15:38:00,8.012327E+03,2.331850E+03,5.578821E-01,2.059392E-01,0.000000E+00,0.000000E+00,0.000000E+00,0.000000E+00,0.000000E+00,0.000000E+00,0.000000E+00,0.000000E+00,2.110805E+01,7.994713E+01,2.388798E+01,5.500269E+01
15:39:00,8.012327E+03,2.331701E+03,5.578821E-01,2.059260E-01,0.000000E+00,0.000000E+00,0.000000E+00,0.000000E+00,0.000000E+00,0.000000E+00,0.000000E+00,0.000000E+00,2.110805E+01,7.994713E+01,2.388798E+01,5.500451E+01
15:40:00,8.012327E+03,2.331525E+03,5.578821E-01,2.059105E-01,0.000000E+00,0.000000E+00,0.000000E+00,0.000000E+00,0.000000E+00,0.000000E+00,0.000000E+00,0.000000E+00,2.110805E+01,7.994713E+01,2.388798E+01,5.500639E+01
15:41:00,8.012327E+03,2.331323E+03,5.578821E-01,2.058926E-01,0.000000E+00,0.000000E+00,0.000000E+00,0.000000E+00,0.000000E+00,0.000000E+00,0.000000E+00,0.000000E+00,2.110805E+01,7.994713E+01,2.388798E+01,5.500834E+01
15:42:00,8.012327E+03,2.331094E+03,5.578821E-01,2.058724E-01,0.000000E+00,0.000000E+00,0.000000E+00,0.000000E+00,0.000000E+00,0.000000E+00,0.000000E+00,0.000000E+00,2.110805E+01,7.994713E+01,2.388798E+01,5.501034E+01
15:43:00,8.012327E+03,2.330838E+03,5.578821E-01,2.058498E-01,0.000000E+00,0.000000E+00,0.000000E+00,0.000000E+00,0.000000E+00,0.000000E+00,0.000000E+00,0.000000E+00,2.110805E+01,7.994713E+01,2.388798E+01,5.501241E+01
15:44:00,8.012327E+03,2.330556E+03,5.578821E-01,2.058249E-01,0.000000E+00,0.000000E+00,0.000000E+00,0.000000E+00,0.000000E+00,0.000000E+00,0.000000E+00,0.000000E+00,2.110805E+01,7.994713E+01,2.388798E+01,5.501454E+01
15:45:00,8.012327E+03,2.330247E+03,5.578821E-01,2.057976E-01,0.000000E+00,0.000000E+00,0.000000E+00,0.000000E+00,0.000000E+00,0.000000E+00,0.000000E+00,0.000000E+00,2.110805E+01,7.994713E+01,2.388798E+01,5.501672E+01
15:46:00,8.012327E+03,2.329911E+03,5.578821E-01,2.057679E-01,0.000000E+00,0.000000E+00,0.000000E+00,0.000000E+00,0.000000E+00,0.000000E+00,0.000000E+00,0.000000E+00,2.110805E+01,7.994713E+01,2.388798E+01,5.501897E+01
15:47:00,8.012327E+03,2.329548E+03,5.578821E-01,2.057359E-01,0.000000E+00,0.000000E+00,0.000000E+00,0.000000E+00,0.000000E+00,0.000000E+00,0.000000E+00,0.000000E+00,2.110805E+01,7.994713E+01,2.388798E+01,5.502126E+01
15:48:00,8.012327E+03,2.329159E+03,5.578821E-01,2.057015E-01,0.000000E+00,0.000000E+00,0.000000E+00,0.000000E+00,0.000000E+00,0.000000E+00,0.000000E+00,0.000000E+00,2.110805E+01,7.994713E+01,2.388798E+01,5.502362E+01
15:49:00,8.012327E+03,2.328742E+03,5.578821E-01,2.056647E-01,0.000000E+00,0.000000E+00,0.000000E+00,0.000000E+00,0.000000E+00,0.000000E+00,0.000000E+00,0.000000E+00,2.110805E+01,7.994713E+01,2.388798E+01,5.502602E+01
15:50:00,8.012327E+03,2.328299E+03,5.578821E-01,2.056255E-01,0.000000E+00,0.000000E+00,0.000000E+00,0.000000E+00,0.000000E+00,0.000000E+00,0.000000E+00,0.000000E+00,2.110805E+01,7.994713E+01,2.388798E+01,5.502848E+01
15:51:00,8.012327E+03,2.327829E+03,5.578821E-01,2.055840E-01,0.000000E+00,0.000000E+00,0.000000E+00,0.000000E+00,0.000000E+00,0.000000E+00,0.000000E+00,0.000000E+00,2.110805E+01,7.994713E+01,2.388799E+01,5.503100E+01
15:52:00,8.012327E+03,2.327331E+03,5.578821E-01,2.055401E-01,0.000000E+00,0.000000E+00,0.000000E+00,0.000000E+00,0.000000E+00,0.000000E+00,0.000000E+00,0.000000E+00,2.110805E+01,7.994713E+01,2.388799E+01,5.503356E+01
15:53:00,8.012327E+03,2.326807E+03,5.578821E-01,2.054938E-01,0.000000E+00,0.000000E+00,0.000000E+00,0.000000E+00,0.000000E+00,0.000000E+00,0.000000E+00,0.000000E+00,2.110805E+01,7.994713E+01,2.388799E+01,5.503618E+01
15:54:00,8.012327E+03,2.326256E+03,5.578821E-01,2.054451E-01,0.000000E+00,0.000000E+00,0.000000E+00,0.000000E+00,0.000000E+00,0.000000E+00,0.000000E+00,0.000000E+00,2.110805E+01,7.994713E+01,2.388799E+01,5.503885E+01
15:55:00,8.012327E+03,2.325678E+03,5.578821E-01,2.053940E-01,0.000000E+00,0.000000E+00,0.000000E+00,0.000000E+00,0.000000E+00,0.000000E+00,0.000000E+00,0.000000E+00,2.110805E+01,7.994713E+01,2.388799E+01,5.504157E+01
15:56:00,8.012327E+03,2.325073E+03,5.578821E-01,2.053406E-01,0.000000E+00,0.000000E+00,0.000000E+00,0.000000E+00,0.000000E+00,0.000000E+00,0.000000E+00,0.000000E+00,2.110805E+01,7.994713E+01,2.388799E+01,5.504433E+01
15:57:00,8.012327E+03,2.324441E+03,5.578821E-01,2.052848E-01,0.000000E+00,0.000000E+00,0.000000E+00,0.000000E+00,0.000000E+00,0.000000E+00,0.000000E+00,0.000000E+00,2.110805E+01,7.994713E+01,2.388799E+01,5.504715E+01
15:58:00,8.012327E+03,2.323782E+03,5.578821E-01,2.052266E-01,0.000000E+00,0.000000E+00,0.000000E+00,0.000000E+00,0.000000E+00,0.000000E+00,0.000000E+00,0.000000E+00,2.110805E+01,7.994713E+01,2.388799E+01,5.505001E+01
15:59:00,8.012327E+03,2.323096E+03,5.578821E-01,2.051660E-01,0.000000E+00,0.000000E+00,0.000000E+00,0.000000E+00,0.000000E+00,0.000000E+00,0.000000E+00,0.000000E+00,2.110805E+01,7.994713E+01,2.388799E+01,5.505293E+01
16:00:00,8.012327E+03,2.322383E+03,5.578821E-01,2.051030E-01,0.000000E+00,0.000000E+00,0.000000E+00,0.000000E+00,0.000000E+00,0.000000E+00,0.000000E+00,0.000000E+00,2.110805E+01,7.994713E+01,2.388799E+01,5.505589E+01
16:01:00,8.012327E+03,2.321654E+03,5.578821E-01,2.050386E-01,0.000000E+00,0.000000E+00,0.000000E+00,0.000000E+00,0.000000E+00,0.000000E+00,0.000000E+00,0.000000E+00,2.110805E+01,7.994713E+01,2.388799E+01,5.505890E+01
16:02:00,8.012327E+03,2.320956E+03,5.578821E-01,2.049770E-01,0.000000E+00,0.000000E+00,0.000000E+00,0.000000E+00,0.000000E+00,0.000000E+00,0.000000E+00,0.000000E+00,2.110805E+01,7.994713E+01,2.388799E+01,5.506199E+01
16:03:00,8.012327E+03,2.320244E+03,5.578821E-01,2.049141E-01,0.000000E+00,0.000000E+00,0.000000E+00,0.000000E+00,0.000000E+00,0.000000E+00,0.000000E+00,0.000000E+00,2.110805E+01,7.994713E+01,2.388799E+01,5.506517E+01
16:04:00,8.012327E+03,2.319519E+03,5.578821E-01,2.048501E-01,0.000000E+00,0.000000E+00,0.000000E+00,0.000000E+00,0.000000E+00,0.000000E+00,0.000000E+00,0.000000E+00,2.110805E+01,7.994713E+01,2.388799E+01,5.506847E+01
16:05:00,8.012327E+03,2.318780E+03,5.578821E-01,2.047848E-01,0.000000E+00,0.000000E+00,0.000000E+00,0.000000E+00,0.000000E+00,0.000000E+00,0.000000E+00,0.000000E+00,2.110805E+01,7.994713E+01,2.388799E+01,5.507188E+01
16:06:00,8.012327E+03,2.318026E+03,5.578821E-01,2.047182E-01,0.000000E+00,0.000000E+00,0.000000E+00,0.000000E+00,0.000000E+00,0.000000E+00,0.000000E+00,0.000000E+00,2.110805E+01,7.994713E+01,2.388799E+01,5.507538E+01
16:07:00,8.012327E+03,2.317257E+03,5.578821E-01,2.046503E-01,0.000000E+00,0.000000E+00,0.000000E+00,0.000000E+00,0.000000E+00,0.000000E+00,0.000000E+00,0.000000E+00,2.110805E+01,7.994713E+01,2.388799E+01,5.507898E+01
16:08:00,8.012327E+03,2.316475E+03,5.578821E-01,2.045812E-01,0.000000E+00,0.000000E+00,0.000000E+00,0.000000E+00,0.000000E+00,0.000000E+00,0.000000E+00,0.000000E+00,2.110805E+01,7.994713E+01,2.388799E+01,5.508268E+01
16:09:00,8.012327E+03,2.315677E+03,5.578821E-01,2.045108E-01,0.000000E+00,0.000000E+00,0.000000E+00,0.000000E+00,0.000000E+00,0.000000E+00,0.000000E+00,0.000000E+00,2.110805E+01,7.994713E+01,2.388799E+01,5.508646E+01
16:10:00,8.012327E+03,2.314865E+03,5.578821E-01,2.044390E-01,0.000000E+00,0.000000E+00,0.000000E+00,0.000000E+00,0.000000E+00,0.000000E+00,0.000000E+00,0.000000E+00,2.110805E+01,7.994713E+01,2.388799E+01,5.509034E+01
16:11:00,8.012327E+03,2.314039E+03,5.578821E-01,2.043660E-01,0.000000E+00,0.000000E+00,0.000000E+00,0.000000E+00,0.000000E+00,0.000000E+00,0.000000E+00,0.000000E+00,2.110805E+01,7.994713E+01,2.388799E+01,5.509430E+01
16:12:00,8.012327E+03,2.313197E+03,5.578821E-01,2.042917E-01,0.000000E+00,0.000000E+00,0.000000E+00,0.000000E+00,0.000000E+00,0.000000E+00,0.000000E+00,0.000000E+00,2.110805E+01,7.994713E+01,2.388799E+01,5.509834E+01
16:13:00,8.012327E+03,2.312341E+03,5.578821E-01,2.042161E-01,0.000000E+00,0.000000E+00,0.000000E+00,0.000000E+00,0.000000E+00,0.000000E+00,0.000000E+00,0.000000E+00,2.110805E+01,7.994713E+01,2.388799E+01,5.510246E+01
16:14:00,8.012327E+03,2.311470E+03,5.578821E-01,2.041392E-01,0.000000E+00,0.000000E+00,0.000000E+00,0.000000E+00,0.000000E+00,0.000000E+00,0.000000E+00,0.000000E+00,2.110805E+01,7.994713E+01,2.388799E+01,5.510666E+01
16:15:00,8.012327E+03,2.310584E+03,5.578821E-01,2.040610E-01,0.000000E+00,0.000000E+00,0.000000E+00,0.000000E+00,0.000000E+00,0.000000E+00,0.000000E+00,0.000000E+00,2.110805E+01,7.994713E+01,2.388799E+01,5.511095E+01
16:16:00,8.012327E+03,2.309684E+03,5.578821E-01,2.039815E-01,0.000000E+00,0.000000E+00,0.000000E+00,0.000000E+00,0.000000E+00,0.000000E+00,0.000000E+00,0.000000E+00,2.110805E+01,7.994713E+01,2.388799E+01,5.511530E+01
16:17:00,8.012327E+03,2.308770E+03,5.578821E-01,2.039007E-01,0.000000E+00,0.000000E+00,0.000000E+00,0.000000E+00,0.000000E+00,0.000000E+00,0.000000E+00,0.000000E+00,2.110805E+01,7.994713E+01,2.388799E+01,5.511974E+01
16:18:00,8.012327E+03,2.307842E+03,5.578821E-01,2.038188E-01,0.000000E+00,0.000000E+00,0.000000E+00,0.000000E+00,0.000000E+00,0.000000E+00,0.000000E+00,0.000000E+00,2.110805E+01,7.994713E+01,2.388799E+01,5.512423E+01
16:19:00,8.012327E+03,2.306902E+03,5.578821E-01,2.037357E-01,0.000000E+00,0.000000E+00,0.000000E+00,0.000000E+00,0.000000E+00,0.000000E+00,0.000000E+00,0.000000E+00,2.110805E+01,7.994713E+01,2.388799E+01,5.512879E+01
16:20:00,8.012327E+03,2.305948E+03,5.578821E-01,2.036515E-01,0.000000E+00,0.000000E+00,0.000000E+00,0.000000E+00,0.000000E+00,0.000000E+00,0.000000E+00,0.000000E+00,2.110805E+01,7.994713E+01,2.388799E+01,5.513341E+01
16:21:00,8.012327E+03,2.304983E+03,5.578821E-01,2.035662E-01,0.000000E+00,0.000000E+00,0.000000E+00,0.000000E+00,0.000000E+00,0.000000E+00,0.000000E+00,0.000000E+00,2.110805E+01,7.994713E+01,2.388799E+01,5.513807E+01
16:22:00,8.012327E+03,2.304005E+03,5.578821E-01,2.034799E-01,0.000000E+00,0.000000E+00,0.000000E+00,0.000000E+00,0.000000E+00,0.000000E+00,0.000000E+00,0.000000E+00,2.110805E+01,7.994713E+01,2.388799E+01,5.514277E+01
16:23:00,8.012327E+03,2.303015E+03,5.578821E-01,2.033925E-01,0.000000E+00,0.000000E+00,0.000000E+00,0.000000E+00,0.000000E+00,0.000000E+00,0.000000E+00,0.000000E+00,2.110805E+01,7.994713E+01,2.388799E+01,5.514752E+01
16:24:00,8.012327E+03,2.302014E+03,5.578821E-01,2.033040E-01,0.000000E+00,0.000000E+00,0.000000E+00,0.000000E+00,0.000000E+00,0.000000E+00,0.000000E+00,0.000000E+00,2.110805E+01,7.994713E+01,2.388799E+01,5.515230E+01
16:25:00,8.012327E+03,2.301001E+03,5.578821E-01,2.032145E-01,0.000000E+00,0.000000E+00,0.000000E+00,0.000000E+00,0.000000E+00,0.000000E+00,0.000000E+00,0.000000E+00,2.110805E+01,7.994713E+01,2.388799E+01,5.515712E+01
16:26:00,8.012327E+03,2.299976E+03,5.578821E-01,2.031240E-01,0.000000E+00,0.000000E+00,0.000000E+00,0.000000E+00,0.000000E+00,0.000000E+00,0.000000E+00,0.000000E+00,2.110805E+01,7.994713E+01,2.388799E+01,5.516198E+01
16:27:00,8.012327E+03,2.298940E+03,5.578821E-01,2.030325E-01,0.000000E+00,0.000000E+00,0.000000E+00,0.000000E+00,0.000000E+00,0.000000E+00,0.000000E+00,0.000000E+00,2.110805E+01,7.994713E+01,2.388799E+01,5.516687E+01
16:28:00,8.012327E+03,2.297893E+03,5.578821E-01,2.029401E-01,0.000000E+00,0.000000E+00,0.000000E+00,0.000000E+00,0.000000E+00,0.000000E+00,0.000000E+00,0.000000E+00,2.110805E+01,7.994713E+01,2.388799E+01,5.517179E+01
16:29:00,8.012327E+03,2.296835E+03,5.578821E-01,2.028466E-01,0.000000E+00,0.000000E+00,0.000000E+00,0.000000E+00,0.000000E+00,0.000000E+00,0.000000E+00,0.000000E+00,2.110805E+01,7.994713E+01,2.388799E+01,5.517675E+01
16:30:00,8.012327E+03,2.295766E+03,5.578821E-01,2.027522E-01,0.000000E+00,0.000000E+00,0.000000E+00,0.000000E+00,0.000000E+00,0.000000E+00,0.000000E+00,0.000000E+00,2.110805E+01,7.994713E+01,2.388799E+01,5.518173E+01
16:31:00,8.012327E+03,2.294687E+03,5.578821E-01,2.026569E-01,0.000000E+00,0.000000E+00,0.000000E+00,0.000000E+00,0.000000E+00,0.000000E+00,0.000000E+00,0.000000E+00,2.110805E+01,7.994713E+01,2.388799E+01,5.518675E+01
16:32:00,8.012327E+03,2.293596E+03,5.578821E-01,2.025606E-01,0.000000E+00,0.000000E+00,0.000000E+00,0.000000E+00,0.000000E+00,0.000000E+00,0.000000E+00,0.000000E+00,2.110805E+01,7.994713E+01,2.388799E+01,5.519180E+01
16:33:00,8.012327E+03,2.292496E+03,5.578821E-01,2.024634E-01,0.000000E+00,0.000000E+00,0.000000E+00,0.000000E+00,0.000000E+00,0.000000E+00,0.000000E+00,0.000000E+00,2.110805E+01,7.994713E+01,2.388799E+01,5.519687E+01
16:34:00,8.012327E+03,2.291385E+03,5.578821E-01,2.023653E-01,0.000000E+00,0.000000E+00,0.000000E+00,0.000000E+00,0.000000E+00,0.000000E+00,0.000000E+00,0.000000E+00,2.110805E+01,7.994713E+01,2.388799E+01,5.520197E+01
16:35:00,8.012327E+03,2.290265E+03,5.578821E-01,2.022663E-01,0.000000E+00,0.000000E+00,0.000000E+00,0.000000E+00,0.000000E+00,0.000000E+00,0.000000E+00,0.000000E+00,2.110805E+01,7.994713E+01,2.388799E+01,5.520709E+01
16:36:00,8.012327E+03,2.289134E+03,5.578821E-01,2.021665E-01,0.000000E+00,0.000000E+00,0.000000E+00,0.000000E+00,0.000000E+00,0.000000E+00,0.000000E+00,0.000000E+00,2.110805E+01,7.994713E+01,2.388800E+01,5.521224E+01
16:37:00,8.012327E+03,2.287994E+03,5.578821E-01,2.020658E-01,0.000000E+00,0.000000E+00,0.000000E+00,0.000000E+00,0.000000E+00,0.000000E+00,0.000000E+00,0.000000E+00,2.110805E+01,7.994713E+01,2.388800E+01,5.521742E+01
16:38:00,8.012327E+03,2.286844E+03,5.578821E-01,2.019642E-01,0.000000E+00,0.000000E+00,0.000000E+00,0.000000E+00,0.000000E+00,0.000000E+00,0.000000E+00,0.000000E+00,2.110805E+01,7.994713E+01,2.388800E+01,5.522262E+01
16:39:00,8.012327E+03,2.285684E+03,5.578821E-01,2.018618E-01,0.000000E+00,0.000000E+00,0.000000E+00,0.000000E+00,0.000000E+00,0.000000E+00,0.000000E+00,0.000000E+00,2.110805E+01,7.994713E+01,2.388800E+01,5.522784E+01
16:40:00,8.012327E+03,2.284515E+03,5.578821E-01,2.017585E-01,0.000000E+00,0.000000E+00,0.000000E+00,0.000000E+00,0.000000E+00,0.000000E+00,0.000000E+00,0.000000E+00,2.110805E+01,7.994713E+01,2.388800E+01,5.523309E+01
16:41:00,8.012327E+03,2.283336E+03,5.578821E-01,2.016544E-01,0.000000E+00,0.000000E+00,0.000000E+00,0.000000E+00,0.000000E+00,0.000000E+00,0.000000E+00,0.000000E+00,2.110805E+01,7.994713E+01,2.388800E+01,5.523835E+01
16:42:00,8.012327E+03,2.282149E+03,5.578821E-01,2.015495E-01,0.000000E+00,0.000000E+00,0.000000E+00,0.000000E+00,0.000000E+00,0.000000E+00,0.000000E+00,0.000000E+00,2.110805E+01,7.994713E+01,2.388800E+01,5.524365E+01
16:43:00,8.012327E+03,2.280951E+03,5.578821E-01,2.014438E-01,0.000000E+00,0.000000E+00,0.000000E+00,0.000000E+00,0.000000E+00,0.000000E+00,0.000000E+00,0.000000E+00,2.110805E+01,7.994713E+01,2.388800E+01,5.524896E+01
16:44:00,8.012327E+03,2.279745E+03,5.578821E-01,2.013372E-01,0.000000E+00,0.000000E+00,0.000000E+00,0.000000E+00,0.000000E+00,0.000000E+00,0.000000E+00,0.000000E+00,2.110805E+01,7.994713E+01,2.388800E+01,5.525430E+01
16:45:00,8.012327E+03,2.278530E+03,5.578821E-01,2.012299E-01,0.000000E+00,0.000000E+00,0.000000E+00,0.000000E+00,0.000000E+00,0.000000E+00,0.000000E+00,0.000000E+00,2.110805E+01,7.994713E+01,2.388800E+01,5.525966E+01
16:46:00,8.012327E+03,2.277305E+03,5.578821E-01,2.011218E-01,0.000000E+00,0.000000E+00,0.000000E+00,0.000000E+00,0.000000E+00,0.000000E+00,0.000000E+00,0.000000E+00,2.110805E+01,7.994713E+01,2.388800E+01,5.526504E+01
16:47:00,8.012327E+03,2.276072E+03,5.578821E-01,2.010128E-01,0.000000E+00,0.000000E+00,0.000000E+00,0.000000E+00,0.000000E+00,0.000000E+00,0.000000E+00,0.000000E+00,2.110805E+01,7.994713E+01,2.388800E+01,5.527045E+01
16:48:00,8.012327E+03,2.274829E+03,5.578821E-01,2.009031E-01,0.000000E+00,0.000000E+00,0.000000E+00,0.000000E+00,0.000000E+00,0.000000E+00,0.000000E+00,0.000000E+00,2.110805E+01,7.994713E+01,2.388800E+01,5.527588E+01
16:49:00,8.012327E+03,2.273578E+03,5.578821E-01,2.007926E-01,0.000000E+00,0.000000E+00,0.000000E+00,0.000000E+00,0.000000E+00,0.000000E+00,0.000000E+00,0.000000E+00,2.110805E+01,7.994713E+01,2.388800E+01,5.528133E+01
16:50:00,8.012327E+03,2.272319E+03,5.578821E-01,2.006814E-01,0.000000E+00,0.000000E+00,0.000000E+00,0.000000E+00,0.000000E+00,0.000000E+00,0.000000E+00,0.000000E+00,2.110805E+01,7.994713E+01,2.388800E+01,5.528680E+01
16:51:00,8.012327E+03,2.271050E+03,5.578821E-01,2.005693E-01,0.000000E+00,0.000000E+00,0.000000E+00,0.000000E+00,0.000000E+00,0.000000E+00,0.000000E+00,0.000000E+00,2.110805E+01,7.994713E+01,2.388800E+01,5.529230E+01
16:52:00,8.012327E+03,2.269773E+03,5.578821E-01,2.004565E-01,0.000000E+00,0.000000E+00,0.000000E+00,0.000000E+00,0.000000E+00,0.000000E+00,0.000000E+00,0.000000E+00,2.110805E+01,7.994713E+01,2.388800E+01,5.529781E+01
16:53:00,8.012327E+03,2.268487E+03,5.578821E-01,2.003430E-01,0.000000E+00,0.000000E+00,0.000000E+00,0.000000E+00,0.000000E+00,0.000000E+00,0.000000E+00,0.000000E+00,2.110805E+01,7.994713E+01,2.388800E+01,5.530335E+01
16:54:00,8.012327E+03,2.267193E+03,5.578821E-01,2.002287E-01,0.000000E+00,0.000000E+00,0.000000E+00,0.000000E+00,0.000000E+00,0.000000E+00,0.000000E+00,0.000000E+00,2.110805E+01,7.994713E+01,2.388800E+01,5.530892E+01
16:55:00,8.012327E+03,2.265890E+03,5.578821E-01,2.001136E-01,0.000000E+00,0.000000E+00,0.000000E+00,0.000000E+00,0.000000E+00,0.000000E+00,0.000000E+00,0.000000E+00,2.110805E+01,7.994713E+01,2.388800E+01,5.531451E+01
16:56:00,8.012327E+03,2.264579E+03,5.578821E-01,1.999978E-01,0.000000E+00,0.000000E+00,0.000000E+00,0.000000E+00,0.000000E+00,0.000000E+00,0.000000E+00,0.000000E+00,2.110805E+01,7.994713E+01,2.388800E+01,5.532012E+01
16:57:00,8.012327E+03,2.263260E+03,5.578821E-01,1.998813E-01,0.000000E+00,0.000000E+00,0.000000E+00,0.000000E+00,0.000000E+00,0.000000E+00,0.000000E+00,0.000000E+00,2.110805E+01,7.994713E+01,2.388800E+01,5.532576E+01
16:58:00,8.012327E+03,2.261932E+03,5.578821E-01,1.997640E-01,0.000000E+00,0.000000E+00,0.000000E+00,0.000000E+00,0.000000E+00,0.000000E+00,0.000000E+00,0.000000E+00,2.110805E+01,7.994713E+01,2.388800E+01,5.533142E+01
16:59:00,8.012327E+03,2.260595E+03,5.578821E-01,1.996460E-01,0.000000E+00,0.000000E+00,0.000000E+00,0.000000E+00,0.000000E+00,0.000000E+00,0.000000E+00,0.000000E+00,2.110805E+01,7.994713E+01,2.388800E+01,5.533711E+01
17:00:00,8.012327E+03,2.259251E+03,5.578821E-01,1.995273E-01,0.000000E+00,0.000000E+00,0.000000E+00,0.000000E+00,0.000000E+00,0.000000E+00,0.000000E+00,0.000000E+00,2.110805E+01,7.994713E+01,2.388800E+01,5.534282E+01
17:01:00,8.012327E+03,2.257899E+03,5.578821E-01,1.994078E-01,0.000000E+00,0.000000E+00,0.000000E+00,0.000000E+00,0.000000E+00,0.000000E+00,0.000000E+00,0.000000E+00,2.110805E+01,7.994713E+01,2.388800E+01,5.534856E+01
17:02:00,8.012327E+03,2.256538E+03,5.578821E-01,1.992877E-01,0.000000E+00,0.000000E+00,0.000000E+00,0.000000E+00,0.000000E+00,0.000000E+00,0.000000E+00,0.000000E+00,2.110805E+01,7.994713E+01,2.388800E+01,5.535435E+01
17:03:00,8.012327E+03,2.255170E+03,5.578821E-01,1.991668E-01,0.000000E+00,0.000000E+00,0.000000E+00,0.000000E+00,0.000000E+00,0.000000E+00,0.000000E+00,0.000000E+00,2.110805E+01,7.994713E+01,2.388800E+01,5.536023E+01
17:04:00,8.012327E+03,2.253794E+03,5.578821E-01,1.990453E-01,0.000000E+00,0.000000E+00,0.000000E+00,0.000000E+00,0.000000E+00,0.000000E+00,0.000000E+00,0.000000E+00,2.110805E+01,7.994713E+01,2.388800E+01,5.536620E+01
17:05:00,8.012327E+03,2.252409E+03,5.578821E-01,1.989230E-01,0.000000E+00,0.000000E+00,0.000000E+00,0.000000E+00,0.000000E+00,0.000000E+00,0.000000E+00,0.000000E+00,2.110805E+01,7.994713E+01,2.388800E+01,5.537225E+01
17:06:00,8.012327E+03,2.251017E+03,5.578821E-01,1.988001E-01,0.000000E+00,0.000000E+00,0.000000E+00,0.000000E+00,0.000000E+00,0.000000E+00,0.000000E+00,0.000000E+00,2.110805E+01,7.994713E+01,2.388800E+01,5.537839E+01
17:07:00,8.012327E+03,2.249617E+03,5.578821E-01,1.986764E-01,0.000000E+00,0.000000E+00,0.000000E+00,0.000000E+00,0.000000E+00,0.000000E+00,0.000000E+00,0.000000E+00,2.110805E+01,7.994713E+01,2.388800E+01,5.538460E+01
17:08:00,8.012327E+03,2.248210E+03,5.578821E-01,1.985521E-01,0.000000E+00,0.000000E+00,0.000000E+00,0.000000E+00,0.000000E+00,0.000000E+00,0.000000E+00,0.000000E+00,2.110805E+01,7.994713E+01,2.388800E+01,5.539090E+01
17:09:00,8.012327E+03,2.246794E+03,5.578821E-01,1.984271E-01,0.000000E+00,0.000000E+00,0.000000E+00,0.000000E+00,0.000000E+00,0.000000E+00,0.000000E+00,0.000000E+00,2.110805E+01,7.994713E+01,2.388800E+01,5.539726E+01
17:10:00,8.012327E+03,2.245370E+03,5.578821E-01,1.983013E-01,0.000000E+00,0.000000E+00,0.000000E+00,0.000000E+00,0.000000E+00,0.000000E+00,0.000000E+00,0.000000E+00,2.110805E+01,7.994713E+01,2.388800E+01,5.540370E+01
17:11:00,8.012327E+03,2.243939E+03,5.578821E-01,1.981749E-01,0.000000E+00,0.000000E+00,0.000000E+00,0.000000E+00,0.000000E+00,0.000000E+00,0.000000E+00,0.000000E+00,2.110805E+01,7.994713E+01,2.388800E+01,5.541022E+01
17:12:00,8.012327E+03,2.242499E+03,5.578821E-01,1.980478E-01,0.000000E+00,0.000000E+00,0.000000E+00,0.000000E+00,0.000000E+00,0.000000E+00,0.000000E+00,0.000000E+00,2.110805E+01,7.994713E+01,2.388800E+01,5.541680E+01
17:13:00,8.012327E+03,2.241052E+03,5.578821E-01,1.979199E-01,0.000000E+00,0.000000E+00,0.000000E+00,0.000000E+00,0.000000E+00,0.000000E+00,0.000000E+00,0.000000E+00,2.110805E+01,7.994713E+01,2.388801E+01,5.542346E+01
17:14:00,8.012327E+03,2.239597E+03,5.578821E-01,1.977914E-01,0.000000E+00,0.000000E+00,0.000000E+00,0.000000E+00,0.000000E+00,0.000000E+00,0.000000E+00,0.000000E+00,2.110805E+01,7.994713E+01,2.388801E+01,5.543018E+01
17:15:00,8.012327E+03,2.238135E+03,5.578821E-01,1.976623E-01,0.000000E+00,0.000000E+00,0.000000E+00,0.000000E+00,0.000000E+00,0.000000E+00,0.000000E+00,0.000000E+00,2.110805E+01,7.994713E+01,2.388801E+01,5.543697E+01
17:16:00,8.012327E+03,2.236664E+03,5.578821E-01,1.975324E-01,0.000000E+00,0.000000E+00,0.000000E+00,0.000000E+00,0.000000E+00,0.000000E+00,0.000000E+00,0.000000E+00,2.110805E+01,7.994713E+01,2.388801E+01,5.544382E+01
17:17:00,8.012327E+03,2.235184E+03,5.578821E-01,1.974017E-01,0.000000E+00,0.000000E+00,0.000000E+00,0.000000E+00,0.000000E+00,0.000000E+00,0.000000E+00,0.000000E+00,2.110805E+01,7.994713E+01,2.388801E+01,5.545074E+01
17:18:00,8.012327E+03,2.233696E+03,5.578821E-01,1.972703E-01,0.000000E+00,0.000000E+00,0.000000E+00,0.000000E+00,0.000000E+00,0.000000E+00,0.000000E+00,0.000000E+00,2.110805E+01,7.994713E+01,2.388801E+01,5.545773E+01
17:19:00,8.012327E+03,2.232198E+03,5.578821E-01,1.971380E-01,0.000000E+00,0.000000E+00,0.000000E+00,0.000000E+00,0.000000E+00,0.000000E+00,0.000000E+00,0.000000E+00,2.110805E+01,7.994713E+01,2.388801E+01,5.546477E+01
17:20:00,8.012327E+03,2.230690E+03,5.578821E-01,1.970048E-01,0.000000E+00,0.000000E+00,0.000000E+00,0.000000E+00,0.000000E+00,0.000000E+00,0.000000E+00,0.000000E+00,2.110805E+01,7.994713E+01,2.388801E+01,5.547188E+01
17:21:00,8.012327E+03,2.229171E+03,5.578821E-01,1.968706E-01,0.000000E+00,0.000000E+00,0.000000E+00,0.000000E+00,0.000000E+00,0.000000E+00,0.000000E+00,0.000000E+00,2.110805E+01,7.994713E+01,2.388801E+01,5.547906E+01
17:22:00,8.012327E+03,2.227642E+03,5.578821E-01,1.967356E-01,0.000000E+00,0.000000E+00,0.000000E+00,0.000000E+00,0.000000E+00,0.000000E+00,0.000000E+00,0.000000E+00,2.110805E+01,7.994713E+01,2.388801E+01,5.548629E+01
17:23:00,8.012327E+03,2.226103E+03,5.578821E-01,1.965996E-01,0.000000E+00,0.000000E+00,0.000000E+00,0.000000E+00,0.000000E+00,0.000000E+00,0.000000E+00,0.000000E+00,2.110805E+01,7.994713E+01,2.388801E+01,5.549359E+01
17:24:00,8.012327E+03,2.224552E+03,5.578821E-01,1.964627E-01,0.000000E+00,0.000000E+00,0.000000E+00,0.000000E+00,0.000000E+00,0.000000E+00,0.000000E+00,0.000000E+00,2.110805E+01,7.994713E+01,2.388801E+01,5.550095E+01
17:25:00,8.012327E+03,2.222990E+03,5.578821E-01,1.963247E-01,0.000000E+00,0.000000E+00,0.000000E+00,0.000000E+00,0.000000E+00,0.000000E+00,0.000000E+00,0.000000E+00,2.110805E+01,7.994713E+01,2.388801E+01,5.550837E+01
17:26:00,8.012327E+03,2.221417E+03,5.578821E-01,1.961858E-01,0.000000E+00,0.000000E+00,0.000000E+00,0.000000E+00,0.000000E+00,0.000000E+00,0.000000E+00,0.000000E+00,2.110805E+01,7.994713E+01,2.388801E+01,5.551585E+01
17:27:00,8.012327E+03,2.219833E+03,5.578821E-01,1.960459E-01,0.000000E+00,0.000000E+00,0.000000E+00,0.000000E+00,0.000000E+00,0.000000E+00,0.000000E+00,0.000000E+00,2.110805E+01,7.994713E+01,2.388801E+01,5.552340E+01
17:28:00,8.012327E+03,2.218180E+03,5.578821E-01,1.959000E-01,0.000000E+00,0.000000E+00,0.000000E+00,0.000000E+00,0.000000E+00,0.000000E+00,0.000000E+00,0.000000E+00,2.110805E+01,7.994713E+01,2.388801E+01,5.553100E+01
17:29:00,8.012327E+03,2.216513E+03,5.578821E-01,1.957527E-01,0.000000E+00,0.000000E+00,0.000000E+00,0.000000E+00,0.000000E+00,0.000000E+00,0.000000E+00,0.000000E+00,2.110805E+01,7.994713E+01,2.388801E+01,5.553902E+01
17:30:00,8.012327E+03,2.214832E+03,5.578821E-01,1.956042E-01,0.000000E+00,0.000000E+00,0.000000E+00,0.000000E+00,0.000000E+00,0.000000E+00,0.000000E+00,0.000000E+00,2.110805E+01,7.994713E+01,2.388801E+01,5.554733E+01
17:31:00,8.012327E+03,2.213137E+03,5.578821E-01,1.954545E-01,0.000000E+00,0.000000E+00,0.000000E+00,0.000000E+00,0.000000E+00,0.000000E+00,0.000000E+00,0.000000E+00,2.110805E+01,7.994713E+01,2.388801E+01,5.555578E+01
17:32:00,8.012327E+03,2.211427E+03,5.578821E-01,1.953035E-01,0.000000E+00,0.000000E+00,0.000000E+00,0.000000E+00,0.000000E+00,0.000000E+00,0.000000E+00,0.000000E+00,2.110805E+01,7.994713E+01,2.388801E+01,5.556430E+01
17:33:00,8.012327E+03,2.209704E+03,5.578821E-01,1.951513E-01,0.000000E+00,0.000000E+00,0.000000E+00,0.000000E+00,0.000000E+00,0.000000E+00,0.000000E+00,0.000000E+00,2.110805E+01,7.994713E+01,2.388801E+01,5.557286E+01
17:34:00,8.012327E+03,2.207966E+03,5.578821E-01,1.949978E-01,0.000000E+00,0.000000E+00,0.000000E+00,0.000000E+00,0.000000E+00,0.000000E+00,0.000000E+00,0.000000E+00,2.110805E+01,7.994713E+01,2.388801E+01,5.558147E+01
17:35:00,8.012327E+03,2.206214E+03,5.578821E-01,1.948431E-01,0.000000E+00,0.000000E+00,0.000000E+00,0.000000E+00,0.000000E+00,0.000000E+00,0.000000E+00,0.000000E+00,2.110805E+01,7.994713E+01,2.388801E+01,5.559011E+01
17:36:00,8.012327E+03,2.204448E+03,5.578821E-01,1.946871E-01,0.000000E+00,0.000000E+00,0.000000E+00,0.000000E+00,0.000000E+00,0.000000E+00,0.000000E+00,0.000000E+00,2.110805E+01,7.994713E+01,2.388802E+01,5.559881E+01
17:37:00,8.012327E+03,2.202668E+03,5.578821E-01,1.945299E-01,0.000000E+00,0.000000E+00,0.000000E+00,0.000000E+00,0.000000E+00,0.000000E+00,0.000000E+00,0.000000E+00,2.110805E+01,7.994713E+01,2.388802E+01,5.560756E+01
17:38:00,8.012327E+03,2.200873E+03,5.578821E-01,1.943714E-01,0.000000E+00,0.000000E+00,0.000000E+00,0.000000E+00,0.000000E+00,0.000000E+00,0.000000E+00,0.000000E+00,2.110805E+01,7.994713E+01,2.388802E+01,5.561635E+01
17:39:00,8.012327E+03,2.199063E+03,5.578821E-01,1.942116E-01,0.000000E+00,0.000000E+00,0.000000E+00,0.000000E+00,0.000000E+00,0.000000E+00,0.000000E+00,0.000000E+00,2.110805E+01,7.994713E+01,2.388802E+01,5.562520E+01
17:40:00,8.012327E+03,2.197239E+03,5.578821E-01,1.940504E-01,0.000000E+00,0.000000E+00,0.000000E+00,0.000000E+00,0.000000E+00,0.000000E+00,0.000000E+00,0.000000E+00,2.110805E+01,7.994713E+01,2.388802E+01,5.563409E+01
17:41:00,8.012327E+03,2.195400E+03,5.578821E-01,1.938880E-01,0.000000E+00,0.000000E+00,0.000000E+00,0.000000E+00,0.000000E+00,0.000000E+00,0.000000E+00,0.000000E+00,2.110805E+01,7.994713E+01,2.388802E+01,5.564303E+01
17:42:00,8.012327E+03,2.193545E+03,5.578821E-01,1.937242E-01,0.000000E+00,0.000000E+00,0.000000E+00,0.000000E+00,0.000000E+00,0.000000E+00,0.000000E+00,0.000000E+00,2.110805E+01,7.994713E+01,2.388802E+01,5.565202E+01
17:43:00,8.012327E+03,2.191676E+03,5.578821E-01,1.935591E-01,0.000000E+00,0.000000E+00,0.000000E+00,0.000000E+00,0.000000E+00,0.000000E+00,0.000000E+00,0.000000E+00,2.110805E+01,7.994713E+01,2.388802E+01,5.566107E+01
17:44:00,8.012327E+03,2.189790E+03,5.578821E-01,1.933926E-01,0.000000E+00,0.000000E+00,0.000000E+00,0.000000E+00,0.000000E+00,0.000000E+00,0.000000E+00,0.000000E+00,2.110805E+01,7.994713E+01,2.388802E+01,5.567016E+01
17:45:00,8.012327E+03,2.187890E+03,5.578821E-01,1.932247E-01,0.000000E+00,0.000000E+00,0.000000E+00,0.000000E+00,0.000000E+00,0.000000E+00,0.000000E+00,0.000000E+00,2.110805E+01,7.994713E+01,2.388802E+01,5.567931E+01
17:46:00,8.012327E+03,2.185973E+03,5.578821E-01,1.930554E-01,0.000000E+00,0.000000E+00,0.000000E+00,0.000000E+00,0.000000E+00,0.000000E+00,0.000000E+00,0.000000E+00,2.110805E+01,7.994713E+01,2.388802E+01,5.568851E+01
17:47:00,8.012327E+03,2.184040E+03,5.578821E-01,1.928847E-01,0.000000E+00,0.000000E+00,0.000000E+00,0.000000E+00,0.000000E+00,0.000000E+00,0.000000E+00,0.000000E+00,2.110805E+01,7.994713E+01,2.388802E+01,5.569777E+01
17:48:00,8.012327E+03,2.182092E+03,5.578821E-01,1.927126E-01,0.000000E+00,0.000000E+00,0.000000E+00,0.000000E+00,0.000000E+00,0.000000E+00,0.000000E+00,0.000000E+00,2.110805E+01,7.994713E+01,2.388802E+01,5.570709E+01
17:49:00,8.012327E+03,2.180126E+03,5.578821E-01,1.925391E-01,0.000000E+00,0.000000E+00,0.000000E+00,0.000000E+00,0.000000E+00,0.000000E+00,0.000000E+00,0.000000E+00,2.110805E+01,7.994713E+01,2.388802E+01,5.571646E+01
17:50:00,8.012327E+03,2.178146E+03,5.578821E-01,1.923641E-01,0.000000E+00,0.000000E+00,0.000000E+00,0.000000E+00,0.000000E+00,0.000000E+00,0.000000E+00,0.000000E+00,2.110805E+01,7.994713E+01,2.388802E+01,5.572589E+01
17:51:00,8.012327E+03,2.176149E+03,5.578821E-01,1.921878E-01,0.000000E+00,0.000000E+00,0.000000E+00,0.000000E+00,0.000000E+00,0.000000E+00,0.000000E+00,0.000000E+00,2.110805E+01,7.994713E+01,2.388802E+01,5.573537E+01
17:52:00,8.012327E+03,2.174135E+03,5.578821E-01,1.920099E-01,0.000000E+00,0.000000E+00,0.000000E+00,0.000000E+00,0.000000E+00,0.000000E+00,0.000000E+00,0.000000E+00,2.110805E+01,7.994713E+01,2.388802E+01,5.574491E+01
17:53:00,8.012327E+03,2.172104E+03,5.578821E-01,1.918306E-01,0.000000E+00,0.000000E+00,0.000000E+00,0.000000E+00,0.000000E+00,0.000000E+00,0.000000E+00,0.000000E+00,2.110805E+01,7.994713E+01,2.388802E+01,5.575451E+01
17:54:00,8.012327E+03,2.170056E+03,5.578821E-01,1.916497E-01,0.000000E+00,0.000000E+00,0.000000E+00,0.000000E+00,0.000000E+00,0.000000E+00,0.000000E+00,0.000000E+00,2.110805E+01,7.994713E+01,2.388802E+01,5.576417E+01
17:55:00,8.012327E+03,2.167991E+03,5.578821E-01,1.914673E-01,0.000000E+00,0.000000E+00,0.000000E+00,0.000000E+00,0.000000E+00,0.000000E+00,0.000000E+00,0.000000E+00,2.110805E+01,7.994713E+01,2.388802E+01,5.577389E+01
17:56:00,8.012327E+03,2.165909E+03,5.578821E-01,1.912834E-01,0.000000E+00,0.000000E+00,0.000000E+00,0.000000E+00,0.000000E+00,0.000000E+00,0.000000E+00,0.000000E+00,2.110805E+01,7.994713E+01,2.388802E+01,5.578368E+01
17:57:00,8.012327E+03,2.163809E+03,5.578821E-01,1.910979E-01,0.000000E+00,0.000000E+00,0.000000E+00,0.000000E+00,0.000000E+00,0.000000E+00,0.000000E+00,0.000000E+00,2.110805E+01,7.994713E+01,2.388802E+01,5.579353E+01
17:58:00,8.012327E+03,2.161691E+03,5.578821E-01,1.909108E-01,0.000000E+00,0.000000E+00,0.000000E+00,0.000000E+00,0.000000E+00,0.000000E+00,0.000000E+00,0.000000E+00,2.110805E+01,7.994713E+01,2.388802E+01,5.580345E+01
17:59:00,8.012327E+03,2.159555E+03,5.578821E-01,1.907222E-01,0.000000E+00,0.000000E+00,0.000000E+00,0.000000E+00,0.000000E+00,0.000000E+00,0.000000E+00,0.000000E+00,2.110805E+01,7.994713E+01,2.388802E+01,5.581344E+01
18:00:00,8.012327E+03,2.157400E+03,5.578821E-01,1.905319E-01,0.000000E+00,0.000000E+00,0.000000E+00,0.000000E+00,0.000000E+00,0.000000E+00,0.000000E+00,0.000000E+00,2.110805E+01,7.994713E+01,2.388803E+01,5.582350E+01
18:01:00,8.012327E+03,2.155219E+03,5.578821E-01,1.903392E-01,0.000000E+00,0.000000E+00,0.000000E+00,0.000000E+00,0.000000E+00,0.000000E+00,0.000000E+00,0.000000E+00,2.110805E+01,7.994713E+01,2.388803E+01,5.583363E+01
18:02:00,8.012327E+03,2.153010E+03,5.578821E-01,1.901442E-01,0.000000E+00,0.000000E+00,0.000000E+00,0.000000E+00,0.000000E+00,0.000000E+00,0.000000E+00,0.000000E+00,2.110805E+01,7.994713E+01,2.388803E+01,5.584392E+01
18:03:00,8.012327E+03,2.150774E+03,5.578821E-01,1.899467E-01,0.000000E+00,0.000000E+00,0.000000E+00,0.000000E+00,0.000000E+00,0.000000E+00,0.000000E+00,0.000000E+00,2.110805E+01,7.994713E+01,2.388803E+01,5.585443E+01
18:04:00,8.012327E+03,2.148510E+03,5.578821E-01,1.897468E-01,0.000000E+00,0.000000E+00,0.000000E+00,0.000000E+00,0.000000E+00,0.000000E+00,0.000000E+00,0.000000E+00,2.110805E+01,7.994713E+01,2.388803E+01,5.586518E+01
18:05:00,8.012327E+03,2.146219E+03,5.578821E-01,1.895444E-01,0.000000E+00,0.000000E+00,0.000000E+00,0.000000E+00,0.000000E+00,0.000000E+00,0.000000E+00,0.000000E+00,2.110805E+01,7.994713E+01,2.388803E+01,5.587617E+01
18:06:00,8.012327E+03,2.143899E+03,5.578821E-01,1.893395E-01,0.000000E+00,0.000000E+00,0.000000E+00,0.000000E+00,0.000000E+00,0.000000E+00,0.000000E+00,0.000000E+00,2.110805E+01,7.994713E+01,2.388803E+01,5.588739E+01
18:07:00,8.012327E+03,2.141552E+03,5.578821E-01,1.891322E-01,0.000000E+00,0.000000E+00,0.000000E+00,0.000000E+00,0.000000E+00,0.000000E+00,0.000000E+00,0.000000E+00,2.110805E+01,7.994713E+01,2.388803E+01,5.589883E+01
18:08:00,8.012327E+03,2.139176E+03,5.578821E-01,1.889223E-01,0.000000E+00,0.000000E+00,0.000000E+00,0.000000E+00,0.000000E+00,0.000000E+00,0.000000E+00,0.000000E+00,2.110805E+01,7.994713E+01,2.388803E+01,5.591048E+01
18:09:00,8.012327E+03,2.136771E+03,5.578821E-01,1.887100E-01,0.000000E+00,0.000000E+00,0.000000E+00,0.000000E+00,0.000000E+00,0.000000E+00,0.000000E+00,0.000000E+00,2.110805E+01,7.994713E+01,2.388803E+01,5.592235E+01
18:10:00,8.012327E+03,2.134337E+03,5.578821E-01,1.884950E-01,0.000000E+00,0.000000E+00,0.000000E+00,0.000000E+00,0.000000E+00,0.000000E+00,0.000000E+00,0.000000E+00,2.110805E+01,7.994713E+01,2.388803E+01,5.593441E+01
18:11:00,8.012327E+03,2.131875E+03,5.578821E-01,1.882775E-01,0.000000E+00,0.000000E+00,0.000000E+00,0.000000E+00,0.000000E+00,0.000000E+00,0.000000E+00,0.000000E+00,2.110805E+01,7.994713E+01,2.388803E+01,5.594669E+01
18:12:00,8.012327E+03,2.129383E+03,5.578821E-01,1.880574E-01,0.000000E+00,0.000000E+00,0.000000E+00,0.000000E+00,0.000000E+00,0.000000E+00,0.000000E+00,0.000000E+00,2.110805E+01,7.994713E+01,2.388803E+01,5.595916E+01
18:13:00,8.012327E+03,2.126861E+03,5.578821E-01,1.878347E-01,0.000000E+00,0.000000E+00,0.000000E+00,0.000000E+00,0.000000E+00,0.000000E+00,0.000000E+00,0.000000E+00,2.110805E+01,7.994713E+01,2.388804E+01,5.597182E+01
18:14:00,8.012327E+03,2.124310E+03,5.578821E-01,1.876094E-01,0.000000E+00,0.000000E+00,0.000000E+00,0.000000E+00,0.000000E+00,0.000000E+00,0.000000E+00,0.000000E+00,2.110805E+01,7.994713E+01,2.388804E+01,5.598468E+01
18:15:00,8.012327E+03,2.121728E+03,5.578821E-01,1.873814E-01,0.000000E+00,0.000000E+00,0.000000E+00,0.000000E+00,0.000000E+00,0.000000E+00,0.000000E+00,0.000000E+00,2.110805E+01,7.994713E+01,2.388804E+01,5.599773E+01
18:16:00,8.012327E+03,2.119117E+03,5.578821E-01,1.871508E-01,0.000000E+00,0.000000E+00,0.000000E+00,0.000000E+00,0.000000E+00,0.000000E+00,0.000000E+00,0.000000E+00,2.110805E+01,7.994713E+01,2.388804E+01,5.601097E+01
18:17:00,8.012327E+03,2.116475E+03,5.578821E-01,1.869175E-01,0.000000E+00,0.000000E+00,0.000000E+00,0.000000E+00,0.000000E+00,0.000000E+00,0.000000E+00,0.000000E+00,2.110805E+01,7.994713E+01,2.388804E+01,5.602439E+01
18:18:00,8.012327E+03,2.113803E+03,5.578821E-01,1.866814E-01,0.000000E+00,0.000000E+00,0.000000E+00,0.000000E+00,0.000000E+00,0.000000E+00,0.000000E+00,0.000000E+00,2.110805E+01,7.994713E+01,2.388804E+01,5.603799E+01
18:19:00,8.012327E+03,2.111099E+03,5.578821E-01,1.864427E-01,0.000000E+00,0.000000E+00,0.000000E+00,0.000000E+00,0.000000E+00,0.000000E+00,0.000000E+00,0.000000E+00,2.110805E+01,7.994713E+01,2.388804E+01,5.605177E+01
18:20:00,8.012327E+03,2.108365E+03,5.578821E-01,1.862012E-01,0.000000E+00,0.000000E+00,0.000000E+00,0.000000E+00,0.000000E+00,0.000000E+00,0.000000E+00,0.000000E+00,2.110805E+01,7.994713E+01,2.388804E+01,5.606574E+01
18:21:00,8.012327E+03,2.105599E+03,5.578821E-01,1.859569E-01,0.000000E+00,0.000000E+00,0.000000E+00,0.000000E+00,0.000000E+00,0.000000E+00,0.000000E+00,0.000000E+00,2.110805E+01,7.994713E+01,2.388804E+01,5.607987E+01
18:22:00,8.012327E+03,2.102802E+03,5.578821E-01,1.857099E-01,0.000000E+00,0.000000E+00,0.000000E+00,0.000000E+00,0.000000E+00,0.000000E+00,0.000000E+00,0.000000E+00,2.110805E+01,7.994713E+01,2.388804E+01,5.609419E+01
18:23:00,8.012327E+03,2.099973E+03,5.578821E-01,1.854600E-01,0.000000E+00,0.000000E+00,0.000000E+00,0.000000E+00,0.000000E+00,0.000000E+00,0.000000E+00,0.000000E+00,2.110805E+01,7.994713E+01,2.388804E+01,5.610868E+01
18:24:00,8.012327E+03,2.097113E+03,5.578821E-01,1.852074E-01,0.000000E+00,0.000000E+00,0.000000E+00,0.000000E+00,0.000000E+00,0.000000E+00,0.000000E+00,0.000000E+00,2.110805E+01,7.994713E+01,2.388804E+01,5.612334E+01
18:25:00,8.012327E+03,2.094220E+03,5.578821E-01,1.849519E-01,0.000000E+00,0.000000E+00,0.000000E+00,0.000000E+00,0.000000E+00,0.000000E+00,0.000000E+00,0.000000E+00,2.110805E+01,7.994713E+01,2.388805E+01,5.613817E+01
18:26:00,8.012327E+03,2.091295E+03,5.578821E-01,1.846935E-01,0.000000E+00,0.000000E+00,0.000000E+00,0.000000E+00,0.000000E+00,0.000000E+00,0.000000E+00,0.000000E+00,2.110805E+01,7.994713E+01,2.388805E+01,5.615317E+01
18:27:00,8.012327E+03,2.088337E+03,5.578821E-01,1.844323E-01,0.000000E+00,0.000000E+00,0.000000E+00,0.000000E+00,0.000000E+00,0.000000E+00,0.000000E+00,0.000000E+00,2.110805E+01,7.994713E+01,2.388805E+01,5.616835E+01
18:28:00,8.012327E+03,2.085402E+03,5.578821E-01,1.841731E-01,0.000000E+00,0.000000E+00,0.000000E+00,0.000000E+00,0.000000E+00,0.000000E+00,0.000000E+00,0.000000E+00,2.110805E+01,7.994713E+01,2.388805E+01,5.618369E+01
18:29:00,8.012327E+03,2.082438E+03,5.578821E-01,1.839113E-01,0.000000E+00,0.000000E+00,0.000000E+00,0.000000E+00,0.000000E+00,0.000000E+00,0.000000E+00,0.000000E+00,2.110805E+01,7.994713E+01,2.388805E+01,5.619920E+01
18:30:00,8.012327E+03,2.079442E+03,5.578821E-01,1.836467E-01,0.000000E+00,0.000000E+00,0.000000E+00,0.000000E+00,0.000000E+00,0.000000E+00,0.000000E+00,0.000000E+00,2.110805E+01,7.994713E+01,2.388805E+01,5.621487E+01
18:31:00,8.012327E+03,2.076415E+03,5.578821E-01,1.833794E-01,0.000000E+00,0.000000E+00,0.000000E+00,0.000000E+00,0.000000E+00,0.000000E+00,0.000000E+00,0.000000E+00,2.110805E+01,7.994713E+01,2.388805E+01,5.623072E+01
18:32:00,8.012327E+03,2.073356E+03,5.578821E-01,1.831092E-01,0.000000E+00,0.000000E+00,0.000000E+00,0.000000E+00,0.000000E+00,0.000000E+00,0.000000E+00,0.000000E+00,2.110805E+01,7.994713E+01,2.388805E+01,5.624673E+01
18:33:00,8.012327E+03,2.070265E+03,5.578821E-01,1.828362E-01,0.000000E+00,0.000000E+00,0.000000E+00,0.000000E+00,0.000000E+00,0.000000E+00,0.000000E+00,0.000000E+00,2.110805E+01,7.994713E+01,2.388805E+01,5.626291E+01
18:34:00,8.012327E+03,2.067141E+03,5.578821E-01,1.825603E-01,0.000000E+00,0.000000E+00,0.000000E+00,0.000000E+00,0.000000E+00,0.000000E+00,0.000000E+00,0.000000E+00,2.110805E+01,7.994713E+01,2.388805E+01,5.627925E+01
18:35:00,8.012327E+03,2.063984E+03,5.578821E-01,1.822815E-01,0.000000E+00,0.000000E+00,0.000000E+00,0.000000E+00,0.000000E+00,0.000000E+00,0.000000E+00,0.000000E+00,2.110805E+01,7.994713E+01,2.388805E+01,5.629576E+01
18:36:00,8.012327E+03,2.060793E+03,5.578821E-01,1.819997E-01,0.000000E+00,0.000000E+00,0.000000E+00,0.000000E+00,0.000000E+00,0.000000E+00,0.000000E+00,0.000000E+00,2.110805E+01,7.994713E+01,2.388805E+01,5.631243E+01
18:37:00,8.012327E+03,2.057569E+03,5.578821E-01,1.817150E-01,0.000000E+00,0.000000E+00,0.000000E+00,0.000000E+00,0.000000E+00,0.000000E+00,0.000000E+00,0.000000E+00,2.110805E+01,7.994713E+01,2.388806E+01,5.632927E+01
18:38:00,8.012327E+03,2.054311E+03,5.578821E-01,1.814272E-01,0.000000E+00,0.000000E+00,0.000000E+00,0.000000E+00,0.000000E+00,0.000000E+00,0.000000E+00,0.000000E+00,2.110805E+01,7.994713E+01,2.388806E+01,5.634628E+01
18:39:00,8.012327E+03,2.050977E+03,5.578821E-01,1.811328E-01,0.000000E+00,0.000000E+00,0.000000E+00,0.000000E+00,0.000000E+00,0.000000E+00,0.000000E+00,0.000000E+00,2.110805E+01,7.994713E+01,2.388806E+01,5.636344E+01
18:40:00,8.012327E+03,2.047605E+03,5.578821E-01,1.808350E-01,0.000000E+00,0.000000E+00,0.000000E+00,0.000000E+00,0.000000E+00,0.000000E+00,0.000000E+00,0.000000E+00,2.110805E+01,7.994713E+01,2.388806E+01,5.638106E+01
18:41:00,8.012327E+03,2.044197E+03,5.578821E-01,1.805340E-01,0.000000E+00,0.000000E+00,0.000000E+00,0.000000E+00,0.000000E+00,0.000000E+00,0.000000E+00,0.000000E+00,2.110805E+01,7.994713E+01,2.388806E+01,5.639904E+01
18:42:00,8.012327E+03,2.040754E+03,5.578821E-01,1.802298E-01,0.000000E+00,0.000000E+00,0.000000E+00,0.000000E+00,0.000000E+00,0.000000E+00,0.000000E+00,0.000000E+00,2.110805E+01,7.994713E+01,2.388806E+01,5.641726E+01
18:43:00,8.012327E+03,2.037275E+03,5.578821E-01,1.799226E-01,0.000000E+00,0.000000E+00,0.000000E+00,0.000000E+00,0.000000E+00,0.000000E+00,0.000000E+00,0.000000E+00,2.110805E+01,7.994713E+01,2.388806E+01,5.643564E+01
18:44:00,8.012327E+03,2.033761E+03,5.578821E-01,1.796122E-01,0.000000E+00,0.000000E+00,0.000000E+00,0.000000E+00,0.000000E+00,0.000000E+00,0.000000E+00,0.000000E+00,2.110805E+01,7.994713E+01,2.388806E+01,5.645417E+01
18:45:00,8.012327E+03,2.030211E+03,5.578821E-01,1.792987E-01,0.000000E+00,0.000000E+00,0.000000E+00,0.000000E+00,0.000000E+00,0.000000E+00,0.000000E+00,0.000000E+00,2.110805E+01,7.994713E+01,2.388806E+01,5.647285E+01
18:46:00,8.012327E+03,2.026626E+03,5.578821E-01,1.789821E-01,0.000000E+00,0.000000E+00,0.000000E+00,0.000000E+00,0.000000E+00,0.000000E+00,0.000000E+00,0.000000E+00,2.110805E+01,7.994713E+01,2.388806E+01,5.649167E+01
18:47:00,8.012327E+03,2.023003E+03,5.578821E-01,1.786621E-01,0.000000E+00,0.000000E+00,0.000000E+00,0.000000E+00,0.000000E+00,0.000000E+00,0.000000E+00,0.000000E+00,2.110805E+01,7.994713E+01,2.388807E+01,5.651063E+01
18:48:00,8.012327E+03,2.019340E+03,5.578821E-01,1.783386E-01,0.000000E+00,0.000000E+00,0.000000E+00,0.000000E+00,0.000000E+00,0.000000E+00,0.000000E+00,0.000000E+00,2.110805E+01,7.994713E+01,2.388807E+01,5.652977E+01
18:49:00,8.012327E+03,2.015639E+03,5.578821E-01,1.780117E-01,0.000000E+00,0.000000E+00,0.000000E+00,0.000000E+00,0.000000E+00,0.000000E+00,0.000000E+00,0.000000E+00,2.110805E+01,7.994713E+01,2.388807E+01,5.654909E+01
18:50:00,8.012327E+03,2.011897E+03,5.578821E-01,1.776812E-01,0.000000E+00,0.000000E+00,0.000000E+00,0.000000E+00,0.000000E+00,0.000000E+00,0.000000E+00,0.000000E+00,2.110805E+01,7.994713E+01,2.388807E+01,5.656860E+01
18:51:00,8.012327E+03,2.008115E+03,5.578821E-01,1.773472E-01,0.000000E+00,0.000000E+00,0.000000E+00,0.000000E+00,0.000000E+00,0.000000E+00,0.000000E+00,0.000000E+00,2.110805E+01,7.994713E+01,2.388807E+01,5.658830E+01
18:52:00,8.012327E+03,2.004294E+03,5.578821E-01,1.770098E-01,0.000000E+00,0.000000E+00,0.000000E+00,0.000000E+00,0.000000E+00,0.000000E+00,0.000000E+00,0.000000E+00,2.110805E+01,7.994713E+01,2.388807E+01,5.660819E+01
18:53:00,8.012327E+03,2.000433E+03,5.578821E-01,1.766688E-01,0.000000E+00,0.000000E+00,0.000000E+00,0.000000E+00,0.000000E+00,0.000000E+00,0.000000E+00,0.000000E+00,2.110805E+01,7.994713E+01,2.388807E+01,5.662826E+01
18:54:00,8.012327E+03,1.996533E+03,5.578821E-01,1.763243E-01,0.000000E+00,0.000000E+00,0.000000E+00,0.000000E+00,0.000000E+00,0.000000E+00,0.000000E+00,0.000000E+00,2.110805E+01,7.994713E+01,2.388807E+01,5.664853E+01
18:55:00,8.012327E+03,1.992593E+03,5.578821E-01,1.759763E-01,0.000000E+00,0.000000E+00,0.000000E+00,0.000000E+00,0.000000E+00,0.000000E+00,0.000000E+00,0.000000E+00,2.110805E+01,7.994713E+01,2.388807E+01,5.666898E+01
18:56:00,8.012327E+03,1.988613E+03,5.578821E-01,1.756248E-01,0.000000E+00,0.000000E+00,0.000000E+00,0.000000E+00,0.000000E+00,0.000000E+00,0.000000E+00,0.000000E+00,2.110805E+01,7.994713E+01,2.388807E+01,5.668962E+01
18:57:00,8.012327E+03,1.984593E+03,5.578821E-01,1.752698E-01,0.000000E+00,0.000000E+00,0.000000E+00,0.000000E+00,0.000000E+00,0.000000E+00,0.000000E+00,0.000000E+00,2.110805E+01,7.994713E+01,2.388808E+01,5.671044E+01
18:58:00,8.012327E+03,1.980533E+03,5.578821E-01,1.749113E-01,0.000000E+00,0.000000E+00,0.000000E+00,0.000000E+00,0.000000E+00,0.000000E+00,0.000000E+00,0.000000E+00,2.110805E+01,7.994713E+01,2.388808E+01,5.673144E+01
18:59:00,8.012327E+03,1.976411E+03,5.578821E-01,1.745472E-01,0.000000E+00,0.000000E+00,0.000000E+00,0.000000E+00,0.000000E+00,0.000000E+00,0.000000E+00,0.000000E+00,2.110805E+01,7.994713E+01,2.388808E+01,5.675262E+01
19:00:00,8.012327E+03,1.972248E+03,5.578821E-01,1.741795E-01,0.000000E+00,0.000000E+00,0.000000E+00,0.000000E+00,0.000000E+00,0.000000E+00,0.000000E+00,0.000000E+00,2.110805E+01,7.994713E+01,2.388808E+01,5.677414E+01
19:01:00,8.012327E+03,1.968071E+03,5.578821E-01,1.738106E-01,0.000000E+00,0.000000E+00,0.000000E+00,0.000000E+00,0.000000E+00,0.000000E+00,0.000000E+00,0.000000E+00,2.110805E+01,7.994713E+01,2.388808E+01,5.679595E+01
19:02:00,8.012327E+03,1.963880E+03,5.578821E-01,1.734405E-01,0.000000E+00,0.000000E+00,0.000000E+00,0.000000E+00,0.000000E+00,0.000000E+00,0.000000E+00,0.000000E+00,2.110805E+01,7.994713E+01,2.388808E+01,5.681787E+01
19:03:00,8.012327E+03,1.959676E+03,5.578821E-01,1.730691E-01,0.000000E+00,0.000000E+00,0.000000E+00,0.000000E+00,0.000000E+00,0.000000E+00,0.000000E+00,0.000000E+00,2.110805E+01,7.994713E+01,2.388808E+01,5.683984E+01
19:04:00,8.012327E+03,1.955458E+03,5.578821E-01,1.726967E-01,0.000000E+00,0.000000E+00,0.000000E+00,0.000000E+00,0.000000E+00,0.000000E+00,0.000000E+00,0.000000E+00,2.110805E+01,7.994713E+01,2.388808E+01,5.686180E+01
19:05:00,8.012327E+03,1.951228E+03,5.578821E-01,1.723231E-01,0.000000E+00,0.000000E+00,0.000000E+00,0.000000E+00,0.000000E+00,0.000000E+00,0.000000E+00,0.000000E+00,2.110805E+01,7.994713E+01,2.388808E+01,5.688378E+01
19:06:00,8.012327E+03,1.946986E+03,5.578821E-01,1.719484E-01,0.000000E+00,0.000000E+00,0.000000E+00,0.000000E+00,0.000000E+00,0.000000E+00,0.000000E+00,0.000000E+00,2.110805E+01,7.994713E+01,2.388808E+01,5.690576E+01
19:07:00,8.012327E+03,1.942732E+03,5.578821E-01,1.715727E-01,0.000000E+00,0.000000E+00,0.000000E+00,0.000000E+00,0.000000E+00,0.000000E+00,0.000000E+00,0.000000E+00,2.110805E+01,7.994713E+01,2.388808E+01,5.692776E+01
19:08:00,8.012327E+03,1.938467E+03,5.578821E-01,1.711960E-01,0.000000E+00,0.000000E+00,0.000000E+00,0.000000E+00,0.000000E+00,0.000000E+00,0.000000E+00,0.000000E+00,2.110805E+01,7.994713E+01,2.388808E+01,5.694977E+01
19:09:00,8.012327E+03,1.934178E+03,5.578821E-01,1.708172E-01,0.000000E+00,0.000000E+00,0.000000E+00,0.000000E+00,0.000000E+00,0.000000E+00,0.000000E+00,0.000000E+00,2.110805E+01,7.994713E+01,2.388809E+01,5.697180E+01
19:10:00,8.012327E+03,1.929879E+03,5.578821E-01,1.704375E-01,0.000000E+00,0.000000E+00,0.000000E+00,0.000000E+00,0.000000E+00,0.000000E+00,0.000000E+00,0.000000E+00,2.110805E+01,7.994713E+01,2.388809E+01,5.699393E+01
19:11:00,8.012327E+03,1.925570E+03,5.578821E-01,1.700570E-01,0.000000E+00,0.000000E+00,0.000000E+00,0.000000E+00,0.000000E+00,0.000000E+00,0.000000E+00,0.000000E+00,2.110805E+01,7.994713E+01,2.388809E+01,5.701613E+01
19:12:00,8.012327E+03,1.921253E+03,5.578821E-01,1.696757E-01,0.000000E+00,0.000000E+00,0.000000E+00,0.000000E+00,0.000000E+00,0.000000E+00,0.000000E+00,0.000000E+00,2.110805E+01,7.994713E+01,2.388809E+01,5.703837E+01
19:13:00,8.012327E+03,1.916928E+03,5.578821E-01,1.692937E-01,0.000000E+00,0.000000E+00,0.000000E+00,0.000000E+00,0.000000E+00,0.000000E+00,0.000000E+00,0.000000E+00,2.110805E+01,7.994713E+01,2.388809E+01,5.706060E+01
19:14:00,8.012327E+03,1.912597E+03,5.578821E-01,1.689112E-01,0.000000E+00,0.000000E+00,0.000000E+00,0.000000E+00,0.000000E+00,0.000000E+00,0.000000E+00,0.000000E+00,2.110805E+01,7.994713E+01,2.388809E+01,5.708283E+01
19:15:00,8.012327E+03,1.908259E+03,5.578821E-01,1.685281E-01,0.000000E+00,0.000000E+00,0.000000E+00,0.000000E+00,0.000000E+00,0.000000E+00,0.000000E+00,0.000000E+00,2.110805E+01,7.994713E+01,2.388809E+01,5.710505E+01
19:16:00,8.012327E+03,1.903856E+03,5.578821E-01,1.681392E-01,0.000000E+00,0.000000E+00,0.000000E+00,0.000000E+00,0.000000E+00,0.000000E+00,0.000000E+00,0.000000E+00,2.110805E+01,7.994713E+01,2.388809E+01,5.712726E+01
19:17:00,8.012327E+03,1.899449E+03,5.578821E-01,1.677501E-01,0.000000E+00,0.000000E+00,0.000000E+00,0.000000E+00,0.000000E+00,0.000000E+00,0.000000E+00,0.000000E+00,2.110805E+01,7.994713E+01,2.388809E+01,5.714988E+01
19:18:00,8.012327E+03,1.895043E+03,5.578821E-01,1.673609E-01,0.000000E+00,0.000000E+00,0.000000E+00,0.000000E+00,0.000000E+00,0.000000E+00,0.000000E+00,0.000000E+00,2.110805E+01,7.994713E+01,2.388809E+01,5.717274E+01
19:19:00,8.012327E+03,1.890637E+03,5.578821E-01,1.669718E-01,0.000000E+00,0.000000E+00,0.000000E+00,0.000000E+00,0.000000E+00,0.000000E+00,0.000000E+00,0.000000E+00,2.110805E+01,7.994713E+01,2.388809E+01,5.719562E+01
19:20:00,8.012327E+03,1.886233E+03,5.578821E-01,1.665828E-01,0.000000E+00,0.000000E+00,0.000000E+00,0.000000E+00,0.000000E+00,0.000000E+00,0.000000E+00,0.000000E+00,2.110805E+01,7.994713E+01,2.388809E+01,5.721843E+01
19:21:00,8.012327E+03,1.881830E+03,5.578821E-01,1.661940E-01,0.000000E+00,0.000000E+00,0.000000E+00,0.000000E+00,0.000000E+00,0.000000E+00,0.000000E+00,0.000000E+00,2.110805E+01,7.994713E+01,2.388810E+01,5.724113E+01
19:22:00,8.012327E+03,1.877431E+03,5.578821E-01,1.658054E-01,0.000000E+00,0.000000E+00,0.000000E+00,0.000000E+00,0.000000E+00,0.000000E+00,0.000000E+00,0.000000E+00,2.110805E+01,7.994713E+01,2.388810E+01,5.726372E+01
19:23:00,8.012327E+03,1.873034E+03,5.578821E-01,1.654171E-01,0.000000E+00,0.000000E+00,0.000000E+00,0.000000E+00,0.000000E+00,0.000000E+00,0.000000E+00,0.000000E+00,2.110805E+01,7.994713E+01,2.388810E+01,5.728624E+01
19:24:00,8.012327E+03,1.868641E+03,5.578821E-01,1.650291E-01,0.000000E+00,0.000000E+00,0.000000E+00,0.000000E+00,0.000000E+00,0.000000E+00,0.000000E+00,0.000000E+00,2.110805E+01,7.994713E+01,2.388810E+01,5.730866E+01
19:25:00,8.012327E+03,1.864253E+03,5.578821E-01,1.646415E-01,0.000000E+00,0.000000E+00,0.000000E+00,0.000000E+00,0.000000E+00,0.000000E+00,0.000000E+00,0.000000E+00,2.110805E+01,7.994713E+01,2.388810E+01,5.733100E+01
19:26:00,8.012327E+03,1.859869E+03,5.578821E-01,1.642544E-01,0.000000E+00,0.000000E+00,0.000000E+00,0.000000E+00,0.000000E+00,0.000000E+00,0.000000E+00,0.000000E+00,2.110805E+01,7.994713E+01,2.388810E+01,5.735327E+01
19:27:00,8.012327E+03,1.855490E+03,5.578821E-01,1.638676E-01,0.000000E+00,0.000000E+00,0.000000E+00,0.000000E+00,0.000000E+00,0.000000E+00,0.000000E+00,0.000000E+00,2.110805E+01,7.994713E+01,2.388810E+01,5.737547E+01
19:28:00,8.012327E+03,1.851116E+03,5.578821E-01,1.634814E-01,0.000000E+00,0.000000E+00,0.000000E+00,0.000000E+00,0.000000E+00,0.000000E+00,0.000000E+00,0.000000E+00,2.110805E+01,7.994713E+01,2.388810E+01,5.739760E+01
19:29:00,8.012327E+03,1.846749E+03,5.578821E-01,1.630956E-01,0.000000E+00,0.000000E+00,0.000000E+00,0.000000E+00,0.000000E+00,0.000000E+00,0.000000E+00,0.000000E+00,2.110805E+01,7.994713E+01,2.388810E+01,5.741967E+01
19:30:00,8.012327E+03,1.842388E+03,5.578821E-01,1.627105E-01,0.000000E+00,0.000000E+00,0.000000E+00,0.000000E+00,0.000000E+00,0.000000E+00,0.000000E+00,0.000000E+00,2.110805E+01,7.994713E+01,2.388810E+01,5.744168E+01
19:31:00,8.012327E+03,1.838033E+03,5.578821E-01,1.623259E-01,0.000000E+00,0.000000E+00,0.000000E+00,0.000000E+00,0.000000E+00,0.000000E+00,0.000000E+00,0.000000E+00,2.110805E+01,7.994713E+01,2.388810E+01,5.746364E+01
19:32:00,8.012327E+03,1.833686E+03,5.578821E-01,1.619419E-01,0.000000E+00,0.000000E+00,0.000000E+00,0.000000E+00,0.000000E+00,0.000000E+00,0.000000E+00,0.000000E+00,2.110805E+01,7.994713E+01,2.388810E+01,5.748555E+01
19:33:00,8.012327E+03,1.829346E+03,5.578821E-01,1.615587E-01,0.000000E+00,0.000000E+00,0.000000E+00,0.000000E+00,0.000000E+00,0.000000E+00,0.000000E+00,0.000000E+00,2.110805E+01,7.994713E+01,2.388810E+01,5.750742E+01
19:34:00,8.012327E+03,1.825014E+03,5.578821E-01,1.611761E-01,0.000000E+00,0.000000E+00,0.000000E+00,0.000000E+00,0.000000E+00,0.000000E+00,0.000000E+00,0.000000E+00,2.110805E+01,7.994713E+01,2.388810E+01,5.752924E+01
19:35:00,8.012327E+03,1.820690E+03,5.578821E-01,1.607942E-01,0.000000E+00,0.000000E+00,0.000000E+00,0.000000E+00,0.000000E+00,0.000000E+00,0.000000E+00,0.000000E+00,2.110805E+01,7.994713E+01,2.388810E+01,5.755104E+01
19:36:00,8.012327E+03,1.816375E+03,5.578821E-01,1.604131E-01,0.000000E+00,0.000000E+00,0.000000E+00,0.000000E+00,0.000000E+00,0.000000E+00,0.000000E+00,0.000000E+00,2.110805E+01,7.994713E+01,2.388810E+01,5.757279E+01
19:37:00,8.012327E+03,1.812069E+03,5.578821E-01,1.600328E-01,0.000000E+00,0.000000E+00,0.000000E+00,0.000000E+00,0.000000E+00,0.000000E+00,0.000000E+00,0.000000E+00,2.110805E+01,7.994713E+01,2.388810E+01,5.759452E+01
19:38:00,8.012327E+03,1.807773E+03,5.578821E-01,1.596534E-01,0.000000E+00,0.000000E+00,0.000000E+00,0.000000E+00,0.000000E+00,0.000000E+00,0.000000E+00,0.000000E+00,2.110805E+01,7.994713E+01,2.388811E+01,5.761622E+01
19:39:00,8.012327E+03,1.803529E+03,5.578821E-01,1.592785E-01,0.000000E+00,0.000000E+00,0.000000E+00,0.000000E+00,0.000000E+00,0.000000E+00,0.000000E+00,0.000000E+00,2.110805E+01,7.994713E+01,2.388811E+01,5.763790E+01
19:40:00,8.012327E+03,1.799298E+03,5.578821E-01,1.589049E-01,0.000000E+00,0.000000E+00,0.000000E+00,0.000000E+00,0.000000E+00,0.000000E+00,0.000000E+00,0.000000E+00,2.110805E+01,7.994713E+01,2.388811E+01,5.765956E+01
19:41:00,8.012327E+03,1.795080E+03,5.578821E-01,1.585324E-01,0.000000E+00,0.000000E+00,0.000000E+00,0.000000E+00,0.000000E+00,0.000000E+00,0.000000E+00,0.000000E+00,2.110805E+01,7.994713E+01,2.388811E+01,5.768121E+01
19:42:00,8.012327E+03,1.790874E+03,5.578821E-01,1.581609E-01,0.000000E+00,0.000000E+00,0.000000E+00,0.000000E+00,0.000000E+00,0.000000E+00,0.000000E+00,0.000000E+00,2.110805E+01,7.994713E+01,2.388811E+01,5.770285E+01
19:43:00,8.012327E+03,1.786679E+03,5.578821E-01,1.577904E-01,0.000000E+00,0.000000E+00,0.000000E+00,0.000000E+00,0.000000E+00,0.000000E+00,0.000000E+00,0.000000E+00,2.110805E+01,7.994713E+01,2.388811E+01,5.772447E+01
19:44:00,8.012327E+03,1.782497E+03,5.578821E-01,1.574211E-01,0.000000E+00,0.000000E+00,0.000000E+00,0.000000E+00,0.000000E+00,0.000000E+00,0.000000E+00,0.000000E+00,2.110805E+01,7.994713E+01,2.388811E+01,5.774609E+01
19:45:00,8.012327E+03,1.778328E+03,5.578821E-01,1.570528E-01,0.000000E+00,0.000000E+00,0.000000E+00,0.000000E+00,0.000000E+00,0.000000E+00,0.000000E+00,0.000000E+00,2.110805E+01,7.994713E+01,2.388811E+01,5.776770E+01
19:46:00,8.012327E+03,1.774171E+03,5.578821E-01,1.566857E-01,0.000000E+00,0.000000E+00,0.000000E+00,0.000000E+00,0.000000E+00,0.000000E+00,0.000000E+00,0.000000E+00,2.110805E+01,7.994713E+01,2.388811E+01,5.778931E+01
19:47:00,8.012327E+03,1.770030E+03,5.578821E-01,1.563200E-01,0.000000E+00,0.000000E+00,0.000000E+00,0.000000E+00,0.000000E+00,0.000000E+00,0.000000E+00,0.000000E+00,2.110805E+01,7.994713E+01,2.388811E+01,5.781092E+01
19:48:00,8.012327E+03,1.765906E+03,5.578821E-01,1.559557E-01,0.000000E+00,0.000000E+00,0.000000E+00,0.000000E+00,0.000000E+00,0.000000E+00,0.000000E+00,0.000000E+00,2.110805E+01,7.994713E+01,2.388811E+01,5.783254E+01
19:49:00,8.012327E+03,1.761798E+03,5.578821E-01,1.555930E-01,0.000000E+00,0.000000E+00,0.000000E+00,0.000000E+00,0.000000E+00,0.000000E+00,0.000000E+00,0.000000E+00,2.110805E+01,7.994713E+01,2.388811E+01,5.785416E+01
19:50:00,8.012327E+03,1.757709E+03,5.578821E-01,1.552318E-01,0.000000E+00,0.000000E+00,0.000000E+00,0.000000E+00,0.000000E+00,0.000000E+00,0.000000E+00,0.000000E+00,2.110805E+01,7.994713E+01,2.388811E+01,5.787579E+01
19:51:00,8.012327E+03,1.753637E+03,5.578821E-01,1.548722E-01,0.000000E+00,0.000000E+00,0.000000E+00,0.000000E+00,0.000000E+00,0.000000E+00,0.000000E+00,0.000000E+00,2.110805E+01,7.994713E+01,2.388811E+01,5.789742E+01
19:52:00,8.012327E+03,1.749584E+03,5.578821E-01,1.545143E-01,0.000000E+00,0.000000E+00,0.000000E+00,0.000000E+00,0.000000E+00,0.000000E+00,0.000000E+00,0.000000E+00,2.110805E+01,7.994713E+01,2.388811E+01,5.791907E+01
19:53:00,8.012327E+03,1.745549E+03,5.578821E-01,1.541579E-01,0.000000E+00,0.000000E+00,0.000000E+00,0.000000E+00,0.000000E+00,0.000000E+00,0.000000E+00,0.000000E+00,2.110805E+01,7.994713E+01,2.388812E+01,5.794073E+01
19:54:00,8.012327E+03,1.741533E+03,5.578821E-01,1.538032E-01,0.000000E+00,0.000000E+00,0.000000E+00,0.000000E+00,0.000000E+00,0.000000E+00,0.000000E+00,0.000000E+00,2.110805E+01,7.994713E+01,2.388812E+01,5.796241E+01
19:55:00,8.012327E+03,1.737537E+03,5.578821E-01,1.534503E-01,0.000000E+00,0.000000E+00,0.000000E+00,0.000000E+00,0.000000E+00,0.000000E+00,0.000000E+00,0.000000E+00,2.110805E+01,7.994713E+01,2.388812E+01,5.798410E+01
19:56:00,8.012327E+03,1.733560E+03,5.578821E-01,1.530990E-01,0.000000E+00,0.000000E+00,0.000000E+00,0.000000E+00,0.000000E+00,0.000000E+00,0.000000E+00,0.000000E+00,2.110805E+01,7.994713E+01,2.388812E+01,5.800582E+01
19:57:00,8.012327E+03,1.729602E+03,5.578821E-01,1.527495E-01,0.000000E+00,0.000000E+00,0.000000E+00,0.000000E+00,0.000000E+00,0.000000E+00,0.000000E+00,0.000000E+00,2.110805E+01,7.994713E+01,2.388812E+01,5.802755E+01
19:58:00,8.012327E+03,1.725665E+03,5.578821E-01,1.524018E-01,0.000000E+00,0.000000E+00,0.000000E+00,0.000000E+00,0.000000E+00,0.000000E+00,0.000000E+00,0.000000E+00,2.110805E+01,7.994713E+01,2.388812E+01,5.804930E+01
19:59:00,8.012327E+03,1.721771E+03,5.578821E-01,1.520579E-01,0.000000E+00,0.000000E+00,0.000000E+00,0.000000E+00,0.000000E+00,0.000000E+00,0.000000E+00,0.000000E+00,2.110805E+01,7.994713E+01,2.388812E+01,5.807107E+01
20:00:00,8.012327E+03,1.717898E+03,5.578821E-01,1.517159E-01,0.000000E+00,0.000000E+00,0.000000E+00,0.000000E+00,0.000000E+00,0.000000E+00,0.000000E+00,0.000000E+00,2.110805E+01,7.994713E+01,2.388812E+01,5.809288E+01
20:01:00,8.012327E+03,1.714041E+03,5.578821E-01,1.513752E-01,0.000000E+00,0.000000E+00,0.000000E+00,0.000000E+00,0.000000E+00,0.000000E+00,0.000000E+00,0.000000E+00,2.110805E+01,7.994713E+01,2.388812E+01,5.811470E+01
20:02:00,8.012327E+03,1.710198E+03,5.578821E-01,1.510358E-01,0.000000E+00,0.000000E+00,0.000000E+00,0.000000E+00,0.000000E+00,0.000000E+00,0.000000E+00,0.000000E+00,2.110805E+01,7.994713E+01,2.388812E+01,5.813651E+01
20:03:00,8.012327E+03,1.706370E+03,5.578821E-01,1.506978E-01,0.000000E+00,0.000000E+00,0.000000E+00,0.000000E+00,0.000000E+00,0.000000E+00,0.000000E+00,0.000000E+00,2.110805E+01,7.994713E+01,2.388812E+01,5.815827E+01
20:04:00,8.012327E+03,1.702557E+03,5.578821E-01,1.503610E-01,0.000000E+00,0.000000E+00,0.000000E+00,0.000000E+00,0.000000E+00,0.000000E+00,0.000000E+00,0.000000E+00,2.110805E+01,7.994713E+01,2.388812E+01,5.817999E+01
20:05:00,8.012327E+03,1.698758E+03,5.578821E-01,1.500255E-01,0.000000E+00,0.000000E+00,0.000000E+00,0.000000E+00,0.000000E+00,0.000000E+00,0.000000E+00,0.000000E+00,2.110805E+01,7.994713E+01,2.388812E+01,5.820166E+01
20:06:00,8.012327E+03,1.694974E+03,5.578821E-01,1.496912E-01,0.000000E+00,0.000000E+00,0.000000E+00,0.000000E+00,0.000000E+00,0.000000E+00,0.000000E+00,0.000000E+00,2.110805E+01,7.994713E+01,2.388812E+01,5.822329E+01
20:07:00,8.012327E+03,1.691204E+03,5.578821E-01,1.493583E-01,0.000000E+00,0.000000E+00,0.000000E+00,0.000000E+00,0.000000E+00,0.000000E+00,0.000000E+00,0.000000E+00,2.110805E+01,7.994713E+01,2.388812E+01,5.824488E+01
20:08:00,8.012327E+03,1.687447E+03,5.578821E-01,1.490265E-01,0.000000E+00,0.000000E+00,0.000000E+00,0.000000E+00,0.000000E+00,0.000000E+00,0.000000E+00,0.000000E+00,2.110805E+01,7.994713E+01,2.388813E+01,5.826644E+01
20:09:00,8.012327E+03,1.683718E+03,5.578821E-01,1.486972E-01,0.000000E+00,0.000000E+00,0.000000E+00,0.000000E+00,0.000000E+00,0.000000E+00,0.000000E+00,0.000000E+00,2.110805E+01,7.994713E+01,2.388813E+01,5.828797E+01
20:10:00,8.012327E+03,1.680003E+03,5.578821E-01,1.483691E-01,0.000000E+00,0.000000E+00,0.000000E+00,0.000000E+00,0.000000E+00,0.000000E+00,0.000000E+00,0.000000E+00,2.110805E+01,7.994713E+01,2.388813E+01,5.830947E+01
20:11:00,8.012327E+03,1.676302E+03,5.578821E-01,1.480422E-01,0.000000E+00,0.000000E+00,0.000000E+00,0.000000E+00,0.000000E+00,0.000000E+00,0.000000E+00,0.000000E+00,2.110805E+01,7.994713E+01,2.388813E+01,5.833094E+01
20:12:00,8.012327E+03,1.672613E+03,5.578821E-01,1.477164E-01,0.000000E+00,0.000000E+00,0.000000E+00,0.000000E+00,0.000000E+00,0.000000E+00,0.000000E+00,0.000000E+00,2.110805E+01,7.994713E+01,2.388813E+01,5.835240E+01
20:13:00,8.012327E+03,1.668936E+03,5.578821E-01,1.473917E-01,0.000000E+00,0.000000E+00,0.000000E+00,0.000000E+00,0.000000E+00,0.000000E+00,0.000000E+00,0.000000E+00,2.110805E+01,7.994713E+01,2.388813E+01,5.837383E+01
20:14:00,8.012327E+03,1.665271E+03,5.578821E-01,1.470680E-01,0.000000E+00,0.000000E+00,0.000000E+00,0.000000E+00,0.000000E+00,0.000000E+00,0.000000E+00,0.000000E+00,2.110805E+01,7.994713E+01,2.388813E+01,5.839525E+01
20:15:00,8.012327E+03,1.661618E+03,5.578821E-01,1.467454E-01,0.000000E+00,0.000000E+00,0.000000E+00,0.000000E+00,0.000000E+00,0.000000E+00,0.000000E+00,0.000000E+00,2.110805E+01,7.994713E+01,2.388813E+01,5.841665E+01
20:16:00,8.012327E+03,1.658037E+03,5.578821E-01,1.464291E-01,0.000000E+00,0.000000E+00,0.000000E+00,0.000000E+00,0.000000E+00,0.000000E+00,0.000000E+00,0.000000E+00,2.110805E+01,7.994713E+01,2.388813E+01,5.843803E+01
20:17:00,8.012327E+03,1.654465E+03,5.578821E-01,1.461136E-01,0.000000E+00,0.000000E+00,0.000000E+00,0.000000E+00,0.000000E+00,0.000000E+00,0.000000E+00,0.000000E+00,2.110805E+01,7.994713E+01,2.388813E+01,5.845941E+01
20:18:00,8.012327E+03,1.650900E+03,5.578821E-01,1.457988E-01,0.000000E+00,0.000000E+00,0.000000E+00,0.000000E+00,0.000000E+00,0.000000E+00,0.000000E+00,0.000000E+00,2.110805E+01,7.994713E+01,2.388813E+01,5.848078E+01
20:19:00,8.012327E+03,1.647342E+03,5.578821E-01,1.454845E-01,0.000000E+00,0.000000E+00,0.000000E+00,0.000000E+00,0.000000E+00,0.000000E+00,0.000000E+00,0.000000E+00,2.110805E+01,7.994713E+01,2.388813E+01,5.850214E+01
20:20:00,8.012327E+03,1.643789E+03,5.578821E-01,1.451708E-01,0.000000E+00,0.000000E+00,0.000000E+00,0.000000E+00,0.000000E+00,0.000000E+00,0.000000E+00,0.000000E+00,2.110805E+01,7.994713E+01,2.388813E+01,5.852350E+01
20:21:00,8.012327E+03,1.640243E+03,5.578821E-01,1.448576E-01,0.000000E+00,0.000000E+00,0.000000E+00,0.000000E+00,0.000000E+00,0.000000E+00,0.000000E+00,0.000000E+00,2.110805E+01,7.994713E+01,2.388813E+01,5.854484E+01
20:22:00,8.012327E+03,1.636703E+03,5.578821E-01,1.445449E-01,0.000000E+00,0.000000E+00,0.000000E+00,0.000000E+00,0.000000E+00,0.000000E+00,0.000000E+00,0.000000E+00,2.110805E+01,7.994713E+01,2.388813E+01,5.856619E+01
20:23:00,8.012327E+03,1.633168E+03,5.578821E-01,1.442328E-01,0.000000E+00,0.000000E+00,0.000000E+00,0.000000E+00,0.000000E+00,0.000000E+00,0.000000E+00,0.000000E+00,2.110805E+01,7.994713E+01,2.388813E+01,5.858754E+01
20:24:00,8.012327E+03,1.629640E+03,5.578821E-01,1.439211E-01,0.000000E+00,0.000000E+00,0.000000E+00,0.000000E+00,0.000000E+00,0.000000E+00,0.000000E+00,0.000000E+00,2.110805E+01,7.994713E+01,2.388814E+01,5.860888E+01
20:25:00,8.012327E+03,1.626117E+03,5.578821E-01,1.436100E-01,0.000000E+00,0.000000E+00,0.000000E+00,0.000000E+00,0.000000E+00,0.000000E+00,0.000000E+00,0.000000E+00,2.110805E+01,7.994713E+01,2.388814E+01,5.863023E+01
20:26:00,8.012327E+03,1.622599E+03,5.578821E-01,1.432993E-01,0.000000E+00,0.000000E+00,0.000000E+00,0.000000E+00,0.000000E+00,0.000000E+00,0.000000E+00,0.000000E+00,2.110805E+01,7.994713E+01,2.388814E+01,5.865158E+01
20:27:00,8.012327E+03,1.619088E+03,5.578821E-01,1.429892E-01,0.000000E+00,0.000000E+00,0.000000E+00,0.000000E+00,0.000000E+00,0.000000E+00,0.000000E+00,0.000000E+00,2.110805E+01,7.994713E+01,2.388814E+01,5.867293E+01
20:28:00,8.012327E+03,1.615582E+03,5.578821E-01,1.426796E-01,0.000000E+00,0.000000E+00,0.000000E+00,0.000000E+00,0.000000E+00,0.000000E+00,0.000000E+00,0.000000E+00,2.110805E+01,7.994713E+01,2.388814E+01,5.869428E+01
20:29:00,8.012327E+03,1.612082E+03,5.578821E-01,1.423705E-01,0.000000E+00,0.000000E+00,0.000000E+00,0.000000E+00,0.000000E+00,0.000000E+00,0.000000E+00,0.000000E+00,2.110805E+01,7.994713E+01,2.388814E+01,5.871564E+01
20:30:00,8.012327E+03,1.608588E+03,5.578821E-01,1.420619E-01,0.000000E+00,0.000000E+00,0.000000E+00,0.000000E+00,0.000000E+00,0.000000E+00,0.000000E+00,0.000000E+00,2.110805E+01,7.994713E+01,2.388814E+01,5.873700E+01
20:31:00,8.012327E+03,1.605100E+03,5.578821E-01,1.417538E-01,0.000000E+00,0.000000E+00,0.000000E+00,0.000000E+00,0.000000E+00,0.000000E+00,0.000000E+00,0.000000E+00,2.110805E+01,7.994713E+01,2.388814E+01,5.875837E+01
20:32:00,8.012327E+03,1.601617E+03,5.578821E-01,1.414463E-01,0.000000E+00,0.000000E+00,0.000000E+00,0.000000E+00,0.000000E+00,0.000000E+00,0.000000E+00,0.000000E+00,2.110805E+01,7.994713E+01,2.388814E+01,5.877975E+01
20:33:00,8.012327E+03,1.598141E+03,5.578821E-01,1.411392E-01,0.000000E+00,0.000000E+00,0.000000E+00,0.000000E+00,0.000000E+00,0.000000E+00,0.000000E+00,0.000000E+00,2.110805E+01,7.994713E+01,2.388814E+01,5.880114E+01
20:34:00,8.012327E+03,1.594670E+03,5.578821E-01,1.408327E-01,0.000000E+00,0.000000E+00,0.000000E+00,0.000000E+00,0.000000E+00,0.000000E+00,0.000000E+00,0.000000E+00,2.110805E+01,7.994713E+01,2.388814E+01,5.882254E+01
20:35:00,8.012327E+03,1.591206E+03,5.578821E-01,1.405268E-01,0.000000E+00,0.000000E+00,0.000000E+00,0.000000E+00,0.000000E+00,0.000000E+00,0.000000E+00,0.000000E+00,2.110805E+01,7.994713E+01,2.388814E+01,5.884395E+01
20:36:00,8.012327E+03,1.587748E+03,5.578821E-01,1.402213E-01,0.000000E+00,0.000000E+00,0.000000E+00,0.000000E+00,0.000000E+00,0.000000E+00,0.000000E+00,0.000000E+00,2.110805E+01,7.994713E+01,2.388814E+01,5.886538E+01
20:37:00,8.012327E+03,1.584295E+03,5.578821E-01,1.399164E-01,0.000000E+00,0.000000E+00,0.000000E+00,0.000000E+00,0.000000E+00,0.000000E+00,0.000000E+00,0.000000E+00,2.110805E+01,7.994713E+01,2.388814E+01,5.888682E+01
20:38:00,8.012327E+03,1.580849E+03,5.578821E-01,1.396121E-01,0.000000E+00,0.000000E+00,0.000000E+00,0.000000E+00,0.000000E+00,0.000000E+00,0.000000E+00,0.000000E+00,2.110805E+01,7.994713E+01,2.388815E+01,5.890828E+01
20:39:00,8.012327E+03,1.577409E+03,5.578821E-01,1.393083E-01,0.000000E+00,0.000000E+00,0.000000E+00,0.000000E+00,0.000000E+00,0.000000E+00,0.000000E+00,0.000000E+00,2.110805E+01,7.994713E+01,2.388815E+01,5.892975E+01
20:40:00,8.012327E+03,1.573976E+03,5.578821E-01,1.390051E-01,0.000000E+00,0.000000E+00,0.000000E+00,0.000000E+00,0.000000E+00,0.000000E+00,0.000000E+00,0.000000E+00,2.110805E+01,7.994713E+01,2.388815E+01,5.895124E+01
20:41:00,8.012327E+03,1.570549E+03,5.578821E-01,1.387024E-01,0.000000E+00,0.000000E+00,0.000000E+00,0.000000E+00,0.000000E+00,0.000000E+00,0.000000E+00,0.000000E+00,2.110805E+01,7.994713E+01,2.388815E+01,5.897274E+01
20:42:00,8.012327E+03,1.567128E+03,5.578821E-01,1.384003E-01,0.000000E+00,0.000000E+00,0.000000E+00,0.000000E+00,0.000000E+00,0.000000E+00,0.000000E+00,0.000000E+00,2.110805E+01,7.994713E+01,2.388815E+01,5.899427E+01
20:43:00,8.012327E+03,1.563714E+03,5.578821E-01,1.380988E-01,0.000000E+00,0.000000E+00,0.000000E+00,0.000000E+00,0.000000E+00,0.000000E+00,0.000000E+00,0.000000E+00,2.110805E+01,7.994713E+01,2.388815E+01,5.901581E+01
20:44:00,8.012327E+03,1.560306E+03,5.578821E-01,1.377978E-01,0.000000E+00,0.000000E+00,0.000000E+00,0.000000E+00,0.000000E+00,0.000000E+00,0.000000E+00,0.000000E+00,2.110805E+01,7.994713E+01,2.388815E+01,5.903737E+01
20:45:00,8.012327E+03,1.556905E+03,5.578821E-01,1.374974E-01,0.000000E+00,0.000000E+00,0.000000E+00,0.000000E+00,0.000000E+00,0.000000E+00,0.000000E+00,0.000000E+00,2.110805E+01,7.994713E+01,2.388815E+01,5.905896E+01
20:46:00,8.012327E+03,1.553511E+03,5.578821E-01,1.371977E-01,0.000000E+00,0.000000E+00,0.000000E+00,0.000000E+00,0.000000E+00,0.000000E+00,0.000000E+00,0.000000E+00,2.110805E+01,7.994713E+01,2.388815E+01,5.908056E+01
20:47:00,8.012327E+03,1.550124E+03,5.578821E-01,1.368985E-01,0.000000E+00,0.000000E+00,0.000000E+00,0.000000E+00,0.000000E+00,0.000000E+00,0.000000E+00,0.000000E+00,2.110805E+01,7.994713E+01,2.388815E+01,5.910219E+01
20:48:00,8.012327E+03,1.546743E+03,5.578821E-01,1.365999E-01,0.000000E+00,0.000000E+00,0.000000E+00,0.000000E+00,0.000000E+00,0.000000E+00,0.000000E+00,0.000000E+00,2.110805E+01,7.994713E+01,2.388815E+01,5.912383E+01
20:49:00,8.012327E+03,1.543369E+03,5.578821E-01,1.363019E-01,0.000000E+00,0.000000E+00,0.000000E+00,0.000000E+00,0.000000E+00,0.000000E+00,0.000000E+00,0.000000E+00,2.110805E+01,7.994713E+01,2.388815E+01,5.914550E+01
20:50:00,8.012327E+03,1.540002E+03,5.578821E-01,1.360046E-01,0.000000E+00,0.000000E+00,0.000000E+00,0.000000E+00,0.000000E+00,0.000000E+00,0.000000E+00,0.000000E+00,2.110805E+01,7.994713E+01,2.388815E+01,5.916719E+01
20:51:00,8.012327E+03,1.536642E+03,5.578821E-01,1.357079E-01,0.000000E+00,0.000000E+00,0.000000E+00,0.000000E+00,0.000000E+00,0.000000E+00,0.000000E+00,0.000000E+00,2.110805E+01,7.994713E+01,2.388816E+01,5.918890E+01
20:52:00,8.012327E+03,1.533289E+03,5.578821E-01,1.354117E-01,0.000000E+00,0.000000E+00,0.000000E+00,0.000000E+00,0.000000E+00,0.000000E+00,0.000000E+00,0.000000E+00,2.110805E+01,7.994713E+01,2.388816E+01,5.921064E+01
20:53:00,8.012327E+03,1.529944E+03,5.578821E-01,1.351163E-01,0.000000E+00,0.000000E+00,0.000000E+00,0.000000E+00,0.000000E+00,0.000000E+00,0.000000E+00,0.000000E+00,2.110805E+01,7.994713E+01,2.388816E+01,5.923240E+01
20:54:00,8.012327E+03,1.526605E+03,5.578821E-01,1.348214E-01,0.000000E+00,0.000000E+00,0.000000E+00,0.000000E+00,0.000000E+00,0.000000E+00,0.000000E+00,0.000000E+00,2.110805E+01,7.994713E+01,2.388816E+01,5.925418E+01
20:55:00,8.012327E+03,1.523274E+03,5.578821E-01,1.345272E-01,0.000000E+00,0.000000E+00,0.000000E+00,0.000000E+00,0.000000E+00,0.000000E+00,0.000000E+00,0.000000E+00,2.110805E+01,7.994713E+01,2.388816E+01,5.927599E+01
20:56:00,8.012327E+03,1.519950E+03,5.578821E-01,1.342337E-01,0.000000E+00,0.000000E+00,0.000000E+00,0.000000E+00,0.000000E+00,0.000000E+00,0.000000E+00,0.000000E+00,2.110805E+01,7.994713E+01,2.388816E+01,5.929782E+01
20:57:00,8.012327E+03,1.516634E+03,5.578821E-01,1.339408E-01,0.000000E+00,0.000000E+00,0.000000E+00,0.000000E+00,0.000000E+00,0.000000E+00,0.000000E+00,0.000000E+00,2.110805E+01,7.994713E+01,2.388816E+01,5.931968E+01
20:58:00,8.012327E+03,1.513325E+03,5.578821E-01,1.336485E-01,0.000000E+00,0.000000E+00,0.000000E+00,0.000000E+00,0.000000E+00,0.000000E+00,0.000000E+00,0.000000E+00,2.110805E+01,7.994713E+01,2.388816E+01,5.934156E+01
20:59:00,8.012327E+03,1.510023E+03,5.578821E-01,1.333569E-01,0.000000E+00,0.000000E+00,0.000000E+00,0.000000E+00,0.000000E+00,0.000000E+00,0.000000E+00,0.000000E+00,2.110805E+01,7.994713E+01,2.388816E+01,5.936346E+01
21:00:00,8.012327E+03,1.506729E+03,5.578821E-01,1.330660E-01,0.000000E+00,0.000000E+00,0.000000E+00,0.000000E+00,0.000000E+00,0.000000E+00,0.000000E+00,0.000000E+00,2.110805E+01,7.994713E+01,2.388816E+01,5.938539E+01
21:01:00,8.012327E+03,1.503437E+03,5.578821E-01,1.327753E-01,0.000000E+00,0.000000E+00,0.000000E+00,0.000000E+00,0.000000E+00,0.000000E+00,0.000000E+00,0.000000E+00,2.110805E+01,7.994713E+01,2.388816E+01,5.940735E+01
21:02:00,8.012327E+03,1.500147E+03,5.578821E-01,1.324847E-01,0.000000E+00,0.000000E+00,0.000000E+00,0.000000E+00,0.000000E+00,0.000000E+00,0.000000E+00,0.000000E+00,2.110805E+01,7.994713E+01,2.388816E+01,5.942933E+01
21:03:00,8.012327E+03,1.496859E+03,5.578821E-01,1.321944E-01,0.000000E+00,0.000000E+00,0.000000E+00,0.000000E+00,0.000000E+00,0.000000E+00,0.000000E+00,0.000000E+00,2.110805E+01,7.994713E+01,2.388816E+01,5.945133E+01
21:04:00,8.012327E+03,1.493574E+03,5.578821E-01,1.319042E-01,0.000000E+00,0.000000E+00,0.000000E+00,0.000000E+00,0.000000E+00,0.000000E+00,0.000000E+00,0.000000E+00,2.110805E+01,7.994713E+01,2.388817E+01,5.947337E+01
21:05:00,8.012327E+03,1.490290E+03,5.578821E-01,1.316142E-01,0.000000E+00,0.000000E+00,0.000000E+00,0.000000E+00,0.000000E+00,0.000000E+00,0.000000E+00,0.000000E+00,2.110805E+01,7.994713E+01,2.388817E+01,5.949543E+01
21:06:00,8.012327E+03,1.487009E+03,5.578821E-01,1.313244E-01,0.000000E+00,0.000000E+00,0.000000E+00,0.000000E+00,0.000000E+00,0.000000E+00,0.000000E+00,0.000000E+00,2.110805E+01,7.994713E+01,2.388817E+01,5.951751E+01
21:07:00,8.012327E+03,1.483731E+03,5.578821E-01,1.310349E-01,0.000000E+00,0.000000E+00,0.000000E+00,0.000000E+00,0.000000E+00,0.000000E+00,0.000000E+00,0.000000E+00,2.110805E+01,7.994713E+01,2.388817E+01,5.953962E+01
21:08:00,8.012327E+03,1.480454E+03,5.578821E-01,1.307455E-01,0.000000E+00,0.000000E+00,0.000000E+00,0.000000E+00,0.000000E+00,0.000000E+00,0.000000E+00,0.000000E+00,2.110805E+01,7.994713E+01,2.388817E+01,5.956175E+01
21:09:00,8.012327E+03,1.477181E+03,5.578821E-01,1.304564E-01,0.000000E+00,0.000000E+00,0.000000E+00,0.000000E+00,0.000000E+00,0.000000E+00,0.000000E+00,0.000000E+00,2.110805E+01,7.994713E+01,2.388817E+01,5.958391E+01
21:10:00,8.012327E+03,1.473909E+03,5.578821E-01,1.301675E-01,0.000000E+00,0.000000E+00,0.000000E+00,0.000000E+00,0.000000E+00,0.000000E+00,0.000000E+00,0.000000E+00,2.110805E+01,7.994713E+01,2.388817E+01,5.960610E+01
21:11:00,8.012327E+03,1.470640E+03,5.578821E-01,1.298788E-01,0.000000E+00,0.000000E+00,0.000000E+00,0.000000E+00,0.000000E+00,0.000000E+00,0.000000E+00,0.000000E+00,2.110805E+01,7.994713E+01,2.388817E+01,5.962832E+01
21:12:00,8.012327E+03,1.467374E+03,5.578821E-01,1.295903E-01,0.000000E+00,0.000000E+00,0.000000E+00,0.000000E+00,0.000000E+00,0.000000E+00,0.000000E+00,0.000000E+00,2.110805E+01,7.994713E+01,2.388817E+01,5.965055E+01
21:13:00,8.012327E+03,1.464110E+03,5.578821E-01,1.293021E-01,0.000000E+00,0.000000E+00,0.000000E+00,0.000000E+00,0.000000E+00,0.000000E+00,0.000000E+00,0.000000E+00,2.110805E+01,7.994713E+01,2.388817E+01,5.967282E+01
21:14:00,8.012327E+03,1.460849E+03,5.578821E-01,1.290141E-01,0.000000E+00,0.000000E+00,0.000000E+00,0.000000E+00,0.000000E+00,0.000000E+00,0.000000E+00,0.000000E+00,2.110805E+01,7.994713E+01,2.388817E+01,5.969511E+01
21:15:00,8.012327E+03,1.457591E+03,5.578821E-01,1.287263E-01,0.000000E+00,0.000000E+00,0.000000E+00,0.000000E+00,0.000000E+00,0.000000E+00,0.000000E+00,0.000000E+00,2.110805E+01,7.994713E+01,2.388817E+01,5.971743E+01
21:16:00,8.012327E+03,1.454336E+03,5.578821E-01,1.284388E-01,0.000000E+00,0.000000E+00,0.000000E+00,0.000000E+00,0.000000E+00,0.000000E+00,0.000000E+00,0.000000E+00,2.110805E+01,7.994713E+01,2.388817E+01,5.973977E+01
21:17:00,8.012327E+03,1.451083E+03,5.578821E-01,1.281515E-01,0.000000E+00,0.000000E+00,0.000000E+00,0.000000E+00,0.000000E+00,0.000000E+00,0.000000E+00,0.000000E+00,2.110805E+01,7.994713E+01,2.388818E+01,5.976214E+01
21:18:00,8.012327E+03,1.447833E+03,5.578821E-01,1.278645E-01,0.000000E+00,0.000000E+00,0.000000E+00,0.000000E+00,0.000000E+00,0.000000E+00,0.000000E+00,0.000000E+00,2.110805E+01,7.994713E+01,2.388818E+01,5.978454E+01
21:19:00,8.012327E+03,1.444586E+03,5.578821E-01,1.275777E-01,0.000000E+00,0.000000E+00,0.000000E+00,0.000000E+00,0.000000E+00,0.000000E+00,0.000000E+00,0.000000E+00,2.110805E+01,7.994713E+01,2.388818E+01,5.980696E+01
21:20:00,8.012327E+03,1.441342E+03,5.578821E-01,1.272912E-01,0.000000E+00,0.000000E+00,0.000000E+00,0.000000E+00,0.000000E+00,0.000000E+00,0.000000E+00,0.000000E+00,2.110805E+01,7.994713E+01,2.388818E+01,5.982941E+01
21:21:00,8.012327E+03,1.438100E+03,5.578821E-01,1.270049E-01,0.000000E+00,0.000000E+00,0.000000E+00,0.000000E+00,0.000000E+00,0.000000E+00,0.000000E+00,0.000000E+00,2.110805E+01,7.994713E+01,2.388818E+01,5.985188E+01
21:22:00,8.012327E+03,1.434862E+03,5.578821E-01,1.267189E-01,0.000000E+00,0.000000E+00,0.000000E+00,0.000000E+00,0.000000E+00,0.000000E+00,0.000000E+00,0.000000E+00,2.110805E+01,7.994713E+01,2.388818E+01,5.987438E+01
21:23:00,8.012327E+03,1.431626E+03,5.578821E-01,1.264331E-01,0.000000E+00,0.000000E+00,0.000000E+00,0.000000E+00,0.000000E+00,0.000000E+00,0.000000E+00,0.000000E+00,2.110805E+01,7.994713E+01,2.388818E+01,5.989691E+01
21:24:00,8.012327E+03,1.428393E+03,5.578821E-01,1.261476E-01,0.000000E+00,0.000000E+00,0.000000E+00,0.000000E+00,0.000000E+00,0.000000E+00,0.000000E+00,0.000000E+00,2.110805E+01,7.994713E+01,2.388818E+01,5.991947E+01
21:25:00,8.012327E+03,1.425163E+03,5.578821E-01,1.258624E-01,0.000000E+00,0.000000E+00,0.000000E+00,0.000000E+00,0.000000E+00,0.000000E+00,0.000000E+00,0.000000E+00,2.110805E+01,7.994713E+01,2.388818E+01,5.994204E+01
21:26:00,8.012327E+03,1.421936E+03,5.578821E-01,1.255774E-01,0.000000E+00,0.000000E+00,0.000000E+00,0.000000E+00,0.000000E+00,0.000000E+00,0.000000E+00,0.000000E+00,2.110805E+01,7.994713E+01,2.388818E+01,5.996465E+01
21:27:00,8.012327E+03,1.418712E+03,5.578821E-01,1.252926E-01,0.000000E+00,0.000000E+00,0.000000E+00,0.000000E+00,0.000000E+00,0.000000E+00,0.000000E+00,0.000000E+00,2.110805E+01,7.994713E+01,2.388818E+01,5.998728E+01
21:28:00,8.012327E+03,1.415491E+03,5.578821E-01,1.250081E-01,0.000000E+00,0.000000E+00,0.000000E+00,0.000000E+00,0.000000E+00,0.000000E+00,0.000000E+00,0.000000E+00,2.110805E+01,7.994713E+01,2.388818E+01,6.000993E+01
21:29:00,8.012327E+03,1.412273E+03,5.578821E-01,1.247239E-01,0.000000E+00,0.000000E+00,0.000000E+00,0.000000E+00,0.000000E+00,0.000000E+00,0.000000E+00,0.000000E+00,2.110805E+01,7.994713E+01,2.388819E+01,6.003262E+01
21:30:00,8.012327E+03,1.409058E+03,5.578821E-01,1.244400E-01,0.000000E+00,0.000000E+00,0.000000E+00,0.000000E+00,0.000000E+00,0.000000E+00,0.000000E+00,0.000000E+00,2.110805E+01,7.994713E+01,2.388819E+01,6.005532E+01
21:31:00,8.012327E+03,1.405846E+03,5.578821E-01,1.241563E-01,0.000000E+00,0.000000E+00,0.000000E+00,0.000000E+00,0.000000E+00,0.000000E+00,0.000000E+00,0.000000E+00,2.110805E+01,7.994713E+01,2.388819E+01,6.007806E+01
21:32:00,8.012327E+03,1.402637E+03,5.578821E-01,1.238729E-01,0.000000E+00,0.000000E+00,0.000000E+00,0.000000E+00,0.000000E+00,0.000000E+00,0.000000E+00,0.000000E+00,2.110805E+01,7.994713E+01,2.388819E+01,6.010081E+01
21:33:00,8.012327E+03,1.399432E+03,5.578821E-01,1.235898E-01,0.000000E+00,0.000000E+00,0.000000E+00,0.000000E+00,0.000000E+00,0.000000E+00,0.000000E+00,0.000000E+00,2.110805E+01,7.994713E+01,2.388819E+01,6.012360E+01
21:34:00,8.012327E+03,1.396229E+03,5.578821E-01,1.233070E-01,0.000000E+00,0.000000E+00,0.000000E+00,0.000000E+00,0.000000E+00,0.000000E+00,0.000000E+00,0.000000E+00,2.110805E+01,7.994713E+01,2.388819E+01,6.014641E+01
21:35:00,8.012327E+03,1.393031E+03,5.578821E-01,1.230245E-01,0.000000E+00,0.000000E+00,0.000000E+00,0.000000E+00,0.000000E+00,0.000000E+00,0.000000E+00,0.000000E+00,2.110805E+01,7.994713E+01,2.388819E+01,6.016924E+01
21:36:00,8.012327E+03,1.389835E+03,5.578821E-01,1.227423E-01,0.000000E+00,0.000000E+00,0.000000E+00,0.000000E+00,0.000000E+00,0.000000E+00,0.000000E+00,0.000000E+00,2.110805E+01,7.994713E+01,2.388819E+01,6.019210E+01
21:37:00,8.012327E+03,1.386643E+03,5.578821E-01,1.224603E-01,0.000000E+00,0.000000E+00,0.000000E+00,0.000000E+00,0.000000E+00,0.000000E+00,0.000000E+00,0.000000E+00,2.110805E+01,7.994713E+01,2.388819E+01,6.021499E+01
21:38:00,8.012327E+03,1.383454E+03,5.578821E-01,1.221787E-01,0.000000E+00,0.000000E+00,0.000000E+00,0.000000E+00,0.000000E+00,0.000000E+00,0.000000E+00,0.000000E+00,2.110805E+01,7.994713E+01,2.388819E+01,6.023790E+01
21:39:00,8.012327E+03,1.380268E+03,5.578821E-01,1.218974E-01,0.000000E+00,0.000000E+00,0.000000E+00,0.000000E+00,0.000000E+00,0.000000E+00,0.000000E+00,0.000000E+00,2.110805E+01,7.994713E+01,2.388819E+01,6.026083E+01
21:40:00,8.012327E+03,1.377087E+03,5.578821E-01,1.216164E-01,0.000000E+00,0.000000E+00,0.000000E+00,0.000000E+00,0.000000E+00,0.000000E+00,0.000000E+00,0.000000E+00,2.110805E+01,7.994713E+01,2.388819E+01,6.028379E+01
21:41:00,8.012327E+03,1.373908E+03,5.578821E-01,1.213357E-01,0.000000E+00,0.000000E+00,0.000000E+00,0.000000E+00,0.000000E+00,0.000000E+00,0.000000E+00,0.000000E+00,2.110805E+01,7.994713E+01,2.388820E+01,6.030677E+01
21:42:00,8.012327E+03,1.370733E+03,5.578821E-01,1.210553E-01,0.000000E+00,0.000000E+00,0.000000E+00,0.000000E+00,0.000000E+00,0.000000E+00,0.000000E+00,0.000000E+00,2.110805E+01,7.994713E+01,2.388820E+01,6.032978E+01
21:43:00,8.012327E+03,1.367562E+03,5.578821E-01,1.207752E-01,0.000000E+00,0.000000E+00,0.000000E+00,0.000000E+00,0.000000E+00,0.000000E+00,0.000000E+00,0.000000E+00,2.110805E+01,7.994713E+01,2.388820E+01,6.035282E+01
21:44:00,8.012327E+03,1.364394E+03,5.578821E-01,1.204954E-01,0.000000E+00,0.000000E+00,0.000000E+00,0.000000E+00,0.000000E+00,0.000000E+00,0.000000E+00,0.000000E+00,2.110805E+01,7.994713E+01,2.388820E+01,6.037588E+01
21:45:00,8.012327E+03,1.361230E+03,5.578821E-01,1.202160E-01,0.000000E+00,0.000000E+00,0.000000E+00,0.000000E+00,0.000000E+00,0.000000E+00,0.000000E+00,0.000000E+00,2.110805E+01,7.994713E+01,2.388820E+01,6.039896E+01
21:46:00,8.012327E+03,1.358070E+03,5.578821E-01,1.199369E-01,0.000000E+00,0.000000E+00,0.000000E+00,0.000000E+00,0.000000E+00,0.000000E+00,0.000000E+00,0.000000E+00,2.110805E+01,7.994713E+01,2.388820E+01,6.042207E+01
21:47:00,8.012327E+03,1.354913E+03,5.578821E-01,1.196581E-01,0.000000E+00,0.000000E+00,0.000000E+00,0.000000E+00,0.000000E+00,0.000000E+00,0.000000E+00,0.000000E+00,2.110805E+01,7.994713E+01,2.388820E+01,6.044520E+01
21:48:00,8.012327E+03,1.351760E+03,5.578821E-01,1.193796E-01,0.000000E+00,0.000000E+00,0.000000E+00,0.000000E+00,0.000000E+00,0.000000E+00,0.000000E+00,0.000000E+00,2.110805E+01,7.994713E+01,2.388820E+01,6.046836E+01
21:49:00,8.012327E+03,1.348611E+03,5.578821E-01,1.191015E-01,0.000000E+00,0.000000E+00,0.000000E+00,0.000000E+00,0.000000E+00,0.000000E+00,0.000000E+00,0.000000E+00,2.110805E+01,7.994713E+01,2.388820E+01,6.049154E+01
21:50:00,8.012327E+03,1.345466E+03,5.578821E-01,1.188237E-01,0.000000E+00,0.000000E+00,0.000000E+00,0.000000E+00,0.000000E+00,0.000000E+00,0.000000E+00,0.000000E+00,2.110805E+01,7.994713E+01,2.388820E+01,6.051474E+01
21:51:00,8.012327E+03,1.342324E+03,5.578821E-01,1.185462E-01,0.000000E+00,0.000000E+00,0.000000E+00,0.000000E+00,0.000000E+00,0.000000E+00,0.000000E+00,0.000000E+00,2.110805E+01,7.994713E+01,2.388820E+01,6.053797E+01
21:52:00,8.012327E+03,1.339186E+03,5.578821E-01,1.182691E-01,0.000000E+00,0.000000E+00,0.000000E+00,0.000000E+00,0.000000E+00,0.000000E+00,0.000000E+00,0.000000E+00,2.110805E+01,7.994713E+01,2.388820E+01,6.056123E+01
21:53:00,8.012327E+03,1.336052E+03,5.578821E-01,1.179923E-01,0.000000E+00,0.000000E+00,0.000000E+00,0.000000E+00,0.000000E+00,0.000000E+00,0.000000E+00,0.000000E+00,2.110805E+01,7.994713E+01,2.388821E+01,6.058450E+01
21:54:00,8.012327E+03,1.332922E+03,5.578821E-01,1.177159E-01,0.000000E+00,0.000000E+00,0.000000E+00,0.000000E+00,0.000000E+00,0.000000E+00,0.000000E+00,0.000000E+00,2.110805E+01,7.994713E+01,2.388821E+01,6.060780E+01
21:55:00,8.012327E+03,1.329795E+03,5.578821E-01,1.174397E-01,0.000000E+00,0.000000E+00,0.000000E+00,0.000000E+00,0.000000E+00,0.000000E+00,0.000000E+00,0.000000E+00,2.110805E+01,7.994713E+01,2.388821E+01,6.063113E+01
21:56:00,8.012327E+03,1.326673E+03,5.578821E-01,1.171640E-01,0.000000E+00,0.000000E+00,0.000000E+00,0.000000E+00,0.000000E+00,0.000000E+00,0.000000E+00,0.000000E+00,2.110805E+01,7.994713E+01,2.388821E+01,6.065448E+01
21:57:00,8.012328E+03,1.323554E+03,5.578821E-01,1.168885E-01,0.000000E+00,0.000000E+00,0.000000E+00,0.000000E+00,0.000000E+00,0.000000E+00,0.000000E+00,0.000000E+00,2.110805E+01,7.994713E+01,2.388821E+01,6.067785E+01
21:58:00,8.012328E+03,1.320439E+03,5.578821E-01,1.166135E-01,0.000000E+00,0.000000E+00,0.000000E+00,0.000000E+00,0.000000E+00,0.000000E+00,0.000000E+00,0.000000E+00,2.110805E+01,7.994713E+01,2.388821E+01,6.070125E+01
21:59:00,8.012328E+03,1.317329E+03,5.578821E-01,1.163387E-01,0.000000E+00,0.000000E+00,0.000000E+00,0.000000E+00,0.000000E+00,0.000000E+00,0.000000E+00,0.000000E+00,2.110805E+01,7.994713E+01,2.388821E+01,6.072467E+01
22:00:00,8.012328E+03,1.314222E+03,5.578821E-01,1.160643E-01,0.000000E+00,0.000000E+00,0.000000E+00,0.000000E+00,0.000000E+00,0.000000E+00,0.000000E+00,0.000000E+00,2.110805E+01,7.994713E+01,2.388821E+01,6.074811E+01
22:01:00,8.012328E+03,1.311125E+03,5.578821E-01,1.157908E-01,0.000000E+00,0.000000E+00,0.000000E+00,0.000000E+00,0.000000E+00,0.000000E+00,0.000000E+00,0.000000E+00,2.110805E+01,7.994713E+01,2.388821E+01,6.077158E+01
22:02:00,8.012328E+03,1.308037E+03,5.578821E-01,1.155181E-01,0.000000E+00,0.000000E+00,0.000000E+00,0.000000E+00,0.000000E+00,0.000000E+00,0.000000E+00,0.000000E+00,2.110805E+01,7.994713E+01,2.388821E+01,6.079502E+01
22:03:00,8.012328E+03,1.304959E+03,5.578821E-01,1.152463E-01,0.000000E+00,0.000000E+00,0.000000E+00,0.000000E+00,0.000000E+00,0.000000E+00,0.000000E+00,0.000000E+00,2.110805E+01,7.994713E+01,2.388821E+01,6.081840E+01
22:04:00,8.012328E+03,1.301891E+03,5.578821E-01,1.149753E-01,0.000000E+00,0.000000E+00,0.000000E+00,0.000000E+00,0.000000E+00,0.000000E+00,0.000000E+00,0.000000E+00,2.110805E+01,7.994713E+01,2.388821E+01,6.084172E+01
22:05:00,8.012328E+03,1.298832E+03,5.578821E-01,1.147052E-01,0.000000E+00,0.000000E+00,0.000000E+00,0.000000E+00,0.000000E+00,0.000000E+00,0.000000E+00,0.000000E+00,2.110805E+01,7.994713E+01,2.388821E+01,6.086496E+01
22:06:00,8.012328E+03,1.295783E+03,5.578821E-01,1.144359E-01,0.000000E+00,0.000000E+00,0.000000E+00,0.000000E+00,0.000000E+00,0.000000E+00,0.000000E+00,0.000000E+00,2.110805E+01,7.994713E+01,2.388822E+01,6.088815E+01
22:07:00,8.012328E+03,1.292744E+03,5.578821E-01,1.141675E-01,0.000000E+00,0.000000E+00,0.000000E+00,0.000000E+00,0.000000E+00,0.000000E+00,0.000000E+00,0.000000E+00,2.110805E+01,7.994713E+01,2.388822E+01,6.091128E+01
22:08:00,8.012328E+03,1.289715E+03,5.578821E-01,1.139000E-01,0.000000E+00,0.000000E+00,0.000000E+00,0.000000E+00,0.000000E+00,0.000000E+00,0.000000E+00,0.000000E+00,2.110805E+01,7.994713E+01,2.388822E+01,6.093436E+01
22:09:00,8.012328E+03,1.286695E+03,5.578821E-01,1.136333E-01,0.000000E+00,0.000000E+00,0.000000E+00,0.000000E+00,0.000000E+00,0.000000E+00,0.000000E+00,0.000000E+00,2.110805E+01,7.994713E+01,2.388822E+01,6.095738E+01
22:10:00,8.012328E+03,1.283685E+03,5.578821E-01,1.133674E-01,0.000000E+00,0.000000E+00,0.000000E+00,0.000000E+00,0.000000E+00,0.000000E+00,0.000000E+00,0.000000E+00,2.110805E+01,7.994713E+01,2.388822E+01,6.098036E+01
22:11:00,8.012328E+03,1.280684E+03,5.578821E-01,1.131024E-01,0.000000E+00,0.000000E+00,0.000000E+00,0.000000E+00,0.000000E+00,0.000000E+00,0.000000E+00,0.000000E+00,2.110805E+01,7.994713E+01,2.388822E+01,6.100328E+01
22:12:00,8.012328E+03,1.277694E+03,5.578821E-01,1.128383E-01,0.000000E+00,0.000000E+00,0.000000E+00,0.000000E+00,0.000000E+00,0.000000E+00,0.000000E+00,0.000000E+00,2.110805E+01,7.994713E+01,2.388822E+01,6.102616E+01
22:13:00,8.012328E+03,1.274713E+03,5.578821E-01,1.125751E-01,0.000000E+00,0.000000E+00,0.000000E+00,0.000000E+00,0.000000E+00,0.000000E+00,0.000000E+00,0.000000E+00,2.110805E+01,7.994713E+01,2.388822E+01,6.104899E+01
22:14:00,8.012328E+03,1.271742E+03,5.578821E-01,1.123127E-01,0.000000E+00,0.000000E+00,0.000000E+00,0.000000E+00,0.000000E+00,0.000000E+00,0.000000E+00,0.000000E+00,2.110805E+01,7.994713E+01,2.388822E+01,6.107178E+01
22:15:00,8.012328E+03,1.268781E+03,5.578821E-01,1.120511E-01,0.000000E+00,0.000000E+00,0.000000E+00,0.000000E+00,0.000000E+00,0.000000E+00,0.000000E+00,0.000000E+00,2.110805E+01,7.994713E+01,2.388822E+01,6.109453E+01
22:16:00,8.012328E+03,1.265829E+03,5.578821E-01,1.117905E-01,0.000000E+00,0.000000E+00,0.000000E+00,0.000000E+00,0.000000E+00,0.000000E+00,0.000000E+00,0.000000E+00,2.110805E+01,7.994713E+01,2.388822E+01,6.111724E+01
22:17:00,8.012328E+03,1.262887E+03,5.578821E-01,1.115307E-01,0.000000E+00,0.000000E+00,0.000000E+00,0.000000E+00,0.000000E+00,0.000000E+00,0.000000E+00,0.000000E+00,2.110805E+01,7.994713E+01,2.388822E+01,6.113991E+01
22:18:00,8.012328E+03,1.259955E+03,5.578821E-01,1.112717E-01,0.000000E+00,0.000000E+00,0.000000E+00,0.000000E+00,0.000000E+00,0.000000E+00,0.000000E+00,0.000000E+00,2.110805E+01,7.994713E+01,2.388822E+01,6.116255E+01
22:19:00,8.012328E+03,1.257033E+03,5.578821E-01,1.110137E-01,0.000000E+00,0.000000E+00,0.000000E+00,0.000000E+00,0.000000E+00,0.000000E+00,0.000000E+00,0.000000E+00,2.110805E+01,7.994713E+01,2.388822E+01,6.118515E+01
22:20:00,8.012328E+03,1.254121E+03,5.578821E-01,1.107565E-01,0.000000E+00,0.000000E+00,0.000000E+00,0.000000E+00,0.000000E+00,0.000000E+00,0.000000E+00,0.000000E+00,2.110805E+01,7.994713E+01,2.388822E+01,6.120772E+01
22:21:00,8.012328E+03,1.251219E+03,5.578821E-01,1.105001E-01,0.000000E+00,0.000000E+00,0.000000E+00,0.000000E+00,0.000000E+00,0.000000E+00,0.000000E+00,0.000000E+00,2.110805E+01,7.994713E+01,2.388823E+01,6.123026E+01
22:22:00,8.012328E+03,1.248326E+03,5.578821E-01,1.102446E-01,0.000000E+00,0.000000E+00,0.000000E+00,0.000000E+00,0.000000E+00,0.000000E+00,0.000000E+00,0.000000E+00,2.110805E+01,7.994713E+01,2.388823E+01,6.125276E+01
22:23:00,8.012328E+03,1.245443E+03,5.578821E-01,1.099900E-01,0.000000E+00,0.000000E+00,0.000000E+00,0.000000E+00,0.000000E+00,0.000000E+00,0.000000E+00,0.000000E+00,2.110805E+01,7.994713E+01,2.388823E+01,6.127524E+01
22:24:00,8.012328E+03,1.242570E+03,5.578821E-01,1.097363E-01,0.000000E+00,0.000000E+00,0.000000E+00,0.000000E+00,0.000000E+00,0.000000E+00,0.000000E+00,0.000000E+00,2.110805E+01,7.994713E+01,2.388823E+01,6.129769E+01
22:25:00,8.012328E+03,1.239707E+03,5.578821E-01,1.094834E-01,0.000000E+00,0.000000E+00,0.000000E+00,0.000000E+00,0.000000E+00,0.000000E+00,0.000000E+00,0.000000E+00,2.110805E+01,7.994713E+01,2.388823E+01,6.132012E+01
22:26:00,8.012328E+03,1.236853E+03,5.578821E-01,1.092314E-01,0.000000E+00,0.000000E+00,0.000000E+00,0.000000E+00,0.000000E+00,0.000000E+00,0.000000E+00,0.000000E+00,2.110805E+01,7.994713E+01,2.388823E+01,6.134252E+01
22:27:00,8.012328E+03,1.234010E+03,5.578821E-01,1.089803E-01,0.000000E+00,0.000000E+00,0.000000E+00,0.000000E+00,0.000000E+00,0.000000E+00,0.000000E+00,0.000000E+00,2.110805E+01,7.994713E+01,2.388823E+01,6.136490E+01
22:28:00,8.012328E+03,1.231176E+03,5.578821E-01,1.087300E-01,0.000000E+00,0.000000E+00,0.000000E+00,0.000000E+00,0.000000E+00,0.000000E+00,0.000000E+00,0.000000E+00,2.110805E+01,7.994713E+01,2.388823E+01,6.138725E+01
22:29:00,8.012328E+03,1.228352E+03,5.578821E-01,1.084806E-01,0.000000E+00,0.000000E+00,0.000000E+00,0.000000E+00,0.000000E+00,0.000000E+00,0.000000E+00,0.000000E+00,2.110805E+01,7.994713E+01,2.388823E+01,6.140959E+01
22:30:00,8.012328E+03,1.225538E+03,5.578821E-01,1.082321E-01,0.000000E+00,0.000000E+00,0.000000E+00,0.000000E+00,0.000000E+00,0.000000E+00,0.000000E+00,0.000000E+00,2.110805E+01,7.994713E+01,2.388823E+01,6.143190E+01
22:31:00,8.012328E+03,1.222734E+03,5.578821E-01,1.079844E-01,0.000000E+00,0.000000E+00,0.000000E+00,0.000000E+00,0.000000E+00,0.000000E+00,0.000000E+00,0.000000E+00,2.110805E+01,7.994713E+01,2.388823E+01,6.145419E+01
22:32:00,8.012328E+03,1.219940E+03,5.578821E-01,1.077377E-01,0.000000E+00,0.000000E+00,0.000000E+00,0.000000E+00,0.000000E+00,0.000000E+00,0.000000E+00,0.000000E+00,2.110805E+01,7.994713E+01,2.388823E+01,6.147647E+01
22:33:00,8.012328E+03,1.217155E+03,5.578821E-01,1.074917E-01,0.000000E+00,0.000000E+00,0.000000E+00,0.000000E+00,0.000000E+00,0.000000E+00,0.000000E+00,0.000000E+00,2.110805E+01,7.994713E+01,2.388823E+01,6.149873E+01
22:34:00,8.012328E+03,1.214380E+03,5.578821E-01,1.072467E-01,0.000000E+00,0.000000E+00,0.000000E+00,0.000000E+00,0.000000E+00,0.000000E+00,0.000000E+00,0.000000E+00,2.110805E+01,7.994713E+01,2.388823E+01,6.152097E+01
22:35:00,8.012328E+03,1.211616E+03,5.578821E-01,1.070025E-01,0.000000E+00,0.000000E+00,0.000000E+00,0.000000E+00,0.000000E+00,0.000000E+00,0.000000E+00,0.000000E+00,2.110805E+01,7.994713E+01,2.388824E+01,6.154319E+01
22:36:00,8.012328E+03,1.208861E+03,5.578821E-01,1.067592E-01,0.000000E+00,0.000000E+00,0.000000E+00,0.000000E+00,0.000000E+00,0.000000E+00,0.000000E+00,0.000000E+00,2.110805E+01,7.994713E+01,2.388824E+01,6.156540E+01
22:37:00,8.012328E+03,1.206116E+03,5.578821E-01,1.065168E-01,0.000000E+00,0.000000E+00,0.000000E+00,0.000000E+00,0.000000E+00,0.000000E+00,0.000000E+00,0.000000E+00,2.110805E+01,7.994713E+01,2.388824E+01,6.158760E+01
22:38:00,8.012328E+03,1.203380E+03,5.578821E-01,1.062752E-01,0.000000E+00,0.000000E+00,0.000000E+00,0.000000E+00,0.000000E+00,0.000000E+00,0.000000E+00,0.000000E+00,2.110805E+01,7.994713E+01,2.388824E+01,6.160978E+01
22:39:00,8.012328E+03,1.200655E+03,5.578821E-01,1.060345E-01,0.000000E+00,0.000000E+00,0.000000E+00,0.000000E+00,0.000000E+00,0.000000E+00,0.000000E+00,0.000000E+00,2.110805E+01,7.994713E+01,2.388824E+01,6.163195E+01
22:40:00,8.012328E+03,1.197939E+03,5.578821E-01,1.057947E-01,0.000000E+00,0.000000E+00,0.000000E+00,0.000000E+00,0.000000E+00,0.000000E+00,0.000000E+00,0.000000E+00,2.110805E+01,7.994713E+01,2.388824E+01,6.165411E+01
22:41:00,8.012328E+03,1.195233E+03,5.578821E-01,1.055557E-01,0.000000E+00,0.000000E+00,0.000000E+00,0.000000E+00,0.000000E+00,0.000000E+00,0.000000E+00,0.000000E+00,2.110805E+01,7.994713E+01,2.388824E+01,6.167626E+01
22:42:00,8.012328E+03,1.192537E+03,5.578821E-01,1.053176E-01,0.000000E+00,0.000000E+00,0.000000E+00,0.000000E+00,0.000000E+00,0.000000E+00,0.000000E+00,0.000000E+00,2.110805E+01,7.994713E+01,2.388824E+01,6.169839E+01
22:43:00,8.012328E+03,1.189851E+03,5.578821E-01,1.050804E-01,0.000000E+00,0.000000E+00,0.000000E+00,0.000000E+00,0.000000E+00,0.000000E+00,0.000000E+00,0.000000E+00,2.110805E+01,7.994713E+01,2.388824E+01,6.172052E+01
22:44:00,8.012328E+03,1.187175E+03,5.578821E-01,1.048440E-01,0.000000E+00,0.000000E+00,0.000000E+00,0.000000E+00,0.000000E+00,0.000000E+00,0.000000E+00,0.000000E+00,2.110805E+01,7.994713E+01,2.388824E+01,6.174263E+01
22:45:00,8.012328E+03,1.184509E+03,5.578821E-01,1.046085E-01,0.000000E+00,0.000000E+00,0.000000E+00,0.000000E+00,0.000000E+00,0.000000E+00,0.000000E+00,0.000000E+00,2.110805E+01,7.994713E+01,2.388824E+01,6.176474E+01
22:46:00,8.012328E+03,1.181852E+03,5.578821E-01,1.043739E-01,0.000000E+00,0.000000E+00,0.000000E+00,0.000000E+00,0.000000E+00,0.000000E+00,0.000000E+00,0.000000E+00,2.110805E+01,7.994713E+01,2.388824E+01,6.178684E+01
22:47:00,8.012328E+03,1.179205E+03,5.578821E-01,1.041401E-01,0.000000E+00,0.000000E+00,0.000000E+00,0.000000E+00,0.000000E+00,0.000000E+00,0.000000E+00,0.000000E+00,2.110805E+01,7.994713E+01,2.388824E+01,6.180894E+01
22:48:00,8.012328E+03,1.176568E+03,5.578821E-01,1.039072E-01,0.000000E+00,0.000000E+00,0.000000E+00,0.000000E+00,0.000000E+00,0.000000E+00,0.000000E+00,0.000000E+00,2.110805E+01,7.994713E+01,2.388824E+01,6.183102E+01
22:49:00,8.012328E+03,1.173941E+03,5.578821E-01,1.036752E-01,0.000000E+00,0.000000E+00,0.000000E+00,0.000000E+00,0.000000E+00,0.000000E+00,0.000000E+00,0.000000E+00,2.110805E+01,7.994713E+01,2.388825E+01,6.185310E+01
22:50:00,8.012328E+03,1.171323E+03,5.578821E-01,1.034440E-01,0.000000E+00,0.000000E+00,0.000000E+00,0.000000E+00,0.000000E+00,0.000000E+00,0.000000E+00,0.000000E+00,2.110805E+01,7.994713E+01,2.388825E+01,6.187518E+01
22:51:00,8.012328E+03,1.168716E+03,5.578821E-01,1.032138E-01,0.000000E+00,0.000000E+00,0.000000E+00,0.000000E+00,0.000000E+00,0.000000E+00,0.000000E+00,0.000000E+00,2.110805E+01,7.994713E+01,2.388825E+01,6.189724E+01
22:52:00,8.012328E+03,1.166118E+03,5.578821E-01,1.029843E-01,0.000000E+00,0.000000E+00,0.000000E+00,0.000000E+00,0.000000E+00,0.000000E+00,0.000000E+00,0.000000E+00,2.110805E+01,7.994713E+01,2.388825E+01,6.191931E+01
22:53:00,8.012328E+03,1.163530E+03,5.578821E-01,1.027558E-01,0.000000E+00,0.000000E+00,0.000000E+00,0.000000E+00,0.000000E+00,0.000000E+00,0.000000E+00,0.000000E+00,2.110805E+01,7.994713E+01,2.388825E+01,6.194137E+01
22:54:00,8.012328E+03,1.160952E+03,5.578821E-01,1.025281E-01,0.000000E+00,0.000000E+00,0.000000E+00,0.000000E+00,0.000000E+00,0.000000E+00,0.000000E+00,0.000000E+00,2.110805E+01,7.994713E+01,2.388825E+01,6.196342E+01
22:55:00,8.012328E+03,1.158383E+03,5.578821E-01,1.023012E-01,0.000000E+00,0.000000E+00,0.000000E+00,0.000000E+00,0.000000E+00,0.000000E+00,0.000000E+00,0.000000E+00,2.110805E+01,7.994713E+01,2.388825E+01,6.198547E+01
22:56:00,8.012328E+03,1.155825E+03,5.578821E-01,1.020753E-01,0.000000E+00,0.000000E+00,0.000000E+00,0.000000E+00,0.000000E+00,0.000000E+00,0.000000E+00,0.000000E+00,2.110805E+01,7.994713E+01,2.388825E+01,6.200752E+01
22:57:00,8.012328E+03,1.153276E+03,5.578821E-01,1.018501E-01,0.000000E+00,0.000000E+00,0.000000E+00,0.000000E+00,0.000000E+00,0.000000E+00,0.000000E+00,0.000000E+00,2.110805E+01,7.994713E+01,2.388825E+01,6.202957E+01
22:58:00,8.012328E+03,1.150737E+03,5.578821E-01,1.016259E-01,0.000000E+00,0.000000E+00,0.000000E+00,0.000000E+00,0.000000E+00,0.000000E+00,0.000000E+00,0.000000E+00,2.110805E+01,7.994713E+01,2.388825E+01,6.205161E+01
22:59:00,8.012328E+03,1.148207E+03,5.578821E-01,1.014025E-01,0.000000E+00,0.000000E+00,0.000000E+00,0.000000E+00,0.000000E+00,0.000000E+00,0.000000E+00,0.000000E+00,2.110805E+01,7.994713E+01,2.388825E+01,6.207365E+01
23:00:00,8.012328E+03,1.145688E+03,5.578821E-01,1.011800E-01,0.000000E+00,0.000000E+00,0.000000E+00,0.000000E+00,0.000000E+00,0.000000E+00,0.000000E+00,0.000000E+00,2.110805E+01,7.994713E+01,2.388825E+01,6.209569E+01
23:01:00,8.012328E+03,1.143172E+03,5.578821E-01,1.009578E-01,0.000000E+00,0.000000E+00,0.000000E+00,0.000000E+00,0.000000E+00,0.000000E+00,0.000000E+00,0.000000E+00,2.110805E+01,7.994713E+01,2.388825E+01,6.211773E+01
23:02:00,8.012328E+03,1.140660E+03,5.578821E-01,1.007360E-01,0.000000E+00,0.000000E+00,0.000000E+00,0.000000E+00,0.000000E+00,0.000000E+00,0.000000E+00,0.000000E+00,2.110805E+01,7.994713E+01,2.388826E+01,6.213977E+01
23:03:00,8.012328E+03,1.138153E+03,5.578821E-01,1.005146E-01,0.000000E+00,0.000000E+00,0.000000E+00,0.000000E+00,0.000000E+00,0.000000E+00,0.000000E+00,0.000000E+00,2.110805E+01,7.994713E+01,2.388826E+01,6.216181E+01
23:04:00,8.012328E+03,1.135650E+03,5.578821E-01,1.002935E-01,0.000000E+00,0.000000E+00,0.000000E+00,0.000000E+00,0.000000E+00,0.000000E+00,0.000000E+00,0.000000E+00,2.110805E+01,7.994713E+01,2.388826E+01,6.218384E+01
23:05:00,8.012328E+03,1.133150E+03,5.578821E-01,1.000727E-01,0.000000E+00,0.000000E+00,0.000000E+00,0.000000E+00,0.000000E+00,0.000000E+00,0.000000E+00,0.000000E+00,2.110805E+01,7.994713E+01,2.388826E+01,6.220588E+01
23:06:00,8.012328E+03,1.130655E+03,5.578821E-01,9.985238E-02,0.000000E+00,0.000000E+00,0.000000E+00,0.000000E+00,0.000000E+00,0.000000E+00,0.000000E+00,0.000000E+00,2.110805E+01,7.994713E+01,2.388826E+01,6.222792E+01
23:07:00,8.012328E+03,1.128164E+03,5.578821E-01,9.963237E-02,0.000000E+00,0.000000E+00,0.000000E+00,0.000000E+00,0.000000E+00,0.000000E+00,0.000000E+00,0.000000E+00,2.110805E+01,7.994713E+01,2.388826E+01,6.224995E+01
23:08:00,8.012328E+03,1.125677E+03,5.578821E-01,9.941272E-02,0.000000E+00,0.000000E+00,0.000000E+00,0.000000E+00,0.000000E+00,0.000000E+00,0.000000E+00,0.000000E+00,2.110805E+01,7.994713E+01,2.388826E+01,6.227200E+01
23:09:00,8.012328E+03,1.123194E+03,5.578821E-01,9.919343E-02,0.000000E+00,0.000000E+00,0.000000E+00,0.000000E+00,0.000000E+00,0.000000E+00,0.000000E+00,0.000000E+00,2.110805E+01,7.994713E+01,2.388826E+01,6.229404E+01
23:10:00,8.012328E+03,1.120715E+03,5.578821E-01,9.897449E-02,0.000000E+00,0.000000E+00,0.000000E+00,0.000000E+00,0.000000E+00,0.000000E+00,0.000000E+00,0.000000E+00,2.110805E+01,7.994713E+01,2.388826E+01,6.231608E+01
23:11:00,8.012328E+03,1.118240E+03,5.578821E-01,9.875591E-02,0.000000E+00,0.000000E+00,0.000000E+00,0.000000E+00,0.000000E+00,0.000000E+00,0.000000E+00,0.000000E+00,2.110805E+01,7.994713E+01,2.388826E+01,6.233812E+01
23:12:00,8.012328E+03,1.115769E+03,5.578821E-01,9.853768E-02,0.000000E+00,0.000000E+00,0.000000E+00,0.000000E+00,0.000000E+00,0.000000E+00,0.000000E+00,0.000000E+00,2.110805E+01,7.994713E+01,2.388826E+01,6.236017E+01
23:13:00,8.012328E+03,1.113302E+03,5.578821E-01,9.831980E-02,0.000000E+00,0.000000E+00,0.000000E+00,0.000000E+00,0.000000E+00,0.000000E+00,0.000000E+00,0.000000E+00,2.110805E+01,7.994713E+01,2.388826E+01,6.238221E+01
23:14:00,8.012328E+03,1.110839E+03,5.578821E-01,9.810228E-02,0.000000E+00,0.000000E+00,0.000000E+00,0.000000E+00,0.000000E+00,0.000000E+00,0.000000E+00,0.000000E+00,2.110805E+01,7.994713E+01,2.388826E+01,6.240426E+01
23:15:00,8.012328E+03,1.108380E+03,5.578821E-01,9.788510E-02,0.000000E+00,0.000000E+00,0.000000E+00,0.000000E+00,0.000000E+00,0.000000E+00,0.000000E+00,0.000000E+00,2.110805E+01,7.994713E+01,2.388826E+01,6.242632E+01
23:16:00,8.012328E+03,1.105925E+03,5.578821E-01,9.766828E-02,0.000000E+00,0.000000E+00,0.000000E+00,0.000000E+00,0.000000E+00,0.000000E+00,0.000000E+00,0.000000E+00,2.110805E+01,7.994713E+01,2.388827E+01,6.244837E+01
23:17:00,8.012328E+03,1.103474E+03,5.578821E-01,9.745181E-02,0.000000E+00,0.000000E+00,0.000000E+00,0.000000E+00,0.000000E+00,0.000000E+00,0.000000E+00,0.000000E+00,2.110805E+01,7.994713E+01,2.388827E+01,6.247043E+01
23:18:00,8.012328E+03,1.101026E+03,5.578821E-01,9.723568E-02,0.000000E+00,0.000000E+00,0.000000E+00,0.000000E+00,0.000000E+00,0.000000E+00,0.000000E+00,0.000000E+00,2.110805E+01,7.994713E+01,2.388827E+01,6.249249E+01
23:19:00,8.012328E+03,1.098583E+03,5.578821E-01,9.701990E-02,0.000000E+00,0.000000E+00,0.000000E+00,0.000000E+00,0.000000E+00,0.000000E+00,0.000000E+00,0.000000E+00,2.110805E+01,7.994713E+01,2.388827E+01,6.251456E+01
23:20:00,8.012328E+03,1.096144E+03,5.578821E-01,9.680447E-02,0.000000E+00,0.000000E+00,0.000000E+00,0.000000E+00,0.000000E+00,0.000000E+00,0.000000E+00,0.000000E+00,2.110805E+01,7.994713E+01,2.388827E+01,6.253663E+01
23:21:00,8.012328E+03,1.093709E+03,5.578821E-01,9.658939E-02,0.000000E+00,0.000000E+00,0.000000E+00,0.000000E+00,0.000000E+00,0.000000E+00,0.000000E+00,0.000000E+00,2.110805E+01,7.994713E+01,2.388827E+01,6.255870E+01
23:22:00,8.012328E+03,1.091277E+03,5.578821E-01,9.637465E-02,0.000000E+00,0.000000E+00,0.000000E+00,0.000000E+00,0.000000E+00,0.000000E+00,0.000000E+00,0.000000E+00,2.110805E+01,7.994713E+01,2.388827E+01,6.258078E+01
23:23:00,8.012328E+03,1.088849E+03,5.578821E-01,9.616025E-02,0.000000E+00,0.000000E+00,0.000000E+00,0.000000E+00,0.000000E+00,0.000000E+00,0.000000E+00,0.000000E+00,2.110805E+01,7.994713E+01,2.388827E+01,6.260286E+01
23:24:00,8.012328E+03,1.086426E+03,5.578821E-01,9.594620E-02,0.000000E+00,0.000000E+00,0.000000E+00,0.000000E+00,0.000000E+00,0.000000E+00,0.000000E+00,0.000000E+00,2.110805E+01,7.994713E+01,2.388827E+01,6.262495E+01
23:25:00,8.012328E+03,1.084006E+03,5.578821E-01,9.573249E-02,0.000000E+00,0.000000E+00,0.000000E+00,0.000000E+00,0.000000E+00,0.000000E+00,0.000000E+00,0.000000E+00,2.110805E+01,7.994713E+01,2.388827E+01,6.264704E+01
23:26:00,8.012328E+03,1.081590E+03,5.578821E-01,9.551912E-02,0.000000E+00,0.000000E+00,0.000000E+00,0.000000E+00,0.000000E+00,0.000000E+00,0.000000E+00,0.000000E+00,2.110805E+01,7.994713E+01,2.388827E+01,6.266913E+01
23:27:00,8.012328E+03,1.079178E+03,5.578821E-01,9.530609E-02,0.000000E+00,0.000000E+00,0.000000E+00,0.000000E+00,0.000000E+00,0.000000E+00,0.000000E+00,0.000000E+00,2.110805E+01,7.994713E+01,2.388827E+01,6.269124E+01
23:28:00,8.012328E+03,1.076770E+03,5.578821E-01,9.509340E-02,0.000000E+00,0.000000E+00,0.000000E+00,0.000000E+00,0.000000E+00,0.000000E+00,0.000000E+00,0.000000E+00,2.110805E+01,7.994713E+01,2.388827E+01,6.271334E+01
23:29:00,8.012328E+03,1.074365E+03,5.578821E-01,9.488105E-02,0.000000E+00,0.000000E+00,0.000000E+00,0.000000E+00,0.000000E+00,0.000000E+00,0.000000E+00,0.000000E+00,2.110805E+01,7.994713E+01,2.388828E+01,6.273545E+01
23:30:00,8.012328E+03,1.071964E+03,5.578821E-01,9.466904E-02,0.000000E+00,0.000000E+00,0.000000E+00,0.000000E+00,0.000000E+00,0.000000E+00,0.000000E+00,0.000000E+00,2.110805E+01,7.994713E+01,2.388828E+01,6.275757E+01
23:31:00,8.012328E+03,1.069568E+03,5.578821E-01,9.445736E-02,0.000000E+00,0.000000E+00,0.000000E+00,0.000000E+00,0.000000E+00,0.000000E+00,0.000000E+00,0.000000E+00,2.110805E+01,7.994713E+01,2.388828E+01,6.277969E+01
23:32:00,8.012328E+03,1.067175E+03,5.578821E-01,9.424602E-02,0.000000E+00,0.000000E+00,0.000000E+00,0.000000E+00,0.000000E+00,0.000000E+00,0.000000E+00,0.000000E+00,2.110805E+01,7.994713E+01,2.388828E+01,6.280182E+01
23:33:00,8.012328E+03,1.064785E+03,5.578821E-01,9.403501E-02,0.000000E+00,0.000000E+00,0.000000E+00,0.000000E+00,0.000000E+00,0.000000E+00,0.000000E+00,0.000000E+00,2.110805E+01,7.994713E+01,2.388828E+01,6.282395E+01
23:34:00,8.012328E+03,1.062400E+03,5.578821E-01,9.382433E-02,0.000000E+00,0.000000E+00,0.000000E+00,0.000000E+00,0.000000E+00,0.000000E+00,0.000000E+00,0.000000E+00,2.110805E+01,7.994713E+01,2.388828E+01,6.284609E+01
23:35:00,8.012328E+03,1.060018E+03,5.578821E-01,9.361399E-02,0.000000E+00,0.000000E+00,0.000000E+00,0.000000E+00,0.000000E+00,0.000000E+00,0.000000E+00,0.000000E+00,2.110805E+01,7.994713E+01,2.388828E+01,6.286824E+01
23:36:00,8.012328E+03,1.057640E+03,5.578821E-01,9.340398E-02,0.000000E+00,0.000000E+00,0.000000E+00,0.000000E+00,0.000000E+00,0.000000E+00,0.000000E+00,0.000000E+00,2.110805E+01,7.994713E+01,2.388828E+01,6.289039E+01
23:37:00,8.012328E+03,1.055266E+03,5.578821E-01,9.319430E-02,0.000000E+00,0.000000E+00,0.000000E+00,0.000000E+00,0.000000E+00,0.000000E+00,0.000000E+00,0.000000E+00,2.110805E+01,7.994713E+01,2.388828E+01,6.291255E+01
23:38:00,8.012328E+03,1.052896E+03,5.578821E-01,9.298495E-02,0.000000E+00,0.000000E+00,0.000000E+00,0.000000E+00,0.000000E+00,0.000000E+00,0.000000E+00,0.000000E+00,2.110805E+01,7.994713E+01,2.388828E+01,6.293471E+01
23:39:00,8.012328E+03,1.050529E+03,5.578821E-01,9.277592E-02,0.000000E+00,0.000000E+00,0.000000E+00,0.000000E+00,0.000000E+00,0.000000E+00,0.000000E+00,0.000000E+00,2.110805E+01,7.994713E+01,2.388828E+01,6.295688E+01
23:40:00,8.012328E+03,1.048166E+03,5.578821E-01,9.256723E-02,0.000000E+00,0.000000E+00,0.000000E+00,0.000000E+00,0.000000E+00,0.000000E+00,0.000000E+00,0.000000E+00,2.110805E+01,7.994713E+01,2.388828E+01,6.297906E+01
23:41:00,8.012328E+03,1.045806E+03,5.578821E-01,9.235886E-02,0.000000E+00,0.000000E+00,0.000000E+00,0.000000E+00,0.000000E+00,0.000000E+00,0.000000E+00,0.000000E+00,2.110805E+01,7.994713E+01,2.388828E+01,6.300124E+01
23:42:00,8.012328E+03,1.043451E+03,5.578821E-01,9.215082E-02,0.000000E+00,0.000000E+00,0.000000E+00,0.000000E+00,0.000000E+00,0.000000E+00,0.000000E+00,0.000000E+00,2.110805E+01,7.994713E+01,2.388829E+01,6.302344E+01
23:43:00,8.012328E+03,1.041099E+03,5.578821E-01,9.194310E-02,0.000000E+00,0.000000E+00,0.000000E+00,0.000000E+00,0.000000E+00,0.000000E+00,0.000000E+00,0.000000E+00,2.110805E+01,7.994713E+01,2.388829E+01,6.304564E+01
23:44:00,8.012328E+03,1.038750E+03,5.578821E-01,9.173570E-02,0.000000E+00,0.000000E+00,0.000000E+00,0.000000E+00,0.000000E+00,0.000000E+00,0.000000E+00,0.000000E+00,2.110805E+01,7.994713E+01,2.388829E+01,6.306784E+01
23:45:00,8.012328E+03,1.036406E+03,5.578821E-01,9.152863E-02,0.000000E+00,0.000000E+00,0.000000E+00,0.000000E+00,0.000000E+00,0.000000E+00,0.000000E+00,0.000000E+00,2.110805E+01,7.994713E+01,2.388829E+01,6.309006E+01
23:46:00,8.012328E+03,1.034065E+03,5.578821E-01,9.132188E-02,0.000000E+00,0.000000E+00,0.000000E+00,0.000000E+00,0.000000E+00,0.000000E+00,0.000000E+00,0.000000E+00,2.110805E+01,7.994713E+01,2.388829E+01,6.311228E+01
23:47:00,8.012328E+03,1.031727E+03,5.578821E-01,9.111544E-02,0.000000E+00,0.000000E+00,0.000000E+00,0.000000E+00,0.000000E+00,0.000000E+00,0.000000E+00,0.000000E+00,2.110805E+01,7.994713E+01,2.388829E+01,6.313451E+01
23:48:00,8.012328E+03,1.029394E+03,5.578821E-01,9.090933E-02,0.000000E+00,0.000000E+00,0.000000E+00,0.000000E+00,0.000000E+00,0.000000E+00,0.000000E+00,0.000000E+00,2.110805E+01,7.994713E+01,2.388829E+01,6.315675E+01
23:49:00,8.012328E+03,1.027063E+03,5.578821E-01,9.070354E-02,0.000000E+00,0.000000E+00,0.000000E+00,0.000000E+00,0.000000E+00,0.000000E+00,0.000000E+00,0.000000E+00,2.110805E+01,7.994713E+01,2.388829E+01,6.317899E+01
23:50:00,8.012328E+03,1.024737E+03,5.578821E-01,9.049806E-02,0.000000E+00,0.000000E+00,0.000000E+00,0.000000E+00,0.000000E+00,0.000000E+00,0.000000E+00,0.000000E+00,2.110805E+01,7.994713E+01,2.388829E+01,6.320124E+01
23:51:00,8.012328E+03,1.022414E+03,5.578821E-01,9.029290E-02,0.000000E+00,0.000000E+00,0.000000E+00,0.000000E+00,0.000000E+00,0.000000E+00,0.000000E+00,0.000000E+00,2.110805E+01,7.994713E+01,2.388829E+01,6.322350E+01
23:52:00,8.012328E+03,1.020094E+03,5.578821E-01,9.008805E-02,0.000000E+00,0.000000E+00,0.000000E+00,0.000000E+00,0.000000E+00,0.000000E+00,0.000000E+00,0.000000E+00,2.110805E+01,7.994713E+01,2.388829E+01,6.324577E+01
23:53:00,8.012328E+03,1.017778E+03,5.578821E-01,8.988352E-02,0.000000E+00,0.000000E+00,0.000000E+00,0.000000E+00,0.000000E+00,0.000000E+00,0.000000E+00,0.000000E+00,2.110805E+01,7.994713E+01,2.388829E+01,6.326805E+01
23:54:00,8.012328E+03,1.015466E+03,5.578821E-01,8.967930E-02,0.000000E+00,0.000000E+00,0.000000E+00,0.000000E+00,0.000000E+00,0.000000E+00,0.000000E+00,0.000000E+00,2.110805E+01,7.994713E+01,2.388829E+01,6.329033E+01
23:55:00,8.012328E+03,1.013157E+03,5.578821E-01,8.947539E-02,0.000000E+00,0.000000E+00,0.000000E+00,0.000000E+00,0.000000E+00,0.000000E+00,0.000000E+00,0.000000E+00,2.110805E+01,7.994713E+01,2.388830E+01,6.331262E+01
23:56:00,8.012328E+03,1.010852E+03,5.578821E-01,8.927179E-02,0.000000E+00,0.000000E+00,0.000000E+00,0.000000E+00,0.000000E+00,0.000000E+00,0.000000E+00,0.000000E+00,2.110805E+01,7.994713E+01,2.388830E+01,6.333492E+01
23:57:00,8.012328E+03,1.008550E+03,5.578821E-01,8.906850E-02,0.000000E+00,0.000000E+00,0.000000E+00,0.000000E+00,0.000000E+00,0.000000E+00,0.000000E+00,0.000000E+00,2.110805E+01,7.994713E+01,2.388830E+01,6.335723E+01
23:58:00,8.012328E+03,1.006252E+03,5.578821E-01,8.886553E-02,0.000000E+00,0.000000E+00,0.000000E+00,0.000000E+00,0.000000E+00,0.000000E+00,0.000000E+00,0.000000E+00,2.110805E+01,7.994713E+01,2.388830E+01,6.337955E+01
23:59:00,8.012328E+03,1.003957E+03,5.578821E-01,8.866285E-02,0.000000E+00,0.000000E+00,0.000000E+00,0.000000E+00,0.000000E+00,0.000000E+00,0.000000E+00,0.000000E+00,2.110805E+01,7.994713E+01,2.388830E+01,6.340188E+01
24:00:00,8.012328E+03,1.001665E+03,5.578821E-01,8.846049E-02,0.000000E+00,0.000000E+00,0.000000E+00,0.000000E+00,0.000000E+00,0.000000E+00,0.000000E+00,0.000000E+00,2.110805E+01,7.994713E+01,2.388830E+01,6.342421E+01
Peak,8.012328E+03,2.332282E+03,5.578821E-01,2.059773E-01,0.000000E+00,0.000000E+00,0.000000E+00,0.000000E+00,0.000000E+00,0.000000E+00,0.000000E+00,0.000000E+00,,,,

Peak Vol Flow (m3/s),,,4.735894E-01,1.748553E-01,,,0.000000E+00,0.000000E+00,,,,,,,,
